Label	Saturated	J.D.-2400000	JD_UTC	JD_SOBS	HJD_UTC	BJD_TDB	AIRMASS	ALT_OBJ	CCD-TEMP	EXPTIME	RAOBJ2K	DECOBJ2K	rel_flux_T1	rel_flux_C2	rel_flux_err_T1	rel_flux_err_C2	rel_flux_SNR_T1	rel_flux_SNR_C2	tot_C_cnts	tot_C_err	RA_T1	DEC_T1	Source-Sky_T1	Source_Error_T1	Source_AMag_T1	Source_AMag_Err_T1	Peak_T1	RA_C2	DEC_C2	Source-Sky_C2	Source_Error_C2	Source_AMag_C2	Source_AMag_Err_C2	Peak_C2
W Ursae Majoris_60sec_2x2__0001_Processed_I.fits	65220	61149.62809027778	2461149.628090278	2461149.6277430556	2461149.62872776	2461149.6295157196	1.0809507260538933	67.65233847745029	-5	NaN	9.7292975	55.95251944444445	1.7930849989688913	0	0.0006833431940117	0	2623.9889629136537	0	14040488.366942387	4429.719826259081	9.729311846695612	55.952453209933665	25175789.06896162	5381.896034147984	11.06599780689739	0.0004136943356349	59264	9.708087160031088	56.1872643526812	14040488.366942387	4429.719826259081	11.7	0.0003424915526939	65220
W Ursae Majoris_60sec_2x2__0002_Processed_I.fits	65160	61149.628854166716	2461149.6288541667	2461149.6285069445	2461149.6294915914	2461149.630279551	1.081184503618402	67.62212685883296	-5	NaN	9.7292975	55.95251944444445	1.782752533681167	0	0.0006792435438769	0	2624.614616880812	0	14081718.770992905	4436.335616140963	9.7293121629009	55.952452306096916	25104219.81757325	5379.322502172502	11.072272344130647	0.0004135957382226	59264	9.708086541672646	56.18727443687217	14081718.770992905	4436.335616140963	11.7	0.0003419988498712	65160
W Ursae Majoris_60sec_2x2__0003_Processed_I.fits	65220	61149.62961805565	2461149.6296180557	2461149.6292708335	2461149.6302554226	2461149.631043382	1.0814309333813872	67.59033610720547	-4.9	NaN	9.7292975	55.95251944444445	1.7865551076829242	0	0.0006779424364117	0	2635.2607710160505	0	14152707.28724517	4441.9235075712995	9.729311914088855	55.95244827984685	25284591.4915692	5392.8360901678025	11.069958957758967	0.00041192517535	59264	9.708086071027276	56.18727420411589	14152707.28724517	4441.9235075712995	11.7	0.0003407122329181	65220
W Ursae Majoris_60sec_2x2__0004_Processed_I.fits	65220	61149.63038194459	2461149.6303819446	2461149.6300347224	2461149.6310192537	2461149.631807213	1.0816900268523058	67.55697331438903	-4.9	NaN	9.7292975	55.95251944444445	1.808421072219686	0	0.0006866248911317	0	2633.7831552233947	0	14093038.034762297	4436.79572077796	9.72931178953287	55.952438706764084	25486146.95365765	5409.168800769522	11.05675110272379	0.0004121562314376	59264	9.708085606175196	56.187281368388504	14093038.034762297	4436.79572077796	11.7	0.0003417596416189	65220
W Ursae Majoris_60sec_2x2__0005_Processed_I.fits	65220	61149.63113425905	2461149.631134259	2461149.630787037	2461149.6317715114	2461149.632559471	1.081957583637691	67.52258673885628	-4.9	NaN	9.7292975	55.95251944444445	1.8210222303158754	0	0.0006974634233147	0	2610.9214755110147	0	13885586.836243825	4416.86698768481	9.729313734053072	55.952440134751136	25285962.30978149	5394.434607461748	11.049211881195586	0.0004157644517392	59264	9.70808622330219	56.1872718698499	13885586.836243825	4416.86698768481	11.7	0.0003453069653902	65220
W Ursae Majoris_60sec_2x2__0006_Processed_I.fits	65220	61149.631886573974	2461149.631886574	2461149.631539352	2461149.6325237695	2461149.633311729	1.0822374473219913	67.48668990848557	-4.9	NaN	9.7292975	55.95251944444445	1.81019770828308	0	0.0006855967221367	0	2640.3243332926304	0	14144228.254220506	4442.090725943517	9.729312242299551	55.95243809222578	25603849.57122275	5420.120932817498	11.055684973148555	0.0004111353428714	59264	9.708087246513761	56.187276598030586	14144228.254220506	4442.090725943517	11.7	0.0003409292793879	65220
W Ursae Majoris_60sec_2x2__0007_Processed_I.fits	65220	61149.63265046291	2461149.632650463	2461149.6323032407	2461149.633287601	2461149.6340755606	1.0825342218259069	67.44870340606161	-5	NaN	9.7292975	55.95251944444445	1.8438377240157284	0	0.0007007206485394	0	2631.3449273389233	0	13974131.950716626	4419.773251634273	9.729313833049105	55.95243469876868	25766031.651104815	5428.693882337429	11.035693259542331	0.0004125380665639	59264	9.70808643939862	56.18728092307973	13974131.950716626	4419.773251634273	11.7	0.0003433450563787	65220
W Ursae Majoris_60sec_2x2__0008_Processed_I.fits	65220	61149.633402777836	2461149.633402778	2461149.6330555556	2461149.6340398593	2461149.6348278187	1.0828389274624446	67.40978633346906	-4.9	NaN	9.7292975	55.95251944444445	1.8316545594618228	0	0.0006924711433481	0	2645.0987554596672	0	14131442.432187581	4440.3578071909205	9.72931191299369	55.95244494106707	25883920.962688655	5441.444089349051	11.04289107157413	0.0004103933808725	59264	9.70808720074986	56.18727698106387	14131442.432187581	4440.3578071909205	11.7	0.0003411045958617	65220
W Ursae Majoris_60sec_2x2__0009_Processed_I.fits	65220	61149.63416666677	2461149.634166667	2461149.6338194446	2461149.6348036905	2461149.63559165	1.083160954032797	67.36874968757033	-4.9	NaN	9.7292975	55.95251944444445	1.8378360877483708	0	0.0006910861416866	0	2659.3444389770193	0	14216448.267562263	4444.731793873338	9.729312136476262	55.95244052611015	26127501.665733732	5458.849180857187	11.039233062299644	0.00040819538227	59264	9.708086142718852	56.18727779893646	14216448.267562263	4444.731793873338	11.7	0.0003393992583941	65220
W Ursae Majoris_60sec_2x2__0010_Processed_I.fits	65220	61149.63491898123	2461149.634918981	2461149.634571759	2461149.635555948	2461149.6363439076	1.0834905575872809	67.32684554986574	-4.9	NaN	9.7292975	55.95251944444445	1.838276229497709	0	0.0006850267953997	0	2683.50996171641	0	14403683.860116273	4461.796014283793	9.729310538168194	55.952432526939056	26477949.65725155	5484.7857481249075	11.038973071421495	0.0004045201891215	59264	9.708086000501599	56.1872641979617	14403683.860116273	4461.796014283793	11.7	0.000336273925746	65220
W Ursae Majoris_60sec_2x2__0011_Processed_I.fits	65220	61149.63568287017	2461149.63568287	2461149.635335648	2461149.6363197793	2461149.6371077388	1.0838378956086008	67.28279347519965	-5	NaN	9.7292975	55.95251944444445	1.8194823741094708	0	0.0006665153170657	0	2729.8433022059758	0	14816506.163902134	4499.952707470004	9.729313013668587	55.95243577283676	26958371.81110426	5521.552500495439	11.05013036800705	0.0003976555680811	59264	9.708086388929377	56.18728018078966	14816506.163902134	4499.952707470004	11.7	0.0003297011952623	65220
W Ursae Majoris_60sec_2x2__0012_Processed_I.fits	65220	61149.636446759105	2461149.636446759	2461149.636099537	2461149.637083611	2461149.63787157	1.0841980099601027	67.23723596711791	-4.9	NaN	9.7292975	55.95251944444445	1.8323407346884242	0	0.0006750610513328	0	2714.3333644723302	0	14711977.442634154	4503.0295971179	9.729308669730898	55.95240649267588	26957355.55595579	5527.5634194169825	11.042484408772882	0.0003999273882671	59264	9.708079848854366	56.18734663426846	14711977.442634154	4503.0295971179	11.7	0.0003322703701969	65220
W Ursae Majoris_60sec_2x2__0013_Processed_I.fits	65220	61149.63719907403	2461149.637199074	2461149.636851852	2461149.637835869	2461149.638623828	1.0845651719051992	67.19090663156682	-4.9	NaN	9.7292975	55.95251944444445	1.8257598582626549	0	0.0006679798294738	0	2733.255972266453	0	14808132.248082444	4494.133219581583	9.729310897865538	55.95242911512543	27036093.43439365	5524.21933042944	11.04639086422482	0.0003971591568082	59264	9.708087324447714	56.18726451560431	14808132.248082444	4494.133219581583	11.7	0.0003294610542559	65220
W Ursae Majoris_60sec_2x2__0014_Processed_I.fits	65220	61149.63796296297	2461149.637962963	2461149.6376157408	2461149.6385997003	2461149.6393876597	1.084950695937261	67.1423896362627	-4.9	NaN	9.7292975	55.95251944444445	1.8265921218265084	0	0.0006596627257513	0	2768.978828910176	0	15095067.962311149	4520.724469743308	9.729311686404033	55.952414354752214	27572532.21839327	5564.911063145304	11.045896049538971	0.0003920362940567	59264	9.708085289321831	56.187267594740895	15095067.962311149	4520.724469743308	11.7	0.0003251114475156	65220
W Ursae Majoris_60sec_2x2__0015_Processed_I.fits	65220	61149.6387268519	2461149.638726852	2461149.6383796297	2461149.6393635315	2461149.640151491	1.0853490484936834	67.09239645386589	-4.9	NaN	9.7292975	55.95251944444445	1.831630595892887	0	0.0006622004141432	0	2765.976216222482	0	15057207.101334218	4516.70541786139	9.729311316678201	55.9524177762516	27579241.2154994	5565.71250458548	11.042905276372984	0.0003924617931697	59264	9.708086118093895	56.18726786503994	15057207.101334218	4516.70541786139	11.7	0.0003256390905857	65220
W Ursae Majoris_60sec_2x2__0016_Processed_I.fits	65220	61149.63947916683	2461149.639479167	2461149.6391319446	2461149.6401157896	2461149.640903749	1.0857539220654717	67.04172789384835	-4.9	NaN	9.7292975	55.95251944444445	1.8234480333747871	0	0.0006573284220177	0	2774.0288907294425	0	15144891.902047997	4525.101000135436	9.729311527026699	55.95242558365507	27615923.35446316	5569.707227712408	11.047766522937694	0.0003913227287485	59264	9.708086593789954	56.18726122963595	15144891.902047997	4525.101000135436	11.7	0.0003243557090518	65220
W Ursae Majoris_60sec_2x2__0017_Processed_I.fits	65220	61149.64023148129	2461149.6402314813	2461149.639884259	2461149.6408680473	2461149.6416560067	1.0861712746910113	66.989647492371	-4.9	NaN	9.7292975	55.95251944444445	1.8329903119077833	0	0.0006663830673957	0	2750.655593743455	0	14938482.633736795	4507.336076150794	9.72931108959836	55.95242638101541	27382093.942242213	5553.200685634892	11.042099576132522	0.0003946473326269	59264	9.708086009336077	56.187284935765334	14938482.633736795	4507.336076150794	11.7	0.0003275459725116	65220
W Ursae Majoris_60sec_2x2__0018_Processed_I.fits	65220	61149.640995370224	2461149.64099537	2461149.640648148	2461149.6416318784	2461149.642419838	1.0866078366950793	66.93533166540473	-4.9	NaN	9.7292975	55.95251944444445	1.8384752164491216	0	0.0006683896812282	0	2750.6038289983126	0	14924011.814528035	4505.523299341177	9.729310128151578	55.95243055362465	27437425.851003677	5557.7684881157475	11.038855550647622	0.0003946547583076	59264	9.708084686040099	56.187278643900086	14924011.814528035	4505.523299341177	11.7	0.0003277316826091	65220
W Ursae Majoris_60sec_2x2__0019_Processed_I.fits	65220	61149.64174768515	2461149.641747685	2461149.641400463	2461149.642384137	2461149.643172096	1.0870503986094688	66.8804368563998	-4.9	NaN	9.7292975	55.95251944444445	1.8349846539206836	0	0.0006692824329738	0	2741.719434898821	0	14847021.38303549	4495.443946261079	9.729311906344105	55.95241548500048	27244056.39430237	5540.201536651299	11.04091890856438	0.0003959333826363	59264	9.708085166588836	56.18728992442376	14847021.38303549	4495.443946261079	11.7	0.0003286940422237	65220
W Ursae Majoris_60sec_2x2__0020_Processed_I.fits	65220	61149.642511574086	2461149.642511574	2461149.642164352	2461149.643147968	2461149.643935927	1.0875125985292227	66.8232848846938	-5	NaN	9.7292975	55.95251944444445	1.8607957974429323	0	0.0006887573867613	0	2701.670912297205	0	14461074.996788649	4457.557927500473	9.729311398672028	55.95240438347903	26909107.580531385	5514.032795389117	11.0257532086422	0.0004018014597851	59264	9.708084218136086	56.18726942554905	14461074.996788649	4457.557927500473	11.7	0.000334621476534	65220
W Ursae Majoris_60sec_2x2__0021_Processed_I.fits	65220	61149.64326388901	2461149.643263889	2461149.642916667	2461149.6439002263	2461149.6446881853	1.0879804515306148	66.76561844710213	-4.9	NaN	9.7292975	55.95251944444445	1.8568602488450279	0	0.000684406862706	0	2713.0941403822535	0	14572373.127496105	4471.012583005129	9.729310975158537	55.95241727221583	27058860.391785014	5526.788328729262	11.028051952335165	0.0004001100241513	59264	9.708084024076577	56.187285042287506	14572373.127496105	4471.012583005129	11.7	0.0003330683103293	65220
W Ursae Majoris_60sec_2x2__0022_Processed_I.fits	65220	61149.64401620347	2461149.6440162035	2461149.6436689813	2461149.644652484	2461149.645440443	1.0884608851815794	66.70659308580863	-4.9	NaN	9.7292975	55.95251944444445	1.8377888946542624	0	0.0006709612524773	0	2739.038786321659	0	14824418.209379498	4494.662372775048	9.72931297463191	55.95240434886045	27244151.15490807	5541.072096698624	11.039260942864791	0.0003963208048867	59264	9.708085417304833	56.18727648604156	14824418.209379498	4494.662372775048	11.7	0.0003291379096876	65220
W Ursae Majoris_60sec_2x2__0023_Processed_I.fits	65220	61149.644768518396	2461149.6447685184	2461149.644421296	2461149.645404742	2461149.646192701	1.0889539220479092	66.64621972149287	-4.9	NaN	9.7292975	55.95251944444445	1.8218050944819622	0	0.0006606786855964	0	2757.475205723401	0	15007870.58873536	4510.756457164722	9.72931191300131	55.95240893147277	27341415.095884085	5548.320258390717	11.048745219503537	0.0003936714929126	59264	9.708084981262257	56.1872808996975	15007870.58873536	4510.756457164722	11.7	0.0003262791827349	65220
W Ursae Majoris_60sec_2x2__0024_Processed_I.fits	65160	61149.64553240733	2461149.6455324073	2461149.645185185	2461149.6461685733	2461149.6469565327	1.089467462509375	66.58354975758438	-4.9	NaN	9.7292975	55.95251944444445	1.8209417011625244	0	0.0006588665178003	0	2763.749032568609	0	15064516.56823496	4516.324234808934	9.729311702332717	55.95240085059725	27431606.4269528	5557.165756451111	11.049259895629001	0.0003927780036482	59264	9.708084118770953	56.1872777895439	15064516.56823496	4516.324234808934	11.7	0.0003254536460942	65160
W Ursae Majoris_60sec_2x2__0025_Processed_I.fits	65220	61149.64628472226	2461149.6462847223	2461149.6459375	2461149.6469208314	2461149.647708791	1.0899859682775137	66.52049368191489	-5	NaN	9.7292975	55.95251944444445	1.8234954411649675	0	0.0006635075940892	0	2748.2661199500008	0	14932770.882173348	4504.895178168594	9.729312537692524	55.95238426683781	27229839.62760407	5539.677798391656	11.047738295270033	0.0003949903954551	59264	9.708083878407908	56.18728100170913	14932770.882173348	4504.895178168594	11.7	0.0003274938192372	65220
W Ursae Majoris_60sec_2x2__0026_Processed_I.fits	65220	61149.64703703718	2461149.647037037	2461149.646689815	2461149.6476730895	2461149.648461049	1.0905171468075874	66.45612359522602	-4.9	NaN	9.7292975	55.95251944444445	1.8398049077957845	0	0.0006784977486292	0	2711.585869684792	0	14585857.178761888	4468.328831396178	9.729311812980717	55.95239919406956	26835131.621894497	5509.783493778142	11.038070567421578	0.0004003325371054	59264	9.708082793148945	56.18729601640415	14585857.178761888	4468.328831396178	11.7	0.0003325607381262	65220
W Ursae Majoris_60sec_2x2__0027_Processed_I.fits	65160	61149.64780092612	2461149.647800926	2461149.647453704	2461149.648436921	2461149.64922488	1.0910694890321	66.38943054384528	-5	NaN	9.7292975	55.95251944444445	1.849448938878175	0	0.0006796674433521	0	2721.108620058149	0	14653158.563138945	4478.359003806683	9.729311667281884	55.952407978928484	27100268.555810966	5530.588559046046	11.032394136364257	0.0003989317967952	59264	9.708084325512647	56.1872838457053	14653158.563138945	4478.359003806683	11.7	0.0003317764984314	65160
W Ursae Majoris_60sec_2x2__0028_Processed_I.fits	65220	61149.64855324058	2461149.6485532406	2461149.6482060184	2461149.649189179	2461149.649977138	1.0916262823363112	66.32244731742851	-4.9	NaN	9.7292975	55.95251944444445	1.8477476691304549	0	0.0006808645568093	0	2713.8256069452095	0	14589111.858222917	4469.331106207974	9.729311366357315	55.95241387388621	26956997.43071487	5520.039965141316	11.033393342241233	0.000400002201011	59264	9.708082542123842	56.18729590284209	14589111.858222917	4469.331106207974	11.7	0.0003325611260821	65220
W Ursae Majoris_60sec_2x2__0029_Processed_I.fits	65220	61149.649305555504	2461149.6493055555	2461149.6489583333	2461149.649941437	2461149.650729396	1.092195824022104	66.25418503377307	-4.9	NaN	9.7292975	55.95251944444445	1.839918423787436	0	0.0006727357543964	0	2734.979390887708	0	14786982.929304464	4490.761097815099	9.729313180622777	55.95240543360783	27206842.32385759	5539.517334932043	11.03800357954728	0.0003969089368637	59264	9.708083436689437	56.18728386993282	14786982.929304464	4490.761097815099	11.7	0.0003296846763149	65220
W Ursae Majoris_60sec_2x2__0030_Processed_I.fits	65160	61149.65005787043	2461149.6500578704	2461149.649710648	2461149.650693695	2461149.651481654	1.0927781399260228	66.18465553191173	-4.9	NaN	9.7292975	55.95251944444445	1.8592116427665084	0	0.0006836369194157	0	2719.589287769168	0	14631514.170747096	4479.164382349019	9.729311645032348	55.952411140594634	27203081.497556154	5540.942385271955	11.026677924099223	0.0003991546240298	59264	9.708085571849683	56.18728642306435	14631514.170747096	4479.164382349019	11.7	0.0003323269652512	65160
W Ursae Majoris_60sec_2x2__0031_Processed_I.fits	65220	61149.650821759365	2461149.6508217594	2461149.650474537	2461149.6514575263	2461149.652245485	1.093382512553651	66.11277195921237	-4.9	NaN	9.7292975	55.95251944444445	1.8508964246636994	0	0.000680345141676	0	2720.5256733428814	0	14656350.097358637	4480.953037474945	9.729312692866005	55.952407909663535	27127385.993820563	5535.482364508328	11.03154470873036	0.0003990172630913	59264	9.708083926338508	56.18728067659099	14656350.097358637	4480.953037474945	11.7	0.0003318963687521	65220
W Ursae Majoris_60sec_2x2__0032_Processed_I.fits	65220	61149.651574073825	2461149.651574074	2461149.6512268516	2461149.652209784	2461149.652997743	1.0939906550560707	66.0407247499241	-4.9	NaN	9.7292975	55.95251944444445	1.8327814102978142	0	0.0006684705025395	0	2741.75360518542	0	14851327.214978028	4494.489691382633	9.729312399313578	55.952407758106034	27219236.43786174	5541.089511444293	11.042223321994845	0.0003959284490454	59264	9.708084138840393	56.18728417251222	14851327.214978028	4494.489691382633	11.7	0.0003285290170576	65220
W Ursae Majoris_60sec_2x2__0033_Processed_I.fits	65160	61149.65232638875	2461149.6523263888	2461149.6519791665	2461149.652962042	2461149.6537500015	1.0946116547753655	65.96744632687893	-4.9	NaN	9.7292975	55.95251944444445	1.8534415911652014	0	0.0006836628170859	0	2711.0463591767334	0	14576173.925235646	4473.582561865645	9.729311236792809	55.952414670159826	27016086.993089475	5527.712410118286	11.030052739131014	0.0004004121904056	58977	9.708081843276608	56.18728731835739	14576173.925235646	4473.582561865645	11.7	0.0003331728461323	65160
W Ursae Majoris_60sec_2x2__0034_Processed_I.fits	65220	61149.65309027769	2461149.6530902777	2461149.6527430555	2461149.6537258737	2461149.6545138326	1.0952553927957998	65.89179325440202	-5	NaN	9.7292975	55.95251944444445	1.8589512378281343	0	0.0006830259937185	0	2721.640545051244	0	14644856.030531298	4479.077067818658	9.729312116562653	55.95238944027165	27224073.245770976	5543.252954509434	11.026830005155935	0.0003988538427754	59264	9.708083495749964	56.187285972523206	14644856.030531298	4479.077067818658	11.7	0.0003320177813682	65220
W Ursae Majoris_60sec_2x2__0035_Processed_I.fits	65220	61149.65385416662	2461149.6538541666	2461149.6535069444	2461149.654489705	2461149.655277664	1.095912446451105	65.81489601210966	-4.9	NaN	9.7292975	55.95251944444445	1.8547713292101784	0	0.0006805667786426	0	2725.333336001893	0	14676974.125128586	4480.223767004477	9.729314300108738	55.95239608252413	27222430.806848142	5542.628339493812	11.02927406496577	0.0003983135001672	59264	9.708083554273806	56.18728331594227	14676974.125128586	4480.223767004477	11.7	0.0003313761287543	65220
W Ursae Majoris_60sec_2x2__0036_Processed_I.fits	65160	61149.65460648155	2461149.6546064815	2461149.6542592593	2461149.655241963	2461149.656029922	1.0965725897660643	65.7379602461228	-4.9	NaN	9.7292975	55.95251944444445	1.8704781421818952	0	0.0006895910159689	0	2712.4456364238767	0	14523553.017429046	4462.379782321845	9.729310537664086	55.95241299372165	27165988.46592094	5535.130306381993	11.020118406161437	0.000400205666665	58977	9.70808285976158	56.18728176171566	14523553.017429046	4462.379782321845	11.7	0.0003335425652756	65160
W Ursae Majoris_60sec_2x2__0037_Processed_I.fits	65220	61149.655370370485	2461149.6553703705	2461149.6550231483	2461149.656005794	2461149.656793753	1.0972561662775708	65.65863135749781	-4.9	NaN	9.7292975	55.95251944444445	1.8426005816406963	0	0.0006704129845653	0	2748.4559876706926	0	14878547.980411036	4496.416306792193	9.729312282712353	55.952401097956034	27415221.162674382	5554.565794723407	11.036421990206494	0.0003949631138516	59264	9.708084547281528	56.18728867399974	14878547.980411036	4496.416306792193	11.7	0.0003280686027301	65220
W Ursae Majoris_60sec_2x2__0038_Processed_I.fits	65220	61149.65613425942	2461149.6561342594	2461149.655787037	2461149.6567696254	2461149.6575575843	1.0979531537937743	65.5780965081896	-4.9	NaN	9.7292975	55.95251944444445	1.8540765872616096	0	0.000674708562589	0	2747.9665889331577	0	14834487.075377544	4488.771249583458	9.729311983450835	55.95240154241749	27504275.170492455	5560.103914753908	11.02968082550831	0.000395033441959	59264	9.708083049109558	56.18728080989559	14834487.075377544	4488.771249583458	11.7	0.0003284835012707	65220
W Ursae Majoris_60sec_2x2__0039_Processed_I.fits	65160	61149.65689814836	2461149.6568981484	2461149.656550926	2461149.6575334566	2461149.658321416	1.0986635855980762	65.49636856598286	-4.9	NaN	9.7292975	55.95251944444445	1.8720855537982835	0	0.0006859642675478	0	2729.129843002869	0	14653001.09910459	4474.494758198217	9.729312229585295	55.9524061063694	27431671.677424073	5555.474913734077	11.019185770013095	0.0003977595056285	59264	9.708082684745223	56.18728123122476	14653001.09910459	4474.494758198217	11.7	0.000331493823564	65160
W Ursae Majoris_60sec_2x2__0040_Processed_I.fits	65220	61149.65765046282	2461149.657650463	2461149.6573032406	2461149.6582857147	2461149.6590736737	1.0993764261984307	65.41472539057203	-4.9	NaN	9.7292975	55.95251944444445	1.8710125983713362	0	0.0006795972058798	0	2753.1199101226653	0	14848236.601772973	4492.2938994848455	9.72931310419968	55.952393533529815	27781237.74551563	5583.752997255354	11.01980822047401	0.0003942941481138	59264	9.708083534250612	56.18728241449335	14848236.601772973	4492.2938994848455	11.7	0.00032843687635	65220
W Ursae Majoris_60sec_2x2__0041_Processed_I.fits	65220	61149.65840277774	2461149.6584027777	2461149.6580555555	2461149.659037973	2461149.659825932	1.1001023732243151	65.33194978233455	-4.9	NaN	9.7292975	55.95251944444445	1.8814342423545807	0	0.0006905325637044	0	2724.6133509788833	0	14603637.237746987	4471.290759047488	9.729312163091256	55.95240498395597	27475783.162021644	5560.908782877308	11.013777390053898	0.0003984187360689	59264	9.708083629207833	56.18728248087532	14603637.237746987	4471.290759047488	11.7	0.0003323760473514	65220
W Ursae Majoris_60sec_2x2__0042_Processed_I.fits	65160	61149.65916666668	2461149.6591666667	2461149.6588194445	2461149.659801804	2461149.660589763	1.1008529332693604	65.24675474933032	-5	NaN	9.7292975	55.95251944444445	1.88351600540806	0	0.0006980123185445	0	2698.3993768699347	0	14385835.481591797	4449.1696519171155	9.729311589653964	55.95239756000517	27095951.380745314	5532.246424931474	11.012576712436138	0.000402288513045	58977	9.708082226413806	56.187280375664756	14385835.481591797	4449.1696519171155	11.7	0.0003357384239704	65160
W Ursae Majoris_60sec_2x2__0043_Processed_I.fits	65220	61149.659918981604	2461149.6599189816	2461149.6595717594	2461149.660554062	2461149.661342021	1.1016053970260509	65.16173444338254	-4.9	NaN	9.7292975	55.95251944444445	1.8804997954523297	0	0.0006967851614876	0	2698.8229649403024	0	14390672.30218866	4448.3601589170175	9.729311742150692	55.95239479844219	27061656.32068728	5528.95155563178	11.01431677370277	0.0004022253843936	59264	9.708084140572597	56.1872872093967	14390672.30218866	4448.3601589170175	11.7	0.0003355645419068	65220
W Ursae Majoris_60sec_2x2__0044_Processed_I.fits	65220	61149.66068287054	2461149.6606828705	2461149.6603356483	2461149.6613178933	2461149.6621058523	1.1023829532983063	65.07428562236761	-4.9	NaN	9.7292975	55.95251944444445	1.880066836410351	0	0.0006910321401816	0	2720.6648245279066	0	14569274.366793692	4466.324044895668	9.729312216058455	55.95239659638118	27391209.567572236	5554.451911932872	11.014566778212808	0.0003989968586947	59264	9.708083457366607	56.18728633513206	14569274.366793692	4466.324044895668	11.7	0.0003327898466305	65220
W Ursae Majoris_60sec_2x2__0045_Processed_I.fits	65160	61149.661435185	2461149.661435185	2461149.661087963	2461149.662070151	2461149.66285811	1.1031620755547027	64.98707077798643	-4.9	NaN	9.7292975	55.95251944444445	1.9072542606521141	0	0.0007089171405209	0	2690.376846087672	0	14263522.165460693	4435.466640939214	9.729311399597133	55.952406749153894	27204163.421980776	5539.076967475405	10.998978515631698	0.0004034878886531	58977	9.708082456555843	56.18729628882087	14263522.165460693	4435.466640939214	11.7	0.0003375742716486	65160
W Ursae Majoris_60sec_2x2__0046_Processed_I.fits	65220	61149.66219907394	2461149.662199074	2461149.6618518517	2461149.662833982	2461149.663621941	1.103966775195554	64.89741901262416	-4.9	NaN	9.7292975	55.95251944444445	1.892283807601106	0	0.000698849436759	0	2707.7131468787934	0	14440492.09221987	4454.409013385122	9.729313136422341	55.95238909382583	27325509.359899476	5549.312271644954	11.007534317256873	0.0004009050093955	59264	9.708083082338398	56.187280351468125	14440492.09221987	4454.409013385122	11.7	0.0003348616749802	65220
W Ursae Majoris_60sec_2x2__0047_Processed_I.fits	65220	61149.66295138886	2461149.662951389	2461149.6626041667	2461149.6635862407	2461149.664374199	1.1047727045159246	64.80805954081181	-5	NaN	9.7292975	55.95251944444445	1.8945920868213344	0	0.0006998245751486	0	2707.238576780593	0	14441696.915641963	4457.013541092203	9.729311406848327	55.952403601875325	27361124.696647335	5553.338478107126	11.006210702382578	0.0004009752737613	59264	9.70808232967797	56.187293301143406	14441696.915641963	4457.013541092203	11.7	0.0003350294925748	65220
W Ursae Majoris_60sec_2x2__0048_Processed_I.fits	65160	61149.6637152778	2461149.663715278	2461149.6633680556	2461149.664350072	2461149.665138031	1.1056047001402745	64.71625554337685	-5	NaN	9.7292975	55.95251944444445	1.8911840282725165	0	0.0006974498509003	0	2711.569908332713	0	14462064.942090577	4453.559394024862	9.729311531356457	55.952413737067324	27350426.234321594	5549.800118415207	11.008165521390078	0.0004003348931838	58977	9.708083154030222	56.187282386251354	14462064.942090577	4453.559394024862	11.7	0.0003342984783038	65160
W Ursae Majoris_60sec_2x2__0049_Processed_I.fits	65220	61149.664479166735	2461149.6644791667	2461149.6641319445	2461149.665113903	2461149.665901862	1.1064505074923638	64.62338636289984	-5	NaN	9.7292975	55.95251944444445	1.9134860616786817	0	0.0007130655539493	0	2683.464445983624	0	14205127.481709167	4431.668779079822	9.729312247326849	55.952394125379506	27181313.440619286	5539.955706871285	10.995436742349792	0.0004045270491355	59264	9.708082837951743	56.187284123845636	14205127.481709167	4431.668779079822	11.7	0.0003386715709548	65220
W Ursae Majoris_60sec_2x2__0050_Processed_I.fits	65220	61149.66523148166	2461149.6652314817	2461149.6648842595	2461149.665866161	2461149.66665412	1.1072970387838805	64.53089562047282	-4.9	NaN	9.7292975	55.95251944444445	1.9476502981239743	0	0.0007306645982974	0	2665.5873333161053	0	13996348.022250202	4411.621437412622	9.729311687898454	55.95242061379985	27259991.398182504	5545.857619570139	10.976222545785133	0.0004072395543536	59264	9.708081805825094	56.187294045292944	13996348.022250202	4411.621437412622	11.7	0.0003421679991436	65220
W Ursae Majoris_60sec_2x2__0051_Processed_I.fits	65160	61149.66599537013	2461149.66599537	2461149.665648148	2461149.666629992	2461149.667417951	1.1081703814853627	64.4359501078043	-4.9	NaN	9.7292975	55.95251944444445	1.9671053064239676	0	0.0007404471017118	0	2656.645291576388	0	13881533.646013537	4399.126517909228	9.729314283220463	55.95239252605606	27306438.496376075	5546.581767603304	10.965430975170314	0.0004086100301007	58977	9.708083442629048	56.187291040089946	13881533.646013537	4399.126517909228	11.7	0.0003440206533625	65160
W Ursae Majoris_60sec_2x2__0052_Processed_I.fits	65220	61149.666747685056	2461149.666747685	2461149.666400463	2461149.66738225	2461149.668170209	1.109044112760683	64.3414391232026	-5	NaN	9.7292975	55.95251944444445	1.8913413729262523	0	0.0006510685739424	0	2904.980287212711	0	16041186.429219987	4601.846998796871	9.729309997905707	55.95238794144228	30339359.564406898	5772.4817218195585	11.008075192961758	0.0003736856244575	59264	9.708085596754865	56.187257384495226	16041186.429219987	4601.846998796871	11.7	0.0003114280467681	65220
W Ursae Majoris_60sec_2x2__0053_Processed_I.fits	65220	61149.66749999998	2461149.6675	2461149.667152778	2461149.668134508	2461149.668922467	1.1099314017861004	64.24594397907876	-4.9	NaN	9.7292975	55.95251944444445	1.8834917798115014	0	0.0006369084546077	0	2957.2409758189247	0	16480019.515448254	4637.395653897151	9.729313086325202	55.95239675687332	31039981.28847991	5820.663381677334	11.012590677157618	0.0003670829271315	59264	9.708087875181924	56.18725568263675	16480019.515448254	4637.395653897151	11.7	0.0003054777984341	65220
W Ursae Majoris_60sec_2x2__0054_Processed_I.fits	65220	61149.66826388892	2461149.668263889	2461149.6679166667	2461149.66889834	2461149.6696862984	1.110846256504251	64.14798508362395	-4.9	NaN	9.7292975	55.95251944444445	1.9439559070065908	0	0.0006792946771196	0	2861.726983125385	0	15545304.758660272	4552.789456496602	9.729314039043958	55.95240272634741	30219387.011815302	5760.235294446129	10.978283975017288	0.000379332674244	59264	9.708086926698607	56.18726170150816	15545304.758660272	4552.789456496602	11.7	0.0003179355252829	65220
W Ursae Majoris_60sec_2x2__0055_Processed_I.fits	65220	61149.66901620384	2461149.669016204	2461149.6686689816	2461149.669650598	2461149.6704385565	1.1117609971925093	64.05054301493395	-4.9	NaN	9.7292975	55.95251944444445	1.9984174063353273	0	0.0007285773932894	0	2742.903396045205	0	14480266.339841973	4452.691403368463	9.72931215035106	55.95240825710645	28937616.301911738	5667.627774253419	10.948284490556278	0.0003957625110273	59264	9.708084603836049	56.18726680005859	14480266.339841973	4452.691403368463	11.7	0.0003338132742963	65220
W Ursae Majoris_60sec_2x2__0056_Processed_I.fits	65220	61149.66978009278	2461149.669780093	2461149.6694328706	2461149.670414429	2461149.671202388	1.1127038141645837	63.95063190686905	-4.9	NaN	9.7292975	55.95251944444445	2.0269578397320913	0	0.0007418559438083	0	2732.2795707840264	0	14344948.17587559	4440.872086510583	9.729312753379084	55.95242318303877	29076605.16564159	5676.568226248656	10.932888211101874	0.0003973010587758	59264	9.708086365987846	56.18727661531213	14344948.17587559	4440.872086510583	11.7	0.0003360673993554	65220
W Ursae Majoris_60sec_2x2__0057_Processed_I.fits	65160	61149.67053240724	2461149.6705324072	2461149.670185185	2461149.671166687	2461149.671954646	1.1136461811961311	63.85129143975614	-5	NaN	9.7292975	55.95251944444445	2.048408065281505	0	0.0007607831447844	0	2692.499274365533	0	13982322.121402048	4402.787958770477	9.729313552527802	55.95241047991486	28641501.404843956	5640.891842464177	10.921458807171778	0.0004031698885214	59264	9.708084405530874	56.18726709761183	13982322.121402048	4402.787958770477	11.7	0.0003418254703449	65160
W Ursae Majoris_60sec_2x2__0058_Processed_I.fits	65220	61149.671296296176	2461149.671296296	2461149.670949074	2461149.671930518	2461149.672718477	1.1146171412827015	63.749477084318016	-4.9	NaN	9.7292975	55.95251944444445	2.0475077513299778	0	0.0007690252723412	0	2662.4713451829543	0	13740876.781345485	4376.012211775058	9.729311457557932	55.95241696836013	28134551.719874993	5602.05895196818	10.921936113597168	0.0004077160723044	59264	9.708083224340653	56.187270156574726	13740876.781345485	4376.012211775058	11.7	0.0003457158213551	65220
W Ursae Majoris_60sec_2x2__0059_Processed_I.fits	65220	61149.67206018511	2461149.672060185	2461149.671712963	2461149.672694349	2461149.673482308	1.1156023507159485	63.64672222420221	-4.9	NaN	9.7292975	55.95251944444445	2.074089854446349	0	0.0007874082363638	0	2634.071830419713	0	13486350.913530912	4353.223665485938	9.729313304540447	55.95241364384378	27971903.60325772	5589.842308087674	10.90793108220481	0.0004121110706709	59264	9.708085405430852	56.18726467971591	13486350.913530912	4353.223665485938	11.7	0.0003504053776934	65220
W Ursae Majoris_60sec_2x2__0060_Processed_I.fits	65160	61149.67281250004	2461149.6728125	2461149.672465278	2461149.6734466073	2461149.6742345663	1.1165866067767631	63.54461689610031	-4.9	NaN	9.7292975	55.95251944444445	2.1018524957361975	0	0.0007990078891235	0	2630.577900853802	0	13411876.914462756	4344.692290375634	9.729314310083653	55.95242665279371	28189786.965170234	5607.602425282533	10.893494413128614	0.0004126583319618	59264	9.708084837593223	56.18726861987044	13411876.914462756	4344.692290375634	11.7	0.0003516603873885	65160
W Ursae Majoris_60sec_2x2__0061_Processed_I.fits	65220	61149.673576388974	2461149.673576389	2461149.673229167	2461149.674210439	2461149.6749983975	1.1176002423948699	63.44003141038203	-5	NaN	9.7292975	55.95251944444445	2.0645779712833203	0	0.0007756265089506	0	2661.8197643560543	0	13712267.23894492	4374.852671460912	9.729313667951216	55.952422661707075	28310044.877875637	5615.59129325288	10.91292177705838	0.0004078158574561	59264	9.70808321553434	56.18727367697099	13712267.23894492	4374.852671460912	11.7	0.0003463452315163	65220
W Ursae Majoris_60sec_2x2__0062_Processed_I.fits	65220	61149.6743287039	2461149.674328704	2461149.6739814817	2461149.674962697	2461149.6757506556	1.1186125895683838	63.33614668556495	-5	NaN	9.7292975	55.95251944444445	2.0594325661247788	0	0.0007554993720435	0	2725.9222738388607	0	14203774.63307872	4419.2445227133485	9.729312133905607	55.952413471493074	29251716.04125935	5685.284129338647	10.91563105993578	0.0003982274599751	59264	9.708084955964505	56.18726747409199	14203774.63307872	4419.2445227133485	11.7	0.0003377544088772	65220
W Ursae Majoris_60sec_2x2__0063_Processed_I.fits	65220	61149.67509259237	2461149.6750925924	2461149.67474537	2461149.675726528	2461149.676514487	1.1196548464339828	63.22977819160714	-4.9	NaN	9.7292975	55.95251944444445	2.0275498669136915	0	0.0007303213712347	0	2776.2433728126007	0	14660718.064122815	4464.0181738480205	9.729312491744416	55.95241065759442	29725336.959771365	5720.110203905411	10.932571139143285	0.0003910106447442	59264	9.708085472329174	56.18726645144021	14660718.064122815	4464.0181738480205	11.7	0.0003305437284639	65220
W Ursae Majoris_60sec_2x2__0064_Processed_I.fits	65220	61149.675844907295	2461149.6758449073	2461149.675497685	2461149.676478786	2461149.677266745	1.1206954804246902	63.124160592800486	-4.9	NaN	9.7292975	55.95251944444445	2.068394126853608	0	0.0007631008361596	0	2710.512200803083	0	14068659.97425865	4406.301823830498	9.729312725253779	55.952425247116146	29099533.663457025	5673.896986623979	10.910916760162666	0.0004004910847494	59264	9.708084180981974	56.18727859250902	14068659.97425865	4406.301823830498	11.7	0.0003399991468726	65220
W Ursae Majoris_60sec_2x2__0065_Processed_I.fits	65220	61149.67659722222	2461149.676597222	2461149.67625	2461149.677231044	2461149.678019003	1.1217502243648538	63.017700241060815	-4.9	NaN	9.7292975	55.95251944444445	2.0946720649660597	0	0.0007918893801312	0	2645.1574140557645	0	13540612.548236592	4359.382012661621	9.729313977503322	55.95240520749626	28363142.84732008	5620.653402655046	10.89720989776273	0.0004103842817729	59264	9.70808399117212	56.18727021862401	13540612.548236592	4359.382012661621	11.7	0.0003494950552866	65220
W Ursae Majoris_60sec_2x2__0066_Processed_I.fits	65160	61149.67736111116	2461149.677361111	2461149.677013889	2461149.6779948752	2461149.678782834	1.122835684118322	62.908751277879915	-4.9	NaN	9.7292975	55.95251944444445	2.120375336751326	0	0.0008056602816699	0	2631.847920262919	0	13391730.77193948	4342.72750388668	9.729311921364456	55.95243746388102	28395495.645234272	5622.7530589986	10.883968139833959	0.0004124592381797	59264	9.708083670070021	56.18726828507506	13391730.77193948	4342.72750388668	11.7	0.0003520300859233	65160
W Ursae Majoris_60sec_2x2__0067_Processed_I.fits	65220	61149.67812500009	2461149.678125	2461149.677777778	2461149.678758707	2461149.6795466654	1.1239357968376429	62.79895664235793	-4.9	NaN	9.7292975	55.95251944444445	2.129631380933973	0	0.0008079349629428	0	2635.894569009679	0	13407305.248706428	4344.438210230437	9.729313275878186	55.95241788944391	28552617.99140598	5633.538504242384	10.879238905816848	0.0004118261471701	59264	9.708084198175582	56.187263231006035	13407305.248706428	4344.438210230437	11.7	0.0003517597092625	65220
W Ursae Majoris_60sec_2x2__0068_Processed_I.fits	65220	61149.67887731502	2461149.678877315	2461149.678530093	2461149.679510965	2461149.6802989235	1.1250336157577736	62.69001024431667	-4.9	NaN	9.7292975	55.95251944444445	2.1098733683223005	0	0.0007950529074514	0	2653.752157307072	0	13570053.064270731	4359.102415655997	9.729312583318391	55.952434035627654	28631093.567025244	5640.295967219646	10.889359024183731	0.0004090554149545	59264	9.708085819131844	56.18727138408619	13570053.064270731	4359.102415655997	11.7	0.0003487145768644	65220
W Ursae Majoris_60sec_2x2__0069_Processed_I.fits	65220	61149.67964120349	2461149.6796412035	2461149.6792939813	2461149.6802747957	2461149.6810627542	1.1261629735034935	62.578571296829175	-4.9	NaN	9.7292975	55.95251944444445	2.0803541762048052	0	0.0007647309197974	0	2720.374084986502	0	14137496.051510565	4416.329609621521	9.72931332130321	55.95242031264807	29410998.951838948	5698.705328365832	10.904656802404244	0.0003990394935844	59264	9.708085920340709	56.18727048553904	14137496.051510565	4416.329609621521	11.7	0.0003391138113596	65220
W Ursae Majoris_60sec_2x2__0070_Processed_I.fits	65220	61149.680405092426	2461149.6804050924	2461149.68005787	2461149.681038627	2461149.6818265854	1.1273071495386637	62.466320836315255	-4.9	NaN	9.7292975	55.95251944444445	2.070899634549114	0	0.0007509924853628	0	2757.5504081759154	0	14426122.992490534	4439.41928967501	9.729312230103327	55.952421734231216	29875052.833109215	5731.620636923351	10.909602371329525	0.0003936607588584	59264	9.708086234662423	56.18725958483739	14426122.992490534	4439.41928967501	11.7	0.0003340673553737	65220
W Ursae Majoris_60sec_2x2__0071_Processed_I.fits	65220	61149.68116898136	2461149.6811689814	2461149.680821759	2461149.681802458	2461149.682590417	1.1284661999593022	62.35327020889281	-4.9	NaN	9.7292975	55.95251944444445	2.0472540477824346	0	0.0007318796289695	0	2797.255131509969	0	14801168.29205046	4479.897634982616	9.729311279467526	55.9524188141824	30301751.69780933	5764.600062434879	10.922070653841857	0.0003880740684162	59264	9.708085839436096	56.187261341311775	14801168.29205046	4479.897634982616	11.7	0.0003285721108199	65220
W Ursae Majoris_60sec_2x2__0072_Processed_I.fits	65220	61149.6819328703	2461149.6819328703	2461149.681585648	2461149.6825662893	2461149.6833542483	1.1296401823692284	62.23943059611534	-5	NaN	9.7292975	55.95251944444445	2.0446367410345654	0	0.000720366671904	0	2838.3277860846824	0	15130439.054701833	4510.0463147059	9.729311982090378	55.952413536853186	30936251.599227667	5810.678109146392	10.923459598576368	0.0003824593451237	59264	9.7080860317641	56.187257568555815	15130439.054701833	4510.0463147059	11.7	0.0003235855149164	65220
W Ursae Majoris_60sec_2x2__0073_Processed_I.fits	65220	61149.682685185224	2461149.682685185	2461149.682337963	2461149.683318548	2461149.6841065064	1.1308110284271797	62.126555450470605	-4.9	NaN	9.7292975	55.95251944444445	2.0225367188512213	0	0.0007078769349131	0	2857.186919220066	0	15322087.720054235	4526.918314129965	9.729310776120846	55.952409428908524	30989485.023269083	5814.574683812192	10.935258962732103	0.0003799353276018	59264	9.708085918822784	56.18726423755372	15322087.720054235	4526.918314129965	11.7	0.0003207339147934	65220
W Ursae Majoris_60sec_2x2__0074_Processed_I.fits	65220	61149.68343750015	2461149.6834375	2461149.683090278	2461149.684070806	2461149.6848587645	1.1319964707054075	62.01293629055651	-5	NaN	9.7292975	55.95251944444445	2.042866537324591	0	0.0007176105023204	0	2846.762318442924	0	15198610.312116317	4515.959173798784	9.72931098506782	55.95241236867488	31048732.420458887	5817.7173885519705	10.92440001341985	0.0003813263740702	59264	9.708086917914228	56.18725731605853	15198610.312116317	4515.959173798784	11.7	0.0003225566011213	65220
W Ursae Majoris_60sec_2x2__0075_Processed_I.fits	65220	61149.684201389086	2461149.684201389	2461149.683854167	2461149.684834637	2461149.6856225957	1.1332151442763072	61.89681857603605	-4.9	NaN	9.7292975	55.95251944444445	2.0743523471460574	0	0.0007363484381243	0	2817.0798493576604	0	14913553.032751104	4492.289689360689	9.72931157613885	55.952409642342666	30935963.737774458	5810.229055593099	10.907793682277758	0.0003853435480817	59264	9.708086012426755	56.18725699751231	14913553.032751104	4492.289689360689	11.7	0.0003269983416106	65220
W Ursae Majoris_60sec_2x2__0076_Processed_I.fits	65220	61149.684953703545	2461149.6849537035	2461149.6846064813	2461149.685586895	2461149.6863748534	1.1344301780404722	61.781731513587275	-4.9	NaN	9.7292975	55.95251944444445	2.0141906634632556	0	0.0006836159703191	0	2946.377426675646	0	16056995.894902652	4592.908581928617	9.729312464260888	55.952418835172494	32341851.214780748	5908.4405149193835	10.939748553707805	0.0003684361641067	59264	9.708088713790922	56.18725949711915	16056995.894902652	4592.908581928617	11.7	0.0003105172418625	65220
W Ursae Majoris_60sec_2x2__0077_Processed_I.fits	65220	61149.68570601847	2461149.6857060185	2461149.6853587963	2461149.686339153	2461149.6871271115	1.1356599842987374	61.665931433860216	-4.9	NaN	9.7292975	55.95251944444445	2.0027426567726985	0	0.0006783082384485	0	2952.5554066003187	0	16148286.214283854	4604.367932748522	9.729310377485746	55.95240884457529	32340861.635120783	5911.509809528191	10.94593712991604	0.0003676653721792	59264	9.708087074217104	56.187264340615	16148286.214283854	4604.367932748522	11.7	0.0003095323139443	65220
W Ursae Majoris_60sec_2x2__0078_Processed_I.fits	65220	61149.686458333395	2461149.6864583334	2461149.686111111	2461149.687091411	2461149.6878793696	1.1369046221340153	61.549428518543316	-4.9	NaN	9.7292975	55.95251944444445	2.039662548298976	0	0.000697722151454	0	2923.3163144506248	0	15841070.584925601	4579.307861655515	9.729310677844156	55.95240627142246	32310438.397033297	5909.423651986028	10.926104196060558	0.0003713421427932	59264	9.708087430369922	56.18725798297902	15841070.584925601	4579.307861655515	11.7	0.0003138172898798	65220
W Ursae Majoris_60sec_2x2__0079_Processed_I.fits	65220	61149.68722222233	2461149.6872222223	2461149.686875	2461149.6878552423	2461149.688643201	1.1381836461105506	61.430424420988665	-5	NaN	9.7292975	55.95251944444445	2.063194998892577	0	0.0007241151990474	0	2849.263489575615	0	15193945.765153946	4518.782157735541	9.729312302148088	55.95241705819629	31348072.916110672	5841.827658552419	10.913649308956012	0.000380991692774	59264	9.70808641762796	56.187261765748445	15193945.765153946	4518.782157735541	11.7	0.0003228572775756	65220
W Ursae Majoris_60sec_2x2__0080_Processed_I.fits	65220	61149.68797453679	2461149.687974537	2461149.6876273146	2461149.6886075	2461149.6893954584	1.1394583596136798	61.312535422706446	-5	NaN	9.7292975	55.95251944444445	2.0839770919267178	0	0.0007454638170311	0	2795.5442562274147	0	14732393.89417894	4476.297916063686	9.729312472049385	55.952401571946936	30701971.38470996	5796.000077943617	10.902767648297523	0.0003883115275851	59264	9.708086784070764	56.187263211997866	14732393.89417894	4476.297916063686	11.7	0.0003298405235981	65220
W Ursae Majoris_60sec_2x2__0081_Processed_I.fits	65220	61149.68872685172	2461149.6887268517	2461149.6883796295	2461149.689359758	2461149.690147717	1.1407480908647547	61.19397341572905	-5	NaN	9.7292975	55.95251944444445	2.0634484773928614	0	0.0007414446298981	0	2783.010887375852	0	14675822.498289332	4472.6402989815715	9.729312232977101	55.95240447848543	30282803.588583022	5764.312804040285	10.91351592656579	0.000390059985524	59264	9.708084246730834	56.18726025400586	14675822.498289332	4472.6402989815715	11.7	0.0003308412645777	65220
W Ursae Majoris_60sec_2x2__0082_Processed_I.fits	65220	61149.68949074065	2461149.6894907407	2461149.6891435185	2461149.6901235897	2461149.690911548	1.1420730942600548	61.072908838837	-4.9	NaN	9.7292975	55.95251944444445	2.072214229598068	0	0.0007361685541556	0	2814.863821472245	0	14899813.606612425	4490.523482445385	9.729310763484909	55.952415227652	30875605.773981176	5807.314706718097	10.908913370962194	0.0003856468595257	59264	9.70808428259091	56.187256301012475	14899813.606612425	4490.523482445385	11.7	0.0003271711649491	65220
W Ursae Majoris_60sec_2x2__0083_Processed_I.fits	65220	61149.69024305558	2461149.6902430556	2461149.6898958334	2461149.690875848	2461149.6916638063	1.1433932832270834	60.9530200398024	-4.9	NaN	9.7292975	55.95251944444445	2.0334487916617157	0	0.0007106018516921	0	2861.586677292715	0	15348917.385400305	4532.495008334503	9.729311191214482	55.95240107991198	31211237.51065775	5832.351522493724	10.929416899897648	0.0003793512699729	59264	9.708086042562234	56.18725691171749	15348917.385400305	4532.495008334503	11.7	0.0003205677218032	65220
W Ursae Majoris_60sec_2x2__0084_Processed_I.fits	65220	61149.6909953705	2461149.6909953705	2461149.6906481483	2461149.691628106	2461149.6924160644	1.1447286821558114	60.83248731461342	-5	NaN	9.7292975	55.95251944444445	2.0241538450351917	0	0.0007077168502354	0	2860.118201738195	0	15363333.9378834	4535.942816050302	9.729312706200226	55.95240081738191	31097751.462926336	5824.155837127325	10.934391205481411	0.0003795460069277	59264	9.708085276813563	56.187253904035316	15363333.9378834	4535.942816050302	11.7	0.0003205105405526	65220
W Ursae Majoris_60sec_2x2__0085_Processed_I.fits	65220	61149.69175925944	2461149.6917592594	2461149.6914120372	2461149.692391937	2461149.6931798956	1.146100255917365	60.70945107893766	-4.9	NaN	9.7292975	55.95251944444445	1.9974373622824129	0	0.000686073555102	0	2911.4041015403955	0	15834850.150630817	4579.042976783502	9.729311633771742	55.95240542618643	31629121.317013286	5862.4199138547965	10.948817077145861	0.0003728612542062	59264	9.708086313065905	56.187259753675306	15834850.150630817	4579.042976783502	11.7	0.0003139223925911	65220
W Ursae Majoris_60sec_2x2__0086_Processed_I.fits	65220	61149.69252314791	2461149.692523148	2461149.6921759257	2461149.693155768	2461149.6939437264	1.147487647852217	60.58577050366706	-4.9	NaN	9.7292975	55.95251944444445	2.0538993289294467	0	0.0007333047530922	0	2800.880971067829	0	14839914.504412277	4488.7399597226095	9.729312311330782	55.9524080035786	30479690.44198274	5781.360837511741	10.918552117477196	0.0003875717824532	59264	9.708085514980219	56.18725366869505	14839914.504412277	4488.7399597226095	11.7	0.0003283610939896	65220
W Ursae Majoris_60sec_2x2__0087_Processed_I.fits	65220	61149.693275462836	2461149.693275463	2461149.6929282406	2461149.693908026	2461149.6946959845	1.148869549645488	60.463343339799074	-4.9	NaN	9.7292975	55.95251944444445	1.9992431098963939	0	0.0006909128553999	0	2893.625577047849	0	15695807.393155059	4568.518190240561	9.729312270158925	55.95239830271666	31379734.78502613	5846.325020418325	10.947835980103848	0.0003751517294794	59264	9.708086854690636	56.18726582490869	15695807.393155059	4568.518190240561	11.7	0.0003159750717559	65220
W Ursae Majoris_60sec_2x2__0088_Processed_I.fits	65220	61149.69403935177	2461149.694039352	2461149.6936921296	2461149.694671857	2461149.6954598157	1.1502885509371144	60.33841212677237	-5	NaN	9.7292975	55.95251944444445	2.0215313289652332	0	0.0007229857830192	0	2796.0872488020145	0	14876025.899633229	4494.697791419978	9.729313437039123	55.95240809557284	30072352.406606793	5754.549088897665	10.935798809346304	0.0003882361320183	59264	9.70808558178084	56.187271030377005	14876025.899633229	4494.697791419978	11.7	0.0003279988260189	65220
W Ursae Majoris_60sec_2x2__0089_Processed_I.fits	65220	61149.6947916667	2461149.6947916667	2461149.6944444445	2461149.6954241158	2461149.696212074	1.1517017220674353	60.214771780976676	-4.9	NaN	9.7292975	55.95251944444445	2.0089906136655182	0	0.0007075847693213	0	2839.2225225431985	0	15241360.788361559	4528.190499650631	9.729312502867561	55.952403427710244	30619750.763308052	5792.196010960604	10.9425552308556	0.0003823388402771	59264	9.708085118352374	56.18727084803706	15241360.788361559	4528.190499650631	11.7	0.0003225230508626	65220
W Ursae Majoris_60sec_2x2__0090_Processed_I.fits	65220	61149.695555555634	2461149.6955555556	2461149.6952083334	2461149.696187947	2461149.6969759054	1.1531526175003044	60.088627234297306	-4.9	NaN	9.7292975	55.95251944444445	2.0166041246460016	0	0.0007061107564942	0	2855.931744558464	0	15365603.337252561	4541.233410664822	9.729312285206559	55.95240546716968	30986339.067577884	5818.243960701212	10.938448372162586	0.0003801022789764	59264	9.708086254048403	56.18726570889134	15365603.337252561	4541.233410664822	11.7	0.0003208369341697	65220
W Ursae Majoris_60sec_2x2__0091_Processed_I.fits	65220	61149.69630787056	2461149.6963078706	2461149.6959606484	2461149.696940205	2461149.6977281636	1.1545973429252532	59.96380997135242	-5	NaN	9.7292975	55.95251944444445	1.9655992275838219	0	0.0006760318063173	0	2907.5543624073057	0	15887202.077842949	4586.758452283347	9.7293124153139	55.952392229833926	31227872.13267619	5836.9244597979705	10.966262567978655	0.000373354855223	59264	9.70808492797106	56.18725955274456	15887202.077842949	4586.758452283347	11.7	0.0003134152221611	65220
W Ursae Majoris_60sec_2x2__0092_Processed_I.fits	65220	61149.69707175903	2461149.697071759	2461149.696724537	2461149.697704036	2461149.6984919943	1.1560804246798095	59.836488586469436	-4.9	NaN	9.7292975	55.95251944444445	1.9676489688231265	0	0.0006807397961668	0	2890.4567940683	0	15745021.515082255	4575.250986338219	9.729313243616136	55.9524016561921	30980675.34824954	5816.903641041913	10.96513094425992	0.000375562933978	59264	9.708085937902439	56.18726444274306	15745021.515082255	4575.250986338219	11.7	0.0003154517151041	65220
W Ursae Majoris_60sec_2x2__0093_Processed_I.fits	65220	61149.697824073955	2461149.697824074	2461149.6974768518	2461149.698456294	2461149.6992442524	1.157556996761191	59.71052987504407	-5	NaN	9.7292975	55.95251944444445	1.9680382925778437	0	0.0006807224617019	0	2891.102326280756	0	15753412.447351312	4576.746518393878	9.729312476621011	55.9524051105059	31003318.935159825	5819.613638028307	10.964916139134832	0.0003754790918901	59264	9.70808672354206	56.187256812940205	15753412.447351312	4576.746518393878	11.7	0.0003153867597855	65220
W Ursae Majoris_60sec_2x2__0094_Processed_I.fits	65220	61149.69857638888	2461149.698576389	2461149.6982291667	2461149.699208552	2461149.6999965105	1.1590494814743104	59.584017716989116	-4.9	NaN	9.7292975	55.95251944444445	1.9471544454887986	0	0.000680528747852	0	2861.2376062508065	0	15556139.660754282	4558.57213120751	9.729313134733633	55.952392760541976	30290206.49508231	5769.242824276238	10.976498998750857	0.0003793975427497	59264	9.708084316376247	56.18727055666849	15556139.660754282	4558.57213120751	11.7	0.0003181175964716	65220
W Ursae Majoris_60sec_2x2__0095_Processed_I.fits	65220	61149.69934027782	2461149.699340278	2461149.6989930556	2461149.699972383	2461149.7007603417	1.1605812859903168	59.455001626355966	-4.9	NaN	9.7292975	55.95251944444445	1.9362175588100337	0	0.0006681769091288	0	2897.761853720185	0	15851704.783663917	4579.336171410612	9.729312491848997	55.952395121106036	30692349.139203083	5793.840199378711	10.982614614363726	0.0003746163287956	59264	9.708087019532627	56.18725978163312	15851704.783663917	4579.336171410612	11.7	0.000313608732787	65220
W Ursae Majoris_60sec_2x2__0096_Processed_I.fits	65220	61149.70009259274	2461149.7000925927	2461149.6997453705	2461149.7007246413	2461149.7015126	1.1621060689376963	59.3273996130537	-4.9	NaN	9.7292975	55.95251944444445	1.9524668648735213	0	0.0006840781980944	0	2854.157419886356	0	15476880.808907151	4549.192559926746	9.729313140882939	55.95240531120216	30218096.950988114	5761.980671020869	10.97354081939451	0.0003803385331976	59264	9.708084588099712	56.18726564407677	15476880.808907151	4549.192559926746	11.7	0.0003190886693097	65220
W Ursae Majoris_60sec_2x2__0097_Processed_I.fits	65220	61149.7008449072	2461149.700844907	2461149.700497685	2461149.7014768994	2461149.7022648575	1.1636469918875625	59.19926939811967	-5	NaN	9.7292975	55.95251944444445	1.9565610922105658	0	0.0006903461140019	0	2834.1741229895874	0	15310423.237782022	4534.834055649026	9.729312356169032	55.952399878089935	29955778.412320822	5743.665711213483	10.971266467548157	0.0003830197648516	59264	9.708085447335927	56.187269063971975	15310423.237782022	4534.834055649026	11.7	0.0003215394122278	65220
W Ursae Majoris_60sec_2x2__0098_Processed_I.fits	65220	61149.70160879614	2461149.701608796	2461149.701261574	2461149.7022407306	2461149.7030286887	1.1652282173752841	59.06863573233634	-4.9	NaN	9.7292975	55.95251944444445	1.9341110886502322	0	0.0006718426067907	0	2878.815765926437	0	15713819.606715856	4570.022880528936	9.729314374036054	55.95239088542256	30392272.74639857	5773.044242035581	10.983796462909877	0.0003770813290157	59264	9.708085631006536	56.187271530599226	15713819.606715856	4570.022880528936	11.7	0.0003157168683641	65220
W Ursae Majoris_60sec_2x2__0099_Processed_I.fits	65220	61149.70236111106	2461149.702361111	2461149.702013889	2461149.7029929888	2461149.703780947	1.1668019084112216	58.93946543400994	-5	NaN	9.7292975	55.95251944444445	1.8941704513204254	0	0.0006357268435649	0	2979.5351108642108	0	16650254.640964773	4655.284765218028	9.729311686632125	55.95238512052365	31538420.34787625	5855.519374722911	11.006452356445523	0.0003643367190501	59264	9.708084716209983	56.18725805591744	16650254.640964773	4655.284765218028	11.7	0.000303521169268	65220
W Ursae Majoris_60sec_2x2__0100_Processed_I.fits	65220	61149.70311342599	2461149.703113426	2461149.702766204	2461149.703745247	2461149.7045332054	1.1683919774542275	58.80979116306608	-4.9	NaN	9.7292975	55.95251944444445	1.9047667220874824	0	0.0006521136701406	0	2920.9121190128	0	16137663.029080182	4610.234455928093	9.72931435527621	55.952392599721975	30738483.51005341	5799.362265000598	11.00039551258735	0.0003716477412732	59264	9.708086896058079	56.1872634289384	16137663.029080182	4610.234455928093	11.7	0.0003101306303633	65220
W Ursae Majoris_60sec_2x2__0101_Processed_I.fits	65220	61149.703877314925	2461149.703877315	2461149.7035300927	2461149.704509078	2461149.7052970366	1.1700233497318062	58.6776143508809	-4.9	NaN	9.7292975	55.95251944444445	1.8992286640575562	0	0.0006450406824614	0	2944.354853418542	0	16341798.126030061	4627.857895026986	9.729313750337377	55.95237980293526	31036811.42319835	5819.145340917334	11.003556859405569	0.0003686892119423	59264	9.708086632842132	56.18725613713832	16341798.126030061	4627.857895026986	11.7	0.0003074277075302	65220
W Ursae Majoris_60sec_2x2__0102_Processed_I.fits	65220	61149.704629629385	2461149.7046296294	2461149.704282407	2461149.7052613357	2461149.706049294	1.1716466716094	58.546948297274575	-5	NaN	9.7292975	55.95251944444445	1.9029998842066496	0	0.0006567372947491	0	2897.6577079175286	0	15949054.571303057	4593.407254747339	9.729313663518873	55.952393166944326	30351049.00239525	5770.811399329377	11.001403095347102	0.000374629790699	59264	9.708084904889207	56.187261522808505	15949054.571303057	4593.407254747339	11.7	0.0003126524209882	65220
W Ursae Majoris_60sec_2x2__0103_Processed_I.fits	65220	61149.70539351832	2461149.7053935183	2461149.705046296	2461149.706025167	2461149.7068131254	1.1733119785862152	58.41378031660003	-5	NaN	9.7292975	55.95251944444445	1.916758124191598	0	0.0006668888539703	0	2874.179277071938	0	15742897.74414244	4578.924569618724	9.729313886173207	55.952394704334075	30175327.149402604	5761.399365801516	10.993581718269702	0.0003776895128325	59264	9.708085366006609	56.18726532560022	15742897.74414244	4578.924569618724	11.7	0.0003157475458343	65220
W Ursae Majoris_60sec_2x2__0104_Processed_I.fits	65220	61149.70614583325	2461149.7061458332	2461149.705798611	2461149.706777425	2461149.7075653835	1.1749688907759055	58.28215355865289	-4.9	NaN	9.7292975	55.95251944444445	1.8932534064665494	0	0.0006524244390888	0	2901.8738309538207	0	16029398.479719635	4605.5175320972885	9.729314056341032	55.95239933525503	30347713.275338925	5774.1685626611625	11.00697813272834	0.0003740855860536	59264	9.70808595405112	56.18725789326641	16029398.479719635	4605.5175320972885	11.7	0.0003119055854554	65220
W Ursae Majoris_60sec_2x2__0105_Processed_I.fits	65220	61149.70690972218	2461149.706909722	2461149.7065625	2461149.7075412567	2461149.7083292147	1.1766684772978209	58.14802575485189	-4.9	NaN	9.7292975	55.95251944444445	1.9142905999027948	0	0.0006661639522729	0	2873.6028020899	0	15757764.136635818	4583.406612620446	9.729314323073915	55.95239871258615	30164939.762247324	5762.791219274353	10.994980333124216	0.0003777652681461	59264	9.708086245072085	56.187257577704166	15757764.136635818	4583.406612620446	11.7	0.0003157584329691	65220
W Ursae Majoris_60sec_2x2__0106_Processed_I.fits	65220	61149.70766203711	2461149.707662037	2461149.707314815	2461149.708293515	2461149.709081473	1.1783593225918503	58.015468877779455	-4.9	NaN	9.7292975	55.95251944444445	1.90421016554848	0	0.00066292640839	0	2872.4306973577577	0	15776672.975993898	4586.239781367326	9.729312373673878	55.9524073880127	30042101.05942157	5754.80453026349	11.000712801773666	0.0003779193896736	59264	9.708086507087899	56.18725667597806	15776672.975993898	4586.239781367326	11.7	0.0003155749609404	65220
W Ursae Majoris_60sec_2x2__0107_Processed_I.fits	65220	61149.708425926045	2461149.708425926	2461149.708078704	2461149.709057346	2461149.709845304	1.18009354202515	57.88041185598853	-4.9	NaN	9.7292975	55.95251944444445	1.9386009493536853	0	0.0006854159567083	0	2828.3568982894903	0	15331459.286264582	4543.460054822034	9.729312934417539	55.952405401846484	29721581.527329892	5731.225529147632	10.98127894729998	0.0003838074017534	59264	9.708085692505643	56.18726357940399	15331459.286264582	4543.460054822034	11.7	0.0003217089896284	65220
W Ursae Majoris_60sec_2x2__0108_Processed_I.fits	65220	61149.709178240504	2461149.7091782405	2461149.7088310183	2461149.7098096036	2461149.7105975617	1.18181867162266	57.74695472414377	-5	NaN	9.7292975	55.95251944444445	1.8847577281854426	0	0.0006315890365884	0	2984.1520656633124	0	16746320.184495676	4671.266492823741	9.7293128918044	55.95241654698457	31562756.386396095	5861.2709598855945	11.011861168120737	0.0003637731269938	59264	9.708086075426587	56.18727643345646	16746320.184495676	4671.266492823741	11.7	0.0003028161329123	65220
W Ursae Majoris_60sec_2x2__0109_Processed_I.fits	65220	61149.70994212944	2461149.7099421294	2461149.7095949072	2461149.710573435	2461149.7113613933	1.1835878860148366	57.61099836245745	-5	NaN	9.7292975	55.95251944444445	1.8939344191888163	0	0.0006320482408658	0	2996.502951411337	0	16837155.721330468	4681.090893338352	9.72931418582413	55.95239394351027	31888468.741869677	5886.395742479856	11.006587658207152	0.0003622739891931	59264	9.708088408713405	56.18725277475099	16837155.721330468	4681.090893338352	11.7	0.0003018160289875	65220
W Ursae Majoris_60sec_2x2__0110_Processed_I.fits	65220	61149.71070601838	2461149.7107060184	2461149.710358796	2461149.711337266	2461149.7121252245	1.1853748714100276	57.474599990386196	-5	NaN	9.7292975	55.95251944444445	1.908843119479132	0	0.0006466038180369	0	2952.106167999925	0	16428986.419573765	4645.261448043842	9.729312445132454	55.95239860372246	31360357.687019482	5850.133937706845	10.99807440785845	0.0003677213124132	59264	9.708086660948588	56.18725846030222	16428986.419573765	4645.261448043842	11.7	0.0003069462422539	65220
W Ursae Majoris_60sec_2x2__0111_Processed_I.fits	65220	61149.71146990731	2461149.7114699073	2461149.711122685	2461149.7121010977	2461149.7128890557	1.187179723104854	57.337766920611536	-5	NaN	9.7292975	55.95251944444445	1.8928194954736772	0	0.0006207185681989	0	3049.4004730130496	0	17303747.29569634	4724.6081961715145	9.729313323545858	55.952400095976756	32752870.226043954	5948.9199711904	11.00722699897517	0.0003559907033335	59264	9.708090147358739	56.18724202129046	17303747.29569634	4724.6081961715145	11.7	0.0002964085125061	65220
W Ursae Majoris_60sec_2x2__0112_Processed_I.fits	65220	61149.71223379625	2461149.7122337963	2461149.711886574	2461149.712864929	2461149.713652887	1.1890025375562434	57.2005063768441	-4.9	NaN	9.7292975	55.95251944444445	1.9425575050076511	0	0.0006528232832777	0	2975.6253411406688	0	16560106.99555396	4660.558341821651	9.729311250818352	55.95240413987854	32168960.12794305	5908.4519688659675	10.979065290084865	0.0003648153523524	59264	9.708086450367066	56.18724699605107	16560106.99555396	4660.558341821651	11.7	0.0003055188602714	65220
W Ursae Majoris_60sec_2x2__0113_Processed_I.fits	65220	61149.712986111175	2461149.712986111	2461149.712638889	2461149.713617187	2461149.714405145	1.1908153852692251	57.06491465850171	-4.9	NaN	9.7292975	55.95251944444445	1.9304140919610495	0	0.0006423881198708	0	3005.0588300874065	0	16849351.069313347	4689.040289036729	9.729310584733362	55.95240003884061	32526224.744601466	5934.66520294466	10.985873801879723	0.0003612427093108	59264	9.708088544502509	56.18724885162536	16849351.069313347	4689.040289036729	11.7	0.000302109708379	65220
W Ursae Majoris_60sec_2x2__0114_Processed_I.fits	65220	61149.71375000011	2461149.71375	2461149.713402778	2461149.714381018	2461149.715168976	1.19267414342169	56.9268266964655	-4.9	NaN	9.7292975	55.95251944444445	1.937070043747073	0	0.0006465857977986	0	2995.843784911539	0	16756451.525359506	4681.29794222256	9.72931212881985	55.95240870937331	32458420.289273843	5929.365391763572	10.982136687666783	0.0003623536859498	59264	9.708089043156493	56.187253546127764	16756451.525359506	4681.29794222256	11.7	0.0003032828763141	65220
W Ursae Majoris_60sec_2x2__0115_Processed_I.fits	65220	61149.71451388905	2461149.714513889	2461149.714166667	2461149.7151448494	2461149.7159328074	1.194551159253413	56.78833230231687	-5	NaN	9.7292975	55.95251944444445	1.9618197397927095	0	0.0006673562347593	0	2939.6889361502895	0	16239902.984177893	4637.560019490414	9.729310381216932	55.952414727277436	31859762.24667872	5889.25143735505	10.968352249793138	0.0003692743013467	59264	9.708087668705737	56.18724743092275	16239902.984177893	4637.560019490414	11.7	0.0003100048085916	65220
W Ursae Majoris_60sec_2x2__0116_Processed_I.fits	65220	61149.715277777985	2461149.715277778	2461149.714930556	2461149.7159086806	2461149.716696639	1.1964465339593202	56.64943835463614	-5	NaN	9.7292975	55.95251944444445	1.9437941799890328	0	0.0006608820680472	0	2941.211865125337	0	16289608.163139397	4640.793233089561	9.729312300247546	55.95240530758648	31663645.5418122	5875.570597423865	10.978374306378317	0.0003690831274419	59264	9.708086991452486	56.187248228996175	16289608.163139397	4640.793233089561	11.7	0.0003092744513058	65220
W Ursae Majoris_60sec_2x2__0117_Processed_I.fits	65220	61149.716030092444	2461149.7160300924	2461149.7156828702	2461149.716660938	2461149.7174488967	1.1983312331762919	56.512265023004474	-4.9	NaN	9.7292975	55.95251944444445	1.9648919844531405	0	0.0006905351125842	0	2845.46281375902	0	15463668.025247378	4567.802194569747	9.729311362541415	55.95242449320205	30384437.3530529	5785.255581694235	10.966653297502987	0.0003815004927964	59264	9.708086890311716	56.187251098876075	15463668.025247378	4567.802194569747	11.7	0.0003206675074697	65220
W Ursae Majoris_60sec_2x2__0118_Processed_I.fits	65220	61149.71679398138	2461149.7167939814	2461149.716446759	2461149.71742477	2461149.718212728	1.2002633520257138	56.37259806787982	-4.9	NaN	9.7292975	55.95251944444445	1.9515035017504727	0	0.0006820364685334	0	2861.289083187518	0	15623056.551034143	4582.881689835965	9.729313134365709	55.952406869870096	30488449.56738879	5792.511891507975	10.974076662725286	0.0003793907182692	59264	9.708086596841934	56.187255680641385	15623056.551034143	4582.881689835965	11.7	0.0003184441467182	65220
W Ursae Majoris_60sec_2x2__0119_Processed_I.fits	65220	61149.71755787032	2461149.7175578703	2461149.717210648	2461149.718188601	2461149.718976559	1.202214139095844	56.23255159376639	-4.9	NaN	9.7292975	55.95251944444445	1.927189455158052	0	0.000667160787805	0	2888.6431732574138	0	15898987.443934858	4607.0650702052935	9.72931356315609	55.95241444985814	30640360.94964153	5803.550785956212	10.987688973240346	0.0003757986885688	59264	9.708087512517084	56.18724657383973	15898987.443934858	4607.0650702052935	11.7	0.0003145692627594	65220
W Ursae Majoris_60sec_2x2__0120_Processed_I.fits	65220	61149.718321759254	2461149.7183217593	2461149.717974537	2461149.7189524323	2461149.7197403903	1.2041837005106866	56.09213214948599	-4.9	NaN	9.7292975	55.95251944444445	1.894516503931208	0	0.0006349417601775	0	2983.7642170545237	0	16760852.327069301	4682.100409238421	9.729309725127758	55.9524214022785	31753711.353586584	5879.894793235751	11.006254017625896	0.0003638204046119	59264	9.708085705277883	56.18725524141313	16760852.327069301	4682.100409238421	11.7	0.0003032552239458	65220
W Ursae Majoris_60sec_2x2__0121_Processed_I.fits	65220	61149.71907407418	2461149.719074074	2461149.718726852	2461149.7197046904	2461149.7204926484	1.2061418744910808	55.95348201505037	-4.9	NaN	9.7292975	55.95251944444445	1.93596607523757	0	0.0006658643277688	0	2907.4482510944654	0	16050693.206721354	4624.070369719623	9.72931169224072	55.95241375697782	31073597.532258667	5838.267915022126	10.982755643222745	0.0003733684789779	59264	9.708086898156514	56.18725574973662	16050693.206721354	4624.070369719623	11.7	0.000312746465401	65220
W Ursae Majoris_60sec_2x2__0122_Processed_I.fits	65220	61149.719837963115	2461149.719837963	2461149.719490741	2461149.7204685216	2461149.7212564796	1.2081490195043678	55.8123413655982	-5	NaN	9.7292975	55.95251944444445	1.9564564923276742	0	0.0006716998695504	0	2912.694465218684	0	16053640.993036864	4626.575102737963	9.729312143528682	55.952420736714856	31408250.146324664	5860.449973651683	10.971324513737546	0.0003726960998939	59264	9.708086697790746	56.18724493722123	16053640.993036864	4626.575102737963	11.7	0.0003128583975795	65220
W Ursae Majoris_60sec_2x2__0123_Processed_I.fits	65220	61149.72060185205	2461149.720601852	2461149.72025463	2461149.721232353	2461149.7220203113	1.2101752632201923	55.670846819508775	-5	NaN	9.7292975	55.95251944444445	1.926218973554438	0	0.0006497947912941	0	2964.349667559424	0	16562580.501247708	4673.7420956473225	9.72931036671948	55.95241503573564	31903156.812526107	5897.365488929692	10.988235858967549	0.0003662027882664	59264	9.708086261255122	56.18723911434624	16562580.501247708	4673.7420956473225	11.7	0.0003063372381862	65220
W Ursae Majoris_60sec_2x2__0124_Processed_I.fits	65220	61149.72135416651	2461149.7213541665	2461149.7210069443	2461149.721984611	2461149.722772569	1.212189580211086	55.53115637398808	-4.9	NaN	9.7292975	55.95251944444445	1.9072667138426356	0	0.0006346445301137	0	3005.2519534059893	0	16953586.441056773	4707.9205750393285	9.729310134986699	55.952414993959486	32335011.099281415	5927.878694447112	10.998971426469048	0.000361219499015	59264	9.708088198517137	56.18725604986484	16953586.441056773	4707.9205750393285	11.7	0.0003014613008359	65220
W Ursae Majoris_60sec_2x2__0125_Processed_I.fits	65220	61149.72211805545	2461149.7221180554	2461149.7217708332	2461149.722748442	2461149.7235364	1.214254062797679	55.38897779117854	-4.9	NaN	9.7292975	55.95251944444445	1.8899842017896948	0	0.0006262599365693	0	3017.890960969463	0	17109705.182149112	4722.654943653001	9.72931031963689	55.952402205430225	32337072.491541095	5928.318994359096	11.008854565101592	0.0003597069527205	59264	9.708087869975186	56.18724129049561	17109705.182149112	4722.654943653001	11.7	0.0002996457198532	65220
W Ursae Majoris_60sec_2x2__0126_Processed_I.fits	65220	61149.72287037037	2461149.7228703704	2461149.722523148	2461149.7235007	2461149.7242886582	1.216306260195137	55.2486254621069	-4.9	NaN	9.7292975	55.95251944444445	1.9037326320028927	0	0.0006463189500737	0	2945.500254612486	0	16464118.427518165	4666.7749089279305	9.72931205245617	55.952401001211875	31343279.50762648	5856.771211901965	11.000985114405296	0.0003685458660377	59264	9.708087485805017	56.18723492300199	16464118.427518165	4666.7749089279305	11.7	0.0003077096735186	65220
W Ursae Majoris_60sec_2x2__0127_Processed_I.fits	65220	61149.72363425931	2461149.7236342593	2461149.723287037	2461149.7242645314	2461149.7250524894	1.2184094303658026	55.1057868121485	-5	NaN	9.7292975	55.95251944444445	1.931548064163528	0	0.0006801872638503	0	2839.7298315023236	0	15540708.088901175	4587.389022230723	9.729313736026798	55.95242509972175	30017624.624847546	5764.05231737932	10.985236201271	0.0003822705486476	59264	9.708088023852367	56.18724700533471	15540708.088901175	4587.389022230723	11.7	0.00032044610509	65220
W Ursae Majoris_60sec_2x2__0128_Processed_I.fits	65220	61149.724398148246	2461149.7243981482	2461149.724050926	2461149.7250283626	2461149.7258163206	1.220532265311668	54.96262450621569	-4.9	NaN	9.7292975	55.95251944444445	1.9235591590593537	0	0.0006829671821938	0	2816.473776793427	0	15382018.173069127	4575.893129579663	9.729312905925536	55.95242274469217	29588221.941624545	5734.848821379766	10.989736131063902	0.0003854264548376	59264	9.708086152756946	56.18725101398875	15382018.173069127	4575.893129579663	11.7	0.0003229403287924	65220
W Ursae Majoris_60sec_2x2__0129_Processed_I.fits	65220	61149.72515046317	2461149.725150463	2461149.724803241	2461149.7257806207	2461149.7265685787	1.2226422710797042	54.821320680374555	-5	NaN	9.7292975	55.95251944444445	1.922577741163879	0	0.0006856430002119	0	2804.0507094356267	0	15296572.040095223	4570.928699828175	9.729313240277573	55.95242181143051	29408848.92039682	5724.468562076594	10.990290225206614	0.0003871337439571	59264	9.7080863735871	56.18724830209619	15296572.040095223	4570.928699828175	11.7	0.0003243917275683	65220
W Ursae Majoris_60sec_2x2__0130_Processed_I.fits	65220	61149.72591435164	2461149.7259143516	2461149.7255671294	2461149.7265444514	2461149.7273324095	1.2248044870750232	54.677533357455175	-5	NaN	9.7292975	55.95251944444445	1.8716066861537408	0	0.0006431596943104	0	2910.0186201195684	0	16292627.506662222	4661.133923198526	9.729313247176997	55.952417067137496	30493390.576481365	5805.134642725321	11.019463529993605	0.0003730387457182	59264	9.708087769900702	56.18725655587649	16292627.506662222	4661.133923198526	11.7	0.0003105722559877	65220
W Ursae Majoris_60sec_2x2__0131_Processed_I.fits	65220	61149.72666666657	2461149.7266666666	2461149.7263194444	2461149.72729671	2461149.7280846676	1.2269535113683403	54.535625070372575	-4.9	NaN	9.7292975	55.95251944444445	1.8584079166943468	0	0.0006349557571241	0	2926.830563930519	0	16471782.048639992	4678.692430141769	9.72931351560132	55.952399851264936	30611290.161256388	5812.57132842352	11.027147382845548	0.00037089634792	59264	9.708086383838626	56.187237652063075	16471782.048639992	4678.692430141769	11.7	0.0003083518492258	65220
W Ursae Majoris_60sec_2x2__0132_Processed_I.fits	65220	61149.727430555504	2461149.7274305555	2461149.7270833333	2461149.728060541	2461149.7288484992	1.2291555867100903	54.391235105730786	-4.9	NaN	9.7292975	55.95251944444445	1.8418814152095258	0	0.0006302991999401	0	2922.2334652885966	0	16482073.72884424	4681.460737785682	9.72931371353052	55.95241599377386	30358025.285271376	5794.21426192568	11.03684583542661	0.000371479722063	59264	9.708087769269893	56.18725372549631	16482073.72884424	4681.460737785682	11.7	0.0003083416436116	65220
W Ursae Majoris_60sec_2x2__0133_Processed_I.fits	65220	61149.72818287043	2461149.7281828704	2461149.727835648	2461149.7288127993	2461149.7296007574	1.2313441034652615	54.248744298132216	-4.9	NaN	9.7292975	55.95251944444445	1.8327600281539402	0	0.0006290832823328	0	2913.3821858331435	0	16432883.819538243	4677.590895104756	9.729313657486165	55.95241568669897	30117532.61174734	5776.886430955681	11.0422359888099	0.0003726081379313	59264	9.708087809710682	56.187254655163535	16432883.819538243	4677.590895104756	11.7	0.000309008885314	65220
W Ursae Majoris_60sec_2x2__0134_Processed_I.fits	65220	61149.728946759365	2461149.7289467594	2461149.728599537	2461149.7295766305	2461149.7303645886	1.2335865236711436	54.103773789412834	-5	NaN	9.7292975	55.95251944444445	1.8339384098447564	0	0.0006397821504782	0	2866.5044944970086	0	16043061.913799787	4644.24393741914	9.72931551871093	55.95242017538309	29421987.455234956	5727.7701200177935	11.041538133924682	0.0003787005628522	59264	9.708088219574353	56.18725941001784	16043061.913799787	4644.24393741914	11.7	0.0003142600894156	65220
W Ursae Majoris_60sec_2x2__0135_Processed_I.fits	65220	61149.729699073825	2461149.729699074	2461149.7293518516	2461149.730328888	2461149.731116846	1.2358150165437884	53.96072196585483	-5	NaN	9.7292975	55.95251944444445	1.8203233106475465	0	0.0006452887035629	0	2820.9440217946976	0	15717150.198296886	4618.738085221311	9.729316011828699	55.9524194818989	28610294.88290853	5672.257146589067	11.049628673498816	0.000384815792104	59264	9.708086157326386	56.187252841503806	15717150.198296886	4618.738085221311	11.7	0.0003190142239951	65220
W Ursae Majoris_60sec_2x2__0136_Processed_I.fits	65220	61149.73046296276	2461149.7304629628	2461149.7301157406	2461149.7310927194	2461149.7318806774	1.2380982798389633	53.81519239762908	-4.9	NaN	9.7292975	55.95251944444445	1.8446707077150744	0	0.0006746189874926	0	2734.3889542321904	0	14957611.749250142	4551.04352739692	9.72931524614781	55.95242298133472	27591868.25121657	5598.482900103637	11.035202871304122	0.0003969946257505	59264	9.708085596200066	56.18726545848812	14957611.749250142	4551.04352739692	11.7	0.0003302987967569	65220
W Ursae Majoris_60sec_2x2__0137_Processed_I.fits	65220	61149.7312268517	2461149.7312268517	2461149.7308796295	2461149.7318565506	2461149.7326445086	1.2404023129932418	53.66938914241618	-5	NaN	9.7292975	55.95251944444445	1.8756483619662014	0	0.0007008265468374	0	2676.3374909676127	0	14441818.27459939	4507.664796645567	9.729315559600739	55.95242412970424	27087772.7905659	5563.752444474343	11.017121444705708	0.0004056040835683	58977	9.708085510582965	56.18726623112086	14441818.27459939	4507.664796645567	11.7	0.0003388334586049	65220
W Ursae Majoris_60sec_2x2__0138_Processed_I.fits	65220	61149.73197916662	2461149.7319791666	2461149.7316319444	2461149.7326088087	2461149.7333967667	1.2426918642737885	53.525532631872764	-4.9	NaN	9.7292975	55.95251944444445	1.8431523825082674	0	0.0006889860831786	0	2675.166345893167	0	14521772.190389864	4519.787125591658	9.72931761306631	55.95242230110175	26765839.01095938	5541.314890886003	11.036096895068516	0.0004057816173763	59264	9.708086196986624	56.18725766183749	14521772.190389864	4519.787125591658	11.7	0.0003378742577332	65220
W Ursae Majoris_60sec_2x2__0139_Processed_I.fits	65220	61149.73274305556	2461149.7327430556	2461149.7323958334	2461149.7333726403	2461149.734160598	1.245037511809352	53.37920166799057	-4.9	NaN	9.7292975	55.95251944444445	1.8057417090973964	0	0.0006620373920847	0	2727.552447470175	0	15025393.46913647	4565.2855833545245	9.729315964146625	55.952425010639594	27131979.682819348	5566.972938741828	11.05836092621904	0.0003979894953714	59264	9.708084604370194	56.187254753572454	15025393.46913647	4565.2855833545245	11.7	0.0003298378168462	65220
W Ursae Majoris_60sec_2x2__0140_Processed_I.fits	65220	61149.733495370485	2461149.7334953705	2461149.7331481483	2461149.7341248984	2461149.734912856	1.2473683054017886	53.23483546650738	-5	NaN	9.7292975	55.95251944444445	1.8312742102172022	0	0.0006898342322754	0	2654.6583578155864	0	14409490.004415061	4515.263639411759	9.729317261153748	55.95241728465242	26387727.42746786	5516.847343386448	11.043116551769234	0.0004089158051142	58977	9.708084572225511	56.1872533420595	14409490.004415061	4515.263639411759	11.7	0.0003401659098659	65220
W Ursae Majoris_60sec_2x2__0141_Processed_I.fits	65220	61149.73425925942	2461149.7342592594	2461149.733912037	2461149.7348887296	2461149.7356766877	1.249756095217236	53.087997025796426	-4.9	NaN	9.7292975	55.95251944444445	1.7987700054719118	0	0.0006577923685455	0	2734.555904698792	0	15129122.006012298	4582.0538839683895	9.72931508156447	55.95242904316246	27213810.873539962	5577.380224881394	11.062560907283592	0.0003969703928127	59264	9.708086633326863	56.187260068232256	15129122.006012298	4582.0538839683895	11.7	0.0003287797260678	65220
W Ursae Majoris_60sec_2x2__0142_Processed_I.fits	65220	61149.73502314836	2461149.7350231484	2461149.734675926	2461149.735652561	2461149.736440519	1.2521653208803607	52.940910423199036	-4.9	NaN	9.7292975	55.95251944444445	1.7977730390277677	0	0.0006618407514189	0	2716.322673050374	0	14994586.166486528	4572.1172856635585	9.729314534736009	55.95243880456492	26956862.74148821	5560.937983105834	11.063162842296002	0.000399634553917	59264	9.708087031974287	56.187274614136484	14994586.166486528	4572.1172856635585	11.7	0.0003310099088246	65220
W Ursae Majoris_60sec_2x2__0143_Processed_I.fits	65220	61149.73577546282	2461149.735775463	2461149.7354282406	2461149.7364048185	2461149.7371927765	1.2545591278571109	52.795814751614444	-4.9	NaN	9.7292975	55.95251944444445	1.770588510919071	0	0.0006451965365575	0	2744.2622683099185	0	15305302.966994612	4603.795972981802	9.729315493745883	55.952433693467576	27099393.58949623	5573.90613262458	11.079705895446077	0.000395566577588	58977	9.708085181629176	56.187256659243396	15305302.966994612	4603.795972981802	11.7	0.0003265375641031	65220
W Ursae Majoris_60sec_2x2__0144_Processed_I.fits	65220	61149.736539351754	2461149.7365393518	2461149.7361921296	2461149.7371686497	2461149.7379566077	1.2570113128996832	52.6482502066594	-4.9	NaN	9.7292975	55.95251944444445	1.761152136031846	0	0.0006438350189027	0	2735.409047854336	0	15268397.262625737	4603.715489005172	9.729316765433774	55.952430110923494	26889970.45285611	5558.6186269833715	11.085507815383822	0.0003968466048596	59264	9.708087316628523	56.18726659298134	15268397.262625737	4603.715489005172	11.7	0.0003273210074585	65220
W Ursae Majoris_60sec_2x2__0145_Processed_I.fits	65220	61149.73729166668	2461149.7372916667	2461149.7369444445	2461149.737920908	2461149.738708866	1.2594477036354363	52.50269318889687	-5	NaN	9.7292975	55.95251944444445	1.7656294639127432	0	0.0006614102682472	0	2669.4920666892767	0	14716570.598238315	4552.025372540228	9.729316736553761	55.952434331294675	25984010.656001557	5490.74800710402	11.082751081259705	0.0004066439863232	58977	9.708085405489102	56.18726684149979	14716570.598238315	4552.025372540228	11.7	0.0003357803041217	65220
W Ursae Majoris_60sec_2x2__0146_Processed_I.fits	65220	61149.738055555616	2461149.7380555556	2461149.7377083334	2461149.7386847395	2461149.739472697	1.2619434072927118	52.354669768867446	-4.9	NaN	9.7292975	55.95251944444445	1.7427605026086141	0	0.0006565762847445	0	2654.315337153367	0	14672686.520161588	4553.436133364816	9.729317104191146	55.952428361032204	25570978.534495447	5462.231743160637	11.096905728355381	0.0004089686398903	58977	9.70808569068155	56.187246710154746	14672686.520161588	4553.436133364816	11.7	0.0003368887829875	65220
W Ursae Majoris_60sec_2x2__0147_Processed_I.fits	65220	61149.73880787054	2461149.7388078705	2461149.7384606483	2461149.7394369976	2461149.740224955	1.2644229374286093	52.20867005425486	-4.9	NaN	9.7292975	55.95251944444445	1.739278659336715	0	0.000646343379922	0	2690.9514560922103	0	14994181.644752419	4586.605443258445	9.729315678250517	55.95241660931493	26079060.148936167	5503.123665165745	11.09907707932747	0.0004034017462179	59264	9.708086070980336	56.187256207259985	14994181.644752419	4586.605443258445	11.7	0.0003320676120853	65220
W Ursae Majoris_60sec_2x2__0148_Processed_I.fits	65220	61149.73957175901	2461149.739571759	2461149.739224537	2461149.7402008283	2461149.740988786	1.2669627303705786	52.06020647586142	-5	NaN	9.7292975	55.95251944444445	1.7182238645642542	0	0.0006387603236997	0	2689.935177270111	0	15058800.339965029	4596.786110318308	9.729315765999987	55.95242554435406	25874390.115836218	5490.10100308712	11.112300633259682	0.0004035541262732	59264	9.708084150364318	56.18726532257346	15058800.339965029	4596.786110318308	11.7	0.0003313766965289	65220
W Ursae Majoris_60sec_2x2__0149_Processed_I.fits	65220	61149.74032407394	2461149.740324074	2461149.7399768517	2461149.7409530864	2461149.741741044	1.2694859699589542	51.913782196027356	-4.9	NaN	9.7292975	55.95251944444445	1.721236411717459	0	0.0006577352046402	0	2616.9139185106947	0	14468948.608808083	4545.465507089911	9.729317420210004	55.95243561928764	24904481.184749145	5418.127884752231	11.110398688136634	0.0004148125790447	58977	9.708084185786058	56.187266854836466	14468948.608808083	4545.465507089911	11.7	0.0003410338624929	65220
W Ursae Majoris_60sec_2x2__0150_Processed_I.fits	65220	61149.74108796287	2461149.741087963	2461149.7407407407	2461149.7417169176	2461149.7425048756	1.2720704408036827	51.76489647627361	-5	NaN	9.7292975	55.95251944444445	1.6806664936327573	0	0.0006311707803034	0	2662.776139327752	0	14967954.755962282	4595.7808950175	9.729317353925627	55.952433730044085	25156140.036556885	5439.886238333522	11.136296145230627	0.0004076694119253	59264	9.70808536119254	56.18726276140866	14967954.755962282	4595.7808950175	11.7	0.0003333147318153	65220
W Ursae Majoris_60sec_2x2__0151_Processed_I.fits	65220	61149.74185185181	2461149.741851852	2461149.7415046296	2461149.742480749	2461149.743268707	1.2746776464458573	51.61580488224646	-5	NaN	9.7292975	55.95251944444445	1.690586326421513	0	0.0006392020635621	0	2644.8386555582215	0	14794433.585960835	4579.9499700924725	9.7293171072722	55.95243509000034	25011267.127576582	5429.266401558175	11.129906619874507	0.0004104337323337	59264	9.708086237593355	56.18726346248041	14794433.585960835	4579.9499700924725	11.7	0.0003360620692635	65220
W Ursae Majoris_60sec_2x2__0152_Processed_I.fits	65220	61149.742604166735	2461149.7426041667	2461149.7422569445	2461149.743233007	2461149.744020965	1.2772677194938675	51.46877535941779	-5	NaN	9.7292975	55.95251944444445	1.6927729183264923	0	0.0006554254886685	0	2582.708404833961	0	14306885.084704483	4540.256713802761	9.729316874533968	55.9524480544734	24218307.616996974	5372.256573187036	11.128503244025206	0.0004203053134563	58977	9.708085112783104	56.1872725436744	14306885.084704483	4540.256713802761	11.7	0.0003445011994789	65220
W Ursae Majoris_60sec_2x2__0153_Processed_I.fits	65220	61149.74336805567	2461149.7433680557	2461149.7430208335	2461149.7439968386	2461149.744784796	1.2799205077154245	51.319288303188856	-5	NaN	9.7292975	55.95251944444445	1.6508690335992602	0	0.0006242213077873	0	2644.6854873492284	0	14937592.41373059	4601.767257855409	9.729317829806968	55.95244848063554	24660008.752355058	5406.5363806125415	11.15571844682668	0.0004104574983047	59264	9.708085937065253	56.18726660115646	14937592.41373059	4601.767257855409	11.7	0.0003344271112103	65220
W Ursae Majoris_60sec_2x2__0154_Processed_I.fits	65220	61149.74412037013	2461149.74412037	2461149.743773148	2461149.744749096	2461149.745537054	1.2825557746892413	51.171877910257415	-5	NaN	9.7292975	55.95251944444445	1.6548478972447118	0	0.0006372639673064	0	2596.8012976468135	0	14550853.63259325	4570.8975700020555	9.729317715294219	55.95244530779106	24079449.537012517	5363.524178731532	11.153104793879253	0.0004180247471304	59264	9.70808520542342	56.187281909537056	14550853.63259325	4570.8975700020555	11.7	0.0003410115847199	65220
W Ursae Majoris_60sec_2x2__0155_Processed_I.fits	65220	61149.74488425907	2461149.744884259	2461149.744537037	2461149.7455129274	2461149.746300885	1.2852547656371833	51.02201257390252	-4.9	NaN	9.7292975	55.95251944444445	1.632832872132299	0	0.0006254267165406	0	2610.7501149999725	0	14734238.566959977	4589.43303249406	9.72931753971685	55.95244016677895	24058549.07797175	5363.111572798796	11.167645662507951	0.0004157917358396	58977	9.708084003419284	56.187268476534435	14734238.566959977	4589.43303249406	11.7	0.0003381333687586	65220
W Ursae Majoris_60sec_2x2__0156_Processed_I.fits	65220	61149.74563657399	2461149.745636574	2461149.745289352	2461149.7462651855	2461149.747053143	1.2879358476125582	50.87423785932375	-4.9	NaN	9.7292975	55.95251944444445	1.6252617452986835	0	0.00061384091566	0	2647.6921036636663	0	15081065.858753763	4625.457052158338	9.729318067173642	55.9524478642845	24510679.41856253	5402.315427397878	11.17269171688991	0.0004099914867044	59264	9.708086633321829	56.18727450402463	15081065.858753763	4625.457052158338	11.7	0.0003329510159396	65220
W Ursae Majoris_60sec_2x2__0157_Processed_I.fits	65220	61149.74640046293	2461149.746400463	2461149.7460532407	2461149.7470290167	2461149.7478169743	1.290681675859311	50.72401104046411	-5	NaN	9.7292975	55.95251944444445	1.5976181624789165	0	0.0006063659367827	0	2634.742596122363	0	15057391.730660122	4623.615675473156	9.72931678425885	55.952446323042246	24055962.508462455	5366.356223138195	11.191317527110511	0.0004120061733156	58977	9.708086026864175	56.187271369200815	15057391.730660122	4623.615675473156	11.7	0.0003333416864647	65220
W Ursae Majoris_60sec_2x2__0158_Processed_I.fits	65220	61149.747164351866	2461149.747164352	2461149.7468171297	2461149.747792848	2461149.748580806	1.2934513465532906	50.57360834586419	-5	NaN	9.7292975	55.95251944444445	1.621020405785738	0	0.0006324104976609	0	2563.2408250360318	0	14411646.3559959	4567.853400575775	9.729317706593415	55.952455504662424	23361572.824037027	5313.993934879117	11.175528795290239	0.0004234968714159	58977	9.708085724404434	56.18726437322382	14411646.3559959	4567.853400575775	11.7	0.0003440757488949	65220
W Ursae Majoris_60sec_2x2__0159_Processed_I.fits	65220	61149.74791666679	2461149.747916667	2461149.7475694446	2461149.748545106	2461149.749333064	1.2962025182050008	50.42531657789576	-5	NaN	9.7292975	55.95251944444445	1.5901403024898533	0	0.0006168773303332	0	2577.7253017724506	0	14651054.98114239	4597.158739609497	9.729318561637548	55.95244631316829	23297232.999509234	5314.672195795948	11.196411387455262	0.000421117664784	59264	9.708085405954202	56.18726622661433	14651054.98114239	4597.158739609497	11.7	0.0003406252161283	65220
W Ursae Majoris_60sec_2x2__0160_Processed_I.fits	65220	61149.74868055573	2461149.7486805557	2461149.7483333335	2461149.749308937	2461149.7500968953	1.2990200083021932	50.27457696421504	-4.9	NaN	9.7292975	55.95251944444445	1.5795910173118173	0	0.0006141169728164	0	2572.1337908439327	0	14644659.966370804	4597.540281472214	9.729317768355761	55.95245838328669	23132573.334465303	5305.0565782224485	11.203638361596461	0.0004220329462719	59264	9.708084778805361	56.18727542870071	14644659.966370804	4597.540281472214	11.7	0.0003408022147949	65220
W Ursae Majoris_60sec_2x2__0161_Processed_I.fits	65220	61149.74943287019	2461149.74943287	2461149.749085648	2461149.7500611953	2461149.750849153	1.3018186021383993	50.12596134037972	-4.9	NaN	9.7292975	55.95251944444445	1.5671157746928912	0	0.0006002659179466	0	2610.702570043989	0	15030012.715879774	4639.848431857944	9.729316974511532	55.952438179337236	23553770.020889938	5341.021366422848	11.21224729432162	0.0004157993066045	58977	9.708086697206472	56.18725357560382	15030012.715879774	4639.848431857944	11.7	0.0003351210745307	65220
W Ursae Majoris_60sec_2x2__0162_Processed_I.fits	65220	61149.75019675912	2461149.750196759	2461149.749849537	2461149.7508250265	2461149.751612984	1.3046845837236192	49.974900694929836	-4.9	NaN	9.7292975	55.95251944444445	1.5245643122165926	0	0.0005723375987821	0	2663.7500584632376	0	15632286.744357836	4696.327936767502	9.729315853886565	55.952463907723306	23832426.488784462	5365.102436822251	11.242135626587485	0.0004075203879814	59264	9.708086672954199	56.187268616481894	15632286.744357836	4696.327936767502	11.7	0.0003261331869022	65220
W Ursae Majoris_60sec_2x2__0163_Processed_I.fits	65220	61149.75094907405	2461149.750949074	2461149.750601852	2461149.7515772847	2461149.752365242	1.3075312727703592	49.825976507068354	-4.9	NaN	9.7292975	55.95251944444445	1.555614313138446	0	0.0006020967888594	0	2583.6615340291887	0	14846116.010319585	4624.449518615849	9.729318052574001	55.95246343189806	23094830.560166985	5305.704841528087	11.22024517395472	0.0004201502901463	59264	9.708085323488671	56.187271264889624	14846116.010319585	4624.449518615849	11.7	0.0003381457101406	65220
W Ursae Majoris_60sec_2x2__0164_Processed_I.fits	65220	61149.751712962985	2461149.751712963	2461149.751365741	2461149.752341116	2461149.7531290734	1.3104464335757504	49.67461037311612	-5	NaN	9.7292975	55.95251944444445	1.5637780873954512	0	0.0006225529004013	0	2511.8798521178232	0	14200655.34316124	4559.659898776648	9.729316656843341	55.95247390882025	22206673.65229068	5226.483538455764	11.214562191901292	0.0004321544841944	58977	9.708083893655566	56.18726761349252	14200655.34316124	4559.659898776648	11.7	0.0003485609006634	65220
W Ursae Majoris_60sec_2x2__0165_Processed_I.fits	65220	61149.75246527791	2461149.752465278	2461149.7521180557	2461149.753093374	2461149.7538813315	1.3133419012327077	49.525392855743384	-5	NaN	9.7292975	55.95251944444445	1.5209598176485797	0	0.0005835528274201	0	2606.3789706456832	0	15146834.142034408	4651.475740984633	9.729316948286042	55.95245493500653	23037726.094621934	5298.682965966017	11.244705648634776	0.000416488924226	59264	9.708086361788657	56.18726637108374	15146834.142034408	4651.475740984633	11.7	0.000333370015054	65220
W Ursae Majoris_60sec_2x2__0166_Processed_I.fits	65220	61149.75322916685	2461149.753229167	2461149.7528819446	2461149.753857205	2461149.7546451627	1.316306944965482	49.373736443683015	-5	NaN	9.7292975	55.95251944444445	1.5431963325641063	0	0.0006196858634598	0	2490.2881016974457	0	14136824.453024384	4565.935462543637	9.729317909675194	55.95248441318135	21815895.650009807	5205.4222855279095	11.228947043680426	0.0004359006768186	58977	9.708084879946338	56.18727208936411	14136824.453024384	4565.935462543637	11.7	0.0003506162967597	65220
W Ursae Majoris_60sec_2x2__0167_Processed_I.fits	65220	61149.75399305532	2461149.7539930553	2461149.753645833	2461149.754621036	2461149.7554089935	1.3192973904656426	49.22193953694726	-5	NaN	9.7292975	55.95251944444445	1.505895711554938	0	0.0005900532824106	0	2552.1351315982015	0	14772487.323091196	4624.787755944319	9.729317786675526	55.95245115742861	22245825.30884272	5241.639826725527	11.255512758692362	0.0004253393699726	58977	9.708086585357005	56.187261443846666	14772487.323091196	4624.787755944319	11.7	0.000339855676093	65220
W Ursae Majoris_60sec_2x2__0168_Processed_I.fits	65220	61149.75474537024	2461149.7547453702	2461149.754398148	2461149.755373294	2461149.7561612516	1.3222675371869874	49.07230870719341	-4.9	NaN	9.7292975	55.95251944444445	1.5141696169014782	0	0.0005991961004771	0	2527.001787387942	0	14551616.692751417	4609.519263887889	9.729317070648158	55.95248084214195	22033615.872960567	5225.989970375225	11.249563681379326	0.0004295689223007	59142	9.708084719993362	56.18726507779826	14551616.692751417	4609.519263887889	11.7	0.0003438744677537	65220
W Ursae Majoris_60sec_2x2__0169_Processed_I.fits	65220	61149.75550925918	2461149.755509259	2461149.755162037	2461149.7561371257	2461149.756925083	1.325308956626026	48.92024369983443	-4.9	NaN	9.7292975	55.95251944444445	1.491704523029292	0	0.0005873886099179	0	2539.553028169512	0	14740541.148858838	4629.381871970425	9.729317974259601	55.95246127816875	21988531.903652124	5223.032060853152	11.265792983589819	0.0004274462803495	58977	9.708084993307446	56.18726205647663	14740541.148858838	4629.381871970425	11.7	0.0003409303868916	65220
W Ursae Majoris_60sec_2x2__0170_Processed_I.fits	65220	61149.756273148116	2461149.756273148	2461149.755925926	2461149.756900957	2461149.7576889144	1.3283763379912958	48.76804914792414	-4.9	NaN	9.7292975	55.95251944444445	1.4559364767972738	0	0.0005457919450675	0	2667.5668081124927	0	15971058.150424907	4740.02478807619	9.729315785392208	55.95245106602023	23252846.134254023	5325.194048493589	11.292143932712403	0.0004069374178214	59264	9.708087987929524	56.187239955721694	15971058.150424907	4740.02478807619	11.7	0.0003221861023928	65220
W Ursae Majoris_60sec_2x2__0171_Processed_I.fits	65220	61149.75702546304	2461149.757025463	2461149.756678241	2461149.757653215	2461149.7584411725	1.3314228051426724	48.618037468954384	-4.9	NaN	9.7292975	55.95251944444445	1.451431634489404	0	0.0005503756645215	0	2637.165354597048	0	15743789.608096614	4724.721066014576	9.72931921245381	55.95246542974722	22851034.283936962	5296.734108752325	11.295508538856073	0.0004116277358197	59264	9.708087482953596	56.18725664599804	15743789.608096614	4724.721066014576	11.7	0.0003257812300722	65220
W Ursae Majoris_60sec_2x2__0172_Processed_I.fits	65220	61149.75778935198	2461149.757789352	2461149.75744213	2461149.758417046	2461149.7592050037	1.3345422862134697	48.46559648457926	-4.9	NaN	9.7292975	55.95251944444445	1.479765247480353	0	0.0005867662178283	0	2521.8991866250667	0	14699834.825000886	4641.404785873607	9.729318364691723	55.95247209618651	21752304.71773775	5217.75046694101	11.27451794092201	0.0004304379040145	58977	9.7080848510152	56.18726753722498	14699834.825000886	4641.404785873607	11.7	0.0003427620697811	65220
W Ursae Majoris_60sec_2x2__0173_Processed_I.fits	65220	61149.758553240914	2461149.758553241	2461149.7582060187	2461149.7591808774	2461149.759968835	1.3376883072304073	48.31303665705907	-4.9	NaN	9.7292975	55.95251944444445	1.497736580036217	0	0.0006093871859073	0	2457.7749822658006	0	14118003.340091512	4591.500805636787	9.729319070991274	55.95248373423568	21145050.03952855	5169.729869982471	11.261411407673702	0.0004416658948095	58977	9.708084884453404	56.18726074962228	14118003.340091512	4591.500805636787	11.7	0.0003530490870508	65220
W Ursae Majoris_60sec_2x2__0174_Processed_I.fits	65220	61149.75930555537	2461149.7593055554	2461149.758958333	2461149.759933135	2461149.7607210926	1.3408127921099828	48.16267568187005	-4.9	NaN	9.7292975	55.95251944444445	1.4876106473054147	0	0.0005904703177774	0	2519.3656692260092	0	14692224.8066177	4651.858533362739	9.72931885719323	55.952469871732866	21856310.054929227	5231.891414650662	11.268776804793417	0.0004308706738882	59264	9.708086343236829	56.187254208281836	14692224.8066177	4651.858533362739	11.7	0.0003437118536011	65220
W Ursae Majoris_60sec_2x2__0175_Processed_I.fits	65220	61149.76006944431	2461149.7600694443	2461149.759722222	2461149.760696966	2461149.761484924	1.344012080200314	48.00989033670136	-4.9	NaN	9.7292975	55.95251944444445	1.5120221497526793	0	0.0005993307378427	0	2522.8509974230224	0	14629645.259818934	4643.410083604644	9.729316576198219	55.952484346913494	22120347.67587052	5252.063633055955	11.25110461692019	0.0004302755423549	59264	9.708084593455434	56.18726528122203	14629645.259818934	4643.410083604644	11.7	0.0003445550755909	65220
W Ursae Majoris_60sec_2x2__0176_Processed_I.fits	65220	61149.760821759235	2461149.7608217592	2461149.760474537	2461149.761449225	2461149.762237182	1.3471894182095434	47.85931387756914	-5	NaN	9.7292975	55.95251944444445	1.5028630822504931	0	0.0005922995616651	0	2537.3361378582213	0	14801760.349343948	4664.216675668218	9.729316965223907	55.95248238665076	22245019.181348182	5265.550696514945	11.257701459596705	0.0004278196699186	58977	9.708086404931773	56.187252947091395	14801760.349343948	4664.216675668218	11.7	0.00034207493421	65220
W Ursae Majoris_60sec_2x2__0177_Processed_I.fits	65220	61149.76158564817	2461149.761585648	2461149.761238426	2461149.762213056	2461149.7630010135	1.3504427724309083	47.70631657238447	-4.9	NaN	9.7292975	55.95251944444445	1.4712664095376582	0	0.0005509879926363	0	2670.233161521769	0	16044462.90719169	4772.376775864651	9.72931678323558	55.9524627142552	23605679.334424056	5371.259706728318	11.280771700716365	0.0004065311477332	59264	9.70808809428863	56.18725849817167	16044462.90719169	4772.376775864651	11.7	0.0003229009169109	65220
W Ursae Majoris_60sec_2x2__0178_Processed_I.fits	65220	61149.76234953711	2461149.762349537	2461149.762002315	2461149.762976887	2461149.7637648447	1.3537236746686132	47.553217528778646	-4.9	NaN	9.7292975	55.95251944444445	1.4679533315641111	0	0.0005392506250741	0	2722.2097913419752	0	16545539.623964021	4822.93655963631	9.72931414323597	55.95249179267762	24288080.013523996	5429.66887517826	11.283219377681945	0.0003987704530301	59264	9.708086885226354	56.187277953748996	16545539.623964021	4822.93655963631	11.7	0.0003164401951593	65220
W Ursae Majoris_60sec_2x2__0179_Processed_I.fits	65220	61149.76310185203	2461149.763101852	2461149.76275463	2461149.7637291453	2461149.764517103	1.356981995835209	47.40234196458495	-5	NaN	9.7292975	55.95251944444445	1.4811064927648245	0	0.0005616872920745	0	2636.8880223276733	0	15770073.937763106	4761.145078926605	9.729315276003671	55.952467345940995	23357158.90060228	5360.42433068201	11.273534285571712	0.0004116710201814	59264	9.708088019092779	56.18725101873027	15770073.937763106	4761.145078926605	11.7	0.0003277452868337	65220
W Ursae Majoris_60sec_2x2__0180_Processed_I.fits	65220	61149.763865740504	2461149.7638657405	2461149.7635185183	2461149.764492976	2461149.7652809336	1.3603181991399969	47.24905093913296	-5	NaN	9.7292975	55.95251944444445	1.4948562287534657	0	0.0005688091076311	0	2628.0455230032485	0	15667017.011494514	4756.516569996928	9.729315770911436	55.95247941873182	23419937.96561908	5372.06611558584	11.263501436511989	0.000413055892832	59264	9.708087414134985	56.18726009673064	15667017.011494514	4756.516569996928	11.7	0.000329580191151	65220
W Ursae Majoris_60sec_2x2__0181_Processed_I.fits	65220	61149.76462962944	2461149.7646296294	2461149.7642824072	2461149.765256807	2461149.766044765	1.3636825866433844	47.09566795229929	-4.9	NaN	9.7292975	55.95251944444445	1.548695020823991	0	0.0006313933184128	0	2452.821364529388	0	14046274.014103403	4617.835718820375	9.729317085269663	55.95249761269154	21753394.626771353	5244.864215587644	11.225085244843298	0.0004425576834281	59264	9.708087419598808	56.187250243985254	14046274.014103403	4617.835718820375	11.7	0.0003568866338315	65220
W Ursae Majoris_60sec_2x2__0182_Processed_I.fits	65220	61149.76539351838	2461149.7653935184	2461149.765046296	2461149.766020639	2461149.766808596	1.367075373777421	46.94219634008236	-4.9	NaN	9.7292975	55.95251944444445	1.5523056975216782	0	0.0006256284261709	0	2481.194320121321	0	14280266.957545461	4643.051909223953	9.729313814873196	55.952500786401714	22167339.760328382	5279.369436628975	11.222556871236183	0.0004374979668713	59264	9.708085737627917	56.187247731111796	14280266.957545461	4643.051909223953	11.7	0.0003529563012079	65220
W Ursae Majoris_60sec_2x2__0183_Processed_I.fits	65220	61149.76615740731	2461149.7661574073	2461149.765810185	2461149.76678447	2461149.767572427	1.3704967805608095	46.78863931370264	-4.9	NaN	9.7292975	55.95251944444445	1.4474457718749858	0	0.0005116684852715	0	2828.874190105585	0	17679055.675917454	4938.917867362151	9.7293161701711	55.9524700432273	25589474.388849188	5542.672049249922	11.298494245023106	0.0003837372306064	59264	9.70809307426156	56.18726860055613	17679055.675917454	4938.917867362151	11.7	0.0003032748552453	65220
W Ursae Majoris_60sec_2x2__0184_Processed_I.fits	65220	61149.76690972224	2461149.7669097222	2461149.7665625	2461149.767536728	2461149.7683246853	1.373894537093588	46.637328506307625	-5	NaN	9.7292975	55.95251944444445	1.5183961608525596	0	0.0005689338521691	0	2668.8448139685697	0	16015808.630720677	4806.554197518953	9.729318514657804	55.95246296975443	24318342.337835565	5455.535621530427	11.246537257488637	0.0004067425878344	59264	9.708092676330532	56.18725776172956	16015808.630720677	4806.554197518953	11.7	0.0003257947879307	65220
W Ursae Majoris_60sec_2x2__0185_Processed_I.fits	65220	61149.767673611175	2461149.767673611	2461149.767326389	2461149.7683005594	2461149.769088517	1.3773734115326253	46.48361133732814	-5	NaN	9.7292975	55.95251944444445	1.5893072086853588	0	0.0006322564873577	0	2513.7064474060912	0	14498581.352011353	4677.903789578003	9.7293136909144	55.95249033708685	23042699.85846276	5362.551704509113	11.19698036689148	0.0004318405197757	59264	9.708085921874737	56.18724550781942	14498581.352011353	4677.903789578003	11.7	0.000350251531925	65220
W Ursae Majoris_60sec_2x2__0186_Processed_I.fits	65220	61149.76843750011	2461149.7684375	2461149.768090278	2461149.7690643906	2461149.769852348	1.3808815779000951	46.32981815786472	-4.9	NaN	9.7292975	55.95251944444445	1.5776691141885237	0	0.0006128294566844	0	2574.4015679732697	0	15041108.469579488	4727.406118733801	9.72931273443464	55.95247313650279	23729892.275614973	5416.530528908619	11.204960191267647	0.0004216612517966	59264	9.708087951641625	56.18724048772813	15041108.469579488	4727.406118733801	11.7	0.0003411922434555	65220
W Ursae Majoris_60sec_2x2__0187_Processed_I.fits	65220	61149.76920138905	2461149.769201389	2461149.768854167	2461149.7698282218	2461149.7706161793	1.384419266749251	46.17595205933564	-5	NaN	9.7292975	55.95251944444445	1.5531526543756904	0	0.0005908750189581	0	2628.563747904512	0	15592890.853168804	4780.036432433397	9.729312454797064	55.95247540638686	24218139.81798955	5456.189518309145	11.221964641916792	0.0004129744737888	59264	9.708086453817858	56.18726105957772	15592890.853168804	4780.036432433397	11.7	0.0003327839170188	65220
W Ursae Majoris_60sec_2x2__0188_Processed_I.fits	65220	61149.76995370351	2461149.7699537035	2461149.7696064813	2461149.7705804794	2461149.771368437	1.387932434116232	46.024349054550626	-4.9	NaN	9.7292975	55.95251944444445	1.5302850583440126	0	0.0005621813782659	0	2722.048643916879	0	16499256.501753572	4862.48916157054	9.729314361738568	55.95246329458004	25248565.698418796	5537.859499435354	11.23806915541585	0.0003987940562203	59264	9.708088399614194	56.187250454783644	16499256.501753572	4862.48916157054	11.7	0.0003199297336925	65220
W Ursae Majoris_60sec_2x2__0189_Processed_I.fits	65220	61149.770717592444	2461149.7707175924	2461149.7703703702	2461149.771344311	2461149.772132268	1.3915294143251826	45.870347267400795	-4.9	NaN	9.7292975	55.95251944444445	1.5333939530135303	0	0.0005608474381023	0	2734.066073657863	0	16597517.598461801	4872.21088752564	9.729311259926595	55.95246772622056	25450533.12051698	5552.955413020991	11.235865634325314	0.0003970415004108	59264	9.70808899644773	56.18726223759969	16597517.598461801	4872.21088752564	11.7	0.0003186717198214	65220
W Ursae Majoris_60sec_2x2__0190_Processed_I.fits	65220	61149.77148148138	2461149.7714814814	2461149.771134259	2461149.7721081423	2461149.7728960994	1.3951566215468947	45.71628161920681	-5	NaN	9.7292975	55.95251944444445	1.5685702584615415	0	0.0005926294493032	0	2646.7976917208543	0	15761423.503748247	4809.841429030357	9.729310921152772	55.95246960465236	24722900.138996202	5507.065689143182	11.211240059679238	0.0004101300058033	59264	9.708086497655518	56.18724869017242	15761423.503748247	4809.841429030357	11.7	0.0003312786005114	65220
W Ursae Majoris_60sec_2x2__0191_Processed_I.fits	65220	61149.77224537032	2461149.7722453703	2461149.771898148	2461149.7728719735	2461149.7736599306	1.398814297417722	45.56215508948306	-4.9	NaN	9.7292975	55.95251944444445	1.6041999942591896	0	0.0006218414195661	0	2579.757384733978	0	15080324.032884903	4749.39281052907	9.729310852635786	55.95248777828383	24191855.72698068	5467.177242200149	11.186853723875279	0.0004207860133534	59264	9.70808604559046	56.18725752604104	15080324.032884903	4749.39281052907	11.7	0.0003418876064668	65220
W Ursae Majoris_60sec_2x2__0192_Processed_I.fits	65220	61149.77299768524	2461149.7729976852	2461149.772650463	2461149.7736242316	2461149.7744121887	1.4024465717034156	45.410307163917516	-5	NaN	9.7292975	55.95251944444445	1.6034221143073208	0	0.0006024684212925	0	2661.4210100299724	0	15807526.489176046	4821.627752635003	9.729308345704471	55.9524726641521	25346137.545243636	5561.272440626781	11.187380327330843	0.0004078769480522	59264	9.708087007327784	56.187245215269016	15807526.489176046	4821.627752635003	11.7	0.0003311218607088	65220
W Ursae Majoris_60sec_2x2__0193_Processed_I.fits	65220	61149.77376157418	2461149.773761574	2461149.773414352	2461149.774388063	2461149.7751760203	1.4061654503473335	45.25606851421558	-4.9	NaN	9.7292975	55.95251944444445	1.659886976174713	0	0.0006494653537667	0	2555.774479035616	0	14776312.48644047	4736.394441037282	9.729309839950055	55.95249340903864	24527008.652130328	5503.41351798637	11.149803706548596	0.0004247338177134	59264	9.708085953325623	56.18725039429067	14776312.48644047	4736.394441037282	11.7	0.0003479657676311	65220
W Ursae Majoris_60sec_2x2__0194_Processed_I.fits	65220	61149.774525463115	2461149.774525463	2461149.774178241	2461149.775151894	2461149.7759398515	1.4099155361127258	45.10177771822838	-4.9	NaN	9.7292975	55.95251944444445	1.6515720532337945	0	0.0006450689626321	0	2560.3030821614743	0	14849166.417537812	4745.389775378906	9.729310090240189	55.95248434545727	24524468.269023232	5507.094190236789	11.155256186419104	0.0004239827053155	59264	9.708086423439855	56.18725665278677	14849166.417537812	4745.389775378906	11.7	0.0003469163357179	65220
W Ursae Majoris_60sec_2x2__0195_Processed_I.fits	65220	61149.77528935205	2461149.775289352	2461149.77494213	2461149.775915725	2461149.7767036827	1.413697082302709	44.94743765100175	-4.9	NaN	9.7292975	55.95251944444445	1.6171477159460377	0	0.0005944567479344	0	2720.3791050656155	0	16304078.701773418	4871.22647167519	9.72931115336035	55.952448540173805	26366103.63317732	5646.354661915956	11.178125770750045	0.000399038757348	59264	9.70808799327842	56.187255555194625	16304078.701773418	4871.22647167519	11.7	0.0003243407437686	65220
W Ursae Majoris_60sec_2x2__0196_Processed_I.fits	65220	61149.77605324052	2461149.7760532405	2461149.7757060183	2461149.7766795564	2461149.7774675135	1.4175103429099185	44.7930512566059	-4.9	NaN	9.7292975	55.95251944444445	1.6015146160818647	0	0.0005739781009426	0	2790.201600813302	0	16971825.935028575	4929.305671536126	9.72931130462673	55.95243993666344	27180627.296545524	5707.462750340689	11.188672733579487	0.0003890549301506	59264	9.70808746969261	56.18724986093498	16971825.935028575	4929.305671536126	11.7	0.0003152959849375	65220
W Ursae Majoris_60sec_2x2__0197_Processed_I.fits	65220	61149.77680555545	2461149.7768055554	2461149.7764583332	2461149.7774318145	2461149.7782197716	1.421297081231719	44.64096132042775	-4.9	NaN	9.7292975	55.95251944444445	1.6306787239735026	0	0.0006100182716736	0	2673.1637390132996	0	15888244.997237	4842.65312655743	9.729313230636274	55.952468439938876	25908623.07827282	5619.390953603413	11.169078987879848	0.0004060855527839	59264	9.708088073498327	56.18725082248064	15888244.997237	4842.65312655743	11.7	0.0003308762364109	65220
W Ursae Majoris_60sec_2x2__0198_Processed_I.fits	65220	61149.777569444384	2461149.7775694444	2461149.777222222	2461149.7781956457	2461149.7789836028	1.4251740684960532	44.48649103824603	-4.9	NaN	9.7292975	55.95251944444445	1.634737035437577	0	0.0006090951131907	0	2683.878100538779	0	15997405.030521598	4860.061585841357	9.729311333036717	55.95246473139264	26151550.474289056	5641.151871447302	11.16638024549603	0.0004044647127378	59264	9.708086795271567	56.1872477655105	15997405.030521598	4860.061585841357	11.7	0.0003297999536528	65220
W Ursae Majoris_60sec_2x2__0199_Processed_I.fits	65220	61149.77832175931	2461149.7783217593	2461149.777974537	2461149.778947904	2461149.779735861	1.4290240778483219	44.33432398936269	-5	NaN	9.7292975	55.95251944444445	1.6502183130894468	0	0.0006273739123901	0	2630.358515868946	0	15518471.03195198	4823.275882843248	9.729313902998996	55.95247223612739	25608865.088075243	5606.644303053126	11.156146494164805	0.0004126927431791	59264	9.70808687552334	56.1872673443894	15518471.03195198	4823.275882843248	11.7	0.0003374038323119	65220
W Ursae Majoris_60sec_2x2__0200_Processed_I.fits	65220	61149.779085648246	2461149.7790856482	2461149.778738426	2461149.779711735	2461149.780499692	1.4329658358245254	44.17978085648006	-4.9	NaN	9.7292975	55.95251944444445	1.6601641242284295	0	0.0006360957202455	0	2609.9281466439465	0	15347217.245068032	4815.732977524781	9.729311697088573	55.95245519851345	25478899.47700182	5602.137622046884	11.149622438449041	0.0004159226598256	59264	9.708086575567583	56.18725387000289	15347217.245068032	4815.732977524781	11.7	0.0003406347484733	65220
W Ursae Majoris_60sec_2x2__0201_Processed_I.fits	65220	61149.77984953718	2461149.779849537	2461149.779502315	2461149.780475566	2461149.7812635237	1.4369406306642447	44.02520510802071	-5	NaN	9.7292975	55.95251944444445	1.6888107160568326	0	0.0006609136092987	0	2555.2669702909147	0	14846389.430259967	4779.295411299587	9.729313618644822	55.95246868037804	25072741.564575925	5579.659516416789	11.131047559877501	0.000424818158788	59264	9.708088359466567	56.18724661785479	14846389.430259967	4779.295411299587	11.7	0.0003494599844764	65220
W Ursae Majoris_60sec_2x2__0202_Processed_I.fits	65220	61149.78061342612	2461149.780613426	2461149.780266204	2461149.7812393974	2461149.782027355	1.440948737594137	43.87059945287358	-5	NaN	9.7292975	55.95251944444445	1.7248276326797451	0	0.0006764986829558	0	2549.639306234203	0	14695976.234725004	4763.156704551891	9.729312864346484	55.952466098152605	25348025.898858525	5598.488627206256	11.108135747007674	0.000425755650296	59264	9.708087491729154	56.18724867043222	14695976.234725004	4763.156704551891	11.7	0.0003518441851867	65220
W Ursae Majoris_60sec_2x2__0203_Processed_I.fits	65220	61149.78137731459	2461149.7813773146	2461149.7810300924	2461149.7820032286	2461149.7827911857	1.4449904326810192	43.71596667198386	-5	NaN	9.7292975	55.95251944444445	1.7188376905317087	0	0.0006589611249842	0	2608.405299436861	0	15211426.796047632	4812.973498568576	9.729310966385954	55.95245357513613	26145973.70381066	5660.162668737758	11.111912829274976	0.0004161654385407	59264	9.708087680185253	56.18725193691054	15211426.796047632	4812.973498568576	11.7	0.0003434781705823	65220
W Ursae Majoris_60sec_2x2__0204_Processed_I.fits	65220	61149.782129629515	2461149.7821296295	2461149.7817824073	2461149.7827554867	2461149.783543444	1.4490039979042308	43.56365269334515	-4.9	NaN	9.7292975	55.95251944444445	1.671110839928199	0	0.0005997214205928	0	2786.478492424519	0	16900839.13320697	4966.095099763956	9.729313158442135	55.952426519982836	28243175.479384877	5819.165004456635	11.14248685914929	0.0003895746663845	59264	9.708090169941697	56.18725079276686	16900839.13320697	4966.095099763956	11.7	0.0003189828145741	65220
W Ursae Majoris_60sec_2x2__0205_Processed_I.fits	65220	61149.78289351845	2461149.7828935185	2461149.7825462963	2461149.783519318	2461149.784307275	1.453113206122995	43.40897366365297	-4.9	NaN	9.7292975	55.95251944444445	1.6935539496794862	0	0.0006049283165177	0	2799.5944369549015	0	16952740.613324136	4971.8345547538165	9.729309150698608	55.95244464109916	28710380.823586926	5854.178044318382	11.128002409897203	0.0003877498565651	59264	9.708089648310372	56.1872600528032	16952740.613324136	4971.8345547538165	11.7	0.0003183738541684	65220
W Ursae Majoris_60sec_2x2__0206_Processed_I.fits	65220	61149.78364583338	2461149.7836458334	2461149.783298611	2461149.784271576	2461149.785059533	1.4571938158809314	43.256619337977156	-4.9	NaN	9.7292975	55.95251944444445	1.7247435616238467	0	0.0006320791005649	0	2728.68310324207	0	16273103.275831902	4920.135705792111	9.729311194188801	55.95242939228193	28066930.102631003	5812.725231318939	11.108188668941468	0.000397824614851	59264	9.708090530990846	56.187248073965016	16273103.275831902	4920.135705792111	11.7	0.0003282202524104	65220
W Ursae Majoris_60sec_2x2__0207_Processed_I.fits	65220	61149.78440972231	2461149.7844097223	2461149.7840625	2461149.785035407	2461149.7858233643	1.461371672192877	43.10190448638736	-4.9	NaN	9.7292975	55.95251944444445	1.724174224691791	0	0.0006226467815356	0	2769.1048533800854	0	16660106.867139792	4961.240926295019	9.729312225488428	55.95243945640985	28724926.840933137	5868.132023691627	11.108547129052003	0.0003920184553505	59264	9.708090924834782	56.187263419970016	16660106.867139792	4961.240926295019	11.7	0.0003232750578509	65220
W Ursae Majoris_60sec_2x2__0208_Processed_I.fits	65220	61149.78516203724	2461149.7851620372	2461149.784814815	2461149.7857876653	2461149.7865756224	1.4655204601257257	42.94951991005685	-5	NaN	9.7292975	55.95251944444445	1.7142115260140587	0	0.0005967870268928	0	2872.4007874957147	0	17572542.776865087	5032.542515804178	9.72930915032917	55.95243299567797	30123055.369477227	5962.896484513819	11.114838972787283	0.0003779233242047	59264	9.708091054644456	56.18726072412852	17572542.776865087	5032.542515804178	11.7	0.0003108958913746	65220
W Ursae Majoris_60sec_2x2__0209_Processed_I.fits	65220	61149.78592592571	2461149.7859259257	2461149.7855787035	2461149.786551496	2461149.787339453	1.4697681268612461	42.79477950309599	-5	NaN	9.7292975	55.95251944444445	1.781257271288655	0	0.0006509593737373	0	2736.3570495374133	0	16217246.46735779	4922.741650362758	9.729309267155491	55.95244019839285	28887088.190261316	5878.418241930166	11.073183374514544	0.0003967091438046	59264	9.708087829734385	56.18724478829418	16217246.46735779	4922.741650362758	11.7	0.000329524978552	65220
W Ursae Majoris_60sec_2x2__0210_Processed_I.fits	65220	61149.786689814646	2461149.7866898146	2461149.7863425924	2461149.787315327	2461149.788103285	1.4740514193567207	42.64002988335232	-5	NaN	9.7292975	55.95251944444445	1.831320170991124	0	0.0006859474628155	0	2669.7673951213947	0	15559464.121090408	4872.391130309404	9.72930789726286	55.95244850540397	28494360.494765546	5856.116802433758	11.04308930262775	0.0004066020576931	59264	9.70808845237798	56.187256889442494	15559464.121090408	4872.391130309404	11.7	0.000339941227581	65220
W Ursae Majoris_60sec_2x2__0211_Processed_I.fits	65220	61149.78744212957	2461149.7874421296	2461149.7870949074	2461149.788067586	2461149.788855543	1.4783049295805963	42.48761848358926	-4.9	NaN	9.7292975	55.95251944444445	1.9226236177374385	0	0.0007703520591891	0	2495.772672771445	0	13976500.068444677	4737.126071815385	9.72930399920412	55.95245353322152	26871549.12490066	5742.311707193469	10.990264317665126	0.0004349429576028	59264	9.70808310130741	56.187269418337365	13976500.068444677	4737.126071815385	11.7	0.0003679317309207	65220
W Ursae Majoris_60sec_2x2__0212_Processed_I.fits	65220	61149.78820601851	2461149.7882060185	2461149.7878587963	2461149.788831417	2461149.789619374	1.4826598403906137	42.332858221427585	-4.9	NaN	9.7292975	55.95251944444445	2.015102087409627	0	0.0008407016603275	0	2396.928877985907	0	13089393.070049467	4667.515089287289	9.729305454589474	55.95246644552337	26376463.298381783	5712.290416702197	10.939257367758051	0.0004528752575184	59264	9.708083653408341	56.187237861272514	13089393.070049467	4667.515089287289	11.7	0.0003870910414731	65220
W Ursae Majoris_60sec_2x2__0213_Processed_I.fits	65220	61149.78895833343	2461149.7889583334	2461149.788611111	2461149.789583675	2461149.790371632	1.4869844893304534	42.180441181386456	-4.9	NaN	9.7292975	55.95251944444445	1.9907485033419356	0	0.0008200193637798	0	2427.684749010953	0	13386269.166547323	4700.573881416671	9.729301964296798	55.95246668364175	26648695.308636382	5738.35506380799	10.952459005267714	0.0004471390492614	59264	9.708082753713548	56.18725680943413	13386269.166547323	4700.573881416671	11.7	0.0003811881662892	65220
W Ursae Majoris_60sec_2x2__0214_Processed_I.fits	65220	61149.78972222237	2461149.7897222224	2461149.789375	2461149.7903475063	2461149.7911354634	1.4914122556053204	42.02568007141064	-4.9	NaN	9.7292975	55.95251944444445	2.032568034524217	0	0.0008479706213567	0	2396.979309580526	0	13089514.206177153	4675.004180145328	9.72930110180523	55.95242953041665	26605328.162926316	5736.40999092538	10.929887271746864	0.0004528657311705	59264	9.708079532935594	56.18726293125476	13089514.206177153	4675.004180145328	11.7	0.0003877084359663	65220
W Ursae Majoris_60sec_2x2__0215_Processed_I.fits	65220	61149.79047453683	2461149.790474537	2461149.7901273146	2461149.791099764	2461149.791887721	1.4958092737222695	41.87326706127713	-4.9	NaN	9.7292975	55.95251944444445	2.050868645826524	0	0.0008522714319331	0	2406.3562017735157	0	13141785.724090416	4682.461007320698	9.729303622271171	55.95246170742404	26952076.291707657	5764.415525452469	10.920155386157987	0.0004511014075443	59264	9.70808160998923	56.18726601247106	13141785.724090416	4682.461007320698	11.7	0.0003867824401228	65220
W Ursae Majoris_60sec_2x2__0216_Processed_I.fits	65220	61149.791238425765	2461149.7912384258	2461149.7908912036	2461149.791863595	2461149.7926515522	1.5003111628267833	41.71851475649193	-5	NaN	9.7292975	55.95251944444445	1.9933288464262175	0	0.0008013032626852	0	2487.6085487865503	0	13900116.487535005	4762.192587812471	9.729301744243145	55.95244492718379	27707503.1632882	5826.657452948992	10.951052620776114	0.0004363701173338	59264	9.70808203941961	56.18725828632407	13900116.487535005	4762.192587812471	11.7	0.0003719105093167	65220
W Ursae Majoris_60sec_2x2__0217_Processed_I.fits	65220	61149.7920023147	2461149.7920023147	2461149.7916550925	2461149.7926274263	2461149.7934153834	1.5048508861750338	41.56377050132786	-4.9	NaN	9.7292975	55.95251944444445	2.052858130301785	0	0.0008428400592852	0	2435.643759081357	0	13428926.79450534	4727.511125742741	9.72930181802861	55.95245137463074	27567681.551327772	5824.238586368247	10.919102657450322	0.0004456782223775	59264	9.708083585608971	56.18725297005487	13428926.79450534	4727.511125742741	11.7	0.0003821546426589	65220
