HJD,UT Date,Camera,FWHM,Limit,mag,mag_err,flux(mJy),flux_err,Filter
2457419.72429,2016-02-01.2249605,be,1.43,16.071,>16.071,99.990,0.017,0.286,V
2457419.72559,2016-02-01.2262574,be,1.45,15.997,>15.997,99.990,0.654,0.306,V
2457419.72688,2016-02-01.2275488,bf,1.49,99.990,99.990,99.990,99.990,99.990,V
2457419.72688,2016-02-01.2275498,be,1.43,15.899,>15.899,99.990,1.149,0.335,V
2457420.64150,2016-02-02.1421687,be,1.48,16.168,>16.168,99.990,0.546,0.262,V
2457420.64281,2016-02-02.1434739,be,1.49,16.079,>16.079,99.990,0.886,0.284,V
2457420.64409,2016-02-02.1447597,be,1.51,16.179,>16.179,99.990,0.934,0.259,V
2457422.72266,2016-02-04.2233275,be,1.49,16.272,>16.272,99.990,0.319,0.238,V
2457422.72394,2016-02-04.2246002,be,1.48,16.173,>16.173,99.990,0.507,0.261,V
2457422.72523,2016-02-04.2258907,be,1.43,15.988,>15.988,99.990,0.214,0.309,V
2457423.66089,2016-02-05.1615518,be,1.58,15.738,>15.738,99.990,0.281,0.389,V
2457423.66182,2016-02-05.1624844,be,1.47,15.731,>15.731,99.990,1.265,0.391,V
2457423.66276,2016-02-05.1634247,be,1.48,15.839,>15.839,99.990,0.494,0.354,V
2457424.64754,2016-02-06.1481989,be,1.45,16.149,>16.149,99.990,0.974,0.266,V
2457424.64882,2016-02-06.1494848,be,1.41,16.097,>16.097,99.990,0.973,0.279,V
2457424.65012,2016-02-06.1507731,be,1.40,16.162,>16.162,99.990,0.368,0.263,V
2457425.64382,2016-02-07.1444754,be,1.44,16.158,>16.158,99.990,0.745,0.264,V
2457425.64511,2016-02-07.1457666,be,1.49,15.967,>15.967,99.990,1.245,0.315,V
2457425.64640,2016-02-07.1470528,be,1.49,16.138,>16.138,99.990,0.445,0.269,V
2457426.59070,2016-02-08.0913508,be,1.42,16.098,>16.098,99.990,0.393,0.279,V
2457426.59197,2016-02-08.0926282,be,1.51,16.250,>16.250,99.990,0.278,0.243,V
2457426.59326,2016-02-08.0939146,be,1.45,16.155,>16.155,99.990,1.289,0.265,V
2457428.70344,2016-02-10.2040913,be,1.45,16.198,>16.198,99.990,0.340,0.254,V
2457428.70344,2016-02-10.2040902,bf,1.41,99.990,99.990,99.990,99.990,99.990,V
2457428.70472,2016-02-10.2053678,be,1.48,16.136,>16.136,99.990,0.817,0.269,V
2457428.70601,2016-02-10.2066571,bf,1.42,99.990,99.990,99.990,99.990,99.990,V
2457428.70601,2016-02-10.2066564,be,1.48,16.125,>16.125,99.990,0.956,0.272,V
2457429.67676,2016-02-11.1774032,bf,1.45,99.990,99.990,99.990,99.990,99.990,V
2457429.67676,2016-02-11.1774037,be,1.59,15.997,>15.997,99.990,0.613,0.306,V
2457429.67804,2016-02-11.1786901,be,1.66,16.103,>16.103,99.990,0.507,0.278,V
2457429.67933,2016-02-11.1799804,be,1.54,16.121,>16.121,99.990,0.784,0.273,V
2457430.67679,2016-02-12.1774377,be,1.50,15.821,>15.821,99.990,1.326,0.360,V
2457430.67808,2016-02-12.1787261,be,1.45,15.661,>15.661,99.990,0.503,0.418,V
2457433.67800,2016-02-15.1786369,bf,1.48,99.990,99.990,99.990,99.990,99.990,V
2457433.67800,2016-02-15.1786375,be,1.69,16.084,>16.084,99.990,0.414,0.283,V
2457433.67929,2016-02-15.1799217,be,1.71,16.095,>16.095,99.990,0.336,0.280,V
2457433.68058,2016-02-15.1812091,be,1.65,16.142,>16.142,99.990,-0.008,0.268,V
2457433.68058,2016-02-15.1812090,bf,1.47,99.990,99.990,99.990,99.990,99.990,V
2457434.67738,2016-02-16.1780075,bf,1.40,99.990,99.990,99.990,99.990,99.990,V
2457434.67738,2016-02-16.1780079,be,1.50,16.223,>16.223,99.990,0.509,0.249,V
2457434.67867,2016-02-16.1792938,be,1.65,16.178,>16.178,99.990,-0.107,0.259,V
2457434.67995,2016-02-16.1805803,be,1.61,16.185,>16.185,99.990,0.655,0.258,V
2457435.68827,2016-02-17.1888885,be,1.64,15.965,>15.965,99.990,0.880,0.315,V
2457435.68955,2016-02-17.1901746,bf,1.47,99.990,99.990,99.990,99.990,99.990,V
2457435.68955,2016-02-17.1901755,be,1.71,16.006,>16.006,99.990,0.369,0.304,V
2457435.69084,2016-02-17.1914631,be,1.67,15.824,>15.824,99.990,-0.273,0.359,V
2457437.54429,2016-02-19.0449093,be,1.59,15.982,>15.982,99.990,0.446,0.310,V
2457437.54558,2016-02-19.0461908,be,1.52,15.888,>15.888,99.990,0.492,0.339,V
2457437.54686,2016-02-19.0474706,be,1.64,15.839,>15.839,99.990,-0.398,0.354,V
2457439.67386,2016-02-21.1744672,be,1.55,15.495,>15.495,99.990,-0.048,0.486,V
2457439.67516,2016-02-21.1757638,bf,1.45,99.990,99.990,99.990,99.990,99.990,V
2457439.67516,2016-02-21.1757641,be,1.41,15.532,>15.532,99.990,-0.073,0.470,V
2457439.67644,2016-02-21.1770421,be,1.59,15.409,>15.409,99.990,0.118,0.526,V
2457440.66514,2016-02-22.1657363,bf,1.37,99.990,99.990,99.990,99.990,99.990,V
2457440.66514,2016-02-22.1657368,be,1.42,15.337,>15.337,99.990,-0.655,0.562,V
2457440.66643,2016-02-22.1670230,be,1.40,15.372,>15.372,99.990,0.904,0.545,V
2457440.66773,2016-02-22.1683337,be,1.42,15.393,>15.393,99.990,0.445,0.534,V
2457441.57660,2016-02-23.0771920,be,1.50,15.484,>15.484,99.990,0.138,0.491,V
2457441.57789,2016-02-23.0784817,be,1.46,15.349,>15.349,99.990,-0.159,0.557,V
2457441.57918,2016-02-23.0797695,be,1.43,15.400,>15.400,99.990,0.236,0.531,V
2457444.66181,2016-02-26.1623814,bf,1.59,99.990,99.990,99.990,99.990,99.990,V
2457444.66181,2016-02-26.1623813,be,1.45,15.779,>15.779,99.990,0.557,0.375,V
2457444.66310,2016-02-26.1636789,bf,1.71,99.990,99.990,99.990,99.990,99.990,V
2457444.66310,2016-02-26.1636791,be,1.42,15.611,>15.611,99.990,-0.557,0.437,V
2457444.66439,2016-02-26.1649703,be,1.52,15.782,>15.782,99.990,0.016,0.373,V
2457445.63190,2016-02-27.1324736,be,1.44,15.733,>15.733,99.990,-0.345,0.391,V
2457445.63190,2016-02-27.1324738,bf,1.39,99.990,99.990,99.990,99.990,99.990,V
2457445.63324,2016-02-27.1338069,be,1.52,15.905,>15.905,99.990,0.762,0.333,V
2457445.63453,2016-02-27.1350987,be,1.48,15.907,>15.907,99.990,0.425,0.333,V
2457447.64207,2016-02-29.1426278,be,1.46,16.017,>16.017,99.990,-0.112,0.301,V
2457448.64691,2016-03-01.1474571,bf,1.48,99.990,99.990,99.990,99.990,99.990,V
2457448.64691,2016-03-01.1474570,be,1.43,16.086,>16.086,99.990,0.573,0.282,V
2457448.64820,2016-03-01.1487484,bf,1.51,99.990,99.990,99.990,99.990,99.990,V
2457448.64820,2016-03-01.1487480,be,1.46,15.987,>15.987,99.990,0.080,0.309,V
2457448.64948,2016-03-01.1500361,bf,1.42,99.990,99.990,99.990,99.990,99.990,V
2457448.64948,2016-03-01.1500356,be,1.40,16.145,>16.145,99.990,0.214,0.267,V
2457449.62529,2016-03-02.1258349,bf,1.47,99.990,99.990,99.990,99.990,99.990,V
2457449.62659,2016-03-02.1271366,bf,1.56,99.990,99.990,99.990,99.990,99.990,V
2457449.62788,2016-03-02.1284243,bf,1.53,99.990,99.990,99.990,99.990,99.990,V
2457452.63969,2016-03-05.1402135,be,1.63,16.228,>16.228,99.990,0.132,0.248,V
2457452.64098,2016-03-05.1415061,be,1.67,16.008,>16.008,99.990,0.792,0.303,V
2457452.64227,2016-03-05.1427939,be,1.66,16.063,>16.063,99.990,0.126,0.288,V
2457458.60254,2016-03-11.1030130,bh,1.32,16.539,>16.539,99.990,0.455,0.186,V
2457458.60381,2016-03-11.1042869,bh,1.34,16.451,>16.451,99.990,0.019,0.202,V
2457458.61682,2016-03-11.1173004,be,1.48,15.988,>15.988,99.990,-0.698,0.309,V
2457458.61810,2016-03-11.1185744,be,1.49,15.949,>15.949,99.990,-0.001,0.320,V
2457458.61938,2016-03-11.1198594,be,1.40,15.968,>15.968,99.990,-0.126,0.314,V
2457461.54038,2016-03-14.0408322,bh,1.40,16.323,>16.323,99.990,-0.066,0.227,V
2457461.54167,2016-03-14.0421184,bh,1.43,16.386,>16.386,99.990,0.073,0.214,V
2457461.54296,2016-03-14.0434101,bh,1.44,16.452,>16.452,99.990,0.060,0.201,V
2457461.59505,2016-03-14.0955001,be,1.55,15.669,>15.669,99.990,-0.020,0.414,V
2457461.59634,2016-03-14.0967909,be,1.49,15.638,>15.638,99.990,-0.567,0.426,V
2457461.59763,2016-03-14.0980791,be,1.50,15.763,>15.763,99.990,-0.246,0.380,V
2457463.52711,2016-03-16.0275461,be,2.27,16.285,>16.285,99.990,0.338,0.235,V
2457463.52840,2016-03-16.0288321,be,2.25,16.021,>16.021,99.990,0.613,0.300,V
2457463.52970,2016-03-16.0301315,be,2.22,16.092,>16.092,99.990,0.082,0.281,V
2457466.59458,2016-03-19.0949910,be,1.67,15.488,>15.488,99.990,-0.160,0.490,V
2457466.59458,2016-03-19.0949910,bf,1.53,99.990,99.990,99.990,99.990,99.990,V
2457466.59552,2016-03-19.0959296,be,1.67,15.478,>15.478,99.990,0.840,0.494,V
2457466.59646,2016-03-19.0968662,be,1.74,15.561,>15.561,99.990,0.260,0.458,V
2457467.55924,2016-03-20.0596402,be,1.54,15.773,>15.773,99.990,0.835,0.377,V
2457467.56053,2016-03-20.0609297,be,1.48,15.703,>15.703,99.990,-0.852,0.402,V
2457467.56182,2016-03-20.0622177,be,1.56,15.780,>15.780,99.990,-0.211,0.374,V
2457469.59809,2016-03-22.0984680,be,1.53,15.478,>15.478,99.990,0.201,0.494,V
2457469.59939,2016-03-22.0997707,bf,1.46,99.990,99.990,99.990,99.990,99.990,V
2457469.59939,2016-03-22.0997708,be,1.46,15.459,>15.459,99.990,0.184,0.503,V
2457469.60068,2016-03-22.1010591,be,1.45,15.455,>15.455,99.990,0.096,0.505,V
2457471.57571,2016-03-24.0760674,be,1.62,15.343,>15.343,99.990,0.883,0.559,V
2457471.57701,2016-03-24.0773697,bf,1.63,99.990,99.990,99.990,99.990,99.990,V
2457471.57701,2016-03-24.0773697,be,1.59,15.363,>15.363,99.990,0.835,0.549,V
2457471.57830,2016-03-24.0786641,be,1.65,15.321,>15.321,99.990,-0.153,0.571,V
2457476.56544,2016-03-29.0657467,be,1.41,16.058,>16.058,99.990,-0.305,0.290,V
2457476.56674,2016-03-29.0670432,be,1.48,16.061,>16.061,99.990,-0.065,0.289,V
2457476.56802,2016-03-29.0683302,bf,1.48,99.990,99.990,99.990,99.990,99.990,V
2457476.56802,2016-03-29.0683296,be,1.49,16.066,>16.066,99.990,0.061,0.287,V
2457479.48600,2016-03-31.9862751,be,1.40,15.934,>15.934,99.990,0.345,0.325,V
2457479.48731,2016-03-31.9875886,be,1.43,16.039,>16.039,99.990,-0.303,0.295,V
2457479.48864,2016-03-31.9889144,be,1.42,15.812,>15.812,99.990,0.774,0.363,V
2457480.57140,2016-04-02.0716694,be,1.54,14.696,>14.696,99.990,-0.593,1.016,V
2457480.57270,2016-04-02.0729687,be,1.51,99.990,99.990,99.990,99.990,99.990,V
2457481.55139,2016-04-03.0516412,be,1.53,15.947,>15.947,99.990,-0.020,0.321,V
2457481.55284,2016-04-03.0530938,bf,1.42,99.990,99.990,99.990,99.990,99.990,V
2457481.55284,2016-04-03.0530945,be,1.50,15.987,>15.987,99.990,-0.033,0.309,V
2457481.55414,2016-04-03.0543922,be,1.46,15.922,>15.922,99.990,0.095,0.328,V
2457485.52052,2016-04-07.0207372,be,1.49,16.107,>16.107,99.990,-0.288,0.277,V
2457485.52181,2016-04-07.0220236,be,1.49,16.100,>16.100,99.990,0.160,0.279,V
2457485.52309,2016-04-07.0233039,be,1.48,16.045,>16.045,99.990,0.442,0.293,V
2457496.52281,2016-04-18.0228962,be,1.66,15.755,>15.755,99.990,-0.261,0.383,V
2457496.52410,2016-04-18.0241837,bf,1.64,99.990,99.990,99.990,99.990,99.990,V
2457496.52410,2016-04-18.0241843,be,1.65,99.990,99.990,99.990,99.990,99.990,V
2457496.52539,2016-04-18.0254787,be,1.75,15.409,>15.409,99.990,-0.730,0.527,V
2457581.94672,2016-07-12.4460545,be,1.51,15.092,>15.092,99.990,0.404,0.705,V
2457581.94801,2016-07-12.4473486,be,1.54,15.063,>15.063,99.990,-0.512,0.724,V
2457581.94931,2016-07-12.4486462,be,1.50,14.651,>14.651,99.990,-0.153,1.059,V
2457585.93705,2016-07-16.4363748,be,1.62,16.237,>16.237,99.990,0.244,0.246,V
2457585.93834,2016-07-16.4376626,be,1.60,16.056,>16.056,99.990,-0.177,0.290,V
2457585.93963,2016-07-16.4389521,be,1.53,16.011,>16.011,99.990,-0.130,0.302,V
2457589.92568,2016-07-20.4250019,be,1.74,15.432,>15.432,99.990,0.007,0.516,V
2457589.92700,2016-07-20.4263172,be,1.69,15.424,>15.424,99.990,-0.798,0.519,V
2457589.92828,2016-07-20.4276012,be,1.78,15.457,>15.457,99.990,-0.156,0.504,V
2457592.92271,2016-07-23.4220232,be,1.45,15.656,>15.656,99.990,0.160,0.419,V
2457592.92400,2016-07-23.4233171,be,1.51,15.745,>15.745,99.990,-0.225,0.386,V
2457592.92529,2016-07-23.4246009,be,1.48,15.751,>15.751,99.990,0.341,0.384,V
2457599.90934,2016-07-30.4086590,be,1.44,16.154,>16.154,99.990,-0.094,0.265,V
2457599.91063,2016-07-30.4099449,be,1.44,16.100,>16.100,99.990,-0.119,0.279,V
2457599.91194,2016-07-30.4112487,be,1.46,16.104,>16.104,99.990,0.068,0.277,V
2457603.89887,2016-08-03.3981906,be,1.50,15.672,>15.672,99.990,-0.228,0.413,V
2457603.90016,2016-08-03.3994821,be,1.43,15.414,>15.414,99.990,-1.517,0.524,V
2457603.90146,2016-08-03.4007817,be,1.49,15.317,>15.317,99.990,-0.272,0.573,V
2457604.89533,2016-08-04.3946475,be,1.56,16.165,>16.165,99.990,-0.094,0.262,V
2457604.89662,2016-08-04.3959381,be,1.61,16.151,>16.151,99.990,0.353,0.266,V
2457604.89791,2016-08-04.3972280,be,1.58,16.206,>16.206,99.990,0.251,0.253,V
2457606.89213,2016-08-06.3914533,be,1.54,16.227,>16.227,99.990,0.174,0.248,V
2457606.89341,2016-08-06.3927298,be,1.59,16.188,>16.188,99.990,0.243,0.257,V
2457606.89470,2016-08-06.3940253,be,1.52,16.153,>16.153,99.990,0.215,0.265,V
2457608.88644,2016-08-08.3857645,be,1.49,16.086,>16.086,99.990,1.183,0.282,V
2457608.88773,2016-08-08.3870547,be,1.46,16.142,>16.142,99.990,0.337,0.268,V
2457608.88902,2016-08-08.3883414,be,1.48,16.188,>16.188,99.990,-0.244,0.257,V
2457610.88334,2016-08-10.3826666,be,1.63,16.192,>16.192,99.990,-0.380,0.256,V
2457610.88462,2016-08-10.3839552,be,1.67,16.298,>16.298,99.990,0.012,0.232,V
2457610.88591,2016-08-10.3852390,be,1.70,16.091,>16.091,99.990,-0.072,0.281,V
2457615.86537,2016-08-15.3647113,be,1.53,15.304,>15.304,99.990,-0.765,0.580,V
2457615.86665,2016-08-15.3659951,be,1.49,14.467,>14.467,99.990,-0.019,1.254,V
2457615.86794,2016-08-15.3672858,be,1.53,14.127,>14.127,99.990,2.139,1.715,V
2457616.86584,2016-08-16.3651887,be,1.48,15.940,>15.940,99.990,0.727,0.323,V
2457616.86714,2016-08-16.3664978,be,1.44,15.881,>15.881,99.990,-0.642,0.341,V
2457616.86843,2016-08-16.3677829,be,1.49,15.579,>15.579,99.990,0.762,0.450,V
2457617.86210,2016-08-17.3614497,be,1.59,15.615,>15.615,99.990,0.858,0.436,V
2457617.86338,2016-08-17.3627373,be,1.54,15.496,>15.496,99.990,0.664,0.486,V
2457617.86467,2016-08-17.3640254,be,1.57,15.686,>15.686,99.990,0.097,0.408,V
2457620.85297,2016-08-20.3523379,be,2.28,15.653,>15.653,99.990,0.602,0.420,V
2457621.85341,2016-08-21.3527854,be,1.44,15.505,>15.505,99.990,-0.588,0.482,V
2457622.85596,2016-08-22.3553378,be,2.02,15.862,>15.862,99.990,-0.025,0.347,V
2457622.85724,2016-08-22.3566181,be,2.00,15.843,>15.843,99.990,1.126,0.353,V
2457622.85853,2016-08-22.3579072,be,1.99,15.785,>15.785,99.990,0.195,0.373,V
2457625.83895,2016-08-25.3383386,be,1.47,16.077,>16.077,99.990,0.163,0.285,V
2457625.84024,2016-08-25.3396363,be,1.42,16.053,>16.053,99.990,0.863,0.291,V
2457625.84154,2016-08-25.3409274,be,1.46,16.021,>16.021,99.990,-0.231,0.300,V
2457626.87688,2016-08-26.3762762,be,1.49,16.032,>16.032,99.990,-0.220,0.296,V
2457626.87818,2016-08-26.3775782,be,1.56,15.899,>15.899,99.990,1.033,0.335,V
2457626.87948,2016-08-26.3788806,be,1.51,16.153,>16.153,99.990,-0.232,0.265,V
2457630.82493,2016-08-30.3243534,be,1.45,16.054,>16.054,99.990,0.305,0.291,V
2457630.82622,2016-08-30.3256370,be,1.41,16.134,>16.134,99.990,0.107,0.270,V
2457630.82751,2016-08-30.3269274,be,1.47,16.103,>16.103,99.990,-0.262,0.278,V
2457632.87898,2016-09-01.3784121,be,1.47,16.200,>16.200,99.990,0.356,0.254,V
2457632.88027,2016-09-01.3797015,be,1.48,16.175,>16.175,99.990,0.327,0.260,V
2457632.88157,2016-09-01.3810004,be,1.48,16.230,>16.230,99.990,0.024,0.247,V
2457635.89608,2016-09-04.3955351,be,1.56,16.275,>16.275,99.990,0.097,0.237,V
2457635.89738,2016-09-04.3968280,be,1.62,16.178,>16.178,99.990,-0.127,0.259,V
2457635.89866,2016-09-04.3981167,be,1.62,16.136,>16.136,99.990,-0.133,0.270,V
2457638.80570,2016-09-07.3051760,be,1.42,16.075,>16.075,99.990,-0.091,0.285,V
2457638.80700,2016-09-07.3064777,be,1.44,15.921,>15.921,99.990,-0.075,0.329,V
2457638.80829,2016-09-07.3077660,be,1.50,16.048,>16.048,99.990,-0.075,0.292,V
2457639.80200,2016-09-08.3014879,be,1.48,16.018,>16.018,99.990,-0.122,0.300,V
2457639.80329,2016-09-08.3027708,be,1.47,16.113,>16.113,99.990,0.044,0.275,V
2457639.80459,2016-09-08.3040718,be,1.38,16.158,>16.158,99.990,-0.036,0.264,V
2457642.84480,2016-09-11.3443090,be,1.57,15.992,>15.992,99.990,0.172,0.308,V
2457642.84609,2016-09-11.3455938,be,1.53,15.891,>15.891,99.990,0.056,0.338,V
2457642.84739,2016-09-11.3468949,be,1.61,16.175,>16.175,99.990,0.312,0.260,V
2457645.78457,2016-09-14.2840986,be,1.86,15.791,>15.791,99.990,0.373,0.370,V
2457645.78587,2016-09-14.2854012,be,1.89,15.498,>15.498,99.990,-0.260,0.485,V
2457645.78717,2016-09-14.2866962,be,1.88,15.561,>15.561,99.990,0.406,0.458,V
2457649.77595,2016-09-18.2755152,be,1.48,15.559,>15.559,99.990,1.976,0.459,V
2457649.77722,2016-09-18.2767895,be,1.46,15.512,>15.512,99.990,0.315,0.479,V
2457649.77852,2016-09-18.2780827,be,1.51,15.519,>15.519,99.990,0.131,0.476,V
2457651.78678,2016-09-20.2863685,be,1.44,15.631,>15.631,99.990,-0.531,0.429,V
2457651.78807,2016-09-20.2876553,be,1.49,15.797,>15.797,99.990,0.406,0.368,V
2457651.78936,2016-09-20.2889453,be,1.46,15.891,>15.891,99.990,-0.093,0.338,V
2457654.76596,2016-09-23.2655674,be,1.53,15.941,>15.941,99.990,0.817,0.322,V
2457654.76725,2016-09-23.2668560,be,1.50,15.906,>15.906,99.990,0.241,0.333,V
2457654.76853,2016-09-23.2681459,be,1.56,16.066,>16.066,99.990,0.203,0.287,V
2457656.77744,2016-09-25.2770738,be,1.53,16.139,>16.139,99.990,0.329,0.269,V
2457656.77873,2016-09-25.2783657,be,1.41,16.162,>16.162,99.990,-0.132,0.263,V
2457656.78003,2016-09-25.2796674,be,1.51,16.122,>16.122,99.990,-0.008,0.273,V
2457658.80926,2016-09-27.3089113,be,1.42,16.068,>16.068,99.990,0.762,0.287,V
2457658.81054,2016-09-27.3101869,be,1.43,16.187,>16.187,99.990,-0.099,0.257,V
2457658.81187,2016-09-27.3115262,be,1.47,16.188,>16.188,99.990,0.002,0.257,V
2457661.74291,2016-09-30.2425873,be,1.45,16.009,>16.009,99.990,0.148,0.303,V
2457662.73957,2016-10-01.2392633,be,1.43,16.344,>16.344,99.990,-0.142,0.223,V
2457662.74086,2016-10-01.24055,be,1.43,16.006,>16.006,99.990,0.200,0.304,V
2457662.74216,2016-10-01.2418517,be,1.46,16.105,>16.105,99.990,0.053,0.277,V
2457666.73327,2016-10-05.2329997,be,1.51,16.143,>16.143,99.990,-0.041,0.268,V
2457666.73456,2016-10-05.2342942,be,1.47,16.072,>16.072,99.990,-0.126,0.286,V
2457666.73586,2016-10-05.2355967,be,1.61,16.129,>16.129,99.990,0.209,0.271,V
2457668.87916,2016-10-07.3789133,be,1.57,16.161,>16.161,99.990,-0.202,0.263,V
2457668.88044,2016-10-07.3802003,be,1.62,16.168,>16.168,99.990,0.217,0.262,V
2457668.88175,2016-10-07.3815027,be,1.64,16.169,>16.169,99.990,0.611,0.261,V
2457670.71954,2016-10-09.2193208,be,1.73,16.112,>16.112,99.990,0.677,0.276,V
2457670.72084,2016-10-09.2206237,be,1.59,16.090,>16.090,99.990,0.540,0.281,V
2457670.72215,2016-10-09.2219241,be,1.66,16.073,>16.073,99.990,0.754,0.286,V
2457672.72048,2016-10-11.2202776,be,1.46,14.899,>14.899,99.990,1.691,0.842,V
2457672.72176,2016-10-11.2215648,be,1.38,15.232,>15.232,99.990,-0.597,0.620,V
2457672.72305,2016-10-11.2228552,be,1.42,15.372,>15.372,99.990,-0.925,0.545,V
2457673.74660,2016-10-12.2464140,be,1.65,15.786,>15.786,99.990,-0.973,0.372,V
2457673.74790,2016-10-12.2477079,be,1.55,15.589,>15.589,99.990,0.241,0.446,V
2457673.74917,2016-10-12.2489790,be,1.59,15.594,>15.594,99.990,0.599,0.444,V
2457674.87813,2016-10-13.3779512,be,1.74,15.889,>15.889,99.990,-0.084,0.338,V
2457674.87942,2016-10-13.3792390,be,1.73,16.082,>16.082,99.990,-0.138,0.283,V
2457674.88070,2016-10-13.3805244,be,1.69,16.119,>16.119,99.990,0.646,0.274,V
2457683.82547,2016-10-22.3253920,be,1.68,16.020,>16.020,99.990,-0.970,0.300,V
2457683.82676,2016-10-22.3266858,be,1.66,15.880,>15.880,99.990,0.269,0.341,V
2457683.82806,2016-10-22.3279841,be,1.76,15.897,>15.897,99.990,0.190,0.336,V
2457687.67308,2016-10-26.1730515,be,1.61,16.239,>16.239,99.990,0.179,0.245,V
2457689.66620,2016-10-28.1661962,be,1.43,16.180,>16.180,99.990,0.313,0.259,V
2457689.66749,2016-10-28.1674859,be,1.44,16.115,>16.115,99.990,0.430,0.275,V
2457689.66888,2016-10-28.1688785,be,1.53,16.070,>16.070,99.990,0.091,0.286,V
2457691.71692,2016-10-30.2169408,be,1.80,16.162,>16.162,99.990,-0.394,0.263,V
2457694.77445,2016-11-02.2745072,be,1.47,16.205,>16.205,99.990,0.319,0.253,V
2457694.77573,2016-11-02.2757871,be,1.48,16.192,>16.192,99.990,0.103,0.256,V
2457694.77702,2016-11-02.2770743,be,1.44,16.081,>16.081,99.990,0.732,0.283,V
2457698.72123,2016-11-06.2213306,be,1.46,16.224,>16.224,99.990,-0.377,0.248,V
2457699.65535,2016-11-07.1554680,be,1.59,15.855,>15.855,99.990,0.611,0.349,V
2457699.65664,2016-11-07.1567533,be,1.62,16.011,>16.011,99.990,-0.357,0.302,V
2457699.65795,2016-11-07.1580655,be,1.64,15.975,>15.975,99.990,0.020,0.313,V
2457700.77440,2016-11-08.2745243,be,2.03,16.211,>16.211,99.990,-0.470,0.252,V
2457700.77570,2016-11-08.2758222,be,2.02,16.073,>16.073,99.990,-0.254,0.286,V
2457700.77698,2016-11-08.2771090,be,2.02,16.088,>16.088,99.990,-0.032,0.282,V
2457702.65478,2016-11-10.1549288,be,2.03,15.845,>15.845,99.990,-0.525,0.352,V
2457702.65607,2016-11-10.1562234,be,2.01,15.812,>15.812,99.990,-0.083,0.363,V
2457702.65737,2016-11-10.1575135,be,2.01,15.823,>15.823,99.990,0.735,0.360,V
2457704.70564,2016-11-12.2058167,be,2.01,15.654,>15.654,99.990,0.542,0.420,V
2457704.70694,2016-11-12.2071121,be,2.02,15.700,>15.700,99.990,0.062,0.403,V
2457704.70824,2016-11-12.2084143,be,2.04,15.548,>15.548,99.990,0.625,0.463,V
2457708.63712,2016-11-16.1373372,be,2.10,15.498,>15.498,99.990,-0.733,0.485,V
2457708.63841,2016-11-16.1386243,be,2.17,15.472,>15.472,99.990,-0.360,0.497,V
2457708.63985,2016-11-16.1400609,be,2.17,15.538,>15.538,99.990,-0.314,0.467,V
2457710.67625,2016-11-18.1764859,be,1.50,15.882,>15.882,99.990,0.645,0.341,V
2457710.67754,2016-11-18.1777739,be,1.49,15.773,>15.773,99.990,-0.431,0.376,V
2457710.67887,2016-11-18.1791098,be,1.47,15.885,>15.885,99.990,0.285,0.340,V
2457713.65440,2016-11-21.1546697,be,1.57,16.201,>16.201,99.990,-0.449,0.254,V
2457713.65569,2016-11-21.1559611,be,1.64,16.116,>16.116,99.990,0.061,0.275,V
2457713.65699,2016-11-21.1572568,be,1.65,16.123,>16.123,99.990,0.199,0.273,V
2457717.73628,2016-11-25.2365928,be,1.45,16.116,>16.116,99.990,0.321,0.274,V
2457717.73756,2016-11-25.2378776,be,1.48,16.065,>16.065,99.990,0.482,0.288,V
2457717.73885,2016-11-25.2391675,be,1.51,16.006,>16.006,99.990,-0.049,0.304,V
2457718.66953,2016-11-26.1698526,be,1.74,16.022,>16.022,99.990,-0.228,0.299,V
2457718.67082,2016-11-26.1711424,be,1.69,16.072,>16.072,99.990,-0.204,0.286,V
2457718.67211,2016-11-26.1724390,be,1.72,16.041,>16.041,99.990,-0.087,0.294,V
2457721.70524,2016-11-29.2055984,be,1.44,16.270,>16.270,99.990,0.197,0.238,V
2457721.70654,2016-11-29.2068908,be,1.46,16.206,>16.206,99.990,-0.402,0.253,V
2457721.70782,2016-11-29.2081782,be,1.47,16.032,>16.032,99.990,-0.291,0.296,V
2457725.58987,2016-12-03.0902640,be,1.53,16.183,>16.183,99.990,-0.235,0.258,V
2457725.59116,2016-12-03.0915526,be,1.41,16.161,>16.161,99.990,0.494,0.263,V
2457725.59245,2016-12-03.0928474,be,1.42,16.216,>16.216,99.990,-0.142,0.250,V
2457729.58864,2016-12-07.0890666,be,1.62,15.916,>15.916,99.990,0.339,0.330,V
2457729.58994,2016-12-07.0903672,be,1.68,15.970,>15.970,99.990,0.650,0.314,V
2457729.59122,2016-12-07.0916517,be,1.58,16.029,>16.029,99.990,0.356,0.298,V
2457730.77184,2016-12-08.2722755,be,2.14,15.990,>15.990,99.990,-0.393,0.308,V
2457730.77312,2016-12-08.2735646,be,2.08,16.129,>16.129,99.990,-0.749,0.271,V
2457730.77441,2016-12-08.2748468,be,2.12,16.095,>16.095,99.990,0.083,0.280,V
2457737.78411,2016-12-15.2846107,bf,1.51,99.990,99.990,99.990,99.990,99.990,V
2457737.78411,2016-12-15.2846106,be,1.41,15.348,>15.348,99.990,-0.109,0.557,V
2457737.78540,2016-12-15.2858981,be,1.43,15.473,>15.473,99.990,-0.785,0.496,V
2457737.78669,2016-12-15.2871891,be,1.48,15.577,>15.577,99.990,0.872,0.451,V
2457740.78483,2016-12-18.2853561,be,1.65,15.896,>15.896,99.990,0.302,0.336,V
2457740.78612,2016-12-18.2866471,be,1.62,15.937,>15.937,99.990,0.144,0.324,V
2457740.78741,2016-12-18.2879359,be,1.61,15.824,>15.824,99.990,0.421,0.359,V
2457742.64448,2016-12-20.1450120,be,1.48,16.227,>16.227,99.990,-0.059,0.248,V
2457742.64576,2016-12-20.1462995,be,1.48,16.254,>16.254,99.990,0.712,0.242,V
2457742.64706,2016-12-20.1475927,be,1.48,16.197,>16.197,99.990,0.139,0.255,V
2457745.67555,2016-12-23.1761105,be,1.52,16.013,>16.013,99.990,0.039,0.302,V
2457745.67686,2016-12-23.1774134,be,1.49,16.190,>16.190,99.990,-0.161,0.256,V
2457745.67814,2016-12-23.1786965,be,1.54,16.127,>16.127,99.990,0.585,0.272,V
2457749.53755,2016-12-27.0381353,be,1.65,15.849,>15.849,99.990,0.689,0.351,V
2457749.53884,2016-12-27.0394232,be,1.68,16.034,>16.034,99.990,0.172,0.296,V
2457749.54013,2016-12-27.0407118,be,1.77,16.017,>16.017,99.990,0.214,0.301,V
2457750.58910,2016-12-28.0896866,be,1.46,16.193,>16.193,99.990,0.599,0.256,V
2457750.59040,2016-12-28.0909877,be,1.45,16.099,>16.099,99.990,0.585,0.279,V
2457750.59169,2016-12-28.0922774,be,1.53,16.138,>16.138,99.990,0.123,0.269,V
2457753.54623,2016-12-31.0468363,be,2.01,16.111,>16.111,99.990,0.321,0.276,V
2457753.54752,2016-12-31.0481244,be,1.90,16.070,>16.070,99.990,0.056,0.286,V
2457753.54883,2016-12-31.0494282,be,1.93,16.085,>16.085,99.990,0.400,0.282,V
2457756.61390,2017-01-03.1145219,be,2.00,16.206,>16.206,99.990,0.250,0.253,V
2457756.61520,2017-01-03.1158182,be,1.84,16.202,>16.202,99.990,-0.046,0.254,V
2457756.61649,2017-01-03.1171075,be,1.84,16.201,>16.201,99.990,-0.113,0.254,V
2457759.57046,2017-01-06.0710866,be,1.44,15.938,>15.938,99.990,-0.750,0.323,V
2457759.57174,2017-01-06.0723703,be,1.48,16.073,>16.073,99.990,-0.117,0.286,V
2457759.57303,2017-01-06.0736618,be,1.47,15.997,>15.997,99.990,-0.123,0.306,V
2457762.63308,2017-01-09.1337190,be,1.50,15.839,>15.839,99.990,-0.165,0.354,V
2457762.63436,2017-01-09.1350037,be,1.51,15.903,>15.903,99.990,0.007,0.334,V
2457762.63566,2017-01-09.1363030,be,1.47,15.848,>15.848,99.990,-0.528,0.351,V
2457764.66492,2017-01-11.1655680,be,1.48,15.597,>15.597,99.990,0.054,0.443,V
2457764.66620,2017-01-11.1668440,be,1.45,15.478,>15.478,99.990,-0.283,0.494,V
2457764.66748,2017-01-11.1681329,be,1.49,15.551,>15.551,99.990,0.190,0.462,V
2457766.74238,2017-01-13.2430302,be,1.48,15.379,>15.379,99.990,0.303,0.541,V
2457766.74367,2017-01-13.2443210,bf,1.61,99.990,99.990,99.990,99.990,99.990,V
2457766.74367,2017-01-13.2443212,be,1.55,15.361,>15.361,99.990,-0.150,0.550,V
2457766.74496,2017-01-13.2456089,bf,1.58,99.990,99.990,99.990,99.990,99.990,V
2457766.74496,2017-01-13.2456094,be,1.61,15.411,>15.411,99.990,-1.756,0.526,V
2457768.70826,2017-01-15.2089182,bf,1.55,99.990,99.990,99.990,99.990,99.990,V
2457768.70826,2017-01-15.2089185,be,1.59,15.616,>15.616,99.990,0.296,0.435,V
2457770.76749,2017-01-17.2681527,bf,1.62,99.990,99.990,99.990,99.990,99.990,V
2457770.76749,2017-01-17.2681524,be,1.68,15.735,>15.735,99.990,0.742,0.390,V
2457770.76878,2017-01-17.2694488,bf,1.47,99.990,99.990,99.990,99.990,99.990,V
2457770.76878,2017-01-17.2694480,be,1.63,15.669,>15.669,99.990,-0.438,0.414,V
2457770.77007,2017-01-17.2707379,be,1.64,15.728,>15.728,99.990,-0.305,0.392,V
2457771.61996,2017-01-18.1206275,be,1.53,16.182,>16.182,99.990,0.200,0.258,V
2457771.62125,2017-01-18.1219160,be,1.44,16.025,>16.025,99.990,0.196,0.298,V
2457771.62254,2017-01-18.1232053,be,1.58,16.046,>16.046,99.990,0.397,0.293,V
2457775.75429,2017-01-22.2549631,bf,1.46,99.990,99.990,99.990,99.990,99.990,V
2457775.75429,2017-01-22.2549629,be,1.55,16.026,>16.026,99.990,0.046,0.298,V
2457775.75559,2017-01-22.2562548,be,1.60,15.926,>15.926,99.990,0.549,0.327,V
2457775.75559,2017-01-22.2562550,bf,1.49,99.990,99.990,99.990,99.990,99.990,V
2457775.75687,2017-01-22.2575393,be,1.52,16.098,>16.098,99.990,-0.494,0.279,V
2457776.61060,2017-01-23.1112699,be,1.65,14.466,>14.466,99.990,3.939,1.255,V
2457776.61189,2017-01-23.1125596,be,1.61,14.193,>14.193,99.990,3.755,1.614,V
2457776.61319,2017-01-23.1138609,be,1.71,14.332,>14.332,99.990,1.628,1.420,V
2457778.55061,2017-01-25.0512761,be,1.46,15.924,>15.924,99.990,0.484,0.328,V
2457778.55189,2017-01-25.0525645,be,1.47,15.953,>15.953,99.990,0.066,0.319,V
2457778.55318,2017-01-25.0538508,be,1.42,15.979,>15.979,99.990,0.045,0.311,V
2457780.58219,2017-01-27.0828606,be,1.51,15.948,>15.948,99.990,0.150,0.321,V
2457780.58350,2017-01-27.0841715,be,1.44,16.121,>16.121,99.990,-0.324,0.273,V
2457780.58481,2017-01-27.0854846,be,1.39,16.028,>16.028,99.990,0.331,0.298,V
2457782.68835,2017-01-29.1890182,bf,1.47,99.990,99.990,99.990,99.990,99.990,V
2457782.68835,2017-01-29.1890212,be,1.42,16.065,>16.065,99.990,-0.210,0.288,V
2457782.68965,2017-01-29.1903226,be,1.49,15.939,>15.939,99.990,0.136,0.323,V
2457782.69095,2017-01-29.1916234,be,1.45,16.075,>16.075,99.990,0.100,0.285,V
2457782.69095,2017-01-29.1916241,bf,1.43,99.990,99.990,99.990,99.990,99.990,V
2457784.56813,2017-01-31.0688015,be,1.46,16.114,>16.114,99.990,0.155,0.275,V
2457784.56943,2017-01-31.0701020,be,1.50,16.151,>16.151,99.990,0.179,0.266,V
2457784.57075,2017-01-31.0714157,be,1.45,16.197,>16.197,99.990,0.383,0.255,V
2457787.54274,2017-02-03.0433989,be,1.43,15.813,>15.813,99.990,-0.735,0.363,V
2457787.54404,2017-02-03.0447032,be,1.49,15.835,>15.835,99.990,0.017,0.356,V
2457787.54536,2017-02-03.0460216,be,1.48,15.795,>15.795,99.990,0.123,0.369,V
2457789.71403,2017-02-05.2146872,be,1.61,15.919,>15.919,99.990,-0.264,0.329,V
2457789.71534,2017-02-05.2160025,bf,1.49,99.990,99.990,99.990,99.990,99.990,V
2457789.71534,2017-02-05.2160017,be,1.57,16.149,>16.149,99.990,0.123,0.266,V
2457789.71664,2017-02-05.2172971,bf,1.43,99.990,99.990,99.990,99.990,99.990,V
2457789.71664,2017-02-05.2172961,be,1.56,16.012,>16.012,99.990,0.013,0.302,V
2457790.71348,2017-02-06.2141418,be,1.59,15.902,>15.902,99.990,-0.044,0.334,V
2457790.71481,2017-02-06.2154678,be,1.56,15.866,>15.866,99.990,0.280,0.345,V
2457790.71481,2017-02-06.2154668,bf,1.45,99.990,99.990,99.990,99.990,99.990,V
2457790.71612,2017-02-06.2167746,be,1.59,15.897,>15.897,99.990,-0.143,0.336,V
2457790.71612,2017-02-06.2167747,bf,1.51,99.990,99.990,99.990,99.990,99.990,V
2457794.63030,2017-02-10.1309480,be,1.67,15.390,>15.390,99.990,-0.994,0.536,V
2457794.63160,2017-02-10.1322432,bf,1.45,99.990,99.990,99.990,99.990,99.990,V
2457794.63160,2017-02-10.1322427,be,1.65,15.365,>15.365,99.990,0.152,0.548,V
2457794.63292,2017-02-10.1335670,be,1.58,15.445,>15.445,99.990,-0.665,0.509,V
2457798.69441,2017-02-14.1950460,bf,1.40,99.990,99.990,99.990,99.990,99.990,V
2457798.69441,2017-02-14.1950472,be,1.56,15.518,>15.518,99.990,0.726,0.476,V
2457799.68988,2017-02-15.1905040,be,1.52,15.686,>15.686,99.990,-0.088,0.408,V
2457799.68988,2017-02-15.1905052,bf,1.41,99.990,99.990,99.990,99.990,99.990,V
2457799.69118,2017-02-15.1918069,bf,1.47,99.990,99.990,99.990,99.990,99.990,V
2457799.69118,2017-02-15.1918077,be,1.51,15.564,>15.564,99.990,1.356,0.456,V
2457799.69249,2017-02-15.1931215,be,1.43,15.589,>15.589,99.990,-0.137,0.446,V
2457800.56624,2017-02-16.0668633,be,1.65,16.371,>16.371,99.990,-0.516,0.217,V
2457800.56755,2017-02-16.0681736,be,1.68,16.124,>16.124,99.990,-0.437,0.273,V
2457800.56886,2017-02-16.0694868,be,1.62,15.972,>15.972,99.990,-0.425,0.313,V
2457803.60816,2017-02-19.1087753,bf,1.43,99.990,99.990,99.990,99.990,99.990,V
2457803.60816,2017-02-19.1087746,be,1.52,16.210,>16.210,99.990,0.192,0.252,V
2457803.60955,2017-02-19.1101557,be,1.46,16.128,>16.128,99.990,0.096,0.271,V
2457803.61083,2017-02-19.1114438,bf,1.45,99.990,99.990,99.990,99.990,99.990,V
2457803.61083,2017-02-19.1114434,be,1.47,16.119,>16.119,99.990,0.000,0.274,V
2457805.60651,2017-02-21.1071108,be,1.55,16.106,>16.106,99.990,-0.166,0.277,V
2457805.60782,2017-02-21.1084230,be,1.59,16.210,>16.210,99.990,-0.337,0.252,V
2457805.60782,2017-02-21.1084224,bf,1.59,99.990,99.990,99.990,99.990,99.990,V
2457805.60912,2017-02-21.1097199,be,1.52,16.065,>16.065,99.990,0.292,0.288,V
2457807.61041,2017-02-23.1109946,bf,1.45,99.990,99.990,99.990,99.990,99.990,V
2457807.61041,2017-02-23.1109939,be,1.43,16.111,>16.111,99.990,0.155,0.276,V
2457807.61173,2017-02-23.1123207,bf,1.46,99.990,99.990,99.990,99.990,99.990,V
2457807.61173,2017-02-23.1123206,be,1.44,16.107,>16.107,99.990,0.012,0.277,V
2457807.61304,2017-02-23.1136326,be,1.47,16.133,>16.133,99.990,0.100,0.270,V
2457816.63870,2017-03-04.1392258,bf,1.57,99.990,99.990,99.990,99.990,99.990,V
2457816.63870,2017-03-04.1392266,be,1.51,16.092,>16.092,99.990,0.482,0.281,V
2457817.63996,2017-03-05.1404883,be,1.63,15.909,>15.909,99.990,0.017,0.332,V
2457817.63996,2017-03-05.1404878,bf,1.56,99.990,99.990,99.990,99.990,99.990,V
2457817.64127,2017-03-05.1417962,bf,1.53,99.990,99.990,99.990,99.990,99.990,V
2457817.64127,2017-03-05.1417956,be,1.59,16.109,>16.109,99.990,-0.656,0.276,V
2457817.64260,2017-03-05.1431291,bf,1.52,99.990,99.990,99.990,99.990,99.990,V
2457817.64260,2017-03-05.1431287,be,1.73,15.825,>15.825,99.990,0.461,0.359,V
2457821.61349,2017-03-09.1139850,be,1.42,15.658,>15.658,99.990,-0.198,0.418,V
2457821.61349,2017-03-09.1139848,bf,1.65,99.990,99.990,99.990,99.990,99.990,V
2457821.61479,2017-03-09.1152832,bf,1.74,99.990,99.990,99.990,99.990,99.990,V
2457821.61479,2017-03-09.1152835,be,1.51,15.593,>15.593,99.990,-0.100,0.444,V
2457821.61609,2017-03-09.1165832,be,1.44,15.706,>15.706,99.990,-0.196,0.400,V
2457825.59027,2017-03-13.0907363,be,1.46,15.526,>15.526,99.990,0.646,0.473,V
2457825.59027,2017-03-13.0907358,bf,1.46,99.990,99.990,99.990,99.990,99.990,V
2457825.59159,2017-03-13.0920487,be,1.50,15.381,>15.381,99.990,1.113,0.540,V
2457825.59159,2017-03-13.0920484,bf,1.51,99.990,99.990,99.990,99.990,99.990,V
2457825.59290,2017-03-13.0933650,be,1.51,15.412,>15.412,99.990,0.626,0.525,V
2457825.59290,2017-03-13.0933645,bf,1.41,99.990,99.990,99.990,99.990,99.990,V
2457827.59665,2017-03-15.0970927,be,1.55,15.750,>15.750,99.990,0.678,0.385,V
2457827.59665,2017-03-15.0970928,bf,1.52,99.990,99.990,99.990,99.990,99.990,V
2457827.59795,2017-03-15.0983921,be,1.50,15.694,>15.694,99.990,0.261,0.405,V
2457827.59795,2017-03-15.0983920,bf,1.46,99.990,99.990,99.990,99.990,99.990,V
2457827.59925,2017-03-15.0996886,be,1.54,15.754,>15.754,99.990,-0.340,0.383,V
2457830.60559,2017-03-18.1060097,be,1.41,15.893,>15.893,99.990,-0.255,0.337,V
2457830.60559,2017-03-18.1060103,bf,1.43,99.990,99.990,99.990,99.990,99.990,V
2457830.60689,2017-03-18.1073129,be,1.40,16.053,>16.053,99.990,0.045,0.291,V
2457830.60689,2017-03-18.1073123,bf,1.38,99.990,99.990,99.990,99.990,99.990,V
2457830.60819,2017-03-18.1086136,be,1.40,16.096,>16.096,99.990,-0.018,0.280,V
2457830.60819,2017-03-18.1086140,bf,1.42,99.990,99.990,99.990,99.990,99.990,V
2457831.53696,2017-03-19.0373695,be,1.42,16.241,>16.241,99.990,0.429,0.245,V
2457831.53826,2017-03-19.0386658,be,1.44,16.135,>16.135,99.990,-0.020,0.270,V
2457831.53826,2017-03-19.0386650,bf,1.35,99.990,99.990,99.990,99.990,99.990,V
2457831.53956,2017-03-19.0399668,be,1.48,16.107,>16.107,99.990,0.354,0.277,V
2457834.57403,2017-03-22.0744070,be,1.44,16.114,>16.114,99.990,0.411,0.275,V
2457834.57403,2017-03-22.0744071,bf,1.43,99.990,99.990,99.990,99.990,99.990,V
2457834.57533,2017-03-22.0757136,bf,1.43,99.990,99.990,99.990,99.990,99.990,V
2457834.57533,2017-03-22.0757134,be,1.48,16.068,>16.068,99.990,0.033,0.287,V
2457834.57664,2017-03-22.0770256,be,1.49,16.250,>16.250,99.990,0.293,0.243,V
2457835.56904,2017-03-23.0694077,bf,1.45,99.990,99.990,99.990,99.990,99.990,V
2457835.56904,2017-03-23.0694074,be,1.50,16.182,>16.182,99.990,0.089,0.258,V
2457835.57035,2017-03-23.0707214,be,1.56,16.156,>16.156,99.990,0.018,0.265,V
2457835.57166,2017-03-23.0720277,bf,1.44,99.990,99.990,99.990,99.990,99.990,V
2457835.57166,2017-03-23.0720268,be,1.52,16.133,>16.133,99.990,0.425,0.270,V
2457837.58324,2017-03-25.0835929,be,1.51,16.171,>16.171,99.990,0.123,0.261,V
2457837.58455,2017-03-25.0849057,be,1.46,16.123,>16.123,99.990,0.359,0.273,V
2457837.58455,2017-03-25.0849061,bf,1.52,99.990,99.990,99.990,99.990,99.990,V
2457837.58586,2017-03-25.0862129,be,1.48,16.181,>16.181,99.990,0.486,0.259,V
2457837.58586,2017-03-25.0862122,bf,1.52,99.990,99.990,99.990,99.990,99.990,V
2457843.55475,2017-03-31.0550446,be,1.48,16.214,>16.214,99.990,-0.035,0.251,V
2457843.55475,2017-03-31.0550451,bf,1.57,99.990,99.990,99.990,99.990,99.990,V
2457843.55607,2017-03-31.0563557,bf,1.48,99.990,99.990,99.990,99.990,99.990,V
2457843.55607,2017-03-31.0563559,be,1.51,16.242,>16.242,99.990,-0.317,0.244,V
2457843.55736,2017-03-31.0576543,bf,1.50,99.990,99.990,99.990,99.990,99.990,V
2457843.55737,2017-03-31.0576577,be,1.50,16.187,>16.187,99.990,0.190,0.257,V
2457845.51254,2017-04-02.0128087,be,1.44,16.163,>16.163,99.990,0.078,0.263,V
2457845.51384,2017-04-02.0141115,be,1.61,16.102,>16.102,99.990,0.090,0.278,V
2457845.51515,2017-04-02.0154174,be,1.49,16.002,>16.002,99.990,-0.620,0.305,V
2457845.51515,2017-04-02.0154187,bf,1.41,99.990,99.990,99.990,99.990,99.990,V
2457848.55083,2017-04-05.0510663,bf,1.49,99.990,99.990,99.990,99.990,99.990,V
2457848.55083,2017-04-05.0510666,be,1.61,15.952,>15.952,99.990,0.536,0.319,V
2457848.55213,2017-04-05.0523620,be,1.59,15.963,>15.963,99.990,-0.189,0.316,V
2457848.55213,2017-04-05.0523619,bf,1.64,99.990,99.990,99.990,99.990,99.990,V
2457848.55342,2017-04-05.0536598,be,1.63,15.908,>15.908,99.990,0.463,0.332,V
2457848.55342,2017-04-05.0536599,bf,1.55,99.990,99.990,99.990,99.990,99.990,V
2457851.53814,2017-04-08.0383429,bf,1.59,99.990,99.990,99.990,99.990,99.990,V
2457851.53814,2017-04-08.0383435,be,1.69,15.732,>15.732,99.990,-0.405,0.391,V
2457851.53941,2017-04-08.0396184,be,1.70,15.739,>15.739,99.990,-0.422,0.389,V
2457851.53941,2017-04-08.0396188,bf,1.70,99.990,99.990,99.990,99.990,99.990,V
2457851.54068,2017-04-08.0408837,bf,1.71,99.990,99.990,99.990,99.990,99.990,V
2457851.54068,2017-04-08.0408835,be,1.71,15.676,>15.676,99.990,-0.480,0.412,V
2457853.53264,2017-04-10.0328209,bf,1.65,99.990,99.990,99.990,99.990,99.990,V
2457853.53264,2017-04-10.0328211,be,1.81,15.581,>15.581,99.990,-0.922,0.449,V
2457853.53390,2017-04-10.0340841,be,1.78,15.498,>15.498,99.990,-1.017,0.485,V
2457853.53390,2017-04-10.0340836,bf,1.62,99.990,99.990,99.990,99.990,99.990,V
2457853.53516,2017-04-10.0353478,be,1.86,15.678,>15.678,99.990,0.369,0.411,V
2457853.53517,2017-04-10.0353511,bf,1.65,99.990,99.990,99.990,99.990,99.990,V
2457855.52777,2017-04-12.0279309,bf,1.42,99.990,99.990,99.990,99.990,99.990,V
2457855.52777,2017-04-12.0279303,be,1.50,15.836,>15.836,99.990,0.112,0.355,V
2457855.52904,2017-04-12.0291986,bf,1.41,99.990,99.990,99.990,99.990,99.990,V
2457855.52904,2017-04-12.0291990,be,1.54,15.611,>15.611,99.990,-0.162,0.437,V
2457855.53030,2017-04-12.0304589,be,1.44,15.507,>15.507,99.990,-0.187,0.481,V
2457858.48292,2017-04-14.9830476,be,1.57,16.124,>16.124,99.990,0.097,0.272,V
2457858.48418,2017-04-14.9843071,bf,1.54,99.990,99.990,99.990,99.990,99.990,V
2457858.48418,2017-04-14.9843068,be,1.55,16.218,>16.218,99.990,0.516,0.250,V
2457858.48545,2017-04-14.9855730,bf,1.46,99.990,99.990,99.990,99.990,99.990,V
2457858.48545,2017-04-14.9855734,be,1.52,16.065,>16.065,99.990,0.276,0.288,V
2457864.50150,2017-04-21.0015560,bf,1.45,99.990,99.990,99.990,99.990,99.990,V
2457864.50150,2017-04-21.0015560,be,1.46,16.280,>16.280,99.990,0.082,0.236,V
2457864.50276,2017-04-21.0028168,bf,1.39,99.990,99.990,99.990,99.990,99.990,V
2457864.50276,2017-04-21.0028182,be,1.43,16.176,>16.176,99.990,0.797,0.260,V
2457864.50516,2017-04-21.0052173,be,1.44,16.244,>16.244,99.990,-0.244,0.244,V
2457867.48465,2017-04-23.9846711,bf,1.50,99.990,99.990,99.990,99.990,99.990,V
2457867.48465,2017-04-23.9846701,be,1.48,16.085,>16.085,99.990,0.086,0.282,V
2457867.48592,2017-04-23.9859408,be,1.46,16.123,>16.123,99.990,0.715,0.273,V
2457867.48719,2017-04-23.9872096,bf,1.50,99.990,99.990,99.990,99.990,99.990,V
2457867.48719,2017-04-23.9872121,be,1.44,16.071,>16.071,99.990,0.273,0.286,V
2457870.48253,2017-04-26.9825159,be,2.07,16.153,>16.153,99.990,0.414,0.265,V
2457870.48379,2017-04-26.9837831,be,2.03,15.949,>15.949,99.990,-0.711,0.320,V
2457870.48506,2017-04-26.9850472,be,2.04,16.082,>16.082,99.990,0.290,0.283,V
2457870.48506,2017-04-26.9850481,bf,1.57,99.990,99.990,99.990,99.990,99.990,V
2457874.46497,2017-04-30.9649105,be,2.16,16.021,>16.021,99.990,-0.141,0.300,V
2457874.46623,2017-04-30.9661739,bf,2.20,99.990,99.990,99.990,99.990,99.990,V
2457874.46623,2017-04-30.9661736,be,2.19,15.873,>15.873,99.990,0.172,0.343,V
2457874.46749,2017-04-30.9674359,bf,2.07,99.990,99.990,99.990,99.990,99.990,V
2457874.46749,2017-04-30.9674355,be,2.14,15.896,>15.896,99.990,0.648,0.336,V
2457878.45908,2017-05-04.9589754,be,1.68,15.380,>15.380,99.990,-0.122,0.541,V
2457878.45908,2017-05-04.9589751,bf,2.05,99.990,99.990,99.990,99.990,99.990,V
2457878.46034,2017-05-04.9602429,bf,1.96,99.990,99.990,99.990,99.990,99.990,V
2457878.46034,2017-05-04.9602428,be,1.64,15.578,>15.578,99.990,-1.263,0.450,V
2457878.46163,2017-05-04.9615195,be,1.62,15.424,>15.424,99.990,0.115,0.519,V
2457878.46163,2017-05-04.9615201,bf,1.61,99.990,99.990,99.990,99.990,99.990,V
2457945.94942,2017-07-11.4487572,be,1.54,15.281,>15.281,99.990,0.634,0.593,V
2457947.94538,2017-07-13.4447240,be,2.04,15.583,>15.583,99.990,-1.033,0.448,V
2457947.94665,2017-07-13.4459863,be,2.02,15.394,>15.394,99.990,-0.821,0.534,V
2457947.94791,2017-07-13.4472504,be,2.04,15.200,>15.200,99.990,-0.627,0.638,V
2457948.94271,2017-07-14.4420508,be,1.64,15.119,>15.119,99.990,-0.000,0.687,V
2457948.94399,2017-07-14.4433158,be,1.68,14.578,>14.578,99.990,-0.403,1.132,V
2457948.94526,2017-07-14.4445920,be,1.76,14.484,>14.484,99.990,5.140,1.234,V
2457949.93900,2017-07-15.4383392,be,1.64,15.987,>15.987,99.990,-0.793,0.309,V
2457949.94028,2017-07-15.4396061,be,1.77,15.828,>15.828,99.990,-0.458,0.358,V
2457949.94154,2017-07-15.4408689,be,1.75,15.889,>15.889,99.990,0.846,0.338,V
2457953.93664,2017-07-19.4359716,be,1.70,16.121,>16.121,99.990,0.385,0.273,V
2457953.93791,2017-07-19.4372353,be,1.65,16.143,>16.143,99.990,0.225,0.268,V
2457953.93919,2017-07-19.4385128,be,1.60,16.040,>16.040,99.990,-0.001,0.294,V
2457956.91841,2017-07-22.4177219,be,1.44,16.110,>16.110,99.990,-0.033,0.276,V
2457956.91966,2017-07-22.4189787,be,1.46,16.164,>16.164,99.990,0.357,0.263,V
2457956.92092,2017-07-22.4202416,be,1.47,16.371,>16.371,99.990,0.257,0.217,V
2457958.91515,2017-07-24.4144627,be,1.60,16.249,>16.249,99.990,0.527,0.243,V
2457958.91641,2017-07-24.4157277,be,1.48,16.292,>16.292,99.990,0.090,0.233,V
2457958.91767,2017-07-24.4169821,be,1.54,16.041,>16.041,99.990,0.631,0.294,V
2457966.90567,2017-08-01.4049903,be,1.63,16.370,>16.370,99.990,0.172,0.217,V
2457966.90694,2017-08-01.4062563,be,1.59,16.294,>16.294,99.990,0.400,0.233,V
2457966.90821,2017-08-01.4075337,be,1.66,16.334,>16.334,99.990,0.095,0.225,V
2457969.93457,2017-08-04.4338903,be,1.47,16.019,>16.019,99.990,-0.166,0.300,V
2457969.93584,2017-08-04.4351657,be,1.52,15.872,>15.872,99.990,0.741,0.344,V
2457969.93711,2017-08-04.4364296,be,1.42,15.967,>15.967,99.990,-0.478,0.315,V
2457974.88598,2017-08-09.3853072,be,1.51,15.507,>15.507,99.990,1.377,0.481,V
2457974.88726,2017-08-09.3865829,be,1.56,15.710,>15.710,99.990,0.328,0.399,V
2457974.88852,2017-08-09.3878483,be,1.59,15.674,>15.674,99.990,-0.082,0.412,V
2457978.87594,2017-08-13.3752759,be,2.12,15.874,>15.874,99.990,0.495,0.343,V
2457978.87721,2017-08-13.3765523,be,2.08,15.897,>15.897,99.990,-0.399,0.336,V
2457978.87848,2017-08-13.3778121,be,2.07,16.126,>16.126,99.990,-0.249,0.272,V
2457980.86888,2017-08-15.3682280,be,1.48,16.021,>16.021,99.990,0.426,0.300,V
2457980.87015,2017-08-15.3694960,be,1.49,16.127,>16.127,99.990,0.618,0.272,V
2457980.87141,2017-08-15.3707603,be,1.46,16.115,>16.115,99.990,0.332,0.275,V
2457981.88084,2017-08-16.3801894,be,1.49,16.154,>16.154,99.990,-0.691,0.265,V
2457981.88210,2017-08-16.3814445,be,1.52,16.164,>16.164,99.990,-0.358,0.263,V
2457981.88336,2017-08-16.3827103,be,1.43,16.091,>16.091,99.990,-0.110,0.281,V
2457983.85830,2017-08-18.3576578,be,1.51,16.320,>16.320,99.990,0.040,0.228,V
2457983.85957,2017-08-18.3589218,be,1.42,16.184,>16.184,99.990,0.101,0.258,V
2457983.86084,2017-08-18.3601979,be,1.51,16.125,>16.125,99.990,0.222,0.272,V
2457985.85516,2017-08-20.3545354,be,1.49,16.163,>16.163,99.990,0.284,0.263,V
2457985.85644,2017-08-20.3558039,be,1.53,16.234,>16.234,99.990,-0.017,0.246,V
2457985.85770,2017-08-20.3570715,be,1.46,16.272,>16.272,99.990,0.018,0.238,V
2457994.82831,2017-08-29.3277247,be,1.81,16.319,>16.319,99.990,0.657,0.228,V
2457994.82958,2017-08-29.3289872,be,1.76,16.261,>16.261,99.990,0.726,0.240,V
2457994.83084,2017-08-29.3302537,be,1.67,16.191,>16.191,99.990,0.230,0.256,V
2457995.90962,2017-08-30.4090385,be,1.49,15.056,>15.056,99.990,1.031,0.729,V
2457995.91089,2017-08-30.4103059,be,1.57,14.686,>14.686,99.990,0.544,1.025,V
2457995.91215,2017-08-30.4115699,be,1.57,15.149,>15.149,99.990,0.082,0.669,V
2457996.82513,2017-08-31.3245650,be,1.45,14.915,>14.915,99.990,-0.538,0.830,V
2457996.82641,2017-08-31.3258343,be,1.53,14.142,>14.142,99.990,0.684,1.691,V
2457996.82767,2017-08-31.3270952,be,1.43,15.037,>15.037,99.990,0.064,0.742,V
2457999.82696,2017-09-03.3264009,be,2.02,15.728,>15.728,99.990,-0.042,0.392,V
2457999.82822,2017-09-03.3276699,be,1.86,15.898,>15.898,99.990,0.015,0.335,V
2457999.82949,2017-09-03.3289322,be,1.87,15.907,>15.907,99.990,0.186,0.333,V
2458000.85375,2017-09-04.3531995,be,1.58,15.776,>15.776,99.990,0.501,0.375,V
2458000.85502,2017-09-04.3544686,be,1.52,15.712,>15.712,99.990,0.025,0.398,V
2458000.85629,2017-09-04.3557394,be,1.47,15.826,>15.826,99.990,-0.079,0.359,V
2458002.80924,2017-09-06.3087033,be,1.51,14.552,>14.552,99.990,0.434,1.159,V
2458002.81050,2017-09-06.3099709,be,1.58,14.802,>14.802,99.990,-0.225,0.921,V
2458002.81177,2017-09-06.3112341,be,1.57,15.000,>15.000,99.990,-1.204,0.767,V
2458003.80772,2017-09-07.3071923,be,1.61,15.477,>15.477,99.990,-0.247,0.495,V
2458003.80898,2017-09-07.3084546,be,1.46,15.596,>15.596,99.990,-0.822,0.443,V
2458003.81026,2017-09-07.3097334,be,1.46,15.505,>15.505,99.990,-0.904,0.482,V
2458004.82008,2017-09-08.3195616,be,1.45,15.475,>15.475,99.990,0.827,0.495,V
2458004.82134,2017-09-08.3208229,be,1.45,15.410,>15.410,99.990,-0.330,0.526,V
2458004.82261,2017-09-08.3220870,be,1.55,15.532,>15.532,99.990,0.014,0.470,V
2458005.79947,2017-09-09.2989555,be,1.73,15.630,>15.630,99.990,-0.191,0.429,V
2458005.80074,2017-09-09.3002354,be,1.74,15.623,>15.623,99.990,0.708,0.432,V
2458005.80202,2017-09-09.3015144,be,1.71,15.607,>15.607,99.990,-0.131,0.439,V
2458007.79574,2017-09-11.2952372,be,1.63,16.005,>16.005,99.990,-0.642,0.304,V
2458007.79700,2017-09-11.2965045,be,1.64,16.010,>16.010,99.990,0.240,0.303,V
2458007.79827,2017-09-11.2977753,be,1.65,16.028,>16.028,99.990,-0.294,0.298,V
2458008.90299,2017-09-12.4025128,be,2.01,15.915,>15.915,99.990,-0.519,0.330,V
2458008.90426,2017-09-12.4037770,be,2.03,15.944,>15.944,99.990,0.071,0.322,V
2458008.90552,2017-09-12.4050388,be,2.02,15.816,>15.816,99.990,0.225,0.362,V
2458010.88006,2017-09-14.3795947,be,1.44,16.212,>16.212,99.990,0.143,0.251,V
2458010.88133,2017-09-14.3808635,be,1.49,15.963,>15.963,99.990,-0.107,0.316,V
2458010.88260,2017-09-14.3821306,be,1.48,16.150,>16.150,99.990,0.293,0.266,V
2458011.83477,2017-09-15.3343089,be,1.59,16.038,>16.038,99.990,0.155,0.295,V
2458011.83604,2017-09-15.3355767,be,1.66,16.070,>16.070,99.990,-0.096,0.286,V
2458011.83730,2017-09-15.3368405,be,1.62,16.086,>16.086,99.990,-0.179,0.282,V
2458013.78016,2017-09-17.2797127,be,1.63,16.155,>16.155,99.990,0.779,0.265,V
2458015.77709,2017-09-19.2766636,be,1.65,16.183,>16.183,99.990,-0.094,0.258,V
2458015.77837,2017-09-19.2779443,be,1.73,16.274,>16.274,99.990,-0.393,0.237,V
2458015.77964,2017-09-19.2792130,be,1.60,16.114,>16.114,99.990,-0.187,0.275,V
2458016.77452,2017-09-20.2741028,be,1.91,16.212,>16.212,99.990,-0.322,0.251,V
2458016.77578,2017-09-20.2753725,be,1.91,16.220,>16.220,99.990,-0.266,0.249,V
2458016.77707,2017-09-20.2766502,be,1.73,16.197,>16.197,99.990,-0.167,0.255,V
2458017.76976,2017-09-21.2693537,be,1.75,16.180,>16.180,99.990,-0.091,0.259,V
2458017.77107,2017-09-21.2706660,be,1.70,16.193,>16.193,99.990,-0.317,0.256,V
2458017.77236,2017-09-21.2719473,be,1.73,16.144,>16.144,99.990,-0.071,0.267,V
2458018.76622,2017-09-22.2658312,be,1.47,16.285,>16.285,99.990,0.220,0.235,V
2458018.76750,2017-09-22.2671089,be,1.46,16.225,>16.225,99.990,0.330,0.248,V
2458018.76877,2017-09-22.2683824,be,1.48,16.132,>16.132,99.990,-0.023,0.271,V
2458019.76256,2017-09-23.2621769,be,1.43,16.207,>16.207,99.990,0.665,0.252,V
2458019.76382,2017-09-23.2634354,be,1.40,16.191,>16.191,99.990,0.531,0.256,V
2458019.76509,2017-09-23.2646984,be,1.40,16.305,>16.305,99.990,-0.064,0.231,V
2458020.75932,2017-09-24.2589403,be,1.43,16.021,>16.021,99.990,-0.075,0.300,V
2458020.76058,2017-09-24.2601978,be,1.43,16.234,>16.234,99.990,-0.096,0.246,V
2458020.76185,2017-09-24.2614653,be,1.46,16.166,>16.166,99.990,-0.297,0.262,V
2458021.75565,2017-09-25.2552728,be,1.50,16.294,>16.294,99.990,-0.232,0.233,V
2458021.75691,2017-09-25.2565358,be,1.49,16.059,>16.059,99.990,0.335,0.289,V
2458021.75817,2017-09-25.2578009,be,1.40,16.193,>16.193,99.990,0.185,0.256,V
2458022.75145,2017-09-26.2510863,be,1.56,16.091,>16.091,99.990,0.072,0.281,V
2458022.75272,2017-09-26.2523571,be,1.48,16.195,>16.195,99.990,0.469,0.255,V
2458022.75399,2017-09-26.2536300,be,1.50,16.180,>16.180,99.990,0.571,0.259,V
2458023.74820,2017-09-27.2478446,be,1.47,16.086,>16.086,99.990,0.204,0.282,V
2458023.74948,2017-09-27.2491248,be,1.38,16.253,>16.253,99.990,0.174,0.242,V
2458023.75074,2017-09-27.2503879,be,1.44,15.968,>15.968,99.990,-0.025,0.315,V
2458028.74069,2017-10-02.2403921,be,1.43,15.911,>15.911,99.990,0.973,0.331,V
2458028.74195,2017-10-02.2416538,be,1.43,15.926,>15.926,99.990,0.021,0.327,V
2458028.74322,2017-10-02.2429187,be,1.44,15.761,>15.761,99.990,0.689,0.381,V
2458029.73430,2017-10-03.2340133,bi,2.15,16.235,>16.235,99.990,0.175,0.233,g
2458029.73551,2017-10-03.2352285,bi,2.17,16.134,>16.134,99.990,0.183,0.256,g
2458029.73673,2017-10-03.2364480,bi,2.16,16.105,>16.105,99.990,-0.074,0.263,g
2458029.73745,2017-10-03.2371608,be,1.55,15.632,>15.632,99.990,-0.174,0.429,V
2458029.73871,2017-10-03.2384231,be,1.49,15.833,>15.833,99.990,-0.090,0.356,V
2458029.73998,2017-10-03.2396884,be,1.66,15.808,>15.808,99.990,0.313,0.364,V
2458030.73234,2017-10-04.2320605,be,1.49,99.990,99.990,99.990,99.990,99.990,V
2458030.73360,2017-10-04.2333245,be,1.36,99.990,99.990,99.990,99.990,99.990,V
2458030.73487,2017-10-04.2345903,be,1.59,99.990,99.990,99.990,99.990,99.990,V
2458030.82082,2017-10-04.3205438,bi,1.76,14.413,>14.413,99.990,2.503,1.247,g
2458030.82204,2017-10-04.3217671,bi,1.70,14.593,>14.593,99.990,-0.488,1.056,g
2458030.82326,2017-10-04.3229857,bi,1.70,14.346,>14.346,99.990,0.309,1.327,g
2458031.72288,2017-10-05.2226181,bi,2.32,15.041,>15.041,99.990,-1.019,0.700,g
2458031.72410,2017-10-05.2238319,bi,2.31,15.068,>15.068,99.990,0.004,0.682,g
2458031.72532,2017-10-05.2250487,bi,2.33,15.163,>15.163,99.990,1.330,0.625,g
2458031.72899,2017-10-05.2287173,be,1.63,14.847,>14.847,99.990,-0.861,0.883,V
2458031.73026,2017-10-05.2299951,be,1.54,14.710,>14.710,99.990,0.082,1.002,V
2458031.73153,2017-10-05.2312692,be,1.60,14.865,>14.865,99.990,-0.246,0.869,V
2458032.72559,2017-10-06.2253321,be,1.49,15.393,>15.393,99.990,-0.436,0.534,V
2458032.72686,2017-10-06.2266046,be,1.45,15.303,>15.303,99.990,-0.046,0.580,V
2458032.72814,2017-10-06.2278799,be,1.46,15.457,>15.457,99.990,1.334,0.504,V
2458032.81155,2017-10-06.3112934,bi,1.85,15.939,>15.939,99.990,-0.321,0.306,g
2458032.81277,2017-10-06.3125127,bi,1.70,15.855,>15.855,99.990,-0.425,0.330,g
2458032.81398,2017-10-06.3137315,bi,1.69,16.248,>16.248,99.990,0.375,0.230,g
2458033.72979,2017-10-07.2295434,be,1.45,15.781,>15.781,99.990,0.077,0.374,V
2458033.73106,2017-10-07.2308108,be,1.44,15.706,>15.706,99.990,0.316,0.400,V
2458033.73233,2017-10-07.2320847,be,1.38,15.775,>15.775,99.990,0.429,0.376,V
2458033.83521,2017-10-07.3349704,bi,1.73,16.144,>16.144,99.990,-0.304,0.253,g
2458033.83642,2017-10-07.3361846,bi,1.85,16.153,>16.153,99.990,-0.197,0.251,g
2458033.83765,2017-10-07.3374158,bi,1.78,16.216,>16.216,99.990,0.078,0.237,g
2458034.71875,2017-10-08.2185163,be,1.51,15.834,>15.834,99.990,-0.140,0.356,V
2458034.72001,2017-10-08.2197800,be,1.48,15.631,>15.631,99.990,-0.309,0.429,V
2458034.72130,2017-10-08.2210640,be,1.43,15.640,>15.640,99.990,-0.395,0.425,V
2458034.87085,2017-10-08.3706271,bi,2.17,16.259,>16.259,99.990,0.658,0.228,g
2458034.87207,2017-10-08.3718459,bi,2.18,16.283,>16.283,99.990,-0.054,0.223,g
2458034.87329,2017-10-08.3730622,bi,2.15,16.278,>16.278,99.990,0.103,0.224,g
2458035.86022,2017-10-09.3600020,bi,2.12,16.467,>16.467,99.990,-0.026,0.188,g
2458035.86145,2017-10-09.3612223,bi,2.14,16.394,>16.394,99.990,-0.203,0.201,g
2458035.86266,2017-10-09.3624422,bi,2.14,16.369,>16.369,99.990,0.384,0.206,g
2458035.86408,2017-10-09.3638655,be,1.42,15.912,>15.912,99.990,0.341,0.331,V
2458035.86536,2017-10-09.3651313,be,1.55,16.038,>16.038,99.990,0.430,0.295,V
2458035.86662,2017-10-09.3663962,be,1.43,15.902,>15.902,99.990,0.246,0.334,V
2458037.74366,2017-10-11.2434603,bi,2.41,16.681,>16.681,99.990,-0.143,0.154,g
2458037.74488,2017-10-11.2446746,bi,2.42,16.781,>16.781,99.990,0.397,0.141,g
2458037.74609,2017-10-11.2458959,bi,2.43,16.572,>16.572,99.990,0.092,0.171,g
2458038.73993,2017-10-12.2397399,be,2.13,16.109,>16.109,99.990,0.380,0.276,V
2458038.74119,2017-10-12.2410018,be,2.16,15.976,>15.976,99.990,0.031,0.312,V
2458038.74246,2017-10-12.2422700,be,2.16,15.995,>15.995,99.990,-0.354,0.307,V
2458041.71432,2017-10-15.2141690,be,1.69,16.444,>16.444,99.990,0.214,0.203,V
2458041.71559,2017-10-15.2154337,be,1.69,16.179,>16.179,99.990,0.369,0.259,V
2458041.71685,2017-10-15.2166936,be,1.74,16.142,>16.142,99.990,0.167,0.268,V
2458043.71962,2017-10-17.2194857,be,1.87,16.134,>16.134,99.990,0.182,0.270,V
2458043.72138,2017-10-17.2212400,be,1.83,16.099,>16.099,99.990,-0.024,0.279,V
2458043.72265,2017-10-17.2225184,be,1.89,16.371,>16.371,99.990,0.027,0.217,V
2458044.73256,2017-10-18.2324446,be,1.49,14.296,>14.296,99.990,0.491,1.468,V
2458044.73382,2017-10-18.2337070,be,1.42,13.788,>13.788,99.990,2.040,2.342,V
2458044.73510,2017-10-18.2349726,be,1.43,13.928,>13.928,99.990,1.729,2.060,V
2458045.69016,2017-10-19.1900505,be,1.56,16.038,>16.038,99.990,0.125,0.295,V
2458045.69143,2017-10-19.1913331,be,1.68,16.000,>16.000,99.990,-0.156,0.306,V
2458045.69272,2017-10-19.1926090,be,1.64,16.203,>16.203,99.990,0.042,0.253,V
2458046.68687,2017-10-20.1867703,be,1.63,16.363,>16.363,99.990,-0.146,0.219,V
2458046.68815,2017-10-20.1880525,be,1.64,16.249,>16.249,99.990,0.108,0.243,V
2458046.68942,2017-10-20.1893187,be,1.57,16.303,>16.303,99.990,0.399,0.231,V
2458047.68364,2017-10-21.1835586,be,1.70,16.128,>16.128,99.990,0.096,0.272,V
2458047.68491,2017-10-21.1848254,be,1.66,15.998,>15.998,99.990,-0.406,0.306,V
2458047.68618,2017-10-21.1860894,be,1.73,16.067,>16.067,99.990,-0.014,0.287,V
2458048.68442,2017-10-22.1843407,be,1.68,16.234,>16.234,99.990,0.060,0.246,V
2458048.68569,2017-10-22.1856156,be,1.75,16.011,>16.011,99.990,0.118,0.302,V
2458048.68696,2017-10-22.1868820,be,1.62,16.278,>16.278,99.990,0.274,0.237,V
2458050.69518,2017-10-24.1951298,be,1.71,15.196,>15.196,99.990,-1.004,0.640,V
2458050.69644,2017-10-24.1963989,be,1.66,15.753,>15.753,99.990,0.554,0.383,V
2458050.69772,2017-10-24.1976726,be,1.71,14.611,>14.611,99.990,-0.676,1.098,V
2458052.67190,2017-10-26.1718723,be,1.96,16.269,>16.269,99.990,0.166,0.238,V
2458052.67317,2017-10-26.1731436,be,1.92,16.094,>16.094,99.990,-0.164,0.280,V
2458053.67547,2017-10-27.1754554,be,2.09,15.997,>15.997,99.990,0.272,0.306,V
2458053.67676,2017-10-27.1767406,be,2.08,16.015,>16.015,99.990,0.358,0.301,V
2458053.67803,2017-10-27.1780074,be,2.14,16.153,>16.153,99.990,-0.038,0.265,V
2458054.67302,2017-10-28.1730146,be,1.93,14.566,>14.566,99.990,0.307,1.144,V
2458054.67430,2017-10-28.1742875,be,2.12,14.382,>14.382,99.990,1.577,1.356,V
2458055.66979,2017-10-29.1697976,be,2.25,16.005,>16.005,99.990,-0.719,0.304,V
2458055.67106,2017-10-29.1710690,be,2.23,15.832,>15.832,99.990,0.375,0.357,V
2458055.67233,2017-10-29.1723410,be,2.22,16.074,>16.074,99.990,-0.450,0.285,V
2458055.68149,2017-10-29.1814991,bi,2.05,16.606,>16.606,99.990,0.295,0.166,g
2458055.68273,2017-10-29.1827350,bi,2.00,16.655,>16.655,99.990,0.424,0.158,g
2458055.68395,2017-10-29.1839614,bi,2.06,16.796,>16.796,99.990,0.101,0.139,g
2458056.68867,2017-10-30.1886875,bi,2.48,16.549,>16.549,99.990,0.003,0.174,g
2458056.68989,2017-10-30.1899078,bi,2.49,16.493,>16.493,99.990,-0.101,0.184,g
2458056.69270,2017-10-30.1927204,be,1.39,15.931,>15.931,99.990,-0.177,0.325,V
2458056.69397,2017-10-30.1939892,be,1.51,15.950,>15.950,99.990,0.192,0.320,V
2458056.69524,2017-10-30.1952619,be,1.38,15.861,>15.861,99.990,-0.035,0.347,V
2458057.74668,2017-10-31.2467081,bi,1.90,16.413,>16.413,99.990,-0.095,0.198,g
2458057.74792,2017-10-31.2479466,bi,1.76,16.400,>16.400,99.990,-0.122,0.200,g
2458057.74914,2017-10-31.2491686,bi,1.84,16.706,>16.706,99.990,-0.093,0.151,g
2458058.77668,2017-11-01.2767278,bi,2.14,16.409,>16.409,99.990,0.172,0.198,g
2458058.77790,2017-11-01.2779454,bi,2.18,16.406,>16.406,99.990,0.193,0.199,g
2458058.77912,2017-11-01.2791629,bi,2.16,16.431,>16.431,99.990,0.424,0.194,g
2458062.79410,2017-11-05.2941900,bi,1.74,16.029,>16.029,99.990,-0.062,0.281,g
2458062.79531,2017-11-05.2954021,bi,1.76,15.877,>15.877,99.990,0.249,0.324,g
2458062.79653,2017-11-05.2966168,bi,1.70,15.962,>15.962,99.990,0.349,0.299,g
2458063.81035,2017-11-06.3104524,bi,1.76,16.174,>16.174,99.990,-0.383,0.246,g
2458063.81156,2017-11-06.3116724,bi,1.84,16.160,>16.160,99.990,-0.367,0.250,g
2458063.81279,2017-11-06.3128898,bi,1.84,16.265,>16.265,99.990,-0.099,0.226,g
2458074.72015,2017-11-17.2203806,be,1.58,16.404,>16.404,99.990,0.907,0.211,V
2458074.72142,2017-11-17.2216422,be,1.53,16.109,>16.109,99.990,0.770,0.276,V
2458074.72268,2017-11-17.2229130,be,1.49,16.078,>16.078,99.990,-0.025,0.284,V
2458075.72457,2017-11-18.2248037,be,1.68,16.043,>16.043,99.990,0.564,0.293,V
2458075.72583,2017-11-18.2260633,be,1.60,16.084,>16.084,99.990,0.264,0.283,V
2458075.72709,2017-11-18.2273290,be,1.72,16.052,>16.052,99.990,-0.171,0.291,V
2458076.59768,2017-11-19.0979260,be,1.65,16.172,>16.172,99.990,0.048,0.261,V
2458076.59894,2017-11-19.0991836,be,1.57,16.229,>16.229,99.990,-0.022,0.247,V
2458076.60021,2017-11-19.1004592,be,1.54,16.103,>16.103,99.990,-0.009,0.278,V
2458079.58823,2017-11-22.0885093,be,1.51,15.988,>15.988,99.990,0.272,0.309,V
2458079.58950,2017-11-22.0897790,be,1.46,16.092,>16.092,99.990,-0.261,0.281,V
2458079.59076,2017-11-22.0910450,be,1.48,16.191,>16.191,99.990,-0.016,0.256,V
2458080.58980,2017-11-23.0900960,be,1.45,16.125,>16.125,99.990,0.397,0.272,V
2458080.59108,2017-11-23.0913717,be,1.45,16.040,>16.040,99.990,0.233,0.295,V
2458080.59236,2017-11-23.0926494,be,1.52,16.177,>16.177,99.990,0.299,0.259,V
2458081.58285,2017-11-24.0831523,be,1.52,15.985,>15.985,99.990,-0.387,0.310,V
2458081.58413,2017-11-24.0844366,be,1.54,16.247,>16.247,99.990,-0.433,0.243,V
2458081.58540,2017-11-24.0856993,be,1.47,16.098,>16.098,99.990,0.826,0.279,V
2458082.86109,2017-11-25.3614035,be,1.56,15.238,>15.238,99.990,0.538,0.616,V
2458083.85357,2017-11-26.3539012,be,1.56,15.896,>15.896,99.990,-0.093,0.336,V
2458083.85484,2017-11-26.3551656,be,1.50,15.779,>15.779,99.990,0.425,0.374,V
2458083.85613,2017-11-26.3564564,be,1.53,15.653,>15.653,99.990,-0.708,0.420,V
2458084.66328,2017-11-27.1636152,bi,1.42,16.760,>16.760,99.990,-0.228,0.144,g
2458084.66450,2017-11-27.1648303,bi,1.44,16.692,>16.692,99.990,0.106,0.153,g
2458084.66572,2017-11-27.1660476,bi,1.56,16.723,>16.723,99.990,-0.052,0.149,g
2458084.78288,2017-11-27.2832096,be,1.53,16.126,>16.126,99.990,0.056,0.272,V
2458084.78414,2017-11-27.2844706,be,1.52,16.183,>16.183,99.990,0.234,0.258,V
2458084.78541,2017-11-27.2857391,be,1.49,16.237,>16.237,99.990,-0.309,0.246,V
2458085.65198,2017-11-28.1523289,be,1.45,15.985,>15.985,99.990,-0.015,0.310,V
2458085.65324,2017-11-28.1535843,be,1.41,16.136,>16.136,99.990,0.336,0.269,V
2458085.71572,2017-11-28.2160596,bi,1.55,16.841,>16.841,99.990,0.445,0.133,g
2458085.71695,2017-11-28.2172891,bi,1.49,16.665,>16.665,99.990,0.324,0.157,g
2458085.71816,2017-11-28.2184998,bi,1.44,16.691,>16.691,99.990,0.347,0.153,g
2458086.78812,2017-11-29.2884660,be,1.77,16.333,>16.333,99.990,0.434,0.225,V
2458086.78938,2017-11-29.2897340,be,1.71,16.164,>16.164,99.990,0.150,0.263,V
2458086.79065,2017-11-29.2909986,be,1.68,16.130,>16.130,99.990,0.197,0.271,V
2458086.83681,2017-11-29.3371625,bi,1.73,16.877,>16.877,99.990,0.182,0.129,g
2458086.83802,2017-11-29.3383765,bi,1.75,16.984,>16.984,99.990,-0.094,0.117,g
2458086.83924,2017-11-29.3396023,bi,1.74,16.904,>16.904,99.990,0.244,0.126,g
2458087.67145,2017-11-30.1718130,be,1.39,15.919,>15.919,99.990,0.722,0.329,V
2458087.67272,2017-11-30.1730826,be,1.49,15.837,>15.837,99.990,0.017,0.355,V
2458087.67399,2017-11-30.1743541,be,1.48,15.840,>15.840,99.990,0.620,0.354,V
2458087.83373,2017-11-30.3340981,bi,1.56,17.125,>17.125,99.990,0.309,0.103,g
2458087.83495,2017-11-30.3353130,bi,1.48,16.828,>16.828,99.990,0.011,0.135,g
2458087.83616,2017-11-30.3365254,bi,1.57,16.836,>16.836,99.990,0.142,0.134,g
2458088.70657,2017-12-01.2069446,bi,1.44,16.211,>16.211,99.990,0.374,0.238,g
2458088.70779,2017-12-01.2081659,bi,1.51,16.305,>16.305,99.990,-0.247,0.218,g
2458088.70901,2017-12-01.2093825,bi,1.53,16.344,>16.344,99.990,-0.236,0.211,g
2458088.71762,2017-12-01.2179901,be,1.62,15.855,>15.855,99.990,0.263,0.349,V
2458088.71888,2017-12-01.2192589,be,1.66,15.662,>15.662,99.990,0.122,0.417,V
2458088.72015,2017-12-01.2205212,be,1.55,15.708,>15.708,99.990,0.048,0.400,V
2458089.70797,2017-12-02.2083510,bi,1.58,15.985,>15.985,99.990,-0.052,0.293,g
2458089.70919,2017-12-02.2095719,bi,1.54,16.226,>16.226,99.990,-0.061,0.235,g
2458089.71041,2017-12-02.2107917,bi,1.58,16.061,>16.061,99.990,-0.215,0.273,g
2458090.70344,2017-12-03.2038344,be,1.98,15.413,>15.413,99.990,1.443,0.524,V
2458090.70470,2017-12-03.2050952,be,2.01,15.357,>15.357,99.990,1.306,0.552,V
2458090.70597,2017-12-03.2063561,be,2.02,15.410,>15.410,99.990,-0.062,0.526,V
2458090.75974,2017-12-03.2601390,bi,1.74,15.843,>15.843,99.990,0.636,0.334,g
2458090.76097,2017-12-03.2613601,bi,1.72,15.881,>15.881,99.990,0.133,0.323,g
2458090.76219,2017-12-03.2625847,bi,1.78,15.896,>15.896,99.990,0.695,0.318,g
2458091.76780,2017-12-04.2681991,bi,1.53,15.947,>15.947,99.990,-0.069,0.303,g
2458091.76902,2017-12-04.2694175,bi,1.56,15.950,>15.950,99.990,0.008,0.303,g
2458091.77023,2017-12-04.2706339,bi,1.53,15.869,>15.869,99.990,0.456,0.326,g
2458094.55214,2017-12-07.0525701,be,1.47,16.139,>16.139,99.990,-0.532,0.269,V
2458094.55340,2017-12-07.0538337,be,1.53,16.218,>16.218,99.990,0.339,0.250,V
2458094.55467,2017-12-07.0550969,be,1.43,16.288,>16.288,99.990,0.440,0.234,V
2458094.82691,2017-12-07.3273434,bi,1.51,16.330,>16.330,99.990,0.227,0.213,g
2458094.82813,2017-12-07.3285633,bi,1.52,16.295,>16.295,99.990,0.580,0.220,g
2458094.82936,2017-12-07.3297843,bi,1.53,16.346,>16.346,99.990,0.331,0.210,g
2458095.84970,2017-12-08.3501410,bi,1.53,16.381,>16.381,99.990,0.096,0.203,g
2458095.85092,2017-12-08.3513590,bi,1.52,16.270,>16.270,99.990,0.133,0.225,g
2458095.85214,2017-12-08.3525769,bi,1.54,16.169,>16.169,99.990,0.062,0.247,g
2458096.84340,2017-12-09.3438475,bf,1.45,99.990,99.990,99.990,99.990,99.990,V
2458096.84340,2017-12-09.3438467,be,1.45,16.038,>16.038,99.990,0.034,0.295,V
2458096.84466,2017-12-09.3451140,be,1.44,15.907,>15.907,99.990,0.389,0.333,V
2458096.84593,2017-12-09.3463781,be,1.42,15.873,>15.873,99.990,0.573,0.343,V
2458096.86084,2017-12-09.3612968,bi,1.89,15.469,>15.469,99.990,-1.722,0.471,g
2458097.85629,2017-12-10.3567402,bi,1.54,15.923,>15.923,99.990,0.256,0.310,g
2458097.85750,2017-12-10.3579622,bi,1.59,15.878,>15.878,99.990,-1.082,0.324,g
2458101.82507,2017-12-14.3255540,be,1.40,16.319,>16.319,99.990,-0.255,0.228,V
2458101.82634,2017-12-14.3268307,bf,1.49,99.990,99.990,99.990,99.990,99.990,V
2458101.82634,2017-12-14.3268310,be,1.38,16.105,>16.105,99.990,0.471,0.277,V
2458101.82760,2017-12-14.3280945,be,1.49,16.211,>16.211,99.990,-0.045,0.251,V
2458101.85619,2017-12-14.3566722,bi,1.60,15.946,>15.946,99.990,0.307,0.304,g
2458101.86021,2017-12-14.3607012,bi,1.63,15.585,>15.585,99.990,0.450,0.424,g
2458102.85033,2017-12-15.3508269,be,1.43,15.916,>15.916,99.990,-0.000,0.330,V
2458102.85033,2017-12-15.3508273,bf,1.48,99.990,99.990,99.990,99.990,99.990,V
2458102.85160,2017-12-15.3521010,bf,1.38,99.990,99.990,99.990,99.990,99.990,V
2458102.85161,2017-12-15.3521127,be,1.32,15.897,>15.897,99.990,0.407,0.336,V
2458102.85286,2017-12-15.3533601,be,1.57,15.905,>15.905,99.990,0.766,0.333,V
2458103.78204,2017-12-16.2825444,bi,1.77,16.893,>16.893,99.990,0.160,0.127,g
2458103.78327,2017-12-16.2837721,bi,1.67,16.881,>16.881,99.990,0.177,0.128,g
2458103.78449,2017-12-16.2849944,bi,1.75,16.885,>16.885,99.990,0.310,0.128,g
2458103.84695,2017-12-16.3474555,be,1.45,16.064,>16.064,99.990,-0.441,0.288,V
2458103.84695,2017-12-16.3474554,bf,1.40,99.990,99.990,99.990,99.990,99.990,V
2458103.84822,2017-12-16.3487221,be,1.50,16.045,>16.045,99.990,-0.323,0.293,V
2458103.84948,2017-12-16.3499851,bf,1.45,99.990,99.990,99.990,99.990,99.990,V
2458103.84948,2017-12-16.3499847,be,1.52,15.976,>15.976,99.990,0.224,0.312,V
2458104.80145,2017-12-17.3019650,bi,1.60,17.056,>17.056,99.990,0.264,0.109,g
2458104.80267,2017-12-17.3031821,bi,1.58,16.890,>16.890,99.990,0.180,0.127,g
2458104.80389,2017-12-17.3044026,bi,1.45,16.993,>16.993,99.990,0.015,0.116,g
2458104.82518,2017-12-17.3256894,be,1.48,16.111,>16.111,99.990,0.277,0.276,V
2458104.82518,2017-12-17.3256927,bf,1.44,99.990,99.990,99.990,99.990,99.990,V
2458104.82645,2017-12-17.3269692,be,1.53,16.209,>16.209,99.990,0.257,0.252,V
2458104.82772,2017-12-17.3282396,bf,1.49,99.990,99.990,99.990,99.990,99.990,V
2458104.82773,2017-12-17.3282402,be,1.50,16.241,>16.241,99.990,-0.195,0.245,V
2458105.75284,2017-12-18.2533587,be,1.49,16.065,>16.065,99.990,0.548,0.288,V
2458105.75411,2017-12-18.2546325,be,1.50,16.161,>16.161,99.990,0.261,0.263,V
2458105.75538,2017-12-18.2558981,be,1.47,16.126,>16.126,99.990,-0.047,0.272,V
2458105.78642,2017-12-18.2869394,bi,1.47,16.894,>16.894,99.990,0.127,0.127,g
2458105.78764,2017-12-18.2881598,bi,1.55,16.972,>16.972,99.990,0.150,0.118,g
2458105.78886,2017-12-18.2893784,bi,1.50,16.884,>16.884,99.990,0.075,0.128,g
2458106.74942,2017-12-19.2499476,be,1.42,16.146,>16.146,99.990,0.336,0.267,V
2458106.75073,2017-12-19.2512538,be,1.46,16.215,>16.215,99.990,0.165,0.251,V
2458106.75200,2017-12-19.2525335,be,1.41,16.298,>16.298,99.990,0.491,0.232,V
2458106.75200,2017-12-19.2525337,bf,1.41,99.990,99.990,99.990,99.990,99.990,V
2458106.78279,2017-12-19.2833218,bi,1.62,17.065,>17.065,99.990,-0.116,0.108,g
2458106.78401,2017-12-19.2845373,bi,1.61,16.877,>16.877,99.990,-0.207,0.129,g
2458106.78523,2017-12-19.2857570,bi,1.58,16.982,>16.982,99.990,0.371,0.117,g
2458107.80260,2017-12-20.3031378,bi,1.53,16.926,>16.926,99.990,0.089,0.123,g
2458107.80382,2017-12-20.3043543,bi,1.55,16.879,>16.879,99.990,-0.016,0.129,g
2458107.80503,2017-12-20.3055700,bi,1.41,17.014,>17.014,99.990,0.139,0.114,g
2458108.77613,2017-12-21.2766756,bi,2.07,16.938,>16.938,99.990,-0.185,0.122,g
2458108.77735,2017-12-21.2778978,bi,2.12,17.052,>17.052,99.990,0.103,0.110,g
2458108.77794,2017-12-21.2784869,be,1.75,16.147,>16.147,99.990,0.430,0.267,V
2458108.77794,2017-12-21.2784878,bf,1.67,99.990,99.990,99.990,99.990,99.990,V
2458108.77858,2017-12-21.2791141,bi,2.19,17.056,>17.056,99.990,0.015,0.109,g
2458108.77953,2017-12-21.2800704,be,1.91,16.131,>16.131,99.990,-0.265,0.271,V
2458108.78117,2017-12-21.2817157,be,1.70,16.050,>16.050,99.990,0.097,0.292,V
2458108.78117,2017-12-21.2817159,bf,1.79,99.990,99.990,99.990,99.990,99.990,V
2458109.73459,2017-12-22.2351376,be,1.56,16.262,>16.262,99.990,-0.311,0.240,V
2458109.73616,2017-12-22.2367084,be,1.51,16.275,>16.275,99.990,0.018,0.237,V
2458109.73772,2017-12-22.2382706,be,1.41,16.194,>16.194,99.990,0.352,0.255,V
2458109.78761,2017-12-22.2881579,bi,1.82,16.830,>16.830,99.990,0.077,0.135,g
2458109.78884,2017-12-22.2893884,bi,1.87,16.974,>16.974,99.990,-0.023,0.118,g
2458109.79006,2017-12-22.2906054,bi,1.81,16.826,>16.826,99.990,0.053,0.135,g
2458110.77303,2017-12-23.2735883,bi,1.72,16.832,>16.832,99.990,0.152,0.134,g
2458110.77425,2017-12-23.2748078,bi,1.78,16.842,>16.842,99.990,0.233,0.133,g
2458110.77547,2017-12-23.2760241,bi,1.83,17.147,>17.147,99.990,0.285,0.101,g
2458111.76964,2017-12-24.2701973,bi,1.77,16.983,>16.983,99.990,0.052,0.117,g
2458111.77088,2017-12-24.2714349,bi,1.75,17.000,>17.000,99.990,-0.032,0.115,g
2458111.77209,2017-12-24.2726530,bi,1.76,16.914,>16.914,99.990,0.200,0.125,g
2458112.75512,2017-12-25.2556878,bi,1.53,17.114,>17.114,99.990,0.285,0.104,g
2458112.75634,2017-12-25.2569054,bi,1.52,16.943,>16.943,99.990,0.183,0.121,g
2458112.75756,2017-12-25.2581241,bi,1.51,16.901,>16.901,99.990,-0.023,0.126,g
2458113.38522,2017-12-25.8857932,bm,1.65,16.960,>16.960,99.990,0.214,0.119,g
2458113.38643,2017-12-25.8869988,bm,1.61,16.920,>16.920,99.990,0.230,0.124,g
2458113.38766,2017-12-25.8882343,bm,1.71,16.970,>16.970,99.990,0.170,0.118,g
2458113.76279,2017-12-26.2633616,bi,1.57,17.031,>17.031,99.990,0.104,0.112,g
2458113.76400,2017-12-26.2645767,bi,1.61,17.037,>17.037,99.990,0.015,0.111,g
2458113.76522,2017-12-26.2657935,bi,1.57,16.947,>16.947,99.990,0.108,0.121,g
2458114.44080,2017-12-26.9413751,bm,1.61,16.952,>16.952,99.990,0.340,0.120,g
2458114.44575,2017-12-26.9463259,bm,1.55,17.086,>17.086,99.990,0.244,0.106,g
2458114.44696,2017-12-26.9475321,bm,1.58,16.845,>16.845,99.990,0.475,0.133,g
2458114.75932,2017-12-27.2599038,bi,1.65,16.799,>16.799,99.990,0.135,0.139,g
2458114.76054,2017-12-27.2611195,bi,1.65,16.971,>16.971,99.990,0.275,0.118,g
2458114.76176,2017-12-27.2623406,bi,1.65,17.032,>17.032,99.990,0.120,0.112,g
2458115.47230,2017-12-27.9728870,bm,1.49,99.990,99.990,99.990,99.990,99.990,g
2458115.47351,2017-12-27.9740927,bm,1.59,99.990,99.990,99.990,99.990,99.990,g
2458115.47474,2017-12-27.9753200,bm,1.59,16.838,>16.838,99.990,0.054,0.134,g
2458115.62643,2017-12-28.1270187,bi,1.47,16.679,>16.679,99.990,0.367,0.155,g
2458115.62765,2017-12-28.1282346,bi,1.52,16.692,>16.692,99.990,0.151,0.153,g
2458115.62886,2017-12-28.1294576,bi,1.48,16.616,>16.616,99.990,0.152,0.164,g
2458116.62284,2017-12-29.1234321,bi,1.56,16.278,>16.278,99.990,0.058,0.224,g
2458116.62407,2017-12-29.1246579,bi,1.56,16.546,>16.546,99.990,-0.057,0.175,g
2458116.62528,2017-12-29.1258787,bi,1.55,16.514,>16.514,99.990,0.290,0.180,g
2458117.70157,2017-12-30.2021605,bi,1.48,16.376,>16.376,99.990,0.289,0.205,g
2458117.70277,2017-12-30.2033724,bi,1.45,16.259,>16.259,99.990,0.520,0.228,g
2458117.70399,2017-12-30.2045899,bi,1.51,16.240,>16.240,99.990,-0.006,0.232,g
2458118.69046,2017-12-31.1910587,bi,2.15,16.004,>16.004,99.990,-0.082,0.288,g
2458118.69170,2017-12-31.1922964,bi,2.15,16.078,>16.078,99.990,0.034,0.269,g
2458118.69291,2017-12-31.1935141,bi,2.09,16.129,>16.129,99.990,0.356,0.257,g
2458118.73995,2017-12-31.2405650,be,1.43,15.680,>15.680,99.990,-0.142,0.410,V
2458118.73997,2017-12-31.2405658,bf,1.42,99.990,99.990,99.990,99.990,99.990,V
2458118.74143,2017-12-31.2420356,be,1.52,15.659,>15.659,99.990,0.403,0.418,V
2458118.74291,2017-12-31.2435180,be,1.44,15.683,>15.683,99.990,0.192,0.409,V
2458118.74292,2017-12-31.2435185,bf,1.47,99.990,99.990,99.990,99.990,99.990,V
2458119.62035,2018-01-01.1209557,be,1.56,15.469,>15.469,99.990,0.054,0.498,V
2458119.62180,2018-01-01.1224113,be,1.55,15.476,>15.476,99.990,-0.111,0.495,V
2458119.62325,2018-01-01.1238592,be,1.61,15.467,>15.467,99.990,-0.421,0.499,V
2458119.70152,2018-01-01.2021335,bi,1.55,16.015,>16.015,99.990,0.364,0.285,g
2458119.70275,2018-01-01.2033582,bi,1.54,15.968,>15.968,99.990,0.111,0.298,g
2458119.70397,2018-01-01.2045760,bi,1.75,15.965,>15.965,99.990,0.543,0.298,g
2458121.76408,2018-01-03.2646995,bi,1.53,15.945,>15.945,99.990,0.809,0.304,g
2458121.76531,2018-01-03.2659287,bi,1.72,15.804,>15.804,99.990,0.314,0.346,g
2458121.76653,2018-01-03.2671498,bi,1.55,15.873,>15.873,99.990,0.047,0.325,g
2458122.71536,2018-01-04.2159844,be,1.44,15.625,>15.625,99.990,-0.293,0.431,V
2458122.71683,2018-01-04.2174553,be,1.38,15.670,>15.670,99.990,-1.041,0.414,V
2458122.71831,2018-01-04.2189369,be,1.54,15.788,>15.788,99.990,0.438,0.371,V
2458123.53865,2018-01-05.0392788,be,1.47,16.034,>16.034,99.990,0.124,0.296,V
2458123.53993,2018-01-05.0405487,be,1.50,16.102,>16.102,99.990,0.152,0.278,V
2458123.78651,2018-01-05.2871318,bi,1.67,16.222,>16.222,99.990,0.523,0.236,g
2458123.78772,2018-01-05.2883504,bi,1.59,16.291,>16.291,99.990,-0.279,0.221,g
2458123.78894,2018-01-05.2895658,bi,1.66,16.240,>16.240,99.990,0.419,0.232,g
2458124.53478,2018-01-06.0354067,be,1.42,15.823,>15.823,99.990,0.024,0.359,V
2458124.53606,2018-01-06.0366840,be,1.41,15.762,>15.762,99.990,0.025,0.380,V
2458124.53732,2018-01-06.0379550,be,1.45,16.023,>16.023,99.990,0.579,0.299,V
2458124.79848,2018-01-06.2991056,bi,1.50,16.639,>16.639,99.990,0.371,0.161,g
2458124.79969,2018-01-06.3003185,bi,1.46,16.429,>16.429,99.990,0.486,0.195,g
2458124.80091,2018-01-06.3015407,bi,1.64,16.337,>16.337,99.990,-0.262,0.212,g
2458125.53859,2018-01-07.0392263,be,1.46,15.800,>15.800,99.990,-0.024,0.367,V
2458125.53987,2018-01-07.0405023,be,1.53,15.944,>15.944,99.990,-0.284,0.322,V
2458125.79481,2018-01-07.2954461,bi,1.66,16.527,>16.527,99.990,0.106,0.178,g
2458125.79603,2018-01-07.2966620,bi,1.50,16.534,>16.534,99.990,0.094,0.177,g
2458125.79725,2018-01-07.2978818,bi,1.64,16.539,>16.539,99.990,0.042,0.176,g
2458126.59031,2018-01-08.0909444,be,1.46,16.057,>16.057,99.990,0.147,0.290,V
2458126.59159,2018-01-08.0922231,be,1.49,16.138,>16.138,99.990,-0.095,0.269,V
2458126.59286,2018-01-08.0935016,be,1.46,16.082,>16.082,99.990,0.062,0.283,V
2458126.79479,2018-01-08.2954284,bi,1.57,16.669,>16.669,99.990,-0.047,0.156,g
2458126.79600,2018-01-08.2966457,bj,1.59,16.422,>16.422,99.990,-0.123,0.196,g
2458126.79601,2018-01-08.2966449,bi,1.53,16.441,>16.441,99.990,-0.205,0.193,g
2458126.79723,2018-01-08.2978658,bi,1.60,16.506,>16.506,99.990,-0.172,0.181,g
2458127.54584,2018-01-09.0464847,be,1.48,16.242,>16.242,99.990,-0.033,0.244,V
2458127.54713,2018-01-09.0477644,be,1.48,15.988,>15.988,99.990,-0.167,0.309,V
2458127.54839,2018-01-09.0490295,be,1.46,16.153,>16.153,99.990,0.316,0.265,V
2458128.34107,2018-01-09.8417091,bm,2.05,17.137,>17.137,99.990,0.330,0.101,g
2458128.34230,2018-01-09.8429370,bm,2.03,17.025,>17.025,99.990,0.004,0.112,g
2458128.34353,2018-01-09.8441803,bm,2.00,17.029,>17.029,99.990,0.224,0.112,g
2458128.53844,2018-01-10.0390872,be,1.41,15.951,>15.951,99.990,-0.253,0.319,V
2458128.53972,2018-01-10.0403651,be,1.48,15.947,>15.947,99.990,0.288,0.321,V
2458128.54100,2018-01-10.0416412,be,1.40,16.048,>16.048,99.990,0.037,0.292,V
2458128.78998,2018-01-10.2906207,bi,1.51,16.600,>16.600,99.990,0.292,0.166,g
2458128.79119,2018-01-10.2918381,bj,1.72,16.548,>16.548,99.990,0.187,0.175,g
2458128.79119,2018-01-10.2918383,bi,1.54,16.706,>16.706,99.990,0.179,0.151,g
2458128.79242,2018-01-10.2930584,bi,1.53,16.824,>16.824,99.990,-0.325,0.135,g
2458129.33680,2018-01-10.8374423,bm,2.21,17.006,>17.006,99.990,0.244,0.114,g
2458129.33801,2018-01-10.8386587,bm,2.24,17.040,>17.040,99.990,0.056,0.111,g
2458129.33923,2018-01-10.8398756,bm,2.18,17.063,>17.063,99.990,0.117,0.109,g
2458129.78247,2018-01-11.2831189,bi,1.51,16.748,>16.748,99.990,0.291,0.145,g
2458129.78247,2018-01-11.2831185,bj,1.69,16.407,>16.407,99.990,-0.235,0.199,g
2458129.78369,2018-01-11.2843398,bi,1.49,16.609,>16.609,99.990,0.499,0.165,g
2458129.78491,2018-01-11.2855564,bi,1.54,16.768,>16.768,99.990,0.055,0.143,g
2458130.75277,2018-01-12.2534209,bi,1.39,16.388,>16.388,99.990,0.278,0.202,g
2458130.75398,2018-01-12.2546313,bi,1.46,16.542,>16.542,99.990,-0.365,0.175,g
2458130.75520,2018-01-12.2558535,bi,1.44,16.621,>16.621,99.990,0.200,0.163,g
2458132.69243,2018-01-14.1930892,be,1.48,16.211,>16.211,99.990,0.404,0.252,V
2458132.69370,2018-01-14.1943574,be,1.44,16.346,>16.346,99.990,0.361,0.222,V
2458132.69498,2018-01-14.1956357,be,1.51,15.923,>15.923,99.990,-0.090,0.328,V
2458132.71120,2018-01-14.2118549,bi,2.03,16.630,>16.630,99.990,-0.096,0.162,g
2458132.71242,2018-01-14.2130769,bi,2.04,16.655,>16.655,99.990,0.088,0.158,g
2458132.71364,2018-01-14.2142962,bi,2.08,16.804,>16.804,99.990,0.176,0.138,g
2458133.68046,2018-01-15.1811193,be,1.45,16.135,>16.135,99.990,-0.027,0.270,V
2458133.68172,2018-01-15.1823861,be,1.43,16.041,>16.041,99.990,0.291,0.294,V
2458133.68299,2018-01-15.18365,be,1.48,16.115,>16.115,99.990,-0.541,0.275,V
2458133.70393,2018-01-15.2045851,bi,1.73,17.082,>17.082,99.990,0.098,0.107,g
2458133.70514,2018-01-15.2057964,bi,1.73,16.927,>16.927,99.990,0.139,0.123,g
2458133.70635,2018-01-15.2070136,bi,1.76,16.917,>16.917,99.990,0.135,0.124,g
2458134.35416,2018-01-15.8548149,bm,1.77,17.121,>17.121,99.990,0.204,0.103,g
2458134.35538,2018-01-15.8560340,bm,1.62,17.060,>17.060,99.990,0.077,0.109,g
2458134.35667,2018-01-15.8573297,bm,1.63,16.973,>16.973,99.990,-0.111,0.118,g
2458134.69960,2018-01-16.2002606,be,1.45,16.281,>16.281,99.990,0.059,0.236,V
2458134.70087,2018-01-16.2015289,be,1.48,16.122,>16.122,99.990,-0.058,0.273,V
2458134.70214,2018-01-16.2028009,bf,1.44,99.990,99.990,99.990,99.990,99.990,V
2458134.70214,2018-01-16.2028009,be,1.45,16.263,>16.263,99.990,-0.164,0.240,V
2458134.71480,2018-01-16.2154622,bi,1.62,16.879,>16.879,99.990,0.224,0.129,g
2458134.71602,2018-01-16.2166827,bi,1.55,16.932,>16.932,99.990,0.016,0.123,g
2458134.71724,2018-01-16.2179011,bi,1.48,17.143,>17.143,99.990,0.123,0.101,g
2458135.35383,2018-01-16.8544954,bm,1.56,17.073,>17.073,99.990,0.176,0.108,g
2458135.35504,2018-01-16.8557071,bm,1.73,17.079,>17.079,99.990,0.197,0.107,g
2458135.35626,2018-01-16.8569248,bm,1.60,17.168,>17.168,99.990,-0.077,0.099,g
2458135.68784,2018-01-17.1885049,be,1.51,16.262,>16.262,99.990,0.202,0.240,V
2458135.68923,2018-01-17.1898927,be,1.37,16.123,>16.123,99.990,0.901,0.273,V
2458135.69051,2018-01-17.1911728,be,1.44,16.212,>16.212,99.990,0.563,0.251,V
2458135.73984,2018-01-17.2404995,bi,1.44,17.004,>17.004,99.990,0.135,0.115,g
2458135.74107,2018-01-17.2417287,bi,1.48,17.065,>17.065,99.990,0.257,0.108,g
2458135.74229,2018-01-17.2429521,bi,1.63,16.980,>16.980,99.990,0.266,0.117,g
2458136.36495,2018-01-17.8656100,bm,1.68,14.755,>14.755,99.990,-1.321,0.910,g
2458136.36617,2018-01-17.8668300,bm,1.80,14.527,>14.527,99.990,-0.441,1.123,g
2458136.36739,2018-01-17.8680521,bm,1.56,15.118,>15.118,99.990,-0.795,0.651,g
2458136.67993,2018-01-18.1805907,be,1.37,16.262,>16.262,99.990,1.015,0.240,V
2458136.67993,2018-01-18.1805906,bf,1.40,99.990,99.990,99.990,99.990,99.990,V
2458136.68120,2018-01-18.1818733,be,1.42,16.111,>16.111,99.990,-0.378,0.276,V
2458136.68249,2018-01-18.1831537,be,1.40,16.248,>16.248,99.990,0.098,0.243,V
2458136.68632,2018-01-18.1869802,bi,1.47,17.011,>17.011,99.990,0.213,0.114,g
2458136.68754,2018-01-18.1882079,bi,1.56,16.902,>16.902,99.990,0.226,0.126,g
2458136.68876,2018-01-18.1894197,bi,1.51,16.933,>16.933,99.990,0.232,0.122,g
2458137.68338,2018-01-19.1840396,be,1.38,16.262,>16.262,99.990,-0.139,0.240,V
2458137.68464,2018-01-19.1853087,be,1.39,16.179,>16.179,99.990,0.190,0.259,V
2458137.68591,2018-01-19.1865824,bf,1.43,99.990,99.990,99.990,99.990,99.990,V
2458137.68592,2018-01-19.1865817,be,1.39,16.108,>16.108,99.990,0.144,0.276,V
2458137.69481,2018-01-19.1954759,bi,1.54,16.842,>16.842,99.990,0.152,0.133,g
2458137.69603,2018-01-19.1967002,bi,1.51,17.125,>17.125,99.990,0.208,0.103,g
2458137.69725,2018-01-19.1979179,bi,1.44,16.972,>16.972,99.990,0.150,0.118,g
2458138.66767,2018-01-20.1683369,be,1.44,16.312,>16.312,99.990,0.605,0.229,V
2458138.66894,2018-01-20.1696059,be,1.47,16.102,>16.102,99.990,-0.066,0.278,V
2458138.67022,2018-01-20.1708826,be,1.45,16.186,>16.186,99.990,0.240,0.257,V
2458138.67022,2018-01-20.1708841,bf,1.45,99.990,99.990,99.990,99.990,99.990,V
2458138.70572,2018-01-20.2063853,bi,1.50,16.967,>16.967,99.990,0.009,0.119,g
2458138.70694,2018-01-20.2076076,bi,1.46,17.005,>17.005,99.990,0.240,0.115,g
2458139.67929,2018-01-21.1799680,bi,1.54,16.906,>16.906,99.990,0.348,0.126,g
2458139.68052,2018-01-21.1811863,bi,1.56,16.888,>16.888,99.990,0.245,0.128,g
2458139.68175,2018-01-21.1824178,bi,1.60,17.019,>17.019,99.990,0.378,0.113,g
2458140.42831,2018-01-21.9289837,bm,1.59,99.990,99.990,99.990,99.990,99.990,g
2458140.42953,2018-01-21.9302011,bm,1.49,99.990,99.990,99.990,99.990,99.990,g
2458140.43075,2018-01-21.9314189,bm,1.63,15.262,>15.262,99.990,-1.185,0.571,g
2458140.67862,2018-01-22.1792916,bf,1.41,99.990,99.990,99.990,99.990,99.990,V
2458140.67862,2018-01-22.1792912,be,1.58,16.245,>16.245,99.990,-0.115,0.244,V
2458140.67988,2018-01-22.1805589,be,1.54,16.070,>16.070,99.990,0.835,0.286,V
2458140.68115,2018-01-22.1818221,be,1.49,16.140,>16.140,99.990,0.387,0.268,V
2458140.68683,2018-01-22.1875053,bi,1.51,16.928,>16.928,99.990,0.038,0.123,g
2458140.68806,2018-01-22.1887248,bi,1.53,16.962,>16.962,99.990,0.126,0.119,g
2458140.68927,2018-01-22.1899412,bi,1.46,16.868,>16.868,99.990,0.023,0.130,g
2458141.69382,2018-01-23.1944980,be,1.42,16.118,>16.118,99.990,-0.419,0.274,V
2458141.69383,2018-01-23.1944982,bf,1.40,99.990,99.990,99.990,99.990,99.990,V
2458141.69510,2018-01-23.1957712,be,1.42,16.136,>16.136,99.990,0.184,0.269,V
2458141.69638,2018-01-23.1970486,bf,1.37,99.990,99.990,99.990,99.990,99.990,V
2458141.69638,2018-01-23.1970491,be,1.40,16.112,>16.112,99.990,0.032,0.276,V
2458141.69772,2018-01-23.1983940,bi,1.41,16.851,>16.851,99.990,0.166,0.132,g
2458141.69894,2018-01-23.1996116,bi,1.54,17.029,>17.029,99.990,0.374,0.112,g
2458141.70016,2018-01-23.2008276,bi,1.50,17.030,>17.030,99.990,0.132,0.112,g
2458142.68329,2018-01-24.1839572,bi,1.52,16.918,>16.918,99.990,0.064,0.124,g
2458142.68451,2018-01-24.1851770,bi,1.55,17.070,>17.070,99.990,0.164,0.108,g
2458142.68565,2018-01-24.1863145,be,1.44,16.148,>16.148,99.990,0.070,0.266,V
2458142.68565,2018-01-24.1863145,bf,1.49,99.990,99.990,99.990,99.990,99.990,V
2458142.68572,2018-01-24.1863924,bi,1.51,17.037,>17.037,99.990,0.006,0.111,g
2458142.68695,2018-01-24.1876201,be,1.49,16.101,>16.101,99.990,0.784,0.278,V
2458142.68822,2018-01-24.1888864,be,1.45,16.120,>16.120,99.990,0.328,0.273,V
2458143.54565,2018-01-25.0463203,bi,1.60,16.607,>16.607,99.990,0.306,0.165,g
2458143.54688,2018-01-25.0475472,bi,1.65,16.689,>16.689,99.990,0.303,0.153,g
2458143.54809,2018-01-25.0487608,bi,1.60,16.527,>16.527,99.990,0.399,0.178,g
2458143.69703,2018-01-25.1977005,be,1.46,16.160,>16.160,99.990,0.278,0.264,V
2458143.69703,2018-01-25.1977006,bf,1.37,99.990,99.990,99.990,99.990,99.990,V
2458143.69829,2018-01-25.1989652,be,1.46,16.076,>16.076,99.990,0.153,0.285,V
2458143.69829,2018-01-25.1989648,bf,1.45,99.990,99.990,99.990,99.990,99.990,V
2458143.69955,2018-01-25.2002284,be,1.49,15.977,>15.977,99.990,0.107,0.312,V
2458143.69956,2018-01-25.2002283,bf,1.50,99.990,99.990,99.990,99.990,99.990,V
2458144.54527,2018-01-26.0459418,bi,1.58,16.623,>16.623,99.990,0.007,0.163,g
2458144.54649,2018-01-26.0471650,bi,1.57,16.450,>16.450,99.990,-0.114,0.191,g
2458144.54771,2018-01-26.0483814,bi,1.51,16.703,>16.703,99.990,-0.123,0.151,g
2458144.70071,2018-01-26.2013762,be,1.43,16.074,>16.074,99.990,0.215,0.285,V
2458144.70198,2018-01-26.2026570,bf,1.44,99.990,99.990,99.990,99.990,99.990,V
2458144.70198,2018-01-26.2026568,be,1.52,16.022,>16.022,99.990,-0.062,0.299,V
2458144.70327,2018-01-26.2039344,bf,1.40,99.990,99.990,99.990,99.990,99.990,V
2458144.70327,2018-01-26.2039336,be,1.50,16.080,>16.080,99.990,0.418,0.284,V
2458145.58238,2018-01-27.0830453,bi,1.50,16.526,>16.526,99.990,0.220,0.178,g
2458145.58817,2018-01-27.0888409,bi,1.52,16.525,>16.525,99.990,-0.102,0.178,g
2458145.66082,2018-01-27.1614934,be,1.37,16.054,>16.054,99.990,-0.335,0.291,V
2458145.66208,2018-01-27.1627547,bf,1.46,99.990,99.990,99.990,99.990,99.990,V
2458145.66208,2018-01-27.1627546,be,1.46,15.789,>15.789,99.990,-0.557,0.371,V
2458145.66335,2018-01-27.1640222,be,1.47,15.939,>15.939,99.990,-0.258,0.323,V
2458146.62284,2018-01-28.1235060,bi,1.58,16.216,>16.216,99.990,-0.321,0.237,g
2458146.62405,2018-01-28.1247233,bi,1.51,16.247,>16.247,99.990,-0.157,0.230,g
2458146.62528,2018-01-28.1259447,bi,1.55,16.237,>16.237,99.990,0.339,0.232,g
2458146.73743,2018-01-28.2381055,be,1.57,15.654,>15.654,99.990,-0.397,0.420,V
2458146.73744,2018-01-28.2381085,bf,1.44,99.990,99.990,99.990,99.990,99.990,V
2458146.73872,2018-01-28.2393872,bf,1.51,99.990,99.990,99.990,99.990,99.990,V
2458146.73872,2018-01-28.2393876,be,1.48,15.616,>15.616,99.990,-0.887,0.435,V
2458146.73999,2018-01-28.2406628,bf,1.54,99.990,99.990,99.990,99.990,99.990,V
2458146.73999,2018-01-28.2406628,be,1.51,15.721,>15.721,99.990,0.187,0.395,V
2458147.63276,2018-01-29.1334310,bi,1.57,16.208,>16.208,99.990,0.246,0.239,g
2458147.63398,2018-01-29.1346454,bi,1.59,16.280,>16.280,99.990,0.204,0.223,g
2458147.63520,2018-01-29.1358687,bi,1.58,16.109,>16.109,99.990,-0.386,0.262,g
2458147.66430,2018-01-29.1649738,be,1.51,15.484,>15.484,99.990,0.051,0.491,V
2458147.66430,2018-01-29.1649725,bf,1.46,99.990,99.990,99.990,99.990,99.990,V
2458147.66558,2018-01-29.1662493,be,1.49,15.780,>15.780,99.990,-1.273,0.374,V
2458147.66684,2018-01-29.1675152,bf,1.46,99.990,99.990,99.990,99.990,99.990,V
2458147.66684,2018-01-29.1675151,be,1.46,15.800,>15.800,99.990,-0.178,0.367,V
2458148.66588,2018-01-30.1665473,bi,1.65,15.831,>15.831,99.990,0.049,0.338,g
2458148.66710,2018-01-30.1677685,bi,1.75,15.970,>15.970,99.990,0.132,0.297,g
2458148.66832,2018-01-30.1689869,bi,1.61,15.998,>15.998,99.990,0.124,0.290,g
2458148.68332,2018-01-30.1839859,bf,1.46,99.990,99.990,99.990,99.990,99.990,V
2458148.68332,2018-01-30.1839858,be,1.52,15.407,>15.407,99.990,-0.127,0.527,V
2458148.68461,2018-01-30.1852856,bf,1.46,99.990,99.990,99.990,99.990,99.990,V
2458148.68462,2018-01-30.1852871,be,1.54,15.565,>15.565,99.990,-0.004,0.456,V
2458148.68589,2018-01-30.1865613,be,1.45,15.394,>15.394,99.990,-0.520,0.534,V
2458148.68589,2018-01-30.1865606,bf,1.54,99.990,99.990,99.990,99.990,99.990,V
2458149.63171,2018-01-31.1323725,be,1.59,14.090,>14.090,99.990,0.802,1.775,V
2458149.63297,2018-01-31.1336416,be,1.71,14.691,>14.691,99.990,-0.914,1.020,V
2458149.63298,2018-01-31.1336414,bf,1.43,99.990,99.990,99.990,99.990,99.990,V
2458149.63424,2018-01-31.1349056,be,1.59,13.659,>13.659,99.990,-0.345,2.639,V
2458149.69222,2018-01-31.1928884,bi,1.74,15.631,>15.631,99.990,0.399,0.406,g
2458149.69345,2018-01-31.1941119,bi,1.80,15.795,>15.795,99.990,-0.128,0.349,g
2458149.69467,2018-01-31.1953437,bj,1.54,15.576,>15.576,99.990,-1.123,0.427,g
2458149.69468,2018-01-31.1953437,bi,1.69,15.717,>15.717,99.990,0.437,0.375,g
2458150.28848,2018-01-31.7891481,bm,1.64,16.166,>16.166,99.990,-0.284,0.248,g
2458150.28970,2018-01-31.7903636,bm,1.74,15.934,>15.934,99.990,0.025,0.307,g
2458150.29108,2018-01-31.7917418,bm,1.71,15.937,>15.937,99.990,0.141,0.306,g
2458150.64364,2018-02-01.1443061,be,1.43,15.305,>15.305,99.990,1.709,0.579,V
2458150.64491,2018-02-01.1455756,be,1.42,15.322,>15.322,99.990,1.564,0.570,V
2458150.64617,2018-02-01.1468401,be,1.48,15.370,>15.370,99.990,0.756,0.546,V
2458150.64617,2018-02-01.1468405,bf,1.47,99.990,99.990,99.990,99.990,99.990,V
2458150.70814,2018-02-01.2088079,bi,1.69,15.871,>15.871,99.990,0.520,0.326,g
2458150.70936,2018-02-01.2100231,bi,1.62,15.860,>15.860,99.990,0.021,0.329,g
2458150.70936,2018-02-01.2100224,bj,1.64,15.364,>15.364,99.990,0.333,0.519,g
2458150.71058,2018-02-01.2112464,bi,1.82,15.711,>15.711,99.990,0.737,0.377,g
2458151.34100,2018-02-01.8416722,bm,1.68,16.221,>16.221,99.990,0.082,0.236,g
2458151.34231,2018-02-01.8429684,bm,1.57,16.048,>16.048,99.990,-0.072,0.277,g
2458151.34352,2018-02-01.8441875,bm,1.56,16.077,>16.077,99.990,0.026,0.269,g
2458151.64302,2018-02-02.1436900,be,1.42,15.531,>15.531,99.990,-0.362,0.471,V
2458151.64302,2018-02-02.1436899,bf,1.47,99.990,99.990,99.990,99.990,99.990,V
2458151.64429,2018-02-02.1449503,be,1.45,15.600,>15.600,99.990,0.312,0.442,V
2458151.64555,2018-02-02.1462168,be,1.40,15.507,>15.507,99.990,-0.322,0.481,V
2458151.72255,2018-02-02.2232112,bi,1.61,15.894,>15.894,99.990,0.131,0.319,g
2458151.72376,2018-02-02.2244349,bj,1.54,15.742,>15.742,99.990,0.448,0.367,g
2458151.72377,2018-02-02.2244348,bi,1.64,15.843,>15.843,99.990,-0.554,0.334,g
2458151.72499,2018-02-02.2256587,bi,1.56,15.824,>15.824,99.990,0.885,0.340,g
2458152.35743,2018-02-02.8580949,bm,1.65,16.138,>16.138,99.990,0.056,0.255,g
2458152.35864,2018-02-02.8593091,bm,1.98,16.183,>16.183,99.990,-0.084,0.244,g
2458152.35985,2018-02-02.8605174,bm,1.95,16.275,>16.275,99.990,-0.192,0.224,g
2458152.61066,2018-02-03.1113253,be,1.43,15.781,>15.781,99.990,0.711,0.374,V
2458152.61195,2018-02-03.1126081,be,1.45,15.670,>15.670,99.990,-0.004,0.414,V
2458152.61321,2018-02-03.1138736,be,1.38,15.731,>15.731,99.990,-0.035,0.391,V
2458152.72206,2018-02-03.2227290,bj,1.63,15.711,>15.711,99.990,-0.289,0.377,g
2458152.72206,2018-02-03.2227282,bi,1.60,16.023,>16.023,99.990,0.350,0.283,g
2458152.72328,2018-02-03.2239531,bi,1.66,16.046,>16.046,99.990,-0.318,0.277,g
2458152.72329,2018-02-03.2239537,bj,1.51,15.736,>15.736,99.990,0.417,0.369,g
2458152.72451,2018-02-03.2251810,bi,1.70,15.952,>15.952,99.990,0.076,0.302,g
2458153.42212,2018-02-03.9227825,bm,1.50,16.359,>16.359,99.990,0.209,0.208,g
2458153.42333,2018-02-03.9239944,bm,1.47,16.311,>16.311,99.990,-0.124,0.217,g
2458153.42455,2018-02-03.9252107,bm,1.50,16.393,>16.393,99.990,-0.029,0.201,g
2458153.72126,2018-02-04.2219275,bj,1.68,15.870,>15.870,99.990,0.073,0.326,g
2458153.72126,2018-02-04.2219275,bi,1.56,16.039,>16.039,99.990,0.034,0.279,g
2458153.72249,2018-02-04.2231497,bi,1.55,16.341,>16.341,99.990,-0.007,0.211,g
2458153.72249,2018-02-04.2231488,bj,1.77,15.853,>15.853,99.990,0.213,0.331,g
2458153.72371,2018-02-04.2243715,bi,1.47,16.135,>16.135,99.990,-0.262,0.255,g
2458154.45158,2018-02-04.9522435,bm,1.49,16.487,>16.487,99.990,0.155,0.185,g
2458154.45280,2018-02-04.9534589,bm,1.48,16.352,>16.352,99.990,-0.020,0.209,g
2458154.45402,2018-02-04.9546871,bm,1.51,16.464,>16.464,99.990,-0.254,0.189,g
2458155.46198,2018-02-05.9626466,bm,1.54,16.592,>16.592,99.990,-0.085,0.168,g
2458155.46320,2018-02-05.9638594,bm,1.59,16.498,>16.498,99.990,0.094,0.183,g
2458155.46441,2018-02-05.9650664,bm,1.48,16.593,>16.593,99.990,0.126,0.167,g
2458156.45626,2018-02-06.9569200,bm,1.51,16.721,>16.721,99.990,0.221,0.149,g
2458156.45747,2018-02-06.9581239,bm,1.52,16.630,>16.630,99.990,0.169,0.162,g
2458156.45868,2018-02-06.9593309,bm,1.55,16.624,>16.624,99.990,0.051,0.163,g
2458157.45698,2018-02-07.9576331,bm,1.60,16.955,>16.955,99.990,-0.060,0.120,g
2458157.45819,2018-02-07.9588407,bm,1.53,16.778,>16.778,99.990,0.049,0.141,g
2458157.45941,2018-02-07.9600579,bm,1.43,16.643,>16.643,99.990,0.387,0.160,g
2458157.67039,2018-02-08.1710370,bf,1.52,99.990,99.990,99.990,99.990,99.990,V
2458157.67039,2018-02-08.1710365,be,1.44,16.181,>16.181,99.990,0.029,0.258,V
2458157.67166,2018-02-08.1723050,be,1.48,16.224,>16.224,99.990,-0.200,0.248,V
2458157.67293,2018-02-08.1735809,bf,1.47,99.990,99.990,99.990,99.990,99.990,V
2458157.67293,2018-02-08.1735819,be,1.39,16.213,>16.213,99.990,-0.239,0.251,V
2458157.68913,2018-02-08.1897871,bj,1.55,16.447,>16.447,99.990,0.192,0.192,g
2458157.68913,2018-02-08.1897866,bi,1.63,16.627,>16.627,99.990,0.095,0.162,g
2458157.69035,2018-02-08.1910010,bi,1.69,16.859,>16.859,99.990,0.023,0.131,g
2458157.69157,2018-02-08.1922278,bj,1.60,16.623,>16.623,99.990,0.053,0.163,g
2458157.69158,2018-02-08.1922276,bi,1.66,17.069,>17.069,99.990,0.267,0.108,g
2458158.45263,2018-02-08.9532795,bm,1.48,15.176,>15.176,99.990,-0.913,0.618,g
2458158.45387,2018-02-08.9545237,bm,1.54,14.913,>14.913,99.990,-2.220,0.787,g
2458158.45512,2018-02-08.9557710,bm,1.48,15.072,>15.072,99.990,-0.132,0.679,g
2458158.65566,2018-02-09.1563067,bf,1.52,99.990,99.990,99.990,99.990,99.990,V
2458158.65566,2018-02-09.1563062,be,1.41,16.144,>16.144,99.990,-0.180,0.268,V
2458158.67070,2018-02-09.1713568,bi,1.50,16.735,>16.735,99.990,0.023,0.147,g
2458158.67071,2018-02-09.1713562,bj,1.54,16.633,>16.633,99.990,0.310,0.161,g
2458158.67192,2018-02-09.1725743,bi,1.54,16.847,>16.847,99.990,0.411,0.132,g
2458158.67193,2018-02-09.1725745,bj,1.57,16.451,>16.451,99.990,0.404,0.191,g
2458158.67314,2018-02-09.1737938,bi,1.59,16.814,>16.814,99.990,0.213,0.137,g
2458159.43284,2018-02-09.9334866,bm,2.41,14.372,>14.372,99.990,0.970,1.295,g
2458159.67013,2018-02-10.1707768,bi,1.46,16.860,>16.860,99.990,0.084,0.131,g
2458159.67135,2018-02-10.1719956,bi,1.39,16.871,>16.871,99.990,0.172,0.130,g
2458159.67256,2018-02-10.1732162,bj,1.52,16.742,>16.742,99.990,-0.263,0.146,g
2458159.67257,2018-02-10.1732155,bi,1.43,16.906,>16.906,99.990,0.156,0.126,g
2458159.70314,2018-02-10.2037854,be,1.45,16.093,>16.093,99.990,-0.067,0.280,V
2458159.70314,2018-02-10.2037853,bf,1.49,99.990,99.990,99.990,99.990,99.990,V
2458159.70441,2018-02-10.2050596,be,1.50,16.109,>16.109,99.990,0.028,0.276,V
2458159.70441,2018-02-10.2050604,bf,1.48,99.990,99.990,99.990,99.990,99.990,V
2458159.70569,2018-02-10.2063355,bf,1.46,99.990,99.990,99.990,99.990,99.990,V
2458159.70570,2018-02-10.2063440,be,1.45,16.148,>16.148,99.990,0.232,0.266,V
2458160.44558,2018-02-10.9462184,bm,1.61,15.211,>15.211,99.990,1.214,0.598,g
2458160.58520,2018-02-11.0858443,be,1.41,16.171,>16.171,99.990,-0.141,0.261,V
2458160.58648,2018-02-11.0871229,be,1.43,16.124,>16.124,99.990,-0.135,0.272,V
2458160.58775,2018-02-11.0883973,be,1.46,15.990,>15.990,99.990,0.205,0.308,V
2458160.66580,2018-02-11.1664425,bi,1.53,16.836,>16.836,99.990,-0.014,0.134,g
2458160.66703,2018-02-11.1676717,bi,1.49,17.144,>17.144,99.990,0.055,0.101,g
2458160.66703,2018-02-11.1676710,bj,1.55,16.579,>16.579,99.990,0.471,0.170,g
2458160.66824,2018-02-11.1688925,bi,1.45,17.018,>17.018,99.990,0.353,0.113,g
2458161.37454,2018-02-11.8751817,bm,1.51,99.990,99.990,99.990,99.990,99.990,g
2458161.55620,2018-02-12.0568429,be,1.46,16.205,>16.205,99.990,-0.270,0.253,V
2458161.55748,2018-02-12.0581195,be,1.46,16.046,>16.046,99.990,-0.087,0.293,V
2458161.55874,2018-02-12.0593901,be,1.43,16.164,>16.164,99.990,0.524,0.263,V
2458161.62398,2018-02-12.1246178,bi,1.44,16.820,>16.820,99.990,0.128,0.136,g
2458161.62519,2018-02-12.1258353,bi,1.40,17.044,>17.044,99.990,0.252,0.111,g
2458161.62641,2018-02-12.1270548,bj,1.56,16.756,>16.756,99.990,-0.168,0.144,g
2458161.62642,2018-02-12.1270553,bi,1.47,16.956,>16.956,99.990,0.291,0.120,g
2458162.57089,2018-02-13.0715274,be,1.45,16.152,>16.152,99.990,-0.545,0.266,V
2458162.57215,2018-02-13.0727951,be,1.46,16.131,>16.131,99.990,0.120,0.271,V
2458162.57344,2018-02-13.0740756,be,1.46,16.078,>16.078,99.990,-0.097,0.284,V
2458162.62024,2018-02-13.1208804,bi,1.39,16.946,>16.946,99.990,0.249,0.121,g
2458162.62146,2018-02-13.1221023,bi,1.40,16.917,>16.917,99.990,0.173,0.124,g
2458162.62268,2018-02-13.1233230,bj,1.55,16.670,>16.670,99.990,0.393,0.156,g
2458162.62269,2018-02-13.1233237,bi,1.47,16.965,>16.965,99.990,0.249,0.119,g
2458163.54319,2018-02-14.0438226,be,1.42,15.936,>15.936,99.990,0.251,0.324,V
2458163.54446,2018-02-14.0450872,be,1.42,16.085,>16.085,99.990,0.237,0.282,V
2458163.54573,2018-02-14.0463634,be,1.49,16.055,>16.055,99.990,-0.418,0.290,V
2458163.62999,2018-02-14.1306238,bi,1.45,16.926,>16.926,99.990,0.026,0.123,g
2458163.62999,2018-02-14.1306237,bj,1.53,16.590,>16.590,99.990,-0.221,0.168,g
2458163.63121,2018-02-14.1318444,bi,1.40,17.071,>17.071,99.990,0.188,0.108,g
2458163.63243,2018-02-14.1330619,bi,1.40,16.962,>16.962,99.990,0.304,0.119,g
2458163.63243,2018-02-14.1330620,bj,1.59,16.563,>16.563,99.990,-0.155,0.172,g
2458164.56949,2018-02-15.0701277,be,1.40,16.083,>16.083,99.990,0.349,0.283,V
2458164.57076,2018-02-15.0713938,be,1.40,16.174,>16.174,99.990,0.047,0.260,V
2458164.57204,2018-02-15.0726694,be,1.48,16.157,>16.157,99.990,-0.002,0.264,V
2458164.61490,2018-02-15.1155329,bi,1.43,16.894,>16.894,99.990,0.119,0.127,g
2458164.61611,2018-02-15.1167484,bi,1.52,16.818,>16.818,99.990,-0.033,0.136,g
2458164.61733,2018-02-15.1179681,bj,1.56,16.573,>16.573,99.990,0.131,0.171,g
2458164.61734,2018-02-15.1179682,bi,1.40,16.875,>16.875,99.990,0.117,0.129,g
2458165.39413,2018-02-15.8947494,bm,1.61,17.151,>17.151,99.990,0.014,0.100,g
2458165.39536,2018-02-15.8959844,bm,1.55,16.992,>16.992,99.990,0.283,0.116,g
2458165.39657,2018-02-15.8971998,bm,1.58,17.077,>17.077,99.990,0.137,0.107,g
2458165.64351,2018-02-16.1441368,bi,1.45,16.903,>16.903,99.990,0.137,0.126,g
2458165.64474,2018-02-16.1453609,bi,1.43,16.992,>16.992,99.990,0.307,0.116,g
2458165.64595,2018-02-16.1465797,bi,1.42,16.902,>16.902,99.990,0.167,0.126,g
2458165.64595,2018-02-16.1465796,bj,1.61,16.688,>16.688,99.990,0.131,0.153,g
2458166.42816,2018-02-16.9287877,bm,1.44,17.004,>17.004,99.990,0.036,0.115,g
2458166.42938,2018-02-16.9300030,bm,1.52,17.077,>17.077,99.990,0.236,0.107,g
2458166.43059,2018-02-16.9312104,bm,1.47,16.942,>16.942,99.990,0.054,0.121,g
2458166.67675,2018-02-17.1773725,bi,1.48,16.300,>16.300,99.990,0.187,0.219,g
2458166.67675,2018-02-17.1773726,bj,1.57,16.046,>16.046,99.990,0.163,0.277,g
2458166.67797,2018-02-17.1785909,bi,1.41,16.195,>16.195,99.990,0.128,0.241,g
2458166.67797,2018-02-17.1785915,bj,1.56,16.027,>16.027,99.990,-0.456,0.282,g
2458166.67920,2018-02-17.1798182,bj,1.62,15.932,>15.932,99.990,0.174,0.308,g
2458166.67920,2018-02-17.1798188,bi,1.47,16.225,>16.225,99.990,0.305,0.235,g
2458167.43682,2018-02-17.9374403,bm,1.48,99.990,99.990,99.990,99.990,99.990,g
2458167.43804,2018-02-17.9386549,bm,1.52,16.899,>16.899,99.990,0.008,0.126,g
2458168.42301,2018-02-18.9236237,bm,2.16,16.881,>16.881,99.990,0.072,0.128,g
2458168.42424,2018-02-18.9248543,bm,2.15,16.728,>16.728,99.990,-0.113,0.148,g
2458168.42546,2018-02-18.9260700,bm,2.15,16.889,>16.889,99.990,0.114,0.127,g
2458168.63415,2018-02-19.1347670,bi,1.98,16.917,>16.917,99.990,0.165,0.124,g
2458168.63538,2018-02-19.1359893,bj,1.66,16.650,>16.650,99.990,0.286,0.159,g
2458168.63538,2018-02-19.1359900,bi,1.99,16.826,>16.826,99.990,0.191,0.135,g
2458168.63660,2018-02-19.1372090,bj,1.55,16.590,>16.590,99.990,0.025,0.168,g
2458168.63660,2018-02-19.1372085,bi,1.97,16.735,>16.735,99.990,0.038,0.147,g
2458169.42113,2018-02-19.9217385,bm,1.51,16.889,>16.889,99.990,-0.174,0.128,g
2458169.42236,2018-02-19.9229619,bm,1.55,16.995,>16.995,99.990,0.247,0.116,g
2458169.42358,2018-02-19.9241858,bm,1.55,16.928,>16.928,99.990,0.144,0.123,g
2458169.63809,2018-02-20.1387008,bj,1.54,16.563,>16.563,99.990,0.087,0.172,g
2458169.63810,2018-02-20.1387002,bi,1.47,16.857,>16.857,99.990,0.172,0.131,g
2458169.63931,2018-02-20.1399119,bi,1.49,16.879,>16.879,99.990,0.352,0.129,g
2458169.64053,2018-02-20.1411344,bj,1.51,16.450,>16.450,99.990,0.141,0.191,g
2458169.64053,2018-02-20.1411343,bi,1.44,16.928,>16.928,99.990,0.328,0.123,g
2458170.41530,2018-02-20.9159015,bm,1.67,14.443,>14.443,99.990,0.238,1.213,g
2458170.41651,2018-02-20.9171214,bm,1.68,14.488,>14.488,99.990,1.849,1.163,g
2458170.41772,2018-02-20.9183304,bm,1.51,14.892,>14.892,99.990,0.134,0.802,g
2458170.59644,2018-02-21.0970461,bi,1.47,16.898,>16.898,99.990,0.104,0.126,g
2458170.59766,2018-02-21.0982613,bi,1.45,16.921,>16.921,99.990,0.061,0.124,g
2458170.59888,2018-02-21.0994796,bj,1.56,16.613,>16.613,99.990,-0.226,0.164,g
2458170.59888,2018-02-21.0994798,bi,1.49,16.753,>16.753,99.990,0.296,0.145,g
2458171.26652,2018-02-21.7671168,bm,1.58,16.617,>16.617,99.990,-0.121,0.164,g
2458171.26773,2018-02-21.7683259,bm,1.54,16.669,>16.669,99.990,0.113,0.156,g
2458171.26948,2018-02-21.7700745,bm,1.59,16.654,>16.654,99.990,-0.062,0.158,g
2458171.51379,2018-02-22.0143896,bi,1.47,16.318,>16.318,99.990,-0.100,0.216,g
2458171.51502,2018-02-22.0156128,bi,1.50,16.449,>16.449,99.990,0.216,0.191,g
2458171.51624,2018-02-22.0168362,bi,1.53,16.313,>16.313,99.990,0.091,0.217,g
2458172.26556,2018-02-22.7661560,bm,2.09,16.466,>16.466,99.990,0.020,0.188,g
2458172.26694,2018-02-22.7675353,bm,2.03,16.732,>16.732,99.990,-0.018,0.147,g
2458172.26873,2018-02-22.7693206,bm,2.03,16.515,>16.515,99.990,-0.061,0.180,g
2458172.52060,2018-02-23.0211934,bi,1.45,16.642,>16.642,99.990,0.069,0.160,g
2458172.52182,2018-02-23.0224105,bi,1.47,16.515,>16.515,99.990,0.202,0.180,g
2458172.52304,2018-02-23.0236266,bi,1.44,16.560,>16.560,99.990,0.328,0.173,g
2458173.55300,2018-02-24.0535869,bi,1.40,16.634,>16.634,99.990,0.292,0.161,g
2458173.55423,2018-02-24.0548116,bi,1.44,16.600,>16.600,99.990,0.034,0.166,g
2458173.55544,2018-02-24.0560278,bi,1.45,16.573,>16.573,99.990,0.109,0.171,g
2458174.30768,2018-02-24.8082642,bm,2.50,99.990,99.990,99.990,99.990,99.990,g
2458174.65654,2018-02-25.1571160,bi,1.55,16.564,>16.564,99.990,-0.141,0.172,g
2458174.65654,2018-02-25.1571156,bj,1.50,16.259,>16.259,99.990,0.006,0.228,g
2458174.65776,2018-02-25.1583349,bi,1.48,16.304,>16.304,99.990,-0.238,0.219,g
2458174.65898,2018-02-25.1595569,bi,1.49,16.303,>16.303,99.990,0.114,0.219,g
2458174.65898,2018-02-25.1595570,bj,1.61,16.093,>16.093,99.990,-0.165,0.265,g
2458175.35910,2018-02-25.8596733,bm,1.61,16.370,>16.370,99.990,0.258,0.206,g
2458175.36030,2018-02-25.8608769,bm,1.60,16.366,>16.366,99.990,-0.054,0.206,g
2458175.36152,2018-02-25.8620956,bm,1.59,16.467,>16.467,99.990,0.108,0.188,g
2458175.65579,2018-02-26.1563628,bj,1.54,16.012,>16.012,99.990,-0.325,0.286,g
2458175.65579,2018-02-26.1563621,bi,1.56,16.241,>16.241,99.990,0.203,0.232,g
2458175.65701,2018-02-26.1575818,bi,1.51,16.380,>16.380,99.990,-0.046,0.204,g
2458175.65701,2018-02-26.1575821,bj,1.59,16.080,>16.080,99.990,0.100,0.269,g
2458175.65823,2018-02-26.1588013,bi,1.49,16.287,>16.287,99.990,0.171,0.222,g
2458175.65823,2018-02-26.1588005,bj,1.62,16.019,>16.019,99.990,0.457,0.284,g
2458176.39846,2018-02-26.8990304,bm,1.55,16.194,>16.194,99.990,0.001,0.242,g
2458176.39967,2018-02-26.9002454,bm,1.65,16.346,>16.346,99.990,-0.076,0.210,g
2458176.40089,2018-02-26.9014646,bm,1.57,16.328,>16.328,99.990,-0.349,0.214,g
2458176.60287,2018-02-27.1034400,bi,1.57,16.209,>16.209,99.990,0.107,0.238,g
2458176.60409,2018-02-27.1046688,bi,1.46,16.116,>16.116,99.990,0.116,0.260,g
2458176.60536,2018-02-27.1059329,bi,1.64,16.080,>16.080,99.990,0.064,0.268,g
2458176.60537,2018-02-27.1059331,bj,1.53,15.920,>15.920,99.990,-0.121,0.311,g
2458177.29411,2018-02-27.7946774,bm,2.00,16.173,>16.173,99.990,0.031,0.247,g
2458177.29532,2018-02-27.7958859,bm,1.98,16.176,>16.176,99.990,-0.525,0.246,g
2458177.29654,2018-02-27.7971042,bm,1.99,16.089,>16.089,99.990,0.154,0.266,g
2458177.63075,2018-02-28.1313148,bi,2.05,15.310,>15.310,99.990,-0.193,0.546,g
2458177.63076,2018-02-28.1313144,bj,2.18,15.014,>15.014,99.990,1.488,0.717,g
2458178.30220,2018-02-28.8027613,bm,1.59,16.115,>16.115,99.990,0.573,0.260,g
2458178.30351,2018-02-28.8040641,bm,1.59,16.182,>16.182,99.990,0.225,0.244,g
2458178.30470,2018-02-28.8052653,bm,1.50,15.981,>15.981,99.990,0.375,0.294,g
2458178.63903,2018-03-01.1395843,bi,1.53,15.770,>15.770,99.990,0.184,0.357,g
2458178.63903,2018-03-01.1395844,bj,1.62,15.473,>15.473,99.990,0.487,0.470,g
2458178.64025,2018-03-01.1408065,bi,1.63,15.782,>15.782,99.990,-0.181,0.353,g
2458178.64025,2018-03-01.1408065,bj,1.63,15.659,>15.659,99.990,-0.411,0.396,g
2458178.64147,2018-03-01.1420228,bi,1.42,15.807,>15.807,99.990,-0.487,0.345,g
2458178.64147,2018-03-01.1420229,bj,1.60,15.552,>15.552,99.990,0.027,0.437,g
2458179.30508,2018-03-01.8056305,bm,1.65,15.719,>15.719,99.990,-0.258,0.375,g
2458179.30638,2018-03-01.8069313,bm,2.00,15.723,>15.723,99.990,0.007,0.373,g
2458179.30762,2018-03-01.8081717,bm,1.97,15.707,>15.707,99.990,-0.249,0.379,g
2458180.28098,2018-03-02.7815190,bm,1.60,16.113,>16.113,99.990,0.290,0.261,g
2458180.28244,2018-03-02.7829806,bm,1.57,16.172,>16.172,99.990,-0.729,0.247,g
2458180.28376,2018-03-02.7843038,bm,1.64,16.055,>16.055,99.990,0.040,0.275,g
2458180.63713,2018-03-03.1376777,bi,1.60,15.916,>15.916,99.990,-0.363,0.312,g
2458180.63713,2018-03-03.1376773,bj,1.57,15.708,>15.708,99.990,0.533,0.378,g
2458180.63836,2018-03-03.1389043,bi,1.57,15.845,>15.845,99.990,0.077,0.333,g
2458180.63836,2018-03-03.1389045,bj,1.58,15.525,>15.525,99.990,-0.679,0.448,g
2458180.63957,2018-03-03.1401234,bi,1.44,15.879,>15.879,99.990,0.484,0.323,g
2458180.63958,2018-03-03.1401232,bj,1.53,15.560,>15.560,99.990,0.966,0.434,g
2458181.32026,2018-03-03.8207930,bm,1.53,16.170,>16.170,99.990,-0.546,0.247,g
2458181.32147,2018-03-03.8220108,bm,1.57,16.214,>16.214,99.990,-0.025,0.237,g
2458181.32270,2018-03-03.8232393,bm,1.53,16.308,>16.308,99.990,0.141,0.218,g
2458181.63572,2018-03-04.1362554,bi,1.51,16.098,>16.098,99.990,-0.379,0.264,g
2458181.63572,2018-03-04.1362554,bj,1.54,15.809,>15.809,99.990,0.247,0.345,g
2458181.63693,2018-03-04.1374746,bi,1.56,16.017,>16.017,99.990,0.072,0.285,g
2458181.63694,2018-03-04.1374746,bj,1.55,15.722,>15.722,99.990,0.412,0.373,g
2458181.63815,2018-03-04.1386931,bi,1.50,15.962,>15.962,99.990,0.733,0.299,g
2458181.63816,2018-03-04.1386932,bj,1.58,15.989,>15.989,99.990,0.154,0.292,g
2458182.38140,2018-03-04.8819333,bm,1.54,16.169,>16.169,99.990,0.023,0.247,g
2458182.38262,2018-03-04.8831497,bm,1.53,16.088,>16.088,99.990,0.010,0.267,g
2458182.38385,2018-03-04.8843755,bm,1.54,16.253,>16.253,99.990,0.337,0.229,g
2458182.62755,2018-03-05.1280778,bi,1.48,16.273,>16.273,99.990,0.522,0.225,g
2458182.62755,2018-03-05.1280774,bj,1.54,15.986,>15.986,99.990,0.064,0.293,g
2458182.62879,2018-03-05.1293221,bi,1.55,16.286,>16.286,99.990,0.034,0.222,g
2458182.62879,2018-03-05.1293215,bj,1.56,15.908,>15.908,99.990,-0.433,0.315,g
2458182.63000,2018-03-05.1305366,bj,1.57,15.922,>15.922,99.990,0.121,0.311,g
2458182.63000,2018-03-05.1305370,bi,1.47,16.195,>16.195,99.990,0.292,0.241,g
2458183.37707,2018-03-05.8775940,bm,1.47,16.063,>16.063,99.990,-0.123,0.273,g
2458183.37830,2018-03-05.8788212,bm,1.54,15.783,>15.783,99.990,-0.111,0.353,g
2458183.37953,2018-03-05.8800520,bm,1.54,15.320,>15.320,99.990,-0.119,0.541,g
2458183.62705,2018-03-06.1275710,bj,1.51,16.202,>16.202,99.990,0.224,0.240,g
2458183.62705,2018-03-06.1275707,bi,1.43,16.261,>16.261,99.990,-0.212,0.227,g
2458183.62827,2018-03-06.1287907,bj,1.61,15.969,>15.969,99.990,0.050,0.297,g
2458183.62827,2018-03-06.1287906,bi,1.45,16.353,>16.353,99.990,0.258,0.209,g
2458183.62950,2018-03-06.1300165,bi,1.44,16.281,>16.281,99.990,-0.154,0.223,g
2458183.62950,2018-03-06.1300165,bj,1.54,16.206,>16.206,99.990,-0.093,0.239,g
2458184.37625,2018-03-06.8767643,bm,1.51,16.647,>16.647,99.990,0.027,0.159,g
2458184.37746,2018-03-06.8779798,bm,1.52,16.666,>16.666,99.990,-0.054,0.156,g
2458184.37869,2018-03-06.8792069,bm,1.48,16.617,>16.617,99.990,0.332,0.164,g
2458184.62215,2018-03-07.1226604,bj,1.54,16.345,>16.345,99.990,-0.206,0.210,g
2458184.62215,2018-03-07.1226607,bi,1.45,16.576,>16.576,99.990,0.244,0.170,g
2458184.62337,2018-03-07.1238817,bi,1.45,16.573,>16.573,99.990,-0.163,0.170,g
2458184.62337,2018-03-07.1238825,bj,1.49,16.342,>16.342,99.990,0.060,0.211,g
2458184.62459,2018-03-07.1251002,bi,1.47,16.581,>16.581,99.990,0.300,0.169,g
2458184.62459,2018-03-07.1250997,bj,1.55,16.295,>16.295,99.990,0.180,0.220,g
2458185.59193,2018-03-08.0924420,bi,1.49,16.869,>16.869,99.990,-0.281,0.130,g
2458185.59316,2018-03-08.0936746,bi,1.53,16.989,>16.989,99.990,-0.099,0.116,g
2458185.59317,2018-03-08.0936756,bj,1.56,16.457,>16.457,99.990,0.196,0.190,g
2458185.59439,2018-03-08.0949002,bi,1.38,16.861,>16.861,99.990,0.100,0.131,g
2458185.59440,2018-03-08.0949002,bj,1.58,16.568,>16.568,99.990,-0.137,0.171,g
2458186.36746,2018-03-08.8679635,bm,2.33,16.799,>16.799,99.990,-0.004,0.139,g
2458186.36868,2018-03-08.8691730,bm,2.34,16.819,>16.819,99.990,0.057,0.136,g
2458186.36988,2018-03-08.8703837,bm,2.34,16.763,>16.763,99.990,0.003,0.143,g
2458186.59108,2018-03-09.0915726,bf,1.45,99.990,99.990,99.990,99.990,99.990,V
2458186.59108,2018-03-09.0915732,be,1.41,16.154,>16.154,99.990,-0.069,0.265,V
2458186.59235,2018-03-09.0928501,be,1.51,16.207,>16.207,99.990,0.393,0.252,V
2458186.59236,2018-03-09.0928510,bf,1.50,99.990,99.990,99.990,99.990,99.990,V
2458186.59362,2018-03-09.0941144,bf,1.45,99.990,99.990,99.990,99.990,99.990,V
2458186.59362,2018-03-09.0941152,be,1.42,16.161,>16.161,99.990,0.570,0.263,V
2458187.60277,2018-03-10.1032618,bi,1.44,16.899,>16.899,99.990,0.314,0.126,g
2458187.60277,2018-03-10.1032614,bj,1.48,16.647,>16.647,99.990,0.396,0.159,g
2458187.60398,2018-03-10.1044732,bi,1.50,16.928,>16.928,99.990,0.084,0.123,g
2458187.60520,2018-03-10.1056943,bj,1.54,16.637,>16.637,99.990,0.014,0.161,g
2458187.60520,2018-03-10.1056940,bi,1.42,16.851,>16.851,99.990,0.420,0.132,g
2458188.61179,2018-03-11.1122701,bi,1.49,16.886,>16.886,99.990,0.022,0.128,g
2458188.61179,2018-03-11.1122699,bj,1.55,16.714,>16.714,99.990,0.511,0.150,g
2458188.61301,2018-03-11.1134906,bj,1.55,16.659,>16.659,99.990,0.572,0.158,g
2458188.61301,2018-03-11.1134898,bi,1.45,16.904,>16.904,99.990,0.358,0.126,g
2458188.61423,2018-03-11.1147083,bi,1.47,16.866,>16.866,99.990,-0.001,0.130,g
2458188.61423,2018-03-11.1147083,bj,1.56,16.626,>16.626,99.990,0.307,0.162,g
2458189.61399,2018-03-12.1144703,bi,1.42,16.899,>16.899,99.990,0.068,0.126,g
2458189.61400,2018-03-12.1144706,bj,1.55,16.486,>16.486,99.990,-0.070,0.185,g
2458189.61522,2018-03-12.1156886,bi,1.47,16.956,>16.956,99.990,0.170,0.120,g
2458189.61522,2018-03-12.1156886,bj,1.55,16.638,>16.638,99.990,-0.078,0.161,g
2458189.61643,2018-03-12.1169082,bi,1.46,16.847,>16.847,99.990,0.005,0.133,g
2458189.61644,2018-03-12.1169082,bj,1.58,16.627,>16.627,99.990,0.094,0.162,g
2458190.36467,2018-03-12.8651378,bm,2.09,16.910,>16.910,99.990,0.057,0.125,g
2458190.36588,2018-03-12.8663519,bm,2.09,16.936,>16.936,99.990,0.226,0.122,g
2458190.36711,2018-03-12.8675814,bm,2.10,16.998,>16.998,99.990,0.288,0.115,g
2458190.61714,2018-03-13.1176056,bj,1.62,16.632,>16.632,99.990,-0.083,0.162,g
2458190.61714,2018-03-13.1176056,bi,1.53,16.813,>16.813,99.990,0.191,0.137,g
2458190.61836,2018-03-13.1188252,bi,1.40,16.934,>16.934,99.990,-0.039,0.122,g
2458190.61836,2018-03-13.118825,bj,1.54,16.727,>16.727,99.990,0.135,0.148,g
2458190.61958,2018-03-13.1200446,bi,1.43,16.983,>16.983,99.990,0.090,0.117,g
2458190.61958,2018-03-13.1200456,bj,1.61,16.609,>16.609,99.990,0.066,0.165,g
2458191.60476,2018-03-14.1052155,bi,1.49,16.991,>16.991,99.990,-0.051,0.116,g
2458191.60476,2018-03-14.1052155,bj,1.59,16.528,>16.528,99.990,0.086,0.178,g
2458191.60599,2018-03-14.1064420,bi,1.50,16.792,>16.792,99.990,0.309,0.139,g
2458191.60599,2018-03-14.1064420,bj,1.55,16.652,>16.652,99.990,0.190,0.159,g
2458191.60721,2018-03-14.1076663,bj,1.57,16.551,>16.551,99.990,0.306,0.174,g
2458191.60721,2018-03-14.1076665,bi,1.53,16.921,>16.921,99.990,0.079,0.124,g
2458192.35762,2018-03-14.8580719,bm,1.57,16.875,>16.875,99.990,0.087,0.129,g
2458192.35888,2018-03-14.8593365,bm,1.56,16.889,>16.889,99.990,0.097,0.127,g
2458192.36010,2018-03-14.8605424,bm,1.42,16.981,>16.981,99.990,0.093,0.117,g
2458192.60406,2018-03-15.1045170,bj,1.57,16.756,>16.756,99.990,-0.156,0.144,g
2458192.60407,2018-03-15.1045170,bi,1.50,17.022,>17.022,99.990,0.075,0.113,g
2458192.60528,2018-03-15.1057353,bj,1.56,16.495,>16.495,99.990,0.400,0.183,g
2458192.60529,2018-03-15.1057355,bi,1.44,16.788,>16.788,99.990,0.206,0.140,g
2458192.60651,2018-03-15.1069585,bj,1.50,16.594,>16.594,99.990,-0.212,0.167,g
2458192.60651,2018-03-15.1069584,bi,1.43,16.941,>16.941,99.990,0.089,0.122,g
2458193.59955,2018-03-16.0999859,bi,1.53,16.845,>16.845,99.990,-0.163,0.133,g
2458193.59955,2018-03-16.0999868,bj,1.55,16.605,>16.605,99.990,-0.303,0.166,g
2458193.60079,2018-03-16.1012254,bj,1.59,16.598,>16.598,99.990,0.061,0.167,g
2458193.60079,2018-03-16.1012256,bi,1.48,16.925,>16.925,99.990,0.261,0.123,g
2458193.60201,2018-03-16.1024453,bj,1.57,16.657,>16.657,99.990,0.111,0.158,g
2458193.60201,2018-03-16.1024453,bi,1.44,16.835,>16.835,99.990,0.152,0.134,g
2458194.59877,2018-03-17.0992025,bj,1.63,16.643,>16.643,99.990,0.093,0.160,g
2458194.59877,2018-03-17.0992019,bi,1.46,16.815,>16.815,99.990,0.059,0.136,g
2458194.60000,2018-03-17.1004293,bj,1.51,16.638,>16.638,99.990,-0.103,0.161,g
2458194.60000,2018-03-17.1004293,bi,1.51,16.831,>16.831,99.990,0.313,0.135,g
2458194.60122,2018-03-17.1016539,bi,1.50,16.789,>16.789,99.990,0.085,0.140,g
2458194.60122,2018-03-17.1016537,bj,1.56,16.715,>16.715,99.990,0.182,0.150,g
2458195.33985,2018-03-17.8402711,bm,1.45,17.059,>17.059,99.990,0.197,0.109,g
2458195.34106,2018-03-17.8414877,bm,1.55,16.995,>16.995,99.990,0.118,0.116,g
2458195.34227,2018-03-17.8426923,bm,1.53,16.968,>16.968,99.990,0.038,0.118,g
2458195.59769,2018-03-18.0981159,bi,1.67,16.812,>16.812,99.990,0.076,0.137,g
2458195.59770,2018-03-18.0981156,bj,1.65,16.497,>16.497,99.990,-0.085,0.183,g
2458195.59891,2018-03-18.0993348,bi,1.65,16.889,>16.889,99.990,0.388,0.127,g
2458195.59891,2018-03-18.0993343,bj,1.68,16.571,>16.571,99.990,0.237,0.171,g
2458195.60013,2018-03-18.1005549,bi,1.65,16.762,>16.762,99.990,0.262,0.143,g
2458195.60014,2018-03-18.1005545,bj,1.62,16.759,>16.759,99.990,-0.101,0.144,g
2458196.34208,2018-03-18.8424964,bm,1.58,16.965,>16.965,99.990,0.140,0.119,g
2458196.34329,2018-03-18.8437060,bm,1.57,17.027,>17.027,99.990,0.393,0.112,g
2458196.34449,2018-03-18.8449094,bm,1.57,17.115,>17.115,99.990,0.164,0.104,g
2458196.59367,2018-03-19.0940789,bj,1.62,16.620,>16.620,99.990,0.144,0.163,g
2458196.59367,2018-03-19.0940783,bi,1.43,16.987,>16.987,99.990,0.122,0.116,g
2458196.59489,2018-03-19.0953015,bi,1.46,16.849,>16.849,99.990,0.238,0.132,g
2458196.59489,2018-03-19.0953025,bj,1.56,16.575,>16.575,99.990,0.223,0.170,g
2458196.59612,2018-03-19.0965351,bj,1.57,16.707,>16.707,99.990,0.346,0.151,g
2458196.59612,2018-03-19.0965355,bi,1.49,16.905,>16.905,99.990,0.091,0.126,g
2458197.33372,2018-03-19.8341199,bm,1.54,99.990,99.990,99.990,99.990,99.990,g
2458197.33492,2018-03-19.835325,bm,1.55,99.990,99.990,99.990,99.990,99.990,g
2458197.33613,2018-03-19.8365342,bm,1.49,99.990,99.990,99.990,99.990,99.990,g
2458197.58888,2018-03-20.0892827,bj,1.58,16.676,>16.676,99.990,0.392,0.155,g
2458197.58888,2018-03-20.0892828,bi,1.50,16.921,>16.921,99.990,0.234,0.124,g
2458197.59011,2018-03-20.0905085,bj,1.61,16.586,>16.586,99.990,0.208,0.169,g
2458197.59011,2018-03-20.0905081,bi,1.47,16.826,>16.826,99.990,0.250,0.135,g
2458197.59133,2018-03-20.0917305,bj,1.56,16.594,>16.594,99.990,0.035,0.167,g
2458197.59133,2018-03-20.0917303,bi,1.45,16.806,>16.806,99.990,0.322,0.138,g
2458198.33449,2018-03-20.8348877,bm,1.49,17.171,>17.171,99.990,0.102,0.098,g
2458198.33570,2018-03-20.8360938,bm,1.54,16.893,>16.893,99.990,0.241,0.127,g
2458198.33690,2018-03-20.8373001,bm,1.54,16.983,>16.983,99.990,0.109,0.117,g
2458198.59123,2018-03-21.0916233,bj,1.59,16.695,>16.695,99.990,-0.016,0.152,g
2458198.59123,2018-03-21.0916224,bi,1.53,16.974,>16.974,99.990,0.031,0.118,g
2458198.59245,2018-03-21.0928380,bj,1.65,16.647,>16.647,99.990,0.250,0.159,g
2458198.59245,2018-03-21.0928391,bi,1.47,17.036,>17.036,99.990,0.223,0.111,g
2458198.59367,2018-03-21.0940614,bj,1.60,16.642,>16.642,99.990,0.144,0.160,g
2458198.59367,2018-03-21.0940607,bi,1.57,17.043,>17.043,99.990,0.155,0.111,g
2458199.23710,2018-03-21.7374846,bm,1.63,16.110,>16.110,99.990,0.034,0.261,g
2458199.23830,2018-03-21.7386925,bm,1.67,16.319,>16.319,99.990,-0.110,0.216,g
2458199.23956,2018-03-21.7399476,bm,1.58,16.365,>16.365,99.990,-0.086,0.207,g
2458199.58737,2018-03-22.0877569,bi,1.42,16.944,>16.944,99.990,0.143,0.121,g
2458199.58737,2018-03-22.0877568,bj,1.62,16.681,>16.681,99.990,0.031,0.154,g
2458199.58860,2018-03-22.0889802,bi,1.51,16.775,>16.775,99.990,0.178,0.142,g
2458199.58860,2018-03-22.0889802,bj,1.53,16.689,>16.689,99.990,0.050,0.153,g
2458199.58982,2018-03-22.0902009,bi,1.42,16.828,>16.828,99.990,0.326,0.135,g
2458199.58982,2018-03-22.0902005,bj,1.57,16.668,>16.668,99.990,-0.110,0.156,g
2458200.23611,2018-03-22.7364827,bm,1.64,16.174,>16.174,99.990,0.075,0.246,g
2458200.23732,2018-03-22.7376994,bm,1.60,16.303,>16.303,99.990,0.195,0.219,g
2458200.23856,2018-03-22.7389408,bm,1.62,16.521,>16.521,99.990,-0.015,0.179,g
2458200.58330,2018-03-23.0836725,bj,1.55,16.543,>16.543,99.990,-0.124,0.175,g
2458200.58330,2018-03-23.0836717,bi,1.54,16.704,>16.704,99.990,0.127,0.151,g
2458200.58452,2018-03-23.0848995,bj,1.53,16.554,>16.554,99.990,0.180,0.174,g
2458200.58453,2018-03-23.0848987,bi,1.57,16.813,>16.813,99.990,0.169,0.137,g
2458200.58574,2018-03-23.0861167,bj,1.56,16.570,>16.570,99.990,0.352,0.171,g
2458200.58574,2018-03-23.0861173,bi,1.50,16.896,>16.896,99.990,0.216,0.127,g
2458201.23559,2018-03-23.7359526,bm,2.25,16.333,>16.333,99.990,0.422,0.213,g
2458201.23681,2018-03-23.7371737,bm,2.21,16.343,>16.343,99.990,-0.315,0.211,g
2458201.23803,2018-03-23.7383986,bm,2.22,16.391,>16.391,99.990,0.088,0.202,g
2458201.59535,2018-03-24.0957167,bi,1.38,16.591,>16.591,99.990,0.211,0.168,g
2458201.59535,2018-03-24.0957167,bj,1.56,16.418,>16.418,99.990,0.104,0.197,g
2458201.59657,2018-03-24.0969348,bj,1.57,16.408,>16.408,99.990,0.419,0.199,g
2458201.59657,2018-03-24.0969353,bi,1.39,16.862,>16.862,99.990,-0.326,0.131,g
2458201.59779,2018-03-24.0981534,bj,1.57,16.406,>16.406,99.990,-0.076,0.199,g
2458201.59779,2018-03-24.0981528,bi,1.41,16.689,>16.689,99.990,0.450,0.153,g
2458202.58011,2018-03-25.0804612,bj,1.53,16.250,>16.250,99.990,0.095,0.230,g
2458202.58011,2018-03-25.0804614,bi,1.51,16.539,>16.539,99.990,0.144,0.176,g
2458202.58132,2018-03-25.081675,bj,1.59,16.367,>16.367,99.990,0.102,0.206,g
2458202.58133,2018-03-25.0816771,bi,1.46,16.633,>16.633,99.990,-0.167,0.161,g
2458202.58254,2018-03-25.0828932,bj,1.57,16.504,>16.504,99.990,-0.073,0.182,g
2458202.58254,2018-03-25.0828932,bi,1.50,16.651,>16.651,99.990,-0.055,0.159,g
2458203.25571,2018-03-25.7560559,bm,1.61,16.475,>16.475,99.990,-0.182,0.187,g
2458203.25692,2018-03-25.7572663,bm,1.56,16.643,>16.643,99.990,-0.157,0.160,g
2458203.25812,2018-03-25.7584710,bm,1.58,16.549,>16.549,99.990,0.407,0.174,g
2458203.57990,2018-03-26.0802474,bi,1.56,16.388,>16.388,99.990,0.234,0.202,g
2458203.57991,2018-03-26.0802475,bj,1.52,16.225,>16.225,99.990,0.444,0.235,g
2458203.58113,2018-03-26.0814721,bj,1.53,16.328,>16.328,99.990,0.017,0.214,g
2458203.58113,2018-03-26.0814718,bi,1.60,16.324,>16.324,99.990,0.330,0.214,g
2458203.58234,2018-03-26.0826873,bj,1.58,16.157,>16.157,99.990,0.473,0.250,g
2458203.58234,2018-03-26.0826863,bi,1.48,16.397,>16.397,99.990,0.280,0.201,g
2458204.28060,2018-03-26.7809366,bm,1.51,16.603,>16.603,99.990,0.424,0.166,g
2458204.28181,2018-03-26.7821438,bm,1.54,16.485,>16.485,99.990,0.158,0.185,g
2458204.28303,2018-03-26.7833605,bm,1.60,16.419,>16.419,99.990,-0.196,0.196,g
2458204.57098,2018-03-27.0713108,bi,1.44,16.372,>16.372,99.990,-0.054,0.205,g
2458204.57098,2018-03-27.0713103,bj,1.62,16.017,>16.017,99.990,-0.465,0.285,g
2458204.57219,2018-03-27.0725289,bi,1.43,16.257,>16.257,99.990,0.165,0.228,g
2458204.57219,2018-03-27.0725280,bj,1.65,16.024,>16.024,99.990,0.328,0.283,g
2458204.57341,2018-03-27.0737431,bj,1.56,15.976,>15.976,99.990,-0.071,0.296,g
2458204.57341,2018-03-27.0737431,bi,1.45,16.382,>16.382,99.990,-0.006,0.203,g
2458205.56937,2018-03-28.0696987,bi,1.45,16.253,>16.253,99.990,0.056,0.229,g
2458205.56937,2018-03-28.0696981,bj,1.54,15.881,>15.881,99.990,0.318,0.323,g
2458205.57059,2018-03-28.0709167,bi,1.44,16.126,>16.126,99.990,0.250,0.258,g
2458205.57059,2018-03-28.0709165,bj,1.56,15.973,>15.973,99.990,0.087,0.296,g
2458205.57181,2018-03-28.0721331,bi,1.48,16.184,>16.184,99.990,0.080,0.244,g
2458205.57181,2018-03-28.0721340,bj,1.59,15.990,>15.990,99.990,-0.005,0.292,g
2458206.55847,2018-03-29.0587868,bj,1.66,15.766,>15.766,99.990,0.248,0.359,g
2458206.55847,2018-03-29.0587868,bi,1.42,16.049,>16.049,99.990,0.275,0.276,g
2458206.55969,2018-03-29.0600062,bj,1.62,15.921,>15.921,99.990,-0.464,0.311,g
2458206.55969,2018-03-29.0600063,bi,1.38,16.118,>16.118,99.990,0.171,0.259,g
2458206.56091,2018-03-29.0612282,bj,1.54,15.769,>15.769,99.990,0.043,0.358,g
2458206.56092,2018-03-29.0612283,bi,1.46,16.074,>16.074,99.990,0.078,0.270,g
2458207.56180,2018-03-30.0621093,bj,1.54,15.615,>15.615,99.990,-0.079,0.412,g
2458207.56181,2018-03-30.0621093,bi,1.44,15.937,>15.937,99.990,-0.072,0.307,g
2458207.56303,2018-03-30.0633362,bi,1.46,15.873,>15.873,99.990,-0.457,0.325,g
2458207.56303,2018-03-30.0633362,bj,1.52,15.604,>15.604,99.990,0.051,0.416,g
2458207.56425,2018-03-30.0645545,bj,1.54,15.543,>15.543,99.990,0.284,0.441,g
2458207.56425,2018-03-30.0645549,bi,1.48,15.822,>15.822,99.990,-0.283,0.341,g
2458208.57309,2018-03-31.0733824,bi,1.51,15.861,>15.861,99.990,-0.582,0.329,g
2458208.57309,2018-03-31.0733834,bj,1.61,15.398,>15.398,99.990,0.827,0.503,g
2458208.57431,2018-03-31.0746123,bi,1.42,15.866,>15.866,99.990,0.193,0.327,g
2458208.57432,2018-03-31.0746125,bj,1.60,15.344,>15.344,99.990,1.248,0.529,g
2458208.57553,2018-03-31.0758309,bi,1.53,15.695,>15.695,99.990,0.029,0.383,g
2458208.57553,2018-03-31.0758299,bj,1.59,15.489,>15.489,99.990,0.354,0.463,g
2458209.56008,2018-04-01.0603672,bi,1.53,15.874,>15.874,99.990,0.425,0.325,g
2458209.56009,2018-04-01.0603673,bj,2.03,15.459,>15.459,99.990,-0.082,0.476,g
2458209.56131,2018-04-01.0615987,bi,1.48,15.963,>15.963,99.990,-0.170,0.299,g
2458209.56132,2018-04-01.0615987,bj,2.01,15.440,>15.440,99.990,0.729,0.484,g
2458209.56254,2018-04-01.0628233,bj,2.02,15.610,>15.610,99.990,0.282,0.414,g
2458209.56254,2018-04-01.0628231,bi,1.51,15.955,>15.955,99.990,-0.213,0.301,g
2458210.55487,2018-04-02.0551478,bj,1.99,15.816,>15.816,99.990,-0.097,0.342,g
2458210.55488,2018-04-02.0551488,bi,1.43,16.123,>16.123,99.990,-0.361,0.258,g
2458210.55609,2018-04-02.0563664,bj,2.03,15.693,>15.693,99.990,-0.115,0.384,g
2458210.55610,2018-04-02.0563672,bi,1.51,16.145,>16.145,99.990,-0.266,0.253,g
2458210.55732,2018-04-02.0575967,bj,2.01,15.671,>15.671,99.990,-0.107,0.391,g
2458210.55733,2018-04-02.0575961,bi,1.51,15.996,>15.996,99.990,0.117,0.290,g
2458211.29671,2018-04-02.7969719,bm,1.53,16.282,>16.282,99.990,-0.311,0.223,g
2458211.29793,2018-04-02.7981884,bm,1.49,16.211,>16.211,99.990,-0.310,0.238,g
2458211.29914,2018-04-02.7994031,bm,1.57,16.421,>16.421,99.990,0.414,0.196,g
2458211.55461,2018-04-03.0548748,bi,1.45,16.235,>16.235,99.990,0.191,0.233,g
2458211.55461,2018-04-03.0548748,bj,1.60,15.968,>15.968,99.990,0.178,0.298,g
2458211.55584,2018-04-03.0560991,bj,1.57,15.935,>15.935,99.990,0.739,0.307,g
2458211.55584,2018-04-03.0560993,bi,1.51,16.250,>16.250,99.990,-0.137,0.230,g
2458211.55707,2018-04-03.0573259,bi,1.50,16.299,>16.299,99.990,-0.024,0.219,g
2458211.55707,2018-04-03.0573259,bj,1.65,16.167,>16.167,99.990,-0.675,0.248,g
2458212.49846,2018-04-03.9987128,bi,1.41,16.743,>16.743,99.990,0.205,0.146,g
2458212.49846,2018-04-03.9987134,bj,1.64,16.621,>16.621,99.990,0.083,0.163,g
2458212.49969,2018-04-03.9999445,bj,1.54,16.533,>16.533,99.990,0.387,0.177,g
2458212.49969,2018-04-03.9999439,bi,1.42,17.160,>17.160,99.990,0.373,0.099,g
2458212.50091,2018-04-04.0011637,bi,1.53,17.033,>17.033,99.990,0.223,0.112,g
2458214.31053,2018-04-05.8107670,bm,1.50,17.091,>17.091,99.990,-0.171,0.106,g
2458214.31188,2018-04-05.8121234,bm,1.52,16.997,>16.997,99.990,0.042,0.115,g
2458214.31359,2018-04-05.8138184,bm,1.53,17.263,>17.263,99.990,-0.016,0.090,g
2458214.48189,2018-04-05.9821192,bj,1.56,16.286,>16.286,99.990,-0.230,0.222,g
2458214.48189,2018-04-05.9821188,bi,1.53,16.516,>16.516,99.990,0.113,0.180,g
2458214.48310,2018-04-05.9833350,bi,1.42,16.918,>16.918,99.990,-0.235,0.124,g
2458214.48432,2018-04-05.9845533,bi,1.45,16.567,>16.567,99.990,0.293,0.172,g
2458215.28555,2018-04-06.7857783,bm,1.73,17.212,>17.212,99.990,0.100,0.095,g
2458215.28678,2018-04-06.7870043,bm,2.00,17.213,>17.213,99.990,0.240,0.095,g
2458215.28799,2018-04-06.7882150,bm,1.97,17.562,>17.562,99.990,0.067,0.069,g
2458215.47362,2018-04-06.9738340,bi,2.07,15.778,>15.778,99.990,0.912,0.355,g
2458215.47484,2018-04-06.9750597,bi,2.04,16.113,>16.113,99.990,-0.545,0.261,g
2458215.47484,2018-04-06.9750591,bj,2.32,15.819,>15.819,99.990,0.026,0.342,g
2458215.47606,2018-04-06.9762819,bi,2.02,16.259,>16.259,99.990,0.232,0.228,g
2458216.28094,2018-04-07.7811576,bm,1.99,16.955,>16.955,99.990,-0.011,0.120,g
2458216.28216,2018-04-07.7823659,bm,2.03,16.963,>16.963,99.990,0.141,0.119,g
2458216.28336,2018-04-07.7835709,bm,2.03,16.966,>16.966,99.990,0.039,0.119,g
2458216.47658,2018-04-07.9767832,bi,2.25,16.145,>16.145,99.990,-0.041,0.253,g
2458216.47779,2018-04-07.9779932,bj,1.77,16.146,>16.146,99.990,-0.447,0.253,g
2458216.47779,2018-04-07.9779937,bi,2.21,16.227,>16.227,99.990,-0.090,0.235,g
2458216.47900,2018-04-07.9792083,bj,1.70,16.211,>16.211,99.990,0.215,0.238,g
2458216.47900,2018-04-07.9792077,bi,2.19,16.452,>16.452,99.990,-0.098,0.191,g
2458217.28001,2018-04-08.7802125,bm,2.04,15.897,>15.897,99.990,0.162,0.318,g
2458217.28124,2018-04-08.7814418,bm,2.03,15.805,>15.805,99.990,0.661,0.346,g
2458217.28246,2018-04-08.7826585,bm,2.01,15.591,>15.591,99.990,0.425,0.422,g
2458217.53544,2018-04-09.0356321,bj,1.59,16.633,>16.633,99.990,0.003,0.161,g
2458217.53544,2018-04-09.0356317,bi,1.44,16.854,>16.854,99.990,0.014,0.132,g
2458217.53666,2018-04-09.0368519,bj,1.53,16.597,>16.597,99.990,0.254,0.167,g
2458217.53666,2018-04-09.0368524,bi,1.43,17.096,>17.096,99.990,0.041,0.105,g
2458217.53787,2018-04-09.0380675,bi,1.47,16.856,>16.856,99.990,0.190,0.131,g
2458217.53787,2018-04-09.0380675,bj,1.55,16.635,>16.635,99.990,0.147,0.161,g
2458218.53107,2018-04-10.0312586,bi,1.48,16.691,>16.691,99.990,0.299,0.153,g
2458218.53107,2018-04-10.0312586,bj,1.58,16.548,>16.548,99.990,0.147,0.175,g
2458218.53229,2018-04-10.0324782,bj,1.62,16.589,>16.589,99.990,0.281,0.168,g
2458218.53229,2018-04-10.0324785,bi,1.45,16.850,>16.850,99.990,0.183,0.132,g
2458218.53351,2018-04-10.0336974,bi,1.48,16.909,>16.909,99.990,0.410,0.125,g
2458218.53351,2018-04-10.0336966,bj,1.54,16.414,>16.414,99.990,0.776,0.198,g
2458220.53759,2018-04-12.0377565,bj,1.56,16.443,>16.443,99.990,-0.084,0.192,g
2458220.53760,2018-04-12.0377565,bi,1.43,16.799,>16.799,99.990,-0.215,0.138,g
2458220.53882,2018-04-12.0389787,bj,1.55,16.542,>16.542,99.990,0.241,0.176,g
2458220.53882,2018-04-12.0389775,bi,1.48,16.793,>16.793,99.990,-0.006,0.139,g
2458220.54003,2018-04-12.0401952,bj,1.53,16.624,>16.624,99.990,0.062,0.163,g
2458220.54003,2018-04-12.0401945,bi,1.41,16.903,>16.903,99.990,0.032,0.126,g
2458221.53718,2018-04-13.0373303,bi,1.46,16.897,>16.897,99.990,0.210,0.127,g
2458221.53718,2018-04-13.0373300,bj,1.65,16.586,>16.586,99.990,-0.089,0.169,g
2458221.53840,2018-04-13.0385512,bi,1.47,16.849,>16.849,99.990,-0.111,0.132,g
2458221.53840,2018-04-13.0385515,bj,1.56,16.718,>16.718,99.990,0.086,0.149,g
2458221.53962,2018-04-13.0397695,bj,1.58,16.608,>16.608,99.990,0.281,0.165,g
2458221.53962,2018-04-13.0397696,bi,1.52,16.879,>16.879,99.990,0.172,0.129,g
2458222.53265,2018-04-14.0327920,bi,1.42,16.741,>16.741,99.990,-0.003,0.146,g
2458222.53265,2018-04-14.0327921,bj,1.55,16.762,>16.762,99.990,-0.019,0.143,g
2458222.53388,2018-04-14.0340214,bj,1.54,16.604,>16.604,99.990,-0.101,0.166,g
2458222.53388,2018-04-14.0340217,bi,1.47,16.939,>16.939,99.990,0.029,0.122,g
2458222.53510,2018-04-14.0352400,bi,1.42,16.832,>16.832,99.990,0.119,0.134,g
2458222.53510,2018-04-14.0352400,bj,1.54,16.630,>16.630,99.990,-0.025,0.162,g
2458223.26433,2018-04-14.7644606,bm,1.49,16.806,>16.806,99.990,0.232,0.138,g
2458223.26554,2018-04-14.7656773,bm,1.52,16.951,>16.951,99.990,0.128,0.120,g
2458223.26676,2018-04-14.7668962,bm,1.56,16.921,>16.921,99.990,0.144,0.124,g
2458223.52723,2018-04-15.0273540,bj,1.55,16.575,>16.575,99.990,0.174,0.170,g
2458223.52845,2018-04-15.0285796,bi,1.50,16.828,>16.828,99.990,0.321,0.135,g
2458223.52845,2018-04-15.0285793,bj,1.57,16.620,>16.620,99.990,0.257,0.163,g
2458223.52967,2018-04-15.0297989,bj,1.57,16.585,>16.585,99.990,0.091,0.169,g
2458223.52967,2018-04-15.0297989,bi,1.45,16.914,>16.914,99.990,0.143,0.125,g
2458224.25995,2018-04-15.7600726,bm,1.50,17.040,>17.040,99.990,0.178,0.111,g
2458224.26117,2018-04-15.7612927,bm,1.54,16.884,>16.884,99.990,0.128,0.128,g
2458224.26239,2018-04-15.7625100,bm,1.55,16.838,>16.838,99.990,0.399,0.134,g
2458224.52661,2018-04-16.0267355,bi,1.59,16.877,>16.877,99.990,0.076,0.129,g
2458224.52662,2018-04-16.0267354,bj,1.57,16.524,>16.524,99.990,0.237,0.178,g
2458224.52783,2018-04-16.0279494,bi,1.60,17.012,>17.012,99.990,-0.026,0.114,g
2458224.52784,2018-04-16.02795,bj,1.58,16.665,>16.665,99.990,-0.072,0.157,g
2458224.52904,2018-04-16.0291699,bi,1.60,16.925,>16.925,99.990,-0.043,0.123,g
2458224.52905,2018-04-16.0291700,bj,1.59,16.514,>16.514,99.990,0.253,0.180,g
2458225.52208,2018-04-17.0221907,bi,1.52,16.719,>16.719,99.990,0.026,0.149,g
2458225.52208,2018-04-17.0221910,bj,1.56,16.231,>16.231,99.990,0.340,0.234,g
2458225.52331,2018-04-17.0234141,bj,1.57,16.260,>16.260,99.990,-0.082,0.228,g
2458225.52331,2018-04-17.0234134,bi,1.41,16.531,>16.531,99.990,0.041,0.177,g
2458225.52452,2018-04-17.0246313,bi,1.51,16.640,>16.640,99.990,0.217,0.160,g
2458226.52224,2018-04-18.0223329,bi,1.57,16.739,>16.739,99.990,0.091,0.146,g
2458226.52224,2018-04-18.0223321,bj,1.69,16.464,>16.464,99.990,0.123,0.189,g
2458226.52346,2018-04-18.0235525,bi,1.59,16.227,>16.227,99.990,0.247,0.235,g
2458226.52468,2018-04-18.0247706,bj,1.65,16.065,>16.065,99.990,-0.510,0.272,g
2458227.51434,2018-04-19.0144252,bj,1.57,16.541,>16.541,99.990,-0.059,0.176,g
2458227.51435,2018-04-19.0144255,bi,1.46,99.990,99.990,99.990,99.990,99.990,g
2458227.51556,2018-04-19.0156412,bj,1.57,16.524,>16.524,99.990,0.138,0.178,g
2458227.51678,2018-04-19.0168626,bj,1.59,16.521,>16.521,99.990,-0.013,0.179,g
2458228.24966,2018-04-19.7497312,bm,2.03,16.872,>16.872,99.990,0.118,0.130,g
2458228.25087,2018-04-19.7509408,bm,2.05,17.101,>17.101,99.990,-0.008,0.105,g
2458228.25208,2018-04-19.7521540,bm,2.07,16.825,>16.825,99.990,-0.023,0.135,g
2458228.51354,2018-04-20.0136155,bi,1.40,16.735,>16.735,99.990,0.154,0.147,g
2458228.51354,2018-04-20.0136155,bj,1.59,16.465,>16.465,99.990,0.017,0.188,g
2458228.51477,2018-04-20.0148450,bi,1.39,16.698,>16.698,99.990,0.263,0.152,g
2458228.51599,2018-04-20.0160612,bi,1.46,16.782,>16.782,99.990,0.261,0.141,g
2458228.51599,2018-04-20.0160611,bj,1.57,16.485,>16.485,99.990,0.131,0.185,g
2458229.24514,2018-04-20.7452068,bm,1.49,16.926,>16.926,99.990,0.093,0.123,g
2458229.24636,2018-04-20.7464212,bm,1.46,17.070,>17.070,99.990,0.303,0.108,g
2458229.24758,2018-04-20.7476387,bm,1.53,16.864,>16.864,99.990,0.255,0.130,g
2458229.50928,2018-04-21.0093421,bj,1.54,16.393,>16.393,99.990,0.196,0.201,g
2458229.50928,2018-04-21.0093425,bi,1.40,16.687,>16.687,99.990,0.160,0.154,g
2458229.51051,2018-04-21.0105724,bj,1.50,16.275,>16.275,99.990,0.258,0.224,g
2458229.51051,2018-04-21.0105726,bi,1.43,16.732,>16.732,99.990,-0.243,0.147,g
2458229.51173,2018-04-21.0117906,bj,1.63,16.383,>16.383,99.990,0.064,0.203,g
2458229.51173,2018-04-21.0117913,bi,1.39,16.591,>16.591,99.990,0.124,0.168,g
2458230.21495,2018-04-21.7150013,bm,1.73,16.555,>16.555,99.990,0.073,0.173,g
2458230.21617,2018-04-21.7162182,bm,1.95,16.543,>16.543,99.990,0.199,0.175,g
2458230.21737,2018-04-21.7174232,bm,1.63,16.607,>16.607,99.990,0.076,0.165,g
2458230.48885,2018-04-21.9889002,bj,1.58,16.320,>16.320,99.990,0.427,0.215,g
2458230.48885,2018-04-21.9888997,bi,1.49,16.544,>16.544,99.990,0.275,0.175,g
2458230.49129,2018-04-21.9913337,bj,1.58,16.354,>16.354,99.990,-0.010,0.209,g
2458231.21059,2018-04-22.7106312,bm,1.99,16.307,>16.307,99.990,0.171,0.218,g
2458231.21181,2018-04-22.7118505,bm,1.97,16.440,>16.440,99.990,0.054,0.193,g
2458231.21302,2018-04-22.7130636,bm,1.96,16.423,>16.423,99.990,-0.177,0.196,g
2458231.47724,2018-04-22.9772721,bi,1.46,16.560,>16.560,99.990,-0.032,0.173,g
2458231.47724,2018-04-22.9772715,bj,1.53,16.255,>16.255,99.990,0.022,0.228,g
2458231.47845,2018-04-22.9784893,bi,1.56,16.619,>16.619,99.990,0.099,0.164,g
2458231.47845,2018-04-22.9784892,bj,1.54,16.423,>16.423,99.990,-0.166,0.196,g
2458231.47966,2018-04-22.9797031,bj,1.54,16.266,>16.266,99.990,-0.120,0.226,g
2458231.47967,2018-04-22.9797032,bi,1.52,16.647,>16.647,99.990,0.161,0.159,g
2458232.23480,2018-04-23.7348290,bm,1.58,16.692,>16.692,99.990,-0.175,0.153,g
2458232.23609,2018-04-23.7361253,bm,1.44,16.583,>16.583,99.990,0.230,0.169,g
2458232.23784,2018-04-23.7378722,bm,1.58,15.864,>15.864,99.990,0.103,0.328,g
2458232.48019,2018-04-23.9802204,bj,1.59,16.285,>16.285,99.990,0.060,0.222,g
2458232.48019,2018-04-23.9802201,bi,1.50,16.572,>16.572,99.990,0.062,0.171,g
2458232.48141,2018-04-23.9814354,bi,1.46,16.436,>16.436,99.990,0.322,0.194,g
2458232.48141,2018-04-23.9814355,bj,1.54,16.246,>16.246,99.990,0.189,0.230,g
2458232.48263,2018-04-23.9826585,bi,1.49,16.167,>16.167,99.990,0.274,0.248,g
2458232.48263,2018-04-23.9826586,bj,1.51,15.874,>15.874,99.990,0.104,0.325,g
2458233.22409,2018-04-24.7241172,bm,1.45,16.508,>16.508,99.990,0.458,0.181,g
2458233.22531,2018-04-24.7253336,bm,1.50,16.439,>16.439,99.990,0.055,0.193,g
2458233.22653,2018-04-24.7265527,bm,1.48,16.407,>16.407,99.990,0.501,0.199,g
2458235.48203,2018-04-26.9820175,bj,1.74,99.990,99.990,99.990,99.990,99.990,g
2458235.48203,2018-04-26.9820185,bi,1.61,99.990,99.990,99.990,99.990,99.990,g
2458235.48325,2018-04-26.9832431,bj,1.58,14.654,>14.654,99.990,1.512,0.998,g
2458235.48326,2018-04-26.9832432,bi,1.58,15.022,>15.022,99.990,0.839,0.711,g
2458235.48447,2018-04-26.9844618,bi,1.99,13.829,>13.829,99.990,0.098,2.135,g
2458235.48447,2018-04-26.9844607,bj,2.00,99.990,99.990,99.990,99.990,99.990,g
2458236.48147,2018-04-27.9814505,bj,1.57,15.797,>15.797,99.990,-0.040,0.348,g
2458236.48147,2018-04-27.9814496,bi,1.57,15.984,>15.984,99.990,-0.368,0.293,g
2458236.48270,2018-04-27.9826773,bj,1.54,15.800,>15.800,99.990,0.319,0.348,g
2458236.48270,2018-04-27.9826781,bi,1.50,15.985,>15.985,99.990,0.542,0.293,g
2458236.48392,2018-04-27.9839010,bi,1.55,16.016,>16.016,99.990,-0.331,0.285,g
2458236.48392,2018-04-27.9839004,bj,1.56,15.673,>15.673,99.990,0.218,0.391,g
2458238.22071,2018-04-29.7206738,bm,1.48,16.001,>16.001,99.990,-0.152,0.289,g
2458238.22192,2018-04-29.7218834,bm,1.55,16.026,>16.026,99.990,-0.085,0.282,g
2458238.22315,2018-04-29.7231084,bm,1.54,15.907,>15.907,99.990,0.134,0.315,g
2458238.47295,2018-04-29.9729079,bj,1.56,15.667,>15.667,99.990,-0.797,0.393,g
2458238.47295,2018-04-29.9729076,bi,1.50,15.874,>15.874,99.990,0.185,0.325,g
2458238.47417,2018-04-29.9741287,bj,1.54,15.730,>15.730,99.990,0.025,0.371,g
2458238.47417,2018-04-29.9741284,bi,1.52,15.723,>15.723,99.990,-0.340,0.373,g
2458238.47540,2018-04-29.9753533,bi,1.45,16.102,>16.102,99.990,0.042,0.263,g
2458238.47540,2018-04-29.9753532,bj,1.63,15.612,>15.612,99.990,0.024,0.413,g
2458239.22020,2018-04-30.7201488,bm,1.65,16.187,>16.187,99.990,0.505,0.243,g
2458239.22141,2018-04-30.7213557,bm,1.56,16.190,>16.190,99.990,-0.028,0.243,g
2458239.22261,2018-04-30.7225596,bm,1.62,16.203,>16.203,99.990,0.068,0.240,g
2458241.21280,2018-05-02.7127158,bm,1.55,15.644,>15.644,99.990,0.226,0.401,g
2458241.21422,2018-05-02.7141416,bm,1.58,16.902,>16.902,99.990,-0.034,0.126,g
2458241.21595,2018-05-02.7158762,bm,1.62,14.226,>14.226,99.990,3.951,1.482,g
2458241.46001,2018-05-02.9599362,bi,1.45,16.119,>16.119,99.990,0.359,0.259,g
2458241.46002,2018-05-02.9599351,bj,1.53,15.932,>15.932,99.990,0.557,0.308,g
2458241.46123,2018-05-02.9611538,bi,1.45,16.217,>16.217,99.990,0.258,0.237,g
2458241.46123,2018-05-02.9611539,bj,1.52,16.106,>16.106,99.990,0.068,0.262,g
2458241.46245,2018-05-02.9623710,bj,1.55,16.203,>16.203,99.990,-0.050,0.240,g
2458241.46245,2018-05-02.9623712,bi,1.52,16.456,>16.456,99.990,0.258,0.190,g
2458242.46333,2018-05-03.9632371,bi,1.60,16.506,>16.506,99.990,0.255,0.181,g
2458242.46455,2018-05-03.9644581,bi,1.58,16.566,>16.566,99.990,0.392,0.172,g
2458242.46577,2018-05-03.9656848,bj,1.72,16.425,>16.425,99.990,0.162,0.195,g
2458242.46577,2018-05-03.9656848,bi,1.58,16.733,>16.733,99.990,0.032,0.147,g
2458243.20682,2018-05-04.7067268,bm,2.04,16.567,>16.567,99.990,-0.177,0.172,g
2458243.20804,2018-05-04.7079388,bm,2.00,16.660,>16.660,99.990,0.172,0.157,g
2458243.20926,2018-05-04.7091586,bm,2.00,16.757,>16.757,99.990,0.043,0.144,g
2458243.45903,2018-05-04.9589325,bi,2.00,16.124,>16.124,99.990,0.247,0.258,g
2458243.45903,2018-05-04.9589325,bj,2.07,15.915,>15.915,99.990,0.215,0.313,g
2458243.46026,2018-05-04.9601591,bj,2.07,15.986,>15.986,99.990,0.405,0.293,g
2458243.46026,2018-05-04.9601594,bi,1.98,16.316,>16.316,99.990,0.038,0.216,g
2458243.46148,2018-05-04.9613777,bj,2.03,16.148,>16.148,99.990,-0.345,0.252,g
2458243.46148,2018-05-04.9613777,bi,1.99,16.399,>16.399,99.990,0.121,0.200,g
2458244.20290,2018-05-05.7027877,bm,2.11,16.323,>16.323,99.990,-0.013,0.215,g
2458244.20413,2018-05-05.7040182,bm,2.11,16.340,>16.340,99.990,-0.135,0.211,g
2458244.20544,2018-05-05.7053244,bm,2.06,16.519,>16.519,99.990,0.179,0.179,g
2458244.45856,2018-05-05.9584438,bj,2.00,15.887,>15.887,99.990,-0.216,0.321,g
2458244.45856,2018-05-05.9584444,bi,1.96,16.241,>16.241,99.990,0.047,0.232,g
2458244.45977,2018-05-05.9596562,bi,1.97,16.103,>16.103,99.990,0.111,0.263,g
2458244.45977,2018-05-05.9596562,bj,1.73,16.053,>16.053,99.990,-0.085,0.275,g
2458244.46099,2018-05-05.9608738,bj,1.99,16.086,>16.086,99.990,-0.275,0.267,g
2458244.46099,2018-05-05.9608736,bi,1.73,16.472,>16.472,99.990,0.509,0.187,g
2458245.45435,2018-05-06.9542309,bi,1.66,99.990,99.990,99.990,99.990,99.990,g
2458245.45436,2018-05-06.9542310,bj,1.80,13.798,>13.798,99.990,2.577,2.197,g
2458245.45557,2018-05-06.9554503,bi,1.45,15.010,>15.010,99.990,-0.232,0.720,g
2458245.45557,2018-05-06.9554496,bj,1.59,14.679,>14.679,99.990,0.623,0.976,g
2458245.45680,2018-05-06.9566725,bi,1.48,14.635,>14.635,99.990,-1.435,1.017,g
2458245.45680,2018-05-06.9566730,bj,1.71,14.759,>14.759,99.990,2.574,0.907,g
2458246.45388,2018-05-07.9537487,bj,1.66,14.737,>14.737,99.990,1.830,0.926,g
2458246.45389,2018-05-07.9537488,bi,1.47,14.884,>14.884,99.990,-0.398,0.808,g
2458246.45510,2018-05-07.9549671,bi,1.59,14.988,>14.988,99.990,-0.008,0.734,g
2458246.45510,2018-05-07.9549671,bj,1.58,14.600,>14.600,99.990,2.077,1.049,g
2458246.45632,2018-05-07.9561879,bi,1.54,14.993,>14.993,99.990,0.476,0.731,g
2458246.45632,2018-05-07.9561877,bj,1.67,14.787,>14.787,99.990,0.998,0.884,g
2458310.94944,2018-07-11.4487778,be,1.39,15.817,>15.817,99.990,-0.742,0.362,V
2458311.94992,2018-07-12.4492523,be,1.55,15.601,>15.601,99.990,-0.053,0.441,V
2458312.94626,2018-07-13.4455903,be,2.05,15.768,>15.768,99.990,0.009,0.378,V
2458312.94751,2018-07-13.4468516,be,2.03,15.714,>15.714,99.990,-0.350,0.397,V
2458312.94879,2018-07-13.4481287,be,2.04,15.614,>15.614,99.990,0.685,0.436,V
2458313.94853,2018-07-14.4478638,bi,1.50,15.913,>15.913,99.990,-0.315,0.313,g
2458314.93939,2018-07-15.4387309,be,1.77,16.117,>16.117,99.990,0.211,0.274,V
2458314.94068,2018-07-15.4400092,be,1.66,16.174,>16.174,99.990,-0.093,0.260,V
2458314.94194,2018-07-15.4412717,be,1.71,16.003,>16.003,99.990,0.285,0.304,V
2458315.93564,2018-07-16.4349671,be,1.48,14.891,>14.891,99.990,0.660,0.849,V
2458315.93691,2018-07-16.4362427,be,1.45,14.594,>14.594,99.990,3.852,1.116,V
2458315.93818,2018-07-16.4375041,be,1.65,99.990,99.990,99.990,99.990,99.990,V
2458316.93204,2018-07-17.4313583,be,1.67,99.990,99.990,99.990,99.990,99.990,V
2458316.93330,2018-07-17.4326228,be,1.71,99.990,99.990,99.990,99.990,99.990,V
2458316.93457,2018-07-17.4338978,be,1.74,14.898,>14.898,99.990,0.864,0.843,V
2458319.67197,2018-07-20.1712924,bm,1.57,99.990,99.990,99.990,99.990,99.990,g
2458319.67326,2018-07-20.1725781,bm,1.52,16.975,>16.975,99.990,-0.049,0.118,g
2458319.67448,2018-07-20.1737956,bm,1.48,99.990,99.990,99.990,99.990,99.990,g
2458319.92521,2018-07-20.4245325,be,1.58,16.498,>16.498,99.990,0.360,0.193,V
2458319.92647,2018-07-20.4257937,be,1.52,16.349,>16.349,99.990,0.313,0.221,V
2458319.92775,2018-07-20.4270729,be,1.50,16.548,>16.548,99.990,-0.187,0.184,V
2458320.66841,2018-07-21.1677307,bm,1.52,99.990,99.990,99.990,99.990,99.990,g
2458320.66963,2018-07-21.1689438,bm,1.51,16.964,>16.964,99.990,0.506,0.119,g
2458320.67084,2018-07-21.1701606,bm,1.55,16.963,>16.963,99.990,0.112,0.119,g
2458320.92183,2018-07-21.4211515,be,1.62,16.311,>16.311,99.990,-0.275,0.229,V
2458320.92311,2018-07-21.4224302,be,1.64,16.378,>16.378,99.990,-0.055,0.216,V
2458320.92438,2018-07-21.4237046,be,1.60,16.305,>16.305,99.990,0.130,0.231,V
2458321.66548,2018-07-22.1647914,bm,1.55,99.990,99.990,99.990,99.990,99.990,g
2458321.66675,2018-07-22.1660605,bm,1.53,16.848,>16.848,99.990,0.216,0.132,g
2458321.66812,2018-07-22.1674311,bm,1.53,17.092,>17.092,99.990,0.269,0.106,g
2458321.94046,2018-07-22.4397709,bi,1.63,15.442,>15.442,99.990,-0.611,0.483,g
2458321.94167,2018-07-22.4409930,bi,1.68,15.116,>15.116,99.990,0.483,0.653,g
2458321.94289,2018-07-22.4422092,bi,1.72,15.055,>15.055,99.990,-0.263,0.691,g
2458322.66169,2018-07-23.1610015,bm,1.52,17.166,>17.166,99.990,0.253,0.099,g
2458322.66290,2018-07-23.1622201,bm,1.57,16.999,>16.999,99.990,0.195,0.115,g
2458322.66413,2018-07-23.1634454,bm,1.52,16.974,>16.974,99.990,0.070,0.118,g
2458322.91855,2018-07-23.4178659,bi,1.42,16.062,>16.062,99.990,0.265,0.273,g
2458322.91976,2018-07-23.4190869,bi,1.40,16.042,>16.042,99.990,-0.526,0.278,g
2458322.92098,2018-07-23.4203011,bi,1.42,16.132,>16.132,99.990,0.138,0.256,g
2458323.65911,2018-07-24.1584223,bm,1.58,17.233,>17.233,99.990,0.170,0.093,g
2458323.66066,2018-07-24.1599725,bm,1.56,17.090,>17.090,99.990,-0.133,0.106,g
2458323.66212,2018-07-24.1614401,bm,1.57,17.062,>17.062,99.990,0.205,0.109,g
2458323.91886,2018-07-24.4181694,bi,1.53,16.999,>16.999,99.990,0.038,0.115,g
2458323.92007,2018-07-24.4193840,bi,1.53,16.986,>16.986,99.990,0.046,0.117,g
2458323.92129,2018-07-24.4206015,bi,1.52,16.901,>16.901,99.990,0.242,0.126,g
2458324.66027,2018-07-25.1595864,bm,1.52,16.284,>16.284,99.990,0.379,0.223,g
2458324.66208,2018-07-25.1613915,bm,1.55,16.533,>16.533,99.990,-0.017,0.177,g
2458330.65619,2018-07-31.1555068,bm,1.54,15.983,>15.983,99.990,-0.387,0.294,g
2458330.65820,2018-07-31.1575105,bm,1.54,16.015,>16.015,99.990,-0.019,0.285,g
2458330.65958,2018-07-31.1588901,bm,1.59,15.984,>15.984,99.990,0.284,0.293,g
2458330.91606,2018-07-31.4153799,be,1.24,99.990,99.990,99.990,99.990,99.990,V
2458331.91241,2018-08-01.4117263,be,1.61,15.969,>15.969,99.990,-0.420,0.314,V
2458331.91367,2018-08-01.4129843,be,1.67,15.898,>15.898,99.990,-0.351,0.336,V
2458331.91495,2018-08-01.4142621,be,1.65,15.870,>15.870,99.990,0.187,0.344,V
2458332.64879,2018-08-02.1481113,bm,2.11,16.406,>16.406,99.990,0.087,0.199,g
2458332.65001,2018-08-02.1493201,bm,2.12,16.412,>16.412,99.990,0.188,0.198,g
2458332.65122,2018-08-02.1505341,bm,2.14,16.317,>16.317,99.990,0.401,0.216,g
2458332.90907,2018-08-02.4083851,be,1.57,16.028,>16.028,99.990,0.890,0.298,V
2458332.91035,2018-08-02.4096646,be,1.67,15.954,>15.954,99.990,0.270,0.319,V
2458332.91162,2018-08-02.4109372,be,1.68,15.921,>15.921,99.990,0.018,0.329,V
2458333.64557,2018-08-03.1448863,bm,2.06,16.367,>16.367,99.990,0.088,0.206,g
2458333.64678,2018-08-03.1460951,bm,2.03,16.435,>16.435,99.990,-0.085,0.194,g
2458333.64799,2018-08-03.1473000,bm,2.08,16.365,>16.365,99.990,0.372,0.207,g
2458333.90940,2018-08-03.4087158,be,1.64,99.990,99.990,99.990,99.990,99.990,V
2458333.91067,2018-08-03.4099842,be,1.75,99.990,99.990,99.990,99.990,99.990,V
2458333.91194,2018-08-03.4112585,be,1.67,99.990,99.990,99.990,99.990,99.990,V
2458334.64610,2018-08-04.1454197,bm,1.99,16.667,>16.667,99.990,-0.023,0.156,g
2458334.64731,2018-08-04.1466259,bm,1.97,16.472,>16.472,99.990,0.110,0.187,g
2458334.64850,2018-08-04.1478295,bm,1.64,16.547,>16.547,99.990,-0.068,0.175,g
2458334.90721,2018-08-04.4065310,be,1.51,16.149,>16.149,99.990,0.201,0.266,V
2458334.90848,2018-08-04.4077943,be,1.46,16.141,>16.141,99.990,-0.215,0.268,V
2458336.93822,2018-08-06.4375361,bi,1.48,16.238,>16.238,99.990,0.100,0.232,g
2458336.93944,2018-08-06.4387549,bi,1.42,16.221,>16.221,99.990,0.500,0.236,g
2458336.94065,2018-08-06.4399736,bi,1.48,16.118,>16.118,99.990,0.199,0.259,g
2458338.93599,2018-08-08.4353133,be,1.46,16.359,>16.359,99.990,0.674,0.219,V
2458338.93725,2018-08-08.4365802,be,1.41,16.117,>16.117,99.990,0.046,0.274,V
2458338.93852,2018-08-08.4378437,be,1.46,15.747,>15.747,99.990,0.573,0.386,V
2458339.63202,2018-08-09.1313486,bm,1.55,17.119,>17.119,99.990,-0.123,0.103,g
2458339.63323,2018-08-09.1325581,bm,1.57,17.234,>17.234,99.990,0.310,0.093,g
2458339.63444,2018-08-09.1337717,bm,1.49,17.033,>17.033,99.990,0.110,0.112,g
2458339.89307,2018-08-09.3924037,be,1.60,16.383,>16.383,99.990,-0.163,0.215,V
2458339.89435,2018-08-09.3936758,be,1.72,16.419,>16.419,99.990,0.631,0.208,V
2458339.89561,2018-08-09.3949390,be,1.66,16.380,>16.380,99.990,-0.013,0.215,V
2458340.88954,2018-08-10.3888707,be,1.40,16.347,>16.347,99.990,0.029,0.222,V
2458340.89081,2018-08-10.3901437,be,1.45,16.378,>16.378,99.990,0.010,0.216,V
2458340.89209,2018-08-10.3914197,be,1.50,16.557,>16.557,99.990,0.164,0.183,V
2458341.94040,2018-08-11.4397376,be,1.47,15.396,>15.396,99.990,-0.490,0.533,V
2458341.94167,2018-08-11.4410011,be,1.43,15.339,>15.339,99.990,-0.755,0.562,V
2458342.61402,2018-08-12.1133557,bm,1.98,99.990,99.990,99.990,99.990,99.990,g
2458342.61523,2018-08-12.1145648,bm,2.00,16.949,>16.949,99.990,0.169,0.121,g
2458342.61650,2018-08-12.1158386,bm,1.98,99.990,99.990,99.990,99.990,99.990,g
2458342.93331,2018-08-12.4326423,be,1.56,16.014,>16.014,99.990,0.096,0.302,V
2458342.93458,2018-08-12.4339182,be,1.52,15.912,>15.912,99.990,-0.140,0.331,V
2458342.93585,2018-08-12.4351938,be,1.51,15.802,>15.802,99.990,-0.418,0.366,V
2458343.61892,2018-08-13.1182538,bm,1.49,99.990,99.990,99.990,99.990,99.990,g
2458343.62013,2018-08-13.1194690,bm,1.52,17.111,>17.111,99.990,0.164,0.104,g
2458343.62134,2018-08-13.1206788,bm,1.59,99.990,99.990,99.990,99.990,99.990,g
2458343.87898,2018-08-13.3783134,be,2.16,16.174,>16.174,99.990,0.266,0.260,V
2458343.88025,2018-08-13.3795864,be,2.18,16.414,>16.414,99.990,-0.275,0.209,V
2458343.88151,2018-08-13.3808484,be,2.20,16.228,>16.228,99.990,0.405,0.248,V
2458344.87929,2018-08-14.3786300,be,1.56,16.274,>16.274,99.990,0.265,0.237,V
2458344.88056,2018-08-14.3798998,be,1.58,16.290,>16.290,99.990,-0.017,0.234,V
2458344.88182,2018-08-14.3811621,be,1.56,16.661,>16.661,99.990,0.034,0.166,V
2458345.61598,2018-08-15.1153230,bm,1.54,99.990,99.990,99.990,99.990,99.990,g
2458345.61721,2018-08-15.1165548,bm,1.55,17.037,>17.037,99.990,0.005,0.111,g
2458345.61842,2018-08-15.1177608,bm,1.52,99.990,99.990,99.990,99.990,99.990,g
2458345.87579,2018-08-15.3751391,be,1.46,16.414,>16.414,99.990,-0.137,0.209,V
2458345.87707,2018-08-15.3764135,be,1.44,16.407,>16.407,99.990,0.335,0.210,V
2458345.87833,2018-08-15.3776762,be,1.52,16.446,>16.446,99.990,0.151,0.203,V
2458346.61272,2018-08-16.1120694,bm,1.59,17.014,>17.014,99.990,0.137,0.114,g
2458346.61393,2018-08-16.1132775,bm,1.57,16.981,>16.981,99.990,0.267,0.117,g
2458346.61515,2018-08-16.1144927,bm,1.63,16.963,>16.963,99.990,0.303,0.119,g
2458347.86876,2018-08-17.3681179,be,1.36,16.224,>16.224,99.990,-0.258,0.249,V
2458347.87003,2018-08-17.3693850,be,1.46,16.345,>16.345,99.990,0.148,0.222,V
2458347.87131,2018-08-17.3706666,be,1.49,16.327,>16.327,99.990,0.310,0.226,V
2458348.60626,2018-08-18.1056204,bm,1.50,17.210,>17.210,99.990,0.018,0.095,g
2458348.60747,2018-08-18.1068299,bm,1.49,17.098,>17.098,99.990,0.051,0.105,g
2458348.60868,2018-08-18.1080337,bm,1.49,17.005,>17.005,99.990,-0.104,0.115,g
2458349.60309,2018-08-19.1024504,bm,2.02,16.977,>16.977,99.990,-0.117,0.118,g
2458349.60444,2018-08-19.1037944,bm,2.00,17.099,>17.099,99.990,-0.107,0.105,g
2458349.60564,2018-08-19.1050012,bm,2.00,17.110,>17.110,99.990,0.092,0.104,g
2458349.87662,2018-08-19.3759906,bi,1.49,16.992,>16.992,99.990,0.067,0.116,g
2458349.87785,2018-08-19.3772166,bi,1.54,16.921,>16.921,99.990,0.318,0.124,g
2458349.87908,2018-08-19.3784383,bi,1.53,17.012,>17.012,99.990,0.242,0.114,g
2458352.85584,2018-08-22.3552103,be,1.47,16.260,>16.260,99.990,0.141,0.241,V
2458352.85711,2018-08-22.3564806,be,1.42,16.360,>16.360,99.990,0.643,0.219,V
2458352.85837,2018-08-22.3577420,be,1.46,16.243,>16.243,99.990,0.484,0.244,V
2458353.67018,2018-08-23.1695578,bm,2.23,16.352,>16.352,99.990,0.413,0.209,g
2458353.67140,2018-08-23.1707734,bm,2.25,16.428,>16.428,99.990,-0.164,0.195,g
2458353.67262,2018-08-23.1719945,bm,2.22,16.076,>16.076,99.990,-0.047,0.270,g
2458353.85637,2018-08-23.3557491,be,1.60,15.344,>15.344,99.990,0.875,0.559,V
2458353.85765,2018-08-23.3570258,be,1.52,15.085,>15.085,99.990,2.771,0.710,V
2458353.85892,2018-08-23.3583050,be,1.53,15.601,>15.601,99.990,-0.063,0.441,V
2458354.67057,2018-08-24.1699546,bm,1.53,16.344,>16.344,99.990,-0.252,0.211,g
2458354.67178,2018-08-24.1711601,bm,1.55,16.299,>16.299,99.990,0.113,0.219,g
2458354.67298,2018-08-24.1723638,bm,1.48,16.233,>16.233,99.990,0.276,0.233,g
2458354.85286,2018-08-24.3522445,be,1.64,15.876,>15.876,99.990,-0.244,0.343,V
2458354.85414,2018-08-24.3535189,be,1.57,15.934,>15.934,99.990,-0.438,0.325,V
2458354.85541,2018-08-24.3547896,be,1.61,15.947,>15.947,99.990,-0.175,0.321,V
2458355.66797,2018-08-25.1673656,bm,1.61,16.279,>16.279,99.990,-0.164,0.224,g
2458355.66921,2018-08-25.1685995,bm,1.54,16.117,>16.117,99.990,0.282,0.260,g
2458355.84918,2018-08-25.3485644,be,1.63,15.746,>15.746,99.990,0.338,0.386,V
2458355.85044,2018-08-25.3498284,be,1.56,15.769,>15.769,99.990,0.093,0.378,V
2458355.85171,2018-08-25.3510932,be,1.50,15.792,>15.792,99.990,0.380,0.370,V
2458356.84582,2018-08-26.3452091,be,2.02,15.528,>15.528,99.990,0.183,0.472,V
2458356.84708,2018-08-26.3464734,be,2.03,15.569,>15.569,99.990,-1.246,0.454,V
2458356.84835,2018-08-26.3477474,be,2.02,15.497,>15.497,99.990,0.378,0.485,V
2458358.83871,2018-08-28.3381101,be,1.56,15.662,>15.662,99.990,-0.539,0.417,V
2458358.83998,2018-08-28.3393892,be,1.59,15.737,>15.737,99.990,0.064,0.389,V
2458358.84125,2018-08-28.3406611,be,1.59,15.696,>15.696,99.990,-0.529,0.404,V
2458359.83507,2018-08-29.3344787,be,1.55,15.845,>15.845,99.990,0.218,0.352,V
2458359.83633,2018-08-29.3357473,be,1.42,15.750,>15.750,99.990,0.429,0.385,V
2458359.83760,2018-08-29.3370233,be,1.48,15.809,>15.809,99.990,0.556,0.364,V
2458360.83540,2018-08-30.3348127,be,1.62,15.851,>15.851,99.990,-0.160,0.350,V
2458360.83666,2018-08-30.3360749,be,1.51,15.885,>15.885,99.990,-0.241,0.340,V
2458360.83793,2018-08-30.3373495,be,1.48,15.896,>15.896,99.990,-0.043,0.336,V
2458361.65398,2018-08-31.1534077,bm,1.49,16.354,>16.354,99.990,-0.124,0.209,g
2458361.65519,2018-08-31.1546138,bm,1.52,16.333,>16.333,99.990,0.029,0.213,g
2458361.65641,2018-08-31.1558329,bm,1.46,16.341,>16.341,99.990,-0.328,0.211,g
2458362.66180,2018-09-01.1612351,bm,1.53,16.294,>16.294,99.990,0.536,0.221,g
2458362.66300,2018-09-01.1624337,bm,1.61,16.285,>16.285,99.990,-0.138,0.222,g
2458362.66421,2018-09-01.1636468,bm,1.55,16.197,>16.197,99.990,-0.185,0.241,g
2458363.92096,2018-09-02.4204008,bf,1.60,99.990,99.990,99.990,99.990,99.990,V
2458365.92133,2018-09-04.4207876,bi,1.96,15.860,>15.860,99.990,-0.350,0.329,g
2458366.91062,2018-09-05.4100803,bi,2.11,16.832,>16.832,99.990,0.004,0.134,g
2458366.91184,2018-09-05.4113015,bi,2.01,16.522,>16.522,99.990,-0.002,0.179,g
2458366.91306,2018-09-05.4125188,bi,1.67,16.516,>16.516,99.990,0.302,0.180,g
2458367.81551,2018-09-06.3149715,be,1.57,16.231,>16.231,99.990,0.027,0.247,V
2458367.81678,2018-09-06.3162400,be,1.58,16.317,>16.317,99.990,0.054,0.228,V
2458367.81805,2018-09-06.3175177,be,1.48,16.432,>16.432,99.990,0.019,0.205,V
2458368.81200,2018-09-07.3114721,be,1.42,16.153,>16.153,99.990,-0.382,0.265,V
2458368.81328,2018-09-07.3127484,be,1.50,16.306,>16.306,99.990,-0.005,0.231,V
2458368.81455,2018-09-07.3140193,be,1.44,16.243,>16.243,99.990,0.183,0.244,V
2458369.91270,2018-09-08.4121756,be,1.52,16.160,>16.160,99.990,0.079,0.264,V
2458369.91396,2018-09-08.4134379,be,1.52,16.042,>16.042,99.990,0.154,0.294,V
2458369.91522,2018-09-08.4147018,be,1.46,15.957,>15.957,99.990,-0.372,0.318,V
2458370.80872,2018-09-09.3082103,be,1.49,16.523,>16.523,99.990,0.392,0.189,V
2458370.80999,2018-09-09.3094775,be,1.46,16.495,>16.495,99.990,-0.156,0.194,V
2458370.81126,2018-09-09.3107412,be,1.44,16.223,>16.223,99.990,0.073,0.249,V
2458371.80533,2018-09-10.3048201,be,1.45,16.264,>16.264,99.990,-0.248,0.239,V
2458371.80659,2018-09-10.3060858,be,1.46,16.207,>16.207,99.990,0.211,0.252,V
2458371.80787,2018-09-10.3073594,be,1.42,16.194,>16.194,99.990,0.461,0.255,V
2458372.54074,2018-09-11.0402435,bm,1.59,16.887,>16.887,99.990,0.154,0.128,g
2458372.54196,2018-09-11.0414565,bm,1.63,16.942,>16.942,99.990,0.126,0.121,g
2458372.54318,2018-09-11.0426744,bm,1.58,17.049,>17.049,99.990,0.007,0.110,g
2458372.80184,2018-09-11.3013373,be,1.40,16.210,>16.210,99.990,0.029,0.252,V
2458372.80311,2018-09-11.3026061,be,1.47,16.269,>16.269,99.990,0.164,0.238,V
2458372.80437,2018-09-11.3038766,be,1.45,16.212,>16.212,99.990,-0.034,0.251,V
2458373.52265,2018-09-12.0221570,bm,2.18,16.910,>16.910,99.990,0.308,0.125,g
2458373.52387,2018-09-12.0233736,bm,1.58,16.941,>16.941,99.990,0.039,0.122,g
2458373.52507,2018-09-12.0245774,bm,1.55,16.930,>16.930,99.990,0.015,0.123,g
2458373.79831,2018-09-12.2978140,be,1.43,16.089,>16.089,99.990,-0.183,0.281,V
2458373.79957,2018-09-12.2990817,be,1.38,16.117,>16.117,99.990,-0.359,0.274,V
2458373.80085,2018-09-12.3003539,be,1.41,16.124,>16.124,99.990,0.428,0.272,V
2458375.64102,2018-09-14.1405502,bm,1.53,16.933,>16.933,99.990,0.085,0.122,g
2458375.64223,2018-09-14.1417524,bm,1.57,99.990,99.990,99.990,99.990,99.990,g
2458375.64343,2018-09-14.1429578,bm,1.51,99.990,99.990,99.990,99.990,99.990,g
2458375.79125,2018-09-14.2907693,be,1.41,16.259,>16.259,99.990,-0.206,0.241,V
2458375.79252,2018-09-14.2920423,be,1.48,16.225,>16.225,99.990,0.403,0.248,V
2458375.79378,2018-09-14.2933042,be,1.49,16.344,>16.344,99.990,-0.090,0.222,V
2458376.79168,2018-09-15.2912126,be,1.54,16.350,>16.350,99.990,0.173,0.221,V
2458376.79295,2018-09-15.2924863,be,1.49,16.323,>16.323,99.990,0.151,0.227,V
2458376.79422,2018-09-15.2937570,be,1.53,16.242,>16.242,99.990,0.188,0.245,V
2458377.78812,2018-09-16.2876666,be,1.68,16.391,>16.391,99.990,0.344,0.213,V
2458377.78940,2018-09-16.2889430,be,1.67,16.317,>16.317,99.990,-0.167,0.228,V
2458377.79066,2018-09-16.2902067,be,1.70,16.240,>16.240,99.990,-0.018,0.245,V
2458380.77865,2018-09-19.2782186,be,1.97,16.054,>16.054,99.990,-0.309,0.291,V
2458380.77992,2018-09-19.2794943,be,1.97,16.152,>16.152,99.990,0.775,0.265,V
2458380.78121,2018-09-19.2807827,be,1.99,16.169,>16.169,99.990,0.237,0.261,V
2458381.83128,2018-09-20.3308549,be,1.40,99.990,99.990,99.990,99.990,99.990,V
2458381.83253,2018-09-20.3321130,be,1.46,99.990,99.990,99.990,99.990,99.990,V
2458381.83382,2018-09-20.3333971,be,1.44,99.990,99.990,99.990,99.990,99.990,V
2458382.83561,2018-09-21.3351956,be,1.37,16.182,>16.182,99.990,-0.258,0.258,V
2458382.83688,2018-09-21.3364619,be,1.46,16.302,>16.302,99.990,-0.244,0.231,V
2458382.83815,2018-09-21.3377353,be,1.42,16.119,>16.119,99.990,0.749,0.274,V
2458383.77581,2018-09-22.2754135,be,1.51,15.806,>15.806,99.990,0.413,0.365,V
2458383.77710,2018-09-22.2766939,be,1.55,16.010,>16.010,99.990,-0.446,0.303,V
2458383.77841,2018-09-22.2780114,be,1.46,15.925,>15.925,99.990,-0.042,0.327,V
2458384.76841,2018-09-23.2680148,be,1.49,15.784,>15.784,99.990,0.318,0.373,V
2458384.76968,2018-09-23.2692894,be,1.46,15.799,>15.799,99.990,-0.156,0.368,V
2458384.77095,2018-09-23.2705542,be,1.49,15.777,>15.777,99.990,-0.092,0.375,V
2458385.76510,2018-09-24.2647146,be,1.64,15.580,>15.580,99.990,0.903,0.450,V
2458385.76638,2018-09-24.2659972,be,1.64,15.459,>15.459,99.990,-0.372,0.503,V
2458385.76766,2018-09-24.2672738,be,1.59,15.531,>15.531,99.990,0.298,0.471,V
2458386.86930,2018-09-25.3689267,bE,1.95,16.201,>16.201,99.990,0.207,0.240,g
2458386.87058,2018-09-25.3702048,bE,1.93,16.015,>16.015,99.990,-0.247,0.285,g
2458386.87185,2018-09-25.3714700,bE,1.95,15.996,>15.996,99.990,-0.389,0.290,g
2458390.80885,2018-09-29.3085190,bE,2.24,15.689,>15.689,99.990,0.412,0.385,g
2458390.81013,2018-09-29.3097942,bE,2.23,15.297,>15.297,99.990,0.410,0.552,g
2458390.81140,2018-09-29.3110712,bE,2.21,15.551,>15.551,99.990,-0.416,0.437,g
2458391.74639,2018-09-30.2460603,bE,1.59,99.990,99.990,99.990,99.990,99.990,g
2458391.74766,2018-09-30.2473363,bE,1.43,99.990,99.990,99.990,99.990,99.990,g
2458391.74893,2018-09-30.2486047,bE,1.52,99.990,99.990,99.990,99.990,99.990,g
2458391.89878,2018-09-30.3984568,bE,1.68,14.279,>14.279,99.990,2.057,1.411,g
2458392.54733,2018-10-01.0470125,bm,1.64,16.360,>16.360,99.990,0.225,0.207,g
2458392.54854,2018-10-01.0482229,bm,1.62,16.286,>16.286,99.990,-0.021,0.222,g
2458392.54976,2018-10-01.0494407,bm,1.60,16.390,>16.390,99.990,-0.114,0.202,g
2458392.74423,2018-10-01.2439162,bE,1.63,15.190,>15.190,99.990,1.308,0.610,g
2458392.74549,2018-10-01.2451771,bE,1.66,15.049,>15.049,99.990,1.558,0.694,g
2458392.74675,2018-10-01.2464429,bE,1.68,14.689,>14.689,99.990,-0.560,0.967,g
2458393.50259,2018-10-02.0022784,bm,2.21,16.286,>16.286,99.990,0.758,0.222,g
2458393.50392,2018-10-02.0036077,bm,2.18,99.990,99.990,99.990,99.990,99.990,g
2458393.88020,2018-10-02.3799012,bE,1.98,16.839,>16.839,99.990,0.201,0.134,g
2458393.88148,2018-10-02.3811774,bE,1.98,16.771,>16.771,99.990,0.150,0.142,g
2458393.88276,2018-10-02.3824528,bE,1.98,16.757,>16.757,99.990,-0.029,0.144,g
2458395.50588,2018-10-04.0055923,bm,1.51,16.843,>16.843,99.990,0.119,0.133,g
2458395.50708,2018-10-04.0067937,bm,1.52,16.907,>16.907,99.990,-0.020,0.125,g
2458395.50829,2018-10-04.0080024,bm,1.50,17.066,>17.066,99.990,0.042,0.108,g
2458395.74713,2018-10-04.2468503,bE,1.72,13.708,>13.708,99.990,3.750,2.387,g
2458395.74842,2018-10-04.2481396,bE,1.61,13.991,>13.991,99.990,0.450,1.839,g
2458395.74970,2018-10-04.2494152,bE,1.64,13.861,>13.861,99.990,-6.489,2.075,g
2458395.89496,2018-10-04.3946843,bi,1.66,13.934,>13.934,99.990,-1.921,1.939,g
2458396.83067,2018-10-05.3304055,bE,1.64,16.883,>16.883,99.990,0.007,0.128,g
2458396.83193,2018-10-05.3316651,bE,1.59,16.920,>16.920,99.990,0.357,0.124,g
2458396.83321,2018-10-05.3329420,bE,1.55,17.005,>17.005,99.990,0.263,0.115,g
2458397.74031,2018-10-06.2400526,bE,1.97,16.939,>16.939,99.990,-0.085,0.122,g
2458397.74158,2018-10-06.2413137,bE,1.98,17.109,>17.109,99.990,0.001,0.104,g
2458397.74285,2018-10-06.2425900,bE,1.95,16.894,>16.894,99.990,0.135,0.127,g
2458397.88851,2018-10-06.3882542,bi,1.52,16.417,>16.417,99.990,-0.106,0.197,g
2458397.88973,2018-10-06.3894761,bi,1.53,16.231,>16.231,99.990,0.306,0.234,g
2458397.89095,2018-10-06.3906923,bi,1.50,16.255,>16.255,99.990,0.496,0.229,g
2458398.59918,2018-10-07.0989270,bm,1.55,17.000,>17.000,99.990,-0.038,0.115,g
2458398.60039,2018-10-07.1001413,bm,1.48,16.884,>16.884,99.990,0.077,0.128,g
2458398.60162,2018-10-07.1013637,bm,1.50,16.814,>16.814,99.990,0.066,0.137,g
2458398.85389,2018-10-07.3536401,bE,2.23,17.060,>17.060,99.990,0.524,0.109,g
2458398.85515,2018-10-07.3549037,bE,2.20,17.026,>17.026,99.990,0.195,0.112,g
2458398.85642,2018-10-07.3561658,bE,2.21,16.958,>16.958,99.990,0.213,0.120,g
2458399.72552,2018-10-08.2252807,bE,1.61,15.436,>15.436,99.990,0.302,0.486,g
2458399.72679,2018-10-08.2265574,bE,1.60,15.118,>15.118,99.990,-1.594,0.652,g
2458399.72808,2018-10-08.2278438,bE,1.66,14.079,>14.079,99.990,-3.551,1.698,g
2458400.46891,2018-10-08.9686790,bm,1.47,16.778,>16.778,99.990,0.082,0.141,g
2458400.47011,2018-10-08.9698804,bm,1.53,16.798,>16.798,99.990,-0.015,0.139,g
2458400.47132,2018-10-08.9710890,bm,1.44,16.724,>16.724,99.990,0.164,0.148,g
2458401.58549,2018-10-10.0852651,bm,1.56,16.776,>16.776,99.990,0.362,0.141,g
2458401.58670,2018-10-10.0864818,bm,1.55,99.990,99.990,99.990,99.990,99.990,g
2458401.58792,2018-10-10.0877015,bm,1.51,99.990,99.990,99.990,99.990,99.990,g
2458401.72260,2018-10-10.2223859,bE,1.46,16.754,>16.754,99.990,0.303,0.144,g
2458401.72387,2018-10-10.2236523,bE,1.49,16.680,>16.680,99.990,0.307,0.155,g
2458401.72515,2018-10-10.2249287,bE,1.47,16.691,>16.691,99.990,0.329,0.153,g
2458401.86817,2018-10-10.3679539,bi,1.46,15.153,>15.153,99.990,-0.081,0.630,g
2458401.86939,2018-10-10.3691715,bi,1.46,14.990,>14.990,99.990,0.512,0.733,g
2458401.87061,2018-10-10.3703916,bi,1.43,15.208,>15.208,99.990,0.088,0.600,g
2458405.84957,2018-10-14.3493974,bE,1.56,16.852,>16.852,99.990,0.170,0.132,g
2458405.85083,2018-10-14.3506633,bE,1.50,17.218,>17.218,99.990,0.099,0.094,g
2458405.85210,2018-10-14.3519260,bE,1.61,16.796,>16.796,99.990,0.045,0.139,g
2458406.61444,2018-10-15.1142747,bm,1.56,16.814,>16.814,99.990,0.012,0.137,g
2458406.61564,2018-10-15.1154795,bm,1.49,16.894,>16.894,99.990,0.068,0.127,g
2458406.61685,2018-10-15.1166878,bm,1.52,16.911,16.771,0.193,0.711,0.125,g
2458406.73308,2018-10-15.2329185,bE,1.63,17.071,>17.071,99.990,0.207,0.108,g
2458406.73435,2018-10-15.2341969,bE,1.60,16.992,>16.992,99.990,0.005,0.116,g
2458406.73562,2018-10-15.2354590,bE,1.54,16.983,>16.983,99.990,0.163,0.117,g
2458407.84672,2018-10-16.3465723,bE,1.55,16.985,>16.985,99.990,0.103,0.117,g
2458407.84800,2018-10-16.3478505,bE,1.57,16.886,>16.886,99.990,0.174,0.128,g
2458407.84928,2018-10-16.3491288,bE,1.55,16.988,>16.988,99.990,0.162,0.116,g
2458408.43014,2018-10-16.9300025,bm,1.51,99.990,99.990,99.990,99.990,99.990,g
2458408.43136,2018-10-16.9312166,bm,1.49,16.585,>16.585,99.990,0.068,0.169,g
2458408.43258,2018-10-16.9324366,bm,1.53,16.808,>16.808,99.990,0.164,0.137,g
2458408.85109,2018-10-17.3509548,bE,2.00,16.982,>16.982,99.990,0.143,0.117,g
2458408.85236,2018-10-17.3522215,bE,1.97,16.964,>16.964,99.990,0.054,0.119,g
2458408.85362,2018-10-17.3534840,bE,1.98,16.966,>16.966,99.990,0.154,0.119,g
2458409.50782,2018-10-18.0076875,bm,1.54,16.922,>16.922,99.990,0.088,0.124,g
2458409.50904,2018-10-18.0089075,bm,1.50,99.990,99.990,99.990,99.990,99.990,g
2458409.51025,2018-10-18.0101152,bm,1.47,99.990,99.990,99.990,99.990,99.990,g
2458409.69976,2018-10-18.1996386,bE,1.57,16.679,>16.679,99.990,0.091,0.155,g
2458409.70103,2018-10-18.2009087,bE,1.49,16.641,>16.641,99.990,0.478,0.160,g
2458409.70230,2018-10-18.2021738,bE,1.49,16.576,>16.576,99.990,-0.060,0.170,g
2458410.42683,2018-10-18.9267206,bm,1.45,15.894,>15.894,99.990,-0.385,0.319,g
2458410.42804,2018-10-18.9279194,bm,1.29,99.990,99.990,99.990,99.990,99.990,g
2458410.42925,2018-10-18.9291371,bm,1.53,15.504,>15.504,99.990,-0.308,0.456,g
2458410.81453,2018-10-19.3144152,bE,1.46,16.999,>16.999,99.990,0.092,0.115,g
2458410.81580,2018-10-19.3156912,bE,1.51,16.990,>16.990,99.990,0.186,0.116,g
2458410.81708,2018-10-19.3169644,bE,1.48,17.129,>17.129,99.990,0.148,0.102,g
2458411.44004,2018-10-19.9399407,bm,1.55,16.483,>16.483,99.990,0.464,0.185,g
2458411.85268,2018-10-20.3525795,bE,1.49,17.068,>17.068,99.990,0.088,0.108,g
2458411.85394,2018-10-20.3538417,bE,1.50,17.085,>17.085,99.990,0.137,0.106,g
2458411.85521,2018-10-20.3551065,bE,1.48,16.944,>16.944,99.990,0.029,0.121,g
2458412.69003,2018-10-21.1899438,bE,1.58,16.361,>16.361,99.990,-0.079,0.207,g
2458412.69131,2018-10-21.1912211,bE,1.54,16.456,>16.456,99.990,0.043,0.190,g
2458412.69257,2018-10-21.1924859,bE,1.52,16.358,>16.358,99.990,-0.179,0.208,g
2458413.56998,2018-10-22.0698988,bm,1.51,16.224,>16.224,99.990,-0.178,0.235,g
2458413.69005,2018-10-22.1899687,bE,1.53,16.286,>16.286,99.990,-0.144,0.222,g
2458413.69132,2018-10-22.1912449,bE,1.50,16.265,>16.265,99.990,-0.404,0.226,g
2458413.69261,2018-10-22.1925278,bE,1.47,16.172,>16.172,99.990,0.433,0.247,g
2458413.86093,2018-10-22.3608590,bi,1.61,16.305,>16.305,99.990,-0.096,0.218,g
2458413.86216,2018-10-22.3620774,bi,1.65,16.452,>16.452,99.990,-0.104,0.191,g
2458413.86337,2018-10-22.3632947,bi,1.65,16.433,>16.433,99.990,0.072,0.194,g
2458415.83645,2018-10-24.3363972,bE,1.51,16.098,>16.098,99.990,-0.139,0.264,g
2458415.83773,2018-10-24.3376712,bE,1.55,16.177,>16.177,99.990,0.406,0.246,g
2458415.83899,2018-10-24.3389351,bE,1.52,16.221,>16.221,99.990,-0.002,0.236,g
2458416.83608,2018-10-25.3360420,bE,2.12,15.826,>15.826,99.990,0.297,0.339,g
2458416.83735,2018-10-25.3373114,bE,2.02,15.990,>15.990,99.990,-0.083,0.292,g
2458416.83862,2018-10-25.3385791,bE,1.83,15.363,>15.363,99.990,-0.473,0.520,g
2458417.81435,2018-10-26.3143189,bE,1.58,16.266,>16.266,99.990,-0.159,0.226,g
2458417.81562,2018-10-26.3155901,bE,1.60,16.251,>16.251,99.990,-0.108,0.229,g
2458417.81689,2018-10-26.3168540,bE,1.52,16.130,>16.130,99.990,-0.238,0.257,g
2458418.68515,2018-10-27.1851233,bE,1.59,16.258,>16.258,99.990,-0.084,0.228,g
2458418.68641,2018-10-27.1863942,bE,1.57,16.250,>16.250,99.990,0.510,0.230,g
2458418.68770,2018-10-27.1876724,bE,1.61,16.264,>16.264,99.990,0.324,0.227,g
2458422.81349,2018-10-31.3135247,bE,2.10,99.990,99.990,99.990,99.990,99.990,g
2458423.87213,2018-11-01.3721746,bi,1.49,15.807,>15.807,99.990,0.191,0.345,g
2458424.56178,2018-11-02.0618255,bm,2.06,16.948,>16.948,99.990,-0.107,0.121,g
2458424.56299,2018-11-02.0630336,bm,2.07,16.770,>16.770,99.990,-0.032,0.142,g
2458424.56420,2018-11-02.0642487,bm,2.02,16.773,>16.773,99.990,-0.020,0.142,g
2458424.66533,2018-11-02.1653806,bE,1.56,17.099,>17.099,99.990,0.268,0.105,g
2458424.66661,2018-11-02.1666634,bE,1.51,16.883,>16.883,99.990,0.247,0.128,g
2458424.66788,2018-11-02.1679298,bE,1.46,16.923,>16.923,99.990,0.028,0.124,g
2458425.79320,2018-11-03.2932598,bE,1.56,16.948,>16.948,99.990,0.222,0.121,g
2458425.79447,2018-11-03.2945342,bE,1.47,17.003,>17.003,99.990,0.158,0.115,g
2458425.79574,2018-11-03.2958010,bE,1.52,17.049,>17.049,99.990,0.030,0.110,g
2458426.80534,2018-11-04.3054130,bE,1.53,16.898,>16.898,99.990,0.238,0.126,g
2458426.80661,2018-11-04.3066858,bE,1.53,17.055,>17.055,99.990,0.237,0.109,g
2458426.80789,2018-11-04.3079582,bE,1.42,17.093,>17.093,99.990,-0.098,0.106,g
2458427.79828,2018-11-05.2983682,bE,1.50,17.006,>17.006,99.990,0.208,0.114,g
2458427.80082,2018-11-05.3009071,bE,1.51,16.932,>16.932,99.990,0.233,0.123,g
2458428.64289,2018-11-06.1429924,bi,1.41,16.830,>16.830,99.990,0.130,0.135,g
2458428.64411,2018-11-06.1442152,bi,1.37,16.985,>16.985,99.990,0.270,0.117,g
2458428.64533,2018-11-06.1454310,bi,1.43,16.902,>16.902,99.990,0.080,0.126,g
2458428.82912,2018-11-06.3292223,bE,1.46,16.994,>16.994,99.990,0.113,0.116,g
2458428.83039,2018-11-06.3304981,bE,1.48,17.088,>17.088,99.990,0.318,0.106,g
2458428.83166,2018-11-06.3317628,bE,1.51,17.027,>17.027,99.990,0.222,0.112,g
2458429.71135,2018-11-07.2114608,bE,1.46,16.929,>16.929,99.990,0.152,0.123,g
2458429.71261,2018-11-07.2127207,bE,1.50,17.070,>17.070,99.990,0.056,0.108,g
2458429.71390,2018-11-07.2140123,bE,1.52,17.136,>17.136,99.990,0.031,0.102,g
2458429.86083,2018-11-07.3609431,bi,1.48,16.489,>16.489,99.990,0.378,0.184,g
2458429.86205,2018-11-07.3621586,bi,1.45,16.455,>16.455,99.990,0.333,0.190,g
2458429.86327,2018-11-07.3633767,bi,1.47,16.336,>16.336,99.990,0.274,0.212,g
2458430.42784,2018-11-07.9279609,bm,1.59,16.888,>16.888,99.990,0.091,0.128,g
2458430.42905,2018-11-07.9291714,bm,1.60,16.941,>16.941,99.990,0.029,0.121,g
2458430.43026,2018-11-07.9303755,bm,1.60,17.010,>17.010,99.990,0.196,0.114,g
2458430.59586,2018-11-08.0959817,bm,2.10,99.990,99.990,99.990,99.990,99.990,g
2458430.59707,2018-11-08.0971902,bm,2.10,16.829,>16.829,99.990,-0.080,0.135,g
2458430.59827,2018-11-08.0983940,bm,2.09,99.990,99.990,99.990,99.990,99.990,g
2458430.65515,2018-11-08.1552677,bi,1.52,16.863,>16.863,99.990,0.275,0.131,g
2458430.65637,2018-11-08.1564850,bi,1.45,16.875,>16.875,99.990,0.003,0.129,g
2458430.65758,2018-11-08.1577017,bi,1.48,16.728,>16.728,99.990,0.267,0.148,g
2458431.66598,2018-11-09.1661043,bE,1.54,16.929,>16.929,99.990,0.291,0.123,g
2458431.66724,2018-11-09.1673703,bE,1.56,17.193,>17.193,99.990,0.079,0.096,g
2458431.66859,2018-11-09.1687184,bE,1.56,16.907,>16.907,99.990,0.304,0.125,g
2458432.64554,2018-11-10.1456768,bi,1.42,16.721,>16.721,99.990,0.180,0.149,g
2458432.64674,2018-11-10.1468842,bi,1.51,16.902,>16.902,99.990,0.174,0.126,g
2458432.64796,2018-11-10.1481012,bi,1.50,16.882,>16.882,99.990,0.025,0.128,g
2458433.77902,2018-11-11.2791719,bE,1.59,15.476,>15.476,99.990,0.187,0.468,g
2458433.78029,2018-11-11.2804461,bE,1.53,15.201,>15.201,99.990,-1.022,0.604,g
2458433.78156,2018-11-11.2817109,bE,1.54,15.438,>15.438,99.990,0.676,0.485,g
2458434.62824,2018-11-12.1284180,bi,1.38,16.811,>16.811,99.990,-0.123,0.137,g
2458434.62946,2018-11-12.1296350,bi,1.49,16.772,>16.772,99.990,0.045,0.142,g
2458434.63068,2018-11-12.1308519,bi,1.46,16.772,>16.772,99.990,-0.104,0.142,g
2458435.71641,2018-11-13.2165887,bE,1.59,16.895,>16.895,99.990,0.334,0.127,g
2458435.71767,2018-11-13.2178467,bE,1.52,16.925,>16.925,99.990,0.441,0.123,g
2458435.71893,2018-11-13.2191099,bE,1.50,16.955,>16.955,99.990,0.077,0.120,g
2458436.64277,2018-11-14.1429576,bE,1.61,16.828,>16.828,99.990,0.045,0.135,g
2458436.64405,2018-11-14.1442324,bE,1.63,16.976,>16.976,99.990,0.245,0.118,g
2458436.64531,2018-11-14.1454962,bE,1.55,16.740,>16.740,99.990,0.179,0.146,g
2458437.71001,2018-11-15.2102148,bE,1.54,16.953,>16.953,99.990,0.226,0.120,g
2458437.71128,2018-11-15.2114910,bE,1.49,16.998,>16.998,99.990,0.034,0.115,g
2458437.71256,2018-11-15.2127648,bE,1.60,16.852,>16.852,99.990,0.254,0.132,g
2458437.85883,2018-11-15.3590339,bi,1.50,16.399,>16.399,99.990,-0.058,0.200,g
2458437.86005,2018-11-15.3602531,bi,1.49,16.235,>16.235,99.990,-0.049,0.233,g
2458437.86127,2018-11-15.3614709,bi,1.39,16.109,>16.109,99.990,0.336,0.262,g
2458438.58441,2018-11-16.0846194,bm,1.44,16.736,>16.736,99.990,0.086,0.147,g
2458438.58562,2018-11-16.0858293,bm,1.52,16.813,>16.813,99.990,-0.056,0.137,g
2458438.58683,2018-11-16.0870424,bm,1.43,16.893,>16.893,99.990,-0.119,0.127,g
2458438.66792,2018-11-16.1681289,bi,1.44,16.688,>16.688,99.990,-0.080,0.153,g
2458438.66914,2018-11-16.1693413,bi,1.45,16.595,>16.595,99.990,-0.062,0.167,g
2458438.67035,2018-11-16.1705619,bi,1.54,16.580,>16.580,99.990,0.506,0.170,g
2458439.75328,2018-11-17.2534958,bE,1.55,16.966,>16.966,99.990,0.089,0.119,g
2458439.75455,2018-11-17.2547693,bE,1.52,16.957,>16.957,99.990,0.101,0.120,g
2458439.75582,2018-11-17.2560464,bE,1.55,16.891,>16.891,99.990,0.245,0.127,g
2458440.78772,2018-11-18.2879541,bE,1.48,16.971,>16.971,99.990,0.068,0.118,g
2458440.78899,2018-11-18.2892251,bE,1.49,16.906,>16.906,99.990,0.099,0.126,g
2458440.79027,2018-11-18.2905008,bE,1.52,16.947,>16.947,99.990,0.108,0.121,g
2458441.44272,2018-11-18.9429537,bm,1.60,16.210,>16.210,99.990,-0.273,0.238,g
2458441.44393,2018-11-18.9441729,bm,1.52,16.179,>16.179,99.990,0.294,0.245,g
2458441.44522,2018-11-18.9454567,bm,1.58,16.278,>16.278,99.990,0.437,0.224,g
2458441.64393,2018-11-19.1441773,bi,1.44,16.325,>16.325,99.990,-0.452,0.214,g
2458441.64515,2018-11-19.1454001,bi,1.50,16.342,>16.342,99.990,0.235,0.211,g
2458441.64637,2018-11-19.1466180,bi,1.49,16.227,>16.227,99.990,0.015,0.235,g
2458441.85856,2018-11-19.3588086,bE,1.54,16.222,>16.222,99.990,0.900,0.236,g
2458441.85984,2018-11-19.3600780,bE,1.45,16.158,>16.158,99.990,0.121,0.250,g
2458441.86111,2018-11-19.3613513,bE,1.53,16.033,>16.033,99.990,0.011,0.281,g
2458442.70065,2018-11-20.2009067,bE,1.41,16.426,>16.426,99.990,0.278,0.195,g
2458442.70192,2018-11-20.2021785,bE,1.46,16.407,>16.407,99.990,0.396,0.199,g
2458442.70322,2018-11-20.2034733,bE,1.54,16.360,>16.360,99.990,-0.010,0.208,g
2458442.85159,2018-11-20.3518450,bE,1.47,16.775,>16.775,99.990,0.124,0.142,g
2458442.85286,2018-11-20.3531138,bE,1.55,16.699,>16.699,99.990,-0.068,0.152,g
2458442.85411,2018-11-20.3543740,bE,1.46,16.513,>16.513,99.990,0.195,0.180,g
2458443.71320,2018-11-21.2134607,bE,1.50,16.449,>16.449,99.990,0.364,0.191,g
2458443.71446,2018-11-21.2147217,bE,1.53,16.272,>16.272,99.990,0.322,0.225,g
2458443.71572,2018-11-21.2159893,bE,1.45,16.271,>16.271,99.990,0.497,0.225,g
2458444.73259,2018-11-22.2328685,bE,1.46,16.125,>16.125,99.990,-0.299,0.258,g
2458444.73388,2018-11-22.2341577,bE,1.45,16.119,>16.119,99.990,-0.294,0.259,g
2458444.73515,2018-11-22.2354321,bE,1.50,16.068,>16.068,99.990,0.495,0.272,g
2458446.58765,2018-11-24.0879445,bi,1.36,15.995,>15.995,99.990,-0.603,0.290,g
2458446.58887,2018-11-24.0891615,bi,1.55,15.883,>15.883,99.990,0.087,0.322,g
2458446.59008,2018-11-24.0903760,bi,1.48,15.867,>15.867,99.990,0.277,0.327,g
2458446.77705,2018-11-24.2773491,bE,1.51,16.100,>16.100,99.990,-0.236,0.264,g
2458446.77834,2018-11-24.2786365,bE,1.51,16.159,>16.159,99.990,-0.274,0.250,g
2458446.77962,2018-11-24.2799151,bE,1.53,15.997,>15.997,99.990,0.098,0.290,g
2458447.71268,2018-11-25.2129884,bE,1.55,16.258,>16.258,99.990,0.341,0.228,g
2458447.71396,2018-11-25.2142637,bE,1.48,16.319,>16.319,99.990,-0.004,0.216,g
2458447.71524,2018-11-25.2155498,bE,1.44,16.221,>16.221,99.990,0.246,0.236,g
2458448.64071,2018-11-26.1410368,bi,1.42,16.468,>16.468,99.990,0.138,0.188,g
2458448.64193,2018-11-26.1422489,bi,1.44,16.180,>16.180,99.990,-0.072,0.245,g
2458448.64314,2018-11-26.1434702,bi,1.46,16.372,>16.372,99.990,0.096,0.205,g
2458448.83456,2018-11-26.3348745,bE,1.50,16.429,>16.429,99.990,0.086,0.195,g
2458448.83582,2018-11-26.3361454,bE,1.52,16.374,>16.374,99.990,0.093,0.205,g
2458448.83710,2018-11-26.3374181,bE,1.47,16.349,>16.349,99.990,0.001,0.210,g
2458450.66022,2018-11-28.1605562,bi,1.45,16.951,>16.951,99.990,0.154,0.120,g
2458450.66142,2018-11-28.1617660,bi,1.43,16.758,>16.758,99.990,0.034,0.144,g
2458450.66266,2018-11-28.1629960,bi,1.46,16.828,>16.828,99.990,0.023,0.135,g
2458451.63018,2018-11-29.1305233,bE,1.45,16.854,>16.854,99.990,0.032,0.132,g
2458451.63145,2018-11-29.1317981,bE,1.53,17.054,>17.054,99.990,0.189,0.110,g
2458451.81063,2018-11-29.3109758,bi,1.42,16.707,>16.707,99.990,0.155,0.151,g
2458451.81185,2018-11-29.3121960,bi,1.45,16.464,>16.464,99.990,-0.177,0.189,g
2458451.81308,2018-11-29.3134246,bi,1.47,16.576,>16.576,99.990,-0.062,0.170,g
2458452.32610,2018-11-29.8264534,bm,1.63,15.962,>15.962,99.990,0.164,0.300,g
2458452.32730,2018-11-29.8276667,bm,1.58,16.180,>16.180,99.990,0.475,0.245,g
2458452.32852,2018-11-29.8288766,bm,1.60,16.574,>16.574,99.990,-0.032,0.170,g
2458452.70310,2018-11-30.2034623,bE,1.46,17.194,>17.194,99.990,-0.038,0.096,g
2458452.70442,2018-11-30.2047821,bE,1.55,17.030,>17.030,99.990,0.140,0.112,g
2458452.70570,2018-11-30.2060547,bE,1.58,16.974,>16.974,99.990,0.531,0.118,g
2458452.85411,2018-11-30.3544687,bi,1.47,16.212,>16.212,99.990,-0.007,0.238,g
2458452.85533,2018-11-30.3556921,bi,1.43,15.975,>15.975,99.990,0.327,0.296,g
2458452.85655,2018-11-30.3569094,bi,1.52,16.058,>16.058,99.990,-0.110,0.274,g
2458453.57428,2018-12-01.0746451,bm,1.48,99.990,99.990,99.990,99.990,99.990,g
2458453.57549,2018-12-01.0758596,bm,1.48,16.769,>16.769,99.990,0.095,0.142,g
2458453.57676,2018-12-01.0771221,bm,1.51,99.990,99.990,99.990,99.990,99.990,g
2458453.67111,2018-12-01.1714793,bi,1.40,16.995,>16.995,99.990,0.408,0.116,g
2458453.67233,2018-12-01.1726982,bi,1.41,16.855,>16.855,99.990,0.232,0.132,g
2458454.44565,2018-12-01.9460218,bm,1.58,16.908,>16.908,99.990,0.015,0.125,g
2458454.44687,2018-12-01.9472400,bm,1.54,16.891,>16.891,99.990,0.268,0.127,g
2458454.44808,2018-12-01.9484545,bm,1.49,16.991,>16.991,99.990,0.044,0.116,g
2458454.65264,2018-12-02.1530157,bi,1.42,16.953,>16.953,99.990,0.388,0.120,g
2458454.65386,2018-12-02.1542371,bi,1.43,16.842,>16.842,99.990,0.215,0.133,g
2458454.65508,2018-12-02.1554619,bi,1.41,17.016,>17.016,99.990,0.044,0.113,g
2458454.83456,2018-12-02.3349371,bE,1.56,16.977,>16.977,99.990,0.242,0.118,g
2458454.83582,2018-12-02.3362057,bE,1.50,16.900,>16.900,99.990,0.125,0.126,g
2458454.83710,2018-12-02.3374807,bE,1.59,16.805,>16.805,99.990,0.135,0.138,g
2458455.43183,2018-12-02.9322108,bm,1.64,17.066,>17.066,99.990,-0.026,0.108,g
2458455.43305,2018-12-02.9334303,bm,1.60,17.011,>17.011,99.990,0.254,0.114,g
2458455.66094,2018-12-03.1613276,bi,1.45,16.852,>16.852,99.990,-0.105,0.132,g
2458455.66215,2018-12-03.1625432,bi,1.53,16.873,>16.873,99.990,0.175,0.129,g
2458455.66337,2018-12-03.1637589,bi,1.44,16.911,>16.911,99.990,0.214,0.125,g
2458455.84984,2018-12-03.3502267,bi,1.42,16.543,>16.543,99.990,-0.020,0.175,g
2458455.85971,2018-12-03.3601021,bi,1.45,15.532,>15.532,99.990,-0.045,0.445,g
2458456.62045,2018-12-04.1208497,bi,1.45,17.049,>17.049,99.990,0.189,0.110,g
2458456.62167,2018-12-04.1220687,bi,1.45,16.734,>16.734,99.990,0.202,0.147,g
2458456.62290,2018-12-04.1232983,bi,1.43,16.746,>16.746,99.990,0.143,0.145,g
2458457.49469,2018-12-04.9950877,bm,1.52,16.854,>16.854,99.990,0.114,0.132,g
2458457.49590,2018-12-04.9963040,bm,1.53,17.103,>17.103,99.990,-0.061,0.105,g
2458457.49712,2018-12-04.9975209,bm,1.51,16.984,>16.984,99.990,0.039,0.117,g
2458458.53697,2018-12-06.0373952,bm,1.53,16.959,>16.959,99.990,0.146,0.120,g
2458458.53819,2018-12-06.0386121,bm,1.54,16.977,>16.977,99.990,0.149,0.118,g
2458458.53941,2018-12-06.0398281,bm,1.47,16.851,>16.851,99.990,0.158,0.132,g
2458458.72276,2018-12-06.2231743,bE,1.59,99.990,99.990,99.990,99.990,99.990,g
2458458.72406,2018-12-06.2244785,bE,1.58,16.903,>16.903,99.990,-0.045,0.126,g
2458458.72536,2018-12-06.2257784,bE,1.55,17.033,>17.033,99.990,0.071,0.112,g
2458459.70199,2018-12-07.2024173,bE,1.50,17.210,>17.210,99.990,0.346,0.095,g
2458459.70328,2018-12-07.2037013,bE,1.50,16.999,>16.999,99.990,-0.041,0.115,g
2458459.70455,2018-12-07.2049787,bE,1.49,16.984,>16.984,99.990,0.208,0.117,g
2458460.70006,2018-12-08.2004883,bE,1.50,16.209,>16.209,99.990,0.732,0.238,g
2458460.70132,2018-12-08.2017541,bE,1.49,16.756,>16.756,99.990,0.317,0.144,g
2458460.70260,2018-12-08.2030295,bE,1.48,16.021,>16.021,99.990,0.813,0.284,g
2458460.85637,2018-12-08.3568082,bE,1.52,15.758,>15.758,99.990,0.185,0.361,g
2458460.85765,2018-12-08.3580847,bE,1.51,15.125,>15.125,99.990,-0.769,0.647,g
2458460.85892,2018-12-08.3593576,bE,1.57,14.756,>14.756,99.990,-0.663,0.909,g
2458461.65425,2018-12-09.1546921,bE,1.56,16.897,>16.897,99.990,0.162,0.127,g
2458461.65552,2018-12-09.1559668,bE,1.53,16.995,>16.995,99.990,0.298,0.116,g
2458461.65678,2018-12-09.1572292,bE,1.57,17.029,>17.029,99.990,0.038,0.112,g
2458462.70120,2018-12-10.2016497,bE,1.53,16.963,>16.963,99.990,0.105,0.119,g
2458462.70247,2018-12-10.2029248,bE,1.45,16.961,>16.961,99.990,0.329,0.119,g
2458462.70377,2018-12-10.2042243,bE,1.48,17.063,>17.063,99.990,0.112,0.109,g
2458462.85691,2018-12-10.3573649,bE,1.48,15.877,>15.877,99.990,-0.050,0.324,g
2458462.85691,2018-12-10.3573650,bF,1.55,99.990,99.990,99.990,99.990,99.990,g
2458462.85818,2018-12-10.3586366,bE,1.56,15.780,>15.780,99.990,-0.307,0.354,g
2458462.85946,2018-12-10.3599133,bE,1.48,15.677,>15.677,99.990,-0.674,0.389,g
2458463.52815,2018-12-11.0286111,bm,1.55,16.973,>16.973,99.990,-0.013,0.118,g
2458463.52937,2018-12-11.0298278,bm,1.44,17.014,>17.014,99.990,0.144,0.114,g
2458463.53059,2018-12-11.0310494,bm,1.51,16.973,>16.973,99.990,-0.088,0.118,g
2458463.68271,2018-12-11.1831657,bE,1.48,16.838,>16.838,99.990,-0.189,0.134,g
2458463.68397,2018-12-11.1844258,bE,1.57,16.927,>16.927,99.990,0.239,0.123,g
2458463.68524,2018-12-11.1856980,bE,1.45,16.927,>16.927,99.990,0.224,0.123,g
2458464.69181,2018-12-12.1922800,bE,1.41,17.089,>17.089,99.990,0.055,0.106,g
2458464.69307,2018-12-12.1935388,bE,1.54,16.978,>16.978,99.990,0.301,0.117,g
2458464.69433,2018-12-12.1948046,bE,1.45,17.066,>17.066,99.990,0.283,0.108,g
2458465.27506,2018-12-12.7755340,bm,2.14,15.714,>15.714,99.990,-0.003,0.376,g
2458465.27628,2018-12-12.7767520,bm,2.22,15.990,>15.990,99.990,-0.355,0.292,g
2458465.27750,2018-12-12.7779716,bm,2.10,15.941,>15.941,99.990,0.067,0.305,g
2458465.67893,2018-12-13.1794019,bE,1.51,17.283,>17.283,99.990,0.171,0.089,g
2458465.68022,2018-12-13.1806934,bE,1.53,16.951,>16.951,99.990,0.042,0.120,g
2458465.68147,2018-12-13.1819418,bE,1.56,17.003,>17.003,99.990,0.007,0.115,g
2458466.39408,2018-12-13.8945618,bm,1.54,16.944,>16.944,99.990,0.207,0.121,g
2458466.39528,2018-12-13.8957673,bm,1.49,17.004,>17.004,99.990,0.013,0.115,g
2458466.39650,2018-12-13.8969832,bm,1.60,16.877,>16.877,99.990,0.142,0.129,g
2458466.56770,2018-12-14.0681799,bE,1.47,16.961,>16.961,99.990,0.018,0.119,g
2458466.56897,2018-12-14.0694557,bE,1.55,16.858,>16.858,99.990,0.184,0.131,g
2458466.57025,2018-12-14.0707315,bE,1.57,16.851,>16.851,99.990,0.396,0.132,g
2458466.78510,2018-12-14.2855810,bE,1.65,17.058,>17.058,99.990,-0.016,0.109,g
2458466.78638,2018-12-14.2868696,bE,1.61,17.001,>17.001,99.990,0.024,0.115,g
2458466.78763,2018-12-14.2881143,bE,1.60,16.961,>16.961,99.990,0.244,0.119,g
2458467.71232,2018-12-15.2128127,bE,1.56,16.921,>16.921,99.990,0.219,0.124,g
2458467.71360,2018-12-15.2140899,bE,1.51,17.046,>17.046,99.990,0.207,0.110,g
2458467.71486,2018-12-15.2153531,bE,1.47,17.053,>17.053,99.990,-0.037,0.110,g
2458468.66986,2018-12-16.1703637,bE,1.47,16.696,>16.696,99.990,-0.254,0.152,g
2458468.67112,2018-12-16.1716325,bE,1.65,16.759,>16.759,99.990,0.091,0.144,g
2458468.67240,2018-12-16.1728974,bE,1.53,16.649,>16.649,99.990,0.021,0.159,g
2458468.82492,2018-12-16.3254146,bi,1.47,16.786,>16.786,99.990,-0.030,0.140,g
2458468.82614,2018-12-16.3266376,bi,1.46,16.690,>16.690,99.990,0.348,0.153,g
2458468.82735,2018-12-16.3278616,bj,1.58,16.364,>16.364,99.990,-0.231,0.207,g
2458468.82736,2018-12-16.3278625,bi,1.50,16.801,>16.801,99.990,0.029,0.138,g
2458469.57088,2018-12-17.0713932,bi,1.48,16.522,>16.522,99.990,-0.214,0.179,g
2458469.57210,2018-12-17.0726103,bi,1.53,16.414,>16.414,99.990,0.029,0.197,g
2458469.57331,2018-12-17.0738269,bi,1.53,16.485,>16.485,99.990,-0.204,0.185,g
2458469.84024,2018-12-17.3407642,bi,1.47,16.818,>16.818,99.990,-0.022,0.136,g
2458469.84146,2018-12-17.3419799,bi,1.45,16.765,>16.765,99.990,0.181,0.143,g
2458469.84147,2018-12-17.3419807,bj,1.70,16.398,>16.398,99.990,0.013,0.200,g
2458469.84268,2018-12-17.3431947,bi,1.37,16.651,>16.651,99.990,0.225,0.159,g
2458471.74102,2018-12-19.2415474,bE,1.44,16.623,>16.623,99.990,0.033,0.163,g
2458471.74229,2018-12-19.2428178,bE,1.48,16.499,>16.499,99.990,0.211,0.183,g
2458471.74359,2018-12-19.2441163,bE,1.48,16.400,>16.400,99.990,0.222,0.200,g
2458472.62048,2018-12-20.1210072,bi,1.47,16.132,>16.132,99.990,-0.185,0.256,g
2458472.62171,2018-12-20.1222402,bi,1.48,16.115,>16.115,99.990,0.287,0.260,g
2458472.62293,2018-12-20.1234629,bi,1.40,16.167,>16.167,99.990,-0.015,0.248,g
2458472.81402,2018-12-20.3145534,bE,1.57,16.520,>16.520,99.990,0.027,0.179,g
2458472.81529,2018-12-20.3158221,bE,1.52,16.715,>16.715,99.990,0.012,0.150,g
2458472.81656,2018-12-20.3170921,bE,1.46,16.667,>16.667,99.990,0.543,0.156,g
2458473.65207,2018-12-21.1526122,bE,1.52,16.342,>16.342,99.990,-0.320,0.211,g
2458473.65333,2018-12-21.1538781,bE,1.59,16.349,>16.349,99.990,0.469,0.210,g
2458473.65461,2018-12-21.1551498,bE,1.52,16.228,>16.228,99.990,0.063,0.234,g
2458474.68641,2018-12-22.1869559,bE,1.50,16.168,>16.168,99.990,-0.104,0.248,g
2458474.68767,2018-12-22.1882196,bE,1.58,16.019,>16.019,99.990,0.355,0.284,g
2458474.68895,2018-12-22.1894950,bE,1.55,16.024,>16.024,99.990,0.427,0.283,g
2458475.56930,2018-12-23.0698569,bi,2.17,15.690,>15.690,99.990,0.342,0.385,g
2458475.57050,2018-12-23.0710646,bi,2.15,15.804,>15.804,99.990,-0.097,0.346,g
2458475.57173,2018-12-23.0722848,bi,2.14,15.864,>15.864,99.990,0.183,0.328,g
2458475.75765,2018-12-23.2581978,bE,1.49,15.966,>15.966,99.990,-0.112,0.298,g
2458475.75891,2018-12-23.2594649,bE,1.51,16.047,>16.047,99.990,0.118,0.277,g
2458475.76019,2018-12-23.2607398,bE,1.49,15.838,>15.838,99.990,0.024,0.336,g
2458476.69864,2018-12-24.1991958,bE,1.45,16.281,>16.281,99.990,0.309,0.223,g
2458476.69990,2018-12-24.2004682,bE,1.48,16.349,>16.349,99.990,-0.234,0.210,g
2458476.70117,2018-12-24.2017434,bE,1.50,16.223,>16.223,99.990,0.561,0.235,g
2458477.73794,2018-12-25.2385123,bE,1.55,16.268,>16.268,99.990,0.022,0.226,g
2458477.73922,2018-12-25.2397902,bE,1.57,16.273,>16.273,99.990,-0.027,0.225,g
2458477.74050,2018-12-25.2410644,bE,1.52,16.368,>16.368,99.990,0.103,0.206,g
2458478.54790,2018-12-26.0484688,bi,1.48,16.905,>16.905,99.990,0.258,0.126,g
2458478.54912,2018-12-26.0496892,bi,1.46,16.867,>16.867,99.990,0.104,0.130,g
2458478.55034,2018-12-26.0509075,bi,1.42,16.786,>16.786,99.990,-0.135,0.140,g
2458478.77019,2018-12-26.2707636,bE,1.46,16.404,>16.404,99.990,-0.640,0.199,g
2458478.77146,2018-12-26.2720295,bE,1.46,16.334,>16.334,99.990,0.211,0.213,g
2458478.77273,2018-12-26.2733048,bE,1.47,16.351,>16.351,99.990,0.395,0.209,g
2458479.60300,2018-12-27.1035760,bE,1.50,17.073,>17.073,99.990,0.059,0.108,g
2458479.60426,2018-12-27.1048362,bE,1.47,16.988,>16.988,99.990,0.312,0.116,g
2458479.60551,2018-12-27.1060978,bE,1.51,17.016,>17.016,99.990,0.329,0.113,g
2458479.80049,2018-12-27.3010674,bE,1.49,16.487,>16.487,99.990,-0.416,0.185,g
2458479.80049,2018-12-27.3010680,bF,1.56,99.990,99.990,99.990,99.990,99.990,g
2458479.80175,2018-12-27.3023328,bE,1.49,16.574,>16.574,99.990,-0.043,0.170,g
2458479.80301,2018-12-27.3035971,bE,1.54,16.446,>16.446,99.990,0.012,0.192,g
2458480.55205,2018-12-28.0526324,bi,1.60,16.883,>16.883,99.990,-0.069,0.128,g
2458480.55326,2018-12-28.0538434,bi,1.58,16.922,>16.922,99.990,0.058,0.124,g
2458480.55448,2018-12-28.0550627,bi,1.64,16.772,>16.772,99.990,0.095,0.142,g
2458480.73407,2018-12-28.2346530,bi,1.45,16.527,>16.527,99.990,0.075,0.178,g
2458480.73529,2018-12-28.2358674,bi,1.42,16.625,>16.625,99.990,0.234,0.163,g
2458480.73650,2018-12-28.2370855,bi,1.46,16.653,>16.653,99.990,0.264,0.159,g
2458481.64234,2018-12-29.1429274,bE,1.45,16.831,>16.831,99.990,-0.060,0.134,g
2458481.64361,2018-12-29.1442045,bE,1.43,16.824,>16.824,99.990,0.435,0.135,g
2458481.64489,2018-12-29.1454843,bE,1.53,16.916,>16.916,99.990,0.100,0.124,g
2458481.82022,2018-12-29.3208195,bE,1.48,16.722,>16.722,99.990,0.200,0.149,g
2458482.63965,2018-12-30.1402447,bE,1.49,16.899,>16.899,99.990,0.143,0.126,g
2458482.64092,2018-12-30.1415187,bE,1.47,17.072,>17.072,99.990,0.229,0.108,g
2458482.81610,2018-12-30.3166984,bi,1.50,16.690,>16.690,99.990,-0.099,0.153,g
2458482.81732,2018-12-30.3179142,bi,1.45,16.577,>16.577,99.990,-0.344,0.170,g
2458482.81853,2018-12-30.3191321,bi,1.45,16.687,>16.687,99.990,0.192,0.154,g
2458483.37296,2018-12-30.8735549,bm,1.49,16.892,>16.892,99.990,-0.001,0.127,g
2458483.37417,2018-12-30.8747681,bm,1.48,16.993,>16.993,99.990,0.176,0.116,g
2458483.37539,2018-12-30.8759836,bm,1.57,16.803,>16.803,99.990,0.174,0.138,g
2458483.64626,2018-12-31.1468590,bE,1.44,16.908,>16.908,99.990,0.151,0.125,g
2458483.64753,2018-12-31.1481314,bE,1.53,17.043,>17.043,99.990,0.109,0.111,g
2458483.64880,2018-12-31.1493946,bE,1.52,16.927,>16.927,99.990,-0.073,0.123,g
2458484.61586,2019-01-01.1164657,bE,1.48,16.966,>16.966,99.990,0.329,0.119,g
2458484.61713,2019-01-01.1177332,bE,1.47,16.850,>16.850,99.990,0.150,0.132,g
2458484.61845,2019-01-01.1190521,bE,1.55,17.061,>17.061,99.990,0.102,0.109,g
2458484.82068,2019-01-01.3212873,bF,1.51,99.990,99.990,99.990,99.990,99.990,g
2458484.82068,2019-01-01.3212883,bE,1.52,16.726,>16.726,99.990,0.213,0.148,g
2458485.61610,2019-01-02.1167146,bE,1.45,16.994,>16.994,99.990,0.030,0.116,g
2458485.61741,2019-01-02.1180204,bE,1.49,16.988,>16.988,99.990,0.154,0.116,g
2458485.61867,2019-01-02.1192803,bE,1.41,17.155,>17.155,99.990,0.199,0.100,g
2458485.81818,2019-01-02.3187910,bE,1.41,15.862,>15.862,99.990,-0.484,0.328,g
2458485.81944,2019-01-02.3200556,bE,1.41,15.854,>15.854,99.990,-0.289,0.331,g
2458485.81944,2019-01-02.3200561,bF,1.57,99.990,99.990,99.990,99.990,99.990,g
2458486.62766,2019-01-03.1282780,bE,1.52,16.996,>16.996,99.990,0.197,0.115,g
2458486.62892,2019-01-03.1295410,bE,1.51,16.781,>16.781,99.990,0.241,0.141,g
2458486.63019,2019-01-03.1308043,bE,1.53,16.898,>16.898,99.990,0.099,0.126,g
2458486.81704,2019-01-03.3176587,bE,1.54,16.779,>16.779,99.990,-0.277,0.141,g
2458486.81704,2019-01-03.3176594,bF,1.57,99.990,99.990,99.990,99.990,99.990,g
2458486.81832,2019-01-03.3189423,bE,1.45,16.902,>16.902,99.990,0.444,0.126,g
2458486.81959,2019-01-03.3202089,bE,1.51,16.852,>16.852,99.990,0.173,0.132,g
2458487.62386,2019-01-04.1244872,bE,1.49,16.929,>16.929,99.990,0.221,0.123,g
2458487.62513,2019-01-04.1257538,bE,1.55,16.899,>16.899,99.990,0.189,0.126,g
2458487.62640,2019-01-04.1270170,bE,1.52,16.951,>16.951,99.990,0.121,0.120,g
2458487.80169,2019-01-04.3023141,bE,1.46,16.938,>16.938,99.990,0.128,0.122,g
2458487.80296,2019-01-04.3035791,bE,1.41,16.888,>16.888,99.990,0.126,0.128,g
2458487.80422,2019-01-04.3048458,bE,1.46,16.877,>16.877,99.990,0.510,0.129,g
2458487.80423,2019-01-04.3048458,bF,1.53,99.990,99.990,99.990,99.990,99.990,g
2458488.60533,2019-01-05.1059506,bi,1.45,16.836,>16.836,99.990,0.291,0.134,g
2458488.60654,2019-01-05.1071640,bi,1.49,16.885,>16.885,99.990,0.201,0.128,g
2458488.60776,2019-01-05.1083858,bi,1.46,16.864,>16.864,99.990,0.039,0.130,g
2458488.79087,2019-01-05.2914951,bE,1.48,16.758,>16.758,99.990,0.257,0.144,g
2458488.79215,2019-01-05.2927797,bE,1.53,16.897,>16.897,99.990,0.200,0.127,g
2458488.79342,2019-01-05.2940429,bE,1.53,16.897,>16.897,99.990,0.053,0.126,g
2458489.71754,2019-01-06.2181658,bE,1.41,17.108,>17.108,99.990,0.091,0.104,g
2458489.71880,2019-01-06.2194336,bE,1.53,17.036,>17.036,99.990,0.138,0.111,g
2458489.72006,2019-01-06.2206978,bE,1.49,16.958,>16.958,99.990,0.188,0.120,g
2458490.60811,2019-01-07.1087346,bi,1.46,16.757,>16.757,99.990,-0.020,0.144,g
2458490.60932,2019-01-07.1099489,bi,1.39,16.756,>16.756,99.990,0.016,0.144,g
2458490.61053,2019-01-07.1111653,bi,1.48,16.819,>16.819,99.990,0.384,0.136,g
2458490.79485,2019-01-07.2954842,bE,1.46,16.863,>16.863,99.990,0.014,0.131,g
2458490.79611,2019-01-07.2967486,bE,1.51,16.930,>16.930,99.990,0.151,0.123,g
2458490.79739,2019-01-07.2980233,bE,1.53,16.884,>16.884,99.990,0.348,0.128,g
2458492.46955,2019-01-08.9701856,bm,1.48,16.871,>16.871,99.990,0.180,0.130,g
2458492.47077,2019-01-08.9714024,bm,1.49,16.888,>16.888,99.990,-0.202,0.128,g
2458492.47197,2019-01-08.9726136,bm,1.54,16.784,>16.784,99.990,0.235,0.140,g
2458492.63138,2019-01-09.1320275,bE,1.56,16.934,>16.934,99.990,0.153,0.122,g
2458492.63265,2019-01-09.1332929,bE,1.47,17.091,>17.091,99.990,0.173,0.106,g
2458492.63391,2019-01-09.1345576,bE,1.46,17.043,>17.043,99.990,0.308,0.111,g
2458493.69732,2019-01-10.1979641,bE,1.47,16.856,>16.856,99.990,0.058,0.131,g
2458493.69859,2019-01-10.1992368,bE,1.49,16.976,>16.976,99.990,0.147,0.118,g
2458493.69987,2019-01-10.2005135,bE,1.51,16.876,>16.876,99.990,0.277,0.129,g
2458494.78693,2019-01-11.2875780,bE,1.48,17.048,>17.048,99.990,0.277,0.110,g
2458494.78693,2019-01-11.2875780,bF,1.51,99.990,99.990,99.990,99.990,99.990,g
2458494.78820,2019-01-11.2888531,bE,1.48,16.889,>16.889,99.990,0.092,0.128,g
2458494.78947,2019-01-11.2901136,bE,1.49,16.778,>16.778,99.990,0.393,0.141,g
2458495.79070,2019-01-12.2913549,bE,1.50,16.784,>16.784,99.990,0.055,0.140,g
2458495.79197,2019-01-12.2926218,bE,1.51,16.838,>16.838,99.990,0.288,0.134,g
2458495.79197,2019-01-12.2926216,bF,1.52,99.990,99.990,99.990,99.990,99.990,g
2458495.79323,2019-01-12.2938833,bE,1.50,16.946,>16.946,99.990,0.348,0.121,g
2458496.61555,2019-01-13.1161968,bE,1.49,16.842,>16.842,99.990,0.252,0.133,g
2458496.61681,2019-01-13.1174611,bE,1.54,16.822,>16.822,99.990,0.517,0.136,g
2458496.61811,2019-01-13.1187663,bE,1.49,16.791,>16.791,99.990,0.011,0.140,g
2458497.48597,2019-01-13.9866225,bm,1.57,17.016,>17.016,99.990,-0.012,0.113,g
2458497.48718,2019-01-13.9878321,bm,1.53,16.869,>16.869,99.990,0.115,0.130,g
2458497.48837,2019-01-13.9890292,bm,1.49,16.922,>16.922,99.990,0.109,0.124,g
2458497.74330,2019-01-14.2439611,bE,1.52,16.842,>16.842,99.990,0.144,0.133,g
2458497.74455,2019-01-14.2452158,bE,1.50,16.942,>16.942,99.990,0.098,0.121,g
2458497.74583,2019-01-14.2464937,bE,1.49,16.903,>16.903,99.990,0.366,0.126,g
2458498.69666,2019-01-15.1973184,bE,1.53,16.844,>16.844,99.990,0.212,0.133,g
2458498.69793,2019-01-15.1985877,bE,1.46,16.752,>16.752,99.990,-0.025,0.145,g
2458498.69921,2019-01-15.1998634,bE,1.47,16.841,>16.841,99.990,0.189,0.133,g
2458499.72457,2019-01-16.2252304,bE,1.55,16.741,>16.741,99.990,0.175,0.146,g
2458499.72584,2019-01-16.2264971,bE,1.59,16.688,>16.688,99.990,0.318,0.153,g
2458499.72710,2019-01-16.2277722,bF,1.51,99.990,99.990,99.990,99.990,99.990,g
2458499.72711,2019-01-16.2277725,bE,1.54,16.757,>16.757,99.990,0.185,0.144,g
2458500.75880,2019-01-17.2594651,bE,1.53,16.837,>16.837,99.990,-0.250,0.134,g
2458500.76007,2019-01-17.2607315,bE,1.49,16.604,>16.604,99.990,-0.047,0.166,g
2458500.76133,2019-01-17.2619957,bE,1.49,16.809,>16.809,99.990,0.014,0.137,g
2458501.38652,2019-01-17.8871776,bm,1.60,16.306,>16.306,99.990,-0.159,0.218,g
2458501.38771,2019-01-17.8883795,bm,1.58,16.492,>16.492,99.990,0.265,0.184,g
2458501.38893,2019-01-17.8895869,bm,1.49,16.349,>16.349,99.990,-0.247,0.210,g
2458501.76646,2019-01-18.2671255,bF,1.59,99.990,99.990,99.990,99.990,99.990,g
2458501.76646,2019-01-18.2671252,bE,1.48,16.358,>16.358,99.990,-0.104,0.208,g
2458501.76773,2019-01-18.2683898,bE,1.53,16.373,>16.373,99.990,0.375,0.205,g
2458501.76900,2019-01-18.2696652,bE,1.49,16.281,>16.281,99.990,-0.074,0.223,g
2458502.58110,2019-01-19.0817747,bi,1.45,16.233,>16.233,99.990,-0.142,0.233,g
2458502.58232,2019-01-19.0829894,bi,1.46,16.032,>16.032,99.990,0.045,0.281,g
2458502.58354,2019-01-19.0842062,bi,1.46,16.156,>16.156,99.990,0.131,0.250,g
2458502.76985,2019-01-19.2705165,bE,1.48,16.089,>16.089,99.990,-0.177,0.266,g
2458502.76985,2019-01-19.2705160,bF,1.56,99.990,99.990,99.990,99.990,99.990,g
2458502.77112,2019-01-19.2717884,bE,1.58,16.095,>16.095,99.990,-0.650,0.265,g
2458502.77239,2019-01-19.2730526,bE,1.56,16.102,>16.102,99.990,0.756,0.263,g
2458503.57594,2019-01-20.0766059,bE,1.53,16.088,>16.088,99.990,0.331,0.267,g
2458503.57722,2019-01-20.0778799,bE,1.55,16.034,>16.034,99.990,-0.173,0.280,g
2458503.57849,2019-01-20.0791574,bE,1.48,16.125,>16.125,99.990,-0.356,0.258,g
2458503.76595,2019-01-20.2666159,bF,1.54,99.990,99.990,99.990,99.990,99.990,g
2458503.76595,2019-01-20.2666151,bE,1.46,15.878,>15.878,99.990,0.172,0.324,g
2458503.76722,2019-01-20.2678905,bE,1.54,15.804,>15.804,99.990,-0.258,0.346,g
2458503.76849,2019-01-20.2691571,bE,1.45,16.004,>16.004,99.990,-0.061,0.288,g
2458503.76849,2019-01-20.2691567,bF,1.61,99.990,99.990,99.990,99.990,99.990,g
2458504.64554,2019-01-21.1462090,bE,2.01,15.375,>15.375,99.990,-0.112,0.514,g
2458505.44293,2019-01-21.9436,bm,1.61,15.849,>15.849,99.990,-0.446,0.332,g
2458505.44423,2019-01-21.9448969,bm,1.63,15.964,>15.964,99.990,0.114,0.299,g
2458505.44550,2019-01-21.9461686,bm,1.48,15.768,>15.768,99.990,0.580,0.358,g
2458505.70206,2019-01-22.2027254,bE,1.51,16.023,>16.023,99.990,-0.164,0.283,g
2458505.70333,2019-01-22.2039981,bE,1.52,16.112,>16.112,99.990,0.366,0.261,g
2458505.70459,2019-01-22.2052601,bE,1.52,16.060,>16.060,99.990,-0.378,0.273,g
2458506.71307,2019-01-23.2137451,bF,1.63,99.990,99.990,99.990,99.990,99.990,g
2458506.71308,2019-01-23.2137456,bE,1.54,16.104,>16.104,99.990,0.247,0.263,g
2458506.71435,2019-01-23.2150151,bE,1.52,16.044,>16.044,99.990,-0.229,0.278,g
2458506.71562,2019-01-23.2162890,bE,1.52,16.027,>16.027,99.990,0.278,0.282,g
2458507.56836,2019-01-24.0690254,bi,2.32,16.749,>16.749,99.990,0.272,0.145,g
2458507.56957,2019-01-24.0702425,bi,2.19,16.638,>16.638,99.990,0.260,0.161,g
2458507.57079,2019-01-24.0714616,bi,2.16,16.825,>16.825,99.990,0.149,0.135,g
2458508.67541,2019-01-25.1760802,bi,1.45,16.234,>16.234,99.990,0.222,0.233,g
2458508.67662,2019-01-25.1773005,bi,1.47,16.215,>16.215,99.990,-0.253,0.237,g
2458508.67784,2019-01-25.1785164,bi,1.43,16.146,>16.146,99.990,0.151,0.253,g
2458509.33112,2019-01-25.8317869,bm,1.49,16.892,>16.892,99.990,0.191,0.127,g
2458509.33253,2019-01-25.8331984,bm,1.50,16.980,>16.980,99.990,0.017,0.117,g
2458509.33380,2019-01-25.8344646,bm,1.54,16.899,>16.899,99.990,0.048,0.126,g
2458509.56156,2019-01-26.0622331,bE,1.44,16.900,>16.900,99.990,0.437,0.126,g
2458509.56284,2019-01-26.0635090,bE,1.50,16.901,>16.901,99.990,0.234,0.126,g
2458509.56410,2019-01-26.0647722,bE,1.53,16.981,>16.981,99.990,0.100,0.117,g
2458509.75251,2019-01-26.2531766,bE,1.51,16.508,>16.508,99.990,-0.309,0.181,g
2458509.75251,2019-01-26.2531765,bF,1.62,99.990,99.990,99.990,99.990,99.990,g
2458509.75378,2019-01-26.2544542,bE,1.59,16.398,>16.398,99.990,-0.031,0.200,g
2458510.55627,2019-01-27.0569434,bi,1.49,16.714,>16.714,99.990,0.135,0.150,g
2458510.55750,2019-01-27.0581660,bi,1.43,16.735,>16.735,99.990,0.046,0.147,g
2458510.55872,2019-01-27.0593826,bi,1.44,16.754,>16.754,99.990,-0.193,0.144,g
2458510.73925,2019-01-27.2399214,bi,1.49,16.300,>16.300,99.990,0.065,0.219,g
2458510.74047,2019-01-27.2411428,bi,1.43,16.323,>16.323,99.990,-0.277,0.215,g
2458510.74169,2019-01-27.2423598,bi,1.43,16.186,>16.186,99.990,-0.039,0.244,g
2458511.36335,2019-01-27.8640123,bm,1.50,16.821,>16.821,99.990,-0.037,0.136,g
2458511.36456,2019-01-27.8652216,bm,1.62,16.878,>16.878,99.990,0.163,0.129,g
2458511.36577,2019-01-27.8664315,bm,1.59,16.990,>16.990,99.990,0.041,0.116,g
2458511.55208,2019-01-28.0527521,bi,1.47,16.806,>16.806,99.990,0.151,0.138,g
2458511.55330,2019-01-28.0539680,bi,1.51,16.701,>16.701,99.990,-0.048,0.152,g
2458511.55450,2019-01-28.0551824,bi,1.36,16.799,>16.799,99.990,-0.181,0.139,g
2458511.74367,2019-01-28.2443460,bE,1.55,17.034,>17.034,99.990,0.041,0.112,g
2458511.74367,2019-01-28.2443456,bF,1.63,99.990,99.990,99.990,99.990,99.990,g
2458511.74496,2019-01-28.2456302,bE,1.55,16.754,>16.754,99.990,0.174,0.144,g
2458511.74621,2019-01-28.2468908,bE,1.49,16.728,>16.728,99.990,0.386,0.148,g
2458512.36029,2019-01-28.8609583,bm,1.49,16.978,>16.978,99.990,0.251,0.117,g
2458512.36150,2019-01-28.8621777,bm,1.49,16.944,>16.944,99.990,0.232,0.121,g
2458512.36272,2019-01-28.8633894,bm,1.52,16.976,>16.976,99.990,0.249,0.118,g
2458512.73972,2019-01-29.2403906,bE,1.56,16.737,>16.737,99.990,-0.013,0.147,g
2458512.73972,2019-01-29.2403899,bF,1.59,99.990,99.990,99.990,99.990,99.990,g
2458512.74100,2019-01-29.2416666,bE,1.47,16.680,>16.680,99.990,-0.098,0.155,g
2458512.74228,2019-01-29.2429422,bE,1.54,16.793,>16.793,99.990,0.202,0.139,g
2458513.38653,2019-01-29.8871983,bm,1.51,16.752,>16.752,99.990,0.031,0.145,g
2458513.38774,2019-01-29.8884098,bm,1.51,16.884,>16.884,99.990,0.003,0.128,g
2458513.38896,2019-01-29.8896259,bm,1.53,16.955,>16.955,99.990,-0.000,0.120,g
2458513.55465,2019-01-30.0553137,bi,1.44,16.715,>16.715,99.990,0.510,0.150,g
2458513.55586,2019-01-30.0565291,bi,1.42,16.790,>16.790,99.990,0.312,0.140,g
2458513.55708,2019-01-30.0577472,bi,1.46,16.831,>16.831,99.990,0.028,0.134,g
2458513.74189,2019-01-30.2425599,bE,1.53,16.894,>16.894,99.990,0.207,0.127,g
2458513.74189,2019-01-30.2425603,bF,1.50,99.990,99.990,99.990,99.990,99.990,g
2458513.74317,2019-01-30.2438424,bE,1.52,16.737,>16.737,99.990,0.425,0.147,g
2458513.74443,2019-01-30.2451030,bE,1.51,16.963,>16.963,99.990,0.062,0.119,g
2458513.74444,2019-01-30.2451021,bF,1.59,99.990,99.990,99.990,99.990,99.990,g
2458514.55053,2019-01-31.0511943,bi,2.06,16.682,>16.682,99.990,0.139,0.154,g
2458514.55174,2019-01-31.0524052,bi,2.10,16.715,>16.715,99.990,0.120,0.150,g
2458514.73706,2019-01-31.2377278,bE,1.49,16.714,>16.714,99.990,0.093,0.150,g
2458514.73833,2019-01-31.2389951,bE,1.48,16.804,>16.804,99.990,0.358,0.138,g
2458514.73833,2019-01-31.2389958,bF,1.56,99.990,99.990,99.990,99.990,99.990,g
2458514.73960,2019-01-31.2402650,bE,1.51,16.893,>16.893,99.990,0.136,0.127,g
2458515.72493,2019-02-01.2255960,bi,1.46,16.957,>16.957,99.990,0.064,0.120,g
2458515.72615,2019-02-01.2268171,bi,1.41,16.613,>16.613,99.990,0.143,0.164,g
2458515.72737,2019-02-01.2280354,bi,1.46,16.604,>16.604,99.990,0.236,0.166,g
2458516.73244,2019-02-02.2331116,bE,1.49,16.947,>16.947,99.990,0.491,0.121,g
2458516.73245,2019-02-02.2331121,bF,1.55,99.990,99.990,99.990,99.990,99.990,g
2458516.73372,2019-02-02.2343836,bE,1.49,16.889,>16.889,99.990,0.066,0.127,g
2458516.73499,2019-02-02.2356561,bE,1.46,16.803,>16.803,99.990,0.089,0.138,g
2458517.72430,2019-02-03.2249702,bF,1.57,99.990,99.990,99.990,99.990,99.990,g
2458517.72431,2019-02-03.2249702,bE,1.52,16.960,>16.960,99.990,0.188,0.119,g
2458517.72557,2019-02-03.2262341,bE,1.52,16.829,>16.829,99.990,0.154,0.135,g
2458517.72684,2019-02-03.2275068,bE,1.50,16.947,>16.947,99.990,0.102,0.121,g
2458518.72801,2019-02-04.2286656,bF,1.59,99.990,99.990,99.990,99.990,99.990,g
2458518.72801,2019-02-04.2286657,bE,1.48,17.050,>17.050,99.990,0.026,0.110,g
2458518.72928,2019-02-04.2299479,bE,1.44,16.906,>16.906,99.990,0.182,0.125,g
2458518.73054,2019-02-04.2312037,bF,1.56,99.990,99.990,99.990,99.990,99.990,g
2458518.73054,2019-02-04.2312042,bE,1.52,17.090,>17.090,99.990,0.058,0.106,g
2458519.72401,2019-02-05.2246737,bE,1.48,16.995,>16.995,99.990,0.025,0.116,g
2458519.72526,2019-02-05.2259348,bE,1.45,17.092,>17.092,99.990,-0.140,0.106,g
2458519.72527,2019-02-05.2259349,bF,1.62,99.990,99.990,99.990,99.990,99.990,g
2458519.72654,2019-02-05.2272016,bE,1.47,16.795,>16.795,99.990,0.372,0.139,g
2458519.72654,2019-02-05.2272021,bF,1.60,99.990,99.990,99.990,99.990,99.990,g
2458520.64697,2019-02-06.1476334,bE,1.44,16.879,>16.879,99.990,0.150,0.129,g
2458520.64825,2019-02-06.1489043,bE,1.47,17.025,>17.025,99.990,0.390,0.112,g
2458520.64961,2019-02-06.1502653,bE,1.54,17.017,>17.017,99.990,0.331,0.113,g
2458521.43540,2019-02-06.9360545,bm,1.51,17.071,>17.071,99.990,-0.003,0.108,g
2458521.43662,2019-02-06.9372759,bm,1.50,17.101,>17.101,99.990,0.248,0.105,g
2458521.43783,2019-02-06.9384915,bm,1.51,16.907,>16.907,99.990,-0.006,0.125,g
2458521.61757,2019-02-07.1182206,bE,1.49,16.811,>16.811,99.990,0.096,0.137,g
2458521.61885,2019-02-07.1195026,bE,1.47,16.975,>16.975,99.990,0.152,0.118,g
2458521.62012,2019-02-07.1207711,bF,1.56,99.990,99.990,99.990,99.990,99.990,g
2458521.62012,2019-02-07.1207711,bE,1.48,16.764,>16.764,99.990,0.313,0.143,g
2458522.60917,2019-02-08.1098288,bE,1.50,16.994,>16.994,99.990,0.214,0.116,g
2458522.61044,2019-02-08.1110947,bE,1.54,16.978,>16.978,99.990,0.244,0.117,g
2458522.61172,2019-02-08.1123714,bE,1.51,17.138,>17.138,99.990,0.189,0.101,g
2458523.58974,2019-02-09.0903908,bF,1.56,99.990,99.990,99.990,99.990,99.990,g
2458523.58974,2019-02-09.0903914,bE,1.46,16.919,>16.919,99.990,0.233,0.124,g
2458523.59101,2019-02-09.0916670,bE,1.50,16.891,>16.891,99.990,0.219,0.127,g
2458523.59229,2019-02-09.0929349,bE,1.51,16.942,>16.942,99.990,0.205,0.121,g
2458524.58458,2019-02-10.0852269,bE,1.47,16.902,>16.902,99.990,0.150,0.126,g
2458524.58585,2019-02-10.0864962,bE,1.48,16.995,>16.995,99.990,0.075,0.116,g
2458524.58713,2019-02-10.0877707,bE,1.48,16.947,>16.947,99.990,0.156,0.121,g
2458525.52591,2019-02-11.0265561,bE,1.43,16.316,>16.316,99.990,0.212,0.216,g
2458525.52718,2019-02-11.0278305,bE,1.51,16.195,>16.195,99.990,-0.532,0.242,g
2458525.52846,2019-02-11.0291055,bE,1.52,15.759,>15.759,99.990,0.042,0.361,g
2458526.53304,2019-02-12.0336789,bE,1.58,16.664,>16.664,99.990,0.407,0.157,g
2458526.53430,2019-02-12.0349452,bE,1.55,16.579,>16.579,99.990,0.201,0.170,g
2458526.53558,2019-02-12.0362197,bE,1.65,16.608,>16.608,99.990,0.157,0.165,g
2458527.27590,2019-02-12.7765319,bm,1.58,16.621,>16.621,99.990,0.077,0.163,g
2458527.27713,2019-02-12.7777701,bm,1.65,16.648,>16.648,99.990,0.363,0.159,g
2458527.27841,2019-02-12.7790460,bm,1.53,16.421,>16.421,99.990,0.009,0.196,g
2458527.52071,2019-02-13.0213489,bE,1.51,16.087,>16.087,99.990,0.045,0.267,g
2458527.52201,2019-02-13.0226524,bE,1.46,16.414,>16.414,99.990,0.062,0.197,g
2458527.52329,2019-02-13.0239310,bE,1.52,16.285,>16.285,99.990,0.208,0.222,g
2458528.29349,2019-02-13.7941254,bm,1.66,16.666,>16.666,99.990,0.143,0.157,g
2458528.29472,2019-02-13.7953531,bm,1.60,16.607,>16.607,99.990,0.224,0.165,g
2458528.29594,2019-02-13.7965734,bm,1.66,16.714,>16.714,99.990,0.143,0.150,g
2458528.69516,2019-02-14.1957958,bE,1.53,16.725,>16.725,99.990,0.217,0.148,g
2458528.69517,2019-02-14.1957962,bF,1.97,99.990,99.990,99.990,99.990,99.990,g
2458528.69643,2019-02-14.1970636,bE,1.53,16.859,>16.859,99.990,0.377,0.131,g
2458528.69769,2019-02-14.1983281,bE,1.56,16.846,>16.846,99.990,0.119,0.133,g
2458528.69770,2019-02-14.1983289,bF,1.99,99.990,99.990,99.990,99.990,99.990,g
2458529.69443,2019-02-15.1950644,bE,1.47,16.474,>16.474,99.990,-0.285,0.187,g
2458529.69571,2019-02-15.1963394,bE,1.49,16.502,>16.502,99.990,-0.056,0.182,g
2458529.69571,2019-02-15.1963393,bF,1.61,99.990,99.990,99.990,99.990,99.990,g
2458529.69697,2019-02-15.1976035,bE,1.56,16.534,>16.534,99.990,0.044,0.177,g
2458530.69024,2019-02-16.1908627,bE,1.46,16.283,>16.283,99.990,-0.007,0.223,g
2458530.69024,2019-02-16.1908623,bF,1.61,99.990,99.990,99.990,99.990,99.990,g
2458530.69150,2019-02-16.1921284,bE,1.56,16.250,>16.250,99.990,-0.270,0.230,g
2458530.69277,2019-02-16.1933886,bE,1.47,16.193,>16.193,99.990,0.087,0.242,g
2458531.68928,2019-02-17.1899119,bE,1.55,16.031,>16.031,99.990,0.567,0.281,g
2458531.68929,2019-02-17.1899121,bF,1.60,99.990,99.990,99.990,99.990,99.990,g
2458531.69055,2019-02-17.1911768,bE,1.56,16.107,>16.107,99.990,0.226,0.262,g
2458531.69182,2019-02-17.1924417,bE,1.53,16.113,>16.113,99.990,0.275,0.261,g
2458532.62537,2019-02-18.1259843,bE,1.49,16.079,>16.079,99.990,0.428,0.269,g
2458532.62664,2019-02-18.1272603,bE,1.44,16.041,>16.041,99.990,0.210,0.278,g
2458532.62792,2019-02-18.1285369,bE,1.46,16.018,>16.018,99.990,0.367,0.284,g
2458533.61716,2019-02-19.1177747,bE,1.60,15.874,>15.874,99.990,0.813,0.325,g
2458533.61844,2019-02-19.1190461,bE,1.45,15.996,>15.996,99.990,-0.058,0.290,g
2458533.61970,2019-02-19.1203157,bE,1.46,15.937,>15.937,99.990,0.494,0.306,g
2458534.62759,2019-02-20.1281894,bE,1.56,15.851,>15.851,99.990,0.245,0.332,g
2458534.62886,2019-02-20.1294677,bE,1.46,15.789,>15.789,99.990,0.074,0.351,g
2458534.63011,2019-02-20.1307289,bF,1.52,99.990,99.990,99.990,99.990,99.990,g
2458534.63012,2019-02-20.1307292,bE,1.44,15.887,>15.887,99.990,-0.440,0.321,g
2458535.67411,2019-02-21.1747130,bE,1.57,16.042,>16.042,99.990,0.042,0.278,g
2458535.67539,2019-02-21.1760012,bF,1.96,99.990,99.990,99.990,99.990,99.990,g
2458535.67540,2019-02-21.1760017,bE,1.48,15.873,>15.873,99.990,0.154,0.325,g
2458535.67666,2019-02-21.1772651,bE,1.52,15.928,>15.928,99.990,0.309,0.309,g
2458536.67289,2019-02-22.1734819,bE,1.53,16.254,>16.254,99.990,-0.124,0.229,g
2458536.67415,2019-02-22.1747483,bE,1.46,16.237,>16.237,99.990,0.183,0.232,g
2458536.67542,2019-02-22.1760215,bE,1.49,16.050,>16.050,99.990,-0.209,0.276,g
2458536.67542,2019-02-22.1760217,bF,1.54,99.990,99.990,99.990,99.990,99.990,g
2458537.66865,2019-02-23.1692454,bE,1.47,16.269,>16.269,99.990,0.616,0.226,g
2458537.66993,2019-02-23.1705164,bE,1.51,16.246,>16.246,99.990,0.218,0.230,g
2458537.67127,2019-02-23.1718581,bE,1.54,16.253,>16.253,99.990,0.436,0.229,g
2458537.67127,2019-02-23.1718586,bF,1.97,99.990,99.990,99.990,99.990,99.990,g
2458538.66819,2019-02-24.1687755,bE,1.50,16.551,>16.551,99.990,0.254,0.174,g
2458538.66822,2019-02-24.1688092,bF,1.55,99.990,99.990,99.990,99.990,99.990,g
2458538.66947,2019-02-24.1700539,bE,1.49,16.473,>16.473,99.990,0.101,0.187,g
2458538.67074,2019-02-24.1713296,bF,1.54,99.990,99.990,99.990,99.990,99.990,g
2458538.67075,2019-02-24.1713284,bE,1.56,16.371,>16.371,99.990,0.212,0.205,g
2458539.26340,2019-02-24.7639797,bm,2.25,16.523,>16.523,99.990,-0.229,0.179,g
2458539.26461,2019-02-24.7651898,bm,2.26,16.561,>16.561,99.990,0.071,0.172,g
2458539.26584,2019-02-24.7664157,bm,2.22,16.811,>16.811,99.990,0.242,0.137,g
2458539.65690,2019-02-25.1574765,bi,1.55,16.544,>16.544,99.990,0.166,0.175,g
2458539.65811,2019-02-25.1586917,bj,1.57,16.181,>16.181,99.990,0.023,0.245,g
2458539.65811,2019-02-25.1586923,bi,1.54,16.447,>16.447,99.990,-0.042,0.191,g
2458539.65932,2019-02-25.1599056,bi,1.59,16.470,>16.470,99.990,0.394,0.188,g
2458540.26701,2019-02-25.7675844,bm,2.07,14.648,>14.648,99.990,-3.022,1.005,g
2458540.26826,2019-02-25.7688347,bm,2.11,15.175,>15.175,99.990,-0.510,0.618,g
2458540.26957,2019-02-25.7701453,bm,2.09,14.203,>14.203,99.990,0.914,1.514,g
2458540.65586,2019-02-26.1564430,bi,1.48,16.720,>16.720,99.990,-0.002,0.149,g
2458540.65708,2019-02-26.1576600,bi,1.41,16.663,>16.663,99.990,0.026,0.157,g
2458540.65829,2019-02-26.1588758,bi,1.45,16.658,>16.658,99.990,0.252,0.158,g
2458541.65804,2019-02-27.1586109,bF,1.57,99.990,99.990,99.990,99.990,99.990,g
2458541.65804,2019-02-27.1586107,bE,1.49,16.959,>16.959,99.990,0.184,0.120,g
2458541.65929,2019-02-27.1598686,bE,1.49,16.868,>16.868,99.990,0.257,0.130,g
2458541.66057,2019-02-27.1611355,bE,1.44,16.904,>16.904,99.990,0.192,0.126,g
2458542.65733,2019-02-28.1578914,bF,1.59,99.990,99.990,99.990,99.990,99.990,g
2458542.65733,2019-02-28.1578913,bE,1.50,16.945,>16.945,99.990,0.112,0.121,g
2458542.65861,2019-02-28.1591723,bE,1.45,16.792,>16.792,99.990,0.112,0.139,g
2458542.65988,2019-02-28.1604414,bE,1.54,16.823,>16.823,99.990,-0.077,0.135,g
2458543.65179,2019-03-01.1523501,bE,1.48,16.947,>16.947,99.990,-0.012,0.121,g
2458543.65307,2019-03-01.1536239,bF,1.65,99.990,99.990,99.990,99.990,99.990,g
2458543.65307,2019-03-01.1536240,bE,1.50,16.954,>16.954,99.990,0.064,0.120,g
2458543.65433,2019-03-01.1548944,bF,1.62,99.990,99.990,99.990,99.990,99.990,g
2458543.65434,2019-03-01.1548944,bE,1.48,16.785,>16.785,99.990,0.226,0.140,g
2458544.65177,2019-03-02.1523299,bF,1.64,99.990,99.990,99.990,99.990,99.990,g
2458544.65178,2019-03-02.1523300,bE,1.55,16.842,>16.842,99.990,0.238,0.133,g
2458544.65305,2019-03-02.1535952,bE,1.51,16.973,>16.973,99.990,0.028,0.118,g
2458544.65431,2019-03-02.1548567,bE,1.51,17.013,>17.013,99.990,0.330,0.114,g
2458545.64673,2019-03-03.1472717,bE,1.47,15.638,>15.638,99.990,0.279,0.404,g
2458545.64673,2019-03-03.1472724,bF,1.60,99.990,99.990,99.990,99.990,99.990,g
2458545.64799,2019-03-03.1485381,bE,1.41,15.316,>15.316,99.990,-0.669,0.543,g
2458545.64926,2019-03-03.1498023,bE,1.50,16.481,>16.481,99.990,0.208,0.186,g
2458546.35355,2019-03-03.8540899,bm,1.50,17.001,>17.001,99.990,0.209,0.115,g
2458546.35476,2019-03-03.8553068,bm,1.55,16.834,>16.834,99.990,0.119,0.134,g
2458546.35476,2019-03-03.8553063,bn,1.49,99.990,99.990,99.990,99.990,99.990,g
2458546.35598,2019-03-03.8565217,bm,1.46,16.923,>16.923,99.990,-0.020,0.124,g
2458546.64617,2019-03-04.1467150,bE,1.51,16.845,>16.845,99.990,-0.094,0.133,g
2458546.64618,2019-03-04.1467142,bF,1.60,99.990,99.990,99.990,99.990,99.990,g
2458546.64746,2019-03-04.1479942,bE,1.49,16.930,>16.930,99.990,0.285,0.123,g
2458546.64873,2019-03-04.1492718,bE,1.45,16.837,>16.837,99.990,0.065,0.134,g
2458547.64091,2019-03-05.1414361,bF,1.51,99.990,99.990,99.990,99.990,99.990,g
2458547.64091,2019-03-05.1414369,bE,1.50,16.987,>16.987,99.990,-0.076,0.116,g
2458547.64219,2019-03-05.1427230,bE,1.52,16.813,>16.813,99.990,0.381,0.137,g
2458547.64347,2019-03-05.1439983,bE,1.47,16.906,>16.906,99.990,0.084,0.126,g
2458548.64030,2019-03-06.1408229,bE,1.54,17.012,>17.012,99.990,0.134,0.114,g
2458548.64030,2019-03-06.1408224,bF,1.60,99.990,99.990,99.990,99.990,99.990,g
2458548.64156,2019-03-06.1420912,bE,1.48,16.920,>16.920,99.990,0.279,0.124,g
2458548.64157,2019-03-06.1420913,bF,1.62,99.990,99.990,99.990,99.990,99.990,g
2458548.64283,2019-03-06.1433525,bE,1.42,17.046,>17.046,99.990,0.121,0.110,g
2458549.63142,2019-03-07.1319270,bE,1.49,17.096,>17.096,99.990,0.255,0.105,g
2458549.63268,2019-03-07.1331900,bF,1.60,99.990,99.990,99.990,99.990,99.990,g
2458549.63268,2019-03-07.1331896,bE,1.49,16.845,>16.845,99.990,0.150,0.133,g
2458549.63394,2019-03-07.1344547,bE,1.49,16.905,>16.905,99.990,0.364,0.126,g
2458550.63086,2019-03-08.1313710,bE,1.58,16.811,>16.811,99.990,0.211,0.137,g
2458550.63087,2019-03-08.1313709,bF,1.58,99.990,99.990,99.990,99.990,99.990,g
2458550.63214,2019-03-08.1326508,bE,1.54,17.039,>17.039,99.990,0.044,0.111,g
2458550.63340,2019-03-08.1339099,bE,1.46,17.039,>17.039,99.990,-0.042,0.111,g
2458551.62603,2019-03-09.1265287,bE,1.52,16.949,>16.949,99.990,0.018,0.121,g
2458551.62603,2019-03-09.1265288,bF,1.49,99.990,99.990,99.990,99.990,99.990,g
2458551.62729,2019-03-09.1277945,bE,1.49,16.793,>16.793,99.990,0.130,0.139,g
2458551.62856,2019-03-09.1290614,bE,1.49,16.864,>16.864,99.990,0.259,0.130,g
2458552.62526,2019-03-10.1257553,bE,1.49,16.852,>16.852,99.990,-0.019,0.132,g
2458552.62655,2019-03-10.1270343,bE,1.50,16.913,>16.913,99.990,-0.090,0.125,g
2458552.62781,2019-03-10.1283003,bE,1.50,16.956,>16.956,99.990,0.005,0.120,g
2458553.53536,2019-03-11.0358436,bE,1.55,16.887,>16.887,99.990,0.225,0.128,g
2458553.53664,2019-03-11.0371193,bE,1.48,16.824,>16.824,99.990,0.090,0.135,g
2458553.53790,2019-03-11.0383898,bE,1.42,17.168,>17.168,99.990,0.430,0.099,g
2458554.61570,2019-03-12.1161708,bE,1.52,16.812,>16.812,99.990,0.174,0.137,g
2458554.61697,2019-03-12.1174506,bE,1.47,16.841,>16.841,99.990,0.092,0.133,g
2458554.61697,2019-03-12.1174509,bF,1.57,99.990,99.990,99.990,99.990,99.990,g
2458554.61824,2019-03-12.1187217,bE,1.46,17.032,>17.032,99.990,0.031,0.112,g
2458555.49466,2019-03-12.9951302,bE,1.49,15.812,>15.812,99.990,0.164,0.344,g
2458555.49594,2019-03-12.9964035,bE,1.53,15.975,>15.975,99.990,-0.406,0.296,g
2458555.49723,2019-03-12.9976975,bE,1.59,16.162,>16.162,99.990,0.477,0.249,g
2458556.25884,2019-03-13.7592980,bm,1.61,16.561,>16.561,99.990,-0.042,0.172,g
2458556.26006,2019-03-13.7605189,bm,1.58,16.878,>16.878,99.990,0.071,0.129,g
2458556.26127,2019-03-13.7617254,bm,1.62,16.776,>16.776,99.990,-0.067,0.141,g
2458556.61448,2019-03-14.1149357,bE,1.51,16.695,>16.695,99.990,0.159,0.152,g
2458556.61574,2019-03-14.1162008,bE,1.47,16.827,>16.827,99.990,0.083,0.135,g
2458556.61574,2019-03-14.1162009,bF,1.57,99.990,99.990,99.990,99.990,99.990,g
2458556.61701,2019-03-14.1174656,bE,1.48,16.785,>16.785,99.990,0.341,0.140,g
2458557.60956,2019-03-15.1100085,bE,1.47,16.580,>16.580,99.990,0.180,0.169,g
2458557.61083,2019-03-15.1112756,bE,1.48,16.628,>16.628,99.990,0.059,0.162,g
2458557.61210,2019-03-15.1125505,bE,1.50,16.683,>16.683,99.990,-0.043,0.154,g
2458558.60920,2019-03-16.1096432,bF,1.57,99.990,99.990,99.990,99.990,99.990,g
2458558.60921,2019-03-16.1096428,bE,1.50,16.391,>16.391,99.990,0.579,0.202,g
2458558.61046,2019-03-16.1109027,bE,1.49,16.293,>16.293,99.990,0.352,0.221,g
2458558.61174,2019-03-16.1121746,bE,1.52,16.383,>16.383,99.990,0.207,0.203,g
2458558.61174,2019-03-16.1121749,bF,1.64,99.990,99.990,99.990,99.990,99.990,g
2458559.60383,2019-03-17.1042600,bF,1.54,99.990,99.990,99.990,99.990,99.990,g
2458559.60383,2019-03-17.1042605,bE,1.49,16.302,>16.302,99.990,-0.150,0.219,g
2458559.60510,2019-03-17.1055342,bE,1.52,16.534,>16.534,99.990,-0.300,0.177,g
2458559.60638,2019-03-17.1068099,bE,1.53,16.425,>16.425,99.990,0.339,0.195,g
2458560.60289,2019-03-18.1033134,bE,1.52,16.134,>16.134,99.990,0.247,0.255,g
2458560.60417,2019-03-18.1045885,bE,1.49,16.148,>16.148,99.990,-0.514,0.252,g
2458560.60417,2019-03-18.1045887,bF,1.61,99.990,99.990,99.990,99.990,99.990,g
2458560.60544,2019-03-18.1058609,bE,1.53,16.390,>16.390,99.990,0.193,0.202,g
2458561.59792,2019-03-19.0983322,bF,1.52,99.990,99.990,99.990,99.990,99.990,g
2458561.59792,2019-03-19.0983329,bE,1.50,15.990,>15.990,99.990,-0.374,0.292,g
2458561.59919,2019-03-19.0996048,bE,1.54,16.151,>16.151,99.990,0.111,0.252,g
2458561.60046,2019-03-19.1008718,bE,1.52,16.023,>16.023,99.990,0.351,0.283,g
2458562.59359,2019-03-20.0939909,bF,2.41,99.990,99.990,99.990,99.990,99.990,g
2458562.59359,2019-03-20.0939910,bE,1.47,15.937,>15.937,99.990,0.341,0.306,g
2458562.59486,2019-03-20.0952612,bE,1.49,15.946,>15.946,99.990,-0.578,0.304,g
2458562.59615,2019-03-20.0965494,bE,1.56,15.911,>15.911,99.990,-0.354,0.314,g
2458563.23444,2019-03-20.7348311,bm,1.72,14.075,>14.075,99.990,-0.826,1.702,g
2458563.23564,2019-03-20.7360384,bm,1.79,14.001,>14.001,99.990,-2.530,1.822,g
2458563.23685,2019-03-20.7372450,bm,1.60,14.026,>14.026,99.990,-1.375,1.781,g
2458563.59242,2019-03-21.0928119,bE,1.54,15.898,>15.898,99.990,0.388,0.317,g
2458563.59370,2019-03-21.0940902,bE,1.43,15.657,>15.657,99.990,-0.327,0.396,g
2458563.59497,2019-03-21.0953633,bE,1.56,15.924,>15.924,99.990,-0.317,0.310,g
2458564.23731,2019-03-21.7376953,bm,1.96,16.017,>16.017,99.990,0.081,0.285,g
2458564.23852,2019-03-21.7389021,bm,1.69,16.176,>16.176,99.990,-0.297,0.246,g
2458564.23975,2019-03-21.7401379,bm,1.94,16.182,>16.182,99.990,-0.096,0.245,g
2458564.59166,2019-03-22.0920560,bE,1.45,15.794,>15.794,99.990,0.005,0.349,g
2458564.59167,2019-03-22.0920560,bF,2.23,99.990,99.990,99.990,99.990,99.990,g
2458564.59294,2019-03-22.0933288,bE,1.47,16.165,>16.165,99.990,-0.358,0.248,g
2458564.59294,2019-03-22.0933300,bF,2.29,99.990,99.990,99.990,99.990,99.990,g
2458564.59421,2019-03-22.0946019,bE,1.41,15.966,>15.966,99.990,-0.327,0.298,g
2458565.58717,2019-03-23.0875445,bE,1.46,16.216,>16.216,99.990,-0.078,0.237,g
2458565.58849,2019-03-23.0888677,bE,1.50,16.073,>16.073,99.990,0.016,0.270,g
2458565.58976,2019-03-23.0901407,bF,2.18,99.990,99.990,99.990,99.990,99.990,g
2458565.58976,2019-03-23.0901393,bE,1.53,16.077,>16.077,99.990,-0.171,0.269,g
2458566.58223,2019-03-24.0825980,bE,1.47,16.479,>16.479,99.990,0.550,0.186,g
2458566.58351,2019-03-24.0838771,bF,2.15,99.990,99.990,99.990,99.990,99.990,g
2458566.58351,2019-03-24.0838773,bE,1.60,16.463,>16.463,99.990,0.447,0.189,g
2458566.58479,2019-03-24.0851608,bE,1.51,16.245,>16.245,99.990,0.026,0.231,g
2458566.58480,2019-03-24.0851674,bF,2.12,99.990,99.990,99.990,99.990,99.990,g
2458567.58029,2019-03-25.0806438,bi,1.67,16.566,>16.566,99.990,0.228,0.172,g
2458567.58151,2019-03-25.0818679,bi,1.72,16.557,>16.557,99.990,0.070,0.173,g
2458567.58273,2019-03-25.0830848,bi,1.78,16.516,>16.516,99.990,0.258,0.180,g
2458568.57688,2019-03-26.0772304,bF,2.02,99.990,99.990,99.990,99.990,99.990,g
2458568.57689,2019-03-26.0772311,bE,1.51,16.846,>16.846,99.990,0.379,0.133,g
2458568.57817,2019-03-26.0785118,bE,1.51,16.978,>16.978,99.990,0.277,0.117,g
2458568.57942,2019-03-26.0797722,bF,1.99,99.990,99.990,99.990,99.990,99.990,g
2458568.57943,2019-03-26.0797721,bE,1.53,16.941,>16.941,99.990,0.121,0.121,g
2458569.57628,2019-03-27.0766194,bE,1.53,16.779,>16.779,99.990,-0.073,0.141,g
2458569.57755,2019-03-27.0778964,bE,1.50,16.842,>16.842,99.990,0.135,0.133,g
2458569.57756,2019-03-27.0778964,bF,2.06,99.990,99.990,99.990,99.990,99.990,g
2458569.57885,2019-03-27.0791843,bF,2.09,99.990,99.990,99.990,99.990,99.990,g
2458569.57885,2019-03-27.0791840,bE,1.43,16.650,>16.650,99.990,0.388,0.159,g
2458570.59974,2019-03-28.1000637,bE,1.55,17.035,>17.035,99.990,0.356,0.111,g
2458570.60102,2019-03-28.1013436,bF,2.02,99.990,99.990,99.990,99.990,99.990,g
2458570.60102,2019-03-28.1013434,bE,1.47,16.951,>16.951,99.990,0.011,0.120,g
2458570.60229,2019-03-28.1026149,bE,1.56,16.888,>16.888,99.990,-0.020,0.128,g
2458571.60184,2019-03-29.1021524,bE,1.45,16.910,>16.910,99.990,-0.199,0.125,g
2458571.60310,2019-03-29.1034155,bF,2.04,99.990,99.990,99.990,99.990,99.990,g
2458571.60310,2019-03-29.1034155,bE,1.50,16.869,>16.869,99.990,0.198,0.130,g
2458571.60437,2019-03-29.1046815,bF,2.05,99.990,99.990,99.990,99.990,99.990,g
2458571.60437,2019-03-29.1046813,bE,1.39,16.776,>16.776,99.990,0.040,0.141,g
2458573.34312,2019-03-30.8434192,bm,1.45,16.820,>16.820,99.990,0.026,0.136,g
2458573.34433,2019-03-30.8446255,bm,1.58,16.751,>16.751,99.990,0.246,0.145,g
2458573.34553,2019-03-30.8458309,bm,1.52,17.003,>17.003,99.990,0.071,0.115,g
2458575.25783,2019-04-01.7581023,bm,1.94,16.860,>16.860,99.990,0.178,0.131,g
2458575.25907,2019-04-01.7593438,bm,1.92,16.945,>16.945,99.990,0.088,0.121,g
2458575.26028,2019-04-01.7605518,bm,1.58,16.906,>16.906,99.990,0.253,0.125,g
2458575.56743,2019-04-02.0677046,bi,1.37,16.701,>16.701,99.990,0.348,0.152,g
2458575.56865,2019-04-02.0689261,bi,1.38,16.757,>16.757,99.990,0.203,0.144,g
2458575.56988,2019-04-02.0701491,bi,1.46,16.751,>16.751,99.990,0.174,0.145,g
2458576.54684,2019-04-03.0471046,bF,2.19,99.990,99.990,99.990,99.990,99.990,g
2458576.54684,2019-04-03.0471041,bE,1.48,16.841,>16.841,99.990,0.145,0.133,g
2458576.54810,2019-04-03.0483678,bF,2.11,99.990,99.990,99.990,99.990,99.990,g
2458576.54810,2019-04-03.0483681,bE,1.53,16.877,>16.877,99.990,0.287,0.129,g
2458576.54937,2019-04-03.0496322,bF,2.12,99.990,99.990,99.990,99.990,99.990,g
2458576.54937,2019-04-03.0496317,bE,1.52,16.887,>16.887,99.990,0.062,0.128,g
2458578.58073,2019-04-05.0809777,bF,1.98,99.990,99.990,99.990,99.990,99.990,g
2458578.58074,2019-04-05.0809781,bE,1.59,16.842,>16.842,99.990,0.266,0.133,g
2458578.58201,2019-04-05.0822537,bE,1.52,16.666,>16.666,99.990,0.348,0.157,g
2458578.58327,2019-04-05.0835101,bF,1.68,99.990,99.990,99.990,99.990,99.990,g
2458578.58327,2019-04-05.0835111,bE,1.46,16.766,>16.766,99.990,0.066,0.143,g
2458580.23052,2019-04-06.7307524,bm,2.02,16.811,>16.811,99.990,0.218,0.137,g
2458580.23174,2019-04-06.7319657,bm,2.12,99.990,99.990,99.990,99.990,99.990,g
2458580.23295,2019-04-06.7331731,bm,1.99,17.010,>17.010,99.990,-0.126,0.114,g
2458580.52834,2019-04-07.0285593,bE,1.48,16.958,>16.958,99.990,0.139,0.120,g
2458580.52834,2019-04-07.0285605,bF,2.05,99.990,99.990,99.990,99.990,99.990,g
2458580.52962,2019-04-07.0298359,bE,1.52,16.792,>16.792,99.990,0.496,0.139,g
2458580.53090,2019-04-07.0311142,bE,1.44,16.874,>16.874,99.990,0.312,0.129,g
2458581.57017,2019-04-08.0703760,bE,1.53,16.825,>16.825,99.990,0.127,0.135,g
2458581.57017,2019-04-08.0703765,bF,2.02,99.990,99.990,99.990,99.990,99.990,g
2458581.57143,2019-04-08.0716377,bE,1.49,16.901,>16.901,99.990,0.075,0.126,g
2458581.57271,2019-04-08.0729214,bF,2.01,99.990,99.990,99.990,99.990,99.990,g
2458581.57271,2019-04-08.0729214,bE,1.42,16.856,>16.856,99.990,0.220,0.131,g
2458582.56919,2019-04-09.0693864,bF,2.02,99.990,99.990,99.990,99.990,99.990,g
2458582.56919,2019-04-09.0693862,bE,1.51,16.884,>16.884,99.990,0.057,0.128,g
2458582.57046,2019-04-09.0706543,bE,1.44,16.889,>16.889,99.990,0.005,0.128,g
2458582.57046,2019-04-09.0706549,bF,2.05,99.990,99.990,99.990,99.990,99.990,g
2458582.57172,2019-04-09.0719142,bE,1.48,16.972,>16.972,99.990,0.411,0.118,g
2458584.21795,2019-04-10.7181315,bm,2.41,15.882,>15.882,99.990,-0.110,0.322,g
2458584.21917,2019-04-10.7193519,bm,2.46,16.114,>16.114,99.990,0.166,0.260,g
2458584.22038,2019-04-10.7205643,bm,2.41,16.146,>16.146,99.990,-0.053,0.253,g
2458584.56766,2019-04-11.0678283,bE,1.52,16.836,>16.836,99.990,0.113,0.134,g
2458584.56893,2019-04-11.0691091,bE,1.51,16.813,>16.813,99.990,0.152,0.137,g
2458586.26764,2019-04-12.7677984,bm,1.48,16.321,>16.321,99.990,0.042,0.215,g
2458586.26886,2019-04-12.7690189,bm,1.57,16.427,>16.427,99.990,-0.262,0.195,g
2458586.27007,2019-04-12.7702295,bm,1.54,16.377,>16.377,99.990,0.656,0.204,g
2458586.53910,2019-04-13.0392614,bE,1.58,16.719,>16.719,99.990,0.031,0.149,g
2458586.54037,2019-04-13.0405256,bE,1.55,16.931,>16.931,99.990,0.233,0.123,g
2458586.54163,2019-04-13.0417896,bE,1.55,16.538,>16.538,99.990,0.273,0.176,g
2458586.54163,2019-04-13.0417895,bF,2.01,99.990,99.990,99.990,99.990,99.990,g
2458587.47222,2019-04-13.9723634,bi,1.67,15.934,>15.934,99.990,-0.216,0.307,g
2458587.47344,2019-04-13.9735802,bi,1.61,16.018,>16.018,99.990,0.744,0.284,g
2458587.47466,2019-04-13.9748018,bi,1.63,16.138,>16.138,99.990,-0.401,0.255,g
2458589.54929,2019-04-16.0494064,bE,1.49,16.185,>16.185,99.990,-0.012,0.244,g
2458589.55055,2019-04-16.0506724,bF,2.00,99.990,99.990,99.990,99.990,99.990,g
2458589.55056,2019-04-16.0506730,bE,1.45,16.242,>16.242,99.990,0.225,0.231,g
2458589.55183,2019-04-16.0519451,bE,1.47,16.289,>16.289,99.990,-0.042,0.222,g
2458590.53208,2019-04-17.0321825,bi,1.55,15.816,>15.816,99.990,1.160,0.342,g
2458590.53328,2019-04-17.0333939,bi,1.43,15.906,>15.906,99.990,-0.360,0.315,g
2458590.53450,2019-04-17.0346103,bi,1.50,16.009,>16.009,99.990,-0.631,0.287,g
2458591.23301,2019-04-17.7331031,bm,1.54,16.043,>16.043,99.990,-0.425,0.278,g
2458591.23421,2019-04-17.7343061,bm,1.54,15.920,>15.920,99.990,0.467,0.311,g
2458591.23542,2019-04-17.7355230,bm,1.54,16.093,>16.093,99.990,0.453,0.265,g
2458592.28029,2019-04-18.7803796,bm,1.55,15.668,>15.668,99.990,0.076,0.393,g
2458592.28151,2019-04-18.7815932,bm,1.44,15.700,>15.700,99.990,-0.119,0.381,g
2458592.28271,2019-04-18.7827988,bm,1.54,15.773,>15.773,99.990,0.094,0.356,g
2458594.27912,2019-04-20.7791854,bm,1.67,14.065,>14.065,99.990,1.268,1.718,g
2458594.28035,2019-04-20.7804128,bm,1.66,14.241,>14.241,99.990,0.685,1.462,g
2458594.28156,2019-04-20.7816201,bm,1.61,14.514,>14.514,99.990,4.118,1.136,g
2458595.23845,2019-04-21.7385053,bm,1.53,16.830,>16.830,99.990,0.208,0.135,g
2458595.23979,2019-04-21.7398386,bm,1.66,16.774,>16.774,99.990,-0.098,0.142,g
2458595.53714,2019-04-22.0371835,bE,1.51,16.337,>16.337,99.990,0.061,0.212,g
2458595.53841,2019-04-22.0384623,bE,1.49,16.361,>16.361,99.990,0.249,0.207,g
2458595.53841,2019-04-22.0384627,bF,1.50,99.990,99.990,99.990,99.990,99.990,g
2458596.50523,2019-04-23.0052858,bE,1.61,16.893,>16.893,99.990,0.281,0.127,g
2458596.50650,2019-04-23.0065413,bE,1.50,16.860,>16.860,99.990,0.247,0.131,g
2458596.50651,2019-04-23.0065414,bF,1.53,99.990,99.990,99.990,99.990,99.990,g
2458596.50778,2019-04-23.0078152,bE,1.49,16.949,>16.949,99.990,0.306,0.121,g
2458599.26773,2019-04-25.7677391,bm,1.47,16.948,>16.948,99.990,-0.034,0.121,g
2458599.26893,2019-04-25.7689327,bm,1.45,16.795,>16.795,99.990,0.216,0.139,g
2458599.27013,2019-04-25.7701392,bm,1.49,16.716,>16.716,99.990,-0.180,0.149,g
2458601.21878,2019-04-27.7187581,bm,2.02,16.847,>16.847,99.990,0.090,0.132,g
2458601.22120,2019-04-27.7211807,bm,2.01,16.947,>16.947,99.990,-0.114,0.121,g
2458602.22267,2019-04-28.7226423,bm,1.45,16.828,>16.828,99.990,-0.014,0.135,g
2458602.22388,2019-04-28.7238605,bm,1.52,16.999,>16.999,99.990,0.189,0.115,g
2458603.24845,2019-04-29.7484111,bm,2.20,16.785,>16.785,99.990,0.111,0.140,g
2458603.24966,2019-04-29.7496190,bm,2.16,16.747,>16.747,99.990,0.172,0.145,g
2458603.25087,2019-04-29.7508326,bm,2.14,16.776,>16.776,99.990,0.301,0.141,g
2458603.51266,2019-04-30.0126118,bE,1.44,16.631,>16.631,99.990,-0.080,0.162,g
2458603.51266,2019-04-30.0126123,bF,1.57,99.990,99.990,99.990,99.990,99.990,g
2458603.51393,2019-04-30.0138908,bF,1.47,99.990,99.990,99.990,99.990,99.990,g
2458603.51393,2019-04-30.0138906,bE,1.47,16.839,>16.839,99.990,0.039,0.134,g
2458603.51521,2019-04-30.0151656,bE,1.51,16.589,>16.589,99.990,0.025,0.168,g
2458605.47271,2019-05-01.9726454,bE,1.59,16.912,>16.912,99.990,0.250,0.125,g
2458605.47398,2019-05-01.9739126,bE,1.57,16.671,>16.671,99.990,-0.037,0.156,g
2458605.47525,2019-05-01.9751894,bF,1.57,99.990,99.990,99.990,99.990,99.990,g
2458605.47525,2019-05-01.9751891,bE,1.56,16.786,>16.786,99.990,0.408,0.140,g
2458606.25301,2019-05-02.7529373,bm,1.55,16.791,>16.791,99.990,0.052,0.140,g
2458606.25429,2019-05-02.7542201,bm,1.53,16.927,>16.927,99.990,0.249,0.123,g
2458606.25562,2019-05-02.7555459,bm,1.53,16.815,>16.815,99.990,0.092,0.136,g
2458607.49478,2019-05-03.9946945,bE,1.48,15.999,>15.999,99.990,0.451,0.289,g
2458607.49605,2019-05-03.9959631,bE,1.51,15.929,>15.929,99.990,-0.063,0.309,g
2458607.49732,2019-05-03.9972326,bE,1.48,16.112,>16.112,99.990,-0.015,0.261,g
2458608.49422,2019-05-04.9941210,bF,1.57,99.990,99.990,99.990,99.990,99.990,g
2458608.49422,2019-05-04.9941221,bE,1.47,16.865,>16.865,99.990,0.135,0.130,g
2458608.49549,2019-05-04.9953923,bE,1.50,16.784,>16.784,99.990,0.346,0.140,g
2458608.49549,2019-05-04.9953918,bF,1.52,99.990,99.990,99.990,99.990,99.990,g
2458608.49677,2019-05-04.9966665,bE,1.46,16.823,>16.823,99.990,0.041,0.136,g
2458609.49367,2019-05-05.9935619,bE,1.42,16.589,>16.589,99.990,0.097,0.168,g
2458609.49494,2019-05-05.9948359,bF,1.63,99.990,99.990,99.990,99.990,99.990,g
2458609.49495,2019-05-05.9948364,bE,1.47,16.776,>16.776,99.990,-0.065,0.141,g
2458609.49622,2019-05-05.9961060,bE,1.47,16.656,>16.656,99.990,0.053,0.158,g
2458611.48501,2019-05-07.9848715,bE,1.45,16.891,>16.891,99.990,0.268,0.127,g
2458611.48628,2019-05-07.9861476,bE,1.47,16.856,>16.856,99.990,0.164,0.131,g
2458611.48756,2019-05-07.9874229,bF,1.53,99.990,99.990,99.990,99.990,99.990,g
2458611.48756,2019-05-07.9874230,bE,1.48,16.780,>16.780,99.990,0.150,0.141,g
2458615.22191,2019-05-11.7217417,bm,1.63,16.364,>16.364,99.990,-0.034,0.207,g
2458615.22312,2019-05-11.7229400,bm,1.54,16.414,>16.414,99.990,-0.250,0.198,g
2458615.22433,2019-05-11.7241582,bm,1.51,16.202,>16.202,99.990,0.555,0.240,g
2458617.21396,2019-05-13.7137563,bm,1.98,16.032,>16.032,99.990,0.421,0.281,g
2458617.21516,2019-05-13.7149658,bm,1.72,15.733,>15.733,99.990,-0.145,0.370,g
2458617.21637,2019-05-13.7161715,bm,2.05,15.676,>15.676,99.990,-0.238,0.390,g
2458618.21348,2019-05-14.7132640,bm,1.59,15.917,>15.917,99.990,-0.746,0.312,g
2458618.21468,2019-05-14.7144718,bm,1.97,15.752,>15.752,99.990,-0.725,0.363,g
2458618.21590,2019-05-14.7156888,bm,1.95,15.940,>15.940,99.990,-0.240,0.305,g
2458620.20528,2019-05-16.7050483,bm,1.48,15.895,>15.895,99.990,0.010,0.318,g
2458620.20650,2019-05-16.7062689,bm,1.49,15.953,>15.953,99.990,-0.391,0.302,g
2458620.20773,2019-05-16.7075045,bm,1.47,15.947,>15.947,99.990,-0.045,0.304,g
2458621.45660,2019-05-17.9563564,bE,1.46,14.511,>14.511,99.990,0.414,1.140,g
2458622.20085,2019-05-18.7005967,bm,1.55,15.863,>15.863,99.990,-0.099,0.328,g
2458622.20207,2019-05-18.7018182,bm,1.58,15.833,>15.833,99.990,0.051,0.337,g
2458622.20328,2019-05-18.7030204,bm,1.54,16.057,>16.057,99.990,-0.159,0.274,g
2458623.44953,2019-05-19.9492680,bj,1.64,99.990,99.990,99.990,99.990,99.990,g
2458623.44953,2019-05-19.9492684,bi,1.52,99.990,99.990,99.990,99.990,99.990,g
2458623.45076,2019-05-19.9504923,bi,1.59,99.990,99.990,99.990,99.990,99.990,g
2458624.44922,2019-05-20.9489476,bE,1.57,15.892,>15.892,99.990,-0.007,0.319,g
2458624.45049,2019-05-20.9502135,bE,1.58,15.947,>15.947,99.990,-0.286,0.304,g
2458624.45175,2019-05-20.9514759,bE,1.60,16.106,>16.106,99.990,0.260,0.262,g
2458625.19236,2019-05-21.6920746,bm,1.54,15.627,>15.627,99.990,-0.350,0.408,g
2458625.19358,2019-05-21.6932951,bm,1.58,15.902,>15.902,99.990,0.695,0.316,g
2458625.19480,2019-05-21.6945109,bm,1.54,15.992,>15.992,99.990,-0.198,0.291,g
2458626.19208,2019-05-22.6917862,bm,1.94,15.686,>15.686,99.990,0.574,0.386,g
2458626.19330,2019-05-22.6930011,bm,1.56,15.859,>15.859,99.990,-0.174,0.329,g
2458626.19450,2019-05-22.6942090,bm,1.62,15.951,>15.951,99.990,-0.596,0.303,g
2458678.93896,2019-07-14.4382857,bE,1.45,16.842,>16.842,99.990,-0.038,0.133,g
2458678.94022,2019-07-14.4395527,bE,1.50,16.710,>16.710,99.990,-0.040,0.150,g
2458678.94149,2019-07-14.4408185,bF,1.48,99.990,99.990,99.990,99.990,99.990,g
2458678.94149,2019-07-14.4408184,bE,1.48,16.505,>16.505,99.990,0.174,0.182,g
2458683.93425,2019-07-19.4335646,bE,1.49,16.220,>16.220,99.990,-0.134,0.236,g
2458683.93425,2019-07-19.4335684,bF,1.46,99.990,99.990,99.990,99.990,99.990,g
2458684.94737,2019-07-20.4466917,bE,1.52,15.735,>15.735,99.990,-0.089,0.369,g
2458684.94737,2019-07-20.4466920,bF,1.44,99.990,99.990,99.990,99.990,99.990,g
2458688.91046,2019-07-24.4097746,bE,1.50,16.705,>16.705,99.990,0.049,0.151,g
2458688.91046,2019-07-24.4097748,bF,1.45,99.990,99.990,99.990,99.990,99.990,g
2458688.91173,2019-07-24.4110478,bE,1.55,16.620,>16.620,99.990,0.495,0.163,g
2458688.91304,2019-07-24.4123604,bE,1.51,16.601,>16.601,99.990,0.141,0.166,g
2458688.91305,2019-07-24.4123608,bF,1.51,99.990,99.990,99.990,99.990,99.990,g
2458688.94102,2019-07-24.4403351,bi,1.49,16.155,>16.155,99.990,-0.113,0.251,g
2458688.94224,2019-07-24.4415513,bi,1.48,16.048,>16.048,99.990,0.104,0.277,g
2458688.94346,2019-07-24.4427721,bi,1.47,15.960,>15.960,99.990,0.063,0.300,g
2458693.64676,2019-07-29.1460671,bm,1.53,16.568,>16.568,99.990,0.098,0.171,g
2458693.64800,2019-07-29.1473137,bm,1.51,16.721,>16.721,99.990,0.130,0.149,g
2458693.64923,2019-07-29.1485381,bm,1.47,16.558,>16.558,99.990,0.072,0.173,g
2458693.90831,2019-07-29.4076282,bi,1.51,16.818,>16.818,99.990,0.191,0.136,g
2458693.90953,2019-07-29.4088429,bi,1.55,16.761,>16.761,99.990,0.025,0.143,g
2458693.91075,2019-07-29.4100671,bi,1.49,16.793,>16.793,99.990,0.122,0.139,g
2458695.91764,2019-07-31.4169531,bE,1.47,16.999,>16.999,99.990,0.123,0.115,g
2458695.91891,2019-07-31.4182263,bF,1.48,99.990,99.990,99.990,99.990,99.990,g
2458695.91891,2019-07-31.4182256,bE,1.48,16.973,>16.973,99.990,0.257,0.118,g
2458695.92018,2019-07-31.4194899,bE,1.49,16.963,>16.963,99.990,0.265,0.119,g
2458697.66246,2019-08-02.1617760,bm,1.47,16.749,>16.749,99.990,-0.019,0.145,g
2458697.66367,2019-08-02.1629918,bm,1.50,16.766,>16.766,99.990,0.508,0.143,g
2458697.66489,2019-08-02.1642112,bm,1.54,16.833,>16.833,99.990,-0.007,0.134,g
2458703.89793,2019-08-08.3972579,bF,1.46,99.990,99.990,99.990,99.990,99.990,g
2458703.89794,2019-08-08.3972585,bE,1.50,16.916,>16.916,99.990,0.034,0.124,g
2458707.88740,2019-08-12.3867385,bE,1.60,16.798,>16.798,99.990,0.129,0.139,g
2458707.88868,2019-08-12.3880120,bE,1.58,16.805,>16.805,99.990,0.082,0.138,g
2458707.88994,2019-08-12.3892739,bF,1.60,99.990,99.990,99.990,99.990,99.990,g
2458707.88994,2019-08-12.3892740,bE,1.51,16.794,>16.794,99.990,0.236,0.139,g
2458709.87977,2019-08-14.3791081,bF,1.49,99.990,99.990,99.990,99.990,99.990,g
2458709.87977,2019-08-14.3791071,bE,1.51,15.850,>15.850,99.990,-0.335,0.332,g
2458709.88104,2019-08-14.3803763,bE,1.58,15.936,>15.936,99.990,0.638,0.307,g
2458709.88241,2019-08-14.3817423,bE,1.43,15.730,>15.730,99.990,0.417,0.371,g
2458711.87339,2019-08-16.3727343,bE,1.47,15.599,>15.599,99.990,0.597,0.418,g
2458711.87465,2019-08-16.3740017,bF,1.63,99.990,99.990,99.990,99.990,99.990,g
2458711.87465,2019-08-16.3740012,bE,1.41,15.592,>15.592,99.990,-0.350,0.421,g
2458711.87592,2019-08-16.3752642,bE,1.54,15.684,>15.684,99.990,-0.559,0.387,g
2458712.87007,2019-08-17.3694256,bE,1.61,16.154,>16.154,99.990,0.227,0.251,g
2458712.87134,2019-08-17.3706960,bE,1.49,16.191,>16.191,99.990,-0.276,0.242,g
2458712.87261,2019-08-17.3719712,bE,1.58,16.171,>16.171,99.990,-0.328,0.247,g
2458712.87262,2019-08-17.3719714,bF,1.56,99.990,99.990,99.990,99.990,99.990,g
2458713.87051,2019-08-18.3698592,bF,1.53,99.990,99.990,99.990,99.990,99.990,g
2458713.87051,2019-08-18.3698586,bE,1.52,16.186,>16.186,99.990,-0.049,0.244,g
2458713.87178,2019-08-18.3711372,bE,1.49,16.190,>16.190,99.990,0.034,0.243,g
2458713.87305,2019-08-18.3724098,bE,1.51,16.237,>16.237,99.990,-0.138,0.232,g
2458713.87306,2019-08-18.3724100,bF,1.50,99.990,99.990,99.990,99.990,99.990,g
2458714.86680,2019-08-19.3661554,bE,1.44,13.874,>13.874,99.990,3.176,2.049,g
2458714.86680,2019-08-19.3661561,bF,1.46,99.990,99.990,99.990,99.990,99.990,g
2458714.86807,2019-08-19.3674291,bE,1.45,99.990,99.990,99.990,99.990,99.990,g
2458714.86933,2019-08-19.3686954,bE,1.49,99.990,99.990,99.990,99.990,99.990,g
2458719.84964,2019-08-24.3490216,bE,1.51,16.711,>16.711,99.990,0.131,0.150,g
2458719.84964,2019-08-24.3490210,bF,1.47,99.990,99.990,99.990,99.990,99.990,g
2458719.85091,2019-08-24.3502918,bE,1.45,16.792,>16.792,99.990,0.098,0.139,g
2458719.85219,2019-08-24.3515674,bE,1.48,16.761,>16.761,99.990,0.105,0.143,g
2458720.56283,2019-08-25.0622125,bm,1.57,16.680,>16.680,99.990,0.264,0.155,g
2458720.56407,2019-08-25.0634497,bm,1.60,16.548,>16.548,99.990,0.086,0.174,g
2458720.56532,2019-08-25.0647045,bm,1.55,16.652,>16.652,99.990,0.304,0.159,g
2458721.91855,2019-08-26.4179447,bE,1.39,16.661,>16.661,99.990,-0.091,0.157,g
2458721.91983,2019-08-26.4192259,bF,1.44,99.990,99.990,99.990,99.990,99.990,g
2458721.91983,2019-08-26.4192255,bE,1.56,16.296,>16.296,99.990,-0.056,0.220,g
2458721.92109,2019-08-26.4204868,bE,1.49,15.844,>15.844,99.990,0.164,0.334,g
2458722.91905,2019-08-27.4184487,bE,1.47,16.795,>16.795,99.990,0.235,0.139,g
2458722.92032,2019-08-27.4197168,bE,1.51,16.678,>16.678,99.990,0.155,0.155,g
2458722.92158,2019-08-27.4209799,bE,1.47,16.557,>16.557,99.990,0.013,0.173,g
2458724.60951,2019-08-29.1089199,bm,1.51,16.773,>16.773,99.990,0.065,0.142,g
2458725.60311,2019-08-30.1025164,bm,1.53,17.045,>17.045,99.990,0.083,0.110,g
2458725.60431,2019-08-30.1037210,bm,1.53,16.776,>16.776,99.990,0.130,0.141,g
2458725.60552,2019-08-30.1049280,bm,1.54,16.791,>16.791,99.990,0.160,0.140,g
2458725.61032,2019-08-30.1097297,bm,1.51,16.881,>16.881,99.990,-0.251,0.128,g
2458725.91959,2019-08-30.4190034,bi,1.44,16.318,>16.318,99.990,-0.195,0.216,g
2458725.92081,2019-08-30.4202228,bi,1.47,16.197,>16.197,99.990,-0.211,0.241,g
2458725.92203,2019-08-30.4214400,bi,1.45,16.187,>16.187,99.990,-0.325,0.243,g
2458727.61538,2019-09-01.1148135,bm,1.48,99.990,99.990,99.990,99.990,99.990,g
2458727.61660,2019-09-01.1160237,bm,1.50,99.990,99.990,99.990,99.990,99.990,g
2458727.61781,2019-09-01.1172399,bm,1.51,99.990,99.990,99.990,99.990,99.990,g
2458727.91160,2019-09-01.4110237,bi,1.45,16.605,>16.605,99.990,0.235,0.166,g
2458727.91281,2019-09-01.4122440,bi,1.46,16.555,>16.555,99.990,-0.054,0.173,g
2458727.91403,2019-09-01.4134587,bi,1.45,16.625,>16.625,99.990,-0.081,0.163,g
2458728.63499,2019-09-02.1344222,bm,1.47,99.990,99.990,99.990,99.990,99.990,g
2458728.63621,2019-09-02.1356415,bm,1.46,16.899,>16.899,99.990,0.211,0.126,g
2458728.63743,2019-09-02.1368590,bm,1.50,99.990,99.990,99.990,99.990,99.990,g
2458728.90935,2019-09-02.4087824,bi,1.42,16.538,>16.538,99.990,0.203,0.176,g
2458728.91057,2019-09-02.4100017,bi,1.43,16.493,>16.493,99.990,-0.343,0.184,g
2458728.91179,2019-09-02.4112190,bi,1.40,16.329,>16.329,99.990,-0.029,0.213,g
2458729.82185,2019-09-03.3212858,bE,1.60,13.671,>13.671,99.990,0.589,2.470,g
2458729.82185,2019-09-03.3212856,bF,1.62,99.990,99.990,99.990,99.990,99.990,g
2458729.82311,2019-09-03.3225518,bE,1.58,14.151,>14.151,99.990,0.683,1.587,g
2458729.82438,2019-09-03.3238263,bE,1.49,14.569,>14.569,99.990,1.329,1.080,g
2458729.91659,2019-09-03.4160290,bi,1.38,14.391,>14.391,99.990,-2.707,1.273,g
2458729.91781,2019-09-03.4172474,bi,1.33,14.131,>14.131,99.990,-2.884,1.616,g
2458729.91902,2019-09-03.4184622,bi,1.50,99.990,99.990,99.990,99.990,99.990,g
2458730.56695,2019-09-04.0663871,bm,1.52,16.815,>16.815,99.990,0.122,0.136,g
2458730.56816,2019-09-04.0676046,bm,1.52,16.875,>16.875,99.990,-0.099,0.129,g
2458730.56937,2019-09-04.0688111,bm,1.53,16.747,>16.747,99.990,0.056,0.145,g
2458730.91247,2019-09-04.4119168,bi,1.43,16.453,>16.453,99.990,0.106,0.190,g
2458730.91368,2019-09-04.4131269,bi,1.46,16.468,>16.468,99.990,0.204,0.188,g
2458730.91488,2019-09-04.4143297,bi,1.40,16.464,>16.464,99.990,0.393,0.189,g
2458733.56068,2019-09-07.0601402,bm,1.55,16.795,>16.795,99.990,0.141,0.139,g
2458733.56189,2019-09-07.0613549,bm,1.48,16.877,>16.877,99.990,0.016,0.129,g
2458733.56311,2019-09-07.0625747,bm,1.54,16.943,>16.943,99.990,0.107,0.121,g
2458733.90727,2019-09-07.4067407,bE,1.56,15.417,>15.417,99.990,1.524,0.495,g
2458733.90854,2019-09-07.4080085,bE,1.50,15.093,>15.093,99.990,1.514,0.667,g
2458734.55798,2019-09-08.0574541,bm,1.48,16.846,>16.846,99.990,0.020,0.133,g
2458734.55921,2019-09-08.0586861,bm,1.51,16.605,>16.605,99.990,0.450,0.166,g
2458734.56047,2019-09-08.0599510,bm,1.43,16.694,>16.694,99.990,0.141,0.153,g
2458734.91513,2019-09-08.4146079,bi,1.43,16.068,>16.068,99.990,0.462,0.271,g
2458734.91634,2019-09-08.4158215,bi,1.47,16.008,>16.008,99.990,-0.216,0.287,g
2458734.91756,2019-09-08.4170358,bi,1.41,16.076,>16.076,99.990,0.418,0.270,g
2458735.55410,2019-09-09.0535809,bm,1.51,16.094,>16.094,99.990,-0.212,0.265,g
2458735.55531,2019-09-09.0547909,bm,1.57,16.040,>16.040,99.990,0.327,0.279,g
2458735.55653,2019-09-09.0560078,bm,1.53,16.056,>16.056,99.990,0.019,0.275,g
2458736.55060,2019-09-10.0500833,bm,1.54,15.480,>15.480,99.990,-0.662,0.467,g
2458736.55182,2019-09-10.0513134,bm,1.51,15.653,>15.653,99.990,0.162,0.398,g
2458736.55312,2019-09-10.0526068,bm,1.56,15.901,>15.901,99.990,0.615,0.317,g
2458741.82777,2019-09-15.3273100,bE,1.58,16.053,>16.053,99.990,-0.464,0.275,g
2458741.82905,2019-09-15.3285894,bE,1.54,16.119,>16.119,99.990,-0.022,0.259,g
2458741.82906,2019-09-15.3285890,bF,1.53,99.990,99.990,99.990,99.990,99.990,g
2458741.91278,2019-09-15.4123104,bE,1.56,15.700,>15.700,99.990,-0.247,0.381,g
2458742.53461,2019-09-16.0341537,bm,1.60,15.526,>15.526,99.990,0.594,0.447,g
2458742.53582,2019-09-16.0353670,bm,1.42,15.553,>15.553,99.990,-0.453,0.436,g
2458742.53704,2019-09-16.0365839,bm,1.40,15.392,>15.392,99.990,0.096,0.506,g
2458742.80807,2019-09-16.3076157,bi,1.46,15.930,>15.930,99.990,0.119,0.308,g
2458742.80930,2019-09-16.3088396,bi,1.55,16.014,>16.014,99.990,-0.474,0.285,g
2458742.81051,2019-09-16.3100542,bi,1.42,15.889,>15.889,99.990,-0.199,0.320,g
2458743.53554,2019-09-17.0350850,bm,1.54,16.026,>16.026,99.990,-0.565,0.282,g
2458743.53675,2019-09-17.0362923,bm,1.48,16.058,>16.058,99.990,0.114,0.274,g
2458743.53796,2019-09-17.0375032,bm,1.56,16.078,>16.078,99.990,0.089,0.269,g
2458743.83016,2019-09-17.3297138,bE,1.58,16.126,>16.126,99.990,0.132,0.257,g
2458744.64539,2019-09-18.1449458,bm,1.59,16.060,>16.060,99.990,0.216,0.273,g
2458744.64659,2019-09-18.1461468,bm,1.61,16.011,>16.011,99.990,-0.203,0.286,g
2458744.64780,2019-09-18.1473523,bm,1.60,16.239,>16.239,99.990,-0.343,0.232,g
2458744.84735,2019-09-18.3469065,bE,1.54,16.363,>16.363,99.990,0.257,0.207,g
2458744.84862,2019-09-18.3481803,bE,1.51,16.331,>16.331,99.990,0.462,0.213,g
2458744.84989,2019-09-18.3494540,bE,1.61,16.618,>16.618,99.990,0.175,0.164,g
2458747.51690,2019-09-21.0164769,bm,1.61,16.018,>16.018,99.990,-0.257,0.284,g
2458747.51811,2019-09-21.0176893,bm,1.55,16.110,>16.110,99.990,-0.045,0.261,g
2458747.51932,2019-09-21.0189004,bm,1.45,16.206,>16.206,99.990,0.553,0.239,g
2458747.83663,2019-09-21.3362120,bi,1.45,16.443,>16.443,99.990,0.089,0.192,g
2458747.83786,2019-09-21.3374460,bi,1.40,16.480,>16.480,99.990,0.511,0.186,g
2458747.83908,2019-09-21.3386704,bi,1.40,16.431,>16.431,99.990,0.154,0.194,g
2458749.77670,2019-09-23.2763079,bi,1.41,16.741,>16.741,99.990,0.644,0.146,g
2458749.77791,2019-09-23.2775262,bi,1.44,16.835,>16.835,99.990,0.096,0.134,g
2458749.77914,2019-09-23.2787444,bi,1.45,16.619,>16.619,99.990,0.176,0.163,g
2458749.87399,2019-09-23.3735900,bE,1.52,16.733,>16.733,99.990,0.128,0.147,g
2458750.87566,2019-09-24.3752716,bi,1.47,16.749,>16.749,99.990,0.290,0.145,g
2458750.87687,2019-09-24.3764908,bi,1.45,16.760,>16.760,99.990,-0.190,0.144,g
2458750.87809,2019-09-24.3777092,bi,1.43,16.794,>16.794,99.990,0.072,0.139,g
2458752.80114,2019-09-26.3007681,bE,1.51,16.809,>16.809,99.990,-0.025,0.137,g
2458752.80242,2019-09-26.30205,bE,1.57,16.918,>16.918,99.990,0.285,0.124,g
2458752.80368,2019-09-26.3033114,bE,1.49,16.927,>16.927,99.990,0.045,0.123,g
2458754.79805,2019-09-28.2977053,bF,1.47,99.990,99.990,99.990,99.990,99.990,g
2458754.79805,2019-09-28.2977047,bE,1.50,16.931,>16.931,99.990,0.213,0.123,g
2458754.79932,2019-09-28.2989706,bE,1.57,16.962,>16.962,99.990,0.306,0.119,g
2458754.80059,2019-09-28.3002391,bE,1.41,16.907,>16.907,99.990,0.083,0.125,g
2458755.74172,2019-09-29.2413846,bE,1.43,16.801,>16.801,99.990,0.151,0.138,g
2458755.74300,2019-09-29.2426599,bF,1.46,99.990,99.990,99.990,99.990,99.990,g
2458755.74300,2019-09-29.2426606,bE,1.49,16.837,>16.837,99.990,0.196,0.134,g
2458755.74428,2019-09-29.2439380,bE,1.46,16.797,>16.797,99.990,0.082,0.139,g
2458758.75415,2019-10-02.2538461,bF,1.54,99.990,99.990,99.990,99.990,99.990,g
2458758.75415,2019-10-02.2538458,bE,1.52,17.227,>17.227,99.990,0.323,0.093,g
2458758.75543,2019-10-02.2551322,bE,1.58,17.018,>17.018,99.990,0.279,0.113,g
2458758.75671,2019-10-02.2564076,bF,1.54,99.990,99.990,99.990,99.990,99.990,g
2458758.75671,2019-10-02.2564071,bE,1.58,16.773,>16.773,99.990,0.243,0.142,g
2458761.79436,2019-10-05.2940819,bE,1.46,16.794,>16.794,99.990,0.113,0.139,g
2458762.82866,2019-10-06.3283987,bE,1.54,16.756,>16.756,99.990,-0.085,0.144,g
2458762.82991,2019-10-06.3296553,bE,1.51,16.914,>16.914,99.990,0.121,0.125,g
2458762.83117,2019-10-06.3309209,bE,1.45,16.838,>16.838,99.990,0.199,0.134,g
2458762.83118,2019-10-06.3309206,bF,1.48,99.990,99.990,99.990,99.990,99.990,g
2458764.53370,2019-10-08.0334545,bm,1.52,16.609,>16.609,99.990,0.101,0.165,g
2458764.53492,2019-10-08.0346703,bm,1.52,16.478,>16.478,99.990,0.104,0.186,g
2458764.53612,2019-10-08.0358731,bm,1.56,16.384,>16.384,99.990,-0.186,0.203,g
2458764.73064,2019-10-08.2303998,bE,1.52,16.527,>16.527,99.990,0.151,0.178,g
2458764.73064,2019-10-08.2303993,bF,1.41,99.990,99.990,99.990,99.990,99.990,g
2458764.73190,2019-10-08.2316623,bE,1.52,16.572,>16.572,99.990,-0.241,0.171,g
2458764.73317,2019-10-08.2329327,bE,1.48,16.367,>16.367,99.990,0.301,0.206,g
2458765.54608,2019-10-09.0458418,bm,1.56,16.270,>16.270,99.990,0.179,0.226,g
2458765.54728,2019-10-09.0470473,bm,1.48,16.568,>16.568,99.990,-0.183,0.171,g
2458765.54848,2019-10-09.0482490,bm,1.48,16.385,>16.385,99.990,-0.227,0.203,g
2458765.73115,2019-10-09.2309217,bE,1.49,16.049,>16.049,99.990,0.550,0.276,g
2458765.73243,2019-10-09.2322013,bE,1.49,16.138,>16.138,99.990,0.338,0.255,g
2458765.73370,2019-10-09.2334690,bE,1.57,16.242,>16.242,99.990,0.028,0.231,g
2458766.72723,2019-10-10.2270113,bi,1.57,15.356,>15.356,99.990,-0.270,0.523,g
2458766.72844,2019-10-10.2282236,bi,1.49,15.512,>15.512,99.990,0.670,0.453,g
2458766.72966,2019-10-10.2294405,bi,1.46,15.514,>15.514,99.990,-0.261,0.452,g
2458767.72181,2019-10-11.2216005,bE,1.61,15.050,>15.050,99.990,-1.338,0.693,g
2458767.72307,2019-10-11.2228626,bF,1.58,99.990,99.990,99.990,99.990,99.990,g
2458767.72307,2019-10-11.2228620,bE,1.56,14.923,>14.923,99.990,-0.669,0.780,g
2458768.57715,2019-10-12.0769458,bm,1.57,14.945,>14.945,99.990,0.506,0.764,g
2458768.57836,2019-10-12.0781599,bm,1.57,14.748,>14.748,99.990,-0.099,0.916,g
2458768.57957,2019-10-12.0793688,bm,1.51,14.888,>14.888,99.990,0.162,0.805,g
2458768.58807,2019-10-12.0878716,bm,1.63,14.607,>14.607,99.990,-0.682,1.043,g
2458769.54003,2019-10-13.0398394,bm,1.98,15.832,>15.832,99.990,0.008,0.337,g
2458769.54123,2019-10-13.0410435,bm,1.62,15.733,>15.733,99.990,-0.011,0.370,g
2458769.54244,2019-10-13.0422513,bm,1.63,15.911,>15.911,99.990,0.135,0.314,g
2458770.45341,2019-10-13.9532311,bm,1.54,15.693,>15.693,99.990,0.366,0.384,g
2458770.45464,2019-10-13.9544561,bm,1.54,15.669,>15.669,99.990,0.581,0.392,g
2458770.45585,2019-10-13.9556657,bm,1.52,15.708,>15.708,99.990,0.222,0.378,g
2458771.49893,2019-10-14.9987618,bm,1.65,15.716,>15.716,99.990,0.009,0.375,g
2458771.50013,2019-10-14.9999673,bm,1.59,15.950,>15.950,99.990,0.227,0.303,g
2458771.50135,2019-10-15.0011822,bm,1.63,15.991,>15.991,99.990,-0.173,0.292,g
2458771.82662,2019-10-15.3264538,bi,1.47,15.676,>15.676,99.990,-0.377,0.390,g
2458771.82784,2019-10-15.3276743,bi,1.53,15.709,>15.709,99.990,0.118,0.378,g
2458771.82905,2019-10-15.3288879,bi,1.49,15.763,>15.763,99.990,0.069,0.360,g
2458772.53041,2019-10-16.0302490,bm,1.54,16.143,>16.143,99.990,0.605,0.254,g
2458772.53162,2019-10-16.0314625,bm,1.55,16.104,>16.104,99.990,0.179,0.263,g
2458772.53282,2019-10-16.0326609,bm,1.55,16.065,>16.065,99.990,0.240,0.272,g
2458772.79050,2019-10-16.2903461,bi,1.58,16.026,>16.026,99.990,0.330,0.282,g
2458772.79293,2019-10-16.2927803,bi,1.47,16.024,>16.024,99.990,-0.195,0.283,g
2458773.43597,2019-10-16.9358200,bm,1.57,15.962,>15.962,99.990,0.561,0.300,g
2458773.43717,2019-10-16.9370302,bm,1.55,16.095,>16.095,99.990,0.072,0.265,g
2458773.43840,2019-10-16.9382491,bm,1.51,15.932,>15.932,99.990,1.087,0.308,g
2458773.74476,2019-10-17.2446209,bi,1.64,16.048,>16.048,99.990,0.277,0.277,g
2458773.74600,2019-10-17.2458541,bi,1.97,16.078,>16.078,99.990,0.833,0.269,g
2458773.74721,2019-10-17.2470748,bi,1.69,15.990,>15.990,99.990,-0.107,0.292,g
2458774.81215,2019-10-18.3120215,bE,1.57,16.348,>16.348,99.990,0.156,0.210,g
2458774.81344,2019-10-18.3133118,bE,1.47,16.430,>16.430,99.990,-0.096,0.195,g
2458774.81470,2019-10-18.3145733,bE,1.47,16.346,>16.346,99.990,0.090,0.210,g
2458775.83101,2019-10-19.3308990,bi,1.49,16.349,>16.349,99.990,-0.069,0.210,g
2458775.83223,2019-10-19.3321232,bi,1.46,16.416,>16.416,99.990,0.023,0.197,g
2458775.83345,2019-10-19.3333344,bi,1.44,16.285,>16.285,99.990,-0.398,0.222,g
2458776.42607,2019-10-19.9259590,bm,1.51,16.798,>16.798,99.990,0.172,0.139,g
2458776.75568,2019-10-20.2555732,bi,1.45,16.394,>16.394,99.990,0.140,0.201,g
2458776.75689,2019-10-20.2567834,bi,1.43,16.419,>16.419,99.990,0.350,0.197,g
2458776.75811,2019-10-20.2580017,bi,1.48,16.329,>16.329,99.990,0.186,0.213,g
2458777.76743,2019-10-21.2673387,bi,1.50,16.433,>16.433,99.990,-0.122,0.194,g
2458777.76865,2019-10-21.2685550,bi,1.41,16.689,>16.689,99.990,0.283,0.153,g
2458777.76987,2019-10-21.2697710,bi,1.42,16.636,>16.636,99.990,0.054,0.161,g
2458778.74048,2019-10-22.2403930,bi,1.52,16.073,>16.073,99.990,0.047,0.270,g
2458778.74169,2019-10-22.2416070,bi,1.51,16.001,>16.001,99.990,0.557,0.289,g
2458778.74291,2019-10-22.2428277,bi,1.49,15.969,>15.969,99.990,0.267,0.297,g
2458781.72386,2019-10-25.2238136,bi,1.45,16.711,>16.711,99.990,-0.182,0.150,g
2458781.72508,2019-10-25.2250317,bi,1.45,16.798,>16.798,99.990,0.070,0.139,g
2458781.72630,2019-10-25.2262486,bi,1.46,16.605,>16.605,99.990,-0.108,0.166,g
2458782.78087,2019-10-26.2808372,bi,1.45,16.660,>16.660,99.990,-0.077,0.157,g
2458782.78207,2019-10-26.2820413,bi,1.37,16.778,>16.778,99.990,0.167,0.141,g
2458782.78329,2019-10-26.2832534,bi,1.44,16.815,>16.815,99.990,0.074,0.136,g
2458783.78897,2019-10-27.2889482,bi,1.40,16.698,>16.698,99.990,0.273,0.152,g
2458783.79020,2019-10-27.2901687,bi,1.43,16.649,>16.649,99.990,0.223,0.159,g
2458783.79141,2019-10-27.2913871,bi,1.42,16.497,>16.497,99.990,-0.331,0.183,g
2458784.79701,2019-10-28.2970081,bi,1.40,99.990,99.990,99.990,99.990,99.990,g
2458784.79823,2019-10-28.2982215,bi,1.41,99.990,99.990,99.990,99.990,99.990,g
2458784.79945,2019-10-28.2994436,bi,1.42,99.990,99.990,99.990,99.990,99.990,g
2458785.74877,2019-10-29.2487753,bi,1.49,16.761,>16.761,99.990,0.423,0.143,g
2458785.75000,2019-10-29.2499971,bi,1.41,16.701,>16.701,99.990,0.194,0.152,g
2458785.75122,2019-10-29.2512199,bi,1.46,16.779,>16.779,99.990,0.313,0.141,g
2458786.72698,2019-10-30.2269937,bE,1.48,15.975,>15.975,99.990,0.120,0.296,g
2458786.72827,2019-10-30.2282832,bE,1.53,16.156,>16.156,99.990,0.163,0.251,g
2458786.72827,2019-10-30.2282824,bF,1.51,99.990,99.990,99.990,99.990,99.990,g
2458786.72956,2019-10-30.2295712,bE,1.45,15.747,>15.747,99.990,0.865,0.365,g
2458789.64412,2019-11-02.1441687,bF,1.53,99.990,99.990,99.990,99.990,99.990,g
2458789.64412,2019-11-02.1441692,bE,1.41,16.825,>16.825,99.990,0.279,0.135,g
2458789.81087,2019-11-02.3109226,bi,1.44,14.810,>14.810,99.990,2.183,0.866,g
2458790.64588,2019-11-03.1459369,bE,1.46,99.990,99.990,99.990,99.990,99.990,g
2458790.64723,2019-11-03.1472871,bF,1.46,99.990,99.990,99.990,99.990,99.990,g
2458790.64723,2019-11-03.1472907,bE,1.49,14.714,>14.714,99.990,-1.143,0.945,g
2458790.64849,2019-11-03.1485525,bE,1.46,14.426,>14.426,99.990,0.689,1.232,g
2458791.62716,2019-11-04.1272289,bE,1.52,16.660,>16.660,99.990,0.291,0.157,g
2458791.62844,2019-11-04.1285136,bF,1.51,99.990,99.990,99.990,99.990,99.990,g
2458791.62844,2019-11-04.1285137,bE,1.48,16.716,>16.716,99.990,0.336,0.150,g
2458791.62972,2019-11-04.1297859,bE,1.42,16.637,>16.637,99.990,-0.074,0.161,g
2458791.62972,2019-11-04.1297855,bF,1.53,99.990,99.990,99.990,99.990,99.990,g
2458792.41485,2019-11-04.9149207,bm,1.41,14.310,>14.310,99.990,-0.748,1.371,g
2458792.41608,2019-11-04.9161508,bm,1.42,14.808,>14.808,99.990,-0.412,0.867,g
2458792.41729,2019-11-04.9173672,bm,1.48,15.213,>15.213,99.990,0.059,0.597,g
2458792.53491,2019-11-05.0349858,bm,1.49,16.770,>16.770,99.990,-0.045,0.142,g
2458792.53613,2019-11-05.0362018,bm,1.51,16.759,>16.759,99.990,-0.001,0.144,g
2458792.53734,2019-11-05.0374188,bm,1.53,16.805,>16.805,99.990,0.197,0.138,g
2458793.64813,2019-11-06.1482262,bE,1.51,16.394,>16.394,99.990,0.124,0.201,g
2458793.64813,2019-11-06.1482256,bF,1.57,99.990,99.990,99.990,99.990,99.990,g
2458793.64940,2019-11-06.1494961,bE,1.52,16.475,>16.475,99.990,0.231,0.187,g
2458793.65066,2019-11-06.1507623,bF,1.52,99.990,99.990,99.990,99.990,99.990,g
2458793.65067,2019-11-06.1507630,bE,1.49,16.588,>16.588,99.990,0.059,0.168,g
2458793.81837,2019-11-06.3184657,bi,1.45,16.826,>16.826,99.990,-0.021,0.135,g
2458793.81959,2019-11-06.3196846,bi,1.45,16.774,>16.774,99.990,0.005,0.142,g
2458793.82081,2019-11-06.3209005,bi,1.42,16.856,>16.856,99.990,0.522,0.131,g
2458794.66725,2019-11-07.1673508,bi,1.43,16.225,>16.225,99.990,0.118,0.235,g
2458794.66846,2019-11-07.1685688,bi,1.44,16.299,>16.299,99.990,-0.281,0.220,g
2458794.66968,2019-11-07.1697878,bi,1.48,16.267,>16.267,99.990,0.267,0.226,g
2458794.85021,2019-11-07.3503140,bE,1.46,16.901,>16.901,99.990,0.368,0.126,g
2458794.85148,2019-11-07.3515868,bE,1.46,16.848,>16.848,99.990,0.205,0.132,g
2458794.85275,2019-11-07.3528506,bE,1.47,16.841,>16.841,99.990,0.353,0.133,g
2458795.43524,2019-11-07.9353481,bm,1.64,16.249,>16.249,99.990,0.323,0.230,g
2458795.43645,2019-11-07.9365660,bm,1.67,16.095,>16.095,99.990,0.006,0.265,g
2458795.67662,2019-11-08.1767384,bE,1.60,16.316,>16.316,99.990,-0.372,0.216,g
2458795.67789,2019-11-08.1780081,bE,1.49,16.205,>16.205,99.990,0.151,0.239,g
2458795.67789,2019-11-08.1780086,bF,1.47,99.990,99.990,99.990,99.990,99.990,g
2458795.67917,2019-11-08.1792853,bE,1.46,16.394,>16.394,99.990,0.247,0.201,g
2458796.83887,2019-11-09.3390115,bi,1.39,16.492,>16.492,99.990,-0.130,0.184,g
2458796.84011,2019-11-09.3402412,bi,1.48,16.536,>16.536,99.990,0.492,0.177,g
2458796.84133,2019-11-09.3414606,bi,1.45,16.706,>16.706,99.990,0.380,0.151,g
2458797.74129,2019-11-10.2414296,bi,1.44,15.972,>15.972,99.990,-0.124,0.297,g
2458797.74251,2019-11-10.2426476,bi,1.43,15.960,>15.960,99.990,-0.087,0.300,g
2458797.74373,2019-11-10.2438660,bi,1.42,15.985,>15.985,99.990,-0.474,0.293,g
2458798.71902,2019-11-11.2191689,bi,1.48,15.831,>15.831,99.990,-0.368,0.338,g
2458798.72024,2019-11-11.2203930,bi,1.46,15.820,>15.820,99.990,-0.113,0.341,g
2458798.72146,2019-11-11.2216085,bi,1.41,15.878,>15.878,99.990,0.471,0.323,g
2458799.75104,2019-11-12.2512111,bE,1.49,15.997,>15.997,99.990,0.998,0.290,g
2458799.75232,2019-11-12.2524783,bE,1.48,15.901,>15.901,99.990,0.241,0.317,g
2458799.75359,2019-11-12.2537476,bE,1.47,15.908,>15.908,99.990,-0.220,0.315,g
2458799.77560,2019-11-12.2757626,bE,1.56,15.907,>15.907,99.990,-0.029,0.315,g
2458800.76697,2019-11-13.2671452,bE,1.46,16.080,>16.080,99.990,-0.451,0.268,g
2458800.76825,2019-11-13.2684193,bE,1.43,15.958,>15.958,99.990,0.320,0.300,g
2458800.76951,2019-11-13.2696861,bE,1.45,16.009,>16.009,99.990,0.182,0.287,g
2458801.70189,2019-11-14.2020752,bE,1.50,15.876,>15.876,99.990,-0.336,0.324,g
2458801.70316,2019-11-14.2033504,bF,2.16,99.990,99.990,99.990,99.990,99.990,g
2458801.70317,2019-11-14.2033585,bE,1.57,15.895,>15.895,99.990,0.344,0.318,g
2458801.70444,2019-11-14.2046248,bE,1.56,15.926,>15.926,99.990,0.297,0.309,g
2458802.85960,2019-11-15.3598020,bE,1.53,15.710,>15.710,99.990,-0.788,0.378,g
2458803.75979,2019-11-16.2599981,bi,1.70,16.106,>16.106,99.990,0.011,0.262,g
2458803.76101,2019-11-16.2612196,bi,1.62,16.201,>16.201,99.990,0.068,0.240,g
2458803.76225,2019-11-16.2624567,bi,1.51,16.156,>16.156,99.990,-0.425,0.250,g
2458804.77584,2019-11-17.2760686,bi,1.34,16.122,>16.122,99.990,0.083,0.258,g
2458804.77709,2019-11-17.2773077,bi,1.44,16.271,>16.271,99.990,0.040,0.225,g
2458804.77899,2019-11-17.2792078,bE,1.54,16.362,>16.362,99.990,0.065,0.207,g
2458805.81827,2019-11-18.3185137,bi,1.49,99.990,99.990,99.990,99.990,99.990,g
2458805.81949,2019-11-18.3197261,bi,1.39,16.193,>16.193,99.990,0.121,0.242,g
2458806.64442,2019-11-19.1446587,bi,1.50,16.744,>16.744,99.990,0.066,0.146,g
2458806.64563,2019-11-19.1458714,bi,1.40,16.735,>16.735,99.990,0.271,0.147,g
2458806.64686,2019-11-19.1470965,bi,1.44,16.723,>16.723,99.990,-0.035,0.148,g
2458806.73865,2019-11-19.2388906,bE,1.47,16.640,>16.640,99.990,0.216,0.160,g
2458806.84924,2019-11-19.3494865,bi,1.67,16.186,>16.186,99.990,0.100,0.244,g
2458806.85047,2019-11-19.3507085,bi,1.61,16.283,>16.283,99.990,-0.060,0.223,g
2458806.85169,2019-11-19.3519268,bi,1.60,16.154,>16.154,99.990,-0.339,0.251,g
2458807.73267,2019-11-20.2329259,bi,1.45,16.666,>16.666,99.990,0.444,0.157,g
2458807.73389,2019-11-20.2341449,bi,1.50,16.681,>16.681,99.990,0.054,0.154,g
2458807.73511,2019-11-20.2353594,bi,1.41,16.580,>16.580,99.990,-0.074,0.169,g
2458807.82264,2019-11-20.3228895,bE,1.48,16.724,>16.724,99.990,0.204,0.148,g
2458810.80978,2019-11-23.3100594,bi,1.46,16.673,>16.673,99.990,0.193,0.156,g
2458810.81100,2019-11-23.3112833,bi,1.41,16.810,>16.810,99.990,-0.248,0.137,g
2458810.81222,2019-11-23.3124989,bi,1.45,16.728,>16.728,99.990,0.130,0.148,g
2458811.71483,2019-11-24.2151212,bE,1.43,16.804,>16.804,99.990,-0.066,0.138,g
2458811.71609,2019-11-24.2163925,bE,1.52,16.930,>16.930,99.990,0.076,0.123,g
2458811.71738,2019-11-24.2176753,bE,1.41,16.943,>16.943,99.990,0.019,0.121,g
2458812.56836,2019-11-25.0686614,bF,1.48,99.990,99.990,99.990,99.990,99.990,g
2458812.56836,2019-11-25.0686615,bE,1.51,16.866,>16.866,99.990,0.197,0.130,g
2458812.56963,2019-11-25.0699347,bE,1.57,16.879,>16.879,99.990,0.027,0.129,g
2458812.57090,2019-11-25.0712057,bE,1.49,16.828,>16.828,99.990,0.295,0.135,g
2458812.57090,2019-11-25.0712063,bF,1.46,99.990,99.990,99.990,99.990,99.990,g
2458813.77835,2019-11-26.2786697,bi,1.45,16.722,>16.722,99.990,0.149,0.149,g
2458813.77957,2019-11-26.2798866,bi,1.44,16.685,>16.685,99.990,0.055,0.154,g
2458813.78079,2019-11-26.2811049,bi,1.50,16.657,>16.657,99.990,0.343,0.158,g
2458814.36798,2019-11-26.8682995,bm,1.53,16.834,>16.834,99.990,0.273,0.134,g
2458814.78567,2019-11-27.2859939,bE,1.51,16.677,>16.677,99.990,0.064,0.155,g
2458814.78693,2019-11-27.2872625,bE,1.48,16.800,>16.800,99.990,0.240,0.138,g
2458814.78821,2019-11-27.2885369,bE,1.56,16.778,>16.778,99.990,0.246,0.141,g
2458814.78949,2019-11-27.2898128,bE,1.51,16.848,>16.848,99.990,0.136,0.132,g
2458815.36953,2019-11-27.8698740,bm,1.49,16.657,>16.657,99.990,0.177,0.158,g
2458815.61970,2019-11-28.1200459,bE,1.62,16.810,>16.810,99.990,0.143,0.137,g
2458815.73035,2019-11-28.2306881,bE,1.56,16.989,>16.989,99.990,0.121,0.116,g
2458815.73161,2019-11-28.2319549,bE,1.48,16.989,>16.989,99.990,0.163,0.116,g
2458815.73289,2019-11-28.2332311,bE,1.50,16.911,>16.911,99.990,0.145,0.125,g
2458816.79225,2019-11-29.2925906,bE,1.51,16.876,>16.876,99.990,0.502,0.129,g
2458816.79352,2019-11-29.2938663,bE,1.48,16.799,>16.799,99.990,0.350,0.138,g
2458816.79478,2019-11-29.2951290,bE,1.53,16.858,>16.858,99.990,0.232,0.131,g
2458817.31893,2019-11-29.8192886,bm,1.56,16.759,>16.759,99.990,0.159,0.144,g
2458817.32014,2019-11-29.8204938,bm,1.59,16.727,>16.727,99.990,0.162,0.148,g
2458817.32134,2019-11-29.8216934,bm,1.57,16.833,>16.833,99.990,-0.321,0.134,g
2458817.74462,2019-11-30.2449739,bE,1.50,17.107,>17.107,99.990,0.166,0.104,g
2458818.32346,2019-11-30.8238243,bm,1.55,16.804,>16.804,99.990,-0.074,0.138,g
2458818.32468,2019-11-30.8250425,bm,1.50,16.674,>16.674,99.990,0.126,0.155,g
2458818.32590,2019-11-30.8262575,bm,1.49,16.692,>16.692,99.990,0.360,0.153,g
2458819.32420,2019-12-01.8245707,bm,1.53,16.693,>16.693,99.990,0.076,0.153,g
2458819.32542,2019-12-01.8257879,bm,1.55,99.990,99.990,99.990,99.990,99.990,g
2458819.32663,2019-12-01.8270035,bm,1.45,99.990,99.990,99.990,99.990,99.990,g
2458819.68939,2019-12-02.1897653,bi,1.40,16.698,>16.698,99.990,-0.230,0.152,g
2458819.69061,2019-12-02.1909868,bi,1.38,16.759,>16.759,99.990,0.051,0.144,g
2458819.69183,2019-12-02.1922023,bi,1.43,16.744,>16.744,99.990,-0.298,0.146,g
2458820.32730,2019-12-02.8276861,bm,1.46,16.641,>16.641,99.990,0.250,0.160,g
2458820.32850,2019-12-02.8288834,bm,1.51,99.990,99.990,99.990,99.990,99.990,g
2458820.73093,2019-12-03.2313172,bi,1.45,16.804,>16.804,99.990,0.388,0.138,g
2458820.73215,2019-12-03.2325344,bi,1.47,16.791,>16.791,99.990,0.149,0.140,g
2458820.73337,2019-12-03.2337608,bi,1.46,16.701,>16.701,99.990,0.294,0.152,g
2458821.37437,2019-12-03.8747582,bm,2.29,16.562,>16.562,99.990,-0.005,0.172,g
2458822.70280,2019-12-05.2032103,bi,1.53,16.456,>16.456,99.990,-0.001,0.190,g
2458822.70402,2019-12-05.2044289,bi,1.41,16.451,>16.451,99.990,-0.054,0.191,g
2458822.70524,2019-12-05.2056490,bi,1.46,16.552,>16.552,99.990,0.512,0.174,g
2458823.60889,2019-12-06.1093030,bF,1.51,99.990,99.990,99.990,99.990,99.990,g
2458823.60889,2019-12-06.1093031,bE,1.56,16.456,>16.456,99.990,0.201,0.190,g
2458823.61017,2019-12-06.1105820,bE,1.56,16.476,>16.476,99.990,-0.071,0.187,g
2458823.61144,2019-12-06.1118538,bE,1.49,16.552,>16.552,99.990,-0.081,0.174,g
2458823.79650,2019-12-06.2969108,bE,1.47,16.874,>16.874,99.990,0.368,0.129,g
2458823.79777,2019-12-06.2981806,bE,1.56,16.925,>16.925,99.990,0.301,0.123,g
2458823.79904,2019-12-06.2994561,bE,1.52,16.875,>16.875,99.990,0.568,0.129,g
2458824.75162,2019-12-07.2520450,bi,1.35,16.281,>16.281,99.990,-0.038,0.223,g
2458824.75285,2019-12-07.2532725,bi,1.50,16.422,>16.422,99.990,-0.037,0.196,g
2458824.75408,2019-12-07.2545,bi,1.50,16.531,>16.531,99.990,-0.350,0.177,g
2458825.31720,2019-12-07.8176304,bm,1.51,16.205,>16.205,99.990,-0.256,0.239,g
2458825.31843,2019-12-07.8188564,bm,1.50,16.163,>16.163,99.990,-0.128,0.249,g
2458825.31967,2019-12-07.8200967,bm,1.46,16.162,>16.162,99.990,0.111,0.249,g
2458825.58519,2019-12-08.0856251,bi,1.44,16.060,>16.060,99.990,-0.059,0.274,g
2458825.58642,2019-12-08.0868538,bi,1.40,16.134,>16.134,99.990,0.314,0.256,g
2458825.58764,2019-12-08.0880709,bi,1.45,16.025,>16.025,99.990,0.023,0.282,g
2458826.31814,2019-12-08.8185787,bm,1.61,14.873,>14.873,99.990,1.742,0.817,g
2458826.31953,2019-12-08.8199655,bm,1.71,14.417,>14.417,99.990,1.701,1.243,g
2458826.32118,2019-12-08.8216162,bm,1.58,13.971,>13.971,99.990,-1.007,1.874,g
2458826.67306,2019-12-09.1735018,bi,1.36,16.084,>16.084,99.990,0.159,0.268,g
2458826.67427,2019-12-09.1747165,bi,1.40,16.199,>16.199,99.990,-0.307,0.241,g
2458826.67549,2019-12-09.1759310,bi,1.52,16.035,>16.035,99.990,0.590,0.280,g
2458826.83468,2019-12-09.3351238,bE,1.50,16.921,>16.921,99.990,0.395,0.124,g
2458826.84349,2019-12-09.3439396,bi,1.44,16.643,>16.643,99.990,-0.008,0.160,g
2458826.84472,2019-12-09.3451628,bi,1.46,16.584,>16.584,99.990,-0.073,0.169,g
2458826.84595,2019-12-09.3463947,bi,1.41,16.434,>16.434,99.990,-0.258,0.194,g
2458827.68170,2019-12-10.1821517,bE,1.48,16.162,>16.162,99.990,-0.378,0.249,g
2458827.68297,2019-12-10.1834202,bE,1.51,16.199,>16.199,99.990,0.534,0.241,g
2458827.68424,2019-12-10.1846939,bE,1.49,16.318,>16.318,99.990,0.354,0.216,g
2458828.79407,2019-12-11.2945353,bi,1.46,15.766,>15.766,99.990,0.440,0.359,g
2458828.84071,2019-12-11.3411673,bi,1.42,15.837,>15.837,99.990,0.463,0.336,g
2458828.84192,2019-12-11.3423901,bi,1.47,15.815,>15.815,99.990,0.136,0.343,g
2458829.32269,2019-12-11.8231467,bm,1.60,15.717,>15.717,99.990,0.426,0.375,g
2458829.32390,2019-12-11.8243577,bm,1.55,15.698,>15.698,99.990,-0.474,0.382,g
2458829.32511,2019-12-11.8255751,bm,1.50,15.594,>15.594,99.990,1.008,0.420,g
2458829.51969,2019-12-12.0201579,bm,1.55,15.622,>15.622,99.990,0.964,0.409,g
2458829.52091,2019-12-12.0213781,bm,1.59,15.589,>15.589,99.990,0.013,0.422,g
2458829.52213,2019-12-12.0225903,bm,1.55,15.713,>15.713,99.990,0.051,0.377,g
2458829.62802,2019-12-12.1284836,bi,1.57,15.572,>15.572,99.990,-0.427,0.429,g
2458830.76590,2019-12-13.2663703,bi,1.40,15.700,>15.700,99.990,0.655,0.381,g
2458830.76710,2019-12-13.2675819,bi,1.57,15.865,>15.865,99.990,0.501,0.328,g
2458830.76832,2019-12-13.2687998,bi,1.50,15.823,>15.823,99.990,-0.674,0.340,g
2458831.79690,2019-12-14.2973831,bi,1.42,16.116,>16.116,99.990,-0.250,0.260,g
2458831.79812,2019-12-14.2986049,bi,1.45,15.922,>15.922,99.990,-0.286,0.311,g
2458831.79935,2019-12-14.2998361,bi,1.47,15.979,>15.979,99.990,-0.105,0.295,g
2458832.68004,2019-12-15.1805296,bi,1.52,16.117,>16.117,99.990,0.223,0.260,g
2458832.68126,2019-12-15.1817491,bi,1.41,16.017,>16.017,99.990,0.358,0.285,g
2458832.68248,2019-12-15.1829697,bi,1.46,16.044,>16.044,99.990,0.008,0.278,g
2458833.32093,2019-12-15.8214259,bm,1.49,16.782,>16.782,99.990,0.197,0.141,g
2458833.32215,2019-12-15.8226454,bm,1.55,16.859,>16.859,99.990,0.364,0.131,g
2458833.32336,2019-12-15.8238603,bm,1.51,16.948,>16.948,99.990,0.370,0.121,g
2458833.55933,2019-12-16.0598228,bi,1.47,16.500,>16.500,99.990,0.162,0.182,g
2458833.56055,2019-12-16.0610515,bi,1.41,16.758,>16.758,99.990,0.169,0.144,g
2458833.56177,2019-12-16.0622719,bi,1.44,16.527,>16.527,99.990,0.044,0.178,g
2458833.80152,2019-12-16.3020224,bi,1.38,16.077,>16.077,99.990,-0.127,0.269,g
2458833.80274,2019-12-16.3032358,bi,1.45,16.035,>16.035,99.990,0.136,0.280,g
2458833.80396,2019-12-16.3044542,bi,1.50,15.966,>15.966,99.990,0.633,0.298,g
2458834.32154,2019-12-16.8220459,bm,1.45,16.804,>16.804,99.990,0.155,0.138,g
2458834.32276,2019-12-16.8232619,bm,1.50,17.007,>17.007,99.990,0.135,0.114,g
2458834.32397,2019-12-16.8244802,bm,1.50,16.796,>16.796,99.990,0.103,0.139,g
2458834.56455,2019-12-17.0650570,bi,1.46,16.652,>16.652,99.990,0.205,0.159,g
2458834.56577,2019-12-17.0662752,bi,1.46,16.667,>16.667,99.990,0.054,0.156,g
2458834.77541,2019-12-17.2759219,bi,1.40,16.299,>16.299,99.990,0.152,0.220,g
2458834.77663,2019-12-17.2771438,bi,1.44,16.274,>16.274,99.990,0.348,0.225,g
2458834.77785,2019-12-17.2783583,bi,1.45,16.331,>16.331,99.990,0.032,0.213,g
2458835.55635,2019-12-18.0568660,bi,1.50,16.751,>16.751,99.990,0.034,0.145,g
2458835.55758,2019-12-18.0580983,bi,1.42,16.882,>16.882,99.990,0.147,0.128,g
2458835.55881,2019-12-18.0593260,bi,1.44,16.717,>16.717,99.990,-0.053,0.149,g
2458835.76443,2019-12-18.2649532,bi,1.46,16.376,>16.376,99.990,0.418,0.204,g
2458835.76567,2019-12-18.2661874,bi,1.47,16.550,>16.550,99.990,-0.285,0.174,g
2458835.76689,2019-12-18.2674145,bi,1.41,16.343,>16.343,99.990,-0.224,0.211,g
2458836.74953,2019-12-19.2500584,bi,1.41,16.579,>16.579,99.990,0.194,0.170,g
2458836.75076,2019-12-19.2512790,bi,1.46,16.701,>16.701,99.990,0.127,0.152,g
2458836.75196,2019-12-19.2524940,bi,1.41,16.477,>16.477,99.990,-0.047,0.186,g
2458837.76042,2019-12-20.26095,bE,1.51,16.847,>16.847,99.990,0.102,0.133,g
2458837.76168,2019-12-20.2622131,bE,1.53,16.970,>16.970,99.990,0.339,0.118,g
2458837.76295,2019-12-20.2634788,bE,1.47,16.947,>16.947,99.990,0.105,0.121,g
2458838.54932,2019-12-21.0498569,bm,1.48,16.721,>16.721,99.990,0.088,0.149,g
2458838.73155,2019-12-21.2320998,bi,1.46,16.565,>16.565,99.990,0.155,0.172,g
2458838.73400,2019-12-21.2345366,bi,1.43,16.598,>16.598,99.990,0.282,0.167,g
2458839.32724,2019-12-21.8277827,bm,1.58,16.791,>16.791,99.990,-0.166,0.140,g
2458839.32845,2019-12-21.8289884,bm,1.56,16.904,>16.904,99.990,0.266,0.126,g
2458839.32968,2019-12-21.8302204,bm,1.56,16.871,>16.871,99.990,0.317,0.130,g
2458840.32366,2019-12-22.8242096,bm,1.49,16.938,>16.938,99.990,0.203,0.122,g
2458840.32488,2019-12-22.8254299,bm,1.59,16.712,>16.712,99.990,0.181,0.150,g
2458840.32611,2019-12-22.8266560,bm,1.48,16.240,>16.240,99.990,-0.084,0.232,g
2458840.71976,2019-12-23.2203040,bi,1.53,16.707,>16.707,99.990,-0.084,0.151,g
2458840.72096,2019-12-23.2215081,bi,1.51,16.647,>16.647,99.990,-0.013,0.159,g
2458840.72217,2019-12-23.2227166,bi,1.45,16.597,>16.597,99.990,0.426,0.167,g
2458841.72144,2019-12-24.2219983,bE,1.49,16.852,>16.852,99.990,0.119,0.132,g
2458841.72272,2019-12-24.2232817,bE,1.49,16.909,>16.909,99.990,0.155,0.125,g
2458841.72400,2019-12-24.2245615,bE,1.48,16.887,>16.887,99.990,0.484,0.128,g
2458842.33498,2019-12-24.8355458,bm,1.54,16.825,>16.825,99.990,0.031,0.135,g
2458842.33625,2019-12-24.8368186,bm,1.60,16.882,>16.882,99.990,0.048,0.128,g
2458842.33748,2019-12-24.8380393,bm,1.63,16.985,>16.985,99.990,0.336,0.117,g
2458842.66126,2019-12-25.1618241,bE,1.45,17.025,>17.025,99.990,0.056,0.112,g
2458842.66254,2019-12-25.1630982,bE,1.52,16.837,>16.837,99.990,0.010,0.134,g
2458842.66379,2019-12-25.1643604,bE,1.46,16.913,>16.913,99.990,0.224,0.125,g
2458843.63878,2019-12-26.1393525,bE,1.56,16.836,>16.836,99.990,0.166,0.134,g
2458843.64005,2019-12-26.1406263,bE,1.51,17.077,>17.077,99.990,0.029,0.107,g
2458843.64132,2019-12-26.1418996,bF,1.58,99.990,99.990,99.990,99.990,99.990,g
2458843.64133,2019-12-26.1418998,bE,1.55,16.933,>16.933,99.990,0.008,0.122,g
2458844.71289,2019-12-27.2134731,bE,1.52,16.844,>16.844,99.990,0.007,0.133,g
2458844.71416,2019-12-27.2147387,bE,1.48,16.874,>16.874,99.990,0.226,0.129,g
2458844.71542,2019-12-27.2159986,bE,1.50,16.911,>16.911,99.990,-0.066,0.125,g
2458846.74213,2019-12-29.2427150,bE,1.48,16.950,>16.950,99.990,0.047,0.121,g
2458846.74341,2019-12-29.2440042,bE,1.49,16.923,>16.923,99.990,0.339,0.124,g
2458846.74471,2019-12-29.2453004,bE,1.48,16.866,>16.866,99.990,0.218,0.130,g
2458847.32624,2019-12-29.8268283,bm,2.10,16.797,>16.797,99.990,0.330,0.139,g
2458847.32744,2019-12-29.8280342,bm,2.09,16.828,>16.828,99.990,0.079,0.135,g
2458847.32865,2019-12-29.8292410,bm,1.59,16.812,>16.812,99.990,-0.083,0.137,g
2458847.71086,2019-12-30.2114530,bi,1.43,16.660,>16.660,99.990,0.429,0.157,g
2458847.71208,2019-12-30.2126781,bi,1.37,16.668,>16.668,99.990,0.235,0.156,g
2458847.71330,2019-12-30.2138937,bi,1.42,16.811,>16.811,99.990,0.280,0.137,g
2458849.32650,2019-12-31.8271050,bm,1.48,16.713,>16.713,99.990,0.003,0.150,g
2458849.32773,2019-12-31.8283270,bm,1.56,16.671,>16.671,99.990,0.055,0.156,g
2458849.32894,2019-12-31.8295456,bm,1.46,16.814,>16.814,99.990,0.067,0.137,g
2458849.76467,2020-01-01.2652681,bi,1.41,16.702,>16.702,99.990,0.228,0.151,g
2458849.76589,2020-01-01.2664888,bi,1.46,16.591,>16.591,99.990,0.127,0.168,g
2458849.76709,2020-01-01.2677021,bi,1.43,16.480,>16.480,99.990,0.324,0.186,g
2458850.77275,2020-01-02.2733609,bE,1.41,16.752,>16.752,99.990,0.260,0.145,g
2458850.77402,2020-01-02.2746285,bE,1.45,16.786,>16.786,99.990,0.406,0.140,g
2458850.77529,2020-01-02.2758925,bE,1.57,16.765,>16.765,99.990,0.273,0.143,g
2458851.33753,2020-01-02.8381386,bm,1.49,16.439,>16.439,99.990,0.033,0.193,g
2458851.33876,2020-01-02.8393678,bm,1.49,16.569,>16.569,99.990,0.244,0.171,g
2458851.33999,2020-01-02.8405951,bm,1.48,16.511,>16.511,99.990,0.246,0.181,g
2458852.41612,2020-01-03.9167431,bm,1.55,16.434,>16.434,99.990,0.794,0.194,g
2458852.41734,2020-01-03.9179605,bm,1.55,16.563,>16.563,99.990,0.057,0.172,g
2458852.41856,2020-01-03.9191755,bm,1.55,16.457,>16.457,99.990,-0.252,0.190,g
2458852.56816,2020-01-04.0687739,bi,1.39,16.491,>16.491,99.990,-0.122,0.184,g
2458852.57059,2020-01-04.0712061,bi,1.45,16.402,>16.402,99.990,0.069,0.200,g
2458852.78367,2020-01-04.2842840,bi,1.40,16.447,>16.447,99.990,-0.081,0.192,g
2458852.78488,2020-01-04.2854988,bi,1.43,16.708,>16.708,99.990,0.221,0.151,g
2458852.78611,2020-01-04.286725,bi,1.45,16.405,>16.405,99.990,0.665,0.199,g
2458853.57948,2020-01-05.0801,bi,1.39,16.376,>16.376,99.990,0.007,0.204,g
2458853.58071,2020-01-05.0813247,bi,1.39,16.321,>16.321,99.990,0.600,0.215,g
2458853.58192,2020-01-05.0825449,bi,1.43,16.359,>16.359,99.990,0.075,0.208,g
2458853.81086,2020-01-05.3114871,bE,1.46,16.910,>16.910,99.990,0.040,0.125,g
2458853.81214,2020-01-05.3127662,bE,1.47,16.774,>16.774,99.990,0.154,0.142,g
2458853.81342,2020-01-05.3140458,bE,1.49,16.635,>16.635,99.990,0.281,0.161,g
2458854.76131,2020-01-06.2619326,bi,1.44,16.157,>16.157,99.990,0.098,0.250,g
2458854.76253,2020-01-06.2631555,bi,1.46,16.249,>16.249,99.990,0.111,0.230,g
2458854.76375,2020-01-06.2643781,bi,1.50,16.301,>16.301,99.990,0.089,0.219,g
2458855.33844,2020-01-06.8390736,bm,1.51,14.899,>14.899,99.990,-2.011,0.798,g
2458855.33966,2020-01-06.8402912,bm,1.52,16.167,>16.167,99.990,-0.161,0.248,g
2458855.34087,2020-01-06.8414998,bm,1.54,16.047,>16.047,99.990,0.151,0.277,g
2458855.63171,2020-01-07.1323457,bi,1.41,15.736,>15.736,99.990,0.167,0.369,g
2458855.63293,2020-01-07.1335651,bi,1.42,15.700,>15.700,99.990,0.289,0.381,g
2458855.80322,2020-01-07.3038543,bE,1.48,16.646,>16.646,99.990,0.310,0.159,g
2458855.80449,2020-01-07.3051269,bE,1.45,16.567,>16.567,99.990,0.266,0.172,g
2458855.80577,2020-01-07.3064034,bE,1.44,16.738,>16.738,99.990,0.175,0.146,g
2458856.33380,2020-01-07.8344332,bm,1.51,16.127,>16.127,99.990,0.102,0.257,g
2458856.33502,2020-01-07.8356516,bm,1.57,16.261,>16.261,99.990,0.291,0.227,g
2458856.33632,2020-01-07.8369471,bm,1.50,16.041,>16.041,99.990,-0.222,0.278,g
2458856.53085,2020-01-08.0314813,bi,2.05,15.223,>15.223,99.990,-0.050,0.591,g
2458856.53206,2020-01-08.0326984,bi,2.05,15.287,>15.287,99.990,-1.136,0.557,g
2458856.53328,2020-01-08.0339153,bi,2.01,15.339,>15.339,99.990,0.037,0.532,g
2458856.80166,2020-01-08.3023033,bE,1.48,16.015,>16.015,99.990,0.597,0.285,g
2458857.32802,2020-01-08.8286564,bm,1.50,15.915,>15.915,99.990,-0.547,0.313,g
2458857.32925,2020-01-08.8298804,bm,1.55,15.962,>15.962,99.990,-0.536,0.300,g
2458857.33049,2020-01-08.8311259,bm,1.51,15.809,>15.809,99.990,0.377,0.345,g
2458857.79495,2020-01-09.2955839,bi,1.48,15.742,>15.742,99.990,0.148,0.367,g
2458857.79616,2020-01-09.2968045,bi,1.44,15.765,>15.765,99.990,-0.151,0.359,g
2458857.79738,2020-01-09.2980226,bi,1.41,15.821,>15.821,99.990,-0.040,0.341,g
2458858.32585,2020-01-09.8264993,bm,1.47,15.296,>15.296,99.990,0.707,0.553,g
2458858.32706,2020-01-09.8277078,bm,1.52,15.520,>15.520,99.990,0.216,0.450,g
2458858.32829,2020-01-09.8289391,bm,1.65,15.652,>15.652,99.990,0.266,0.398,g
2458858.75647,2020-01-10.2571137,bi,1.60,15.682,>15.682,99.990,0.336,0.388,g
2458858.75769,2020-01-10.2583276,bi,1.53,15.626,>15.626,99.990,0.416,0.408,g
2458859.32583,2020-01-10.8264737,bm,1.51,15.798,>15.798,99.990,-0.569,0.348,g
2458859.32704,2020-01-10.8276841,bm,1.52,15.777,>15.777,99.990,0.098,0.355,g
2458859.32826,2020-01-10.8289,bm,1.54,15.796,>15.796,99.990,-0.188,0.349,g
2458859.66346,2020-01-11.1641063,bE,1.53,15.242,>15.242,99.990,0.339,0.581,g
2458859.66483,2020-01-11.1654796,bE,1.67,15.836,>15.836,99.990,0.020,0.336,g
2458859.66614,2020-01-11.1667883,bE,1.49,15.700,>15.700,99.990,0.183,0.381,g
2458860.33008,2020-01-11.8307244,bm,1.46,15.858,>15.858,99.990,0.642,0.329,g
2458860.33130,2020-01-11.8319414,bm,1.56,15.945,>15.945,99.990,0.402,0.304,g
2458860.33252,2020-01-11.8331599,bm,1.55,15.900,>15.900,99.990,-0.233,0.317,g
2458860.38982,2020-01-11.8904616,bm,1.50,15.747,>15.747,99.990,-0.099,0.365,g
2458860.39103,2020-01-11.8916775,bm,1.52,15.811,>15.811,99.990,-0.189,0.344,g
2458860.39225,2020-01-11.8928944,bm,1.56,15.830,>15.830,99.990,-0.495,0.338,g
2458860.51017,2020-01-12.0108197,bm,1.51,15.667,>15.667,99.990,-0.479,0.393,g
2458860.59417,2020-01-12.0948138,bi,1.48,15.836,>15.836,99.990,0.024,0.336,g
2458860.59540,2020-01-12.0960417,bi,1.46,15.805,>15.805,99.990,-0.581,0.346,g
2458860.59661,2020-01-12.0972597,bi,1.53,16.038,>16.038,99.990,-0.472,0.279,g
2458860.78842,2020-01-12.2890670,bE,1.44,15.878,>15.878,99.990,0.079,0.323,g
2458860.78968,2020-01-12.2903314,bE,1.46,15.818,>15.818,99.990,-0.298,0.342,g
2458860.79098,2020-01-12.2916267,bE,1.57,15.789,>15.789,99.990,-0.399,0.351,g
2458861.32563,2020-01-12.8262815,bm,1.52,16.243,>16.243,99.990,0.071,0.231,g
2458861.32683,2020-01-12.8274868,bm,1.51,16.262,>16.262,99.990,-0.120,0.227,g
2458861.32805,2020-01-12.8286991,bm,1.47,16.378,>16.378,99.990,0.025,0.204,g
2458861.61614,2020-01-13.1167928,bi,1.48,16.045,>16.045,99.990,-0.176,0.277,g
2458861.61859,2020-01-13.1192398,bi,1.51,16.018,>16.018,99.990,-0.146,0.284,g
2458861.78849,2020-01-13.2891387,bi,1.39,15.796,>15.796,99.990,-0.665,0.349,g
2458861.78970,2020-01-13.2903533,bi,1.47,15.984,>15.984,99.990,0.323,0.293,g
2458861.79092,2020-01-13.2915706,bi,1.41,15.863,>15.863,99.990,-0.274,0.328,g
2458862.60661,2020-01-14.1072732,bi,1.50,16.568,>16.568,99.990,0.029,0.171,g
2458862.60907,2020-01-14.1097193,bi,1.48,16.478,>16.478,99.990,0.029,0.186,g
2458862.78311,2020-01-14.2837635,bi,1.43,15.876,>15.876,99.990,-0.706,0.324,g
2458862.78433,2020-01-14.2849810,bi,1.45,15.903,>15.903,99.990,-0.225,0.316,g
2458862.78555,2020-01-14.2862011,bi,1.49,15.811,>15.811,99.990,-0.641,0.344,g
2458863.33156,2020-01-14.8322168,bm,1.46,16.866,>16.866,99.990,-0.077,0.130,g
2458863.33279,2020-01-14.8334408,bm,1.53,16.630,>16.630,99.990,0.019,0.162,g
2458863.33401,2020-01-14.8346635,bm,1.53,16.662,>16.662,99.990,-0.052,0.157,g
2458863.51791,2020-01-15.0185638,bm,1.56,16.114,>16.114,99.990,0.575,0.260,g
2458863.51916,2020-01-15.0198125,bm,1.63,16.019,>16.019,99.990,0.052,0.284,g
2458863.58441,2020-01-15.0850650,bF,1.60,99.990,99.990,99.990,99.990,99.990,g
2458863.58441,2020-01-15.0850646,bE,1.55,16.880,>16.880,99.990,0.010,0.129,g
2458863.58567,2020-01-15.0863314,bE,1.48,16.779,>16.779,99.990,0.004,0.141,g
2458863.58694,2020-01-15.0875946,bF,1.59,99.990,99.990,99.990,99.990,99.990,g
2458863.58694,2020-01-15.0875938,bE,1.47,16.773,>16.773,99.990,0.314,0.142,g
2458863.77651,2020-01-15.2771697,bi,1.44,16.096,>16.096,99.990,-0.226,0.265,g
2458863.77773,2020-01-15.2783915,bi,1.38,15.970,>15.970,99.990,0.095,0.297,g
2458863.77896,2020-01-15.2796186,bj,1.61,15.646,>15.646,99.990,1.089,0.401,g
2458863.77896,2020-01-15.2796179,bi,1.38,16.091,>16.091,99.990,0.399,0.266,g
2458864.59973,2020-01-16.1003890,bE,1.53,17.006,>17.006,99.990,0.279,0.115,g
2458864.60099,2020-01-16.1016565,bE,1.53,16.781,>16.781,99.990,0.393,0.141,g
2458864.60226,2020-01-16.1029187,bE,1.56,16.743,>16.743,99.990,0.012,0.146,g
2458864.78288,2020-01-16.2835398,bE,1.49,16.441,>16.441,99.990,0.246,0.193,g
2458864.78417,2020-01-16.2848223,bE,1.44,16.384,>16.384,99.990,0.097,0.203,g
2458864.78546,2020-01-16.2861163,bE,1.43,16.355,>16.355,99.990,0.014,0.208,g
2458865.56845,2020-01-17.0691152,bE,1.61,15.878,>15.878,99.990,-0.589,0.323,g
2458865.56975,2020-01-17.0704065,bE,1.62,15.687,>15.687,99.990,0.856,0.386,g
2458865.57101,2020-01-17.0716737,bE,1.63,15.522,>15.522,99.990,-0.038,0.449,g
2458866.58931,2020-01-18.0899737,bi,1.49,16.521,>16.521,99.990,-0.241,0.179,g
2458866.59054,2020-01-18.0912030,bi,1.47,16.532,>16.532,99.990,0.091,0.177,g
2458866.59177,2020-01-18.0924293,bi,1.52,16.574,>16.574,99.990,-0.060,0.170,g
2458867.57421,2020-01-19.0748789,bi,1.44,15.490,>15.490,99.990,-0.075,0.462,g
2458867.57543,2020-01-19.0760995,bi,1.41,15.731,>15.731,99.990,-0.154,0.370,g
2458867.57666,2020-01-19.0773285,bi,1.43,15.100,>15.100,99.990,-1.343,0.663,g
2458868.76462,2020-01-20.2652937,bi,1.42,16.429,>16.429,99.990,0.075,0.195,g
2458868.76584,2020-01-20.2665097,bi,1.39,16.489,>16.489,99.990,-0.354,0.184,g
2458868.76706,2020-01-20.2677322,bi,1.42,16.446,>16.446,99.990,0.260,0.192,g
2458869.76062,2020-01-21.2612883,bi,1.35,16.488,>16.488,99.990,0.138,0.184,g
2458869.76185,2020-01-21.2625148,bi,1.37,16.490,>16.490,99.990,0.289,0.184,g
2458869.76307,2020-01-21.2637399,bi,1.46,16.601,>16.601,99.990,0.361,0.166,g
2458870.76148,2020-01-22.2621465,bi,1.37,16.234,>16.234,99.990,-0.137,0.233,g
2458870.76270,2020-01-22.2633708,bi,1.45,16.275,>16.275,99.990,0.440,0.224,g
2458870.76393,2020-01-22.2645950,bi,1.41,16.306,>16.306,99.990,0.168,0.218,g
2458871.76105,2020-01-23.2617194,bi,1.45,16.396,>16.396,99.990,-0.210,0.201,g
2458871.76227,2020-01-23.2629365,bi,1.38,16.376,>16.376,99.990,-0.122,0.204,g
2458871.76227,2020-01-23.2629376,bj,1.60,15.904,>15.904,99.990,-0.403,0.316,g
2458871.76349,2020-01-23.2641628,bi,1.39,16.351,>16.351,99.990,0.216,0.209,g
2458875.74298,2020-01-27.2436430,bi,1.41,16.385,>16.385,99.990,0.134,0.203,g
2458875.74420,2020-01-27.2448673,bi,1.36,16.398,>16.398,99.990,0.376,0.200,g
2458875.74543,2020-01-27.2460947,bi,1.41,16.310,>16.310,99.990,0.037,0.217,g
2458877.74957,2020-01-29.2502406,bi,1.37,15.888,>15.888,99.990,-0.264,0.320,g
2458877.75078,2020-01-29.2514616,bi,1.44,16.000,>16.000,99.990,0.363,0.289,g
2458877.75200,2020-01-29.2526766,bi,1.43,16.003,>16.003,99.990,-0.052,0.288,g
2458878.73608,2020-01-30.2367468,bi,1.35,16.339,>16.339,99.990,0.230,0.212,g
2458878.73730,2020-01-30.2379667,bi,1.45,16.377,>16.377,99.990,-0.041,0.204,g
2458879.73065,2020-01-31.2313192,bi,1.41,16.427,>16.427,99.990,-0.099,0.195,g
2458879.73188,2020-01-31.2325462,bi,1.45,16.496,>16.496,99.990,0.085,0.183,g
2458879.73310,2020-01-31.2337716,bi,1.45,16.423,>16.423,99.990,-0.037,0.196,g
2458880.73902,2020-02-01.2396922,bE,1.45,16.728,>16.728,99.990,0.197,0.148,g
2458880.74032,2020-02-01.2409848,bE,1.47,16.714,>16.714,99.990,0.176,0.150,g
2458880.74159,2020-02-01.2422598,bE,1.52,16.712,>16.712,99.990,0.195,0.150,g
2458881.72525,2020-02-02.2259204,bi,1.35,16.640,>16.640,99.990,0.106,0.160,g
2458881.72648,2020-02-02.2271483,bi,1.40,16.591,>16.591,99.990,0.520,0.168,g
2458881.72771,2020-02-02.2283770,bi,1.44,16.599,>16.599,99.990,0.145,0.167,g
2458882.72144,2020-02-03.2221019,bi,1.56,16.537,>16.537,99.990,-0.158,0.176,g
2458882.72266,2020-02-03.2233224,bi,1.49,16.670,>16.670,99.990,-0.057,0.156,g
2458882.72389,2020-02-03.2245524,bi,1.43,16.423,>16.423,99.990,0.249,0.196,g
2458883.72066,2020-02-04.2213237,bi,1.40,16.507,>16.507,99.990,-0.138,0.181,g
2458883.72188,2020-02-04.2225445,bi,1.46,16.457,>16.457,99.990,-0.061,0.190,g
2458883.72310,2020-02-04.2237607,bi,1.44,16.487,>16.487,99.990,0.156,0.185,g
2458884.71656,2020-02-05.2172243,bi,1.44,16.082,>16.082,99.990,0.369,0.268,g
2458884.71778,2020-02-05.2184414,bi,1.49,16.154,>16.154,99.990,-0.049,0.251,g
2458884.71901,2020-02-05.2196692,bi,1.50,16.169,>16.169,99.990,0.003,0.247,g
2458885.72460,2020-02-06.2252531,bE,1.51,16.175,>16.175,99.990,-0.209,0.246,g
2458885.72588,2020-02-06.2265348,bE,1.51,16.171,>16.171,99.990,0.005,0.247,g
2458885.72715,2020-02-06.2278114,bE,1.45,16.131,>16.131,99.990,0.381,0.256,g
2458886.71156,2020-02-07.2122219,bi,1.41,15.851,>15.851,99.990,0.755,0.331,g
2458886.71402,2020-02-07.2146857,bi,1.49,15.699,>15.699,99.990,0.185,0.381,g
2458887.70780,2020-02-08.2084533,bi,1.51,15.703,>15.703,99.990,-0.489,0.380,g
2458887.70904,2020-02-08.2096877,bi,1.52,15.600,>15.600,99.990,0.317,0.418,g
2458887.71027,2020-02-08.2109192,bi,1.42,15.923,>15.923,99.990,0.021,0.310,g
2458888.70328,2020-02-09.2039259,bi,1.42,15.574,>15.574,99.990,0.075,0.428,g
2458888.70450,2020-02-09.2051489,bi,1.46,15.376,>15.376,99.990,0.612,0.514,g
2458888.70572,2020-02-09.2063696,bi,1.44,15.442,>15.442,99.990,0.392,0.483,g
2458889.70302,2020-02-10.2036607,bi,1.46,15.388,>15.388,99.990,-0.427,0.508,g
2458889.70423,2020-02-10.2048781,bi,1.53,15.480,>15.480,99.990,-0.177,0.467,g
2458889.70544,2020-02-10.2060947,bi,1.55,15.486,>15.486,99.990,-0.742,0.464,g
2458890.70155,2020-02-11.2021936,bi,1.45,15.616,>15.616,99.990,0.643,0.412,g
2458890.70277,2020-02-11.2034119,bi,1.44,15.698,>15.698,99.990,0.480,0.382,g
2458890.70399,2020-02-11.2046407,bi,1.40,15.762,>15.762,99.990,0.724,0.360,g
2458891.69692,2020-02-12.1975677,bi,1.47,15.575,>15.575,99.990,0.199,0.427,g
2458891.69815,2020-02-12.1987896,bi,1.47,15.388,>15.388,99.990,-0.629,0.508,g
2458891.69938,2020-02-12.2000172,bi,1.54,15.257,>15.257,99.990,0.122,0.573,g
2458892.70473,2020-02-13.2053644,bi,1.39,15.994,>15.994,99.990,0.029,0.291,g
2458892.70595,2020-02-13.2065850,bi,1.46,15.863,>15.863,99.990,-0.133,0.328,g
2458892.70717,2020-02-13.2078128,bi,1.46,15.953,>15.953,99.990,-0.149,0.302,g
2458893.68815,2020-02-14.1887827,bi,1.43,16.196,>16.196,99.990,-0.002,0.241,g
2458893.68937,2020-02-14.1900057,bi,1.41,16.274,>16.274,99.990,0.653,0.225,g
2458893.69060,2020-02-14.1912348,bi,1.48,16.090,>16.090,99.990,0.053,0.266,g
2458894.68777,2020-02-15.1884006,bi,1.41,16.192,>16.192,99.990,0.085,0.242,g
2458894.68899,2020-02-15.1896156,bi,1.37,16.219,>16.219,99.990,-0.025,0.236,g
2458894.69021,2020-02-15.1908454,bi,1.44,16.262,>16.262,99.990,-0.102,0.227,g
2458897.67848,2020-02-18.1790908,bi,1.43,16.641,>16.641,99.990,0.055,0.160,g
2458897.67971,2020-02-18.1803206,bi,1.46,16.573,>16.573,99.990,-0.296,0.171,g
2458897.68092,2020-02-18.1815400,bi,1.44,16.555,>16.555,99.990,0.267,0.173,g
2458898.28445,2020-02-18.7850688,bm,1.96,16.699,>16.699,99.990,0.205,0.152,g
2458898.28567,2020-02-18.7862812,bm,1.97,16.612,16.520,0.201,0.895,0.165,g
2458898.28688,2020-02-18.7874982,bm,1.68,16.575,>16.575,99.990,0.479,0.170,g
2458898.52015,2020-02-19.0207596,bi,1.51,16.373,>16.373,99.990,-0.313,0.205,g
2458898.52137,2020-02-19.0219807,bi,1.55,16.493,>16.493,99.990,-0.052,0.184,g
2458898.52259,2020-02-19.0232062,bi,1.49,16.583,>16.583,99.990,0.192,0.169,g
2458898.61582,2020-02-19.1164329,bE,1.47,16.823,>16.823,99.990,0.112,0.135,g
2458898.61709,2020-02-19.1177027,bE,1.55,16.902,>16.902,99.990,0.150,0.126,g
2458898.61837,2020-02-19.1189788,bE,1.48,16.762,>16.762,99.990,0.111,0.143,g
2458898.64909,2020-02-19.1497019,bi,1.41,16.643,>16.643,99.990,0.133,0.160,g
2458898.65031,2020-02-19.1509215,bi,1.46,16.592,>16.592,99.990,0.429,0.168,g
2458898.65154,2020-02-19.1521515,bi,1.41,16.471,>16.471,99.990,0.192,0.187,g
2458899.51572,2020-02-20.0163296,bi,1.55,16.077,>16.077,99.990,-0.424,0.269,g
2458899.51694,2020-02-20.0175502,bi,1.50,16.437,>16.437,99.990,0.039,0.193,g
2458899.51817,2020-02-20.0187814,bi,1.53,16.371,>16.371,99.990,-0.319,0.206,g
2458903.27021,2020-02-23.7708040,bm,1.54,16.714,>16.714,99.990,0.194,0.150,g
2458903.27142,2020-02-23.7720141,bm,1.50,99.990,99.990,99.990,99.990,99.990,g
2458903.27266,2020-02-23.7732510,bm,1.49,16.771,>16.771,99.990,-0.100,0.142,g
2458903.44515,2020-02-23.9457380,bm,1.61,16.703,>16.703,99.990,0.278,0.151,g
2458903.44637,2020-02-23.9469586,bm,1.59,16.759,>16.759,99.990,0.146,0.144,g
2458903.44759,2020-02-23.9481771,bm,1.63,16.668,>16.668,99.990,-0.021,0.156,g
2458903.63729,2020-02-24.1378805,bE,1.49,16.766,>16.766,99.990,0.264,0.143,g
2458903.63856,2020-02-24.1391505,bE,1.42,16.701,>16.701,99.990,-0.051,0.152,g
2458903.63984,2020-02-24.1404217,bE,1.44,16.834,>16.834,99.990,0.015,0.134,g
2458904.27322,2020-02-24.7738003,bm,2.06,99.990,99.990,99.990,99.990,99.990,g
2458904.27444,2020-02-24.7750224,bm,2.07,99.990,99.990,99.990,99.990,99.990,g
2458904.27566,2020-02-24.7762430,bm,2.06,16.837,>16.837,99.990,0.225,0.134,g
2458904.44584,2020-02-24.9464256,bm,2.05,16.862,>16.862,99.990,0.361,0.131,g
2458904.60215,2020-02-25.1027295,bE,1.50,16.727,>16.727,99.990,0.302,0.148,g
2458904.60342,2020-02-25.1040006,bE,1.47,16.919,>16.919,99.990,0.026,0.124,g
2458904.60469,2020-02-25.1052738,bE,1.53,16.893,>16.893,99.990,-0.067,0.127,g
2458905.25945,2020-02-25.7600296,bm,2.20,16.148,>16.148,99.990,-0.063,0.252,g
2458905.26070,2020-02-25.7612762,bm,2.16,16.317,>16.317,99.990,0.320,0.216,g
2458905.26200,2020-02-25.7625803,bm,1.63,16.321,>16.321,99.990,-0.070,0.215,g
2458905.51630,2020-02-26.0168728,bi,1.51,16.700,>16.700,99.990,0.231,0.152,g
2458905.51751,2020-02-26.0180947,bi,1.50,16.557,>16.557,99.990,0.406,0.173,g
2458905.51873,2020-02-26.0193128,bi,1.45,16.430,>16.430,99.990,0.125,0.195,g
2458906.26443,2020-02-26.7649980,bm,1.53,99.990,99.990,99.990,99.990,99.990,g
2458908.26301,2020-02-28.7635665,bm,1.51,99.990,99.990,99.990,99.990,99.990,g
2458908.26428,2020-02-28.7648353,bm,1.58,99.990,99.990,99.990,99.990,99.990,g
2458908.26549,2020-02-28.7660523,bm,1.51,16.674,>16.674,99.990,-0.032,0.155,g
2458908.51296,2020-02-29.0135153,bi,2.26,16.326,>16.326,99.990,-0.491,0.214,g
2458908.51418,2020-02-29.0147337,bi,2.25,16.381,>16.381,99.990,0.334,0.204,g
2458908.51541,2020-02-29.0159651,bi,2.21,16.410,>16.410,99.990,0.378,0.198,g
2458909.26676,2020-02-29.7673137,bm,1.64,16.745,>16.745,99.990,-0.013,0.146,g
2458909.26799,2020-02-29.7685435,bm,1.94,16.693,>16.693,99.990,-0.272,0.153,g
2458909.26921,2020-02-29.7697582,bm,1.68,16.766,>16.766,99.990,0.072,0.143,g
2458909.39736,2020-02-29.8979084,bm,1.57,16.665,>16.665,99.990,0.138,0.157,g
2458909.39857,2020-02-29.8991246,bm,1.52,16.788,>16.788,99.990,0.247,0.140,g
2458909.39978,2020-02-29.9003302,bm,1.55,16.698,>16.698,99.990,0.129,0.152,g
2458909.65111,2020-03-01.1516616,bi,1.46,16.652,>16.652,99.990,0.097,0.159,g
2458909.65233,2020-03-01.1528813,bi,1.43,16.702,>16.702,99.990,0.374,0.152,g
2458909.65357,2020-03-01.1541165,bi,1.44,16.562,>16.562,99.990,0.133,0.172,g
2458910.30892,2020-03-01.8094583,bm,2.01,16.605,>16.605,99.990,0.028,0.166,g
2458910.31013,2020-03-01.8106767,bm,1.96,16.510,>16.510,99.990,-0.078,0.181,g
2458910.31138,2020-03-01.8119218,bm,1.96,16.562,>16.562,99.990,0.110,0.172,g
2458910.66387,2020-03-02.1644091,bE,1.46,16.740,>16.740,99.990,-0.057,0.146,g
2458910.66516,2020-03-02.1657009,bE,1.49,16.791,>16.791,99.990,0.201,0.140,g
2458910.66643,2020-03-02.1669774,bE,1.44,16.779,>16.779,99.990,0.124,0.141,g
2458911.25755,2020-03-02.7580853,bm,1.44,16.233,>16.233,99.990,0.040,0.233,g
2458911.25876,2020-03-02.7592956,bm,1.52,16.166,>16.166,99.990,-0.354,0.248,g
2458911.25997,2020-03-02.7605116,bm,1.46,16.467,>16.467,99.990,0.026,0.188,g
2458911.40738,2020-03-02.9079140,bm,1.46,16.470,>16.470,99.990,0.085,0.187,g
2458911.40860,2020-03-02.9091344,bm,1.47,16.712,>16.712,99.990,0.112,0.150,g
2458911.40981,2020-03-02.9103494,bm,1.58,99.990,99.990,99.990,99.990,99.990,g
2458911.60056,2020-03-03.1010960,bE,1.54,16.740,>16.740,99.990,0.188,0.146,g
2458911.60184,2020-03-03.1023770,bE,1.49,16.613,>16.613,99.990,0.090,0.164,g
2458911.60311,2020-03-03.1036501,bE,1.53,16.649,>16.649,99.990,-0.050,0.159,g
2458912.33869,2020-03-03.8392162,bm,1.56,16.323,>16.323,99.990,-0.407,0.215,g
2458912.33990,2020-03-03.8404324,bm,1.47,16.319,>16.319,99.990,0.432,0.216,g
2458912.34112,2020-03-03.8416506,bm,1.50,16.370,>16.370,99.990,0.199,0.206,g
2458912.50950,2020-03-04.0100344,bE,1.48,16.668,>16.668,99.990,-0.121,0.156,g
2458912.51078,2020-03-04.0113072,bE,1.45,16.525,>16.525,99.990,0.315,0.178,g
2458912.51205,2020-03-04.0125866,bE,1.48,16.399,>16.399,99.990,0.063,0.200,g
2458914.61314,2020-03-06.1136584,bE,1.53,16.031,>16.031,99.990,0.258,0.281,g
2458914.61442,2020-03-06.1149373,bE,1.59,16.102,>16.102,99.990,0.487,0.263,g
2458914.61569,2020-03-06.1162055,bE,1.46,16.010,>16.010,99.990,-0.065,0.286,g
2458915.25398,2020-03-06.7544873,bm,1.75,15.502,>15.502,99.990,-0.258,0.457,g
2458915.25519,2020-03-06.7557023,bm,1.73,15.545,>15.545,99.990,0.681,0.440,g
2458915.25640,2020-03-06.7569103,bm,1.67,15.523,>15.523,99.990,-0.069,0.449,g
2458915.39216,2020-03-06.8926648,bm,1.56,14.979,>14.979,99.990,-0.507,0.740,g
2458915.49909,2020-03-06.9996005,bE,1.59,15.751,>15.751,99.990,0.106,0.363,g
2458915.50037,2020-03-07.0008832,bE,1.54,15.799,>15.799,99.990,0.764,0.348,g
2458915.50165,2020-03-07.0021590,bE,1.49,15.962,>15.962,99.990,0.082,0.299,g
2458918.24758,2020-03-09.7480664,bm,2.05,14.864,>14.864,99.990,0.788,0.823,g
2458918.50780,2020-03-10.0082818,bi,2.29,15.606,>15.606,99.990,-0.228,0.416,g
2458918.50903,2020-03-10.0095105,bi,2.23,15.614,>15.614,99.990,0.122,0.413,g
2458918.51024,2020-03-10.0107309,bi,2.23,15.660,>15.660,99.990,0.328,0.395,g
2458919.29569,2020-03-10.7961674,bm,1.56,15.889,>15.889,99.990,0.232,0.320,g
2458919.29691,2020-03-10.7973836,bm,1.58,15.749,>15.749,99.990,-0.084,0.364,g
2458919.29812,2020-03-10.7985951,bm,1.54,15.929,>15.929,99.990,0.193,0.309,g
2458919.50321,2020-03-11.0036843,bi,2.28,16.263,>16.263,99.990,-0.364,0.227,g
2458919.50444,2020-03-11.0049096,bi,2.26,16.281,>16.281,99.990,-0.068,0.223,g
2458919.50566,2020-03-11.0061384,bi,2.19,16.269,>16.269,99.990,-0.132,0.226,g
2458919.58957,2020-03-11.0900418,bi,1.41,15.649,>15.649,99.990,-0.379,0.399,g
2458919.59079,2020-03-11.0912687,bi,1.48,15.611,>15.611,99.990,0.206,0.414,g
2458919.59202,2020-03-11.0924958,bi,1.44,15.719,>15.719,99.990,-0.238,0.375,g
2458920.50237,2020-03-12.0028347,bi,1.48,16.252,>16.252,99.990,-0.181,0.229,g
2458920.50360,2020-03-12.0040700,bi,1.41,16.321,>16.321,99.990,0.043,0.215,g
2458920.50482,2020-03-12.0052909,bi,1.55,16.472,>16.472,99.990,0.590,0.187,g
2458921.26678,2020-03-12.7672390,bm,1.56,16.853,>16.853,99.990,0.291,0.132,g
2458921.26800,2020-03-12.7684570,bm,1.65,16.745,>16.745,99.990,0.337,0.146,g
2458921.49795,2020-03-12.9984086,bE,2.18,16.335,>16.335,99.990,0.452,0.212,g
2458921.49922,2020-03-12.9996768,bE,2.17,16.341,>16.341,99.990,-0.003,0.211,g
2458921.50050,2020-03-13.0009626,bE,2.16,16.576,>16.576,99.990,0.594,0.170,g
2458922.24390,2020-03-13.7443545,bm,2.11,15.996,>15.996,99.990,0.554,0.290,g
2458922.24512,2020-03-13.7455766,bm,2.10,16.310,>16.310,99.990,0.426,0.217,g
2458922.24637,2020-03-13.7468258,bm,2.08,16.408,>16.408,99.990,0.059,0.199,g
2458922.37982,2020-03-13.8802694,bm,1.51,16.200,>16.200,99.990,0.376,0.240,g
2458922.38103,2020-03-13.8814762,bm,1.49,16.235,>16.235,99.990,0.258,0.233,g
2458923.23925,2020-03-14.7396908,bm,1.56,15.651,>15.651,99.990,-0.246,0.399,g
2458923.24047,2020-03-14.7409187,bm,1.59,15.879,>15.879,99.990,0.475,0.323,g
2458923.24169,2020-03-14.7421365,bm,1.63,16.160,>16.160,99.990,0.013,0.250,g
2458923.37689,2020-03-14.8773346,bm,1.98,16.359,>16.359,99.990,-0.194,0.208,g
2458923.37811,2020-03-14.8785554,bm,1.65,99.990,99.990,99.990,99.990,99.990,g
2458923.37933,2020-03-14.8797717,bm,1.47,99.990,99.990,99.990,99.990,99.990,g
2458923.49228,2020-03-14.9927287,bi,2.47,14.097,>14.097,99.990,2.212,1.668,g
2458923.49352,2020-03-14.9939607,bi,2.50,14.870,>14.870,99.990,-0.355,0.818,g
2458923.56640,2020-03-15.0668427,bE,1.45,16.814,>16.814,99.990,-0.063,0.137,g
2458923.56768,2020-03-15.0681217,bE,1.50,16.742,>16.742,99.990,0.302,0.146,g
2458923.56896,2020-03-15.0693994,bE,1.52,16.902,>16.902,99.990,0.155,0.126,g
2458924.23845,2020-03-15.7388819,bm,1.53,15.514,>15.514,99.990,1.349,0.453,g
2458924.23970,2020-03-15.7401437,bm,1.62,14.817,>14.817,99.990,0.283,0.859,g
2458924.24111,2020-03-15.7415554,bm,1.59,16.084,>16.084,99.990,-0.069,0.268,g
2458924.49144,2020-03-15.9918673,bi,2.13,15.607,>15.607,99.990,0.494,0.415,g
2458924.49266,2020-03-15.9930928,bi,2.10,15.763,>15.763,99.990,-0.408,0.360,g
2458924.49388,2020-03-15.9943140,bi,2.07,15.741,>15.741,99.990,0.319,0.367,g
2458924.56549,2020-03-16.0659219,bE,1.59,17.087,>17.087,99.990,0.169,0.106,g
2458924.56679,2020-03-16.0672225,bE,1.55,16.832,>16.832,99.990,-0.008,0.134,g
2458924.56805,2020-03-16.0684865,bE,1.58,16.741,>16.741,99.990,0.370,0.146,g
2458925.23740,2020-03-16.7378217,bm,2.01,15.571,>15.571,99.990,-0.637,0.429,g
2458925.23861,2020-03-16.7390424,bm,1.59,15.713,>15.713,99.990,0.537,0.377,g
2458925.23984,2020-03-16.7402701,bm,1.51,16.026,>16.026,99.990,-0.259,0.282,g
2458926.24533,2020-03-17.7457476,bm,2.09,16.552,>16.552,99.990,-0.021,0.174,g
2458926.24658,2020-03-17.7469950,bm,2.07,16.583,>16.583,99.990,0.485,0.169,g
2458927.23557,2020-03-18.7359887,bm,2.11,15.657,>15.657,99.990,-0.185,0.397,g
2458927.23680,2020-03-18.7372093,bm,2.05,15.936,>15.936,99.990,0.445,0.307,g
2458927.23801,2020-03-18.7384230,bm,2.05,15.940,>15.940,99.990,0.380,0.306,g
2458927.37360,2020-03-18.8740119,bm,1.56,16.698,>16.698,99.990,0.122,0.152,g
2458927.37482,2020-03-18.8752266,bm,1.59,16.623,>16.623,99.990,0.334,0.163,g
2458927.37604,2020-03-18.8764540,bm,1.56,16.580,>16.580,99.990,0.194,0.169,g
2458928.23868,2020-03-19.7390820,bm,2.20,16.227,>16.227,99.990,0.525,0.235,g
2458928.23990,2020-03-19.7403015,bm,2.12,16.197,>16.197,99.990,-0.123,0.241,g
2458928.24112,2020-03-19.7415196,bm,2.17,16.457,>16.457,99.990,0.011,0.190,g
2458929.23374,2020-03-20.7341326,bm,1.49,15.920,>15.920,99.990,0.551,0.311,g
2458929.23495,2020-03-20.7353372,bm,1.64,15.846,>15.846,99.990,0.070,0.333,g
2458929.23618,2020-03-20.7365768,bm,1.58,16.040,>16.040,99.990,0.222,0.279,g
2458931.36569,2020-03-22.8660631,bm,1.52,16.723,>16.723,99.990,0.257,0.149,g
2458931.36692,2020-03-22.8672896,bm,1.49,16.622,>16.622,99.990,0.205,0.163,g
2458931.36815,2020-03-22.8685177,bm,1.50,16.598,>16.598,99.990,0.159,0.167,g
2458932.23846,2020-03-23.7388230,bm,2.26,16.673,>16.673,99.990,-0.150,0.156,g
2458932.23968,2020-03-23.7400408,bm,2.26,16.631,>16.631,99.990,0.360,0.162,g
2458932.24088,2020-03-23.7412554,bm,2.25,16.780,>16.780,99.990,0.392,0.141,g
2458933.23391,2020-03-24.7342568,bm,2.28,16.112,>16.112,99.990,0.010,0.261,g
2458933.23511,2020-03-24.7354613,bm,2.29,16.313,>16.313,99.990,-0.251,0.217,g
2458933.23632,2020-03-24.7366715,bm,2.37,16.334,>16.334,99.990,0.159,0.213,g
2458976.20184,2020-05-06.7017193,bm,1.96,15.467,13.879,0.051,10.193,0.474,g
2458976.20307,2020-05-06.7029459,bm,1.99,15.314,13.894,0.059,10.063,0.545,g
2458976.20428,2020-05-06.7041513,bm,1.55,15.384,13.785,0.050,11.119,0.512,g
2458978.22686,2020-05-08.7267056,bm,1.61,15.846,14.549,0.066,5.501,0.334,g
2458978.22929,2020-05-08.7291400,bm,1.48,15.761,14.333,0.059,6.712,0.361,g
2458979.20775,2020-05-09.7075811,bm,1.57,16.398,14.597,0.042,5.262,0.201,g
2458979.20896,2020-05-09.7087973,bm,1.56,16.431,14.452,0.035,6.016,0.195,g
2458979.21018,2020-05-09.7100215,bm,1.60,16.335,14.520,0.041,5.652,0.213,g
2458980.19621,2020-05-10.6960343,bm,1.61,15.451,15.396,0.208,2.521,0.480,g
2458980.19744,2020-05-10.6972598,bm,1.68,15.523,>15.523,99.990,1.338,0.448,g
2458980.19865,2020-05-10.6984785,bm,1.57,15.856,>15.856,99.990,1.505,0.330,g
2458981.19968,2020-05-11.6994894,bm,1.67,15.179,>15.179,99.990,1.689,0.616,g
2458981.20088,2020-05-11.7006935,bm,1.67,15.170,>15.170,99.990,0.746,0.621,g
2458981.20212,2020-05-11.7019313,bm,1.61,15.524,>15.524,99.990,0.698,0.448,g
2458983.21336,2020-05-13.7131483,bm,1.50,16.701,16.608,0.201,0.826,0.152,g
2458983.21458,2020-05-13.7143689,bm,1.52,16.716,16.684,0.213,0.770,0.150,g
2458983.21578,2020-05-13.7155744,bm,1.52,16.729,>16.729,99.990,0.728,0.148,g
2459046.66666,2020-07-16.1659851,bm,1.48,16.891,>16.891,99.990,-0.064,0.127,g
2459046.66788,2020-07-16.1672057,bm,1.63,16.641,>16.641,99.990,0.019,0.160,g
2459046.66911,2020-07-16.1684322,bm,1.56,16.608,>16.608,99.990,0.143,0.165,g
2459048.67224,2020-07-18.1715663,bm,2.05,16.723,>16.723,99.990,0.086,0.149,g
2459048.67364,2020-07-18.1729592,bm,2.06,99.990,99.990,99.990,99.990,99.990,g
2459048.67488,2020-07-18.1742019,bm,2.08,99.990,99.990,99.990,99.990,99.990,g
2459049.66290,2020-07-19.1622195,bm,2.00,16.631,>16.631,99.990,0.022,0.162,g
2459052.65783,2020-07-22.1571408,bm,1.53,16.853,>16.853,99.990,0.020,0.132,g
2459052.65906,2020-07-22.1583686,bm,1.49,16.722,>16.722,99.990,0.194,0.149,g
2459052.66028,2020-07-22.1595959,bm,1.53,16.724,>16.724,99.990,0.310,0.148,g
2459064.62753,2020-08-03.1268418,bm,1.61,15.554,>15.554,99.990,-0.026,0.436,g
2459064.63053,2020-08-03.1298427,bm,1.57,15.529,>15.529,99.990,-0.454,0.446,g
2459068.63499,2020-08-07.1343107,bm,2.37,15.893,>15.893,99.990,-0.528,0.319,g
2459068.63621,2020-08-07.1355280,bm,2.35,15.907,>15.907,99.990,-0.361,0.315,g
2459068.63745,2020-08-07.1367686,bm,2.36,15.840,>15.840,99.990,-0.357,0.335,g
2459069.63167,2020-08-08.1309969,bm,2.28,15.882,>15.882,99.990,0.268,0.322,g
2459069.63294,2020-08-08.1322706,bm,2.26,15.888,>15.888,99.990,0.130,0.320,g
2459069.63422,2020-08-08.1335449,bm,2.22,16.018,>16.018,99.990,0.037,0.284,g
2459075.60803,2020-08-14.1073765,bm,2.01,16.660,>16.660,99.990,0.005,0.157,g
2459075.60925,2020-08-14.1085936,bm,2.01,16.536,>16.536,99.990,0.218,0.176,g
2459075.61048,2020-08-14.1098215,bm,2.02,16.709,>16.709,99.990,0.286,0.150,g
2459083.58812,2020-08-22.0874944,bm,2.03,16.808,>16.808,99.990,0.010,0.137,g
2459083.58935,2020-08-22.0887162,bm,2.02,16.646,>16.646,99.990,-0.046,0.159,g
2459083.59056,2020-08-22.0899405,bm,2.01,16.927,>16.927,99.990,-0.097,0.123,g
2459085.58827,2020-08-24.0876520,bm,1.53,16.825,>16.825,99.990,0.074,0.135,g
2459085.58950,2020-08-24.0888810,bm,1.54,16.726,>16.726,99.990,0.317,0.148,g
2459085.59072,2020-08-24.0901,bm,1.49,16.131,>16.131,99.990,0.306,0.256,g
2459086.58563,2020-08-25.0850222,bm,1.47,16.895,>16.895,99.990,0.091,0.127,g
2459086.58685,2020-08-25.0862348,bm,1.51,16.817,>16.817,99.990,0.197,0.136,g
2459086.58807,2020-08-25.0874540,bm,1.53,16.748,>16.748,99.990,0.236,0.145,g
2459092.56827,2020-08-31.0676885,bm,2.05,15.859,>15.859,99.990,0.720,0.329,g
2459093.56924,2020-09-01.0686690,bm,1.42,99.990,99.990,99.990,99.990,99.990,g
2459096.55177,2020-09-04.0512181,bm,2.12,15.277,>15.277,99.990,-0.291,0.563,g
2459096.55298,2020-09-04.0524251,bm,1.96,15.723,>15.723,99.990,0.411,0.373,g
2459096.55419,2020-09-04.0536388,bm,1.61,15.694,>15.694,99.990,-0.571,0.383,g
2459100.54578,2020-09-08.0452641,bm,1.55,16.391,>16.391,99.990,-0.090,0.202,g
2459100.54701,2020-09-08.0464846,bm,1.56,16.186,>16.186,99.990,-0.119,0.244,g
2459100.54822,2020-09-08.0477030,bm,1.58,16.225,>16.225,99.990,0.399,0.235,g
2459101.55001,2020-09-09.0494995,bm,1.62,16.389,>16.389,99.990,0.046,0.202,g
2459101.55124,2020-09-09.050725,bm,1.57,16.384,>16.384,99.990,0.062,0.203,g
2459101.55246,2020-09-09.0519409,bm,1.47,16.380,>16.380,99.990,0.458,0.204,g
2459103.53922,2020-09-11.0387252,bm,1.99,16.341,>16.341,99.990,-0.294,0.211,g
2459103.54044,2020-09-11.0399427,bm,1.63,16.366,>16.366,99.990,0.251,0.206,g
2459103.54167,2020-09-11.0411693,bm,1.69,16.409,>16.409,99.990,0.026,0.198,g
2459104.52815,2020-09-12.0276530,bm,1.54,16.497,>16.497,99.990,-0.334,0.183,g
2459104.52936,2020-09-12.0288726,bm,1.57,16.482,>16.482,99.990,0.152,0.186,g
2459104.53059,2020-09-12.0300986,bm,1.49,16.545,>16.545,99.990,0.081,0.175,g
2459108.51815,2020-09-16.0176961,bm,2.25,16.588,>16.588,99.990,0.393,0.168,g
2459108.51937,2020-09-16.0189134,bm,2.28,16.616,>16.616,99.990,-0.012,0.164,g
2459108.52058,2020-09-16.0201259,bm,2.29,16.700,>16.700,99.990,-0.074,0.152,g
2459110.50564,2020-09-18.0051968,bm,1.45,99.990,99.990,99.990,99.990,99.990,g
2459110.50688,2020-09-18.0064350,bm,1.59,99.990,99.990,99.990,99.990,99.990,g
2459110.50809,2020-09-18.0076512,bm,1.55,16.683,>16.683,99.990,0.066,0.154,g
2459111.53097,2020-09-19.0305421,bm,2.49,16.453,>16.453,99.990,0.259,0.190,g
2459111.53219,2020-09-19.0317590,bm,2.50,16.443,>16.443,99.990,-0.075,0.192,g
2459111.53342,2020-09-19.0329855,bm,2.48,16.382,>16.382,99.990,0.063,0.203,g
2459112.51476,2020-09-20.0143445,bm,1.53,16.372,>16.372,99.990,-0.209,0.205,g
2459112.51598,2020-09-20.0155642,bm,1.56,16.481,>16.481,99.990,0.080,0.186,g
2459112.51721,2020-09-20.0167892,bm,1.51,16.638,>16.638,99.990,-0.082,0.161,g
2459114.50016,2020-09-21.9997596,bm,1.57,16.673,>16.673,99.990,0.072,0.156,g
2459114.50138,2020-09-22.0009756,bm,1.54,16.726,>16.726,99.990,0.240,0.148,g
2459114.50259,2020-09-22.0021905,bm,1.59,16.806,>16.806,99.990,-0.139,0.138,g
2459115.51815,2020-09-23.0177530,bm,1.46,16.616,>16.616,99.990,-0.328,0.164,g
2459115.51936,2020-09-23.0189668,bm,1.50,16.710,>16.710,99.990,0.107,0.150,g
2459115.52059,2020-09-23.0201958,bm,1.38,16.688,>16.688,99.990,0.131,0.153,g
2459116.49317,2020-09-23.9927906,bm,1.48,16.631,>16.631,99.990,-0.059,0.162,g
2459116.49439,2020-09-23.9940131,bm,1.44,16.878,>16.878,99.990,-0.023,0.129,g
2459116.49562,2020-09-23.9952371,bm,1.51,16.704,>16.704,99.990,0.328,0.151,g
2459120.48070,2020-09-27.9803563,bm,2.25,15.803,>15.803,99.990,0.180,0.347,g
2459120.48191,2020-09-27.9815714,bm,2.24,15.864,>15.864,99.990,-0.268,0.328,g
2459120.48314,2020-09-27.9828016,bm,2.24,15.885,>15.885,99.990,-0.578,0.321,g
2459121.48683,2020-09-28.9864991,bm,2.13,15.752,>15.752,99.990,0.117,0.363,g
2459121.48806,2020-09-28.9877295,bm,2.10,15.749,>15.749,99.990,-0.189,0.364,g
2459121.48928,2020-09-28.9889445,bm,2.14,15.787,>15.787,99.990,-1.335,0.352,g
2459122.47752,2020-09-29.9772113,bm,2.12,15.835,>15.835,99.990,-1.455,0.337,g
2459122.47875,2020-09-29.9784324,bm,2.03,15.763,>15.763,99.990,-0.399,0.360,g
2459122.47997,2020-09-29.9796488,bm,2.05,15.676,>15.676,99.990,-0.706,0.390,g
2459127.45887,2020-10-04.9585962,bm,1.45,16.059,>16.059,99.990,0.371,0.274,g
2459127.46007,2020-10-04.9598040,bm,1.53,15.989,>15.989,99.990,0.053,0.292,g
2459127.46130,2020-10-04.9610303,bm,1.53,16.081,>16.081,99.990,-0.291,0.268,g
2459128.47418,2020-10-05.9739192,bm,1.52,16.071,>16.071,99.990,-0.295,0.271,g
2459128.47539,2020-10-05.9751383,bm,1.55,15.855,>15.855,99.990,0.575,0.330,g
2459128.47662,2020-10-05.9763623,bm,1.59,15.930,>15.930,99.990,0.080,0.308,g
2459129.62154,2020-10-07.1212990,bm,1.51,16.081,>16.081,99.990,0.407,0.268,g
2459129.62276,2020-10-07.1225130,bm,1.51,16.235,>16.235,99.990,0.327,0.233,g
2459129.62397,2020-10-07.1237340,bm,1.54,16.067,>16.067,99.990,-0.001,0.272,g
2459130.58810,2020-10-08.0878642,bm,1.53,16.303,>16.303,99.990,0.565,0.219,g
2459130.58935,2020-10-08.0891143,bm,1.51,16.206,>16.206,99.990,-0.294,0.239,g
2459130.59065,2020-10-08.0904122,bm,1.50,16.426,>16.426,99.990,-0.059,0.195,g
2459134.45455,2020-10-11.9543512,bm,2.11,16.568,>16.568,99.990,-0.208,0.171,g
2459134.45576,2020-10-11.9555699,bm,2.16,16.626,>16.626,99.990,-0.122,0.162,g
2459134.45699,2020-10-11.9567957,bm,2.16,16.498,>16.498,99.990,0.042,0.183,g
2459135.44957,2020-10-12.9493885,bm,1.47,16.158,>16.158,99.990,0.076,0.250,g
2459135.45081,2020-10-12.9506259,bm,1.53,16.378,>16.378,99.990,0.050,0.204,g
2459135.45204,2020-10-12.9518582,bm,1.53,16.264,>16.264,99.990,0.033,0.227,g
2459137.44604,2020-10-14.9458821,bm,1.46,16.706,>16.706,99.990,0.086,0.151,g
2459137.44727,2020-10-14.9471134,bm,1.47,16.801,>16.801,99.990,0.164,0.138,g
2459137.44849,2020-10-14.9483283,bm,1.45,16.704,>16.704,99.990,0.322,0.151,g
2459138.62102,2020-10-16.1208776,bm,1.71,16.357,>16.357,99.990,0.140,0.208,g
2459138.62224,2020-10-16.1220981,bm,1.55,16.294,>16.294,99.990,0.044,0.221,g
2459138.62346,2020-10-16.1233107,bm,1.97,15.926,>15.926,99.990,0.015,0.310,g
2459141.46389,2020-10-18.9637745,bm,1.61,99.990,99.990,99.990,99.990,99.990,g
2459141.53188,2020-10-19.0317656,bm,1.52,16.765,>16.765,99.990,0.219,0.143,g
2459141.53310,2020-10-19.0329878,bm,1.52,16.691,>16.691,99.990,0.145,0.153,g
2459141.53432,2020-10-19.0342182,bm,1.54,16.585,>16.585,99.990,0.071,0.169,g
2459145.48113,2020-10-22.9810577,bm,1.55,14.486,>14.486,99.990,-0.470,1.166,g
2459145.48234,2020-10-22.9822784,bm,1.75,99.990,99.990,99.990,99.990,99.990,g
2459146.42517,2020-10-23.9251153,bm,1.58,15.856,>15.856,99.990,0.561,0.330,g
2459146.42639,2020-10-23.9263348,bm,1.47,15.896,>15.896,99.990,0.418,0.318,g
2459146.42760,2020-10-23.9275439,bm,1.50,15.869,>15.869,99.990,-0.200,0.326,g
2459146.84703,2020-10-24.3469759,bE,1.49,16.921,>16.921,99.990,0.357,0.124,g
2459147.64859,2020-10-25.1485466,bF,1.56,99.990,99.990,99.990,99.990,99.990,g
2459147.64859,2020-10-25.1485461,bE,1.57,16.453,>16.453,99.990,0.065,0.191,g
2459147.64988,2020-10-25.1498447,bF,1.55,99.990,99.990,99.990,99.990,99.990,g
2459147.64988,2020-10-25.1498444,bE,1.49,16.352,>16.352,99.990,0.151,0.209,g
2459147.65117,2020-10-25.1511356,bF,1.59,99.990,99.990,99.990,99.990,99.990,g
2459147.65117,2020-10-25.1511365,bE,1.47,16.416,>16.416,99.990,0.235,0.197,g
2459148.63536,2020-10-26.1353359,bF,1.51,99.990,99.990,99.990,99.990,99.990,g
2459148.63537,2020-10-26.1353365,bE,1.55,16.319,>16.319,99.990,-0.357,0.216,g
2459148.63665,2020-10-26.1366278,bE,1.52,16.410,>16.410,99.990,0.183,0.198,g
2459148.63666,2020-10-26.1366271,bF,1.43,99.990,99.990,99.990,99.990,99.990,g
2459148.63795,2020-10-26.1379298,bF,1.60,99.990,99.990,99.990,99.990,99.990,g
2459148.63795,2020-10-26.1379289,bE,1.48,16.257,>16.257,99.990,-0.242,0.228,g
2459149.64067,2020-10-27.1406622,bi,1.46,16.025,>16.025,99.990,0.409,0.283,g
2459149.64190,2020-10-27.1418912,bi,1.39,16.095,>16.095,99.990,0.229,0.265,g
2459149.64312,2020-10-27.1431084,bi,1.42,16.106,>16.106,99.990,0.464,0.262,g
2459153.69678,2020-10-31.1968108,bE,1.46,15.773,>15.773,99.990,0.392,0.356,g
2459153.69678,2020-10-31.1968109,bF,1.46,99.990,99.990,99.990,99.990,99.990,g
2459153.69808,2020-10-31.1981111,bF,1.51,99.990,99.990,99.990,99.990,99.990,g
2459153.69808,2020-10-31.1981112,bE,1.53,15.950,>15.950,99.990,-0.642,0.303,g
2459153.69938,2020-10-31.1994119,bF,1.45,99.990,99.990,99.990,99.990,99.990,g
2459153.69938,2020-10-31.1994128,bE,1.51,15.988,>15.988,99.990,-0.001,0.292,g
2459155.72351,2020-11-02.2235640,bi,1.45,15.966,>15.966,99.990,0.037,0.298,g
2459155.72473,2020-11-02.2247891,bi,1.46,15.912,>15.912,99.990,-0.305,0.314,g
2459155.72596,2020-11-02.2260174,bi,1.46,16.055,>16.055,99.990,-0.129,0.275,g
2459156.73875,2020-11-03.2388151,bi,1.49,16.210,>16.210,99.990,0.225,0.238,g
2459156.73997,2020-11-03.2400381,bi,1.46,16.198,>16.198,99.990,0.222,0.241,g
2459156.74121,2020-11-03.2412788,bi,1.52,16.158,>16.158,99.990,-0.321,0.250,g
2459163.50492,2020-11-10.0050715,bm,1.54,16.669,>16.669,99.990,-0.055,0.156,g
2459163.50618,2020-11-10.0063240,bm,1.54,16.779,>16.779,99.990,0.186,0.141,g
2459163.50739,2020-11-10.0075390,bm,1.50,16.676,>16.676,99.990,0.048,0.155,g
2459164.35804,2020-11-10.8582009,bm,1.71,16.727,>16.727,99.990,0.020,0.148,g
2459164.35926,2020-11-10.8594178,bm,1.56,16.641,>16.641,99.990,-0.325,0.160,g
2459164.36047,2020-11-10.8606268,bm,1.61,16.702,>16.702,99.990,0.120,0.151,g
2459165.60612,2020-11-12.1062901,bF,1.60,99.990,99.990,99.990,99.990,99.990,g
2459165.60612,2020-11-12.1062899,bE,1.53,16.843,>16.843,99.990,0.110,0.133,g
2459165.60741,2020-11-12.1075755,bE,1.48,16.794,>16.794,99.990,0.047,0.139,g
2459165.60741,2020-11-12.1075763,bF,1.52,99.990,99.990,99.990,99.990,99.990,g
2459165.60869,2020-11-12.1088609,bE,1.52,16.825,>16.825,99.990,0.319,0.135,g
2459166.60406,2020-11-13.1042405,bF,1.45,99.990,99.990,99.990,99.990,99.990,g
2459166.60406,2020-11-13.1042402,bE,1.51,17.052,>17.052,99.990,0.295,0.110,g
2459166.60536,2020-11-13.1055388,bE,1.51,16.738,>16.738,99.990,0.077,0.146,g
2459166.60536,2020-11-13.1055394,bF,1.46,99.990,99.990,99.990,99.990,99.990,g
2459166.63897,2020-11-13.1391508,bi,1.40,16.564,>16.564,99.990,0.080,0.172,g
2459166.64020,2020-11-13.1403806,bi,1.51,16.677,>16.677,99.990,-0.012,0.155,g
2459166.64143,2020-11-13.1416085,bi,1.50,16.772,>16.772,99.990,0.269,0.142,g
2459168.84813,2020-11-15.3483280,bi,1.47,16.731,>16.731,99.990,0.008,0.148,g
2459168.84934,2020-11-15.3495475,bi,1.42,16.703,>16.703,99.990,0.354,0.151,g
2459168.85057,2020-11-15.3507790,bi,1.46,16.549,>16.549,99.990,0.024,0.174,g
2459169.35108,2020-11-15.8512896,bm,1.48,16.631,>16.631,99.990,0.266,0.162,g
2459169.35230,2020-11-15.8525140,bm,1.49,16.553,>16.553,99.990,0.172,0.174,g
2459169.35358,2020-11-15.8537900,bm,1.56,16.696,>16.696,99.990,0.180,0.152,g
2459170.82135,2020-11-17.3215821,bE,1.55,16.895,>16.895,99.990,0.343,0.127,g
2459170.82263,2020-11-17.3228609,bE,1.52,16.688,>16.688,99.990,0.162,0.153,g
2459170.82392,2020-11-17.3241474,bE,1.58,16.781,>16.781,99.990,0.179,0.141,g
2459171.67916,2020-11-18.1794003,bE,1.48,16.784,>16.784,99.990,0.113,0.140,g
2459171.67917,2020-11-18.1794016,bF,1.49,99.990,99.990,99.990,99.990,99.990,g
2459171.68045,2020-11-18.1806869,bE,1.56,16.815,>16.815,99.990,0.348,0.136,g
2459171.68045,2020-11-18.1806872,bF,1.47,99.990,99.990,99.990,99.990,99.990,g
2459171.68173,2020-11-18.1819747,bE,1.49,16.861,>16.861,99.990,0.441,0.131,g
2459171.68174,2020-11-18.1819755,bF,1.49,99.990,99.990,99.990,99.990,99.990,g
2459171.68345,2020-11-18.1836842,bi,1.43,16.599,>16.599,99.990,-0.018,0.167,g
2459171.68467,2020-11-18.1849037,bi,1.46,16.555,>16.555,99.990,0.108,0.173,g
2459171.68589,2020-11-18.1861290,bi,1.39,16.659,>16.659,99.990,0.046,0.158,g
2459172.68789,2020-11-19.1881420,bi,1.49,16.737,>16.737,99.990,-0.093,0.147,g
2459172.68912,2020-11-19.1893709,bi,1.51,16.626,>16.626,99.990,0.240,0.162,g
2459172.69034,2020-11-19.1905965,bi,1.47,16.645,>16.645,99.990,-0.030,0.160,g
2459175.55841,2020-11-22.0586878,bE,1.52,16.532,>16.532,99.990,-0.351,0.177,g
2459175.55841,2020-11-22.0586877,bF,1.49,99.990,99.990,99.990,99.990,99.990,g
2459175.55970,2020-11-22.0599791,bE,1.43,16.610,>16.610,99.990,-0.112,0.165,g
2459175.55970,2020-11-22.0599802,bF,1.51,99.990,99.990,99.990,99.990,99.990,g
2459177.55918,2020-11-24.0594799,bF,1.52,99.990,99.990,99.990,99.990,99.990,g
2459177.55918,2020-11-24.0594798,bE,1.47,16.438,>16.438,99.990,-0.141,0.193,g
2459177.56047,2020-11-24.0607693,bE,1.53,16.461,>16.461,99.990,-0.247,0.189,g
2459177.56047,2020-11-24.0607689,bF,1.56,99.990,99.990,99.990,99.990,99.990,g
2459177.56175,2020-11-24.0620572,bF,1.58,99.990,99.990,99.990,99.990,99.990,g
2459177.56176,2020-11-24.0620563,bE,1.56,16.388,>16.388,99.990,-0.168,0.202,g
2459178.55957,2020-11-25.0598810,bF,2.00,99.990,99.990,99.990,99.990,99.990,g
2459178.55957,2020-11-25.0598810,bE,1.60,16.340,>16.340,99.990,-0.109,0.211,g
2459178.56085,2020-11-25.0611641,bF,1.99,99.990,99.990,99.990,99.990,99.990,g
2459178.56085,2020-11-25.0611638,bE,1.58,16.325,>16.325,99.990,0.600,0.214,g
2459178.56215,2020-11-25.0624644,bE,1.53,16.399,>16.399,99.990,-0.052,0.200,g
2459178.56215,2020-11-25.0624643,bF,1.68,99.990,99.990,99.990,99.990,99.990,g
2459180.64029,2020-11-27.1406164,bi,1.40,15.993,>15.993,99.990,0.572,0.291,g
2459180.64151,2020-11-27.1418398,bi,1.50,16.019,>16.019,99.990,0.348,0.284,g
2459180.64273,2020-11-27.1430574,bi,1.43,16.049,>16.049,99.990,-0.500,0.276,g
2459181.37541,2020-11-27.8757498,bm,1.61,15.722,>15.722,99.990,0.155,0.374,g
2459181.37664,2020-11-27.8769790,bm,1.59,15.874,>15.874,99.990,-0.010,0.325,g
2459181.37786,2020-11-27.8781964,bm,1.68,15.760,>15.760,99.990,0.167,0.361,g
2459181.42452,2020-11-27.9248545,bm,1.58,15.837,>15.837,99.990,-0.102,0.336,g
2459181.42695,2020-11-27.9272947,bm,1.61,15.928,>15.928,99.990,0.335,0.309,g
2459181.85301,2020-11-28.3533587,bi,1.54,16.140,>16.140,99.990,0.159,0.254,g
2459181.85424,2020-11-28.3545891,bi,1.47,16.028,>16.028,99.990,0.126,0.282,g
2459181.85545,2020-11-28.3558061,bi,1.48,15.919,>15.919,99.990,0.296,0.311,g
2459182.65608,2020-11-29.1564445,bi,1.52,15.969,>15.969,99.990,-0.251,0.298,g
2459182.65731,2020-11-29.1576737,bi,1.52,15.788,>15.788,99.990,-0.819,0.351,g
2459182.65853,2020-11-29.1588886,bi,1.48,15.740,>15.740,99.990,0.256,0.367,g
2459184.46321,2020-11-30.9635774,bm,1.54,15.684,>15.684,99.990,0.239,0.387,g
2459184.46443,2020-11-30.9647982,bm,1.56,15.669,>15.669,99.990,0.363,0.392,g
2459184.46566,2020-11-30.9660262,bm,1.50,15.750,>15.750,99.990,-0.035,0.364,g
2459185.53341,2020-12-02.0338,bi,1.63,16.409,>16.409,99.990,0.120,0.198,g
2459185.53464,2020-12-02.0350230,bi,1.69,16.411,>16.411,99.990,0.238,0.198,g
2459185.53587,2020-12-02.0362487,bi,1.59,16.474,>16.474,99.990,-0.401,0.187,g
2459185.85938,2020-12-02.3597668,bi,1.52,15.262,>15.262,99.990,-1.330,0.571,g
2459186.47645,2020-12-02.9768443,bm,1.40,15.959,>15.959,99.990,0.195,0.300,g
2459186.47767,2020-12-02.9780598,bm,1.47,15.979,>15.979,99.990,0.324,0.295,g
2459186.47890,2020-12-02.9792887,bm,1.43,15.946,>15.946,99.990,-0.039,0.304,g
2459186.51769,2020-12-03.0180875,bm,1.58,15.916,>15.916,99.990,-0.628,0.312,g
2459186.51891,2020-12-03.0193082,bm,1.50,16.175,>16.175,99.990,-0.548,0.246,g
2459186.52014,2020-12-03.0205372,bm,1.53,15.872,>15.872,99.990,-0.368,0.325,g
2459186.81885,2020-12-03.3192386,bE,1.49,16.277,>16.277,99.990,0.394,0.224,g
2459186.82016,2020-12-03.3205494,bE,1.50,16.169,>16.169,99.990,0.115,0.247,g
2459186.82146,2020-12-03.3218526,bE,1.44,16.208,>16.208,99.990,0.516,0.239,g
2459187.36931,2020-12-03.8697208,bm,1.46,16.207,>16.207,99.990,0.044,0.239,g
2459187.37055,2020-12-03.8709615,bm,1.55,16.324,>16.324,99.990,0.155,0.214,g
2459187.37178,2020-12-03.8721914,bm,1.49,16.244,>16.244,99.990,0.086,0.231,g
2459187.39620,2020-12-03.8965997,bm,1.55,16.347,>16.347,99.990,0.102,0.210,g
2459187.39743,2020-12-03.8978275,bm,1.48,16.192,>16.192,99.990,0.329,0.242,g
2459187.39864,2020-12-03.8990457,bm,1.52,16.512,>16.512,99.990,0.091,0.180,g
2459187.61896,2020-12-04.1193634,bF,1.57,99.990,99.990,99.990,99.990,99.990,g
2459187.61896,2020-12-04.1193629,bE,1.58,16.719,>16.719,99.990,0.134,0.149,g
2459187.62026,2020-12-04.1206579,bE,1.46,16.735,>16.735,99.990,-0.034,0.147,g
2459187.62155,2020-12-04.1219465,bF,1.47,99.990,99.990,99.990,99.990,99.990,g
2459187.62155,2020-12-04.1219465,bE,1.42,16.569,>16.569,99.990,0.308,0.171,g
2459188.78473,2020-12-05.2851429,bE,1.52,16.355,>16.355,99.990,-0.183,0.208,g
2459188.78602,2020-12-05.2864298,bE,1.47,16.529,>16.529,99.990,0.330,0.178,g
2459188.78733,2020-12-05.2877493,bE,1.49,16.777,>16.777,99.990,-0.198,0.141,g
2459189.32034,2020-12-05.8207506,bm,1.53,16.835,>16.835,99.990,0.091,0.134,g
2459189.32155,2020-12-05.8219620,bm,1.51,16.683,>16.683,99.990,0.440,0.154,g
2459189.32278,2020-12-05.8231936,bm,1.43,16.703,>16.703,99.990,0.144,0.151,g
2459189.47446,2020-12-05.9748743,bm,1.60,16.406,>16.406,99.990,0.460,0.199,g
2459189.47567,2020-12-05.9760947,bm,1.56,16.471,>16.471,99.990,0.519,0.187,g
2459189.47691,2020-12-05.9773238,bm,1.52,16.352,>16.352,99.990,0.631,0.209,g
2459189.52137,2020-12-06.0217905,bm,1.55,16.212,>16.212,99.990,-0.152,0.238,g
2459189.52919,2020-12-06.0296097,bE,1.97,16.223,>16.223,99.990,0.004,0.235,g
2459189.52919,2020-12-06.0296093,bF,1.49,99.990,99.990,99.990,99.990,99.990,g
2459189.53048,2020-12-06.0309004,bF,1.42,99.990,99.990,99.990,99.990,99.990,g
2459189.53048,2020-12-06.0309008,bE,1.70,16.475,>16.475,99.990,0.239,0.187,g
2459189.53176,2020-12-06.0321840,bF,1.49,99.990,99.990,99.990,99.990,99.990,g
2459189.53177,2020-12-06.0321839,bE,1.67,16.494,>16.494,99.990,-0.259,0.184,g
2459190.83413,2020-12-07.3345614,bE,1.52,16.501,>16.501,99.990,-0.072,0.182,g
2459190.83543,2020-12-07.3358607,bE,1.55,16.655,>16.655,99.990,0.064,0.158,g
2459190.83673,2020-12-07.3371590,bE,1.51,16.661,>16.661,99.990,0.051,0.157,g
2459191.33690,2020-12-07.8373329,bm,1.52,16.582,>16.582,99.990,0.136,0.169,g
2459191.33813,2020-12-07.8385616,bm,1.54,16.932,>16.932,99.990,0.131,0.123,g
2459191.33936,2020-12-07.8397907,bm,1.57,16.741,>16.741,99.990,0.100,0.146,g
2459191.36680,2020-12-07.8672351,bm,1.51,16.623,>16.623,99.990,-0.014,0.163,g
2459191.36801,2020-12-07.8684454,bm,1.47,16.858,>16.858,99.990,-0.000,0.131,g
2459191.36923,2020-12-07.8696646,bm,1.45,16.842,>16.842,99.990,0.180,0.133,g
2459191.41165,2020-12-07.9120856,bm,1.50,16.793,>16.793,99.990,0.103,0.139,g
2459191.41287,2020-12-07.9133083,bm,1.49,16.745,>16.745,99.990,-0.051,0.146,g
2459191.41410,2020-12-07.9145366,bm,1.52,16.758,>16.758,99.990,0.183,0.144,g
2459191.45308,2020-12-07.9535180,bm,1.51,15.407,>15.407,99.990,-0.286,0.499,g
2459191.45436,2020-12-07.9547986,bm,1.55,15.782,>15.782,99.990,0.754,0.353,g
2459191.45572,2020-12-07.9561571,bm,1.49,16.283,>16.283,99.990,0.166,0.223,g
2459192.47203,2020-12-08.9724759,bm,1.60,99.990,99.990,99.990,99.990,99.990,g
2459192.47327,2020-12-08.9737130,bm,1.55,99.990,99.990,99.990,99.990,99.990,g
2459192.47448,2020-12-08.9749245,bm,1.60,99.990,99.990,99.990,99.990,99.990,g
2459192.82915,2020-12-09.3296001,bi,1.51,16.699,>16.699,99.990,-0.074,0.152,g
2459192.83038,2020-12-09.3308289,bi,1.51,16.541,>16.541,99.990,0.614,0.176,g
2459192.83160,2020-12-09.3320497,bi,1.49,16.398,>16.398,99.990,0.366,0.200,g
2459193.56056,2020-12-10.0610182,bi,2.20,16.785,>16.785,99.990,0.068,0.140,g
2459193.56179,2020-12-10.0622510,bi,2.19,16.467,>16.467,99.990,0.223,0.188,g
2459193.56302,2020-12-10.0634739,bi,2.20,16.642,>16.642,99.990,0.194,0.160,g
2459194.32825,2020-12-10.8287075,bm,1.52,16.625,>16.625,99.990,-0.001,0.163,g
2459194.32948,2020-12-10.8299363,bm,1.51,99.990,99.990,99.990,99.990,99.990,g
2459194.33071,2020-12-10.8311662,bm,1.49,16.690,>16.690,99.990,0.089,0.153,g
2459194.57718,2020-12-11.0776434,bF,1.45,99.990,99.990,99.990,99.990,99.990,g
2459194.57718,2020-12-11.0776434,bE,1.50,16.842,>16.842,99.990,0.178,0.133,g
2459194.57846,2020-12-11.0789234,bE,1.43,16.720,>16.720,99.990,0.177,0.149,g
2459194.57846,2020-12-11.0789240,bF,1.49,99.990,99.990,99.990,99.990,99.990,g
2459194.57975,2020-12-11.0802104,bF,1.47,99.990,99.990,99.990,99.990,99.990,g
2459194.57975,2020-12-11.0802113,bE,1.51,16.876,>16.876,99.990,0.128,0.129,g
2459194.61774,2020-12-11.1182046,bi,1.39,16.576,>16.576,99.990,0.154,0.170,g
2459194.61895,2020-12-11.1194240,bi,1.43,16.613,>16.613,99.990,0.095,0.164,g
2459194.62018,2020-12-11.1206446,bi,1.43,16.700,>16.700,99.990,0.053,0.152,g
2459195.30902,2020-12-11.8094893,bm,1.63,16.203,>16.203,99.990,-0.027,0.240,g
2459195.31025,2020-12-11.8107172,bm,1.66,16.492,>16.492,99.990,0.179,0.184,g
2459195.31148,2020-12-11.8119495,bm,1.61,14.563,>14.563,99.990,1.273,1.086,g
2459195.53952,2020-12-12.0399965,bi,1.44,16.487,>16.487,99.990,0.201,0.185,g
2459195.54074,2020-12-12.0412164,bi,1.48,16.481,>16.481,99.990,0.015,0.186,g
2459195.54197,2020-12-12.0424451,bi,1.48,16.549,>16.549,99.990,0.179,0.174,g
2459195.84881,2020-12-12.3492833,bE,1.50,16.566,>16.566,99.990,0.250,0.172,g
2459195.85010,2020-12-12.3505680,bE,1.52,16.537,16.114,0.149,1.301,0.176,g
2459195.85138,2020-12-12.3518568,bE,1.46,16.382,>16.382,99.990,-0.022,0.203,g
2459196.64726,2020-12-13.1477533,bE,1.49,16.843,>16.843,99.990,0.079,0.133,g
2459196.64856,2020-12-13.1490530,bE,1.54,16.852,>16.852,99.990,0.217,0.132,g
2459196.64857,2020-12-13.1490528,bF,1.53,99.990,99.990,99.990,99.990,99.990,g
2459196.64985,2020-12-13.1503366,bE,1.51,16.934,>16.934,99.990,-0.292,0.122,g
2459196.64985,2020-12-13.1503362,bF,1.51,99.990,99.990,99.990,99.990,99.990,g
2459197.63415,2020-12-14.1346348,bi,1.47,16.872,>16.872,99.990,-0.008,0.129,g
2459197.63537,2020-12-14.1358556,bi,1.36,16.805,>16.805,99.990,0.022,0.138,g
2459197.63659,2020-12-14.1370842,bi,1.49,16.639,>16.639,99.990,0.265,0.160,g
2459198.31148,2020-12-14.8119729,bm,2.27,16.613,>16.613,99.990,0.106,0.164,g
2459198.31271,2020-12-14.8132028,bm,2.25,99.990,99.990,99.990,99.990,99.990,g
2459198.31394,2020-12-14.8144337,bm,2.23,16.662,>16.662,99.990,0.064,0.157,g
2459198.77531,2020-12-15.2758087,bi,1.47,16.838,>16.838,99.990,0.006,0.134,g
2459198.77655,2020-12-15.2770482,bi,1.42,16.613,>16.613,99.990,0.393,0.164,g
2459198.77778,2020-12-15.2782722,bi,1.37,16.572,>16.572,99.990,0.072,0.171,g
2459198.78682,2020-12-15.2873190,bi,1.42,16.745,>16.745,99.990,-0.132,0.146,g
2459198.78807,2020-12-15.2885690,bi,1.41,16.605,>16.605,99.990,0.042,0.166,g
2459198.78931,2020-12-15.2898072,bi,1.39,16.808,>16.808,99.990,0.273,0.137,g
2459199.46591,2020-12-15.9664130,bm,1.50,16.771,>16.771,99.990,0.037,0.142,g
2459199.46715,2020-12-15.9676557,bm,1.53,16.566,>16.566,99.990,0.167,0.172,g
2459199.46838,2020-12-15.9688835,bm,1.54,16.803,>16.803,99.990,-0.041,0.138,g
2459199.49863,2020-12-15.9991445,bm,1.51,16.937,>16.937,99.990,-0.155,0.122,g
2459199.49987,2020-12-16.0003737,bm,1.46,16.723,>16.723,99.990,0.356,0.149,g
2459199.50110,2020-12-16.0016052,bm,1.59,16.724,>16.724,99.990,-0.157,0.148,g
2459200.35608,2020-12-16.8565847,bm,1.54,16.668,>16.668,99.990,0.242,0.156,g
2459200.35732,2020-12-16.8578252,bm,1.47,16.724,>16.724,99.990,0.400,0.148,g
2459200.35854,2020-12-16.8590494,bm,1.50,16.747,>16.747,99.990,0.143,0.145,g
2459200.38976,2020-12-16.8902631,bm,1.55,16.784,>16.784,99.990,0.475,0.140,g
2459200.39098,2020-12-16.8914907,bm,1.46,16.656,>16.656,99.990,0.176,0.158,g
2459200.39223,2020-12-16.8927408,bm,1.48,16.796,>16.796,99.990,-0.189,0.139,g
2459200.41591,2020-12-16.9164168,bm,1.50,16.817,>16.817,99.990,0.010,0.136,g
2459200.41713,2020-12-16.9176399,bm,1.50,16.736,>16.736,99.990,0.090,0.147,g
2459200.41837,2020-12-16.9188798,bm,1.49,99.990,99.990,99.990,99.990,99.990,g
2459200.83695,2020-12-17.3374677,bi,1.40,16.551,>16.551,99.990,-0.204,0.174,g
2459200.83818,2020-12-17.3386991,bi,1.46,16.629,>16.629,99.990,-0.128,0.162,g
2459200.83940,2020-12-17.3399202,bi,1.44,16.576,>16.576,99.990,0.061,0.170,g
2459201.38014,2020-12-17.8806590,bm,1.47,16.768,>16.768,99.990,-0.064,0.143,g
2459201.38139,2020-12-17.8819098,bm,1.53,16.776,>16.776,99.990,0.117,0.142,g
2459201.38267,2020-12-17.8831902,bm,1.54,16.665,>16.665,99.990,0.324,0.157,g
2459201.84531,2020-12-18.3458381,bi,1.44,16.481,>16.481,99.990,-0.019,0.186,g
2459201.84654,2020-12-18.3470702,bj,1.57,16.139,>16.139,99.990,-0.056,0.254,g
2459201.84655,2020-12-18.3470709,bi,1.45,16.467,>16.467,99.990,0.017,0.188,g
2459201.84778,2020-12-18.3483059,bi,1.37,16.532,>16.532,99.990,0.151,0.177,g
2459202.34999,2020-12-18.8505153,bm,1.51,16.687,>16.687,99.990,0.494,0.154,g
2459202.35121,2020-12-18.8517390,bm,1.47,16.529,>16.529,99.990,0.313,0.178,g
2459202.35245,2020-12-18.8529749,bm,1.51,16.805,>16.805,99.990,0.201,0.138,g
2459202.60266,2020-12-19.1031822,bi,1.38,16.512,>16.512,99.990,0.320,0.180,g
2459202.60389,2020-12-19.1044204,bi,1.46,16.665,>16.665,99.990,-0.151,0.157,g
2459202.60512,2020-12-19.1056483,bi,1.45,16.567,>16.567,99.990,0.068,0.172,g
2459203.50446,2020-12-20.0049968,bm,1.55,16.814,>16.814,99.990,0.240,0.137,g
2459203.50569,2020-12-20.0062269,bm,1.64,99.990,99.990,99.990,99.990,99.990,g
2459203.50691,2020-12-20.0074429,bm,1.55,16.674,>16.674,99.990,0.291,0.155,g
2459204.56730,2020-12-21.0678490,bF,1.46,99.990,99.990,99.990,99.990,99.990,g
2459204.56731,2020-12-21.0678491,bE,1.54,16.606,>16.606,99.990,0.290,0.165,g
2459204.56860,2020-12-21.0691423,bE,1.52,16.840,>16.840,99.990,0.150,0.133,g
2459204.56860,2020-12-21.0691424,bF,1.42,99.990,99.990,99.990,99.990,99.990,g
2459204.56990,2020-12-21.0704491,bE,1.52,16.595,>16.595,99.990,-0.046,0.167,g
2459204.56991,2020-12-21.0704497,bF,1.41,99.990,99.990,99.990,99.990,99.990,g
2459204.61481,2020-12-21.1153493,bF,1.58,99.990,99.990,99.990,99.990,99.990,g
2459204.61481,2020-12-21.1153487,bE,1.46,16.753,>16.753,99.990,-0.032,0.145,g
2459204.61609,2020-12-21.1166324,bF,1.47,99.990,99.990,99.990,99.990,99.990,g
2459204.61609,2020-12-21.1166331,bE,1.48,16.709,>16.709,99.990,-0.094,0.150,g
2459204.61741,2020-12-21.1179457,bE,1.49,16.664,>16.664,99.990,0.133,0.157,g
2459204.64037,2020-12-21.1409130,bi,1.44,16.574,>16.574,99.990,0.323,0.170,g
2459204.64160,2020-12-21.1421434,bi,1.42,16.402,>16.402,99.990,0.119,0.200,g
2459204.64284,2020-12-21.1433803,bi,1.44,16.510,>16.510,99.990,0.476,0.181,g
2459206.28334,2020-12-22.7838944,bm,1.42,15.860,>15.860,99.990,0.319,0.329,g
2459206.28457,2020-12-22.7851256,bm,1.61,15.979,>15.979,99.990,-0.144,0.295,g
2459206.28581,2020-12-22.7863568,bm,1.53,16.087,>16.087,99.990,0.023,0.267,g
2459206.38115,2020-12-22.8817047,bm,1.53,16.417,>16.417,99.990,0.269,0.197,g
2459206.38239,2020-12-22.8829465,bm,1.53,16.334,>16.334,99.990,-0.004,0.213,g
2459206.38364,2020-12-22.8841908,bm,1.48,16.455,>16.455,99.990,0.102,0.190,g
2459207.59252,2020-12-24.0930826,bE,1.52,16.566,>16.566,99.990,0.204,0.172,g
2459207.59252,2020-12-24.0930826,bF,1.44,99.990,99.990,99.990,99.990,99.990,g
2459207.59382,2020-12-24.0943848,bE,1.52,16.434,>16.434,99.990,0.487,0.194,g
2459207.59511,2020-12-24.0956707,bE,1.52,16.446,>16.446,99.990,0.371,0.192,g
2459207.59511,2020-12-24.0956707,bF,1.48,99.990,99.990,99.990,99.990,99.990,g
2459208.52945,2020-12-25.0300214,bF,2.15,99.990,99.990,99.990,99.990,99.990,g
2459208.52946,2020-12-25.0300216,bE,1.55,15.610,>15.610,99.990,-0.484,0.414,g
2459208.53077,2020-12-25.0313334,bE,1.45,15.643,>15.643,99.990,-0.467,0.402,g
2459208.53077,2020-12-25.0313333,bF,2.15,99.990,99.990,99.990,99.990,99.990,g
2459208.53206,2020-12-25.0326248,bF,2.13,99.990,99.990,99.990,99.990,99.990,g
2459208.53206,2020-12-25.0326251,bE,1.53,15.949,>15.949,99.990,0.024,0.303,g
2459208.70193,2020-12-25.2024982,bi,1.39,16.256,>16.256,99.990,0.416,0.228,g
2459208.70316,2020-12-25.2037260,bi,1.47,16.207,>16.207,99.990,0.219,0.239,g
2459208.70437,2020-12-25.2049429,bi,1.54,16.190,>16.190,99.990,0.891,0.243,g
2459208.72437,2020-12-25.2249386,bi,1.47,16.124,>16.124,99.990,0.695,0.258,g
2459208.72560,2020-12-25.2261686,bi,1.49,16.199,>16.199,99.990,0.109,0.241,g
2459208.72684,2020-12-25.2274091,bi,1.41,16.161,>16.161,99.990,0.071,0.249,g
2459209.58609,2020-12-26.0866670,bi,1.51,16.045,>16.045,99.990,-0.154,0.277,g
2459209.58732,2020-12-26.0878969,bi,1.62,16.001,>16.001,99.990,-0.270,0.289,g
2459209.58855,2020-12-26.0891259,bi,1.53,16.050,>16.050,99.990,0.154,0.276,g
2459211.84558,2020-12-28.3461717,bE,1.55,16.563,>16.563,99.990,0.223,0.172,g
2459211.84688,2020-12-28.3474615,bE,1.41,16.643,>16.643,99.990,-0.060,0.160,g
2459211.84817,2020-12-28.3487590,bE,1.46,16.570,>16.570,99.990,0.010,0.171,g
2459212.39159,2020-12-28.8921886,bm,1.54,15.892,>15.892,99.990,-0.359,0.319,g
2459212.39282,2020-12-28.8934163,bm,1.57,15.939,>15.939,99.990,-0.654,0.306,g
2459212.39412,2020-12-28.8947181,bm,1.52,15.918,>15.918,99.990,0.161,0.312,g
2459212.43024,2020-12-28.9308350,bm,1.41,15.714,>15.714,99.990,0.923,0.376,g
2459212.43164,2020-12-28.9322317,bm,1.50,15.849,>15.849,99.990,-0.103,0.332,g
2459212.43286,2020-12-28.9334488,bm,1.55,15.962,>15.962,99.990,-0.161,0.299,g
2459213.31491,2020-12-29.8155086,bm,1.51,15.596,>15.596,99.990,-0.489,0.419,g
2459213.31614,2020-12-29.8167327,bm,1.45,15.679,>15.679,99.990,-0.459,0.389,g
2459213.31736,2020-12-29.8179560,bm,1.54,15.600,>15.600,99.990,0.163,0.418,g
2459213.55327,2020-12-30.0538672,bi,2.31,15.602,>15.602,99.990,-0.945,0.417,g
2459213.55450,2020-12-30.0550950,bi,2.34,15.520,>15.520,99.990,0.549,0.450,g
2459213.55573,2020-12-30.0563231,bi,2.24,15.595,>15.595,99.990,0.481,0.420,g
2459213.82198,2020-12-30.3225752,bE,1.57,15.702,>15.702,99.990,-0.021,0.380,g
2459213.82327,2020-12-30.3238671,bE,1.50,15.756,>15.756,99.990,-0.062,0.362,g
2459213.82457,2020-12-30.3251643,bE,1.55,15.790,>15.790,99.990,0.469,0.351,g
2459214.32288,2020-12-30.8234881,bm,2.24,15.785,>15.785,99.990,0.840,0.352,g
2459214.32410,2020-12-30.8247105,bm,2.20,15.907,>15.907,99.990,-0.005,0.315,g
2459214.32533,2020-12-30.8259336,bm,2.23,15.755,>15.755,99.990,0.413,0.362,g
2459214.39814,2020-12-30.8987510,bm,1.62,15.809,>15.809,99.990,-0.438,0.345,g
2459214.39938,2020-12-30.8999846,bm,1.59,15.795,>15.795,99.990,0.196,0.349,g
2459214.40060,2020-12-30.9012098,bm,1.55,15.745,>15.745,99.990,-0.473,0.366,g
2459214.64594,2020-12-31.1465424,bi,1.48,15.832,>15.832,99.990,0.790,0.337,g
2459214.64718,2020-12-31.1477820,bi,1.51,15.843,>15.843,99.990,-0.197,0.334,g
2459214.64842,2020-12-31.1490208,bi,1.44,15.730,>15.730,99.990,-0.183,0.371,g
2459215.55222,2021-01-01.0528278,bE,1.45,16.727,>16.727,99.990,0.104,0.148,g
2459215.55351,2021-01-01.0541226,bE,1.46,16.765,>16.765,99.990,-0.028,0.143,g
2459215.55352,2021-01-01.0541229,bF,1.57,99.990,99.990,99.990,99.990,99.990,g
2459215.55480,2021-01-01.0554086,bF,1.59,99.990,99.990,99.990,99.990,99.990,g
2459215.55480,2021-01-01.0554083,bE,1.43,16.700,>16.700,99.990,0.127,0.152,g
2459216.35935,2021-01-01.8599597,bm,1.63,16.168,>16.168,99.990,0.383,0.248,g
2459216.36082,2021-01-01.8614300,bm,1.58,16.303,>16.303,99.990,-0.135,0.219,g
2459216.36230,2021-01-01.8629060,bm,1.61,16.157,>16.157,99.990,0.107,0.250,g
2459216.60086,2021-01-02.1014739,bE,1.46,16.689,>16.689,99.990,0.373,0.153,g
2459216.60215,2021-01-02.1027635,bF,1.49,99.990,99.990,99.990,99.990,99.990,g
2459216.60215,2021-01-02.1027637,bE,1.53,16.451,>16.451,99.990,0.356,0.191,g
2459216.60344,2021-01-02.1040533,bF,1.50,99.990,99.990,99.990,99.990,99.990,g
2459216.60344,2021-01-02.1040526,bE,1.48,16.504,>16.504,99.990,-0.200,0.182,g
2459217.36367,2021-01-02.8642876,bm,1.52,16.552,>16.552,99.990,0.316,0.174,g
2459217.36490,2021-01-02.8655178,bm,1.52,16.503,>16.503,99.990,-0.091,0.182,g
2459217.36612,2021-01-02.8667388,bm,1.46,16.519,>16.519,99.990,0.155,0.179,g
2459217.37109,2021-01-02.8717035,bm,1.52,16.251,>16.251,99.990,0.240,0.229,g
2459217.37231,2021-01-02.8729195,bm,1.53,16.357,>16.357,99.990,0.098,0.208,g
2459217.37354,2021-01-02.8741506,bm,1.58,16.387,>16.387,99.990,-0.090,0.203,g
2459217.61405,2021-01-03.1146674,bi,1.43,16.686,>16.686,99.990,0.079,0.154,g
2459217.61528,2021-01-03.1158973,bi,1.42,16.632,>16.632,99.990,0.177,0.162,g
2459217.61651,2021-01-03.1171206,bi,1.46,16.574,>16.574,99.990,0.182,0.170,g
2459218.82731,2021-01-04.3279321,bE,1.59,16.403,>16.403,99.990,-0.016,0.199,g
2459218.82861,2021-01-04.3292302,bE,1.51,16.197,>16.197,99.990,0.274,0.241,g
2459218.82991,2021-01-04.3305280,bE,1.61,16.317,>16.317,99.990,0.322,0.216,g
2459219.48718,2021-01-04.9878060,bm,1.49,16.260,>16.260,99.990,-0.355,0.228,g
2459219.48840,2021-01-04.9890256,bm,1.54,16.448,>16.448,99.990,-0.685,0.191,g
2459219.48962,2021-01-04.9902461,bm,1.47,16.185,>16.185,99.990,0.041,0.244,g
2459219.77696,2021-01-05.2775873,bE,1.49,16.680,>16.680,99.990,0.167,0.155,g
2459219.77829,2021-01-05.2789114,bE,1.45,16.542,>16.542,99.990,0.143,0.176,g
2459219.77959,2021-01-05.2802192,bE,1.51,16.487,>16.487,99.990,0.223,0.185,g
2459220.67470,2021-01-06.1753313,bi,1.42,16.595,>16.595,99.990,-0.201,0.167,g
2459220.67593,2021-01-06.1765576,bi,1.45,16.634,>16.634,99.990,0.058,0.161,g
2459220.67717,2021-01-06.1777969,bi,1.36,16.606,>16.606,99.990,0.227,0.165,g
2459221.39845,2021-01-06.8990868,bm,1.54,16.717,>16.717,99.990,0.321,0.149,g
2459221.39969,2021-01-06.9003192,bm,1.60,16.709,>16.709,99.990,0.370,0.151,g
2459221.40090,2021-01-06.9015435,bm,1.47,16.737,>16.737,99.990,0.276,0.147,g
2459221.43204,2021-01-06.9326837,bm,1.47,16.769,>16.769,99.990,0.295,0.142,g
2459221.43327,2021-01-06.9339059,bm,1.46,16.699,>16.699,99.990,-0.041,0.152,g
2459221.43454,2021-01-06.9351687,bm,1.53,99.990,99.990,99.990,99.990,99.990,g
2459221.49229,2021-01-06.9929253,bm,1.55,16.464,>16.464,99.990,0.288,0.189,g
2459221.49353,2021-01-06.9941658,bm,1.56,16.576,>16.576,99.990,0.101,0.170,g
2459221.49476,2021-01-06.9953947,bm,1.55,16.479,>16.479,99.990,0.169,0.186,g
2459222.32694,2021-01-07.8275741,bm,1.56,99.990,99.990,99.990,99.990,99.990,g
2459222.32820,2021-01-07.8288310,bm,1.52,16.720,>16.720,99.990,0.156,0.149,g
2459222.32942,2021-01-07.8300516,bm,1.52,99.990,99.990,99.990,99.990,99.990,g
2459222.55720,2021-01-08.0578395,bi,2.44,16.484,>16.484,99.990,0.067,0.185,g
2459222.55843,2021-01-08.0590693,bi,2.01,16.614,>16.614,99.990,0.120,0.164,g
2459222.55966,2021-01-08.0602937,bi,1.66,16.546,>16.546,99.990,0.159,0.175,g
2459223.32293,2021-01-08.8235759,bm,1.49,16.841,>16.841,99.990,-0.113,0.133,g
2459223.32416,2021-01-08.8247952,bm,1.50,16.687,>16.687,99.990,-0.280,0.154,g
2459223.32537,2021-01-08.8260203,bm,1.50,16.627,>16.627,99.990,0.171,0.162,g
2459223.56121,2021-01-09.0618531,bi,1.38,16.517,>16.517,99.990,0.199,0.180,g
2459223.56244,2021-01-09.0630814,bi,1.44,16.650,>16.650,99.990,0.201,0.159,g
2459223.56367,2021-01-09.0643120,bi,1.45,16.606,>16.606,99.990,-0.170,0.165,g
2459224.61704,2021-01-10.1176775,bi,1.56,16.726,>16.726,99.990,0.114,0.148,g
2459224.61826,2021-01-10.1189028,bi,1.48,16.661,>16.661,99.990,0.096,0.157,g
2459224.61949,2021-01-10.1201329,bi,1.55,16.707,>16.707,99.990,0.347,0.151,g
2459225.81176,2021-01-11.3124090,bE,1.50,16.892,>16.892,99.990,0.309,0.127,g
2459226.36069,2021-01-11.8613392,bm,1.50,16.573,>16.573,99.990,0.009,0.171,g
2459226.36192,2021-01-11.8625708,bm,1.49,16.799,>16.799,99.990,0.185,0.139,g
2459226.36315,2021-01-11.8637993,bm,1.50,99.990,99.990,99.990,99.990,99.990,g
2459228.33089,2021-01-13.8315427,bm,1.49,16.773,>16.773,99.990,0.022,0.142,g
2459228.33222,2021-01-13.8328712,bm,1.49,16.634,>16.634,99.990,0.063,0.161,g
2459228.33348,2021-01-13.8341399,bm,1.46,16.730,>16.730,99.990,-0.003,0.148,g
2459228.56780,2021-01-14.0684553,bi,1.45,16.708,>16.708,99.990,0.164,0.151,g
2459228.56903,2021-01-14.0696840,bi,1.41,16.603,>16.603,99.990,0.029,0.166,g
2459228.57026,2021-01-14.0709121,bi,1.45,16.737,>16.737,99.990,-0.012,0.147,g
2459229.50505,2021-01-15.0057075,bm,1.48,16.686,>16.686,99.990,-0.237,0.154,g
2459229.50629,2021-01-15.0069504,bm,1.54,16.793,>16.793,99.990,0.004,0.139,g
2459229.50752,2021-01-15.0081761,bm,1.53,99.990,99.990,99.990,99.990,99.990,g
2459229.54136,2021-01-15.0420175,bi,2.40,16.447,>16.447,99.990,0.612,0.192,g
2459229.54259,2021-01-15.0432446,bi,2.41,16.551,>16.551,99.990,0.011,0.174,g
2459229.54381,2021-01-15.0444723,bi,2.42,16.441,>16.441,99.990,-0.302,0.193,g
2459231.42959,2021-01-16.9302533,bm,1.55,16.736,>16.736,99.990,0.355,0.147,g
2459231.43082,2021-01-16.9314788,bm,1.54,16.774,>16.774,99.990,-0.191,0.142,g
2459231.43205,2021-01-16.9327137,bm,1.54,16.745,>16.745,99.990,-0.008,0.146,g
2459233.31300,2021-01-18.8136648,bm,1.53,16.696,>16.696,99.990,-0.351,0.152,g
2459233.31423,2021-01-18.8148913,bm,1.47,16.774,>16.774,99.990,0.132,0.142,g
2459233.31544,2021-01-18.8161082,bm,1.46,16.609,>16.609,99.990,0.329,0.165,g
2459233.45831,2021-01-18.9589791,bm,1.49,16.637,>16.637,99.990,0.198,0.161,g
2459233.45955,2021-01-18.9602119,bm,1.47,16.659,>16.659,99.990,0.013,0.158,g
2459233.46078,2021-01-18.9614434,bm,1.52,16.752,>16.752,99.990,0.176,0.145,g
2459233.51449,2021-01-19.0151577,bm,1.49,16.631,>16.631,99.990,0.068,0.162,g
2459233.51571,2021-01-19.0163749,bm,1.48,16.687,>16.687,99.990,-0.037,0.154,g
2459233.51694,2021-01-19.0176049,bm,1.56,16.725,>16.725,99.990,0.612,0.148,g
2459234.56467,2021-01-20.0653327,bF,1.51,99.990,99.990,99.990,99.990,99.990,g
2459234.56467,2021-01-20.0653332,bE,2.24,16.600,>16.600,99.990,-0.056,0.166,g
2459234.56595,2021-01-20.0666212,bE,2.20,16.580,>16.580,99.990,0.321,0.169,g
2459234.56726,2021-01-20.0679368,bE,2.21,16.527,>16.527,99.990,0.084,0.178,g
2459235.43201,2021-01-20.9326710,bm,1.43,99.990,99.990,99.990,99.990,99.990,g
2459235.43323,2021-01-20.9339018,bm,1.48,99.990,99.990,99.990,99.990,99.990,g
2459235.43445,2021-01-20.9351222,bm,1.49,99.990,99.990,99.990,99.990,99.990,g
2459240.28527,2021-01-25.7859436,bm,1.98,15.960,>15.960,99.990,0.258,0.300,g
2459240.28651,2021-01-25.7871771,bm,1.96,15.982,>15.982,99.990,0.667,0.294,g
2459240.28773,2021-01-25.7884049,bm,1.95,16.024,>16.024,99.990,0.027,0.283,g
2459240.52553,2021-01-26.0262026,bm,1.53,16.208,>16.208,99.990,-0.030,0.239,g
2459242.35792,2021-01-27.8585938,bm,1.52,15.925,>15.925,99.990,0.388,0.310,g
2459242.35918,2021-01-27.8598474,bm,1.99,15.671,>15.671,99.990,0.070,0.391,g
2459242.36041,2021-01-27.8610785,bm,1.97,15.736,>15.736,99.990,0.424,0.369,g
2459242.76225,2021-01-28.2629178,bE,1.50,15.566,>15.566,99.990,-0.036,0.431,g
2459242.76355,2021-01-28.2642226,bE,1.51,15.798,>15.798,99.990,0.124,0.348,g
2459242.76485,2021-01-28.2655188,bE,1.53,15.964,>15.964,99.990,-0.840,0.299,g
2459243.44736,2021-01-28.9480241,bm,1.65,15.464,>15.464,99.990,-0.271,0.474,g
2459243.44859,2021-01-28.9492545,bm,1.58,15.629,>15.629,99.990,0.928,0.407,g
2459243.44980,2021-01-28.9504706,bm,1.56,15.511,>15.511,99.990,-0.111,0.453,g
2459244.44659,2021-01-29.9472608,bm,2.00,15.645,>15.645,99.990,0.144,0.401,g
2459244.44781,2021-01-29.9484762,bm,2.00,15.646,>15.646,99.990,-0.661,0.401,g
2459244.44903,2021-01-29.9496991,bm,1.68,15.774,>15.774,99.990,0.445,0.356,g
2459245.35352,2021-01-30.8541847,bm,1.56,15.987,>15.987,99.990,-0.226,0.293,g
2459245.35475,2021-01-30.8554123,bm,1.51,16.000,>16.000,99.990,-0.168,0.289,g
2459245.35595,2021-01-30.8566260,bm,1.51,15.984,>15.984,99.990,-0.156,0.293,g
2459248.33230,2021-02-02.8329590,bm,1.52,99.990,99.990,99.990,99.990,99.990,g
2459248.33352,2021-02-02.8341822,bm,1.56,16.657,>16.657,99.990,0.099,0.158,g
2459248.33475,2021-02-02.8354125,bm,1.54,99.990,99.990,99.990,99.990,99.990,g
2459248.64566,2021-02-03.1463239,bE,1.54,16.664,>16.664,99.990,0.428,0.157,g
2459248.64695,2021-02-03.1476072,bE,1.56,16.611,>16.611,99.990,0.105,0.165,g
2459248.64825,2021-02-03.1489129,bE,1.57,16.814,>16.814,99.990,0.155,0.137,g
2459250.42757,2021-02-04.9282280,bm,1.55,99.990,99.990,99.990,99.990,99.990,g
2459250.42880,2021-02-04.9294590,bm,1.50,16.624,>16.624,99.990,0.082,0.163,g
2459250.43002,2021-02-04.9306842,bm,1.58,99.990,99.990,99.990,99.990,99.990,g
2459251.69962,2021-02-06.2002793,bE,1.50,16.801,>16.801,99.990,0.293,0.138,g
2459251.70092,2021-02-06.2015754,bE,1.46,16.990,>16.990,99.990,0.154,0.116,g
2459251.70223,2021-02-06.2028859,bE,1.54,16.829,>16.829,99.990,0.064,0.135,g
2459252.41900,2021-02-06.9196525,bm,1.52,16.689,>16.689,99.990,-0.229,0.153,g
2459252.42021,2021-02-06.9208663,bm,1.55,99.990,99.990,99.990,99.990,99.990,g
2459252.42144,2021-02-06.9220951,bm,1.57,16.532,>16.532,99.990,0.142,0.177,g
2459252.73067,2021-02-07.2313179,bE,1.44,17.024,>17.024,99.990,0.202,0.113,g
2459252.73195,2021-02-07.2326078,bE,1.45,16.769,>16.769,99.990,-0.019,0.142,g
2459252.73326,2021-02-07.2339194,bE,1.45,16.903,>16.903,99.990,0.285,0.126,g
2459253.48159,2021-02-07.9822386,bm,1.59,16.663,>16.663,99.990,0.501,0.157,g
2459253.48282,2021-02-07.9834664,bm,1.57,16.640,>16.640,99.990,-0.137,0.160,g
2459253.48404,2021-02-07.9846934,bm,1.49,16.630,>16.630,99.990,-0.094,0.162,g
2459254.44378,2021-02-08.9444324,bm,1.48,16.658,>16.658,99.990,0.443,0.158,g
2459254.44501,2021-02-08.9456535,bm,1.57,16.642,>16.642,99.990,-0.151,0.160,g
2459254.44623,2021-02-08.9468732,bm,1.52,16.730,>16.730,99.990,0.014,0.148,g
2459255.48179,2021-02-09.9824377,bm,1.51,99.990,99.990,99.990,99.990,99.990,g
2459255.48302,2021-02-09.9836702,bm,1.48,16.679,>16.679,99.990,0.330,0.155,g
2459255.48425,2021-02-09.9849001,bm,1.56,99.990,99.990,99.990,99.990,99.990,g
2459256.47951,2021-02-10.9801493,bm,1.53,16.346,>16.346,99.990,0.172,0.210,g
2459256.48074,2021-02-10.9813817,bm,1.53,15.884,>15.884,99.990,-0.130,0.322,g
2459256.48198,2021-02-10.9826236,bm,1.50,16.271,>16.271,99.990,-0.132,0.225,g
2459256.53291,2021-02-11.0335531,bi,1.54,16.567,>16.567,99.990,0.250,0.171,g
2459256.53413,2021-02-11.0347782,bi,1.48,16.645,>16.645,99.990,0.146,0.160,g
2459256.53537,2021-02-11.0360097,bi,1.52,16.630,>16.630,99.990,0.211,0.162,g
2459257.68786,2021-02-12.1884983,bi,1.46,16.736,>16.736,99.990,0.447,0.147,g
2459257.68909,2021-02-12.1897215,bi,1.38,16.509,>16.509,99.990,-0.004,0.181,g
2459257.69033,2021-02-12.1909677,bi,1.42,16.455,>16.455,99.990,-0.626,0.190,g
2459258.34267,2021-02-12.8433126,bm,1.53,99.990,99.990,99.990,99.990,99.990,g
2459258.34389,2021-02-12.8445324,bm,1.57,15.600,>15.600,99.990,0.378,0.418,g
2459258.34512,2021-02-12.8457586,bm,1.51,15.571,>15.571,99.990,-0.296,0.429,g
2459258.40684,2021-02-12.9074741,bm,1.60,16.748,>16.748,99.990,0.134,0.145,g
2459258.40807,2021-02-12.9087042,bm,1.54,16.675,>16.675,99.990,-0.264,0.155,g
2459258.40929,2021-02-12.9099261,bm,1.48,16.590,>16.590,99.990,0.263,0.168,g
2459259.40585,2021-02-13.9064833,bm,1.58,16.470,>16.470,99.990,0.182,0.188,g
2459259.40708,2021-02-13.9077144,bm,1.59,16.649,>16.649,99.990,0.144,0.159,g
2459259.40831,2021-02-13.9089430,bm,1.54,16.439,>16.439,99.990,0.128,0.193,g
2459259.70251,2021-02-14.2031395,bE,1.49,16.717,>16.717,99.990,0.009,0.149,g
2459259.70380,2021-02-14.2044303,bE,1.51,16.833,>16.833,99.990,0.076,0.134,g
2459259.70510,2021-02-14.2057290,bE,1.49,16.685,>16.685,99.990,0.176,0.154,g
2459261.31371,2021-02-15.8143431,bm,2.02,16.622,>16.622,99.990,0.133,0.163,g
2459261.31498,2021-02-15.8156026,bm,2.01,16.554,>16.554,99.990,-0.053,0.174,g
2459261.31625,2021-02-15.8168785,bm,2.03,16.649,>16.649,99.990,0.004,0.159,g
2459261.53318,2021-02-16.0337986,bi,1.70,16.689,>16.689,99.990,-0.345,0.153,g
2459261.53440,2021-02-16.0350247,bi,1.71,16.635,>16.635,99.990,0.097,0.161,g
2459261.53564,2021-02-16.0362592,bi,1.68,16.614,>16.614,99.990,0.080,0.164,g
2459262.42299,2021-02-16.9236122,bm,1.58,16.819,>16.819,99.990,0.060,0.136,g
2459262.42423,2021-02-16.9248528,bm,2.06,16.723,>16.723,99.990,-0.151,0.149,g
2459262.42546,2021-02-16.9260864,bm,2.00,16.561,>16.561,99.990,-0.183,0.172,g
2459262.70941,2021-02-17.2100223,bE,1.51,17.038,>17.038,99.990,0.082,0.111,g
2459262.71070,2021-02-17.2113188,bE,1.47,16.701,>16.701,99.990,0.284,0.152,g
2459262.71199,2021-02-17.2126108,bE,1.55,16.812,>16.812,99.990,0.149,0.137,g
2459263.70000,2021-02-18.2006275,bE,1.45,16.778,>16.778,99.990,0.227,0.141,g
2459263.70130,2021-02-18.2019237,bE,1.49,16.768,>16.768,99.990,0.062,0.143,g
2459263.70260,2021-02-18.2032221,bE,1.48,16.742,>16.742,99.990,0.161,0.146,g
2459265.29340,2021-02-19.7940011,bm,1.51,16.459,>16.459,99.990,0.003,0.189,g
2459265.29463,2021-02-19.7952370,bm,1.43,16.549,>16.549,99.990,-0.043,0.174,g
2459265.29587,2021-02-19.7964707,bm,1.53,16.568,>16.568,99.990,0.368,0.171,g
2459266.53119,2021-02-21.0317936,bE,1.51,16.594,>16.594,99.990,-0.179,0.167,g
2459266.53248,2021-02-21.0330744,bE,1.45,16.513,>16.513,99.990,0.246,0.180,g
2459266.53376,2021-02-21.0343626,bE,1.44,16.526,>16.526,99.990,0.377,0.178,g
2459267.41286,2021-02-21.9134587,bm,2.09,99.990,99.990,99.990,99.990,99.990,g
2459267.41408,2021-02-21.9146770,bm,2.11,99.990,99.990,99.990,99.990,99.990,g
2459267.41532,2021-02-21.9159165,bm,2.10,99.990,99.990,99.990,99.990,99.990,g
2459269.63690,2021-02-24.1374854,bE,1.45,16.187,>16.187,99.990,0.171,0.243,g
2459269.63821,2021-02-24.1387995,bE,1.53,16.167,>16.167,99.990,-0.014,0.248,g
2459269.63953,2021-02-24.1401093,bE,1.55,16.198,>16.198,99.990,-0.114,0.241,g
2459270.57666,2021-02-25.0772327,bE,1.45,16.287,>16.287,99.990,-0.144,0.222,g
2459270.57796,2021-02-25.0785378,bE,1.43,16.089,>16.089,99.990,-0.101,0.266,g
2459270.57927,2021-02-25.0798444,bE,1.55,16.131,>16.131,99.990,0.342,0.256,g
2459271.33884,2021-02-25.8394094,bm,1.65,15.706,>15.706,99.990,-0.275,0.379,g
2459271.34007,2021-02-25.8406467,bm,1.52,15.718,>15.718,99.990,0.099,0.375,g
2459271.34131,2021-02-25.8418788,bm,1.52,15.717,>15.717,99.990,-0.696,0.375,g
2459271.37038,2021-02-25.8709552,bm,2.09,15.709,>15.709,99.990,0.109,0.378,g
2459271.37161,2021-02-25.8721805,bm,2.05,15.656,>15.656,99.990,0.304,0.397,g
2459271.37285,2021-02-25.8734201,bm,2.07,15.621,>15.621,99.990,-0.675,0.410,g
2459272.30153,2021-02-26.8021028,bm,1.41,15.598,>15.598,99.990,-0.100,0.419,g
2459272.30278,2021-02-26.8033431,bm,1.55,15.710,>15.710,99.990,0.827,0.377,g
2459272.30401,2021-02-26.8045751,bm,1.46,15.805,>15.805,99.990,-0.193,0.346,g
2459272.33782,2021-02-26.8383924,bm,1.63,15.618,>15.618,99.990,-0.216,0.411,g
2459272.33906,2021-02-26.8396216,bm,1.58,15.470,>15.470,99.990,0.984,0.471,g
2459272.34028,2021-02-26.8408506,bm,1.61,15.539,>15.539,99.990,-0.667,0.442,g
2459272.37827,2021-02-26.8788322,bm,1.60,15.654,>15.654,99.990,0.216,0.398,g
2459272.37950,2021-02-26.8800681,bm,1.68,15.551,>15.551,99.990,0.513,0.437,g
2459272.38072,2021-02-26.8812900,bm,1.64,15.554,>15.554,99.990,-1.290,0.436,g
2459273.25310,2021-02-27.7536575,bm,1.96,15.506,>15.506,99.990,-1.450,0.456,g
2459273.25432,2021-02-27.7548776,bm,1.95,15.452,>15.452,99.990,-0.012,0.479,g
2459273.25553,2021-02-27.7560885,bm,1.72,15.664,>15.664,99.990,0.024,0.394,g
2459275.54892,2021-03-02.0494613,bi,1.48,16.400,>16.400,99.990,-0.345,0.200,g
2459275.55016,2021-03-02.0507056,bi,1.45,16.521,>16.521,99.990,-0.288,0.179,g
2459275.55138,2021-03-02.0519277,bi,1.43,16.388,>16.388,99.990,0.191,0.202,g
2459276.27662,2021-03-02.7771591,bm,1.48,16.882,>16.882,99.990,-0.235,0.128,g
2459276.27785,2021-03-02.7783879,bm,1.48,16.793,>16.793,99.990,0.113,0.139,g
2459276.27907,2021-03-02.7796087,bm,1.49,16.709,>16.709,99.990,0.214,0.151,g
2459278.30156,2021-03-04.8020913,bm,1.55,16.833,>16.833,99.990,0.481,0.134,g
2459278.30278,2021-03-04.8033097,bm,1.49,16.656,>16.656,99.990,0.194,0.158,g
2459278.30401,2021-03-04.8045412,bm,1.49,16.649,>16.649,99.990,0.029,0.159,g
2459279.29670,2021-03-05.7972194,bm,1.53,16.621,>16.621,99.990,0.230,0.163,g
2459279.29792,2021-03-05.7984403,bm,1.49,16.697,>16.697,99.990,0.204,0.152,g
2459279.29913,2021-03-05.7996528,bm,1.49,16.543,>16.543,99.990,0.282,0.175,g
2459279.36347,2021-03-05.8639934,bm,1.63,16.598,>16.598,99.990,0.307,0.167,g
2459279.36470,2021-03-05.8652196,bm,1.60,16.717,>16.717,99.990,-0.091,0.149,g
2459279.36592,2021-03-05.8664418,bm,1.56,16.653,>16.653,99.990,0.205,0.158,g
2459280.65576,2021-03-07.1562697,bE,1.51,16.724,>16.724,99.990,0.098,0.148,g
2459280.65704,2021-03-07.1575462,bE,1.52,16.905,>16.905,99.990,0.230,0.126,g
2459280.65833,2021-03-07.1588371,bE,1.49,16.771,>16.771,99.990,0.132,0.142,g
2459281.65188,2021-03-08.1523895,bE,1.50,16.795,>16.795,99.990,0.186,0.139,g
2459281.65317,2021-03-08.1536730,bE,1.54,16.816,>16.816,99.990,0.077,0.136,g
2459281.65447,2021-03-08.1549714,bE,1.47,16.925,>16.925,99.990,0.142,0.123,g
2459282.29424,2021-03-08.7947376,bm,1.63,99.990,99.990,99.990,99.990,99.990,g
2459282.29670,2021-03-08.7971976,bm,1.57,99.990,99.990,99.990,99.990,99.990,g
2459282.36297,2021-03-08.8634686,bm,1.52,99.990,99.990,99.990,99.990,99.990,g
2459282.36420,2021-03-08.8646974,bm,1.73,14.109,>14.109,99.990,4.248,1.651,g
2459282.36543,2021-03-08.8659263,bm,1.67,99.990,99.990,99.990,99.990,99.990,g
2459282.65474,2021-03-09.1552331,bE,1.48,16.889,>16.889,99.990,0.075,0.127,g
2459282.65605,2021-03-09.1565438,bE,1.49,16.739,>16.739,99.990,0.220,0.146,g
2459282.65734,2021-03-09.1578337,bE,1.51,16.821,>16.821,99.990,0.148,0.136,g
2459283.65365,2021-03-10.1541432,bE,1.52,16.737,>16.737,99.990,0.238,0.147,g
2459283.65494,2021-03-10.1554260,bE,2.20,16.538,>16.538,99.990,-0.157,0.176,g
2459284.64496,2021-03-11.1454394,bE,1.46,16.065,>16.065,99.990,-0.043,0.272,g
2459284.64625,2021-03-11.1467307,bE,1.39,15.943,>15.943,99.990,-0.408,0.305,g
2459284.64755,2021-03-11.1480285,bE,1.49,16.410,>16.410,99.990,0.251,0.198,g
2459286.33550,2021-03-12.8359671,bm,1.64,16.671,>16.671,99.990,0.219,0.156,g
2459286.33672,2021-03-12.8371831,bm,1.53,16.628,>16.628,99.990,-0.215,0.162,g
2459286.33795,2021-03-12.8384120,bm,1.56,16.622,>16.622,99.990,0.080,0.163,g
2459287.63463,2021-03-14.1350767,bE,1.55,16.662,>16.662,99.990,0.183,0.157,g
2459287.63592,2021-03-14.1363734,bE,1.54,16.766,>16.766,99.990,-0.010,0.143,g
2459287.63721,2021-03-14.1376600,bE,1.60,16.735,>16.735,99.990,-0.163,0.147,g
2459289.24486,2021-03-15.7453,bm,2.02,16.182,>16.182,99.990,0.320,0.244,g
2459289.24610,2021-03-15.7465314,bm,1.59,16.367,>16.367,99.990,-0.255,0.206,g
2459289.24731,2021-03-15.7477556,bm,1.51,16.476,>16.476,99.990,-0.162,0.186,g
2459290.36542,2021-03-16.8658431,bm,2.04,16.598,>16.598,99.990,0.059,0.167,g
2459290.36664,2021-03-16.8670675,bm,2.06,99.990,99.990,99.990,99.990,99.990,g
2459290.36786,2021-03-16.8682916,bm,2.08,16.486,>16.486,99.990,0.195,0.185,g
2459292.24007,2021-03-18.7404856,bm,1.51,16.265,>16.265,99.990,-0.833,0.226,g
2459292.24249,2021-03-18.7429079,bm,1.57,16.212,>16.212,99.990,0.176,0.238,g
2459292.52296,2021-03-19.0233712,bi,1.46,16.479,>16.479,99.990,0.111,0.186,g
2459292.52420,2021-03-19.0246062,bi,1.49,16.604,>16.604,99.990,0.061,0.166,g
2459292.52542,2021-03-19.0258350,bi,1.41,16.505,>16.505,99.990,-0.435,0.182,g
2459293.54462,2021-03-20.0450179,bE,1.5,16.601,>16.601,99.990,0.106,0.166,g
2459293.54591,2021-03-20.0463162,bE,1.54,16.658,>16.658,99.990,-0.049,0.158,g
2459293.54722,2021-03-20.0476137,bE,1.47,16.643,>16.643,99.990,0.043,0.160,g
2459294.37709,2021-03-20.8774811,bm,2.17,16.535,>16.535,99.990,0.070,0.177,g
2459294.37831,2021-03-20.8786996,bm,2.19,16.443,>16.443,99.990,-0.180,0.192,g
2459294.53219,2021-03-21.0325865,bi,1.46,16.315,>16.315,99.990,0.001,0.216,g
2459294.53341,2021-03-21.0338039,bi,1.43,16.312,>16.312,99.990,0.391,0.217,g
2459294.53464,2021-03-21.0350328,bi,1.46,16.329,>16.329,99.990,0.236,0.214,g
2459295.37025,2021-03-21.8706270,bm,1.99,99.990,99.990,99.990,99.990,99.990,g
2459295.37147,2021-03-21.8718548,bm,2.01,16.309,>16.309,99.990,0.166,0.218,g
2459295.37269,2021-03-21.8730732,bm,2.0,99.990,99.990,99.990,99.990,99.990,g
2459296.49746,2021-03-22.9978318,bE,1.56,16.543,>16.543,99.990,0.248,0.175,g
2459296.49875,2021-03-22.9991256,bE,1.55,16.419,>16.419,99.990,-0.107,0.197,g
2459296.50004,2021-03-23.0004131,bE,1.56,16.565,>16.565,99.990,0.336,0.172,g
2459297.57630,2021-03-24.0766626,bE,1.49,16.365,>16.365,99.990,0.140,0.207,g
2459297.57759,2021-03-24.0779526,bE,1.54,16.374,>16.374,99.990,-0.134,0.205,g
2459297.57889,2021-03-24.0792486,bE,1.52,16.335,>16.335,99.990,0.172,0.212,g
2459298.36276,2021-03-24.8631052,bm,1.68,15.854,>15.854,99.990,-0.488,0.331,g
2459298.36398,2021-03-24.8643327,bm,1.66,15.873,>15.873,99.990,-0.251,0.325,g
2459298.36520,2021-03-24.8655579,bm,1.55,15.957,>15.957,99.990,0.115,0.301,g
2459300.60062,2021-03-27.1009469,bE,1.56,15.883,>15.883,99.990,-0.098,0.322,g
2459300.60192,2021-03-27.1022503,bE,1.49,15.941,>15.941,99.990,-0.072,0.305,g
2459300.60320,2021-03-27.1035434,bE,1.49,15.971,>15.971,99.990,-0.081,0.297,g
2459301.59938,2021-03-28.0997043,bE,1.49,15.648,>15.648,99.990,0.102,0.400,g
2459301.60068,2021-03-28.1010018,bE,1.54,15.598,>15.598,99.990,-0.645,0.419,g
2459301.60197,2021-03-28.1022910,bE,1.53,15.674,>15.674,99.990,0.241,0.390,g
2459305.24827,2021-03-31.7485535,bm,1.47,16.782,>16.782,99.990,0.034,0.141,g
2459305.24950,2021-03-31.7497812,bm,1.46,16.763,>16.763,99.990,0.217,0.143,g
2459305.25072,2021-03-31.7510034,bm,1.48,16.688,>16.688,99.990,0.161,0.153,g
2459306.56197,2021-04-02.0622393,bE,1.45,16.668,>16.668,99.990,0.541,0.156,g
2459306.56326,2021-04-02.0635255,bE,1.56,16.735,>16.735,99.990,0.343,0.147,g
2459306.56455,2021-04-02.0648263,bE,1.56,16.888,>16.888,99.990,0.176,0.128,g
2459308.25338,2021-04-03.7536263,bm,1.52,16.695,>16.695,99.990,0.271,0.152,g
2459308.25459,2021-04-03.7548449,bm,1.56,16.692,>16.692,99.990,0.201,0.153,g
2459308.25582,2021-04-03.7560692,bm,1.56,16.615,>16.615,99.990,0.289,0.164,g
2459309.57650,2021-04-05.0767375,bE,1.58,16.708,>16.708,99.990,0.226,0.151,g
2459309.57781,2021-04-05.0780452,bE,1.53,16.805,>16.805,99.990,-0.106,0.138,g
2459309.57913,2021-04-05.0793609,bE,1.53,16.762,>16.762,99.990,0.114,0.143,g
2459311.57551,2021-04-07.0757354,bE,1.58,16.682,>16.682,99.990,-0.163,0.154,g
2459311.57678,2021-04-07.0769916,bE,1.5,16.687,>16.687,99.990,0.124,0.153,g
2459311.57804,2021-04-07.0782541,bE,1.51,16.603,>16.603,99.990,0.313,0.166,g
2459312.56824,2021-04-08.0684454,bE,1.4,16.592,>16.592,99.990,0.289,0.168,g
2459312.56952,2021-04-08.0697218,bE,1.48,16.445,>16.445,99.990,0.564,0.192,g
2459312.57080,2021-04-08.0710034,bE,1.46,16.605,>16.605,99.990,0.098,0.166,g
2459313.50882,2021-04-09.0090134,bi,1.46,16.573,>16.573,99.990,0.218,0.171,g
2459313.51004,2021-04-09.0102340,bi,1.45,16.543,>16.543,99.990,0.204,0.175,g
2459313.51126,2021-04-09.0114534,bi,1.42,16.636,>16.636,99.990,-0.257,0.161,g
2459315.22742,2021-04-10.7275967,bm,1.53,16.612,>16.612,99.990,0.102,0.165,g
2459315.22942,2021-04-10.7295966,bm,1.63,16.570,>16.570,99.990,0.112,0.171,g
2459316.31742,2021-04-11.8175792,bm,1.58,16.411,>16.411,99.990,-0.313,0.198,g
2459316.31865,2021-04-11.8188037,bm,1.56,16.368,>16.368,99.990,0.030,0.206,g
2459317.24171,2021-04-12.7418621,bm,1.55,16.229,>16.229,99.990,0.389,0.234,g
2459317.24293,2021-04-12.7430851,bm,1.49,16.398,>16.398,99.990,-0.297,0.200,g
2459317.24415,2021-04-12.7443060,bm,1.55,16.189,>16.189,99.990,-0.551,0.243,g
2459319.30657,2021-04-14.8066997,bm,1.55,16.621,>16.621,99.990,0.211,0.163,g
2459319.30781,2021-04-14.8079417,bm,1.54,16.599,>16.599,99.990,0.265,0.166,g
2459319.30904,2021-04-14.8091762,bm,1.55,16.524,>16.524,99.990,0.448,0.178,g
2459320.29921,2021-04-15.7993325,bm,1.58,16.697,>16.697,99.990,-0.110,0.152,g
2459320.30045,2021-04-15.8005619,bm,1.56,16.495,>16.495,99.990,-0.006,0.183,g
2459320.30167,2021-04-15.8017881,bm,1.47,16.510,>16.510,99.990,0.040,0.181,g
2459321.48047,2021-04-16.9805655,bi,1.44,15.820,>15.820,99.990,0.535,0.341,g
2459321.48169,2021-04-16.9817934,bi,1.43,16.343,>16.343,99.990,0.067,0.211,g
2459321.48292,2021-04-16.9830214,bi,1.38,16.437,>16.437,99.990,-0.227,0.193,g
2459323.29803,2021-04-18.7981136,bm,1.51,16.163,>16.163,99.990,0.297,0.249,g
2459323.29926,2021-04-18.7993403,bm,1.49,16.310,>16.310,99.990,-0.271,0.217,g
2459323.48132,2021-04-18.9814083,bi,1.48,16.386,>16.386,99.990,0.021,0.203,g
2459323.48255,2021-04-18.9826361,bi,1.46,16.337,>16.337,99.990,-0.189,0.212,g
2459323.48379,2021-04-18.9838756,bi,1.47,16.229,>16.229,99.990,0.287,0.234,g
2459324.49737,2021-04-19.9974412,bi,1.48,16.187,>16.187,99.990,0.480,0.243,g
2459324.49860,2021-04-19.9986747,bi,1.48,16.403,>16.403,99.990,-0.327,0.199,g
2459324.49984,2021-04-19.9999060,bi,1.52,16.257,>16.257,99.990,0.332,0.228,g
2459326.28264,2021-04-21.7826885,bm,1.6,15.542,>15.542,99.990,-0.057,0.441,g
2459326.28387,2021-04-21.7839189,bm,1.53,15.521,>15.521,99.990,1.288,0.449,g
2459326.28512,2021-04-21.7851586,bm,1.47,13.646,>13.646,99.990,5.360,2.527,g
2459326.51997,2021-04-22.0200152,bi,1.5,15.960,>15.960,99.990,0.688,0.300,g
2459326.52120,2021-04-22.0212406,bi,1.45,16.109,>16.109,99.990,-0.082,0.262,g
2459326.52242,2021-04-22.0224614,bi,1.45,16.060,>16.060,99.990,-0.298,0.274,g
2459328.28138,2021-04-23.7813969,bm,1.57,15.758,>15.758,99.990,0.073,0.361,g
2459328.28259,2021-04-23.7826094,bm,1.61,15.732,>15.732,99.990,-0.509,0.370,g
2459328.28381,2021-04-23.7838340,bm,1.6,15.729,>15.729,99.990,0.192,0.371,g
2459329.52856,2021-04-25.0285682,bE,1.53,15.921,>15.921,99.990,-0.205,0.311,g
2459329.52984,2021-04-25.0298454,bE,2.34,15.544,>15.544,99.990,-0.435,0.440,g
2459331.52318,2021-04-27.0231687,bE,1.55,15.509,>15.509,99.990,-0.205,0.454,g
2459331.52447,2021-04-27.0244555,bE,2.42,15.344,>15.344,99.990,0.804,0.529,g
2459332.26421,2021-04-27.7641878,bm,2.06,15.437,>15.437,99.990,0.715,0.485,g
2459332.26544,2021-04-27.7654168,bm,2.06,15.436,>15.436,99.990,0.467,0.486,g
2459332.26667,2021-04-27.7666449,bm,2.08,15.402,>15.402,99.990,-0.798,0.501,g
2459332.51806,2021-04-28.0180373,bE,1.58,15.819,>15.819,99.990,-0.044,0.342,g
2459332.51935,2021-04-28.0193278,bE,1.52,15.698,>15.698,99.990,0.983,0.382,g
2459332.52064,2021-04-28.0206071,bE,1.6,15.758,>15.758,99.990,0.362,0.361,g
2459333.24037,2021-04-28.7403335,bm,1.57,15.836,>15.836,99.990,0.116,0.336,g
2459333.24160,2021-04-28.7415645,bm,1.59,15.268,>15.268,99.990,-0.484,0.567,g
2459333.24283,2021-04-28.7427971,bm,1.52,14.044,>14.044,99.990,3.133,1.752,g
2459334.47322,2021-04-29.9731738,bi,2.07,16.599,>16.599,99.990,0.076,0.167,g
2459334.47446,2021-04-29.9744111,bi,2.04,16.547,>16.547,99.990,0.326,0.175,g
2459334.47569,2021-04-29.9756410,bi,2.03,16.473,>16.473,99.990,0.673,0.187,g
2459336.50399,2021-05-02.0039190,bE,1.43,16.197,>16.197,99.990,0.068,0.241,g
2459336.50530,2021-05-02.0052231,bE,1.48,16.425,>16.425,99.990,0.030,0.195,g
2459336.50657,2021-05-02.0064993,bE,1.48,16.221,>16.221,99.990,0.100,0.236,g
2459337.25993,2021-05-02.7598479,bm,1.48,16.616,>16.616,99.990,0.252,0.164,g
2459337.26116,2021-05-02.7610814,bm,1.52,16.624,>16.624,99.990,0.225,0.163,g
2459337.47903,2021-05-02.9789417,bi,1.51,16.302,>16.302,99.990,-0.269,0.219,g
2459337.48026,2021-05-02.9801707,bi,1.47,16.381,>16.381,99.990,-0.051,0.204,g
2459337.48148,2021-05-02.9813997,bi,1.4,16.302,>16.302,99.990,0.066,0.219,g
2459339.45915,2021-05-04.9590483,bi,2.0,15.858,>15.858,99.990,-0.143,0.330,g
2459339.46039,2021-05-04.9602877,bi,1.75,15.858,>15.858,99.990,0.715,0.329,g
2459339.46162,2021-05-04.9615192,bi,1.77,16.126,>16.126,99.990,-0.079,0.257,g
2459340.49636,2021-05-05.9962439,bE,1.51,16.757,>16.757,99.990,0.098,0.144,g
2459340.49764,2021-05-05.9975185,bE,1.51,16.722,>16.722,99.990,0.496,0.149,g
2459340.49891,2021-05-05.9987891,bE,1.52,16.772,>16.772,99.990,-0.008,0.142,g
2459342.46182,2021-05-07.9616843,bE,1.56,16.545,>16.545,99.990,0.145,0.175,g
2459342.46310,2021-05-07.9629635,bE,1.53,16.693,>16.693,99.990,-0.263,0.153,g
2459342.46438,2021-05-07.9642466,bE,1.52,16.712,>16.712,99.990,0.384,0.150,g
2459344.24171,2021-05-09.7415466,bm,1.55,16.561,>16.561,99.990,0.365,0.172,g
2459344.24294,2021-05-09.7427790,bm,2.24,16.323,>16.323,99.990,0.230,0.215,g
2459344.48442,2021-05-09.9842626,bE,1.47,16.519,>16.519,99.990,0.150,0.179,g
2459344.48572,2021-05-09.9855608,bE,1.49,16.499,>16.499,99.990,-0.280,0.183,g
2459344.48699,2021-05-09.9868358,bE,1.44,15.848,>15.848,99.990,-0.272,0.333,g
2459346.19957,2021-05-11.6993868,bm,1.59,16.039,>16.039,99.990,0.558,0.279,g
2459346.20079,2021-05-11.7006125,bm,1.47,16.061,>16.061,99.990,-0.178,0.273,g
2459346.20202,2021-05-11.7018449,bm,1.48,16.329,>16.329,99.990,-0.007,0.213,g
2459348.21442,2021-05-13.7142225,bm,1.47,16.640,>16.640,99.990,0.332,0.160,g
2459348.21565,2021-05-13.7154409,bm,1.48,16.599,>16.599,99.990,0.188,0.167,g
2459348.21686,2021-05-13.7166593,bm,1.47,16.625,>16.625,99.990,0.259,0.163,g
2459349.47013,2021-05-14.9699122,bE,1.52,16.686,>16.686,99.990,0.042,0.154,g
2459349.47143,2021-05-14.9712112,bE,1.52,16.793,>16.793,99.990,-0.011,0.139,g
2459349.47270,2021-05-14.9724858,bE,1.53,16.692,>16.692,99.990,-0.067,0.153,g
2459351.46214,2021-05-16.9619002,bE,1.58,16.663,>16.663,99.990,-0.116,0.157,g
2459351.46343,2021-05-16.9631907,bE,1.56,16.668,>16.668,99.990,0.236,0.156,g
2459351.46471,2021-05-16.9644746,bE,1.53,16.656,>16.656,99.990,-0.096,0.158,g
2459352.46700,2021-05-17.9667503,bE,1.6,16.634,>16.634,99.990,0.187,0.161,g
2459353.21194,2021-05-18.7116858,bm,1.45,16.025,>16.025,99.990,0.715,0.282,g
2459353.21316,2021-05-18.7129126,bm,1.56,16.267,>16.267,99.990,-0.355,0.226,g
2459353.21440,2021-05-18.7141450,bm,1.5,16.278,>16.278,99.990,0.212,0.224,g
2459357.20331,2021-05-22.7030048,bm,2.26,15.900,>15.900,99.990,0.159,0.317,g
2459357.20453,2021-05-22.7042231,bm,2.24,15.635,>15.635,99.990,-0.159,0.405,g
2459357.20575,2021-05-22.7054510,bm,2.24,15.763,>15.763,99.990,-0.538,0.360,g
2459358.19552,2021-05-23.6952057,bm,1.49,15.617,>15.617,99.990,0.582,0.412,g
2459358.19682,2021-05-23.6965040,bm,1.57,15.678,>15.678,99.990,0.228,0.389,g
2459358.19803,2021-05-23.6977200,bm,1.44,15.699,>15.699,99.990,0.325,0.381,g
2459359.44816,2021-05-24.9478336,bE,2.24,15.366,>15.366,99.990,-0.909,0.518,g
2459360.19122,2021-05-25.6909015,bm,2.01,15.151,>15.151,99.990,-0.396,0.632,g
2459360.19253,2021-05-25.6921987,bm,1.99,15.219,>15.219,99.990,1.021,0.593,g
2459360.19376,2021-05-25.6934266,bm,2.0,15.167,>15.167,99.990,-0.170,0.623,g
2459361.19097,2021-05-26.6906409,bm,1.57,15.175,>15.175,99.990,1.050,0.618,g
2459361.19220,2021-05-26.6918664,bm,1.58,15.347,>15.347,99.990,-0.017,0.527,g
2459361.19344,2021-05-26.6931027,bm,1.52,15.318,>15.318,99.990,-0.174,0.542,g
2459399.94706,2021-07-04.4464268,bi,1.47,15.271,>15.271,99.990,0.913,0.566,g
2459399.94831,2021-07-04.4476699,bi,1.55,15.237,>15.237,99.990,-0.133,0.584,g
2459399.94954,2021-07-04.4489121,bi,1.47,15.171,>15.171,99.990,-0.973,0.620,g
2459400.94737,2021-07-05.4467260,bi,1.59,15.860,>15.860,99.990,-0.537,0.329,g
2459400.94861,2021-07-05.4479679,bi,1.52,15.641,>15.641,99.990,-0.091,0.402,g
2459400.94986,2021-07-05.4492214,bi,1.46,15.477,>15.477,99.990,0.410,0.468,g
2459402.94568,2021-07-07.4450398,bE,1.47,16.090,>16.090,99.990,0.106,0.266,g
2459402.94568,2021-07-07.4450394,bF,1.47,99.990,99.990,99.990,99.990,99.990,g
2459402.94698,2021-07-07.4463375,bE,1.52,15.881,>15.881,99.990,0.222,0.323,g
2459402.94698,2021-07-07.4463365,bF,1.47,99.990,99.990,99.990,99.990,99.990,g
2459402.94827,2021-07-07.4476202,bF,1.52,99.990,99.990,99.990,99.990,99.990,g
2459402.94827,2021-07-07.4476193,bE,1.55,15.826,>15.826,99.990,0.343,0.339,g
2459403.94795,2021-07-08.4473041,bi,1.45,15.630,>15.630,99.990,-0.177,0.407,g
2459403.94921,2021-07-08.4485590,bi,1.53,15.479,>15.479,99.990,0.236,0.467,g
2459404.94192,2021-07-09.4412736,bF,1.57,99.990,99.990,99.990,99.990,99.990,g
2459404.94193,2021-07-09.4412746,bE,1.53,16.536,>16.536,99.990,-0.338,0.176,g
2459404.94322,2021-07-09.4425681,bF,1.59,99.990,99.990,99.990,99.990,99.990,g
2459404.94322,2021-07-09.4425686,bE,1.63,16.303,>16.303,99.990,0.321,0.219,g
2459404.94451,2021-07-09.4438609,bF,1.58,99.990,99.990,99.990,99.990,99.990,g
2459404.94452,2021-07-09.4438606,bE,1.58,16.151,>16.151,99.990,-0.345,0.252,g
2459406.91878,2021-07-11.4181201,bi,1.33,15.492,>15.492,99.990,-0.211,0.461,g
2459406.92002,2021-07-11.4193549,bi,1.38,15.667,>15.667,99.990,0.304,0.393,g
2459406.92127,2021-07-11.4206134,bi,1.43,16.179,>16.179,99.990,0.170,0.245,g
2459407.92703,2021-07-12.4263703,bF,1.47,99.990,99.990,99.990,99.990,99.990,g
2459407.92703,2021-07-12.4263709,bE,1.59,16.123,>16.123,99.990,0.225,0.258,g
2459407.92833,2021-07-12.4276695,bE,1.62,16.409,>16.409,99.990,-0.009,0.198,g
2459407.92834,2021-07-12.4276701,bF,1.51,99.990,99.990,99.990,99.990,99.990,g
2459407.92963,2021-07-12.4289715,bF,1.52,99.990,99.990,99.990,99.990,99.990,g
2459407.92964,2021-07-12.4289715,bE,1.58,16.452,>16.452,99.990,0.116,0.191,g
2459408.93045,2021-07-13.4297847,bi,1.49,16.541,>16.541,99.990,0.122,0.176,g
2459408.93171,2021-07-13.4310418,bi,1.46,16.624,>16.624,99.990,0.278,0.163,g
2459408.93297,2021-07-13.4322988,bi,1.44,16.478,>16.478,99.990,0.154,0.186,g
2459409.92778,2021-07-14.4271141,bF,1.68,99.990,99.990,99.990,99.990,99.990,g
2459409.92778,2021-07-14.4271138,bE,1.51,16.709,>16.709,99.990,0.502,0.150,g
2459409.92908,2021-07-14.4284118,bF,1.58,99.990,99.990,99.990,99.990,99.990,g
2459409.92908,2021-07-14.4284114,bE,1.53,16.828,>16.828,99.990,0.216,0.135,g
2459409.93037,2021-07-14.4297048,bE,1.53,16.774,>16.774,99.990,0.006,0.142,g
2459409.93038,2021-07-14.4297048,bF,1.55,99.990,99.990,99.990,99.990,99.990,g
2459410.92796,2021-07-15.4272940,bF,1.57,99.990,99.990,99.990,99.990,99.990,g
2459410.92797,2021-07-15.4272942,bE,1.51,16.694,>16.694,99.990,0.345,0.153,g
2459410.92925,2021-07-15.4285807,bF,1.51,99.990,99.990,99.990,99.990,99.990,g
2459410.92925,2021-07-15.4285807,bE,1.51,16.774,>16.774,99.990,0.140,0.142,g
2459410.93055,2021-07-15.4298760,bF,1.64,99.990,99.990,99.990,99.990,99.990,g
2459410.93055,2021-07-15.4298756,bE,1.48,16.724,>16.724,99.990,-0.213,0.148,g
2459411.92046,2021-07-16.4197880,bE,1.48,16.646,>16.646,99.990,0.235,0.159,g
2459411.92046,2021-07-16.4197873,bF,1.5,99.990,99.990,99.990,99.990,99.990,g
2459411.92176,2021-07-16.4210878,bE,1.53,16.888,>16.888,99.990,0.004,0.128,g
2459411.92176,2021-07-16.4210872,bF,1.54,99.990,99.990,99.990,99.990,99.990,g
2459411.92306,2021-07-16.4223869,bE,1.48,16.870,>16.870,99.990,0.208,0.130,g
2459411.92306,2021-07-16.4223874,bF,1.5,99.990,99.990,99.990,99.990,99.990,g
2459412.92078,2021-07-17.4201042,bF,1.49,99.990,99.990,99.990,99.990,99.990,g
2459412.92078,2021-07-17.4201043,bE,1.5,16.883,>16.883,99.990,0.080,0.128,g
2459412.92208,2021-07-17.4214054,bF,1.5,99.990,99.990,99.990,99.990,99.990,g
2459412.92208,2021-07-17.4214054,bE,1.44,16.816,>16.816,99.990,-0.173,0.136,g
2459412.92339,2021-07-17.4227159,bF,1.51,99.990,99.990,99.990,99.990,99.990,g
2459412.92339,2021-07-17.4227162,bE,1.44,16.710,>16.710,99.990,0.213,0.150,g
2459413.91315,2021-07-18.4124701,bE,1.55,16.598,>16.598,99.990,0.044,0.167,g
2459413.91315,2021-07-18.4124695,bF,1.6,99.990,99.990,99.990,99.990,99.990,g
2459413.91445,2021-07-18.4137664,bE,1.52,16.355,>16.355,99.990,0.169,0.208,g
2459413.91445,2021-07-18.4137667,bF,1.59,99.990,99.990,99.990,99.990,99.990,g
2459413.91576,2021-07-18.4150771,bE,1.52,16.614,>16.614,99.990,0.389,0.164,g
2459413.91576,2021-07-18.4150774,bF,1.6,99.990,99.990,99.990,99.990,99.990,g
2459417.94287,2021-07-22.4421876,bE,1.47,16.295,>16.295,99.990,0.104,0.220,g
2459417.94287,2021-07-22.4421877,bF,1.59,99.990,99.990,99.990,99.990,99.990,g
2459417.94417,2021-07-22.4434890,bF,1.64,99.990,99.990,99.990,99.990,99.990,g
2459417.94418,2021-07-22.4434894,bE,1.54,16.160,>16.160,99.990,0.040,0.249,g
2459417.94547,2021-07-22.4447810,bE,1.48,16.061,>16.061,99.990,0.015,0.273,g
2459417.94547,2021-07-22.4447806,bF,1.61,99.990,99.990,99.990,99.990,99.990,g
2459423.93312,2021-07-28.4324302,bF,2.2,99.990,99.990,99.990,99.990,99.990,g
2459423.93312,2021-07-28.4324302,bE,2.0,16.208,>16.208,99.990,0.235,0.239,g
2459423.93443,2021-07-28.4337359,bF,2.29,99.990,99.990,99.990,99.990,99.990,g
2459423.93443,2021-07-28.4337355,bE,2.01,16.217,>16.217,99.990,-0.438,0.237,g
2459423.93571,2021-07-28.4350230,bE,2.03,16.125,>16.125,99.990,0.247,0.258,g
2459423.93571,2021-07-28.4350234,bF,2.28,99.990,99.990,99.990,99.990,99.990,g
2459424.67593,2021-07-29.1752365,bm,2.21,16.106,>16.106,99.990,-0.610,0.262,g
2459424.67722,2021-07-29.1765325,bm,2.22,16.028,>16.028,99.990,-0.299,0.282,g
2459424.67847,2021-07-29.1777756,bm,2.24,16.031,>16.031,99.990,-0.172,0.281,g
2459424.92894,2021-07-29.4282549,bF,1.55,99.990,99.990,99.990,99.990,99.990,g
2459424.92894,2021-07-29.4282541,bE,1.5,16.390,>16.390,99.990,0.642,0.202,g
2459424.93024,2021-07-29.4295568,bF,1.55,99.990,99.990,99.990,99.990,99.990,g
2459424.93024,2021-07-29.4295564,bE,1.55,16.466,>16.466,99.990,-0.314,0.188,g
2459424.93155,2021-07-29.4308649,bF,1.53,99.990,99.990,99.990,99.990,99.990,g
2459424.93155,2021-07-29.4308648,bE,1.44,16.370,>16.370,99.990,0.106,0.206,g
2459425.89442,2021-07-30.3937334,bE,1.49,16.502,>16.502,99.990,0.014,0.182,g
2459425.89442,2021-07-30.3937336,bF,1.5,99.990,99.990,99.990,99.990,99.990,g
2459425.89571,2021-07-30.3950274,bF,1.51,99.990,99.990,99.990,99.990,99.990,g
2459425.89572,2021-07-30.3950280,bE,1.45,16.436,>16.436,99.990,-0.173,0.193,g
2459426.89080,2021-07-31.3901203,bE,1.47,16.429,>16.429,99.990,0.106,0.195,g
2459426.89081,2021-07-31.3901197,bF,1.49,99.990,99.990,99.990,99.990,99.990,g
2459426.89209,2021-07-31.3914082,bF,1.5,99.990,99.990,99.990,99.990,99.990,g
2459426.89210,2021-07-31.3914065,bE,1.46,16.719,>16.719,99.990,0.284,0.149,g
2459426.89338,2021-07-31.3926968,bE,1.52,16.644,>16.644,99.990,0.111,0.160,g
2459426.89338,2021-07-31.3926966,bF,1.47,99.990,99.990,99.990,99.990,99.990,g
2459427.89118,2021-08-01.3905006,bF,1.5,99.990,99.990,99.990,99.990,99.990,g
2459427.89118,2021-08-01.3905005,bE,1.53,16.660,>16.660,99.990,-0.249,0.157,g
2459427.89249,2021-08-01.3918004,bF,1.52,99.990,99.990,99.990,99.990,99.990,g
2459427.89249,2021-08-01.3918009,bE,1.5,16.687,>16.687,99.990,0.416,0.154,g
2459427.89378,2021-08-01.3930980,bF,1.58,99.990,99.990,99.990,99.990,99.990,g
2459427.89379,2021-08-01.3930988,bE,1.55,16.704,>16.704,99.990,-0.117,0.151,g
2459428.88587,2021-08-02.3851935,bE,1.41,16.488,>16.488,99.990,-0.018,0.184,g
2459428.88588,2021-08-02.3851937,bF,1.64,99.990,99.990,99.990,99.990,99.990,g
2459428.88718,2021-08-02.3864908,bF,1.58,99.990,99.990,99.990,99.990,99.990,g
2459428.88718,2021-08-02.3864912,bE,1.5,16.593,>16.593,99.990,-0.142,0.167,g
2459428.88848,2021-08-02.3877996,bE,1.53,16.557,>16.557,99.990,-0.205,0.173,g
2459428.88848,2021-08-02.3877993,bF,1.48,99.990,99.990,99.990,99.990,99.990,g
2459429.88388,2021-08-03.3832004,bF,1.54,99.990,99.990,99.990,99.990,99.990,g
2459429.88389,2021-08-03.3832006,bE,1.54,16.648,>16.648,99.990,0.341,0.159,g
2459429.88518,2021-08-03.3845039,bE,1.5,16.746,>16.746,99.990,0.273,0.145,g
2459429.88519,2021-08-03.3845049,bF,1.55,99.990,99.990,99.990,99.990,99.990,g
2459429.88648,2021-08-03.3857989,bE,1.51,16.693,>16.693,99.990,0.085,0.153,g
2459429.88648,2021-08-03.3857980,bF,1.49,99.990,99.990,99.990,99.990,99.990,g
2459430.63845,2021-08-04.1377687,bm,2.18,16.567,>16.567,99.990,-0.091,0.172,g
2459430.63970,2021-08-04.1390201,bm,2.19,16.458,>16.458,99.990,0.481,0.190,g
2459430.64093,2021-08-04.1402491,bm,2.16,16.332,>16.332,99.990,-0.048,0.213,g
2459430.88843,2021-08-04.3877469,bE,1.47,16.716,>16.716,99.990,0.095,0.150,g
2459430.88843,2021-08-04.3877482,bF,1.52,99.990,99.990,99.990,99.990,99.990,g
2459430.88972,2021-08-04.3890403,bE,1.43,16.576,>16.576,99.990,0.309,0.170,g
2459430.88972,2021-08-04.3890398,bF,1.48,99.990,99.990,99.990,99.990,99.990,g
2459430.89102,2021-08-04.3903379,bE,1.52,16.858,>16.858,99.990,-0.089,0.131,g
2459430.89102,2021-08-04.3903380,bF,1.47,99.990,99.990,99.990,99.990,99.990,g
2459431.88858,2021-08-05.3879079,bF,1.54,99.990,99.990,99.990,99.990,99.990,g
2459431.88859,2021-08-05.3879068,bE,1.48,16.786,>16.786,99.990,0.162,0.140,g
2459431.88989,2021-08-05.3892177,bF,1.47,99.990,99.990,99.990,99.990,99.990,g
2459431.88990,2021-08-05.3892167,bE,1.48,16.714,>16.714,99.990,0.202,0.150,g
2459431.89119,2021-08-05.3905138,bF,1.51,99.990,99.990,99.990,99.990,99.990,g
2459431.89119,2021-08-05.3905143,bE,1.53,16.859,>16.859,99.990,0.166,0.131,g
2459432.88120,2021-08-06.3805178,bE,1.53,16.780,>16.780,99.990,-0.028,0.141,g
2459432.88120,2021-08-06.3805182,bF,1.51,99.990,99.990,99.990,99.990,99.990,g
2459432.88250,2021-08-06.3818282,bE,1.48,16.730,>16.730,99.990,0.284,0.148,g
2459432.88251,2021-08-06.3818282,bF,1.57,99.990,99.990,99.990,99.990,99.990,g
2459432.88380,2021-08-06.3831267,bE,1.5,16.740,>16.740,99.990,0.356,0.146,g
2459432.88381,2021-08-06.3831266,bF,1.53,99.990,99.990,99.990,99.990,99.990,g
2459433.60709,2021-08-07.1064115,bm,2.14,16.686,>16.686,99.990,0.006,0.154,g
2459433.60833,2021-08-07.1076557,bm,2.16,16.472,>16.472,99.990,-0.290,0.187,g
2459433.60957,2021-08-07.1088944,bm,2.15,16.544,>16.544,99.990,-0.273,0.175,g
2459433.86949,2021-08-07.3688133,bF,1.67,99.990,99.990,99.990,99.990,99.990,g
2459433.86949,2021-08-07.3688136,bE,1.5,16.976,>16.976,99.990,0.205,0.118,g
2459433.87078,2021-08-07.3701069,bF,1.67,99.990,99.990,99.990,99.990,99.990,g
2459433.87079,2021-08-07.3701071,bE,1.54,16.773,>16.773,99.990,0.041,0.142,g
2459433.87209,2021-08-07.3714128,bF,1.59,99.990,99.990,99.990,99.990,99.990,g
2459433.87209,2021-08-07.3714130,bE,1.43,16.789,>16.789,99.990,0.004,0.140,g
2459433.93548,2021-08-07.4348035,bi,1.56,15.967,>15.967,99.990,0.191,0.298,g
2459433.93673,2021-08-07.4360464,bi,1.66,15.926,>15.926,99.990,0.203,0.310,g
2459433.93797,2021-08-07.4372940,bi,1.62,15.805,>15.805,99.990,1.089,0.346,g
2459434.61037,2021-08-08.1096964,bm,1.61,16.554,>16.554,99.990,0.110,0.174,g
2459435.86633,2021-08-09.3656659,bF,1.59,99.990,99.990,99.990,99.990,99.990,g
2459435.86634,2021-08-09.3656653,bE,1.48,16.823,>16.823,99.990,0.445,0.135,g
2459435.86764,2021-08-09.3669685,bE,1.6,16.700,>16.700,99.990,0.292,0.152,g
2459435.86764,2021-08-09.3669688,bF,1.56,99.990,99.990,99.990,99.990,99.990,g
2459435.86894,2021-08-09.3682771,bF,1.56,99.990,99.990,99.990,99.990,99.990,g
2459435.86895,2021-08-09.3682763,bE,1.46,16.778,>16.778,99.990,0.164,0.141,g
2459436.87482,2021-08-10.3741590,bF,1.5,99.990,99.990,99.990,99.990,99.990,g
2459436.87483,2021-08-10.3741596,bE,1.48,16.838,>16.838,99.990,0.277,0.134,g
2459436.87613,2021-08-10.3754719,bF,1.52,99.990,99.990,99.990,99.990,99.990,g
2459436.87614,2021-08-10.3754721,bE,1.55,16.791,>16.791,99.990,0.384,0.140,g
2459436.87743,2021-08-10.3767641,bF,1.53,99.990,99.990,99.990,99.990,99.990,g
2459436.87743,2021-08-10.3767643,bE,1.47,16.771,>16.771,99.990,0.350,0.142,g
2459437.60726,2021-08-11.1066027,bm,2.27,16.482,>16.482,99.990,0.335,0.186,g
2459437.60851,2021-08-11.1078526,bm,2.27,16.561,>16.561,99.990,0.368,0.172,g
2459437.60979,2021-08-11.1091275,bm,2.27,16.507,>16.507,99.990,-0.093,0.181,g
2459437.86569,2021-08-11.3650239,bE,1.57,16.878,>16.878,99.990,0.136,0.129,g
2459437.86569,2021-08-11.3650241,bF,1.58,99.990,99.990,99.990,99.990,99.990,g
2459437.86699,2021-08-11.3663231,bE,1.49,16.743,>16.743,99.990,0.329,0.146,g
2459437.86699,2021-08-11.3663226,bF,1.55,99.990,99.990,99.990,99.990,99.990,g
2459437.86828,2021-08-11.3676156,bE,1.5,16.768,>16.768,99.990,0.434,0.142,g
2459437.86828,2021-08-11.3676157,bF,1.55,99.990,99.990,99.990,99.990,99.990,g
2459438.86733,2021-08-12.3666672,bF,1.54,99.990,99.990,99.990,99.990,99.990,g
2459438.86733,2021-08-12.3666667,bE,1.49,16.901,>16.901,99.990,0.100,0.126,g
2459438.86863,2021-08-12.3679707,bE,1.47,16.803,>16.803,99.990,0.145,0.138,g
2459438.86864,2021-08-12.3679707,bF,1.55,99.990,99.990,99.990,99.990,99.990,g
2459438.86994,2021-08-12.3692746,bF,1.56,99.990,99.990,99.990,99.990,99.990,g
2459438.86994,2021-08-12.3692751,bE,1.48,16.784,>16.784,99.990,0.156,0.140,g
2459439.86375,2021-08-13.3630848,bF,1.5,99.990,99.990,99.990,99.990,99.990,g
2459439.86375,2021-08-13.3630844,bE,1.47,16.804,>16.804,99.990,0.263,0.138,g
2459439.86505,2021-08-13.3643851,bF,1.47,99.990,99.990,99.990,99.990,99.990,g
2459439.86505,2021-08-13.3643854,bE,1.44,16.804,>16.804,99.990,0.132,0.138,g
2459439.86634,2021-08-13.3656913,bF,1.54,99.990,99.990,99.990,99.990,99.990,g
2459439.86635,2021-08-13.3656912,bE,1.47,16.765,>16.765,99.990,0.119,0.143,g
2459440.86406,2021-08-14.3634012,bE,1.53,16.847,>16.847,99.990,0.250,0.133,g
2459440.86406,2021-08-14.3634026,bF,1.5,99.990,99.990,99.990,99.990,99.990,g
2459440.86535,2021-08-14.3646965,bE,1.49,16.679,>16.679,99.990,0.246,0.155,g
2459440.86536,2021-08-14.3646960,bF,1.52,99.990,99.990,99.990,99.990,99.990,g
2459440.86664,2021-08-14.3659894,bF,1.48,99.990,99.990,99.990,99.990,99.990,g
2459440.86665,2021-08-14.3659887,bE,1.47,16.779,>16.779,99.990,0.144,0.141,g
2459442.85876,2021-08-16.3581181,bF,1.55,99.990,99.990,99.990,99.990,99.990,g
2459442.85877,2021-08-16.3581186,bE,1.52,16.667,>16.667,99.990,0.179,0.156,g
2459443.84336,2021-08-17.3427082,bF,1.59,99.990,99.990,99.990,99.990,99.990,g
2459443.84336,2021-08-17.3427079,bE,1.53,16.699,>16.699,99.990,-0.037,0.152,g
2459443.84465,2021-08-17.3440083,bF,1.56,99.990,99.990,99.990,99.990,99.990,g
2459443.84465,2021-08-17.3440084,bE,1.47,16.746,>16.746,99.990,-0.037,0.145,g
2459443.84596,2021-08-17.3453074,bF,1.55,99.990,99.990,99.990,99.990,99.990,g
2459443.84596,2021-08-17.3453085,bE,1.52,16.760,>16.760,99.990,0.202,0.144,g
2459444.83968,2021-08-18.3390387,bF,1.48,99.990,99.990,99.990,99.990,99.990,g
2459444.83968,2021-08-18.3390386,bE,1.51,16.722,>16.722,99.990,0.143,0.149,g
2459444.84096,2021-08-18.3403217,bE,1.5,16.635,>16.635,99.990,-0.077,0.161,g
2459444.84096,2021-08-18.3403223,bF,1.53,99.990,99.990,99.990,99.990,99.990,g
2459444.84226,2021-08-18.3416189,bF,1.5,99.990,99.990,99.990,99.990,99.990,g
2459444.84226,2021-08-18.3416196,bE,1.44,16.662,>16.662,99.990,-0.046,0.157,g
2459447.83272,2021-08-21.3320880,bE,1.5,15.862,>15.862,99.990,0.354,0.328,g
2459447.83272,2021-08-21.3320887,bF,1.49,99.990,99.990,99.990,99.990,99.990,g
2459447.83401,2021-08-21.3333723,bE,1.54,15.875,>15.875,99.990,-0.073,0.324,g
2459447.83401,2021-08-21.3333721,bF,1.52,99.990,99.990,99.990,99.990,99.990,g
2459447.83532,2021-08-21.3346839,bF,1.5,99.990,99.990,99.990,99.990,99.990,g
2459447.83532,2021-08-21.3346843,bE,1.48,15.853,>15.853,99.990,0.619,0.331,g
2459448.82644,2021-08-22.3258234,bi,1.54,15.372,>15.372,99.990,-0.773,0.516,g
2459448.82768,2021-08-22.3270627,bi,1.5,15.573,>15.573,99.990,-0.583,0.428,g
2459448.82892,2021-08-22.3283021,bi,1.5,15.424,>15.424,99.990,-0.436,0.491,g
2459449.58882,2021-08-23.0881998,bm,2.48,15.039,>15.039,99.990,-0.816,0.700,g
2459449.59006,2021-08-23.0894384,bm,2.49,14.867,>14.867,99.990,1.338,0.821,g
2459449.59131,2021-08-23.0906957,bm,2.49,15.011,>15.011,99.990,0.312,0.719,g
2459453.82686,2021-08-27.3262649,bF,1.46,99.990,99.990,99.990,99.990,99.990,g
2459453.82687,2021-08-27.3262648,bE,1.5,16.458,>16.458,99.990,0.326,0.190,g
2459453.82817,2021-08-27.3275733,bF,1.49,99.990,99.990,99.990,99.990,99.990,g
2459453.82818,2021-08-27.3275729,bE,1.47,16.512,>16.512,99.990,0.008,0.180,g
2459453.82946,2021-08-27.3288577,bE,1.55,16.439,>16.439,99.990,0.059,0.193,g
2459453.82946,2021-08-27.3288582,bF,1.46,99.990,99.990,99.990,99.990,99.990,g
2459454.82720,2021-08-28.3266149,bF,1.49,99.990,99.990,99.990,99.990,99.990,g
2459454.82721,2021-08-28.3266155,bE,1.52,15.423,>15.423,99.990,-0.116,0.492,g
2459454.82850,2021-08-28.3279059,bF,1.52,99.990,99.990,99.990,99.990,99.990,g
2459454.82850,2021-08-28.3279056,bE,1.59,99.990,99.990,99.990,99.990,99.990,g
2459454.82980,2021-08-28.3292064,bF,1.46,99.990,99.990,99.990,99.990,99.990,g
2459454.82980,2021-08-28.3292070,bE,1.58,14.567,>14.567,99.990,1.135,1.082,g
2459455.82189,2021-08-29.3213031,bE,1.48,16.580,>16.580,99.990,0.092,0.170,g
2459455.82189,2021-08-29.3213018,bF,1.49,99.990,99.990,99.990,99.990,99.990,g
2459456.63838,2021-08-30.1377932,bm,1.6,16.318,>16.318,99.990,0.162,0.216,g
2459456.63993,2021-08-30.1393468,bm,1.6,16.397,>16.397,99.990,0.042,0.201,g
2459456.64157,2021-08-30.1409861,bm,1.57,16.361,>16.361,99.990,0.220,0.207,g
2459457.80267,2021-08-31.3020923,bE,1.55,16.656,>16.656,99.990,0.099,0.158,g
2459457.80267,2021-08-31.3020924,bF,1.68,99.990,99.990,99.990,99.990,99.990,g
2459457.80398,2021-08-31.3034011,bF,1.6,99.990,99.990,99.990,99.990,99.990,g
2459457.80398,2021-08-31.3034005,bE,1.5,16.578,>16.578,99.990,-0.190,0.170,g
2459457.80529,2021-08-31.3047077,bE,1.48,16.535,>16.535,99.990,0.348,0.177,g
2459457.80529,2021-08-31.3047077,bF,1.63,99.990,99.990,99.990,99.990,99.990,g
2459457.92127,2021-08-31.4206997,bi,1.45,15.941,>15.941,99.990,0.076,0.305,g
2459457.92250,2021-08-31.4219288,bi,1.39,15.817,>15.817,99.990,0.110,0.342,g
2459457.92374,2021-08-31.4231697,bi,1.44,15.556,>15.556,99.990,-0.179,0.435,g
2459458.54704,2021-09-01.0464625,bm,2.15,16.524,>16.524,99.990,0.315,0.178,g
2459458.54829,2021-09-01.0477114,bm,2.14,16.704,>16.704,99.990,-0.090,0.151,g
2459458.54953,2021-09-01.0489546,bm,2.16,16.495,>16.495,99.990,0.136,0.183,g
2459459.55884,2021-09-02.0582806,bm,1.62,16.632,>16.632,99.990,0.094,0.162,g
2459459.56009,2021-09-02.0595344,bm,1.6,16.651,>16.651,99.990,-0.280,0.159,g
2459459.56133,2021-09-02.0607741,bm,1.59,16.648,>16.648,99.990,-0.214,0.159,g
2459459.81197,2021-09-02.3114104,bF,1.57,99.990,99.990,99.990,99.990,99.990,g
2459459.81198,2021-09-02.3114112,bE,1.55,16.770,>16.770,99.990,0.102,0.142,g
2459459.81327,2021-09-02.3127086,bF,1.59,99.990,99.990,99.990,99.990,99.990,g
2459459.81327,2021-09-02.3127086,bE,1.5,16.852,>16.852,99.990,0.146,0.132,g
2459459.81457,2021-09-02.3140062,bF,1.53,99.990,99.990,99.990,99.990,99.990,g
2459459.81457,2021-09-02.3140069,bE,1.49,16.610,>16.610,99.990,0.253,0.165,g
2459460.81139,2021-09-03.3108325,bE,1.53,16.711,>16.711,99.990,0.293,0.150,g
2459460.81139,2021-09-03.3108320,bF,1.59,99.990,99.990,99.990,99.990,99.990,g
2459460.81269,2021-09-03.3121337,bF,1.5,99.990,99.990,99.990,99.990,99.990,g
2459460.81269,2021-09-03.3121333,bE,1.44,16.743,>16.743,99.990,0.022,0.146,g
2459460.81399,2021-09-03.3134365,bE,1.51,16.813,>16.813,99.990,-0.119,0.137,g
2459460.81400,2021-09-03.3134362,bF,1.53,99.990,99.990,99.990,99.990,99.990,g
2459461.80764,2021-09-04.3070888,bF,1.51,99.990,99.990,99.990,99.990,99.990,g
2459461.80764,2021-09-04.3070892,bE,1.48,16.652,>16.652,99.990,-0.096,0.159,g
2459461.80894,2021-09-04.3084008,bF,1.5,99.990,99.990,99.990,99.990,99.990,g
2459461.80895,2021-09-04.3084013,bE,1.49,16.778,>16.778,99.990,-0.041,0.141,g
2459461.81025,2021-09-04.3097048,bF,1.55,99.990,99.990,99.990,99.990,99.990,g
2459461.81026,2021-09-04.3097048,bE,1.48,16.910,>16.910,99.990,0.053,0.125,g
2459462.55295,2021-09-05.0524170,bm,1.57,16.699,>16.699,99.990,0.229,0.152,g
2459462.55423,2021-09-05.0536834,bm,1.61,16.659,>16.659,99.990,0.056,0.158,g
2459462.55546,2021-09-05.0549184,bm,1.6,16.722,>16.722,99.990,-0.084,0.149,g
2459462.86769,2021-09-05.3671486,bF,1.52,99.990,99.990,99.990,99.990,99.990,g
2459462.86769,2021-09-05.3671488,bE,1.49,16.693,>16.693,99.990,0.035,0.153,g
2459462.86898,2021-09-05.3684436,bF,1.52,99.990,99.990,99.990,99.990,99.990,g
2459462.86898,2021-09-05.3684447,bE,1.5,16.718,>16.718,99.990,0.001,0.149,g
2459462.87027,2021-09-05.3697344,bF,1.53,99.990,99.990,99.990,99.990,99.990,g
2459462.87028,2021-09-05.3697356,bE,1.51,16.771,>16.771,99.990,0.395,0.142,g
2459463.78865,2021-09-06.2881159,bF,1.51,99.990,99.990,99.990,99.990,99.990,g
2459463.78865,2021-09-06.2881153,bE,1.49,16.277,>16.277,99.990,-0.422,0.224,g
2459463.78994,2021-09-06.2894060,bF,1.54,99.990,99.990,99.990,99.990,99.990,g
2459463.78994,2021-09-06.2894059,bE,1.5,15.437,>15.437,99.990,0.615,0.486,g
2459463.79125,2021-09-06.2907128,bF,1.52,99.990,99.990,99.990,99.990,99.990,g
2459463.79125,2021-09-06.2907131,bE,1.47,16.034,>16.034,99.990,-0.089,0.280,g
2459463.90796,2021-09-06.4074241,bi,1.49,15.819,>15.819,99.990,0.478,0.341,g
2459463.90921,2021-09-06.4086802,bi,1.37,16.061,>16.061,99.990,-0.061,0.273,g
2459463.91046,2021-09-06.4099282,bi,1.43,16.336,>16.336,99.990,-0.562,0.212,g
2459465.78954,2021-09-08.2890200,bE,1.63,16.665,>16.665,99.990,0.002,0.157,g
2459465.78954,2021-09-08.2890197,bF,1.57,99.990,99.990,99.990,99.990,99.990,g
2459465.79083,2021-09-08.2903123,bF,1.6,99.990,99.990,99.990,99.990,99.990,g
2459465.79083,2021-09-08.2903120,bE,1.62,16.758,>16.758,99.990,-0.046,0.144,g
2459465.79213,2021-09-08.2916072,bE,1.64,16.631,>16.631,99.990,0.102,0.162,g
2459465.79213,2021-09-08.2916076,bF,1.62,99.990,99.990,99.990,99.990,99.990,g
2459465.86704,2021-09-08.3665156,bF,1.62,99.990,99.990,99.990,99.990,99.990,g
2459465.86704,2021-09-08.3665163,bE,1.59,16.632,>16.632,99.990,0.374,0.161,g
2459466.52244,2021-09-09.0219384,bm,1.56,16.647,>16.647,99.990,0.255,0.159,g
2459466.52367,2021-09-09.0231648,bm,1.57,16.393,>16.393,99.990,0.372,0.201,g
2459466.52492,2021-09-09.0243995,bm,1.54,16.493,>16.493,99.990,0.127,0.184,g
2459466.78138,2021-09-09.2808677,bi,1.5,16.513,>16.513,99.990,-0.024,0.180,g
2459466.78261,2021-09-09.2820921,bi,1.5,16.533,>16.533,99.990,0.339,0.177,g
2459466.78385,2021-09-09.2833361,bi,1.48,16.476,>16.476,99.990,0.265,0.187,g
2459466.86357,2021-09-09.3630674,bF,1.47,99.990,99.990,99.990,99.990,99.990,g
2459466.86358,2021-09-09.3630677,bE,1.48,17.039,>17.039,99.990,-2.705,0.111,g
2459466.86488,2021-09-09.3643692,bF,1.5,99.990,99.990,99.990,99.990,99.990,g
2459466.86488,2021-09-09.3643696,bE,1.49,16.907,>16.907,99.990,0.225,0.125,g
2459466.86617,2021-09-09.3656636,bF,1.49,99.990,99.990,99.990,99.990,99.990,g
2459466.86618,2021-09-09.3656640,bE,1.44,16.672,>16.672,99.990,0.359,0.156,g
2459467.52787,2021-09-10.0273562,bm,2.08,16.335,>16.335,99.990,-0.094,0.212,g
2459467.52984,2021-09-10.0293363,bm,2.08,16.025,>16.025,99.990,-0.188,0.282,g
2459467.59767,2021-09-10.0971634,bm,2.11,16.222,>16.222,99.990,-0.277,0.236,g
2459467.59910,2021-09-10.0985871,bm,2.06,16.378,>16.378,99.990,0.192,0.204,g
2459467.60033,2021-09-10.0998266,bm,2.08,16.233,>16.233,99.990,0.667,0.233,g
2459467.90233,2021-09-10.4018302,bF,1.47,99.990,99.990,99.990,99.990,99.990,g
2459467.90233,2021-09-10.4018295,bE,1.49,16.742,>16.742,99.990,0.248,0.146,g
2459467.90362,2021-09-10.4031162,bF,1.49,99.990,99.990,99.990,99.990,99.990,g
2459467.90362,2021-09-10.4031158,bE,1.51,16.682,>16.682,99.990,0.203,0.154,g
2459467.90489,2021-09-10.4043966,bF,1.46,99.990,99.990,99.990,99.990,99.990,g
2459467.90490,2021-09-10.4043961,bE,1.54,16.890,>16.890,99.990,-1.236,0.127,g
2459468.78281,2021-09-11.2823181,bF,1.48,99.990,99.990,99.990,99.990,99.990,g
2459468.78282,2021-09-11.2823179,bE,1.47,15.628,>15.628,99.990,-0.257,0.407,g
2459468.78411,2021-09-11.2836168,bE,1.48,15.659,>15.659,99.990,-0.588,0.396,g
2459468.78412,2021-09-11.2836181,bF,1.53,99.990,99.990,99.990,99.990,99.990,g
2459470.77738,2021-09-13.2769050,bF,1.59,99.990,99.990,99.990,99.990,99.990,g
2459470.77739,2021-09-13.2769050,bE,1.48,16.739,>16.739,99.990,0.193,0.146,g
2459470.77870,2021-09-13.2782160,bF,1.54,99.990,99.990,99.990,99.990,99.990,g
2459470.77870,2021-09-13.2782166,bE,1.54,16.716,>16.716,99.990,0.098,0.149,g
2459470.77997,2021-09-13.2795013,bF,1.54,99.990,99.990,99.990,99.990,99.990,g
2459470.77999,2021-09-13.2795015,bE,1.49,16.710,>16.710,99.990,-0.053,0.150,g
2459471.76565,2021-09-14.2651778,bF,1.64,99.990,99.990,99.990,99.990,99.990,g
2459471.76565,2021-09-14.2651773,bE,1.5,16.745,>16.745,99.990,0.191,0.146,g
2459471.76694,2021-09-14.2664687,bF,1.68,99.990,99.990,99.990,99.990,99.990,g
2459471.76694,2021-09-14.2664689,bE,1.48,16.783,>16.783,99.990,0.065,0.141,g
2459471.76823,2021-09-14.2677633,bF,1.6,99.990,99.990,99.990,99.990,99.990,g
2459471.76824,2021-09-14.2677633,bE,1.51,16.677,>16.677,99.990,-0.019,0.155,g
2459472.77811,2021-09-15.2776468,bF,1.56,99.990,99.990,99.990,99.990,99.990,g
2459472.77811,2021-09-15.2776475,bE,1.46,16.431,>16.431,99.990,0.256,0.194,g
2459472.77940,2021-09-15.2789456,bE,1.61,16.579,>16.579,99.990,-0.041,0.170,g
2459472.77940,2021-09-15.2789461,bF,1.57,99.990,99.990,99.990,99.990,99.990,g
2459472.78070,2021-09-15.2802440,bE,1.49,16.592,>16.592,99.990,0.061,0.168,g
2459472.78070,2021-09-15.2802453,bF,1.56,99.990,99.990,99.990,99.990,99.990,g
2459473.77121,2021-09-16.2707538,bE,1.43,16.221,>16.221,99.990,0.059,0.236,g
2459473.77121,2021-09-16.2707537,bF,1.53,99.990,99.990,99.990,99.990,99.990,g
2459473.77252,2021-09-16.2720675,bE,1.46,16.355,>16.355,99.990,0.592,0.209,g
2459473.77253,2021-09-16.2720680,bF,1.5,99.990,99.990,99.990,99.990,99.990,g
2459473.77381,2021-09-16.2733619,bE,1.51,16.335,>16.335,99.990,0.491,0.212,g
2459473.77382,2021-09-16.2733612,bF,1.52,99.990,99.990,99.990,99.990,99.990,g
2459474.76131,2021-09-17.2608687,bE,1.46,16.154,>16.154,99.990,-0.035,0.251,g
2459474.76132,2021-09-17.2608688,bF,1.58,99.990,99.990,99.990,99.990,99.990,g
2459474.76262,2021-09-17.2621699,bE,1.49,16.070,>16.070,99.990,0.301,0.271,g
2459474.76262,2021-09-17.2621700,bF,1.52,99.990,99.990,99.990,99.990,99.990,g
2459474.76392,2021-09-17.2634754,bF,1.54,99.990,99.990,99.990,99.990,99.990,g
2459474.76392,2021-09-17.2634755,bE,1.58,16.174,>16.174,99.990,-0.055,0.246,g
2459475.50092,2021-09-18.0004842,bm,2.01,15.700,>15.700,99.990,0.459,0.381,g
2459475.50217,2021-09-18.0017428,bm,2.02,15.662,>15.662,99.990,-0.264,0.395,g
2459475.50343,2021-09-18.0029938,bm,2.0,15.780,>15.780,99.990,0.469,0.354,g
2459475.65438,2021-09-18.1539351,bm,2.17,15.462,>15.462,99.990,-0.525,0.475,g
2459475.65563,2021-09-18.1551886,bm,2.18,15.027,>15.027,99.990,-0.467,0.708,g
2459475.65688,2021-09-18.1564482,bm,2.18,15.133,>15.133,99.990,-0.679,0.642,g
2459475.90471,2021-09-18.4042687,bi,1.48,16.066,>16.066,99.990,0.033,0.272,g
2459475.90595,2021-09-18.4055160,bi,1.43,15.984,>15.984,99.990,0.111,0.294,g
2459475.90720,2021-09-18.4067673,bi,1.44,15.890,>15.890,99.990,0.342,0.320,g
2459476.49765,2021-09-18.9972145,bm,1.58,15.495,>15.495,99.990,-0.443,0.460,g
2459476.49889,2021-09-18.9984550,bm,1.54,15.401,>15.401,99.990,-0.439,0.502,g
2459476.50014,2021-09-18.9997015,bm,1.48,15.696,>15.696,99.990,-0.701,0.382,g
2459476.63049,2021-09-19.1300559,bm,1.48,15.960,>15.960,99.990,0.196,0.300,g
2459476.63185,2021-09-19.1314195,bm,1.52,15.976,>15.976,99.990,0.258,0.296,g
2459476.65407,2021-09-19.1536378,bm,1.59,15.605,>15.605,99.990,1.116,0.416,g
2459477.73633,2021-09-20.2359042,bi,1.52,15.488,>15.488,99.990,0.743,0.463,g
2459477.73756,2021-09-20.2371413,bi,1.45,15.481,>15.481,99.990,-0.309,0.466,g
2459477.73883,2021-09-20.2384050,bi,1.47,15.517,>15.517,99.990,-0.134,0.451,g
2459478.52847,2021-09-21.0280497,bm,2.26,15.481,>15.481,99.990,-0.472,0.466,g
2459478.52972,2021-09-21.0293011,bm,2.3,15.343,>15.343,99.990,-1.153,0.530,g
2459478.53096,2021-09-21.0305438,bm,2.33,15.286,>15.286,99.990,-0.721,0.558,g
2459478.82272,2021-09-21.3223196,bF,1.49,99.990,99.990,99.990,99.990,99.990,g
2459478.82272,2021-09-21.3223192,bE,1.48,15.923,>15.923,99.990,-0.077,0.310,g
2459478.82403,2021-09-21.3236269,bE,1.53,15.744,>15.744,99.990,-0.107,0.366,g
2459478.82403,2021-09-21.3236268,bF,1.51,99.990,99.990,99.990,99.990,99.990,g
2459478.82534,2021-09-21.3249355,bF,1.54,99.990,99.990,99.990,99.990,99.990,g
2459478.82534,2021-09-21.3249353,bE,1.51,15.778,>15.778,99.990,-0.250,0.355,g
2459480.74252,2021-09-23.2421342,bF,1.59,99.990,99.990,99.990,99.990,99.990,g
2459480.74252,2021-09-23.2421335,bE,1.49,16.057,>16.057,99.990,0.476,0.274,g
2459480.74382,2021-09-23.2434278,bE,1.59,15.901,>15.901,99.990,0.118,0.317,g
2459480.74382,2021-09-23.2434283,bF,1.54,99.990,99.990,99.990,99.990,99.990,g
2459480.74512,2021-09-23.2447290,bF,1.56,99.990,99.990,99.990,99.990,99.990,g
2459480.74512,2021-09-23.2447289,bE,1.57,16.104,>16.104,99.990,-0.266,0.263,g
2459481.75358,2021-09-24.2532019,bF,1.58,99.990,99.990,99.990,99.990,99.990,g
2459481.75359,2021-09-24.2532015,bE,1.45,16.153,>16.153,99.990,0.096,0.251,g
2459481.75487,2021-09-24.2544870,bF,1.59,99.990,99.990,99.990,99.990,99.990,g
2459481.75487,2021-09-24.2544871,bE,1.4,16.008,>16.008,99.990,-0.067,0.287,g
2459481.75615,2021-09-24.2557788,bF,1.57,99.990,99.990,99.990,99.990,99.990,g
2459481.75616,2021-09-24.2557788,bE,1.53,16.037,>16.037,99.990,-0.463,0.279,g
2459482.77001,2021-09-25.2696446,bF,1.48,99.990,99.990,99.990,99.990,99.990,g
2459482.77002,2021-09-25.2696449,bE,1.47,16.185,>16.185,99.990,0.677,0.244,g
2459482.77131,2021-09-25.2709356,bE,1.49,16.372,>16.372,99.990,0.012,0.205,g
2459482.77131,2021-09-25.2709351,bF,1.5,99.990,99.990,99.990,99.990,99.990,g
2459482.77261,2021-09-25.2722350,bE,1.51,16.350,>16.350,99.990,0.012,0.210,g
2459482.77261,2021-09-25.2722355,bF,1.42,99.990,99.990,99.990,99.990,99.990,g
2459483.48667,2021-09-25.9863016,bm,2.01,15.957,>15.957,99.990,-0.347,0.301,g
2459483.48791,2021-09-25.9875504,bm,2.02,15.851,>15.851,99.990,-0.358,0.332,g
2459483.48917,2021-09-25.9887982,bm,2.01,15.971,>15.971,99.990,0.524,0.297,g
2459483.55792,2021-09-26.0575552,bm,1.99,15.832,>15.832,99.990,-0.407,0.337,g
2459483.55916,2021-09-26.0587981,bm,1.95,15.975,>15.975,99.990,0.477,0.296,g
2459483.56040,2021-09-26.0600377,bm,1.99,15.954,>15.954,99.990,0.059,0.302,g
2459483.74589,2021-09-26.2455283,bF,1.59,99.990,99.990,99.990,99.990,99.990,g
2459483.74589,2021-09-26.2455276,bE,1.43,16.435,>16.435,99.990,0.169,0.194,g
2459483.74718,2021-09-26.2468197,bE,1.43,16.430,>16.430,99.990,-0.209,0.194,g
2459483.74718,2021-09-26.2468196,bF,1.57,99.990,99.990,99.990,99.990,99.990,g
2459483.74848,2021-09-26.2481172,bF,1.63,99.990,99.990,99.990,99.990,99.990,g
2459483.74848,2021-09-26.2481170,bE,1.47,16.410,>16.410,99.990,0.148,0.198,g
2459484.72755,2021-09-27.2271960,bi,1.5,16.312,>16.312,99.990,0.074,0.217,g
2459484.72880,2021-09-27.2284519,bi,1.56,16.294,>16.294,99.990,-0.375,0.221,g
2459484.73004,2021-09-27.2296913,bi,1.49,16.485,>16.485,99.990,0.092,0.185,g
2459485.72150,2021-09-28.2211623,bF,1.57,99.990,99.990,99.990,99.990,99.990,g
2459485.72150,2021-09-28.2211623,bE,1.55,16.466,>16.466,99.990,-0.314,0.188,g
2459485.72281,2021-09-28.2224728,bF,1.52,99.990,99.990,99.990,99.990,99.990,g
2459485.72281,2021-09-28.2224736,bE,1.46,16.256,>16.256,99.990,-0.013,0.228,g
2459485.72412,2021-09-28.2237892,bF,1.44,99.990,99.990,99.990,99.990,99.990,g
2459485.72413,2021-09-28.2237886,bE,1.51,15.913,>15.913,99.990,0.292,0.313,g
2459485.75414,2021-09-28.2538052,bF,1.45,99.990,99.990,99.990,99.990,99.990,g
2459485.75415,2021-09-28.2538049,bE,1.53,16.555,>16.555,99.990,0.167,0.173,g
2459485.75545,2021-09-28.2551056,bF,1.47,99.990,99.990,99.990,99.990,99.990,g
2459485.75545,2021-09-28.2551060,bE,1.5,16.453,>16.453,99.990,0.399,0.191,g
2459485.75675,2021-09-28.2564092,bE,1.51,16.501,>16.501,99.990,0.202,0.182,g
2459485.75675,2021-09-28.2564093,bF,1.48,99.990,99.990,99.990,99.990,99.990,g
2459486.46046,2021-09-28.9601299,bm,1.5,16.368,>16.368,99.990,0.285,0.206,g
2459486.46170,2021-09-28.9613693,bm,1.49,16.262,>16.262,99.990,-0.202,0.227,g
2459486.46294,2021-09-28.9626185,bm,1.6,16.615,>16.615,99.990,0.119,0.164,g
2459486.71177,2021-09-29.2114363,bE,1.44,16.838,>16.838,99.990,-0.032,0.134,g
2459486.71177,2021-09-29.2114361,bF,1.43,99.990,99.990,99.990,99.990,99.990,g
2459486.71307,2021-09-29.2127356,bF,1.44,99.990,99.990,99.990,99.990,99.990,g
2459486.71307,2021-09-29.2127350,bE,1.44,16.672,>16.672,99.990,0.371,0.156,g
2459486.71438,2021-09-29.2140460,bF,1.49,99.990,99.990,99.990,99.990,99.990,g
2459486.71438,2021-09-29.2140467,bE,1.42,16.854,>16.854,99.990,0.281,0.132,g
2459488.73137,2021-10-01.2310591,bF,1.56,99.990,99.990,99.990,99.990,99.990,g
2459488.73137,2021-10-01.2310596,bE,1.48,16.789,>16.789,99.990,0.001,0.140,g
2459488.73267,2021-10-01.2323608,bF,1.52,99.990,99.990,99.990,99.990,99.990,g
2459488.73267,2021-10-01.2323611,bE,1.36,16.801,>16.801,99.990,0.494,0.138,g
2459488.73396,2021-10-01.2336599,bF,1.52,99.990,99.990,99.990,99.990,99.990,g
2459488.73397,2021-10-01.2336592,bE,1.45,16.736,>16.736,99.990,-0.102,0.147,g
2459489.70654,2021-10-02.2062532,bF,1.53,99.990,99.990,99.990,99.990,99.990,g
2459489.70655,2021-10-02.2062534,bE,1.5,16.854,>16.854,99.990,0.211,0.132,g
2459489.70785,2021-10-02.2075564,bF,1.47,99.990,99.990,99.990,99.990,99.990,g
2459489.70786,2021-10-02.2075570,bE,1.47,16.739,>16.739,99.990,0.090,0.146,g
2459489.70915,2021-10-02.2088521,bE,1.49,16.818,>16.818,99.990,0.119,0.136,g
2459489.70915,2021-10-02.2088519,bF,1.5,99.990,99.990,99.990,99.990,99.990,g
2459490.72241,2021-10-03.2221184,bE,1.52,16.900,>16.900,99.990,0.201,0.126,g
2459490.72241,2021-10-03.2221184,bF,1.43,99.990,99.990,99.990,99.990,99.990,g
2459490.72371,2021-10-03.2234194,bF,1.5,99.990,99.990,99.990,99.990,99.990,g
2459490.72371,2021-10-03.2234189,bE,1.52,16.747,>16.747,99.990,0.201,0.145,g
2459490.72498,2021-10-03.2247039,bF,1.5,99.990,99.990,99.990,99.990,99.990,g
2459490.72499,2021-10-03.2247035,bE,1.48,17.053,>17.053,99.990,0.288,0.110,g
2459491.71838,2021-10-04.2181008,bF,1.51,99.990,99.990,99.990,99.990,99.990,g
2459491.71838,2021-10-04.2181010,bE,1.56,16.574,>16.574,99.990,-0.005,0.170,g
2459491.71968,2021-10-04.2194002,bF,1.49,99.990,99.990,99.990,99.990,99.990,g
2459491.71968,2021-10-04.2193996,bE,1.56,16.795,>16.795,99.990,0.154,0.139,g
2459491.72098,2021-10-04.2206988,bF,1.51,99.990,99.990,99.990,99.990,99.990,g
2459491.72098,2021-10-04.2206984,bE,1.51,16.776,>16.776,99.990,-0.014,0.141,g
2459492.74158,2021-10-05.2413137,bF,1.5,99.990,99.990,99.990,99.990,99.990,g
2459492.74158,2021-10-05.2413129,bE,1.5,16.845,>16.845,99.990,0.022,0.133,g
2459492.74287,2021-10-05.2426023,bE,1.51,16.775,>16.775,99.990,-0.062,0.142,g
2459492.74287,2021-10-05.2426018,bF,1.49,99.990,99.990,99.990,99.990,99.990,g
2459492.74417,2021-10-05.2438980,bF,1.54,99.990,99.990,99.990,99.990,99.990,g
2459492.74417,2021-10-05.2438978,bE,1.43,16.668,>16.668,99.990,-0.054,0.156,g
2459493.53592,2021-10-06.0356599,bm,1.58,16.600,>16.600,99.990,0.133,0.166,g
2459493.53716,2021-10-06.0369027,bm,1.49,16.580,>16.580,99.990,0.192,0.169,g
2459493.53840,2021-10-06.0381388,bm,1.53,16.683,>16.683,99.990,0.280,0.154,g
2459493.72622,2021-10-06.2259700,bF,1.5,99.990,99.990,99.990,99.990,99.990,g
2459493.72623,2021-10-06.2259704,bE,1.59,16.785,>16.785,99.990,0.018,0.140,g
2459493.72752,2021-10-06.2272666,bF,1.49,99.990,99.990,99.990,99.990,99.990,g
2459493.72753,2021-10-06.2272667,bE,1.49,16.835,>16.835,99.990,0.049,0.134,g
2459493.72882,2021-10-06.2285643,bF,1.47,99.990,99.990,99.990,99.990,99.990,g
2459493.72882,2021-10-06.2285642,bE,1.56,16.698,>16.698,99.990,0.368,0.152,g
2459493.74628,2021-10-06.2460252,bE,1.47,16.733,>16.733,99.990,0.348,0.147,g
2459493.74629,2021-10-06.2460260,bF,1.5,99.990,99.990,99.990,99.990,99.990,g
2459493.74758,2021-10-06.2473262,bE,1.54,16.634,>16.634,99.990,0.231,0.161,g
2459493.74758,2021-10-06.2473265,bF,1.54,99.990,99.990,99.990,99.990,99.990,g
2459493.74888,2021-10-06.2486325,bF,1.47,99.990,99.990,99.990,99.990,99.990,g
2459493.74889,2021-10-06.2486324,bE,1.43,16.834,>16.834,99.990,0.030,0.134,g
2459494.44982,2021-10-06.9495680,bm,1.63,16.557,>16.557,99.990,-0.175,0.173,g
2459494.45112,2021-10-06.9508833,bm,1.68,16.575,>16.575,99.990,0.419,0.170,g
2459494.45245,2021-10-06.9521990,bm,1.69,16.524,>16.524,99.990,-0.162,0.178,g
2459494.52904,2021-10-07.0287878,bm,1.57,16.741,>16.741,99.990,0.215,0.146,g
2459494.53027,2021-10-07.0300229,bm,1.54,16.470,>16.470,99.990,0.136,0.188,g
2459494.53152,2021-10-07.0312790,bm,1.57,16.717,>16.717,99.990,0.498,0.149,g
2459494.61795,2021-10-07.1177126,bm,1.6,16.547,>16.547,99.990,0.352,0.175,g
2459494.62043,2021-10-07.1201900,bm,1.62,16.600,>16.600,99.990,-0.042,0.166,g
2459495.43868,2021-10-07.9384371,bm,1.55,16.905,>16.905,99.990,-0.252,0.126,g
2459495.43992,2021-10-07.9396804,bm,1.57,16.522,>16.522,99.990,0.086,0.179,g
2459495.44116,2021-10-07.9409214,bm,1.51,16.777,>16.777,99.990,0.025,0.141,g
2459495.58259,2021-10-08.0823501,bm,1.51,16.636,>16.636,99.990,-0.201,0.161,g
2459495.58382,2021-10-08.0835828,bm,1.5,16.735,>16.735,99.990,-0.133,0.147,g
2459496.44359,2021-10-08.9433592,bm,1.51,16.507,>16.507,99.990,0.039,0.181,g
2459496.44484,2021-10-08.9446093,bm,1.47,16.823,>16.823,99.990,0.437,0.135,g
2459496.44608,2021-10-08.9458559,bm,1.58,16.569,>16.569,99.990,0.340,0.171,g
2459496.81851,2021-10-09.3182839,bi,1.44,16.625,>16.625,99.990,0.068,0.163,g
2459496.81975,2021-10-09.3195199,bi,1.42,16.449,>16.449,99.990,0.230,0.191,g
2459496.82099,2021-10-09.3207642,bi,1.42,16.482,>16.482,99.990,0.428,0.186,g
2459497.70044,2021-10-10.2002355,bF,1.5,99.990,99.990,99.990,99.990,99.990,g
2459497.70045,2021-10-10.2002354,bE,1.49,16.755,>16.755,99.990,0.207,0.144,g
2459497.70175,2021-10-10.2015474,bF,1.54,99.990,99.990,99.990,99.990,99.990,g
2459497.70176,2021-10-10.2015466,bE,1.43,16.848,>16.848,99.990,0.079,0.132,g
2459497.70304,2021-10-10.2028335,bF,1.53,99.990,99.990,99.990,99.990,99.990,g
2459497.70304,2021-10-10.2028331,bE,1.48,16.770,>16.770,99.990,0.129,0.142,g
2459498.68437,2021-10-11.1841738,bi,1.43,16.345,>16.345,99.990,0.173,0.210,g
2459498.68562,2021-10-11.1854166,bi,1.38,16.545,>16.545,99.990,0.015,0.175,g
2459498.68686,2021-10-11.1866643,bi,1.41,16.601,>16.601,99.990,0.482,0.166,g
2459499.48648,2021-10-11.9862936,bm,2.37,16.609,>16.609,99.990,-0.058,0.165,g
2459499.48772,2021-10-11.9875355,bm,2.36,16.560,>16.560,99.990,-0.016,0.173,g
2459499.48899,2021-10-11.9888009,bm,2.34,16.375,>16.375,99.990,-0.065,0.205,g
2459499.70297,2021-10-12.2027865,bF,1.48,99.990,99.990,99.990,99.990,99.990,g
2459499.70298,2021-10-12.2027869,bE,1.47,15.724,>15.724,99.990,0.722,0.373,g
2459499.70427,2021-10-12.2040849,bF,1.48,99.990,99.990,99.990,99.990,99.990,g
2459499.70428,2021-10-12.2040842,bE,1.48,16.253,>16.253,99.990,-0.108,0.229,g
2459499.70556,2021-10-12.2053701,bE,1.48,16.204,>16.204,99.990,0.264,0.240,g
2459499.70556,2021-10-12.2053714,bF,1.51,99.990,99.990,99.990,99.990,99.990,g
2459500.43382,2021-10-12.9336432,bm,2.37,14.544,>14.544,99.990,1.350,1.106,g
2459500.43506,2021-10-12.9348829,bm,2.37,14.861,>14.861,99.990,0.443,0.825,g
2459500.43636,2021-10-12.9361826,bm,2.37,15.264,>15.264,99.990,-1.368,0.570,g
2459500.49906,2021-10-12.9988802,bm,2.12,15.623,>15.623,99.990,-0.418,0.409,g
2459500.50030,2021-10-13.0001185,bm,2.11,15.320,>15.320,99.990,-0.638,0.541,g
2459500.50156,2021-10-13.0013791,bm,2.13,15.372,>15.372,99.990,0.503,0.516,g
2459500.68406,2021-10-13.1838856,bF,1.58,99.990,99.990,99.990,99.990,99.990,g
2459500.68407,2021-10-13.1838854,bE,1.48,16.580,>16.580,99.990,0.059,0.169,g
2459500.68536,2021-10-13.1851831,bF,1.57,99.990,99.990,99.990,99.990,99.990,g
2459500.68536,2021-10-13.1851827,bE,1.52,16.446,>16.446,99.990,0.510,0.192,g
2459500.68666,2021-10-13.1864771,bE,1.51,16.392,>16.392,99.990,0.244,0.202,g
2459500.68666,2021-10-13.1864769,bF,1.62,99.990,99.990,99.990,99.990,99.990,g
2459502.42032,2021-10-14.9201598,bm,1.57,14.880,>14.880,99.990,0.438,0.811,g
2459502.42156,2021-10-14.9213995,bm,1.59,15.408,>15.408,99.990,-0.233,0.499,g
2459502.42282,2021-10-14.9226545,bm,1.59,15.631,>15.631,99.990,-0.534,0.406,g
2459502.48980,2021-10-14.9896348,bm,1.53,15.127,>15.127,99.990,-0.780,0.646,g
2459502.49110,2021-10-14.9909365,bm,1.52,15.205,>15.205,99.990,0.644,0.601,g
2459502.49236,2021-10-14.9922005,bm,1.58,15.685,>15.685,99.990,0.372,0.387,g
2459502.54590,2021-10-15.0457412,bm,1.61,16.266,>16.266,99.990,-0.188,0.226,g
2459502.67552,2021-10-15.1753653,bE,1.44,16.205,>16.205,99.990,-0.482,0.239,g
2459502.67553,2021-10-15.1753655,bF,1.53,99.990,99.990,99.990,99.990,99.990,g
2459502.67682,2021-10-15.1766646,bF,1.49,99.990,99.990,99.990,99.990,99.990,g
2459502.67682,2021-10-15.1766635,bE,1.47,16.319,>16.319,99.990,-0.047,0.215,g
2459502.67812,2021-10-15.1779637,bE,1.53,16.305,>16.305,99.990,-0.270,0.218,g
2459502.67812,2021-10-15.1779646,bF,1.48,99.990,99.990,99.990,99.990,99.990,g
2459503.68127,2021-10-16.1811234,bF,1.49,99.990,99.990,99.990,99.990,99.990,g
2459503.68127,2021-10-16.1811232,bE,1.45,16.028,>16.028,99.990,0.036,0.282,g
2459503.68256,2021-10-16.1824103,bF,1.53,99.990,99.990,99.990,99.990,99.990,g
2459503.68256,2021-10-16.1824101,bE,1.48,16.214,>16.214,99.990,0.294,0.237,g
2459503.68387,2021-10-16.1837202,bF,1.48,99.990,99.990,99.990,99.990,99.990,g
2459503.68387,2021-10-16.1837199,bE,1.56,16.078,>16.078,99.990,-0.018,0.269,g
2459504.67252,2021-10-17.1723866,bF,1.5,99.990,99.990,99.990,99.990,99.990,g
2459504.67252,2021-10-17.1723866,bE,1.5,16.013,>16.013,99.990,-0.012,0.286,g
2459504.67382,2021-10-17.1736932,bF,1.59,99.990,99.990,99.990,99.990,99.990,g
2459504.67383,2021-10-17.1736936,bE,1.47,16.171,>16.171,99.990,-0.266,0.247,g
2459504.67513,2021-10-17.1749979,bF,1.6,99.990,99.990,99.990,99.990,99.990,g
2459504.67514,2021-10-17.1749980,bE,1.52,15.942,>15.942,99.990,-0.331,0.305,g
2459505.67232,2021-10-18.1722055,bF,1.6,99.990,99.990,99.990,99.990,99.990,g
2459505.67233,2021-10-18.1722054,bE,1.46,16.122,>16.122,99.990,0.538,0.259,g
2459505.67362,2021-10-18.1734991,bF,1.57,99.990,99.990,99.990,99.990,99.990,g
2459505.67363,2021-10-18.1734993,bE,1.51,15.863,>15.863,99.990,0.198,0.328,g
2459505.67492,2021-10-18.1747927,bE,1.56,16.056,>16.056,99.990,-0.331,0.274,g
2459505.67492,2021-10-18.1747935,bF,1.58,99.990,99.990,99.990,99.990,99.990,g
2459506.46654,2021-10-18.9664243,bm,1.55,15.679,>15.679,99.990,0.553,0.389,g
2459506.46777,2021-10-18.9676542,bm,1.53,15.947,>15.947,99.990,0.475,0.304,g
2459506.46901,2021-10-18.9688984,bm,1.54,15.721,>15.721,99.990,-0.435,0.374,g
2459506.72616,2021-10-19.2260528,bi,1.41,15.643,>15.643,99.990,0.668,0.402,g
2459506.72742,2021-10-19.2273099,bi,1.43,15.642,>15.642,99.990,-0.106,0.402,g
2459506.72865,2021-10-19.2285483,bi,1.39,15.599,>15.599,99.990,0.131,0.418,g
2459506.77192,2021-10-19.2718083,bi,1.47,15.807,>15.807,99.990,0.114,0.345,g
2459506.77317,2021-10-19.2730597,bi,1.52,15.731,>15.731,99.990,0.055,0.370,g
2459506.77441,2021-10-19.2743005,bi,1.5,15.657,>15.657,99.990,0.456,0.397,g
2459508.76969,2021-10-21.2696050,bE,1.48,16.077,>16.077,99.990,-0.248,0.269,g
2459508.76969,2021-10-21.2696049,bF,1.65,99.990,99.990,99.990,99.990,99.990,g
2459508.77098,2021-10-21.2708978,bF,1.52,99.990,99.990,99.990,99.990,99.990,g
2459508.77099,2021-10-21.2708975,bE,1.49,15.918,>15.918,99.990,-0.058,0.312,g
2459508.77228,2021-10-21.2721980,bF,1.51,99.990,99.990,99.990,99.990,99.990,g
2459508.77229,2021-10-21.2721990,bE,1.6,16.032,>16.032,99.990,0.145,0.281,g
2459509.75178,2021-10-22.2517059,bE,1.48,16.052,>16.052,99.990,0.137,0.276,g
2459509.75178,2021-10-22.2517065,bF,1.53,99.990,99.990,99.990,99.990,99.990,g
2459509.75307,2021-10-22.2530043,bF,1.56,99.990,99.990,99.990,99.990,99.990,g
2459509.75307,2021-10-22.2530042,bE,1.58,16.185,>16.185,99.990,0.277,0.244,g
2459509.75437,2021-10-22.2542966,bE,1.56,16.275,>16.275,99.990,0.040,0.224,g
2459509.75437,2021-10-22.2542971,bF,1.52,99.990,99.990,99.990,99.990,99.990,g
2459510.64145,2021-10-23.1413944,bF,1.52,99.990,99.990,99.990,99.990,99.990,g
2459510.64146,2021-10-23.1413945,bE,1.55,16.052,>16.052,99.990,-0.438,0.276,g
2459510.64275,2021-10-23.1426913,bF,1.56,99.990,99.990,99.990,99.990,99.990,g
2459510.64276,2021-10-23.1426920,bE,1.52,15.955,>15.955,99.990,-0.283,0.301,g
2459510.64405,2021-10-23.1439884,bF,1.47,99.990,99.990,99.990,99.990,99.990,g
2459510.64405,2021-10-23.1439879,bE,1.56,15.996,>15.996,99.990,-0.681,0.290,g
2459511.40257,2021-10-23.9025151,bm,1.73,15.886,>15.886,99.990,0.326,0.321,g
2459511.40381,2021-10-23.9037543,bm,1.55,15.891,>15.891,99.990,-0.468,0.320,g
2459511.40505,2021-10-23.9050033,bm,1.63,15.901,>15.901,99.990,-0.205,0.317,g
2459511.69051,2021-10-24.1904568,bE,1.47,16.198,>16.198,99.990,-0.054,0.241,g
2459511.69051,2021-10-24.1904576,bF,1.45,99.990,99.990,99.990,99.990,99.990,g
2459511.69180,2021-10-24.1917521,bE,1.49,16.162,>16.162,99.990,0.107,0.249,g
2459511.69181,2021-10-24.1917527,bF,1.49,99.990,99.990,99.990,99.990,99.990,g
2459511.69310,2021-10-24.1930493,bF,1.51,99.990,99.990,99.990,99.990,99.990,g
2459511.69311,2021-10-24.1930498,bE,1.57,16.301,>16.301,99.990,-0.051,0.219,g
2459511.80107,2021-10-24.3010192,bE,1.41,16.221,>16.221,99.990,-0.068,0.236,g
2459511.80107,2021-10-24.3010190,bF,1.46,99.990,99.990,99.990,99.990,99.990,g
2459511.80236,2021-10-24.3023075,bE,1.51,16.292,>16.292,99.990,-0.029,0.221,g
2459511.80236,2021-10-24.3023076,bF,1.55,99.990,99.990,99.990,99.990,99.990,g
2459511.80366,2021-10-24.3036079,bE,1.45,16.325,>16.325,99.990,0.455,0.214,g
2459511.80366,2021-10-24.3036076,bF,1.5,99.990,99.990,99.990,99.990,99.990,g
2459512.64012,2021-10-25.1400896,bF,1.5,99.990,99.990,99.990,99.990,99.990,g
2459512.64013,2021-10-25.1400901,bE,1.45,16.383,>16.383,99.990,-0.182,0.203,g
2459512.64142,2021-10-25.1413844,bF,1.49,99.990,99.990,99.990,99.990,99.990,g
2459512.64143,2021-10-25.1413858,bE,1.48,16.444,>16.444,99.990,0.441,0.192,g
2459512.64272,2021-10-25.1426766,bF,1.44,99.990,99.990,99.990,99.990,99.990,g
2459512.64272,2021-10-25.1426774,bE,1.48,16.487,>16.487,99.990,0.140,0.185,g
2459512.69165,2021-10-25.1916107,bF,1.51,99.990,99.990,99.990,99.990,99.990,g
2459512.69165,2021-10-25.1916108,bE,1.44,16.444,>16.444,99.990,-0.061,0.192,g
2459512.69295,2021-10-25.1929027,bF,1.46,99.990,99.990,99.990,99.990,99.990,g
2459512.69295,2021-10-25.1929026,bE,1.47,16.211,>16.211,99.990,-0.213,0.238,g
2459512.69424,2021-10-25.1942040,bF,1.5,99.990,99.990,99.990,99.990,99.990,g
2459512.69425,2021-10-25.1942053,bE,1.5,16.345,>16.345,99.990,0.274,0.210,g
2459513.64179,2021-10-26.1417572,bF,1.47,99.990,99.990,99.990,99.990,99.990,g
2459513.64179,2021-10-26.1417567,bE,1.51,16.728,>16.728,99.990,0.151,0.148,g
2459513.64310,2021-10-26.1430644,bE,1.44,16.669,>16.669,99.990,0.018,0.156,g
2459513.64310,2021-10-26.1430649,bF,1.42,99.990,99.990,99.990,99.990,99.990,g
2459513.64439,2021-10-26.1443644,bF,1.51,99.990,99.990,99.990,99.990,99.990,g
2459513.64440,2021-10-26.1443651,bE,1.43,16.740,>16.740,99.990,-0.072,0.146,g
2459513.85538,2021-10-26.3553535,bE,1.55,16.494,>16.494,99.990,0.331,0.183,g
2459513.85667,2021-10-26.3566421,bE,1.42,16.368,>16.368,99.990,0.119,0.206,g
2459513.85797,2021-10-26.3579371,bE,1.52,16.326,>16.326,99.990,0.183,0.214,g
2459514.63364,2021-10-27.1336231,bF,1.44,99.990,99.990,99.990,99.990,99.990,g
2459514.63365,2021-10-27.1336236,bE,1.51,16.623,>16.623,99.990,-0.174,0.163,g
2459514.63492,2021-10-27.1348993,bE,1.44,16.784,16.651,0.194,0.793,0.141,g
2459514.63492,2021-10-27.1348993,bF,1.42,99.990,99.990,99.990,99.990,99.990,g
2459514.63623,2021-10-27.1362109,bE,1.48,16.731,>16.731,99.990,0.099,0.147,g
2459514.63623,2021-10-27.1362114,bF,1.45,99.990,99.990,99.990,99.990,99.990,g
2459514.86978,2021-10-27.3697693,bi,1.51,16.045,>16.045,99.990,0.523,0.277,g
2459514.87104,2021-10-27.3710216,bi,1.55,15.919,>15.919,99.990,0.305,0.311,g
2459514.87229,2021-10-27.3722728,bi,1.51,15.787,>15.787,99.990,-0.263,0.352,g
2459515.63258,2021-10-28.1325739,bE,1.45,16.745,>16.745,99.990,0.042,0.146,g
2459515.63258,2021-10-28.1325739,bF,1.49,99.990,99.990,99.990,99.990,99.990,g
2459515.63387,2021-10-28.1338679,bE,1.51,16.632,>16.632,99.990,0.017,0.161,g
2459515.63388,2021-10-28.1338671,bF,1.49,99.990,99.990,99.990,99.990,99.990,g
2459515.63518,2021-10-28.1351715,bE,1.51,16.784,>16.784,99.990,0.124,0.140,g
2459515.63518,2021-10-28.1351715,bF,1.48,99.990,99.990,99.990,99.990,99.990,g
2459516.62599,2021-10-29.1259953,bF,1.5,99.990,99.990,99.990,99.990,99.990,g
2459516.62599,2021-10-29.1259964,bE,1.5,16.617,>16.617,99.990,0.255,0.164,g
2459516.62729,2021-10-29.1272966,bF,1.47,99.990,99.990,99.990,99.990,99.990,g
2459516.62729,2021-10-29.1272969,bE,1.52,16.441,>16.441,99.990,0.453,0.193,g
2459516.84901,2021-10-29.3490157,bi,1.38,99.990,99.990,99.990,99.990,99.990,g
2459516.85026,2021-10-29.3502643,bi,1.39,14.759,>14.759,99.990,-3.533,0.907,g
2459516.85150,2021-10-29.3515086,bi,1.45,15.078,>15.078,99.990,-0.458,0.676,g
2459517.62992,2021-10-30.1299445,bF,1.49,99.990,99.990,99.990,99.990,99.990,g
2459517.62993,2021-10-30.1299439,bE,1.46,16.871,>16.871,99.990,0.062,0.130,g
2459517.63122,2021-10-30.1312385,bF,1.48,99.990,99.990,99.990,99.990,99.990,g
2459517.63122,2021-10-30.1312402,bE,1.49,16.729,>16.729,99.990,0.458,0.148,g
2459517.63252,2021-10-30.1325388,bE,1.46,16.781,>16.781,99.990,0.108,0.141,g
2459517.63252,2021-10-30.1325390,bF,1.5,99.990,99.990,99.990,99.990,99.990,g
2459518.62862,2021-10-31.1286464,bF,1.48,99.990,99.990,99.990,99.990,99.990,g
2459518.62862,2021-10-31.1286476,bE,1.42,16.923,>16.923,99.990,0.023,0.124,g
2459518.62991,2021-10-31.1299481,bF,1.53,99.990,99.990,99.990,99.990,99.990,g
2459518.62992,2021-10-31.1299495,bE,1.49,16.581,>16.581,99.990,0.113,0.169,g
2459518.63122,2021-10-31.1312541,bF,1.47,99.990,99.990,99.990,99.990,99.990,g
2459518.63123,2021-10-31.1312556,bE,1.48,16.799,>16.799,99.990,0.362,0.139,g
2459521.61464,2021-11-03.1147107,bF,1.49,99.990,99.990,99.990,99.990,99.990,g
2459521.61465,2021-11-03.1147109,bE,1.51,16.645,>16.645,99.990,0.250,0.160,g
2459521.61595,2021-11-03.1160156,bF,1.5,99.990,99.990,99.990,99.990,99.990,g
2459521.61595,2021-11-03.1160159,bE,1.5,16.749,>16.749,99.990,0.319,0.145,g
2459521.61725,2021-11-03.1173130,bF,1.5,99.990,99.990,99.990,99.990,99.990,g
2459521.61725,2021-11-03.1173134,bE,1.45,16.683,>16.683,99.990,0.478,0.154,g
2459522.52577,2021-11-04.0258457,bm,1.59,16.649,>16.649,99.990,0.231,0.159,g
2459522.52701,2021-11-04.0270806,bm,1.45,16.687,>16.687,99.990,0.118,0.153,g
2459522.52831,2021-11-04.0283810,bm,1.57,16.736,>16.736,99.990,-0.063,0.147,g
2459522.70102,2021-11-04.2010951,bi,1.39,16.623,>16.623,99.990,0.016,0.163,g
2459522.70226,2021-11-04.2023365,bi,1.42,16.415,>16.415,99.990,0.178,0.197,g
2459522.70349,2021-11-04.2035702,bi,1.42,16.540,>16.540,99.990,0.258,0.176,g
2459522.71990,2021-11-04.2199827,bi,1.39,16.564,>16.564,99.990,-0.168,0.172,g
2459522.72113,2021-11-04.2212129,bi,1.44,16.471,>16.471,99.990,-0.103,0.187,g
2459522.72238,2021-11-04.2224652,bi,1.51,16.773,>16.773,99.990,-0.090,0.142,g
2459523.72501,2021-11-05.2251047,bF,1.56,99.990,99.990,99.990,99.990,99.990,g
2459523.72501,2021-11-05.2251045,bE,1.51,16.844,>16.844,99.990,0.514,0.133,g
2459523.72632,2021-11-05.2264054,bF,1.53,99.990,99.990,99.990,99.990,99.990,g
2459523.72632,2021-11-05.2264054,bE,1.53,16.728,>16.728,99.990,0.182,0.148,g
2459523.72761,2021-11-05.2276991,bF,1.59,99.990,99.990,99.990,99.990,99.990,g
2459523.72761,2021-11-05.2276987,bE,1.52,16.797,>16.797,99.990,0.184,0.139,g
2459525.60714,2021-11-07.1072527,bE,1.54,16.677,>16.677,99.990,0.118,0.155,g
2459525.60714,2021-11-07.1072526,bF,1.51,99.990,99.990,99.990,99.990,99.990,g
2459525.60844,2021-11-07.1085495,bE,1.46,16.761,>16.761,99.990,-0.197,0.143,g
2459525.60844,2021-11-07.1085491,bF,1.47,99.990,99.990,99.990,99.990,99.990,g
2459525.60974,2021-11-07.1098528,bF,1.5,99.990,99.990,99.990,99.990,99.990,g
2459525.60974,2021-11-07.1098532,bE,1.44,16.715,>16.715,99.990,0.261,0.150,g
2459525.86297,2021-11-07.3630878,bE,1.52,16.039,>16.039,99.990,0.176,0.279,g
2459525.86427,2021-11-07.3643870,bE,1.52,16.050,>16.050,99.990,0.089,0.276,g
2459525.86556,2021-11-07.3656722,bE,1.51,15.730,>15.730,99.990,-0.133,0.371,g
2459526.59733,2021-11-08.0974505,bi,1.41,16.402,>16.402,99.990,0.207,0.200,g
2459526.59981,2021-11-08.0999317,bi,1.44,16.414,>16.414,99.990,-0.025,0.197,g
2459527.61029,2021-11-09.1104283,bE,1.52,16.578,>16.578,99.990,0.020,0.170,g
2459527.61029,2021-11-09.1104275,bF,1.49,99.990,99.990,99.990,99.990,99.990,g
2459527.61159,2021-11-09.1117290,bF,1.52,99.990,99.990,99.990,99.990,99.990,g
2459527.61160,2021-11-09.1117303,bE,1.53,16.509,>16.509,99.990,0.452,0.181,g
2459527.61289,2021-11-09.1130252,bE,1.5,16.754,>16.754,99.990,0.027,0.144,g
2459527.61289,2021-11-09.1130247,bF,1.52,99.990,99.990,99.990,99.990,99.990,g
2459527.67685,2021-11-09.1769884,bi,1.47,16.487,>16.487,99.990,0.233,0.185,g
2459527.67810,2021-11-09.1782327,bi,1.39,16.690,>16.690,99.990,-0.154,0.153,g
2459527.67934,2021-11-09.1794827,bi,1.44,16.495,>16.495,99.990,0.177,0.183,g
2459528.49950,2021-11-09.9996442,bm,1.59,16.621,>16.621,99.990,0.231,0.163,g
2459528.50076,2021-11-10.0008998,bm,1.57,16.830,>16.830,99.990,-0.204,0.135,g
2459528.50200,2021-11-10.0021465,bm,1.53,16.843,>16.843,99.990,0.341,0.133,g
2459528.65484,2021-11-10.1549765,bi,1.42,16.350,>16.350,99.990,0.001,0.209,g
2459528.65607,2021-11-10.1562135,bi,1.47,16.507,>16.507,99.990,-0.001,0.181,g
2459528.65733,2021-11-10.1574734,bi,1.52,16.509,>16.509,99.990,-0.345,0.181,g
2459528.85623,2021-11-10.3563765,bi,1.47,16.332,>16.332,99.990,-0.006,0.213,g
2459528.85748,2021-11-10.3576246,bi,1.48,16.439,>16.439,99.990,0.360,0.193,g
2459528.85872,2021-11-10.3588652,bi,1.57,16.258,>16.258,99.990,-0.049,0.228,g
2459529.52453,2021-11-11.0246854,bm,1.6,16.783,>16.783,99.990,-0.086,0.141,g
2459529.52576,2021-11-11.0259120,bm,1.55,16.689,>16.689,99.990,0.197,0.153,g
2459529.52700,2021-11-11.0271545,bm,1.59,16.576,>16.576,99.990,0.075,0.170,g
2459529.61532,2021-11-11.1154869,bi,1.42,16.255,>16.255,99.990,0.105,0.229,g
2459529.61658,2021-11-11.1167381,bi,1.42,16.439,>16.439,99.990,0.075,0.193,g
2459529.61782,2021-11-11.1179741,bi,1.4,16.293,>16.293,99.990,0.217,0.221,g
2459529.72540,2021-11-11.2255600,bi,1.41,16.597,>16.597,99.990,0.105,0.167,g
2459529.72664,2021-11-11.2268045,bi,1.47,16.492,>16.492,99.990,0.082,0.184,g
2459529.72791,2021-11-11.2280605,bi,1.44,16.588,>16.588,99.990,0.218,0.168,g
2459530.34043,2021-11-11.8405980,bm,2.11,16.203,>16.203,99.990,0.408,0.240,g
2459530.34167,2021-11-11.8418315,bm,2.12,16.163,>16.163,99.990,-0.034,0.249,g
2459530.34291,2021-11-11.8430805,bm,2.13,16.115,>16.115,99.990,0.223,0.260,g
2459530.59251,2021-11-12.0926754,bi,1.39,16.219,>16.219,99.990,0.107,0.236,g
2459530.59375,2021-11-12.0939174,bi,1.38,16.119,>16.119,99.990,0.380,0.259,g
2459530.59500,2021-11-12.0951615,bi,1.43,16.162,>16.162,99.990,-0.572,0.249,g
2459530.86547,2021-11-12.3656380,bi,1.43,15.405,>15.405,99.990,0.761,0.500,g
2459531.33835,2021-11-12.8385310,bm,2.05,16.116,>16.116,99.990,0.482,0.260,g
2459531.33960,2021-11-12.8397752,bm,2.03,15.980,>15.980,99.990,0.435,0.295,g
2459531.34083,2021-11-12.8410101,bm,2.03,15.884,>15.884,99.990,0.546,0.322,g
2459531.61526,2021-11-13.1154317,bi,1.45,16.145,>16.145,99.990,0.382,0.253,g
2459531.61650,2021-11-13.1166736,bi,1.51,16.222,>16.222,99.990,-0.807,0.236,g
2459531.61774,2021-11-13.1179178,bi,1.44,16.162,>16.162,99.990,0.526,0.249,g
2459531.86193,2021-11-13.3621039,bi,1.5,15.729,>15.729,99.990,0.694,0.371,g
2459531.86318,2021-11-13.3633577,bi,1.45,15.807,>15.807,99.990,0.307,0.345,g
2459531.86442,2021-11-13.3645971,bi,1.52,15.608,>15.608,99.990,-0.095,0.415,g
2459532.33907,2021-11-13.8392564,bm,2.33,15.396,>15.396,99.990,-1.082,0.504,g
2459532.34030,2021-11-13.8404853,bm,2.32,15.039,>15.039,99.990,0.720,0.700,g
2459532.34154,2021-11-13.8417263,bm,2.33,15.678,>15.678,99.990,0.064,0.389,g
2459532.59021,2021-11-14.0904072,bF,1.55,99.990,99.990,99.990,99.990,99.990,g
2459532.59022,2021-11-14.0904078,bE,1.49,16.299,>16.299,99.990,0.544,0.219,g
2459532.59152,2021-11-14.0917084,bF,1.52,99.990,99.990,99.990,99.990,99.990,g
2459532.59152,2021-11-14.0917096,bE,1.43,16.399,>16.399,99.990,0.171,0.200,g
2459532.59282,2021-11-14.0930072,bF,1.45,99.990,99.990,99.990,99.990,99.990,g
2459532.59282,2021-11-14.0930086,bE,1.49,16.335,>16.335,99.990,0.018,0.212,g
2459533.59949,2021-11-15.0996912,bF,1.44,99.990,99.990,99.990,99.990,99.990,g
2459533.59949,2021-11-15.0996921,bE,1.44,16.160,>16.160,99.990,0.236,0.250,g
2459533.60079,2021-11-15.1009916,bF,1.51,99.990,99.990,99.990,99.990,99.990,g
2459533.60079,2021-11-15.1009923,bE,1.55,16.252,>16.252,99.990,0.371,0.229,g
2459533.60208,2021-11-15.1022864,bF,1.54,99.990,99.990,99.990,99.990,99.990,g
2459533.60209,2021-11-15.1022880,bE,1.53,16.184,>16.184,99.990,0.486,0.244,g
2459533.84801,2021-11-15.3482159,bi,1.43,16.469,>16.469,99.990,-0.104,0.188,g
2459533.84925,2021-11-15.3494556,bi,1.45,16.278,>16.278,99.990,-0.162,0.224,g
2459533.85050,2021-11-15.3507006,bi,1.49,16.320,>16.320,99.990,0.233,0.215,g
2459534.46661,2021-11-15.9668291,bm,1.74,14.819,>14.819,99.990,0.415,0.858,g
2459534.46785,2021-11-15.9680703,bm,1.73,15.118,>15.118,99.990,-0.191,0.651,g
2459534.46910,2021-11-15.9693121,bm,1.7,14.867,>14.867,99.990,0.517,0.821,g
2459535.45396,2021-11-16.9541920,bm,1.57,15.776,>15.776,99.990,-0.776,0.355,g
2459535.45520,2021-11-16.9554348,bm,1.53,15.900,>15.900,99.990,0.860,0.317,g
2459535.45644,2021-11-16.9566718,bm,1.47,15.855,>15.855,99.990,-0.402,0.330,g
2459535.57451,2021-11-17.0747344,bm,1.41,16.052,>16.052,99.990,-0.304,0.276,g
2459535.57575,2021-11-17.0759762,bm,1.53,16.117,>16.117,99.990,0.046,0.260,g
2459535.57699,2021-11-17.0772148,bm,1.45,16.104,>16.104,99.990,0.488,0.263,g
2459535.84958,2021-11-17.3498010,bi,1.41,16.184,>16.184,99.990,0.056,0.244,g
2459535.85080,2021-11-17.3510300,bi,1.49,16.103,>16.103,99.990,0.359,0.263,g
2459535.85204,2021-11-17.3522717,bi,1.49,16.038,>16.038,99.990,0.222,0.279,g
2459536.62543,2021-11-18.1256609,bE,1.49,15.918,>15.918,99.990,0.072,0.312,g
2459536.62543,2021-11-18.1256598,bF,1.63,99.990,99.990,99.990,99.990,99.990,g
2459536.62672,2021-11-18.1269648,bE,1.57,15.879,>15.879,99.990,0.287,0.323,g
2459536.62673,2021-11-18.1269633,bF,1.69,99.990,99.990,99.990,99.990,99.990,g
2459536.62802,2021-11-18.1282613,bE,1.44,15.788,>15.788,99.990,-0.523,0.352,g
2459536.62803,2021-11-18.1282607,bF,1.7,99.990,99.990,99.990,99.990,99.990,g
2459537.33112,2021-11-18.8313719,bm,1.53,15.598,>15.598,99.990,0.187,0.419,g
2459537.33237,2021-11-18.8326148,bm,1.56,15.585,>15.585,99.990,-0.154,0.424,g
2459537.33361,2021-11-18.8338521,bm,1.53,15.608,>15.608,99.990,-0.431,0.415,g
2459537.40203,2021-11-18.9022781,bm,1.6,15.549,>15.549,99.990,-0.508,0.438,g
2459537.40327,2021-11-18.9035202,bm,1.43,15.626,>15.626,99.990,0.342,0.408,g
2459537.40451,2021-11-18.9047597,bm,1.48,15.439,>15.439,99.990,-0.370,0.485,g
2459537.47200,2021-11-18.9722490,bm,1.48,15.736,>15.736,99.990,-0.134,0.369,g
2459537.47323,2021-11-18.9734800,bm,1.52,15.579,>15.579,99.990,0.223,0.426,g
2459537.47447,2021-11-18.9747188,bm,1.47,15.687,>15.687,99.990,-0.100,0.386,g
2459537.62713,2021-11-19.1273789,bF,1.43,99.990,99.990,99.990,99.990,99.990,g
2459537.62714,2021-11-19.1273802,bE,1.47,15.613,>15.613,99.990,0.437,0.413,g
2459537.62844,2021-11-19.1286866,bF,1.47,99.990,99.990,99.990,99.990,99.990,g
2459537.62844,2021-11-19.1286864,bE,1.51,15.574,>15.574,99.990,0.566,0.428,g
2459537.62974,2021-11-19.1299861,bE,1.57,15.731,>15.731,99.990,-0.254,0.370,g
2459537.62974,2021-11-19.1299858,bF,1.49,99.990,99.990,99.990,99.990,99.990,g
2459537.85463,2021-11-19.3548767,bi,1.49,16.173,>16.173,99.990,-0.052,0.247,g
2459537.85588,2021-11-19.3561268,bi,1.46,15.881,>15.881,99.990,0.102,0.322,g
2459537.85712,2021-11-19.3573697,bi,1.47,15.827,>15.827,99.990,0.416,0.339,g
2459538.32400,2021-11-19.8242471,bm,1.65,15.475,>15.475,99.990,-0.220,0.469,g
2459538.32524,2021-11-19.8254973,bm,1.62,15.565,>15.565,99.990,0.601,0.432,g
2459538.32651,2021-11-19.8267651,bm,1.58,15.581,>15.581,99.990,0.527,0.425,g
2459538.34970,2021-11-19.8499502,bm,1.52,15.536,>15.536,99.990,0.895,0.443,g
2459538.35094,2021-11-19.8511996,bm,1.5,15.643,>15.643,99.990,-0.769,0.402,g
2459538.35219,2021-11-19.8524457,bm,1.51,15.618,>15.618,99.990,0.000,0.411,g
2459538.49505,2021-11-19.9952994,bm,1.53,15.607,>15.607,99.990,0.853,0.415,g
2459538.49629,2021-11-19.9965414,bm,1.5,15.717,>15.717,99.990,0.301,0.375,g
2459538.49752,2021-11-19.9977774,bm,1.52,15.561,>15.561,99.990,-1.368,0.433,g
2459538.67516,2021-11-20.1754184,bE,1.46,15.875,>15.875,99.990,0.399,0.324,g
2459538.67516,2021-11-20.1754180,bF,1.48,99.990,99.990,99.990,99.990,99.990,g
2459538.67645,2021-11-20.1767099,bE,1.52,15.875,>15.875,99.990,0.049,0.324,g
2459538.67646,2021-11-20.1767101,bF,1.49,99.990,99.990,99.990,99.990,99.990,g
2459538.67775,2021-11-20.1780028,bF,1.46,99.990,99.990,99.990,99.990,99.990,g
2459538.67775,2021-11-20.1780021,bE,1.61,15.933,>15.933,99.990,-0.678,0.308,g
2459539.32027,2021-11-20.8205362,bm,2.09,14.231,>14.231,99.990,-3.722,1.477,g
2459539.32152,2021-11-20.8217826,bm,2.0,99.990,99.990,99.990,99.990,99.990,g
2459539.32282,2021-11-20.8230809,bm,2.13,15.397,>15.397,99.990,0.986,0.504,g
2459539.69183,2021-11-21.1921055,bF,1.51,99.990,99.990,99.990,99.990,99.990,g
2459539.69184,2021-11-21.1921063,bE,1.54,16.023,>16.023,99.990,0.023,0.283,g
2459539.69314,2021-11-21.1934108,bF,1.53,99.990,99.990,99.990,99.990,99.990,g
2459539.69314,2021-11-21.1934107,bE,1.53,16.037,>16.037,99.990,0.412,0.279,g
2459539.69444,2021-11-21.1947074,bF,1.57,99.990,99.990,99.990,99.990,99.990,g
2459539.69444,2021-11-21.1947078,bE,1.53,15.960,>15.960,99.990,0.155,0.300,g
2459540.57676,2021-11-22.0770405,bi,1.47,16.290,>16.290,99.990,-0.064,0.221,g
2459540.57801,2021-11-22.0782871,bi,1.54,16.335,>16.335,99.990,-0.464,0.212,g
2459540.57924,2021-11-22.0795229,bi,1.5,16.149,>16.149,99.990,0.049,0.252,g
2459540.60670,2021-11-22.1069781,bi,1.55,15.974,>15.974,99.990,0.434,0.296,g
2459540.60793,2021-11-22.1082199,bi,1.46,16.115,>16.115,99.990,0.416,0.260,g
2459540.60918,2021-11-22.1094605,bi,1.53,16.051,>16.051,99.990,-0.319,0.276,g
2459540.83799,2021-11-22.3382681,bi,1.5,15.994,>15.994,99.990,-0.220,0.291,g
2459540.83923,2021-11-22.3395097,bi,1.45,15.849,>15.849,99.990,0.020,0.332,g
2459540.84049,2021-11-22.3407752,bi,1.41,16.074,>16.074,99.990,-0.346,0.270,g
2459540.84978,2021-11-22.3500611,bi,1.47,15.772,>15.772,99.990,0.317,0.357,g
2459540.85101,2021-11-22.3512949,bi,1.36,15.791,>15.791,99.990,0.465,0.351,g
2459540.85225,2021-11-22.3525340,bi,1.41,15.743,>15.743,99.990,0.606,0.366,g
2459541.64338,2021-11-23.1436694,bF,1.48,99.990,99.990,99.990,99.990,99.990,g
2459541.64338,2021-11-23.1436703,bE,1.46,15.412,>15.412,99.990,-0.822,0.497,g
2459541.64467,2021-11-23.1449690,bF,1.45,99.990,99.990,99.990,99.990,99.990,g
2459541.64468,2021-11-23.1449693,bE,1.51,15.519,>15.519,99.990,-0.829,0.450,g
2459541.64596,2021-11-23.1462517,bF,1.48,99.990,99.990,99.990,99.990,99.990,g
2459541.64596,2021-11-23.1462524,bE,1.56,15.496,>15.496,99.990,1.336,0.460,g
2459542.58855,2021-11-24.0888504,bF,1.58,99.990,99.990,99.990,99.990,99.990,g
2459542.58855,2021-11-24.0888519,bE,1.51,16.675,>16.675,99.990,0.144,0.155,g
2459542.58986,2021-11-24.0901532,bF,1.6,99.990,99.990,99.990,99.990,99.990,g
2459542.58986,2021-11-24.0901549,bE,1.56,16.921,>16.921,99.990,0.196,0.124,g
2459542.59115,2021-11-24.0914583,bF,1.53,99.990,99.990,99.990,99.990,99.990,g
2459542.59116,2021-11-24.0914594,bE,1.52,16.725,>16.725,99.990,0.125,0.148,g
2459542.63506,2021-11-24.1353599,bi,1.47,16.522,>16.522,99.990,-0.357,0.179,g
2459542.63631,2021-11-24.1366158,bi,1.49,16.392,>16.392,99.990,-0.064,0.202,g
2459542.63755,2021-11-24.1378506,bi,1.43,16.426,>16.426,99.990,0.455,0.195,g
2459542.64664,2021-11-24.1469398,bi,1.42,16.329,>16.329,99.990,0.281,0.214,g
2459542.64788,2021-11-24.1481804,bi,1.41,16.310,>16.310,99.990,-0.254,0.217,g
2459542.64912,2021-11-24.1494195,bi,1.47,16.338,>16.338,99.990,-0.263,0.212,g
2459543.68251,2021-11-25.1828259,bi,1.4,16.475,>16.475,99.990,0.205,0.187,g
2459543.68376,2021-11-25.1840805,bi,1.43,16.375,>16.375,99.990,-0.098,0.205,g
2459543.68502,2021-11-25.1853282,bi,1.44,16.364,>16.364,99.990,-0.378,0.207,g
2459543.69025,2021-11-25.1905598,bi,1.41,16.437,>16.437,99.990,0.175,0.193,g
2459543.69150,2021-11-25.1918100,bi,1.41,16.286,>16.286,99.990,-0.253,0.222,g
2459543.69275,2021-11-25.1930638,bi,1.44,16.422,>16.422,99.990,-0.115,0.196,g
2459546.85295,2021-11-28.3532942,bi,1.38,15.902,>15.902,99.990,0.251,0.316,g
2459546.85418,2021-11-28.3545327,bi,1.47,15.939,>15.939,99.990,0.334,0.306,g
2459546.85546,2021-11-28.3557980,bi,1.47,15.944,>15.944,99.990,0.420,0.304,g
2459548.33846,2021-11-29.8388185,bm,1.52,16.657,>16.657,99.990,0.267,0.158,g
2459548.33975,2021-11-29.8401034,bm,1.58,16.626,>16.626,99.990,-0.126,0.162,g
2459548.34099,2021-11-29.8413454,bm,1.51,16.688,>16.688,99.990,-0.137,0.153,g
2459548.60032,2021-11-30.1006857,bF,1.52,99.990,99.990,99.990,99.990,99.990,g
2459548.60033,2021-11-30.1006868,bE,1.68,16.747,>16.747,99.990,-0.266,0.145,g
2459548.60160,2021-11-30.1019686,bF,1.54,99.990,99.990,99.990,99.990,99.990,g
2459548.60161,2021-11-30.1019692,bE,1.64,16.723,>16.723,99.990,0.350,0.149,g
2459548.60291,2021-11-30.1032685,bF,1.52,99.990,99.990,99.990,99.990,99.990,g
2459548.60291,2021-11-30.1032689,bE,1.59,16.743,>16.743,99.990,0.028,0.146,g
2459548.65621,2021-11-30.1565680,bF,1.44,99.990,99.990,99.990,99.990,99.990,g
2459548.65621,2021-11-30.1565695,bE,1.46,16.820,>16.820,99.990,-0.037,0.136,g
2459548.65751,2021-11-30.1578708,bF,1.48,99.990,99.990,99.990,99.990,99.990,g
2459548.65751,2021-11-30.1578711,bE,1.53,16.779,>16.779,99.990,0.112,0.141,g
2459548.65879,2021-11-30.1591577,bF,1.43,99.990,99.990,99.990,99.990,99.990,g
2459548.65880,2021-11-30.1591577,bE,1.42,16.829,>16.829,99.990,0.111,0.135,g
2459549.52380,2021-12-01.0241700,bm,1.52,16.654,>16.654,99.990,0.166,0.158,g
2459549.52504,2021-12-01.0254083,bm,1.54,16.523,>16.523,99.990,0.054,0.179,g
2459549.52628,2021-12-01.0266571,bm,1.52,16.559,>16.559,99.990,0.105,0.173,g
2459549.53577,2021-12-01.0361421,bF,1.52,99.990,99.990,99.990,99.990,99.990,g
2459549.53577,2021-12-01.0361434,bE,1.72,16.756,>16.756,99.990,-0.136,0.144,g
2459549.53707,2021-12-01.0374396,bF,1.49,99.990,99.990,99.990,99.990,99.990,g
2459549.53707,2021-12-01.0374409,bE,1.6,16.566,>16.566,99.990,-0.127,0.172,g
2459549.53838,2021-12-01.0387423,bF,1.52,99.990,99.990,99.990,99.990,99.990,g
2459549.53838,2021-12-01.0387434,bE,1.55,16.751,>16.751,99.990,0.223,0.145,g
2459549.85112,2021-12-01.3514962,bi,1.54,16.081,>16.081,99.990,0.320,0.268,g
2459549.85236,2021-12-01.3527342,bi,1.6,15.876,>15.876,99.990,0.202,0.324,g
2459549.85360,2021-12-01.3539809,bi,1.54,15.873,>15.873,99.990,0.346,0.325,g
2459550.33735,2021-12-01.8377290,bm,1.55,16.619,>16.619,99.990,0.276,0.163,g
2459550.33859,2021-12-01.8389660,bm,1.51,16.655,>16.655,99.990,0.013,0.158,g
2459550.33985,2021-12-01.8402231,bm,1.53,16.630,>16.630,99.990,0.182,0.162,g
2459550.47104,2021-12-01.9714136,bm,1.49,16.426,>16.426,99.990,-0.152,0.195,g
2459550.47228,2021-12-01.9726563,bm,1.49,15.855,>15.855,99.990,0.261,0.330,g
2459550.47352,2021-12-01.9738959,bm,1.55,15.867,>15.867,99.990,-0.054,0.327,g
2459550.61739,2021-12-02.1177725,bF,1.51,99.990,99.990,99.990,99.990,99.990,g
2459550.61740,2021-12-02.1177731,bE,1.48,16.649,>16.649,99.990,0.159,0.159,g
2459550.61870,2021-12-02.1190878,bF,1.48,99.990,99.990,99.990,99.990,99.990,g
2459550.61871,2021-12-02.1190888,bE,1.52,16.820,>16.820,99.990,0.179,0.136,g
2459550.62000,2021-12-02.1203864,bF,1.52,99.990,99.990,99.990,99.990,99.990,g
2459550.62001,2021-12-02.1203878,bE,1.54,16.695,>16.695,99.990,0.214,0.152,g
2459551.29613,2021-12-02.7965181,bm,1.57,15.367,>15.367,99.990,0.157,0.518,g
2459551.29737,2021-12-02.7977586,bm,1.56,15.370,>15.370,99.990,-0.227,0.517,g
2459551.29862,2021-12-02.7990087,bm,1.55,15.549,>15.549,99.990,-0.055,0.438,g
2459551.62682,2021-12-03.1272137,bF,1.48,99.990,99.990,99.990,99.990,99.990,g
2459551.62683,2021-12-03.1272162,bE,1.49,16.608,>16.608,99.990,0.146,0.165,g
2459551.62813,2021-12-03.1285133,bF,1.53,99.990,99.990,99.990,99.990,99.990,g
2459551.62813,2021-12-03.1285142,bE,1.53,16.637,>16.637,99.990,-0.021,0.161,g
2459551.62942,2021-12-03.1298130,bE,1.47,16.675,>16.675,99.990,0.337,0.155,g
2459551.62943,2021-12-03.1298122,bF,1.57,99.990,99.990,99.990,99.990,99.990,g
2459552.65320,2021-12-04.1536071,bi,1.35,16.432,>16.432,99.990,0.095,0.194,g
2459552.65444,2021-12-04.1548465,bi,1.51,16.610,>16.610,99.990,0.038,0.165,g
2459552.65568,2021-12-04.1560887,bi,1.41,16.531,>16.531,99.990,0.179,0.177,g
2459552.84682,2021-12-04.3472216,bE,1.48,16.446,>16.446,99.990,0.344,0.192,g
2459552.84810,2021-12-04.3485076,bE,1.51,16.447,>16.447,99.990,0.236,0.191,g
2459552.84942,2021-12-04.3498226,bE,1.5,16.434,>16.434,99.990,-0.098,0.194,g
2459553.57781,2021-12-05.0782208,bE,1.55,16.603,>16.603,99.990,0.325,0.166,g
2459553.57782,2021-12-05.0782219,bF,1.44,99.990,99.990,99.990,99.990,99.990,g
2459553.57910,2021-12-05.0795083,bF,1.46,99.990,99.990,99.990,99.990,99.990,g
2459553.57910,2021-12-05.0795077,bE,1.46,16.649,>16.649,99.990,0.208,0.159,g
2459553.58039,2021-12-05.0808065,bF,1.45,99.990,99.990,99.990,99.990,99.990,g
2459553.58040,2021-12-05.0808059,bE,1.54,16.745,>16.745,99.990,0.232,0.146,g
2459553.78220,2021-12-05.2826076,bE,1.46,16.659,>16.659,99.990,0.053,0.158,g
2459553.78349,2021-12-05.2838959,bE,1.49,16.890,>16.890,99.990,-0.078,0.127,g
2459553.78478,2021-12-05.2851910,bE,1.48,16.806,>16.806,99.990,0.131,0.138,g
2459554.71893,2021-12-06.2193466,bi,1.47,16.281,>16.281,99.990,0.295,0.223,g
2459554.72017,2021-12-06.2205859,bi,1.39,16.549,>16.549,99.990,-0.348,0.174,g
2459554.72142,2021-12-06.2218381,bi,1.37,16.463,>16.463,99.990,0.013,0.189,g
2459555.57086,2021-12-07.0712861,bF,1.56,99.990,99.990,99.990,99.990,99.990,g
2459555.57086,2021-12-07.0712857,bE,1.53,16.602,>16.602,99.990,-0.171,0.166,g
2459555.57216,2021-12-07.0725943,bE,1.53,16.567,>16.567,99.990,0.303,0.172,g
2459555.57217,2021-12-07.0725949,bF,1.67,99.990,99.990,99.990,99.990,99.990,g
2459555.57349,2021-12-07.0739149,bE,1.49,16.593,>16.593,99.990,0.243,0.167,g
2459555.57349,2021-12-07.0739156,bF,1.61,99.990,99.990,99.990,99.990,99.990,g
2459555.84476,2021-12-07.3451907,bE,1.48,16.510,>16.510,99.990,-0.097,0.181,g
2459555.84606,2021-12-07.3464895,bE,1.51,16.658,>16.658,99.990,0.064,0.158,g
2459555.84736,2021-12-07.3477916,bE,1.5,16.372,>16.372,99.990,0.453,0.205,g
2459556.54503,2021-12-08.0454649,bi,2.1,16.459,>16.459,99.990,0.157,0.189,g
2459556.54627,2021-12-08.0467112,bi,2.09,16.237,>16.237,99.990,0.138,0.232,g
2459556.54751,2021-12-08.0479532,bi,2.06,16.310,>16.310,99.990,-0.257,0.217,g
2459556.69649,2021-12-08.1969297,bE,1.51,16.789,>16.789,99.990,0.251,0.140,g
2459556.69780,2021-12-08.1982383,bF,1.57,99.990,99.990,99.990,99.990,99.990,g
2459556.69780,2021-12-08.1982401,bE,1.58,16.791,>16.791,99.990,0.324,0.139,g
2459556.69909,2021-12-08.1995256,bE,1.54,16.771,>16.771,99.990,0.259,0.142,g
2459557.28087,2021-12-08.7813171,bm,2.46,15.955,>15.955,99.990,-0.303,0.301,g
2459557.28211,2021-12-08.7825568,bm,2.43,16.019,>16.019,99.990,0.150,0.284,g
2459557.28335,2021-12-08.7837972,bm,2.4,16.211,>16.211,99.990,0.290,0.238,g
2459557.78100,2021-12-09.2814489,bE,1.51,16.663,>16.663,99.990,0.126,0.157,g
2459557.78231,2021-12-09.2827579,bE,1.51,16.661,>16.661,99.990,0.284,0.157,g
2459557.78363,2021-12-09.2840725,bE,1.51,16.735,>16.735,99.990,0.224,0.147,g
2459559.27420,2021-12-10.7746576,bm,2.5,15.415,>15.415,99.990,0.248,0.496,g
2459559.27546,2021-12-10.7759239,bm,2.48,15.501,>15.501,99.990,-0.262,0.458,g
2459559.27677,2021-12-10.7772336,bm,2.46,15.644,>15.644,99.990,-0.445,0.401,g
2459559.56145,2021-12-11.0619153,bF,1.54,99.990,99.990,99.990,99.990,99.990,g
2459559.56146,2021-12-11.0619152,bE,1.55,16.437,>16.437,99.990,0.404,0.193,g
2459559.56274,2021-12-11.0632100,bE,1.51,16.353,>16.353,99.990,0.161,0.209,g
2459559.56274,2021-12-11.0632098,bF,1.54,99.990,99.990,99.990,99.990,99.990,g
2459559.56404,2021-12-11.0645112,bF,1.55,99.990,99.990,99.990,99.990,99.990,g
2459559.56405,2021-12-11.0645118,bE,1.51,16.542,>16.542,99.990,0.067,0.176,g
2459559.72042,2021-12-11.2208788,bE,1.45,16.776,>16.776,99.990,0.013,0.142,g
2459559.72173,2021-12-11.2221924,bE,1.4,16.744,>16.744,99.990,0.482,0.146,g
2459559.72302,2021-12-11.2234848,bE,1.49,16.752,>16.752,99.990,0.051,0.145,g
2459560.27476,2021-12-11.7752251,bm,2.39,15.367,>15.367,99.990,0.529,0.518,g
2459560.27603,2021-12-11.7765042,bm,2.4,15.483,>15.483,99.990,-0.795,0.465,g
2459560.27733,2021-12-11.7777988,bm,2.36,15.601,>15.601,99.990,-0.476,0.417,g
2459560.42281,2021-12-11.9232879,bm,1.52,16.409,>16.409,99.990,0.237,0.198,g
2459560.42405,2021-12-11.9245253,bm,1.56,16.372,>16.372,99.990,0.142,0.205,g
2459560.42529,2021-12-11.9257694,bm,1.58,16.347,>16.347,99.990,0.040,0.210,g
2459560.61765,2021-12-12.1181184,bE,1.49,16.550,>16.550,99.990,0.080,0.174,g
2459560.61765,2021-12-12.1181195,bF,1.52,99.990,99.990,99.990,99.990,99.990,g
2459560.61894,2021-12-12.1194150,bF,1.57,99.990,99.990,99.990,99.990,99.990,g
2459560.61894,2021-12-12.1194155,bE,1.51,16.473,>16.473,99.990,-0.203,0.187,g
2459560.62024,2021-12-12.1207118,bE,1.49,16.556,>16.556,99.990,0.346,0.173,g
2459560.62024,2021-12-12.1207107,bF,1.51,99.990,99.990,99.990,99.990,99.990,g
2459560.84986,2021-12-12.3503351,bi,1.45,16.293,>16.293,99.990,0.158,0.221,g
2459560.85110,2021-12-12.3515746,bi,1.42,16.222,>16.222,99.990,0.470,0.236,g
2459560.85235,2021-12-12.3528282,bi,1.43,16.065,>16.065,99.990,0.245,0.272,g
2459561.60264,2021-12-13.1031192,bF,1.51,99.990,99.990,99.990,99.990,99.990,g
2459561.60264,2021-12-13.1031204,bE,1.48,16.381,>16.381,99.990,-0.496,0.204,g
2459561.60391,2021-12-13.1043917,bF,1.47,99.990,99.990,99.990,99.990,99.990,g
2459561.60392,2021-12-13.1043935,bE,1.52,16.427,>16.427,99.990,-0.208,0.195,g
2459561.60519,2021-12-13.1056687,bF,1.5,99.990,99.990,99.990,99.990,99.990,g
2459561.60519,2021-12-13.1056697,bE,1.45,16.360,>16.360,99.990,-0.025,0.208,g
2459561.64181,2021-12-13.1422976,bF,1.52,99.990,99.990,99.990,99.990,99.990,g
2459561.64182,2021-12-13.1422974,bE,1.5,16.254,>16.254,99.990,0.081,0.229,g
2459561.64311,2021-12-13.1435934,bF,1.58,99.990,99.990,99.990,99.990,99.990,g
2459561.64311,2021-12-13.1435935,bE,1.44,16.478,>16.478,99.990,-0.078,0.186,g
2459561.64441,2021-12-13.1448898,bF,1.63,99.990,99.990,99.990,99.990,99.990,g
2459561.64441,2021-12-13.1448901,bE,1.54,16.429,>16.429,99.990,0.092,0.195,g
2459563.37024,2021-12-14.8707387,bm,2.02,15.989,>15.989,99.990,0.038,0.292,g
2459563.37148,2021-12-14.8719795,bm,1.98,15.971,>15.971,99.990,0.178,0.297,g
2459563.37274,2021-12-14.8732328,bm,2.0,16.075,>16.075,99.990,0.283,0.270,g
2459563.61280,2021-12-15.1133028,bF,1.7,99.990,99.990,99.990,99.990,99.990,g
2459563.61280,2021-12-15.1133042,bE,1.43,16.234,>16.234,99.990,0.391,0.233,g
2459563.61410,2021-12-15.1145944,bF,1.66,99.990,99.990,99.990,99.990,99.990,g
2459563.61410,2021-12-15.1145951,bE,1.46,16.211,>16.211,99.990,-0.609,0.238,g
2459563.61539,2021-12-15.1158859,bF,1.7,99.990,99.990,99.990,99.990,99.990,g
2459563.61539,2021-12-15.1158870,bE,1.48,16.101,>16.101,99.990,0.345,0.264,g
2459563.83672,2021-12-15.3372247,bE,1.55,16.662,>16.662,99.990,0.086,0.157,g
2459563.83802,2021-12-15.3385177,bE,1.52,16.651,>16.651,99.990,0.093,0.159,g
2459563.83932,2021-12-15.3398166,bE,1.5,16.588,>16.588,99.990,0.017,0.168,g
2459564.30783,2021-12-15.8083385,bm,2.08,15.910,>15.910,99.990,0.300,0.314,g
2459564.30908,2021-12-15.8095839,bm,2.01,15.899,>15.899,99.990,0.479,0.317,g
2459564.31033,2021-12-15.8108394,bm,2.05,16.249,>16.249,99.990,-0.324,0.230,g
2459564.58695,2021-12-16.0874526,bi,1.46,15.871,>15.871,99.990,-0.264,0.326,g
2459564.58818,2021-12-16.0886883,bi,1.44,15.847,>15.847,99.990,-0.083,0.333,g
2459564.58942,2021-12-16.0899231,bi,1.45,15.712,>15.712,99.990,0.386,0.377,g
2459564.85985,2021-12-16.3603569,bi,1.43,15.223,>15.223,99.990,1.138,0.591,g
2459565.65629,2021-12-17.1568033,bi,1.45,15.870,>15.870,99.990,-0.594,0.326,g
2459565.65754,2021-12-17.1580546,bi,1.47,15.810,>15.810,99.990,-0.453,0.344,g
2459565.65881,2021-12-17.1593222,bi,1.4,15.848,>15.848,99.990,-0.333,0.332,g
2459565.85991,2021-12-17.3604247,bi,1.63,15.171,>15.171,99.990,-0.402,0.620,g
2459567.75159,2021-12-19.2521180,bE,1.54,15.809,>15.809,99.990,-0.205,0.345,g
2459567.75290,2021-12-19.2534252,bE,1.58,15.739,>15.739,99.990,0.588,0.368,g
2459567.75419,2021-12-19.2547209,bE,1.55,15.760,>15.760,99.990,-0.178,0.361,g
2459568.58866,2021-12-20.0891899,bi,1.44,15.322,>15.322,99.990,0.174,0.540,g
2459568.58990,2021-12-20.0904270,bi,1.52,15.255,>15.255,99.990,0.701,0.574,g
2459568.59113,2021-12-20.0916562,bi,1.54,15.351,>15.351,99.990,-0.584,0.526,g
2459569.55465,2021-12-21.0551910,bi,2.09,16.224,>16.224,99.990,0.171,0.235,g
2459569.55590,2021-12-21.0564362,bi,2.09,16.334,>16.334,99.990,0.386,0.213,g
2459569.55714,2021-12-21.0576754,bi,2.03,16.170,>16.170,99.990,-0.421,0.247,g
2459574.58739,2021-12-26.0879666,bm,1.58,15.909,>15.909,99.990,-0.211,0.314,g
2459574.58865,2021-12-26.0892192,bm,1.61,16.125,>16.125,99.990,0.049,0.258,g
2459574.58988,2021-12-26.0904540,bm,1.69,16.108,>16.108,99.990,-0.353,0.262,g
2459575.31818,2021-12-26.8187584,bm,2.47,16.580,>16.580,99.990,0.349,0.169,g
2459575.31941,2021-12-26.8199864,bm,2.42,16.524,>16.524,99.990,0.015,0.178,g
2459575.32066,2021-12-26.8212388,bm,2.39,16.551,>16.551,99.990,-0.112,0.174,g
2459576.68666,2021-12-28.1872454,bE,1.46,16.678,>16.678,99.990,0.110,0.155,g
2459576.68796,2021-12-28.1885456,bE,1.52,16.736,>16.736,99.990,0.158,0.147,g
2459576.68926,2021-12-28.1898408,bE,1.49,16.825,>16.825,99.990,0.164,0.135,g
2459577.28190,2021-12-28.7824833,bm,2.0,15.047,>15.047,99.990,-1.466,0.695,g
2459577.28357,2021-12-28.7841599,bm,2.07,15.345,>15.345,99.990,2.076,0.529,g
2459577.77883,2021-12-29.2794203,bE,1.48,16.832,>16.832,99.990,0.388,0.134,g
2459577.78013,2021-12-29.2807150,bE,1.45,16.898,>16.898,99.990,0.088,0.126,g
2459577.78142,2021-12-29.2820145,bE,1.54,16.651,>16.651,99.990,-0.181,0.159,g
2459579.39922,2021-12-30.8998185,bm,1.56,16.529,>16.529,99.990,0.364,0.178,g
2459579.40046,2021-12-30.9010591,bm,1.61,16.578,>16.578,99.990,0.017,0.170,g
2459579.40170,2021-12-30.9022989,bm,1.45,16.509,>16.509,99.990,0.079,0.181,g
2459579.52093,2021-12-31.0215298,bm,1.52,16.535,>16.535,99.990,-0.053,0.177,g
2459579.52217,2021-12-31.0227743,bm,1.46,16.635,>16.635,99.990,-0.020,0.161,g
2459579.52340,2021-12-31.0240090,bm,1.47,16.508,>16.508,99.990,-0.280,0.181,g
2459579.69725,2021-12-31.1978521,bE,1.53,16.934,>16.934,99.990,0.253,0.122,g
2459579.69854,2021-12-31.1991409,bE,1.55,16.814,>16.814,99.990,-0.091,0.137,g
2459579.69982,2021-12-31.2004251,bE,1.56,16.821,>16.821,99.990,0.279,0.136,g
2459580.28143,2021-12-31.7820376,bm,2.31,14.981,>14.981,99.990,1.005,0.739,g
2459580.28311,2021-12-31.7837142,bm,2.34,15.366,>15.366,99.990,0.640,0.518,g
2459580.28436,2021-12-31.7849655,bm,2.3,15.362,>15.362,99.990,-0.941,0.520,g
2459580.43728,2021-12-31.9378861,bm,1.53,16.732,>16.732,99.990,0.192,0.147,g
2459580.43852,2021-12-31.9391256,bm,1.51,16.662,>16.662,99.990,0.039,0.157,g
2459580.43977,2021-12-31.9403807,bm,1.6,16.633,>16.633,99.990,0.063,0.161,g
2459580.65133,2022-01-01.1519372,bE,1.52,16.812,>16.812,99.990,0.482,0.137,g
2459580.65263,2022-01-01.1532287,bE,1.42,16.675,>16.675,99.990,0.028,0.155,g
2459580.65391,2022-01-01.1545218,bE,1.48,16.708,>16.708,99.990,0.199,0.151,g
2459581.31779,2022-01-01.8183995,bm,1.67,16.678,>16.678,99.990,-0.085,0.155,g
2459581.31903,2022-01-01.8196366,bm,1.63,16.680,>16.680,99.990,-0.165,0.155,g
2459581.32032,2022-01-01.8209310,bm,1.58,16.808,>16.808,99.990,0.096,0.137,g
2459582.34596,2022-01-02.8465758,bm,2.0,16.700,>16.700,99.990,-0.311,0.152,g
2459582.34720,2022-01-02.8478210,bm,1.99,16.707,>16.707,99.990,0.062,0.151,g
2459582.34845,2022-01-02.8490682,bm,1.98,16.737,>16.737,99.990,0.209,0.147,g
2459582.59487,2022-01-03.0954832,bi,1.46,16.442,>16.442,99.990,0.026,0.192,g
2459582.59611,2022-01-03.0967228,bi,1.43,16.559,>16.559,99.990,0.092,0.173,g
2459582.59735,2022-01-03.0979621,bi,1.44,16.477,>16.477,99.990,0.148,0.186,g
2459582.62534,2022-01-03.1259494,bi,1.43,16.403,>16.403,99.990,0.175,0.200,g
2459582.62658,2022-01-03.1271924,bi,1.47,16.453,>16.453,99.990,0.173,0.191,g
2459582.62783,2022-01-03.1284417,bi,1.44,16.425,>16.425,99.990,-0.118,0.195,g
2459583.50323,2022-01-04.0038518,bm,1.57,16.574,>16.574,99.990,0.164,0.170,g
2459583.50446,2022-01-04.0050805,bm,1.65,16.627,>16.627,99.990,0.024,0.162,g
2459583.50570,2022-01-04.0063209,bm,1.58,16.533,>16.533,99.990,-0.103,0.177,g
2459584.29368,2022-01-04.7942966,bm,2.5,16.529,>16.529,99.990,-0.292,0.178,g
2459584.71890,2022-01-05.2195238,bE,1.43,16.718,>16.718,99.990,0.076,0.149,g
2459584.72020,2022-01-05.2208252,bE,1.48,16.870,>16.870,99.990,0.124,0.130,g
2459584.72150,2022-01-05.2221255,bE,1.51,16.748,>16.748,99.990,0.010,0.145,g
2459585.68010,2022-01-06.1807290,bE,1.47,16.714,>16.714,99.990,-0.039,0.150,g
2459585.68140,2022-01-06.1820284,bE,1.51,16.849,>16.849,99.990,0.051,0.132,g
2459585.68270,2022-01-06.1833277,bE,1.53,16.916,>16.916,99.990,0.420,0.124,g
2459586.65020,2022-01-07.1508320,bE,1.43,16.825,>16.825,99.990,0.169,0.135,g
2459586.65150,2022-01-07.1521292,bE,1.44,16.730,>16.730,99.990,-0.046,0.148,g
2459586.65279,2022-01-07.1534204,bE,1.53,16.722,>16.722,99.990,0.077,0.149,g
2459589.54656,2022-01-10.0472003,bE,1.48,16.392,>16.392,99.990,-0.287,0.202,g
2459589.54783,2022-01-10.048475,bE,1.46,16.331,>16.331,99.990,0.266,0.213,g
2459589.54911,2022-01-10.0497563,bE,1.45,16.323,>16.323,99.990,0.160,0.215,g
2459589.60272,2022-01-10.1033670,bi,1.4,16.286,>16.286,99.990,0.128,0.222,g
2459589.60396,2022-01-10.1046121,bi,1.43,16.041,>16.041,99.990,0.314,0.278,g
2459589.60521,2022-01-10.1058539,bi,1.51,16.168,>16.168,99.990,0.083,0.248,g
2459589.62572,2022-01-10.1263653,bi,1.42,16.272,>16.272,99.990,0.179,0.225,g
2459589.62696,2022-01-10.1276118,bi,1.47,16.218,>16.218,99.990,0.254,0.237,g
2459589.62820,2022-01-10.1288443,bi,1.42,16.139,>16.139,99.990,0.174,0.254,g
2459591.58039,2022-01-12.0810351,bE,1.46,16.200,>16.200,99.990,-0.372,0.241,g
2459591.58167,2022-01-12.0823135,bE,1.44,16.344,>16.344,99.990,0.612,0.211,g
2459591.58295,2022-01-12.0836037,bE,1.47,16.142,>16.142,99.990,-0.063,0.254,g
2459593.67804,2022-01-14.1786990,bE,1.48,14.969,>14.969,99.990,0.816,0.747,g
2459593.67933,2022-01-14.1799881,bE,1.55,15.389,>15.389,99.990,0.409,0.507,g
2459593.68062,2022-01-14.1812712,bE,1.5,15.435,>15.435,99.990,0.783,0.487,g
2459595.69292,2022-01-16.1935915,bE,1.47,15.780,>15.780,99.990,0.591,0.354,g
2459595.69423,2022-01-16.1949038,bE,1.44,15.990,>15.990,99.990,-0.645,0.292,g
2459595.69553,2022-01-16.1961997,bE,1.49,15.885,>15.885,99.990,0.035,0.321,g
2459596.31247,2022-01-16.8131354,bm,2.42,15.690,>15.690,99.990,-0.122,0.385,g
2459596.31372,2022-01-16.8143807,bm,2.41,15.662,>15.662,99.990,0.248,0.395,g
2459596.31497,2022-01-16.8156332,bm,2.44,15.617,>15.617,99.990,-0.196,0.411,g
2459596.41276,2022-01-16.9134234,bm,2.07,15.609,>15.609,99.990,0.707,0.414,g
2459596.41400,2022-01-16.9146642,bm,2.09,15.578,>15.578,99.990,0.044,0.427,g
2459596.41524,2022-01-16.9159045,bm,2.12,15.631,>15.631,99.990,0.150,0.406,g
2459596.58711,2022-01-17.0877756,bE,1.44,16.087,>16.087,99.990,0.225,0.267,g
2459596.58841,2022-01-17.0890763,bE,1.54,16.034,>16.034,99.990,-0.736,0.280,g
2459596.58842,2022-01-17.0890766,bF,1.52,99.990,99.990,99.990,99.990,99.990,g
2459596.58971,2022-01-17.0903709,bE,1.47,15.897,>15.897,99.990,0.448,0.318,g
2459597.68615,2022-01-18.1868149,bE,1.46,15.688,>15.688,99.990,-0.249,0.385,g
2459597.68745,2022-01-18.1881152,bE,1.45,15.799,>15.799,99.990,0.116,0.348,g
2459597.68875,2022-01-18.1894119,bE,1.42,15.750,>15.750,99.990,0.626,0.364,g
2459598.31080,2022-01-18.8114702,bm,2.12,16.016,>16.016,99.990,0.405,0.285,g
2459598.31204,2022-01-18.8127121,bm,2.14,15.790,>15.790,99.990,0.514,0.351,g
2459598.31328,2022-01-18.8139517,bm,2.11,15.748,>15.748,99.990,0.144,0.365,g
2459598.54235,2022-01-19.0430231,bm,1.63,15.636,>15.636,99.990,-0.079,0.404,g
2459598.54360,2022-01-19.0442680,bm,1.58,15.483,>15.483,99.990,0.637,0.465,g
2459598.54486,2022-01-19.0455253,bm,1.59,15.473,>15.473,99.990,0.134,0.470,g
2459598.57457,2022-01-19.0752312,bi,1.48,15.909,>15.909,99.990,0.242,0.314,g
2459598.57581,2022-01-19.0764743,bi,1.46,15.684,>15.684,99.990,-0.752,0.387,g
2459598.57705,2022-01-19.0777103,bi,1.45,15.706,>15.706,99.990,-0.195,0.379,g
2459598.63540,2022-01-19.1360625,bi,1.48,15.609,>15.609,99.990,-0.335,0.414,g
2459598.63665,2022-01-19.1373157,bi,1.59,15.720,>15.720,99.990,-0.374,0.374,g
2459598.63790,2022-01-19.1385603,bi,1.53,15.643,>15.643,99.990,1.074,0.402,g
2459600.43776,2022-01-20.9384275,bm,2.5,15.816,>15.816,99.990,0.655,0.342,g
2459600.50890,2022-01-21.0095652,bm,2.32,14.378,>14.378,99.990,0.176,1.287,g
2459600.51013,2022-01-21.0107966,bm,2.42,99.990,99.990,99.990,99.990,99.990,g
2459600.51136,2022-01-21.0120268,bm,2.3,99.990,99.990,99.990,99.990,99.990,g
2459600.59399,2022-01-21.0946526,bE,1.99,16.441,>16.441,99.990,-0.234,0.193,g
2459600.59530,2022-01-21.0959636,bE,1.98,16.560,>16.560,99.990,0.256,0.173,g
2459600.59658,2022-01-21.0972469,bE,1.99,16.363,>16.363,99.990,0.231,0.207,g
2459601.49625,2022-01-21.9969194,bm,2.23,15.710,>15.710,99.990,0.206,0.377,g
2459601.49748,2022-01-21.9981511,bm,2.26,15.830,>15.830,99.990,-0.016,0.338,g
2459601.49874,2022-01-21.9994105,bm,2.23,15.912,>15.912,99.990,-0.311,0.314,g
2459601.56660,2022-01-22.0672745,bi,1.61,16.429,>16.429,99.990,0.043,0.195,g
2459601.56783,2022-01-22.0685035,bi,1.45,16.503,>16.503,99.990,-0.037,0.182,g
2459601.56906,2022-01-22.0697325,bi,1.52,16.547,>16.547,99.990,-0.061,0.175,g
2459602.56212,2022-01-23.0627833,bi,2.02,16.419,>16.419,99.990,0.361,0.197,g
2459602.56336,2022-01-23.0640251,bi,2.03,16.603,>16.603,99.990,0.568,0.166,g
2459602.56460,2022-01-23.0652645,bi,2.05,16.584,>16.584,99.990,-0.219,0.169,g
2459603.63443,2022-01-24.1351028,bE,1.62,16.723,>16.723,99.990,0.089,0.148,g
2459603.63573,2022-01-24.1364011,bE,1.54,16.379,>16.379,99.990,-0.060,0.204,g
2459603.63702,2022-01-24.1376858,bE,1.49,15.908,>15.908,99.990,0.301,0.315,g
2459604.28088,2022-01-24.7815549,bm,2.38,14.583,>14.583,99.990,-0.084,1.066,g
2459604.28212,2022-01-24.7827967,bm,2.32,15.000,>15.000,99.990,-0.318,0.726,g
2459604.28336,2022-01-24.7840398,bm,2.3,15.565,>15.565,99.990,-0.153,0.431,g
2459604.53482,2022-01-25.0355024,bF,1.61,99.990,99.990,99.990,99.990,99.990,g
2459604.53483,2022-01-25.0355023,bE,1.43,16.353,>16.353,99.990,0.259,0.209,g
2459604.53611,2022-01-25.0367879,bF,1.62,99.990,99.990,99.990,99.990,99.990,g
2459604.53612,2022-01-25.0367878,bE,1.51,16.304,>16.304,99.990,0.319,0.219,g
2459604.53741,2022-01-25.0380869,bF,1.57,99.990,99.990,99.990,99.990,99.990,g
2459604.53742,2022-01-25.0380866,bE,1.4,16.552,>16.552,99.990,0.034,0.174,g
2459604.57707,2022-01-25.0777504,bF,2.0,99.990,99.990,99.990,99.990,99.990,g
2459604.57708,2022-01-25.0777503,bE,1.49,16.985,>16.985,99.990,-0.064,0.117,g
2459604.57840,2022-01-25.0790655,bE,1.47,16.603,>16.603,99.990,0.002,0.166,g
2459604.57968,2022-01-25.0803515,bE,1.48,16.617,>16.617,99.990,0.367,0.164,g
2459604.62261,2022-01-25.1232806,bi,1.46,16.449,>16.449,99.990,0.295,0.191,g
2459604.62386,2022-01-25.1245258,bi,1.34,16.440,>16.440,99.990,0.261,0.193,g
2459604.62509,2022-01-25.1257605,bi,1.41,16.370,>16.370,99.990,0.053,0.206,g
2459604.67242,2022-01-25.1730912,bi,1.44,16.321,>16.321,99.990,0.215,0.215,g
2459604.67365,2022-01-25.1743178,bi,1.44,16.362,>16.362,99.990,0.548,0.207,g
2459604.67488,2022-01-25.1755465,bi,1.43,16.433,>16.433,99.990,0.369,0.194,g
2459605.55015,2022-01-26.0508164,bi,1.44,16.485,>16.485,99.990,0.323,0.185,g
2459605.55140,2022-01-26.0520673,bi,1.48,16.507,>16.507,99.990,0.328,0.181,g
2459605.55264,2022-01-26.0533060,bi,1.4,16.497,>16.497,99.990,0.021,0.183,g
2459605.77136,2022-01-26.2720282,bE,1.5,16.565,>16.565,99.990,0.264,0.172,g
2459605.77266,2022-01-26.2733258,bE,1.5,16.568,>16.568,99.990,0.027,0.171,g
2459606.36969,2022-01-26.8703658,bm,2.49,16.549,>16.549,99.990,0.441,0.174,g
2459606.37092,2022-01-26.8715991,bm,2.49,16.642,>16.642,99.990,0.054,0.160,g
2459606.43278,2022-01-26.9334521,bm,2.34,16.587,>16.587,99.990,0.279,0.168,g
2459606.43401,2022-01-26.9346870,bm,2.28,16.477,>16.477,99.990,0.406,0.186,g
2459606.49658,2022-01-26.9972599,bm,2.21,16.468,>16.468,99.990,0.295,0.188,g
2459606.49782,2022-01-26.9984912,bm,2.25,16.454,>16.454,99.990,0.232,0.190,g
2459606.49905,2022-01-26.9997270,bm,2.24,16.264,>16.264,99.990,-0.230,0.227,g
2459606.63316,2022-01-27.1338270,bE,1.52,16.694,>16.694,99.990,0.201,0.153,g
2459606.63444,2022-01-27.1351108,bE,1.49,16.759,>16.759,99.990,-0.096,0.144,g
2459606.63573,2022-01-27.1363998,bE,1.42,16.865,>16.865,99.990,0.110,0.130,g
2459606.70882,2022-01-27.2094914,bE,1.5,16.863,>16.863,99.990,0.161,0.131,g
2459606.71011,2022-01-27.2107765,bE,1.46,16.788,>16.788,99.990,0.246,0.140,g
2459606.71139,2022-01-27.2120614,bE,1.52,16.743,>16.743,99.990,-0.013,0.146,g
2459607.72893,2022-01-28.2295967,bE,1.5,16.668,>16.668,99.990,0.146,0.156,g
2459607.73022,2022-01-28.2308840,bE,1.55,16.682,>16.682,99.990,0.093,0.154,g
2459607.73151,2022-01-28.2321780,bE,1.44,16.905,>16.905,99.990,0.013,0.126,g
2459608.28406,2022-01-28.7847234,bm,2.48,16.293,>16.293,99.990,-0.074,0.221,g
2459608.28529,2022-01-28.7859593,bm,2.44,16.195,>16.195,99.990,-0.169,0.242,g
2459608.44452,2022-01-28.9451841,bm,1.66,16.517,>16.517,99.990,0.320,0.180,g
2459608.44576,2022-01-28.9464319,bm,1.6,16.609,>16.609,99.990,-0.074,0.165,g
2459608.44702,2022-01-28.9476866,bm,1.63,16.563,>16.563,99.990,0.227,0.172,g
2459608.59045,2022-01-29.0911214,bE,1.56,16.870,>16.870,99.990,-0.025,0.130,g
2459608.59174,2022-01-29.0924106,bE,1.52,17.001,>17.001,99.990,0.129,0.115,g
2459608.59303,2022-01-29.0936987,bE,1.49,16.796,>16.796,99.990,0.162,0.139,g
2459608.66381,2022-01-29.1644797,bE,1.45,16.864,>16.864,99.990,0.496,0.130,g
2459608.66509,2022-01-29.1657616,bE,1.44,16.770,>16.770,99.990,0.009,0.142,g
2459608.66638,2022-01-29.1670555,bE,1.5,16.814,>16.814,99.990,0.074,0.137,g
2459610.60181,2022-01-31.1024826,bE,1.6,16.774,>16.774,99.990,0.079,0.142,g
2459610.60311,2022-01-31.1037762,bE,1.51,16.634,>16.634,99.990,0.179,0.161,g
2459610.60441,2022-01-31.1050777,bE,1.49,16.919,>16.919,99.990,0.147,0.124,g
2459612.73356,2022-02-02.2342282,bi,1.49,16.314,>16.314,99.990,0.110,0.216,g
2459612.73479,2022-02-02.2354569,bi,1.41,16.181,>16.181,99.990,0.162,0.245,g
2459612.73603,2022-02-02.2367002,bi,1.47,16.285,>16.285,99.990,-0.366,0.222,g
2459613.73001,2022-02-03.2306814,bE,1.49,16.569,>16.569,99.990,-0.007,0.171,g
2459613.73129,2022-02-03.2319657,bE,1.45,16.599,>16.599,99.990,0.306,0.167,g
2459613.73259,2022-02-03.2332599,bE,1.5,16.523,>16.523,99.990,0.180,0.179,g
2459614.72162,2022-02-04.2222834,bE,1.47,16.725,>16.725,99.990,0.147,0.148,g
2459614.72291,2022-02-04.2235748,bE,1.47,16.613,>16.613,99.990,0.585,0.164,g
2459614.72422,2022-02-04.2248770,bE,1.53,16.667,>16.667,99.990,0.097,0.156,g
2459616.39870,2022-02-05.8993655,bm,2.13,16.518,>16.518,99.990,0.094,0.179,g
2459616.39996,2022-02-05.9006236,bm,2.11,16.519,>16.519,99.990,-0.059,0.179,g
2459616.40120,2022-02-05.9018644,bm,2.11,16.570,>16.570,99.990,0.049,0.171,g
2459617.61177,2022-02-07.1124289,bE,1.5,16.775,>16.775,99.990,0.136,0.142,g
2459617.61306,2022-02-07.1137189,bE,1.47,16.641,>16.641,99.990,-0.054,0.160,g
2459617.61436,2022-02-07.1150081,bE,1.5,16.731,>16.731,99.990,-0.163,0.147,g
2459617.67771,2022-02-07.1783638,bE,1.49,16.853,>16.853,99.990,0.159,0.132,g
2459617.67901,2022-02-07.1796622,bE,1.52,16.758,>16.758,99.990,0.081,0.144,g
2459617.68031,2022-02-07.1809627,bE,1.47,16.746,>16.746,99.990,0.270,0.145,g
2459618.54734,2022-02-08.0479949,bE,1.48,16.606,>16.606,99.990,0.377,0.165,g
2459618.54863,2022-02-08.0492790,bE,1.47,16.704,>16.704,99.990,0.021,0.151,g
2459618.54991,2022-02-08.0505703,bF,1.63,99.990,99.990,99.990,99.990,99.990,g
2459618.54992,2022-02-08.0505694,bE,1.46,16.617,>16.617,99.990,-0.076,0.164,g
2459618.56517,2022-02-08.0658208,bi,1.4,16.311,>16.311,99.990,0.403,0.217,g
2459618.56641,2022-02-08.0670641,bi,1.49,16.499,>16.499,99.990,0.042,0.183,g
2459618.56766,2022-02-08.0683152,bi,1.39,16.264,>16.264,99.990,0.430,0.227,g
2459618.65536,2022-02-08.1560068,bE,1.42,16.745,>16.745,99.990,0.346,0.146,g
2459618.65664,2022-02-08.1572938,bE,1.58,16.752,>16.752,99.990,0.158,0.145,g
2459618.65797,2022-02-08.1586181,bE,1.54,16.804,>16.804,99.990,0.219,0.138,g
2459621.32091,2022-02-10.8215538,bm,2.42,16.247,>16.247,99.990,-0.178,0.230,g
2459621.32220,2022-02-10.8228423,bm,2.43,16.400,>16.400,99.990,0.268,0.200,g
2459621.32346,2022-02-10.8241027,bm,2.4,16.286,>16.286,99.990,0.123,0.222,g
2459621.37566,2022-02-10.8763087,bm,2.14,16.308,>16.308,99.990,0.495,0.218,g
2459621.37691,2022-02-10.8775523,bm,2.1,16.198,>16.198,99.990,0.229,0.241,g
2459621.37813,2022-02-10.8787765,bm,2.14,16.217,>16.217,99.990,-0.229,0.237,g
2459621.44023,2022-02-10.9408738,bm,1.98,16.295,>16.295,99.990,0.150,0.220,g
2459621.44147,2022-02-10.9421157,bm,1.96,16.308,>16.308,99.990,-0.127,0.218,g
2459621.44271,2022-02-10.9433555,bm,1.97,16.197,>16.197,99.990,0.652,0.241,g
2459622.62336,2022-02-12.1240023,bE,1.49,16.261,>16.261,99.990,0.407,0.227,g
2459622.62466,2022-02-12.1252982,bE,1.55,16.171,>16.171,99.990,0.046,0.247,g
2459622.62595,2022-02-12.1265962,bE,1.54,16.196,>16.196,99.990,-0.623,0.241,g
2459623.61576,2022-02-13.1163960,bE,1.46,15.975,>15.975,99.990,0.136,0.296,g
2459623.61705,2022-02-13.1176835,bE,1.45,15.912,>15.912,99.990,0.283,0.313,g
2459623.61834,2022-02-13.1189700,bE,1.5,15.968,>15.968,99.990,-0.250,0.298,g
2459624.51627,2022-02-14.0169019,bi,2.04,15.178,>15.178,99.990,0.809,0.616,g
2459624.51753,2022-02-14.0181589,bi,2.0,15.377,>15.377,99.990,-0.875,0.513,g
2459624.51877,2022-02-14.0194075,bi,1.66,15.520,>15.520,99.990,-0.417,0.450,g
2459625.51556,2022-02-15.0161907,bE,2.02,15.461,>15.461,99.990,-0.383,0.475,g
2459625.51685,2022-02-15.0174871,bF,1.67,99.990,99.990,99.990,99.990,99.990,g
2459625.51686,2022-02-15.0174872,bE,2.0,15.653,>15.653,99.990,-0.676,0.398,g
2459625.51814,2022-02-15.0187755,bE,1.97,15.621,>15.621,99.990,-0.221,0.410,g
2459626.51469,2022-02-16.0153121,bE,1.94,15.597,>15.597,99.990,-0.217,0.419,g
2459626.51599,2022-02-16.0166129,bF,1.71,99.990,99.990,99.990,99.990,99.990,g
2459626.51599,2022-02-16.0166133,bE,1.69,15.668,>15.668,99.990,-0.250,0.393,g
2459627.52568,2022-02-17.0263118,bE,1.56,16.168,>16.168,99.990,-0.289,0.248,g
2459627.52698,2022-02-17.0276081,bE,1.68,16.039,>16.039,99.990,0.129,0.279,g
2459627.52828,2022-02-17.0289103,bE,1.69,16.173,>16.173,99.990,-0.484,0.247,g
2459627.60886,2022-02-17.1094842,bE,1.52,15.889,>15.889,99.990,0.534,0.320,g
2459627.61015,2022-02-17.1107760,bE,1.51,16.024,>16.024,99.990,-0.092,0.283,g
2459627.61145,2022-02-17.1120760,bE,1.54,15.932,>15.932,99.990,-0.187,0.308,g
2459627.71257,2022-02-17.2131937,bE,1.59,15.716,>15.716,99.990,0.292,0.375,g
2459628.45882,2022-02-17.9594334,bm,2.01,15.490,>15.490,99.990,0.000,0.462,g
2459628.46006,2022-02-17.9606765,bm,2.02,15.449,>15.449,99.990,0.571,0.480,g
2459628.46130,2022-02-17.9619170,bm,2.04,15.372,>15.372,99.990,0.540,0.516,g
2459628.52838,2022-02-18.0289969,bi,1.6,16.233,>16.233,99.990,-0.393,0.233,g
2459628.52961,2022-02-18.0302339,bi,1.67,16.075,>16.075,99.990,-0.204,0.270,g
2459628.53085,2022-02-18.0314746,bi,1.7,16.180,>16.180,99.990,0.206,0.245,g
2459628.58153,2022-02-18.0821550,bi,1.46,15.727,>15.727,99.990,-0.351,0.372,g
2459628.58277,2022-02-18.0833917,bi,1.43,15.666,>15.666,99.990,0.040,0.393,g
2459628.58401,2022-02-18.0846359,bi,1.39,15.875,>15.875,99.990,0.042,0.324,g
2459629.51233,2022-02-19.0129396,bi,1.5,15.630,>15.630,99.990,-0.257,0.407,g
2459629.51356,2022-02-19.0141790,bi,1.48,15.783,>15.783,99.990,0.437,0.353,g
2459629.51481,2022-02-19.0154199,bi,1.52,15.898,>15.898,99.990,-0.054,0.318,g
2459629.59981,2022-02-19.1004152,bE,1.5,16.108,>16.108,99.990,0.208,0.262,g
2459629.60110,2022-02-19.1017168,bE,1.5,16.146,>16.146,99.990,0.108,0.253,g
2459629.60239,2022-02-19.1029988,bE,1.42,16.034,>16.034,99.990,0.259,0.280,g
2459630.26618,2022-02-19.7667863,bm,2.49,16.064,>16.064,99.990,-0.569,0.273,g
2459630.26742,2022-02-19.7680349,bm,2.47,16.198,>16.198,99.990,-0.369,0.241,g
2459630.45710,2022-02-19.9577085,bm,1.53,15.719,>15.719,99.990,0.197,0.374,g
2459630.45834,2022-02-19.9589501,bm,1.54,15.710,>15.710,99.990,-0.004,0.378,g
2459630.51156,2022-02-20.0121653,bi,1.99,15.469,>15.469,99.990,-0.576,0.471,g
2459630.51281,2022-02-20.0134140,bi,1.67,15.529,>15.529,99.990,0.110,0.446,g
2459630.51407,2022-02-20.0146697,bi,1.65,15.712,>15.712,99.990,0.138,0.377,g
2459630.59282,2022-02-20.0934276,bE,1.49,16.458,>16.458,99.990,0.129,0.190,g
2459630.59411,2022-02-20.0947188,bE,1.5,16.328,>16.328,99.990,0.255,0.214,g
2459630.59541,2022-02-20.0960201,bE,1.52,16.313,>16.313,99.990,0.388,0.217,g
2459630.62213,2022-02-20.1227341,bE,1.54,16.346,>16.346,99.990,0.037,0.210,g
2459630.62342,2022-02-20.1240305,bE,1.54,16.326,>16.326,99.990,0.323,0.214,g
2459630.62471,2022-02-20.1253209,bE,1.44,16.258,>16.258,99.990,0.206,0.228,g
2459630.65764,2022-02-20.1582431,bE,1.64,16.124,>16.124,99.990,0.325,0.258,g
2459630.65893,2022-02-20.1595341,bE,1.5,16.147,>16.147,99.990,0.035,0.253,g
2459630.66021,2022-02-20.1608160,bE,1.49,16.322,>16.322,99.990,-0.245,0.215,g
2459631.27064,2022-02-20.7712495,bm,2.39,16.312,>16.312,99.990,0.146,0.217,g
2459631.27188,2022-02-20.7724887,bm,2.39,16.420,>16.420,99.990,-0.011,0.196,g
2459631.27311,2022-02-20.7737165,bm,2.34,16.556,>16.556,99.990,0.032,0.173,g
2459631.36690,2022-02-20.8674984,bm,1.95,16.158,>16.158,99.990,0.126,0.250,g
2459631.36815,2022-02-20.8687520,bm,1.95,16.084,>16.084,99.990,-0.293,0.268,g
2459631.36938,2022-02-20.8699894,bm,1.75,16.080,>16.080,99.990,-0.058,0.269,g
2459631.44292,2022-02-20.9435297,bm,1.56,15.853,>15.853,99.990,0.062,0.331,g
2459631.44416,2022-02-20.9447712,bm,1.53,15.714,>15.714,99.990,0.961,0.376,g
2459631.44541,2022-02-20.9460142,bm,1.55,15.895,>15.895,99.990,-0.005,0.319,g
2459631.57641,2022-02-21.0770086,bE,1.58,16.735,>16.735,99.990,0.134,0.147,g
2459631.57768,2022-02-21.0782821,bE,1.53,16.547,>16.547,99.990,-0.019,0.175,g
2459631.57897,2022-02-21.0795737,bE,1.58,16.789,>16.789,99.990,0.114,0.140,g
2459632.37991,2022-02-21.8805072,bm,1.6,16.198,>16.198,99.990,0.072,0.241,g
2459632.38115,2022-02-21.8817457,bm,1.63,16.169,>16.169,99.990,0.642,0.248,g
2459632.38239,2022-02-21.8829863,bm,1.66,16.279,>16.279,99.990,-0.295,0.224,g
2459632.53652,2022-02-22.0371140,bE,1.49,16.835,>16.835,99.990,0.307,0.134,g
2459632.53782,2022-02-22.0384148,bE,1.52,16.886,>16.886,99.990,-0.348,0.128,g
2459632.53911,2022-02-22.0397033,bE,1.48,16.747,>16.747,99.990,0.070,0.145,g
2459632.55171,2022-02-22.0523061,bE,1.47,16.685,>16.685,99.990,0.409,0.154,g
2459632.55301,2022-02-22.0536113,bE,1.48,16.698,>16.698,99.990,-0.026,0.152,g
2459632.55430,2022-02-22.0548972,bE,1.56,16.654,>16.654,99.990,0.022,0.158,g
2459632.59344,2022-02-22.0940332,bE,1.41,16.963,>16.963,99.990,0.190,0.119,g
2459632.59472,2022-02-22.0953173,bE,1.43,16.687,>16.687,99.990,0.161,0.154,g
2459632.59602,2022-02-22.0966178,bE,1.47,16.757,>16.757,99.990,0.274,0.144,g
2459633.44978,2022-02-22.9503729,bm,2.05,16.025,>16.025,99.990,0.359,0.282,g
2459633.50927,2022-02-23.0098657,bi,2.45,15.483,>15.483,99.990,0.021,0.465,g
2459633.51052,2022-02-23.0111134,bi,2.41,15.560,>15.560,99.990,0.286,0.434,g
2459633.51176,2022-02-23.0123598,bi,2.44,15.607,>15.607,99.990,-0.127,0.415,g
2459633.60516,2022-02-23.1057526,bE,1.5,16.638,>16.638,99.990,0.131,0.161,g
2459633.60645,2022-02-23.1070401,bE,1.54,16.695,>16.695,99.990,0.176,0.152,g
2459633.60774,2022-02-23.1083324,bE,1.54,16.623,>16.623,99.990,0.209,0.163,g
2459634.52004,2022-02-24.0206309,bi,1.52,16.393,>16.393,99.990,-0.784,0.201,g
2459634.52126,2022-02-24.0218597,bi,1.56,16.386,>16.386,99.990,0.240,0.203,g
2459634.52251,2022-02-24.0230962,bi,1.54,16.428,>16.428,99.990,-0.381,0.195,g
2459634.61473,2022-02-24.1153267,bi,1.39,16.399,>16.399,99.990,0.291,0.200,g
2459634.61599,2022-02-24.1165731,bi,1.43,16.354,>16.354,99.990,-0.150,0.209,g
2459634.61724,2022-02-24.1178246,bi,1.38,16.458,>16.458,99.990,-0.278,0.190,g
2459635.44362,2022-02-24.9442009,bm,1.74,16.451,>16.451,99.990,-0.029,0.191,g
2459635.44486,2022-02-24.9454392,bm,1.98,16.286,>16.286,99.990,0.127,0.222,g
2459635.52305,2022-02-25.0236300,bi,1.65,16.453,>16.453,99.990,-0.001,0.191,g
2459635.52429,2022-02-25.0248673,bi,1.58,16.414,>16.414,99.990,0.147,0.197,g
2459635.52553,2022-02-25.0261103,bi,1.62,16.424,>16.424,99.990,0.358,0.196,g
2459635.61172,2022-02-25.1122942,bi,1.42,16.386,>16.386,99.990,0.195,0.203,g
2459635.61297,2022-02-25.1135430,bi,1.41,16.520,>16.520,99.990,-0.007,0.179,g
2459635.61422,2022-02-25.1147969,bi,1.48,16.598,>16.598,99.990,-0.191,0.167,g
2459636.27756,2022-02-25.7781326,bm,2.3,16.645,>16.645,99.990,-0.076,0.160,g
2459636.27883,2022-02-25.7794128,bm,2.26,16.517,>16.517,99.990,0.240,0.180,g
2459636.28048,2022-02-25.7810556,bm,2.25,16.711,>16.711,99.990,0.244,0.150,g
2459636.50706,2022-02-26.0076354,bi,2.05,15.473,>15.473,99.990,0.641,0.470,g
2459636.50831,2022-02-26.0088902,bi,2.03,15.599,>15.599,99.990,-0.196,0.418,g
2459636.50956,2022-02-26.0101310,bi,2.0,15.703,>15.703,99.990,0.189,0.380,g
2459639.42926,2022-02-28.9298133,bm,1.61,15.580,>15.580,99.990,-0.484,0.426,g
2459639.43050,2022-02-28.9310538,bm,1.68,15.520,>15.520,99.990,-0.598,0.450,g
2459639.43174,2022-02-28.9322945,bm,1.6,16.254,>16.254,99.990,0.304,0.229,g
2459640.29559,2022-03-01.7961413,bm,1.53,16.732,>16.732,99.990,0.216,0.147,g
2459640.29683,2022-03-01.7973796,bm,1.55,16.604,>16.604,99.990,0.266,0.166,g
2459640.29807,2022-03-01.7986225,bm,1.57,16.586,>16.586,99.990,0.090,0.168,g
2459640.42542,2022-03-01.9259773,bm,1.5,16.479,>16.479,99.990,-0.126,0.186,g
2459640.42667,2022-03-01.9272192,bm,1.49,16.470,>16.470,99.990,-0.072,0.187,g
2459640.42791,2022-03-01.9284600,bm,1.48,16.626,>16.626,99.990,-0.173,0.162,g
2459640.61310,2022-03-02.1136499,bE,1.45,16.745,>16.745,99.990,0.037,0.146,g
2459640.61439,2022-03-02.1149377,bE,1.45,16.789,>16.789,99.990,0.330,0.140,g
2459640.61569,2022-03-02.1162373,bE,1.51,16.682,>16.682,99.990,0.120,0.154,g
2459641.26308,2022-03-02.7636212,bm,1.58,16.564,>16.564,99.990,0.145,0.172,g
2459641.26439,2022-03-02.7649287,bm,1.58,16.650,>16.650,99.990,-0.087,0.159,g
2459641.26593,2022-03-02.7664731,bm,1.55,16.544,>16.544,99.990,-0.064,0.175,g
2459642.66440,2022-03-04.1649298,bE,1.48,16.954,>16.954,99.990,0.227,0.120,g
2459642.66569,2022-03-04.1662315,bE,1.45,16.765,>16.765,99.990,-0.004,0.143,g
2459642.66697,2022-03-04.1675049,bE,1.47,16.701,>16.701,99.990,0.146,0.152,g
2459643.25328,2022-03-04.7538228,bm,1.67,15.983,>15.983,99.990,0.143,0.294,g
2459643.25453,2022-03-04.7550557,bm,1.68,16.050,>16.050,99.990,0.395,0.276,g
2459643.25588,2022-03-04.7564182,bm,1.64,16.152,>16.152,99.990,0.215,0.251,g
2459643.36983,2022-03-04.8703592,bm,1.57,16.500,>16.500,99.990,0.035,0.182,g
2459643.37108,2022-03-04.8716079,bm,1.59,16.569,>16.569,99.990,0.220,0.171,g
2459643.37232,2022-03-04.8728521,bm,1.52,16.643,>16.643,99.990,0.010,0.160,g
2459643.40647,2022-03-04.9070076,bm,1.62,16.393,>16.393,99.990,0.437,0.201,g
2459643.40798,2022-03-04.9085109,bm,1.58,16.575,>16.575,99.990,-0.073,0.170,g
2459643.40922,2022-03-04.9097483,bm,1.55,16.410,>16.410,99.990,0.276,0.198,g
2459644.25212,2022-03-05.7526464,bm,2.0,16.035,>16.035,99.990,-0.780,0.280,g
2459644.25339,2022-03-05.7539083,bm,2.01,16.039,>16.039,99.990,-0.026,0.279,g
2459644.25462,2022-03-05.7551466,bm,2.01,16.249,>16.249,99.990,-0.134,0.230,g
2459644.39001,2022-03-05.8905356,bm,1.58,16.639,>16.639,99.990,-0.041,0.161,g
2459644.39125,2022-03-05.891775,bm,1.59,16.461,>16.461,99.990,0.670,0.189,g
2459644.39249,2022-03-05.8930134,bm,1.57,16.460,>16.460,99.990,-0.070,0.189,g
2459645.49969,2022-03-07.0001974,bE,1.51,15.954,>15.954,99.990,0.218,0.302,g
2459645.50100,2022-03-07.0015150,bE,1.56,16.015,>16.015,99.990,0.386,0.285,g
2459645.50229,2022-03-07.0028046,bE,1.5,16.048,>16.048,99.990,0.381,0.277,g
2459646.26143,2022-03-07.7619327,bm,2.18,16.444,>16.444,99.990,-0.662,0.192,g
2459646.26268,2022-03-07.7631849,bm,2.19,16.419,>16.419,99.990,-0.250,0.197,g
2459646.26394,2022-03-07.7644476,bm,2.13,16.474,>16.474,99.990,0.008,0.187,g
2459646.51407,2022-03-08.0145716,bi,2.0,16.868,>16.868,99.990,-0.214,0.130,g
2459646.51533,2022-03-08.0158355,bi,2.01,16.766,>16.766,99.990,0.228,0.143,g
2459646.51659,2022-03-08.0170879,bi,1.68,16.880,>16.880,99.990,-0.027,0.129,g
2459647.24765,2022-03-08.7481538,bm,2.5,15.747,>15.747,99.990,-0.584,0.365,g
2459647.61737,2022-03-09.1178623,bE,1.58,17.059,>17.059,99.990,0.221,0.109,g
2459647.61866,2022-03-09.1191592,bE,1.49,16.968,>16.968,99.990,0.288,0.119,g
2459647.61995,2022-03-09.1204493,bE,1.53,16.840,>16.840,99.990,0.221,0.133,g
2459648.24812,2022-03-09.7486120,bm,2.5,15.131,>15.131,99.990,-0.535,0.644,g
2459648.52008,2022-03-10.0205769,bi,1.5,16.697,>16.697,99.990,-0.103,0.152,g
2459648.52134,2022-03-10.0218291,bi,1.52,16.745,>16.745,99.990,0.063,0.146,g
2459648.52259,2022-03-10.0230815,bi,1.52,16.677,>16.677,99.990,0.057,0.155,g
2459649.57323,2022-03-11.0737059,bE,1.54,17.099,>17.099,99.990,0.344,0.105,g
2459649.57452,2022-03-11.0749951,bE,1.51,16.789,>16.789,99.990,0.139,0.140,g
2459649.57581,2022-03-11.0762907,bE,1.54,16.846,>16.846,99.990,-0.022,0.133,g
2459650.50356,2022-03-12.0040328,bE,2.07,16.473,>16.473,99.990,-0.191,0.187,g
2459650.50486,2022-03-12.0053287,bE,2.06,16.473,>16.473,99.990,-0.040,0.187,g
2459650.50613,2022-03-12.0066101,bE,2.07,16.568,>16.568,99.990,0.056,0.171,g
2459651.26515,2022-03-12.7656224,bm,2.29,15.373,>15.373,99.990,0.562,0.515,g
2459651.26640,2022-03-12.7668679,bm,2.37,15.977,>15.977,99.990,-0.012,0.295,g
2459651.26763,2022-03-12.7681004,bm,2.31,16.054,>16.054,99.990,0.082,0.275,g
2459651.55215,2022-03-13.0526165,bE,1.46,16.492,>16.492,99.990,-0.081,0.184,g
2459651.55343,2022-03-13.0538953,bE,1.59,16.521,>16.521,99.990,0.440,0.179,g
2459651.55473,2022-03-13.0551931,bE,1.5,16.466,>16.466,99.990,-0.124,0.188,g
2459652.60283,2022-03-14.1032822,bE,1.42,16.323,>16.323,99.990,-0.262,0.215,g
2459652.60411,2022-03-14.1045645,bE,1.46,16.396,>16.396,99.990,0.546,0.201,g
2459652.60541,2022-03-14.1058680,bE,1.43,16.376,>16.376,99.990,0.093,0.204,g
2459653.25017,2022-03-14.7506193,bm,1.55,15.966,>15.966,99.990,0.538,0.298,g
2459653.25144,2022-03-14.7518861,bm,1.59,16.004,>16.004,99.990,0.387,0.288,g
2459653.25271,2022-03-14.7531559,bm,1.65,16.046,>16.046,99.990,0.292,0.277,g
2459653.61593,2022-03-15.1163684,bi,1.47,16.067,>16.067,99.990,0.064,0.272,g
2459653.61716,2022-03-15.1176086,bi,1.5,16.119,>16.119,99.990,0.261,0.259,g
2459653.61840,2022-03-15.1188434,bi,1.45,16.131,>16.131,99.990,0.587,0.256,g
2459654.23878,2022-03-15.7392159,bm,1.57,15.310,>15.310,99.990,0.397,0.546,g
2459654.24003,2022-03-15.7404684,bm,1.47,15.564,>15.564,99.990,-0.489,0.432,g
2459654.24127,2022-03-15.7417054,bm,1.57,15.631,>15.631,99.990,-1.436,0.406,g
2459654.38489,2022-03-15.8853281,bm,1.56,15.592,>15.592,99.990,-0.757,0.421,g
2459654.38613,2022-03-15.8865723,bm,1.51,15.538,>15.538,99.990,-0.014,0.442,g
2459654.38738,2022-03-15.8878203,bm,1.6,15.679,>15.679,99.990,-0.127,0.389,g
2459655.24387,2022-03-16.7442943,bm,1.54,15.700,>15.700,99.990,-0.163,0.381,g
2459655.24509,2022-03-16.7455185,bm,1.52,15.698,>15.698,99.990,-0.601,0.382,g
2459655.24633,2022-03-16.7467630,bm,1.51,15.686,>15.686,99.990,-0.090,0.386,g
2459655.37827,2022-03-16.8786966,bm,1.47,15.549,>15.549,99.990,0.220,0.438,g
2459655.37951,2022-03-16.8799383,bm,1.5,15.588,>15.588,99.990,-0.743,0.422,g
2459655.38074,2022-03-16.8811739,bm,1.62,15.365,>15.365,99.990,-0.445,0.519,g
2459655.50266,2022-03-17.0030899,bi,2.05,15.873,>15.873,99.990,-0.615,0.325,g
2459655.50391,2022-03-17.0043376,bi,2.05,15.810,>15.810,99.990,-0.801,0.344,g
2459655.50516,2022-03-17.0055815,bi,1.98,15.765,>15.765,99.990,1.065,0.359,g
2459656.24544,2022-03-17.7458673,bm,2.24,15.802,>15.802,99.990,-0.985,0.347,g
2459656.24667,2022-03-17.7470986,bm,2.25,15.658,>15.658,99.990,0.051,0.396,g
2459656.24790,2022-03-17.7483289,bm,2.23,15.750,>15.750,99.990,-0.420,0.364,g
2459656.37995,2022-03-17.8803788,bm,1.65,15.603,>15.603,99.990,0.285,0.417,g
2459656.38119,2022-03-17.8816208,bm,1.75,15.330,>15.330,99.990,0.480,0.536,g
2459656.38243,2022-03-17.8828616,bm,1.61,15.321,>15.321,99.990,0.647,0.540,g
2459656.51296,2022-03-18.0133734,bi,1.43,15.806,>15.806,99.990,-0.694,0.346,g
2459656.51420,2022-03-18.0146150,bi,1.52,15.946,>15.946,99.990,0.147,0.304,g
2459656.51545,2022-03-18.0158638,bi,1.49,15.909,>15.909,99.990,-0.006,0.314,g
2459657.48931,2022-03-18.9897150,bi,2.39,15.641,>15.641,99.990,-0.026,0.403,g
2459657.49055,2022-03-18.9909607,bi,2.31,15.790,>15.790,99.990,-0.407,0.351,g
2459657.49179,2022-03-18.9921968,bi,2.29,15.906,>15.906,99.990,-0.135,0.315,g
2459658.49611,2022-03-19.9965175,bi,1.46,16.493,>16.493,99.990,0.219,0.184,g
2459658.49737,2022-03-19.9977770,bi,1.52,16.646,>16.646,99.990,0.103,0.159,g
2459658.49861,2022-03-19.9990145,bi,1.47,16.607,>16.607,99.990,-0.040,0.165,g
2459659.58517,2022-03-21.0855640,bE,1.44,16.403,>16.403,99.990,0.586,0.199,g
2459659.58645,2022-03-21.0868380,bE,1.48,16.286,>16.286,99.990,0.207,0.222,g
2459659.58773,2022-03-21.0881253,bE,1.55,16.360,>16.360,99.990,-0.339,0.207,g
2459660.49436,2022-03-21.9947380,bi,1.46,16.654,>16.654,99.990,0.133,0.158,g
2459660.49560,2022-03-21.9959825,bi,1.52,16.686,>16.686,99.990,-0.164,0.154,g
2459660.49685,2022-03-21.9972304,bi,1.5,16.735,>16.735,99.990,0.251,0.147,g
2459660.56279,2022-03-22.0631685,bi,1.49,16.583,>16.583,99.990,-0.066,0.169,g
2459660.56401,2022-03-22.0643951,bi,1.47,16.691,>16.691,99.990,0.380,0.153,g
2459660.56525,2022-03-22.0656347,bi,1.46,16.682,>16.682,99.990,0.101,0.154,g
2459661.50121,2022-03-23.0015851,bi,1.71,16.805,>16.805,99.990,0.041,0.138,g
2459661.50246,2022-03-23.0028353,bi,1.67,16.763,>16.763,99.990,-0.236,0.143,g
2459661.50370,2022-03-23.0040784,bi,1.98,16.872,>16.872,99.990,0.057,0.130,g
2459661.56942,2022-03-23.0697994,bi,2.01,16.907,>16.907,99.990,0.382,0.125,g
2459661.57067,2022-03-23.0710496,bi,2.01,16.864,>16.864,99.990,0.197,0.130,g
2459661.57191,2022-03-23.0722947,bi,2.02,16.751,>16.751,99.990,-0.038,0.145,g
2459661.61113,2022-03-23.1115033,bE,1.53,16.620,>16.620,99.990,-0.026,0.163,g
2459661.61241,2022-03-23.1127861,bE,1.57,16.730,>16.730,99.990,-0.122,0.148,g
2459661.61372,2022-03-23.1140853,bE,1.54,16.584,>16.584,99.990,-0.106,0.169,g
2459662.50784,2022-03-24.0082027,bi,1.72,16.799,>16.799,99.990,0.230,0.139,g
2459662.50908,2022-03-24.0094446,bi,1.65,16.876,>16.876,99.990,0.049,0.129,g
2459662.51032,2022-03-24.0106851,bi,1.69,16.854,>16.854,99.990,0.174,0.132,g
2459663.25522,2022-03-24.7555778,bm,2.08,16.669,>16.669,99.990,-0.095,0.156,g
2459663.25645,2022-03-24.7568105,bm,2.07,16.576,>16.576,99.990,-0.165,0.170,g
2459663.25769,2022-03-24.7580525,bm,2.08,16.615,>16.615,99.990,-0.198,0.164,g
2459664.61023,2022-03-26.1105722,bE,1.51,16.915,>16.915,99.990,0.207,0.124,g
2459664.61151,2022-03-26.1118572,bE,1.45,16.963,>16.963,99.990,0.180,0.119,g
2459666.56547,2022-03-28.0657987,bE,1.51,17.086,>17.086,99.990,-0.002,0.106,g
2459666.56676,2022-03-28.0670886,bE,1.55,16.887,>16.887,99.990,0.100,0.128,g
2459666.56806,2022-03-28.0683839,bE,1.52,17.027,>17.027,99.990,0.167,0.112,g
2459668.23010,2022-03-29.7304078,bm,1.54,99.990,99.990,99.990,99.990,99.990,g
2459668.23226,2022-03-29.7325685,bm,1.56,13.979,>13.979,99.990,2.545,1.859,g
2459668.48005,2022-03-29.9803545,bi,1.67,15.769,>15.769,99.990,0.248,0.358,g
2459668.48131,2022-03-29.9816208,bi,1.55,15.937,>15.937,99.990,-0.463,0.306,g
2459668.48256,2022-03-29.9828714,bi,1.61,16.142,>16.142,99.990,0.183,0.254,g
2459668.56337,2022-03-30.0636736,bE,1.54,16.904,>16.904,99.990,0.114,0.126,g
2459668.56468,2022-03-30.0649792,bE,1.52,17.023,>17.023,99.990,0.131,0.113,g
2459668.56598,2022-03-30.0662806,bE,1.55,17.001,>17.001,99.990,0.083,0.115,g
2459669.47923,2022-03-30.9795268,bi,1.91,15.853,>15.853,99.990,0.280,0.331,g
2459669.48050,2022-03-30.9807909,bi,1.56,15.824,>15.824,99.990,0.374,0.340,g
2459669.48173,2022-03-30.9820269,bi,1.57,16.028,>16.028,99.990,0.664,0.282,g
2459670.23196,2022-03-31.7322424,bm,1.67,16.332,>16.332,99.990,0.113,0.213,g
2459670.23320,2022-03-31.7334835,bm,1.69,16.377,>16.377,99.990,0.620,0.204,g
2459670.23443,2022-03-31.7347219,bm,1.63,16.511,>16.511,99.990,0.136,0.181,g
2459670.34363,2022-03-31.8439157,bm,1.5,16.614,>16.614,99.990,0.114,0.164,g
2459670.34488,2022-03-31.8451690,bm,1.5,16.455,>16.455,99.990,-0.295,0.190,g
2459670.34613,2022-03-31.8464179,bm,1.51,16.517,>16.517,99.990,-0.058,0.180,g
2459671.24647,2022-04-01.7467369,bm,1.51,15.317,>15.317,99.990,-0.308,0.542,g
2459671.24770,2022-04-01.7479684,bm,1.52,14.758,>14.758,99.990,-1.707,0.907,g
2459671.24893,2022-04-01.7492068,bm,1.49,14.605,>14.605,99.990,2.730,1.045,g
2459671.55101,2022-04-02.0512818,bE,1.59,16.815,>16.815,99.990,0.109,0.136,g
2459671.55231,2022-04-02.0525791,bE,1.58,16.781,>16.781,99.990,0.250,0.141,g
2459671.55358,2022-04-02.0538547,bE,1.51,17.044,>17.044,99.990,0.173,0.111,g
2459672.55380,2022-04-03.0540615,bE,1.47,17.098,>17.098,99.990,0.241,0.105,g
2459672.55509,2022-04-03.0553491,bE,1.48,17.096,>17.096,99.990,0.145,0.105,g
2459672.55639,2022-04-03.0566464,bE,1.48,16.892,>16.892,99.990,0.126,0.127,g
2459673.23309,2022-04-03.7333431,bm,1.63,16.327,>16.327,99.990,0.185,0.214,g
2459673.23433,2022-04-03.7345828,bm,1.65,16.381,>16.381,99.990,0.061,0.204,g
2459673.23558,2022-04-03.7358291,bm,1.63,16.483,>16.483,99.990,-0.204,0.185,g
2459673.33588,2022-04-03.8361351,bm,1.55,16.421,>16.421,99.990,0.317,0.196,g
2459673.33712,2022-04-03.8373692,bm,1.54,16.535,>16.535,99.990,0.003,0.177,g
2459673.33836,2022-04-03.8386097,bm,1.51,16.509,>16.509,99.990,-0.072,0.181,g
2459674.54306,2022-04-05.0433026,bE,1.54,16.922,>16.922,99.990,0.034,0.124,g
2459674.54435,2022-04-05.0445913,bE,1.43,17.005,>17.005,99.990,0.126,0.115,g
2459674.54565,2022-04-05.0458869,bE,1.46,16.830,>16.830,99.990,0.189,0.135,g
2459675.50634,2022-04-06.0065621,bE,1.55,16.904,>16.904,99.990,0.115,0.126,g
2459675.50761,2022-04-06.0078362,bE,1.51,16.894,>16.894,99.990,-0.129,0.127,g
2459675.50891,2022-04-06.0091460,bE,1.5,16.864,>16.864,99.990,0.092,0.130,g
2459676.47761,2022-04-06.9778259,bE,2.09,16.373,>16.373,99.990,-0.262,0.205,g
2459676.47891,2022-04-06.9791261,bE,2.09,16.407,>16.407,99.990,-0.123,0.199,g
2459676.48019,2022-04-06.9804112,bE,2.07,16.526,>16.526,99.990,-0.120,0.178,g
2459678.24585,2022-04-08.7460556,bm,2.0,16.255,>16.255,99.990,0.394,0.229,g
2459678.24709,2022-04-08.7472929,bm,1.64,16.412,>16.412,99.990,-0.313,0.198,g
2459678.24837,2022-04-08.7485663,bm,1.71,16.457,>16.457,99.990,-0.273,0.190,g
2459679.24791,2022-04-09.7480946,bm,1.64,16.225,>16.225,99.990,0.333,0.235,g
2459679.24915,2022-04-09.7493353,bm,1.56,16.163,>16.163,99.990,0.540,0.249,g
2459679.25040,2022-04-09.7505898,bm,1.59,16.180,>16.180,99.990,0.144,0.245,g
2459680.47457,2022-04-10.9747428,bE,1.99,16.299,>16.299,99.990,0.125,0.219,g
2459680.47587,2022-04-10.9760427,bE,1.63,16.336,>16.336,99.990,0.022,0.212,g
2459680.47717,2022-04-10.9773427,bE,1.67,16.346,>16.346,99.990,0.015,0.210,g
2459681.52395,2022-04-12.0241135,bE,1.49,16.565,>16.565,99.990,-0.077,0.172,g
2459681.52525,2022-04-12.0254118,bE,1.44,16.519,>16.519,99.990,0.000,0.179,g
2459681.52652,2022-04-12.0266875,bE,1.54,16.367,>16.367,99.990,0.064,0.206,g
2459682.55868,2022-04-13.0588254,bE,1.61,16.187,>16.187,99.990,-0.188,0.243,g
2459682.55996,2022-04-13.0601087,bE,1.59,16.188,>16.188,99.990,-0.098,0.243,g
2459682.56125,2022-04-13.0614078,bE,1.49,16.290,>16.290,99.990,-0.192,0.221,g
2459683.28414,2022-04-13.7842851,bm,1.56,15.545,>15.545,99.990,-0.238,0.440,g
2459683.28538,2022-04-13.7855245,bm,1.57,15.408,>15.408,99.990,1.427,0.499,g
2459683.28661,2022-04-13.7867546,bm,1.62,15.269,>15.269,99.990,1.279,0.567,g
2459684.55119,2022-04-15.0513210,bE,1.63,15.902,>15.902,99.990,0.511,0.316,g
2459684.55248,2022-04-15.0526116,bE,1.63,15.965,>15.965,99.990,-0.240,0.299,g
2459684.55378,2022-04-15.0539148,bE,1.61,16.019,>16.019,99.990,-0.307,0.284,g
2459685.22795,2022-04-15.7280814,bm,2.06,15.241,>15.241,99.990,1.792,0.582,g
2459685.22924,2022-04-15.7293699,bm,2.1,15.005,>15.005,99.990,0.243,0.723,g
2459685.23059,2022-04-15.7307146,bm,2.09,15.221,>15.221,99.990,-3.320,0.593,g
2459686.21921,2022-04-16.7193152,bm,2.09,15.112,>15.112,99.990,-2.983,0.656,g
2459686.22049,2022-04-16.7206050,bm,2.06,14.559,>14.559,99.990,0.654,1.090,g
2459686.22176,2022-04-16.7218679,bm,2.1,14.994,>14.994,99.990,-1.427,0.730,g
2459687.21825,2022-04-17.7183527,bm,1.47,15.611,>15.611,99.990,-1.273,0.414,g
2459687.21950,2022-04-17.7195944,bm,1.51,15.556,>15.556,99.990,-2.290,0.435,g
2459687.22074,2022-04-17.7208371,bm,1.56,15.725,>15.725,99.990,0.003,0.372,g
2459688.23646,2022-04-18.7365428,bm,1.51,16.037,>16.037,99.990,0.352,0.280,g
2459688.23771,2022-04-18.7377957,bm,1.47,16.283,>16.283,99.990,-0.180,0.223,g
2459688.23894,2022-04-18.7390312,bm,1.59,15.933,>15.933,99.990,-0.162,0.308,g
2459688.47406,2022-04-18.9741459,bE,1.61,16.706,>16.706,99.990,0.124,0.151,g
2459688.47536,2022-04-18.9754385,bE,1.63,16.857,>16.857,99.990,0.090,0.131,g
2459688.47666,2022-04-18.9767423,bE,1.59,16.759,>16.759,99.990,0.156,0.144,g
2459689.22432,2022-04-19.7244028,bm,1.98,16.487,>16.487,99.990,0.147,0.185,g
2459689.22555,2022-04-19.7256320,bm,1.95,16.717,>16.717,99.990,-0.167,0.149,g
2459689.22679,2022-04-19.7268671,bm,1.97,16.493,>16.493,99.990,0.548,0.184,g
2459689.53624,2022-04-20.0363041,bE,1.59,16.733,>16.733,99.990,0.141,0.147,g
2459689.53753,2022-04-20.0376023,bE,1.52,16.632,>16.632,99.990,-0.069,0.162,g
2459689.53882,2022-04-20.0388983,bE,1.46,16.913,>16.913,99.990,-0.194,0.125,g
2459690.20831,2022-04-20.7083700,bm,2.3,14.952,>14.952,99.990,-0.308,0.759,g
2459690.20954,2022-04-20.7096083,bm,2.18,15.259,>15.259,99.990,0.529,0.572,g
2459690.21079,2022-04-20.7108537,bm,2.17,15.493,>15.493,99.990,0.891,0.461,g
2459690.29227,2022-04-20.7923393,bm,1.61,16.617,>16.617,99.990,-0.279,0.164,g
2459690.29352,2022-04-20.7935858,bm,1.62,16.467,>16.467,99.990,0.261,0.188,g
2459690.29476,2022-04-20.7948197,bm,1.58,16.564,>16.564,99.990,-0.192,0.172,g
2459691.51550,2022-04-22.0155430,bE,1.54,16.885,>16.885,99.990,0.071,0.128,g
2459691.51678,2022-04-22.0168297,bE,1.49,16.916,>16.916,99.990,0.199,0.124,g
2459691.51808,2022-04-22.0181303,bE,1.46,16.952,>16.952,99.990,0.160,0.120,g
2459692.52634,2022-04-23.0263745,bE,1.54,16.953,>16.953,99.990,0.201,0.120,g
2459692.52763,2022-04-23.0276614,bE,1.46,16.814,>16.814,99.990,0.333,0.137,g
2459692.52891,2022-04-23.0289456,bE,1.51,16.924,>16.924,99.990,0.213,0.123,g
2459693.21004,2022-04-23.7100687,bm,1.49,15.865,>15.865,99.990,0.176,0.327,g
2459693.21128,2022-04-23.7113094,bm,1.48,15.900,>15.900,99.990,0.147,0.317,g
2459693.21255,2022-04-23.7125760,bm,1.44,16.131,>16.131,99.990,0.179,0.256,g
2459693.53217,2022-04-24.0321929,bE,1.51,17.019,>17.019,99.990,0.289,0.113,g
2459694.20941,2022-04-24.7094289,bm,1.58,15.725,>15.725,99.990,0.105,0.372,g
2459694.21066,2022-04-24.7106766,bm,1.59,15.774,>15.774,99.990,0.252,0.356,g
2459694.21192,2022-04-24.7119348,bm,1.55,16.032,>16.032,99.990,0.111,0.281,g
2459694.52334,2022-04-25.0233515,bE,1.58,16.701,>16.701,99.990,0.150,0.152,g
2459694.52463,2022-04-25.0246460,bE,1.54,16.799,>16.799,99.990,0.030,0.139,g
2459694.52592,2022-04-25.0259317,bE,1.55,16.707,>16.707,99.990,0.118,0.151,g
2459695.20488,2022-04-25.7048812,bm,1.96,15.096,>15.096,99.990,0.430,0.665,g
2459695.20612,2022-04-25.7061281,bm,1.42,15.416,>15.416,99.990,1.922,0.495,g
2459695.20736,2022-04-25.7073659,bm,1.5,15.588,>15.588,99.990,-1.107,0.423,g
2459696.25397,2022-04-26.7539673,bm,1.54,16.611,>16.611,99.990,0.134,0.165,g
2459696.25522,2022-04-26.7552187,bm,1.55,16.476,>16.476,99.990,0.348,0.186,g
2459696.25646,2022-04-26.7564548,bm,1.59,16.618,>16.618,99.990,0.358,0.164,g
2459697.20739,2022-04-27.7073711,bm,1.5,15.816,>15.816,99.990,-0.207,0.343,g
2459697.20863,2022-04-27.7086107,bm,1.57,15.958,>15.958,99.990,0.775,0.300,g
2459697.20988,2022-04-27.7098619,bm,1.57,16.054,>16.054,99.990,0.259,0.275,g
2459697.49074,2022-04-27.9907116,bE,1.49,16.927,>16.927,99.990,0.150,0.123,g
2459697.49203,2022-04-27.9920082,bE,1.51,16.894,>16.894,99.990,0.183,0.127,g
2459697.49331,2022-04-27.9932942,bE,1.51,16.922,>16.922,99.990,-0.034,0.124,g
2459698.51371,2022-04-29.0136806,bE,1.53,16.735,>16.735,99.990,0.094,0.147,g
2459698.51502,2022-04-29.0149847,bE,1.52,16.815,>16.815,99.990,0.285,0.136,g
2459698.51632,2022-04-29.0162810,bE,1.43,16.856,>16.856,99.990,0.195,0.131,g
2459699.23063,2022-04-29.7305836,bm,1.6,16.493,>16.493,99.990,0.028,0.184,g
2459699.23187,2022-04-29.7318265,bm,1.62,16.375,>16.375,99.990,0.330,0.205,g
2459699.23311,2022-04-29.7330637,bm,1.68,16.481,>16.481,99.990,0.327,0.186,g
2459699.51550,2022-04-30.0154570,bE,1.55,16.966,>16.966,99.990,0.244,0.119,g
2459699.51680,2022-04-30.0167541,bE,2.17,16.717,>16.717,99.990,0.063,0.149,g
2459700.26598,2022-04-30.7659287,bm,1.49,16.565,>16.565,99.990,-0.251,0.172,g
2459700.26722,2022-04-30.7671707,bm,1.56,16.574,>16.574,99.990,-0.017,0.170,g
2459701.22019,2022-05-01.7201295,bm,1.55,16.532,>16.532,99.990,0.010,0.177,g
2459701.22143,2022-05-01.7213703,bm,1.61,16.556,>16.556,99.990,0.286,0.173,g
2459701.22267,2022-05-01.7226084,bm,1.59,16.629,>16.629,99.990,-0.056,0.162,g
2459702.23084,2022-05-02.7307586,bm,1.58,16.528,>16.528,99.990,0.160,0.178,g
2459702.23207,2022-05-02.7319965,bm,1.53,16.563,>16.563,99.990,-0.209,0.172,g
2459702.23330,2022-05-02.7332267,bm,1.58,16.655,>16.655,99.990,0.475,0.158,g
2459702.50826,2022-05-03.0081746,bE,1.44,16.932,>16.932,99.990,0.224,0.123,g
2459703.24930,2022-05-03.7492112,bm,1.49,16.414,>16.414,99.990,-0.117,0.197,g
2459703.25054,2022-05-03.7504546,bm,1.5,16.517,>16.517,99.990,-0.123,0.180,g
2459703.25178,2022-05-03.7516939,bm,1.48,16.633,>16.633,99.990,0.373,0.161,g
2459704.23343,2022-05-04.7333331,bm,1.55,16.594,>16.594,99.990,0.209,0.167,g
2459704.23467,2022-05-04.7345760,bm,1.55,16.540,>16.540,99.990,-0.100,0.176,g
2459704.23591,2022-05-04.7358165,bm,1.62,16.402,>16.402,99.990,-0.003,0.200,g
2459704.50103,2022-05-05.0009304,bE,1.45,16.756,>16.756,99.990,-0.003,0.144,g
2459704.50232,2022-05-05.0022141,bE,1.57,16.869,>16.869,99.990,-0.001,0.130,g
2459705.48676,2022-05-05.9866486,bE,1.55,16.186,>16.186,99.990,-0.027,0.244,g
2459705.48806,2022-05-05.9879479,bE,1.6,16.395,>16.395,99.990,-0.032,0.201,g
2459705.48936,2022-05-05.9892432,bE,1.49,16.717,>16.717,99.990,0.159,0.149,g
2459706.45456,2022-05-06.9544342,bi,2.11,15.506,>15.506,99.990,1.067,0.456,g
2459706.45580,2022-05-06.9556737,bi,2.06,15.845,>15.845,99.990,-0.022,0.333,g
2459706.45705,2022-05-06.9569189,bi,2.01,15.878,>15.878,99.990,-0.141,0.323,g
2459708.23535,2022-05-08.7352097,bm,1.64,16.073,>16.073,99.990,-0.038,0.270,g
2459708.23661,2022-05-08.7364737,bm,1.65,16.200,>16.200,99.990,0.489,0.241,g
2459708.23785,2022-05-08.7377153,bm,1.63,16.142,>16.142,99.990,0.323,0.254,g
2459708.48271,2022-05-08.9825568,bE,1.5,16.549,>16.549,99.990,-0.077,0.174,g
2459708.48401,2022-05-08.9838584,bE,1.5,16.456,>16.456,99.990,0.121,0.190,g
2459708.48530,2022-05-08.9851537,bE,1.45,16.408,>16.408,99.990,0.208,0.199,g
2459709.48071,2022-05-09.9805531,bE,1.49,15.854,>15.854,99.990,0.022,0.331,g
2459709.48201,2022-05-09.9818540,bE,1.49,15.877,>15.877,99.990,-0.333,0.324,g
2459709.48331,2022-05-09.9831515,bE,1.54,15.973,>15.973,99.990,0.319,0.296,g
2459710.48411,2022-05-10.9839369,bE,1.55,16.460,>16.460,99.990,-0.067,0.189,g
2459710.48539,2022-05-10.9852215,bE,1.54,16.384,>16.384,99.990,-0.031,0.203,g
2459710.48667,2022-05-10.9864973,bE,1.59,16.383,>16.383,99.990,0.086,0.203,g
2459711.20358,2022-05-11.7034040,bm,1.52,15.716,>15.716,99.990,-0.318,0.375,g
2459711.20480,2022-05-11.7046342,bm,1.52,15.707,>15.707,99.990,0.168,0.379,g
2459711.20606,2022-05-11.7058795,bm,1.47,15.790,>15.790,99.990,0.039,0.351,g
2459712.47413,2022-05-12.9739357,bE,1.46,14.627,>14.627,99.990,-0.835,1.024,g
2459712.47542,2022-05-12.9752277,bE,1.35,13.923,>13.923,99.990,-1.828,1.959,g
2459712.47672,2022-05-12.9765258,bE,1.47,13.581,>13.581,99.990,1.645,2.684,g
2459713.23290,2022-05-13.7326937,bm,2.41,15.096,>15.096,99.990,0.541,0.665,g
2459713.47762,2022-05-13.9774196,bE,1.46,16.153,>16.153,99.990,0.575,0.251,g
2459714.47217,2022-05-14.9719557,bE,1.54,15.894,>15.894,99.990,0.395,0.319,g
2459714.47347,2022-05-14.9732554,bE,1.56,15.909,>15.909,99.990,-0.088,0.314,g
2459714.47476,2022-05-14.9745432,bE,1.51,15.958,>15.958,99.990,-0.027,0.300,g
2459715.19433,2022-05-15.6941015,bm,1.53,15.025,>15.025,99.990,-1.023,0.710,g
2459715.19557,2022-05-15.6953584,bm,1.6,15.173,>15.173,99.990,-0.618,0.619,g
2459715.19682,2022-05-15.6966038,bm,1.49,15.251,>15.251,99.990,-0.260,0.576,g
2459716.20907,2022-05-16.7088457,bm,1.56,15.695,>15.695,99.990,0.474,0.383,g
2459716.21032,2022-05-16.7100910,bm,1.55,15.674,>15.674,99.990,0.859,0.390,g
2459716.21157,2022-05-16.7113341,bm,1.6,15.426,>15.426,99.990,0.072,0.490,g
2459716.46718,2022-05-16.9669395,bE,1.53,16.040,>16.040,99.990,0.456,0.279,g
2459716.46847,2022-05-16.9682381,bE,1.56,16.136,>16.136,99.990,-0.456,0.255,g
2459716.46976,2022-05-16.9695270,bE,1.52,16.083,>16.083,99.990,0.262,0.268,g
2459717.20863,2022-05-17.7083922,bm,1.55,16.175,>16.175,99.990,-0.273,0.246,g
2459717.20989,2022-05-17.7096482,bm,1.61,15.973,>15.973,99.990,0.133,0.297,g
2459717.21113,2022-05-17.7108887,bm,1.57,16.097,>16.097,99.990,-0.209,0.264,g
2459717.46212,2022-05-17.9618780,bE,1.56,16.777,>16.777,99.990,0.106,0.141,g
2459717.46342,2022-05-17.9631739,bE,1.66,16.910,>16.910,99.990,0.086,0.125,g
2459717.46472,2022-05-17.9644725,bE,1.61,16.773,>16.773,99.990,-0.035,0.142,g
2459718.45614,2022-05-18.9558756,bE,1.66,15.951,>15.951,99.990,0.403,0.302,g
2459718.45742,2022-05-18.9571690,bE,1.68,15.709,>15.709,99.990,0.060,0.378,g
2459718.45872,2022-05-18.9584651,bE,1.66,15.366,>15.366,99.990,0.731,0.519,g
2459719.45108,2022-05-19.9508105,bE,1.52,15.945,>15.945,99.990,-0.333,0.304,g
2459719.45236,2022-05-19.9520961,bE,1.59,16.287,>16.287,99.990,0.187,0.222,g
2459719.45366,2022-05-19.9533938,bE,1.67,16.285,>16.285,99.990,0.125,0.222,g
2459721.19604,2022-05-21.6957608,bm,2.0,15.794,>15.794,99.990,0.373,0.349,g
2459721.19729,2022-05-21.6970052,bm,2.0,15.844,>15.844,99.990,0.184,0.334,g
2459721.19852,2022-05-21.6982424,bm,2.03,15.982,>15.982,99.990,0.793,0.294,g
2459722.44866,2022-05-22.9483668,bE,1.96,16.079,>16.079,99.990,-0.858,0.269,g
2459722.44997,2022-05-22.9496721,bE,1.7,16.079,>16.079,99.990,-0.617,0.269,g
2459722.45127,2022-05-22.9509690,bE,1.65,16.195,>16.195,99.990,-0.093,0.242,g
2459723.44844,2022-05-23.9481299,bE,1.72,15.883,>15.883,99.990,-0.568,0.322,g
2459723.44976,2022-05-23.9494474,bE,1.66,15.868,>15.868,99.990,0.731,0.326,g
2459723.45106,2022-05-23.9507481,bE,1.65,15.990,>15.990,99.990,0.258,0.292,g
2459724.19481,2022-05-24.6944872,bm,1.49,15.450,>15.450,99.990,-0.586,0.480,g
2459724.19626,2022-05-24.6959399,bm,1.5,15.534,>15.534,99.990,-0.397,0.444,g
2459724.19749,2022-05-24.6971726,bm,1.57,15.472,>15.472,99.990,-1.241,0.470,g
2459726.19100,2022-05-26.6906663,bm,1.51,15.379,>15.379,99.990,0.281,0.512,g
2459726.19225,2022-05-26.6919111,bm,1.53,15.580,>15.580,99.990,0.793,0.426,g
2459726.19348,2022-05-26.6931406,bm,1.49,15.803,>15.803,99.990,0.291,0.347,g
2459763.94824,2022-07-03.4476166,bF,1.59,99.990,99.990,99.990,99.990,99.990,g
2459763.94824,2022-07-03.4476168,bE,1.45,15.725,>15.725,99.990,0.316,0.372,g
2459763.94953,2022-07-03.4489142,bF,1.56,99.990,99.990,99.990,99.990,99.990,g
2459763.94954,2022-07-03.4489144,bE,1.49,15.563,>15.563,99.990,0.516,0.432,g
2459764.94589,2022-07-04.4452605,bF,1.49,99.990,99.990,99.990,99.990,99.990,g
2459764.94589,2022-07-04.4452608,bE,1.46,16.348,>16.348,99.990,0.134,0.210,g
2459764.94719,2022-07-04.4465581,bF,1.55,99.990,99.990,99.990,99.990,99.990,g
2459764.94719,2022-07-04.4465587,bE,1.52,16.339,>16.339,99.990,0.297,0.212,g
2459764.94847,2022-07-04.4478407,bE,1.52,15.949,>15.949,99.990,-0.131,0.303,g
2459764.94848,2022-07-04.4478415,bF,1.55,99.990,99.990,99.990,99.990,99.990,g
2459766.94521,2022-07-06.4445672,bF,1.49,99.990,99.990,99.990,99.990,99.990,g
2459766.94521,2022-07-06.4445667,bE,1.55,16.356,>16.356,99.990,0.603,0.208,g
2459766.94650,2022-07-06.4458628,bE,1.53,16.421,>16.421,99.990,-0.155,0.196,g
2459766.94650,2022-07-06.4458627,bF,1.55,99.990,99.990,99.990,99.990,99.990,g
2459766.94780,2022-07-06.4471681,bF,1.56,99.990,99.990,99.990,99.990,99.990,g
2459766.94781,2022-07-06.4471681,bE,1.62,16.131,>16.131,99.990,0.460,0.256,g
2459767.94749,2022-07-07.4468521,bi,1.43,15.918,>15.918,99.990,-0.480,0.312,g
2459767.94873,2022-07-07.4480868,bi,1.49,15.850,>15.850,99.990,0.354,0.332,g
2459767.94998,2022-07-07.4493438,bi,1.47,15.827,>15.827,99.990,-0.579,0.339,g
2459772.92304,2022-07-12.4223802,bE,1.6,16.428,>16.428,99.990,0.327,0.195,g
2459772.92305,2022-07-12.4223800,bF,1.6,99.990,99.990,99.990,99.990,99.990,g
2459772.92432,2022-07-12.4236601,bF,1.49,99.990,99.990,99.990,99.990,99.990,g
2459772.92432,2022-07-12.4236599,bE,1.53,16.272,>16.272,99.990,0.572,0.225,g
2459772.92561,2022-07-12.4249472,bE,1.54,16.483,>16.483,99.990,0.040,0.185,g
2459772.92561,2022-07-12.4249469,bF,1.51,99.990,99.990,99.990,99.990,99.990,g
2459773.93121,2022-07-13.4305450,bE,1.47,15.904,>15.904,99.990,0.420,0.316,g
2459773.93121,2022-07-13.4305449,bF,1.46,99.990,99.990,99.990,99.990,99.990,g
2459773.93251,2022-07-13.4318438,bE,1.44,15.840,>15.840,99.990,0.096,0.335,g
2459773.93251,2022-07-13.4318436,bF,1.5,99.990,99.990,99.990,99.990,99.990,g
2459773.93381,2022-07-13.4331444,bE,1.58,15.890,>15.890,99.990,0.215,0.320,g
2459773.93381,2022-07-13.4331440,bF,1.56,99.990,99.990,99.990,99.990,99.990,g
2459778.66028,2022-07-18.1596032,bm,1.61,15.736,>15.736,99.990,-0.132,0.369,g
2459778.66191,2022-07-18.1612371,bm,1.59,15.763,>15.763,99.990,-0.047,0.360,g
2459778.66317,2022-07-18.1625067,bm,1.64,15.693,>15.693,99.990,0.511,0.384,g
2459791.88510,2022-07-31.3844211,bE,1.66,16.890,>16.890,99.990,0.210,0.127,g
2459791.88511,2022-07-31.3844209,bF,1.56,99.990,99.990,99.990,99.990,99.990,g
2459791.88638,2022-07-31.3857067,bE,1.6,16.767,>16.767,99.990,0.244,0.143,g
2459791.88639,2022-07-31.3857071,bF,1.58,99.990,99.990,99.990,99.990,99.990,g
2459791.88767,2022-07-31.3869935,bE,1.54,16.999,>16.999,99.990,0.380,0.115,g
2459791.88768,2022-07-31.3869934,bF,1.56,99.990,99.990,99.990,99.990,99.990,g
2459792.63344,2022-08-01.1327599,bm,1.63,16.590,>16.590,99.990,0.056,0.168,g
2459792.63470,2022-08-01.1340153,bm,1.68,16.476,>16.476,99.990,-0.136,0.186,g
2459792.63594,2022-08-01.1352579,bm,1.65,16.464,>16.464,99.990,-0.023,0.188,g
2459792.89102,2022-08-01.3903392,bF,1.57,99.990,99.990,99.990,99.990,99.990,g
2459792.89102,2022-08-01.3903395,bE,1.51,16.334,>16.334,99.990,-0.046,0.212,g
2459792.89231,2022-08-01.3916302,bF,1.54,99.990,99.990,99.990,99.990,99.990,g
2459792.89231,2022-08-01.3916304,bE,1.51,16.318,>16.318,99.990,0.403,0.216,g
2459792.89360,2022-08-01.3929159,bF,1.54,99.990,99.990,99.990,99.990,99.990,g
2459792.89360,2022-08-01.3929152,bE,1.41,15.907,>15.907,99.990,0.327,0.315,g
2459796.62355,2022-08-05.1228802,bm,1.54,16.639,>16.639,99.990,-0.211,0.161,g
2459796.62480,2022-08-05.1241232,bm,1.58,16.571,>16.571,99.990,0.236,0.171,g
2459796.62604,2022-08-05.1253578,bm,1.5,16.475,>16.475,99.990,0.201,0.187,g
2459796.87295,2022-08-05.3722682,bF,1.49,99.990,99.990,99.990,99.990,99.990,g
2459796.87295,2022-08-05.3722687,bE,1.55,16.876,>16.876,99.990,0.319,0.129,g
2459796.87424,2022-08-05.3735642,bE,1.49,16.886,>16.886,99.990,0.170,0.128,g
2459796.87424,2022-08-05.3735636,bF,1.54,99.990,99.990,99.990,99.990,99.990,g
2459796.87554,2022-08-05.3748618,bF,1.55,99.990,99.990,99.990,99.990,99.990,g
2459796.87554,2022-08-05.3748616,bE,1.51,16.844,>16.844,99.990,0.142,0.133,g
2459797.62013,2022-08-06.1194458,bm,1.61,16.449,>16.449,99.990,-0.271,0.191,g
2459797.62137,2022-08-06.1206879,bm,1.56,16.433,>16.433,99.990,0.321,0.194,g
2459797.62270,2022-08-06.1220261,bm,1.63,16.564,>16.564,99.990,-0.218,0.172,g
2459798.61653,2022-08-07.1158550,bm,1.5,16.492,>16.492,99.990,0.070,0.184,g
2459798.61776,2022-08-07.1170886,bm,1.56,16.418,>16.418,99.990,0.302,0.197,g
2459798.61900,2022-08-07.1183259,bm,1.5,16.621,>16.621,99.990,-0.116,0.163,g
2459799.88175,2022-08-08.3810767,bE,1.53,16.863,>16.863,99.990,0.258,0.131,g
2459799.88175,2022-08-08.3810763,bF,1.52,99.990,99.990,99.990,99.990,99.990,g
2459799.88305,2022-08-08.3823753,bE,1.57,16.817,>16.817,99.990,0.110,0.136,g
2459799.88305,2022-08-08.3823749,bF,1.58,99.990,99.990,99.990,99.990,99.990,g
2459799.88434,2022-08-08.3836651,bF,1.59,99.990,99.990,99.990,99.990,99.990,g
2459799.88434,2022-08-08.3836649,bE,1.5,16.743,>16.743,99.990,0.142,0.146,g
2459800.61379,2022-08-09.1131181,bm,1.55,16.161,>16.161,99.990,0.041,0.249,g
2459800.61526,2022-08-09.1145931,bm,1.61,16.150,>16.150,99.990,-0.409,0.252,g
2459800.61652,2022-08-09.1158468,bm,1.53,16.121,>16.121,99.990,-0.415,0.259,g
2459800.87783,2022-08-09.3771591,bE,1.52,16.397,>16.397,99.990,0.406,0.201,g
2459800.87783,2022-08-09.3771596,bF,1.55,99.990,99.990,99.990,99.990,99.990,g
2459800.87912,2022-08-09.3784516,bF,1.56,99.990,99.990,99.990,99.990,99.990,g
2459800.87912,2022-08-09.3784512,bE,1.51,16.604,>16.604,99.990,0.007,0.166,g
2459800.88041,2022-08-09.3797343,bF,1.55,99.990,99.990,99.990,99.990,99.990,g
2459800.88041,2022-08-09.3797346,bE,1.53,16.576,>16.576,99.990,0.141,0.170,g
2459801.62286,2022-08-10.1221989,bm,1.59,13.746,>13.746,99.990,4.804,2.308,g
2459801.62459,2022-08-10.1239204,bm,1.52,14.795,>14.795,99.990,1.425,0.877,g
2459801.62594,2022-08-10.1252723,bm,1.5,15.124,>15.124,99.990,1.150,0.648,g
2459801.86403,2022-08-10.3633593,bF,1.46,99.990,99.990,99.990,99.990,99.990,g
2459801.86403,2022-08-10.3633596,bE,1.55,14.190,>14.190,99.990,1.524,1.532,g
2459801.86533,2022-08-10.3646599,bE,1.48,14.415,>14.415,99.990,-1.088,1.245,g
2459801.86533,2022-08-10.3646596,bF,1.61,99.990,99.990,99.990,99.990,99.990,g
2459803.87132,2022-08-12.3706555,bF,1.52,99.990,99.990,99.990,99.990,99.990,g
2459803.87132,2022-08-12.3706548,bE,1.52,15.584,>15.584,99.990,-0.511,0.424,g
2459803.87260,2022-08-12.3719458,bF,1.45,99.990,99.990,99.990,99.990,99.990,g
2459803.87261,2022-08-12.3719454,bE,1.79,15.657,>15.657,99.990,0.207,0.396,g
2459803.87391,2022-08-12.3732541,bF,1.55,99.990,99.990,99.990,99.990,99.990,g
2459803.87392,2022-08-12.3732541,bE,1.56,15.484,>15.484,99.990,-0.372,0.465,g
2459805.85413,2022-08-14.3534658,bF,1.57,99.990,99.990,99.990,99.990,99.990,g
2459805.85413,2022-08-14.3534657,bE,1.6,15.938,>15.938,99.990,0.277,0.306,g
2459805.85542,2022-08-14.3547645,bE,1.43,16.170,>16.170,99.990,0.332,0.247,g
2459805.85542,2022-08-14.3547642,bF,1.57,99.990,99.990,99.990,99.990,99.990,g
2459805.85672,2022-08-14.3560631,bF,1.6,99.990,99.990,99.990,99.990,99.990,g
2459805.85672,2022-08-14.3560621,bE,1.42,15.987,>15.987,99.990,0.065,0.293,g
2459806.85027,2022-08-15.3496150,bE,1.55,14.356,>14.356,99.990,2.216,1.315,g
2459806.85027,2022-08-15.3496152,bF,1.61,99.990,99.990,99.990,99.990,99.990,g
2459806.85156,2022-08-15.3509049,bF,1.57,99.990,99.990,99.990,99.990,99.990,g
2459806.85156,2022-08-15.3509047,bE,1.44,15.127,>15.127,99.990,-0.172,0.646,g
2459806.85286,2022-08-15.3522024,bE,1.54,15.856,>15.856,99.990,0.129,0.330,g
2459808.59465,2022-08-17.0940092,bm,1.59,16.154,>16.154,99.990,0.185,0.251,g
2459808.59591,2022-08-17.0952666,bm,1.62,16.047,>16.047,99.990,0.259,0.277,g
2459808.59741,2022-08-17.0967664,bm,1.59,15.887,>15.887,99.990,0.509,0.321,g
2459809.84792,2022-08-18.3472689,bE,1.53,16.509,>16.509,99.990,0.139,0.181,g
2459809.84792,2022-08-18.3472681,bF,1.51,99.990,99.990,99.990,99.990,99.990,g
2459809.84922,2022-08-18.3485690,bF,1.49,99.990,99.990,99.990,99.990,99.990,g
2459809.84922,2022-08-18.3485695,bE,1.54,16.631,>16.631,99.990,0.269,0.162,g
2459809.85052,2022-08-18.3498759,bE,1.64,16.668,>16.668,99.990,0.053,0.156,g
2459809.85052,2022-08-18.3498748,bF,1.49,99.990,99.990,99.990,99.990,99.990,g
2459810.83979,2022-08-19.3391511,bF,1.47,99.990,99.990,99.990,99.990,99.990,g
2459810.83979,2022-08-19.3391513,bE,1.48,16.821,>16.821,99.990,-0.020,0.136,g
2459810.84108,2022-08-19.3404350,bF,1.49,99.990,99.990,99.990,99.990,99.990,g
2459810.84108,2022-08-19.3404350,bE,1.47,16.588,>16.588,99.990,-0.099,0.168,g
2459810.84236,2022-08-19.3417222,bE,1.48,16.819,>16.819,99.990,-0.014,0.136,g
2459810.84236,2022-08-19.3417226,bF,1.46,99.990,99.990,99.990,99.990,99.990,g
2459811.89768,2022-08-20.3970496,bE,1.48,16.843,>16.843,99.990,0.105,0.133,g
2459811.89769,2022-08-20.3970509,bF,1.45,99.990,99.990,99.990,99.990,99.990,g
2459811.89897,2022-08-20.3983334,bF,1.7,99.990,99.990,99.990,99.990,99.990,g
2459811.89897,2022-08-20.3983333,bE,1.52,16.860,>16.860,99.990,0.148,0.131,g
2459811.90026,2022-08-20.3996228,bF,1.47,99.990,99.990,99.990,99.990,99.990,g
2459811.90026,2022-08-20.3996223,bE,1.49,16.802,>16.802,99.990,0.423,0.138,g
2459813.58099,2022-08-22.0803549,bm,1.42,16.571,>16.571,99.990,0.007,0.171,g
2459813.58223,2022-08-22.0816017,bm,1.51,16.613,>16.613,99.990,0.154,0.164,g
2459813.58349,2022-08-22.0828555,bm,1.52,16.633,>16.633,99.990,-0.465,0.161,g
2459813.88803,2022-08-22.3874024,bE,1.45,16.799,>16.799,99.990,0.209,0.139,g
2459813.88803,2022-08-22.3874023,bF,1.56,99.990,99.990,99.990,99.990,99.990,g
2459813.88934,2022-08-22.3887077,bE,1.49,16.977,>16.977,99.990,0.007,0.118,g
2459813.88934,2022-08-22.3887075,bF,1.52,99.990,99.990,99.990,99.990,99.990,g
2459813.89063,2022-08-22.3900075,bF,1.51,99.990,99.990,99.990,99.990,99.990,g
2459813.89063,2022-08-22.3900070,bE,1.52,16.816,>16.816,99.990,0.124,0.136,g
2459814.57370,2022-08-23.0730795,bm,1.62,16.508,>16.508,99.990,0.076,0.181,g
2459814.57494,2022-08-23.0743188,bm,1.5,16.421,>16.421,99.990,0.247,0.196,g
2459814.57619,2022-08-23.0755690,bm,1.57,16.297,>16.297,99.990,0.598,0.220,g
2459814.83755,2022-08-23.3369281,bE,1.52,16.892,>16.892,99.990,0.163,0.127,g
2459814.83755,2022-08-23.3369284,bF,1.49,99.990,99.990,99.990,99.990,99.990,g
2459814.83885,2022-08-23.3382290,bF,1.51,99.990,99.990,99.990,99.990,99.990,g
2459814.83885,2022-08-23.3382292,bE,1.47,16.867,>16.867,99.990,-0.045,0.130,g
2459814.84016,2022-08-23.3395378,bE,1.5,16.858,>16.858,99.990,-0.046,0.131,g
2459814.84016,2022-08-23.3395387,bF,1.47,99.990,99.990,99.990,99.990,99.990,g
2459815.56945,2022-08-24.0688398,bm,1.78,16.390,>16.390,99.990,0.002,0.202,g
2459815.57155,2022-08-24.0709398,bm,1.75,16.334,>16.334,99.990,0.336,0.213,g
2459816.85773,2022-08-25.3571273,bE,1.53,16.774,>16.774,99.990,0.127,0.142,g
2459816.85774,2022-08-25.3571277,bF,1.45,99.990,99.990,99.990,99.990,99.990,g
2459816.85902,2022-08-25.3584166,bE,1.49,16.637,>16.637,99.990,0.100,0.161,g
2459816.85903,2022-08-25.3584163,bF,1.49,99.990,99.990,99.990,99.990,99.990,g
2459816.86031,2022-08-25.3597016,bE,1.49,17.002,>17.002,99.990,0.017,0.115,g
2459816.86031,2022-08-25.3597012,bF,1.49,99.990,99.990,99.990,99.990,99.990,g
2459817.82675,2022-08-26.3261395,bF,1.69,99.990,99.990,99.990,99.990,99.990,g
2459817.82675,2022-08-26.3261396,bE,1.57,99.990,99.990,99.990,99.990,99.990,g
2459817.82803,2022-08-26.3274314,bF,1.6,99.990,99.990,99.990,99.990,99.990,g
2459817.82804,2022-08-26.3274310,bE,1.8,99.990,99.990,99.990,99.990,99.990,g
2459817.82932,2022-08-26.3287221,bF,1.55,99.990,99.990,99.990,99.990,99.990,g
2459817.82933,2022-08-26.3287217,bE,1.67,99.990,99.990,99.990,99.990,99.990,g
2459818.81306,2022-08-27.3124607,bF,1.49,99.990,99.990,99.990,99.990,99.990,g
2459818.81306,2022-08-27.3124609,bE,1.44,16.919,>16.919,99.990,-0.006,0.124,g
2459818.81436,2022-08-27.3137601,bF,1.51,99.990,99.990,99.990,99.990,99.990,g
2459818.81436,2022-08-27.3137587,bE,1.57,16.781,>16.781,99.990,0.295,0.141,g
2459818.81564,2022-08-27.3150496,bF,1.49,99.990,99.990,99.990,99.990,99.990,g
2459818.81565,2022-08-27.31505,bE,1.53,17.038,>17.038,99.990,0.062,0.111,g
2459819.85374,2022-08-28.3531481,bF,1.48,99.990,99.990,99.990,99.990,99.990,g
2459819.85374,2022-08-28.3531486,bE,1.52,16.951,>16.951,99.990,-0.062,0.120,g
2459819.85505,2022-08-28.3544599,bF,1.48,99.990,99.990,99.990,99.990,99.990,g
2459819.85506,2022-08-28.3544607,bE,1.46,17.079,>17.079,99.990,0.073,0.107,g
2459819.85635,2022-08-28.3557534,bF,1.52,99.990,99.990,99.990,99.990,99.990,g
2459819.85635,2022-08-28.3557535,bE,1.51,17.046,>17.046,99.990,0.248,0.110,g
2459820.55449,2022-08-29.0538950,bm,1.66,16.370,>16.370,99.990,-0.262,0.206,g
2459820.55573,2022-08-29.0551355,bm,1.67,16.409,>16.409,99.990,0.365,0.198,g
2459820.55697,2022-08-29.0563773,bm,1.65,16.546,>16.546,99.990,0.109,0.175,g
2459820.85121,2022-08-29.3506179,bE,1.52,16.885,>16.885,99.990,0.316,0.128,g
2459820.85121,2022-08-29.3506179,bF,1.48,99.990,99.990,99.990,99.990,99.990,g
2459820.85250,2022-08-29.3519109,bF,1.49,99.990,99.990,99.990,99.990,99.990,g
2459820.85250,2022-08-29.3519115,bE,1.54,16.791,>16.791,99.990,0.253,0.140,g
2459820.85381,2022-08-29.3532199,bF,1.48,99.990,99.990,99.990,99.990,99.990,g
2459820.85381,2022-08-29.3532203,bE,1.52,16.920,>16.920,99.990,0.166,0.124,g
2459821.84357,2022-08-30.3429837,bE,1.49,16.935,>16.935,99.990,0.092,0.122,g
2459821.84357,2022-08-30.3429840,bF,1.51,99.990,99.990,99.990,99.990,99.990,g
2459821.84485,2022-08-30.3442709,bE,1.47,16.859,>16.859,99.990,0.265,0.131,g
2459821.84485,2022-08-30.3442703,bF,1.49,99.990,99.990,99.990,99.990,99.990,g
2459821.84615,2022-08-30.3455686,bF,1.5,99.990,99.990,99.990,99.990,99.990,g
2459821.84615,2022-08-30.3455689,bE,1.47,16.926,>16.926,99.990,0.206,0.123,g
2459822.81401,2022-08-31.3134329,bE,1.53,16.954,>16.954,99.990,0.341,0.120,g
2459822.81401,2022-08-31.3134342,bF,1.51,99.990,99.990,99.990,99.990,99.990,g
2459822.81530,2022-08-31.3147261,bF,1.48,99.990,99.990,99.990,99.990,99.990,g
2459822.81530,2022-08-31.3147259,bE,1.53,16.881,>16.881,99.990,0.151,0.128,g
2459822.81660,2022-08-31.3160237,bF,1.51,99.990,99.990,99.990,99.990,99.990,g
2459822.81660,2022-08-31.3160240,bE,1.45,16.914,>16.914,99.990,0.003,0.125,g
2459823.81478,2022-09-01.3142100,bE,1.47,16.831,>16.831,99.990,0.261,0.134,g
2459823.81478,2022-09-01.3142098,bF,1.53,99.990,99.990,99.990,99.990,99.990,g
2459823.81608,2022-09-01.3155133,bF,1.55,99.990,99.990,99.990,99.990,99.990,g
2459823.81609,2022-09-01.3155135,bE,1.5,16.919,>16.919,99.990,0.156,0.124,g
2459823.81739,2022-09-01.3168152,bE,1.55,16.952,>16.952,99.990,0.246,0.120,g
2459823.81739,2022-09-01.3168152,bF,1.49,99.990,99.990,99.990,99.990,99.990,g
2459824.81514,2022-09-02.3145782,bE,1.55,16.949,>16.949,99.990,0.065,0.121,g
2459824.81514,2022-09-02.3145783,bF,1.5,99.990,99.990,99.990,99.990,99.990,g
2459824.81645,2022-09-02.3158839,bE,1.53,16.904,>16.904,99.990,0.042,0.126,g
2459824.81645,2022-09-02.3158832,bF,1.52,99.990,99.990,99.990,99.990,99.990,g
2459824.81774,2022-09-02.3171711,bE,1.5,16.892,>16.892,99.990,0.010,0.127,g
2459824.81774,2022-09-02.3171707,bF,1.52,99.990,99.990,99.990,99.990,99.990,g
2459825.61589,2022-09-03.1153385,bm,1.5,16.605,>16.605,99.990,0.045,0.166,g
2459825.61715,2022-09-03.1165898,bm,1.52,16.529,>16.529,99.990,0.062,0.178,g
2459825.61839,2022-09-03.1178293,bm,1.53,16.482,>16.482,99.990,-0.088,0.185,g
2459825.88298,2022-09-03.3824276,bE,1.51,16.817,>16.817,99.990,0.063,0.136,g
2459825.88298,2022-09-03.3824270,bF,1.57,99.990,99.990,99.990,99.990,99.990,g
2459826.57699,2022-09-04.0764384,bm,1.58,16.529,>16.529,99.990,0.062,0.178,g
2459826.80787,2022-09-04.3073185,bE,1.6,16.843,>16.843,99.990,-0.016,0.133,g
2459826.80787,2022-09-04.3073190,bF,1.56,99.990,99.990,99.990,99.990,99.990,g
2459826.80916,2022-09-04.3086170,bF,1.57,99.990,99.990,99.990,99.990,99.990,g
2459826.80916,2022-09-04.3086170,bE,1.57,16.829,>16.829,99.990,0.080,0.135,g
2459826.81045,2022-09-04.3099054,bF,1.54,99.990,99.990,99.990,99.990,99.990,g
2459826.81045,2022-09-04.3099057,bE,1.54,16.819,>16.819,99.990,0.241,0.136,g
2459827.80407,2022-09-05.3035243,bF,1.55,99.990,99.990,99.990,99.990,99.990,g
2459827.80407,2022-09-05.303525,bE,1.52,16.997,>16.997,99.990,0.240,0.115,g
2459827.80537,2022-09-05.3048311,bF,1.49,99.990,99.990,99.990,99.990,99.990,g
2459827.80537,2022-09-05.3048307,bE,1.49,16.801,>16.801,99.990,0.182,0.138,g
2459827.80667,2022-09-05.3061285,bE,1.53,16.999,>16.999,99.990,0.147,0.115,g
2459827.80667,2022-09-05.3061288,bF,1.59,99.990,99.990,99.990,99.990,99.990,g
2459827.89588,2022-09-05.3953347,bF,1.52,99.990,99.990,99.990,99.990,99.990,g
2459827.89588,2022-09-05.3953353,bE,1.42,16.988,>16.988,99.990,0.087,0.116,g
2459827.89717,2022-09-05.3966281,bF,1.69,99.990,99.990,99.990,99.990,99.990,g
2459827.89717,2022-09-05.3966281,bE,1.51,16.897,>16.897,99.990,0.154,0.127,g
2459827.89844,2022-09-05.3979038,bF,1.49,99.990,99.990,99.990,99.990,99.990,g
2459827.89844,2022-09-05.3979045,bE,1.53,16.951,>16.951,99.990,0.304,0.120,g
2459828.80052,2022-09-06.2999876,bE,1.48,16.386,>16.386,99.990,0.147,0.203,g
2459828.80052,2022-09-06.2999881,bF,1.48,99.990,99.990,99.990,99.990,99.990,g
2459828.80182,2022-09-06.3012863,bF,1.46,99.990,99.990,99.990,99.990,99.990,g
2459828.80182,2022-09-06.3012855,bE,1.52,16.396,>16.396,99.990,-0.044,0.201,g
2459828.80310,2022-09-06.3025699,bE,1.56,16.415,>16.415,99.990,0.210,0.197,g
2459828.80310,2022-09-06.3025695,bF,1.47,99.990,99.990,99.990,99.990,99.990,g
2459829.63828,2022-09-07.1377550,bm,1.5,16.522,>16.522,99.990,0.302,0.179,g
2459829.63953,2022-09-07.1390089,bm,1.49,16.364,>16.364,99.990,0.074,0.207,g
2459829.64079,2022-09-07.1402548,bm,1.49,16.479,>16.479,99.990,0.208,0.186,g
2459829.81919,2022-09-07.3186646,bi,1.56,16.306,>16.306,99.990,0.353,0.218,g
2459829.82045,2022-09-07.3199254,bi,1.49,16.231,>16.231,99.990,-0.565,0.234,g
2459829.82171,2022-09-07.3211824,bi,1.45,16.282,>16.282,99.990,-0.014,0.223,g
2459829.90128,2022-09-07.4007574,bE,1.6,16.947,>16.947,99.990,-0.044,0.121,g
2459829.90128,2022-09-07.4007581,bF,1.55,99.990,99.990,99.990,99.990,99.990,g
2459829.90259,2022-09-07.4020674,bE,1.5,16.936,>16.936,99.990,0.240,0.122,g
2459829.90259,2022-09-07.4020672,bF,1.57,99.990,99.990,99.990,99.990,99.990,g
2459829.90389,2022-09-07.4033699,bF,1.57,99.990,99.990,99.990,99.990,99.990,g
2459829.90389,2022-09-07.4033702,bE,1.46,16.929,>16.929,99.990,-0.218,0.123,g
2459830.52735,2022-09-08.0268296,bm,2.07,15.570,>15.570,99.990,0.224,0.430,g
2459830.52860,2022-09-08.0280821,bm,2.05,15.542,>15.542,99.990,1.058,0.441,g
2459830.79717,2022-09-08.2966468,bF,1.59,99.990,99.990,99.990,99.990,99.990,g
2459830.79717,2022-09-08.2966464,bE,1.51,16.343,>16.343,99.990,0.046,0.211,g
2459830.79847,2022-09-08.2979486,bE,1.58,16.048,>16.048,99.990,-0.066,0.277,g
2459830.79847,2022-09-08.2979488,bF,1.6,99.990,99.990,99.990,99.990,99.990,g
2459830.79975,2022-09-08.2992303,bF,1.58,99.990,99.990,99.990,99.990,99.990,g
2459830.79975,2022-09-08.2992307,bE,1.5,15.936,>15.936,99.990,0.350,0.307,g
2459831.78967,2022-09-09.2891643,bF,1.57,99.990,99.990,99.990,99.990,99.990,g
2459831.78968,2022-09-09.2891638,bE,1.55,15.848,>15.848,99.990,0.506,0.333,g
2459831.79097,2022-09-09.2904570,bF,1.5,99.990,99.990,99.990,99.990,99.990,g
2459831.79097,2022-09-09.2904571,bE,1.48,15.917,>15.917,99.990,0.370,0.312,g
2459831.79225,2022-09-09.2917488,bF,1.5,99.990,99.990,99.990,99.990,99.990,g
2459831.79227,2022-09-09.2917495,bE,1.58,15.995,>15.995,99.990,-0.549,0.291,g
2459833.53349,2022-09-11.0329965,bm,1.51,13.975,>13.975,99.990,-3.198,1.867,g
2459833.81407,2022-09-11.3135687,bE,2.2,15.837,>15.837,99.990,0.919,0.336,g
2459833.81536,2022-09-11.3148650,bE,2.16,15.614,>15.614,99.990,0.675,0.412,g
2459833.81667,2022-09-11.3161756,bE,2.21,15.721,>15.721,99.990,-1.054,0.374,g
2459834.79374,2022-09-12.2932547,bE,1.62,16.116,>16.116,99.990,0.708,0.260,g
2459834.79375,2022-09-12.2932553,bF,1.54,99.990,99.990,99.990,99.990,99.990,g
2459834.79503,2022-09-12.2945418,bE,1.6,15.965,>15.965,99.990,-0.365,0.299,g
2459834.79503,2022-09-12.2945422,bF,1.52,99.990,99.990,99.990,99.990,99.990,g
2459834.79633,2022-09-12.2958453,bF,1.58,99.990,99.990,99.990,99.990,99.990,g
2459834.79634,2022-09-12.2958450,bE,1.62,16.227,>16.227,99.990,0.307,0.235,g
2459835.51284,2022-09-13.0123663,bm,1.53,15.416,>15.416,99.990,0.574,0.495,g
2459835.51410,2022-09-13.0136163,bm,1.57,15.436,>15.436,99.990,0.277,0.486,g
2459835.51534,2022-09-13.0148583,bm,1.45,15.529,>15.529,99.990,0.228,0.446,g
2459835.61632,2022-09-13.1158320,bm,1.55,15.749,>15.749,99.990,-0.116,0.364,g
2459835.61756,2022-09-13.1170703,bm,1.56,15.805,>15.805,99.990,-0.591,0.346,g
2459835.61880,2022-09-13.1183099,bm,1.55,15.680,>15.680,99.990,0.171,0.388,g
2459835.76835,2022-09-13.2678650,bi,1.42,15.714,>15.714,99.990,0.022,0.376,g
2459835.76960,2022-09-13.2691181,bi,1.39,15.743,>15.743,99.990,0.266,0.366,g
2459835.77086,2022-09-13.2703737,bi,1.42,15.159,>15.159,99.990,-0.905,0.628,g
2459835.90971,2022-09-13.4092228,bE,1.59,14.170,>14.170,99.990,-1.453,1.560,g
2459835.91100,2022-09-13.4105215,bF,1.62,99.990,99.990,99.990,99.990,99.990,g
2459835.91100,2022-09-13.4105218,bE,1.64,14.653,>14.653,99.990,-1.567,0.999,g
2459836.52260,2022-09-14.0221247,bm,1.71,15.718,>15.718,99.990,0.483,0.375,g
2459836.52385,2022-09-14.0233709,bm,1.7,15.703,>15.703,99.990,0.163,0.380,g
2459836.52509,2022-09-14.0246186,bm,1.66,15.806,>15.806,99.990,0.633,0.346,g
2459836.76789,2022-09-14.2674190,bF,1.56,99.990,99.990,99.990,99.990,99.990,g
2459836.76789,2022-09-14.2674194,bE,1.53,16.256,>16.256,99.990,0.317,0.228,g
2459836.76917,2022-09-14.2687030,bF,1.56,99.990,99.990,99.990,99.990,99.990,g
2459836.76918,2022-09-14.2687027,bE,1.53,16.264,>16.264,99.990,0.272,0.227,g
2459836.77047,2022-09-14.2700040,bF,1.58,99.990,99.990,99.990,99.990,99.990,g
2459836.77048,2022-09-14.2700034,bE,1.54,16.293,>16.293,99.990,-0.221,0.221,g
2459836.84554,2022-09-14.3450745,bi,1.45,16.390,>16.390,99.990,-0.322,0.202,g
2459836.84680,2022-09-14.3463221,bi,1.49,16.240,>16.240,99.990,0.126,0.232,g
2459836.84804,2022-09-14.3475652,bi,1.46,16.242,>16.242,99.990,0.214,0.231,g
2459836.89608,2022-09-14.3956208,bF,1.51,99.990,99.990,99.990,99.990,99.990,g
2459836.89610,2022-09-14.3956210,bE,1.56,16.436,>16.436,99.990,0.166,0.193,g
2459836.89739,2022-09-14.3969206,bE,1.49,16.400,>16.400,99.990,0.244,0.200,g
2459836.89739,2022-09-14.3969204,bF,1.48,99.990,99.990,99.990,99.990,99.990,g
2459836.89867,2022-09-14.3981947,bE,1.54,16.319,>16.319,99.990,0.121,0.215,g
2459836.89867,2022-09-14.3981945,bF,1.48,99.990,99.990,99.990,99.990,99.990,g
2459837.52831,2022-09-15.0278427,bm,2.15,15.860,>15.860,99.990,1.229,0.329,g
2459837.52956,2022-09-15.0290950,bm,2.13,15.974,>15.974,99.990,-0.136,0.296,g
2459837.53080,2022-09-15.0303347,bm,2.13,15.835,>15.835,99.990,0.873,0.337,g
2459837.76591,2022-09-15.2654501,bF,1.5,99.990,99.990,99.990,99.990,99.990,g
2459837.76592,2022-09-15.2654504,bE,1.52,16.550,>16.550,99.990,0.265,0.174,g
2459837.76719,2022-09-15.2667363,bF,1.48,99.990,99.990,99.990,99.990,99.990,g
2459837.76720,2022-09-15.2667363,bE,1.44,16.460,>16.460,99.990,-0.169,0.189,g
2459837.76850,2022-09-15.2680384,bF,1.48,99.990,99.990,99.990,99.990,99.990,g
2459837.76851,2022-09-15.2680387,bE,1.47,16.446,>16.446,99.990,0.234,0.192,g
2459837.85757,2022-09-15.3571118,bi,1.46,16.473,>16.473,99.990,-0.206,0.187,g
2459837.85882,2022-09-15.3583641,bi,1.54,16.525,>16.525,99.990,0.286,0.178,g
2459838.49699,2022-09-15.9965339,bm,2.3,15.769,>15.769,99.990,0.312,0.357,g
2459838.49823,2022-09-15.9977709,bm,2.29,15.941,>15.941,99.990,-0.719,0.305,g
2459838.49948,2022-09-15.9990175,bm,2.33,15.865,>15.865,99.990,-0.293,0.327,g
2459838.64970,2022-09-16.1492446,bm,2.05,16.051,>16.051,99.990,-0.165,0.276,g
2459838.65094,2022-09-16.1504853,bm,2.04,15.910,>15.910,99.990,0.566,0.314,g
2459838.65218,2022-09-16.151725,bm,2.05,15.701,>15.701,99.990,-1.147,0.381,g
2459838.80745,2022-09-16.3069883,bi,1.53,16.247,>16.247,99.990,-0.317,0.230,g
2459838.80869,2022-09-16.3082289,bi,1.52,16.229,>16.229,99.990,-0.078,0.234,g
2459838.80992,2022-09-16.3094674,bi,1.53,15.712,>15.712,99.990,0.472,0.377,g
2459838.89630,2022-09-16.3958518,bF,1.56,99.990,99.990,99.990,99.990,99.990,g
2459838.89759,2022-09-16.3971369,bE,1.46,14.390,>14.390,99.990,-0.443,1.274,g
2459838.89888,2022-09-16.3984216,bF,1.57,99.990,99.990,99.990,99.990,99.990,g
2459838.89888,2022-09-16.3984215,bE,1.43,14.996,>14.996,99.990,-1.908,0.729,g
2459839.50416,2022-09-17.0037156,bm,1.68,15.316,>15.316,99.990,-0.977,0.543,g
2459839.50539,2022-09-17.0049429,bm,1.65,15.410,>15.410,99.990,0.385,0.498,g
2459839.50664,2022-09-17.0061870,bm,1.65,13.683,>13.683,99.990,-2.360,2.443,g
2459839.85998,2022-09-17.3595282,bF,1.56,99.990,99.990,99.990,99.990,99.990,g
2459839.85998,2022-09-17.3595281,bE,1.48,15.897,>15.897,99.990,-0.098,0.318,g
2459839.86127,2022-09-17.3608189,bE,1.49,15.491,>15.491,99.990,0.322,0.462,g
2459839.86127,2022-09-17.3608181,bF,1.5,99.990,99.990,99.990,99.990,99.990,g
2459839.86256,2022-09-17.3621163,bE,1.47,15.150,>15.150,99.990,0.148,0.632,g
2459839.86257,2022-09-17.3621168,bF,1.54,99.990,99.990,99.990,99.990,99.990,g
2459840.76318,2022-09-18.2627399,bF,1.54,99.990,99.990,99.990,99.990,99.990,g
2459840.76318,2022-09-18.2627392,bE,1.54,16.894,>16.894,99.990,0.326,0.127,g
2459840.76449,2022-09-18.2640552,bF,1.54,99.990,99.990,99.990,99.990,99.990,g
2459840.76450,2022-09-18.2640552,bE,1.5,16.635,>16.635,99.990,0.240,0.161,g
2459840.76579,2022-09-18.2653457,bF,1.59,99.990,99.990,99.990,99.990,99.990,g
2459840.76579,2022-09-18.2653460,bE,1.43,16.843,>16.843,99.990,0.131,0.133,g
2459841.76749,2022-09-19.2670600,bE,1.51,16.957,>16.957,99.990,0.081,0.120,g
2459841.76749,2022-09-19.2670604,bF,1.47,99.990,99.990,99.990,99.990,99.990,g
2459841.76879,2022-09-19.2683636,bF,1.5,99.990,99.990,99.990,99.990,99.990,g
2459841.76880,2022-09-19.2683638,bE,1.53,16.906,>16.906,99.990,0.074,0.126,g
2459841.77006,2022-09-19.2696354,bE,1.49,16.780,>16.780,99.990,0.188,0.141,g
2459841.77007,2022-09-19.2696355,bF,1.52,99.990,99.990,99.990,99.990,99.990,g
2459842.81656,2022-09-20.3161476,bF,1.56,99.990,99.990,99.990,99.990,99.990,g
2459842.81657,2022-09-20.3161480,bE,1.51,16.763,>16.763,99.990,-0.122,0.143,g
2459842.81787,2022-09-20.3174572,bF,1.51,99.990,99.990,99.990,99.990,99.990,g
2459842.81788,2022-09-20.3174576,bE,1.45,16.835,>16.835,99.990,0.369,0.134,g
2459842.81917,2022-09-20.3187560,bF,1.52,99.990,99.990,99.990,99.990,99.990,g
2459842.81918,2022-09-20.3187556,bE,1.49,16.867,>16.867,99.990,0.029,0.130,g
2459843.74481,2022-09-21.2444013,bE,1.46,16.864,>16.864,99.990,0.133,0.130,g
2459843.74481,2022-09-21.2444016,bF,1.5,99.990,99.990,99.990,99.990,99.990,g
2459843.74611,2022-09-21.2457033,bF,1.46,99.990,99.990,99.990,99.990,99.990,g
2459843.74611,2022-09-21.2457031,bE,1.46,16.813,>16.813,99.990,0.135,0.137,g
2459844.75266,2022-09-22.2522667,bE,1.51,16.919,>16.919,99.990,-0.117,0.124,g
2459844.75266,2022-09-22.2522677,bF,1.58,99.990,99.990,99.990,99.990,99.990,g
2459844.75395,2022-09-22.2535535,bE,1.51,16.745,>16.745,99.990,0.192,0.146,g
2459844.75395,2022-09-22.2535549,bF,1.53,99.990,99.990,99.990,99.990,99.990,g
2459844.75526,2022-09-22.2548636,bE,1.52,16.861,>16.861,99.990,0.302,0.131,g
2459844.75526,2022-09-22.2548634,bF,1.52,99.990,99.990,99.990,99.990,99.990,g
2459845.79231,2022-09-23.2919096,bi,1.49,16.955,>16.955,99.990,0.326,0.120,g
2459845.79355,2022-09-23.2931560,bi,1.45,16.858,>16.858,99.990,0.099,0.131,g
2459845.79479,2022-09-23.2943976,bi,1.46,16.802,>16.802,99.990,0.373,0.138,g
2459846.47520,2022-09-23.9748162,bm,1.49,16.438,>16.438,99.990,0.008,0.193,g
2459846.47644,2022-09-23.9760612,bm,1.47,16.575,>16.575,99.990,0.156,0.170,g
2459846.47769,2022-09-23.9773137,bm,1.43,16.454,>16.454,99.990,0.217,0.190,g
2459846.55901,2022-09-24.0586274,bm,1.5,16.083,>16.083,99.990,-0.324,0.268,g
2459846.56025,2022-09-24.0598725,bm,1.5,16.042,>16.042,99.990,-0.112,0.278,g
2459846.56150,2022-09-24.0611237,bm,1.51,16.300,>16.300,99.990,0.102,0.219,g
2459846.74210,2022-09-24.2417092,bF,1.45,99.990,99.990,99.990,99.990,99.990,g
2459846.74210,2022-09-24.2417100,bE,1.5,16.790,>16.790,99.990,-0.126,0.140,g
2459846.74340,2022-09-24.2430142,bF,1.47,99.990,99.990,99.990,99.990,99.990,g
2459846.74340,2022-09-24.2430131,bE,1.43,16.977,>16.977,99.990,-0.120,0.118,g
2459846.74469,2022-09-24.2443037,bF,1.51,99.990,99.990,99.990,99.990,99.990,g
2459846.74469,2022-09-24.2443034,bE,1.5,16.818,>16.818,99.990,0.079,0.136,g
2459847.79173,2022-09-25.2913627,bF,1.56,99.990,99.990,99.990,99.990,99.990,g
2459847.79174,2022-09-25.2913622,bE,1.51,16.903,>16.903,99.990,-0.095,0.126,g
2459847.79304,2022-09-25.2926659,bF,1.55,99.990,99.990,99.990,99.990,99.990,g
2459847.79304,2022-09-25.2926664,bE,1.5,16.836,>16.836,99.990,0.224,0.134,g
2459847.79434,2022-09-25.2939641,bF,1.52,99.990,99.990,99.990,99.990,99.990,g
2459847.79434,2022-09-25.2939641,bE,1.53,16.925,>16.925,99.990,0.117,0.123,g
2459848.74830,2022-09-26.2479385,bF,1.5,99.990,99.990,99.990,99.990,99.990,g
2459848.74830,2022-09-26.2479384,bE,1.51,16.853,>16.853,99.990,-0.066,0.132,g
2459849.47496,2022-09-26.9746027,bm,1.51,16.476,>16.476,99.990,-0.241,0.187,g
2459849.47620,2022-09-26.9758456,bm,1.54,16.583,>16.583,99.990,0.228,0.169,g
2459849.47744,2022-09-26.9770873,bm,1.54,16.538,>16.538,99.990,-0.200,0.176,g
2459849.76652,2022-09-27.2661657,bF,1.72,99.990,99.990,99.990,99.990,99.990,g
2459849.76652,2022-09-27.2661651,bE,1.45,16.082,>16.082,99.990,0.437,0.268,g
2459849.76781,2022-09-27.2674579,bF,1.66,99.990,99.990,99.990,99.990,99.990,g
2459849.76781,2022-09-27.2674579,bE,1.47,13.995,>13.995,99.990,3.014,1.832,g
2459849.76910,2022-09-27.2687576,bF,1.72,99.990,99.990,99.990,99.990,99.990,g
2459850.53554,2022-09-28.0351972,bm,1.65,16.547,>16.547,99.990,0.460,0.175,g
2459850.53679,2022-09-28.0364510,bm,1.68,16.617,>16.617,99.990,0.447,0.164,g
2459850.53803,2022-09-28.0376917,bm,1.68,16.673,>16.673,99.990,0.497,0.156,g
2459851.73075,2022-09-29.2304194,bF,1.55,99.990,99.990,99.990,99.990,99.990,g
2459851.73075,2022-09-29.2304194,bE,1.49,16.876,>16.876,99.990,0.131,0.129,g
2459851.73206,2022-09-29.2317254,bF,1.47,99.990,99.990,99.990,99.990,99.990,g
2459851.73206,2022-09-29.2317248,bE,1.6,16.725,>16.725,99.990,0.011,0.148,g
2459851.73336,2022-09-29.2330200,bE,1.47,16.780,>16.780,99.990,0.082,0.141,g
2459851.73336,2022-09-29.2330199,bF,1.52,99.990,99.990,99.990,99.990,99.990,g
2459851.88987,2022-09-29.3895386,bi,1.56,16.807,>16.807,99.990,0.236,0.138,g
2459851.89112,2022-09-29.3907863,bi,1.59,16.664,>16.664,99.990,0.283,0.157,g
2459851.89235,2022-09-29.3920232,bi,1.47,16.694,>16.694,99.990,0.378,0.153,g
2459852.46488,2022-09-29.9645505,bm,2.18,99.990,99.990,99.990,99.990,99.990,g
2459852.46612,2022-09-29.9657894,bm,2.16,15.536,>15.536,99.990,0.485,0.443,g
2459852.46735,2022-09-29.9670277,bm,2.16,14.841,>14.841,99.990,-0.020,0.841,g
2459853.55091,2022-10-01.0505971,bm,1.53,15.826,>15.826,99.990,0.630,0.339,g
2459853.55215,2022-10-01.0518365,bm,1.53,15.731,>15.731,99.990,-0.073,0.371,g
2459853.55340,2022-10-01.0530923,bm,1.55,15.551,>15.551,99.990,-0.008,0.437,g
2459853.73083,2022-10-01.2305170,bE,1.55,16.845,>16.845,99.990,0.182,0.133,g
2459853.73083,2022-10-01.2305171,bF,1.51,99.990,99.990,99.990,99.990,99.990,g
2459853.73214,2022-10-01.2318180,bF,1.53,99.990,99.990,99.990,99.990,99.990,g
2459853.73214,2022-10-01.2318179,bE,1.52,16.799,>16.799,99.990,-0.237,0.139,g
2459853.73344,2022-10-01.2331226,bF,1.52,99.990,99.990,99.990,99.990,99.990,g
2459853.73344,2022-10-01.2331225,bE,1.47,16.766,>16.766,99.990,0.056,0.143,g
2459853.88702,2022-10-01.3867067,bi,1.41,16.613,>16.613,99.990,0.166,0.164,g
2459853.88826,2022-10-01.3879461,bi,1.44,16.693,>16.693,99.990,-0.170,0.153,g
2459853.88951,2022-10-01.3892002,bi,1.5,16.811,>16.811,99.990,0.241,0.137,g
2459854.72618,2022-10-02.2258843,bF,1.49,99.990,99.990,99.990,99.990,99.990,g
2459854.72619,2022-10-02.2258851,bE,1.53,16.770,>16.770,99.990,0.134,0.142,g
2459854.72748,2022-10-02.2271783,bE,1.5,16.729,>16.729,99.990,0.276,0.148,g
2459854.72748,2022-10-02.2271787,bF,1.53,99.990,99.990,99.990,99.990,99.990,g
2459854.72876,2022-10-02.2284622,bF,1.49,99.990,99.990,99.990,99.990,99.990,g
2459854.72876,2022-10-02.2284619,bE,1.51,16.865,>16.865,99.990,0.212,0.130,g
2459854.87342,2022-10-02.3731214,bE,1.49,16.849,>16.849,99.990,-0.128,0.132,g
2459854.87342,2022-10-02.3731210,bF,1.51,99.990,99.990,99.990,99.990,99.990,g
2459854.87471,2022-10-02.3744108,bE,1.54,16.833,>16.833,99.990,-0.082,0.134,g
2459854.87601,2022-10-02.3757068,bE,1.5,16.773,>16.773,99.990,0.016,0.142,g
2459855.45574,2022-10-02.9554547,bm,1.98,16.238,>16.238,99.990,0.059,0.232,g
2459855.45738,2022-10-02.9570849,bm,1.98,16.281,>16.281,99.990,-0.269,0.223,g
2459855.45889,2022-10-02.9585936,bm,2.0,16.232,>16.232,99.990,0.042,0.233,g
2459855.57917,2022-10-03.0788888,bm,1.55,16.481,>16.481,99.990,0.261,0.186,g
2459855.58046,2022-10-03.0801751,bm,1.56,16.528,>16.528,99.990,-0.266,0.178,g
2459855.72366,2022-10-03.2233668,bE,1.48,16.706,>16.706,99.990,-0.029,0.151,g
2459855.72366,2022-10-03.2233664,bF,1.46,99.990,99.990,99.990,99.990,99.990,g
2459855.72494,2022-10-03.2246504,bF,1.43,99.990,99.990,99.990,99.990,99.990,g
2459855.72495,2022-10-03.2246502,bE,1.53,16.880,>16.880,99.990,0.046,0.129,g
2459855.72622,2022-10-03.2259383,bF,1.44,99.990,99.990,99.990,99.990,99.990,g
2459855.72623,2022-10-03.2259386,bE,1.49,16.787,>16.787,99.990,0.043,0.140,g
2459856.63959,2022-10-04.1393040,bm,1.51,15.489,>15.489,99.990,-0.957,0.463,g
2459856.88958,2022-10-04.3893025,bE,1.49,16.604,>16.604,99.990,-0.257,0.166,g
2459856.89087,2022-10-04.3905887,bE,1.59,16.497,>16.497,99.990,-0.019,0.183,g
2459856.89218,2022-10-04.3919018,bE,1.53,16.403,>16.403,99.990,-0.269,0.199,g
2459857.44923,2022-10-04.9489597,bm,1.57,15.952,>15.952,99.990,-0.111,0.302,g
2459857.45048,2022-10-04.9502030,bm,1.53,15.958,>15.958,99.990,-0.141,0.301,g
2459857.45172,2022-10-04.9514446,bm,1.51,15.922,>15.922,99.990,0.219,0.311,g
2459857.58453,2022-10-05.0842600,bm,1.48,16.452,>16.452,99.990,0.126,0.191,g
2459857.58577,2022-10-05.0855023,bm,1.55,16.680,>16.680,99.990,0.047,0.155,g
2459857.58700,2022-10-05.0867313,bm,1.48,16.404,>16.404,99.990,0.419,0.199,g
2459858.46675,2022-10-05.9664888,bm,1.58,15.800,>15.800,99.990,-0.438,0.348,g
2459858.46815,2022-10-05.9678925,bm,1.58,15.883,>15.883,99.990,-0.533,0.322,g
2459858.46947,2022-10-05.9692144,bm,1.47,15.847,>15.847,99.990,0.443,0.333,g
2459858.72068,2022-10-06.2204196,bi,1.47,16.232,>16.232,99.990,-0.123,0.233,g
2459858.72194,2022-10-06.2216773,bi,1.43,16.050,>16.050,99.990,0.318,0.276,g
2459858.72319,2022-10-06.2229259,bi,1.43,16.100,>16.100,99.990,0.524,0.264,g
2459859.45490,2022-10-06.9546465,bm,1.7,99.990,99.990,99.990,99.990,99.990,g
2459859.45614,2022-10-06.9558871,bm,1.58,99.990,99.990,99.990,99.990,99.990,g
2459859.45739,2022-10-06.9571331,bm,1.58,99.990,99.990,99.990,99.990,99.990,g
2459859.68973,2022-10-07.1894785,bi,1.42,15.925,>15.925,99.990,0.027,0.310,g
2459859.69098,2022-10-07.1907295,bi,1.45,16.057,>16.057,99.990,-0.037,0.274,g
2459859.69222,2022-10-07.1919693,bi,1.5,15.949,>15.949,99.990,0.469,0.303,g
2459860.47120,2022-10-07.9709552,bm,1.63,15.574,>15.574,99.990,-0.058,0.428,g
2459860.47244,2022-10-07.9722005,bm,1.71,15.853,>15.853,99.990,-0.215,0.331,g
2459860.47368,2022-10-07.9734439,bm,1.64,15.583,>15.583,99.990,0.396,0.424,g
2459860.60041,2022-10-08.1001620,bm,1.63,15.921,>15.921,99.990,0.707,0.311,g
2459860.60166,2022-10-08.1014180,bm,1.67,15.904,>15.904,99.990,0.012,0.316,g
2459860.60290,2022-10-08.1026650,bm,1.73,15.852,>15.852,99.990,-0.581,0.331,g
2459860.70180,2022-10-08.2015690,bi,1.47,15.870,>15.870,99.990,-0.421,0.326,g
2459860.70303,2022-10-08.2028039,bi,1.49,15.928,>15.928,99.990,-0.074,0.309,g
2459860.70429,2022-10-08.2040472,bi,1.46,15.899,>15.899,99.990,0.262,0.317,g
2459861.74938,2022-10-09.2491635,bE,1.53,15.926,>15.926,99.990,0.515,0.309,g
2459861.74939,2022-10-09.2491637,bF,1.6,99.990,99.990,99.990,99.990,99.990,g
2459861.75068,2022-10-09.2504526,bF,1.5,99.990,99.990,99.990,99.990,99.990,g
2459861.75068,2022-10-09.2504525,bE,1.45,15.808,>15.808,99.990,-0.264,0.345,g
2459861.75197,2022-10-09.2517409,bE,1.47,15.779,>15.779,99.990,0.520,0.354,g
2459861.75197,2022-10-09.2517412,bF,1.62,99.990,99.990,99.990,99.990,99.990,g
2459862.75177,2022-10-10.2515604,bi,1.45,15.646,>15.646,99.990,-0.314,0.401,g
2459862.75302,2022-10-10.2528009,bi,1.41,15.579,>15.579,99.990,-0.573,0.426,g
2459862.75425,2022-10-10.2540333,bi,1.48,15.621,>15.621,99.990,-0.800,0.410,g
2459864.67237,2022-10-12.1721797,bi,1.48,14.593,>14.593,99.990,-0.217,1.057,g
2459864.67361,2022-10-12.1734201,bi,1.46,14.189,>14.189,99.990,2.811,1.533,g
2459864.67487,2022-10-12.1746783,bi,1.5,14.779,>14.779,99.990,2.182,0.891,g
2459864.88062,2022-10-12.3804395,bi,1.46,15.942,>15.942,99.990,-0.730,0.305,g
2459864.88185,2022-10-12.3816686,bi,1.48,16.014,>16.014,99.990,-0.243,0.285,g
2459864.88309,2022-10-12.3829104,bi,1.56,16.167,>16.167,99.990,-0.396,0.248,g
2459866.43461,2022-10-13.9344339,bm,2.05,15.756,>15.756,99.990,-0.223,0.362,g
2459866.43586,2022-10-13.9356877,bm,2.05,15.671,>15.671,99.990,0.542,0.392,g
2459866.43709,2022-10-13.9369134,bm,2.08,15.753,>15.753,99.990,-0.210,0.363,g
2459866.67719,2022-10-14.1770252,bE,1.5,16.337,>16.337,99.990,0.210,0.212,g
2459866.67720,2022-10-14.1770248,bF,1.5,99.990,99.990,99.990,99.990,99.990,g
2459866.67849,2022-10-14.1783239,bF,1.53,99.990,99.990,99.990,99.990,99.990,g
2459866.67850,2022-10-14.1783232,bE,1.48,16.463,>16.463,99.990,0.232,0.189,g
2459866.67979,2022-10-14.1796208,bE,1.46,16.439,>16.439,99.990,0.566,0.193,g
2459866.67979,2022-10-14.1796203,bF,1.53,99.990,99.990,99.990,99.990,99.990,g
2459867.80066,2022-10-15.3004956,bE,1.55,16.635,>16.635,99.990,-0.154,0.161,g
2459867.80066,2022-10-15.3004953,bF,1.53,99.990,99.990,99.990,99.990,99.990,g
2459867.80194,2022-10-15.3017836,bE,1.51,16.552,>16.552,99.990,0.238,0.174,g
2459867.80195,2022-10-15.3017835,bF,1.49,99.990,99.990,99.990,99.990,99.990,g
2459867.80323,2022-10-15.3030701,bF,1.52,99.990,99.990,99.990,99.990,99.990,g
2459867.80323,2022-10-15.3030704,bE,1.55,16.529,>16.529,99.990,0.135,0.178,g
2459868.66491,2022-10-16.1647626,bF,1.45,99.990,99.990,99.990,99.990,99.990,g
2459868.66492,2022-10-16.1647630,bE,1.51,16.735,>16.735,99.990,0.286,0.147,g
2459868.66620,2022-10-16.1660539,bE,1.51,16.816,>16.816,99.990,-0.128,0.136,g
2459868.66621,2022-10-16.1660542,bF,1.42,99.990,99.990,99.990,99.990,99.990,g
2459868.66750,2022-10-16.1673527,bE,1.43,16.953,>16.953,99.990,0.135,0.120,g
2459868.66750,2022-10-16.1673527,bF,1.45,99.990,99.990,99.990,99.990,99.990,g
2459868.86763,2022-10-16.3674805,bE,1.56,16.681,>16.681,99.990,-0.375,0.154,g
2459868.86892,2022-10-16.3687711,bE,1.62,16.595,>16.595,99.990,0.238,0.167,g
2459868.87020,2022-10-16.3700543,bE,1.58,16.726,>16.726,99.990,0.291,0.148,g
2459869.69872,2022-10-17.1985940,bi,1.42,16.824,>16.824,99.990,0.333,0.135,g
2459869.69999,2022-10-17.1998498,bi,1.44,16.809,>16.809,99.990,0.148,0.137,g
2459869.70123,2022-10-17.2010961,bi,1.38,16.948,>16.948,99.990,0.434,0.121,g
2459869.88001,2022-10-17.3798710,bE,1.57,16.327,>16.327,99.990,0.039,0.214,g
2459869.88131,2022-10-17.3811673,bE,1.49,16.312,>16.312,99.990,0.188,0.217,g
2459869.88260,2022-10-17.3824613,bE,1.59,16.017,>16.017,99.990,0.007,0.285,g
2459870.47724,2022-10-17.9771164,bm,2.08,16.580,>16.580,99.990,-0.077,0.169,g
2459870.47850,2022-10-17.9783711,bm,2.07,16.538,>16.538,99.990,0.210,0.176,g
2459870.47975,2022-10-17.9796246,bm,2.05,16.596,>16.596,99.990,-0.221,0.167,g
2459870.67597,2022-10-18.1758399,bi,1.49,16.812,>16.812,99.990,0.411,0.137,g
2459870.67723,2022-10-18.1770996,bi,1.44,16.824,>16.824,99.990,0.148,0.135,g
2459870.67849,2022-10-18.1783577,bi,1.47,16.848,>16.848,99.990,0.045,0.132,g
2459871.41805,2022-10-18.9179314,bm,2.31,16.356,>16.356,99.990,-0.223,0.208,g
2459871.41929,2022-10-18.9191739,bm,2.33,16.206,>16.206,99.990,-0.015,0.239,g
2459871.42054,2022-10-18.9204146,bm,2.26,16.216,>16.216,99.990,0.286,0.237,g
2459871.71945,2022-10-19.2193381,bE,1.52,16.897,>16.897,99.990,0.144,0.127,g
2459871.71945,2022-10-19.2193378,bF,1.51,99.990,99.990,99.990,99.990,99.990,g
2459871.72076,2022-10-19.2206491,bF,1.49,99.990,99.990,99.990,99.990,99.990,g
2459871.72076,2022-10-19.2206488,bE,1.49,16.743,>16.743,99.990,0.547,0.146,g
2459871.72206,2022-10-19.2219465,bF,1.47,99.990,99.990,99.990,99.990,99.990,g
2459871.72206,2022-10-19.2219468,bE,1.5,16.976,>16.976,99.990,-0.115,0.118,g
2459872.68280,2022-10-20.1826952,bE,1.6,16.923,>16.923,99.990,0.344,0.124,g
2459872.68280,2022-10-20.1826951,bF,1.55,99.990,99.990,99.990,99.990,99.990,g
2459872.68408,2022-10-20.1839807,bE,1.57,16.981,>16.981,99.990,0.551,0.117,g
2459872.68537,2022-10-20.1852657,bF,1.51,99.990,99.990,99.990,99.990,99.990,g
2459872.68537,2022-10-20.1852653,bE,1.47,16.857,>16.857,99.990,0.159,0.131,g
2459872.87391,2022-10-20.3738122,bE,1.51,16.634,>16.634,99.990,-0.204,0.161,g
2459872.87522,2022-10-20.3751152,bE,1.5,16.418,>16.418,99.990,0.216,0.197,g
2459872.87649,2022-10-20.3763865,bE,1.46,16.320,>16.320,99.990,-0.044,0.215,g
2459873.62197,2022-10-21.1218858,bm,2.21,15.417,>15.417,99.990,-1.079,0.495,g
2459873.62323,2022-10-21.1231383,bm,2.24,15.274,>15.274,99.990,-0.910,0.564,g
2459874.71532,2022-10-22.2152381,bF,1.58,99.990,99.990,99.990,99.990,99.990,g
2459874.71532,2022-10-22.2152378,bE,1.5,16.809,>16.809,99.990,-0.402,0.137,g
2459874.71661,2022-10-22.2165342,bE,1.53,16.887,>16.887,99.990,0.043,0.128,g
2459874.71662,2022-10-22.2165347,bF,1.61,99.990,99.990,99.990,99.990,99.990,g
2459874.71791,2022-10-22.2178327,bE,1.49,16.959,>16.959,99.990,0.117,0.120,g
2459874.71791,2022-10-22.2178318,bF,1.61,99.990,99.990,99.990,99.990,99.990,g
2459876.54618,2022-10-24.0461144,bm,1.64,16.380,>16.380,99.990,0.347,0.204,g
2459876.54742,2022-10-24.0473564,bm,1.66,16.287,>16.287,99.990,0.025,0.222,g
2459876.54865,2022-10-24.0485870,bm,1.63,16.429,>16.429,99.990,0.364,0.195,g
2459876.70547,2022-10-24.2054094,bF,1.49,99.990,99.990,99.990,99.990,99.990,g
2459876.70547,2022-10-24.2054100,bE,1.48,16.943,>16.943,99.990,0.063,0.121,g
2459876.70677,2022-10-24.2067085,bE,1.47,16.903,>16.903,99.990,0.056,0.126,g
2459876.70677,2022-10-24.2067087,bF,1.45,99.990,99.990,99.990,99.990,99.990,g
2459876.70805,2022-10-24.2079932,bF,1.52,99.990,99.990,99.990,99.990,99.990,g
2459876.70805,2022-10-24.2079936,bE,1.47,16.882,>16.882,99.990,0.031,0.128,g
2459876.86806,2022-10-24.3680043,bE,1.51,16.792,>16.792,99.990,-0.176,0.139,g
2459876.86935,2022-10-24.3692945,bE,1.5,16.705,>16.705,99.990,0.079,0.151,g
2459876.87064,2022-10-24.3705819,bE,1.46,16.673,>16.673,99.990,0.203,0.155,g
2459877.39822,2022-10-24.8981728,bm,1.58,16.453,>16.453,99.990,0.383,0.190,g
2459877.39946,2022-10-24.8994162,bm,1.44,16.409,>16.409,99.990,0.198,0.198,g
2459877.40070,2022-10-24.9006572,bm,1.51,16.458,>16.458,99.990,-0.138,0.190,g
2459877.54295,2022-10-25.0429100,bm,1.52,15.381,>15.381,99.990,-0.567,0.511,g
2459877.54419,2022-10-25.0441505,bm,1.53,14.785,>14.785,99.990,-0.707,0.885,g
2459877.54543,2022-10-25.0453924,bm,1.56,15.309,>15.309,99.990,0.314,0.547,g
2459877.67177,2022-10-25.1717341,bi,1.44,16.770,>16.770,99.990,0.115,0.142,g
2459877.67302,2022-10-25.1729829,bi,1.45,16.808,>16.808,99.990,-0.137,0.137,g
2459877.67426,2022-10-25.1742224,bi,1.44,16.914,>16.914,99.990,0.206,0.125,g
2459878.39880,2022-10-25.8987638,bm,1.56,15.926,>15.926,99.990,-0.060,0.310,g
2459878.40005,2022-10-25.9000173,bm,1.45,15.792,>15.792,99.990,0.885,0.350,g
2459878.40129,2022-10-25.9012524,bm,1.51,15.569,>15.569,99.990,-0.615,0.430,g
2459878.54400,2022-10-26.0439694,bm,1.58,16.336,>16.336,99.990,0.008,0.212,g
2459878.54525,2022-10-26.0452145,bm,1.49,16.335,>16.335,99.990,0.080,0.212,g
2459878.54649,2022-10-26.0464518,bm,1.56,16.456,>16.456,99.990,0.370,0.190,g
2459878.72334,2022-10-26.2233035,bF,1.61,99.990,99.990,99.990,99.990,99.990,g
2459878.72334,2022-10-26.2233039,bE,1.54,16.857,>16.857,99.990,0.149,0.131,g
2459878.72463,2022-10-26.2246031,bE,1.56,16.978,>16.978,99.990,0.055,0.117,g
2459878.72464,2022-10-26.2246030,bF,1.61,99.990,99.990,99.990,99.990,99.990,g
2459878.72593,2022-10-26.2258988,bE,1.55,16.947,16.114,0.102,1.301,0.121,g
2459878.72593,2022-10-26.2258981,bF,1.63,99.990,99.990,99.990,99.990,99.990,g
2459879.50636,2022-10-27.0063410,bm,1.54,16.488,>16.488,99.990,0.108,0.184,g
2459879.50885,2022-10-27.0088328,bm,1.62,16.562,>16.562,99.990,0.065,0.172,g
2459879.77343,2022-10-27.2734060,bE,1.47,16.896,>16.896,99.990,0.240,0.127,g
2459879.77343,2022-10-27.2734053,bF,1.57,99.990,99.990,99.990,99.990,99.990,g
2459879.77471,2022-10-27.2746909,bE,1.5,16.976,>16.976,99.990,0.050,0.118,g
2459879.77600,2022-10-27.2759768,bE,1.49,17.030,>17.030,99.990,0.119,0.112,g
2459879.85625,2022-10-27.3562313,bE,1.45,16.915,>16.915,99.990,0.094,0.124,g
2459879.85755,2022-10-27.3575335,bE,1.48,16.824,>16.824,99.990,0.196,0.135,g
2459879.85885,2022-10-27.3588223,bE,1.54,16.852,>16.852,99.990,-0.121,0.132,g
2459880.84047,2022-10-28.3404587,bE,1.58,17.039,>17.039,99.990,0.337,0.111,g
2459880.84177,2022-10-28.3417604,bE,1.56,17.068,>17.068,99.990,0.337,0.108,g
2459880.84305,2022-10-28.3430458,bE,1.54,16.888,>16.888,99.990,0.123,0.128,g
2459881.74508,2022-10-29.2450840,bE,1.48,16.896,>16.896,99.990,0.148,0.127,g
2459881.74636,2022-10-29.2463667,bE,1.53,16.843,>16.843,99.990,0.060,0.133,g
2459881.74637,2022-10-29.2463672,bF,1.48,99.990,99.990,99.990,99.990,99.990,g
2459881.74766,2022-10-29.2476677,bE,1.49,16.745,>16.745,99.990,-0.058,0.146,g
2459882.65988,2022-10-30.1598938,bi,1.44,16.837,>16.837,99.990,0.081,0.134,g
2459882.66112,2022-10-30.1611354,bi,1.43,16.950,>16.950,99.990,0.147,0.120,g
2459882.66236,2022-10-30.1623701,bi,1.42,16.877,>16.877,99.990,-0.014,0.129,g
2459883.67214,2022-10-31.1721753,bi,1.39,16.890,>16.890,99.990,-0.140,0.127,g
2459883.67338,2022-10-31.1734125,bi,1.42,16.776,>16.776,99.990,0.025,0.141,g
2459883.67463,2022-10-31.1746652,bi,1.42,16.842,>16.842,99.990,0.195,0.133,g
2459884.75602,2022-11-01.2560587,bi,1.54,16.833,>16.833,99.990,0.099,0.134,g
2459884.75726,2022-11-01.2573020,bi,1.52,16.884,>16.884,99.990,0.050,0.128,g
2459884.75850,2022-11-01.2585437,bi,1.47,16.826,>16.826,99.990,0.136,0.135,g
2459886.78137,2022-11-03.2814280,bi,1.39,16.648,>16.648,99.990,0.069,0.159,g
2459886.78262,2022-11-03.2826804,bi,1.44,16.668,>16.668,99.990,0.150,0.156,g
2459886.78386,2022-11-03.2839174,bi,1.49,16.694,>16.694,99.990,0.271,0.153,g
2459887.76583,2022-11-04.2659052,bE,1.55,16.536,>16.536,99.990,0.025,0.177,g
2459887.76712,2022-11-04.2671931,bE,1.49,16.496,>16.496,99.990,-0.278,0.183,g
2459887.76841,2022-11-04.2684864,bE,1.55,16.534,>16.534,99.990,-0.050,0.177,g
2459888.78271,2022-11-05.2827925,bi,1.52,16.156,>16.156,99.990,0.344,0.250,g
2459888.78395,2022-11-05.2840371,bi,1.46,16.367,>16.367,99.990,0.105,0.206,g
2459888.78520,2022-11-05.2852814,bi,1.49,16.213,>16.213,99.990,-0.039,0.238,g
2459889.79078,2022-11-06.2908707,bi,1.5,16.240,>16.240,99.990,-0.069,0.232,g
2459889.79201,2022-11-06.2921087,bi,1.57,16.136,>16.136,99.990,0.351,0.255,g
2459889.79326,2022-11-06.2933483,bi,1.62,16.063,>16.063,99.990,0.750,0.273,g
2459892.35438,2022-11-08.8545031,bm,1.52,15.284,>15.284,99.990,-0.558,0.559,g
2459892.35562,2022-11-08.8557459,bm,1.48,15.417,>15.417,99.990,-0.076,0.495,g
2459892.35687,2022-11-08.8569947,bm,1.48,15.321,>15.321,99.990,0.846,0.540,g
2459893.37581,2022-11-09.8759489,bm,1.6,15.701,>15.701,99.990,0.241,0.381,g
2459893.37705,2022-11-09.8771980,bm,1.58,15.730,>15.730,99.990,-1.212,0.371,g
2459893.37836,2022-11-09.8784939,bm,1.58,15.510,>15.510,99.990,0.791,0.454,g
2459893.59076,2022-11-10.0909021,bi,1.47,15.827,>15.827,99.990,0.214,0.339,g
2459893.59201,2022-11-10.0921547,bi,1.55,15.860,>15.860,99.990,-0.139,0.329,g
2459893.59326,2022-11-10.0934023,bi,1.48,15.914,>15.914,99.990,-0.301,0.313,g
2459893.62305,2022-11-10.1231881,bE,1.58,16.048,>16.048,99.990,0.239,0.277,g
2459893.62305,2022-11-10.1231888,bF,1.58,99.990,99.990,99.990,99.990,99.990,g
2459893.62434,2022-11-10.1244855,bF,1.59,99.990,99.990,99.990,99.990,99.990,g
2459893.62435,2022-11-10.1244854,bE,1.59,16.304,>16.304,99.990,0.581,0.219,g
2459893.62563,2022-11-10.1257751,bE,1.57,16.206,>16.206,99.990,-0.261,0.239,g
2459893.62564,2022-11-10.1257756,bF,1.56,99.990,99.990,99.990,99.990,99.990,g
2459893.68616,2022-11-10.1863027,bF,1.55,99.990,99.990,99.990,99.990,99.990,g
2459893.68616,2022-11-10.1863024,bE,1.55,16.219,>16.219,99.990,-0.033,0.236,g
2459893.68744,2022-11-10.1875861,bF,1.49,99.990,99.990,99.990,99.990,99.990,g
2459893.68745,2022-11-10.1875871,bE,1.49,15.982,>15.982,99.990,-0.295,0.294,g
2459893.68874,2022-11-10.1888769,bE,1.61,16.279,>16.279,99.990,0.051,0.224,g
2459893.68874,2022-11-10.1888765,bF,1.5,99.990,99.990,99.990,99.990,99.990,g
2459894.82634,2022-11-11.3264930,bE,1.45,99.990,99.990,99.990,99.990,99.990,g
2459894.82763,2022-11-11.3277902,bE,1.47,99.990,99.990,99.990,99.990,99.990,g
2459894.82894,2022-11-11.3291006,bE,1.44,99.990,99.990,99.990,99.990,99.990,g
2459895.39857,2022-11-11.8987305,bm,1.49,15.956,>15.956,99.990,0.172,0.301,g
2459895.39982,2022-11-11.8999745,bm,1.48,16.034,>16.034,99.990,0.616,0.280,g
2459895.40105,2022-11-11.9012168,bm,1.57,16.014,>16.014,99.990,0.212,0.285,g
2459897.45730,2022-11-13.9574804,bm,1.46,16.129,>16.129,99.990,0.196,0.257,g
2459897.45854,2022-11-13.9587222,bm,1.51,16.222,>16.222,99.990,0.215,0.236,g
2459897.58079,2022-11-14.0809744,bE,1.56,16.824,>16.824,99.990,0.258,0.135,g
2459897.58079,2022-11-14.0809739,bF,1.48,99.990,99.990,99.990,99.990,99.990,g
2459897.58208,2022-11-14.0822666,bF,1.47,99.990,99.990,99.990,99.990,99.990,g
2459897.58208,2022-11-14.0822663,bE,1.5,16.797,>16.797,99.990,-0.315,0.139,g
2459897.58337,2022-11-14.0835644,bE,1.53,17.037,>17.037,99.990,0.054,0.111,g
2459897.58338,2022-11-14.0835648,bF,1.5,99.990,99.990,99.990,99.990,99.990,g
2459897.66799,2022-11-14.1681796,bi,1.41,16.769,>16.769,99.990,0.190,0.142,g
2459897.66923,2022-11-14.1694250,bi,1.49,16.963,>16.963,99.990,-0.127,0.119,g
2459897.67047,2022-11-14.1706633,bi,1.45,16.818,>16.818,99.990,0.301,0.136,g
2459897.84733,2022-11-14.3475284,bi,1.46,16.484,>16.484,99.990,0.217,0.185,g
2459897.84858,2022-11-14.3487741,bi,1.48,16.513,>16.513,99.990,0.308,0.180,g
2459897.84983,2022-11-14.3500265,bi,1.41,16.417,>16.417,99.990,-0.318,0.197,g
2459898.34215,2022-11-14.8423471,bm,1.48,16.506,>16.506,99.990,0.642,0.181,g
2459898.34340,2022-11-14.8435927,bm,1.48,16.417,>16.417,99.990,0.044,0.197,g
2459898.34465,2022-11-14.8448509,bm,1.47,16.509,>16.509,99.990,0.252,0.181,g
2459898.48676,2022-11-14.9869539,bm,1.52,16.021,>16.021,99.990,-0.040,0.284,g
2459898.48932,2022-11-14.9895270,bm,1.46,16.287,>16.287,99.990,0.304,0.222,g
2459898.64451,2022-11-15.1447149,bF,1.48,99.990,99.990,99.990,99.990,99.990,g
2459898.64452,2022-11-15.1447149,bE,1.53,16.818,>16.818,99.990,0.204,0.136,g
2459898.64580,2022-11-15.1460061,bF,1.45,99.990,99.990,99.990,99.990,99.990,g
2459898.64581,2022-11-15.1460060,bE,1.49,16.803,>16.803,99.990,0.204,0.138,g
2459898.64711,2022-11-15.1473177,bF,1.43,99.990,99.990,99.990,99.990,99.990,g
2459898.64712,2022-11-15.1473181,bE,1.52,16.937,>16.937,99.990,-0.044,0.122,g
2459898.85938,2022-11-15.3595863,bi,1.39,16.100,>16.100,99.990,0.486,0.264,g
2459898.86062,2022-11-15.3608232,bi,1.44,15.988,>15.988,99.990,-0.053,0.292,g
2459898.86186,2022-11-15.3620650,bi,1.47,16.029,>16.029,99.990,-0.081,0.281,g
2459899.37211,2022-11-15.8723133,bm,1.53,16.533,>16.533,99.990,-0.051,0.177,g
2459899.37335,2022-11-15.8735520,bm,1.53,16.629,>16.629,99.990,0.063,0.162,g
2459899.37459,2022-11-15.8747938,bm,1.5,16.623,>16.623,99.990,-0.001,0.163,g
2459899.47571,2022-11-15.9759209,bm,1.54,16.367,>16.367,99.990,0.173,0.206,g
2459899.47694,2022-11-15.9771538,bm,1.57,16.490,>16.490,99.990,0.168,0.184,g
2459899.47818,2022-11-15.9783932,bm,1.51,16.462,>16.462,99.990,0.324,0.189,g
2459899.51011,2022-11-16.0103195,bm,1.62,16.254,>16.254,99.990,0.079,0.229,g
2459899.51134,2022-11-16.0115543,bm,1.49,16.287,>16.287,99.990,-0.073,0.222,g
2459899.51258,2022-11-16.0127960,bm,1.49,16.219,>16.219,99.990,-0.435,0.236,g
2459899.55963,2022-11-16.0598408,bm,1.59,16.294,>16.294,99.990,0.341,0.220,g
2459899.56087,2022-11-16.0610815,bm,1.54,16.220,>16.220,99.990,0.081,0.236,g
2459899.56211,2022-11-16.0623214,bm,1.56,16.282,>16.282,99.990,0.078,0.223,g
2459899.72801,2022-11-16.2282178,bE,1.5,16.906,>16.906,99.990,0.063,0.126,g
2459899.72801,2022-11-16.2282182,bF,1.48,99.990,99.990,99.990,99.990,99.990,g
2459899.72930,2022-11-16.2295100,bE,1.5,16.837,>16.837,99.990,0.085,0.134,g
2459899.73058,2022-11-16.2307912,bE,1.46,16.901,>16.901,99.990,0.275,0.126,g
2459900.36054,2022-11-16.8607660,bm,1.56,16.533,>16.533,99.990,-0.013,0.177,g
2459900.61492,2022-11-17.1151326,bi,1.41,16.729,>16.729,99.990,-0.030,0.148,g
2459900.61616,2022-11-17.1163743,bi,1.44,16.848,>16.848,99.990,0.149,0.132,g
2459900.61740,2022-11-17.1176136,bi,1.45,16.855,>16.855,99.990,0.181,0.132,g
2459900.74415,2022-11-17.2443648,bE,1.53,16.918,>16.918,99.990,0.153,0.124,g
2459900.74543,2022-11-17.2456494,bE,1.63,16.993,>16.993,99.990,0.216,0.116,g
2459900.74673,2022-11-17.2469460,bE,1.58,17.058,>17.058,99.990,0.366,0.109,g
2459901.85769,2022-11-18.3579240,bi,1.47,16.514,>16.514,99.990,-0.044,0.180,g
2459901.85893,2022-11-18.3591638,bi,1.47,16.040,>16.040,99.990,0.180,0.279,g
2459901.86017,2022-11-18.3604033,bi,1.45,16.011,>16.011,99.990,-0.294,0.286,g
2459904.34864,2022-11-20.8488964,bm,1.52,16.461,>16.461,99.990,0.616,0.189,g
2459904.34988,2022-11-20.8501336,bm,1.59,16.591,>16.591,99.990,0.063,0.168,g
2459904.35112,2022-11-20.8513777,bm,1.51,16.500,>16.500,99.990,-0.116,0.182,g
2459904.64404,2022-11-21.1443040,bi,1.45,16.840,>16.840,99.990,0.350,0.133,g
2459904.64528,2022-11-21.1455474,bi,1.42,16.943,>16.943,99.990,0.161,0.121,g
2459904.64652,2022-11-21.1467847,bi,1.37,17.010,>17.010,99.990,0.091,0.114,g
2459905.31595,2022-11-21.8162190,bm,1.53,14.176,>14.176,99.990,-2.297,1.551,g
2459905.31720,2022-11-21.8174729,bm,1.55,99.990,99.990,99.990,99.990,99.990,g
2459905.31845,2022-11-21.8187243,bm,1.5,99.990,99.990,99.990,99.990,99.990,g
2459905.69127,2022-11-22.1915388,bi,1.44,16.751,>16.751,99.990,0.219,0.145,g
2459905.69252,2022-11-22.1927927,bi,1.44,16.911,>16.911,99.990,0.114,0.125,g
2459905.69377,2022-11-22.1940451,bi,1.51,16.969,>16.969,99.990,0.059,0.118,g
2459907.56203,2022-11-24.0623359,bF,1.43,99.990,99.990,99.990,99.990,99.990,g
2459907.56203,2022-11-24.0623359,bE,1.55,16.642,>16.642,99.990,0.401,0.160,g
2459907.56332,2022-11-24.0636142,bF,1.48,99.990,99.990,99.990,99.990,99.990,g
2459907.56332,2022-11-24.0636143,bE,1.54,16.527,>16.527,99.990,0.193,0.178,g
2459907.56460,2022-11-24.0649001,bF,1.49,99.990,99.990,99.990,99.990,99.990,g
2459907.56460,2022-11-24.0649002,bE,1.56,16.493,>16.493,99.990,0.198,0.184,g
2459907.85040,2022-11-24.3507030,bi,1.47,16.765,>16.765,99.990,-0.180,0.143,g
2459907.85165,2022-11-24.3519519,bi,1.46,16.441,>16.441,99.990,0.236,0.193,g
2459907.85289,2022-11-24.3531957,bi,1.43,16.365,>16.365,99.990,0.058,0.207,g
2459908.31697,2022-11-24.8172761,bm,1.51,16.460,>16.460,99.990,0.129,0.189,g
2459908.31821,2022-11-24.8185151,bm,1.56,16.404,>16.404,99.990,0.048,0.199,g
2459908.31945,2022-11-24.8197547,bm,1.56,16.523,>16.523,99.990,0.057,0.179,g
2459908.35524,2022-11-24.8555401,bm,1.47,16.504,>16.504,99.990,0.048,0.182,g
2459908.35648,2022-11-24.8567810,bm,1.56,16.514,>16.514,99.990,0.217,0.180,g
2459908.35771,2022-11-24.8580196,bm,1.55,16.618,>16.618,99.990,0.275,0.164,g
2459908.51990,2022-11-25.0202056,bm,1.61,16.389,>16.389,99.990,0.175,0.202,g
2459908.52114,2022-11-25.0214415,bm,1.6,16.579,>16.579,99.990,0.027,0.170,g
2459908.52238,2022-11-25.0226846,bm,1.6,16.447,>16.447,99.990,0.157,0.192,g
2459908.59119,2022-11-25.0914975,bF,1.49,99.990,99.990,99.990,99.990,99.990,g
2459908.59119,2022-11-25.0914975,bE,1.49,16.840,>16.840,99.990,0.177,0.133,g
2459908.59247,2022-11-25.0927901,bF,1.43,99.990,99.990,99.990,99.990,99.990,g
2459908.59248,2022-11-25.0927880,bE,1.54,16.851,>16.851,99.990,0.099,0.132,g
2459908.59377,2022-11-25.0940844,bF,1.51,99.990,99.990,99.990,99.990,99.990,g
2459908.59377,2022-11-25.0940853,bE,1.48,16.865,>16.865,99.990,-0.004,0.130,g
2459909.71850,2022-11-26.2188114,bF,1.53,99.990,99.990,99.990,99.990,99.990,g
2459909.71850,2022-11-26.2188109,bE,1.42,15.791,>15.791,99.990,-0.295,0.351,g
2459909.71977,2022-11-26.2200878,bE,1.5,15.261,>15.261,99.990,0.270,0.571,g
2459909.72106,2022-11-26.2213768,bE,1.51,15.558,>15.558,99.990,-0.009,0.434,g
2459910.39652,2022-11-26.8968394,bm,1.61,16.525,>16.525,99.990,0.051,0.178,g
2459910.64533,2022-11-27.1456575,bi,1.66,16.744,>16.744,99.990,0.248,0.146,g
2459910.64656,2022-11-27.1468923,bi,1.66,16.595,>16.595,99.990,-0.013,0.167,g
2459910.64781,2022-11-27.1481378,bi,1.64,16.708,>16.708,99.990,-0.145,0.151,g
2459910.70387,2022-11-27.2041954,bE,1.49,16.894,>16.894,99.990,0.129,0.127,g
2459910.70516,2022-11-27.2054906,bF,1.53,99.990,99.990,99.990,99.990,99.990,g
2459910.70517,2022-11-27.2054906,bE,1.49,16.804,>16.804,99.990,-0.140,0.138,g
2459910.70645,2022-11-27.2067803,bE,1.49,16.866,>16.866,99.990,0.214,0.130,g
2459911.31273,2022-11-27.8130616,bm,1.59,16.500,>16.500,99.990,-0.011,0.182,g
2459911.31418,2022-11-27.8145143,bm,1.58,16.546,>16.546,99.990,-0.043,0.175,g
2459911.31546,2022-11-27.8157914,bm,1.6,16.510,>16.510,99.990,0.263,0.181,g
2459911.45918,2022-11-27.9595153,bm,1.62,16.437,>16.437,99.990,0.388,0.193,g
2459911.46043,2022-11-27.9607619,bm,1.56,16.590,>16.590,99.990,-0.086,0.168,g
2459911.46183,2022-11-27.9621665,bm,1.58,16.552,>16.552,99.990,0.005,0.174,g
2459911.66758,2022-11-28.1679177,bF,1.59,99.990,99.990,99.990,99.990,99.990,g
2459911.66758,2022-11-28.1679181,bE,1.6,16.967,>16.967,99.990,0.121,0.119,g
2459911.66887,2022-11-28.1692101,bF,1.52,99.990,99.990,99.990,99.990,99.990,g
2459911.66887,2022-11-28.1692100,bE,1.46,16.959,>16.959,99.990,0.136,0.120,g
2459911.67017,2022-11-28.1705082,bF,1.62,99.990,99.990,99.990,99.990,99.990,g
2459911.67017,2022-11-28.1705079,bE,1.52,17.012,>17.012,99.990,0.218,0.114,g
2459912.30777,2022-11-28.8081160,bm,2.01,16.293,>16.293,99.990,-0.146,0.221,g
2459912.30901,2022-11-28.8093476,bm,2.0,16.229,>16.229,99.990,0.116,0.234,g
2459912.31024,2022-11-28.8105871,bm,1.99,16.104,>16.104,99.990,0.461,0.263,g
2459912.47365,2022-11-28.9739956,bm,1.52,16.443,>16.443,99.990,0.286,0.192,g
2459912.47488,2022-11-28.9752246,bm,1.47,15.855,>15.855,99.990,0.254,0.330,g
2459912.47612,2022-11-28.9764594,bm,1.51,15.811,>15.811,99.990,-0.356,0.344,g
2459912.62292,2022-11-29.1232663,bF,1.46,99.990,99.990,99.990,99.990,99.990,g
2459912.62292,2022-11-29.1232665,bE,1.51,16.765,>16.765,99.990,0.087,0.143,g
2459912.62422,2022-11-29.1245675,bE,1.62,16.864,>16.864,99.990,0.187,0.130,g
2459912.62422,2022-11-29.1245671,bF,1.46,99.990,99.990,99.990,99.990,99.990,g
2459912.62551,2022-11-29.1258574,bE,1.49,16.870,>16.870,99.990,0.305,0.130,g
2459912.62551,2022-11-29.1258572,bF,1.51,99.990,99.990,99.990,99.990,99.990,g
2459913.54486,2022-11-30.0452185,bF,1.51,99.990,99.990,99.990,99.990,99.990,g
2459913.54486,2022-11-30.0452182,bE,1.56,16.520,>16.520,99.990,0.109,0.179,g
2459913.54614,2022-11-30.0464995,bF,1.52,99.990,99.990,99.990,99.990,99.990,g
2459913.54614,2022-11-30.0464997,bE,1.51,16.609,>16.609,99.990,0.368,0.165,g
2459913.54744,2022-11-30.0478024,bE,1.66,16.603,>16.603,99.990,0.107,0.166,g
2459913.54745,2022-11-30.0478025,bF,1.54,99.990,99.990,99.990,99.990,99.990,g
2459914.46487,2022-11-30.9652356,bm,1.46,16.395,>16.395,99.990,0.132,0.201,g
2459914.46612,2022-11-30.9664795,bm,1.44,16.395,>16.395,99.990,-0.026,0.201,g
2459914.46735,2022-11-30.9677129,bm,1.5,16.403,>16.403,99.990,-0.007,0.199,g
2459914.54810,2022-12-01.0484664,bm,1.56,16.483,>16.483,99.990,-0.071,0.185,g
2459914.54934,2022-12-01.0497048,bm,1.51,16.502,>16.502,99.990,-0.222,0.182,g
2459914.56533,2022-12-01.0656974,bm,1.49,16.379,>16.379,99.990,0.249,0.204,g
2459915.32852,2022-12-01.8288880,bm,1.59,16.097,>16.097,99.990,0.192,0.264,g
2459915.32975,2022-12-01.8301192,bm,1.59,16.108,>16.108,99.990,-0.085,0.262,g
2459915.48658,2022-12-01.9869578,bm,1.57,16.319,>16.319,99.990,0.022,0.216,g
2459915.48788,2022-12-01.9882541,bm,1.55,16.314,>16.314,99.990,-0.076,0.217,g
2459915.48912,2022-12-01.9894988,bm,1.52,16.473,>16.473,99.990,0.121,0.187,g
2459915.57971,2022-12-02.0800853,bm,1.59,16.492,>16.492,99.990,-0.062,0.184,g
2459915.63705,2022-12-02.1374342,bF,1.49,99.990,99.990,99.990,99.990,99.990,g
2459915.63706,2022-12-02.1374346,bE,1.5,16.615,>16.615,99.990,0.002,0.164,g
2459915.63834,2022-12-02.1387232,bF,1.5,99.990,99.990,99.990,99.990,99.990,g
2459915.63835,2022-12-02.1387233,bE,1.43,16.481,>16.481,99.990,-0.275,0.186,g
2459915.63965,2022-12-02.1400247,bF,1.47,99.990,99.990,99.990,99.990,99.990,g
2459915.63965,2022-12-02.1400252,bE,1.57,16.471,>16.471,99.990,0.408,0.187,g
2459915.66508,2022-12-02.1654623,bE,1.59,16.567,>16.567,99.990,0.291,0.172,g
2459915.66637,2022-12-02.1667555,bF,1.56,99.990,99.990,99.990,99.990,99.990,g
2459915.66637,2022-12-02.1667549,bE,1.47,16.748,>16.748,99.990,-0.106,0.145,g
2459915.66765,2022-12-02.1680376,bF,1.44,99.990,99.990,99.990,99.990,99.990,g
2459915.66766,2022-12-02.1680378,bE,1.53,16.515,>16.515,99.990,0.012,0.180,g
2459915.69706,2022-12-02.1974407,bE,1.54,16.537,>16.537,99.990,0.033,0.176,g
2459915.69835,2022-12-02.1987282,bE,1.59,16.619,>16.619,99.990,0.004,0.164,g
2459915.69835,2022-12-02.1987283,bF,1.54,99.990,99.990,99.990,99.990,99.990,g
2459915.69965,2022-12-02.2000273,bE,1.55,16.697,>16.697,99.990,0.100,0.152,g
2459915.75705,2022-12-02.2574265,bE,1.48,16.830,>16.830,99.990,-0.112,0.135,g
2459915.75833,2022-12-02.2587084,bE,1.5,16.957,>16.957,99.990,-0.058,0.120,g
2459915.75961,2022-12-02.2599839,bE,1.53,16.784,>16.784,99.990,0.247,0.140,g
2459916.29328,2022-12-02.7936582,bm,1.51,15.905,>15.905,99.990,-0.454,0.316,g
2459916.29452,2022-12-02.7949001,bm,1.56,15.931,>15.931,99.990,0.090,0.308,g
2459916.29577,2022-12-02.7961478,bm,1.54,15.782,>15.782,99.990,-0.257,0.354,g
2459916.43564,2022-12-02.9360274,bm,2.29,15.842,>15.842,99.990,0.365,0.334,g
2459916.43690,2022-12-02.9372775,bm,2.33,15.813,>15.813,99.990,0.082,0.343,g
2459916.43814,2022-12-02.9385217,bm,2.3,15.853,>15.853,99.990,0.123,0.331,g
2459916.64548,2022-12-03.1458704,bF,1.53,99.990,99.990,99.990,99.990,99.990,g
2459916.64549,2022-12-03.1458702,bE,1.52,16.472,>16.472,99.990,-0.115,0.187,g
2459916.64678,2022-12-03.1471640,bE,1.46,16.363,>16.363,99.990,0.287,0.207,g
2459916.64678,2022-12-03.1471640,bF,1.44,99.990,99.990,99.990,99.990,99.990,g
2459916.64807,2022-12-03.1484601,bE,1.48,16.290,>16.290,99.990,0.091,0.221,g
2459916.64807,2022-12-03.1484605,bF,1.49,99.990,99.990,99.990,99.990,99.990,g
2459916.85218,2022-12-03.3525646,bi,1.49,16.115,>16.115,99.990,0.273,0.260,g
2459916.85342,2022-12-03.3538086,bi,1.52,16.233,>16.233,99.990,-0.330,0.233,g
2459916.85467,2022-12-03.3550589,bi,1.51,15.926,>15.926,99.990,0.182,0.310,g
2459917.62268,2022-12-04.1230829,bi,1.48,16.191,>16.191,99.990,0.429,0.243,g
2459917.62393,2022-12-04.1243318,bi,1.44,16.221,>16.221,99.990,0.503,0.236,g
2459917.62519,2022-12-04.1255910,bi,1.42,16.272,>16.272,99.990,0.396,0.225,g
2459917.83793,2022-12-04.3383324,bi,1.42,17.036,>17.036,99.990,0.280,0.111,g
2459917.83918,2022-12-04.3395849,bi,1.42,16.855,>16.855,99.990,0.092,0.132,g
2459917.84042,2022-12-04.3408280,bi,1.43,16.825,>16.825,99.990,0.303,0.135,g
2459918.61906,2022-12-05.1194592,bi,1.41,16.074,>16.074,99.990,0.040,0.270,g
2459918.62030,2022-12-05.1207001,bi,1.43,16.106,>16.106,99.990,0.049,0.262,g
2459918.62152,2022-12-05.1219267,bi,1.56,16.131,>16.131,99.990,0.308,0.256,g
2459918.85353,2022-12-05.3539396,bi,1.44,16.062,>16.062,99.990,0.099,0.273,g
2459918.85479,2022-12-05.3551957,bi,1.43,15.910,>15.910,99.990,0.064,0.314,g
2459918.85603,2022-12-05.3564363,bi,1.48,16.114,>16.114,99.990,-0.078,0.260,g
2459920.27957,2022-12-06.7799896,bm,1.65,15.372,>15.372,99.990,0.161,0.516,g
2459920.28080,2022-12-06.7812207,bm,1.51,15.497,>15.497,99.990,-0.154,0.459,g
2459920.28205,2022-12-06.7824672,bm,1.66,15.434,>15.434,99.990,0.168,0.487,g
2459920.43569,2022-12-06.9361114,bm,1.63,15.585,>15.585,99.990,0.682,0.424,g
2459920.43694,2022-12-06.9373578,bm,1.65,15.585,>15.585,99.990,-0.532,0.424,g
2459920.43817,2022-12-06.9385916,bm,1.59,15.614,>15.614,99.990,-0.019,0.413,g
2459920.51043,2022-12-07.0108511,bm,1.59,15.566,>15.566,99.990,0.586,0.431,g
2459920.51168,2022-12-07.0120965,bm,1.62,15.570,>15.570,99.990,0.011,0.429,g
2459920.51292,2022-12-07.0133373,bm,1.58,15.576,>15.576,99.990,-0.060,0.427,g
2459920.54103,2022-12-07.0414469,bm,1.57,15.637,>15.637,99.990,0.614,0.404,g
2459920.54227,2022-12-07.0426958,bm,1.6,15.620,>15.620,99.990,-0.321,0.410,g
2459920.54351,2022-12-07.0439282,bm,1.61,15.633,>15.633,99.990,-0.486,0.405,g
2459920.70042,2022-12-07.2008422,bi,1.48,15.929,>15.929,99.990,0.736,0.309,g
2459920.70166,2022-12-07.2020841,bi,1.51,15.851,>15.851,99.990,-0.143,0.332,g
2459920.70291,2022-12-07.2033344,bi,1.46,15.883,>15.883,99.990,0.710,0.322,g
2459921.30042,2022-12-07.8008467,bm,1.81,15.483,>15.483,99.990,1.095,0.466,g
2459921.30168,2022-12-07.8021123,bm,1.74,15.659,>15.659,99.990,-0.133,0.396,g
2459921.30299,2022-12-07.8034152,bm,1.69,15.469,>15.469,99.990,0.179,0.472,g
2459921.44327,2022-12-07.9436973,bm,1.7,15.400,>15.400,99.990,0.087,0.503,g
2459921.44451,2022-12-07.9449393,bm,1.59,15.439,>15.439,99.990,-0.143,0.485,g
2459921.44575,2022-12-07.9461836,bm,1.55,15.471,>15.471,99.990,-0.900,0.470,g
2459921.54256,2022-12-08.0430001,bm,1.62,15.490,>15.490,99.990,-0.490,0.463,g
2459921.54381,2022-12-08.0442421,bm,1.59,15.386,>15.386,99.990,-0.390,0.509,g
2459921.54505,2022-12-08.0454859,bm,1.58,15.354,>15.354,99.990,0.561,0.524,g
2459921.84812,2022-12-08.3485562,bi,1.54,15.890,>15.890,99.990,0.179,0.320,g
2459921.84938,2022-12-08.3498122,bi,1.55,15.846,>15.846,99.990,-0.096,0.333,g
2459921.85064,2022-12-08.3510744,bi,1.48,15.711,>15.711,99.990,-0.536,0.377,g
2459922.30745,2022-12-08.8078981,bm,1.97,15.237,>15.237,99.990,0.797,0.584,g
2459922.30876,2022-12-08.8092100,bm,1.72,15.449,>15.449,99.990,0.681,0.480,g
2459922.31002,2022-12-08.8104649,bm,1.72,15.373,>15.373,99.990,-0.398,0.515,g
2459922.36949,2022-12-08.8699282,bm,1.47,15.406,>15.406,99.990,-0.654,0.499,g
2459922.37071,2022-12-08.8711642,bm,1.57,15.412,>15.412,99.990,-0.205,0.497,g
2459922.37198,2022-12-08.8724225,bm,1.48,15.541,>15.541,99.990,-0.037,0.441,g
2459922.61360,2022-12-09.1140482,bF,1.58,99.990,99.990,99.990,99.990,99.990,g
2459922.61361,2022-12-09.1140481,bE,1.53,15.903,>15.903,99.990,0.278,0.316,g
2459922.61490,2022-12-09.1153442,bF,1.51,99.990,99.990,99.990,99.990,99.990,g
2459922.61490,2022-12-09.1153428,bE,1.53,16.044,>16.044,99.990,0.395,0.278,g
2459922.61619,2022-12-09.1166357,bE,1.49,15.982,>15.982,99.990,-0.062,0.294,g
2459922.61619,2022-12-09.1166358,bF,1.59,99.990,99.990,99.990,99.990,99.990,g
2459922.69986,2022-12-09.2003045,bE,1.51,16.068,>16.068,99.990,-0.269,0.271,g
2459922.70115,2022-12-09.2015905,bE,1.47,16.057,>16.057,99.990,-0.419,0.274,g
2459922.70244,2022-12-09.2028819,bE,1.47,16.026,>16.026,99.990,0.164,0.282,g
2459923.30743,2022-12-09.8078731,bm,1.54,16.124,>16.124,99.990,0.359,0.258,g
2459923.30867,2022-12-09.8091184,bm,1.58,16.061,>16.061,99.990,-0.039,0.273,g
2459923.30991,2022-12-09.8103554,bm,1.45,16.227,>16.227,99.990,0.373,0.235,g
2459923.45280,2022-12-09.9532446,bm,1.67,15.595,>15.595,99.990,-0.213,0.420,g
2459923.45404,2022-12-09.9544959,bm,1.63,15.623,>15.623,99.990,-0.145,0.409,g
2459923.45529,2022-12-09.9557356,bm,1.57,15.614,>15.614,99.990,-0.129,0.413,g
2459923.65183,2022-12-10.1522858,bE,1.53,16.275,>16.275,99.990,0.661,0.224,g
2459923.65183,2022-12-10.1522858,bF,1.62,99.990,99.990,99.990,99.990,99.990,g
2459923.65312,2022-12-10.153575,bF,1.66,99.990,99.990,99.990,99.990,99.990,g
2459923.65312,2022-12-10.1535753,bE,1.49,16.391,>16.391,99.990,0.135,0.202,g
2459923.65442,2022-12-10.1548751,bF,1.61,99.990,99.990,99.990,99.990,99.990,g
2459923.65442,2022-12-10.1548746,bE,1.52,16.275,>16.275,99.990,0.515,0.224,g
2459924.73983,2022-12-11.2402855,bE,1.47,16.300,>16.300,99.990,-0.053,0.219,g
2459924.74113,2022-12-11.2415858,bE,1.45,16.206,>16.206,99.990,-0.020,0.239,g
2459924.74242,2022-12-11.2428784,bE,1.56,16.300,>16.300,99.990,-0.207,0.219,g
2459925.77894,2022-12-12.2794231,bi,1.46,16.158,>16.158,99.990,0.478,0.250,g
2459925.78020,2022-12-12.2806673,bi,1.45,16.143,>16.143,99.990,0.142,0.253,g
2459925.78145,2022-12-12.2819185,bi,1.41,16.265,>16.265,99.990,-0.028,0.227,g
2459927.28710,2022-12-13.7875813,bm,1.48,16.147,>16.147,99.990,0.353,0.253,g
2459927.28835,2022-12-13.7888337,bm,1.51,16.255,>16.255,99.990,0.092,0.229,g
2459927.28961,2022-12-13.7900872,bm,1.54,16.429,>16.429,99.990,0.107,0.195,g
2459927.84704,2022-12-14.3475361,bi,1.47,16.285,>16.285,99.990,-0.230,0.222,g
2459927.84829,2022-12-14.3487824,bi,1.47,16.166,>16.166,99.990,0.429,0.248,g
2459927.84954,2022-12-14.3500337,bi,1.43,16.193,>16.193,99.990,0.337,0.242,g
2459928.34843,2022-12-14.8489248,bm,1.52,16.603,>16.603,99.990,-0.031,0.166,g
2459928.34967,2022-12-14.8501667,bm,1.45,16.447,>16.447,99.990,0.278,0.192,g
2459928.35091,2022-12-14.8513973,bm,1.48,16.462,>16.462,99.990,-0.129,0.189,g
2459928.84080,2022-12-15.3412939,bE,1.52,16.638,>16.638,99.990,-0.094,0.161,g
2459928.84209,2022-12-15.3425778,bE,1.48,16.569,>16.569,99.990,0.071,0.171,g
2459928.84337,2022-12-15.3438686,bE,1.5,16.669,>16.669,99.990,0.347,0.156,g
2459930.52627,2022-12-17.0267820,bE,1.64,15.397,>15.397,99.990,0.220,0.504,g
2459930.52757,2022-12-17.0280817,bF,2.02,99.990,99.990,99.990,99.990,99.990,g
2459930.52757,2022-12-17.0280813,bE,1.57,15.593,>15.593,99.990,-0.740,0.421,g
2459930.52886,2022-12-17.0293653,bE,1.66,15.797,>15.797,99.990,0.483,0.348,g
2459930.67135,2022-12-17.1718594,bE,1.48,16.899,>16.899,99.990,0.393,0.126,g
2459930.67265,2022-12-17.1731548,bE,1.49,17.073,>17.073,99.990,0.210,0.108,g
2459930.67395,2022-12-17.1744603,bE,1.46,16.963,>16.963,99.990,0.060,0.119,g
2459932.28917,2022-12-18.7896936,bm,1.55,16.407,>16.407,99.990,0.200,0.199,g
2459932.29042,2022-12-18.7909437,bm,1.53,16.302,>16.302,99.990,0.305,0.219,g
2459932.29168,2022-12-18.7921954,bm,1.49,16.535,>16.535,99.990,0.131,0.177,g
2459933.53192,2022-12-20.0324555,bE,2.0,16.248,>16.248,99.990,-0.129,0.230,g
2459933.53192,2022-12-20.0324557,bF,1.57,99.990,99.990,99.990,99.990,99.990,g
2459933.53322,2022-12-20.0337519,bE,2.01,16.271,>16.271,99.990,0.360,0.225,g
2459933.53451,2022-12-20.0350422,bF,1.56,99.990,99.990,99.990,99.990,99.990,g
2459933.53451,2022-12-20.0350418,bE,2.0,16.612,>16.612,99.990,-0.160,0.165,g
2459934.28638,2022-12-20.7869079,bm,1.56,16.109,>16.109,99.990,0.356,0.262,g
2459934.28762,2022-12-20.7881508,bm,1.46,16.118,>16.118,99.990,-0.237,0.259,g
2459934.28887,2022-12-20.7894008,bm,1.51,16.046,>16.046,99.990,0.899,0.277,g
2459934.60258,2022-12-21.1031125,bE,1.61,16.779,>16.779,99.990,0.111,0.141,g
2459934.60387,2022-12-21.1044100,bE,1.65,16.924,>16.924,99.990,0.537,0.123,g
2459934.60518,2022-12-21.1057214,bE,1.69,16.923,>16.923,99.990,0.201,0.124,g
2459935.28312,2022-12-21.7836644,bm,2.05,15.760,>15.760,99.990,-0.091,0.361,g
2459935.28436,2022-12-21.7849003,bm,2.07,15.758,>15.758,99.990,-1.057,0.361,g
2459935.28559,2022-12-21.7861365,bm,2.03,15.929,>15.929,99.990,-0.103,0.309,g
2459935.43058,2022-12-21.9311209,bm,1.65,16.629,>16.629,99.990,-0.316,0.162,g
2459935.43182,2022-12-21.9323649,bm,1.57,16.548,>16.548,99.990,0.009,0.175,g
2459935.43307,2022-12-21.9336067,bm,1.57,16.589,>16.589,99.990,0.339,0.168,g
2459935.56441,2022-12-22.0649494,bE,2.1,16.924,>16.924,99.990,0.253,0.123,g
2459935.56569,2022-12-22.0662383,bE,2.1,16.929,>16.929,99.990,0.121,0.123,g
2459935.56699,2022-12-22.0675362,bE,2.07,16.799,>16.799,99.990,0.388,0.139,g
2459935.84751,2022-12-22.3480541,bE,1.54,16.798,>16.798,99.990,0.003,0.139,g
2459935.84879,2022-12-22.3493423,bE,1.57,16.772,>16.772,99.990,0.004,0.142,g
2459935.85010,2022-12-22.3506484,bE,1.55,16.637,>16.637,99.990,0.350,0.161,g
2459936.35291,2022-12-22.8534577,bm,1.64,16.532,>16.532,99.990,0.110,0.177,g
2459936.35415,2022-12-22.8547020,bm,1.62,16.379,>16.379,99.990,0.040,0.204,g
2459936.35539,2022-12-22.8559415,bm,1.61,16.476,>16.476,99.990,0.432,0.187,g
2459937.61814,2022-12-24.1186957,bE,1.58,16.871,>16.871,99.990,0.013,0.130,g
2459937.61943,2022-12-24.1199917,bE,1.47,16.925,>16.925,99.990,0.132,0.123,g
2459937.62073,2022-12-24.1212932,bE,1.5,16.926,>16.926,99.990,0.009,0.123,g
2459937.74707,2022-12-24.2476288,bi,1.42,16.726,>16.726,99.990,0.073,0.148,g
2459937.74832,2022-12-24.2488798,bi,1.45,16.695,>16.695,99.990,0.213,0.152,g
2459938.54525,2022-12-25.0458165,bF,1.41,99.990,99.990,99.990,99.990,99.990,g
2459938.54525,2022-12-25.0458170,bE,1.62,16.841,>16.841,99.990,0.322,0.133,g
2459938.54655,2022-12-25.0471133,bE,1.59,16.872,>16.872,99.990,0.085,0.129,g
2459938.54784,2022-12-25.0484084,bE,1.63,16.877,>16.877,99.990,0.216,0.129,g
2459938.54784,2022-12-25.0484081,bF,1.42,99.990,99.990,99.990,99.990,99.990,g
2459938.70737,2022-12-25.2079416,bi,1.43,16.665,>16.665,99.990,0.007,0.157,g
2459938.70862,2022-12-25.2091875,bi,1.43,16.727,>16.727,99.990,0.213,0.148,g
2459938.70986,2022-12-25.2104244,bi,1.39,16.779,>16.779,99.990,0.084,0.141,g
2459938.82074,2022-12-25.3213109,bE,1.52,16.767,>16.767,99.990,0.180,0.143,g
2459938.82203,2022-12-25.3226107,bE,1.44,16.961,>16.961,99.990,0.284,0.119,g
2459938.82333,2022-12-25.3239075,bE,1.5,16.821,>16.821,99.990,0.328,0.136,g
2459939.33700,2022-12-25.8375663,bm,1.49,16.478,>16.478,99.990,0.130,0.186,g
2459939.33823,2022-12-25.8387965,bm,1.6,16.628,>16.628,99.990,0.069,0.162,g
2459939.33947,2022-12-25.8400359,bm,1.54,16.512,>16.512,99.990,-0.061,0.180,g
2459940.33749,2022-12-26.8380611,bm,1.51,16.490,>16.490,99.990,0.540,0.184,g
2459940.33873,2022-12-26.8393038,bm,1.5,16.621,>16.621,99.990,0.303,0.163,g
2459940.33996,2022-12-26.8405407,bm,1.55,16.578,>16.578,99.990,0.344,0.170,g
2459940.48064,2022-12-26.9812143,bm,1.44,16.363,>16.363,99.990,-0.014,0.207,g
2459940.48188,2022-12-26.9824620,bm,1.45,16.548,>16.548,99.990,-0.037,0.175,g
2459940.48314,2022-12-26.9837177,bm,1.47,16.494,>16.494,99.990,0.180,0.183,g
2459940.58700,2022-12-27.0875734,bE,1.57,17.036,>17.036,99.990,0.169,0.111,g
2459940.58829,2022-12-27.0888611,bE,1.47,16.750,>16.750,99.990,0.089,0.145,g
2459940.58959,2022-12-27.0901642,bE,1.59,16.819,>16.819,99.990,0.130,0.136,g
2459940.82123,2022-12-27.3218057,bi,1.54,16.753,>16.753,99.990,0.046,0.145,g
2459940.82248,2022-12-27.3230578,bi,1.49,16.841,>16.841,99.990,-0.103,0.133,g
2459940.82373,2022-12-27.3243092,bi,1.57,16.917,>16.917,99.990,0.258,0.124,g
2459941.28058,2022-12-27.7811555,bm,1.99,15.296,>15.296,99.990,1.266,0.553,g
2459941.28182,2022-12-27.7824004,bm,1.97,15.328,>15.328,99.990,-1.135,0.537,g
2459941.28308,2022-12-27.7836540,bm,1.7,15.624,>15.624,99.990,0.216,0.409,g
2459941.41466,2022-12-27.9152366,bm,1.48,16.469,>16.469,99.990,0.039,0.188,g
2459941.41590,2022-12-27.9164846,bm,1.49,16.541,>16.541,99.990,-0.069,0.176,g
2459941.44006,2022-12-27.9406398,bm,1.48,16.510,>16.510,99.990,0.255,0.181,g
2459941.44131,2022-12-27.9418908,bm,1.53,16.566,>16.566,99.990,0.333,0.172,g
2459941.44254,2022-12-27.9431267,bm,1.57,16.571,>16.571,99.990,0.325,0.171,g
2459941.54315,2022-12-28.0437321,bm,1.5,16.518,>16.518,99.990,0.091,0.179,g
2459941.54439,2022-12-28.0449706,bm,1.48,16.446,>16.446,99.990,0.145,0.192,g
2459941.54562,2022-12-28.0461996,bm,1.48,16.474,>16.474,99.990,0.360,0.187,g
2459942.35349,2022-12-28.8540829,bm,1.45,16.490,>16.490,99.990,-0.083,0.184,g
2459942.35473,2022-12-28.8553234,bm,1.51,16.314,>16.314,99.990,0.100,0.216,g
2459942.35598,2022-12-28.8565711,bm,1.5,16.380,>16.380,99.990,-0.292,0.204,g
2459942.38414,2022-12-28.8847329,bm,1.49,16.356,>16.356,99.990,-0.215,0.208,g
2459942.38538,2022-12-28.8859822,bm,1.56,16.330,>16.330,99.990,-0.106,0.213,g
2459942.38662,2022-12-28.8872171,bm,1.5,16.366,>16.366,99.990,0.019,0.206,g
2459942.53961,2022-12-29.0401962,bm,2.15,16.259,>16.259,99.990,0.093,0.228,g
2459942.54084,2022-12-29.0414348,bm,2.14,16.389,>16.389,99.990,-0.580,0.202,g
2459942.54208,2022-12-29.0426710,bm,2.17,16.211,>16.211,99.990,0.060,0.238,g
2459942.79039,2022-12-29.2909814,bi,1.5,17.037,>17.037,99.990,-0.303,0.111,g
2459942.79164,2022-12-29.2922233,bi,1.42,16.746,>16.746,99.990,0.294,0.145,g
2459942.79289,2022-12-29.2934780,bi,1.43,16.686,>16.686,99.990,0.204,0.154,g
2459943.37301,2022-12-29.8736045,bm,2.21,16.160,>16.160,99.990,-0.249,0.249,g
2459943.37469,2022-12-29.8752810,bm,2.21,16.114,>16.114,99.990,0.191,0.260,g
2459943.40153,2022-12-29.9021247,bm,2.29,16.190,>16.190,99.990,0.233,0.243,g
2459943.40286,2022-12-29.9034589,bm,2.31,16.256,>16.256,99.990,0.809,0.228,g
2459943.40447,2022-12-29.9050734,bm,2.34,16.207,>16.207,99.990,-0.185,0.239,g
2459943.43066,2022-12-29.9312576,bm,2.37,16.174,>16.174,99.990,0.096,0.246,g
2459943.43191,2022-12-29.9325008,bm,2.37,16.337,>16.337,99.990,0.272,0.212,g
2459943.43324,2022-12-29.9338427,bm,2.34,16.233,>16.233,99.990,-0.045,0.233,g
2459943.77045,2022-12-30.2710440,bE,1.57,16.865,>16.865,99.990,0.007,0.130,g
2459943.77174,2022-12-30.2723311,bE,1.58,16.860,>16.860,99.990,0.290,0.131,g
2459943.77304,2022-12-30.2736348,bE,1.53,16.866,>16.866,99.990,0.064,0.130,g
2459944.40452,2022-12-30.9051109,bm,1.47,16.152,>16.152,99.990,0.264,0.251,g
2459944.40575,2022-12-30.9063553,bm,1.52,16.164,>16.164,99.990,0.034,0.249,g
2459944.40699,2022-12-30.9075937,bm,1.53,16.275,>16.275,99.990,-0.048,0.224,g
2459944.49555,2022-12-30.9961539,bm,1.59,16.552,>16.552,99.990,-0.081,0.174,g
2459944.49678,2022-12-30.9973839,bm,1.51,16.321,>16.321,99.990,-0.284,0.215,g
2459944.49801,2022-12-30.9986116,bm,1.55,16.361,>16.361,99.990,0.387,0.207,g
2459944.50322,2022-12-31.0038179,bm,1.61,16.409,>16.409,99.990,0.138,0.198,g
2459944.50444,2022-12-31.0050457,bm,1.61,16.532,>16.532,99.990,0.327,0.177,g
2459944.50567,2022-12-31.0062747,bm,1.59,16.413,>16.413,99.990,0.305,0.198,g
2459944.58463,2022-12-31.0852318,bm,2.01,16.144,>16.144,99.990,0.204,0.253,g
2459944.58587,2022-12-31.0864740,bm,2.0,16.237,>16.237,99.990,-0.127,0.232,g
2459944.58712,2022-12-31.0877240,bm,2.02,16.338,>16.338,99.990,-0.325,0.212,g
2459945.43015,2022-12-31.9307578,bm,1.57,16.190,>16.190,99.990,0.124,0.243,g
2459945.43141,2022-12-31.9320155,bm,1.45,16.062,>16.062,99.990,0.388,0.273,g
2459945.43265,2022-12-31.9332608,bm,1.53,16.179,>16.179,99.990,0.046,0.245,g
2459945.63357,2023-01-01.1341717,bE,1.53,16.651,>16.651,99.990,0.566,0.159,g
2459945.63486,2023-01-01.1354715,bE,1.53,16.760,>16.760,99.990,0.291,0.144,g
2459945.63615,2023-01-01.1367547,bE,1.48,16.533,>16.533,99.990,-0.255,0.177,g
2459945.72025,2023-01-01.2208534,bi,1.6,16.575,>16.575,99.990,0.062,0.170,g
2459945.72149,2023-01-01.2220877,bi,1.63,16.563,>16.563,99.990,0.189,0.172,g
2459945.72273,2023-01-01.2233331,bi,1.54,16.620,>16.620,99.990,0.252,0.163,g
2459946.39233,2023-01-01.8929309,bm,2.0,15.889,>15.889,99.990,0.065,0.320,g
2459946.39357,2023-01-01.8941753,bm,2.01,16.207,>16.207,99.990,-0.039,0.239,g
2459946.39489,2023-01-01.8954980,bm,2.01,15.929,>15.929,99.990,0.318,0.309,g
2459946.51058,2023-01-02.0111879,bm,1.54,16.441,>16.441,99.990,0.126,0.193,g
2459946.51182,2023-01-02.0124271,bm,1.5,16.392,>16.392,99.990,0.201,0.202,g
2459946.51306,2023-01-02.0136680,bm,1.59,16.429,>16.429,99.990,0.624,0.195,g
2459946.64462,2023-01-02.1452283,bi,1.4,16.398,>16.398,99.990,0.072,0.200,g
2459946.64587,2023-01-02.1464751,bi,1.39,16.265,>16.265,99.990,0.130,0.226,g
2459946.64711,2023-01-02.1477217,bi,1.5,16.383,>16.383,99.990,-0.424,0.203,g
2459947.31180,2023-01-02.8124162,bm,2.18,15.928,>15.928,99.990,-0.175,0.309,g
2459947.31304,2023-01-02.8136557,bm,2.17,15.838,>15.838,99.990,0.193,0.336,g
2459947.31428,2023-01-02.8148951,bm,2.15,15.862,>15.862,99.990,0.023,0.328,g
2459947.45140,2023-01-02.9520207,bm,1.5,15.899,>15.899,99.990,0.958,0.317,g
2459947.45264,2023-01-02.9532545,bm,1.55,15.932,>15.932,99.990,-0.100,0.308,g
2459947.45390,2023-01-02.9545246,bm,1.47,15.864,>15.864,99.990,0.263,0.328,g
2459948.35143,2023-01-03.8520509,bm,1.53,15.676,>15.676,99.990,-0.119,0.390,g
2459948.35267,2023-01-03.8532978,bm,1.61,15.960,>15.960,99.990,-0.386,0.300,g
2459948.35391,2023-01-03.8545364,bm,1.51,15.692,>15.692,99.990,-0.977,0.384,g
2459948.59626,2023-01-04.0968909,bF,1.51,99.990,99.990,99.990,99.990,99.990,g
2459948.59627,2023-01-04.0968913,bE,1.6,16.182,>16.182,99.990,0.273,0.245,g
2459948.59756,2023-01-04.0981843,bE,1.56,16.116,>16.116,99.990,0.242,0.260,g
2459948.59886,2023-01-04.0994815,bE,1.54,16.171,>16.171,99.990,-0.553,0.247,g
2459948.59886,2023-01-04.0994813,bF,1.44,99.990,99.990,99.990,99.990,99.990,g
2459949.60279,2023-01-05.1034200,bi,1.5,15.840,>15.840,99.990,0.389,0.335,g
2459949.60402,2023-01-05.1046535,bi,1.52,15.977,>15.977,99.990,0.265,0.295,g
2459949.60528,2023-01-05.1059072,bi,1.52,15.991,>15.991,99.990,0.022,0.292,g
2459950.33874,2023-01-05.8393652,bm,2.07,15.507,>15.507,99.990,0.027,0.455,g
2459951.28918,2023-01-06.7898143,bm,1.49,15.358,>15.358,99.990,0.085,0.522,g
2459951.29095,2023-01-06.7915817,bm,1.52,15.547,>15.547,99.990,0.339,0.439,g
2459951.29224,2023-01-06.7928685,bm,1.55,15.563,>15.563,99.990,-0.557,0.432,g
2459951.43394,2023-01-06.9345681,bm,2.02,15.322,>15.322,99.990,-1.114,0.540,g
2459951.43518,2023-01-06.9358067,bm,2.04,15.379,>15.379,99.990,0.510,0.512,g
2459951.43645,2023-01-06.9370863,bm,2.07,15.284,>15.284,99.990,0.495,0.559,g
2459951.53394,2023-01-07.0345700,bm,2.24,15.250,>15.250,99.990,0.523,0.577,g
2459951.53518,2023-01-07.0358108,bm,2.23,15.225,>15.225,99.990,-0.353,0.590,g
2459951.53641,2023-01-07.0370398,bm,2.26,15.306,>15.306,99.990,0.500,0.548,g
2459951.65022,2023-01-07.1508548,bi,1.37,14.990,>14.990,99.990,0.858,0.733,g
2459951.65146,2023-01-07.1520921,bi,1.54,14.843,>14.843,99.990,-0.174,0.839,g
2459952.34488,2023-01-07.8455142,bm,1.51,15.811,>15.811,99.990,1.615,0.344,g
2459952.34613,2023-01-07.8467658,bm,1.55,15.686,>15.686,99.990,0.528,0.386,g
2459952.34738,2023-01-07.8480157,bm,1.52,15.680,>15.680,99.990,-0.187,0.388,g
2459952.45157,2023-01-07.9522108,bm,1.6,15.574,>15.574,99.990,-0.010,0.428,g
2459952.45281,2023-01-07.9534493,bm,1.51,15.580,>15.580,99.990,0.322,0.426,g
2459952.45405,2023-01-07.9546890,bm,1.52,15.587,>15.587,99.990,0.662,0.423,g
2459952.48979,2023-01-07.9904325,bm,1.53,15.476,>15.476,99.990,0.606,0.469,g
2459952.49105,2023-01-07.9916848,bm,1.52,15.619,>15.619,99.990,0.714,0.411,g
2459952.49230,2023-01-07.9929359,bm,1.5,15.516,>15.516,99.990,-0.251,0.452,g
2459952.55246,2023-01-08.0530961,bi,1.74,16.051,>16.051,99.990,-0.268,0.276,g
2459952.55371,2023-01-08.0543474,bi,1.69,16.111,>16.111,99.990,-0.085,0.261,g
2459952.55496,2023-01-08.0555940,bi,1.65,16.108,>16.108,99.990,0.262,0.262,g
2459952.57270,2023-01-08.0733380,bi,1.58,15.998,>15.998,99.990,0.387,0.290,g
2459952.57394,2023-01-08.0745725,bi,1.51,16.045,>16.045,99.990,-0.255,0.277,g
2459952.57518,2023-01-08.0758145,bi,1.57,16.002,>16.002,99.990,-0.269,0.289,g
2459952.69399,2023-01-08.1946197,bi,1.45,15.967,>15.967,99.990,0.345,0.298,g
2459952.69522,2023-01-08.1958581,bi,1.51,15.867,>15.867,99.990,0.971,0.327,g
2459952.69647,2023-01-08.1971032,bi,1.52,15.894,>15.894,99.990,0.597,0.319,g
2459953.34849,2023-01-08.8491288,bm,1.71,15.846,>15.846,99.990,-0.116,0.333,g
2459953.34972,2023-01-08.8503590,bm,1.73,15.730,>15.730,99.990,-0.207,0.371,g
2459953.35095,2023-01-08.8515975,bm,1.68,15.919,>15.919,99.990,0.413,0.312,g
2459953.58392,2023-01-09.0845701,bF,1.48,99.990,99.990,99.990,99.990,99.990,g
2459953.58393,2023-01-09.0845707,bE,1.56,16.469,>16.469,99.990,0.123,0.188,g
2459953.58522,2023-01-09.0858561,bE,1.55,16.303,>16.303,99.990,0.326,0.219,g
2459953.58651,2023-01-09.0871497,bF,1.45,99.990,99.990,99.990,99.990,99.990,g
2459953.58651,2023-01-09.0871502,bE,1.57,16.443,>16.443,99.990,0.004,0.192,g
2459953.66376,2023-01-09.1644075,bE,1.54,16.188,>16.188,99.990,-0.393,0.243,g
2459953.66507,2023-01-09.1657067,bE,1.53,16.125,>16.125,99.990,0.275,0.258,g
2459953.66635,2023-01-09.1669930,bE,1.58,16.246,>16.246,99.990,-0.086,0.231,g
2459954.29409,2023-01-09.7947351,bm,1.63,16.276,>16.276,99.990,0.497,0.224,g
2459954.29534,2023-01-09.7959747,bm,1.52,16.420,>16.420,99.990,0.126,0.196,g
2459954.29658,2023-01-09.7972215,bm,1.61,16.428,>16.428,99.990,-0.262,0.195,g
2459954.43867,2023-01-09.9393118,bm,1.47,15.751,>15.751,99.990,-1.062,0.364,g
2459954.43990,2023-01-09.9405442,bm,1.45,15.887,>15.887,99.990,-0.285,0.321,g
2459954.44114,2023-01-09.9417874,bm,1.54,15.757,>15.757,99.990,0.285,0.361,g
2459954.63776,2023-01-10.1383966,bi,1.41,16.222,>16.222,99.990,-0.021,0.236,g
2459954.63900,2023-01-10.1396373,bi,1.48,16.322,>16.322,99.990,0.032,0.215,g
2459954.64024,2023-01-10.1408839,bi,1.48,16.188,>16.188,99.990,0.066,0.243,g
2459955.29397,2023-01-10.7946144,bm,2.22,16.055,>16.055,99.990,-0.016,0.275,g
2459955.29524,2023-01-10.7958881,bm,2.19,16.174,>16.174,99.990,-0.464,0.246,g
2459955.29652,2023-01-10.7971618,bm,2.19,16.000,>16.000,99.990,-0.545,0.289,g
2459955.44455,2023-01-10.9451965,bm,1.63,15.848,>15.848,99.990,0.078,0.333,g
2459955.44579,2023-01-10.9464405,bm,1.65,15.899,>15.899,99.990,0.806,0.317,g
2459955.44706,2023-01-10.9477047,bm,1.65,15.935,>15.935,99.990,-0.037,0.307,g
2459955.55035,2023-01-11.0509991,bF,1.5,99.990,99.990,99.990,99.990,99.990,g
2459955.55035,2023-01-11.0509994,bE,1.6,16.731,>16.731,99.990,0.182,0.147,g
2459955.55163,2023-01-11.0522880,bF,1.47,99.990,99.990,99.990,99.990,99.990,g
2459955.55164,2023-01-11.0522881,bE,1.63,16.785,>16.785,99.990,0.117,0.140,g
2459955.55292,2023-01-11.0535712,bF,1.48,99.990,99.990,99.990,99.990,99.990,g
2459955.55293,2023-01-11.0535714,bE,1.62,16.845,>16.845,99.990,0.018,0.133,g
2459955.63049,2023-01-11.1311407,bE,1.54,16.704,>16.704,99.990,0.264,0.151,g
2459955.63179,2023-01-11.1324311,bE,1.48,16.622,>16.622,99.990,0.154,0.163,g
2459955.63306,2023-01-11.1337093,bE,1.52,16.742,>16.742,99.990,0.044,0.146,g
2459957.64424,2023-01-13.1448974,bE,1.42,16.829,>16.829,99.990,0.244,0.135,g
2459957.64554,2023-01-13.1461971,bE,1.52,16.835,>16.835,99.990,0.110,0.134,g
2459957.64683,2023-01-13.1474847,bE,1.5,16.757,>16.757,99.990,0.146,0.144,g
2459957.71511,2023-01-13.2157650,bi,1.48,16.358,>16.358,99.990,0.019,0.208,g
2459957.71635,2023-01-13.2170070,bi,1.45,16.619,>16.619,99.990,-0.470,0.164,g
2459957.71761,2023-01-13.2182615,bi,1.46,16.591,>16.591,99.990,-0.037,0.168,g
2459958.31818,2023-01-13.8188312,bm,2.09,13.959,>13.959,99.990,-1.261,1.894,g
2459958.53800,2023-01-14.0386526,bi,2.01,16.458,>16.458,99.990,0.444,0.190,g
2459958.53924,2023-01-14.0398943,bi,1.96,16.499,>16.499,99.990,-0.074,0.183,g
2459958.54048,2023-01-14.0411349,bi,1.74,16.491,>16.491,99.990,-0.236,0.184,g
2459958.79243,2023-01-14.2930795,bE,1.54,16.680,>16.680,99.990,0.089,0.154,g
2459958.79373,2023-01-14.2943792,bE,1.48,16.562,>16.562,99.990,0.443,0.172,g
2459958.79502,2023-01-14.2956773,bE,1.49,16.657,>16.657,99.990,-0.118,0.158,g
2459959.30307,2023-01-14.8037291,bm,2.47,16.834,>16.834,99.990,0.027,0.134,g
2459959.30432,2023-01-14.8049714,bm,2.42,16.764,>16.764,99.990,0.051,0.143,g
2459959.30555,2023-01-14.8062061,bm,2.45,16.974,>16.974,99.990,0.072,0.118,g
2459959.45263,2023-01-14.9532835,bm,1.68,16.605,>16.605,99.990,-0.192,0.166,g
2459959.45388,2023-01-14.9545356,bm,1.66,16.670,>16.670,99.990,0.037,0.156,g
2459959.45512,2023-01-14.9557770,bm,1.66,16.606,>16.606,99.990,0.594,0.165,g
2459959.50774,2023-01-15.0083915,bm,1.66,16.589,>16.589,99.990,0.007,0.168,g
2459959.50898,2023-01-15.0096335,bm,1.61,16.424,>16.424,99.990,-0.156,0.196,g
2459959.51022,2023-01-15.0108756,bm,1.55,16.394,>16.394,99.990,-0.115,0.201,g
2459959.53791,2023-01-15.0385677,bi,2.13,16.440,>16.440,99.990,-0.059,0.193,g
2459959.53915,2023-01-15.0398108,bi,2.16,16.386,>16.386,99.990,0.473,0.203,g
2459959.54041,2023-01-15.0410626,bi,2.1,16.489,>16.489,99.990,0.051,0.184,g
2459960.28015,2023-01-15.7808024,bm,2.49,15.536,>15.536,99.990,0.373,0.443,g
2459961.52963,2023-01-17.0302961,bE,2.03,15.771,>15.771,99.990,0.486,0.357,g
2459961.52963,2023-01-17.0302954,bF,1.48,99.990,99.990,99.990,99.990,99.990,g
2459961.53092,2023-01-17.0315922,bF,1.59,99.990,99.990,99.990,99.990,99.990,g
2459961.53093,2023-01-17.0315929,bE,1.97,16.028,>16.028,99.990,0.278,0.282,g
2459961.53222,2023-01-17.0328899,bF,1.46,99.990,99.990,99.990,99.990,99.990,g
2459961.53223,2023-01-17.0328901,bE,1.98,16.154,>16.154,99.990,-0.541,0.251,g
2459961.66328,2023-01-17.1639348,bi,1.45,16.822,>16.822,99.990,0.392,0.136,g
2459961.66452,2023-01-17.1651799,bi,1.44,16.781,>16.781,99.990,0.207,0.141,g
2459961.66577,2023-01-17.1664309,bi,1.41,16.790,>16.790,99.990,-0.033,0.140,g
2459962.55971,2023-01-18.0603790,bE,1.67,16.927,>16.927,99.990,0.116,0.123,g
2459962.56100,2023-01-18.0616680,bE,1.64,16.824,>16.824,99.990,0.044,0.135,g
2459962.56230,2023-01-18.0629629,bF,1.61,99.990,99.990,99.990,99.990,99.990,g
2459962.56230,2023-01-18.0629631,bE,1.61,16.843,>16.843,99.990,0.409,0.133,g
2459963.76310,2023-01-19.2637701,bE,1.61,16.784,>16.784,99.990,0.277,0.140,g
2459963.76439,2023-01-19.2650652,bE,1.52,16.788,>16.788,99.990,0.119,0.140,g
2459963.76570,2023-01-19.2663685,bE,1.57,16.807,>16.807,99.990,0.091,0.137,g
2459964.78783,2023-01-20.2885008,bE,1.66,16.830,>16.830,99.990,-0.175,0.135,g
2459964.78912,2023-01-20.2897910,bE,1.59,16.937,>16.937,99.990,0.054,0.122,g
2459966.77863,2023-01-22.2792998,bE,1.58,17.016,>17.016,99.990,0.163,0.113,g
2459966.77992,2023-01-22.2805828,bE,1.57,16.946,>16.946,99.990,0.002,0.121,g
2459966.78120,2023-01-22.2818721,bE,1.5,16.711,>16.711,99.990,0.337,0.150,g
2459967.51889,2023-01-23.0195604,bm,1.53,16.776,>16.776,99.990,0.191,0.141,g
2459967.52014,2023-01-23.0208093,bm,1.57,16.792,>16.792,99.990,0.058,0.139,g
2459967.52139,2023-01-23.0220528,bm,1.53,16.812,>16.812,99.990,-0.069,0.137,g
2459968.52182,2023-01-24.0224976,bm,1.5,16.801,>16.801,99.990,0.151,0.138,g
2459968.52306,2023-01-24.0237406,bm,1.55,16.764,>16.764,99.990,0.014,0.143,g
2459968.52431,2023-01-24.0249886,bm,1.41,16.903,>16.903,99.990,0.121,0.126,g
2459968.75946,2023-01-24.2601334,bi,1.42,16.731,>16.731,99.990,0.073,0.147,g
2459968.76071,2023-01-24.2613789,bi,1.34,16.711,>16.711,99.990,0.158,0.150,g
2459968.76195,2023-01-24.2626204,bi,1.47,16.652,>16.652,99.990,0.211,0.159,g
2459971.52344,2023-01-27.0241082,bm,1.53,16.656,>16.656,99.990,0.228,0.158,g
2459971.52468,2023-01-27.0253499,bm,1.53,16.719,>16.719,99.990,-0.186,0.149,g
2459972.28482,2023-01-27.7854966,bm,2.21,16.434,>16.434,99.990,0.150,0.194,g
2459972.28618,2023-01-27.7868535,bm,2.19,16.589,>16.589,99.990,-0.234,0.168,g
2459972.28744,2023-01-27.7881074,bm,2.16,16.662,>16.662,99.990,0.436,0.157,g
2459973.54144,2023-01-29.0421127,bE,2.07,16.601,>16.601,99.990,0.366,0.166,g
2459973.54273,2023-01-29.0434004,bE,2.11,16.560,>16.560,99.990,0.051,0.173,g
2459973.54401,2023-01-29.0446821,bF,1.55,99.990,99.990,99.990,99.990,99.990,g
2459973.54401,2023-01-29.0446817,bE,2.05,16.678,>16.678,99.990,0.504,0.155,g
2459974.43120,2023-01-29.9318663,bm,2.11,16.599,>16.599,99.990,-0.063,0.166,g
2459974.43244,2023-01-29.9331072,bm,2.16,16.782,>16.782,99.990,0.060,0.141,g
2459974.43369,2023-01-29.9343571,bm,2.11,16.636,>16.636,99.990,0.086,0.161,g
2459974.76205,2023-01-30.2627214,bE,1.6,16.795,>16.795,99.990,0.068,0.139,g
2459975.56628,2023-01-31.0669523,bE,2.0,16.546,>16.546,99.990,-0.136,0.175,g
2459975.56757,2023-01-31.0682398,bE,1.98,16.435,>16.435,99.990,0.213,0.194,g
2459975.56886,2023-01-31.0695236,bE,1.99,16.489,>16.489,99.990,-0.352,0.184,g
2459977.36453,2023-02-01.8651956,bm,1.5,16.244,>16.244,99.990,0.472,0.231,g
2459977.36577,2023-02-01.8664376,bm,1.49,16.421,>16.421,99.990,-0.238,0.196,g
2459977.36701,2023-02-01.8676832,bm,1.57,16.377,>16.377,99.990,-0.483,0.204,g
2459977.67154,2023-02-02.1722018,bi,1.51,16.180,>16.180,99.990,-0.054,0.245,g
2459977.67278,2023-02-02.1734555,bi,1.58,16.168,>16.168,99.990,0.620,0.248,g
2459977.67401,2023-02-02.1746843,bi,1.54,16.170,>16.170,99.990,-0.014,0.247,g
2459978.50481,2023-02-03.0054750,bm,1.47,16.031,>16.031,99.990,-0.541,0.281,g
2459979.47047,2023-02-03.9711309,bm,1.58,15.939,>15.939,99.990,-0.428,0.306,g
2459979.47172,2023-02-03.9723787,bm,1.5,15.803,>15.803,99.990,-0.249,0.347,g
2459979.47295,2023-02-03.9736136,bm,1.52,15.850,>15.850,99.990,-0.058,0.332,g
2459980.39127,2023-02-04.8919267,bm,1.58,15.861,>15.861,99.990,0.113,0.328,g
2459980.39252,2023-02-04.8931782,bm,1.56,15.732,>15.732,99.990,-0.450,0.370,g
2459980.39375,2023-02-04.8944140,bm,1.5,16.007,>16.007,99.990,-0.236,0.287,g
2459980.65807,2023-02-05.1587262,bi,1.57,15.737,>15.737,99.990,-0.064,0.368,g
2459980.65930,2023-02-05.1599653,bi,1.57,15.635,>15.635,99.990,0.099,0.405,g
2459980.66055,2023-02-05.1612093,bi,1.53,15.657,>15.657,99.990,-0.045,0.397,g
2459981.71177,2023-02-06.2124311,bE,1.65,15.799,>15.799,99.990,0.626,0.348,g
2459981.71308,2023-02-06.2137339,bE,1.67,15.729,>15.729,99.990,0.064,0.371,g
2459981.71436,2023-02-06.2150222,bE,1.62,15.813,>15.813,99.990,-0.393,0.343,g
2459982.39314,2023-02-06.8937932,bm,1.53,15.579,>15.579,99.990,0.351,0.426,g
2459982.39438,2023-02-06.8950368,bm,1.59,15.623,>15.623,99.990,-0.617,0.409,g
2459982.39561,2023-02-06.8962714,bm,1.59,15.495,>15.495,99.990,-0.263,0.460,g
2459982.70309,2023-02-07.2037523,bE,2.01,15.945,>15.945,99.990,-0.601,0.304,g
2459982.70439,2023-02-07.2050471,bE,2.01,15.763,>15.763,99.990,0.616,0.360,g
2459982.70569,2023-02-07.2063442,bE,2.02,15.861,>15.861,99.990,0.555,0.329,g
2459983.66068,2023-02-08.1613321,bE,2.01,16.180,>16.180,99.990,-0.268,0.245,g
2459983.66198,2023-02-08.1626335,bE,2.0,16.048,>16.048,99.990,-0.275,0.277,g
2459983.66327,2023-02-08.1639291,bE,2.0,16.045,>16.045,99.990,-0.057,0.277,g
2459984.69411,2023-02-09.1947633,bi,1.53,16.075,>16.075,99.990,0.139,0.270,g
2459984.69536,2023-02-09.1960075,bi,1.55,16.039,>16.039,99.990,-0.056,0.279,g
2459984.69661,2023-02-09.1972591,bi,1.55,16.025,>16.025,99.990,0.689,0.283,g
2459985.27900,2023-02-09.7796626,bm,1.63,16.701,>16.701,99.990,-0.115,0.152,g
2459985.28026,2023-02-09.7809070,bm,1.58,16.839,>16.839,99.990,0.062,0.134,g
2459985.28149,2023-02-09.7821432,bm,1.53,16.689,>16.689,99.990,0.596,0.153,g
2459985.72400,2023-02-10.2246491,bE,2.13,16.096,>16.096,99.990,0.388,0.265,g
2459985.72529,2023-02-10.2259378,bE,2.12,16.109,>16.109,99.990,0.247,0.261,g
2459985.72660,2023-02-10.2272461,bE,2.12,16.102,>16.102,99.990,0.755,0.263,g
2459986.72478,2023-02-11.2254281,bE,1.73,16.159,>16.159,99.990,0.339,0.250,g
2459986.72608,2023-02-11.2267263,bE,1.68,15.977,>15.977,99.990,0.330,0.295,g
2459986.72738,2023-02-11.2280217,bE,1.73,16.078,>16.078,99.990,-0.846,0.269,g
2459987.70502,2023-02-12.2056578,bE,1.99,16.335,>16.335,99.990,0.199,0.212,g
2459987.70631,2023-02-12.2069464,bE,1.99,16.238,>16.238,99.990,0.052,0.232,g
2459987.70760,2023-02-12.2082457,bE,1.98,16.202,>16.202,99.990,-0.030,0.240,g
2459988.34116,2023-02-12.8417980,bm,1.52,16.911,>16.911,99.990,0.313,0.125,g
2459988.34241,2023-02-12.8430444,bm,1.59,16.857,>16.857,99.990,0.025,0.131,g
2459988.34365,2023-02-12.8442831,bm,1.6,16.848,>16.848,99.990,0.344,0.132,g
2459988.36384,2023-02-12.8644804,bm,1.53,16.960,>16.960,99.990,0.407,0.119,g
2459988.36509,2023-02-12.8657256,bm,1.61,17.168,>17.168,99.990,0.120,0.099,g
2459988.36633,2023-02-12.8669630,bm,1.52,16.884,>16.884,99.990,0.358,0.128,g
2459988.64918,2023-02-13.1498184,bi,1.5,16.622,>16.622,99.990,0.498,0.163,g
2459988.65041,2023-02-13.1510471,bi,1.47,16.608,>16.608,99.990,0.105,0.165,g
2459988.65166,2023-02-13.1523013,bi,1.48,16.607,>16.607,99.990,-0.129,0.165,g
2459990.28681,2023-02-14.7874399,bm,2.08,16.845,>16.845,99.990,0.256,0.133,g
2459990.28805,2023-02-14.7886787,bm,2.06,16.908,>16.908,99.990,0.146,0.125,g
2459990.28930,2023-02-14.7899261,bm,2.03,16.921,>16.921,99.990,0.404,0.124,g
2459990.44251,2023-02-14.9431420,bm,1.52,16.879,>16.879,99.990,-0.118,0.129,g
2459990.44374,2023-02-14.9443709,bm,1.57,16.787,>16.787,99.990,0.097,0.140,g
2459990.44498,2023-02-14.9456123,bm,1.49,16.919,>16.919,99.990,0.084,0.124,g
2459990.67477,2023-02-15.1753923,bi,1.52,16.592,>16.592,99.990,0.005,0.168,g
2459990.67601,2023-02-15.1766386,bi,1.46,16.686,>16.686,99.990,0.249,0.154,g
2459990.67726,2023-02-15.1778908,bi,1.5,16.816,>16.816,99.990,0.045,0.136,g
2459992.55310,2023-02-17.0537204,bi,1.59,16.873,>16.873,99.990,0.174,0.129,g
2459992.55434,2023-02-17.0549616,bi,1.57,16.629,>16.629,99.990,0.082,0.162,g
2459994.26743,2023-02-18.7680394,bm,1.53,16.420,>16.420,99.990,0.234,0.196,g
2459994.26880,2023-02-18.7694123,bm,1.65,16.645,>16.645,99.990,0.178,0.160,g
2459994.27026,2023-02-18.7708689,bm,1.51,16.603,>16.603,99.990,-0.209,0.166,g
2459995.60686,2023-02-20.1074702,bi,1.55,16.731,>16.731,99.990,0.229,0.147,g
2459995.60810,2023-02-20.1087166,bi,1.47,16.711,>16.711,99.990,0.143,0.150,g
2459995.60936,2023-02-20.1099628,bi,1.48,16.649,>16.649,99.990,0.169,0.159,g
2459996.70089,2023-02-21.2014973,bE,1.61,16.814,>16.814,99.990,0.063,0.137,g
2459996.70219,2023-02-21.2027938,bE,1.61,16.912,>16.912,99.990,0.116,0.125,g
2459997.58253,2023-02-22.0831281,bi,1.53,16.654,>16.654,99.990,0.136,0.158,g
2459997.58377,2023-02-22.0843653,bi,1.46,16.681,>16.681,99.990,0.078,0.154,g
2459997.58502,2023-02-22.0856165,bi,1.45,16.797,>16.797,99.990,0.240,0.139,g
2459998.41339,2023-02-22.9139771,bm,1.52,17.025,>17.025,99.990,0.004,0.112,g
2459998.41463,2023-02-22.9152187,bm,1.52,16.952,>16.952,99.990,0.085,0.120,g
2459998.41588,2023-02-22.9164711,bm,1.63,16.967,>16.967,99.990,0.048,0.119,g
2459998.69620,2023-02-23.1967934,bE,1.55,16.726,>16.726,99.990,0.113,0.148,g
2459999.44727,2023-02-23.9478589,bm,1.53,16.707,>16.707,99.990,0.405,0.151,g
2460000.41549,2023-02-24.9160694,bm,1.53,16.823,>16.823,99.990,-0.028,0.136,g
2460000.41675,2023-02-24.9173254,bm,1.55,16.787,>16.787,99.990,0.104,0.140,g
2460000.41798,2023-02-24.9185640,bm,1.58,16.850,>16.850,99.990,0.526,0.132,g
2460001.37775,2023-02-25.8783243,bm,1.58,16.901,>16.901,99.990,0.021,0.126,g
2460001.37899,2023-02-25.8795623,bm,1.55,16.887,>16.887,99.990,0.192,0.128,g
2460001.38023,2023-02-25.8808081,bm,1.55,16.742,>16.742,99.990,0.069,0.146,g
2460001.43117,2023-02-25.9317471,bm,2.0,16.816,>16.816,99.990,0.404,0.136,g
2460001.43243,2023-02-25.9330027,bm,1.62,16.841,>16.841,99.990,0.129,0.133,g
2460001.43366,2023-02-25.9342387,bm,1.59,16.810,>16.810,99.990,0.195,0.137,g
2460002.41265,2023-02-26.9132196,bm,1.53,16.866,>16.866,99.990,0.163,0.130,g
2460002.41389,2023-02-26.9144582,bm,1.57,16.815,>16.815,99.990,0.008,0.136,g
2460002.41514,2023-02-26.9157096,bm,1.64,16.814,>16.814,99.990,0.102,0.137,g
2460002.43941,2023-02-26.9399780,bm,1.44,16.739,>16.739,99.990,0.010,0.146,g
2460003.37309,2023-02-27.8736474,bm,1.54,16.796,>16.796,99.990,-0.287,0.139,g
2460003.37433,2023-02-27.8748930,bm,1.55,16.714,>16.714,99.990,-0.192,0.150,g
2460003.37557,2023-02-27.8761291,bm,1.53,16.637,>16.637,99.990,0.048,0.161,g
2460006.65060,2023-03-03.1511440,bE,1.7,16.279,>16.279,99.990,0.021,0.223,g
2460006.65190,2023-03-03.1524407,bE,1.66,16.296,>16.296,99.990,-0.036,0.220,g
2460006.65319,2023-03-03.1537337,bE,1.56,16.305,>16.305,99.990,0.226,0.218,g
2460007.63705,2023-03-04.1375854,bE,1.64,16.164,>16.164,99.990,-0.206,0.249,g
2460007.63834,2023-03-04.1388785,bE,1.65,16.237,>16.237,99.990,0.006,0.232,g
2460007.63963,2023-03-04.1401684,bE,1.55,16.139,>16.139,99.990,0.172,0.254,g
2460009.65820,2023-03-06.1587228,bE,1.63,15.930,>15.930,99.990,-0.708,0.308,g
2460009.65949,2023-03-06.1600138,bE,1.61,15.957,>15.957,99.990,-0.033,0.301,g
2460009.66078,2023-03-06.1612978,bE,1.7,15.896,>15.896,99.990,0.001,0.318,g
2460010.64826,2023-03-07.1487755,bE,1.53,15.913,>15.913,99.990,0.050,0.313,g
2460010.64955,2023-03-07.1500587,bE,1.52,15.819,>15.819,99.990,-0.075,0.342,g
2460010.65083,2023-03-07.1513454,bE,1.51,15.782,>15.782,99.990,-0.290,0.354,g
2460012.64268,2023-03-09.1431820,bE,1.59,15.975,>15.975,99.990,-0.133,0.296,g
2460012.64398,2023-03-09.1444810,bE,1.62,16.074,>16.074,99.990,-0.200,0.270,g
2460012.64528,2023-03-09.1457807,bE,1.65,16.123,>16.123,99.990,-0.071,0.258,g
2460013.29384,2023-03-09.7943354,bm,1.59,16.098,>16.098,99.990,0.413,0.264,g
2460013.29508,2023-03-09.7955665,bm,1.53,16.172,>16.172,99.990,0.174,0.247,g
2460013.29636,2023-03-09.7968502,bm,1.55,16.339,>16.339,99.990,0.088,0.212,g
2460014.39651,2023-03-10.8970021,bm,1.56,16.128,>16.128,99.990,-0.171,0.257,g
2460014.39781,2023-03-10.8982982,bm,1.59,16.027,>16.027,99.990,0.181,0.282,g
2460014.39906,2023-03-10.8995483,bm,1.56,15.948,>15.948,99.990,-0.511,0.303,g
2460014.64808,2023-03-11.1485638,bE,1.6,16.260,>16.260,99.990,-0.241,0.228,g
2460014.64936,2023-03-11.1498461,bE,1.46,16.144,>16.144,99.990,-0.091,0.253,g
2460014.65065,2023-03-11.1511365,bE,1.51,16.255,>16.255,99.990,-0.008,0.229,g
2460015.27670,2023-03-11.7771743,bm,1.58,16.860,>16.860,99.990,-0.019,0.131,g
2460015.27794,2023-03-11.7784162,bm,1.49,16.920,>16.920,99.990,0.196,0.124,g
2460015.27919,2023-03-11.7796674,bm,1.5,16.967,>16.967,99.990,0.290,0.119,g
2460015.52768,2023-03-12.0281510,bE,2.18,16.806,>16.806,99.990,-0.087,0.138,g
2460015.52896,2023-03-12.0294412,bE,2.15,16.783,>16.783,99.990,0.274,0.141,g
2460015.53027,2023-03-12.0307484,bE,2.12,16.837,>16.837,99.990,-0.048,0.134,g
2460016.24177,2023-03-12.7422432,bm,1.95,15.706,>15.706,99.990,0.070,0.379,g
2460016.24301,2023-03-12.7434851,bm,1.76,15.937,>15.937,99.990,-0.138,0.306,g
2460016.24425,2023-03-12.7447224,bm,1.66,15.965,>15.965,99.990,-0.034,0.299,g
2460016.33080,2023-03-12.8312702,bm,1.49,16.907,>16.907,99.990,0.308,0.125,g
2460016.33210,2023-03-12.8325685,bm,1.52,16.610,>16.610,99.990,0.025,0.165,g
2460016.33334,2023-03-12.8338162,bm,1.54,16.532,>16.532,99.990,0.050,0.177,g
2460016.56717,2023-03-13.0676305,bi,1.47,16.773,>16.773,99.990,0.360,0.142,g
2460016.56841,2023-03-13.0688688,bi,1.46,16.663,>16.663,99.990,0.064,0.157,g
2460016.56964,2023-03-13.0701033,bi,1.36,16.731,>16.731,99.990,0.148,0.148,g
2460017.25988,2023-03-13.7603489,bm,2.03,16.915,>16.915,99.990,0.121,0.125,g
2460017.26152,2023-03-13.7619846,bm,2.03,16.990,>16.990,99.990,-0.076,0.116,g
2460017.26309,2023-03-13.7635564,bm,2.03,16.911,>16.911,99.990,0.063,0.125,g
2460017.50904,2023-03-14.0095,bi,1.61,16.635,>16.635,99.990,0.379,0.161,g
2460017.51028,2023-03-14.0107396,bi,1.56,16.677,>16.677,99.990,-0.115,0.155,g
2460017.51153,2023-03-14.0119842,bi,1.6,16.696,>16.696,99.990,0.097,0.152,g
2460017.56638,2023-03-14.0668362,bi,1.53,16.767,>16.767,99.990,0.430,0.143,g
2460017.56762,2023-03-14.0680732,bi,1.46,16.820,>16.820,99.990,-0.046,0.136,g
2460017.56886,2023-03-14.0693152,bi,1.43,16.680,>16.680,99.990,-0.117,0.155,g
2460017.63608,2023-03-14.1365320,bE,1.64,16.651,>16.651,99.990,0.046,0.159,g
2460017.63736,2023-03-14.1378165,bE,1.58,16.673,>16.673,99.990,-0.048,0.156,g
2460017.63865,2023-03-14.1391083,bE,1.59,16.743,>16.743,99.990,0.081,0.146,g
2460018.55374,2023-03-15.0541890,bi,1.52,16.798,>16.798,99.990,-0.008,0.139,g
2460018.55497,2023-03-15.0554271,bi,1.49,16.812,>16.812,99.990,0.222,0.137,g
2460018.55621,2023-03-15.0566656,bi,1.44,16.830,>16.830,99.990,0.101,0.135,g
2460018.58028,2023-03-15.0807346,bE,1.65,16.828,>16.828,99.990,0.063,0.135,g
2460018.58158,2023-03-15.0820261,bE,1.66,16.891,>16.891,99.990,0.208,0.127,g
2460018.58287,2023-03-15.0833146,bE,1.7,16.973,>16.973,99.990,0.248,0.118,g
2460019.24986,2023-03-15.7503135,bm,2.03,16.618,>16.618,99.990,-0.212,0.164,g
2460019.25116,2023-03-15.7516081,bm,1.98,16.039,>16.039,99.990,0.420,0.279,g
2460019.63035,2023-03-16.1307873,bE,1.64,16.769,>16.769,99.990,0.120,0.142,g
2460019.63164,2023-03-16.1320783,bE,1.56,16.708,>16.708,99.990,-0.004,0.151,g
2460019.63292,2023-03-16.1333613,bE,1.66,16.742,>16.742,99.990,0.101,0.146,g
2460020.63618,2023-03-17.1366175,bE,1.5,16.728,>16.728,99.990,0.026,0.148,g
2460021.24728,2023-03-17.7477135,bm,1.59,16.769,>16.769,99.990,0.072,0.142,g
2460021.56239,2023-03-18.0628103,bi,1.48,16.929,>16.929,99.990,0.021,0.123,g
2460021.56488,2023-03-18.0652950,bi,1.46,16.695,>16.695,99.990,0.234,0.152,g
2460022.25225,2023-03-18.7526751,bm,1.57,14.094,>14.094,99.990,0.754,1.672,g
2460022.25350,2023-03-18.7539189,bm,1.49,15.090,>15.090,99.990,-1.502,0.668,g
2460022.25473,2023-03-18.7551489,bm,1.52,15.568,>15.568,99.990,0.208,0.430,g
2460022.61358,2023-03-19.1139890,bE,1.69,16.869,>16.869,99.990,0.007,0.130,g
2460022.61484,2023-03-19.1152578,bE,1.71,16.867,>16.867,99.990,0.147,0.130,g
2460022.61614,2023-03-19.1165579,bE,1.72,16.756,>16.756,99.990,-0.074,0.144,g
2460025.28199,2023-03-21.7823804,bm,1.53,16.873,>16.873,99.990,0.001,0.129,g
2460025.28345,2023-03-21.7838388,bm,1.52,16.908,>16.908,99.990,0.144,0.125,g
2460025.28492,2023-03-21.7853019,bm,1.54,16.871,>16.871,99.990,-0.156,0.130,g
2460025.62067,2023-03-22.1210564,bE,1.59,16.863,>16.863,99.990,0.319,0.131,g
2460025.62194,2023-03-22.1223325,bE,1.56,16.823,>16.823,99.990,-0.049,0.136,g
2460025.62324,2023-03-22.1236232,bE,1.54,16.759,>16.759,99.990,-0.141,0.144,g
2460026.61509,2023-03-23.1154679,bE,2.09,16.824,>16.824,99.990,0.140,0.135,g
2460026.61639,2023-03-23.1167657,bE,2.1,16.825,>16.825,99.990,0.018,0.135,g
2460026.61768,2023-03-23.1180553,bE,2.09,16.811,>16.811,99.990,0.315,0.137,g
2460028.57661,2023-03-25.0769625,bi,1.99,16.620,>16.620,99.990,-0.340,0.163,g
2460028.57785,2023-03-25.0782054,bi,2.01,16.598,>16.598,99.990,-0.032,0.167,g
2460028.57909,2023-03-25.0794450,bi,1.61,16.765,>16.765,99.990,0.147,0.143,g
2460030.56996,2023-03-27.0702956,bE,1.61,16.776,>16.776,99.990,-0.021,0.142,g
2460030.57125,2023-03-27.0715850,bE,1.63,16.915,>16.915,99.990,0.044,0.124,g
2460030.57256,2023-03-27.0728942,bE,1.65,16.797,>16.797,99.990,0.371,0.139,g
2460031.31876,2023-03-27.8190966,bm,1.59,16.641,>16.641,99.990,-0.048,0.160,g
2460031.32008,2023-03-27.8204119,bm,1.59,16.738,>16.738,99.990,0.205,0.147,g
2460031.32136,2023-03-27.8216938,bm,1.61,16.604,>16.604,99.990,0.317,0.166,g
2460031.34849,2023-03-27.8488190,bm,1.64,16.743,>16.743,99.990,0.176,0.146,g
2460031.34994,2023-03-27.8502766,bm,1.62,16.666,>16.666,99.990,-0.037,0.156,g
2460031.35140,2023-03-27.8517340,bm,1.63,16.754,>16.754,99.990,0.150,0.144,g
2460032.57186,2023-03-29.0721793,bE,2.03,16.712,>16.712,99.990,0.170,0.150,g
2460032.57314,2023-03-29.0734534,bE,2.01,16.650,>16.650,99.990,0.056,0.159,g
2460032.57443,2023-03-29.0747402,bE,2.02,16.489,>16.489,99.990,-0.196,0.184,g
2460033.52602,2023-03-30.0263253,bi,2.13,16.389,>16.389,99.990,0.342,0.202,g
2460033.52726,2023-03-30.0275673,bi,2.14,16.442,>16.442,99.990,0.061,0.192,g
2460033.52850,2023-03-30.0288103,bi,2.11,16.416,>16.416,99.990,-0.158,0.197,g
2460033.59057,2023-03-30.0908721,bi,2.03,16.219,>16.219,99.990,0.166,0.236,g
2460034.56841,2023-03-31.0687028,bE,2.45,16.292,>16.292,99.990,0.192,0.221,g
2460034.56969,2023-03-31.0699914,bE,2.46,16.605,>16.605,99.990,-0.111,0.166,g
2460034.57100,2023-03-31.0712939,bE,2.46,16.406,>16.406,99.990,0.374,0.199,g
2460035.31771,2023-03-31.8179932,bm,1.62,16.207,>16.207,99.990,-0.081,0.239,g
2460035.31895,2023-03-31.8192398,bm,1.61,16.251,>16.251,99.990,0.185,0.229,g
2460035.32020,2023-03-31.8204850,bm,1.56,16.240,>16.240,99.990,0.599,0.232,g
2460036.58567,2023-04-02.0859437,bE,1.69,16.164,>16.164,99.990,-0.211,0.248,g
2460036.58694,2023-04-02.0872135,bE,1.63,16.193,>16.193,99.990,0.336,0.242,g
2460036.58821,2023-04-02.0884842,bE,1.68,16.277,>16.277,99.990,-0.410,0.224,g
2460037.56424,2023-04-03.0645075,bE,1.52,16.295,>16.295,99.990,-0.125,0.220,g
2460037.56554,2023-04-03.0658074,bE,1.57,16.216,>16.216,99.990,0.084,0.237,g
2460037.56683,2023-04-03.0670953,bE,1.58,16.299,>16.299,99.990,-0.135,0.219,g
2460038.57873,2023-04-04.0789881,bE,1.51,14.433,>14.433,99.990,1.268,1.224,g
2460038.58003,2023-04-04.0802804,bE,1.53,14.512,>14.512,99.990,-1.306,1.138,g
2460038.58133,2023-04-04.0815785,bE,1.44,14.563,>14.563,99.990,-3.431,1.086,g
2460039.32129,2023-04-04.8215273,bm,1.58,15.893,>15.893,99.990,-0.589,0.319,g
2460039.32253,2023-04-04.822775,bm,1.55,15.670,>15.670,99.990,1.013,0.392,g
2460039.32378,2023-04-04.8240237,bm,1.57,15.818,>15.818,99.990,0.433,0.342,g
2460040.29054,2023-04-05.7907714,bm,1.59,15.505,>15.505,99.990,0.103,0.456,g
2460040.29181,2023-04-05.7920457,bm,1.52,15.704,>15.704,99.990,-0.438,0.380,g
2460040.29305,2023-04-05.7932829,bm,1.58,15.683,>15.683,99.990,0.267,0.387,g
2460040.58168,2023-04-06.0819127,bE,1.5,15.753,>15.753,99.990,-0.619,0.363,g
2460040.58296,2023-04-06.0831943,bE,2.38,15.270,>15.270,99.990,0.670,0.567,g
2460041.23855,2023-04-06.7387723,bm,1.55,15.896,>15.896,99.990,0.277,0.318,g
2460041.23978,2023-04-06.7399991,bm,1.51,15.984,>15.984,99.990,0.729,0.293,g
2460041.24111,2023-04-06.7413322,bm,1.57,15.805,>15.805,99.990,-0.594,0.346,g
2460041.32769,2023-04-06.8279092,bm,1.55,15.520,>15.520,99.990,0.286,0.450,g
2460041.32893,2023-04-06.8291512,bm,1.55,15.504,>15.504,99.990,0.667,0.457,g
2460041.33016,2023-04-06.8303789,bm,1.48,15.561,>15.561,99.990,-0.664,0.433,g
2460042.57551,2023-04-08.0757241,bE,1.54,16.042,>16.042,99.990,-0.291,0.278,g
2460042.57683,2023-04-08.0770331,bE,1.61,15.994,>15.994,99.990,-0.082,0.291,g
2460043.32168,2023-04-08.8218855,bm,2.18,15.826,>15.826,99.990,0.004,0.339,g
2460043.32302,2023-04-08.8232195,bm,2.17,15.838,>15.838,99.990,-0.803,0.336,g
2460043.32428,2023-04-08.8244827,bm,2.17,15.766,>15.766,99.990,0.626,0.359,g
2460043.56912,2023-04-09.0693179,bE,1.52,16.232,>16.232,99.990,0.288,0.233,g
2460043.57041,2023-04-09.0706033,bE,1.49,16.162,>16.162,99.990,0.201,0.249,g
2460043.57171,2023-04-09.0719057,bE,1.56,16.111,>16.111,99.990,-0.418,0.261,g
2460044.28434,2023-04-09.7845303,bm,2.08,16.177,>16.177,99.990,0.019,0.246,g
2460044.28558,2023-04-09.7857723,bm,2.05,16.317,>16.317,99.990,0.488,0.216,g
2460044.28682,2023-04-09.7870163,bm,2.09,16.315,>16.315,99.990,0.015,0.216,g
2460044.31600,2023-04-09.8161835,bm,2.27,16.074,>16.074,99.990,0.065,0.270,g
2460044.31724,2023-04-09.8174250,bm,2.27,16.051,>16.051,99.990,-0.290,0.276,g
2460044.31849,2023-04-09.8186755,bm,2.36,16.118,>16.118,99.990,0.012,0.259,g
2460045.27383,2023-04-10.7740083,bm,2.23,16.707,>16.707,99.990,0.299,0.151,g
2460045.27509,2023-04-10.7752621,bm,2.23,16.721,>16.721,99.990,0.061,0.149,g
2460045.27632,2023-04-10.7764960,bm,2.25,16.789,>16.789,99.990,0.023,0.140,g
2460045.53166,2023-04-11.0318395,bE,1.47,16.985,>16.985,99.990,0.317,0.117,g
2460045.53297,2023-04-11.0331410,bE,1.55,16.860,>16.860,99.990,0.219,0.131,g
2460045.53425,2023-04-11.0344221,bE,1.6,16.845,>16.845,99.990,0.265,0.133,g
2460046.56175,2023-04-12.0619170,bE,1.5,16.851,>16.851,99.990,0.178,0.132,g
2460046.56305,2023-04-12.0632125,bE,1.49,16.793,>16.793,99.990,-0.039,0.139,g
2460046.56434,2023-04-12.0645033,bE,1.48,16.818,>16.818,99.990,0.066,0.136,g
2460048.22685,2023-04-13.7269886,bm,1.52,16.036,>16.036,99.990,-0.237,0.280,g
2460048.22812,2023-04-13.7282655,bm,2.29,16.620,>16.620,99.990,-0.131,0.163,g
2460048.22935,2023-04-13.7294937,bm,1.56,16.823,>16.823,99.990,-0.040,0.135,g
2460049.52087,2023-04-15.0210106,bi,1.42,16.715,>16.715,99.990,-0.128,0.150,g
2460049.52212,2023-04-15.0222539,bi,1.48,16.875,>16.875,99.990,0.112,0.129,g
2460049.52337,2023-04-15.0234996,bi,1.46,16.840,>16.840,99.990,0.163,0.133,g
2460050.52101,2023-04-16.0211435,bE,1.52,16.676,>16.676,99.990,0.177,0.155,g
2460050.52229,2023-04-16.0224160,bE,1.47,16.858,>16.858,99.990,0.125,0.131,g
2460050.52358,2023-04-16.0237055,bE,1.55,16.844,>16.844,99.990,-0.069,0.133,g
2460051.23130,2023-04-16.7314171,bm,1.6,16.997,>16.997,99.990,0.205,0.115,g
2460051.23254,2023-04-16.7326541,bm,1.52,16.844,>16.844,99.990,0.268,0.133,g
2460051.23391,2023-04-16.7340219,bm,1.56,16.917,>16.917,99.990,0.222,0.124,g
2460052.26575,2023-04-17.7658553,bm,1.57,16.901,>16.901,99.990,0.254,0.126,g
2460052.26701,2023-04-17.7671081,bm,1.48,16.897,>16.897,99.990,-0.191,0.127,g
2460052.26828,2023-04-17.7683890,bm,1.5,16.935,>16.935,99.990,-0.047,0.122,g
2460053.51644,2023-04-19.0165287,bE,1.51,16.874,>16.874,99.990,0.352,0.129,g
2460053.51774,2023-04-19.0178310,bE,1.55,16.871,>16.871,99.990,0.164,0.130,g
2460053.51903,2023-04-19.0191173,bE,1.51,17.074,>17.074,99.990,0.105,0.108,g
2460056.49911,2023-04-21.9991658,bE,1.58,16.780,>16.780,99.990,0.107,0.141,g
2460056.50041,2023-04-22.0004608,bE,1.52,16.820,>16.820,99.990,0.275,0.136,g
2460056.50170,2023-04-22.0017556,bE,1.54,16.818,>16.818,99.990,-0.096,0.136,g
2460057.53301,2023-04-23.0330498,bE,1.5,16.833,>16.833,99.990,0.063,0.134,g
2460057.53431,2023-04-23.0343430,bE,1.54,16.896,>16.896,99.990,-0.053,0.127,g
2460057.53560,2023-04-23.0356400,bE,1.51,16.800,>16.800,99.990,0.068,0.138,g
2460059.48770,2023-04-24.9877209,bi,1.45,16.683,>16.683,99.990,-0.263,0.154,g
2460059.48893,2023-04-24.9889582,bi,1.44,16.529,>16.529,99.990,0.125,0.178,g
2460059.49019,2023-04-24.9902026,bi,1.47,16.577,>16.577,99.990,0.058,0.170,g
2460059.52949,2023-04-25.0295012,bE,1.45,16.927,>16.927,99.990,0.138,0.123,g
2460059.53076,2023-04-25.0307774,bE,1.51,16.725,>16.725,99.990,0.402,0.148,g
2460060.49081,2023-04-25.9908186,bi,1.44,16.673,>16.673,99.990,0.308,0.156,g
2460060.49206,2023-04-25.9920697,bi,1.42,16.583,>16.583,99.990,0.411,0.169,g
2460060.49331,2023-04-25.9933247,bi,1.44,16.597,>16.597,99.990,0.041,0.167,g
2460061.51540,2023-04-27.0153887,bE,1.48,16.720,>16.720,99.990,0.080,0.149,g
2460061.51670,2023-04-27.0166883,bE,1.47,16.752,>16.752,99.990,0.278,0.145,g
2460061.51798,2023-04-27.0179716,bE,1.46,16.740,>16.740,99.990,0.266,0.146,g
2460063.23161,2023-04-28.7315818,bm,1.43,99.990,99.990,99.990,99.990,99.990,g
2460063.23285,2023-04-28.7328160,bm,1.96,13.541,>13.541,99.990,0.500,2.784,g
2460063.47463,2023-04-28.9746127,bE,1.51,16.566,>16.566,99.990,0.086,0.172,g
2460063.47593,2023-04-28.9759098,bE,1.5,16.616,>16.616,99.990,-0.043,0.164,g
2460063.47723,2023-04-28.9772064,bE,1.45,16.429,>16.429,99.990,-0.065,0.195,g
2460063.51399,2023-04-29.0139572,bE,1.55,16.498,>16.498,99.990,-0.066,0.183,g
2460063.51527,2023-04-29.0152424,bE,1.68,16.625,>16.625,99.990,0.172,0.163,g
2460063.51656,2023-04-29.0165333,bE,1.52,16.397,>16.397,99.990,-0.011,0.201,g
2460064.50575,2023-04-30.0057094,bE,1.53,16.499,>16.499,99.990,0.032,0.183,g
2460064.50703,2023-04-30.0069931,bE,1.5,16.359,>16.359,99.990,0.125,0.208,g
2460064.50831,2023-04-30.0082780,bE,1.54,16.501,>16.501,99.990,0.071,0.182,g
2460065.51242,2023-05-01.0123659,bE,1.48,16.288,>16.288,99.990,0.248,0.222,g
2460065.51371,2023-05-01.0136574,bE,1.55,16.215,>16.215,99.990,0.377,0.237,g
2460066.25306,2023-05-01.7530005,bm,1.53,16.065,>16.065,99.990,0.742,0.272,g
2460066.25433,2023-05-01.7542631,bm,1.6,16.132,>16.132,99.990,-0.195,0.256,g
2460066.25558,2023-05-01.7555148,bm,1.59,16.154,>16.154,99.990,0.048,0.251,g
2460067.50798,2023-05-03.0079034,bE,1.48,15.890,>15.890,99.990,-0.077,0.320,g
2460067.50928,2023-05-03.0091994,bE,2.3,15.726,>15.726,99.990,0.363,0.372,g
2460068.21542,2023-05-03.7153309,bm,1.51,16.195,>16.195,99.990,-0.100,0.242,g
2460068.21666,2023-05-03.7165715,bm,1.49,15.901,>15.901,99.990,-0.073,0.317,g
2460068.21791,2023-05-03.7178262,bm,1.57,16.123,>16.123,99.990,-0.613,0.258,g
2460068.50568,2023-05-04.0055886,bE,1.56,16.158,>16.158,99.990,0.274,0.250,g
2460069.24876,2023-05-04.7486688,bm,2.12,15.598,>15.598,99.990,-0.386,0.419,g
2460069.25001,2023-05-04.7499178,bm,2.13,15.677,>15.677,99.990,0.233,0.389,g
2460069.25125,2023-05-04.7511586,bm,2.1,15.638,>15.638,99.990,-1.247,0.404,g
2460070.49980,2023-05-05.9996958,bE,1.45,15.617,>15.617,99.990,0.084,0.411,g
2460070.50110,2023-05-06.0009925,bE,1.56,15.651,>15.651,99.990,0.003,0.399,g
2460071.20228,2023-05-06.7021646,bm,2.05,15.752,>15.752,99.990,-0.586,0.363,g
2460071.20352,2023-05-06.7034064,bm,2.04,15.979,>15.979,99.990,-1.052,0.295,g
2460071.20477,2023-05-06.7046557,bm,2.04,15.921,>15.921,99.990,0.236,0.311,g
2460072.49091,2023-05-07.9907819,bE,1.47,16.706,>16.706,99.990,-0.153,0.151,g
2460072.49219,2023-05-07.9920582,bE,1.49,16.430,>16.430,99.990,0.170,0.195,g
2460072.49347,2023-05-07.9933480,bE,1.5,16.398,>16.398,99.990,0.334,0.200,g
2460073.23912,2023-05-08.7389754,bm,1.54,16.740,>16.740,99.990,-0.156,0.146,g
2460073.24037,2023-05-08.7402246,bm,1.56,16.765,>16.765,99.990,0.151,0.143,g
2460073.24161,2023-05-08.7414664,bm,1.5,16.797,>16.797,99.990,0.057,0.139,g
2460073.45358,2023-05-08.9534380,bi,1.44,15.704,>15.704,99.990,-0.126,0.380,g
2460073.45483,2023-05-08.9546937,bi,1.5,15.823,>15.823,99.990,-0.395,0.340,g
2460073.45606,2023-05-08.9559158,bi,1.49,15.923,>15.923,99.990,0.430,0.310,g
2460074.48480,2023-05-09.9846542,bE,1.43,16.764,>16.764,99.990,0.149,0.143,g
2460074.48610,2023-05-09.9859515,bE,1.55,16.769,>16.769,99.990,0.424,0.142,g
2460074.48740,2023-05-09.9872534,bE,1.5,16.836,>16.836,99.990,0.449,0.134,g
2460128.94815,2023-07-03.4475284,bE,1.48,15.469,>15.469,99.990,-0.235,0.471,g
2460128.94815,2023-07-03.4475284,bF,1.48,99.990,99.990,99.990,99.990,99.990,g
2460128.94944,2023-07-03.4488152,bF,1.5,99.990,99.990,99.990,99.990,99.990,g
2460129.94682,2023-07-04.4461903,bi,1.59,15.430,>15.430,99.990,0.774,0.489,g
2460129.94805,2023-07-04.4474248,bi,1.42,15.401,>15.401,99.990,1.156,0.502,g
2460130.94841,2023-07-05.4477770,bF,1.52,99.990,99.990,99.990,99.990,99.990,g
2460130.94841,2023-07-05.4477778,bE,1.94,15.449,>15.449,99.990,0.403,0.480,g
2460130.94971,2023-07-05.4490722,bF,1.6,99.990,99.990,99.990,99.990,99.990,g
2460131.94516,2023-07-06.4445199,bi,1.48,14.953,>14.953,99.990,0.182,0.758,g
2460131.94640,2023-07-06.4457627,bi,1.54,14.835,>14.835,99.990,0.504,0.845,g
2460131.94764,2023-07-06.4470043,bi,1.49,14.992,>14.992,99.990,-1.229,0.731,g
2460132.94387,2023-07-07.4432282,bi,1.49,15.921,>15.921,99.990,-0.285,0.311,g
2460132.94511,2023-07-07.4444712,bi,1.51,16.103,>16.103,99.990,0.214,0.263,g
2460132.94635,2023-07-07.4457059,bi,1.49,15.823,>15.823,99.990,0.117,0.340,g
2460133.94143,2023-07-08.4407905,bF,1.54,99.990,99.990,99.990,99.990,99.990,g
2460133.94144,2023-07-08.4407898,bE,1.57,16.323,>16.323,99.990,-0.052,0.215,g
2460133.94272,2023-07-08.4420774,bF,1.58,99.990,99.990,99.990,99.990,99.990,g
2460133.94272,2023-07-08.4420780,bE,1.58,16.262,>16.262,99.990,0.128,0.227,g
2460133.94403,2023-07-08.4433868,bF,1.61,99.990,99.990,99.990,99.990,99.990,g
2460133.94403,2023-07-08.4433868,bE,1.54,16.184,>16.184,99.990,0.087,0.244,g
2460134.94080,2023-07-09.4401484,bi,1.46,99.990,99.990,99.990,99.990,99.990,g
2460134.94205,2023-07-09.4413983,bi,1.48,99.990,99.990,99.990,99.990,99.990,g
2460134.94329,2023-07-09.4426387,bi,1.35,99.990,99.990,99.990,99.990,99.990,g
2460136.68080,2023-07-11.1801366,bm,2.44,16.448,>16.448,99.990,-0.164,0.191,g
2460136.68205,2023-07-11.1813885,bm,2.44,16.458,>16.458,99.990,0.246,0.190,g
2460136.68331,2023-07-11.1826476,bm,2.42,16.364,>16.364,99.990,-0.093,0.207,g
2460138.93422,2023-07-13.4335616,bi,1.43,16.746,>16.746,99.990,0.077,0.145,g
2460138.93545,2023-07-13.4347880,bi,1.47,16.775,>16.775,99.990,0.315,0.142,g
2460138.93669,2023-07-13.4360354,bi,1.43,16.615,>16.615,99.990,0.204,0.164,g
2460139.92761,2023-07-14.4269465,bF,1.54,99.990,99.990,99.990,99.990,99.990,g
2460139.92762,2023-07-14.4269473,bE,1.55,16.794,>16.794,99.990,0.449,0.139,g
2460139.92891,2023-07-14.4282429,bF,1.55,99.990,99.990,99.990,99.990,99.990,g
2460139.92891,2023-07-14.4282428,bE,1.49,16.934,>16.934,99.990,0.048,0.122,g
2460139.93020,2023-07-14.4295461,bF,1.56,99.990,99.990,99.990,99.990,99.990,g
2460139.93021,2023-07-14.4295465,bE,1.5,16.895,>16.895,99.990,0.184,0.127,g
2460140.94198,2023-07-15.4413098,bi,1.46,16.296,>16.296,99.990,-0.160,0.220,g
2460140.94320,2023-07-15.4425246,bi,1.52,16.309,>16.309,99.990,-0.106,0.217,g
2460140.94443,2023-07-15.4437572,bi,1.53,16.082,>16.082,99.990,0.166,0.268,g
2460141.67574,2023-07-16.1750690,bm,2.33,16.663,>16.663,99.990,-0.225,0.157,g
2460141.67702,2023-07-16.1763416,bm,2.27,16.664,>16.664,99.990,0.138,0.157,g
2460141.67825,2023-07-16.1775806,bm,2.31,16.679,>16.679,99.990,0.175,0.155,g
2460142.66700,2023-07-17.1663293,bm,1.63,16.346,>16.346,99.990,0.030,0.210,g
2460142.66828,2023-07-17.1676098,bm,1.71,16.398,>16.398,99.990,-0.163,0.200,g
2460142.66951,2023-07-17.1688432,bm,1.67,16.077,>16.077,99.990,0.243,0.269,g
2460150.67960,2023-07-25.1789089,bm,2.39,16.618,>16.618,99.990,-0.005,0.164,g
2460150.68084,2023-07-25.1801474,bm,2.41,16.482,>16.482,99.990,0.202,0.185,g
2460150.68207,2023-07-25.1813777,bm,2.4,16.650,>16.650,99.990,-0.120,0.159,g
2460151.94084,2023-07-26.4401535,bE,1.48,16.440,>16.440,99.990,0.169,0.193,g
2460151.94084,2023-07-26.4401535,bF,1.56,99.990,99.990,99.990,99.990,99.990,g
2460151.94213,2023-07-26.4414471,bF,1.48,99.990,99.990,99.990,99.990,99.990,g
2460151.94214,2023-07-26.4414475,bE,1.55,16.310,>16.310,99.990,0.453,0.217,g
2460151.94345,2023-07-26.4427640,bF,1.57,99.990,99.990,99.990,99.990,99.990,g
2460151.94345,2023-07-26.4427633,bE,1.56,16.184,>16.184,99.990,-0.213,0.244,g
2460158.89171,2023-08-02.3910233,bF,2.02,99.990,99.990,99.990,99.990,99.990,g
2460158.89171,2023-08-02.3910233,bE,1.48,15.713,>15.713,99.990,1.020,0.377,g
2460158.89302,2023-08-02.3923347,bE,1.55,16.090,>16.090,99.990,-0.192,0.266,g
2460158.89302,2023-08-02.3923348,bF,2.05,99.990,99.990,99.990,99.990,99.990,g
2460158.89433,2023-08-02.3936487,bE,1.54,15.707,>15.707,99.990,0.211,0.379,g
2460158.89434,2023-08-02.3936484,bF,2.03,99.990,99.990,99.990,99.990,99.990,g
2460159.67766,2023-08-03.1769776,bm,1.57,15.769,>15.769,99.990,-0.459,0.358,g
2460159.67890,2023-08-03.1782182,bm,1.58,15.793,>15.793,99.990,-0.129,0.350,g
2460159.68014,2023-08-03.1794576,bm,1.52,15.885,>15.885,99.990,-0.404,0.321,g
2460160.63437,2023-08-04.1336873,bm,1.99,99.990,99.990,99.990,99.990,99.990,g
2460161.62639,2023-08-05.1257069,bm,1.5,16.092,>16.092,99.990,-0.418,0.266,g
2460161.62762,2023-08-05.1269390,bm,1.57,16.074,>16.074,99.990,-0.137,0.270,g
2460161.62887,2023-08-05.1281880,bm,1.55,16.011,>16.011,99.990,-0.285,0.286,g
2460163.62632,2023-08-07.1256368,bm,1.53,16.593,>16.593,99.990,-0.064,0.167,g
2460163.62756,2023-08-07.1268822,bm,1.57,16.541,>16.541,99.990,-0.205,0.176,g
2460163.62887,2023-08-07.1281906,bm,1.57,16.484,>16.484,99.990,0.590,0.185,g
2460164.61954,2023-08-08.1188574,bm,1.53,16.449,>16.449,99.990,0.201,0.191,g
2460164.62076,2023-08-08.1200829,bm,1.52,16.531,>16.531,99.990,0.333,0.177,g
2460164.62200,2023-08-08.1213188,bm,1.5,16.458,>16.458,99.990,-0.020,0.190,g
2460167.61791,2023-08-11.1172398,bm,1.5,16.614,>16.614,99.990,-0.017,0.164,g
2460167.61917,2023-08-11.1185019,bm,1.53,16.618,>16.618,99.990,-0.445,0.164,g
2460167.62041,2023-08-11.1197415,bm,1.55,16.691,>16.691,99.990,-0.060,0.153,g
2460172.59428,2023-08-16.0936188,bm,1.55,16.629,>16.629,99.990,-0.042,0.162,g
2460172.59551,2023-08-16.0948587,bm,1.59,16.847,>16.847,99.990,0.010,0.133,g
2460172.59676,2023-08-16.0961052,bm,1.51,16.725,>16.725,99.990,-0.056,0.148,g
2460173.58904,2023-08-17.0883879,bm,2.06,16.821,>16.821,99.990,0.285,0.136,g
2460173.59029,2023-08-17.0896414,bm,2.06,16.734,>16.734,99.990,0.286,0.147,g
2460173.59154,2023-08-17.0908880,bm,2.06,16.917,>16.917,99.990,0.001,0.124,g
2460176.58734,2023-08-20.0867043,bm,1.99,16.820,>16.820,99.990,0.044,0.136,g
2460176.58857,2023-08-20.0879390,bm,2.0,16.779,>16.779,99.990,-0.197,0.141,g
2460176.58980,2023-08-20.0891655,bm,1.98,16.822,>16.822,99.990,0.376,0.136,g
2460183.56461,2023-08-27.0640033,bm,2.13,16.459,>16.459,99.990,0.001,0.189,g
2460183.56584,2023-08-27.0652347,bm,2.14,16.471,>16.471,99.990,-0.205,0.187,g
2460185.56360,2023-08-29.0630050,bm,1.56,15.814,>15.814,99.990,0.220,0.343,g
2460185.56486,2023-08-29.064275,bm,1.55,15.729,>15.729,99.990,-0.251,0.371,g
2460185.56614,2023-08-29.0655429,bm,1.58,15.772,>15.772,99.990,1.230,0.357,g
2460205.53126,2023-09-18.0308153,bm,2.0,16.781,>16.781,99.990,0.068,0.141,g
2460205.53250,2023-09-18.0320513,bm,2.0,16.779,>16.779,99.990,0.265,0.141,g
2460205.53379,2023-09-18.0333510,bm,1.62,16.724,>16.724,99.990,0.004,0.148,g
2460206.54064,2023-09-19.0402165,bm,1.64,16.700,>16.700,99.990,0.103,0.152,g
2460206.54187,2023-09-19.0414377,bm,1.53,16.737,>16.737,99.990,0.031,0.147,g
2460206.54310,2023-09-19.0426667,bm,1.54,16.890,>16.890,99.990,0.067,0.127,g
2460208.49903,2023-09-20.9986091,bm,2.3,16.586,>16.586,99.990,-0.206,0.168,g
2460208.50030,2023-09-20.9998876,bm,2.3,16.844,>16.844,99.990,0.127,0.133,g
2460208.50156,2023-09-21.0011436,bm,2.33,16.621,>16.621,99.990,0.340,0.163,g
2460215.47407,2023-09-27.9737234,bm,2.19,15.719,>15.719,99.990,0.779,0.375,g
2460215.47531,2023-09-27.9749671,bm,2.13,15.727,>15.727,99.990,0.673,0.372,g
2460215.47654,2023-09-27.9761968,bm,2.16,15.686,>15.686,99.990,0.605,0.386,g
2460216.73707,2023-09-29.2367315,bE,1.64,15.612,>15.612,99.990,0.560,0.413,g
2460216.73707,2023-09-29.2367315,bF,1.95,99.990,99.990,99.990,99.990,99.990,g
2460216.73835,2023-09-29.2380162,bF,1.97,99.990,99.990,99.990,99.990,99.990,g
2460216.73835,2023-09-29.2380160,bE,1.63,15.844,>15.844,99.990,-0.451,0.334,g
2460216.73963,2023-09-29.2392921,bE,1.56,15.653,>15.653,99.990,0.086,0.398,g
2460216.73963,2023-09-29.2392925,bF,1.46,99.990,99.990,99.990,99.990,99.990,g
2460217.72454,2023-09-30.2242197,bE,1.47,15.950,>15.950,99.990,0.012,0.303,g
2460217.72455,2023-09-30.2242201,bF,1.53,99.990,99.990,99.990,99.990,99.990,g
2460217.72582,2023-09-30.2254967,bE,1.46,15.783,>15.783,99.990,-0.412,0.353,g
2460217.72582,2023-09-30.2254968,bF,1.44,99.990,99.990,99.990,99.990,99.990,g
2460217.72709,2023-09-30.2267731,bE,1.51,15.837,>15.837,99.990,0.644,0.336,g
2460217.72710,2023-09-30.2267739,bF,1.67,99.990,99.990,99.990,99.990,99.990,g
2460218.71071,2023-10-01.2103898,bF,1.64,99.990,99.990,99.990,99.990,99.990,g
2460218.71071,2023-10-01.2103896,bE,1.59,15.986,>15.986,99.990,0.293,0.293,g
2460218.71199,2023-10-01.2116743,bE,1.54,16.085,>16.085,99.990,-0.575,0.267,g
2460218.71199,2023-10-01.2116747,bF,1.49,99.990,99.990,99.990,99.990,99.990,g
2460218.71328,2023-10-01.2129638,bE,1.53,16.032,>16.032,99.990,0.100,0.281,g
2460218.71328,2023-10-01.2129641,bF,1.46,99.990,99.990,99.990,99.990,99.990,g
2460219.47050,2023-10-01.9701888,bm,1.67,15.979,>15.979,99.990,0.442,0.295,g
2460219.47174,2023-10-01.9714318,bm,1.55,15.992,>15.992,99.990,0.431,0.291,g
2460219.47296,2023-10-01.9726549,bm,1.72,15.915,>15.915,99.990,-0.550,0.313,g
2460219.58005,2023-10-02.0797512,bm,1.54,16.160,>16.160,99.990,0.386,0.250,g
2460219.58128,2023-10-02.0809741,bm,1.58,16.091,>16.091,99.990,-0.153,0.266,g
2460219.75274,2023-10-02.2524378,bF,1.52,99.990,99.990,99.990,99.990,99.990,g
2460219.75274,2023-10-02.2524370,bE,1.44,16.220,>16.220,99.990,0.449,0.236,g
2460219.75402,2023-10-02.2537140,bF,1.53,99.990,99.990,99.990,99.990,99.990,g
2460219.75402,2023-10-02.2537144,bE,1.5,16.206,>16.206,99.990,-0.153,0.239,g
2460219.75529,2023-10-02.2549927,bF,1.6,99.990,99.990,99.990,99.990,99.990,g
2460219.75530,2023-10-02.2549917,bE,1.49,16.147,>16.147,99.990,0.011,0.252,g
2460219.83603,2023-10-02.3357328,bF,1.5,99.990,99.990,99.990,99.990,99.990,g
2460219.83604,2023-10-02.3357326,bE,1.46,16.270,>16.270,99.990,-0.458,0.225,g
2460219.83732,2023-10-02.3370093,bF,1.52,99.990,99.990,99.990,99.990,99.990,g
2460219.83732,2023-10-02.3370096,bE,1.54,16.233,>16.233,99.990,0.095,0.233,g
2460219.83860,2023-10-02.3382929,bE,1.55,16.334,16.209,0.196,1.192,0.213,g
2460220.45082,2023-10-02.9505200,bm,1.57,16.060,>16.060,99.990,0.003,0.273,g
2460220.45205,2023-10-02.9517539,bm,1.6,16.400,>16.400,99.990,-0.619,0.200,g
2460220.45330,2023-10-02.9530026,bm,1.56,16.463,>16.463,99.990,-0.157,0.189,g
2460220.54969,2023-10-03.0493902,bm,1.5,16.276,>16.276,99.990,-0.055,0.224,g
2460220.55089,2023-10-03.0505971,bm,1.47,16.273,>16.273,99.990,-0.106,0.225,g
2460220.55212,2023-10-03.0518259,bm,1.58,16.208,>16.208,99.990,-0.674,0.239,g
2460221.46622,2023-10-03.9659379,bm,1.57,16.260,>16.260,99.990,0.248,0.227,g
2460221.46746,2023-10-03.9671693,bm,1.53,16.143,>16.143,99.990,0.829,0.253,g
2460221.46868,2023-10-03.9683957,bm,1.65,16.239,>16.239,99.990,-0.155,0.232,g
2460221.70151,2023-10-04.2012248,bF,1.58,99.990,99.990,99.990,99.990,99.990,g
2460221.70151,2023-10-04.2012248,bE,1.53,16.800,>16.800,99.990,0.315,0.138,g
2460221.70280,2023-10-04.2025141,bE,1.58,16.621,>16.621,99.990,0.381,0.163,g
2460221.70280,2023-10-04.2025146,bF,1.56,99.990,99.990,99.990,99.990,99.990,g
2460221.70407,2023-10-04.2037895,bE,1.59,16.546,>16.546,99.990,0.082,0.175,g
2460221.70407,2023-10-04.2037898,bF,1.59,99.990,99.990,99.990,99.990,99.990,g
2460221.77344,2023-10-04.2731637,bi,1.38,16.639,>16.639,99.990,0.372,0.161,g
2460221.77467,2023-10-04.2743917,bi,1.44,16.339,>16.339,99.990,0.058,0.212,g
2460221.77590,2023-10-04.2756194,bi,1.46,16.416,>16.416,99.990,-0.269,0.197,g
2460222.71212,2023-10-05.2118517,bF,1.59,99.990,99.990,99.990,99.990,99.990,g
2460222.71212,2023-10-05.2118525,bE,1.51,16.708,>16.708,99.990,0.164,0.151,g
2460222.71339,2023-10-05.2131276,bE,1.44,16.853,>16.853,99.990,0.110,0.132,g
2460222.71339,2023-10-05.2131277,bF,1.56,99.990,99.990,99.990,99.990,99.990,g
2460222.71467,2023-10-05.2144034,bF,1.53,99.990,99.990,99.990,99.990,99.990,g
2460222.71467,2023-10-05.2144039,bE,1.54,16.672,>16.672,99.990,0.145,0.156,g
2460223.45993,2023-10-05.9596693,bm,1.74,16.211,>16.211,99.990,0.370,0.238,g
2460223.88908,2023-10-06.388825,bi,1.52,16.352,>16.352,99.990,0.139,0.209,g
2460223.89031,2023-10-06.3900548,bi,1.49,16.053,>16.053,99.990,-0.261,0.275,g
2460223.89155,2023-10-06.3912896,bi,1.42,15.871,>15.871,99.990,0.669,0.326,g
2460224.71352,2023-10-07.2132695,bF,1.64,99.990,99.990,99.990,99.990,99.990,g
2460224.71353,2023-10-07.2132692,bE,1.53,16.650,>16.650,99.990,0.092,0.159,g
2460224.71480,2023-10-07.2145456,bE,1.54,16.733,>16.733,99.990,0.113,0.147,g
2460224.71480,2023-10-07.2145465,bF,1.69,99.990,99.990,99.990,99.990,99.990,g
2460224.71608,2023-10-07.2158303,bE,1.57,16.696,>16.696,99.990,-0.075,0.152,g
2460224.71608,2023-10-07.2158306,bF,1.62,99.990,99.990,99.990,99.990,99.990,g
2460225.70978,2023-10-08.2095464,bF,1.62,99.990,99.990,99.990,99.990,99.990,g
2460225.70979,2023-10-08.2095461,bE,1.48,16.802,>16.802,99.990,0.029,0.138,g
2460225.71105,2023-10-08.2108135,bF,1.56,99.990,99.990,99.990,99.990,99.990,g
2460225.71106,2023-10-08.2108141,bE,1.47,16.791,>16.791,99.990,0.376,0.140,g
2460225.71233,2023-10-08.2120939,bF,1.53,99.990,99.990,99.990,99.990,99.990,g
2460225.71234,2023-10-08.2120944,bE,1.62,16.826,>16.826,99.990,0.008,0.135,g
2460226.86398,2023-10-09.36375,bE,1.57,16.810,>16.810,99.990,0.198,0.137,g
2460226.86526,2023-10-09.3650289,bE,1.56,16.829,>16.829,99.990,-0.022,0.135,g
2460226.86654,2023-10-09.3663093,bE,1.59,16.767,>16.767,99.990,-0.078,0.143,g
2460228.44237,2023-10-10.9421607,bm,2.01,16.829,>16.829,99.990,0.311,0.135,g
2460228.44360,2023-10-10.9434005,bm,2.02,16.827,>16.827,99.990,0.382,0.135,g
2460228.44483,2023-10-10.9446262,bm,2.01,16.969,>16.969,99.990,-0.097,0.118,g
2460228.69642,2023-10-11.1962187,bF,1.49,99.990,99.990,99.990,99.990,99.990,g
2460228.69643,2023-10-11.1962193,bE,1.54,16.767,>16.767,99.990,0.255,0.143,g
2460228.69771,2023-10-11.1974986,bF,1.56,99.990,99.990,99.990,99.990,99.990,g
2460228.69771,2023-10-11.1974984,bE,1.5,16.755,>16.755,99.990,0.147,0.144,g
2460228.69897,2023-10-11.1987702,bF,1.53,99.990,99.990,99.990,99.990,99.990,g
2460228.69898,2023-10-11.1987708,bE,1.51,16.830,>16.830,99.990,-0.034,0.135,g
2460228.88356,2023-10-11.3833502,bi,1.41,16.540,>16.540,99.990,-0.333,0.176,g
2460228.88479,2023-10-11.3845791,bi,1.43,16.301,>16.301,99.990,-0.011,0.219,g
2460228.88601,2023-10-11.3858081,bi,1.37,16.150,>16.150,99.990,-0.537,0.252,g
2460229.83652,2023-10-12.3363288,bF,1.49,99.990,99.990,99.990,99.990,99.990,g
2460229.83652,2023-10-12.3363288,bE,1.52,16.822,>16.822,99.990,0.075,0.136,g
2460229.83779,2023-10-12.3375978,bF,1.56,99.990,99.990,99.990,99.990,99.990,g
2460229.83779,2023-10-12.3375976,bE,1.51,16.870,>16.870,99.990,0.153,0.130,g
2460231.80638,2023-10-14.3062091,bi,1.43,16.936,>16.936,99.990,0.139,0.122,g
2460231.80761,2023-10-14.3074449,bi,1.51,16.819,>16.819,99.990,0.267,0.136,g
2460232.76049,2023-10-15.2603386,bi,1.53,16.876,>16.876,99.990,0.110,0.129,g
2460232.76173,2023-10-15.2615743,bi,1.55,16.766,>16.766,99.990,0.018,0.143,g
2460232.76297,2023-10-15.2628104,bi,1.43,16.919,>16.919,99.990,0.201,0.124,g
2460233.43125,2023-10-15.9310984,bm,2.19,16.623,>16.623,99.990,-0.220,0.163,g
2460233.43251,2023-10-15.9323615,bm,2.12,16.833,>16.833,99.990,-0.016,0.134,g
2460233.43375,2023-10-15.9336009,bm,2.12,16.688,>16.688,99.990,0.079,0.153,g
2460234.46789,2023-10-16.9677476,bm,1.64,16.593,>16.593,99.990,0.219,0.167,g
2460234.46912,2023-10-16.9689790,bm,1.98,16.772,>16.772,99.990,0.022,0.142,g
2460234.47037,2023-10-16.9702210,bm,1.97,16.799,>16.799,99.990,-0.178,0.139,g
2460234.68291,2023-10-17.1827723,bF,1.49,99.990,99.990,99.990,99.990,99.990,g
2460234.68292,2023-10-17.1827721,bE,1.49,15.614,>15.614,99.990,1.073,0.412,g
2460234.68417,2023-10-17.1840408,bF,1.47,99.990,99.990,99.990,99.990,99.990,g
2460234.68418,2023-10-17.1840409,bE,1.44,16.083,>16.083,99.990,-0.443,0.268,g
2460234.68545,2023-10-17.1853144,bF,1.48,99.990,99.990,99.990,99.990,99.990,g
2460234.68545,2023-10-17.1853145,bE,1.5,16.137,>16.137,99.990,0.648,0.255,g
2460235.47885,2023-10-17.9787225,bm,1.53,16.829,>16.829,99.990,0.110,0.135,g
2460235.48008,2023-10-17.9799530,bm,1.45,16.913,>16.913,99.990,0.038,0.125,g
2460235.48131,2023-10-17.9811792,bm,1.54,16.810,>16.810,99.990,-0.093,0.137,g
2460235.67870,2023-10-18.1785804,bF,1.59,99.990,99.990,99.990,99.990,99.990,g
2460235.67871,2023-10-18.1785804,bE,1.57,16.861,>16.861,99.990,-0.115,0.131,g
2460235.67998,2023-10-18.1798523,bF,1.61,99.990,99.990,99.990,99.990,99.990,g
2460235.67999,2023-10-18.1798532,bE,1.5,16.780,>16.780,99.990,0.100,0.141,g
2460235.68124,2023-10-18.1811165,bF,1.56,99.990,99.990,99.990,99.990,99.990,g
2460235.68125,2023-10-18.1811170,bE,1.52,16.834,>16.834,99.990,0.220,0.134,g
2460237.40909,2023-10-19.9089768,bm,1.5,16.849,>16.849,99.990,-0.045,0.132,g
2460237.41031,2023-10-19.9101960,bm,1.5,16.772,>16.772,99.990,0.065,0.142,g
2460237.41154,2023-10-19.9114285,bm,1.5,16.699,>16.699,99.990,0.207,0.152,g
2460237.65632,2023-10-20.1562197,bF,1.5,99.990,99.990,99.990,99.990,99.990,g
2460237.65633,2023-10-20.1562203,bE,1.48,16.726,>16.726,99.990,0.242,0.148,g
2460237.65758,2023-10-20.1574803,bE,1.55,16.782,>16.782,99.990,-0.119,0.141,g
2460237.65759,2023-10-20.1574805,bF,1.48,99.990,99.990,99.990,99.990,99.990,g
2460237.65887,2023-10-20.1587667,bE,1.49,16.629,>16.629,99.990,0.305,0.162,g
2460237.65887,2023-10-20.1587660,bF,1.45,99.990,99.990,99.990,99.990,99.990,g
2460237.81417,2023-10-20.3140754,bi,1.54,99.990,99.990,99.990,99.990,99.990,g
2460237.81540,2023-10-20.3152995,bi,1.55,14.604,>14.604,99.990,-2.191,1.046,g
2460237.81663,2023-10-20.3165310,bi,1.63,99.990,99.990,99.990,99.990,99.990,g
2460238.66589,2023-10-21.1657974,bF,1.56,99.990,99.990,99.990,99.990,99.990,g
2460238.66589,2023-10-21.1657971,bE,1.49,16.716,>16.716,99.990,0.239,0.149,g
2460238.66717,2023-10-21.1670723,bF,1.56,99.990,99.990,99.990,99.990,99.990,g
2460238.66717,2023-10-21.1670730,bE,1.46,16.802,>16.802,99.990,0.114,0.138,g
2460238.66844,2023-10-21.1683496,bF,1.56,99.990,99.990,99.990,99.990,99.990,g
2460238.66845,2023-10-21.1683494,bE,1.5,16.722,>16.722,99.990,0.180,0.149,g
2460238.76209,2023-10-21.2619998,bF,1.57,99.990,99.990,99.990,99.990,99.990,g
2460238.76210,2023-10-21.262,bE,1.46,99.990,99.990,99.990,99.990,99.990,g
2460238.76336,2023-10-21.2632728,bF,1.55,99.990,99.990,99.990,99.990,99.990,g
2460238.76337,2023-10-21.2632729,bE,1.46,13.938,>13.938,99.990,0.849,1.931,g
2460238.76464,2023-10-21.2645491,bF,1.6,99.990,99.990,99.990,99.990,99.990,g
2460238.76465,2023-10-21.2645491,bE,1.42,99.990,99.990,99.990,99.990,99.990,g
2460239.66730,2023-10-22.1672218,bF,1.57,99.990,99.990,99.990,99.990,99.990,g
2460239.66731,2023-10-22.1672217,bE,1.52,16.578,>16.578,99.990,-0.109,0.170,g
2460239.66858,2023-10-22.1685026,bF,1.5,99.990,99.990,99.990,99.990,99.990,g
2460239.66859,2023-10-22.1685028,bE,1.5,16.598,>16.598,99.990,0.135,0.167,g
2460239.66986,2023-10-22.1697758,bE,1.56,16.442,>16.442,99.990,-0.185,0.192,g
2460239.66986,2023-10-22.1697769,bF,1.53,99.990,99.990,99.990,99.990,99.990,g
2460242.39578,2023-10-24.8957347,bm,2.06,16.054,>16.054,99.990,-0.239,0.275,g
2460242.39701,2023-10-24.8969662,bm,2.08,16.129,>16.129,99.990,0.431,0.257,g
2460242.39824,2023-10-24.8981938,bm,2.08,16.145,>16.145,99.990,0.191,0.253,g
2460242.55400,2023-10-25.0539563,bm,2.48,16.401,>16.401,99.990,-0.324,0.200,g
2460242.68138,2023-10-25.1813362,bi,1.39,16.274,>16.274,99.990,0.455,0.225,g
2460242.68261,2023-10-25.1825649,bi,1.55,16.189,>16.189,99.990,-0.038,0.243,g
2460242.68385,2023-10-25.1838059,bi,1.51,16.125,>16.125,99.990,-0.063,0.258,g
2460242.79952,2023-10-25.2994718,bE,1.5,16.421,>16.421,99.990,0.215,0.196,g
2460242.80101,2023-10-25.3009599,bE,1.51,16.574,>16.574,99.990,-0.089,0.170,g
2460242.80227,2023-10-25.3022233,bF,1.49,99.990,99.990,99.990,99.990,99.990,g
2460242.80227,2023-10-25.3022233,bE,1.52,16.709,>16.709,99.990,-0.092,0.150,g
2460243.66155,2023-10-26.1615167,bF,1.62,99.990,99.990,99.990,99.990,99.990,g
2460243.66155,2023-10-26.1615146,bE,1.46,16.251,>16.251,99.990,0.176,0.229,g
2460243.66282,2023-10-26.1627793,bF,1.52,99.990,99.990,99.990,99.990,99.990,g
2460243.66282,2023-10-26.1627795,bE,1.55,16.041,>16.041,99.990,0.168,0.278,g
2460243.66409,2023-10-26.1640590,bF,1.58,99.990,99.990,99.990,99.990,99.990,g
2460243.66409,2023-10-26.1640584,bE,1.55,16.079,>16.079,99.990,0.120,0.269,g
2460243.78032,2023-10-26.2802971,bi,1.55,16.252,>16.252,99.990,0.106,0.229,g
2460243.78156,2023-10-26.2815269,bi,1.55,16.195,>16.195,99.990,-0.036,0.242,g
2460243.78279,2023-10-26.2827559,bi,1.46,16.339,>16.339,99.990,0.125,0.212,g
2460243.87278,2023-10-26.3727575,bi,1.49,16.258,>16.258,99.990,-0.082,0.228,g
2460243.87402,2023-10-26.3739909,bi,1.47,16.210,>16.210,99.990,0.709,0.238,g
2460243.87526,2023-10-26.3752280,bi,1.53,15.968,>15.968,99.990,0.533,0.298,g
2460244.39044,2023-10-26.8904083,bm,1.59,15.840,>15.840,99.990,0.222,0.335,g
2460244.39170,2023-10-26.8916762,bm,1.54,15.783,>15.783,99.990,-0.228,0.353,g
2460244.39294,2023-10-26.8929206,bm,1.55,15.839,>15.839,99.990,1.174,0.335,g
2460244.59717,2023-10-27.0971496,bm,2.24,16.125,>16.125,99.990,-0.063,0.258,g
2460244.59841,2023-10-27.0983928,bm,2.26,16.006,>16.006,99.990,0.148,0.288,g
2460244.59965,2023-10-27.0996299,bm,2.24,15.947,>15.947,99.990,0.542,0.304,g
2460244.64889,2023-10-27.1488642,bE,1.48,15.857,>15.857,99.990,-0.037,0.330,g
2460244.64889,2023-10-27.1488644,bF,1.51,99.990,99.990,99.990,99.990,99.990,g
2460244.65016,2023-10-27.1501349,bF,1.51,99.990,99.990,99.990,99.990,99.990,g
2460244.65016,2023-10-27.1501349,bE,1.56,16.045,>16.045,99.990,-0.356,0.277,g
2460244.65146,2023-10-27.1514369,bE,1.49,15.933,>15.933,99.990,-0.016,0.307,g
2460244.65147,2023-10-27.1514378,bF,1.57,99.990,99.990,99.990,99.990,99.990,g
2460244.79323,2023-10-27.2932136,bi,1.45,99.990,99.990,99.990,99.990,99.990,g
2460245.64512,2023-10-28.1451057,bF,1.67,99.990,99.990,99.990,99.990,99.990,g
2460245.64512,2023-10-28.1451056,bE,1.42,15.817,>15.817,99.990,0.505,0.342,g
2460245.64639,2023-10-28.1463863,bF,1.69,99.990,99.990,99.990,99.990,99.990,g
2460245.64640,2023-10-28.1463858,bE,1.51,15.981,>15.981,99.990,-0.084,0.294,g
2460245.64767,2023-10-28.1476603,bF,1.68,99.990,99.990,99.990,99.990,99.990,g
2460245.64768,2023-10-28.1476615,bE,1.66,15.792,>15.792,99.990,0.288,0.350,g
2460247.63597,2023-10-30.1359837,bF,1.59,99.990,99.990,99.990,99.990,99.990,g
2460247.63597,2023-10-30.1359844,bE,1.48,15.939,>15.939,99.990,-0.367,0.306,g
2460247.63725,2023-10-30.1372666,bF,1.57,99.990,99.990,99.990,99.990,99.990,g
2460247.63726,2023-10-30.1372671,bE,1.56,15.959,>15.959,99.990,0.267,0.300,g
2460247.63854,2023-10-30.1385496,bF,1.57,99.990,99.990,99.990,99.990,99.990,g
2460247.63854,2023-10-30.1385493,bE,1.47,16.023,>16.023,99.990,0.725,0.283,g
2460247.82976,2023-10-30.3297707,bE,1.41,15.636,>15.636,99.990,0.707,0.404,g
2460247.83103,2023-10-30.3310496,bE,1.57,14.904,>14.904,99.990,0.624,0.793,g
2460247.83231,2023-10-30.332325,bE,1.6,14.891,>14.891,99.990,2.839,0.803,g
2460248.47300,2023-10-30.9730180,bm,2.11,15.960,>15.960,99.990,-0.303,0.300,g
2460248.47422,2023-10-30.9742354,bm,2.15,15.779,>15.779,99.990,-1.053,0.354,g
2460248.47545,2023-10-30.9754710,bm,2.13,15.803,>15.803,99.990,0.582,0.347,g
2460248.68474,2023-10-31.1847582,bE,1.51,16.064,>16.064,99.990,-0.221,0.273,g
2460248.68474,2023-10-31.1847579,bF,1.57,99.990,99.990,99.990,99.990,99.990,g
2460248.68601,2023-10-31.1860336,bE,1.5,15.944,>15.944,99.990,0.148,0.304,g
2460248.68601,2023-10-31.1860331,bF,1.53,99.990,99.990,99.990,99.990,99.990,g
2460248.68728,2023-10-31.1873077,bE,1.41,15.791,>15.791,99.990,0.481,0.351,g
2460248.68729,2023-10-31.1873077,bF,1.57,99.990,99.990,99.990,99.990,99.990,g
2460248.86799,2023-10-31.3680171,bi,1.55,15.964,>15.964,99.990,0.466,0.299,g
2460248.86922,2023-10-31.3692471,bi,1.58,16.131,>16.131,99.990,0.672,0.256,g
2460248.87044,2023-10-31.3704780,bi,1.51,15.742,>15.742,99.990,0.661,0.367,g
2460249.58717,2023-11-01.0872018,bm,2.07,15.857,>15.857,99.990,1.040,0.330,g
2460249.58840,2023-11-01.0884379,bm,2.06,15.743,>15.743,99.990,0.609,0.366,g
2460249.58963,2023-11-01.0896585,bm,2.1,14.773,>14.773,99.990,-2.188,0.895,g
2460250.74782,2023-11-02.2478731,bF,1.59,99.990,99.990,99.990,99.990,99.990,g
2460252.38685,2023-11-03.8869223,bm,1.99,16.788,>16.788,99.990,0.274,0.140,g
2460252.38809,2023-11-03.8881607,bm,1.98,16.788,>16.788,99.990,0.172,0.140,g
2460252.38932,2023-11-03.8893915,bm,2.0,16.823,>16.823,99.990,-0.395,0.135,g
2460252.62393,2023-11-04.1240008,bi,1.4,16.743,>16.743,99.990,0.114,0.146,g
2460252.62515,2023-11-04.1252318,bi,1.52,16.682,>16.682,99.990,0.108,0.154,g
2460252.62639,2023-11-04.1264633,bi,1.51,16.787,>16.787,99.990,0.422,0.140,g
2460253.37570,2023-11-04.8757726,bm,1.5,16.740,>16.740,99.990,-0.100,0.146,g
2460253.37691,2023-11-04.8769888,bm,1.57,16.887,>16.887,99.990,0.039,0.128,g
2460253.37815,2023-11-04.8782234,bm,1.5,16.794,>16.794,99.990,0.095,0.139,g
2460253.62089,2023-11-05.1209732,bi,1.49,17.020,>17.020,99.990,0.046,0.113,g
2460253.62213,2023-11-05.1222100,bi,1.42,16.755,>16.755,99.990,0.089,0.144,g
2460253.62334,2023-11-05.1234331,bi,1.4,16.628,>16.628,99.990,0.419,0.162,g
2460253.84864,2023-11-05.3487202,bi,1.49,16.689,>16.689,99.990,0.179,0.153,g
2460253.84985,2023-11-05.3499361,bi,1.51,16.589,>16.589,99.990,0.111,0.168,g
2460253.85108,2023-11-05.3511673,bi,1.47,16.665,>16.665,99.990,0.291,0.157,g
2460254.35925,2023-11-05.8593346,bm,1.55,16.682,>16.682,99.990,0.004,0.154,g
2460254.36049,2023-11-05.8605778,bm,1.49,16.779,>16.779,99.990,0.158,0.141,g
2460254.36173,2023-11-05.8618195,bm,1.54,16.881,>16.881,99.990,-0.128,0.128,g
2460254.62919,2023-11-06.1292858,bF,1.52,99.990,99.990,99.990,99.990,99.990,g
2460254.63118,2023-11-06.1312754,bF,1.53,99.990,99.990,99.990,99.990,99.990,g
2460254.63316,2023-11-06.1332634,bF,1.48,99.990,99.990,99.990,99.990,99.990,g
2460254.83790,2023-11-06.3379879,bi,1.48,16.796,>16.796,99.990,-0.032,0.139,g
2460254.83914,2023-11-06.3392297,bi,1.42,16.762,>16.762,99.990,0.079,0.143,g
2460254.84035,2023-11-06.3404542,bi,1.54,16.742,>16.742,99.990,0.310,0.146,g
2460256.35710,2023-11-07.8572185,bm,2.01,16.965,>16.965,99.990,-0.032,0.119,g
2460256.35835,2023-11-07.8584701,bm,2.02,16.675,>16.675,99.990,0.271,0.155,g
2460256.35959,2023-11-07.8597060,bm,1.63,16.659,>16.659,99.990,0.015,0.158,g
2460256.61150,2023-11-08.1116219,bi,1.46,16.836,>16.836,99.990,0.164,0.134,g
2460256.61273,2023-11-08.1128530,bi,1.44,16.750,>16.750,99.990,0.559,0.145,g
2460256.61395,2023-11-08.1140690,bi,1.4,16.796,>16.796,99.990,0.380,0.139,g
2460257.40387,2023-11-08.9039936,bm,1.52,16.655,>16.655,99.990,0.330,0.158,g
2460257.40511,2023-11-08.9052388,bm,1.56,16.953,>16.953,99.990,0.067,0.120,g
2460257.40636,2023-11-08.9064865,bm,1.53,16.801,>16.801,99.990,0.211,0.138,g
2460257.65479,2023-11-09.1549108,bF,1.51,99.990,99.990,99.990,99.990,99.990,g
2460257.65678,2023-11-09.1569046,bF,1.51,99.990,99.990,99.990,99.990,99.990,g
2460257.65875,2023-11-09.1588732,bF,1.49,99.990,99.990,99.990,99.990,99.990,g
2460258.41522,2023-11-09.9153658,bm,1.56,16.872,>16.872,99.990,0.191,0.129,g
2460258.41645,2023-11-09.9165869,bm,1.5,16.868,>16.868,99.990,0.243,0.130,g
2460258.41768,2023-11-09.9178172,bm,1.54,16.910,>16.910,99.990,-0.061,0.125,g
2460259.35756,2023-11-10.8577133,bm,1.47,16.805,>16.805,99.990,-0.023,0.138,g
2460259.35879,2023-11-10.8589446,bm,1.52,16.826,>16.826,99.990,-0.223,0.135,g
2460259.36002,2023-11-10.8601695,bm,1.51,16.714,>16.714,99.990,0.098,0.150,g
2460259.49033,2023-11-10.9904792,bm,1.52,17.046,>17.046,99.990,-0.053,0.110,g
2460259.49155,2023-11-10.9917026,bm,1.49,17.048,>17.048,99.990,0.236,0.110,g
2460259.49278,2023-11-10.9929328,bm,1.54,16.855,>16.855,99.990,0.100,0.132,g
2460261.35200,2023-11-12.8521656,bm,1.52,16.800,>16.800,99.990,-0.260,0.138,g
2460261.35322,2023-11-12.8533886,bm,1.51,16.701,>16.701,99.990,0.248,0.152,g
2460261.35446,2023-11-12.8546326,bm,1.51,16.795,>16.795,99.990,0.429,0.139,g
2460261.49909,2023-11-12.9992621,bm,1.58,16.782,>16.782,99.990,0.239,0.141,g
2460261.50033,2023-11-13.0005015,bm,1.6,16.707,>16.707,99.990,0.203,0.151,g
2460261.50157,2023-11-13.0017388,bm,1.58,16.795,>16.795,99.990,0.123,0.139,g
2460261.67604,2023-11-13.1762172,bi,1.49,16.826,>16.826,99.990,0.005,0.135,g
2460261.67725,2023-11-13.1774357,bi,1.39,16.874,>16.874,99.990,0.230,0.129,g
2460261.67848,2023-11-13.1786585,bi,1.53,16.740,>16.740,99.990,0.190,0.146,g
2460262.34921,2023-11-13.8494002,bm,1.49,16.825,>16.825,99.990,0.068,0.135,g
2460262.35044,2023-11-13.8506288,bm,1.54,16.851,>16.851,99.990,0.035,0.132,g
2460262.35169,2023-11-13.8518763,bm,1.55,16.892,>16.892,99.990,-0.046,0.127,g
2460262.62279,2023-11-14.1229745,bF,1.48,99.990,99.990,99.990,99.990,99.990,g
2460262.62477,2023-11-14.1249621,bF,1.52,99.990,99.990,99.990,99.990,99.990,g
2460262.62677,2023-11-14.1269561,bF,1.54,99.990,99.990,99.990,99.990,99.990,g
2460263.43028,2023-11-14.9304666,bm,1.54,16.742,>16.742,99.990,0.196,0.146,g
2460263.43150,2023-11-14.9316885,bm,1.53,16.989,>16.989,99.990,0.181,0.116,g
2460263.43272,2023-11-14.9329208,bm,1.51,16.819,>16.819,99.990,0.054,0.136,g
2460264.64517,2023-11-16.1453795,bE,1.46,16.774,>16.774,99.990,0.167,0.142,g
2460264.64517,2023-11-16.1453793,bF,1.53,16.379,>16.379,99.990,0.085,0.204,g
2460264.64650,2023-11-16.1467138,bE,1.54,16.799,>16.799,99.990,-0.029,0.138,g
2460264.64651,2023-11-16.1467142,bF,1.59,16.276,>16.276,99.990,0.175,0.224,g
2460264.64779,2023-11-16.1479962,bF,1.56,99.990,99.990,99.990,99.990,99.990,g
2460264.64779,2023-11-16.1479972,bE,1.53,16.876,>16.876,99.990,0.244,0.129,g
2460265.33503,2023-11-16.8352461,bm,1.53,16.771,>16.771,99.990,0.173,0.142,g
2460265.33626,2023-11-16.8364835,bm,1.49,16.710,>16.710,99.990,0.219,0.150,g
2460265.33750,2023-11-16.8377157,bm,1.47,16.757,>16.757,99.990,0.149,0.144,g
2460265.58242,2023-11-17.0826371,bF,1.49,99.990,99.990,99.990,99.990,99.990,g
2460265.58242,2023-11-17.0826378,bE,1.53,16.656,>16.656,99.990,-0.069,0.158,g
2460265.58369,2023-11-17.0839112,bE,1.48,16.681,>16.681,99.990,0.280,0.154,g
2460265.58369,2023-11-17.0839112,bF,1.48,99.990,99.990,99.990,99.990,99.990,g
2460265.58497,2023-11-17.0851907,bF,1.54,99.990,99.990,99.990,99.990,99.990,g
2460265.58497,2023-11-17.0851914,bE,1.54,16.724,>16.724,99.990,0.126,0.148,g
2460265.74511,2023-11-17.2453270,bE,1.5,16.876,>16.876,99.990,0.254,0.129,g
2460265.74638,2023-11-17.2466027,bF,1.57,99.990,99.990,99.990,99.990,99.990,g
2460265.74638,2023-11-17.2466030,bE,1.45,16.966,>16.966,99.990,0.361,0.119,g
2460265.74768,2023-11-17.2478928,bE,1.53,16.844,>16.844,99.990,0.340,0.133,g
2460267.45416,2023-11-18.9543951,bm,1.49,16.507,>16.507,99.990,0.086,0.181,g
2460267.45539,2023-11-18.9556217,bm,1.48,16.543,>16.543,99.990,0.041,0.175,g
2460267.45662,2023-11-18.9568626,bm,1.52,16.779,>16.779,99.990,-0.125,0.141,g
2460269.71016,2023-11-21.2104284,bF,1.58,99.990,99.990,99.990,99.990,99.990,g
2460269.71017,2023-11-21.2104284,bE,1.53,16.618,>16.618,99.990,-0.136,0.164,g
2460269.71143,2023-11-21.2117059,bF,1.57,99.990,99.990,99.990,99.990,99.990,g
2460269.71145,2023-11-21.2117064,bE,1.57,16.710,>16.710,99.990,0.229,0.150,g
2460269.71273,2023-11-21.2129915,bE,1.48,16.578,>16.578,99.990,0.578,0.170,g
2460270.35972,2023-11-21.8599932,bm,1.51,16.313,>16.313,99.990,-0.092,0.217,g
2460270.36095,2023-11-21.8612223,bm,1.56,16.394,>16.394,99.990,0.049,0.201,g
2460270.36218,2023-11-21.8624503,bm,1.55,16.190,>16.190,99.990,0.257,0.243,g
2460270.49032,2023-11-21.9906024,bm,1.6,16.606,>16.606,99.990,-0.167,0.165,g
2460270.49174,2023-11-21.9920116,bm,1.58,16.567,>16.567,99.990,-0.231,0.172,g
2460270.49350,2023-11-21.9937765,bm,1.63,16.546,>16.546,99.990,0.278,0.175,g
2460270.80955,2023-11-22.3098248,bE,1.5,16.890,>16.890,99.990,0.067,0.127,g
2460270.81082,2023-11-22.3110962,bE,1.53,16.899,>16.899,99.990,0.274,0.126,g
2460270.81209,2023-11-22.3123616,bE,1.5,16.880,>16.880,99.990,0.161,0.129,g
2460271.48342,2023-11-22.9837003,bm,1.51,16.251,>16.251,99.990,-0.052,0.229,g
2460271.48465,2023-11-22.9849293,bm,1.49,16.303,>16.303,99.990,0.055,0.219,g
2460271.48589,2023-11-22.9861674,bm,1.52,16.354,>16.354,99.990,-0.007,0.209,g
2460271.73640,2023-11-23.2366870,bE,1.46,16.394,>16.394,99.990,0.179,0.201,g
2460271.73767,2023-11-23.2379591,bE,1.54,16.586,>16.586,99.990,0.128,0.169,g
2460271.73767,2023-11-23.2379600,bF,1.58,99.990,99.990,99.990,99.990,99.990,g
2460271.73894,2023-11-23.2392236,bE,1.44,16.434,>16.434,99.990,0.020,0.194,g
2460272.63652,2023-11-24.1368192,bE,1.48,16.251,>16.251,99.990,0.191,0.229,g
2460272.63652,2023-11-24.1368192,bF,2.14,99.990,99.990,99.990,99.990,99.990,g
2460272.63781,2023-11-24.1380989,bE,1.5,16.222,>16.222,99.990,0.282,0.236,g
2460272.63781,2023-11-24.1380986,bF,2.0,99.990,99.990,99.990,99.990,99.990,g
2460272.63908,2023-11-24.1393817,bF,1.99,99.990,99.990,99.990,99.990,99.990,g
2460272.63908,2023-11-24.1393828,bE,1.48,16.091,>16.091,99.990,0.456,0.266,g
2460274.35600,2023-11-25.8563055,bm,1.55,15.811,>15.811,99.990,0.014,0.344,g
2460274.35724,2023-11-25.8575472,bm,1.51,15.920,>15.920,99.990,0.115,0.311,g
2460274.35847,2023-11-25.8587832,bm,1.55,15.810,>15.810,99.990,0.267,0.345,g
2460274.49514,2023-11-25.9954575,bm,1.59,15.884,>15.884,99.990,-0.285,0.322,g
2460274.49637,2023-11-25.9966833,bm,1.58,15.990,>15.990,99.990,-0.084,0.292,g
2460274.49759,2023-11-25.9979024,bm,1.58,15.943,>15.943,99.990,-0.314,0.305,g
2460274.65369,2023-11-26.1540162,bi,1.51,16.002,>16.002,99.990,0.168,0.289,g
2460274.65493,2023-11-26.1552483,bi,1.53,15.908,>15.908,99.990,-0.134,0.315,g
2460274.65618,2023-11-26.1565054,bi,1.53,15.973,>15.973,99.990,0.398,0.296,g
2460274.85129,2023-11-26.3516070,bi,1.55,16.092,>16.092,99.990,0.022,0.266,g
2460274.85253,2023-11-26.3528547,bi,1.4,16.143,>16.143,99.990,-0.062,0.253,g
2460274.85376,2023-11-26.3540744,bi,1.57,16.063,>16.063,99.990,0.641,0.273,g
2460276.37188,2023-11-27.8722221,bm,1.56,15.795,>15.795,99.990,0.443,0.349,g
2460276.37313,2023-11-27.8734730,bm,1.47,15.710,>15.710,99.990,0.034,0.378,g
2460276.37437,2023-11-27.8747158,bm,1.55,15.783,>15.783,99.990,0.552,0.353,g
2460276.70217,2023-11-28.2025103,bF,1.52,99.990,99.990,99.990,99.990,99.990,g
2460276.70218,2023-11-28.2025101,bE,1.57,16.075,>16.075,99.990,-0.526,0.270,g
2460276.70345,2023-11-28.2037863,bF,1.56,99.990,99.990,99.990,99.990,99.990,g
2460276.70345,2023-11-28.2037857,bE,1.6,16.158,>16.158,99.990,-0.748,0.250,g
2460276.70472,2023-11-28.2050600,bF,1.43,99.990,99.990,99.990,99.990,99.990,g
2460276.70473,2023-11-28.2050592,bE,1.48,16.099,>16.099,99.990,0.179,0.264,g
2460277.84946,2023-11-29.3498034,bi,1.56,16.038,>16.038,99.990,0.140,0.279,g
2460277.85068,2023-11-29.3510359,bi,1.52,15.903,>15.903,99.990,-0.052,0.316,g
2460277.85191,2023-11-29.3522613,bi,1.5,15.983,>15.983,99.990,-0.114,0.294,g
2460278.45939,2023-11-29.9597442,bm,1.47,16.007,>16.007,99.990,0.078,0.287,g
2460278.46062,2023-11-29.9609743,bm,1.6,16.040,>16.040,99.990,0.055,0.279,g
2460278.46185,2023-11-29.9622019,bm,1.54,16.070,>16.070,99.990,0.297,0.271,g
2460278.75425,2023-11-30.2546159,bi,1.45,16.302,>16.302,99.990,-0.067,0.219,g
2460278.75547,2023-11-30.2558311,bi,1.54,16.138,>16.138,99.990,0.474,0.255,g
2460278.75669,2023-11-30.2570466,bi,1.51,16.436,>16.436,99.990,0.035,0.194,g
2460285.31013,2023-12-06.8105482,bm,2.11,16.801,>16.801,99.990,0.124,0.138,g
2460285.31159,2023-12-06.8120032,bm,2.02,16.897,>16.897,99.990,0.029,0.127,g
2460285.31292,2023-12-06.8133341,bm,2.0,16.832,>16.832,99.990,0.003,0.134,g
2460285.82404,2023-12-07.3244668,bi,1.39,16.722,>16.722,99.990,0.056,0.149,g
2460285.82527,2023-12-07.3256993,bi,1.44,16.640,>16.640,99.990,0.122,0.160,g
2460285.82651,2023-12-07.3269386,bi,1.42,16.739,>16.739,99.990,-0.126,0.146,g
2460286.34112,2023-12-07.8415516,bm,1.56,16.753,>16.753,99.990,0.290,0.144,g
2460286.34234,2023-12-07.8427759,bm,1.53,16.961,>16.961,99.990,-0.103,0.119,g
2460286.34359,2023-12-07.8440179,bm,1.52,16.785,>16.785,99.990,0.051,0.140,g
2460286.49113,2023-12-07.9915636,bm,2.0,16.780,>16.780,99.990,0.064,0.141,g
2460286.49235,2023-12-07.9927782,bm,2.05,16.846,>16.846,99.990,0.288,0.133,g
2460286.49357,2023-12-07.9940062,bm,2.05,16.709,>16.709,99.990,0.026,0.150,g
2460286.81712,2023-12-08.3175594,bi,1.46,16.878,>16.878,99.990,0.082,0.129,g
2460286.81834,2023-12-08.3187778,bi,1.43,99.990,99.990,99.990,99.990,99.990,g
2460286.81955,2023-12-08.3199971,bi,1.42,16.917,>16.917,99.990,0.261,0.124,g
2460287.27686,2023-12-08.7772964,bm,1.59,16.056,>16.056,99.990,-0.021,0.275,g
2460287.27816,2023-12-08.7785920,bm,1.52,16.079,>16.079,99.990,0.144,0.269,g
2460287.27958,2023-12-08.7800111,bm,1.52,16.149,>16.149,99.990,-0.302,0.252,g
2460287.56480,2023-12-09.0652447,bF,2.4,99.990,99.990,99.990,99.990,99.990,g
2460287.56607,2023-12-09.0665101,bF,2.37,99.990,99.990,99.990,99.990,99.990,g
2460287.56734,2023-12-09.0677746,bF,2.35,99.990,99.990,99.990,99.990,99.990,g
2460287.85140,2023-12-09.3518412,bi,1.49,16.310,>16.310,99.990,0.117,0.217,g
2460287.85262,2023-12-09.3530594,bi,1.42,99.990,99.990,99.990,99.990,99.990,g
2460287.85386,2023-12-09.3543001,bi,1.49,16.179,>16.179,99.990,0.324,0.245,g
2460288.65159,2023-12-10.1520451,bi,1.48,99.990,99.990,99.990,99.990,99.990,g
2460288.65283,2023-12-10.1532866,bi,1.44,99.990,99.990,99.990,99.990,99.990,g
2460288.65407,2023-12-10.1545254,bi,1.5,99.990,99.990,99.990,99.990,99.990,g
2460289.36109,2023-12-10.8615491,bm,2.04,16.988,>16.988,99.990,-0.050,0.116,g
2460289.36248,2023-12-10.8629430,bm,2.04,17.044,>17.044,99.990,0.126,0.111,g
2460289.36373,2023-12-10.8641917,bm,2.05,16.795,>16.795,99.990,0.443,0.139,g
2460289.83781,2023-12-11.3382674,bi,1.47,16.856,>16.856,99.990,0.085,0.131,g
2460289.83904,2023-12-11.3395045,bi,1.47,16.766,>16.766,99.990,-0.004,0.143,g
2460289.84028,2023-12-11.3407349,bi,1.45,16.719,>16.719,99.990,0.320,0.149,g
2460290.28210,2023-12-11.7825709,bm,1.47,16.332,>16.332,99.990,-0.333,0.213,g
2460290.28333,2023-12-11.7838006,bm,1.52,16.417,>16.417,99.990,0.134,0.197,g
2460290.28457,2023-12-11.7850379,bm,1.6,16.703,>16.703,99.990,0.141,0.151,g
2460290.43286,2023-12-11.9333273,bm,1.56,16.808,>16.808,99.990,-0.039,0.137,g
2460290.43409,2023-12-11.9345574,bm,1.97,16.755,>16.755,99.990,0.383,0.144,g
2460290.43531,2023-12-11.9357780,bm,1.99,16.871,>16.871,99.990,0.090,0.130,g
2460290.64471,2023-12-12.1451802,bi,1.42,99.990,99.990,99.990,99.990,99.990,g
2460290.64594,2023-12-12.1464008,bi,1.48,16.852,>16.852,99.990,0.176,0.132,g
2460290.64716,2023-12-12.1476334,bi,1.4,16.870,>16.870,99.990,-0.109,0.130,g
2460291.27493,2023-12-12.7754010,bm,1.99,15.625,>15.625,99.990,0.583,0.408,g
2460291.27616,2023-12-12.7766335,bm,1.64,15.634,>15.634,99.990,0.496,0.405,g
2460291.27740,2023-12-12.7778753,bm,1.51,15.772,>15.772,99.990,-0.961,0.357,g
2460291.47863,2023-12-12.9790991,bm,2.28,16.854,>16.854,99.990,0.209,0.132,g
2460291.47987,2023-12-12.9803392,bm,2.3,16.696,>16.696,99.990,0.066,0.152,g
2460291.48109,2023-12-12.9815746,bm,2.32,16.544,>16.544,99.990,0.259,0.175,g
2460291.85379,2023-12-13.3542646,bi,1.52,16.028,>16.028,99.990,0.280,0.282,g
2460291.85503,2023-12-13.3555041,bi,1.41,16.095,>16.095,99.990,0.690,0.265,g
2460291.85624,2023-12-13.3567209,bi,1.46,15.967,>15.967,99.990,0.215,0.298,g
2460292.35153,2023-12-13.8520122,bm,1.52,16.788,>16.788,99.990,0.382,0.140,g
2460292.35277,2023-12-13.8532468,bm,1.56,16.813,>16.813,99.990,0.186,0.137,g
2460292.35428,2023-12-13.8547662,bm,1.48,16.901,>16.901,99.990,-0.024,0.126,g
2460292.48627,2023-12-13.9867502,bm,2.07,16.688,>16.688,99.990,0.189,0.153,g
2460292.48750,2023-12-13.9879769,bm,2.07,16.780,>16.780,99.990,-0.097,0.141,g
2460292.48872,2023-12-13.9892037,bm,2.03,16.238,>16.238,99.990,0.210,0.232,g
2460292.58835,2023-12-14.0888303,bm,2.05,16.378,>16.378,99.990,-0.190,0.204,g
2460292.58958,2023-12-14.0900604,bm,2.06,16.352,>16.352,99.990,0.131,0.209,g
2460292.59080,2023-12-14.0912834,bm,2.06,16.299,>16.299,99.990,0.207,0.219,g
2460293.27594,2023-12-14.7764239,bm,1.49,15.584,>15.584,99.990,1.111,0.424,g
2460293.27718,2023-12-14.7776634,bm,1.62,15.682,>15.682,99.990,0.417,0.387,g
2460293.27840,2023-12-14.7788876,bm,1.57,15.932,>15.932,99.990,-0.160,0.308,g
2460293.42353,2023-12-14.9240251,bm,2.13,16.685,>16.685,99.990,-0.050,0.154,g
2460294.28025,2023-12-15.7807446,bm,2.0,15.956,>15.956,99.990,-0.238,0.301,g
2460294.28147,2023-12-15.7819734,bm,1.97,16.068,>16.068,99.990,0.275,0.271,g
2460294.28270,2023-12-15.7831965,bm,1.98,16.257,>16.257,99.990,0.473,0.228,g
2460294.42539,2023-12-15.9258817,bm,1.58,16.759,>16.759,99.990,0.023,0.144,g
2460294.42693,2023-12-15.9274246,bm,1.62,16.739,>16.739,99.990,-0.168,0.146,g
2460294.42826,2023-12-15.9287555,bm,1.64,16.788,>16.788,99.990,0.030,0.140,g
2460295.27698,2023-12-16.7774851,bm,2.42,15.597,>15.597,99.990,0.022,0.419,g
2460295.27826,2023-12-16.7787622,bm,2.44,15.820,>15.820,99.990,0.236,0.341,g
2460295.27951,2023-12-16.7800193,bm,2.38,15.895,>15.895,99.990,-0.534,0.318,g
2460295.43240,2023-12-16.9329194,bm,1.55,16.844,>16.844,99.990,0.073,0.133,g
2460295.43363,2023-12-16.9341423,bm,1.55,17.005,>17.005,99.990,0.255,0.115,g
2460295.43486,2023-12-16.9353671,bm,1.56,16.805,>16.805,99.990,0.074,0.138,g
2460295.63555,2023-12-17.1360665,bi,1.39,16.855,>16.855,99.990,0.085,0.131,g
2460295.63679,2023-12-17.1372974,bi,1.46,16.725,>16.725,99.990,0.270,0.148,g
2460295.63801,2023-12-17.1385229,bi,1.45,16.821,>16.821,99.990,0.154,0.136,g
2460296.31598,2023-12-17.8164946,bm,2.01,16.766,>16.766,99.990,-0.202,0.143,g
2460296.31722,2023-12-17.8177293,bm,1.62,16.759,>16.759,99.990,0.336,0.144,g
2460296.31843,2023-12-17.8189430,bm,1.67,16.714,>16.714,99.990,0.391,0.150,g
2460296.45200,2023-12-17.9525064,bm,1.57,16.729,>16.729,99.990,0.044,0.148,g
2460296.45321,2023-12-17.9537238,bm,1.49,16.810,>16.810,99.990,0.094,0.137,g
2460296.45443,2023-12-17.9549399,bm,1.53,16.791,>16.791,99.990,-0.061,0.140,g
2460296.78288,2023-12-18.2834033,bi,1.38,16.813,>16.813,99.990,0.176,0.137,g
2460296.78411,2023-12-18.2846240,bi,1.39,16.698,>16.698,99.990,0.255,0.152,g
2460296.78533,2023-12-18.2858402,bi,1.4,16.792,>16.792,99.990,0.100,0.139,g
2460297.30427,2023-12-18.8047946,bm,1.63,16.634,>16.634,99.990,-0.187,0.161,g
2460297.30550,2023-12-18.8060306,bm,1.58,16.714,>16.714,99.990,0.063,0.150,g
2460297.30674,2023-12-18.8072651,bm,1.57,16.508,>16.508,99.990,-0.409,0.181,g
2460297.45157,2023-12-18.9520974,bm,1.57,16.943,>16.943,99.990,0.104,0.121,g
2460297.45279,2023-12-18.9533146,bm,1.5,16.717,>16.717,99.990,0.082,0.149,g
2460297.45404,2023-12-18.9545577,bm,1.54,16.968,>16.968,99.990,0.130,0.118,g
2460298.29855,2023-12-19.7990750,bm,2.27,16.442,>16.442,99.990,-0.065,0.192,g
2460298.29977,2023-12-19.8002965,bm,2.25,16.592,>16.592,99.990,0.148,0.168,g
2460298.30104,2023-12-19.8015714,bm,2.3,16.451,>16.451,99.990,0.563,0.191,g
2460298.44121,2023-12-19.9417368,bm,1.57,16.588,>16.588,99.990,-0.013,0.168,g
2460298.44244,2023-12-19.9429692,bm,1.53,16.754,>16.754,99.990,0.136,0.144,g
2460298.44366,2023-12-19.9441936,bm,1.55,16.746,>16.746,99.990,-0.215,0.145,g
2460298.66714,2023-12-20.1676708,bi,1.41,16.584,>16.584,99.990,-0.157,0.169,g
2460298.66836,2023-12-20.1688956,bi,1.45,16.533,>16.533,99.990,0.249,0.177,g
2460298.66959,2023-12-20.1701184,bi,1.44,16.666,>16.666,99.990,0.252,0.157,g
2460299.27851,2023-12-20.7790425,bm,2.36,15.535,>15.535,99.990,-0.660,0.444,g
2460299.27973,2023-12-20.7802769,bm,2.31,15.794,>15.794,99.990,-0.529,0.350,g
2460299.28096,2023-12-20.7815010,bm,2.31,15.679,>15.679,99.990,0.587,0.389,g
2460299.42562,2023-12-20.9261496,bm,1.57,16.570,>16.570,99.990,0.303,0.171,g
2460299.42684,2023-12-20.9273792,bm,1.49,16.666,>16.666,99.990,-0.148,0.157,g
2460299.42807,2023-12-20.9286069,bm,1.54,16.575,>16.575,99.990,-0.024,0.170,g
2460299.53361,2023-12-21.0341523,bm,1.49,16.851,>16.851,99.990,0.315,0.132,g
2460299.53485,2023-12-21.0353905,bm,1.51,16.877,>16.877,99.990,0.102,0.129,g
2460299.53607,2023-12-21.0366068,bm,1.51,16.664,>16.664,99.990,0.182,0.157,g
2460299.81944,2023-12-21.3199884,bi,1.48,16.802,>16.802,99.990,0.159,0.138,g
2460299.82069,2023-12-21.3212265,bi,1.41,16.934,>16.934,99.990,0.022,0.122,g
2460299.82193,2023-12-21.3224668,bi,1.52,16.770,>16.770,99.990,0.030,0.142,g
2460300.31278,2023-12-21.8133206,bm,2.37,16.440,>16.440,99.990,0.190,0.193,g
2460300.31401,2023-12-21.8145504,bm,2.39,16.397,>16.397,99.990,0.142,0.201,g
2460300.31524,2023-12-21.8157751,bm,2.38,16.228,>16.228,99.990,-0.126,0.234,g
2460300.47626,2023-12-21.9767971,bm,1.71,16.553,>16.553,99.990,0.058,0.174,g
2460300.47749,2023-12-21.9780271,bm,1.6,16.598,>16.598,99.990,-0.174,0.167,g
2460300.47872,2023-12-21.9792562,bm,1.59,16.642,>16.642,99.990,0.160,0.160,g
2460300.66751,2023-12-22.1680615,bi,1.54,16.387,>16.387,99.990,-0.108,0.202,g
2460300.66874,2023-12-22.1692906,bi,1.46,16.348,>16.348,99.990,0.388,0.210,g
2460300.66997,2023-12-22.1705173,bi,1.49,16.415,>16.415,99.990,0.285,0.197,g
2460301.28310,2023-12-22.7836489,bm,2.2,15.844,>15.844,99.990,-0.437,0.334,g
2460301.28434,2023-12-22.7848871,bm,2.18,15.920,>15.920,99.990,0.110,0.311,g
2460301.28557,2023-12-22.7861184,bm,2.19,16.068,>16.068,99.990,0.262,0.272,g
2460301.42383,2023-12-22.9243722,bm,2.04,16.388,>16.388,99.990,-0.163,0.202,g
2460301.42504,2023-12-22.9255858,bm,1.67,16.182,>16.182,99.990,-0.165,0.244,g
2460301.42627,2023-12-22.9268167,bm,1.99,16.172,>16.172,99.990,0.390,0.247,g
2460301.50004,2023-12-23.0005910,bm,2.12,16.355,>16.355,99.990,-0.263,0.208,g
2460301.50129,2023-12-23.0018314,bm,2.14,16.378,>16.378,99.990,-0.196,0.204,g
2460301.50252,2023-12-23.0030664,bm,2.14,16.441,>16.441,99.990,0.163,0.193,g
2460301.67275,2023-12-23.1732996,bE,1.44,16.653,>16.653,99.990,-0.135,0.159,g
2460301.67402,2023-12-23.1745766,bE,1.55,16.409,>16.409,99.990,0.190,0.198,g
2460301.67531,2023-12-23.1758538,bE,1.51,16.380,>16.380,99.990,-0.114,0.204,g
2460301.82762,2023-12-23.3281721,bi,1.43,16.747,>16.747,99.990,0.336,0.145,g
2460301.82884,2023-12-23.3293972,bi,1.47,16.810,>16.810,99.990,0.280,0.137,g
2460301.83007,2023-12-23.3306275,bi,1.52,16.784,>16.784,99.990,0.128,0.140,g
2460302.29508,2023-12-23.7956355,bm,1.54,16.043,>16.043,99.990,0.432,0.278,g
2460302.29632,2023-12-23.7968855,bm,1.52,16.104,>16.104,99.990,0.134,0.263,g
2460302.29756,2023-12-23.7981261,bm,1.55,16.063,>16.063,99.990,-0.281,0.273,g
2460302.45077,2023-12-23.9513280,bm,2.1,16.052,>16.052,99.990,-0.476,0.276,g
2460302.45207,2023-12-23.9526327,bm,2.13,16.003,>16.003,99.990,-0.143,0.288,g
2460302.45340,2023-12-23.9539642,bm,2.1,15.932,>15.932,99.990,0.011,0.308,g
2460303.28391,2023-12-24.7844689,bm,1.53,15.717,>15.717,99.990,-0.440,0.375,g
2460303.28514,2023-12-24.7857037,bm,1.49,15.641,>15.641,99.990,-0.241,0.402,g
2460303.28646,2023-12-24.7870182,bm,1.51,15.732,>15.732,99.990,-0.134,0.370,g
2460303.43727,2023-12-24.9378381,bm,2.05,15.774,>15.774,99.990,0.321,0.356,g
2460303.43857,2023-12-24.9391326,bm,2.05,15.880,>15.880,99.990,-0.307,0.323,g
2460303.43982,2023-12-24.9403850,bm,2.05,15.883,>15.883,99.990,0.095,0.322,g
2460305.28826,2023-12-26.7888364,bm,2.17,99.990,99.990,99.990,99.990,99.990,g
2460305.28957,2023-12-26.7901497,bm,1.57,14.118,>14.118,99.990,2.044,1.637,g
2460305.29085,2023-12-26.7914266,bm,2.03,15.334,>15.334,99.990,-1.581,0.534,g
2460308.60205,2023-12-30.1026491,bi,1.49,16.571,>16.571,99.990,-0.191,0.171,g
2460308.60328,2023-12-30.1038687,bi,1.5,16.561,>16.561,99.990,0.052,0.172,g
2460308.60448,2023-12-30.1050814,bi,1.47,16.556,>16.556,99.990,-0.029,0.173,g
2460308.69626,2023-12-30.1968577,bi,1.59,16.307,>16.307,99.990,-0.339,0.218,g
2460308.69748,2023-12-30.1980855,bi,1.55,16.348,>16.348,99.990,-0.269,0.210,g
2460308.69871,2023-12-30.1993072,bi,1.51,15.995,>15.995,99.990,-0.438,0.291,g
2460310.69614,2024-01-01.1967429,bi,1.59,16.459,>16.459,99.990,-0.023,0.189,g
2460310.69736,2024-01-01.1979681,bi,1.46,16.289,>16.289,99.990,0.179,0.221,g
2460310.69858,2024-01-01.1991887,bi,1.46,16.303,>16.303,99.990,0.251,0.219,g
2460311.53437,2024-01-02.0349849,bi,2.04,16.000,>16.000,99.990,-0.514,0.289,g
2460311.53561,2024-01-02.0362184,bi,2.02,16.152,>16.152,99.990,0.592,0.251,g
2460311.53684,2024-01-02.0374486,bi,2.0,16.274,>16.274,99.990,-0.029,0.225,g
2460311.69726,2024-01-02.1978739,bE,1.46,16.559,>16.559,99.990,0.246,0.173,g
2460311.69854,2024-01-02.1991517,bE,1.44,16.633,>16.633,99.990,0.016,0.161,g
2460311.69981,2024-01-02.2004218,bE,1.49,16.645,>16.645,99.990,0.127,0.160,g
2460312.30578,2024-01-02.8063866,bm,2.31,16.736,>16.736,99.990,0.289,0.147,g
2460312.30828,2024-01-02.8088858,bm,2.5,16.781,>16.781,99.990,-0.014,0.141,g
2460312.53711,2024-01-03.0377277,bi,2.01,16.299,>16.299,99.990,-0.276,0.219,g
2460312.70135,2024-01-03.2019665,bE,1.5,16.798,>16.798,99.990,0.198,0.139,g
2460312.70263,2024-01-03.2032410,bE,1.48,16.898,>16.898,99.990,0.187,0.126,g
2460312.70390,2024-01-03.2045175,bE,1.48,16.744,>16.744,99.990,0.082,0.146,g
2460313.29646,2024-01-03.7970817,bm,1.55,16.739,>16.739,99.990,0.461,0.146,g
2460313.29771,2024-01-03.7983259,bm,1.49,16.626,>16.626,99.990,-0.043,0.162,g
2460313.29895,2024-01-03.7995679,bm,1.55,16.966,>16.966,99.990,0.130,0.119,g
2460313.56935,2024-01-04.0699725,bF,1.52,99.990,99.990,99.990,99.990,99.990,g
2460313.56936,2024-01-04.0699724,bE,1.58,16.900,>16.900,99.990,0.059,0.126,g
2460313.57063,2024-01-04.0712472,bF,1.5,99.990,99.990,99.990,99.990,99.990,g
2460313.57063,2024-01-04.0712472,bE,1.49,16.772,>16.772,99.990,0.228,0.142,g
2460313.57190,2024-01-04.0725238,bE,1.53,16.886,>16.886,99.990,0.173,0.128,g
2460313.57190,2024-01-04.0725246,bF,1.46,99.990,99.990,99.990,99.990,99.990,g
2460313.67285,2024-01-04.1734674,bi,1.48,16.770,>16.770,99.990,0.190,0.142,g
2460313.67406,2024-01-04.1746825,bi,1.42,16.776,>16.776,99.990,0.086,0.142,g
2460313.67528,2024-01-04.1759101,bi,1.47,16.664,>16.664,99.990,0.017,0.157,g
2460314.30030,2024-01-04.8009187,bm,2.36,16.677,>16.677,99.990,-0.101,0.155,g
2460314.30153,2024-01-04.8021560,bm,2.38,16.677,>16.677,99.990,0.213,0.155,g
2460314.30276,2024-01-04.8033814,bm,2.13,16.771,>16.771,99.990,0.188,0.142,g
2460314.47127,2024-01-04.9718966,bm,1.54,16.633,>16.633,99.990,0.172,0.161,g
2460314.47249,2024-01-04.9731138,bm,1.53,16.717,>16.717,99.990,-0.093,0.149,g
2460314.47371,2024-01-04.9743305,bm,1.57,16.733,>16.733,99.990,0.118,0.147,g
2460314.71412,2024-01-05.2147484,bF,1.55,16.391,>16.391,99.990,-0.143,0.202,g
2460314.71412,2024-01-05.2147483,bE,1.45,16.871,>16.871,99.990,0.044,0.130,g
2460314.71540,2024-01-05.2160234,bF,1.59,16.403,>16.403,99.990,0.379,0.199,g
2460314.71540,2024-01-05.2160236,bE,1.47,16.808,>16.808,99.990,0.244,0.137,g
2460314.71669,2024-01-05.2173136,bF,1.56,16.242,>16.242,99.990,0.108,0.231,g
2460314.71669,2024-01-05.2173130,bE,1.47,16.750,>16.750,99.990,0.026,0.145,g
2460314.83035,2024-01-05.3309775,bE,1.45,16.680,>16.680,99.990,0.144,0.155,g
2460314.83035,2024-01-05.3309773,bF,1.58,16.055,>16.055,99.990,-0.443,0.275,g
2460314.83163,2024-01-05.3322474,bF,1.54,16.119,>16.119,99.990,0.415,0.259,g
2460314.83163,2024-01-05.3322486,bE,1.41,16.643,>16.643,99.990,0.424,0.160,g
2460314.83289,2024-01-05.3335166,bE,1.48,16.852,>16.852,99.990,-0.252,0.132,g
2460314.83289,2024-01-05.3335165,bF,1.54,15.896,>15.896,99.990,0.338,0.318,g
2460315.32461,2024-01-05.8252331,bm,1.54,16.906,>16.906,99.990,0.216,0.126,g
2460315.32606,2024-01-05.8266870,bm,1.52,16.876,>16.876,99.990,0.180,0.129,g
2460315.32757,2024-01-05.8281937,bm,1.54,17.100,>17.100,99.990,0.209,0.105,g
2460315.57749,2024-01-06.0781223,bE,1.48,17.060,>17.060,99.990,0.015,0.109,g
2460315.57877,2024-01-06.0793975,bF,1.6,99.990,99.990,99.990,99.990,99.990,g
2460315.57877,2024-01-06.0793974,bE,1.46,16.786,>16.786,99.990,0.312,0.140,g
2460315.58005,2024-01-06.0806761,bE,1.49,16.925,>16.925,99.990,0.222,0.123,g
2460316.28144,2024-01-06.7820761,bm,1.58,15.783,>15.783,99.990,-0.284,0.353,g
2460316.28268,2024-01-06.7833134,bm,1.57,15.933,>15.933,99.990,0.052,0.307,g
2460316.28391,2024-01-06.7845401,bm,1.51,16.166,>16.166,99.990,-0.046,0.248,g
2460316.41776,2024-01-06.9183939,bm,1.68,16.771,>16.771,99.990,0.094,0.142,g
2460316.41898,2024-01-06.9196123,bm,1.67,16.839,>16.839,99.990,0.076,0.133,g
2460316.42022,2024-01-06.9208449,bm,1.59,16.685,>16.685,99.990,0.143,0.154,g
2460316.53477,2024-01-07.0354069,bm,2.23,16.662,>16.662,99.990,-0.124,0.157,g
2460316.53601,2024-01-07.0366478,bm,2.17,16.535,>16.535,99.990,0.104,0.177,g
2460316.53724,2024-01-07.0378755,bm,2.2,16.610,>16.610,99.990,0.230,0.165,g
2460317.64798,2024-01-08.1486184,bE,1.47,16.997,>16.997,99.990,0.160,0.115,g
2460317.64928,2024-01-08.1499142,bE,1.45,16.966,>16.966,99.990,0.482,0.119,g
2460317.65054,2024-01-08.1511839,bE,1.49,16.877,>16.877,99.990,0.338,0.129,g
2460320.32655,2024-01-10.8271979,bm,1.52,16.769,>16.769,99.990,0.085,0.142,g
2460320.32848,2024-01-10.8291288,bm,1.57,16.895,>16.895,99.990,0.140,0.127,g
2460320.76659,2024-01-11.2672370,bi,1.5,16.768,>16.768,99.990,0.250,0.143,g
2460320.76781,2024-01-11.2684649,bi,1.5,16.686,>16.686,99.990,0.189,0.154,g
2460320.76903,2024-01-11.2696790,bi,1.49,16.613,>16.613,99.990,0.510,0.164,g
2460322.73311,2024-01-13.2337620,bE,1.52,16.716,>16.716,99.990,0.024,0.149,g
2460322.73437,2024-01-13.2350156,bE,1.44,16.856,>16.856,99.990,0.033,0.131,g
2460322.73565,2024-01-13.2362938,bE,1.46,16.754,>16.754,99.990,-0.091,0.144,g
2460324.73270,2024-01-15.2333600,bi,1.49,16.728,>16.728,99.990,-0.014,0.148,g
2460324.73393,2024-01-15.2345877,bi,1.4,17.029,>17.029,99.990,0.230,0.112,g
2460324.73516,2024-01-15.2358165,bi,1.44,16.894,>16.894,99.990,0.064,0.127,g
2460325.74895,2024-01-16.2496118,bE,1.5,16.840,>16.840,99.990,0.387,0.133,g
2460325.75022,2024-01-16.2508752,bE,1.56,16.911,>16.911,99.990,-0.058,0.125,g
2460325.75148,2024-01-16.2521371,bE,1.54,16.728,>16.728,99.990,0.312,0.148,g
2460326.74073,2024-01-17.2413946,bE,1.63,16.848,>16.848,99.990,0.208,0.132,g
2460326.74202,2024-01-17.2426791,bE,1.63,16.943,>16.943,99.990,-0.143,0.121,g
2460326.74328,2024-01-17.2439425,bE,1.57,16.812,>16.812,99.990,0.250,0.137,g
2460327.73970,2024-01-18.2403719,bi,1.49,16.666,>16.666,99.990,0.056,0.157,g
2460327.74092,2024-01-18.2415905,bi,1.41,16.845,>16.845,99.990,0.259,0.133,g
2460327.74214,2024-01-18.2428090,bi,1.42,16.934,>16.934,99.990,0.203,0.122,g
2460328.53672,2024-01-19.0373966,bi,1.61,16.251,>16.251,99.990,-0.061,0.229,g
2460328.53795,2024-01-19.0386255,bi,1.71,16.223,>16.223,99.990,-0.021,0.235,g
2460328.53918,2024-01-19.0398521,bi,1.67,16.211,>16.211,99.990,0.340,0.238,g
2460328.75169,2024-01-19.2523534,bE,1.4,17.004,>17.004,99.990,0.072,0.115,g
2460328.75295,2024-01-19.2536204,bE,1.5,16.923,>16.923,99.990,0.191,0.124,g
2460328.75424,2024-01-19.2549087,bE,1.43,16.936,>16.936,99.990,0.169,0.122,g
2460329.53288,2024-01-20.0335594,bF,1.61,99.990,99.990,99.990,99.990,99.990,g
2460329.53290,2024-01-20.0335601,bE,1.69,16.067,>16.067,99.990,0.071,0.272,g
2460329.53417,2024-01-20.0348355,bF,1.72,99.990,99.990,99.990,99.990,99.990,g
2460329.53417,2024-01-20.0348356,bE,1.97,16.383,>16.383,99.990,0.150,0.203,g
2460329.53543,2024-01-20.0361098,bE,1.55,16.385,>16.385,99.990,0.224,0.203,g
2460329.73145,2024-01-20.2321258,bi,1.52,16.809,>16.809,99.990,0.178,0.137,g
2460329.73268,2024-01-20.2333500,bi,1.51,16.831,>16.831,99.990,0.260,0.135,g
2460329.73390,2024-01-20.2345646,bi,1.56,16.694,>16.694,99.990,0.119,0.153,g
2460330.72279,2024-01-21.2234567,bE,1.52,16.385,>16.385,99.990,0.105,0.203,g
2460330.72408,2024-01-21.2247434,bE,1.5,16.470,>16.470,99.990,0.175,0.187,g
2460330.72535,2024-01-21.2260164,bE,1.48,16.500,>16.500,99.990,0.482,0.182,g
2460331.73001,2024-01-22.2306771,bE,1.52,16.217,>16.217,99.990,0.401,0.237,g
2460331.73129,2024-01-22.2319549,bE,1.5,16.235,>16.235,99.990,0.032,0.233,g
2460331.73255,2024-01-22.2332186,bE,1.52,16.429,>16.429,99.990,0.112,0.195,g
2460332.73783,2024-01-23.2385035,bi,1.5,16.078,>16.078,99.990,-0.071,0.269,g
2460332.73906,2024-01-23.2397289,bi,1.47,16.028,>16.028,99.990,-0.061,0.282,g
2460332.74029,2024-01-23.2409587,bi,1.5,16.408,>16.408,99.990,-0.562,0.198,g
2460336.57814,2024-01-27.0788125,bE,1.58,16.132,>16.132,99.990,-0.036,0.256,g
2460336.57942,2024-01-27.0800871,bE,1.55,16.129,>16.129,99.990,-0.030,0.257,g
2460336.58068,2024-01-27.0813501,bE,1.57,16.229,>16.229,99.990,-0.190,0.234,g
2460337.55205,2024-01-28.0527200,bi,1.56,16.568,>16.568,99.990,-0.037,0.171,g
2460337.55328,2024-01-28.0539559,bi,1.58,16.548,>16.548,99.990,-0.011,0.174,g
2460337.55451,2024-01-28.0551802,bi,1.54,16.501,>16.501,99.990,0.274,0.182,g
2460337.75005,2024-01-28.2507212,bE,1.54,15.927,>15.927,99.990,0.517,0.309,g
2460337.75130,2024-01-28.2519730,bE,1.61,16.081,>16.081,99.990,-0.101,0.268,g
2460337.75258,2024-01-28.2532506,bE,1.57,16.093,>16.093,99.990,0.303,0.265,g
2460338.72747,2024-01-29.2281414,bE,1.52,16.015,>16.015,99.990,0.343,0.285,g
2460338.72873,2024-01-29.2294043,bE,1.58,16.229,>16.229,99.990,-0.139,0.234,g
2460338.73003,2024-01-29.2306924,bE,1.45,16.120,>16.120,99.990,-0.237,0.259,g
2460339.55110,2024-01-30.0517776,bi,2.11,16.748,>16.748,99.990,-0.056,0.145,g
2460339.55234,2024-01-30.0530141,bi,2.1,16.676,>16.676,99.990,0.170,0.155,g
2460339.55357,2024-01-30.0542368,bi,1.98,16.782,>16.782,99.990,0.179,0.141,g
2460339.74267,2024-01-30.2433405,bE,1.55,16.254,>16.254,99.990,-0.220,0.229,g
2460339.74394,2024-01-30.2446062,bE,1.49,16.283,>16.283,99.990,-0.204,0.223,g
2460339.74522,2024-01-30.2458907,bE,1.52,16.270,>16.270,99.990,0.123,0.225,g
2460340.54333,2024-01-31.0439931,bi,1.56,16.942,>16.942,99.990,0.406,0.121,g
2460340.54456,2024-01-31.0452253,bi,1.57,16.914,>16.914,99.990,0.098,0.125,g
2460340.54579,2024-01-31.0464541,bi,1.61,16.880,>16.880,99.990,0.115,0.128,g
2460340.73801,2024-01-31.2386785,bE,2.01,16.399,>16.399,99.990,0.053,0.200,g
2460340.73928,2024-01-31.2399466,bE,2.02,16.478,>16.478,99.990,-0.030,0.186,g
2460340.74056,2024-01-31.2412329,bE,2.04,16.375,>16.375,99.990,0.485,0.205,g
2460341.54281,2024-02-01.0434719,bi,1.44,16.811,>16.811,99.990,-0.069,0.137,g
2460341.54401,2024-02-01.0446857,bi,1.46,16.770,>16.770,99.990,0.405,0.142,g
2460341.54524,2024-02-01.0459075,bi,1.46,16.822,>16.822,99.990,0.180,0.136,g
2460341.73823,2024-02-01.2388954,bE,1.55,16.484,>16.484,99.990,-0.241,0.185,g
2460341.73952,2024-02-01.2401814,bE,1.45,16.482,>16.482,99.990,-0.024,0.185,g
2460341.74078,2024-02-01.2414444,bE,1.48,16.404,>16.404,99.990,-0.063,0.199,g
2460342.55114,2024-02-02.0518141,bi,1.51,16.887,>16.887,99.990,0.135,0.128,g
2460342.55237,2024-02-02.0530350,bi,1.43,16.826,>16.826,99.990,0.189,0.135,g
2460342.55360,2024-02-02.0542619,bi,1.53,16.982,>16.982,99.990,0.150,0.117,g
2460343.72128,2024-02-03.2219464,bi,1.49,16.151,>16.151,99.990,0.171,0.252,g
2460343.72251,2024-02-03.2231767,bi,1.45,16.651,>16.651,99.990,-0.303,0.159,g
2460343.72374,2024-02-03.2244075,bi,1.43,16.463,>16.463,99.990,0.405,0.189,g
2460346.70489,2024-02-06.2055535,bi,1.55,16.611,>16.611,99.990,-0.082,0.165,g
2460346.70611,2024-02-06.2067719,bi,1.49,16.744,>16.744,99.990,0.118,0.146,g
2460346.70734,2024-02-06.2080025,bi,1.46,16.597,>16.597,99.990,0.321,0.167,g
2460350.70995,2024-02-10.2105937,bE,1.47,16.738,>16.738,99.990,0.194,0.146,g
2460350.71122,2024-02-10.2118732,bE,1.5,16.805,>16.805,99.990,-0.143,0.138,g
2460350.71251,2024-02-10.2131603,bE,1.46,16.650,>16.650,99.990,0.231,0.159,g
2460351.70740,2024-02-11.2080460,bE,1.54,16.818,>16.818,99.990,0.065,0.136,g
2460351.70867,2024-02-11.2093106,bE,1.56,16.931,>16.931,99.990,0.131,0.123,g
2460351.70995,2024-02-11.2105972,bE,1.6,16.903,>16.903,99.990,0.099,0.126,g
2460352.70069,2024-02-12.2013341,bE,1.46,16.784,>16.784,99.990,0.369,0.140,g
2460352.70196,2024-02-12.2026065,bE,1.43,16.853,>16.853,99.990,-0.126,0.132,g
2460352.70324,2024-02-12.2038776,bE,1.5,16.742,>16.742,99.990,0.120,0.146,g
2460353.70408,2024-02-13.2047164,bE,1.45,16.787,>16.787,99.990,0.217,0.140,g
2460353.70534,2024-02-13.2059812,bE,1.48,16.871,>16.871,99.990,0.241,0.130,g
2460353.70663,2024-02-13.2072688,bE,1.46,16.786,>16.786,99.990,0.092,0.140,g
2460354.69578,2024-02-14.1964174,bE,1.43,16.853,>16.853,99.990,0.342,0.132,g
2460354.69706,2024-02-14.1976946,bE,1.44,16.742,>16.742,99.990,0.264,0.146,g
2460354.69834,2024-02-14.1989694,bE,1.47,16.771,>16.771,99.990,0.104,0.142,g
2460355.69499,2024-02-15.1956166,bE,1.47,16.900,>16.900,99.990,-0.029,0.126,g
2460355.69627,2024-02-15.1969032,bE,1.51,16.926,>16.926,99.990,0.020,0.123,g
2460355.69755,2024-02-15.1981841,bE,1.54,16.928,>16.928,99.990,0.327,0.123,g
2460357.30763,2024-02-16.8082577,bm,1.52,16.235,>16.235,99.990,0.199,0.233,g
2460357.30887,2024-02-16.8094891,bm,1.59,16.235,>16.235,99.990,-0.460,0.233,g
2460357.31009,2024-02-16.8107251,bm,1.49,16.066,>16.066,99.990,-0.855,0.272,g
2460357.39452,2024-02-16.8951430,bm,2.22,16.459,>16.459,99.990,-0.190,0.189,g
2460357.39575,2024-02-16.8963745,bm,2.22,16.502,>16.502,99.990,-0.687,0.182,g
2460357.39697,2024-02-16.8976054,bm,2.23,16.594,>16.594,99.990,0.170,0.167,g
2460358.35116,2024-02-17.8517777,bm,1.94,16.127,>16.127,99.990,0.519,0.257,g
2460358.35239,2024-02-17.8530089,bm,1.96,15.871,>15.871,99.990,-1.465,0.326,g
2460358.35361,2024-02-17.8542320,bm,1.98,16.074,>16.074,99.990,0.508,0.270,g
2460358.36992,2024-02-17.8705368,bm,1.96,16.007,>16.007,99.990,0.064,0.287,g
2460358.37116,2024-02-17.8717784,bm,1.96,16.005,>16.005,99.990,-1.251,0.288,g
2460358.37239,2024-02-17.8730054,bm,2.0,16.023,>16.023,99.990,-0.243,0.283,g
2460358.53627,2024-02-18.0368940,bE,1.59,16.593,>16.593,99.990,0.193,0.167,g
2460358.53755,2024-02-18.0381677,bE,1.57,16.551,>16.551,99.990,0.107,0.174,g
2460358.53882,2024-02-18.0394337,bE,1.5,16.521,>16.521,99.990,0.248,0.179,g
2460359.27239,2024-02-18.7730001,bm,2.25,15.528,>15.528,99.990,0.152,0.446,g
2460359.27360,2024-02-18.7742266,bm,2.31,15.501,>15.501,99.990,-2.159,0.458,g
2460359.27484,2024-02-18.7754650,bm,2.18,15.570,>15.570,99.990,-0.599,0.430,g
2460359.31373,2024-02-18.8143538,bm,1.6,15.880,>15.880,99.990,0.369,0.323,g
2460359.31496,2024-02-18.8155795,bm,1.57,15.834,>15.834,99.990,-1.984,0.337,g
2460359.31620,2024-02-18.8168241,bm,1.61,15.703,>15.703,99.990,0.902,0.380,g
2460359.38803,2024-02-18.8886516,bm,1.92,15.961,>15.961,99.990,-0.725,0.300,g
2460359.38926,2024-02-18.8898817,bm,1.9,15.787,>15.787,99.990,0.151,0.352,g
2460359.39049,2024-02-18.8911129,bm,1.46,15.893,>15.893,99.990,0.290,0.319,g
2460359.65856,2024-02-19.1591797,bE,1.45,16.403,>16.403,99.990,0.092,0.200,g
2460359.65986,2024-02-19.1604723,bE,1.5,16.363,>16.363,99.990,0.163,0.207,g
2460359.66113,2024-02-19.1617487,bE,1.55,16.426,>16.426,99.990,-0.077,0.195,g
2460360.40996,2024-02-19.9105759,bm,1.55,15.682,>15.682,99.990,0.392,0.387,g
2460360.41120,2024-02-19.9118104,bm,1.58,15.692,>15.692,99.990,0.659,0.384,g
2460360.41244,2024-02-19.9130519,bm,1.99,15.698,>15.698,99.990,0.968,0.382,g
2460361.53011,2024-02-21.0307114,bE,2.19,15.656,>15.656,99.990,-0.089,0.397,g
2460361.53137,2024-02-21.0319817,bE,2.22,15.221,>15.221,99.990,0.461,0.592,g
2460361.53265,2024-02-21.0332604,bE,2.14,15.694,>15.694,99.990,-0.901,0.383,g
2460361.57984,2024-02-21.0804516,bi,1.56,14.870,>14.870,99.990,-1.425,0.819,g
2460361.58108,2024-02-21.0816853,bi,1.33,15.397,>15.397,99.990,-0.235,0.504,g
2460361.58230,2024-02-21.0829003,bi,1.51,15.575,>15.575,99.990,0.068,0.428,g
2460362.26251,2024-02-21.7631219,bm,2.24,15.255,>15.255,99.990,-0.129,0.574,g
2460362.26375,2024-02-21.7643576,bm,2.13,14.509,>14.509,99.990,1.584,1.141,g
2460362.26503,2024-02-21.7656285,bm,2.34,15.327,15.069,0.173,3.409,0.538,g
2460362.51041,2024-02-22.0110087,bE,1.66,15.764,>15.764,99.990,0.027,0.359,g
2460362.51167,2024-02-22.0122745,bE,1.56,15.781,>15.781,99.990,0.338,0.354,g
2460362.51295,2024-02-22.0135526,bE,1.55,15.864,>15.864,99.990,-0.463,0.328,g
2460363.26169,2024-02-22.7622834,bm,2.19,15.396,>15.396,99.990,-1.881,0.505,g
2460363.26292,2024-02-22.7635125,bm,2.17,14.504,>14.504,99.990,3.053,1.147,g
2460363.26416,2024-02-22.7647541,bm,2.15,15.371,>15.371,99.990,1.983,0.517,g
2460363.36775,2024-02-22.8683421,bm,2.04,15.479,>15.479,99.990,1.188,0.467,g
2460363.36898,2024-02-22.8695756,bm,1.99,15.099,>15.099,99.990,0.403,0.663,g
2460363.37021,2024-02-22.8707986,bm,2.03,15.434,>15.434,99.990,0.474,0.487,g
2460364.26469,2024-02-23.7652732,bm,2.5,15.402,>15.402,99.990,-0.331,0.502,g
2460364.26785,2024-02-23.7684383,bm,2.48,15.065,>15.065,99.990,2.087,0.684,g
2460364.52012,2024-02-24.0207089,bi,2.2,15.905,>15.905,99.990,0.019,0.316,g
2460364.52136,2024-02-24.0219425,bi,2.16,15.762,>15.762,99.990,0.350,0.360,g
2460364.52259,2024-02-24.0231738,bi,2.14,15.880,>15.880,99.990,0.126,0.323,g
2460365.66946,2024-02-25.1700379,bE,1.55,15.300,>15.300,99.990,0.001,0.551,g
2460365.67073,2024-02-25.1713113,bE,1.48,15.590,>15.590,99.990,0.165,0.422,g
2460365.67202,2024-02-25.1725983,bE,1.57,15.229,>15.229,99.990,0.797,0.588,g
2460366.25990,2024-02-25.7604751,bm,2.01,14.936,>14.936,99.990,0.482,0.770,g
2460366.26114,2024-02-25.7617182,bm,2.03,15.123,>15.123,99.990,-1.838,0.649,g
2460366.26237,2024-02-25.7629471,bm,2.02,15.622,15.013,0.126,3.588,0.411,g
2460366.52911,2024-02-26.0296914,bE,1.48,16.457,>16.457,99.990,0.265,0.190,g
2460366.53038,2024-02-26.0309655,bE,1.5,16.452,>16.452,99.990,0.037,0.191,g
2460366.53167,2024-02-26.0322462,bE,1.47,16.468,>16.468,99.990,0.188,0.188,g
2460367.27064,2024-02-26.7712136,bm,1.52,16.178,>16.178,99.990,1.050,0.246,g
2460367.27188,2024-02-26.7724474,bm,1.55,16.156,>16.156,99.990,0.998,0.251,g
2460367.27312,2024-02-26.7736902,bm,1.42,15.920,>15.920,99.990,0.268,0.311,g
2460367.41805,2024-02-26.9186219,bm,2.18,15.072,>15.072,99.990,-0.243,0.679,g
2460367.41933,2024-02-26.9198965,bm,2.21,14.657,>14.657,99.990,1.434,0.996,g
2460367.42063,2024-02-26.9211958,bm,2.17,15.044,14.911,0.194,3.942,0.698,g
2460367.55261,2024-02-27.0531791,bE,1.58,16.395,>16.395,99.990,0.148,0.201,g
2460367.55388,2024-02-27.0544563,bE,1.56,16.259,>16.259,99.990,0.210,0.228,g
2460367.55516,2024-02-27.0557269,bE,1.54,16.530,>16.530,99.990,0.413,0.177,g
2460369.38730,2024-02-28.8878609,bm,1.98,15.573,>15.573,99.990,0.053,0.428,g
2460369.38853,2024-02-28.8890875,bm,1.99,15.558,>15.558,99.990,0.386,0.434,g
2460369.38976,2024-02-28.8903197,bm,1.96,15.363,>15.363,99.990,1.117,0.520,g
2460369.64334,2024-02-29.1438950,bi,1.42,16.343,>16.343,99.990,0.275,0.211,g
2460369.64457,2024-02-29.1451262,bi,1.56,16.310,>16.310,99.990,0.363,0.217,g
2460369.64579,2024-02-29.1463429,bi,1.45,16.284,>16.284,99.990,0.009,0.223,g
2460370.64829,2024-03-01.1488414,bi,1.44,16.368,>16.368,99.990,0.095,0.206,g
2460371.63449,2024-03-02.1350324,bi,1.61,16.593,>16.593,99.990,-0.063,0.167,g
2460371.63570,2024-03-02.1362565,bi,1.61,16.560,>16.560,99.990,-0.152,0.173,g
2460371.63692,2024-03-02.1374736,bi,1.64,16.598,>16.598,99.990,0.319,0.167,g
2460372.63374,2024-03-03.1342855,bi,1.52,16.743,>16.743,99.990,0.122,0.146,g
2460372.63496,2024-03-03.1355039,bi,1.51,16.997,>16.997,99.990,0.011,0.115,g
2460372.63619,2024-03-03.1367328,bi,1.53,16.638,>16.638,99.990,0.332,0.161,g
2460373.63267,2024-03-04.1332082,bi,1.45,16.827,>16.827,99.990,0.077,0.135,g
2460373.63390,2024-03-04.1344303,bi,1.41,16.814,>16.814,99.990,0.112,0.137,g
2460373.63513,2024-03-04.1356603,bi,1.44,16.725,>16.725,99.990,0.093,0.148,g
2460374.63701,2024-03-05.1375335,bE,1.54,16.718,>16.718,99.990,-0.008,0.149,g
2460374.63829,2024-03-05.1388077,bE,1.5,16.814,>16.814,99.990,-0.181,0.137,g
2460374.63956,2024-03-05.1400813,bE,1.51,16.870,>16.870,99.990,0.040,0.130,g
2460375.63670,2024-03-06.1372109,bE,1.48,16.714,>16.714,99.990,0.124,0.150,g
2460375.63796,2024-03-06.1384792,bE,1.52,16.897,>16.897,99.990,0.132,0.127,g
2460375.63923,2024-03-06.13975,bE,1.47,16.754,>16.754,99.990,0.215,0.144,g
2460376.61907,2024-03-07.1195760,bi,1.49,16.864,>16.864,99.990,0.114,0.131,g
2460376.62029,2024-03-07.1207918,bi,1.43,16.596,>16.596,99.990,0.192,0.167,g
2460376.62150,2024-03-07.1220122,bi,1.38,16.719,>16.719,99.990,0.091,0.149,g
2460378.61819,2024-03-09.1186946,bi,1.58,16.885,>16.885,99.990,-0.006,0.128,g
2460378.61941,2024-03-09.1199119,bi,1.53,16.689,>16.689,99.990,0.251,0.153,g
2460378.62065,2024-03-09.1211420,bi,1.6,16.910,>16.910,99.990,0.271,0.125,g
2460380.62241,2024-03-11.1228949,bi,1.46,16.782,>16.782,99.990,0.334,0.141,g
2460380.62363,2024-03-11.1241087,bi,1.42,16.831,>16.831,99.990,0.158,0.134,g
2460380.62486,2024-03-11.1253377,bi,1.39,16.878,>16.878,99.990,0.277,0.129,g
2460381.60336,2024-03-12.1038340,bi,1.45,17.034,>17.034,99.990,-0.056,0.112,g
2460381.60460,2024-03-12.1050710,bi,1.41,16.944,>16.944,99.990,0.184,0.121,g
2460381.60582,2024-03-12.1062885,bi,1.57,16.816,>16.816,99.990,0.100,0.136,g
2460382.61159,2024-03-13.1120512,bi,1.57,16.732,>16.732,99.990,0.116,0.147,g
2460382.61282,2024-03-13.1132800,bi,1.53,16.877,>16.877,99.990,0.029,0.129,g
2460382.61405,2024-03-13.1145091,bi,1.57,16.787,>16.787,99.990,0.209,0.140,g
2460383.59815,2024-03-14.0986140,bi,1.39,16.880,>16.880,99.990,0.101,0.128,g
2460383.59939,2024-03-14.0998445,bi,1.42,16.804,>16.804,99.990,-0.065,0.138,g
2460383.60062,2024-03-14.1010734,bi,1.44,16.837,>16.837,99.990,0.093,0.134,g
2460384.60140,2024-03-15.1018459,bi,1.5,16.803,>16.803,99.990,0.140,0.138,g
2460384.60263,2024-03-15.1030751,bi,1.55,16.784,>16.784,99.990,-0.082,0.140,g
2460384.60387,2024-03-15.1043206,bi,1.47,16.862,>16.862,99.990,-0.070,0.131,g
2460384.64442,2024-03-15.1448615,bF,2.07,99.990,99.990,99.990,99.990,99.990,g
2460384.64565,2024-03-15.1460921,bF,2.07,99.990,99.990,99.990,99.990,99.990,g
2460384.64689,2024-03-15.1473346,bF,2.08,99.990,99.990,99.990,99.990,99.990,g
2460385.58599,2024-03-16.0864214,bi,1.57,16.829,>16.829,99.990,0.150,0.135,g
2460385.58721,2024-03-16.0876456,bi,2.16,16.580,>16.580,99.990,0.170,0.169,g
2460385.58843,2024-03-16.0888756,bi,2.12,16.615,>16.615,99.990,-0.025,0.164,g
2460385.60011,2024-03-16.1005509,bE,1.52,99.990,99.990,99.990,99.990,99.990,g
2460385.60135,2024-03-16.1017868,bE,1.49,99.990,99.990,99.990,99.990,99.990,g
2460385.60259,2024-03-16.1030313,bE,1.6,99.990,99.990,99.990,99.990,99.990,g
2460386.60831,2024-03-17.1087418,bi,1.49,16.648,>16.648,99.990,0.142,0.159,g
2460386.60954,2024-03-17.1099699,bi,1.51,16.631,>16.631,99.990,0.310,0.162,g
2460386.61077,2024-03-17.1111906,bi,1.49,16.682,>16.682,99.990,-0.050,0.154,g
2460387.58740,2024-03-18.0878207,bi,1.47,16.606,>16.606,99.990,0.435,0.165,g
2460387.58861,2024-03-18.0890376,bi,1.53,16.480,>16.480,99.990,-0.179,0.186,g
2460387.58985,2024-03-18.0902747,bi,1.55,16.565,>16.565,99.990,-0.320,0.172,g
2460387.59287,2024-03-18.0932927,bE,1.48,99.990,99.990,99.990,99.990,99.990,g
2460387.59411,2024-03-18.0945291,bE,1.49,99.990,99.990,99.990,99.990,99.990,g
2460387.59535,2024-03-18.0957724,bE,1.52,99.990,99.990,99.990,99.990,99.990,g
2460387.63488,2024-03-18.1352975,bF,2.03,99.990,99.990,99.990,99.990,99.990,g
2460387.63612,2024-03-18.1365403,bF,2.02,99.990,99.990,99.990,99.990,99.990,g
2460387.63736,2024-03-18.1377783,bF,2.08,99.990,99.990,99.990,99.990,99.990,g
2460388.58758,2024-03-19.0879896,bE,1.46,16.626,>16.626,99.990,-0.128,0.162,g
2460388.58882,2024-03-19.0892289,bE,1.48,16.468,>16.468,99.990,0.125,0.188,g
2460388.59006,2024-03-19.0904765,bE,1.48,16.482,>16.482,99.990,0.191,0.185,g
2460389.58566,2024-03-20.0860689,bi,1.51,16.243,>16.243,99.990,-0.151,0.231,g
2460389.58692,2024-03-20.0873224,bi,1.52,16.050,>16.050,99.990,-0.046,0.276,g
2460389.58816,2024-03-20.0885605,bi,1.56,16.120,>16.120,99.990,0.385,0.259,g
2460392.56835,2024-03-23.0687289,bi,1.56,16.011,>16.011,99.990,-0.145,0.286,g
2460392.56958,2024-03-23.0699593,bi,1.44,15.950,>15.950,99.990,0.791,0.303,g
2460392.57083,2024-03-23.0712048,bi,1.48,16.019,>16.019,99.990,0.100,0.284,g
2460393.57177,2024-03-24.0721368,bE,1.5,16.044,>16.044,99.990,0.102,0.278,g
2460393.57301,2024-03-24.0733759,bE,1.5,16.273,>16.273,99.990,0.731,0.225,g
2460393.57426,2024-03-24.0746232,bE,1.46,16.087,>16.087,99.990,0.432,0.267,g
2460394.54449,2024-03-25.0448370,bE,1.41,15.852,>15.852,99.990,0.604,0.331,g
2460394.54573,2024-03-25.0460807,bE,1.54,15.861,>15.861,99.990,0.042,0.329,g
2460394.54697,2024-03-25.0473231,bE,1.53,16.115,>16.115,99.990,0.351,0.260,g
2460395.51316,2024-03-26.0135048,bE,1.55,16.087,>16.087,99.990,-0.233,0.267,g
2460395.51440,2024-03-26.0147445,bE,1.48,16.117,>16.117,99.990,0.356,0.260,g
2460395.51564,2024-03-26.0159853,bE,1.47,16.116,>16.116,99.990,-0.558,0.260,g
2460396.55013,2024-03-27.0504627,bE,1.53,16.157,>16.157,99.990,0.213,0.250,g
2460396.55138,2024-03-27.0517072,bE,1.58,16.118,>16.118,99.990,-0.224,0.259,g
2460396.55261,2024-03-27.0529405,bE,1.54,16.065,>16.065,99.990,0.307,0.272,g
2460397.57387,2024-03-28.0741822,bi,1.5,16.141,>16.141,99.990,0.254,0.254,g
2460397.57509,2024-03-28.0754111,bi,1.45,16.167,>16.167,99.990,1.053,0.248,g
2460397.57632,2024-03-28.0766400,bi,1.4,16.185,>16.185,99.990,0.039,0.244,g
2460398.55629,2024-03-29.0565984,bi,1.46,16.238,>16.238,99.990,0.201,0.232,g
2460398.55750,2024-03-29.0578171,bi,1.53,16.293,>16.293,99.990,-0.071,0.221,g
2460398.55872,2024-03-29.0590322,bi,1.59,16.313,>16.313,99.990,0.099,0.217,g
2460399.55526,2024-03-30.0555560,bi,1.53,16.648,>16.648,99.990,-0.048,0.159,g
2460399.55649,2024-03-30.0567876,bi,1.56,16.708,>16.708,99.990,-0.252,0.151,g
2460399.55772,2024-03-30.0580104,bi,1.53,16.529,>16.529,99.990,0.297,0.178,g
2460400.54706,2024-03-31.0473515,bi,1.48,16.787,>16.787,99.990,0.215,0.140,g
2460400.54828,2024-03-31.0485768,bi,1.47,16.932,>16.932,99.990,0.080,0.123,g
2460400.54952,2024-03-31.0498070,bi,1.44,16.827,>16.827,99.990,0.395,0.135,g
2460401.55363,2024-04-01.0539086,bi,1.39,16.853,>16.853,99.990,0.087,0.132,g
2460401.55486,2024-04-01.0551399,bi,1.49,16.897,>16.897,99.990,0.170,0.127,g
2460401.55610,2024-04-01.0563768,bi,1.51,16.750,>16.750,99.990,0.002,0.145,g
2460402.54171,2024-04-02.0419782,bi,1.48,16.785,>16.785,99.990,0.194,0.140,g
2460402.54294,2024-04-02.0432035,bi,1.37,16.865,>16.865,99.990,0.092,0.130,g
2460402.54417,2024-04-02.0444351,bi,1.48,17.057,>17.057,99.990,-0.178,0.109,g
2460403.54833,2024-04-03.0485841,bi,1.47,16.851,>16.851,99.990,0.315,0.132,g
2460403.54954,2024-04-03.0498052,bi,1.48,16.868,>16.868,99.990,0.490,0.130,g
2460403.55077,2024-04-03.0510332,bi,1.44,17.069,>17.069,99.990,-0.032,0.108,g
2460404.53621,2024-04-04.0364560,bi,1.43,16.782,>16.782,99.990,0.103,0.141,g
2460404.53745,2024-04-04.0376921,bi,1.43,17.047,>17.047,99.990,0.152,0.110,g
2460404.53868,2024-04-04.0389232,bi,1.47,16.904,>16.904,99.990,0.032,0.126,g
2460405.54659,2024-04-05.0468247,bE,1.53,16.802,>16.802,99.990,0.176,0.138,g
2460405.54784,2024-04-05.0480719,bE,1.58,16.830,>16.830,99.990,0.177,0.135,g
2460405.54908,2024-04-05.0493128,bE,1.49,16.812,>16.812,99.990,0.278,0.137,g
2460406.52340,2024-04-06.0236288,bi,1.43,16.831,>16.831,99.990,0.051,0.134,g
2460406.52461,2024-04-06.0248388,bi,1.46,16.710,>16.710,99.990,-0.031,0.150,g
2460406.52584,2024-04-06.0260574,bi,1.36,16.841,>16.841,99.990,0.335,0.133,g
2460408.52180,2024-04-08.0220005,bi,1.52,16.686,>16.686,99.990,0.160,0.154,g
2460408.52304,2024-04-08.0232353,bi,1.49,16.718,>16.718,99.990,-0.072,0.149,g
2460408.52426,2024-04-08.0244585,bi,1.41,16.924,>16.924,99.990,0.252,0.123,g
2460409.51339,2024-04-09.0135768,bi,1.43,16.836,>16.836,99.990,0.253,0.134,g
2460409.51461,2024-04-09.0148033,bi,1.49,16.689,>16.689,99.990,0.245,0.153,g
2460409.51583,2024-04-09.0160239,bi,1.5,16.759,>16.759,99.990,0.305,0.144,g
2460410.51266,2024-04-10.0128370,bi,1.45,16.839,>16.839,99.990,0.210,0.133,g
2460410.51388,2024-04-10.0140564,bi,1.44,16.954,>16.954,99.990,-0.014,0.120,g
2460410.51509,2024-04-10.0152667,bi,1.46,16.699,>16.699,99.990,0.361,0.152,g
2460411.50822,2024-04-11.0083840,bi,1.46,16.800,>16.800,99.990,0.411,0.138,g
2460411.50945,2024-04-11.0096179,bi,1.46,16.973,>16.973,99.990,0.176,0.118,g
2460411.51068,2024-04-11.0108434,bi,1.4,16.842,>16.842,99.990,0.150,0.133,g
2460412.51133,2024-04-12.0114929,bE,1.43,16.845,>16.845,99.990,0.254,0.133,g
2460412.51257,2024-04-12.0127366,bE,1.44,16.781,>16.781,99.990,0.056,0.141,g
2460412.51382,2024-04-12.0139850,bE,1.48,16.805,>16.805,99.990,0.172,0.138,g
2460413.53124,2024-04-13.0313868,bi,1.47,16.792,>16.792,99.990,0.261,0.139,g
2460413.53246,2024-04-13.0326086,bi,1.48,16.714,>16.714,99.990,0.132,0.150,g
2460413.53369,2024-04-13.0338377,bi,1.49,16.424,>16.424,99.990,0.282,0.196,g
2460416.51756,2024-04-16.0176774,bi,1.49,16.587,>16.587,99.990,-0.077,0.168,g
2460416.51878,2024-04-16.0188960,bi,1.49,16.694,>16.694,99.990,0.203,0.153,g
2460416.52000,2024-04-16.0201099,bi,1.46,16.565,>16.565,99.990,0.081,0.172,g
2460417.50366,2024-04-17.0037667,bi,1.46,16.541,>16.541,99.990,0.099,0.176,g
2460417.50488,2024-04-17.0049853,bi,1.48,16.357,>16.357,99.990,0.399,0.208,g
2460417.50612,2024-04-17.0062165,bi,1.41,16.626,>16.626,99.990,0.227,0.162,g
2460418.51015,2024-04-18.0102456,bi,1.48,16.249,>16.249,99.990,0.688,0.230,g
2460418.51138,2024-04-18.0114760,bi,1.49,16.289,>16.289,99.990,-0.014,0.221,g
2460418.51261,2024-04-18.0127050,bi,1.53,16.328,>16.328,99.990,0.391,0.214,g
2460419.49471,2024-04-18.9947870,bi,1.44,16.410,>16.410,99.990,0.046,0.198,g
2460419.49593,2024-04-18.9960106,bi,1.46,16.275,>16.275,99.990,0.065,0.224,g
2460419.49718,2024-04-18.9972559,bi,1.43,16.283,>16.283,99.990,0.210,0.223,g
2460422.48519,2024-04-21.9852348,bi,2.05,14.947,>14.947,99.990,0.661,0.763,g
2460422.48642,2024-04-21.9864685,bi,2.11,14.842,>14.842,99.990,0.670,0.840,g
2460422.48765,2024-04-21.9876930,bi,2.07,14.551,>14.551,99.990,1.480,1.098,g
2460423.50327,2024-04-23.0033069,bi,2.09,15.832,>15.832,99.990,-0.680,0.337,g
2460423.50449,2024-04-23.0045222,bi,2.1,15.792,>15.792,99.990,-0.146,0.350,g
2460423.50571,2024-04-23.0057443,bi,2.12,15.919,>15.919,99.990,0.341,0.312,g
2460426.48888,2024-04-25.9888850,bE,1.52,13.859,>13.859,99.990,1.304,2.078,g
2460426.49011,2024-04-25.9901153,bE,1.5,13.925,>13.925,99.990,2.527,1.954,g
2460426.49135,2024-04-25.9913474,bE,1.41,14.274,>14.274,99.990,-0.790,1.418,g
2460429.26020,2024-04-28.7601711,bm,1.56,16.680,>16.680,99.990,0.146,0.155,g
2460429.26144,2024-04-28.7614085,bm,1.6,16.817,>16.817,99.990,0.004,0.136,g
2460429.26267,2024-04-28.7626362,bm,1.49,16.733,>16.733,99.990,-0.027,0.147,g
2460430.20199,2024-04-29.7019430,bm,1.62,15.614,>15.614,99.990,-0.364,0.413,g
2460430.20322,2024-04-29.7031718,bm,1.57,99.990,99.990,99.990,99.990,99.990,g
2460430.20444,2024-04-29.7043939,bm,1.52,15.748,>15.748,99.990,0.293,0.365,g
2460432.25278,2024-05-01.7527026,bm,1.55,16.747,>16.747,99.990,0.419,0.145,g
2460432.25401,2024-05-01.7539384,bm,1.5,16.923,>16.923,99.990,-0.069,0.124,g
2460432.25535,2024-05-01.7552766,bm,1.53,16.837,>16.837,99.990,-0.163,0.134,g
2460433.49380,2024-05-02.9937261,bE,1.51,16.718,>16.718,99.990,0.141,0.149,g
2460433.49503,2024-05-02.9949549,bE,1.51,16.728,>16.728,99.990,0.125,0.148,g
2460433.49627,2024-05-02.9961950,bE,1.51,16.741,>16.741,99.990,0.024,0.146,g
2460434.21098,2024-05-03.7108857,bm,1.56,99.990,99.990,99.990,99.990,99.990,g
2460434.21220,2024-05-03.7121052,bm,1.51,15.665,>15.665,99.990,0.424,0.394,g
2460434.21343,2024-05-03.7133295,bm,1.56,14.683,>14.683,99.990,-2.972,0.974,g
2460435.46399,2024-05-04.9638839,bE,1.64,16.578,>16.578,99.990,0.183,0.170,g
2460435.46522,2024-05-04.9651100,bE,1.68,16.512,>16.512,99.990,-0.163,0.180,g
2460435.46646,2024-05-04.9663502,bE,1.58,16.352,>16.352,99.990,0.209,0.209,g
2460436.20273,2024-05-05.7026200,bm,1.58,16.014,>16.014,99.990,0.394,0.285,g
2460436.20412,2024-05-05.7040094,bm,1.55,16.376,>16.376,99.990,0.331,0.205,g
2460436.20550,2024-05-05.7053934,bm,1.5,16.376,>16.376,99.990,0.335,0.204,g
2460437.22147,2024-05-06.7213481,bm,1.54,16.678,>16.678,99.990,0.208,0.155,g
2460437.22276,2024-05-06.7226275,bm,1.58,16.775,>16.775,99.990,0.382,0.142,g
2460437.22398,2024-05-06.7238649,bm,1.55,16.808,>16.808,99.990,-0.318,0.137,g
2460437.49578,2024-05-06.9956534,bE,1.56,16.793,>16.793,99.990,0.002,0.139,g
2460438.23357,2024-05-07.7334369,bm,1.5,16.214,>16.214,99.990,-0.092,0.237,g
2460439.23483,2024-05-08.7346809,bm,1.6,16.818,>16.818,99.990,0.115,0.136,g
2460439.23607,2024-05-08.7359234,bm,1.58,16.691,>16.691,99.990,0.031,0.153,g
2460439.23731,2024-05-08.7371581,bm,1.56,16.806,>16.806,99.990,0.022,0.138,g
2460440.22786,2024-05-09.7276973,bm,1.52,16.831,>16.831,99.990,0.213,0.134,g
2460440.22908,2024-05-09.7289184,bm,1.54,16.765,>16.765,99.990,0.025,0.143,g
2460440.23030,2024-05-09.7301521,bm,1.48,16.628,>16.628,99.990,0.035,0.162,g
2460440.48698,2024-05-09.9868131,bE,1.48,16.950,>16.950,99.990,0.284,0.120,g
2460440.48822,2024-05-09.9880532,bE,2.11,16.609,>16.609,99.990,0.140,0.165,g
2460441.48145,2024-05-10.9812721,bE,1.42,16.683,>16.683,99.990,0.061,0.154,g
2460441.48269,2024-05-10.9825111,bE,1.55,16.696,>16.696,99.990,-0.201,0.152,g
2460441.48393,2024-05-10.9837538,bE,1.5,16.623,>16.623,99.990,-0.042,0.163,g
2460442.46702,2024-05-11.9668378,bE,1.51,15.513,>15.513,99.990,-0.144,0.453,g
2460442.46826,2024-05-11.9680825,bE,1.46,15.730,>15.730,99.990,-0.305,0.371,g
2460442.46950,2024-05-11.9693187,bE,1.48,16.215,>16.215,99.990,-0.469,0.237,g
2460443.19909,2024-05-12.6988984,bm,1.54,15.916,>15.916,99.990,-0.016,0.312,g
2460443.20031,2024-05-12.7001167,bm,1.57,16.033,>16.033,99.990,0.715,0.280,g
2460443.20154,2024-05-12.7013483,bm,1.57,16.273,>16.273,99.990,0.430,0.225,g
2460443.47820,2024-05-12.9780065,bE,1.62,99.990,99.990,99.990,99.990,99.990,g
2460443.47945,2024-05-12.9792609,bE,1.59,99.990,99.990,99.990,99.990,99.990,g
2460444.47011,2024-05-13.9698978,bE,1.43,99.990,99.990,99.990,99.990,99.990,g
2460444.47136,2024-05-13.9711532,bE,1.43,99.990,99.990,99.990,99.990,99.990,g
2460445.21466,2024-05-14.7144531,bm,1.54,15.957,>15.957,99.990,-0.135,0.301,g
2460445.21599,2024-05-14.7157744,bm,1.51,16.247,>16.247,99.990,0.189,0.230,g
2460445.21723,2024-05-14.7170074,bm,1.56,16.342,>16.342,99.990,0.352,0.211,g
2460447.46874,2024-05-16.9684997,bE,1.58,16.480,>16.480,99.990,-0.206,0.186,g
2460448.20466,2024-05-17.7044098,bm,1.49,16.124,>16.124,99.990,0.690,0.258,g
2460448.20589,2024-05-17.7056399,bm,1.56,15.368,>15.368,99.990,0.153,0.517,g
2460448.20712,2024-05-17.7068675,bm,1.49,99.990,99.990,99.990,99.990,99.990,g
2460448.46501,2024-05-17.9647523,bE,1.59,16.470,>16.470,99.990,0.646,0.187,g
2460448.46625,2024-05-17.9659934,bE,1.49,16.284,>16.284,99.990,0.154,0.223,g
2460449.20079,2024-05-18.7005284,bm,1.53,16.019,>16.019,99.990,0.463,0.284,g
2460449.20222,2024-05-18.7019601,bm,1.56,16.030,>16.030,99.990,-0.175,0.281,g
2460449.20348,2024-05-18.7032170,bm,1.6,15.980,>15.980,99.990,-0.805,0.294,g
2460449.45976,2024-05-18.9594978,bE,1.57,16.146,>16.146,99.990,0.032,0.253,g
2460449.46100,2024-05-18.9607391,bE,1.55,16.221,>16.221,99.990,-0.070,0.236,g
2460449.46223,2024-05-18.9619734,bE,1.62,16.281,>16.281,99.990,0.297,0.223,g
2460450.45187,2024-05-19.9516049,bE,1.96,15.871,>15.871,99.990,0.503,0.326,g
2460450.45313,2024-05-19.9528534,bE,1.97,15.864,>15.864,99.990,-0.084,0.328,g
2460450.45437,2024-05-19.9540939,bE,1.97,15.959,>15.959,99.990,0.435,0.300,g
2460451.19798,2024-05-20.6976994,bm,1.59,15.351,>15.351,99.990,-0.450,0.526,g
2460452.19982,2024-05-21.6995217,bm,1.54,15.547,>15.547,99.990,0.498,0.439,g
2460452.20105,2024-05-21.7007577,bm,1.53,15.765,>15.765,99.990,0.204,0.359,g
2460452.20229,2024-05-21.7019914,bm,1.54,15.660,>15.660,99.990,-0.296,0.395,g
2460453.19187,2024-05-22.6915649,bm,1.5,15.126,>15.126,99.990,0.207,0.647,g
2460453.19310,2024-05-22.6927938,bm,1.56,14.988,>14.988,99.990,1.679,0.735,g
2460453.19431,2024-05-22.6940215,bm,1.65,15.401,>15.401,99.990,-1.264,0.502,g
2460454.44954,2024-05-23.9492278,bE,1.99,15.605,>15.605,99.990,-0.417,0.416,g
2460493.95034,2024-07-02.4497278,bF,1.57,99.990,99.990,99.990,99.990,99.990,g
2460493.95034,2024-07-02.4497273,bE,1.96,15.607,>15.607,99.990,0.502,0.415,g
2460495.94680,2024-07-04.4461671,bi,1.42,15.582,>15.582,99.990,0.684,0.425,g
2460495.94803,2024-07-04.4473957,bi,1.5,15.122,>15.122,99.990,0.785,0.649,g
2460495.94926,2024-07-04.4486259,bi,1.44,14.932,>14.932,99.990,-0.108,0.773,g
2460496.94344,2024-07-05.4428070,bE,1.51,16.595,>16.595,99.990,-0.016,0.167,g
2460496.94344,2024-07-05.4428081,bF,2.03,99.990,99.990,99.990,99.990,99.990,g
2460496.94469,2024-07-05.4440600,bE,1.53,16.465,>16.465,99.990,-0.261,0.188,g
2460496.94469,2024-07-05.4440591,bF,2.04,99.990,99.990,99.990,99.990,99.990,g
2460496.94594,2024-07-05.4453108,bF,2.03,99.990,99.990,99.990,99.990,99.990,g
2460496.94594,2024-07-05.4453105,bE,1.49,16.270,>16.270,99.990,-0.029,0.225,g
2460499.94028,2024-07-08.4396420,bF,1.56,99.990,99.990,99.990,99.990,99.990,g
2460499.94028,2024-07-08.4396415,bE,1.55,16.554,>16.554,99.990,0.356,0.173,g
2460499.94154,2024-07-08.4408922,bF,1.66,99.990,99.990,99.990,99.990,99.990,g
2460499.94154,2024-07-08.4408921,bE,1.49,16.518,>16.518,99.990,-0.215,0.179,g
2460499.94279,2024-07-08.4421451,bE,1.47,16.551,>16.551,99.990,-0.023,0.174,g
2460499.94279,2024-07-08.4421451,bF,1.58,99.990,99.990,99.990,99.990,99.990,g
2460500.94092,2024-07-09.4402677,bE,1.57,16.485,>16.485,99.990,0.024,0.185,g
2460500.94092,2024-07-09.4402678,bF,1.64,99.990,99.990,99.990,99.990,99.990,g
2460500.94216,2024-07-09.4415090,bF,1.6,99.990,99.990,99.990,99.990,99.990,g
2460500.94216,2024-07-09.4415091,bE,1.77,16.547,>16.547,99.990,0.436,0.175,g
2460500.94340,2024-07-09.4427511,bF,1.57,99.990,99.990,99.990,99.990,99.990,g
2460500.94340,2024-07-09.4427508,bE,1.62,16.409,>16.409,99.990,0.300,0.198,g
2460501.92963,2024-07-10.4289766,bF,2.08,99.990,99.990,99.990,99.990,99.990,g
2460501.92963,2024-07-10.4289759,bE,1.59,16.868,>16.868,99.990,0.169,0.130,g
2460501.93087,2024-07-10.4302190,bE,1.54,16.708,>16.708,99.990,-0.027,0.151,g
2460501.93087,2024-07-10.4302200,bF,2.04,99.990,99.990,99.990,99.990,99.990,g
2460501.93211,2024-07-10.4314540,bE,1.6,16.775,>16.775,99.990,-0.067,0.142,g
2460501.93211,2024-07-10.4314540,bF,2.07,99.990,99.990,99.990,99.990,99.990,g
2460503.92260,2024-07-12.4219413,bE,1.49,16.757,>16.757,99.990,-0.019,0.144,g
2460503.92260,2024-07-12.4219413,bF,2.0,99.990,99.990,99.990,99.990,99.990,g
2460503.92386,2024-07-12.4231915,bF,2.03,99.990,99.990,99.990,99.990,99.990,g
2460503.92386,2024-07-12.4231918,bE,1.55,16.863,>16.863,99.990,0.366,0.131,g
2460503.92511,2024-07-12.4244450,bE,1.48,16.857,>16.857,99.990,0.173,0.131,g
2460503.92511,2024-07-12.4244443,bF,1.99,99.990,99.990,99.990,99.990,99.990,g
2460504.92677,2024-07-13.4261035,bE,1.51,16.665,>16.665,99.990,0.172,0.157,g
2460504.92677,2024-07-13.4261030,bF,1.68,99.990,99.990,99.990,99.990,99.990,g
2460504.92802,2024-07-13.4273546,bF,1.65,99.990,99.990,99.990,99.990,99.990,g
2460504.92802,2024-07-13.4273556,bE,1.53,16.952,>16.952,99.990,0.387,0.120,g
2460504.92926,2024-07-13.4286056,bE,1.5,16.750,>16.750,99.990,-0.069,0.145,g
2460504.92926,2024-07-13.4286060,bF,1.73,99.990,99.990,99.990,99.990,99.990,g
2460505.93488,2024-07-14.4342207,bi,1.43,16.100,>16.100,99.990,-0.030,0.264,g
2460505.93612,2024-07-14.4354553,bi,1.44,16.239,>16.239,99.990,-0.521,0.232,g
2460505.93734,2024-07-14.4366795,bi,1.47,16.295,>16.295,99.990,0.209,0.220,g
2460506.91600,2024-07-15.4153315,bE,1.57,16.747,>16.747,99.990,0.370,0.145,g
2460506.91600,2024-07-15.4153311,bF,1.6,99.990,99.990,99.990,99.990,99.990,g
2460506.91724,2024-07-15.4165701,bF,1.6,99.990,99.990,99.990,99.990,99.990,g
2460506.91724,2024-07-15.4165704,bE,1.58,16.861,>16.861,99.990,0.207,0.131,g
2460506.91848,2024-07-15.4178155,bE,1.57,16.848,>16.848,99.990,0.008,0.132,g
2460506.91848,2024-07-15.4178157,bF,1.61,99.990,99.990,99.990,99.990,99.990,g
2460507.92018,2024-07-16.4195099,bF,1.57,99.990,99.990,99.990,99.990,99.990,g
2460507.92018,2024-07-16.4195099,bE,1.51,16.256,>16.256,99.990,0.202,0.228,g
2460507.92143,2024-07-16.4207615,bE,1.52,15.792,>15.792,99.990,-0.282,0.350,g
2460507.92266,2024-07-16.4219892,bF,1.58,99.990,99.990,99.990,99.990,99.990,g
2460507.92266,2024-07-16.4219890,bE,1.52,14.866,14.137,0.113,8.045,0.825,g
2460514.66144,2024-07-23.1607574,bm,2.36,15.312,>15.312,99.990,-0.591,0.545,g
2460514.66390,2024-07-23.1632167,bm,2.38,15.241,>15.241,99.990,-0.164,0.582,g
2460523.67292,2024-08-01.1722311,bm,2.33,16.559,>16.559,99.990,-0.140,0.173,g
2460523.67415,2024-08-01.1734600,bm,2.36,16.592,>16.592,99.990,0.266,0.168,g
2460523.67539,2024-08-01.1747026,bm,2.37,16.503,>16.503,99.990,-0.009,0.182,g
2460524.62408,2024-08-02.1234019,bm,2.3,14.688,11.293,0.011,110.357,1.109,g
2460524.62531,2024-08-02.1246329,bm,2.25,14.514,11.239,0.013,116.027,1.329,g
2460524.62654,2024-08-02.1258581,bm,2.29,14.701,11.217,0.014,118.422,1.476,g
2460528.67884,2024-08-06.1781636,bm,2.48,16.176,14.513,0.047,5.687,0.248,g
2460528.68018,2024-08-06.1795001,bm,2.49,16.034,14.467,0.052,5.932,0.282,g
2460528.68143,2024-08-06.1807474,bm,2.47,15.936,14.501,0.058,5.747,0.308,g
2460530.92803,2024-08-08.4273543,bi,1.45,16.304,15.349,0.091,2.635,0.219,g
2460530.92924,2024-08-08.4285706,bi,1.48,16.275,15.353,0.094,2.622,0.225,g
2460530.93046,2024-08-08.4297934,bi,1.46,16.253,15.273,0.089,2.822,0.229,g
2460532.92507,2024-08-10.4244118,bF,2.07,99.990,99.990,99.990,99.990,99.990,g
2460532.92508,2024-08-10.4244120,bE,1.55,16.706,>16.706,99.990,0.671,0.151,g
2460532.92632,2024-08-10.4256621,bE,1.57,16.742,>16.742,99.990,0.565,0.146,g
2460532.92632,2024-08-10.4256619,bF,2.1,99.990,99.990,99.990,99.990,99.990,g
2460532.92759,2024-08-10.4269182,bF,2.07,99.990,99.990,99.990,99.990,99.990,g
2460532.92759,2024-08-10.4269181,bE,1.56,16.827,>16.827,99.990,0.573,0.135,g
2460534.88240,2024-08-12.3817474,bE,1.5,16.779,16.719,0.207,0.746,0.141,g
2460534.88240,2024-08-12.3817467,bF,1.58,99.990,99.990,99.990,99.990,99.990,g
2460534.88366,2024-08-12.3829993,bF,1.57,99.990,99.990,99.990,99.990,99.990,g
2460534.88366,2024-08-12.3829989,bE,1.52,16.754,16.643,0.198,0.799,0.144,g
2460534.88491,2024-08-12.3842518,bF,1.56,99.990,99.990,99.990,99.990,99.990,g
2460534.88491,2024-08-12.3842518,bE,1.47,16.801,>16.801,99.990,0.673,0.138,g
2460535.87896,2024-08-13.3783018,bF,1.54,99.990,99.990,99.990,99.990,99.990,g
2460535.87896,2024-08-13.3783021,bE,1.52,16.784,>16.784,99.990,0.494,0.140,g
2460535.88020,2024-08-13.3795461,bF,1.54,99.990,99.990,99.990,99.990,99.990,g
2460535.88021,2024-08-13.3795465,bE,1.42,16.804,16.739,0.207,0.732,0.138,g
2460535.88144,2024-08-13.3807803,bE,1.49,16.842,>16.842,99.990,0.431,0.133,g
2460535.88144,2024-08-13.3807812,bF,1.55,99.990,99.990,99.990,99.990,99.990,g
2460536.87551,2024-08-14.3748621,bF,1.54,99.990,99.990,99.990,99.990,99.990,g
2460536.87551,2024-08-14.3748615,bE,1.44,15.840,>15.840,99.990,0.051,0.335,g
2460536.87675,2024-08-14.3761000,bF,1.59,99.990,99.990,99.990,99.990,99.990,g
2460536.87675,2024-08-14.3761002,bE,1.47,16.443,>16.443,99.990,-0.200,0.192,g
2460536.87800,2024-08-14.3773527,bF,1.62,99.990,99.990,99.990,99.990,99.990,g
2460536.87800,2024-08-14.3773533,bE,1.47,16.550,>16.550,99.990,0.334,0.174,g
2460537.61938,2024-08-15.1187335,bm,2.46,16.780,>16.780,99.990,0.180,0.141,g
2460537.62062,2024-08-15.1199743,bm,2.49,16.626,>16.626,99.990,0.034,0.162,g
2460537.62185,2024-08-15.1211994,bm,2.49,16.743,>16.743,99.990,0.387,0.146,g
2460538.61264,2024-08-16.1119899,bm,2.09,16.395,>16.395,99.990,0.486,0.201,g
2460538.61386,2024-08-16.1132070,bm,2.1,16.404,>16.404,99.990,0.580,0.199,g
2460538.61508,2024-08-16.1144304,bm,2.09,16.303,>16.303,99.990,0.572,0.219,g
2460539.61472,2024-08-17.1140732,bm,2.26,15.968,>15.968,99.990,0.260,0.298,g
2460539.61612,2024-08-17.1154769,bm,2.28,16.068,>16.068,99.990,1.090,0.272,g
2460539.61788,2024-08-17.1172346,bm,2.27,15.948,>15.948,99.990,0.192,0.303,g
2460540.60981,2024-08-18.1091660,bm,2.25,15.831,>15.831,99.990,0.028,0.338,g
2460540.61104,2024-08-18.1104035,bm,2.29,15.749,>15.749,99.990,1.136,0.364,g
2460540.61230,2024-08-18.1116665,bm,2.31,15.719,>15.719,99.990,-0.230,0.375,g
2460541.60978,2024-08-19.1091381,bm,2.04,15.822,>15.822,99.990,-0.555,0.341,g
2460541.61101,2024-08-19.1103681,bm,2.06,15.675,>15.675,99.990,0.036,0.390,g
2460541.61225,2024-08-19.1116055,bm,2.06,15.518,>15.518,99.990,-0.837,0.451,g
2460541.88232,2024-08-19.3816929,bi,1.62,15.292,>15.292,99.990,0.543,0.555,g
2460541.88356,2024-08-19.3829313,bi,1.5,15.339,>15.339,99.990,1.386,0.531,g
2460541.88480,2024-08-19.3841673,bi,1.65,15.445,>15.445,99.990,0.844,0.482,g
2460544.85554,2024-08-22.3549122,bF,1.61,99.990,99.990,99.990,99.990,99.990,g
2460544.85554,2024-08-22.3549118,bE,1.58,16.169,>16.169,99.990,0.211,0.248,g
2460544.85678,2024-08-22.3561636,bF,1.67,99.990,99.990,99.990,99.990,99.990,g
2460544.85678,2024-08-22.3561635,bE,1.51,16.069,>16.069,99.990,0.366,0.271,g
2460544.85804,2024-08-22.3574293,bF,1.67,99.990,99.990,99.990,99.990,99.990,g
2460544.85804,2024-08-22.3574289,bE,1.5,16.031,>16.031,99.990,0.647,0.281,g
2460545.57940,2024-08-23.0787818,bm,2.1,15.975,>15.975,99.990,0.575,0.296,g
2460545.58076,2024-08-23.0801372,bm,2.07,15.849,>15.849,99.990,-0.141,0.332,g
2460545.58223,2024-08-23.0816083,bm,2.07,15.929,>15.929,99.990,0.296,0.309,g
2460545.88058,2024-08-23.3799638,bF,1.62,99.990,99.990,99.990,99.990,99.990,g
2460545.88058,2024-08-23.3799646,bE,1.55,16.339,>16.339,99.990,0.263,0.211,g
2460545.88182,2024-08-23.3812027,bF,1.63,99.990,99.990,99.990,99.990,99.990,g
2460545.88182,2024-08-23.3812037,bE,1.59,16.347,>16.347,99.990,0.218,0.210,g
2460545.88305,2024-08-23.3824341,bF,1.55,99.990,99.990,99.990,99.990,99.990,g
2460545.88305,2024-08-23.3824351,bE,1.51,16.322,>16.322,99.990,0.621,0.215,g
2460545.90304,2024-08-23.4024265,bi,1.56,16.016,>16.016,99.990,0.790,0.285,g
2460545.90427,2024-08-23.4036567,bi,1.42,16.110,>16.110,99.990,-0.136,0.261,g
2460545.90551,2024-08-23.4048971,bi,1.44,16.099,>16.099,99.990,0.483,0.264,g
2460546.81480,2024-08-24.3141868,bE,1.57,16.506,>16.506,99.990,-0.063,0.181,g
2460546.81480,2024-08-24.3141871,bF,1.62,99.990,99.990,99.990,99.990,99.990,g
2460546.81606,2024-08-24.3154442,bF,1.63,99.990,99.990,99.990,99.990,99.990,g
2460546.81606,2024-08-24.3154442,bE,1.53,16.499,>16.499,99.990,0.180,0.183,g
2460546.81731,2024-08-24.3166978,bF,1.66,99.990,99.990,99.990,99.990,99.990,g
2460546.81731,2024-08-24.3166983,bE,1.57,16.281,>16.281,99.990,0.199,0.223,g
2460547.81770,2024-08-25.3171004,bF,1.65,99.990,99.990,99.990,99.990,99.990,g
2460547.81771,2024-08-25.3171010,bE,1.6,16.583,>16.583,99.990,0.762,0.169,g
2460547.81896,2024-08-25.3183547,bE,1.5,16.683,>16.683,99.990,0.453,0.154,g
2460547.81897,2024-08-25.3183553,bF,1.62,99.990,99.990,99.990,99.990,99.990,g
2460547.82022,2024-08-25.3196197,bF,1.65,99.990,99.990,99.990,99.990,99.990,g
2460547.82022,2024-08-25.3196193,bE,1.48,16.556,>16.556,99.990,0.616,0.173,g
2460549.85544,2024-08-27.3548491,bi,1.46,16.407,>16.407,99.990,0.398,0.199,g
2460549.85669,2024-08-27.3561003,bi,1.58,16.474,>16.474,99.990,0.092,0.187,g
2460549.85792,2024-08-27.3573311,bi,1.54,16.390,>16.390,99.990,0.783,0.202,g
2460553.53867,2024-08-31.0380921,bm,2.34,16.687,>16.687,99.990,-0.108,0.154,g
2460553.53995,2024-08-31.0393785,bm,2.38,16.742,>16.742,99.990,0.578,0.146,g
2460553.54122,2024-08-31.0406457,bm,2.34,16.517,>16.517,99.990,0.316,0.180,g
2460553.92105,2024-08-31.4204844,bi,1.67,16.010,>16.010,99.990,-0.018,0.287,g
2460553.92229,2024-08-31.4217142,bi,1.57,15.958,>15.958,99.990,0.017,0.300,g
2460553.92352,2024-08-31.4229502,bi,1.64,15.723,>15.723,99.990,-0.476,0.373,g
2460554.55088,2024-09-01.0503156,bm,2.16,16.613,>16.613,99.990,-0.163,0.164,g
2460554.55211,2024-09-01.0515413,bm,2.19,16.494,>16.494,99.990,0.307,0.183,g
2460554.55334,2024-09-01.0527760,bm,2.19,16.606,>16.606,99.990,0.475,0.165,g
2460554.87091,2024-09-01.3703415,bi,1.53,16.468,>16.468,99.990,0.326,0.188,g
2460554.87213,2024-09-01.3715646,bi,1.59,16.646,>16.646,99.990,-0.006,0.160,g
2460554.87335,2024-09-01.3727900,bi,1.61,16.732,>16.732,99.990,0.083,0.147,g
2460555.54753,2024-09-02.0469756,bm,2.05,16.712,>16.712,99.990,0.233,0.150,g
2460555.54876,2024-09-02.0482070,bm,2.06,16.637,>16.637,99.990,0.284,0.161,g
2460555.55001,2024-09-02.0494487,bm,2.07,16.582,>16.582,99.990,0.061,0.169,g
2460556.82894,2024-09-03.3283961,bF,1.62,99.990,99.990,99.990,99.990,99.990,g
2460556.82894,2024-09-03.3283967,bE,1.5,16.802,>16.802,99.990,0.233,0.138,g
2460556.83019,2024-09-03.3296451,bF,1.6,99.990,99.990,99.990,99.990,99.990,g
2460556.83019,2024-09-03.3296445,bE,1.54,16.826,>16.826,99.990,0.208,0.135,g
2460556.83145,2024-09-03.3309020,bE,1.58,16.910,>16.910,99.990,-0.073,0.125,g
2460556.83145,2024-09-03.3309027,bF,1.59,99.990,99.990,99.990,99.990,99.990,g
2460557.79670,2024-09-04.2961503,bE,1.68,16.849,>16.849,99.990,0.021,0.132,g
2460557.79670,2024-09-04.2961508,bF,1.76,99.990,99.990,99.990,99.990,99.990,g
2460557.79795,2024-09-04.2974057,bF,1.65,99.990,99.990,99.990,99.990,99.990,g
2460557.79795,2024-09-04.2974054,bE,1.54,16.761,>16.761,99.990,0.255,0.143,g
2460557.79922,2024-09-04.2986732,bE,1.6,16.779,>16.779,99.990,0.396,0.141,g
2460557.79922,2024-09-04.2986726,bF,1.68,99.990,99.990,99.990,99.990,99.990,g
2460559.81181,2024-09-06.3112759,bE,1.44,16.811,>16.811,99.990,0.080,0.137,g
2460559.81181,2024-09-06.3112766,bF,1.6,99.990,99.990,99.990,99.990,99.990,g
2460559.81304,2024-09-06.3125164,bF,1.59,99.990,99.990,99.990,99.990,99.990,g
2460559.81304,2024-09-06.3125167,bE,1.55,16.728,>16.728,99.990,0.261,0.148,g
2460559.81429,2024-09-06.3137552,bF,1.56,99.990,99.990,99.990,99.990,99.990,g
2460559.81429,2024-09-06.3137556,bE,1.53,16.819,>16.819,99.990,0.026,0.136,g
2460560.77584,2024-09-07.2753238,bE,1.62,16.865,>16.865,99.990,0.093,0.130,g
2460560.77584,2024-09-07.2753245,bF,1.65,99.990,99.990,99.990,99.990,99.990,g
2460560.77710,2024-09-07.2765857,bE,1.59,16.690,>16.690,99.990,0.200,0.153,g
2460560.77711,2024-09-07.2765865,bF,1.65,99.990,99.990,99.990,99.990,99.990,g
2460560.77837,2024-09-07.2778438,bF,1.66,99.990,99.990,99.990,99.990,99.990,g
2460560.77837,2024-09-07.2778443,bE,1.59,16.695,>16.695,99.990,-0.109,0.152,g
2460562.81653,2024-09-09.3160232,bE,1.49,16.873,>16.873,99.990,0.167,0.129,g
2460562.81653,2024-09-09.3160225,bF,1.53,99.990,99.990,99.990,99.990,99.990,g
2460562.81778,2024-09-09.3172754,bE,1.51,16.860,>16.860,99.990,0.274,0.131,g
2460562.81778,2024-09-09.3172752,bF,1.53,99.990,99.990,99.990,99.990,99.990,g
2460562.81903,2024-09-09.3185203,bE,1.53,16.746,>16.746,99.990,0.196,0.145,g
2460562.81903,2024-09-09.3185200,bF,1.55,99.990,99.990,99.990,99.990,99.990,g
2460566.77137,2024-09-13.2709024,bF,1.69,99.990,99.990,99.990,99.990,99.990,g
2460566.77261,2024-09-13.2721434,bF,1.69,99.990,99.990,99.990,99.990,99.990,g
2460567.76036,2024-09-14.2598927,bE,1.46,16.282,>16.282,99.990,0.020,0.223,g
2460567.76036,2024-09-14.2598922,bF,1.62,99.990,99.990,99.990,99.990,99.990,g
2460567.76161,2024-09-14.2611422,bE,1.62,16.293,>16.293,99.990,-0.072,0.221,g
2460567.76161,2024-09-14.2611412,bF,1.67,99.990,99.990,99.990,99.990,99.990,g
2460567.76286,2024-09-14.2623960,bF,1.61,99.990,99.990,99.990,99.990,99.990,g
2460567.76286,2024-09-14.2623962,bE,1.48,16.135,>16.135,99.990,0.117,0.255,g
2460568.87115,2024-09-15.3706920,bi,2.5,16.352,>16.352,99.990,-0.315,0.209,g
2460569.76976,2024-09-16.2693093,bF,1.62,99.990,99.990,99.990,99.990,99.990,g
2460569.76976,2024-09-16.2693092,bE,1.48,16.037,>16.037,99.990,0.067,0.279,g
2460569.77100,2024-09-16.2705525,bE,1.44,16.015,>16.015,99.990,0.255,0.285,g
2460569.77100,2024-09-16.2705525,bF,1.53,99.990,99.990,99.990,99.990,99.990,g
2460569.77224,2024-09-16.2717971,bF,1.58,99.990,99.990,99.990,99.990,99.990,g
2460569.77224,2024-09-16.2717976,bE,1.48,16.110,>16.110,99.990,0.349,0.261,g
2460573.75951,2024-09-20.2590987,bE,1.64,15.661,>15.661,99.990,-0.236,0.395,g
2460573.75952,2024-09-20.2590989,bF,1.64,99.990,99.990,99.990,99.990,99.990,g
2460573.76076,2024-09-20.2603407,bE,2.01,15.207,>15.207,99.990,0.153,0.600,g
2460573.76076,2024-09-20.2603400,bF,2.05,99.990,99.990,99.990,99.990,99.990,g
2460573.76202,2024-09-20.2616126,bF,2.08,99.990,99.990,99.990,99.990,99.990,g
2460573.76202,2024-09-20.2616129,bE,1.94,15.535,>15.535,99.990,-1.245,0.444,g
2460577.81604,2024-09-24.3156671,bE,1.53,16.696,>16.696,99.990,-0.099,0.152,g
2460577.81604,2024-09-24.3156677,bF,1.66,99.990,99.990,99.990,99.990,99.990,g
2460577.81729,2024-09-24.3169062,bF,1.65,99.990,99.990,99.990,99.990,99.990,g
2460577.81729,2024-09-24.3169060,bE,1.52,16.781,>16.781,99.990,0.106,0.141,g
2460577.81853,2024-09-24.3181508,bF,1.63,99.990,99.990,99.990,99.990,99.990,g
2460577.81853,2024-09-24.3181508,bE,1.54,16.696,>16.696,99.990,0.121,0.152,g
2460578.48321,2024-09-24.9828438,bm,1.69,16.539,>16.539,99.990,0.074,0.176,g
2460578.48445,2024-09-24.9840817,bm,1.99,16.474,>16.474,99.990,0.412,0.187,g
2460578.48568,2024-09-24.9853173,bm,1.65,16.442,>16.442,99.990,0.315,0.192,g
2460578.71955,2024-09-25.2191777,bF,1.63,99.990,99.990,99.990,99.990,99.990,g
2460578.71955,2024-09-25.2191774,bE,1.50,16.717,>16.717,99.990,0.074,0.149,g
2460578.72080,2024-09-25.2204300,bF,1.58,99.990,99.990,99.990,99.990,99.990,g
2460578.72080,2024-09-25.2204300,bE,1.54,16.849,>16.849,99.990,0.139,0.132,g
2460578.72205,2024-09-25.2216798,bE,1.51,16.806,>16.806,99.990,0.264,0.138,g
2460578.72205,2024-09-25.2216797,bF,1.69,99.990,99.990,99.990,99.990,99.990,g
2460579.73574,2024-09-26.2353928,bE,1.47,16.836,>16.836,99.990,0.090,0.134,g
2460579.73574,2024-09-26.2353927,bF,1.76,99.990,99.990,99.990,99.990,99.990,g
2460579.73701,2024-09-26.2366618,bF,1.66,99.990,99.990,99.990,99.990,99.990,g
2460579.73701,2024-09-26.2366618,bE,1.59,16.743,>16.743,99.990,0.369,0.146,g
2460579.73827,2024-09-26.2379116,bF,1.66,99.990,99.990,99.990,99.990,99.990,g
2460579.73827,2024-09-26.2379120,bE,1.56,16.837,>16.837,99.990,0.026,0.134,g
2460579.90024,2024-09-26.3998850,bi,1.45,15.901,>15.901,99.990,-0.191,0.317,g
2460580.72939,2024-09-27.2290458,bE,1.52,16.943,>16.943,99.990,0.314,0.121,g
2460580.72939,2024-09-27.2290467,bF,1.6,99.990,99.990,99.990,99.990,99.990,g
2460580.73063,2024-09-27.2302840,bF,1.61,99.990,99.990,99.990,99.990,99.990,g
2460580.73063,2024-09-27.2302843,bE,1.5,16.849,>16.849,99.990,-0.110,0.132,g
2460580.73187,2024-09-27.2315231,bE,1.49,16.746,>16.746,99.990,-0.113,0.145,g
2460580.73187,2024-09-27.2315239,bF,1.64,99.990,99.990,99.990,99.990,99.990,g
2460582.72416,2024-09-29.2238380,bE,1.5,16.870,>16.870,99.990,0.303,0.130,g
2460582.72416,2024-09-29.2238383,bF,1.57,99.990,99.990,99.990,99.990,99.990,g
2460582.72542,2024-09-29.2250943,bE,1.46,16.792,>16.792,99.990,0.237,0.139,g
2460582.72542,2024-09-29.2250944,bF,1.62,99.990,99.990,99.990,99.990,99.990,g
2460582.72666,2024-09-29.2263400,bE,1.5,16.930,>16.930,99.990,0.428,0.123,g
2460582.72666,2024-09-29.2263390,bF,1.63,99.990,99.990,99.990,99.990,99.990,g
2460583.71933,2024-09-30.2190152,bE,1.4,16.655,>16.655,99.990,0.231,0.158,g
2460583.71933,2024-09-30.2190158,bF,2.02,99.990,99.990,99.990,99.990,99.990,g
2460583.72063,2024-09-30.2203087,bF,2.03,99.990,99.990,99.990,99.990,99.990,g
2460583.72063,2024-09-30.2203089,bE,1.44,16.764,>16.764,99.990,0.009,0.143,g
2460583.72189,2024-09-30.2215831,bF,2.04,99.990,99.990,99.990,99.990,99.990,g
2460583.72189,2024-09-30.2215793,bE,1.45,16.823,>16.823,99.990,0.135,0.135,g
2460584.80592,2024-10-01.3056210,bF,1.59,99.990,99.990,99.990,99.990,99.990,g
2460584.80592,2024-10-01.3056214,bE,1.44,17.060,>17.060,99.990,0.088,0.109,g
2460584.80716,2024-10-01.3068569,bE,1.51,16.806,>16.806,99.990,0.055,0.138,g
2460584.80841,2024-10-01.3080981,bE,1.47,16.942,>16.942,99.990,0.408,0.121,g
2460586.47384,2024-10-02.9735590,bm,2.33,16.524,>16.524,99.990,-0.328,0.178,g
2460586.47509,2024-10-02.9748053,bm,2.34,16.484,>16.484,99.990,-0.001,0.185,g
2460586.47632,2024-10-02.9760282,bm,2.32,16.545,>16.545,99.990,-0.051,0.175,g
2460587.50923,2024-10-04.0089528,bm,1.58,16.524,>16.524,99.990,-0.022,0.178,g
2460587.51047,2024-10-04.0101898,bm,1.56,16.515,>16.515,99.990,-0.106,0.180,g
2460587.51170,2024-10-04.0114255,bm,1.53,16.463,>16.463,99.990,0.533,0.189,g
2460587.78025,2024-10-04.2799792,bi,1.45,16.420,>16.420,99.990,-0.010,0.196,g
2460587.78148,2024-10-04.2812135,bi,1.48,16.441,>16.441,99.990,0.243,0.193,g
2460587.78272,2024-10-04.2824453,bi,1.50,16.464,>16.464,99.990,0.420,0.189,g
2460588.45653,2024-10-04.9562643,bm,1.56,16.644,>16.644,99.990,0.077,0.160,g
2460588.45778,2024-10-04.9575181,bm,1.53,16.588,>16.588,99.990,0.045,0.168,g
2460591.61320,2024-10-08.1129734,bm,1.56,16.472,>16.472,99.990,0.088,0.187,g
2460591.61444,2024-10-08.1142108,bm,1.55,16.615,>16.615,99.990,0.044,0.164,g
2460591.61568,2024-10-08.1154503,bm,1.51,16.711,>16.711,99.990,0.238,0.150,g
2460592.45392,2024-10-08.9536988,bm,1.48,16.643,>16.643,99.990,0.159,0.160,g
2460592.45514,2024-10-08.9549230,bm,1.52,16.596,>16.596,99.990,0.125,0.167,g
2460592.45637,2024-10-08.9561521,bm,1.47,16.538,>16.538,99.990,-0.187,0.176,g
2460593.43805,2024-10-09.9378357,bm,1.49,16.293,>16.293,99.990,0.346,0.221,g
2460593.43929,2024-10-09.9390741,bm,1.54,16.248,>16.248,99.990,0.065,0.230,g
2460593.44051,2024-10-09.9403018,bm,1.55,16.313,>16.313,99.990,-0.031,0.217,g
2460593.74710,2024-10-10.2468891,bi,1.60,16.479,>16.479,99.990,0.376,0.186,g
2460593.74832,2024-10-10.2481184,bi,1.53,16.497,>16.497,99.990,0.163,0.183,g
2460593.74955,2024-10-10.2493414,bi,1.57,16.400,>16.400,99.990,-0.441,0.200,g
2460595.44556,2024-10-11.9453814,bm,1.51,16.153,>16.153,99.990,0.236,0.251,g
2460596.57373,2024-10-13.0735460,bm,1.51,16.528,>16.528,99.990,0.191,0.178,g
2460596.57495,2024-10-13.0747747,bm,1.53,16.598,>16.598,99.990,-0.057,0.167,g
2460596.57619,2024-10-13.0760097,bm,1.44,16.436,>16.436,99.990,-0.309,0.193,g
2460599.72277,2024-10-16.2226300,bF,1.6,99.990,99.990,99.990,99.990,99.990,g
2460599.72277,2024-10-16.2226309,bE,1.47,16.071,>16.071,99.990,0.195,0.271,g
2460599.72402,2024-10-16.2238891,bE,1.45,15.890,>15.890,99.990,0.025,0.320,g
2460599.72402,2024-10-16.2238891,bF,1.59,99.990,99.990,99.990,99.990,99.990,g
2460599.72528,2024-10-16.2251366,bF,1.62,99.990,99.990,99.990,99.990,99.990,g
2460599.72528,2024-10-16.2251376,bE,1.54,15.941,>15.941,99.990,-0.138,0.305,g
2460599.86776,2024-10-16.3676201,bE,1.49,16.335,>16.335,99.990,0.273,0.212,g
2460599.86901,2024-10-16.3688674,bE,1.49,16.254,>16.254,99.990,0.598,0.229,g
2460599.87026,2024-10-16.3701188,bE,1.53,16.278,>16.278,99.990,0.008,0.224,g
2460600.49998,2024-10-16.9998472,bm,1.63,15.516,>15.516,99.990,-0.790,0.452,g
2460600.50123,2024-10-17.0011020,bm,1.65,15.363,>15.363,99.990,0.457,0.520,g
2460600.71593,2024-10-17.2158021,bi,1.57,15.516,>15.516,99.990,-0.815,0.452,g
2460600.71715,2024-10-17.2170266,bi,1.43,15.491,>15.491,99.990,-0.542,0.462,g
2460600.71838,2024-10-17.2182596,bi,1.54,15.496,>15.496,99.990,0.024,0.460,g
2460601.67169,2024-10-18.1715765,bF,1.53,99.990,99.990,99.990,99.990,99.990,g
2460601.67294,2024-10-18.1728258,bF,1.59,99.990,99.990,99.990,99.990,99.990,g
2460601.67419,2024-10-18.1740762,bE,1.49,15.825,>15.825,99.990,0.008,0.340,g
2460601.67419,2024-10-18.1740762,bF,1.51,99.990,99.990,99.990,99.990,99.990,g
2460602.79931,2024-10-19.2992072,bE,1.49,16.162,>16.162,99.990,0.460,0.249,g
2460602.80056,2024-10-19.3004601,bE,1.51,16.188,>16.188,99.990,0.662,0.243,g
2460602.80181,2024-10-19.3017079,bF,1.53,99.990,99.990,99.990,99.990,99.990,g
2460602.80181,2024-10-19.3017081,bE,1.54,16.325,>16.325,99.990,0.281,0.214,g
2460603.87732,2024-10-20.3772354,bi,1.61,15.649,>15.649,99.990,-0.435,0.399,g
2460603.87856,2024-10-20.3784633,bi,1.57,15.606,>15.606,99.990,-0.441,0.416,g
2460603.87983,2024-10-20.3797334,bi,1.61,15.455,>15.455,99.990,1.138,0.478,g
2460604.72808,2024-10-21.2279976,bF,1.70,99.990,99.990,99.990,99.990,99.990,g
2460604.72933,2024-10-21.2292398,bF,1.67,99.990,99.990,99.990,99.990,99.990,g
2460604.72933,2024-10-21.2292405,bE,1.63,16.583,>16.583,99.990,-0.057,0.169,g
2460604.73056,2024-10-21.2304846,bF,1.72,99.990,99.990,99.990,99.990,99.990,g
2460604.73056,2024-10-21.2304851,bE,1.57,16.495,>16.495,99.990,0.289,0.183,g
2460605.70765,2024-10-22.2075749,bF,1.72,99.990,99.990,99.990,99.990,99.990,g
2460605.70765,2024-10-22.2075736,bE,1.63,16.687,>16.687,99.990,-0.106,0.154,g
2460605.70889,2024-10-22.2088203,bF,1.69,99.990,99.990,99.990,99.990,99.990,g
2460605.70889,2024-10-22.2088195,bE,1.53,16.584,>16.584,99.990,0.056,0.169,g
2460605.71014,2024-10-22.2100708,bF,1.75,99.990,99.990,99.990,99.990,99.990,g
2460605.71014,2024-10-22.2100712,bE,1.58,16.672,>16.672,99.990,0.475,0.156,g
2460605.87486,2024-10-22.3747864,bi,1.48,15.844,>15.844,99.990,0.439,0.334,g
2460605.87609,2024-10-22.3760224,bi,1.58,15.813,>15.813,99.990,0.847,0.344,g
2460605.87732,2024-10-22.3772537,bi,1.56,15.666,>15.666,99.990,0.370,0.393,g
2460606.40040,2024-10-22.9003391,bm,1.57,16.897,>16.897,99.990,0.149,0.127,g
2460606.40163,2024-10-22.9015667,bm,1.58,16.964,>16.964,99.990,0.010,0.119,g
2460606.40287,2024-10-22.9028074,bm,1.58,16.803,>16.803,99.990,0.054,0.138,g
2460607.39084,2024-10-23.8907913,bm,1.58,16.738,>16.738,99.990,0.275,0.146,g
2460607.39208,2024-10-23.8920292,bm,1.53,16.941,>16.941,99.990,0.427,0.122,g
2460607.39332,2024-10-23.8932688,bm,1.61,16.767,>16.767,99.990,0.265,0.143,g
2460607.48113,2024-10-23.9810728,bm,1.55,16.986,>16.986,99.990,0.095,0.117,g
2460607.48236,2024-10-23.9823085,bm,1.49,16.840,>16.840,99.990,0.132,0.133,g
2460607.48361,2024-10-23.9835561,bm,1.44,16.787,>16.787,99.990,-0.070,0.140,g
2460607.80650,2024-10-24.3064519,bE,1.55,16.785,>16.785,99.990,0.298,0.140,g
2460607.80774,2024-10-24.3076921,bE,1.54,16.759,>16.759,99.990,0.474,0.144,g
2460608.80632,2024-10-25.3062862,bE,1.43,16.811,>16.811,99.990,0.236,0.137,g
2460608.80756,2024-10-25.3075225,bE,1.47,16.707,>16.707,99.990,0.256,0.151,g
2460608.80883,2024-10-25.3087917,bE,1.45,16.905,>16.905,99.990,-0.134,0.126,g
2460609.41973,2024-10-25.9196989,bm,1.50,16.952,>16.952,99.990,0.144,0.120,g
2460609.42096,2024-10-25.9209322,bm,1.54,16.827,>16.827,99.990,0.200,0.135,g
2460609.42218,2024-10-25.9221482,bm,1.55,16.792,>16.792,99.990,-0.023,0.139,g
2460609.52573,2024-10-26.0257003,bm,1.51,16.938,>16.938,99.990,-0.021,0.122,g
2460609.52696,2024-10-26.0269339,bm,1.56,17.092,>17.092,99.990,0.158,0.106,g
2460609.52820,2024-10-26.0281780,bm,1.60,16.786,>16.786,99.990,0.021,0.140,g
2460609.71121,2024-10-26.2111813,bF,1.63,99.990,99.990,99.990,99.990,99.990,g
2460609.71121,2024-10-26.2111812,bE,1.53,16.833,>16.833,99.990,0.050,0.134,g
2460609.71244,2024-10-26.2124153,bE,1.48,16.970,>16.970,99.990,0.006,0.118,g
2460609.71244,2024-10-26.2124153,bF,1.56,99.990,99.990,99.990,99.990,99.990,g
2460609.71368,2024-10-26.2136644,bF,1.6,99.990,99.990,99.990,99.990,99.990,g
2460609.71368,2024-10-26.2136645,bE,1.46,16.834,>16.834,99.990,0.190,0.134,g
2460610.38785,2024-10-26.8878324,bm,1.65,16.055,>16.055,99.990,0.617,0.275,g
2460610.38917,2024-10-26.8891515,bm,1.59,16.075,>16.075,99.990,0.912,0.270,g
2460611.64323,2024-10-28.1432336,bi,1.47,16.512,>16.512,99.990,-0.079,0.180,g
2460611.64449,2024-10-28.1444788,bi,1.39,16.557,>16.557,99.990,-0.011,0.173,g
2460611.64572,2024-10-28.1457185,bi,1.46,16.479,>16.479,99.990,0.156,0.186,g
2460611.80975,2024-10-28.3097545,bE,1.53,16.778,>16.778,99.990,0.329,0.141,g
2460611.81101,2024-10-28.3110096,bE,1.5,17.042,>17.042,99.990,0.149,0.111,g
2460611.81227,2024-10-28.3122730,bE,1.46,16.981,>16.981,99.990,0.023,0.117,g
2460612.63835,2024-10-29.1383598,bE,1.54,16.626,>16.626,99.990,0.295,0.162,g
2460612.63835,2024-10-29.1383599,bF,1.56,99.990,99.990,99.990,99.990,99.990,g
2460612.63960,2024-10-29.1396123,bF,1.6,99.990,99.990,99.990,99.990,99.990,g
2460612.63960,2024-10-29.1396122,bE,1.53,16.879,>16.879,99.990,0.027,0.129,g
2460612.64088,2024-10-29.1408906,bE,1.53,16.794,>16.794,99.990,0.039,0.139,g
2460612.64088,2024-10-29.1408901,bF,1.54,99.990,99.990,99.990,99.990,99.990,g
2460613.64002,2024-10-30.1400348,bi,1.4,16.555,>16.555,99.990,-0.100,0.173,g
2460613.64126,2024-10-30.1412824,bi,1.4,16.722,>16.722,99.990,0.261,0.149,g
2460613.64248,2024-10-30.1425090,bi,1.43,16.551,>16.551,99.990,-0.146,0.174,g
2460614.42119,2024-10-30.9212212,bm,1.61,16.803,>16.803,99.990,-0.023,0.138,g
2460614.42243,2024-10-30.9224563,bm,1.55,16.900,>16.900,99.990,0.213,0.126,g
2460614.42366,2024-10-30.9236843,bm,1.55,16.806,>16.806,99.990,0.309,0.138,g
2460614.52665,2024-10-31.0266908,bm,1.58,17.160,>17.160,99.990,-0.043,0.099,g
2460614.52789,2024-10-31.0279255,bm,1.51,16.955,>16.955,99.990,0.082,0.120,g
2460614.52912,2024-10-31.0291559,bm,1.47,16.690,>16.690,99.990,0.060,0.153,g
2460614.71377,2024-10-31.2138072,bi,1.51,16.581,>16.581,99.990,-0.101,0.169,g
2460614.71502,2024-10-31.2150561,bi,1.46,16.573,>16.573,99.990,0.374,0.171,g
2460614.71626,2024-10-31.2162957,bi,1.41,16.582,>16.582,99.990,-0.178,0.169,g
2460615.49884,2024-10-31.9988848,bm,1.57,16.956,>16.956,99.990,0.124,0.120,g
2460615.50006,2024-11-01.0001100,bm,1.56,16.879,>16.879,99.990,-0.049,0.129,g
2460615.50131,2024-11-01.0013597,bm,1.61,16.832,>16.832,99.990,0.013,0.134,g
2460615.58813,2024-11-01.0881799,bm,2.06,16.830,>16.830,99.990,-0.015,0.135,g
2460615.58937,2024-11-01.0894101,bm,2.08,16.845,>16.845,99.990,0.048,0.133,g
2460615.59061,2024-11-01.0906601,bm,2.08,16.856,>16.856,99.990,-0.037,0.131,g
2460615.75501,2024-11-01.2550583,bi,1.45,16.620,>16.620,99.990,0.069,0.163,g
2460615.75625,2024-11-01.2563045,bi,1.48,16.732,>16.732,99.990,0.104,0.147,g
2460615.75749,2024-11-01.2575392,bi,1.43,16.668,>16.668,99.990,0.095,0.156,g
2460621.47065,2024-11-06.9707655,bm,1.64,17.026,>17.026,99.990,0.067,0.112,g
2460621.47209,2024-11-06.9722056,bm,1.6,16.774,>16.774,99.990,0.088,0.142,g
2460622.46594,2024-11-07.9660677,bm,1.56,16.900,>16.900,99.990,0.256,0.126,g
2460622.46719,2024-11-07.9673166,bm,1.62,16.761,>16.761,99.990,0.241,0.143,g
2460622.46843,2024-11-07.9685547,bm,1.54,16.787,>16.787,99.990,0.263,0.140,g
2460624.36800,2024-11-09.8681504,bm,1.52,16.381,>16.381,99.990,0.260,0.204,g
2460624.36932,2024-11-09.8694717,bm,1.53,16.331,>16.331,99.990,-0.303,0.213,g
2460624.37056,2024-11-09.8707101,bm,1.48,16.522,>16.522,99.990,-0.160,0.179,g
2460624.59498,2024-11-10.0951313,bi,1.57,16.194,>16.194,99.990,-0.106,0.242,g
2460624.59622,2024-11-10.0963730,bi,1.61,16.068,>16.068,99.990,0.349,0.272,g
2460624.59746,2024-11-10.0976063,bi,1.56,16.217,>16.217,99.990,0.022,0.237,g
2460626.34227,2024-11-11.8424385,bm,1.61,16.271,>16.271,99.990,-0.338,0.225,g
2460626.34350,2024-11-11.8436780,bm,1.57,16.112,>16.112,99.990,0.270,0.261,g
2460626.34474,2024-11-11.8449135,bm,1.57,16.152,>16.152,99.990,0.251,0.251,g
2460626.49364,2024-11-11.9938076,bm,1.55,16.414,>16.414,99.990,0.788,0.197,g
2460626.49487,2024-11-11.9950400,bm,1.58,16.370,>16.370,99.990,-0.441,0.206,g
2460626.49610,2024-11-11.9962761,bm,1.59,16.506,>16.506,99.990,0.036,0.181,g
2460626.59199,2024-11-12.0921671,bm,1.55,16.689,>16.689,99.990,0.278,0.153,g
2460626.59324,2024-11-12.0934185,bm,1.52,99.990,99.990,99.990,99.990,99.990,g
2460626.59448,2024-11-12.0946579,bm,1.53,16.725,>16.725,99.990,0.120,0.148,g
2460627.34251,2024-11-12.8426895,bm,1.51,16.095,>16.095,99.990,-0.110,0.265,g
2460627.34374,2024-11-12.8439160,bm,1.41,15.881,>15.881,99.990,0.614,0.323,g
2460627.34498,2024-11-12.8451591,bm,1.52,16.014,>16.014,99.990,0.636,0.285,g
2460629.68893,2024-11-15.1891371,bi,1.52,15.779,>15.779,99.990,-0.191,0.354,g
2460629.69016,2024-11-15.1903649,bi,1.46,15.734,>15.734,99.990,1.122,0.369,g
2460629.69140,2024-11-15.1916114,bi,1.51,15.647,>15.647,99.990,0.097,0.400,g
2460629.85579,2024-11-15.3559969,bi,1.51,15.799,>15.799,99.990,0.346,0.348,g
2460629.85703,2024-11-15.3572459,bi,1.44,15.756,>15.756,99.990,0.420,0.362,g
2460629.85826,2024-11-15.3584704,bi,1.45,15.863,>15.863,99.990,-0.193,0.328,g
2460630.34853,2024-11-15.8487439,bm,1.59,15.638,>15.638,99.990,0.049,0.403,g
2460630.34978,2024-11-15.8499895,bm,1.65,15.700,>15.700,99.990,-0.180,0.381,g
2460630.35102,2024-11-15.8512350,bm,1.55,15.619,>15.619,99.990,-0.923,0.410,g
2460630.56324,2024-11-16.0634518,bi,1.52,15.616,>15.616,99.990,0.945,0.412,g
2460630.56446,2024-11-16.0646849,bi,1.48,15.574,>15.574,99.990,0.253,0.428,g
2460630.56571,2024-11-16.0659269,bi,1.56,15.648,>15.648,99.990,0.346,0.400,g
2460631.47011,2024-11-16.9703473,bm,1.58,15.891,>15.891,99.990,0.892,0.320,g
2460631.47136,2024-11-16.9715870,bm,1.52,15.867,>15.867,99.990,-0.537,0.327,g
2460631.47259,2024-11-16.9728171,bm,1.53,16.155,>16.155,99.990,-0.330,0.251,g
2460631.59584,2024-11-17.0960704,bF,2.14,99.990,99.990,99.990,99.990,99.990,g
2460631.59584,2024-11-17.0960706,bE,1.56,16.065,>16.065,99.990,0.718,0.272,g
2460631.59712,2024-11-17.0973447,bF,1.66,99.990,99.990,99.990,99.990,99.990,g
2460631.59712,2024-11-17.0973446,bE,1.5,16.093,>16.093,99.990,0.656,0.265,g
2460631.59837,2024-11-17.0985964,bE,1.66,15.976,>15.976,99.990,0.470,0.295,g
2460631.59837,2024-11-17.0985966,bF,2.02,99.990,99.990,99.990,99.990,99.990,g
2460632.43823,2024-11-17.9384734,bm,1.51,16.018,>16.018,99.990,-0.208,0.284,g
2460632.43946,2024-11-17.9397003,bm,1.6,16.098,>16.098,99.990,0.203,0.264,g
2460632.44071,2024-11-17.9409423,bm,1.59,16.295,>16.295,99.990,-0.218,0.220,g
2460632.59235,2024-11-18.0925938,bm,1.51,16.017,>16.017,99.990,0.611,0.285,g
2460632.59359,2024-11-18.0938362,bm,1.6,16.044,>16.044,99.990,0.220,0.278,g
2460632.59484,2024-11-18.0950831,bm,1.6,16.074,>16.074,99.990,-0.221,0.270,g
2460635.56536,2024-11-21.0656277,bF,1.59,99.990,99.990,99.990,99.990,99.990,g
2460635.56536,2024-11-21.0656268,bE,1.57,16.946,>16.946,99.990,-0.159,0.121,g
2460635.56666,2024-11-21.0669310,bF,1.62,99.990,99.990,99.990,99.990,99.990,g
2460635.56666,2024-11-21.0669310,bE,1.58,16.868,>16.868,99.990,0.148,0.130,g
2460635.56792,2024-11-21.0681906,bF,1.63,99.990,99.990,99.990,99.990,99.990,g
2460635.56792,2024-11-21.0681908,bE,1.63,16.663,>16.663,99.990,0.036,0.157,g
2460636.79185,2024-11-22.2921384,bi,1.47,16.328,>16.328,99.990,-0.119,0.214,g
2460636.79308,2024-11-22.2933684,bi,1.52,16.386,>16.386,99.990,0.005,0.203,g
2460636.79433,2024-11-22.2946122,bi,1.47,16.345,>16.345,99.990,0.124,0.210,g
2460637.45657,2024-11-22.9568637,bm,1.56,16.850,>16.850,99.990,0.424,0.132,g
2460637.45781,2024-11-22.9581072,bm,1.55,16.806,>16.806,99.990,0.005,0.138,g
2460637.45905,2024-11-22.9593449,bm,1.53,16.828,>16.828,99.990,-0.031,0.135,g
2460638.51370,2024-11-24.0140112,bm,1.52,16.770,>16.770,99.990,0.066,0.142,g
2460638.51493,2024-11-24.0152379,bm,1.54,16.777,>16.777,99.990,0.155,0.141,g
2460638.51620,2024-11-24.0165021,bm,1.49,16.697,>16.697,99.990,0.307,0.152,g
2460638.58819,2024-11-24.0884973,bE,1.48,16.760,>16.760,99.990,0.317,0.144,g
2460638.58819,2024-11-24.0884976,bF,1.57,99.990,99.990,99.990,99.990,99.990,g
2460638.58944,2024-11-24.0897478,bE,1.48,16.790,>16.790,99.990,0.330,0.140,g
2460638.58944,2024-11-24.0897480,bF,1.55,99.990,99.990,99.990,99.990,99.990,g
2460638.59070,2024-11-24.0910094,bF,1.64,99.990,99.990,99.990,99.990,99.990,g
2460638.59070,2024-11-24.0910098,bE,1.49,16.712,>16.712,99.990,0.043,0.150,g
2460639.49700,2024-11-24.9973157,bm,1.51,16.791,>16.791,99.990,0.130,0.139,g
2460639.49823,2024-11-24.9985482,bm,1.53,16.943,>16.943,99.990,0.123,0.121,g
2460639.49948,2024-11-24.9997865,bm,1.49,16.917,>16.917,99.990,0.277,0.124,g
2460640.55327,2024-11-26.0535903,bF,1.6,99.990,99.990,99.990,99.990,99.990,g
2460640.55327,2024-11-26.0535901,bE,1.57,16.754,>16.754,99.990,-0.072,0.144,g
2460640.55452,2024-11-26.0548429,bF,1.59,99.990,99.990,99.990,99.990,99.990,g
2460640.55452,2024-11-26.0548428,bE,1.51,16.826,>16.826,99.990,-0.123,0.135,g
2460640.55578,2024-11-26.0561037,bF,1.62,99.990,99.990,99.990,99.990,99.990,g
2460640.55578,2024-11-26.0561034,bE,1.56,16.870,>16.870,99.990,0.071,0.130,g
2460641.53877,2024-11-27.0391062,bi,1.46,16.443,>16.443,99.990,-0.163,0.192,g
2460641.54000,2024-11-27.0403327,bi,1.45,16.650,>16.650,99.990,0.114,0.159,g
2460641.54123,2024-11-27.0415590,bi,1.44,16.571,>16.571,99.990,0.335,0.171,g
2460642.53927,2024-11-28.0396171,bi,1.43,16.523,>16.523,99.990,0.194,0.179,g
2460642.54052,2024-11-28.0408655,bi,1.42,16.481,>16.481,99.990,0.107,0.186,g
2460642.54176,2024-11-28.0421070,bi,1.47,16.661,>16.661,99.990,-0.150,0.157,g
2460642.61072,2024-11-28.1110648,bi,1.5,16.589,>16.589,99.990,0.262,0.168,g
2460642.61195,2024-11-28.1122989,bi,1.48,16.657,>16.657,99.990,-0.156,0.158,g
2460642.61319,2024-11-28.1135299,bi,1.49,16.479,>16.479,99.990,0.160,0.186,g
2460643.50096,2024-11-29.0013215,bm,1.97,16.821,>16.821,99.990,-0.015,0.136,g
2460643.50223,2024-11-29.0025783,bm,1.55,16.791,>16.791,99.990,0.263,0.140,g
2460643.50346,2024-11-29.0038149,bm,1.96,16.905,>16.905,99.990,0.463,0.126,g
2460643.58174,2024-11-29.0821006,bm,2.05,16.763,>16.763,99.990,0.036,0.143,g
2460643.58300,2024-11-29.0833528,bm,2.07,16.587,>16.587,99.990,0.232,0.168,g
2460643.58423,2024-11-29.0845865,bm,2.1,16.678,>16.678,99.990,0.050,0.155,g
2460644.32056,2024-11-29.8209219,bm,1.68,16.765,>16.765,99.990,0.028,0.143,g
2460644.32180,2024-11-29.8221707,bm,1.75,16.778,>16.778,99.990,0.101,0.141,g
2460644.32307,2024-11-29.8234336,bm,1.56,16.894,>16.894,99.990,0.135,0.127,g
2460644.52803,2024-11-30.0283903,bi,1.51,16.301,>16.301,99.990,-0.132,0.219,g
2460644.52925,2024-11-30.0296180,bi,1.46,16.235,>16.235,99.990,0.117,0.233,g
2460644.53049,2024-11-30.0308518,bi,1.44,16.286,>16.286,99.990,0.599,0.222,g
2460645.28741,2024-11-30.7877842,bm,1.63,16.788,>16.788,99.990,0.345,0.140,g
2460645.28867,2024-11-30.7890437,bm,1.72,16.759,>16.759,99.990,0.007,0.144,g
2460645.28994,2024-11-30.7903197,bm,1.64,16.711,>16.711,99.990,0.498,0.150,g
2460645.54233,2024-12-01.0427072,bi,1.45,16.586,>16.586,99.990,0.328,0.168,g
2460645.54357,2024-12-01.0439532,bi,1.4,16.413,>16.413,99.990,-0.016,0.198,g
2460645.54480,2024-12-01.0451722,bi,1.38,16.506,>16.506,99.990,-0.153,0.181,g
2460645.60129,2024-12-01.1016737,bi,1.57,16.599,>16.599,99.990,-0.006,0.166,g
2460645.60252,2024-12-01.1028967,bi,1.45,16.456,>16.456,99.990,0.339,0.190,g
2460645.60374,2024-12-01.1041218,bi,1.44,16.502,>16.502,99.990,-0.115,0.182,g
2460647.54993,2024-12-03.0503210,bi,1.53,16.557,>16.557,99.990,-0.080,0.173,g
2460647.55117,2024-12-03.0515649,bi,1.52,16.634,>16.634,99.990,0.143,0.161,g
2460647.55240,2024-12-03.0527899,bi,1.56,16.509,>16.509,99.990,0.269,0.181,g
2460648.49376,2024-12-03.9941585,bm,1.5,16.847,>16.847,99.990,0.163,0.132,g
2460648.49499,2024-12-03.9953946,bm,1.55,16.804,>16.804,99.990,0.204,0.138,g
2460648.49623,2024-12-03.9966296,bm,1.57,16.807,>16.807,99.990,0.044,0.137,g
2460648.57753,2024-12-04.0779359,bm,1.45,16.992,>16.992,99.990,0.254,0.116,g
2460648.57877,2024-12-04.0791780,bm,1.56,16.835,>16.835,99.990,-0.063,0.134,g
2460648.58001,2024-12-04.0804128,bm,1.53,16.855,>16.855,99.990,0.223,0.132,g
2460650.55533,2024-12-06.0557579,bi,1.47,16.565,>16.565,99.990,0.112,0.172,g
2460650.55658,2024-12-06.0570043,bi,1.52,16.439,>16.439,99.990,0.066,0.193,g
2460650.55780,2024-12-06.0582238,bi,1.47,16.373,>16.373,99.990,0.091,0.205,g
2460651.49457,2024-12-06.9950054,bm,1.56,16.688,>16.688,99.990,0.226,0.153,g
2460651.49580,2024-12-06.9962357,bm,1.53,16.497,>16.497,99.990,0.445,0.183,g
2460651.49705,2024-12-06.9974826,bm,1.65,16.427,>16.427,99.990,0.144,0.195,g
2460652.44543,2024-12-07.9458707,bm,1.54,16.961,>16.961,99.990,0.166,0.119,g
2460652.44665,2024-12-07.9470960,bm,1.51,16.893,>16.893,99.990,-0.100,0.127,g
2460652.44790,2024-12-07.9483476,bm,1.5,17.091,>17.091,99.990,-0.015,0.106,g
2460652.53369,2024-12-08.0341258,bE,1.51,16.641,>16.641,99.990,0.146,0.160,g
2460652.53369,2024-12-08.0341263,bF,1.74,99.990,99.990,99.990,99.990,99.990,g
2460652.53495,2024-12-08.0353913,bE,1.54,16.487,>16.487,99.990,0.162,0.185,g
2460652.53495,2024-12-08.0353907,bF,1.67,99.990,99.990,99.990,99.990,99.990,g
2460652.53620,2024-12-08.0366486,bF,1.63,99.990,99.990,99.990,99.990,99.990,g
2460652.53620,2024-12-08.0366486,bE,1.53,16.481,>16.481,99.990,-0.066,0.186,g
2460652.57896,2024-12-08.0794062,bi,1.58,16.420,>16.420,99.990,-0.021,0.196,g
2460652.58019,2024-12-08.0806291,bi,1.62,16.444,>16.444,99.990,0.110,0.192,g
2460652.58142,2024-12-08.0818693,bi,1.49,16.366,>16.366,99.990,0.433,0.206,g
2460652.63245,2024-12-08.1328853,bi,1.54,16.339,>16.339,99.990,0.595,0.212,g
2460652.63367,2024-12-08.1341130,bi,1.57,16.399,>16.399,99.990,0.030,0.200,g
2460652.63491,2024-12-08.1353548,bi,1.62,16.286,>16.286,99.990,-0.314,0.222,g
2460654.41680,2024-12-09.9172619,bm,1.56,16.560,>16.560,99.990,-0.024,0.173,g
2460654.41804,2024-12-09.9184989,bm,1.56,16.483,>16.483,99.990,0.418,0.185,g
2460654.41928,2024-12-09.9197387,bm,1.61,16.557,>16.557,99.990,0.027,0.173,g
2460654.51902,2024-12-10.0194765,bm,1.48,16.118,>16.118,99.990,-0.171,0.259,g
2460654.52025,2024-12-10.0207125,bm,1.59,16.036,>16.036,99.990,0.207,0.280,g
2460654.52149,2024-12-10.0219471,bm,1.61,16.309,>16.309,99.990,-0.245,0.217,g
2460656.54980,2024-12-12.0502842,bi,1.48,15.925,>15.925,99.990,-0.281,0.310,g
2460656.55105,2024-12-12.0515246,bi,1.45,15.779,>15.779,99.990,0.755,0.354,g
2460656.55229,2024-12-12.0527710,bi,1.57,15.921,>15.921,99.990,-0.088,0.311,g
2460657.52468,2024-12-13.0251601,bF,1.6,99.990,99.990,99.990,99.990,99.990,g
2460657.52468,2024-12-13.0251600,bE,1.62,15.737,>15.737,99.990,-0.438,0.368,g
2460657.52595,2024-12-13.0264357,bF,1.5,99.990,99.990,99.990,99.990,99.990,g
2460657.52595,2024-12-13.0264362,bE,1.93,15.639,>15.639,99.990,-0.300,0.403,g
2460657.52719,2024-12-13.0276706,bF,1.55,99.990,99.990,99.990,99.990,99.990,g
2460657.52719,2024-12-13.0276712,bE,1.52,15.823,>15.823,99.990,0.473,0.340,g
2460657.58186,2024-12-13.0823424,bF,2.1,99.990,99.990,99.990,99.990,99.990,g
2460657.58186,2024-12-13.0823423,bE,1.51,16.041,>16.041,99.990,-0.208,0.278,g
2460657.58310,2024-12-13.0835893,bF,1.99,99.990,99.990,99.990,99.990,99.990,g
2460657.58310,2024-12-13.0835892,bE,1.56,16.172,>16.172,99.990,-0.587,0.247,g
2460657.58436,2024-12-13.0848396,bE,1.52,16.201,>16.201,99.990,0.325,0.240,g
2460657.58436,2024-12-13.0848393,bF,1.99,99.990,99.990,99.990,99.990,99.990,g
2460658.30240,2024-12-13.8028975,bm,1.52,15.942,>15.942,99.990,0.992,0.305,g
2460658.30364,2024-12-13.8041348,bm,1.56,15.903,>15.903,99.990,0.581,0.316,g
2460658.30489,2024-12-13.8053755,bm,1.54,15.750,>15.750,99.990,0.575,0.364,g
2460658.58625,2024-12-14.0867466,bm,2.12,16.428,>16.428,99.990,0.182,0.195,g
2460658.58748,2024-12-14.0879750,bm,2.13,16.357,>16.357,99.990,-0.164,0.208,g
2460658.58872,2024-12-14.0892123,bm,2.11,16.327,>16.327,99.990,-0.078,0.214,g
2460659.29135,2024-12-14.7918449,bm,2.29,15.927,>15.927,99.990,-0.465,0.309,g
2460659.29259,2024-12-14.7930925,bm,2.32,15.777,>15.777,99.990,-0.671,0.355,g
2460659.29383,2024-12-14.7943274,bm,2.22,15.749,>15.749,99.990,-0.283,0.364,g
2460659.39033,2024-12-14.8908306,bm,1.58,15.759,>15.759,99.990,0.578,0.361,g
2460659.39159,2024-12-14.8920878,bm,1.62,15.772,>15.772,99.990,0.660,0.357,g
2460659.39282,2024-12-14.8933258,bm,1.65,15.861,>15.861,99.990,0.144,0.329,g
2460659.53336,2024-12-15.0338643,bi,1.41,15.604,>15.604,99.990,0.253,0.417,g
2460659.53460,2024-12-15.0350978,bi,1.5,15.557,>15.557,99.990,-0.283,0.435,g
2460659.53583,2024-12-15.0363346,bi,1.56,15.600,>15.600,99.990,0.550,0.418,g
2460659.59436,2024-12-15.0948637,bi,1.53,15.628,>15.628,99.990,-0.422,0.407,g
2460659.59560,2024-12-15.0961026,bi,1.51,15.658,>15.658,99.990,0.191,0.396,g
2460659.59685,2024-12-15.0973561,bi,1.51,15.715,>15.715,99.990,-1.140,0.376,g
2460659.64319,2024-12-15.1436959,bi,1.52,15.574,>15.574,99.990,0.256,0.428,g
2460659.64442,2024-12-15.1449208,bi,1.47,15.678,>15.678,99.990,-0.326,0.389,g
2460659.64565,2024-12-15.1461586,bi,1.55,15.757,>15.757,99.990,-0.702,0.362,g
2460661.51598,2024-12-17.0165017,bm,1.53,15.890,>15.890,99.990,0.011,0.320,g
2460661.51722,2024-12-17.0177317,bm,1.55,15.966,>15.966,99.990,-0.150,0.298,g
2460661.51847,2024-12-17.0189843,bm,1.6,15.914,>15.914,99.990,0.269,0.313,g
2460661.58356,2024-12-17.0840767,bi,1.48,16.173,>16.173,99.990,-0.202,0.247,g
2460661.58479,2024-12-17.0853038,bi,1.42,15.997,>15.997,99.990,0.419,0.290,g
2460661.58602,2024-12-17.0865371,bi,1.43,16.069,>16.069,99.990,0.435,0.271,g
2460662.58186,2024-12-18.0823857,bm,1.54,15.924,>15.924,99.990,0.027,0.310,g
2460662.58309,2024-12-18.0836170,bm,1.53,16.069,>16.069,99.990,-0.332,0.271,g
2460662.58433,2024-12-18.0848508,bm,1.52,15.959,>15.959,99.990,0.572,0.300,g
2460663.53749,2024-12-19.0380202,bm,1.54,16.188,>16.188,99.990,-0.012,0.243,g
2460664.53533,2024-12-20.0358679,bm,1.61,16.313,>16.313,99.990,-0.437,0.217,g
2460664.53656,2024-12-20.0370945,bm,1.61,16.370,>16.370,99.990,0.370,0.206,g
2460664.53779,2024-12-20.0383318,bm,1.61,16.237,>16.237,99.990,0.343,0.232,g
2460665.53182,2024-12-21.0323616,bi,1.44,16.186,>16.186,99.990,0.172,0.244,g
2460665.53307,2024-12-21.0336092,bi,1.52,16.271,>16.271,99.990,-0.048,0.225,g
2460665.53428,2024-12-21.0348290,bi,1.48,16.500,>16.500,99.990,0.504,0.182,g
2460665.58879,2024-12-21.0893380,bE,1.51,16.926,>16.926,99.990,0.221,0.123,g
2460665.58879,2024-12-21.0893383,bF,1.54,99.990,99.990,99.990,99.990,99.990,g
2460665.59005,2024-12-21.0905909,bF,1.5,99.990,99.990,99.990,99.990,99.990,g
2460665.59005,2024-12-21.0905907,bE,1.47,16.864,>16.864,99.990,0.082,0.130,g
2460665.59130,2024-12-21.0918504,bF,1.53,99.990,99.990,99.990,99.990,99.990,g
2460665.59131,2024-12-21.0918512,bE,1.47,16.916,>16.916,99.990,0.047,0.124,g
2460666.52847,2024-12-22.0290206,bi,1.53,15.743,>15.743,99.990,-0.181,0.366,g
2460666.52969,2024-12-22.0302493,bi,1.56,15.778,>15.778,99.990,0.153,0.355,g
2460666.53093,2024-12-22.0314804,bi,1.53,15.999,>15.999,99.990,0.454,0.289,g
2460666.84097,2024-12-22.3415224,bE,1.52,16.466,>16.466,99.990,-0.253,0.188,g
2460666.84221,2024-12-22.3427656,bE,1.51,16.675,>16.675,99.990,-0.054,0.155,g
2460666.84346,2024-12-22.3440138,bE,1.46,16.567,>16.567,99.990,0.043,0.172,g
2460667.42343,2024-12-22.9239870,bm,1.56,16.779,>16.779,99.990,0.167,0.141,g
2460667.42467,2024-12-22.9252195,bm,1.55,16.946,>16.946,99.990,0.117,0.121,g
2460667.42589,2024-12-22.9264461,bm,1.62,16.879,>16.879,99.990,0.136,0.129,g
2460668.28738,2024-12-23.7879369,bm,2.04,16.433,>16.433,99.990,0.032,0.194,g
2460668.28863,2024-12-23.7891938,bm,2.01,16.350,>16.350,99.990,0.291,0.209,g
2460668.28989,2024-12-23.7904511,bm,1.97,16.554,>16.554,99.990,0.030,0.173,g
2460668.47234,2024-12-23.9729069,bm,1.56,16.802,>16.802,99.990,0.160,0.138,g
2460668.47366,2024-12-23.9742238,bm,1.62,16.778,>16.778,99.990,0.126,0.141,g
2460668.47492,2024-12-23.9754915,bm,1.49,16.618,>16.618,99.990,0.236,0.164,g
2460669.65598,2024-12-25.1565482,bE,1.48,16.874,>16.874,99.990,0.243,0.129,g
2460669.65598,2024-12-25.1565481,bF,1.56,99.990,99.990,99.990,99.990,99.990,g
2460669.65723,2024-12-25.1578033,bE,1.5,16.792,>16.792,99.990,0.059,0.139,g
2460669.65848,2024-12-25.1590468,bE,1.47,16.797,>16.797,99.990,0.075,0.139,g
2460670.47962,2024-12-25.9801960,bm,2.47,16.796,>16.796,99.990,0.100,0.139,g
2460670.48213,2024-12-25.9827081,bm,2.5,16.748,>16.748,99.990,-0.024,0.145,g
2460672.28067,2024-12-27.7812543,bm,2.49,15.697,>15.697,99.990,-0.275,0.382,g
2460672.28190,2024-12-27.7824811,bm,2.47,15.785,>15.785,99.990,-0.210,0.352,g
2460673.53010,2024-12-29.0307025,bi,1.43,15.544,>15.544,99.990,0.568,0.440,g
2460673.53133,2024-12-29.0319300,bi,1.49,15.568,>15.568,99.990,-0.302,0.431,g
2460673.53257,2024-12-29.0331638,bj,1.57,15.496,>15.496,99.990,-0.576,0.460,g
2460673.53257,2024-12-29.0331636,bi,1.48,15.952,>15.952,99.990,-0.091,0.302,g
2460676.28506,2024-12-31.7856684,bm,2.39,16.021,>16.021,99.990,0.207,0.284,g
2460676.28630,2024-12-31.7869116,bm,2.38,16.107,>16.107,99.990,0.073,0.262,g
2460676.28753,2024-12-31.7881408,bm,2.33,16.150,>16.150,99.990,0.344,0.252,g
2460676.54978,2025-01-01.0503898,bi,1.47,16.592,>16.592,99.990,0.401,0.168,g
2460676.55102,2025-01-01.0516337,bi,1.41,16.482,>16.482,99.990,0.037,0.185,g
2460676.55226,2025-01-01.0528653,bi,1.4,16.597,>16.597,99.990,-0.024,0.167,g
2460677.39073,2025-01-01.8913488,bm,1.62,16.869,>16.869,99.990,0.312,0.130,g
2460677.39197,2025-01-01.8925822,bm,1.55,16.770,>16.770,99.990,0.135,0.142,g
2460677.39322,2025-01-01.8938416,bm,1.61,16.842,>16.842,99.990,-0.036,0.133,g
2460677.50084,2025-01-02.0014561,bm,1.54,16.853,>16.853,99.990,0.343,0.132,g
2460677.50207,2025-01-02.0026877,bm,1.52,16.869,>16.869,99.990,0.349,0.130,g
2460677.50333,2025-01-02.0039439,bm,1.52,16.823,>16.823,99.990,0.066,0.136,g
2460683.74483,2025-01-08.2454738,bj,1.58,16.508,>16.508,99.990,-0.119,0.181,g
2460683.74483,2025-01-08.2454731,bi,1.53,16.452,>16.452,99.990,0.407,0.191,g
2460683.74605,2025-01-08.2466958,bi,1.51,16.423,>16.423,99.990,0.211,0.196,g
2460683.74728,2025-01-08.2479153,bi,1.41,16.518,>16.518,99.990,0.148,0.179,g
2460683.74728,2025-01-08.2479148,bj,1.55,16.480,>16.480,99.990,0.257,0.186,g
2460684.66441,2025-01-09.1650578,bE,1.62,16.627,>16.627,99.990,0.304,0.162,g
2460684.66566,2025-01-09.1663119,bE,1.54,16.452,>16.452,99.990,0.214,0.191,g
2460684.66691,2025-01-09.1675553,bE,1.49,16.574,>16.574,99.990,0.157,0.170,g
2460685.54259,2025-01-10.0432421,bm,2.34,16.762,>16.762,99.990,0.124,0.143,g
2460685.54385,2025-01-10.0444953,bm,2.3,16.794,>16.794,99.990,-0.059,0.139,g
2460685.54511,2025-01-10.0457640,bm,2.31,16.646,>16.646,99.990,0.124,0.160,g
2460686.62552,2025-01-11.1261765,bE,1.6,16.218,>16.218,99.990,0.617,0.236,g
2460686.62677,2025-01-11.1274241,bE,1.45,16.255,>16.255,99.990,0.193,0.229,g
2460686.62803,2025-01-11.1286758,bE,1.49,16.212,>16.212,99.990,0.003,0.238,g
2460687.60985,2025-01-12.1105098,bi,1.47,16.144,>16.144,99.990,0.084,0.253,g
2460687.61108,2025-01-12.1117299,bi,1.47,15.996,>15.996,99.990,0.386,0.290,g
2460687.61230,2025-01-12.1129534,bj,1.65,99.990,99.990,99.990,99.990,99.990,g
2460687.61230,2025-01-12.1129539,bi,1.49,15.893,>15.893,99.990,-0.441,0.319,g
2460689.55145,2025-01-14.0521099,bm,2.18,15.327,>15.327,99.990,1.077,0.538,g
2460689.55268,2025-01-14.0533436,bm,2.17,15.457,>15.457,99.990,0.329,0.477,g
2460689.55392,2025-01-14.0545809,bm,2.2,15.446,>15.446,99.990,0.284,0.482,g
2460690.74303,2025-01-15.2436879,bE,1.64,15.803,>15.803,99.990,0.198,0.347,g
2460690.74427,2025-01-15.2449400,bE,1.53,15.915,>15.915,99.990,-0.433,0.313,g
2460690.74553,2025-01-15.2461982,bE,1.5,15.954,>15.954,99.990,0.483,0.302,g
2460691.64059,2025-01-16.1412500,bi,1.46,16.085,>16.085,99.990,-0.211,0.267,g
2460691.64183,2025-01-16.1424913,bj,1.64,15.934,>15.934,99.990,-0.393,0.307,g
2460691.64183,2025-01-16.1424893,bi,1.47,16.104,>16.104,99.990,0.524,0.263,g
2460691.64308,2025-01-16.1437403,bi,1.5,16.204,>16.204,99.990,0.216,0.240,g
2460692.66971,2025-01-17.1703714,bi,1.51,16.046,>16.046,99.990,0.442,0.277,g
2460693.28908,2025-01-17.7897526,bm,1.55,16.524,>16.524,99.990,0.140,0.178,g
2460693.40301,2025-01-17.9036785,bm,1.58,16.263,>16.263,99.990,-0.471,0.227,g
2460693.40425,2025-01-17.9049136,bm,1.54,16.387,>16.387,99.990,0.008,0.202,g
2460693.40553,2025-01-17.9061945,bm,1.56,16.257,>16.257,99.990,0.597,0.228,g
2460694.35489,2025-01-18.8555583,bm,1.55,16.830,>16.830,99.990,0.345,0.135,g
2460694.35618,2025-01-18.8568431,bm,1.52,16.842,>16.842,99.990,0.285,0.133,g
2460694.35743,2025-01-18.8580993,bm,1.53,16.791,>16.791,99.990,-0.046,0.139,g
2460695.78545,2025-01-20.2861247,bE,1.53,16.565,>16.565,99.990,0.030,0.172,g
2460695.78795,2025-01-20.2886258,bE,1.58,16.613,>16.613,99.990,-0.003,0.164,g
2460698.75806,2025-01-23.2587334,bE,1.55,16.579,>16.579,99.990,0.330,0.170,g
2460699.28105,2025-01-23.7817217,bm,1.54,16.049,>16.049,99.990,0.576,0.276,g
2460699.28228,2025-01-23.7829554,bm,1.47,16.289,>16.289,99.990,0.373,0.222,g
2460699.28353,2025-01-23.7841938,bm,1.49,16.345,>16.345,99.990,0.061,0.210,g
2460699.76538,2025-01-24.2660523,bi,1.49,16.646,>16.646,99.990,-0.004,0.160,g
2460699.76661,2025-01-24.2672805,bi,2.41,99.990,99.990,99.990,99.990,99.990,g
2460701.54916,2025-01-26.0498333,bi,1.46,16.783,>16.783,99.990,0.284,0.141,g
2460701.55163,2025-01-26.0523042,bi,1.39,16.966,>16.966,99.990,0.347,0.119,g
2460703.73387,2025-01-28.2345359,bi,1.51,16.779,>16.779,99.990,0.067,0.141,g
2460703.73509,2025-01-28.2357600,bi,1.5,16.922,>16.922,99.990,0.219,0.124,g
2460703.73633,2025-01-28.2370076,bi,1.55,16.738,>16.738,99.990,-0.051,0.146,g
2460704.54475,2025-01-29.0454305,bE,1.54,16.898,>16.898,99.990,0.390,0.126,g
2460704.54475,2025-01-29.0454310,bF,1.63,99.990,99.990,99.990,99.990,99.990,g
2460704.54600,2025-01-29.0466771,bE,1.51,16.908,>16.908,99.990,0.077,0.125,g
2460704.54725,2025-01-29.0479252,bE,1.51,16.759,>16.759,99.990,0.045,0.144,g
2460705.68569,2025-01-30.1863684,bi,1.43,16.811,>16.811,99.990,-0.056,0.137,g
2460705.68693,2025-01-30.1876034,bi,1.35,16.892,>16.892,99.990,0.236,0.127,g
2460705.68816,2025-01-30.1888347,bi,1.43,16.837,>16.837,99.990,0.117,0.134,g
2460706.52420,2025-01-31.0248700,bi,1.94,15.626,>15.626,99.990,-0.166,0.408,g
2460706.52544,2025-01-31.0261106,bi,1.57,15.841,>15.841,99.990,-0.005,0.335,g
2460706.52668,2025-01-31.02735,bi,1.52,16.044,>16.044,99.990,-0.214,0.278,g
2460707.65622,2025-02-01.1568915,bi,1.49,16.828,>16.828,99.990,0.099,0.135,g
2460708.32589,2025-02-01.8265601,bm,1.99,16.932,>16.932,99.990,0.186,0.123,g
2460708.32713,2025-02-01.8277982,bm,2.01,16.772,>16.772,99.990,0.266,0.142,g
2460708.32837,2025-02-01.8290386,bm,2.0,16.812,>16.812,99.990,0.036,0.137,g
2460709.55265,2025-02-03.0533123,bi,1.41,16.854,>16.854,99.990,0.147,0.132,g
2460710.55245,2025-02-04.0531127,bE,1.46,16.877,>16.877,99.990,0.078,0.129,g
2460710.55370,2025-02-04.0543655,bE,1.43,16.716,>16.716,99.990,0.268,0.150,g
2460710.55495,2025-02-04.0556180,bE,1.47,16.809,>16.809,99.990,0.315,0.137,g
2460711.61724,2025-02-05.1179042,bE,1.47,16.791,>16.791,99.990,0.407,0.139,g
2460711.61850,2025-02-05.1191708,bE,1.47,16.823,>16.823,99.990,0.384,0.135,g
2460711.61976,2025-02-05.1204259,bE,1.53,16.779,>16.779,99.990,0.370,0.141,g
2460712.61286,2025-02-06.1135214,bi,1.42,16.602,>16.602,99.990,-0.192,0.166,g
2460713.59703,2025-02-07.0976868,bE,1.48,16.573,>16.573,99.990,-0.376,0.171,g
2460713.59828,2025-02-07.0989418,bE,1.5,16.563,>16.563,99.990,0.185,0.172,g
2460713.59954,2025-02-07.1001960,bE,1.46,16.619,>16.619,99.990,0.067,0.164,g
2460714.58907,2025-02-08.0897225,bi,1.5,16.199,>16.199,99.990,0.182,0.241,g
2460714.59031,2025-02-08.0909619,bi,1.44,16.310,>16.310,99.990,-0.179,0.217,g
2460717.70533,2025-02-11.2059765,bE,1.56,15.930,>15.930,99.990,-0.249,0.308,g
2460718.33131,2025-02-11.8319556,bm,1.61,15.828,>15.828,99.990,-0.346,0.339,g
2460718.33255,2025-02-11.8331996,bm,1.49,16.025,>16.025,99.990,-0.227,0.283,g
2460718.33378,2025-02-11.8344214,bm,1.57,15.888,>15.888,99.990,0.068,0.321,g
2460721.44433,2025-02-14.9449582,bm,2.15,15.691,>15.691,99.990,-0.112,0.384,g
2460721.44556,2025-02-14.9461979,bm,2.12,15.803,>15.803,99.990,-0.059,0.346,g
2460723.27259,2025-02-16.7732197,bm,1.53,16.662,>16.662,99.990,0.099,0.157,g
2460728.44332,2025-02-21.9439182,bm,2.22,16.515,>16.515,99.990,0.291,0.180,g
2460728.44455,2025-02-21.9451515,bm,2.2,16.550,>16.550,99.990,0.073,0.174,g
2460728.44579,2025-02-21.9463886,bm,2.18,16.541,>16.541,99.990,-0.201,0.176,g
2460729.55455,2025-02-23.0551341,bE,1.49,16.818,>16.818,99.990,0.132,0.136,g
2460729.55579,2025-02-23.0563843,bE,1.49,17.062,>17.062,99.990,-0.012,0.109,g
2460729.55704,2025-02-23.0576413,bE,1.43,16.856,>16.856,99.990,0.210,0.131,g
2460731.40914,2025-02-24.9097273,bm,2.11,16.671,>16.671,99.990,0.137,0.156,g
2460731.41037,2025-02-24.9109516,bm,2.14,16.846,>16.846,99.990,0.194,0.133,g
2460733.54732,2025-02-27.0478827,bi,1.39,16.645,>16.645,99.990,0.295,0.160,g
2460733.54855,2025-02-27.0491136,bi,1.44,16.668,>16.668,99.990,0.391,0.156,g
2460733.54978,2025-02-27.0503447,bi,1.39,16.902,>16.902,99.990,-0.046,0.126,g
2460736.59408,2025-03-02.0946342,bi,1.52,16.678,>16.678,99.990,-0.184,0.155,g
2460736.59533,2025-03-02.0958766,bi,1.47,16.857,>16.857,99.990,0.342,0.131,g
2460736.59657,2025-03-02.0971255,bi,1.43,16.853,>16.853,99.990,0.038,0.132,g
2460737.38648,2025-03-02.8870223,bm,1.58,16.682,>16.682,99.990,0.056,0.154,g
2460737.38772,2025-03-02.8882687,bm,1.56,16.826,>16.826,99.990,0.167,0.135,g
2460737.38897,2025-03-02.8895104,bm,1.62,16.748,>16.748,99.990,0.077,0.145,g
2460738.63441,2025-03-04.1349510,bi,1.5,16.727,>16.727,99.990,-0.019,0.148,g
2460738.63567,2025-03-04.1362119,bi,1.41,16.880,>16.880,99.990,0.128,0.129,g
2460738.63691,2025-03-04.1374531,bi,1.39,16.830,>16.830,99.990,0.164,0.135,g
2460738.63691,2025-03-04.1374534,bj,1.56,16.661,>16.661,99.990,-0.087,0.157,g
2460740.33097,2025-03-05.8314896,bm,1.6,16.726,>16.726,99.990,0.122,0.148,g
2460740.33220,2025-03-05.8327218,bm,1.61,16.660,>16.660,99.990,-0.156,0.157,g
2460740.33345,2025-03-05.8339743,bm,1.48,16.631,>16.631,99.990,0.085,0.162,g
2460741.52200,2025-03-07.0225206,bi,1.44,16.620,>16.620,99.990,0.032,0.163,g
2460741.52324,2025-03-07.0237465,bi,1.46,16.474,>16.474,99.990,0.221,0.187,g
2460741.52445,2025-03-07.0249699,bi,1.39,16.386,>16.386,99.990,0.236,0.203,g
2460742.55913,2025-03-08.0596392,bE,1.51,16.536,>16.536,99.990,-0.404,0.176,g
2460742.56038,2025-03-08.0608931,bE,1.52,16.474,>16.474,99.990,-0.079,0.187,g
2460742.56164,2025-03-08.0621413,bE,1.51,16.488,>16.488,99.990,0.381,0.184,g
2460743.54674,2025-03-09.0472415,bi,1.41,16.535,>16.535,99.990,-0.027,0.177,g
2460743.54797,2025-03-09.0484658,bi,1.49,16.295,>16.295,99.990,0.703,0.220,g
2460743.54920,2025-03-09.0496986,bi,1.42,16.411,>16.411,99.990,0.213,0.198,g
2460744.61921,2025-03-10.1197017,bE,1.5,16.271,>16.271,99.990,-0.328,0.225,g
2460744.62046,2025-03-10.1209533,bE,1.48,16.218,>16.218,99.990,-0.274,0.236,g
2460744.62170,2025-03-10.1221934,bE,1.49,16.219,>16.219,99.990,0.076,0.236,g
2460745.59034,2025-03-11.0908155,bi,1.59,15.967,>15.967,99.990,-0.379,0.298,g
2460745.59156,2025-03-11.0920452,bi,1.47,16.110,>16.110,99.990,0.227,0.261,g
2460745.59279,2025-03-11.0932717,bi,1.45,16.245,>16.245,99.990,0.176,0.231,g
2460746.51058,2025-03-12.0110563,bE,1.54,16.145,>16.145,99.990,0.497,0.253,g
2460746.51182,2025-03-12.0122964,bE,1.62,16.155,>16.155,99.990,0.172,0.251,g
2460746.51307,2025-03-12.0135459,bE,1.57,16.263,>16.263,99.990,0.496,0.227,g
2460747.51314,2025-03-13.0136071,bi,1.42,16.135,>16.135,99.990,0.107,0.255,g
2460747.51438,2025-03-13.0148444,bi,1.5,15.919,>15.919,99.990,-0.043,0.312,g
2460747.51562,2025-03-13.0160805,bi,1.47,16.030,>16.030,99.990,0.612,0.281,g
2460748.50484,2025-03-14.0052988,bi,1.41,15.947,>15.947,99.990,-0.066,0.304,g
2460748.50606,2025-03-14.0065194,bi,1.43,15.697,>15.697,99.990,0.310,0.382,g
2460748.50731,2025-03-14.0077649,bi,1.49,15.991,>15.991,99.990,0.244,0.292,g
2460749.50422,2025-03-15.0046747,bE,1.44,15.597,>15.597,99.990,0.254,0.419,g
2460749.50549,2025-03-15.0059381,bE,1.5,15.582,>15.582,99.990,0.436,0.425,g
2460749.50673,2025-03-15.0071841,bE,1.5,15.103,>15.103,99.990,-0.001,0.660,g
2460750.50665,2025-03-16.0070916,bi,1.45,16.090,>16.090,99.990,-0.273,0.266,g
2460750.50788,2025-03-16.0083229,bi,1.42,16.295,>16.295,99.990,0.270,0.220,g
2460750.50911,2025-03-16.0095546,bi,1.47,16.336,>16.336,99.990,-0.031,0.212,g
2460751.55498,2025-03-17.0554172,bE,1.46,16.350,>16.350,99.990,0.085,0.209,g
2460751.55623,2025-03-17.0566641,bE,1.47,16.418,>16.418,99.990,-0.269,0.197,g
2460751.55748,2025-03-17.0579115,bE,1.47,16.373,>16.373,99.990,0.449,0.205,g
2460752.52034,2025-03-18.0207667,bi,1.44,16.724,>16.724,99.990,0.290,0.148,g
2460752.52160,2025-03-18.0220160,bi,1.45,16.678,>16.678,99.990,-0.101,0.155,g
2460752.52281,2025-03-18.0232384,bi,1.43,16.741,>16.741,99.990,-0.074,0.146,g
2460753.57240,2025-03-19.0728122,bj,1.75,16.285,>16.285,99.990,-0.249,0.222,g
2460753.57240,2025-03-19.0728114,bi,1.43,16.535,>16.535,99.990,-0.091,0.177,g
2460753.57363,2025-03-19.0740509,bi,1.48,16.429,>16.429,99.990,-0.018,0.195,g
2460753.57487,2025-03-19.0752800,bj,1.65,16.185,>16.185,99.990,-0.417,0.244,g
2460753.57487,2025-03-19.0752799,bi,1.5,16.580,>16.580,99.990,0.004,0.170,g
2460758.61551,2025-03-24.1158821,bE,1.56,16.773,>16.773,99.990,0.014,0.142,g
2460758.61677,2025-03-24.1171347,bE,2.37,16.319,>16.319,99.990,0.127,0.216,g
2460762.58083,2025-03-28.0811598,bE,1.57,16.861,>16.861,99.990,0.379,0.131,g
2460762.58208,2025-03-28.0824008,bE,1.64,16.720,>16.720,99.990,-0.140,0.149,g
2460762.58335,2025-03-28.0836701,bE,1.65,16.749,>16.749,99.990,0.204,0.145,g
2460763.55908,2025-03-29.0593990,bj,1.59,16.433,>16.433,99.990,0.007,0.194,g
2460764.52176,2025-03-30.0220687,bE,1.47,16.818,>16.818,99.990,0.295,0.136,g
2460764.52301,2025-03-30.0233135,bE,1.47,16.760,>16.760,99.990,0.084,0.144,g
2460764.52426,2025-03-30.0245662,bE,1.49,16.812,>16.812,99.990,0.224,0.137,g
2460767.59066,2025-04-02.0909303,bE,1.57,16.892,>16.892,99.990,0.068,0.127,g
2460767.59191,2025-04-02.0921780,bE,1.62,16.829,>16.829,99.990,0.060,0.135,g
2460768.57519,2025-04-03.0754498,bi,1.67,16.751,>16.751,99.990,-0.083,0.145,g
2460768.57641,2025-04-03.0766739,bi,1.68,16.723,>16.723,99.990,0.474,0.149,g
2460768.57765,2025-04-03.0779108,bi,1.96,16.687,>16.687,99.990,-0.065,0.153,g
2460768.57765,2025-04-03.0779113,bj,1.57,16.537,>16.537,99.990,0.020,0.176,g
2460769.49093,2025-04-03.9911885,bi,1.43,16.561,>16.561,99.990,-0.080,0.173,g
2460769.49218,2025-04-03.9924281,bi,1.38,16.588,>16.588,99.990,-0.125,0.168,g
2460769.49342,2025-04-03.9936688,bi,1.43,16.758,>16.758,99.990,0.147,0.144,g
2460770.57548,2025-04-05.0757269,bE,1.47,99.990,99.990,99.990,99.990,99.990,g
2460770.57674,2025-04-05.0769853,bE,1.5,16.605,>16.605,99.990,0.150,0.166,g
2460770.57800,2025-04-05.0782366,bE,1.36,16.789,>16.789,99.990,0.055,0.140,g
2460771.47791,2025-04-05.9781436,bi,1.51,16.139,>16.139,99.990,-0.263,0.254,g
2460771.47916,2025-04-05.9793924,bi,1.5,16.150,>16.150,99.990,0.235,0.252,g
2460771.48039,2025-04-05.9806212,bi,1.45,16.364,>16.364,99.990,-0.026,0.207,g
2460772.49596,2025-04-06.9961863,bi,1.7,16.370,>16.370,99.990,0.056,0.206,g
2460772.49719,2025-04-06.9974187,bi,1.71,16.367,>16.367,99.990,0.144,0.206,g
2460772.49845,2025-04-06.9986628,bi,1.98,16.409,>16.409,99.990,-0.134,0.198,g
2460775.49376,2025-04-09.9939515,bi,1.57,16.005,>16.005,99.990,0.006,0.288,g
2460775.49499,2025-04-09.9951777,bi,1.46,16.143,>16.143,99.990,0.372,0.253,g
2460775.49624,2025-04-09.9964303,bi,1.48,16.130,>16.130,99.990,0.163,0.256,g
2460778.47635,2025-04-12.9765032,bi,1.54,15.790,>15.790,99.990,-0.091,0.351,g
2460778.47759,2025-04-12.9777373,bi,1.43,15.892,>15.892,99.990,-0.196,0.319,g
2460778.47881,2025-04-12.9789637,bi,1.5,15.752,>15.752,99.990,-0.221,0.363,g
2460780.55203,2025-04-15.0521498,bE,1.6,16.027,>16.027,99.990,-0.075,0.282,g
2460780.55329,2025-04-15.0534167,bE,1.52,16.105,>16.105,99.990,0.377,0.262,g
2460780.55454,2025-04-15.0546753,bE,1.62,15.956,>15.956,99.990,-0.104,0.301,g
2460783.52782,2025-04-18.0279179,bE,1.47,16.842,>16.842,99.990,0.476,0.133,g
2460783.52909,2025-04-18.0291836,bE,1.44,17.017,>17.017,99.990,0.405,0.113,g
2460783.53035,2025-04-18.0304479,bE,1.47,16.804,>16.804,99.990,0.090,0.138,g
2460784.54419,2025-04-19.0442755,bE,1.53,16.732,>16.732,99.990,0.308,0.147,g
2460784.54545,2025-04-19.0455322,bE,1.49,16.584,>16.584,99.990,0.061,0.169,g
2460786.54008,2025-04-21.0401384,bE,1.46,16.826,>16.826,99.990,0.103,0.135,g
2460788.52027,2025-04-23.0203116,bi,1.57,16.645,>16.645,99.990,-0.230,0.160,g
2460788.52152,2025-04-23.0215620,bi,1.54,16.709,>16.709,99.990,-0.064,0.151,g
2460788.52277,2025-04-23.0228130,bi,1.58,16.803,>16.803,99.990,0.016,0.138,g
2460789.53079,2025-04-24.0308179,bE,1.6,16.786,>16.786,99.990,0.206,0.140,g
2460789.53207,2025-04-24.0320964,bE,1.62,16.837,>16.837,99.990,-0.184,0.134,g
2460791.52131,2025-04-26.0213239,bE,1.65,16.932,>16.932,99.990,0.144,0.123,g
2460791.52260,2025-04-26.0226001,bE,1.63,16.838,>16.838,99.990,0.154,0.134,g
2460791.52385,2025-04-26.0238604,bE,1.69,16.830,>16.830,99.990,0.027,0.135,g
2460792.51297,2025-04-27.0129710,bi,2.34,16.537,>16.537,99.990,-0.093,0.176,g
2460797.49854,2025-05-01.9984697,bi,1.49,16.673,>16.673,99.990,0.389,0.156,g
2460798.50266,2025-05-03.0025770,bE,1.53,16.631,>16.631,99.990,-0.023,0.162,g
2460798.50392,2025-05-03.0038412,bE,1.49,16.636,>16.636,99.990,0.077,0.161,g
2460798.50517,2025-05-03.0050973,bE,1.47,16.676,>16.676,99.990,0.195,0.155,g
2460800.47045,2025-05-04.9703586,bi,1.49,16.527,>16.527,99.990,0.053,0.178,g
2460800.47169,2025-05-04.9715921,bi,1.5,16.562,>16.562,99.990,0.575,0.172,g
2460800.47293,2025-05-04.9728327,bi,1.55,16.372,>16.372,99.990,-0.007,0.205,g
2460805.47199,2025-05-09.9718327,bi,1.59,15.978,>15.978,99.990,-0.475,0.295,g
2460805.47323,2025-05-09.9730686,bi,1.67,16.121,>16.121,99.990,0.228,0.259,g
2460805.47448,2025-05-09.9743226,bi,1.59,16.104,>16.104,99.990,0.597,0.263,g
2460807.47495,2025-05-11.9747732,bE,1.49,15.840,>15.840,99.990,-0.978,0.335,g
2460807.47622,2025-05-11.9760342,bE,1.56,15.948,>15.948,99.990,-0.014,0.303,g
2460807.47747,2025-05-11.9772872,bE,1.49,15.837,>15.837,99.990,0.272,0.336,g
2460809.46675,2025-05-13.9665508,bi,1.56,15.439,>15.439,99.990,0.464,0.485,g
2460815.44947,2025-05-19.9491980,bi,1.6,15.781,>15.781,99.990,0.336,0.354,g
2460815.45070,2025-05-19.9504283,bi,2.35,15.271,>15.271,99.990,-0.550,0.566,g
2460819.19164,2025-05-23.6913340,bm,1.97,15.574,>15.574,99.990,0.023,0.428,g
2460819.19286,2025-05-23.6925501,bm,1.96,15.797,>15.797,99.990,0.194,0.348,g
2460819.19408,2025-05-23.6937748,bm,1.97,15.883,>15.883,99.990,-0.066,0.322,g