HJD,UT Date,Camera,FWHM,Limit,mag,mag_err,flux(mJy),flux_err,Filter
2458179.30515,2018-03-01.8056305,bm,1.65,15.797,13.355,0.023,16.530,0.352,g
2458179.30645,2018-03-01.8069313,bm,2.00,15.711,13.322,0.024,17.034,0.384,g
2458179.30770,2018-03-01.8081717,bm,1.97,15.660,13.327,0.026,16.944,0.402,g
2458180.28104,2018-03-02.7815190,bm,1.60,16.020,13.513,0.022,14.276,0.287,g
2458180.28250,2018-03-02.7829806,bm,1.57,15.949,13.516,0.023,14.242,0.306,g
2458180.28383,2018-03-02.7843038,bm,1.64,15.938,13.503,0.023,14.418,0.308,g
2458180.63719,2018-03-03.1376777,bi,1.60,15.587,13.612,0.036,13.042,0.425,g
2458180.63842,2018-03-03.1389043,bi,1.57,15.604,13.551,0.033,13.793,0.418,g
2458180.63964,2018-03-03.1401234,bi,1.44,15.595,13.575,0.034,13.486,0.423,g
2458181.32032,2018-03-03.8207930,bm,1.53,15.937,13.441,0.022,15.264,0.309,g
2458181.32153,2018-03-03.8220108,bm,1.57,16.036,13.473,0.021,14.822,0.282,g
2458181.32276,2018-03-03.8232393,bm,1.53,16.038,13.499,0.021,14.470,0.282,g
2458181.63578,2018-03-04.1362554,bi,1.51,16.004,13.748,0.027,11.497,0.290,g
2458181.63699,2018-03-04.1374746,bi,1.56,15.781,13.715,0.033,11.851,0.357,g
2458181.63821,2018-03-04.1386931,bi,1.50,15.979,13.720,0.027,11.798,0.297,g
2458182.38146,2018-03-04.8819333,bm,1.54,16.106,13.992,0.031,9.182,0.264,g
2458182.38267,2018-03-04.8831497,bm,1.53,16.067,13.986,0.032,9.236,0.274,g
2458182.38390,2018-03-04.8843755,bm,1.54,15.971,14.007,0.036,9.058,0.298,g
2458182.62760,2018-03-05.1280778,bi,1.48,15.917,13.985,0.037,9.255,0.314,g
2458182.62884,2018-03-05.1293221,bi,1.55,16.044,14.055,0.035,8.672,0.279,g
2458182.63006,2018-03-05.1305370,bi,1.47,16.048,13.968,0.032,9.394,0.279,g
2458183.37712,2018-03-05.8775940,bm,1.47,15.988,14.068,0.037,8.569,0.294,g
2458183.37835,2018-03-05.8788212,bm,1.54,15.953,14.082,0.039,8.452,0.304,g
2458183.37958,2018-03-05.8800520,bm,1.54,15.539,14.124,0.060,8.135,0.443,g
2458183.62710,2018-03-06.1275707,bi,1.43,16.076,13.977,0.032,9.309,0.271,g
2458183.62832,2018-03-06.1287906,bi,1.45,15.995,13.950,0.033,9.553,0.292,g
2458183.62954,2018-03-06.1300165,bi,1.44,15.995,13.962,0.034,9.443,0.292,g
2458184.37629,2018-03-06.8767643,bm,1.51,16.196,14.212,0.035,7.505,0.242,g
2458184.37751,2018-03-06.8779798,bm,1.52,16.257,14.151,0.031,7.942,0.229,g
2458184.37874,2018-03-06.8792069,bm,1.48,16.259,14.137,0.031,8.043,0.229,g
2458184.62219,2018-03-07.1226607,bi,1.45,16.209,14.128,0.032,8.107,0.240,g
2458184.62341,2018-03-07.1238817,bi,1.45,16.266,14.115,0.030,8.206,0.228,g
2458184.62463,2018-03-07.1251002,bi,1.47,16.247,14.114,0.031,8.207,0.231,g
2458185.59197,2018-03-08.0924420,bi,1.49,16.319,14.458,0.039,5.981,0.216,g
2458185.59320,2018-03-08.0936746,bi,1.53,16.251,14.403,0.040,6.291,0.230,g
2458185.59443,2018-03-08.0949002,bi,1.38,16.235,14.407,0.041,6.271,0.233,g
2458186.36750,2018-03-08.8679635,bm,2.33,16.270,14.382,0.038,6.412,0.226,g
2458186.36871,2018-03-08.8691730,bm,2.34,16.360,14.437,0.037,6.098,0.209,g
2458186.36992,2018-03-08.8703837,bm,2.34,16.436,14.385,0.033,6.399,0.195,g
2458186.59111,2018-03-09.0915732,be,1.41,15.877,14.395,0.056,6.698,0.343,V
2458186.59238,2018-03-09.0928501,be,1.51,15.920,14.336,0.051,7.066,0.330,V
2458186.59365,2018-03-09.0941152,be,1.42,15.770,14.362,0.060,6.905,0.378,V
2458187.60280,2018-03-10.1032618,bi,1.44,16.254,14.909,0.064,3.946,0.229,g
2458187.60401,2018-03-10.1044732,bi,1.50,16.292,14.953,0.064,3.790,0.221,g
2458187.60523,2018-03-10.1056940,bi,1.42,16.335,14.866,0.057,4.106,0.213,g
2458188.61181,2018-03-11.1122701,bi,1.49,16.287,14.973,0.065,3.722,0.222,g
2458188.61303,2018-03-11.1134898,bi,1.45,16.384,14.875,0.055,4.074,0.203,g
2458188.61425,2018-03-11.1147083,bi,1.47,16.380,14.944,0.058,3.824,0.204,g
2458189.61401,2018-03-12.1144703,bi,1.42,16.276,14.882,0.061,4.047,0.225,g
2458189.61523,2018-03-12.1156886,bi,1.47,16.348,14.732,0.049,4.644,0.210,g
2458189.61645,2018-03-12.1169082,bi,1.46,16.235,14.800,0.058,4.366,0.233,g
2458190.36468,2018-03-12.8651378,bm,2.09,16.617,15.863,0.109,1.640,0.164,g
2458190.36590,2018-03-12.8663519,bm,2.09,16.582,15.726,0.100,1.861,0.169,g
2458190.36713,2018-03-12.8675814,bm,2.10,16.521,15.780,0.111,1.770,0.179,g
2458190.61715,2018-03-13.1176056,bi,1.53,16.226,15.856,0.156,1.650,0.235,g
2458190.61837,2018-03-13.1188252,bi,1.40,16.318,15.989,0.162,1.461,0.216,g
2458190.61959,2018-03-13.1200446,bi,1.43,16.402,15.836,0.130,1.681,0.200,g
2458191.60476,2018-03-14.1052155,bi,1.49,16.289,15.396,0.096,2.520,0.222,g
2458191.60599,2018-03-14.1064420,bi,1.50,16.387,15.297,0.080,2.762,0.203,g
2458191.60722,2018-03-14.1076665,bi,1.53,16.378,15.257,0.078,2.865,0.204,g
2458192.35762,2018-03-14.8580719,bm,1.57,16.455,14.714,0.044,4.726,0.190,g
2458192.35889,2018-03-14.8593365,bm,1.56,16.344,14.712,0.049,4.734,0.211,g
2458192.36010,2018-03-14.8605424,bm,1.42,16.416,14.695,0.045,4.809,0.197,g
2458192.60407,2018-03-15.1045170,bi,1.50,16.344,15.299,0.084,2.758,0.211,g
2458192.60529,2018-03-15.1057355,bi,1.44,16.426,15.302,0.078,2.750,0.195,g
2458192.60651,2018-03-15.1069584,bi,1.43,16.383,15.324,0.083,2.693,0.203,g
2458193.59954,2018-03-16.0999859,bi,1.53,16.488,15.735,0.110,1.846,0.185,g
2458193.60078,2018-03-16.1012256,bi,1.48,16.412,15.716,0.115,1.878,0.198,g
2458193.60201,2018-03-16.1024453,bi,1.44,16.408,15.770,0.122,1.788,0.199,g
2458194.59876,2018-03-17.0992019,bi,1.46,16.438,15.736,0.115,1.844,0.193,g
2458194.59999,2018-03-17.1004293,bi,1.51,16.396,15.644,0.110,2.006,0.201,g
2458194.60121,2018-03-17.1016539,bi,1.50,16.470,15.913,0.131,1.567,0.188,g
2458195.33984,2018-03-17.8402711,bm,1.45,16.557,16.015,0.133,1.427,0.173,g
2458195.34105,2018-03-17.8414877,bm,1.55,16.468,15.947,0.136,1.518,0.188,g
2458195.34226,2018-03-17.8426923,bm,1.53,16.563,15.762,0.105,1.799,0.172,g
2458195.59768,2018-03-18.0981159,bi,1.67,16.461,15.820,0.121,1.706,0.189,g
2458195.59890,2018-03-18.0993348,bi,1.65,16.451,16.000,0.145,1.446,0.191,g
2458195.60011,2018-03-18.1005549,bi,1.65,16.362,16.050,0.164,1.380,0.207,g
2458196.34206,2018-03-18.8424964,bm,1.58,99.990,99.990,99.990,99.990,99.990,g
2458196.34327,2018-03-18.8437060,bm,1.57,99.990,99.990,99.990,99.990,99.990,g
2458196.34448,2018-03-18.8449094,bm,1.57,99.990,99.990,99.990,99.990,99.990,g
2458196.59365,2018-03-19.0940783,bi,1.43,16.339,15.715,0.123,1.879,0.212,g
2458196.59487,2018-03-19.0953015,bi,1.46,16.465,15.753,0.114,1.815,0.189,g
2458196.59610,2018-03-19.0965355,bi,1.49,16.481,15.808,0.118,1.725,0.186,g
2458197.33369,2018-03-19.8341199,bm,1.54,99.990,99.990,99.990,99.990,99.990,g
2458197.33490,2018-03-19.835325,bm,1.55,99.990,99.990,99.990,99.990,99.990,g
2458197.33611,2018-03-19.8365342,bm,1.49,99.990,99.990,99.990,99.990,99.990,g
2458197.58885,2018-03-20.0892828,bi,1.50,16.410,16.391,0.216,1.009,0.198,g
2458197.59008,2018-03-20.0905081,bi,1.47,16.426,>16.426,99.990,0.816,0.195,g
2458197.59131,2018-03-20.0917303,bi,1.45,16.371,16.107,0.172,1.309,0.205,g
2458198.33446,2018-03-20.8348877,bm,1.49,16.528,>16.528,99.990,0.845,0.178,g
2458198.33567,2018-03-20.8360938,bm,1.54,16.506,>16.506,99.990,0.873,0.181,g
2458198.33688,2018-03-20.8373001,bm,1.54,16.445,>16.445,99.990,0.642,0.192,g
2458198.59120,2018-03-21.0916224,bi,1.53,16.351,>16.351,99.990,0.643,0.209,g
2458198.59242,2018-03-21.0928391,bi,1.47,16.355,>16.355,99.990,0.706,0.208,g
2458198.59364,2018-03-21.0940607,bi,1.57,16.372,>16.372,99.990,0.747,0.205,g
2458199.23706,2018-03-21.7374846,bm,1.63,16.321,>16.321,99.990,0.550,0.215,g
2458199.23827,2018-03-21.7386925,bm,1.67,16.279,>16.279,99.990,0.773,0.224,g
2458199.23952,2018-03-21.7399476,bm,1.58,16.329,>16.329,99.990,0.838,0.214,g
2458199.58734,2018-03-22.0877569,bi,1.42,16.339,>16.339,99.990,0.646,0.212,g
2458199.58856,2018-03-22.0889802,bi,1.51,16.403,>16.403,99.990,0.694,0.199,g
2458199.58978,2018-03-22.0902009,bi,1.42,16.502,>16.502,99.990,0.704,0.182,g
2458200.23607,2018-03-22.7364827,bm,1.64,16.281,>16.281,99.990,0.332,0.223,g
2458200.23728,2018-03-22.7376994,bm,1.60,16.280,>16.280,99.990,0.168,0.223,g
2458200.23852,2018-03-22.7389408,bm,1.62,16.411,>16.411,99.990,0.496,0.198,g
2458200.58326,2018-03-23.0836717,bi,1.54,16.307,>16.307,99.990,0.574,0.218,g
2458200.58449,2018-03-23.0848987,bi,1.57,16.466,>16.466,99.990,0.532,0.188,g
2458200.58570,2018-03-23.0861173,bi,1.50,16.495,>16.495,99.990,0.369,0.183,g
2458201.23554,2018-03-23.7359526,bm,2.25,16.154,>16.154,99.990,0.622,0.251,g
2458201.23676,2018-03-23.7371737,bm,2.21,16.260,>16.260,99.990,0.588,0.227,g
2458201.23799,2018-03-23.7383986,bm,2.22,16.320,>16.320,99.990,0.505,0.215,g
2458201.59530,2018-03-24.0957167,bi,1.38,16.415,>16.415,99.990,0.646,0.197,g
2458201.59653,2018-03-24.0969353,bi,1.39,16.326,>16.326,99.990,0.609,0.214,g
2458201.59774,2018-03-24.0981528,bi,1.41,16.491,>16.491,99.990,0.453,0.184,g
2458202.58005,2018-03-25.0804614,bi,1.51,16.224,>16.224,99.990,0.919,0.235,g
2458202.58127,2018-03-25.0816771,bi,1.46,16.187,>16.187,99.990,0.627,0.243,g
2458202.58249,2018-03-25.0828932,bi,1.50,16.354,>16.354,99.990,0.577,0.209,g
2458203.25565,2018-03-25.7560559,bm,1.61,16.439,>16.439,99.990,0.139,0.193,g
2458203.25687,2018-03-25.7572663,bm,1.56,16.398,>16.398,99.990,0.468,0.200,g
2458203.25807,2018-03-25.7584710,bm,1.58,16.410,>16.410,99.990,0.035,0.198,g
2458203.57984,2018-03-26.0802474,bi,1.56,16.104,>16.104,99.990,0.615,0.263,g
2458203.58107,2018-03-26.0814718,bi,1.60,16.456,>16.456,99.990,0.269,0.190,g
2458203.58229,2018-03-26.0826863,bi,1.48,16.172,>16.172,99.990,0.792,0.247,g
2458204.28054,2018-03-26.7809366,bm,1.51,16.419,>16.419,99.990,0.453,0.196,g
2458204.28175,2018-03-26.7821438,bm,1.54,16.344,>16.344,99.990,0.469,0.211,g
2458204.28297,2018-03-26.7833605,bm,1.60,16.242,>16.242,99.990,0.711,0.231,g
2458204.57091,2018-03-27.0713108,bi,1.44,16.070,>16.070,99.990,0.789,0.271,g
2458204.57213,2018-03-27.0725289,bi,1.43,16.081,>16.081,99.990,0.595,0.268,g
2458204.57335,2018-03-27.0737431,bi,1.45,16.176,>16.176,99.990,0.440,0.246,g
2458205.56931,2018-03-28.0696987,bi,1.45,16.062,>16.062,99.990,0.200,0.273,g
2458205.57052,2018-03-28.0709167,bi,1.44,16.010,>16.010,99.990,0.942,0.286,g
2458205.57174,2018-03-28.0721331,bi,1.48,16.185,>16.185,99.990,0.280,0.244,g
2458206.55840,2018-03-29.0587868,bi,1.42,15.967,>15.967,99.990,0.093,0.298,g
2458206.55962,2018-03-29.0600063,bi,1.38,16.044,>16.044,99.990,0.758,0.278,g
2458206.56084,2018-03-29.0612283,bi,1.46,15.798,>15.798,99.990,0.877,0.348,g
2458207.56173,2018-03-30.0621093,bi,1.44,15.787,>15.787,99.990,0.036,0.352,g
2458207.56295,2018-03-30.0633362,bi,1.46,15.767,>15.767,99.990,-0.033,0.358,g
2458207.56417,2018-03-30.0645549,bi,1.48,15.800,>15.800,99.990,-0.192,0.348,g
2458208.57300,2018-03-31.0733824,bi,1.51,15.696,>15.696,99.990,0.415,0.383,g
2458208.57423,2018-03-31.0746123,bi,1.42,15.664,>15.664,99.990,0.808,0.394,g
2458208.57545,2018-03-31.0758309,bi,1.53,15.791,>15.791,99.990,-0.060,0.350,g
2458209.55999,2018-04-01.0603672,bi,1.53,15.921,>15.921,99.990,0.661,0.311,g
2458209.56123,2018-04-01.0615987,bi,1.48,15.725,>15.725,99.990,1.004,0.372,g
2458209.56245,2018-04-01.0628231,bi,1.51,15.830,>15.830,99.990,-0.671,0.338,g
2458210.55479,2018-04-02.0551488,bi,1.43,15.962,>15.962,99.990,0.451,0.299,g
2458210.55600,2018-04-02.0563672,bi,1.51,15.866,>15.866,99.990,-0.063,0.327,g
2458210.55723,2018-04-02.0575961,bi,1.51,15.912,>15.912,99.990,0.137,0.313,g
2458211.29661,2018-04-02.7969719,bm,1.53,16.171,>16.171,99.990,-0.076,0.247,g
2458211.29783,2018-04-02.7981884,bm,1.49,16.219,>16.219,99.990,-0.106,0.236,g
2458211.29904,2018-04-02.7994031,bm,1.57,16.256,>16.256,99.990,0.172,0.228,g
2458211.55451,2018-04-03.0548748,bi,1.45,15.994,>15.994,99.990,0.414,0.291,g
2458211.55574,2018-04-03.0560993,bi,1.51,16.052,>16.052,99.990,-0.219,0.276,g
2458211.55697,2018-04-03.0573259,bi,1.50,16.050,>16.050,99.990,0.235,0.276,g
2458212.49836,2018-04-03.9987128,bi,1.41,16.388,>16.388,99.990,0.524,0.202,g
2458212.49959,2018-04-03.9999439,bi,1.42,16.322,>16.322,99.990,0.854,0.215,g
2458212.50081,2018-04-04.0011637,bi,1.53,16.358,>16.358,99.990,0.535,0.208,g
2458214.31042,2018-04-05.8107667,bp,1.60,16.618,>16.618,99.990,0.118,0.164,g
2458214.31178,2018-04-05.8121243,bp,1.63,16.471,>16.471,99.990,0.301,0.187,g
2458214.31348,2018-04-05.8138184,bp,1.63,16.480,>16.480,99.990,0.248,0.186,g
2458214.48178,2018-04-05.9821188,bi,1.53,16.192,>16.192,99.990,0.747,0.242,g
2458214.48299,2018-04-05.9833350,bi,1.42,16.339,>16.339,99.990,-0.030,0.212,g
2458214.48421,2018-04-05.9845533,bi,1.45,16.279,>16.279,99.990,0.156,0.224,g
2458215.28544,2018-04-06.7857792,bp,1.96,16.532,>16.532,99.990,0.232,0.177,g
2458215.28667,2018-04-06.7870048,bp,1.97,16.521,>16.521,99.990,0.282,0.179,g
2458215.28788,2018-04-06.7882157,bp,1.68,16.492,>16.492,99.990,0.406,0.184,g
2458215.47350,2018-04-06.9738340,bi,2.07,15.730,>15.730,99.990,-0.225,0.371,g
2458215.47472,2018-04-06.9750597,bi,2.04,15.859,>15.859,99.990,0.277,0.329,g
2458215.47594,2018-04-06.9762819,bi,2.02,15.906,>15.906,99.990,-0.159,0.315,g
2458216.28082,2018-04-07.7811576,bm,1.99,16.596,>16.596,99.990,0.294,0.167,g
2458216.28204,2018-04-07.7823659,bm,2.03,16.593,>16.593,99.990,0.393,0.167,g
2458216.28324,2018-04-07.7835709,bm,2.03,16.456,>16.456,99.990,0.060,0.190,g
2458216.47645,2018-04-07.9767832,bi,2.25,16.194,>16.194,99.990,0.179,0.242,g
2458216.47767,2018-04-07.9779937,bi,2.21,16.258,>16.258,99.990,0.488,0.228,g
2458216.47888,2018-04-07.9792077,bi,2.19,16.322,>16.322,99.990,0.114,0.215,g
2458217.27988,2018-04-08.7802125,bm,2.04,16.197,>16.197,99.990,0.028,0.241,g
2458217.28112,2018-04-08.7814418,bm,2.03,16.152,>16.152,99.990,0.333,0.251,g
2458217.28233,2018-04-08.7826585,bm,2.01,15.479,>15.479,99.990,-0.159,0.467,g
2458217.53531,2018-04-09.0356317,bi,1.44,16.496,>16.496,99.990,-0.017,0.183,g
2458217.53653,2018-04-09.0368524,bi,1.43,16.379,>16.379,99.990,0.514,0.204,g
2458217.53774,2018-04-09.0380675,bi,1.47,16.229,>16.229,99.990,0.256,0.234,g
2458218.53094,2018-04-10.0312586,bi,1.48,16.390,>16.390,99.990,0.660,0.202,g
2458218.53216,2018-04-10.0324785,bi,1.45,16.386,>16.386,99.990,0.516,0.203,g
2458218.53338,2018-04-10.0336974,bi,1.48,16.500,>16.500,99.990,0.090,0.182,g
2458220.53746,2018-04-12.0377565,bi,1.43,16.265,>16.265,99.990,0.231,0.227,g
2458220.53868,2018-04-12.0389775,bi,1.48,16.335,>16.335,99.990,0.351,0.212,g
2458220.53989,2018-04-12.0401945,bi,1.41,16.325,>16.325,99.990,0.203,0.214,g
2458221.53703,2018-04-13.0373303,bi,1.46,16.427,>16.427,99.990,0.145,0.195,g
2458221.53825,2018-04-13.0385512,bi,1.47,16.331,>16.331,99.990,0.464,0.213,g
2458221.53947,2018-04-13.0397696,bi,1.52,16.283,>16.283,99.990,0.550,0.223,g
2458222.53250,2018-04-14.0327920,bi,1.42,16.440,>16.440,99.990,0.207,0.193,g
2458222.53373,2018-04-14.0340217,bi,1.47,16.443,>16.443,99.990,0.438,0.192,g
2458222.53495,2018-04-14.0352400,bi,1.42,16.377,>16.377,99.990,0.243,0.204,g
2458223.26417,2018-04-14.7644606,bm,1.49,16.483,>16.483,99.990,0.114,0.185,g
2458223.26539,2018-04-14.7656773,bm,1.52,16.685,>16.685,99.990,0.218,0.154,g
2458223.26661,2018-04-14.7668962,bm,1.56,16.537,>16.537,99.990,-0.078,0.176,g
2458223.52830,2018-04-15.0285796,bi,1.50,16.355,>16.355,99.990,0.063,0.209,g
2458223.52952,2018-04-15.0297989,bi,1.45,16.426,>16.426,99.990,0.354,0.195,g
2458224.25979,2018-04-15.7600726,bm,1.50,16.511,>16.511,99.990,0.289,0.181,g
2458224.26101,2018-04-15.7612927,bm,1.54,16.547,>16.547,99.990,0.278,0.175,g
2458224.26223,2018-04-15.7625100,bm,1.55,16.611,>16.611,99.990,0.302,0.165,g
2458224.52645,2018-04-16.0267355,bi,1.59,16.368,>16.368,99.990,0.473,0.206,g
2458224.52767,2018-04-16.0279494,bi,1.60,16.383,>16.383,99.990,0.110,0.203,g
2458224.52888,2018-04-16.0291699,bi,1.60,16.333,>16.333,99.990,0.299,0.213,g
2458225.52192,2018-04-17.0221907,bi,1.52,16.368,>16.368,99.990,0.293,0.206,g
2458225.52314,2018-04-17.0234134,bi,1.41,16.227,>16.227,99.990,0.333,0.235,g
2458225.52436,2018-04-17.0246313,bi,1.51,16.334,>16.334,99.990,0.189,0.212,g
2458226.52207,2018-04-18.0223329,bi,1.57,16.302,>16.302,99.990,0.107,0.219,g
2458226.52329,2018-04-18.0235525,bi,1.59,15.928,>15.928,99.990,0.656,0.309,g
2458227.51417,2018-04-19.0144255,bi,1.46,16.384,>16.384,99.990,0.260,0.203,g
2458228.24948,2018-04-19.7497312,bm,2.03,16.540,>16.540,99.990,0.146,0.176,g
2458228.25069,2018-04-19.7509408,bm,2.05,16.514,>16.514,99.990,-0.130,0.180,g
2458228.25190,2018-04-19.7521540,bm,2.07,99.990,99.990,99.990,99.990,99.990,g
2458228.51336,2018-04-20.0136155,bi,1.40,16.360,>16.360,99.990,0.295,0.207,g
2458228.51460,2018-04-20.0148450,bi,1.39,16.322,>16.322,99.990,0.195,0.215,g
2458228.51581,2018-04-20.0160612,bi,1.46,16.312,>16.312,99.990,0.096,0.217,g
2458229.24496,2018-04-20.7452068,bm,1.49,16.410,>16.410,99.990,0.105,0.198,g
2458229.24617,2018-04-20.7464212,bm,1.46,16.460,>16.460,99.990,0.319,0.189,g
2458229.24740,2018-04-20.7476387,bm,1.53,16.493,>16.493,99.990,0.246,0.184,g
2458229.50910,2018-04-21.0093425,bi,1.40,16.435,>16.435,99.990,0.087,0.194,g
2458229.51033,2018-04-21.0105726,bi,1.43,16.425,>16.425,99.990,0.268,0.195,g
2458229.51155,2018-04-21.0117913,bi,1.39,16.333,>16.333,99.990,0.174,0.213,g
2458230.21476,2018-04-21.7150013,bm,1.73,16.366,>16.366,99.990,0.232,0.206,g
2458230.21598,2018-04-21.7162182,bm,1.95,16.327,>16.327,99.990,0.297,0.214,g
2458230.21719,2018-04-21.7174232,bm,1.63,16.477,>16.477,99.990,-0.016,0.186,g
2458230.48866,2018-04-21.9888997,bi,1.49,16.268,>16.268,99.990,-0.278,0.226,g
2458231.21040,2018-04-22.7106312,bm,1.99,16.259,>16.259,99.990,0.277,0.228,g
2458231.21162,2018-04-22.7118505,bm,1.97,16.244,>16.244,99.990,0.392,0.231,g
2458231.21283,2018-04-22.7130636,bm,1.96,16.330,>16.330,99.990,0.131,0.213,g
2458231.47704,2018-04-22.9772721,bi,1.46,16.311,>16.311,99.990,-0.138,0.217,g
2458231.47826,2018-04-22.9784893,bi,1.56,16.302,>16.302,99.990,0.123,0.219,g
2458231.47948,2018-04-22.9797032,bi,1.52,16.350,>16.350,99.990,0.169,0.210,g
2458232.23460,2018-04-23.7348290,bm,1.58,16.398,>16.398,99.990,0.373,0.200,g
2458232.23590,2018-04-23.7361253,bm,1.44,16.503,>16.503,99.990,0.146,0.182,g
2458232.23765,2018-04-23.7378722,bm,1.58,15.920,>15.920,99.990,-0.163,0.311,g
2458232.48000,2018-04-23.9802201,bi,1.50,16.155,>16.155,99.990,0.405,0.251,g
2458232.48122,2018-04-23.9814354,bi,1.46,16.150,>16.150,99.990,-0.014,0.252,g
2458232.48244,2018-04-23.9826585,bi,1.49,16.053,>16.053,99.990,0.441,0.275,g
2458233.22390,2018-04-24.7241172,bm,1.45,16.515,>16.515,99.990,0.181,0.180,g
2458233.22511,2018-04-24.7253336,bm,1.50,16.307,>16.307,99.990,0.046,0.218,g
2458233.22633,2018-04-24.7265527,bm,1.48,16.302,>16.302,99.990,0.204,0.219,g
2458235.48182,2018-04-26.9820185,bi,1.61,14.152,>14.152,99.990,-3.172,1.587,g
2458235.48305,2018-04-26.9832432,bi,1.58,15.346,>15.346,99.990,-0.850,0.528,g
2458235.48426,2018-04-26.9844618,bi,1.99,13.891,>13.891,99.990,-1.122,2.016,g
2458236.48126,2018-04-27.9814496,bi,1.57,16.003,>16.003,99.990,-0.346,0.288,g
2458236.48249,2018-04-27.9826781,bi,1.50,15.961,>15.961,99.990,-0.428,0.300,g
2458236.48371,2018-04-27.9839010,bi,1.55,15.891,>15.891,99.990,-0.386,0.320,g
2458238.22050,2018-04-29.7206738,bm,1.48,16.071,>16.071,99.990,-0.014,0.271,g
2458238.22171,2018-04-29.7218834,bm,1.55,15.982,>15.982,99.990,-0.442,0.294,g
2458238.22293,2018-04-29.7231084,bm,1.54,16.079,>16.079,99.990,0.164,0.269,g
2458238.47273,2018-04-29.9729076,bi,1.50,15.898,>15.898,99.990,0.596,0.318,g
2458238.47395,2018-04-29.9741284,bi,1.52,15.892,>15.892,99.990,-0.140,0.319,g
2458238.47518,2018-04-29.9753533,bi,1.45,15.711,>15.711,99.990,-0.140,0.377,g
2458239.21998,2018-04-30.7201488,bm,1.65,16.179,>16.179,99.990,0.023,0.245,g
2458239.22119,2018-04-30.7213557,bm,1.56,16.154,>16.154,99.990,0.169,0.251,g
2458239.22239,2018-04-30.7225596,bm,1.62,16.178,>16.178,99.990,0.248,0.245,g
2458241.21257,2018-05-02.7127158,bm,1.55,15.096,>15.096,99.990,0.194,0.665,g
2458241.21399,2018-05-02.7141416,bm,1.58,16.302,>16.302,99.990,0.038,0.219,g
2458241.21572,2018-05-02.7158762,bm,1.62,14.421,>14.421,99.990,0.367,1.238,g
2458241.45979,2018-05-02.9599362,bi,1.45,15.962,>15.962,99.990,0.426,0.299,g
2458241.46100,2018-05-02.9611538,bi,1.45,16.299,>16.299,99.990,0.143,0.220,g
2458241.46222,2018-05-02.9623712,bi,1.52,16.160,>16.160,99.990,0.453,0.249,g
2458242.46310,2018-05-03.9632371,bi,1.60,16.274,>16.274,99.990,-0.114,0.225,g
2458242.46431,2018-05-03.9644581,bi,1.58,16.232,>16.232,99.990,0.264,0.233,g
2458242.46554,2018-05-03.9656848,bi,1.58,16.379,>16.379,99.990,-0.383,0.204,g
2458243.20659,2018-05-04.7067268,bm,2.04,16.563,>16.563,99.990,0.199,0.172,g
2458243.20780,2018-05-04.7079388,bm,2.00,16.532,>16.532,99.990,-0.080,0.177,g
2458243.20902,2018-05-04.7091586,bm,2.00,16.435,>16.435,99.990,-0.102,0.194,g
2458243.45880,2018-05-04.9589325,bi,2.00,16.092,>16.092,99.990,0.422,0.266,g
2458243.46003,2018-05-04.9601594,bi,1.98,16.179,>16.179,99.990,-0.205,0.245,g
2458243.46124,2018-05-04.9613777,bi,1.99,16.250,>16.250,99.990,0.322,0.230,g
2458244.20266,2018-05-05.7027877,bm,2.11,16.285,>16.285,99.990,0.088,0.222,g
2458244.20389,2018-05-05.7040182,bm,2.11,16.268,>16.268,99.990,0.107,0.226,g
2458244.20520,2018-05-05.7053244,bm,2.06,16.389,>16.389,99.990,0.072,0.202,g
2458244.45832,2018-05-05.9584444,bi,1.96,15.995,>15.995,99.990,-0.036,0.290,g
2458244.45953,2018-05-05.9596562,bi,1.97,16.039,>16.039,99.990,0.358,0.279,g
2458244.46075,2018-05-05.9608736,bi,1.73,16.272,>16.272,99.990,0.081,0.225,g
2458245.45411,2018-05-06.9542309,bi,1.66,99.990,99.990,99.990,99.990,99.990,g
2458245.45533,2018-05-06.9554503,bi,1.45,14.646,>14.646,99.990,0.503,1.006,g
2458245.45655,2018-05-06.9566725,bi,1.48,15.354,>15.354,99.990,-0.856,0.524,g
2458246.45364,2018-05-07.9537488,bi,1.47,14.851,>14.851,99.990,-0.221,0.833,g
2458246.45486,2018-05-07.9549671,bi,1.59,15.023,>15.023,99.990,-2.036,0.711,g
2458246.45608,2018-05-07.9561879,bi,1.54,15.124,>15.124,99.990,-0.621,0.648,g
2458310.94916,2018-07-11.4487778,be,1.39,15.787,>15.787,99.990,-0.203,0.371,V
2458311.94964,2018-07-12.4492523,be,1.55,15.437,>15.437,99.990,-0.245,0.513,V
2458312.94598,2018-07-13.4455903,be,2.05,15.963,>15.963,99.990,0.549,0.316,V
2458312.94723,2018-07-13.4468516,be,2.03,15.689,>15.689,99.990,-0.470,0.407,V
2458312.94851,2018-07-13.4481287,be,2.04,15.743,>15.743,99.990,1.295,0.387,V
2458313.94826,2018-07-14.4478638,bi,1.50,15.742,>15.742,99.990,-0.266,0.366,g
2458314.93912,2018-07-15.4387309,be,1.77,16.069,>16.069,99.990,-0.043,0.287,V
2458314.94040,2018-07-15.4400092,be,1.66,15.899,>15.899,99.990,0.279,0.335,V
2458314.94167,2018-07-15.4412717,be,1.71,15.840,>15.840,99.990,0.084,0.354,V
2458315.93537,2018-07-16.4349671,be,1.48,14.243,>14.243,99.990,1.237,1.542,V
2458315.93664,2018-07-16.4362427,be,1.45,14.660,>14.660,99.990,1.266,1.050,V
2458315.93791,2018-07-16.4375041,be,1.65,99.990,99.990,99.990,99.990,99.990,V
2458316.93177,2018-07-17.4313583,be,1.67,99.990,99.990,99.990,99.990,99.990,V
2458316.93303,2018-07-17.4326228,be,1.71,99.990,99.990,99.990,99.990,99.990,V
2458316.93430,2018-07-17.4338978,be,1.74,14.919,>14.919,99.990,-0.452,0.827,V
2458319.67171,2018-07-20.1712924,bm,1.57,99.990,99.990,99.990,99.990,99.990,g
2458319.67300,2018-07-20.1725781,bm,1.52,16.459,>16.459,99.990,0.106,0.189,g
2458319.67421,2018-07-20.1737956,bm,1.48,99.990,99.990,99.990,99.990,99.990,g
2458319.92495,2018-07-20.4245325,be,1.58,16.062,>16.062,99.990,0.176,0.289,V
2458319.92621,2018-07-20.4257937,be,1.52,16.000,>16.000,99.990,0.210,0.305,V
2458319.92749,2018-07-20.4270729,be,1.50,16.008,>16.008,99.990,0.312,0.303,V
2458320.66815,2018-07-21.1677307,bm,1.52,99.990,99.990,99.990,99.990,99.990,g
2458320.66937,2018-07-21.1689438,bm,1.51,16.489,>16.489,99.990,0.194,0.184,g
2458320.67058,2018-07-21.1701606,bm,1.55,16.500,>16.500,99.990,0.044,0.182,g
2458320.92157,2018-07-21.4211515,be,1.62,15.997,>15.997,99.990,0.387,0.306,V
2458320.92285,2018-07-21.4224302,be,1.64,16.013,>16.013,99.990,0.143,0.302,V
2458320.92412,2018-07-21.4237046,be,1.60,16.134,>16.134,99.990,0.088,0.270,V
2458321.66522,2018-07-22.1647914,bm,1.55,99.990,99.990,99.990,99.990,99.990,g
2458321.66649,2018-07-22.1660605,bm,1.53,16.563,>16.563,99.990,0.112,0.172,g
2458321.66786,2018-07-22.1674311,bm,1.53,16.599,>16.599,99.990,0.125,0.167,g
2458321.94020,2018-07-22.4397709,bi,1.63,15.285,>15.285,99.990,-0.689,0.558,g
2458321.94142,2018-07-22.4409930,bi,1.68,15.330,>15.330,99.990,0.731,0.536,g
2458321.94263,2018-07-22.4422092,bi,1.72,15.023,>15.023,99.990,-1.481,0.711,g
2458322.66143,2018-07-23.1610015,bm,1.52,16.520,>16.520,99.990,0.293,0.179,g
2458322.66265,2018-07-23.1622201,bm,1.57,16.549,>16.549,99.990,0.282,0.174,g
2458322.66388,2018-07-23.1634454,bm,1.52,16.519,>16.519,99.990,0.242,0.179,g
2458322.91829,2018-07-23.4178659,bi,1.42,15.827,>15.827,99.990,-0.171,0.339,g
2458322.91951,2018-07-23.4190869,bi,1.40,16.026,>16.026,99.990,-0.107,0.282,g
2458322.92073,2018-07-23.4203011,bi,1.42,15.897,>15.897,99.990,-0.079,0.318,g
2458323.65886,2018-07-24.1584223,bm,1.58,16.535,>16.535,99.990,-0.011,0.177,g
2458323.66041,2018-07-24.1599725,bm,1.56,16.658,>16.658,99.990,0.039,0.158,g
2458323.66187,2018-07-24.1614401,bm,1.57,16.407,>16.407,99.990,-0.090,0.199,g
2458323.91861,2018-07-24.4181694,bi,1.53,16.514,>16.514,99.990,0.107,0.180,g
2458323.91982,2018-07-24.4193840,bi,1.53,16.489,>16.489,99.990,-0.140,0.184,g
2458323.92104,2018-07-24.4206015,bi,1.52,16.573,>16.573,99.990,-0.129,0.171,g
2458324.66003,2018-07-25.1595864,bm,1.52,16.545,>16.545,99.990,-0.071,0.175,g
2458324.66183,2018-07-25.1613915,bm,1.55,16.172,>16.172,99.990,-0.072,0.247,g
2458330.65597,2018-07-31.1555068,bm,1.54,16.056,>16.056,99.990,0.133,0.275,g
2458330.65797,2018-07-31.1575105,bm,1.54,16.034,>16.034,99.990,-0.009,0.280,g
2458330.65935,2018-07-31.1588901,bm,1.59,16.036,>16.036,99.990,-0.196,0.280,g
2458330.91583,2018-07-31.4153799,be,1.24,99.990,99.990,99.990,99.990,99.990,V
2458331.91219,2018-08-01.4117263,be,1.61,15.748,>15.748,99.990,0.281,0.385,V
2458331.91345,2018-08-01.4129843,be,1.67,15.961,>15.961,99.990,0.278,0.317,V
2458331.91473,2018-08-01.4142621,be,1.65,16.050,>16.050,99.990,0.174,0.292,V
2458332.64858,2018-08-02.1481113,bm,2.11,16.386,>16.386,99.990,-0.062,0.203,g
2458332.64979,2018-08-02.1493201,bm,2.12,16.243,>16.243,99.990,0.048,0.231,g
2458332.65100,2018-08-02.1505341,bm,2.14,16.270,>16.270,99.990,0.314,0.225,g
2458332.90885,2018-08-02.4083851,be,1.57,15.950,>15.950,99.990,-0.023,0.320,V
2458332.91013,2018-08-02.4096646,be,1.67,15.934,>15.934,99.990,0.117,0.325,V
2458332.91140,2018-08-02.4109372,be,1.68,16.066,>16.066,99.990,-0.188,0.287,V
2458333.64535,2018-08-03.1448863,bm,2.06,16.334,>16.334,99.990,-0.580,0.213,g
2458333.64656,2018-08-03.1460951,bm,2.03,16.414,>16.414,99.990,-0.071,0.197,g
2458333.64777,2018-08-03.1473000,bm,2.08,16.387,>16.387,99.990,-0.186,0.202,g
2458333.90918,2018-08-03.4087158,be,1.64,99.990,99.990,99.990,99.990,99.990,V
2458333.91045,2018-08-03.4099842,be,1.75,99.990,99.990,99.990,99.990,99.990,V
2458333.91173,2018-08-03.4112585,be,1.67,99.990,99.990,99.990,99.990,99.990,V
2458334.64589,2018-08-04.1454197,bm,1.99,16.459,>16.459,99.990,0.024,0.189,g
2458334.64710,2018-08-04.1466259,bm,1.97,16.463,>16.463,99.990,0.134,0.189,g
2458334.64829,2018-08-04.1478295,bm,1.64,16.542,>16.542,99.990,0.234,0.176,g
2458334.90700,2018-08-04.4065310,be,1.51,15.990,>15.990,99.990,0.169,0.308,V
2458334.90827,2018-08-04.4077943,be,1.46,15.962,>15.962,99.990,0.403,0.316,V
2458336.93801,2018-08-06.4375361,bi,1.48,16.229,>16.229,99.990,0.108,0.234,g
2458336.93923,2018-08-06.4387549,bi,1.42,15.963,>15.963,99.990,0.628,0.299,g
2458336.94045,2018-08-06.4399736,bi,1.48,15.991,>15.991,99.990,0.291,0.291,g
2458338.93579,2018-08-08.4353133,be,1.46,16.020,>16.020,99.990,0.341,0.300,V
2458338.93706,2018-08-08.4365802,be,1.41,15.965,>15.965,99.990,0.686,0.316,V
2458338.93833,2018-08-08.4378437,be,1.46,15.854,>15.854,99.990,0.222,0.349,V
2458339.63183,2018-08-09.1313486,bm,1.55,16.541,>16.541,99.990,0.085,0.176,g
2458339.63304,2018-08-09.1325581,bm,1.57,16.565,>16.565,99.990,0.031,0.172,g
2458339.63425,2018-08-09.1337717,bm,1.49,16.511,>16.511,99.990,0.017,0.181,g
2458339.89288,2018-08-09.3924037,be,1.60,15.989,>15.989,99.990,0.571,0.308,V
2458339.89416,2018-08-09.3936758,be,1.72,16.084,>16.084,99.990,0.128,0.283,V
2458339.89542,2018-08-09.3949390,be,1.66,16.169,>16.169,99.990,0.304,0.261,V
2458340.88936,2018-08-10.3888707,be,1.40,16.114,>16.114,99.990,0.333,0.275,V
2458340.89063,2018-08-10.3901437,be,1.45,16.033,>16.033,99.990,0.239,0.296,V
2458340.89191,2018-08-10.3914197,be,1.50,15.995,>15.995,99.990,0.894,0.307,V
2458341.94022,2018-08-11.4397376,be,1.47,15.431,>15.431,99.990,0.673,0.516,V
2458341.94149,2018-08-11.4410011,be,1.43,15.390,>15.390,99.990,0.299,0.536,V
2458342.61384,2018-08-12.1133557,bm,1.98,99.990,99.990,99.990,99.990,99.990,g
2458342.61505,2018-08-12.1145648,bm,2.00,16.764,>16.764,99.990,-0.155,0.143,g
2458342.61633,2018-08-12.1158386,bm,1.98,99.990,99.990,99.990,99.990,99.990,g
2458342.93313,2018-08-12.4326423,be,1.56,15.890,>15.890,99.990,0.238,0.338,V
2458342.93441,2018-08-12.4339182,be,1.52,15.956,>15.956,99.990,0.464,0.318,V
2458342.93568,2018-08-12.4351938,be,1.51,15.756,>15.756,99.990,1.198,0.382,V
2458343.61874,2018-08-13.1182538,bm,1.49,99.990,99.990,99.990,99.990,99.990,g
2458343.61996,2018-08-13.1194690,bm,1.52,16.579,>16.579,99.990,0.359,0.170,g
2458343.62116,2018-08-13.1206788,bm,1.59,99.990,99.990,99.990,99.990,99.990,g
2458343.87880,2018-08-13.3783134,be,2.16,16.092,>16.092,99.990,0.097,0.281,V
2458343.88007,2018-08-13.3795864,be,2.18,16.023,>16.023,99.990,0.327,0.299,V
2458343.88134,2018-08-13.3808484,be,2.20,16.131,>16.131,99.990,-0.145,0.271,V
2458344.87912,2018-08-14.3786300,be,1.56,16.233,>16.233,99.990,0.529,0.247,V
2458344.88039,2018-08-14.3798998,be,1.58,16.192,>16.192,99.990,0.472,0.256,V
2458344.88165,2018-08-14.3811621,be,1.56,16.170,>16.170,99.990,0.160,0.261,V
2458345.61581,2018-08-15.1153230,bm,1.54,99.990,99.990,99.990,99.990,99.990,g
2458345.61704,2018-08-15.1165548,bm,1.55,16.573,>16.573,99.990,-0.007,0.171,g
2458345.61825,2018-08-15.1177608,bm,1.52,99.990,99.990,99.990,99.990,99.990,g
2458345.87563,2018-08-15.3751391,be,1.46,16.010,>16.010,99.990,0.205,0.303,V
2458345.87690,2018-08-15.3764135,be,1.44,15.978,>15.978,99.990,0.292,0.312,V
2458345.87816,2018-08-15.3776762,be,1.52,16.108,>16.108,99.990,0.372,0.277,V
2458346.61256,2018-08-16.1120694,bm,1.59,16.527,>16.527,99.990,0.226,0.178,g
2458346.61377,2018-08-16.1132775,bm,1.57,16.542,>16.542,99.990,0.170,0.176,g
2458346.61499,2018-08-16.1144927,bm,1.63,16.580,>16.580,99.990,-0.094,0.170,g
2458347.86861,2018-08-17.3681179,be,1.36,16.149,>16.149,99.990,0.668,0.266,V
2458347.86988,2018-08-17.3693850,be,1.46,16.120,>16.120,99.990,0.708,0.273,V
2458347.87116,2018-08-17.3706666,be,1.49,16.056,>16.056,99.990,0.663,0.290,V
2458348.60611,2018-08-18.1056204,bm,1.50,16.659,>16.659,99.990,0.102,0.158,g
2458348.60732,2018-08-18.1068299,bm,1.49,99.990,99.990,99.990,99.990,99.990,g
2458348.60853,2018-08-18.1080337,bm,1.49,99.990,99.990,99.990,99.990,99.990,g
2458349.60294,2018-08-19.1024504,bm,2.02,16.705,>16.705,99.990,-0.019,0.151,g
2458349.60429,2018-08-19.1037944,bm,2.00,16.620,>16.620,99.990,-0.162,0.163,g
2458349.60549,2018-08-19.1050012,bm,2.00,16.715,>16.715,99.990,-0.106,0.150,g
2458349.87647,2018-08-19.3759906,bi,1.49,16.483,>16.483,99.990,0.086,0.185,g
2458349.87770,2018-08-19.3772166,bi,1.54,16.503,>16.503,99.990,-0.107,0.182,g
2458349.87893,2018-08-19.3784383,bi,1.53,16.373,>16.373,99.990,-0.084,0.205,g
2458352.85571,2018-08-22.3552103,be,1.47,15.964,>15.964,99.990,0.233,0.316,V
2458352.85697,2018-08-22.3564806,be,1.42,15.990,>15.990,99.990,0.340,0.308,V
2458352.85824,2018-08-22.3577420,be,1.46,16.171,>16.171,99.990,0.305,0.261,V
2458353.67005,2018-08-23.1695578,bm,2.23,16.412,>16.412,99.990,-0.122,0.198,g
2458353.67127,2018-08-23.1707734,bm,2.25,16.452,>16.452,99.990,-0.167,0.191,g
2458353.67249,2018-08-23.1719945,bm,2.22,16.260,>16.260,99.990,0.066,0.228,g
2458353.85624,2018-08-23.3557491,be,1.60,15.559,>15.559,99.990,-0.453,0.459,V
2458353.85752,2018-08-23.3570258,be,1.52,15.106,>15.106,99.990,0.345,0.696,V
2458353.85880,2018-08-23.3583050,be,1.53,15.540,>15.540,99.990,0.110,0.467,V
2458354.67045,2018-08-24.1699546,bm,1.53,16.372,>16.372,99.990,-0.072,0.205,g
2458354.67165,2018-08-24.1711601,bm,1.55,16.255,>16.255,99.990,-0.224,0.229,g
2458354.67286,2018-08-24.1723638,bm,1.48,16.086,>16.086,99.990,-0.279,0.267,g
2458354.85274,2018-08-24.3522445,be,1.64,15.790,>15.790,99.990,0.435,0.371,V
2458354.85401,2018-08-24.3535189,be,1.57,15.717,>15.717,99.990,0.390,0.396,V
2458354.85529,2018-08-24.3547896,be,1.61,15.866,>15.866,99.990,-0.526,0.346,V
2458355.66785,2018-08-25.1673656,bm,1.61,16.350,>16.350,99.990,-0.204,0.209,g
2458355.66909,2018-08-25.1685995,bm,1.54,16.256,>16.256,99.990,0.168,0.228,g
2458355.84906,2018-08-25.3485644,be,1.63,15.820,>15.820,99.990,-0.268,0.361,V
2458355.85032,2018-08-25.3498284,be,1.56,15.596,>15.596,99.990,0.447,0.443,V
2458355.85159,2018-08-25.3510932,be,1.50,15.713,>15.713,99.990,-0.013,0.398,V
2458356.84570,2018-08-26.3452091,be,2.02,15.506,>15.506,99.990,0.909,0.481,V
2458356.84696,2018-08-26.3464734,be,2.03,15.646,>15.646,99.990,0.728,0.423,V
2458356.84824,2018-08-26.3477474,be,2.02,15.554,>15.554,99.990,0.060,0.461,V
2458358.83860,2018-08-28.3381101,be,1.56,15.560,>15.560,99.990,0.561,0.458,V
2458358.83988,2018-08-28.3393892,be,1.59,15.845,>15.845,99.990,0.256,0.352,V
2458358.84115,2018-08-28.3406611,be,1.59,15.703,>15.703,99.990,-0.295,0.402,V
2458359.83497,2018-08-29.3344787,be,1.55,15.811,>15.811,99.990,0.465,0.363,V
2458359.83623,2018-08-29.3357473,be,1.42,15.691,>15.691,99.990,0.667,0.406,V
2458359.83750,2018-08-29.3370233,be,1.48,15.720,>15.720,99.990,-0.200,0.395,V
2458360.83531,2018-08-30.3348127,be,1.62,15.812,>15.812,99.990,1.015,0.363,V
2458360.83657,2018-08-30.3360749,be,1.51,15.880,>15.880,99.990,0.375,0.341,V
2458360.83784,2018-08-30.3373495,be,1.48,15.911,>15.911,99.990,0.825,0.331,V
2458361.65389,2018-08-31.1534077,bm,1.49,16.245,>16.245,99.990,-0.189,0.231,g
2458361.65510,2018-08-31.1546138,bm,1.52,16.337,>16.337,99.990,0.225,0.212,g
2458361.65632,2018-08-31.1558329,bm,1.46,16.197,>16.197,99.990,0.210,0.241,g
2458362.66172,2018-09-01.1612351,bm,1.53,16.310,>16.310,99.990,0.350,0.217,g
2458362.66291,2018-09-01.1624337,bm,1.61,16.248,>16.248,99.990,0.014,0.230,g
2458362.66413,2018-09-01.1636468,bm,1.55,16.249,>16.249,99.990,-0.116,0.230,g
2458365.92127,2018-09-04.4207876,bi,1.96,15.718,>15.718,99.990,0.131,0.375,g
2458366.91055,2018-09-05.4100803,bi,2.11,16.321,>16.321,99.990,0.046,0.215,g
2458366.91178,2018-09-05.4113015,bi,2.01,16.447,>16.447,99.990,-0.141,0.192,g
2458366.91300,2018-09-05.4125188,bi,1.67,16.447,>16.447,99.990,0.193,0.192,g
2458367.81545,2018-09-06.3149715,be,1.57,16.027,>16.027,99.990,0.155,0.298,V
2458367.81672,2018-09-06.3162400,be,1.58,16.025,>16.025,99.990,0.335,0.298,V
2458367.81799,2018-09-06.3175177,be,1.48,16.078,>16.078,99.990,0.340,0.284,V
2458368.81195,2018-09-07.3114721,be,1.42,16.249,>16.249,99.990,0.674,0.243,V
2458368.81323,2018-09-07.3127484,be,1.50,16.207,>16.207,99.990,0.489,0.252,V
2458368.81450,2018-09-07.3140193,be,1.44,16.028,>16.028,99.990,0.334,0.298,V
2458369.91265,2018-09-08.4121756,be,1.52,15.988,>15.988,99.990,0.131,0.309,V
2458369.91391,2018-09-08.4134379,be,1.52,15.910,>15.910,99.990,0.093,0.332,V
2458369.91518,2018-09-08.4147018,be,1.46,15.821,>15.821,99.990,0.172,0.360,V
2458370.80868,2018-09-09.3082103,be,1.49,15.949,>15.949,99.990,0.316,0.320,V
2458370.80995,2018-09-09.3094775,be,1.46,16.090,>16.090,99.990,0.650,0.281,V
2458370.81121,2018-09-09.3107412,be,1.44,16.018,>16.018,99.990,0.327,0.300,V
2458371.80529,2018-09-10.3048201,be,1.45,16.192,>16.192,99.990,0.824,0.256,V
2458371.80655,2018-09-10.3060858,be,1.46,16.064,>16.064,99.990,0.078,0.288,V
2458371.80783,2018-09-10.3073594,be,1.42,16.087,>16.087,99.990,0.774,0.282,V
2458372.54071,2018-09-11.0402435,bm,1.59,16.580,>16.580,99.990,-0.101,0.169,g
2458372.54192,2018-09-11.0414565,bm,1.63,16.414,>16.414,99.990,-0.096,0.197,g
2458372.54314,2018-09-11.0426744,bm,1.58,16.620,>16.620,99.990,-0.012,0.163,g
2458372.80181,2018-09-11.3013373,be,1.40,16.085,>16.085,99.990,0.177,0.282,V
2458372.80308,2018-09-11.3026061,be,1.47,16.068,>16.068,99.990,0.829,0.287,V
2458372.80434,2018-09-11.3038766,be,1.45,15.936,>15.936,99.990,0.687,0.324,V
2458373.52262,2018-09-12.0221570,bm,2.18,99.990,99.990,99.990,99.990,99.990,g
2458373.52384,2018-09-12.0233736,bm,1.58,99.990,99.990,99.990,99.990,99.990,g
2458373.52504,2018-09-12.0245774,bm,1.55,16.531,>16.531,99.990,-0.060,0.177,g
2458373.79828,2018-09-12.2978140,be,1.43,15.819,>15.819,99.990,1.259,0.361,V
2458373.79954,2018-09-12.2990817,be,1.38,15.942,>15.942,99.990,0.532,0.322,V
2458373.80082,2018-09-12.3003539,be,1.41,15.779,>15.779,99.990,-0.242,0.374,V
2458375.64100,2018-09-14.1405502,bm,1.53,99.990,99.990,99.990,99.990,99.990,g
2458375.64221,2018-09-14.1417524,bm,1.57,99.990,99.990,99.990,99.990,99.990,g
2458375.64341,2018-09-14.1429578,bm,1.51,99.990,99.990,99.990,99.990,99.990,g
2458375.79123,2018-09-14.2907693,be,1.41,16.055,>16.055,99.990,0.071,0.290,V
2458375.79250,2018-09-14.2920423,be,1.48,16.014,>16.014,99.990,0.299,0.302,V
2458375.79376,2018-09-14.2933042,be,1.49,16.137,>16.137,99.990,0.150,0.269,V
2458376.79167,2018-09-15.2912126,be,1.54,16.213,>16.213,99.990,0.437,0.251,V
2458376.79294,2018-09-15.2924863,be,1.49,15.920,>15.920,99.990,0.013,0.329,V
2458376.79421,2018-09-15.2937570,be,1.53,16.037,>16.037,99.990,0.534,0.295,V
2458377.78812,2018-09-16.2876666,be,1.68,15.992,>15.992,99.990,0.407,0.308,V
2458377.78940,2018-09-16.2889430,be,1.67,16.045,>16.045,99.990,0.592,0.293,V
2458377.79066,2018-09-16.2902067,be,1.70,16.084,>16.084,99.990,0.022,0.283,V
2458380.77866,2018-09-19.2782186,be,1.97,16.049,>16.049,99.990,0.368,0.292,V
2458380.77993,2018-09-19.2794943,be,1.97,15.904,>15.904,99.990,0.245,0.334,V
2458380.78122,2018-09-19.2807827,be,1.99,16.041,>16.041,99.990,0.296,0.294,V
2458381.83129,2018-09-20.3308549,be,1.40,99.990,99.990,99.990,99.990,99.990,V
2458381.83255,2018-09-20.3321130,be,1.46,13.836,>13.836,99.990,-4.702,2.242,V
2458381.83383,2018-09-20.3333971,be,1.44,99.990,99.990,99.990,99.990,99.990,V
2458382.83563,2018-09-21.3351956,be,1.37,15.864,>15.864,99.990,0.016,0.346,V
2458382.83690,2018-09-21.3364619,be,1.46,15.891,>15.891,99.990,0.052,0.338,V
2458382.83817,2018-09-21.3377353,be,1.42,15.996,>15.996,99.990,0.103,0.306,V
2458383.77584,2018-09-22.2754135,be,1.51,15.775,>15.775,99.990,0.675,0.376,V
2458383.77712,2018-09-22.2766939,be,1.55,15.768,>15.768,99.990,0.087,0.378,V
2458383.77844,2018-09-22.2780114,be,1.46,15.839,>15.839,99.990,-0.625,0.354,V
2458384.76844,2018-09-23.2680148,be,1.49,15.754,>15.754,99.990,0.491,0.383,V
2458384.76971,2018-09-23.2692894,be,1.46,15.758,>15.758,99.990,0.081,0.382,V
2458384.77098,2018-09-23.2705542,be,1.49,15.803,>15.803,99.990,0.491,0.366,V
2458385.76513,2018-09-24.2647146,be,1.64,15.624,>15.624,99.990,0.089,0.432,V
2458385.76641,2018-09-24.2659972,be,1.64,15.634,>15.634,99.990,0.039,0.428,V
2458385.76769,2018-09-24.2672738,be,1.59,15.601,>15.601,99.990,-0.013,0.441,V
2458386.86934,2018-09-25.3689267,bE,1.95,15.964,>15.964,99.990,0.034,0.299,g
2458386.87062,2018-09-25.3702048,bE,1.93,16.082,>16.082,99.990,-0.284,0.268,g
2458386.87189,2018-09-25.3714700,bE,1.95,16.142,>16.142,99.990,-0.469,0.254,g
2458390.80891,2018-09-29.3085190,bE,2.24,15.645,>15.645,99.990,-0.627,0.401,g
2458390.81019,2018-09-29.3097942,bE,2.23,15.256,>15.256,99.990,0.862,0.574,g
2458390.81146,2018-09-29.3110712,bE,2.21,15.724,>15.724,99.990,0.157,0.373,g
2458391.74645,2018-09-30.2460603,bE,1.59,99.990,99.990,99.990,99.990,99.990,g
2458391.74773,2018-09-30.2473363,bE,1.43,99.990,99.990,99.990,99.990,99.990,g
2458391.74900,2018-09-30.2486047,bE,1.52,99.990,99.990,99.990,99.990,99.990,g
2458391.89885,2018-09-30.3984568,bE,1.68,14.781,>14.781,99.990,-0.673,0.888,g
2458392.54740,2018-10-01.0470125,bm,1.64,16.423,>16.423,99.990,0.050,0.196,g
2458392.54861,2018-10-01.0482229,bm,1.62,16.202,>16.202,99.990,-0.203,0.240,g
2458392.54983,2018-10-01.0494407,bm,1.60,16.353,>16.353,99.990,-0.167,0.209,g
2458392.74430,2018-10-01.2439162,bE,1.63,15.083,>15.083,99.990,-0.287,0.673,g
2458392.74556,2018-10-01.2451771,bE,1.66,15.086,>15.086,99.990,-0.638,0.671,g
2458392.74683,2018-10-01.2464429,bE,1.68,14.979,>14.979,99.990,-0.005,0.741,g
2458393.50266,2018-10-02.0022784,bm,2.21,16.186,>16.186,99.990,-0.507,0.244,g
2458393.50399,2018-10-02.0036077,bm,2.18,99.990,99.990,99.990,99.990,99.990,g
2458393.88028,2018-10-02.3799012,bE,1.98,16.381,>16.381,99.990,-0.084,0.204,g
2458393.88156,2018-10-02.3811774,bE,1.98,16.649,>16.649,99.990,0.275,0.159,g
2458393.88283,2018-10-02.3824528,bE,1.98,16.551,>16.551,99.990,0.316,0.174,g
2458395.50597,2018-10-04.0055923,bm,1.51,16.534,>16.534,99.990,-0.019,0.177,g
2458395.50717,2018-10-04.0067937,bm,1.52,16.476,>16.476,99.990,0.106,0.187,g
2458395.50838,2018-10-04.0080024,bm,1.50,16.697,>16.697,99.990,-0.202,0.152,g
2458395.74722,2018-10-04.2468503,bE,1.72,13.904,>13.904,99.990,0.510,1.993,g
2458395.74851,2018-10-04.2481396,bE,1.61,14.141,>14.141,99.990,1.680,1.601,g
2458395.74978,2018-10-04.2494152,bE,1.64,14.376,>14.376,99.990,-1.918,1.291,g
2458395.89505,2018-10-04.3946843,bi,1.66,14.049,>14.049,99.990,0.002,1.743,g
2458396.83077,2018-10-05.3304055,bE,1.64,16.577,>16.577,99.990,0.014,0.170,g
2458396.83203,2018-10-05.3316651,bE,1.59,16.541,>16.541,99.990,-0.032,0.176,g
2458396.83331,2018-10-05.3329420,bE,1.55,16.499,>16.499,99.990,0.166,0.183,g
2458397.74041,2018-10-06.2400526,bE,1.97,16.526,>16.526,99.990,0.104,0.178,g
2458397.74167,2018-10-06.2413137,bE,1.98,16.590,>16.590,99.990,0.068,0.168,g
2458397.74295,2018-10-06.2425900,bE,1.95,16.576,>16.576,99.990,0.055,0.170,g
2458397.88861,2018-10-06.3882542,bi,1.52,16.059,>16.059,99.990,0.190,0.274,g
2458397.88983,2018-10-06.3894761,bi,1.53,16.176,>16.176,99.990,-0.311,0.246,g
2458397.89105,2018-10-06.3906923,bi,1.50,16.033,>16.033,99.990,-0.225,0.280,g
2458398.59928,2018-10-07.0989270,bm,1.55,16.646,>16.646,99.990,0.015,0.159,g
2458398.60049,2018-10-07.1001413,bm,1.48,16.500,>16.500,99.990,0.105,0.182,g
2458398.60172,2018-10-07.1013637,bm,1.50,16.792,>16.792,99.990,0.157,0.139,g
2458398.85399,2018-10-07.3536401,bE,2.23,16.523,>16.523,99.990,-0.047,0.179,g
2458398.85526,2018-10-07.3549037,bE,2.20,16.590,>16.590,99.990,0.220,0.168,g
2458398.85652,2018-10-07.3561658,bE,2.21,16.559,>16.559,99.990,-0.045,0.173,g
2458399.72562,2018-10-08.2252807,bE,1.61,15.355,>15.355,99.990,1.026,0.524,g
2458399.72690,2018-10-08.2265574,bE,1.60,15.380,>15.380,99.990,-0.813,0.512,g
2458399.72819,2018-10-08.2278438,bE,1.66,99.990,99.990,99.990,99.990,99.990,g
2458400.46902,2018-10-08.9686790,bm,1.47,16.428,>16.428,99.990,-0.230,0.195,g
2458400.47022,2018-10-08.9698804,bm,1.53,16.392,>16.392,99.990,0.287,0.201,g
2458400.47143,2018-10-08.9710890,bm,1.44,16.469,>16.469,99.990,0.044,0.188,g
2458401.58560,2018-10-10.0852651,bm,1.56,16.487,>16.487,99.990,0.140,0.185,g
2458401.58682,2018-10-10.0864818,bm,1.55,99.990,99.990,99.990,99.990,99.990,g
2458401.58804,2018-10-10.0877015,bm,1.51,99.990,99.990,99.990,99.990,99.990,g
2458401.72272,2018-10-10.2223859,bE,1.46,16.547,>16.547,99.990,0.159,0.175,g
2458401.72398,2018-10-10.2236523,bE,1.49,16.498,>16.498,99.990,-0.075,0.183,g
2458401.72526,2018-10-10.2249287,bE,1.47,16.338,>16.338,99.990,0.028,0.212,g
2458401.86828,2018-10-10.3679539,bi,1.46,15.348,>15.348,99.990,-0.327,0.527,g
2458401.86950,2018-10-10.3691715,bi,1.46,14.841,>14.841,99.990,-0.413,0.840,g
2458401.87072,2018-10-10.3703916,bi,1.43,15.255,>15.255,99.990,0.021,0.574,g
2458405.84971,2018-10-14.3493974,bE,1.56,16.654,>16.654,99.990,0.097,0.158,g
2458405.85097,2018-10-14.3506633,bE,1.50,16.498,>16.498,99.990,0.068,0.183,g
2458405.85223,2018-10-14.3519260,bE,1.61,16.503,>16.503,99.990,-0.151,0.182,g
2458406.61458,2018-10-15.1142747,bm,1.56,16.771,>16.771,99.990,0.266,0.142,g
2458406.61578,2018-10-15.1154795,bm,1.49,16.504,>16.504,99.990,0.069,0.182,g
2458406.61699,2018-10-15.1166878,bm,1.52,16.464,>16.464,99.990,0.011,0.189,g
2458406.73322,2018-10-15.2329185,bE,1.63,16.590,>16.590,99.990,0.082,0.168,g
2458406.73449,2018-10-15.2341969,bE,1.60,16.512,>16.512,99.990,0.036,0.180,g
2458406.73576,2018-10-15.2354590,bE,1.54,16.415,>16.415,99.990,-0.072,0.197,g
2458407.84686,2018-10-16.3465723,bE,1.55,16.521,>16.521,99.990,0.039,0.179,g
2458407.84815,2018-10-16.3478505,bE,1.57,16.552,>16.552,99.990,0.070,0.174,g
2458407.84942,2018-10-16.3491288,bE,1.55,16.490,>16.490,99.990,0.096,0.184,g
2458408.43029,2018-10-16.9300025,bm,1.51,99.990,99.990,99.990,99.990,99.990,g
2458408.43151,2018-10-16.9312166,bm,1.49,16.428,>16.428,99.990,-0.080,0.195,g
2458408.43273,2018-10-16.9324366,bm,1.53,16.567,>16.567,99.990,0.214,0.172,g
2458408.85124,2018-10-17.3509548,bE,2.00,16.508,>16.508,99.990,0.207,0.181,g
2458408.85251,2018-10-17.3522215,bE,1.97,16.634,>16.634,99.990,-0.031,0.161,g
2458408.85377,2018-10-17.3534840,bE,1.98,16.574,>16.574,99.990,0.079,0.170,g
2458409.50797,2018-10-18.0076875,bm,1.54,99.990,99.990,99.990,99.990,99.990,g
2458409.50919,2018-10-18.0089075,bm,1.50,99.990,99.990,99.990,99.990,99.990,g
2458409.51040,2018-10-18.0101152,bm,1.47,99.990,99.990,99.990,99.990,99.990,g
2458409.69992,2018-10-18.1996386,bE,1.57,16.341,>16.341,99.990,-0.077,0.211,g
2458409.70118,2018-10-18.2009087,bE,1.49,16.401,>16.401,99.990,0.106,0.200,g
2458409.70245,2018-10-18.2021738,bE,1.49,16.477,>16.477,99.990,0.012,0.186,g
2458410.42699,2018-10-18.9267206,bm,1.45,15.778,>15.778,99.990,-0.123,0.355,g
2458410.42819,2018-10-18.9279194,bm,1.29,15.325,>15.325,99.990,-0.321,0.539,g
2458410.42941,2018-10-18.9291371,bm,1.53,15.896,>15.896,99.990,-0.063,0.318,g
2458410.81468,2018-10-19.3144152,bE,1.46,16.477,>16.477,99.990,0.031,0.186,g
2458410.81596,2018-10-19.3156912,bE,1.51,16.602,>16.602,99.990,0.090,0.166,g
2458410.81723,2018-10-19.3169644,bE,1.48,16.555,>16.555,99.990,0.178,0.173,g
2458411.44021,2018-10-19.9399407,bm,1.55,16.353,>16.353,99.990,-0.222,0.209,g
2458411.85285,2018-10-20.3525795,bE,1.49,16.487,>16.487,99.990,0.312,0.185,g
2458411.85410,2018-10-20.3538417,bE,1.50,16.528,>16.528,99.990,0.034,0.178,g
2458411.85537,2018-10-20.3551065,bE,1.48,16.932,>16.932,99.990,0.263,0.123,g
2458412.69020,2018-10-21.1899438,bE,1.58,16.121,>16.121,99.990,-0.127,0.259,g
2458412.69147,2018-10-21.1912211,bE,1.54,16.322,>16.322,99.990,0.221,0.215,g
2458412.69274,2018-10-21.1924859,bE,1.52,16.166,>16.166,99.990,-0.092,0.248,g
2458413.57015,2018-10-22.0698988,bm,1.51,16.258,>16.258,99.990,-0.071,0.228,g
2458413.69022,2018-10-22.1899687,bE,1.53,16.023,>16.023,99.990,0.479,0.283,g
2458413.69149,2018-10-22.1912449,bE,1.50,16.100,>16.100,99.990,0.643,0.264,g
2458413.69278,2018-10-22.1925278,bE,1.47,15.978,>15.978,99.990,-0.254,0.295,g
2458413.86110,2018-10-22.3608590,bi,1.61,16.218,>16.218,99.990,0.246,0.237,g
2458413.86233,2018-10-22.3620774,bi,1.65,16.225,>16.225,99.990,0.253,0.235,g
2458413.86355,2018-10-22.3632947,bi,1.65,16.127,>16.127,99.990,0.465,0.257,g
2458415.83663,2018-10-24.3363972,bE,1.51,16.080,>16.080,99.990,0.228,0.269,g
2458415.83791,2018-10-24.3376712,bE,1.55,16.145,>16.145,99.990,-0.060,0.253,g
2458415.83917,2018-10-24.3389351,bE,1.52,16.058,>16.058,99.990,0.026,0.274,g
2458416.83627,2018-10-25.3360420,bE,2.12,15.078,>15.078,99.990,0.137,0.676,g
2458416.83754,2018-10-25.3373114,bE,2.02,15.640,>15.640,99.990,-0.370,0.403,g
2458416.83881,2018-10-25.3385791,bE,1.83,15.119,>15.119,99.990,-0.733,0.651,g
2458417.81454,2018-10-26.3143189,bE,1.58,16.214,>16.214,99.990,0.270,0.237,g
2458417.81581,2018-10-26.3155901,bE,1.60,16.187,>16.187,99.990,0.009,0.243,g
2458417.81708,2018-10-26.3168540,bE,1.52,16.218,>16.218,99.990,-0.001,0.237,g
2458418.68534,2018-10-27.1851233,bE,1.59,16.130,>16.130,99.990,-0.034,0.256,g
2458418.68661,2018-10-27.1863942,bE,1.57,16.162,>16.162,99.990,-0.026,0.249,g
2458418.68789,2018-10-27.1876724,bE,1.61,16.194,>16.194,99.990,0.049,0.242,g
2458422.81370,2018-10-31.3135247,bE,2.10,99.990,99.990,99.990,99.990,99.990,g
2458423.87234,2018-11-01.3721746,bi,1.49,15.791,>15.791,99.990,0.033,0.350,g
2458424.56200,2018-11-02.0618255,bm,2.06,16.465,>16.465,99.990,-0.197,0.188,g
2458424.56320,2018-11-02.0630336,bm,2.07,16.513,>16.513,99.990,-0.094,0.180,g
2458424.56442,2018-11-02.0642487,bm,2.02,16.523,>16.523,99.990,-0.192,0.179,g
2458424.66554,2018-11-02.1653806,bE,1.56,16.446,>16.446,99.990,-0.063,0.192,g
2458424.66683,2018-11-02.1666634,bE,1.51,16.461,>16.461,99.990,0.170,0.189,g
2458424.66809,2018-11-02.1679298,bE,1.46,16.480,>16.480,99.990,0.008,0.186,g
2458425.79342,2018-11-03.2932598,bE,1.56,16.563,>16.563,99.990,-0.107,0.172,g
2458425.79469,2018-11-03.2945342,bE,1.47,16.465,>16.465,99.990,0.012,0.188,g
2458425.79596,2018-11-03.2958010,bE,1.52,16.582,>16.582,99.990,0.055,0.169,g
2458426.80557,2018-11-04.3054130,bE,1.53,16.529,>16.529,99.990,0.136,0.178,g
2458426.80684,2018-11-04.3066858,bE,1.53,16.530,>16.530,99.990,0.111,0.177,g
2458426.80811,2018-11-04.3079582,bE,1.42,16.461,>16.461,99.990,0.003,0.189,g
2458427.79850,2018-11-05.2983682,bE,1.50,16.541,>16.541,99.990,0.111,0.176,g
2458427.80104,2018-11-05.3009071,bE,1.51,16.463,>16.463,99.990,-0.068,0.189,g
2458428.64312,2018-11-06.1429924,bi,1.41,16.373,>16.373,99.990,0.150,0.205,g
2458428.64434,2018-11-06.1442152,bi,1.37,16.519,>16.519,99.990,0.377,0.179,g
2458428.64556,2018-11-06.1454310,bi,1.43,16.315,>16.315,99.990,0.280,0.216,g
2458428.82935,2018-11-06.3292223,bE,1.46,16.649,>16.649,99.990,0.071,0.159,g
2458428.83062,2018-11-06.3304981,bE,1.48,16.523,>16.523,99.990,0.140,0.179,g
2458428.83189,2018-11-06.3317628,bE,1.51,16.552,>16.552,99.990,0.088,0.174,g
2458429.71158,2018-11-07.2114608,bE,1.46,16.421,>16.421,99.990,0.170,0.196,g
2458429.71284,2018-11-07.2127207,bE,1.50,16.569,>16.569,99.990,0.143,0.171,g
2458429.71413,2018-11-07.2140123,bE,1.52,16.398,>16.398,99.990,0.122,0.200,g
2458429.86107,2018-11-07.3609431,bi,1.48,16.191,>16.191,99.990,0.146,0.242,g
2458429.86228,2018-11-07.3621586,bi,1.45,16.231,>16.231,99.990,0.076,0.234,g
2458429.86350,2018-11-07.3633767,bi,1.47,16.168,>16.168,99.990,-0.130,0.248,g
2458430.42807,2018-11-07.9279609,bm,1.59,16.584,>16.584,99.990,-0.056,0.169,g
2458430.42929,2018-11-07.9291714,bm,1.60,16.626,>16.626,99.990,0.303,0.162,g
2458430.43049,2018-11-07.9303755,bm,1.60,16.531,>16.531,99.990,-0.088,0.177,g
2458430.59610,2018-11-08.0959817,bm,2.10,99.990,99.990,99.990,99.990,99.990,g
2458430.59730,2018-11-08.0971902,bm,2.10,16.447,>16.447,99.990,0.233,0.192,g
2458430.59851,2018-11-08.0983940,bm,2.09,99.990,99.990,99.990,99.990,99.990,g
2458430.65539,2018-11-08.1552677,bi,1.52,16.319,>16.319,99.990,0.372,0.216,g
2458430.65660,2018-11-08.1564850,bi,1.45,16.373,>16.373,99.990,0.177,0.205,g
2458430.65782,2018-11-08.1577017,bi,1.48,16.435,>16.435,99.990,0.033,0.194,g
2458431.66621,2018-11-09.1661043,bE,1.54,16.513,>16.513,99.990,-0.062,0.180,g
2458431.66748,2018-11-09.1673703,bE,1.56,16.559,>16.559,99.990,0.179,0.173,g
2458431.66883,2018-11-09.1687184,bE,1.56,16.566,>16.566,99.990,-0.048,0.172,g
2458432.64578,2018-11-10.1456768,bi,1.42,16.403,>16.403,99.990,0.082,0.200,g
2458432.64698,2018-11-10.1468842,bi,1.51,16.336,>16.336,99.990,0.198,0.212,g
2458432.64820,2018-11-10.1481012,bi,1.50,16.314,>16.314,99.990,0.104,0.217,g
2458433.77926,2018-11-11.2791719,bE,1.59,15.734,>15.734,99.990,-0.314,0.369,g
2458433.78054,2018-11-11.2804461,bE,1.53,15.769,>15.769,99.990,-0.928,0.358,g
2458433.78180,2018-11-11.2817109,bE,1.54,15.777,>15.777,99.990,-0.015,0.355,g
2458434.62849,2018-11-12.1284180,bi,1.38,16.466,>16.466,99.990,-0.028,0.188,g
2458434.62971,2018-11-12.1296350,bi,1.49,16.321,>16.321,99.990,-0.271,0.215,g
2458434.63093,2018-11-12.1308519,bi,1.46,16.352,>16.352,99.990,0.177,0.209,g
2458435.71667,2018-11-13.2165887,bE,1.59,16.586,>16.586,99.990,0.158,0.169,g
2458435.71792,2018-11-13.2178467,bE,1.52,16.616,>16.616,99.990,0.266,0.164,g
2458435.71918,2018-11-13.2191099,bE,1.50,16.499,>16.499,99.990,-0.134,0.183,g
2458436.64302,2018-11-14.1429576,bE,1.61,16.480,>16.480,99.990,0.059,0.186,g
2458436.64430,2018-11-14.1442324,bE,1.63,16.565,>16.565,99.990,0.120,0.172,g
2458436.64556,2018-11-14.1454962,bE,1.55,16.473,>16.473,99.990,0.050,0.187,g
2458437.71026,2018-11-15.2102148,bE,1.54,16.609,>16.609,99.990,0.212,0.165,g
2458437.71154,2018-11-15.2114910,bE,1.49,16.465,>16.465,99.990,0.268,0.188,g
2458437.71281,2018-11-15.2127648,bE,1.60,16.603,>16.603,99.990,0.034,0.166,g
2458437.85909,2018-11-15.3590339,bi,1.50,16.177,>16.177,99.990,0.140,0.246,g
2458437.86031,2018-11-15.3602531,bi,1.49,16.122,>16.122,99.990,0.026,0.258,g
2458437.86153,2018-11-15.3614709,bi,1.39,16.067,>16.067,99.990,-0.394,0.272,g
2458438.58467,2018-11-16.0846194,bm,1.44,16.603,>16.603,99.990,0.197,0.166,g
2458438.58588,2018-11-16.0858293,bm,1.52,16.370,>16.370,99.990,0.106,0.206,g
2458438.58709,2018-11-16.0870424,bm,1.43,16.427,>16.427,99.990,0.099,0.195,g
2458438.66818,2018-11-16.1681289,bi,1.44,16.287,>16.287,99.990,0.044,0.222,g
2458438.66940,2018-11-16.1693413,bi,1.45,16.319,>16.319,99.990,-0.053,0.215,g
2458438.67061,2018-11-16.1705619,bi,1.54,16.278,>16.278,99.990,-0.044,0.224,g
2458439.75354,2018-11-17.2534958,bE,1.55,16.487,>16.487,99.990,0.052,0.185,g
2458439.75481,2018-11-17.2547693,bE,1.52,16.457,>16.457,99.990,0.152,0.190,g
2458439.75609,2018-11-17.2560464,bE,1.55,16.477,>16.477,99.990,0.203,0.186,g
2458440.78799,2018-11-18.2879541,bE,1.48,16.469,>16.469,99.990,0.028,0.188,g
2458440.78925,2018-11-18.2892251,bE,1.49,16.546,>16.546,99.990,0.034,0.175,g
2458440.79054,2018-11-18.2905008,bE,1.52,16.467,>16.467,99.990,0.269,0.188,g
2458441.44298,2018-11-18.9429537,bm,1.60,16.078,>16.078,99.990,-0.290,0.269,g
2458441.44420,2018-11-18.9441729,bm,1.52,16.137,>16.137,99.990,-0.136,0.255,g
2458441.44549,2018-11-18.9454567,bm,1.58,16.137,>16.137,99.990,0.468,0.255,g
2458441.64420,2018-11-19.1441773,bi,1.44,16.125,>16.125,99.990,0.577,0.258,g
2458441.64542,2018-11-19.1454001,bi,1.50,16.164,>16.164,99.990,0.093,0.248,g
2458441.64664,2018-11-19.1466180,bi,1.49,16.139,>16.139,99.990,0.157,0.254,g
2458441.85883,2018-11-19.3588086,bE,1.54,16.130,>16.130,99.990,-0.555,0.256,g
2458441.86010,2018-11-19.3600780,bE,1.45,16.066,>16.066,99.990,-0.293,0.272,g
2458441.86138,2018-11-19.3613513,bE,1.53,16.096,>16.096,99.990,0.633,0.265,g
2458442.70092,2018-11-20.2009067,bE,1.41,16.167,>16.167,99.990,-0.229,0.248,g
2458442.70219,2018-11-20.2021785,bE,1.46,16.358,>16.358,99.990,0.117,0.208,g
2458442.70349,2018-11-20.2034733,bE,1.54,16.247,>16.247,99.990,0.305,0.230,g
2458442.85186,2018-11-20.3518450,bE,1.47,16.441,>16.441,99.990,0.064,0.193,g
2458442.85313,2018-11-20.3531138,bE,1.55,16.431,>16.431,99.990,0.122,0.194,g
2458442.85439,2018-11-20.3543740,bE,1.46,16.406,>16.406,99.990,0.200,0.199,g
2458443.71347,2018-11-21.2134607,bE,1.50,16.232,>16.232,99.990,0.332,0.234,g
2458443.71473,2018-11-21.2147217,bE,1.53,16.075,>16.075,99.990,0.071,0.270,g
2458443.71600,2018-11-21.2159893,bE,1.45,16.343,>16.343,99.990,0.310,0.211,g
2458444.73287,2018-11-22.2328685,bE,1.46,16.204,>16.204,99.990,-0.145,0.240,g
2458444.73416,2018-11-22.2341577,bE,1.45,16.138,>16.138,99.990,0.125,0.255,g
2458444.73543,2018-11-22.2354321,bE,1.50,16.049,>16.049,99.990,0.543,0.276,g
2458446.58793,2018-11-24.0879445,bi,1.36,15.917,>15.917,99.990,0.027,0.312,g
2458446.58914,2018-11-24.0891615,bi,1.55,15.855,>15.855,99.990,0.141,0.330,g
2458446.59036,2018-11-24.0903760,bi,1.48,15.725,>15.725,99.990,-0.215,0.372,g
2458446.77733,2018-11-24.2773491,bE,1.51,16.008,>16.008,99.990,-0.062,0.287,g
2458446.77862,2018-11-24.2786365,bE,1.51,16.140,>16.140,99.990,0.371,0.254,g
2458446.77990,2018-11-24.2799151,bE,1.53,15.952,>15.952,99.990,0.072,0.302,g
2458447.71296,2018-11-25.2129884,bE,1.55,16.125,>16.125,99.990,0.250,0.258,g
2458447.71424,2018-11-25.2142637,bE,1.48,16.167,>16.167,99.990,0.140,0.248,g
2458447.71552,2018-11-25.2155498,bE,1.44,16.371,>16.371,99.990,-0.092,0.205,g
2458448.64099,2018-11-26.1410368,bi,1.42,16.116,>16.116,99.990,-0.724,0.260,g
2458448.64221,2018-11-26.1422489,bi,1.44,16.206,>16.206,99.990,0.224,0.239,g
2458448.64343,2018-11-26.1434702,bi,1.46,16.163,>16.163,99.990,0.605,0.249,g
2458448.83484,2018-11-26.3348745,bE,1.50,16.214,>16.214,99.990,0.179,0.237,g
2458448.83611,2018-11-26.3361454,bE,1.52,16.273,>16.273,99.990,-0.025,0.225,g
2458448.83738,2018-11-26.3374181,bE,1.47,16.297,>16.297,99.990,0.306,0.220,g
2458450.66051,2018-11-28.1605562,bi,1.45,16.310,>16.310,99.990,0.080,0.217,g
2458450.66171,2018-11-28.1617660,bi,1.43,16.443,>16.443,99.990,0.261,0.192,g
2458450.66294,2018-11-28.1629960,bi,1.46,16.312,>16.312,99.990,0.041,0.217,g
2458451.63047,2018-11-29.1305233,bE,1.45,16.501,>16.501,99.990,0.182,0.182,g
2458451.63174,2018-11-29.1317981,bE,1.53,16.613,>16.613,99.990,0.148,0.164,g
2458451.81092,2018-11-29.3109758,bi,1.42,16.302,>16.302,99.990,0.122,0.219,g
2458451.81214,2018-11-29.3121960,bi,1.45,16.357,>16.357,99.990,0.411,0.208,g
2458451.81336,2018-11-29.3134246,bi,1.47,16.294,>16.294,99.990,0.118,0.221,g
2458452.32639,2018-11-29.8264534,bm,1.63,16.031,>16.031,99.990,-0.283,0.281,g
2458452.32759,2018-11-29.8276667,bm,1.58,16.062,>16.062,99.990,-0.156,0.273,g
2458452.32881,2018-11-29.8288766,bm,1.60,16.702,>16.702,99.990,-0.070,0.151,g
2458452.70339,2018-11-30.2034623,bE,1.46,16.573,>16.573,99.990,0.183,0.170,g
2458452.70471,2018-11-30.2047821,bE,1.55,16.599,>16.599,99.990,0.052,0.166,g
2458452.70599,2018-11-30.2060547,bE,1.58,16.447,>16.447,99.990,-0.018,0.192,g
2458452.85440,2018-11-30.3544687,bi,1.47,15.946,>15.946,99.990,-0.242,0.304,g
2458452.85562,2018-11-30.3556921,bi,1.43,16.127,>16.127,99.990,-0.650,0.257,g
2458452.85684,2018-11-30.3569094,bi,1.52,15.758,>15.758,99.990,-0.238,0.361,g
2458453.57457,2018-12-01.0746451,bm,1.48,99.990,99.990,99.990,99.990,99.990,g
2458453.57579,2018-12-01.0758596,bm,1.48,16.526,>16.526,99.990,-0.022,0.178,g
2458453.57705,2018-12-01.0771221,bm,1.51,99.990,99.990,99.990,99.990,99.990,g
2458453.67140,2018-12-01.1714793,bi,1.40,16.422,>16.422,99.990,0.088,0.196,g
2458453.67262,2018-12-01.1726982,bi,1.41,16.347,>16.347,99.990,0.091,0.210,g
2458454.44594,2018-12-01.9460218,bm,1.58,16.340,>16.340,99.990,0.218,0.211,g
2458454.44716,2018-12-01.9472400,bm,1.54,16.515,>16.515,99.990,0.092,0.180,g
2458454.44837,2018-12-01.9484545,bm,1.49,16.493,>16.493,99.990,0.038,0.184,g
2458454.65293,2018-12-02.1530157,bi,1.42,16.387,>16.387,99.990,0.343,0.202,g
2458454.65415,2018-12-02.1542371,bi,1.43,16.359,>16.359,99.990,0.178,0.208,g
2458454.65538,2018-12-02.1554619,bi,1.41,16.398,>16.398,99.990,-0.056,0.200,g
2458454.83485,2018-12-02.3349371,bE,1.56,16.468,>16.468,99.990,-0.043,0.188,g
2458454.83612,2018-12-02.3362057,bE,1.50,16.344,>16.344,99.990,-0.177,0.211,g
2458454.83739,2018-12-02.3374807,bE,1.59,16.517,>16.517,99.990,0.072,0.180,g
2458455.43212,2018-12-02.9322108,bm,1.64,16.492,>16.492,99.990,0.133,0.184,g
2458455.43334,2018-12-02.9334303,bm,1.60,16.560,>16.560,99.990,0.130,0.173,g
2458455.66124,2018-12-03.1613276,bi,1.45,16.317,>16.317,99.990,-0.100,0.216,g
2458455.66245,2018-12-03.1625432,bi,1.53,16.300,>16.300,99.990,0.267,0.219,g
2458455.66367,2018-12-03.1637589,bi,1.44,16.594,>16.594,99.990,-0.107,0.167,g
2458455.85013,2018-12-03.3502267,bi,1.42,16.181,>16.181,99.990,0.409,0.245,g
2458455.86001,2018-12-03.3601021,bi,1.45,15.599,>15.599,99.990,0.590,0.418,g
2458456.62075,2018-12-04.1208497,bi,1.45,16.367,>16.367,99.990,0.082,0.206,g
2458456.62196,2018-12-04.1220687,bi,1.45,16.373,>16.373,99.990,0.111,0.205,g
2458456.62319,2018-12-04.1232983,bi,1.43,16.499,>16.499,99.990,0.210,0.183,g
2458457.49498,2018-12-04.9950877,bm,1.52,16.490,>16.490,99.990,0.177,0.184,g
2458457.49620,2018-12-04.9963040,bm,1.53,16.601,>16.601,99.990,0.052,0.166,g
2458457.49741,2018-12-04.9975209,bm,1.51,16.564,>16.564,99.990,-0.021,0.172,g
2458458.53727,2018-12-06.0373952,bm,1.53,16.476,>16.476,99.990,-0.057,0.186,g
2458458.53849,2018-12-06.0386121,bm,1.54,16.634,>16.634,99.990,0.230,0.161,g
2458458.53970,2018-12-06.0398281,bm,1.47,16.511,>16.511,99.990,0.058,0.181,g
2458458.72306,2018-12-06.2231743,bE,1.59,99.990,99.990,99.990,99.990,99.990,g
2458458.72436,2018-12-06.2244785,bE,1.58,16.565,>16.565,99.990,0.059,0.172,g
2458458.72566,2018-12-06.2257784,bE,1.55,16.491,>16.491,99.990,0.028,0.184,g
2458459.70229,2018-12-07.2024173,bE,1.50,16.548,>16.548,99.990,0.130,0.175,g
2458459.70357,2018-12-07.2037013,bE,1.50,16.440,>16.440,99.990,0.080,0.193,g
2458459.70485,2018-12-07.2049787,bE,1.49,16.518,>16.518,99.990,0.400,0.179,g
2458460.70035,2018-12-08.2004883,bE,1.50,16.203,>16.203,99.990,0.270,0.240,g
2458460.70162,2018-12-08.2017541,bE,1.49,16.406,>16.406,99.990,0.240,0.199,g
2458460.70289,2018-12-08.2030295,bE,1.48,16.221,>16.221,99.990,-0.059,0.236,g
2458460.85667,2018-12-08.3568082,bE,1.52,15.708,>15.708,99.990,-0.427,0.378,g
2458460.85795,2018-12-08.3580847,bE,1.51,15.031,>15.031,99.990,-1.162,0.706,g
2458460.85922,2018-12-08.3593576,bE,1.57,14.863,>14.863,99.990,-0.122,0.824,g
2458461.65455,2018-12-09.1546921,bE,1.56,16.702,>16.702,99.990,0.288,0.151,g
2458461.65582,2018-12-09.1559668,bE,1.53,16.478,>16.478,99.990,0.163,0.186,g
2458461.65708,2018-12-09.1572292,bE,1.57,16.490,>16.490,99.990,0.120,0.184,g
2458462.70150,2018-12-10.2016497,bE,1.53,16.525,>16.525,99.990,0.111,0.178,g
2458462.70277,2018-12-10.2029248,bE,1.45,16.496,>16.496,99.990,0.168,0.183,g
2458462.70407,2018-12-10.2042243,bE,1.48,16.461,>16.461,99.990,0.027,0.189,g
2458462.85721,2018-12-10.3573649,bE,1.48,16.185,>16.185,99.990,0.118,0.244,g
2458462.85848,2018-12-10.3586366,bE,1.56,15.993,>15.993,99.990,-0.037,0.291,g
2458462.85976,2018-12-10.3599133,bE,1.48,15.744,>15.744,99.990,0.054,0.366,g
2458463.52845,2018-12-11.0286111,bm,1.55,16.522,>16.522,99.990,-0.035,0.179,g
2458463.52967,2018-12-11.0298278,bm,1.44,16.462,>16.462,99.990,-0.070,0.189,g
2458463.53089,2018-12-11.0310494,bm,1.51,16.434,>16.434,99.990,0.147,0.194,g
2458463.68301,2018-12-11.1831657,bE,1.48,16.658,>16.658,99.990,0.127,0.158,g
2458463.68427,2018-12-11.1844258,bE,1.57,16.558,>16.558,99.990,0.103,0.173,g
2458463.68554,2018-12-11.1856980,bE,1.45,16.709,>16.709,99.990,0.065,0.150,g
2458464.69211,2018-12-12.1922800,bE,1.41,16.493,>16.493,99.990,0.068,0.184,g
2458464.69337,2018-12-12.1935388,bE,1.54,16.455,>16.455,99.990,0.110,0.190,g
2458464.69463,2018-12-12.1948046,bE,1.45,16.418,>16.418,99.990,0.144,0.197,g
2458465.27536,2018-12-12.7755340,bm,2.14,15.715,>15.715,99.990,-0.162,0.376,g
2458465.27658,2018-12-12.7767520,bm,2.22,16.005,>16.005,99.990,0.033,0.288,g
2458465.27780,2018-12-12.7779716,bm,2.10,16.061,>16.061,99.990,-0.534,0.273,g
2458465.67923,2018-12-13.1794019,bE,1.51,16.462,>16.462,99.990,0.230,0.189,g
2458465.68052,2018-12-13.1806934,bE,1.53,16.688,>16.688,99.990,0.150,0.153,g
2458465.68177,2018-12-13.1819418,bE,1.56,16.658,>16.658,99.990,0.053,0.158,g
2458466.39438,2018-12-13.8945618,bm,1.54,16.669,>16.669,99.990,0.433,0.156,g
2458466.39558,2018-12-13.8957673,bm,1.49,16.531,>16.531,99.990,0.061,0.177,g
2458466.39680,2018-12-13.8969832,bm,1.60,16.581,>16.581,99.990,-0.004,0.169,g
2458466.56800,2018-12-14.0681799,bE,1.47,16.520,>16.520,99.990,0.161,0.179,g
2458466.56927,2018-12-14.0694557,bE,1.55,16.424,>16.424,99.990,0.002,0.196,g
2458466.57055,2018-12-14.0707315,bE,1.57,16.550,>16.550,99.990,-0.084,0.174,g
2458466.78540,2018-12-14.2855810,bE,1.65,16.517,>16.517,99.990,0.115,0.180,g
2458466.78668,2018-12-14.2868696,bE,1.61,16.712,>16.712,99.990,0.118,0.150,g
2458466.78793,2018-12-14.2881143,bE,1.60,16.518,>16.518,99.990,-0.036,0.179,g
2458467.71262,2018-12-15.2128127,bE,1.56,16.494,>16.494,99.990,0.215,0.183,g
2458467.71390,2018-12-15.2140899,bE,1.51,16.550,>16.550,99.990,-0.071,0.174,g
2458467.71516,2018-12-15.2153531,bE,1.47,16.605,>16.605,99.990,0.344,0.166,g
2458468.67016,2018-12-16.1703637,bE,1.47,16.385,>16.385,99.990,0.206,0.203,g
2458468.67142,2018-12-16.1716325,bE,1.65,16.443,>16.443,99.990,0.105,0.192,g
2458468.67270,2018-12-16.1728974,bE,1.53,16.279,>16.279,99.990,0.047,0.224,g
2458468.82522,2018-12-16.3254146,bi,1.47,16.317,>16.317,99.990,0.120,0.216,g
2458468.82644,2018-12-16.3266376,bi,1.46,16.325,>16.325,99.990,0.230,0.214,g
2458468.82766,2018-12-16.3278625,bi,1.50,16.418,>16.418,99.990,-0.044,0.197,g
2458469.57118,2018-12-17.0713932,bi,1.48,16.190,>16.190,99.990,-0.272,0.243,g
2458469.57240,2018-12-17.0726103,bi,1.53,16.172,>16.172,99.990,-0.295,0.247,g
2458469.57362,2018-12-17.0738269,bi,1.53,16.185,>16.185,99.990,0.014,0.244,g
2458469.84055,2018-12-17.3407642,bi,1.47,16.336,>16.336,99.990,-0.206,0.212,g
2458469.84176,2018-12-17.3419799,bi,1.45,16.330,>16.330,99.990,0.136,0.213,g
2458469.84298,2018-12-17.3431947,bi,1.37,16.399,>16.399,99.990,0.411,0.200,g
2458471.74132,2018-12-19.2415474,bE,1.44,16.244,>16.244,99.990,0.087,0.231,g
2458471.74259,2018-12-19.2428178,bE,1.48,16.201,>16.201,99.990,0.071,0.240,g
2458471.74389,2018-12-19.2441163,bE,1.48,16.396,>16.396,99.990,0.013,0.201,g
2458472.62078,2018-12-20.1210072,bi,1.47,16.006,>16.006,99.990,-0.052,0.288,g
2458472.62201,2018-12-20.1222402,bi,1.48,16.023,>16.023,99.990,-0.274,0.283,g
2458472.62323,2018-12-20.1234629,bi,1.40,15.997,>15.997,99.990,-0.118,0.290,g
2458472.81432,2018-12-20.3145534,bE,1.57,16.270,>16.270,99.990,0.404,0.226,g
2458472.81559,2018-12-20.3158221,bE,1.52,16.460,>16.460,99.990,0.090,0.189,g
2458472.81686,2018-12-20.3170921,bE,1.46,16.368,>16.368,99.990,-0.469,0.206,g
2458473.65237,2018-12-21.1526122,bE,1.52,16.225,>16.225,99.990,-0.311,0.235,g
2458473.65363,2018-12-21.1538781,bE,1.59,16.214,>16.214,99.990,-0.063,0.237,g
2458473.65491,2018-12-21.1551498,bE,1.52,16.257,>16.257,99.990,0.202,0.228,g
2458474.68671,2018-12-22.1869559,bE,1.50,15.986,>15.986,99.990,-0.519,0.293,g
2458474.68797,2018-12-22.1882196,bE,1.58,15.937,>15.937,99.990,0.262,0.306,g
2458474.68925,2018-12-22.1894950,bE,1.55,15.983,>15.983,99.990,0.012,0.294,g
2458475.56960,2018-12-23.0698569,bi,2.17,15.700,>15.700,99.990,0.001,0.381,g
2458475.57080,2018-12-23.0710646,bi,2.15,15.856,>15.856,99.990,-0.310,0.330,g
2458475.57203,2018-12-23.0722848,bi,2.14,15.823,>15.823,99.990,0.399,0.340,g
2458475.75795,2018-12-23.2581978,bE,1.49,15.991,>15.991,99.990,-0.088,0.291,g
2458475.75921,2018-12-23.2594649,bE,1.51,15.988,>15.988,99.990,-0.087,0.292,g
2458475.76049,2018-12-23.2607398,bE,1.49,16.066,>16.066,99.990,0.275,0.272,g
2458476.69893,2018-12-24.1991958,bE,1.45,16.097,>16.097,99.990,-0.165,0.264,g
2458476.70020,2018-12-24.2004682,bE,1.48,16.241,>16.241,99.990,-0.001,0.232,g
2458476.70147,2018-12-24.2017434,bE,1.50,16.029,>16.029,99.990,-0.078,0.282,g
2458477.73824,2018-12-25.2385123,bE,1.55,16.285,>16.285,99.990,-0.171,0.222,g
2458477.73952,2018-12-25.2397902,bE,1.57,16.233,>16.233,99.990,-0.151,0.233,g
2458477.74080,2018-12-25.2410644,bE,1.52,16.389,>16.389,99.990,-0.201,0.202,g
2458478.54820,2018-12-26.0484688,bi,1.48,16.395,>16.395,99.990,-0.118,0.201,g
2458478.54941,2018-12-26.0496892,bi,1.46,16.405,>16.405,99.990,-0.075,0.199,g
2458478.55064,2018-12-26.0509075,bi,1.42,16.416,>16.416,99.990,0.172,0.197,g
2458478.77049,2018-12-26.2707636,bE,1.46,16.240,>16.240,99.990,-0.116,0.232,g
2458478.77175,2018-12-26.2720295,bE,1.46,16.194,>16.194,99.990,-0.123,0.242,g
2458478.77303,2018-12-26.2733048,bE,1.47,16.212,>16.212,99.990,0.429,0.238,g
2458479.60329,2018-12-27.1035760,bE,1.50,16.568,>16.568,99.990,-0.035,0.171,g
2458479.60455,2018-12-27.1048362,bE,1.47,16.597,>16.597,99.990,0.228,0.167,g
2458479.60581,2018-12-27.1060978,bE,1.51,16.579,>16.579,99.990,-0.022,0.170,g
2458479.80078,2018-12-27.3010674,bE,1.49,16.679,>16.679,99.990,0.122,0.155,g
2458479.80205,2018-12-27.3023328,bE,1.49,16.277,>16.277,99.990,-0.098,0.224,g
2458479.80331,2018-12-27.3035971,bE,1.54,16.434,>16.434,99.990,0.349,0.194,g
2458480.55235,2018-12-28.0526324,bi,1.60,16.475,>16.475,99.990,0.197,0.187,g
2458480.55356,2018-12-28.0538434,bi,1.58,16.383,>16.383,99.990,0.146,0.203,g
2458480.55478,2018-12-28.0550627,bi,1.64,16.481,>16.481,99.990,-0.128,0.186,g
2458480.73437,2018-12-28.2346530,bi,1.45,16.292,>16.292,99.990,-0.044,0.221,g
2458480.73558,2018-12-28.2358674,bi,1.42,16.354,>16.354,99.990,0.464,0.209,g
2458480.73679,2018-12-28.2370855,bi,1.46,16.347,>16.347,99.990,-0.511,0.210,g
2458481.64263,2018-12-29.1429274,bE,1.45,16.531,>16.531,99.990,0.059,0.177,g
2458481.64391,2018-12-29.1442045,bE,1.43,16.533,>16.533,99.990,-0.170,0.177,g
2458481.64518,2018-12-29.1454843,bE,1.53,16.548,>16.548,99.990,-0.088,0.174,g
2458481.82052,2018-12-29.3208195,bE,1.48,16.403,>16.403,99.990,0.027,0.199,g
2458482.63994,2018-12-30.1402447,bE,1.49,16.467,>16.467,99.990,0.174,0.188,g
2458482.64121,2018-12-30.1415187,bE,1.47,16.475,>16.475,99.990,0.097,0.187,g
2458482.81639,2018-12-30.3166984,bi,1.50,16.430,>16.430,99.990,0.126,0.195,g
2458482.81761,2018-12-30.3179142,bi,1.45,16.357,>16.357,99.990,0.330,0.208,g
2458482.81883,2018-12-30.3191321,bi,1.45,16.317,>16.317,99.990,-0.240,0.216,g
2458483.37325,2018-12-30.8735549,bm,1.49,16.438,>16.438,99.990,-0.120,0.193,g
2458483.37446,2018-12-30.8747681,bm,1.48,16.516,>16.516,99.990,0.019,0.180,g
2458483.37568,2018-12-30.8759836,bm,1.57,16.491,>16.491,99.990,-0.093,0.184,g
2458483.64655,2018-12-31.1468590,bE,1.44,16.489,>16.489,99.990,-0.118,0.184,g
2458483.64782,2018-12-31.1481314,bE,1.53,16.412,>16.412,99.990,-0.006,0.198,g
2458483.64909,2018-12-31.1493946,bE,1.52,16.555,>16.555,99.990,0.176,0.173,g
2458484.61615,2019-01-01.1164657,bE,1.48,16.536,>16.536,99.990,0.212,0.176,g
2458484.61742,2019-01-01.1177332,bE,1.47,16.414,>16.414,99.990,0.122,0.197,g
2458484.61874,2019-01-01.1190521,bE,1.55,16.471,>16.471,99.990,0.115,0.187,g
2458484.82097,2019-01-01.3212883,bE,1.52,16.695,>16.695,99.990,0.117,0.152,g
2458485.61639,2019-01-02.1167146,bE,1.45,16.490,>16.490,99.990,0.123,0.184,g
2458485.61770,2019-01-02.1180204,bE,1.49,16.595,>16.595,99.990,-0.037,0.167,g
2458485.61896,2019-01-02.1192803,bE,1.41,16.519,>16.519,99.990,0.090,0.179,g
2458485.81847,2019-01-02.3187910,bE,1.41,15.830,>15.830,99.990,0.032,0.338,g
2458485.81973,2019-01-02.3200556,bE,1.41,15.861,>15.861,99.990,-0.138,0.329,g
2458486.62795,2019-01-03.1282780,bE,1.52,16.517,>16.517,99.990,-0.208,0.180,g
2458486.62921,2019-01-03.1295410,bE,1.51,16.562,>16.562,99.990,0.076,0.172,g
2458486.63047,2019-01-03.1308043,bE,1.53,16.545,>16.545,99.990,-0.107,0.175,g
2458486.81732,2019-01-03.3176587,bE,1.54,16.400,>16.400,99.990,0.002,0.200,g
2458486.81861,2019-01-03.3189423,bE,1.45,16.518,>16.518,99.990,-0.049,0.179,g
2458486.81987,2019-01-03.3202089,bE,1.51,16.609,>16.609,99.990,0.100,0.165,g
2458487.62414,2019-01-04.1244872,bE,1.49,16.607,>16.607,99.990,-0.136,0.165,g
2458487.62542,2019-01-04.1257538,bE,1.55,16.418,>16.418,99.990,0.080,0.197,g
2458487.62668,2019-01-04.1270170,bE,1.52,16.471,>16.471,99.990,-0.098,0.187,g
2458487.80198,2019-01-04.3023141,bE,1.46,16.487,>16.487,99.990,0.070,0.185,g
2458487.80324,2019-01-04.3035791,bE,1.41,16.453,>16.453,99.990,-0.108,0.191,g
2458487.80451,2019-01-04.3048458,bE,1.46,16.395,>16.395,99.990,0.029,0.201,g
2458488.60561,2019-01-05.1059506,bi,1.45,16.498,>16.498,99.990,0.044,0.183,g
2458488.60682,2019-01-05.1071640,bi,1.49,16.385,>16.385,99.990,-0.309,0.203,g
2458488.60805,2019-01-05.1083858,bi,1.46,16.397,>16.397,99.990,0.296,0.201,g
2458488.79115,2019-01-05.2914951,bE,1.48,16.496,>16.496,99.990,-0.204,0.183,g
2458488.79244,2019-01-05.2927797,bE,1.53,16.509,>16.509,99.990,0.182,0.181,g
2458488.79370,2019-01-05.2940429,bE,1.53,16.373,>16.373,99.990,0.113,0.205,g
2458489.71782,2019-01-06.2181658,bE,1.41,16.471,>16.471,99.990,0.005,0.187,g
2458489.71908,2019-01-06.2194336,bE,1.53,16.560,>16.560,99.990,0.006,0.173,g
2458489.72034,2019-01-06.2206978,bE,1.49,16.541,>16.541,99.990,0.177,0.176,g
2458490.60839,2019-01-07.1087346,bi,1.46,16.403,>16.403,99.990,0.275,0.200,g
2458490.60960,2019-01-07.1099489,bi,1.39,16.326,>16.326,99.990,0.005,0.214,g
2458490.61081,2019-01-07.1111653,bi,1.48,16.383,>16.383,99.990,0.099,0.203,g
2458490.79513,2019-01-07.2954842,bE,1.46,16.568,>16.568,99.990,0.112,0.171,g
2458490.79639,2019-01-07.2967486,bE,1.51,16.565,>16.565,99.990,0.190,0.172,g
2458490.79767,2019-01-07.2980233,bE,1.53,16.542,>16.542,99.990,0.146,0.175,g
2458492.46983,2019-01-08.9701856,bm,1.48,16.607,>16.607,99.990,-0.264,0.165,g
2458492.47104,2019-01-08.9714024,bm,1.49,16.506,>16.506,99.990,0.156,0.181,g
2458492.47225,2019-01-08.9726136,bm,1.54,16.500,>16.500,99.990,0.041,0.182,g
2458492.63166,2019-01-09.1320275,bE,1.56,16.581,>16.581,99.990,0.073,0.169,g
2458492.63292,2019-01-09.1332929,bE,1.47,16.576,>16.576,99.990,0.186,0.170,g
2458492.63419,2019-01-09.1345576,bE,1.46,16.572,>16.572,99.990,0.151,0.171,g
2458493.69760,2019-01-10.1979641,bE,1.47,16.561,>16.561,99.990,0.043,0.172,g
2458493.69886,2019-01-10.1992368,bE,1.49,16.542,>16.542,99.990,-0.029,0.175,g
2458493.70015,2019-01-10.2005135,bE,1.51,16.420,>16.420,99.990,0.034,0.196,g
2458494.78720,2019-01-11.2875780,bE,1.48,16.512,>16.512,99.990,-0.052,0.180,g
2458494.78848,2019-01-11.2888531,bE,1.48,16.430,>16.430,99.990,0.051,0.194,g
2458494.78974,2019-01-11.2901136,bE,1.49,16.526,>16.526,99.990,0.072,0.178,g
2458495.79097,2019-01-12.2913549,bE,1.50,16.591,>16.591,99.990,0.269,0.168,g
2458495.79224,2019-01-12.2926218,bE,1.51,16.423,>16.423,99.990,0.312,0.196,g
2458495.79350,2019-01-12.2938833,bE,1.50,16.498,>16.498,99.990,0.170,0.183,g
2458496.61581,2019-01-13.1161968,bE,1.49,16.620,>16.620,99.990,-0.210,0.163,g
2458496.61708,2019-01-13.1174611,bE,1.54,16.477,>16.477,99.990,0.247,0.186,g
2458496.61838,2019-01-13.1187663,bE,1.49,16.547,>16.547,99.990,-0.128,0.175,g
2458497.48624,2019-01-13.9866225,bm,1.57,16.487,>16.487,99.990,-0.146,0.185,g
2458497.48744,2019-01-13.9878321,bm,1.53,16.550,>16.550,99.990,-0.158,0.174,g
2458497.48864,2019-01-13.9890292,bm,1.49,16.530,>16.530,99.990,0.082,0.178,g
2458497.74357,2019-01-14.2439611,bE,1.52,16.579,>16.579,99.990,-0.166,0.170,g
2458497.74482,2019-01-14.2452158,bE,1.50,16.400,>16.400,99.990,0.043,0.200,g
2458497.74609,2019-01-14.2464937,bE,1.49,16.500,>16.500,99.990,-0.116,0.182,g
2458498.69692,2019-01-15.1973184,bE,1.53,16.526,>16.526,99.990,0.131,0.178,g
2458498.69819,2019-01-15.1985877,bE,1.46,16.392,>16.392,99.990,0.051,0.201,g
2458498.69947,2019-01-15.1998634,bE,1.47,16.387,>16.387,99.990,-0.035,0.202,g
2458499.72483,2019-01-16.2252304,bE,1.55,16.489,>16.489,99.990,-0.067,0.184,g
2458499.72610,2019-01-16.2264971,bE,1.59,16.384,>16.384,99.990,-0.030,0.203,g
2458499.72737,2019-01-16.2277725,bE,1.54,16.475,>16.475,99.990,-0.118,0.187,g
2458500.75906,2019-01-17.2594651,bE,1.53,16.426,>16.426,99.990,0.092,0.195,g
2458500.76032,2019-01-17.2607315,bE,1.49,16.523,>16.523,99.990,-0.241,0.179,g
2458500.76159,2019-01-17.2619957,bE,1.49,16.428,>16.428,99.990,-0.235,0.195,g
2458501.38677,2019-01-17.8871776,bm,1.60,16.334,>16.334,99.990,0.263,0.213,g
2458501.38797,2019-01-17.8883795,bm,1.58,16.228,>16.228,99.990,0.314,0.234,g
2458501.38918,2019-01-17.8895869,bm,1.49,16.367,>16.367,99.990,-0.119,0.206,g
2458501.76672,2019-01-18.2671252,bE,1.48,16.380,>16.380,99.990,-0.021,0.204,g
2458501.76798,2019-01-18.2683898,bE,1.53,16.302,>16.302,99.990,0.290,0.219,g
2458501.76925,2019-01-18.2696652,bE,1.49,16.249,>16.249,99.990,-0.203,0.230,g
2458502.58135,2019-01-19.0817747,bi,1.45,16.067,>16.067,99.990,0.155,0.272,g
2458502.58257,2019-01-19.0829894,bi,1.46,15.926,>15.926,99.990,-0.601,0.309,g
2458502.58378,2019-01-19.0842062,bi,1.46,15.890,>15.890,99.990,-0.027,0.320,g
2458502.77010,2019-01-19.2705165,bE,1.48,16.132,>16.132,99.990,0.075,0.256,g
2458502.77137,2019-01-19.2717884,bE,1.58,16.181,>16.181,99.990,0.009,0.245,g
2458502.77264,2019-01-19.2730526,bE,1.56,16.065,>16.065,99.990,-0.683,0.272,g
2458503.57619,2019-01-20.0766059,bE,1.53,16.099,>16.099,99.990,-0.456,0.264,g
2458503.57746,2019-01-20.0778799,bE,1.55,16.096,>16.096,99.990,0.067,0.265,g
2458503.57874,2019-01-20.0791574,bE,1.48,16.142,>16.142,99.990,-0.693,0.254,g
2458503.76620,2019-01-20.2666151,bE,1.46,15.983,>15.983,99.990,0.525,0.294,g
2458503.76747,2019-01-20.2678905,bE,1.54,15.991,>15.991,99.990,-0.369,0.292,g
2458503.76874,2019-01-20.2691571,bE,1.45,15.955,>15.955,99.990,-0.018,0.301,g
2458504.64578,2019-01-21.1462090,bE,2.01,15.594,>15.594,99.990,-0.029,0.420,g
2458505.44317,2019-01-21.9436,bm,1.61,15.853,>15.853,99.990,0.039,0.331,g
2458505.44447,2019-01-21.9448969,bm,1.63,15.910,>15.910,99.990,-0.491,0.314,g
2458505.44574,2019-01-21.9461686,bm,1.48,15.876,>15.876,99.990,-0.758,0.324,g
2458505.70230,2019-01-22.2027254,bE,1.51,15.907,>15.907,99.990,-0.229,0.315,g
2458505.70357,2019-01-22.2039981,bE,1.52,15.888,>15.888,99.990,-0.076,0.321,g
2458505.70483,2019-01-22.2052601,bE,1.52,15.807,>15.807,99.990,0.163,0.345,g
2458506.71331,2019-01-23.2137456,bE,1.54,16.060,>16.060,99.990,-0.126,0.274,g
2458506.71459,2019-01-23.2150151,bE,1.52,16.107,>16.107,99.990,-0.265,0.262,g
2458506.71586,2019-01-23.2162890,bE,1.52,16.064,>16.064,99.990,0.062,0.273,g
2458507.56859,2019-01-24.0690254,bi,2.32,16.361,>16.361,99.990,-0.097,0.207,g
2458507.56980,2019-01-24.0702425,bi,2.19,16.336,>16.336,99.990,-0.002,0.212,g
2458507.57102,2019-01-24.0714616,bi,2.16,16.462,>16.462,99.990,-0.181,0.189,g
2458508.67564,2019-01-25.1760802,bi,1.45,16.123,>16.123,99.990,0.047,0.258,g
2458508.67685,2019-01-25.1773005,bi,1.47,16.037,>16.037,99.990,-0.063,0.279,g
2458508.67807,2019-01-25.1785164,bi,1.43,16.032,>16.032,99.990,-0.371,0.281,g
2458509.33135,2019-01-25.8317869,bm,1.49,16.434,>16.434,99.990,-0.098,0.194,g
2458509.33276,2019-01-25.8331984,bm,1.50,16.477,>16.477,99.990,0.037,0.186,g
2458509.33403,2019-01-25.8344646,bm,1.54,16.576,>16.576,99.990,0.035,0.170,g
2458509.56179,2019-01-26.0622331,bE,1.44,16.538,>16.538,99.990,0.090,0.176,g
2458509.56306,2019-01-26.0635090,bE,1.50,16.436,>16.436,99.990,-0.223,0.193,g
2458509.56433,2019-01-26.0647722,bE,1.53,16.489,>16.489,99.990,-0.047,0.184,g
2458509.75273,2019-01-26.2531766,bE,1.51,16.450,>16.450,99.990,-0.277,0.191,g
2458509.75401,2019-01-26.2544542,bE,1.59,16.445,>16.445,99.990,-0.402,0.192,g
2458510.55650,2019-01-27.0569434,bi,1.49,16.368,>16.368,99.990,-0.056,0.206,g
2458510.55772,2019-01-27.0581660,bi,1.43,16.392,>16.392,99.990,0.078,0.201,g
2458510.55894,2019-01-27.0593826,bi,1.44,16.294,>16.294,99.990,0.147,0.221,g
2458510.73947,2019-01-27.2399214,bi,1.49,16.226,>16.226,99.990,-0.452,0.235,g
2458510.74070,2019-01-27.2411428,bi,1.43,16.174,>16.174,99.990,-0.221,0.246,g
2458510.74191,2019-01-27.2423598,bi,1.43,16.275,>16.275,99.990,0.010,0.224,g
2458511.36357,2019-01-27.8640123,bm,1.50,99.990,99.990,99.990,99.990,99.990,g
2458511.36478,2019-01-27.8652216,bm,1.62,99.990,99.990,99.990,99.990,99.990,g
2458511.36599,2019-01-27.8664315,bm,1.59,99.990,99.990,99.990,99.990,99.990,g
2458511.55230,2019-01-28.0527521,bi,1.47,16.319,>16.319,99.990,0.009,0.215,g
2458511.55352,2019-01-28.0539680,bi,1.51,16.424,>16.424,99.990,-0.128,0.196,g
2458511.55472,2019-01-28.0551824,bi,1.36,16.467,>16.467,99.990,-0.257,0.188,g
2458511.74389,2019-01-28.2443460,bE,1.55,16.377,>16.377,99.990,0.199,0.204,g
2458511.74518,2019-01-28.2456302,bE,1.55,16.489,>16.489,99.990,-0.108,0.184,g
2458511.74643,2019-01-28.2468908,bE,1.49,16.293,>16.293,99.990,-0.169,0.221,g
2458512.36050,2019-01-28.8609583,bm,1.49,16.519,>16.519,99.990,0.021,0.179,g
2458512.36172,2019-01-28.8621777,bm,1.49,16.465,>16.465,99.990,0.073,0.188,g
2458512.36294,2019-01-28.8633894,bm,1.52,16.614,>16.614,99.990,0.134,0.164,g
2458512.73994,2019-01-29.2403906,bE,1.56,16.437,>16.437,99.990,-0.055,0.193,g
2458512.74122,2019-01-29.2416666,bE,1.47,16.470,>16.470,99.990,0.092,0.187,g
2458512.74249,2019-01-29.2429422,bE,1.54,16.422,>16.422,99.990,-0.097,0.196,g
2458513.38674,2019-01-29.8871983,bm,1.51,16.602,>16.602,99.990,0.033,0.166,g
2458513.38796,2019-01-29.8884098,bm,1.51,16.522,>16.522,99.990,-0.228,0.179,g
2458513.38917,2019-01-29.8896259,bm,1.53,16.517,>16.517,99.990,0.258,0.180,g
2458513.55486,2019-01-30.0553137,bi,1.44,16.291,>16.291,99.990,-0.075,0.221,g
2458513.55608,2019-01-30.0565291,bi,1.42,16.372,>16.372,99.990,0.073,0.205,g
2458513.55729,2019-01-30.0577472,bi,1.46,16.291,>16.291,99.990,0.185,0.221,g
2458513.74210,2019-01-30.2425599,bE,1.53,16.372,>16.372,99.990,-0.133,0.205,g
2458513.74338,2019-01-30.2438424,bE,1.52,16.511,>16.511,99.990,-0.083,0.181,g
2458513.74464,2019-01-30.2451030,bE,1.51,16.454,>16.454,99.990,-0.016,0.190,g
2458514.55073,2019-01-31.0511943,bi,2.06,16.322,>16.322,99.990,0.063,0.215,g
2458514.55195,2019-01-31.0524052,bi,2.10,16.313,>16.313,99.990,-0.356,0.217,g
2458514.73727,2019-01-31.2377278,bE,1.49,16.412,>16.412,99.990,-0.010,0.198,g
2458514.73854,2019-01-31.2389951,bE,1.48,16.463,>16.463,99.990,-0.167,0.189,g
2458514.73981,2019-01-31.2402650,bE,1.51,16.465,>16.465,99.990,0.035,0.188,g
2458515.72514,2019-02-01.2255960,bi,1.46,16.320,>16.320,99.990,0.136,0.215,g
2458515.72636,2019-02-01.2268171,bi,1.41,16.286,>16.286,99.990,0.178,0.222,g
2458515.72757,2019-02-01.2280354,bi,1.46,16.323,>16.323,99.990,0.253,0.215,g
2458516.73264,2019-02-02.2331116,bE,1.49,16.526,>16.526,99.990,-0.150,0.178,g
2458516.73392,2019-02-02.2343836,bE,1.49,16.498,>16.498,99.990,0.235,0.183,g
2458516.73519,2019-02-02.2356561,bE,1.46,16.418,>16.418,99.990,0.064,0.197,g
2458517.72450,2019-02-03.2249702,bE,1.52,16.676,>16.676,99.990,0.154,0.155,g
2458517.72577,2019-02-03.2262341,bE,1.52,16.575,>16.575,99.990,0.201,0.170,g
2458517.72704,2019-02-03.2275068,bE,1.50,16.424,>16.424,99.990,0.081,0.196,g
2458518.72820,2019-02-04.2286657,bE,1.48,16.433,>16.433,99.990,0.119,0.194,g
2458518.72948,2019-02-04.2299479,bE,1.44,16.538,>16.538,99.990,0.136,0.176,g
2458518.73073,2019-02-04.2312042,bE,1.52,16.535,>16.535,99.990,-0.137,0.177,g
2458519.72420,2019-02-05.2246737,bE,1.48,16.520,>16.520,99.990,-0.017,0.179,g
2458519.72545,2019-02-05.2259348,bE,1.45,16.619,>16.619,99.990,0.161,0.164,g
2458519.72673,2019-02-05.2272016,bE,1.47,16.483,>16.483,99.990,0.066,0.185,g
2458520.64716,2019-02-06.1476334,bE,1.44,16.560,>16.560,99.990,0.003,0.173,g
2458520.64843,2019-02-06.1489043,bE,1.47,16.501,>16.501,99.990,0.062,0.182,g
2458520.64979,2019-02-06.1502653,bE,1.54,16.539,>16.539,99.990,0.023,0.176,g
2458521.43558,2019-02-06.9360545,bm,1.51,16.500,>16.500,99.990,-0.051,0.182,g
2458521.43680,2019-02-06.9372759,bm,1.50,16.549,>16.549,99.990,-0.114,0.174,g
2458521.43801,2019-02-06.9384915,bm,1.51,16.446,>16.446,99.990,-0.089,0.192,g
2458521.61775,2019-02-07.1182206,bE,1.49,16.379,>16.379,99.990,0.181,0.204,g
2458521.61903,2019-02-07.1195026,bE,1.47,16.424,>16.424,99.990,-0.132,0.196,g
2458521.62030,2019-02-07.1207711,bE,1.48,16.472,>16.472,99.990,-0.182,0.187,g
2458522.60935,2019-02-08.1098288,bE,1.50,16.445,>16.445,99.990,-0.102,0.192,g
2458522.61062,2019-02-08.1110947,bE,1.54,16.417,>16.417,99.990,0.056,0.197,g
2458522.61190,2019-02-08.1123714,bE,1.51,16.539,>16.539,99.990,0.099,0.176,g
2458523.58991,2019-02-09.0903914,bE,1.46,16.443,>16.443,99.990,-0.075,0.192,g
2458523.59119,2019-02-09.0916670,bE,1.50,16.575,>16.575,99.990,0.037,0.170,g
2458523.59246,2019-02-09.0929349,bE,1.51,16.465,>16.465,99.990,0.292,0.188,g
2458524.58475,2019-02-10.0852269,bE,1.47,16.480,>16.480,99.990,0.043,0.186,g
2458524.58602,2019-02-10.0864962,bE,1.48,16.493,>16.493,99.990,0.152,0.184,g
2458524.58729,2019-02-10.0877707,bE,1.48,16.554,>16.554,99.990,-0.088,0.174,g
2458525.52608,2019-02-11.0265561,bE,1.43,16.500,>16.500,99.990,-0.086,0.182,g
2458525.52735,2019-02-11.0278305,bE,1.51,16.100,>16.100,99.990,-0.242,0.264,g
2458525.52863,2019-02-11.0291055,bE,1.52,15.829,>15.829,99.990,-0.647,0.339,g
2458526.53320,2019-02-12.0336789,bE,1.58,16.360,>16.360,99.990,0.065,0.208,g
2458526.53446,2019-02-12.0349452,bE,1.55,16.312,>16.312,99.990,-0.248,0.217,g
2458526.53573,2019-02-12.0362197,bE,1.65,16.619,>16.619,99.990,-0.116,0.163,g
2458527.27605,2019-02-12.7765319,bm,1.58,16.337,>16.337,99.990,0.071,0.212,g
2458527.27729,2019-02-12.7777701,bm,1.65,16.467,>16.467,99.990,0.326,0.188,g
2458527.27856,2019-02-12.7790460,bm,1.53,16.361,>16.361,99.990,-0.220,0.207,g
2458527.52086,2019-02-13.0213489,bE,1.51,16.153,>16.153,99.990,-0.070,0.251,g
2458527.52217,2019-02-13.0226524,bE,1.46,16.269,>16.269,99.990,-0.028,0.226,g
2458527.52344,2019-02-13.0239310,bE,1.52,16.294,>16.294,99.990,0.041,0.221,g
2458528.29364,2019-02-13.7941254,bm,1.66,16.484,>16.484,99.990,0.174,0.185,g
2458528.29487,2019-02-13.7953531,bm,1.60,16.556,>16.556,99.990,-0.169,0.173,g
2458528.29609,2019-02-13.7965734,bm,1.66,16.360,>16.360,99.990,-0.068,0.207,g
2458528.69531,2019-02-14.1957958,bE,1.53,16.467,>16.467,99.990,0.080,0.188,g
2458528.69658,2019-02-14.1970636,bE,1.53,16.380,>16.380,99.990,0.316,0.204,g
2458528.69784,2019-02-14.1983281,bE,1.56,16.493,>16.493,99.990,-0.146,0.184,g
2458529.69458,2019-02-15.1950644,bE,1.47,16.312,>16.312,99.990,-0.348,0.217,g
2458529.69585,2019-02-15.1963394,bE,1.49,16.237,>16.237,99.990,-0.144,0.232,g
2458529.69712,2019-02-15.1976035,bE,1.56,16.278,>16.278,99.990,-0.149,0.224,g
2458530.69038,2019-02-16.1908627,bE,1.46,16.230,>16.230,99.990,-0.426,0.234,g
2458530.69164,2019-02-16.1921284,bE,1.56,16.124,>16.124,99.990,-0.064,0.258,g
2458530.69290,2019-02-16.1933886,bE,1.47,16.369,>16.369,99.990,0.093,0.206,g
2458531.68942,2019-02-17.1899119,bE,1.55,16.048,>16.048,99.990,0.100,0.277,g
2458531.69068,2019-02-17.1911768,bE,1.56,16.014,>16.014,99.990,-0.007,0.285,g
2458531.69196,2019-02-17.1924417,bE,1.53,16.025,>16.025,99.990,0.217,0.282,g
2458532.62550,2019-02-18.1259843,bE,1.49,16.071,>16.071,99.990,0.249,0.271,g
2458532.62677,2019-02-18.1272603,bE,1.44,16.041,>16.041,99.990,-0.052,0.278,g
2458532.62805,2019-02-18.1285369,bE,1.46,16.109,>16.109,99.990,0.109,0.261,g
2458533.61729,2019-02-19.1177747,bE,1.60,16.075,>16.075,99.990,0.015,0.270,g
2458533.61856,2019-02-19.1190461,bE,1.45,15.971,>15.971,99.990,-0.136,0.297,g
2458533.61983,2019-02-19.1203157,bE,1.46,15.894,>15.894,99.990,-0.217,0.319,g
2458534.62771,2019-02-20.1281894,bE,1.56,15.915,>15.915,99.990,0.272,0.313,g
2458534.62898,2019-02-20.1294677,bE,1.46,15.905,>15.905,99.990,0.113,0.316,g
2458534.63024,2019-02-20.1307292,bE,1.44,15.831,>15.831,99.990,0.094,0.338,g
2458535.67422,2019-02-21.1747130,bE,1.57,15.942,>15.942,99.990,0.318,0.305,g
2458535.67551,2019-02-21.1760017,bE,1.48,15.888,>15.888,99.990,0.038,0.321,g
2458535.67678,2019-02-21.1772651,bE,1.52,15.967,>15.967,99.990,0.195,0.298,g
2458536.67300,2019-02-22.1734819,bE,1.53,16.151,>16.151,99.990,-0.339,0.252,g
2458536.67426,2019-02-22.1747483,bE,1.46,16.104,>16.104,99.990,0.164,0.263,g
2458536.67553,2019-02-22.1760215,bE,1.49,16.136,>16.136,99.990,0.091,0.255,g
2458537.66876,2019-02-23.1692454,bE,1.47,16.199,>16.199,99.990,0.103,0.241,g
2458537.67003,2019-02-23.1705164,bE,1.51,16.240,>16.240,99.990,-0.090,0.232,g
2458537.67137,2019-02-23.1718581,bE,1.54,16.237,>16.237,99.990,0.083,0.232,g
2458538.66829,2019-02-24.1687755,bE,1.50,16.461,>16.461,99.990,0.412,0.189,g
2458538.66957,2019-02-24.1700539,bE,1.49,16.418,>16.418,99.990,0.400,0.197,g
2458538.67085,2019-02-24.1713284,bE,1.56,16.405,>16.405,99.990,0.153,0.199,g
2458539.26350,2019-02-24.7639797,bm,2.25,16.425,>16.425,99.990,-0.160,0.195,g
2458539.26471,2019-02-24.7651898,bm,2.26,16.477,>16.477,99.990,-0.119,0.186,g
2458539.26593,2019-02-24.7664157,bm,2.22,16.494,>16.494,99.990,-0.018,0.184,g
2458539.65700,2019-02-25.1574765,bi,1.55,16.193,>16.193,99.990,-0.100,0.242,g
2458539.65821,2019-02-25.1586923,bi,1.54,16.228,>16.228,99.990,-0.127,0.234,g
2458539.65942,2019-02-25.1599056,bi,1.59,16.327,>16.327,99.990,-0.057,0.214,g
2458540.26710,2019-02-25.7675844,bm,2.07,14.649,>14.649,99.990,0.155,1.003,g
2458540.26835,2019-02-25.7688347,bm,2.11,15.394,>15.394,99.990,0.355,0.505,g
2458540.26966,2019-02-25.7701453,bm,2.09,15.202,>15.202,99.990,-1.430,0.603,g
2458540.65595,2019-02-26.1564430,bi,1.48,16.420,>16.420,99.990,0.308,0.196,g
2458540.65717,2019-02-26.1576600,bi,1.41,16.364,>16.364,99.990,0.087,0.207,g
2458540.65838,2019-02-26.1588758,bi,1.45,16.430,>16.430,99.990,0.570,0.195,g
2458541.65813,2019-02-27.1586107,bE,1.49,16.423,>16.423,99.990,0.189,0.196,g
2458541.65938,2019-02-27.1598686,bE,1.49,16.605,>16.605,99.990,0.193,0.166,g
2458541.66065,2019-02-27.1611355,bE,1.44,16.721,>16.721,99.990,0.090,0.149,g
2458542.65741,2019-02-28.1578913,bE,1.50,16.480,>16.480,99.990,-0.012,0.186,g
2458542.65869,2019-02-28.1591723,bE,1.45,16.499,>16.499,99.990,0.163,0.183,g
2458542.65996,2019-02-28.1604414,bE,1.54,16.554,>16.554,99.990,0.160,0.174,g
2458543.65187,2019-03-01.1523501,bE,1.48,16.712,>16.712,99.990,0.208,0.150,g
2458543.65314,2019-03-01.1536240,bE,1.50,16.567,>16.567,99.990,0.339,0.172,g
2458543.65441,2019-03-01.1548944,bE,1.48,16.409,>16.409,99.990,0.161,0.198,g
2458544.65185,2019-03-02.1523300,bE,1.55,16.445,>16.445,99.990,0.457,0.192,g
2458544.65312,2019-03-02.1535952,bE,1.51,16.488,>16.488,99.990,-0.016,0.184,g
2458544.65438,2019-03-02.1548567,bE,1.51,16.348,>16.348,99.990,0.006,0.210,g
2458545.64679,2019-03-03.1472717,bE,1.47,15.742,>15.742,99.990,0.184,0.367,g
2458545.64806,2019-03-03.1485381,bE,1.41,16.282,>16.282,99.990,0.174,0.223,g
2458545.64932,2019-03-03.1498023,bE,1.50,16.465,>16.465,99.990,0.188,0.188,g
2458546.35361,2019-03-03.8540899,bm,1.50,16.548,>16.548,99.990,0.161,0.174,g
2458546.35482,2019-03-03.8553068,bm,1.55,16.388,>16.388,99.990,0.316,0.202,g
2458546.35604,2019-03-03.8565217,bm,1.46,16.532,>16.532,99.990,0.097,0.177,g
2458546.64623,2019-03-04.1467150,bE,1.51,16.512,>16.512,99.990,0.047,0.180,g
2458546.64752,2019-03-04.1479942,bE,1.49,16.512,>16.512,99.990,0.287,0.180,g
2458546.64879,2019-03-04.1492718,bE,1.45,16.514,>16.514,99.990,0.195,0.180,g
2458547.64097,2019-03-05.1414369,bE,1.50,16.432,>16.432,99.990,0.144,0.194,g
2458547.64225,2019-03-05.1427230,bE,1.52,16.592,>16.592,99.990,0.278,0.168,g
2458547.64353,2019-03-05.1439983,bE,1.47,16.577,>16.577,99.990,0.037,0.170,g
2458548.64035,2019-03-06.1408229,bE,1.54,16.521,>16.521,99.990,0.338,0.179,g
2458548.64161,2019-03-06.1420912,bE,1.48,16.464,>16.464,99.990,0.313,0.189,g
2458548.64288,2019-03-06.1433525,bE,1.42,16.609,>16.609,99.990,-0.001,0.165,g
2458549.63146,2019-03-07.1319270,bE,1.49,16.481,>16.481,99.990,0.264,0.186,g
2458549.63272,2019-03-07.1331896,bE,1.49,16.484,>16.484,99.990,0.185,0.185,g
2458549.63399,2019-03-07.1344547,bE,1.49,16.406,>16.406,99.990,0.382,0.199,g
2458550.63090,2019-03-08.1313710,bE,1.58,16.543,>16.543,99.990,0.271,0.175,g
2458550.63218,2019-03-08.1326508,bE,1.54,16.543,>16.543,99.990,0.271,0.175,g
2458550.63344,2019-03-08.1339099,bE,1.46,16.431,>16.431,99.990,0.025,0.194,g
2458551.62606,2019-03-09.1265287,bE,1.52,16.414,>16.414,99.990,0.255,0.198,g
2458551.62733,2019-03-09.1277945,bE,1.49,16.415,>16.415,99.990,0.016,0.197,g
2458551.62859,2019-03-09.1290614,bE,1.49,16.431,>16.431,99.990,0.589,0.194,g
2458552.62529,2019-03-10.1257553,bE,1.49,16.530,>16.530,99.990,0.065,0.177,g
2458552.62658,2019-03-10.1270343,bE,1.50,16.450,>16.450,99.990,0.125,0.191,g
2458552.62784,2019-03-10.1283003,bE,1.50,16.477,>16.477,99.990,0.023,0.186,g
2458553.53538,2019-03-11.0358436,bE,1.55,16.480,>16.480,99.990,0.340,0.186,g
2458553.53666,2019-03-11.0371193,bE,1.48,16.479,>16.479,99.990,0.112,0.186,g
2458553.53792,2019-03-11.0383898,bE,1.42,16.479,>16.479,99.990,0.294,0.186,g
2458554.61571,2019-03-12.1161708,bE,1.52,16.466,>16.466,99.990,0.225,0.188,g
2458554.61699,2019-03-12.1174506,bE,1.47,16.471,>16.471,99.990,-0.137,0.187,g
2458554.61826,2019-03-12.1187217,bE,1.46,16.485,>16.485,99.990,0.097,0.185,g
2458555.49467,2019-03-12.9951302,bE,1.49,15.909,>15.909,99.990,-0.096,0.315,g
2458555.49595,2019-03-12.9964035,bE,1.53,16.180,>16.180,99.990,0.737,0.245,g
2458555.49725,2019-03-12.9976975,bE,1.59,16.118,>16.118,99.990,0.477,0.259,g
2458556.25885,2019-03-13.7592980,bm,1.61,16.367,>16.367,99.990,0.419,0.206,g
2458556.26007,2019-03-13.7605189,bm,1.58,16.468,>16.468,99.990,0.055,0.188,g
2458556.26127,2019-03-13.7617254,bm,1.62,16.442,>16.442,99.990,0.126,0.192,g
2458556.61448,2019-03-14.1149357,bE,1.51,16.403,>16.403,99.990,0.212,0.199,g
2458556.61575,2019-03-14.1162008,bE,1.47,16.598,>16.598,99.990,0.153,0.167,g
2458556.61702,2019-03-14.1174656,bE,1.48,16.430,>16.430,99.990,-0.207,0.195,g
2458557.60956,2019-03-15.1100085,bE,1.47,16.369,>16.369,99.990,0.131,0.206,g
2458557.61083,2019-03-15.1112756,bE,1.48,16.388,>16.388,99.990,0.480,0.202,g
2458557.61210,2019-03-15.1125505,bE,1.50,16.397,>16.397,99.990,-0.102,0.201,g
2458558.60920,2019-03-16.1096428,bE,1.50,16.416,>16.416,99.990,0.071,0.197,g
2458558.61046,2019-03-16.1109027,bE,1.49,16.287,>16.287,99.990,-0.221,0.222,g
2458558.61173,2019-03-16.1121746,bE,1.52,16.204,>16.204,99.990,0.372,0.239,g
2458559.60382,2019-03-17.1042605,bE,1.49,16.092,>16.092,99.990,0.030,0.266,g
2458559.60509,2019-03-17.1055342,bE,1.52,16.172,>16.172,99.990,-0.037,0.247,g
2458559.60637,2019-03-17.1068099,bE,1.53,16.153,>16.153,99.990,-0.200,0.251,g
2458560.60288,2019-03-18.1033134,bE,1.52,16.239,>16.239,99.990,0.119,0.232,g
2458560.60416,2019-03-18.1045885,bE,1.49,16.108,>16.108,99.990,0.052,0.262,g
2458560.60543,2019-03-18.1058609,bE,1.53,16.236,>16.236,99.990,0.126,0.233,g
2458561.59790,2019-03-19.0983329,bE,1.50,16.008,>16.008,99.990,0.587,0.287,g
2458561.59917,2019-03-19.0996048,bE,1.54,15.941,>15.941,99.990,0.145,0.305,g
2458561.60044,2019-03-19.1008718,bE,1.52,16.042,>16.042,99.990,-0.044,0.278,g
2458562.59356,2019-03-20.0939910,bE,1.47,15.803,>15.803,99.990,0.298,0.346,g
2458562.59484,2019-03-20.0952612,bE,1.49,16.028,>16.028,99.990,-0.430,0.282,g
2458562.59612,2019-03-20.0965494,bE,1.56,16.063,>16.063,99.990,-0.175,0.273,g
2458563.23441,2019-03-20.7348311,bm,1.72,14.939,>14.939,99.990,-0.507,0.769,g
2458563.23562,2019-03-20.7360384,bm,1.79,14.863,>14.863,99.990,-1.043,0.824,g
2458563.23682,2019-03-20.7372450,bm,1.60,15.231,>15.231,99.990,-0.116,0.587,g
2458563.59239,2019-03-21.0928119,bE,1.54,15.678,>15.678,99.990,-0.041,0.389,g
2458563.59367,2019-03-21.0940902,bE,1.43,15.672,>15.672,99.990,0.072,0.391,g
2458563.59494,2019-03-21.0953633,bE,1.56,15.721,>15.721,99.990,0.755,0.374,g
2458564.23728,2019-03-21.7376953,bm,1.96,16.119,>16.119,99.990,-0.074,0.259,g
2458564.23848,2019-03-21.7389021,bm,1.69,16.226,>16.226,99.990,0.234,0.235,g
2458564.23972,2019-03-21.7401379,bm,1.94,16.252,>16.252,99.990,0.042,0.229,g
2458564.59163,2019-03-22.0920560,bE,1.45,15.995,>15.995,99.990,0.630,0.291,g
2458564.59290,2019-03-22.0933288,bE,1.47,15.854,>15.854,99.990,0.010,0.331,g
2458564.59418,2019-03-22.0946019,bE,1.41,15.972,>15.972,99.990,0.260,0.297,g
2458565.58713,2019-03-23.0875445,bE,1.46,16.091,>16.091,99.990,-0.321,0.266,g
2458565.58845,2019-03-23.0888677,bE,1.50,16.114,>16.114,99.990,0.144,0.260,g
2458565.58972,2019-03-23.0901393,bE,1.53,16.069,>16.069,99.990,0.300,0.271,g
2458566.58218,2019-03-24.0825980,bE,1.47,16.447,>16.447,99.990,-0.110,0.192,g
2458566.58347,2019-03-24.0838773,bE,1.60,16.289,>16.289,99.990,-0.128,0.222,g
2458566.58475,2019-03-24.0851608,bE,1.51,16.207,>16.207,99.990,-0.014,0.239,g
2458567.58024,2019-03-25.0806438,bi,1.67,16.314,>16.314,99.990,0.278,0.216,g
2458567.58146,2019-03-25.0818679,bi,1.72,16.230,>16.230,99.990,-0.205,0.234,g
2458567.58268,2019-03-25.0830848,bi,1.78,16.283,>16.283,99.990,-0.193,0.223,g
2458568.57683,2019-03-26.0772311,bE,1.51,16.460,>16.460,99.990,0.091,0.189,g
2458568.57811,2019-03-26.0785118,bE,1.51,16.512,>16.512,99.990,0.014,0.180,g
2458568.57937,2019-03-26.0797721,bE,1.53,16.497,>16.497,99.990,0.211,0.183,g
2458569.57621,2019-03-27.0766194,bE,1.53,16.457,>16.457,99.990,0.317,0.190,g
2458569.57749,2019-03-27.0778964,bE,1.50,16.355,>16.355,99.990,0.323,0.208,g
2458569.57879,2019-03-27.0791840,bE,1.43,16.319,>16.319,99.990,0.349,0.216,g
2458570.59967,2019-03-28.1000637,bE,1.55,16.417,>16.417,99.990,0.046,0.197,g
2458570.60095,2019-03-28.1013434,bE,1.47,16.465,>16.465,99.990,0.211,0.188,g
2458570.60223,2019-03-28.1026149,bE,1.56,16.522,>16.522,99.990,0.106,0.179,g
2458571.60177,2019-03-29.1021524,bE,1.45,16.555,>16.555,99.990,0.234,0.173,g
2458571.60303,2019-03-29.1034155,bE,1.50,16.388,>16.388,99.990,0.039,0.202,g
2458571.60430,2019-03-29.1046813,bE,1.39,16.477,>16.477,99.990,0.092,0.186,g
2458573.34304,2019-03-30.8434192,bm,1.45,16.389,>16.389,99.990,0.389,0.202,g
2458573.34425,2019-03-30.8446255,bm,1.58,16.438,>16.438,99.990,0.075,0.193,g
2458573.34545,2019-03-30.8458309,bm,1.52,16.543,>16.543,99.990,0.018,0.175,g
2458575.25774,2019-04-01.7581023,bm,1.94,16.516,>16.516,99.990,0.067,0.180,g
2458575.25898,2019-04-01.7593438,bm,1.92,16.552,>16.552,99.990,0.061,0.174,g
2458575.26019,2019-04-01.7605518,bm,1.58,16.566,>16.566,99.990,0.111,0.172,g
2458575.56734,2019-04-02.0677046,bi,1.37,16.287,>16.287,99.990,0.063,0.222,g
2458575.56856,2019-04-02.0689261,bi,1.38,16.411,>16.411,99.990,0.255,0.198,g
2458575.56979,2019-04-02.0701491,bi,1.46,16.273,>16.273,99.990,0.013,0.225,g
2458576.54675,2019-04-03.0471041,bE,1.48,16.433,>16.433,99.990,0.252,0.194,g
2458576.54800,2019-04-03.0483681,bE,1.53,16.407,>16.407,99.990,0.147,0.199,g
2458576.54927,2019-04-03.0496317,bE,1.52,16.573,>16.573,99.990,0.151,0.171,g
2458578.58063,2019-04-05.0809781,bE,1.59,16.476,>16.476,99.990,0.079,0.186,g
2458578.58191,2019-04-05.0822537,bE,1.52,16.408,>16.408,99.990,0.053,0.199,g
2458578.58317,2019-04-05.0835111,bE,1.46,16.464,>16.464,99.990,0.142,0.189,g
2458580.23041,2019-04-06.7307524,bm,2.02,16.516,>16.516,99.990,0.156,0.180,g
2458580.23163,2019-04-06.7319657,bm,2.12,99.990,99.990,99.990,99.990,99.990,g
2458580.23283,2019-04-06.7331731,bm,1.99,16.547,>16.547,99.990,-0.040,0.175,g
2458580.52822,2019-04-07.0285593,bE,1.48,16.458,>16.458,99.990,0.184,0.190,g
2458580.52950,2019-04-07.0298359,bE,1.52,16.660,>16.660,99.990,0.295,0.157,g
2458580.53078,2019-04-07.0311142,bE,1.44,16.482,>16.482,99.990,0.133,0.185,g
2458581.57004,2019-04-08.0703760,bE,1.53,16.414,>16.414,99.990,0.059,0.197,g
2458581.57130,2019-04-08.0716377,bE,1.49,16.370,>16.370,99.990,0.088,0.206,g
2458581.57259,2019-04-08.0729214,bE,1.42,16.452,>16.452,99.990,0.030,0.191,g
2458582.56906,2019-04-09.0693862,bE,1.51,16.506,>16.506,99.990,0.050,0.181,g
2458582.57033,2019-04-09.0706543,bE,1.44,16.512,>16.512,99.990,0.121,0.180,g
2458582.57159,2019-04-09.0719142,bE,1.48,16.491,>16.491,99.990,0.196,0.184,g
2458584.21781,2019-04-10.7181315,bm,2.41,15.958,>15.958,99.990,-0.774,0.300,g
2458584.21904,2019-04-10.7193519,bm,2.46,16.093,>16.093,99.990,-0.084,0.265,g
2458584.22024,2019-04-10.7205643,bm,2.41,16.203,>16.203,99.990,0.011,0.240,g
2458584.56752,2019-04-11.0678283,bE,1.52,16.489,>16.489,99.990,0.088,0.184,g
2458584.56879,2019-04-11.0691091,bE,1.51,16.432,>16.432,99.990,-0.123,0.194,g
2458586.26750,2019-04-12.7677984,bm,1.48,16.225,>16.225,99.990,0.033,0.235,g
2458586.26872,2019-04-12.7690189,bm,1.57,16.308,>16.308,99.990,-0.293,0.218,g
2458586.26993,2019-04-12.7702295,bm,1.54,16.474,>16.474,99.990,0.141,0.187,g
2458586.53896,2019-04-13.0392614,bE,1.58,16.361,>16.361,99.990,0.049,0.207,g
2458586.54022,2019-04-13.0405256,bE,1.55,16.266,>16.266,99.990,0.171,0.226,g
2458586.54149,2019-04-13.0417896,bE,1.55,16.390,>16.390,99.990,0.018,0.202,g
2458587.47207,2019-04-13.9723634,bi,1.67,15.792,>15.792,99.990,-0.336,0.350,g
2458587.47329,2019-04-13.9735802,bi,1.61,15.977,>15.977,99.990,-0.269,0.295,g
2458587.47451,2019-04-13.9748018,bi,1.63,16.066,>16.066,99.990,0.175,0.272,g
2458589.54913,2019-04-16.0494064,bE,1.49,16.124,>16.124,99.990,0.237,0.258,g
2458589.55040,2019-04-16.0506730,bE,1.45,16.124,>16.124,99.990,0.411,0.258,g
2458589.55167,2019-04-16.0519451,bE,1.47,16.098,>16.098,99.990,0.037,0.264,g
2458590.53191,2019-04-17.0321825,bi,1.55,15.808,>15.808,99.990,-0.482,0.345,g
2458590.53312,2019-04-17.0333939,bi,1.43,16.032,>16.032,99.990,0.279,0.281,g
2458590.53434,2019-04-17.0346103,bi,1.50,15.883,>15.883,99.990,0.237,0.322,g
2458591.23284,2019-04-17.7331031,bm,1.54,15.972,>15.972,99.990,0.063,0.297,g
2458591.23404,2019-04-17.7343061,bm,1.54,15.978,>15.978,99.990,-0.202,0.295,g
2458591.23526,2019-04-17.7355230,bm,1.54,16.115,>16.115,99.990,0.714,0.260,g
2458592.28012,2019-04-18.7803796,bm,1.55,15.784,>15.784,99.990,-0.795,0.353,g
2458592.28134,2019-04-18.7815932,bm,1.44,15.811,>15.811,99.990,0.211,0.344,g
2458592.28254,2019-04-18.7827988,bm,1.54,15.813,>15.813,99.990,0.491,0.343,g
2458594.27894,2019-04-20.7791854,bm,1.67,14.412,>14.412,99.990,0.616,1.248,g
2458594.28017,2019-04-20.7804128,bm,1.66,14.428,>14.428,99.990,-1.081,1.230,g
2458594.28138,2019-04-20.7816201,bm,1.61,14.811,>14.811,99.990,-1.516,0.864,g
2458595.23827,2019-04-21.7385053,bm,1.53,16.499,>16.499,99.990,0.048,0.183,g
2458595.23960,2019-04-21.7398386,bm,1.66,16.547,>16.547,99.990,0.009,0.175,g
2458595.53695,2019-04-22.0371835,bE,1.51,16.299,>16.299,99.990,-0.105,0.219,g
2458595.53822,2019-04-22.0384623,bE,1.49,16.137,>16.137,99.990,0.059,0.255,g
2458596.50504,2019-04-23.0052858,bE,1.61,16.488,>16.488,99.990,-0.002,0.184,g
2458596.50632,2019-04-23.0065413,bE,1.50,16.527,>16.527,99.990,0.183,0.178,g
2458596.50759,2019-04-23.0078152,bE,1.49,16.418,>16.418,99.990,-0.059,0.197,g
2458599.26753,2019-04-25.7677391,bm,1.47,16.599,>16.599,99.990,-0.003,0.167,g
2458599.26873,2019-04-25.7689327,bm,1.45,16.655,>16.655,99.990,0.114,0.158,g
2458599.26993,2019-04-25.7701392,bm,1.49,16.599,>16.599,99.990,-0.019,0.166,g
2458601.21857,2019-04-27.7187581,bm,2.02,16.529,>16.529,99.990,-0.110,0.178,g
2458601.22099,2019-04-27.7211807,bm,2.01,16.527,>16.527,99.990,-0.015,0.178,g
2458602.22245,2019-04-28.7226423,bm,1.45,16.610,>16.610,99.990,0.191,0.165,g
2458602.22367,2019-04-28.7238605,bm,1.52,16.655,>16.655,99.990,-0.025,0.158,g
2458603.24824,2019-04-29.7484111,bm,2.20,16.653,>16.653,99.990,-0.111,0.158,g
2458603.24944,2019-04-29.7496190,bm,2.16,16.485,>16.485,99.990,0.203,0.185,g
2458603.25066,2019-04-29.7508326,bm,2.14,16.463,>16.463,99.990,0.212,0.189,g
2458603.51244,2019-04-30.0126118,bE,1.44,16.446,>16.446,99.990,-0.028,0.192,g
2458603.51371,2019-04-30.0138906,bE,1.47,16.491,>16.491,99.990,0.095,0.184,g
2458603.51499,2019-04-30.0151656,bE,1.51,16.327,>16.327,99.990,-0.045,0.214,g
2458605.47249,2019-05-01.9726454,bE,1.59,16.412,>16.412,99.990,-0.036,0.198,g
2458605.47376,2019-05-01.9739126,bE,1.57,16.485,>16.485,99.990,0.127,0.185,g
2458605.47503,2019-05-01.9751891,bE,1.56,16.594,>16.594,99.990,-0.049,0.167,g
2458606.25278,2019-05-02.7529373,bm,1.55,16.502,>16.502,99.990,0.142,0.182,g
2458606.25406,2019-05-02.7542201,bm,1.53,16.545,>16.545,99.990,0.078,0.175,g
2458606.25539,2019-05-02.7555459,bm,1.53,16.527,>16.527,99.990,0.116,0.178,g
2458607.49455,2019-05-03.9946945,bE,1.48,16.145,>16.145,99.990,-0.299,0.253,g
2458607.49582,2019-05-03.9959631,bE,1.51,16.149,>16.149,99.990,-0.447,0.252,g
2458607.49709,2019-05-03.9972326,bE,1.48,16.288,>16.288,99.990,0.044,0.222,g
2458608.49399,2019-05-04.9941221,bE,1.47,16.466,>16.466,99.990,-0.129,0.188,g
2458608.49526,2019-05-04.9953923,bE,1.50,16.470,>16.470,99.990,0.430,0.188,g
2458608.49653,2019-05-04.9966665,bE,1.46,16.407,>16.407,99.990,-0.395,0.199,g
2458609.49343,2019-05-05.9935619,bE,1.42,16.435,>16.435,99.990,-0.182,0.194,g
2458609.49471,2019-05-05.9948364,bE,1.47,16.481,>16.481,99.990,-0.006,0.186,g
2458609.49598,2019-05-05.9961060,bE,1.47,16.482,>16.482,99.990,0.290,0.186,g
2458611.48476,2019-05-07.9848715,bE,1.45,16.489,>16.489,99.990,0.048,0.184,g
2458611.48604,2019-05-07.9861476,bE,1.47,16.455,>16.455,99.990,-0.042,0.190,g
2458611.48731,2019-05-07.9874230,bE,1.48,16.548,>16.548,99.990,0.401,0.175,g
2458615.22165,2019-05-11.7217417,bm,1.63,16.235,>16.235,99.990,-0.449,0.233,g
2458615.22286,2019-05-11.7229400,bm,1.54,16.435,>16.435,99.990,0.008,0.194,g
2458615.22408,2019-05-11.7241582,bm,1.51,16.219,>16.219,99.990,-0.511,0.236,g
2458617.21370,2019-05-13.7137563,bm,1.98,15.986,>15.986,99.990,-0.131,0.293,g
2458617.21490,2019-05-13.7149658,bm,1.72,15.833,>15.833,99.990,-0.128,0.337,g
2458617.21611,2019-05-13.7161715,bm,2.05,15.003,>15.003,99.990,-0.695,0.725,g
2458618.21321,2019-05-14.7132640,bm,1.59,15.947,>15.947,99.990,0.202,0.304,g
2458618.21442,2019-05-14.7144718,bm,1.97,15.919,>15.919,99.990,-0.546,0.312,g
2458618.21563,2019-05-14.7156888,bm,1.95,16.034,>16.034,99.990,0.122,0.280,g
2458620.20501,2019-05-16.7050483,bm,1.48,16.039,>16.039,99.990,0.289,0.279,g
2458620.20623,2019-05-16.7062689,bm,1.49,15.849,>15.849,99.990,-0.205,0.332,g
2458620.20746,2019-05-16.7075045,bm,1.47,15.983,>15.983,99.990,-0.291,0.294,g
2458621.45633,2019-05-17.9563564,bE,1.46,14.769,>14.769,99.990,0.031,0.898,g
2458622.20058,2019-05-18.7005967,bm,1.55,15.831,>15.831,99.990,0.533,0.338,g
2458622.20180,2019-05-18.7018182,bm,1.58,15.946,>15.946,99.990,-0.141,0.304,g
2458622.20300,2019-05-18.7030204,bm,1.54,16.006,>16.006,99.990,-0.898,0.288,g
2458623.44925,2019-05-19.9492684,bi,1.52,99.990,99.990,99.990,99.990,99.990,g
2458623.45048,2019-05-19.9504923,bi,1.59,99.990,99.990,99.990,99.990,99.990,g
2458624.44894,2019-05-20.9489476,bE,1.57,15.920,>15.920,99.990,-0.625,0.311,g
2458624.45021,2019-05-20.9502135,bE,1.58,15.930,>15.930,99.990,-0.384,0.308,g
2458624.45147,2019-05-20.9514759,bE,1.60,16.059,>16.059,99.990,-0.123,0.274,g
2458625.19208,2019-05-21.6920746,bm,1.54,15.786,>15.786,99.990,-0.237,0.352,g
2458625.19330,2019-05-21.6932951,bm,1.58,15.853,>15.853,99.990,-0.352,0.331,g
2458625.19452,2019-05-21.6945109,bm,1.54,16.010,>16.010,99.990,-0.091,0.287,g
2458626.19180,2019-05-22.6917862,bm,1.94,15.819,>15.819,99.990,-0.474,0.342,g
2458626.19301,2019-05-22.6930011,bm,1.56,15.802,>15.802,99.990,0.579,0.347,g
2458626.19422,2019-05-22.6942090,bm,1.62,15.914,>15.914,99.990,-0.091,0.313,g
2458678.93868,2019-07-14.4382857,bE,1.45,16.499,>16.499,99.990,0.035,0.183,g
2458678.93994,2019-07-14.4395527,bE,1.50,16.412,>16.412,99.990,0.218,0.198,g
2458678.94121,2019-07-14.4408184,bE,1.48,16.274,>16.274,99.990,-0.043,0.225,g
2458683.93398,2019-07-19.4335646,bE,1.49,16.103,>16.103,99.990,-0.291,0.263,g
2458684.94711,2019-07-20.4466917,bE,1.52,15.785,>15.785,99.990,0.071,0.353,g
2458688.91021,2019-07-24.4097746,bE,1.50,16.395,>16.395,99.990,-0.263,0.201,g
2458688.91148,2019-07-24.4110478,bE,1.55,16.281,>16.281,99.990,-0.026,0.223,g
2458688.91279,2019-07-24.4123604,bE,1.51,16.425,>16.425,99.990,0.058,0.195,g
2458688.94077,2019-07-24.4403351,bi,1.49,16.010,>16.010,99.990,0.021,0.287,g
2458688.94199,2019-07-24.4415513,bi,1.48,15.989,>15.989,99.990,0.351,0.292,g
2458688.94321,2019-07-24.4427721,bi,1.47,15.871,>15.871,99.990,0.660,0.326,g
2458693.64652,2019-07-29.1460671,bm,1.53,16.346,>16.346,99.990,-0.044,0.210,g
2458693.64777,2019-07-29.1473137,bm,1.51,16.467,>16.467,99.990,-0.215,0.188,g
2458693.64899,2019-07-29.1485381,bm,1.47,16.630,>16.630,99.990,0.164,0.162,g
2458693.90808,2019-07-29.4076282,bi,1.51,16.273,>16.273,99.990,0.061,0.225,g
2458693.90930,2019-07-29.4088429,bi,1.55,16.395,>16.395,99.990,-0.358,0.201,g
2458693.91052,2019-07-29.4100671,bi,1.49,16.378,>16.378,99.990,0.228,0.204,g
2458695.91741,2019-07-31.4169531,bE,1.47,16.649,>16.649,99.990,0.148,0.159,g
2458695.91869,2019-07-31.4182256,bE,1.48,16.567,>16.567,99.990,0.334,0.171,g
2458695.91995,2019-07-31.4194899,bE,1.49,16.493,>16.493,99.990,0.011,0.184,g
2458697.66224,2019-08-02.1617760,bm,1.47,16.361,>16.361,99.990,0.106,0.207,g
2458697.66345,2019-08-02.1629918,bm,1.50,16.475,>16.475,99.990,0.032,0.187,g
2458697.66467,2019-08-02.1642112,bm,1.54,16.422,>16.422,99.990,-0.061,0.196,g
2458703.89774,2019-08-08.3972585,bE,1.50,16.545,>16.545,99.990,0.111,0.175,g
2458707.88723,2019-08-12.3867385,bE,1.60,16.461,>16.461,99.990,0.042,0.189,g
2458707.88850,2019-08-12.3880120,bE,1.58,16.410,>16.410,99.990,0.138,0.198,g
2458707.88976,2019-08-12.3892740,bE,1.51,16.441,>16.441,99.990,-0.164,0.193,g
2458709.87960,2019-08-14.3791071,bE,1.51,15.838,>15.838,99.990,0.333,0.336,g
2458709.88087,2019-08-14.3803763,bE,1.58,15.929,>15.929,99.990,0.022,0.309,g
2458709.88223,2019-08-14.3817423,bE,1.43,15.931,>15.931,99.990,-0.202,0.308,g
2458711.87323,2019-08-16.3727343,bE,1.47,15.808,>15.808,99.990,-0.106,0.345,g
2458711.87449,2019-08-16.3740012,bE,1.41,15.689,>15.689,99.990,-0.556,0.385,g
2458711.87575,2019-08-16.3752642,bE,1.54,15.581,>15.581,99.990,0.226,0.425,g
2458712.86992,2019-08-17.3694256,bE,1.61,16.018,>16.018,99.990,0.175,0.284,g
2458712.87118,2019-08-17.3706960,bE,1.49,16.099,>16.099,99.990,0.761,0.264,g
2458712.87245,2019-08-17.3719712,bE,1.58,16.251,>16.251,99.990,0.032,0.229,g
2458713.87035,2019-08-18.3698586,bE,1.52,16.014,>16.014,99.990,-0.083,0.286,g
2458713.87163,2019-08-18.3711372,bE,1.49,16.162,>16.162,99.990,0.123,0.249,g
2458713.87290,2019-08-18.3724098,bE,1.51,16.162,>16.162,99.990,0.074,0.249,g
2458714.86665,2019-08-19.3661554,bE,1.44,14.150,>14.150,99.990,-1.873,1.589,g
2458714.86792,2019-08-19.3674291,bE,1.45,99.990,99.990,99.990,99.990,99.990,g
2458714.86919,2019-08-19.3686954,bE,1.49,99.990,99.990,99.990,99.990,99.990,g
2458719.84951,2019-08-24.3490216,bE,1.51,16.404,>16.404,99.990,0.139,0.199,g
2458719.85079,2019-08-24.3502918,bE,1.45,16.467,>16.467,99.990,0.165,0.188,g
2458719.85206,2019-08-24.3515674,bE,1.48,16.401,>16.401,99.990,0.050,0.200,g
2458720.56271,2019-08-25.0622125,bm,1.57,16.474,>16.474,99.990,0.274,0.187,g
2458720.56395,2019-08-25.0634497,bm,1.60,16.492,>16.492,99.990,-0.165,0.184,g
2458720.56520,2019-08-25.0647045,bm,1.55,16.422,>16.422,99.990,0.110,0.196,g
2458721.91844,2019-08-26.4179447,bE,1.39,16.340,>16.340,99.990,-0.011,0.211,g
2458721.91972,2019-08-26.4192255,bE,1.56,16.233,>16.233,99.990,0.077,0.233,g
2458721.92098,2019-08-26.4204868,bE,1.49,15.942,>15.942,99.990,0.194,0.305,g
2458722.91894,2019-08-27.4184487,bE,1.47,16.485,>16.485,99.990,-0.030,0.185,g
2458722.92021,2019-08-27.4197168,bE,1.51,16.333,>16.333,99.990,-0.031,0.213,g
2458722.92147,2019-08-27.4209799,bE,1.47,16.297,>16.297,99.990,0.150,0.220,g
2458724.60941,2019-08-29.1089199,bm,1.51,99.990,99.990,99.990,99.990,99.990,g
2458725.60301,2019-08-30.1025164,bm,1.53,99.990,99.990,99.990,99.990,99.990,g
2458725.60421,2019-08-30.1037210,bm,1.53,99.990,99.990,99.990,99.990,99.990,g
2458725.60542,2019-08-30.1049280,bm,1.54,99.990,99.990,99.990,99.990,99.990,g
2458725.61022,2019-08-30.1097297,bm,1.51,99.990,99.990,99.990,99.990,99.990,g
2458725.91950,2019-08-30.4190034,bi,1.44,16.090,>16.090,99.990,0.403,0.266,g
2458725.92072,2019-08-30.4202228,bi,1.47,16.094,>16.094,99.990,0.018,0.265,g
2458725.92193,2019-08-30.4214400,bi,1.45,16.181,>16.181,99.990,-0.364,0.245,g
2458727.61529,2019-09-01.1148135,bm,1.48,99.990,99.990,99.990,99.990,99.990,g
2458727.61651,2019-09-01.1160237,bm,1.50,99.990,99.990,99.990,99.990,99.990,g
2458727.61773,2019-09-01.1172399,bm,1.51,99.990,99.990,99.990,99.990,99.990,g
2458727.91151,2019-09-01.4110237,bi,1.45,16.416,>16.416,99.990,0.266,0.197,g
2458727.91273,2019-09-01.4122440,bi,1.46,16.382,>16.382,99.990,0.246,0.203,g
2458727.91395,2019-09-01.4134587,bi,1.45,16.258,>16.258,99.990,-0.000,0.228,g
2458728.63491,2019-09-02.1344222,bm,1.47,99.990,99.990,99.990,99.990,99.990,g
2458728.63613,2019-09-02.1356415,bm,1.46,16.511,>16.511,99.990,0.023,0.181,g
2458728.63735,2019-09-02.1368590,bm,1.50,99.990,99.990,99.990,99.990,99.990,g
2458728.90927,2019-09-02.4087824,bi,1.42,16.260,>16.260,99.990,0.301,0.227,g
2458728.91049,2019-09-02.4100017,bi,1.43,16.183,>16.183,99.990,0.475,0.244,g
2458728.91171,2019-09-02.4112190,bi,1.40,16.113,>16.113,99.990,-0.027,0.261,g
2458729.82177,2019-09-03.3212858,bE,1.60,14.071,>14.071,99.990,-0.070,1.709,g
2458729.82304,2019-09-03.3225518,bE,1.58,99.990,99.990,99.990,99.990,99.990,g
2458729.82431,2019-09-03.3238263,bE,1.49,14.507,>14.507,99.990,0.346,1.143,g
2458729.91652,2019-09-03.4160290,bi,1.38,14.199,>14.199,99.990,-0.486,1.519,g
2458729.91773,2019-09-03.4172474,bi,1.33,14.308,>14.308,99.990,1.916,1.374,g
2458729.91895,2019-09-03.4184622,bi,1.50,13.929,>13.929,99.990,-1.312,1.948,g
2458730.56687,2019-09-04.0663871,bm,1.52,16.570,>16.570,99.990,0.127,0.171,g
2458730.56809,2019-09-04.0676046,bm,1.52,16.439,>16.439,99.990,-0.086,0.193,g
2458730.56930,2019-09-04.0688111,bm,1.53,16.458,>16.458,99.990,-0.028,0.190,g
2458730.91240,2019-09-04.4119168,bi,1.43,16.280,>16.280,99.990,0.418,0.223,g
2458730.91361,2019-09-04.4131269,bi,1.46,16.257,>16.257,99.990,0.342,0.228,g
2458730.91481,2019-09-04.4143297,bi,1.40,16.065,>16.065,99.990,-0.172,0.272,g
2458733.56062,2019-09-07.0601402,bm,1.55,16.505,>16.505,99.990,0.018,0.182,g
2458733.56184,2019-09-07.0613549,bm,1.48,16.469,>16.469,99.990,0.078,0.188,g
2458733.56306,2019-09-07.0625747,bm,1.54,16.521,>16.521,99.990,0.273,0.179,g
2458733.90722,2019-09-07.4067407,bE,1.56,15.755,>15.755,99.990,-0.205,0.362,g
2458733.90849,2019-09-07.4080085,bE,1.50,15.023,>15.023,99.990,0.015,0.711,g
2458734.55793,2019-09-08.0574541,bm,1.48,16.587,>16.587,99.990,-0.190,0.168,g
2458734.55916,2019-09-08.0586861,bm,1.51,16.426,>16.426,99.990,0.066,0.195,g
2458734.56042,2019-09-08.0599510,bm,1.43,16.477,>16.477,99.990,0.136,0.186,g
2458734.91508,2019-09-08.4146079,bi,1.43,16.164,>16.164,99.990,0.600,0.249,g
2458734.91629,2019-09-08.4158215,bi,1.47,15.883,>15.883,99.990,-0.352,0.322,g
2458734.91751,2019-09-08.4170358,bi,1.41,15.806,>15.806,99.990,-0.870,0.346,g
2458735.55406,2019-09-09.0535809,bm,1.51,16.215,>16.215,99.990,-0.293,0.237,g
2458735.55526,2019-09-09.0547909,bm,1.57,16.117,>16.117,99.990,-0.406,0.260,g
2458735.55648,2019-09-09.0560078,bm,1.53,16.229,>16.229,99.990,0.018,0.234,g
2458736.55056,2019-09-10.0500833,bm,1.54,15.787,>15.787,99.990,0.209,0.352,g
2458736.55178,2019-09-10.0513134,bm,1.51,15.485,>15.485,99.990,0.179,0.465,g
2458736.55308,2019-09-10.0526068,bm,1.56,15.865,>15.865,99.990,-0.099,0.327,g
2458741.82776,2019-09-15.3273100,bE,1.58,16.042,>16.042,99.990,-0.472,0.278,g
2458741.82904,2019-09-15.3285894,bE,1.54,16.157,>16.157,99.990,0.212,0.250,g
2458741.91276,2019-09-15.4123104,bE,1.56,15.862,>15.862,99.990,0.205,0.328,g
2458742.53460,2019-09-16.0341537,bm,1.60,15.763,>15.763,99.990,-0.537,0.360,g
2458742.53581,2019-09-16.0353670,bm,1.42,15.738,>15.738,99.990,0.485,0.368,g
2458742.53703,2019-09-16.0365839,bm,1.40,15.837,>15.837,99.990,-0.255,0.336,g
2458742.80806,2019-09-16.3076157,bi,1.46,15.761,>15.761,99.990,-0.357,0.360,g
2458742.80929,2019-09-16.3088396,bi,1.55,15.977,>15.977,99.990,-0.051,0.295,g
2458742.81050,2019-09-16.3100542,bi,1.42,15.868,>15.868,99.990,0.032,0.326,g
2458743.53554,2019-09-17.0350850,bm,1.54,16.070,>16.070,99.990,-0.138,0.271,g
2458743.53674,2019-09-17.0362923,bm,1.48,15.981,>15.981,99.990,0.098,0.294,g
2458743.53796,2019-09-17.0375032,bm,1.56,16.086,>16.086,99.990,0.254,0.267,g
2458743.83016,2019-09-17.3297138,bE,1.58,16.206,>16.206,99.990,-0.198,0.239,g
2458744.64539,2019-09-18.1449458,bm,1.59,16.201,>16.201,99.990,0.064,0.240,g
2458744.64659,2019-09-18.1461468,bm,1.61,16.154,>16.154,99.990,-0.665,0.251,g
2458744.64780,2019-09-18.1473523,bm,1.60,16.099,>16.099,99.990,0.092,0.264,g
2458744.84735,2019-09-18.3469065,bE,1.54,16.308,>16.308,99.990,-0.041,0.218,g
2458744.84862,2019-09-18.3481803,bE,1.51,16.297,>16.297,99.990,0.492,0.220,g
2458744.84989,2019-09-18.3494540,bE,1.61,16.215,>16.215,99.990,0.030,0.237,g
2458747.51691,2019-09-21.0164769,bm,1.61,16.216,>16.216,99.990,-0.309,0.237,g
2458747.51813,2019-09-21.0176893,bm,1.55,16.070,>16.070,99.990,-0.062,0.271,g
2458747.51934,2019-09-21.0189004,bm,1.45,16.068,>16.068,99.990,0.033,0.272,g
2458747.83665,2019-09-21.3362120,bi,1.45,16.306,>16.306,99.990,-0.065,0.218,g
2458747.83788,2019-09-21.3374460,bi,1.40,16.421,>16.421,99.990,-0.149,0.196,g
2458747.83910,2019-09-21.3386704,bi,1.40,16.214,>16.214,99.990,0.046,0.237,g
2458749.77672,2019-09-23.2763079,bi,1.41,16.366,>16.366,99.990,0.197,0.206,g
2458749.77794,2019-09-23.2775262,bi,1.44,16.408,>16.408,99.990,0.389,0.198,g
2458749.77917,2019-09-23.2787444,bi,1.45,16.208,>16.208,99.990,0.271,0.239,g
2458749.87402,2019-09-23.3735900,bE,1.52,16.438,>16.438,99.990,-0.105,0.193,g
2458750.87569,2019-09-24.3752716,bi,1.47,16.535,>16.535,99.990,0.367,0.177,g
2458750.87691,2019-09-24.3764908,bi,1.45,16.371,>16.371,99.990,-0.054,0.205,g
2458750.87813,2019-09-24.3777092,bi,1.43,16.439,>16.439,99.990,-0.235,0.193,g
2458752.80118,2019-09-26.3007681,bE,1.51,16.477,>16.477,99.990,0.186,0.186,g
2458752.80246,2019-09-26.30205,bE,1.57,16.476,>16.476,99.990,0.109,0.186,g
2458752.80372,2019-09-26.3033114,bE,1.49,16.454,>16.454,99.990,0.044,0.190,g
2458754.79811,2019-09-28.2977047,bE,1.50,16.437,>16.437,99.990,0.161,0.193,g
2458754.79937,2019-09-28.2989706,bE,1.57,16.530,>16.530,99.990,0.186,0.177,g
2458754.80064,2019-09-28.3002391,bE,1.41,16.607,>16.607,99.990,0.073,0.165,g
2458755.74178,2019-09-29.2413846,bE,1.43,16.418,>16.418,99.990,0.195,0.197,g
2458755.74306,2019-09-29.2426606,bE,1.49,16.476,>16.476,99.990,0.084,0.186,g
2458755.74433,2019-09-29.2439380,bE,1.46,16.502,>16.502,99.990,0.116,0.182,g
2458758.75423,2019-10-02.2538458,bE,1.52,16.535,>16.535,99.990,0.165,0.177,g
2458758.75551,2019-10-02.2551322,bE,1.58,16.517,>16.517,99.990,0.064,0.180,g
2458758.75679,2019-10-02.2564071,bE,1.58,16.493,>16.493,99.990,0.409,0.184,g
2458761.79445,2019-10-05.2940819,bE,1.46,16.385,>16.385,99.990,0.085,0.203,g
2458762.82875,2019-10-06.3283987,bE,1.54,16.513,>16.513,99.990,0.144,0.180,g
2458762.83001,2019-10-06.3296553,bE,1.51,16.421,>16.421,99.990,0.045,0.196,g
2458762.83127,2019-10-06.3309209,bE,1.45,16.526,>16.526,99.990,0.082,0.178,g
2458764.53380,2019-10-08.0334545,bm,1.52,16.507,>16.507,99.990,-0.090,0.181,g
2458764.53502,2019-10-08.0346703,bm,1.52,16.308,>16.308,99.990,-0.034,0.218,g
2458764.53622,2019-10-08.0358731,bm,1.56,16.236,>16.236,99.990,0.262,0.233,g
2458764.73074,2019-10-08.2303998,bE,1.52,16.241,>16.241,99.990,0.069,0.232,g
2458764.73201,2019-10-08.2316623,bE,1.52,16.222,>16.222,99.990,0.190,0.236,g
2458764.73328,2019-10-08.2329327,bE,1.48,16.418,>16.418,99.990,0.091,0.197,g
2458765.54618,2019-10-09.0458418,bm,1.56,16.261,>16.261,99.990,-0.217,0.227,g
2458765.54739,2019-10-09.0470473,bm,1.48,16.334,>16.334,99.990,0.119,0.213,g
2458765.54859,2019-10-09.0482490,bm,1.48,16.531,>16.531,99.990,-0.416,0.177,g
2458765.73126,2019-10-09.2309217,bE,1.49,16.028,>16.028,99.990,-0.116,0.282,g
2458765.73254,2019-10-09.2322013,bE,1.49,16.148,>16.148,99.990,-0.062,0.252,g
2458765.73381,2019-10-09.2334690,bE,1.57,16.065,>16.065,99.990,0.937,0.272,g
2458766.72735,2019-10-10.2270113,bi,1.57,15.294,>15.294,99.990,0.435,0.554,g
2458766.72856,2019-10-10.2282236,bi,1.49,15.530,>15.530,99.990,0.700,0.446,g
2458766.72977,2019-10-10.2294405,bi,1.46,15.520,>15.520,99.990,-0.417,0.450,g
2458767.72193,2019-10-11.2216005,bE,1.61,15.344,>15.344,99.990,0.102,0.529,g
2458767.72319,2019-10-11.2228620,bE,1.56,14.974,>14.974,99.990,-0.156,0.744,g
2458768.57727,2019-10-12.0769458,bm,1.57,15.286,>15.286,99.990,-0.323,0.558,g
2458768.57848,2019-10-12.0781599,bm,1.57,14.895,>14.895,99.990,0.240,0.800,g
2458768.57969,2019-10-12.0793688,bm,1.51,15.131,>15.131,99.990,-0.340,0.644,g
2458768.58820,2019-10-12.0878716,bm,1.63,14.789,>14.789,99.990,-1.944,0.882,g
2458769.54016,2019-10-13.0398394,bm,1.98,15.996,>15.996,99.990,0.030,0.290,g
2458769.54136,2019-10-13.0410435,bm,1.62,15.939,>15.939,99.990,-0.300,0.306,g
2458769.54257,2019-10-13.0422513,bm,1.63,16.032,>16.032,99.990,0.972,0.281,g
2458770.45354,2019-10-13.9532311,bm,1.54,15.790,>15.790,99.990,-0.218,0.351,g
2458770.45477,2019-10-13.9544561,bm,1.54,15.814,>15.814,99.990,0.158,0.343,g
2458770.45598,2019-10-13.9556657,bm,1.52,15.674,>15.674,99.990,-0.321,0.390,g
2458771.49907,2019-10-14.9987618,bm,1.65,16.144,>16.144,99.990,0.120,0.253,g
2458771.50027,2019-10-14.9999673,bm,1.59,15.972,>15.972,99.990,-0.016,0.297,g
2458771.50149,2019-10-15.0011822,bm,1.63,16.065,>16.065,99.990,-0.052,0.272,g
2458771.82676,2019-10-15.3264538,bi,1.47,15.656,>15.656,99.990,0.473,0.397,g
2458771.82798,2019-10-15.3276743,bi,1.53,15.878,>15.878,99.990,-0.171,0.324,g
2458771.82919,2019-10-15.3288879,bi,1.49,15.914,>15.914,99.990,-0.152,0.313,g
2458772.53055,2019-10-16.0302490,bm,1.54,16.024,>16.024,99.990,0.123,0.283,g
2458772.53176,2019-10-16.0314625,bm,1.55,15.966,>15.966,99.990,0.065,0.298,g
2458772.53296,2019-10-16.0326609,bm,1.55,16.009,>16.009,99.990,0.041,0.287,g
2458772.79064,2019-10-16.2903461,bi,1.58,15.934,>15.934,99.990,-0.664,0.307,g
2458772.79308,2019-10-16.2927803,bi,1.47,15.868,>15.868,99.990,-0.141,0.327,g
2458773.43611,2019-10-16.9358200,bm,1.57,16.006,>16.006,99.990,0.118,0.288,g
2458773.43732,2019-10-16.9370302,bm,1.55,15.966,>15.966,99.990,0.445,0.298,g
2458773.43854,2019-10-16.9382491,bm,1.51,16.045,>16.045,99.990,-0.248,0.277,g
2458773.74491,2019-10-17.2446209,bi,1.64,16.176,>16.176,99.990,-0.926,0.246,g
2458773.74615,2019-10-17.2458541,bi,1.97,16.019,>16.019,99.990,-0.065,0.284,g
2458773.74736,2019-10-17.2470748,bi,1.69,15.855,>15.855,99.990,-0.411,0.330,g
2458774.81230,2019-10-18.3120215,bE,1.57,16.382,>16.382,99.990,-0.000,0.203,g
2458774.81359,2019-10-18.3133118,bE,1.47,16.471,>16.471,99.990,0.345,0.187,g
2458774.81486,2019-10-18.3145733,bE,1.47,16.241,>16.241,99.990,0.268,0.232,g
2458775.83117,2019-10-19.3308990,bi,1.49,16.146,>16.146,99.990,0.552,0.253,g
2458775.83239,2019-10-19.3321232,bi,1.46,16.123,>16.123,99.990,0.091,0.258,g
2458775.83360,2019-10-19.3333344,bi,1.44,16.226,>16.226,99.990,-0.117,0.235,g
2458776.42623,2019-10-19.9259590,bm,1.51,99.990,99.990,99.990,99.990,99.990,g
2458776.75584,2019-10-20.2555732,bi,1.45,16.243,>16.243,99.990,0.043,0.231,g
2458776.75705,2019-10-20.2567834,bi,1.43,16.124,>16.124,99.990,0.521,0.258,g
2458776.75827,2019-10-20.2580017,bi,1.48,15.979,>15.979,99.990,0.044,0.295,g
2458777.76760,2019-10-21.2673387,bi,1.50,16.156,>16.156,99.990,0.047,0.251,g
2458777.76882,2019-10-21.2685550,bi,1.41,16.214,>16.214,99.990,-0.045,0.237,g
2458777.77003,2019-10-21.2697710,bi,1.42,16.297,>16.297,99.990,0.212,0.220,g
2458778.74065,2019-10-22.2403930,bi,1.52,15.910,>15.910,99.990,0.692,0.314,g
2458778.74186,2019-10-22.2416070,bi,1.51,15.790,>15.790,99.990,0.346,0.351,g
2458778.74308,2019-10-22.2428277,bi,1.49,15.783,>15.783,99.990,-0.036,0.353,g
2458781.72405,2019-10-25.2238136,bi,1.45,16.297,>16.297,99.990,0.320,0.220,g
2458781.72526,2019-10-25.2250317,bi,1.45,16.284,>16.284,99.990,-0.102,0.223,g
2458781.72648,2019-10-25.2262486,bi,1.46,16.312,>16.312,99.990,0.099,0.217,g
2458782.78105,2019-10-26.2808372,bi,1.45,16.296,>16.296,99.990,0.128,0.220,g
2458782.78226,2019-10-26.2820413,bi,1.37,16.259,>16.259,99.990,-0.108,0.228,g
2458782.78348,2019-10-26.2832534,bi,1.44,16.302,>16.302,99.990,0.218,0.219,g
2458783.78916,2019-10-27.2889482,bi,1.40,16.272,>16.272,99.990,0.109,0.225,g
2458783.79039,2019-10-27.2901687,bi,1.43,16.291,>16.291,99.990,0.194,0.221,g
2458783.79161,2019-10-27.2913871,bi,1.42,16.192,>16.192,99.990,-0.049,0.242,g
2458784.79721,2019-10-28.2970081,bi,1.40,99.990,99.990,99.990,99.990,99.990,g
2458784.79842,2019-10-28.2982215,bi,1.41,99.990,99.990,99.990,99.990,99.990,g
2458784.79964,2019-10-28.2994436,bi,1.42,99.990,99.990,99.990,99.990,99.990,g
2458785.74897,2019-10-29.2487753,bi,1.49,16.332,>16.332,99.990,0.359,0.213,g
2458785.75020,2019-10-29.2499971,bi,1.41,16.313,>16.313,99.990,0.091,0.217,g
2458785.75142,2019-10-29.2512199,bi,1.46,16.375,>16.375,99.990,-0.054,0.205,g
2458786.72718,2019-10-30.2269937,bE,1.48,16.150,>16.150,99.990,0.462,0.252,g
2458786.72847,2019-10-30.2282832,bE,1.53,15.830,>15.830,99.990,0.151,0.338,g
2458786.72977,2019-10-30.2295712,bE,1.45,15.674,>15.674,99.990,-0.399,0.390,g
2458789.64434,2019-11-02.1441692,bE,1.41,16.483,>16.483,99.990,-0.009,0.185,g
2458789.81109,2019-11-02.3109226,bi,1.44,15.527,>15.527,99.990,-0.627,0.447,g
2458790.64609,2019-11-03.1459369,bE,1.46,14.452,>14.452,99.990,-2.716,1.206,g
2458790.64745,2019-11-03.1472907,bE,1.49,15.037,>15.037,99.990,-0.758,0.702,g
2458790.64871,2019-11-03.1485525,bE,1.46,14.633,>14.633,99.990,-1.301,1.019,g
2458791.62738,2019-11-04.1272289,bE,1.52,16.302,>16.302,99.990,0.231,0.219,g
2458791.62867,2019-11-04.1285137,bE,1.48,16.488,>16.488,99.990,0.200,0.184,g
2458791.62994,2019-11-04.1297859,bE,1.42,16.357,>16.357,99.990,0.190,0.208,g
2458792.41507,2019-11-04.9149207,bm,1.41,14.797,>14.797,99.990,-0.460,0.876,g
2458792.41630,2019-11-04.9161508,bm,1.42,14.974,>14.974,99.990,2.233,0.744,g
2458792.41752,2019-11-04.9173672,bm,1.48,15.333,>15.333,99.990,-1.371,0.534,g
2458792.53513,2019-11-05.0349858,bm,1.49,16.489,>16.489,99.990,0.153,0.184,g
2458792.53635,2019-11-05.0362018,bm,1.51,16.455,>16.455,99.990,0.170,0.190,g
2458792.53756,2019-11-05.0374188,bm,1.53,16.321,>16.321,99.990,0.130,0.215,g
2458793.64836,2019-11-06.1482262,bE,1.51,16.353,>16.353,99.990,0.086,0.209,g
2458793.64963,2019-11-06.1494961,bE,1.52,16.390,>16.390,99.990,-0.185,0.202,g
2458793.65090,2019-11-06.1507630,bE,1.49,16.335,>16.335,99.990,0.384,0.212,g
2458793.81860,2019-11-06.3184657,bi,1.45,16.396,>16.396,99.990,-0.136,0.201,g
2458793.81982,2019-11-06.3196846,bi,1.45,16.256,>16.256,99.990,-0.056,0.228,g
2458793.82103,2019-11-06.3209005,bi,1.42,16.301,>16.301,99.990,0.222,0.219,g
2458794.66748,2019-11-07.1673508,bi,1.43,16.090,>16.090,99.990,-0.369,0.266,g
2458794.66870,2019-11-07.1685688,bi,1.44,16.237,>16.237,99.990,0.454,0.232,g
2458794.66991,2019-11-07.1697878,bi,1.48,16.115,>16.115,99.990,-0.255,0.260,g
2458794.85044,2019-11-07.3503140,bE,1.46,16.400,>16.400,99.990,0.104,0.200,g
2458794.85171,2019-11-07.3515868,bE,1.46,16.412,>16.412,99.990,0.226,0.198,g
2458794.85298,2019-11-07.3528506,bE,1.47,16.458,>16.458,99.990,0.198,0.190,g
2458795.43547,2019-11-07.9353481,bm,1.64,16.305,>16.305,99.990,0.087,0.218,g
2458795.43669,2019-11-07.9365660,bm,1.67,16.204,>16.204,99.990,-0.138,0.240,g
2458795.67685,2019-11-08.1767384,bE,1.60,16.195,>16.195,99.990,-0.266,0.242,g
2458795.67813,2019-11-08.1780081,bE,1.49,16.316,>16.316,99.990,0.174,0.216,g
2458795.67941,2019-11-08.1792853,bE,1.46,16.211,>16.211,99.990,0.205,0.238,g
2458796.83911,2019-11-09.3390115,bi,1.39,16.384,>16.384,99.990,0.002,0.203,g
2458796.84035,2019-11-09.3402412,bi,1.48,16.273,>16.273,99.990,0.027,0.225,g
2458796.84157,2019-11-09.3414606,bi,1.45,16.191,>16.191,99.990,0.397,0.242,g
2458797.74153,2019-11-10.2414296,bi,1.44,15.887,>15.887,99.990,-0.075,0.321,g
2458797.74275,2019-11-10.2426476,bi,1.43,15.984,>15.984,99.990,0.219,0.293,g
2458797.74397,2019-11-10.2438660,bi,1.42,15.856,>15.856,99.990,-0.233,0.330,g
2458798.71927,2019-11-11.2191689,bi,1.48,15.698,>15.698,99.990,-0.346,0.382,g
2458798.72048,2019-11-11.2203930,bi,1.46,15.771,>15.771,99.990,-0.304,0.357,g
2458798.72170,2019-11-11.2216085,bi,1.41,15.915,>15.915,99.990,0.405,0.313,g
2458799.75129,2019-11-12.2512111,bE,1.49,15.948,>15.948,99.990,-0.143,0.303,g
2458799.75257,2019-11-12.2524783,bE,1.48,16.072,>16.072,99.990,0.309,0.270,g
2458799.75383,2019-11-12.2537476,bE,1.47,15.891,>15.891,99.990,0.384,0.319,g
2458799.77585,2019-11-12.2757626,bE,1.56,15.968,>15.968,99.990,0.031,0.298,g
2458800.76722,2019-11-13.2671452,bE,1.46,15.982,>15.982,99.990,-0.839,0.294,g
2458800.76850,2019-11-13.2684193,bE,1.43,15.944,>15.944,99.990,0.205,0.304,g
2458800.76976,2019-11-13.2696861,bE,1.45,15.983,>15.983,99.990,0.010,0.294,g
2458801.70214,2019-11-14.2020752,bE,1.50,15.889,>15.889,99.990,0.249,0.320,g
2458801.70343,2019-11-14.2033585,bE,1.57,15.828,>15.828,99.990,-0.031,0.339,g
2458801.70469,2019-11-14.2046248,bE,1.56,16.109,>16.109,99.990,-0.237,0.261,g
2458802.85986,2019-11-15.3598020,bE,1.53,15.917,>15.917,99.990,0.192,0.312,g
2458803.76005,2019-11-16.2599981,bi,1.70,16.073,>16.073,99.990,-0.197,0.270,g
2458803.76127,2019-11-16.2612196,bi,1.62,16.032,>16.032,99.990,0.021,0.281,g
2458803.76251,2019-11-16.2624567,bi,1.51,15.977,>15.977,99.990,0.450,0.295,g
2458804.77611,2019-11-17.2760686,bi,1.34,16.023,>16.023,99.990,0.035,0.283,g
2458804.77735,2019-11-17.2773077,bi,1.44,16.160,>16.160,99.990,-0.110,0.250,g
2458804.77925,2019-11-17.2792078,bE,1.54,16.310,>16.310,99.990,-0.499,0.217,g
2458805.81854,2019-11-18.3185137,bi,1.49,99.990,99.990,99.990,99.990,99.990,g
2458805.81976,2019-11-18.3197261,bi,1.39,16.072,>16.072,99.990,0.510,0.270,g
2458806.64469,2019-11-19.1446587,bi,1.50,16.384,>16.384,99.990,0.186,0.203,g
2458806.64590,2019-11-19.1458714,bi,1.40,16.283,>16.283,99.990,0.382,0.223,g
2458806.64713,2019-11-19.1470965,bi,1.44,16.374,>16.374,99.990,0.223,0.205,g
2458806.73892,2019-11-19.2388906,bE,1.47,16.464,>16.464,99.990,0.225,0.189,g
2458806.84951,2019-11-19.3494865,bi,1.67,15.998,>15.998,99.990,0.180,0.290,g
2458806.85074,2019-11-19.3507085,bi,1.61,16.182,>16.182,99.990,-0.582,0.244,g
2458806.85196,2019-11-19.3519268,bi,1.60,16.160,>16.160,99.990,0.107,0.249,g
2458807.73294,2019-11-20.2329259,bi,1.45,16.447,>16.447,99.990,0.490,0.192,g
2458807.73416,2019-11-20.2341449,bi,1.50,16.287,>16.287,99.990,0.405,0.222,g
2458807.73538,2019-11-20.2353594,bi,1.41,16.307,>16.307,99.990,-0.053,0.218,g
2458807.82291,2019-11-20.3228895,bE,1.48,16.365,>16.365,99.990,0.330,0.207,g
2458810.81005,2019-11-23.3100594,bi,1.46,16.243,>16.243,99.990,0.059,0.231,g
2458810.81128,2019-11-23.3112833,bi,1.41,16.265,>16.265,99.990,-0.082,0.227,g
2458810.81249,2019-11-23.3124989,bi,1.45,16.364,>16.364,99.990,-0.028,0.207,g
2458811.71510,2019-11-24.2151212,bE,1.43,16.590,>16.590,99.990,0.006,0.168,g
2458811.71637,2019-11-24.2163925,bE,1.52,16.499,>16.499,99.990,0.142,0.183,g
2458811.71766,2019-11-24.2176753,bE,1.41,16.378,>16.378,99.990,0.032,0.204,g
2458812.56864,2019-11-25.0686615,bE,1.51,16.415,>16.415,99.990,0.185,0.197,g
2458812.56991,2019-11-25.0699347,bE,1.57,16.445,>16.445,99.990,-0.075,0.192,g
2458812.57118,2019-11-25.0712057,bE,1.49,16.398,>16.398,99.990,-0.000,0.200,g
2458813.77864,2019-11-26.2786697,bi,1.45,16.237,>16.237,99.990,0.310,0.232,g
2458813.77985,2019-11-26.2798866,bi,1.44,16.303,>16.303,99.990,-0.013,0.219,g
2458813.78107,2019-11-26.2811049,bi,1.50,16.197,>16.197,99.990,-0.093,0.241,g
2458814.36826,2019-11-26.8682995,bm,1.53,16.412,>16.412,99.990,0.131,0.198,g
2458814.78595,2019-11-27.2859939,bE,1.51,16.560,>16.560,99.990,0.100,0.173,g
2458814.78722,2019-11-27.2872625,bE,1.48,16.674,>16.674,99.990,0.065,0.155,g
2458814.78849,2019-11-27.2885369,bE,1.56,16.677,>16.677,99.990,0.122,0.155,g
2458814.78977,2019-11-27.2898128,bE,1.51,16.471,>16.471,99.990,-0.011,0.187,g
2458815.36982,2019-11-27.8698740,bm,1.49,16.383,>16.383,99.990,0.046,0.203,g
2458815.61999,2019-11-28.1200459,bE,1.62,16.296,>16.296,99.990,-0.158,0.220,g
2458815.73064,2019-11-28.2306881,bE,1.56,16.491,>16.491,99.990,0.169,0.184,g
2458815.73190,2019-11-28.2319549,bE,1.48,16.533,>16.533,99.990,-0.167,0.177,g
2458815.73318,2019-11-28.2332311,bE,1.50,16.438,>16.438,99.990,0.066,0.193,g
2458816.79253,2019-11-29.2925906,bE,1.51,16.438,>16.438,99.990,0.054,0.193,g
2458816.79381,2019-11-29.2938663,bE,1.48,16.522,>16.522,99.990,0.180,0.179,g
2458816.79507,2019-11-29.2951290,bE,1.53,16.379,>16.379,99.990,-0.006,0.204,g
2458817.31922,2019-11-29.8192886,bm,1.56,16.795,>16.795,99.990,0.109,0.139,g
2458817.32042,2019-11-29.8204938,bm,1.59,16.495,>16.495,99.990,0.076,0.183,g
2458817.32163,2019-11-29.8216934,bm,1.57,16.627,>16.627,99.990,-0.050,0.162,g
2458817.74491,2019-11-30.2449739,bE,1.50,16.383,>16.383,99.990,0.267,0.203,g
2458818.32375,2019-11-30.8238243,bm,1.55,16.442,>16.442,99.990,0.097,0.192,g
2458818.32497,2019-11-30.8250425,bm,1.50,16.366,>16.366,99.990,0.090,0.206,g
2458818.32619,2019-11-30.8262575,bm,1.49,16.473,>16.473,99.990,-0.036,0.187,g
2458819.32449,2019-12-01.8245707,bm,1.53,16.572,>16.572,99.990,-0.040,0.171,g
2458819.32571,2019-12-01.8257879,bm,1.55,99.990,99.990,99.990,99.990,99.990,g
2458819.32693,2019-12-01.8270035,bm,1.45,99.990,99.990,99.990,99.990,99.990,g
2458819.68968,2019-12-02.1897653,bi,1.40,16.342,>16.342,99.990,0.207,0.211,g
2458819.69091,2019-12-02.1909868,bi,1.38,16.326,>16.326,99.990,-0.104,0.214,g
2458819.69212,2019-12-02.1922023,bi,1.43,16.295,>16.295,99.990,0.766,0.220,g
2458820.32760,2019-12-02.8276861,bm,1.46,99.990,99.990,99.990,99.990,99.990,g
2458820.32879,2019-12-02.8288834,bm,1.51,99.990,99.990,99.990,99.990,99.990,g
2458820.73123,2019-12-03.2313172,bi,1.45,16.354,>16.354,99.990,-0.090,0.209,g
2458820.73244,2019-12-03.2325344,bi,1.47,16.408,>16.408,99.990,-0.099,0.199,g
2458820.73366,2019-12-03.2337608,bi,1.46,16.346,>16.346,99.990,0.025,0.210,g
2458821.37466,2019-12-03.8747582,bm,2.29,99.990,99.990,99.990,99.990,99.990,g
2458822.70310,2019-12-05.2032103,bi,1.53,16.287,>16.287,99.990,-0.163,0.222,g
2458822.70431,2019-12-05.2044289,bi,1.41,16.322,>16.322,99.990,0.128,0.215,g
2458822.70553,2019-12-05.2056490,bi,1.46,16.407,>16.407,99.990,-0.116,0.199,g
2458823.60919,2019-12-06.1093031,bE,1.56,16.254,>16.254,99.990,0.096,0.229,g
2458823.61047,2019-12-06.1105820,bE,1.56,16.282,>16.282,99.990,0.139,0.223,g
2458823.61173,2019-12-06.1118538,bE,1.49,16.346,>16.346,99.990,-0.154,0.210,g
2458823.79679,2019-12-06.2969108,bE,1.47,16.621,>16.621,99.990,-0.061,0.163,g
2458823.79807,2019-12-06.2981806,bE,1.56,16.614,>16.614,99.990,0.115,0.164,g
2458823.79933,2019-12-06.2994561,bE,1.52,16.462,>16.462,99.990,0.282,0.189,g
2458824.75192,2019-12-07.2520450,bi,1.35,16.153,>16.153,99.990,-0.082,0.251,g
2458824.75315,2019-12-07.2532725,bi,1.50,16.117,>16.117,99.990,-0.064,0.259,g
2458824.75438,2019-12-07.2545,bi,1.50,16.263,>16.263,99.990,-0.181,0.227,g
2458825.31750,2019-12-07.8176304,bm,1.51,16.247,>16.247,99.990,-0.004,0.230,g
2458825.31873,2019-12-07.8188564,bm,1.50,16.108,>16.108,99.990,-0.291,0.262,g
2458825.31997,2019-12-07.8200967,bm,1.46,16.234,>16.234,99.990,0.232,0.233,g
2458825.58549,2019-12-08.0856251,bi,1.44,16.272,>16.272,99.990,-0.259,0.225,g
2458825.58672,2019-12-08.0868538,bi,1.40,16.003,>16.003,99.990,-0.061,0.288,g
2458825.58794,2019-12-08.0880709,bi,1.45,15.981,>15.981,99.990,-0.311,0.294,g
2458826.31844,2019-12-08.8185787,bm,1.61,15.186,>15.186,99.990,-0.784,0.612,g
2458826.31983,2019-12-08.8199655,bm,1.71,14.774,>14.774,99.990,-2.116,0.894,g
2458826.32148,2019-12-08.8216162,bm,1.58,13.865,>13.865,99.990,-1.473,2.066,g
2458826.67335,2019-12-09.1735018,bi,1.36,15.984,>15.984,99.990,0.020,0.293,g
2458826.67457,2019-12-09.1747165,bi,1.40,15.970,>15.970,99.990,0.160,0.297,g
2458826.67579,2019-12-09.1759310,bi,1.52,15.916,>15.916,99.990,-0.128,0.312,g
2458826.83498,2019-12-09.3351238,bE,1.50,16.537,>16.537,99.990,0.202,0.176,g
2458826.84379,2019-12-09.3439396,bi,1.44,16.300,>16.300,99.990,-0.047,0.219,g
2458826.84502,2019-12-09.3451628,bi,1.46,16.447,>16.447,99.990,0.019,0.192,g
2458826.84625,2019-12-09.3463947,bi,1.41,16.248,>16.248,99.990,-0.054,0.230,g
2458827.68200,2019-12-10.1821517,bE,1.48,16.092,>16.092,99.990,0.144,0.266,g
2458827.68327,2019-12-10.1834202,bE,1.51,16.039,>16.039,99.990,0.347,0.279,g
2458827.68454,2019-12-10.1846939,bE,1.49,16.206,>16.206,99.990,0.483,0.239,g
2458828.79437,2019-12-11.2945353,bi,1.46,15.803,>15.803,99.990,0.709,0.347,g
2458828.84101,2019-12-11.3411673,bi,1.42,15.688,>15.688,99.990,-0.065,0.385,g
2458828.84222,2019-12-11.3423901,bi,1.47,15.823,>15.823,99.990,-0.967,0.340,g
2458829.32299,2019-12-11.8231467,bm,1.60,15.675,>15.675,99.990,-0.137,0.390,g
2458829.32420,2019-12-11.8243577,bm,1.55,15.681,>15.681,99.990,0.116,0.388,g
2458829.32541,2019-12-11.8255751,bm,1.50,15.657,>15.657,99.990,0.421,0.397,g
2458829.51999,2019-12-12.0201579,bm,1.55,15.714,>15.714,99.990,0.178,0.376,g
2458829.52121,2019-12-12.0213781,bm,1.59,15.660,>15.660,99.990,-0.368,0.395,g
2458829.52243,2019-12-12.0225903,bm,1.55,15.732,>15.732,99.990,-0.086,0.370,g
2458829.62832,2019-12-12.1284836,bi,1.57,15.529,>15.529,99.990,-0.900,0.446,g
2458830.76620,2019-12-13.2663703,bi,1.40,15.814,>15.814,99.990,0.072,0.343,g
2458830.76741,2019-12-13.2675819,bi,1.57,15.778,>15.778,99.990,0.703,0.355,g
2458830.76862,2019-12-13.2687998,bi,1.50,15.732,>15.732,99.990,-0.431,0.370,g
2458831.79720,2019-12-14.2973831,bi,1.42,15.755,>15.755,99.990,0.045,0.362,g
2458831.79842,2019-12-14.2986049,bi,1.45,15.861,>15.861,99.990,-0.248,0.329,g
2458831.79965,2019-12-14.2998361,bi,1.47,15.984,>15.984,99.990,-0.192,0.293,g
2458832.68034,2019-12-15.1805296,bi,1.52,16.034,>16.034,99.990,-0.408,0.280,g
2458832.68156,2019-12-15.1817491,bi,1.41,15.946,>15.946,99.990,0.014,0.304,g
2458832.68278,2019-12-15.1829697,bi,1.46,16.003,>16.003,99.990,-0.294,0.288,g
2458833.32123,2019-12-15.8214259,bm,1.49,16.540,>16.540,99.990,0.215,0.176,g
2458833.32245,2019-12-15.8226454,bm,1.55,16.445,>16.445,99.990,-0.025,0.192,g
2458833.32366,2019-12-15.8238603,bm,1.51,16.612,>16.612,99.990,-0.258,0.164,g
2458833.55963,2019-12-16.0598228,bi,1.47,16.234,>16.234,99.990,-0.073,0.233,g
2458833.56085,2019-12-16.0610515,bi,1.41,16.196,>16.196,99.990,-0.187,0.241,g
2458833.56207,2019-12-16.0622719,bi,1.44,16.191,>16.191,99.990,0.629,0.242,g
2458833.80183,2019-12-16.3020224,bi,1.38,15.996,>15.996,99.990,0.054,0.290,g
2458833.80304,2019-12-16.3032358,bi,1.45,15.936,>15.936,99.990,-0.829,0.307,g
2458833.80426,2019-12-16.3044542,bi,1.50,15.958,>15.958,99.990,-0.576,0.300,g
2458834.32184,2019-12-16.8220459,bm,1.45,16.484,>16.484,99.990,-0.107,0.185,g
2458834.32306,2019-12-16.8232619,bm,1.50,16.518,>16.518,99.990,0.259,0.179,g
2458834.32427,2019-12-16.8244802,bm,1.50,16.570,>16.570,99.990,0.186,0.171,g
2458834.56485,2019-12-17.0650570,bi,1.46,16.331,>16.331,99.990,0.042,0.213,g
2458834.56607,2019-12-17.0662752,bi,1.46,16.273,>16.273,99.990,0.302,0.225,g
2458834.77572,2019-12-17.2759219,bi,1.40,16.032,>16.032,99.990,-0.164,0.281,g
2458834.77693,2019-12-17.2771438,bi,1.44,16.110,>16.110,99.990,-0.136,0.261,g
2458834.77815,2019-12-17.2783583,bi,1.45,16.006,>16.006,99.990,0.231,0.288,g
2458835.55665,2019-12-18.0568660,bi,1.50,16.319,>16.319,99.990,0.139,0.215,g
2458835.55788,2019-12-18.0580983,bi,1.42,16.296,>16.296,99.990,0.188,0.220,g
2458835.55911,2019-12-18.0593260,bi,1.44,16.294,>16.294,99.990,0.044,0.221,g
2458835.76473,2019-12-18.2649532,bi,1.46,16.226,>16.226,99.990,0.175,0.235,g
2458835.76597,2019-12-18.2661874,bi,1.47,16.280,>16.280,99.990,0.059,0.223,g
2458835.76719,2019-12-18.2674145,bi,1.41,16.448,>16.448,99.990,-0.490,0.191,g
2458836.74983,2019-12-19.2500584,bi,1.41,16.240,>16.240,99.990,-0.322,0.232,g
2458836.75106,2019-12-19.2512790,bi,1.46,16.353,>16.353,99.990,-0.059,0.209,g
2458836.75226,2019-12-19.2524940,bi,1.41,16.245,>16.245,99.990,-0.220,0.231,g
2458837.76072,2019-12-20.26095,bE,1.51,16.397,>16.397,99.990,-0.172,0.201,g
2458837.76198,2019-12-20.2622131,bE,1.53,16.392,>16.392,99.990,-0.166,0.202,g
2458837.76325,2019-12-20.2634788,bE,1.47,16.395,>16.395,99.990,-0.061,0.201,g
2458838.54962,2019-12-21.0498569,bm,1.48,16.488,>16.488,99.990,0.012,0.184,g
2458838.73186,2019-12-21.2320998,bi,1.46,16.131,>16.131,99.990,0.206,0.256,g
2458838.73430,2019-12-21.2345366,bi,1.43,16.363,>16.363,99.990,0.148,0.207,g
2458839.32754,2019-12-21.8277827,bm,1.58,16.667,>16.667,99.990,0.170,0.156,g
2458839.32875,2019-12-21.8289884,bm,1.56,16.501,>16.501,99.990,-0.158,0.182,g
2458839.32998,2019-12-21.8302204,bm,1.56,16.520,>16.520,99.990,-0.076,0.179,g
2458840.32396,2019-12-22.8242096,bm,1.49,16.416,>16.416,99.990,-0.244,0.197,g
2458840.32518,2019-12-22.8254299,bm,1.59,16.363,>16.363,99.990,0.293,0.207,g
2458840.32641,2019-12-22.8266560,bm,1.48,16.495,>16.495,99.990,-0.251,0.183,g
2458840.72005,2019-12-23.2203040,bi,1.53,16.328,>16.328,99.990,-0.218,0.214,g
2458840.72126,2019-12-23.2215081,bi,1.51,16.245,>16.245,99.990,0.062,0.231,g
2458840.72246,2019-12-23.2227166,bi,1.45,16.505,>16.505,99.990,0.025,0.182,g
2458841.72174,2019-12-24.2219983,bE,1.49,16.539,>16.539,99.990,0.200,0.176,g
2458841.72302,2019-12-24.2232817,bE,1.49,16.469,>16.469,99.990,-0.001,0.188,g
2458841.72430,2019-12-24.2245615,bE,1.48,16.419,>16.419,99.990,0.014,0.197,g
2458842.33528,2019-12-24.8355458,bm,1.54,16.473,>16.473,99.990,0.168,0.187,g
2458842.33655,2019-12-24.8368186,bm,1.60,16.577,>16.577,99.990,0.138,0.170,g
2458842.33778,2019-12-24.8380393,bm,1.63,16.791,>16.791,99.990,0.033,0.140,g
2458842.66156,2019-12-25.1618241,bE,1.45,16.429,>16.429,99.990,0.026,0.195,g
2458842.66284,2019-12-25.1630982,bE,1.52,16.582,>16.582,99.990,0.011,0.169,g
2458842.66409,2019-12-25.1643604,bE,1.46,16.611,>16.611,99.990,-0.090,0.165,g
2458843.63908,2019-12-26.1393525,bE,1.56,16.505,>16.505,99.990,-0.081,0.182,g
2458843.64035,2019-12-26.1406263,bE,1.51,16.709,>16.709,99.990,-0.110,0.150,g
2458843.64163,2019-12-26.1418998,bE,1.55,16.477,>16.477,99.990,0.010,0.186,g
2458844.71319,2019-12-27.2134731,bE,1.52,16.395,>16.395,99.990,0.011,0.201,g
2458844.71446,2019-12-27.2147387,bE,1.48,16.698,>16.698,99.990,-0.170,0.152,g
2458844.71572,2019-12-27.2159986,bE,1.50,16.354,>16.354,99.990,0.078,0.209,g
2458846.74242,2019-12-29.2427150,bE,1.48,16.457,>16.457,99.990,-0.120,0.190,g
2458846.74371,2019-12-29.2440042,bE,1.49,16.565,>16.565,99.990,0.128,0.172,g
2458846.74500,2019-12-29.2453004,bE,1.48,16.498,>16.498,99.990,0.079,0.183,g
2458847.32653,2019-12-29.8268283,bm,2.10,16.460,>16.460,99.990,0.080,0.189,g
2458847.32774,2019-12-29.8280342,bm,2.09,16.386,>16.386,99.990,-0.066,0.203,g
2458847.32895,2019-12-29.8292410,bm,1.59,16.558,>16.558,99.990,-0.052,0.173,g
2458847.71115,2019-12-30.2114530,bi,1.43,16.297,>16.297,99.990,-0.094,0.220,g
2458847.71237,2019-12-30.2126781,bi,1.37,16.262,>16.262,99.990,0.133,0.227,g
2458847.71359,2019-12-30.2138937,bi,1.42,16.396,>16.396,99.990,0.201,0.201,g
2458849.32680,2019-12-31.8271050,bm,1.48,16.518,>16.518,99.990,-0.235,0.179,g
2458849.32802,2019-12-31.8283270,bm,1.56,16.413,>16.413,99.990,-0.019,0.198,g
2458849.32923,2019-12-31.8295456,bm,1.46,16.422,>16.422,99.990,0.137,0.196,g
2458849.76496,2020-01-01.2652681,bi,1.41,16.377,>16.377,99.990,0.153,0.204,g
2458849.76618,2020-01-01.2664888,bi,1.46,16.256,>16.256,99.990,-0.036,0.228,g
2458849.76738,2020-01-01.2677021,bi,1.43,16.270,>16.270,99.990,-0.578,0.225,g
2458850.77304,2020-01-02.2733609,bE,1.41,16.671,>16.671,99.990,-0.030,0.156,g
2458850.77431,2020-01-02.2746285,bE,1.45,16.541,>16.541,99.990,0.204,0.176,g
2458850.77557,2020-01-02.2758925,bE,1.57,16.464,>16.464,99.990,0.338,0.189,g
2458851.33782,2020-01-02.8381386,bm,1.49,16.330,>16.330,99.990,0.038,0.213,g
2458851.33905,2020-01-02.8393678,bm,1.49,16.385,>16.385,99.990,-0.275,0.203,g
2458851.34027,2020-01-02.8405951,bm,1.48,16.348,>16.348,99.990,0.011,0.210,g
2458852.41641,2020-01-03.9167431,bm,1.55,16.311,>16.311,99.990,-0.142,0.217,g
2458852.41763,2020-01-03.9179605,bm,1.55,16.386,>16.386,99.990,-0.176,0.203,g
2458852.41884,2020-01-03.9191755,bm,1.55,16.286,>16.286,99.990,-0.275,0.222,g
2458852.56844,2020-01-04.0687739,bi,1.39,16.281,>16.281,99.990,-0.284,0.223,g
2458852.57087,2020-01-04.0712061,bi,1.45,16.118,>16.118,99.990,0.621,0.259,g
2458852.78395,2020-01-04.2842840,bi,1.40,16.254,>16.254,99.990,-0.324,0.229,g
2458852.78517,2020-01-04.2854988,bi,1.43,16.409,>16.409,99.990,0.030,0.198,g
2458852.78639,2020-01-04.286725,bi,1.45,16.246,>16.246,99.990,0.325,0.231,g
2458853.57976,2020-01-05.0801,bi,1.39,16.037,>16.037,99.990,0.017,0.279,g
2458853.58099,2020-01-05.0813247,bi,1.39,16.055,>16.055,99.990,-0.168,0.275,g
2458853.58220,2020-01-05.0825449,bi,1.43,16.189,>16.189,99.990,-0.141,0.243,g
2458853.81114,2020-01-05.3114871,bE,1.46,16.332,>16.332,99.990,-0.222,0.213,g
2458853.81242,2020-01-05.3127662,bE,1.47,16.375,>16.375,99.990,0.038,0.205,g
2458853.81371,2020-01-05.3140458,bE,1.49,16.440,>16.440,99.990,0.149,0.193,g
2458854.76159,2020-01-06.2619326,bi,1.44,15.918,>15.918,99.990,-0.458,0.312,g
2458854.76281,2020-01-06.2631555,bi,1.46,16.017,>16.017,99.990,-0.395,0.285,g
2458854.76403,2020-01-06.2643781,bi,1.50,16.128,>16.128,99.990,-0.019,0.257,g
2458855.33872,2020-01-06.8390736,bm,1.51,15.648,>15.648,99.990,-0.188,0.400,g
2458855.33994,2020-01-06.8402912,bm,1.52,16.071,>16.071,99.990,0.074,0.271,g
2458855.34115,2020-01-06.8414998,bm,1.54,16.184,>16.184,99.990,-0.212,0.244,g
2458855.63199,2020-01-07.1323457,bi,1.41,15.482,>15.482,99.990,0.103,0.466,g
2458855.63321,2020-01-07.1335651,bi,1.42,15.539,>15.539,99.990,-0.073,0.442,g
2458855.80350,2020-01-07.3038543,bE,1.48,16.468,>16.468,99.990,0.152,0.188,g
2458855.80477,2020-01-07.3051269,bE,1.45,16.464,>16.464,99.990,0.198,0.189,g
2458855.80605,2020-01-07.3064034,bE,1.44,16.343,>16.343,99.990,-0.152,0.211,g
2458856.33408,2020-01-07.8344332,bm,1.51,16.195,>16.195,99.990,0.137,0.242,g
2458856.33530,2020-01-07.8356516,bm,1.57,16.363,>16.363,99.990,-0.136,0.207,g
2458856.33659,2020-01-07.8369471,bm,1.50,16.051,>16.051,99.990,0.480,0.276,g
2458856.53113,2020-01-08.0314813,bi,2.05,15.376,>15.376,99.990,1.017,0.513,g
2458856.53234,2020-01-08.0326984,bi,2.05,15.356,>15.356,99.990,-0.713,0.523,g
2458856.53356,2020-01-08.0339153,bi,2.01,15.450,>15.450,99.990,-0.970,0.480,g
2458856.80194,2020-01-08.3023033,bE,1.48,15.919,>15.919,99.990,0.628,0.312,g
2458857.32830,2020-01-08.8286564,bm,1.50,15.933,>15.933,99.990,-0.491,0.307,g
2458857.32952,2020-01-08.8298804,bm,1.55,15.974,>15.974,99.990,-0.146,0.296,g
2458857.33077,2020-01-08.8311259,bm,1.51,16.134,>16.134,99.990,-0.403,0.255,g
2458857.79522,2020-01-09.2955839,bi,1.48,15.792,>15.792,99.990,-0.085,0.350,g
2458857.79644,2020-01-09.2968045,bi,1.44,15.751,>15.751,99.990,0.253,0.364,g
2458857.79766,2020-01-09.2980226,bi,1.41,15.628,>15.628,99.990,0.130,0.407,g
2458858.32613,2020-01-09.8264993,bm,1.47,15.671,>15.671,99.990,-0.502,0.392,g
2458858.32733,2020-01-09.8277078,bm,1.52,15.744,>15.744,99.990,0.128,0.366,g
2458858.32856,2020-01-09.8289391,bm,1.65,15.788,>15.788,99.990,-0.866,0.351,g
2458858.75675,2020-01-10.2571137,bi,1.60,15.551,>15.551,99.990,0.786,0.437,g
2458858.75796,2020-01-10.2583276,bi,1.53,15.565,>15.565,99.990,-0.139,0.432,g
2458859.32610,2020-01-10.8264737,bm,1.51,15.790,>15.790,99.990,0.065,0.351,g
2458859.32731,2020-01-10.8276841,bm,1.52,15.764,>15.764,99.990,0.313,0.359,g
2458859.32853,2020-01-10.8289,bm,1.54,15.714,>15.714,99.990,-0.483,0.376,g
2458859.66373,2020-01-11.1641063,bE,1.53,15.552,>15.552,99.990,-0.369,0.437,g
2458859.66510,2020-01-11.1654796,bE,1.67,15.860,>15.860,99.990,0.024,0.329,g
2458859.66641,2020-01-11.1667883,bE,1.49,15.720,>15.720,99.990,-0.824,0.374,g
2458860.33035,2020-01-11.8307244,bm,1.46,16.034,>16.034,99.990,0.728,0.280,g
2458860.33157,2020-01-11.8319414,bm,1.56,15.976,>15.976,99.990,0.064,0.295,g
2458860.33279,2020-01-11.8331599,bm,1.55,16.108,>16.108,99.990,-0.088,0.262,g
2458860.39009,2020-01-11.8904616,bm,1.50,15.969,>15.969,99.990,-0.141,0.297,g
2458860.39130,2020-01-11.8916775,bm,1.52,15.974,>15.974,99.990,0.091,0.296,g
2458860.39252,2020-01-11.8928944,bm,1.56,16.060,>16.060,99.990,0.364,0.274,g
2458860.51044,2020-01-12.0108197,bm,1.51,15.919,>15.919,99.990,0.431,0.311,g
2458860.59444,2020-01-12.0948138,bi,1.48,15.952,>15.952,99.990,-0.417,0.302,g
2458860.59566,2020-01-12.0960417,bi,1.46,15.883,>15.883,99.990,-0.143,0.322,g
2458860.59688,2020-01-12.0972597,bi,1.53,15.739,>15.739,99.990,-0.690,0.368,g
2458860.78869,2020-01-12.2890670,bE,1.44,15.785,>15.785,99.990,0.306,0.352,g
2458860.78995,2020-01-12.2903314,bE,1.46,15.856,>15.856,99.990,0.331,0.330,g
2458860.79125,2020-01-12.2916267,bE,1.57,15.910,>15.910,99.990,-0.191,0.314,g
2458861.32590,2020-01-12.8262815,bm,1.52,16.308,>16.308,99.990,0.044,0.218,g
2458861.32710,2020-01-12.8274868,bm,1.51,16.231,>16.231,99.990,-0.195,0.234,g
2458861.32832,2020-01-12.8286991,bm,1.47,16.269,>16.269,99.990,-0.338,0.226,g
2458861.61641,2020-01-13.1167928,bi,1.48,15.939,>15.939,99.990,0.174,0.306,g
2458861.61885,2020-01-13.1192398,bi,1.51,15.874,>15.874,99.990,0.351,0.325,g
2458861.78876,2020-01-13.2891387,bi,1.39,15.666,>15.666,99.990,-0.521,0.393,g
2458861.78997,2020-01-13.2903533,bi,1.47,15.687,>15.687,99.990,0.344,0.386,g
2458861.79118,2020-01-13.2915706,bi,1.41,15.774,>15.774,99.990,-0.219,0.356,g
2458862.60687,2020-01-14.1072732,bi,1.50,16.494,>16.494,99.990,-0.235,0.183,g
2458862.60933,2020-01-14.1097193,bi,1.48,16.165,>16.165,99.990,0.176,0.248,g
2458862.78338,2020-01-14.2837635,bi,1.43,15.974,>15.974,99.990,0.366,0.296,g
2458862.78459,2020-01-14.2849810,bi,1.45,15.929,>15.929,99.990,-0.243,0.309,g
2458862.78581,2020-01-14.2862011,bi,1.49,15.768,>15.768,99.990,0.189,0.358,g
2458863.33182,2020-01-14.8322168,bm,1.46,16.490,>16.490,99.990,0.011,0.184,g
2458863.33305,2020-01-14.8334408,bm,1.53,16.623,>16.623,99.990,0.004,0.163,g
2458863.33427,2020-01-14.8346635,bm,1.53,16.430,>16.430,99.990,-0.179,0.194,g
2458863.51817,2020-01-15.0185638,bm,1.56,16.069,>16.069,99.990,-0.512,0.271,g
2458863.51942,2020-01-15.0198125,bm,1.63,16.241,>16.241,99.990,-0.190,0.232,g
2458863.58467,2020-01-15.0850646,bE,1.55,16.509,>16.509,99.990,0.001,0.181,g
2458863.58593,2020-01-15.0863314,bE,1.48,16.431,>16.431,99.990,0.083,0.194,g
2458863.58720,2020-01-15.0875938,bE,1.47,16.491,>16.491,99.990,-0.109,0.184,g
2458863.77677,2020-01-15.2771697,bi,1.44,15.858,>15.858,99.990,-0.126,0.329,g
2458863.77800,2020-01-15.2783915,bi,1.38,15.908,>15.908,99.990,-0.204,0.315,g
2458863.77922,2020-01-15.2796179,bi,1.38,15.870,>15.870,99.990,0.662,0.326,g
2458864.59999,2020-01-16.1003890,bE,1.53,16.691,>16.691,99.990,0.196,0.153,g
2458864.60125,2020-01-16.1016565,bE,1.53,16.505,>16.505,99.990,-0.046,0.182,g
2458864.60252,2020-01-16.1029187,bE,1.56,16.718,>16.718,99.990,0.096,0.149,g
2458864.78314,2020-01-16.2835398,bE,1.49,16.157,>16.157,99.990,0.062,0.250,g
2458864.78442,2020-01-16.2848223,bE,1.44,16.313,>16.313,99.990,0.204,0.217,g
2458864.78571,2020-01-16.2861163,bE,1.43,16.256,>16.256,99.990,0.031,0.228,g
2458865.56871,2020-01-17.0691152,bE,1.61,15.853,>15.853,99.990,-0.577,0.331,g
2458865.57000,2020-01-17.0704065,bE,1.62,16.277,>16.277,99.990,0.024,0.224,g
2458865.57127,2020-01-17.0716737,bE,1.63,15.874,>15.874,99.990,0.499,0.325,g
2458866.58957,2020-01-18.0899737,bi,1.49,16.350,>16.350,99.990,0.285,0.209,g
2458866.59080,2020-01-18.0912030,bi,1.47,16.417,>16.417,99.990,0.142,0.197,g
2458866.59202,2020-01-18.0924293,bi,1.52,16.153,>16.153,99.990,-0.593,0.251,g
2458867.57446,2020-01-19.0748789,bi,1.44,15.727,>15.727,99.990,0.749,0.372,g
2458867.57568,2020-01-19.0760995,bi,1.41,15.184,>15.184,99.990,0.063,0.613,g
2458867.57691,2020-01-19.0773285,bi,1.43,14.192,>14.192,99.990,-0.336,1.528,g
2458868.76487,2020-01-20.2652937,bi,1.42,16.291,>16.291,99.990,0.105,0.221,g
2458868.76609,2020-01-20.2665097,bi,1.39,16.192,>16.192,99.990,0.551,0.242,g
2458868.76731,2020-01-20.2677322,bi,1.42,16.213,>16.213,99.990,0.215,0.238,g
2458869.76086,2020-01-21.2612883,bi,1.35,16.160,>16.160,99.990,0.400,0.250,g
2458869.76209,2020-01-21.2625148,bi,1.37,16.268,>16.268,99.990,0.159,0.226,g
2458869.76331,2020-01-21.2637399,bi,1.46,16.241,>16.241,99.990,-0.300,0.232,g
2458870.76172,2020-01-22.2621465,bi,1.37,16.150,>16.150,99.990,0.390,0.252,g
2458870.76294,2020-01-22.2633708,bi,1.45,16.128,>16.128,99.990,0.181,0.257,g
2458870.76417,2020-01-22.2645950,bi,1.41,16.531,>16.531,99.990,-0.155,0.177,g
2458871.76129,2020-01-23.2617194,bi,1.45,16.384,>16.384,99.990,-0.303,0.203,g
2458871.76250,2020-01-23.2629365,bi,1.38,16.199,>16.199,99.990,0.067,0.241,g
2458871.76373,2020-01-23.2641628,bi,1.39,16.178,>16.178,99.990,0.214,0.245,g
2458875.74320,2020-01-27.2436430,bi,1.41,16.148,>16.148,99.990,-0.424,0.252,g
2458875.74442,2020-01-27.2448673,bi,1.36,16.171,>16.171,99.990,-0.274,0.247,g
2458875.74565,2020-01-27.2460947,bi,1.41,16.451,>16.451,99.990,0.305,0.191,g
2458877.74978,2020-01-29.2502406,bi,1.37,15.935,>15.935,99.990,0.842,0.307,g
2458877.75100,2020-01-29.2514616,bi,1.44,16.061,>16.061,99.990,0.436,0.273,g
2458877.75222,2020-01-29.2526766,bi,1.43,15.919,>15.919,99.990,0.363,0.312,g
2458878.73629,2020-01-30.2367468,bi,1.35,16.235,>16.235,99.990,-0.281,0.233,g
2458878.73751,2020-01-30.2379667,bi,1.45,16.115,>16.115,99.990,0.288,0.260,g
2458879.73086,2020-01-31.2313192,bi,1.41,16.276,>16.276,99.990,0.042,0.224,g
2458879.73209,2020-01-31.2325462,bi,1.45,16.284,>16.284,99.990,-0.405,0.223,g
2458879.73331,2020-01-31.2337716,bi,1.45,16.305,>16.305,99.990,0.094,0.218,g
2458880.73923,2020-02-01.2396922,bE,1.45,16.353,>16.353,99.990,0.112,0.209,g
2458880.74052,2020-02-01.2409848,bE,1.47,16.341,>16.341,99.990,-0.040,0.211,g
2458880.74180,2020-02-01.2422598,bE,1.52,16.430,>16.430,99.990,0.044,0.195,g
2458881.72545,2020-02-02.2259204,bi,1.35,16.114,>16.114,99.990,-0.009,0.260,g
2458881.72668,2020-02-02.2271483,bi,1.40,16.217,>16.217,99.990,0.147,0.237,g
2458881.72791,2020-02-02.2283770,bi,1.44,16.345,>16.345,99.990,0.266,0.210,g
2458882.72164,2020-02-03.2221019,bi,1.56,16.328,>16.328,99.990,0.198,0.214,g
2458882.72286,2020-02-03.2233224,bi,1.49,16.370,>16.370,99.990,0.307,0.206,g
2458882.72409,2020-02-03.2245524,bi,1.43,16.269,>16.269,99.990,-0.243,0.226,g
2458883.72086,2020-02-04.2213237,bi,1.40,16.177,>16.177,99.990,-0.012,0.246,g
2458883.72208,2020-02-04.2225445,bi,1.46,16.196,>16.196,99.990,-0.045,0.241,g
2458883.72329,2020-02-04.2237607,bi,1.44,16.325,>16.325,99.990,0.228,0.214,g
2458884.71675,2020-02-05.2172243,bi,1.44,16.003,>16.003,99.990,0.035,0.288,g
2458884.71797,2020-02-05.2184414,bi,1.49,15.838,>15.838,99.990,-0.078,0.336,g
2458884.71920,2020-02-05.2196692,bi,1.50,16.029,>16.029,99.990,-0.163,0.282,g
2458885.72478,2020-02-06.2252531,bE,1.51,16.088,>16.088,99.990,0.356,0.267,g
2458885.72606,2020-02-06.2265348,bE,1.51,16.024,>16.024,99.990,0.180,0.283,g
2458885.72734,2020-02-06.2278114,bE,1.45,15.991,>15.991,99.990,-0.120,0.292,g
2458886.71174,2020-02-07.2122219,bi,1.41,15.595,>15.595,99.990,0.275,0.420,g
2458886.71420,2020-02-07.2146857,bi,1.49,15.621,>15.621,99.990,-0.589,0.410,g
2458887.70798,2020-02-08.2084533,bi,1.51,15.512,>15.512,99.990,-0.517,0.453,g
2458887.70921,2020-02-08.2096877,bi,1.52,15.685,>15.685,99.990,-1.001,0.386,g
2458887.71044,2020-02-08.2109192,bi,1.42,15.651,>15.651,99.990,0.261,0.399,g
2458888.70345,2020-02-09.2039259,bi,1.42,15.394,>15.394,99.990,-2.054,0.505,g
2458888.70467,2020-02-09.2051489,bi,1.46,15.327,>15.327,99.990,1.191,0.538,g
2458888.70589,2020-02-09.2063696,bi,1.44,15.484,>15.484,99.990,-0.170,0.465,g
2458889.70318,2020-02-10.2036607,bi,1.46,15.555,>15.555,99.990,0.255,0.436,g
2458889.70440,2020-02-10.2048781,bi,1.53,15.399,>15.399,99.990,0.110,0.503,g
2458889.70561,2020-02-10.2060947,bi,1.55,15.473,>15.473,99.990,-0.335,0.470,g
2458890.70171,2020-02-11.2021936,bi,1.45,15.663,>15.663,99.990,-0.135,0.394,g
2458890.70293,2020-02-11.2034119,bi,1.44,15.691,>15.691,99.990,0.010,0.384,g
2458890.70416,2020-02-11.2046407,bi,1.40,15.683,>15.683,99.990,-0.438,0.387,g
2458891.69708,2020-02-12.1975677,bi,1.47,15.537,>15.537,99.990,0.638,0.443,g
2458891.69831,2020-02-12.1987896,bi,1.47,15.456,>15.456,99.990,-1.211,0.477,g
2458891.69954,2020-02-12.2000172,bi,1.54,15.291,>15.291,99.990,-0.240,0.556,g
2458892.70488,2020-02-13.2053644,bi,1.39,15.773,>15.773,99.990,0.059,0.356,g
2458892.70610,2020-02-13.2065850,bi,1.46,15.638,>15.638,99.990,0.767,0.403,g
2458892.70733,2020-02-13.2078128,bi,1.46,15.771,>15.771,99.990,-0.267,0.357,g
2458893.68830,2020-02-14.1887827,bi,1.43,16.069,>16.069,99.990,-0.023,0.271,g
2458893.68952,2020-02-14.1900057,bi,1.41,16.000,>16.000,99.990,-0.262,0.289,g
2458893.69075,2020-02-14.1912348,bi,1.48,15.937,>15.937,99.990,0.180,0.306,g
2458894.68792,2020-02-15.1884006,bi,1.41,16.041,>16.041,99.990,-0.025,0.278,g
2458894.68913,2020-02-15.1896156,bi,1.37,16.055,>16.055,99.990,0.100,0.275,g
2458894.69036,2020-02-15.1908454,bi,1.44,16.076,>16.076,99.990,0.387,0.270,g
2458897.67861,2020-02-18.1790908,bi,1.43,16.187,>16.187,99.990,-0.121,0.243,g
2458897.67984,2020-02-18.1803206,bi,1.46,16.254,>16.254,99.990,0.394,0.229,g
2458897.68105,2020-02-18.1815400,bi,1.44,16.194,>16.194,99.990,0.112,0.242,g
2458898.28458,2020-02-18.7850688,bm,1.96,16.482,>16.482,99.990,-0.306,0.185,g
2458898.28580,2020-02-18.7862812,bm,1.97,16.453,>16.453,99.990,0.213,0.191,g
2458898.28701,2020-02-18.7874982,bm,1.68,16.498,>16.498,99.990,0.054,0.183,g
2458898.52027,2020-02-19.0207596,bi,1.51,16.129,>16.129,99.990,0.305,0.257,g
2458898.52150,2020-02-19.0219807,bi,1.55,16.285,>16.285,99.990,0.118,0.222,g
2458898.52272,2020-02-19.0232062,bi,1.49,16.332,>16.332,99.990,-0.018,0.213,g
2458898.61595,2020-02-19.1164329,bE,1.47,16.499,>16.499,99.990,0.142,0.183,g
2458898.61722,2020-02-19.1177027,bE,1.55,16.407,>16.407,99.990,0.083,0.199,g
2458898.61849,2020-02-19.1189788,bE,1.48,16.573,>16.573,99.990,-0.031,0.171,g
2458898.64922,2020-02-19.1497019,bi,1.41,16.252,>16.252,99.990,-0.098,0.229,g
2458898.65044,2020-02-19.1509215,bi,1.46,16.245,>16.245,99.990,0.313,0.231,g
2458898.65166,2020-02-19.1521515,bi,1.41,16.133,>16.133,99.990,0.014,0.256,g
2458899.51584,2020-02-20.0163296,bi,1.55,15.958,>15.958,99.990,0.147,0.301,g
2458899.51706,2020-02-20.0175502,bi,1.50,16.006,>16.006,99.990,0.295,0.288,g
2458899.51829,2020-02-20.0187814,bi,1.53,16.155,>16.155,99.990,-0.271,0.251,g
2458903.27032,2020-02-23.7708040,bm,1.54,16.415,>16.415,99.990,0.230,0.197,g
2458903.27153,2020-02-23.7720141,bm,1.50,99.990,99.990,99.990,99.990,99.990,g
2458903.27277,2020-02-23.7732510,bm,1.49,16.497,>16.497,99.990,0.172,0.183,g
2458903.44525,2020-02-23.9457380,bm,1.61,16.477,>16.477,99.990,-0.169,0.186,g
2458903.44647,2020-02-23.9469586,bm,1.59,16.535,>16.535,99.990,-0.046,0.177,g
2458903.44769,2020-02-23.9481771,bm,1.63,16.503,>16.503,99.990,0.124,0.182,g
2458903.63739,2020-02-24.1378805,bE,1.49,16.462,>16.462,99.990,0.061,0.189,g
2458903.63866,2020-02-24.1391505,bE,1.42,16.422,>16.422,99.990,-0.013,0.196,g
2458903.63994,2020-02-24.1404217,bE,1.44,16.484,>16.484,99.990,0.198,0.185,g
2458904.27332,2020-02-24.7738003,bm,2.06,99.990,99.990,99.990,99.990,99.990,g
2458904.27454,2020-02-24.7750224,bm,2.07,99.990,99.990,99.990,99.990,99.990,g
2458904.27576,2020-02-24.7762430,bm,2.06,16.473,>16.473,99.990,-0.014,0.187,g
2458904.44594,2020-02-24.9464256,bm,2.05,99.990,99.990,99.990,99.990,99.990,g
2458904.60224,2020-02-25.1027295,bE,1.50,16.468,>16.468,99.990,0.277,0.188,g
2458904.60352,2020-02-25.1040006,bE,1.47,16.463,>16.463,99.990,0.042,0.189,g
2458904.60479,2020-02-25.1052738,bE,1.53,16.431,>16.431,99.990,0.355,0.194,g
2458905.25955,2020-02-25.7600296,bm,2.20,16.162,>16.162,99.990,0.355,0.249,g
2458905.26079,2020-02-25.7612762,bm,2.16,16.304,>16.304,99.990,0.053,0.218,g
2458905.26210,2020-02-25.7625803,bm,1.63,16.401,>16.401,99.990,-0.271,0.200,g
2458905.51639,2020-02-26.0168728,bi,1.51,16.288,>16.288,99.990,0.154,0.222,g
2458905.51761,2020-02-26.0180947,bi,1.50,16.120,>16.120,99.990,-0.059,0.259,g
2458905.51882,2020-02-26.0193128,bi,1.45,16.271,>16.271,99.990,0.063,0.225,g
2458906.26452,2020-02-26.7649980,bm,1.53,14.135,>14.135,99.990,-0.672,1.611,g
2458908.26309,2020-02-28.7635665,bm,1.51,99.990,99.990,99.990,99.990,99.990,g
2458908.26436,2020-02-28.7648353,bm,1.58,99.990,99.990,99.990,99.990,99.990,g
2458908.26557,2020-02-28.7660523,bm,1.51,16.396,>16.396,99.990,0.121,0.201,g
2458908.51304,2020-02-29.0135153,bi,2.26,16.299,>16.299,99.990,-0.054,0.220,g
2458908.51426,2020-02-29.0147337,bi,2.25,16.164,>16.164,99.990,-0.265,0.249,g
2458908.51548,2020-02-29.0159651,bi,2.21,16.219,>16.219,99.990,-0.034,0.236,g
2458909.26684,2020-02-29.7673137,bm,1.64,16.507,>16.507,99.990,0.028,0.181,g
2458909.26806,2020-02-29.7685435,bm,1.94,16.346,>16.346,99.990,0.142,0.210,g
2458909.26928,2020-02-29.7697582,bm,1.68,16.408,>16.408,99.990,-0.012,0.199,g
2458909.39743,2020-02-29.8979084,bm,1.57,16.546,>16.546,99.990,-0.048,0.175,g
2458909.39864,2020-02-29.8991246,bm,1.52,99.990,99.990,99.990,99.990,99.990,g
2458909.39985,2020-02-29.9003302,bm,1.55,99.990,99.990,99.990,99.990,99.990,g
2458909.65118,2020-03-01.1516616,bi,1.46,16.249,>16.249,99.990,0.215,0.230,g
2458909.65241,2020-03-01.1528813,bi,1.43,16.352,>16.352,99.990,0.588,0.209,g
2458909.65364,2020-03-01.1541165,bi,1.44,16.410,>16.410,99.990,0.089,0.198,g
2458910.30898,2020-03-01.8094583,bm,2.01,16.424,>16.424,99.990,0.272,0.196,g
2458910.31020,2020-03-01.8106767,bm,1.96,16.358,>16.358,99.990,0.253,0.208,g
2458910.31145,2020-03-01.8119218,bm,1.96,16.322,>16.322,99.990,0.225,0.215,g
2458910.66393,2020-03-02.1644091,bE,1.46,16.418,>16.418,99.990,0.042,0.197,g
2458910.66523,2020-03-02.1657009,bE,1.49,16.537,>16.537,99.990,0.114,0.176,g
2458910.66650,2020-03-02.1669774,bE,1.44,16.354,>16.354,99.990,-0.010,0.209,g
2458911.25761,2020-03-02.7580853,bm,1.44,16.110,>16.110,99.990,0.056,0.261,g
2458911.25882,2020-03-02.7592956,bm,1.52,16.160,>16.160,99.990,-0.263,0.249,g
2458911.26003,2020-03-02.7605116,bm,1.46,16.123,>16.123,99.990,0.023,0.258,g
2458911.40744,2020-03-02.9079140,bm,1.46,16.373,>16.373,99.990,-0.005,0.205,g
2458911.40866,2020-03-02.9091344,bm,1.47,16.329,>16.329,99.990,-0.151,0.214,g
2458911.40987,2020-03-02.9103494,bm,1.58,99.990,99.990,99.990,99.990,99.990,g
2458911.60062,2020-03-03.1010960,bE,1.54,16.359,>16.359,99.990,-0.013,0.208,g
2458911.60190,2020-03-03.1023770,bE,1.49,16.539,>16.539,99.990,0.099,0.176,g
2458911.60317,2020-03-03.1036501,bE,1.53,16.243,>16.243,99.990,0.107,0.231,g
2458912.33874,2020-03-03.8392162,bm,1.56,16.442,>16.442,99.990,0.067,0.192,g
2458912.33996,2020-03-03.8404324,bm,1.47,16.294,>16.294,99.990,0.224,0.220,g
2458912.34118,2020-03-03.8416506,bm,1.50,16.374,>16.374,99.990,-0.044,0.205,g
2458912.50956,2020-03-04.0100344,bE,1.48,16.250,>16.250,99.990,-0.141,0.230,g
2458912.51084,2020-03-04.0113072,bE,1.45,16.303,>16.303,99.990,0.101,0.219,g
2458912.51211,2020-03-04.0125866,bE,1.48,16.319,>16.319,99.990,0.261,0.215,g
2458914.61319,2020-03-06.1136584,bE,1.53,16.052,>16.052,99.990,-0.180,0.275,g
2458914.61447,2020-03-06.1149373,bE,1.59,16.044,>16.044,99.990,0.364,0.278,g
2458914.61573,2020-03-06.1162055,bE,1.46,15.994,>15.994,99.990,-0.187,0.291,g
2458915.25402,2020-03-06.7544873,bm,1.75,15.728,>15.728,99.990,0.355,0.371,g
2458915.25524,2020-03-06.7557023,bm,1.73,15.673,>15.673,99.990,1.091,0.391,g
2458915.25645,2020-03-06.7569103,bm,1.67,15.505,>15.505,99.990,0.424,0.456,g
2458915.39220,2020-03-06.8926648,bm,1.56,15.164,>15.164,99.990,-0.254,0.624,g
2458915.49913,2020-03-06.9996005,bE,1.59,15.846,>15.846,99.990,-0.702,0.333,g
2458915.50041,2020-03-07.0008832,bE,1.54,15.986,>15.986,99.990,-0.474,0.293,g
2458915.50169,2020-03-07.0021590,bE,1.49,16.067,>16.067,99.990,-0.402,0.272,g
2458918.24761,2020-03-09.7480664,bm,2.05,14.556,>14.556,99.990,1.357,1.093,g
2458918.50783,2020-03-10.0082818,bi,2.29,15.536,>15.536,99.990,1.225,0.443,g
2458918.50905,2020-03-10.0095105,bi,2.23,15.586,>15.586,99.990,-0.366,0.423,g
2458918.51027,2020-03-10.0107309,bi,2.23,15.573,>15.573,99.990,-0.215,0.428,g
2458919.29571,2020-03-10.7961674,bm,1.56,15.752,>15.752,99.990,-0.030,0.363,g
2458919.29693,2020-03-10.7973836,bm,1.58,15.855,>15.855,99.990,-0.313,0.330,g
2458919.29814,2020-03-10.7985951,bm,1.54,15.904,>15.904,99.990,0.054,0.316,g
2458919.50323,2020-03-11.0036843,bi,2.28,16.090,>16.090,99.990,0.056,0.266,g
2458919.50446,2020-03-11.0049096,bi,2.26,16.163,>16.163,99.990,0.214,0.249,g
2458919.50568,2020-03-11.0061384,bi,2.19,16.144,>16.144,99.990,0.242,0.253,g
2458919.58959,2020-03-11.0900418,bi,1.41,15.696,>15.696,99.990,-0.808,0.382,g
2458919.59081,2020-03-11.0912687,bi,1.48,15.675,>15.675,99.990,0.384,0.390,g
2458919.59204,2020-03-11.0924958,bi,1.44,15.557,>15.557,99.990,-0.127,0.435,g
2458920.50238,2020-03-12.0028347,bi,1.48,16.137,>16.137,99.990,-0.124,0.255,g
2458920.50362,2020-03-12.0040700,bi,1.41,16.167,>16.167,99.990,-0.239,0.248,g
2458920.50484,2020-03-12.0052909,bi,1.55,16.370,>16.370,99.990,0.299,0.206,g
2458921.26679,2020-03-12.7672390,bm,1.56,99.990,99.990,99.990,99.990,99.990,g
2458921.26801,2020-03-12.7684570,bm,1.65,16.485,>16.485,99.990,0.062,0.185,g
2458921.49796,2020-03-12.9984086,bE,2.18,16.255,>16.255,99.990,-0.002,0.229,g
2458921.49923,2020-03-12.9996768,bE,2.17,16.371,>16.371,99.990,-0.227,0.205,g
2458921.50051,2020-03-13.0009626,bE,2.16,16.382,>16.382,99.990,-0.163,0.203,g
2458922.24391,2020-03-13.7443545,bm,2.11,16.067,>16.067,99.990,-0.070,0.272,g
2458922.24513,2020-03-13.7455766,bm,2.10,16.195,>16.195,99.990,-0.163,0.242,g
2458922.24638,2020-03-13.7468258,bm,2.08,16.262,>16.262,99.990,-0.333,0.227,g
2458922.37982,2020-03-13.8802694,bm,1.51,16.124,>16.124,99.990,0.164,0.258,g
2458922.38103,2020-03-13.8814762,bm,1.49,16.077,>16.077,99.990,-0.104,0.269,g
2458923.23925,2020-03-14.7396908,bm,1.56,15.854,>15.854,99.990,-0.310,0.331,g
2458923.24047,2020-03-14.7409187,bm,1.59,15.992,>15.992,99.990,0.217,0.291,g
2458923.24169,2020-03-14.7421365,bm,1.63,16.015,>16.015,99.990,0.257,0.285,g
2458923.37689,2020-03-14.8773346,bm,1.98,16.386,>16.386,99.990,-0.051,0.203,g
2458923.37811,2020-03-14.8785554,bm,1.65,99.990,99.990,99.990,99.990,99.990,g
2458923.37933,2020-03-14.8797717,bm,1.47,99.990,99.990,99.990,99.990,99.990,g
2458923.49228,2020-03-14.9927287,bi,2.47,14.646,>14.646,99.990,-0.933,1.006,g
2458923.49352,2020-03-14.9939607,bi,2.50,15.158,>15.158,99.990,-0.461,0.628,g
2458923.56640,2020-03-15.0668427,bE,1.45,16.402,>16.402,99.990,0.224,0.200,g
2458923.56767,2020-03-15.0681217,bE,1.50,16.446,>16.446,99.990,0.156,0.192,g
2458923.56896,2020-03-15.0693994,bE,1.52,16.523,>16.523,99.990,-0.031,0.179,g
2458924.23844,2020-03-15.7388819,bm,1.53,15.491,>15.491,99.990,0.200,0.462,g
2458924.23969,2020-03-15.7401437,bm,1.62,15.271,>15.271,99.990,-1.983,0.566,g
2458924.24111,2020-03-15.7415554,bm,1.59,16.132,>16.132,99.990,-0.349,0.256,g
2458924.49143,2020-03-15.9918673,bi,2.13,15.549,>15.549,99.990,0.391,0.438,g
2458924.49265,2020-03-15.9930928,bi,2.10,15.703,>15.703,99.990,0.054,0.380,g
2458924.49387,2020-03-15.9943140,bi,2.07,15.916,>15.916,99.990,-0.126,0.312,g
2458924.56548,2020-03-16.0659219,bE,1.59,16.474,>16.474,99.990,0.247,0.187,g
2458924.56678,2020-03-16.0672225,bE,1.55,16.454,>16.454,99.990,-0.273,0.190,g
2458924.56804,2020-03-16.0684865,bE,1.58,16.589,>16.589,99.990,0.019,0.168,g
2458925.23738,2020-03-16.7378217,bm,2.01,15.798,>15.798,99.990,-0.258,0.348,g
2458925.23860,2020-03-16.7390424,bm,1.59,16.007,>16.007,99.990,-0.244,0.287,g
2458925.23983,2020-03-16.7402701,bm,1.51,15.987,>15.987,99.990,-0.166,0.293,g
2458926.24532,2020-03-17.7457476,bm,2.09,16.292,>16.292,99.990,-0.391,0.221,g
2458926.24656,2020-03-17.7469950,bm,2.07,16.584,>16.584,99.990,-0.142,0.169,g
2458927.23555,2020-03-18.7359887,bm,2.11,15.793,>15.793,99.990,0.164,0.350,g
2458927.23678,2020-03-18.7372093,bm,2.05,15.900,>15.900,99.990,-0.301,0.317,g
2458927.23798,2020-03-18.7384230,bm,2.05,16.027,>16.027,99.990,0.022,0.282,g
2458927.37358,2020-03-18.8740119,bm,1.56,99.990,99.990,99.990,99.990,99.990,g
2458927.37480,2020-03-18.8752266,bm,1.59,99.990,99.990,99.990,99.990,99.990,g
2458927.37601,2020-03-18.8764540,bm,1.56,99.990,99.990,99.990,99.990,99.990,g
2458928.23866,2020-03-19.7390820,bm,2.20,16.260,>16.260,99.990,-0.165,0.228,g
2458928.23988,2020-03-19.7403015,bm,2.12,16.256,>16.256,99.990,-0.124,0.228,g
2458928.24110,2020-03-19.7415196,bm,2.17,16.461,>16.461,99.990,-0.162,0.189,g
2458929.23371,2020-03-20.7341326,bm,1.49,15.820,>15.820,99.990,0.230,0.341,g
2458929.23492,2020-03-20.7353372,bm,1.64,16.018,>16.018,99.990,-0.088,0.284,g
2458929.23615,2020-03-20.7365768,bm,1.58,16.043,>16.043,99.990,0.024,0.278,g
2458931.36565,2020-03-22.8660631,bm,1.52,16.656,>16.656,99.990,0.171,0.158,g
2458931.36688,2020-03-22.8672896,bm,1.49,16.352,>16.352,99.990,-0.276,0.209,g
2458931.36811,2020-03-22.8685177,bm,1.50,99.990,99.990,99.990,99.990,99.990,g
2458932.23841,2020-03-23.7388230,bm,2.26,16.519,>16.519,99.990,-0.121,0.179,g
2458932.23963,2020-03-23.7400408,bm,2.26,16.477,>16.477,99.990,-0.116,0.186,g
2458932.24084,2020-03-23.7412554,bm,2.25,16.481,>16.481,99.990,-0.031,0.186,g
2458933.23386,2020-03-24.7342568,bm,2.28,16.284,>16.284,99.990,0.075,0.223,g
2458933.23506,2020-03-24.7354613,bm,2.29,16.361,>16.361,99.990,0.113,0.207,g
2458933.23627,2020-03-24.7366715,bm,2.37,16.465,>16.465,99.990,-0.109,0.188,g
2458976.20160,2020-05-06.7017193,bm,1.96,15.710,>15.710,99.990,0.326,0.378,g
2458976.20283,2020-05-06.7029459,bm,1.99,15.707,>15.707,99.990,0.274,0.379,g
2458976.20403,2020-05-06.7041513,bm,1.55,15.712,>15.712,99.990,0.650,0.377,g
2458978.22661,2020-05-08.7267056,bm,1.61,16.036,>16.036,99.990,-0.067,0.280,g
2458978.22904,2020-05-08.7291400,bm,1.48,16.044,>16.044,99.990,-0.289,0.278,g
2458979.20749,2020-05-09.7075811,bm,1.57,16.384,>16.384,99.990,-0.180,0.203,g
2458979.20871,2020-05-09.7087973,bm,1.56,16.352,>16.352,99.990,0.100,0.209,g
2458979.20993,2020-05-09.7100215,bm,1.60,16.516,>16.516,99.990,-0.005,0.180,g
2458980.19595,2020-05-10.6960343,bm,1.61,15.641,>15.641,99.990,-0.362,0.402,g
2458980.19718,2020-05-10.6972598,bm,1.68,16.052,>16.052,99.990,-0.423,0.276,g
2458980.19840,2020-05-10.6984785,bm,1.57,15.916,>15.916,99.990,-0.369,0.312,g
2458981.19942,2020-05-11.6994894,bm,1.67,15.146,>15.146,99.990,-0.333,0.635,g
2458981.20062,2020-05-11.7006935,bm,1.67,15.412,>15.412,99.990,0.453,0.497,g
2458981.20186,2020-05-11.7019313,bm,1.61,15.613,>15.613,99.990,-0.337,0.413,g
2458983.21309,2020-05-13.7131483,bm,1.50,16.528,>16.528,99.990,0.178,0.178,g
2458983.21431,2020-05-13.7143689,bm,1.52,16.492,>16.492,99.990,0.237,0.184,g
2458983.21552,2020-05-13.7155744,bm,1.52,16.396,>16.396,99.990,-0.210,0.201,g
2459046.66639,2020-07-16.1659851,bm,1.48,16.457,>16.457,99.990,-0.237,0.190,g
2459046.66761,2020-07-16.1672057,bm,1.63,16.532,>16.532,99.990,-0.073,0.177,g
2459046.66884,2020-07-16.1684322,bm,1.56,16.492,>16.492,99.990,0.221,0.184,g
2459048.67198,2020-07-18.1715663,bm,2.05,16.623,>16.623,99.990,-0.354,0.163,g
2459048.67337,2020-07-18.1729592,bm,2.06,99.990,99.990,99.990,99.990,99.990,g
2459048.67462,2020-07-18.1742019,bm,2.08,99.990,99.990,99.990,99.990,99.990,g
2459049.66264,2020-07-19.1622195,bm,2.00,16.540,>16.540,99.990,-0.040,0.176,g
2459052.65757,2020-07-22.1571408,bm,1.53,16.373,>16.373,99.990,0.103,0.205,g
2459052.65880,2020-07-22.1583686,bm,1.49,16.428,>16.428,99.990,0.073,0.195,g
2459052.66003,2020-07-22.1595959,bm,1.53,16.504,>16.504,99.990,0.005,0.182,g
2459064.62731,2020-08-03.1268418,bm,1.61,15.534,>15.534,99.990,-1.184,0.444,g
2459064.63031,2020-08-03.1298427,bm,1.57,15.658,>15.658,99.990,-0.008,0.396,g
2459068.63479,2020-08-07.1343107,bm,2.37,16.071,>16.071,99.990,-0.133,0.271,g
2459068.63601,2020-08-07.1355280,bm,2.35,16.155,>16.155,99.990,0.518,0.251,g
2459068.63725,2020-08-07.1367686,bm,2.36,16.044,>16.044,99.990,-0.252,0.278,g
2459069.63148,2020-08-08.1309969,bm,2.28,15.974,>15.974,99.990,0.084,0.296,g
2459069.63275,2020-08-08.1322706,bm,2.26,15.990,>15.990,99.990,-0.351,0.292,g
2459069.63402,2020-08-08.1335449,bm,2.22,16.152,>16.152,99.990,-0.523,0.251,g
2459075.60787,2020-08-14.1073765,bm,2.01,16.404,>16.404,99.990,-0.193,0.199,g
2459075.60909,2020-08-14.1085936,bm,2.01,16.633,>16.633,99.990,-0.006,0.161,g
2459075.61031,2020-08-14.1098215,bm,2.02,16.419,>16.419,99.990,-0.221,0.197,g
2459083.58799,2020-08-22.0874944,bm,2.03,16.535,>16.535,99.990,0.361,0.177,g
2459083.58921,2020-08-22.0887162,bm,2.02,16.527,>16.527,99.990,0.107,0.178,g
2459083.59043,2020-08-22.0899405,bm,2.01,16.477,>16.477,99.990,0.132,0.186,g
2459085.58815,2020-08-24.0876520,bm,1.53,16.501,>16.501,99.990,0.207,0.182,g
2459085.58938,2020-08-24.0888810,bm,1.54,16.449,>16.449,99.990,0.168,0.191,g
2459085.59059,2020-08-24.0901,bm,1.49,16.212,>16.212,99.990,0.070,0.238,g
2459086.58551,2020-08-25.0850222,bm,1.47,16.373,>16.373,99.990,0.234,0.205,g
2459086.58673,2020-08-25.0862348,bm,1.51,16.454,>16.454,99.990,0.233,0.190,g
2459086.58795,2020-08-25.0874540,bm,1.53,16.463,>16.463,99.990,0.150,0.189,g
2459092.56818,2020-08-31.0676885,bm,2.05,15.834,>15.834,99.990,-0.341,0.337,g
2459093.56916,2020-09-01.0686690,bm,1.42,14.037,>14.037,99.990,-6.682,1.764,g
2459096.55170,2020-09-04.0512181,bm,2.12,15.066,>15.066,99.990,-0.321,0.684,g
2459096.55291,2020-09-04.0524251,bm,1.96,15.579,>15.579,99.990,-0.489,0.426,g
2459096.55412,2020-09-04.0536388,bm,1.61,15.747,>15.747,99.990,-0.291,0.365,g
2459100.54573,2020-09-08.0452641,bm,1.55,16.174,>16.174,99.990,0.401,0.246,g
2459100.54696,2020-09-08.0464846,bm,1.56,16.063,>16.063,99.990,-0.018,0.273,g
2459100.54818,2020-09-08.0477030,bm,1.58,16.189,>16.189,99.990,-0.101,0.243,g
2459101.54997,2020-09-09.0494995,bm,1.62,16.258,>16.258,99.990,0.582,0.228,g
2459101.55120,2020-09-09.050725,bm,1.57,16.168,>16.168,99.990,0.181,0.248,g
2459101.55241,2020-09-09.0519409,bm,1.47,16.286,>16.286,99.990,-0.148,0.222,g
2459103.53919,2020-09-11.0387252,bm,1.99,16.215,>16.215,99.990,0.008,0.237,g
2459103.54041,2020-09-11.0399427,bm,1.63,16.278,>16.278,99.990,0.095,0.224,g
2459103.54163,2020-09-11.0411693,bm,1.69,16.321,>16.321,99.990,0.117,0.215,g
2459104.52812,2020-09-12.0276530,bm,1.54,16.298,>16.298,99.990,0.052,0.220,g
2459104.52934,2020-09-12.0288726,bm,1.57,16.184,>16.184,99.990,-0.056,0.244,g
2459104.53056,2020-09-12.0300986,bm,1.49,16.335,>16.335,99.990,0.034,0.212,g
2459108.51815,2020-09-16.0176961,bm,2.25,16.410,>16.410,99.990,0.108,0.198,g
2459108.51937,2020-09-16.0189134,bm,2.28,16.469,>16.469,99.990,-0.284,0.188,g
2459108.52058,2020-09-16.0201259,bm,2.29,16.529,>16.529,99.990,-0.197,0.178,g
2459110.50564,2020-09-18.0051968,bm,1.45,99.990,99.990,99.990,99.990,99.990,g
2459110.50688,2020-09-18.0064350,bm,1.59,99.990,99.990,99.990,99.990,99.990,g
2459110.50810,2020-09-18.0076512,bm,1.55,99.990,99.990,99.990,99.990,99.990,g
2459111.53098,2020-09-19.0305421,bm,2.49,16.561,>16.561,99.990,-0.445,0.173,g
2459111.53220,2020-09-19.0317590,bm,2.50,99.990,99.990,99.990,99.990,99.990,g
2459111.53343,2020-09-19.0329855,bm,2.48,16.495,>16.495,99.990,-0.021,0.183,g
2459112.51478,2020-09-20.0143445,bm,1.53,16.318,>16.318,99.990,0.014,0.216,g
2459112.51599,2020-09-20.0155642,bm,1.56,16.349,>16.349,99.990,-0.006,0.210,g
2459112.51722,2020-09-20.0167892,bm,1.51,99.990,99.990,99.990,99.990,99.990,g
2459114.50019,2020-09-21.9997596,bm,1.57,16.397,>16.397,99.990,-0.202,0.200,g
2459114.50141,2020-09-22.0009756,bm,1.54,16.385,>16.385,99.990,0.038,0.203,g
2459114.50262,2020-09-22.0021905,bm,1.59,16.636,>16.636,99.990,-0.009,0.161,g
2459115.51818,2020-09-23.0177530,bm,1.46,16.455,>16.455,99.990,0.144,0.190,g
2459115.51939,2020-09-23.0189668,bm,1.50,16.380,>16.380,99.990,0.259,0.204,g
2459115.52062,2020-09-23.0201958,bm,1.38,16.449,>16.449,99.990,0.092,0.191,g
2459116.49321,2020-09-23.9927906,bm,1.48,16.424,>16.424,99.990,0.298,0.196,g
2459116.49442,2020-09-23.9940131,bm,1.44,16.277,>16.277,99.990,0.184,0.224,g
2459116.49565,2020-09-23.9952371,bm,1.51,16.516,>16.516,99.990,-0.054,0.180,g
2459120.48076,2020-09-27.9803563,bm,2.25,16.228,>16.228,99.990,-0.064,0.234,g
2459120.48197,2020-09-27.9815714,bm,2.24,15.904,>15.904,99.990,0.193,0.316,g
2459120.48320,2020-09-27.9828016,bm,2.24,15.944,>15.944,99.990,0.248,0.304,g
2459121.48690,2020-09-28.9864991,bm,2.13,15.763,>15.763,99.990,0.149,0.360,g
2459121.48813,2020-09-28.9877295,bm,2.10,15.943,>15.943,99.990,-0.334,0.305,g
2459121.48934,2020-09-28.9889445,bm,2.14,15.968,>15.968,99.990,0.182,0.298,g
2459122.47759,2020-09-29.9772113,bm,2.12,15.912,>15.912,99.990,-0.622,0.313,g
2459122.47882,2020-09-29.9784324,bm,2.03,15.709,>15.709,99.990,0.357,0.378,g
2459122.48004,2020-09-29.9796488,bm,2.05,15.732,>15.732,99.990,-0.732,0.370,g
2459127.45896,2020-10-04.9585962,bm,1.45,16.004,>16.004,99.990,0.245,0.288,g
2459127.46016,2020-10-04.9598040,bm,1.53,15.987,>15.987,99.990,-0.125,0.292,g
2459127.46139,2020-10-04.9610303,bm,1.53,16.137,>16.137,99.990,0.402,0.255,g
2459128.47428,2020-10-05.9739192,bm,1.52,15.938,>15.938,99.990,0.166,0.306,g
2459128.47549,2020-10-05.9751383,bm,1.55,16.140,>16.140,99.990,0.133,0.254,g
2459128.47672,2020-10-05.9763623,bm,1.59,15.992,>15.992,99.990,0.036,0.291,g
2459129.62164,2020-10-07.1212990,bm,1.51,16.099,>16.099,99.990,0.263,0.264,g
2459129.62286,2020-10-07.1225130,bm,1.51,16.117,>16.117,99.990,-0.182,0.260,g
2459129.62408,2020-10-07.1237340,bm,1.54,16.221,>16.221,99.990,-0.191,0.236,g
2459130.58821,2020-10-08.0878642,bm,1.53,16.175,>16.175,99.990,0.439,0.246,g
2459130.58946,2020-10-08.0891143,bm,1.51,16.208,>16.208,99.990,0.335,0.239,g
2459130.59076,2020-10-08.0904122,bm,1.50,16.149,>16.149,99.990,0.042,0.252,g
2459134.45467,2020-10-11.9543512,bm,2.11,16.617,>16.617,99.990,-0.549,0.164,g
2459134.45589,2020-10-11.9555699,bm,2.16,16.451,>16.451,99.990,-0.359,0.191,g
2459134.45712,2020-10-11.9567957,bm,2.16,16.565,>16.565,99.990,-0.034,0.172,g
2459135.44970,2020-10-12.9493885,bm,1.47,16.251,>16.251,99.990,-0.111,0.229,g
2459135.45094,2020-10-12.9506259,bm,1.53,16.302,>16.302,99.990,-0.108,0.219,g
2459135.45217,2020-10-12.9518582,bm,1.53,16.234,>16.234,99.990,0.231,0.233,g
2459137.44618,2020-10-14.9458821,bm,1.46,16.461,>16.461,99.990,0.050,0.189,g
2459137.44741,2020-10-14.9471134,bm,1.47,16.512,>16.512,99.990,0.226,0.180,g
2459137.44863,2020-10-14.9483283,bm,1.45,16.437,>16.437,99.990,0.033,0.193,g
2459138.62117,2020-10-16.1208776,bm,1.71,16.219,>16.219,99.990,-0.079,0.236,g
2459138.62239,2020-10-16.1220981,bm,1.55,16.087,>16.087,99.990,-0.155,0.267,g
2459138.62360,2020-10-16.1233107,bm,1.97,16.189,>16.189,99.990,0.460,0.243,g
2459141.46404,2020-10-18.9637745,bm,1.61,14.862,>14.862,99.990,0.339,0.825,g
2459141.53204,2020-10-19.0317656,bm,1.52,16.574,>16.574,99.990,0.042,0.170,g
2459141.53325,2020-10-19.0329878,bm,1.52,16.557,>16.557,99.990,0.183,0.173,g
2459141.53448,2020-10-19.0342182,bm,1.54,16.512,>16.512,99.990,-0.145,0.180,g
2459145.48130,2020-10-22.9810577,bm,1.55,14.662,>14.662,99.990,-0.656,0.991,g
2459145.48252,2020-10-22.9822784,bm,1.75,99.990,99.990,99.990,99.990,99.990,g
2459146.42535,2020-10-23.9251153,bm,1.58,15.925,>15.925,99.990,-0.379,0.310,g
2459146.42657,2020-10-23.9263348,bm,1.47,15.987,>15.987,99.990,0.379,0.293,g
2459146.42778,2020-10-23.9275439,bm,1.50,16.038,>16.038,99.990,0.230,0.279,g
2459146.84721,2020-10-24.3469759,bE,1.49,16.428,>16.428,99.990,-0.262,0.195,g
2459147.64877,2020-10-25.1485461,bE,1.57,16.293,>16.293,99.990,-0.263,0.221,g
2459147.65007,2020-10-25.1498444,bE,1.49,16.393,>16.393,99.990,-0.027,0.201,g
2459147.65136,2020-10-25.1511365,bE,1.47,16.386,>16.386,99.990,-0.000,0.203,g
2459148.63556,2020-10-26.1353365,bE,1.55,16.238,>16.238,99.990,0.120,0.232,g
2459148.63684,2020-10-26.1366278,bE,1.52,16.306,>16.306,99.990,0.115,0.218,g
2459148.63814,2020-10-26.1379289,bE,1.48,16.327,>16.327,99.990,-0.197,0.214,g
2459149.64087,2020-10-27.1406622,bi,1.46,16.040,>16.040,99.990,-0.152,0.279,g
2459149.64209,2020-10-27.1418912,bi,1.39,15.974,>15.974,99.990,-0.331,0.296,g
2459149.64331,2020-10-27.1431084,bi,1.42,16.067,>16.067,99.990,0.249,0.272,g
2459153.69699,2020-10-31.1968108,bE,1.46,15.857,>15.857,99.990,-0.580,0.330,g
2459153.69829,2020-10-31.1981112,bE,1.53,15.934,>15.934,99.990,-0.300,0.307,g
2459153.69959,2020-10-31.1994128,bE,1.51,15.970,>15.970,99.990,0.067,0.297,g
2459155.72373,2020-11-02.2235640,bi,1.45,15.778,>15.778,99.990,-0.038,0.355,g
2459155.72495,2020-11-02.2247891,bi,1.46,15.837,>15.837,99.990,-0.013,0.336,g
2459155.72618,2020-11-02.2260174,bi,1.46,15.794,>15.794,99.990,-0.578,0.350,g
2459156.73897,2020-11-03.2388151,bi,1.49,15.871,>15.871,99.990,0.017,0.326,g
2459156.74019,2020-11-03.2400381,bi,1.46,15.838,>15.838,99.990,-0.119,0.336,g
2459156.74143,2020-11-03.2412788,bi,1.52,15.920,>15.920,99.990,0.139,0.311,g
2459163.50517,2020-11-10.0050715,bm,1.54,16.581,>16.581,99.990,0.056,0.169,g
2459163.50642,2020-11-10.0063240,bm,1.54,16.628,>16.628,99.990,-0.213,0.162,g
2459163.50764,2020-11-10.0075390,bm,1.50,16.446,>16.446,99.990,-0.108,0.192,g
2459164.35829,2020-11-10.8582009,bm,1.71,16.347,>16.347,99.990,0.170,0.210,g
2459164.35951,2020-11-10.8594178,bm,1.56,16.317,>16.317,99.990,-0.391,0.216,g
2459164.36072,2020-11-10.8606268,bm,1.61,16.343,>16.343,99.990,-0.416,0.211,g
2459165.60637,2020-11-12.1062899,bE,1.53,16.490,>16.490,99.990,-0.050,0.184,g
2459165.60766,2020-11-12.1075755,bE,1.48,16.435,>16.435,99.990,-0.161,0.194,g
2459165.60894,2020-11-12.1088609,bE,1.52,16.411,>16.411,99.990,0.097,0.198,g
2459166.60431,2020-11-13.1042402,bE,1.51,16.422,>16.422,99.990,-0.275,0.196,g
2459166.60561,2020-11-13.1055388,bE,1.51,16.678,>16.678,99.990,0.127,0.155,g
2459166.63922,2020-11-13.1391508,bi,1.40,16.302,>16.302,99.990,0.196,0.219,g
2459166.64045,2020-11-13.1403806,bi,1.51,16.254,>16.254,99.990,0.040,0.229,g
2459166.64168,2020-11-13.1416085,bi,1.50,16.217,>16.217,99.990,-0.338,0.237,g
2459168.84838,2020-11-15.3483280,bi,1.47,16.353,>16.353,99.990,-0.169,0.209,g
2459168.84960,2020-11-15.3495475,bi,1.42,16.288,>16.288,99.990,-0.526,0.222,g
2459168.85083,2020-11-15.3507790,bi,1.46,16.294,>16.294,99.990,-0.229,0.221,g
2459169.35134,2020-11-15.8512896,bm,1.48,16.477,>16.477,99.990,-0.428,0.186,g
2459169.35257,2020-11-15.8525140,bm,1.49,16.386,>16.386,99.990,-0.271,0.203,g
2459169.35384,2020-11-15.8537900,bm,1.56,16.724,>16.724,99.990,0.127,0.148,g
2459170.82162,2020-11-17.3215821,bE,1.55,16.749,>16.749,99.990,-0.164,0.145,g
2459170.82290,2020-11-17.3228609,bE,1.52,16.432,>16.432,99.990,-0.030,0.194,g
2459170.82419,2020-11-17.3241474,bE,1.58,16.470,>16.470,99.990,-0.186,0.188,g
2459171.67943,2020-11-18.1794003,bE,1.48,16.405,>16.405,99.990,-0.101,0.199,g
2459171.68071,2020-11-18.1806869,bE,1.56,16.607,>16.607,99.990,0.132,0.165,g
2459171.68200,2020-11-18.1819747,bE,1.49,16.479,>16.479,99.990,0.032,0.186,g
2459171.68371,2020-11-18.1836842,bi,1.43,16.318,>16.318,99.990,0.413,0.216,g
2459171.68493,2020-11-18.1849037,bi,1.46,16.339,>16.339,99.990,-0.154,0.212,g
2459171.68616,2020-11-18.1861290,bi,1.39,16.292,>16.292,99.990,0.081,0.221,g
2459172.68816,2020-11-19.1881420,bi,1.49,16.349,>16.349,99.990,0.249,0.210,g
2459172.68939,2020-11-19.1893709,bi,1.51,16.224,>16.224,99.990,0.101,0.235,g
2459172.69061,2020-11-19.1905965,bi,1.47,16.287,>16.287,99.990,-0.096,0.222,g
2459175.55869,2020-11-22.0586878,bE,1.52,16.287,>16.287,99.990,0.024,0.222,g
2459175.55997,2020-11-22.0599791,bE,1.43,16.331,>16.331,99.990,0.194,0.213,g
2459177.55946,2020-11-24.0594798,bE,1.47,16.321,>16.321,99.990,0.099,0.215,g
2459177.56074,2020-11-24.0607693,bE,1.53,16.336,>16.336,99.990,-0.022,0.212,g
2459177.56204,2020-11-24.0620563,bE,1.56,16.371,>16.371,99.990,0.094,0.205,g
2459178.55985,2020-11-25.0598810,bE,1.60,16.331,>16.331,99.990,0.005,0.213,g
2459178.56113,2020-11-25.0611638,bE,1.58,16.150,>16.150,99.990,0.239,0.252,g
2459178.56243,2020-11-25.0624644,bE,1.53,16.313,>16.313,99.990,0.189,0.217,g
2459180.64057,2020-11-27.1406164,bi,1.40,15.999,>15.999,99.990,0.083,0.289,g
2459180.64180,2020-11-27.1418398,bi,1.50,15.959,>15.959,99.990,-0.568,0.300,g
2459180.64301,2020-11-27.1430574,bi,1.43,16.021,>16.021,99.990,-0.208,0.284,g
2459181.37570,2020-11-27.8757498,bm,1.61,15.970,>15.970,99.990,-0.019,0.297,g
2459181.37693,2020-11-27.8769790,bm,1.59,15.962,>15.962,99.990,-0.179,0.300,g
2459181.37815,2020-11-27.8781964,bm,1.68,15.714,>15.714,99.990,0.279,0.376,g
2459181.42480,2020-11-27.9248545,bm,1.58,16.062,>16.062,99.990,-0.361,0.273,g
2459181.42724,2020-11-27.9272947,bm,1.61,15.906,>15.906,99.990,-0.105,0.315,g
2459181.85330,2020-11-28.3533587,bi,1.54,15.943,>15.943,99.990,-0.718,0.305,g
2459181.85452,2020-11-28.3545891,bi,1.47,15.822,>15.822,99.990,-0.444,0.341,g
2459181.85574,2020-11-28.3558061,bi,1.48,15.885,>15.885,99.990,0.028,0.321,g
2459182.65637,2020-11-29.1564445,bi,1.52,15.860,>15.860,99.990,-0.276,0.329,g
2459182.65760,2020-11-29.1576737,bi,1.52,15.746,>15.746,99.990,0.082,0.365,g
2459182.65882,2020-11-29.1588886,bi,1.48,15.746,>15.746,99.990,-0.082,0.365,g
2459184.46350,2020-11-30.9635774,bm,1.54,15.821,>15.821,99.990,0.462,0.341,g
2459184.46472,2020-11-30.9647982,bm,1.56,15.827,>15.827,99.990,0.020,0.339,g
2459184.46595,2020-11-30.9660262,bm,1.50,15.934,>15.934,99.990,0.128,0.307,g
2459185.53371,2020-12-02.0338,bi,1.63,16.238,>16.238,99.990,-0.182,0.232,g
2459185.53493,2020-12-02.0350230,bi,1.69,16.223,>16.223,99.990,0.263,0.235,g
2459185.53616,2020-12-02.0362487,bi,1.59,16.234,>16.234,99.990,-0.068,0.233,g
2459185.85968,2020-12-02.3597668,bi,1.52,15.312,>15.312,99.990,-1.222,0.545,g
2459186.47675,2020-12-02.9768443,bm,1.40,16.058,>16.058,99.990,-0.553,0.274,g
2459186.47796,2020-12-02.9780598,bm,1.47,16.087,>16.087,99.990,0.097,0.267,g
2459186.47919,2020-12-02.9792887,bm,1.43,15.955,>15.955,99.990,0.235,0.301,g
2459186.51799,2020-12-03.0180875,bm,1.58,16.021,>16.021,99.990,-0.745,0.284,g
2459186.51920,2020-12-03.0193082,bm,1.50,16.004,>16.004,99.990,-0.224,0.288,g
2459186.52043,2020-12-03.0205372,bm,1.53,16.033,>16.033,99.990,-0.072,0.280,g
2459186.81914,2020-12-03.3192386,bE,1.49,16.144,>16.144,99.990,0.008,0.253,g
2459186.82045,2020-12-03.3205494,bE,1.50,16.131,>16.131,99.990,-0.688,0.256,g
2459186.82175,2020-12-03.3218526,bE,1.44,16.157,>16.157,99.990,-0.222,0.250,g
2459187.36961,2020-12-03.8697208,bm,1.46,16.298,>16.298,99.990,-0.053,0.220,g
2459187.37085,2020-12-03.8709615,bm,1.55,16.408,>16.408,99.990,-0.201,0.199,g
2459187.37208,2020-12-03.8721914,bm,1.49,16.277,>16.277,99.990,0.035,0.224,g
2459187.39649,2020-12-03.8965997,bm,1.55,16.173,>16.173,99.990,0.235,0.247,g
2459187.39772,2020-12-03.8978275,bm,1.48,16.189,>16.189,99.990,0.176,0.243,g
2459187.39894,2020-12-03.8990457,bm,1.52,16.136,>16.136,99.990,-0.475,0.255,g
2459187.61926,2020-12-04.1193629,bE,1.58,16.374,>16.374,99.990,0.167,0.205,g
2459187.62055,2020-12-04.1206579,bE,1.46,16.385,>16.385,99.990,-0.011,0.203,g
2459187.62184,2020-12-04.1219465,bE,1.42,16.458,>16.458,99.990,-0.014,0.190,g
2459188.78503,2020-12-05.2851429,bE,1.52,16.260,>16.260,99.990,0.162,0.227,g
2459188.78631,2020-12-05.2864298,bE,1.47,16.237,>16.237,99.990,0.289,0.232,g
2459188.78762,2020-12-05.2877493,bE,1.49,16.325,>16.325,99.990,-0.401,0.214,g
2459189.32063,2020-12-05.8207506,bm,1.53,16.639,>16.639,99.990,0.308,0.160,g
2459189.32184,2020-12-05.8219620,bm,1.51,16.419,>16.419,99.990,0.052,0.197,g
2459189.32308,2020-12-05.8231936,bm,1.43,16.439,>16.439,99.990,-0.078,0.193,g
2459189.47476,2020-12-05.9748743,bm,1.60,16.390,>16.390,99.990,0.089,0.202,g
2459189.47597,2020-12-05.9760947,bm,1.56,16.340,>16.340,99.990,-0.264,0.211,g
2459189.47720,2020-12-05.9773238,bm,1.52,16.256,>16.256,99.990,-0.299,0.228,g
2459189.52167,2020-12-06.0217905,bm,1.55,16.263,>16.263,99.990,-0.010,0.227,g
2459189.52948,2020-12-06.0296097,bE,1.97,16.373,>16.373,99.990,-0.195,0.205,g
2459189.53078,2020-12-06.0309008,bE,1.70,16.337,>16.337,99.990,0.334,0.212,g
2459189.53206,2020-12-06.0321839,bE,1.67,16.356,>16.356,99.990,-0.257,0.208,g
2459190.83443,2020-12-07.3345614,bE,1.52,16.461,>16.461,99.990,0.161,0.189,g
2459190.83573,2020-12-07.3358607,bE,1.55,16.273,>16.273,99.990,-0.091,0.225,g
2459190.83703,2020-12-07.3371590,bE,1.51,16.413,>16.413,99.990,0.154,0.198,g
2459191.33720,2020-12-07.8373329,bm,1.52,16.396,>16.396,99.990,-0.031,0.201,g
2459191.33843,2020-12-07.8385616,bm,1.54,16.437,>16.437,99.990,-0.080,0.193,g
2459191.33966,2020-12-07.8397907,bm,1.57,16.452,>16.452,99.990,-0.038,0.191,g
2459191.36710,2020-12-07.8672351,bm,1.51,16.360,>16.360,99.990,-0.188,0.208,g
2459191.36831,2020-12-07.8684454,bm,1.47,16.381,>16.381,99.990,0.159,0.204,g
2459191.36953,2020-12-07.8696646,bm,1.45,16.528,>16.528,99.990,-0.300,0.178,g
2459191.41195,2020-12-07.9120856,bm,1.50,16.554,>16.554,99.990,0.003,0.174,g
2459191.41317,2020-12-07.9133083,bm,1.49,16.295,>16.295,99.990,-0.208,0.220,g
2459191.41440,2020-12-07.9145366,bm,1.52,16.504,>16.504,99.990,0.036,0.182,g
2459191.45338,2020-12-07.9535180,bm,1.51,15.352,>15.352,99.990,-0.548,0.525,g
2459191.45466,2020-12-07.9547986,bm,1.55,15.801,>15.801,99.990,-0.485,0.347,g
2459191.45602,2020-12-07.9561571,bm,1.49,16.182,>16.182,99.990,-0.299,0.244,g
2459192.47233,2020-12-08.9724759,bm,1.60,99.990,99.990,99.990,99.990,99.990,g
2459192.47357,2020-12-08.9737130,bm,1.55,99.990,99.990,99.990,99.990,99.990,g
2459192.47478,2020-12-08.9749245,bm,1.60,99.990,99.990,99.990,99.990,99.990,g
2459192.82945,2020-12-09.3296001,bi,1.51,16.272,>16.272,99.990,0.164,0.225,g
2459192.83068,2020-12-09.3308289,bi,1.51,16.174,>16.174,99.990,-0.233,0.246,g
2459192.83190,2020-12-09.3320497,bi,1.49,16.183,>16.183,99.990,-0.143,0.244,g
2459193.56086,2020-12-10.0610182,bi,2.20,16.196,>16.196,99.990,0.184,0.241,g
2459193.56209,2020-12-10.0622510,bi,2.19,16.256,>16.256,99.990,0.078,0.228,g
2459193.56332,2020-12-10.0634739,bi,2.20,16.251,>16.251,99.990,-0.256,0.229,g
2459194.32855,2020-12-10.8287075,bm,1.52,16.566,>16.566,99.990,0.121,0.172,g
2459194.32978,2020-12-10.8299363,bm,1.51,99.990,99.990,99.990,99.990,99.990,g
2459194.33101,2020-12-10.8311662,bm,1.49,16.424,>16.424,99.990,-0.347,0.196,g
2459194.57748,2020-12-11.0776434,bE,1.50,16.570,>16.570,99.990,0.166,0.171,g
2459194.57876,2020-12-11.0789234,bE,1.43,16.524,>16.524,99.990,0.031,0.178,g
2459194.58005,2020-12-11.0802113,bE,1.51,16.389,>16.389,99.990,-0.028,0.202,g
2459194.61804,2020-12-11.1182046,bi,1.39,16.146,>16.146,99.990,0.074,0.253,g
2459194.61925,2020-12-11.1194240,bi,1.43,16.208,>16.208,99.990,-0.045,0.239,g
2459194.62048,2020-12-11.1206446,bi,1.43,16.197,>16.197,99.990,-0.122,0.241,g
2459195.30932,2020-12-11.8094893,bm,1.63,16.332,>16.332,99.990,-0.130,0.213,g
2459195.31055,2020-12-11.8107172,bm,1.66,16.469,>16.469,99.990,-0.297,0.188,g
2459195.31178,2020-12-11.8119495,bm,1.61,15.477,>15.477,99.990,0.305,0.468,g
2459195.53982,2020-12-12.0399965,bi,1.44,16.296,>16.296,99.990,-0.045,0.220,g
2459195.54104,2020-12-12.0412164,bi,1.48,16.271,>16.271,99.990,-0.195,0.225,g
2459195.54227,2020-12-12.0424451,bi,1.48,16.271,>16.271,99.990,0.072,0.225,g
2459195.84911,2020-12-12.3492833,bE,1.50,16.315,>16.315,99.990,0.213,0.216,g
2459195.85040,2020-12-12.3505680,bE,1.52,16.265,>16.265,99.990,0.363,0.227,g
2459195.85168,2020-12-12.3518568,bE,1.46,16.230,>16.230,99.990,0.375,0.234,g
2459196.64757,2020-12-13.1477533,bE,1.49,16.444,>16.444,99.990,0.178,0.192,g
2459196.64886,2020-12-13.1490530,bE,1.54,16.475,>16.475,99.990,0.092,0.187,g
2459196.65015,2020-12-13.1503366,bE,1.51,16.441,>16.441,99.990,-0.161,0.193,g
2459197.63445,2020-12-14.1346348,bi,1.47,16.284,>16.284,99.990,0.343,0.223,g
2459197.63567,2020-12-14.1358556,bi,1.36,16.273,>16.273,99.990,-0.026,0.225,g
2459197.63690,2020-12-14.1370842,bi,1.49,16.351,>16.351,99.990,0.066,0.209,g
2459198.31178,2020-12-14.8119729,bm,2.27,16.446,>16.446,99.990,-0.343,0.192,g
2459198.31301,2020-12-14.8132028,bm,2.25,99.990,99.990,99.990,99.990,99.990,g
2459198.31424,2020-12-14.8144337,bm,2.23,16.437,>16.437,99.990,-0.228,0.193,g
2459198.77561,2020-12-15.2758087,bi,1.47,16.367,>16.367,99.990,-0.152,0.206,g
2459198.77685,2020-12-15.2770482,bi,1.42,16.278,>16.278,99.990,0.056,0.224,g
2459198.77808,2020-12-15.2782722,bi,1.37,16.354,>16.354,99.990,0.430,0.209,g
2459198.78712,2020-12-15.2873190,bi,1.42,16.287,>16.287,99.990,-0.114,0.222,g
2459198.78837,2020-12-15.2885690,bi,1.41,16.248,>16.248,99.990,0.331,0.230,g
2459198.78961,2020-12-15.2898072,bi,1.39,16.342,>16.342,99.990,-0.073,0.211,g
2459199.46621,2020-12-15.9664130,bm,1.50,16.504,>16.504,99.990,0.142,0.182,g
2459199.46745,2020-12-15.9676557,bm,1.53,16.580,>16.580,99.990,0.005,0.169,g
2459199.46868,2020-12-15.9688835,bm,1.54,16.487,>16.487,99.990,0.253,0.185,g
2459199.49893,2020-12-15.9991445,bm,1.51,16.395,>16.395,99.990,-0.002,0.201,g
2459199.50017,2020-12-16.0003737,bm,1.46,16.508,>16.508,99.990,-0.015,0.181,g
2459199.50140,2020-12-16.0016052,bm,1.59,16.446,>16.446,99.990,0.371,0.192,g
2459200.35638,2020-12-16.8565847,bm,1.54,16.421,>16.421,99.990,-0.095,0.196,g
2459200.35762,2020-12-16.8578252,bm,1.47,16.321,>16.321,99.990,-0.069,0.215,g
2459200.35884,2020-12-16.8590494,bm,1.50,16.431,>16.431,99.990,0.127,0.194,g
2459200.39006,2020-12-16.8902631,bm,1.55,16.597,>16.597,99.990,0.090,0.167,g
2459200.39128,2020-12-16.8914907,bm,1.46,16.592,>16.592,99.990,0.246,0.168,g
2459200.39253,2020-12-16.8927408,bm,1.48,16.407,>16.407,99.990,0.237,0.199,g
2459200.41621,2020-12-16.9164168,bm,1.50,16.494,>16.494,99.990,-0.043,0.183,g
2459200.41743,2020-12-16.9176399,bm,1.50,16.587,>16.587,99.990,0.149,0.168,g
2459200.41867,2020-12-16.9188798,bm,1.49,99.990,99.990,99.990,99.990,99.990,g
2459200.83726,2020-12-17.3374677,bi,1.40,16.262,>16.262,99.990,-0.152,0.227,g
2459200.83848,2020-12-17.3386991,bi,1.46,16.247,>16.247,99.990,-0.560,0.230,g
2459200.83971,2020-12-17.3399202,bi,1.44,16.229,>16.229,99.990,0.013,0.234,g
2459201.38044,2020-12-17.8806590,bm,1.47,99.990,99.990,99.990,99.990,99.990,g
2459201.38170,2020-12-17.8819098,bm,1.53,16.599,>16.599,99.990,-0.124,0.166,g
2459201.38298,2020-12-17.8831902,bm,1.54,99.990,99.990,99.990,99.990,99.990,g
2459201.84561,2020-12-18.3458381,bi,1.44,16.303,>16.303,99.990,-0.269,0.219,g
2459201.84685,2020-12-18.3470709,bi,1.45,16.116,>16.116,99.990,-0.015,0.260,g
2459201.84808,2020-12-18.3483059,bi,1.37,16.110,>16.110,99.990,-0.027,0.261,g
2459202.35029,2020-12-18.8505153,bm,1.51,16.554,>16.554,99.990,0.010,0.174,g
2459202.35151,2020-12-18.8517390,bm,1.47,16.406,>16.406,99.990,0.070,0.199,g
2459202.35275,2020-12-18.8529749,bm,1.51,16.449,>16.449,99.990,-0.040,0.191,g
2459202.60296,2020-12-19.1031822,bi,1.38,16.309,>16.309,99.990,-0.101,0.217,g
2459202.60419,2020-12-19.1044204,bi,1.46,16.294,>16.294,99.990,-0.084,0.221,g
2459202.60542,2020-12-19.1056483,bi,1.45,16.311,>16.311,99.990,0.104,0.217,g
2459203.50476,2020-12-20.0049968,bm,1.55,16.453,>16.453,99.990,0.163,0.190,g
2459203.50600,2020-12-20.0062269,bm,1.64,99.990,99.990,99.990,99.990,99.990,g
2459203.50721,2020-12-20.0074429,bm,1.55,16.495,>16.495,99.990,0.136,0.183,g
2459204.56761,2020-12-21.0678491,bE,1.54,16.403,>16.403,99.990,0.042,0.199,g
2459204.56890,2020-12-21.0691423,bE,1.52,16.355,>16.355,99.990,-0.102,0.208,g
2459204.57020,2020-12-21.0704491,bE,1.52,16.370,>16.370,99.990,0.012,0.206,g
2459204.61511,2020-12-21.1153487,bE,1.46,16.513,>16.513,99.990,0.059,0.180,g
2459204.61639,2020-12-21.1166331,bE,1.48,16.322,>16.322,99.990,0.139,0.215,g
2459204.61771,2020-12-21.1179457,bE,1.49,16.329,>16.329,99.990,0.351,0.213,g
2459204.64067,2020-12-21.1409130,bi,1.44,16.290,>16.290,99.990,-0.192,0.221,g
2459204.64190,2020-12-21.1421434,bi,1.42,16.287,>16.287,99.990,0.314,0.222,g
2459204.64314,2020-12-21.1433803,bi,1.44,16.257,>16.257,99.990,-0.077,0.228,g
2459206.28364,2020-12-22.7838944,bm,1.42,15.935,>15.935,99.990,-0.130,0.307,g
2459206.28487,2020-12-22.7851256,bm,1.61,16.001,>16.001,99.990,0.498,0.289,g
2459206.28611,2020-12-22.7863568,bm,1.53,16.052,>16.052,99.990,0.134,0.276,g
2459206.38145,2020-12-22.8817047,bm,1.53,16.451,>16.451,99.990,-0.039,0.191,g
2459206.38269,2020-12-22.8829465,bm,1.53,16.288,>16.288,99.990,-0.002,0.222,g
2459206.38394,2020-12-22.8841908,bm,1.48,16.315,>16.315,99.990,-0.091,0.216,g
2459207.59282,2020-12-24.0930826,bE,1.52,16.360,>16.360,99.990,0.037,0.208,g
2459207.59412,2020-12-24.0943848,bE,1.52,16.352,>16.352,99.990,0.036,0.209,g
2459207.59541,2020-12-24.0956707,bE,1.52,16.283,>16.283,99.990,-0.085,0.223,g
2459208.52975,2020-12-25.0300216,bE,1.55,15.749,>15.749,99.990,-0.690,0.364,g
2459208.53106,2020-12-25.0313334,bE,1.45,15.913,>15.913,99.990,-0.059,0.313,g
2459208.53236,2020-12-25.0326251,bE,1.53,15.788,>15.788,99.990,0.013,0.351,g
2459208.70222,2020-12-25.2024982,bi,1.39,16.030,>16.030,99.990,0.373,0.281,g
2459208.70345,2020-12-25.2037260,bi,1.47,16.043,>16.043,99.990,-0.348,0.278,g
2459208.70467,2020-12-25.2049429,bi,1.54,15.977,>15.977,99.990,0.497,0.295,g
2459208.72467,2020-12-25.2249386,bi,1.47,16.038,>16.038,99.990,-0.546,0.279,g
2459208.72590,2020-12-25.2261686,bi,1.49,16.160,>16.160,99.990,0.279,0.249,g
2459208.72714,2020-12-25.2274091,bi,1.41,15.989,>15.989,99.990,-0.310,0.292,g
2459209.58639,2020-12-26.0866670,bi,1.51,15.869,>15.869,99.990,-0.417,0.326,g
2459209.58762,2020-12-26.0878969,bi,1.62,16.093,>16.093,99.990,0.160,0.265,g
2459209.58885,2020-12-26.0891259,bi,1.53,15.899,>15.899,99.990,-0.184,0.317,g
2459211.84588,2020-12-28.3461717,bE,1.55,16.374,>16.374,99.990,-0.010,0.205,g
2459211.84717,2020-12-28.3474615,bE,1.41,16.375,>16.375,99.990,0.262,0.205,g
2459211.84847,2020-12-28.3487590,bE,1.46,16.332,>16.332,99.990,-0.014,0.213,g
2459212.39189,2020-12-28.8921886,bm,1.54,15.941,>15.941,99.990,0.352,0.305,g
2459212.39311,2020-12-28.8934163,bm,1.57,15.908,>15.908,99.990,-0.432,0.315,g
2459212.39441,2020-12-28.8947181,bm,1.52,15.947,>15.947,99.990,-0.052,0.304,g
2459212.43053,2020-12-28.9308350,bm,1.41,16.054,>16.054,99.990,0.344,0.275,g
2459212.43194,2020-12-28.9322317,bm,1.50,16.120,>16.120,99.990,-0.458,0.259,g
2459212.43315,2020-12-28.9334488,bm,1.55,15.932,>15.932,99.990,-1.002,0.308,g
2459213.31520,2020-12-29.8155086,bm,1.51,15.780,>15.780,99.990,0.107,0.354,g
2459213.31643,2020-12-29.8167327,bm,1.45,15.895,>15.895,99.990,0.346,0.319,g
2459213.31766,2020-12-29.8179560,bm,1.54,15.964,>15.964,99.990,0.012,0.299,g
2459213.55356,2020-12-30.0538672,bi,2.31,15.510,>15.510,99.990,-0.502,0.454,g
2459213.55479,2020-12-30.0550950,bi,2.34,15.669,>15.669,99.990,-0.458,0.392,g
2459213.55602,2020-12-30.0563231,bi,2.24,15.543,>15.543,99.990,-0.533,0.440,g
2459213.82227,2020-12-30.3225752,bE,1.57,15.822,>15.822,99.990,-0.139,0.341,g
2459213.82356,2020-12-30.3238671,bE,1.50,15.741,>15.741,99.990,0.282,0.367,g
2459213.82486,2020-12-30.3251643,bE,1.55,15.759,>15.759,99.990,0.246,0.361,g
2459214.32317,2020-12-30.8234881,bm,2.24,15.851,>15.851,99.990,-0.005,0.332,g
2459214.32439,2020-12-30.8247105,bm,2.20,16.021,>16.021,99.990,-0.176,0.284,g
2459214.32562,2020-12-30.8259336,bm,2.23,15.900,>15.900,99.990,-0.093,0.317,g
2459214.39843,2020-12-30.8987510,bm,1.62,16.051,>16.051,99.990,-1.201,0.276,g
2459214.39967,2020-12-30.8999846,bm,1.59,15.891,>15.891,99.990,-0.072,0.320,g
2459214.40089,2020-12-30.9012098,bm,1.55,15.970,>15.970,99.990,-0.186,0.297,g
2459214.64623,2020-12-31.1465424,bi,1.48,15.812,>15.812,99.990,0.157,0.344,g
2459214.64747,2020-12-31.1477820,bi,1.51,15.708,>15.708,99.990,0.065,0.378,g
2459214.64871,2020-12-31.1490208,bi,1.44,15.849,>15.849,99.990,-0.814,0.332,g
2459215.55251,2021-01-01.0528278,bE,1.45,16.403,>16.403,99.990,0.134,0.199,g
2459215.55380,2021-01-01.0541226,bE,1.46,16.455,>16.455,99.990,0.239,0.190,g
2459215.55509,2021-01-01.0554083,bE,1.43,16.329,>16.329,99.990,-0.143,0.214,g
2459216.35964,2021-01-01.8599597,bm,1.63,16.164,>16.164,99.990,-0.137,0.249,g
2459216.36111,2021-01-01.8614300,bm,1.58,16.226,>16.226,99.990,-0.113,0.235,g
2459216.36259,2021-01-01.8629060,bm,1.61,16.151,>16.151,99.990,-0.112,0.251,g
2459216.60115,2021-01-02.1014739,bE,1.46,16.448,>16.448,99.990,-0.231,0.191,g
2459216.60244,2021-01-02.1027637,bE,1.53,16.378,>16.378,99.990,-0.012,0.204,g
2459216.60373,2021-01-02.1040526,bE,1.48,16.331,>16.331,99.990,0.342,0.213,g
2459217.36396,2021-01-02.8642876,bm,1.52,16.368,>16.368,99.990,0.158,0.206,g
2459217.36519,2021-01-02.8655178,bm,1.52,16.442,>16.442,99.990,0.082,0.192,g
2459217.36641,2021-01-02.8667388,bm,1.46,16.470,>16.470,99.990,0.027,0.188,g
2459217.37137,2021-01-02.8717035,bm,1.52,16.295,>16.295,99.990,0.087,0.220,g
2459217.37259,2021-01-02.8729195,bm,1.53,16.327,>16.327,99.990,0.329,0.214,g
2459217.37382,2021-01-02.8741506,bm,1.58,16.364,>16.364,99.990,-0.046,0.207,g
2459217.61433,2021-01-03.1146674,bi,1.43,16.236,>16.236,99.990,0.264,0.233,g
2459217.61556,2021-01-03.1158973,bi,1.42,16.259,>16.259,99.990,-0.132,0.228,g
2459217.61679,2021-01-03.1171206,bi,1.46,16.359,>16.359,99.990,-0.202,0.208,g
2459218.82759,2021-01-04.3279321,bE,1.59,16.320,>16.320,99.990,-0.133,0.215,g
2459218.82889,2021-01-04.3292302,bE,1.51,16.198,>16.198,99.990,-0.173,0.241,g
2459218.83019,2021-01-04.3305280,bE,1.61,16.293,>16.293,99.990,0.507,0.221,g
2459219.48747,2021-01-04.9878060,bm,1.49,16.381,>16.381,99.990,-0.152,0.204,g
2459219.48869,2021-01-04.9890256,bm,1.54,16.241,>16.241,99.990,0.314,0.232,g
2459219.48991,2021-01-04.9902461,bm,1.47,16.067,>16.067,99.990,-0.356,0.272,g
2459219.77724,2021-01-05.2775873,bE,1.49,16.232,>16.232,99.990,0.350,0.234,g
2459219.77857,2021-01-05.2789114,bE,1.45,16.210,>16.210,99.990,0.248,0.238,g
2459219.77987,2021-01-05.2802192,bE,1.51,16.357,>16.357,99.990,0.229,0.208,g
2459220.67498,2021-01-06.1753313,bi,1.42,16.308,>16.308,99.990,-0.174,0.218,g
2459220.67621,2021-01-06.1765576,bi,1.45,16.314,>16.314,99.990,0.358,0.216,g
2459220.67745,2021-01-06.1777969,bi,1.36,16.555,>16.555,99.990,-0.208,0.173,g
2459221.39873,2021-01-06.8990868,bm,1.54,16.442,>16.442,99.990,0.241,0.192,g
2459221.39997,2021-01-06.9003192,bm,1.60,99.990,99.990,99.990,99.990,99.990,g
2459221.40118,2021-01-06.9015435,bm,1.47,99.990,99.990,99.990,99.990,99.990,g
2459221.43232,2021-01-06.9326837,bm,1.47,99.990,99.990,99.990,99.990,99.990,g
2459221.43355,2021-01-06.9339059,bm,1.46,99.990,99.990,99.990,99.990,99.990,g
2459221.43481,2021-01-06.9351687,bm,1.53,99.990,99.990,99.990,99.990,99.990,g
2459221.49257,2021-01-06.9929253,bm,1.55,16.464,>16.464,99.990,0.404,0.189,g
2459221.49381,2021-01-06.9941658,bm,1.56,16.324,>16.324,99.990,0.137,0.215,g
2459221.49504,2021-01-06.9953947,bm,1.55,16.342,>16.342,99.990,0.139,0.211,g
2459222.32722,2021-01-07.8275741,bm,1.56,99.990,99.990,99.990,99.990,99.990,g
2459222.32847,2021-01-07.8288310,bm,1.52,16.443,>16.443,99.990,0.171,0.192,g
2459222.32969,2021-01-07.8300516,bm,1.52,99.990,99.990,99.990,99.990,99.990,g
2459222.55747,2021-01-08.0578395,bi,2.44,16.306,>16.306,99.990,0.084,0.218,g
2459222.55870,2021-01-08.0590693,bi,2.01,16.285,>16.285,99.990,-0.000,0.222,g
2459222.55993,2021-01-08.0602937,bi,1.66,16.157,>16.157,99.990,-0.076,0.250,g
2459223.32320,2021-01-08.8235759,bm,1.49,16.397,>16.397,99.990,0.165,0.201,g
2459223.32443,2021-01-08.8247952,bm,1.50,16.354,>16.354,99.990,0.145,0.209,g
2459223.32565,2021-01-08.8260203,bm,1.50,16.471,>16.471,99.990,0.130,0.187,g
2459223.56149,2021-01-09.0618531,bi,1.38,16.413,>16.413,99.990,0.309,0.198,g
2459223.56272,2021-01-09.0630814,bi,1.44,16.240,>16.240,99.990,-0.119,0.232,g
2459223.56395,2021-01-09.0643120,bi,1.45,16.230,>16.230,99.990,0.222,0.234,g
2459224.61731,2021-01-10.1176775,bi,1.56,16.346,>16.346,99.990,-0.254,0.210,g
2459224.61853,2021-01-10.1189028,bi,1.48,16.264,>16.264,99.990,0.134,0.227,g
2459224.61976,2021-01-10.1201329,bi,1.55,16.412,>16.412,99.990,0.364,0.198,g
2459225.81203,2021-01-11.3124090,bE,1.50,16.409,>16.409,99.990,-0.095,0.198,g
2459226.36096,2021-01-11.8613392,bm,1.50,16.465,>16.465,99.990,0.102,0.188,g
2459226.36219,2021-01-11.8625708,bm,1.49,16.490,>16.490,99.990,0.116,0.184,g
2459226.36342,2021-01-11.8637993,bm,1.50,99.990,99.990,99.990,99.990,99.990,g
2459228.33115,2021-01-13.8315427,bm,1.49,16.391,>16.391,99.990,0.038,0.202,g
2459228.33248,2021-01-13.8328712,bm,1.49,16.426,>16.426,99.990,0.415,0.195,g
2459228.33375,2021-01-13.8341399,bm,1.46,16.366,>16.366,99.990,0.039,0.206,g
2459228.56806,2021-01-14.0684553,bi,1.45,16.211,>16.211,99.990,0.314,0.238,g
2459228.56929,2021-01-14.0696840,bi,1.41,16.537,>16.537,99.990,0.227,0.176,g
2459228.57052,2021-01-14.0709121,bi,1.45,16.283,>16.283,99.990,-0.072,0.223,g
2459229.50531,2021-01-15.0057075,bm,1.48,16.479,>16.479,99.990,0.059,0.186,g
2459229.50655,2021-01-15.0069504,bm,1.54,16.473,>16.473,99.990,-0.016,0.187,g
2459229.50778,2021-01-15.0081761,bm,1.53,99.990,99.990,99.990,99.990,99.990,g
2459229.54162,2021-01-15.0420175,bi,2.40,16.219,>16.219,99.990,-0.712,0.236,g
2459229.54285,2021-01-15.0432446,bi,2.41,16.232,>16.232,99.990,-0.150,0.233,g
2459229.54407,2021-01-15.0444723,bi,2.42,16.338,>16.338,99.990,-0.322,0.212,g
2459231.42985,2021-01-16.9302533,bm,1.55,16.395,>16.395,99.990,0.076,0.201,g
2459231.43108,2021-01-16.9314788,bm,1.54,16.433,>16.433,99.990,0.149,0.194,g
2459231.43231,2021-01-16.9327137,bm,1.54,16.445,>16.445,99.990,0.052,0.192,g
2459233.31325,2021-01-18.8136648,bm,1.53,16.477,>16.477,99.990,0.110,0.186,g
2459233.31448,2021-01-18.8148913,bm,1.47,16.256,>16.256,99.990,0.229,0.228,g
2459233.31569,2021-01-18.8161082,bm,1.46,16.390,>16.390,99.990,0.001,0.202,g
2459233.45856,2021-01-18.9589791,bm,1.49,16.380,>16.380,99.990,-0.065,0.204,g
2459233.45980,2021-01-18.9602119,bm,1.47,99.990,99.990,99.990,99.990,99.990,g
2459233.46103,2021-01-18.9614434,bm,1.52,16.531,>16.531,99.990,0.115,0.177,g
2459233.51474,2021-01-19.0151577,bm,1.49,16.450,>16.450,99.990,-0.051,0.191,g
2459233.51596,2021-01-19.0163749,bm,1.48,16.317,>16.317,99.990,-0.070,0.216,g
2459233.51719,2021-01-19.0176049,bm,1.56,16.329,>16.329,99.990,0.015,0.214,g
2459234.56491,2021-01-20.0653332,bE,2.24,16.480,>16.480,99.990,-0.222,0.186,g
2459234.56620,2021-01-20.0666212,bE,2.20,16.456,>16.456,99.990,-0.281,0.190,g
2459234.56751,2021-01-20.0679368,bE,2.21,16.412,>16.412,99.990,-0.167,0.198,g
2459235.43225,2021-01-20.9326710,bm,1.43,99.990,99.990,99.990,99.990,99.990,g
2459235.43347,2021-01-20.9339018,bm,1.48,99.990,99.990,99.990,99.990,99.990,g
2459235.43469,2021-01-20.9351222,bm,1.49,99.990,99.990,99.990,99.990,99.990,g
2459240.28550,2021-01-25.7859436,bm,1.98,16.120,>16.120,99.990,-0.095,0.259,g
2459240.28674,2021-01-25.7871771,bm,1.96,15.934,>15.934,99.990,0.034,0.307,g
2459240.28796,2021-01-25.7884049,bm,1.95,15.924,>15.924,99.990,-0.284,0.310,g
2459240.52576,2021-01-26.0262026,bm,1.53,15.985,>15.985,99.990,0.014,0.293,g
2459242.35814,2021-01-27.8585938,bm,1.52,15.877,>15.877,99.990,-0.140,0.324,g
2459242.35940,2021-01-27.8598474,bm,1.99,15.697,>15.697,99.990,0.669,0.382,g
2459242.36063,2021-01-27.8610785,bm,1.97,15.746,>15.746,99.990,0.678,0.365,g
2459242.76246,2021-01-28.2629178,bE,1.50,15.699,>15.699,99.990,0.539,0.381,g
2459242.76377,2021-01-28.2642226,bE,1.51,15.807,>15.807,99.990,0.427,0.345,g
2459242.76507,2021-01-28.2655188,bE,1.53,15.845,>15.845,99.990,-0.469,0.334,g
2459243.44757,2021-01-28.9480241,bm,1.65,15.686,>15.686,99.990,-0.257,0.386,g
2459243.44880,2021-01-28.9492545,bm,1.58,15.698,>15.698,99.990,0.740,0.382,g
2459243.45002,2021-01-28.9504706,bm,1.56,15.785,>15.785,99.990,0.166,0.353,g
2459244.44680,2021-01-29.9472608,bm,2.00,15.774,>15.774,99.990,-0.625,0.356,g
2459244.44802,2021-01-29.9484762,bm,2.00,15.750,>15.750,99.990,-0.128,0.364,g
2459244.44924,2021-01-29.9496991,bm,1.68,15.836,>15.836,99.990,0.114,0.336,g
2459245.35372,2021-01-30.8541847,bm,1.56,16.017,>16.017,99.990,0.200,0.285,g
2459245.35495,2021-01-30.8554123,bm,1.51,15.960,>15.960,99.990,-0.569,0.300,g
2459245.35616,2021-01-30.8566260,bm,1.51,16.113,>16.113,99.990,0.479,0.261,g
2459248.33249,2021-02-02.8329590,bm,1.52,99.990,99.990,99.990,99.990,99.990,g
2459248.33372,2021-02-02.8341822,bm,1.56,16.439,>16.439,99.990,0.037,0.193,g
2459248.33494,2021-02-02.8354125,bm,1.54,99.990,99.990,99.990,99.990,99.990,g
2459248.64586,2021-02-03.1463239,bE,1.54,16.361,>16.361,99.990,0.110,0.207,g
2459248.64714,2021-02-03.1476072,bE,1.56,16.477,>16.477,99.990,-0.114,0.186,g
2459248.64845,2021-02-03.1489129,bE,1.57,16.389,>16.389,99.990,0.066,0.202,g
2459250.42775,2021-02-04.9282280,bm,1.55,99.990,99.990,99.990,99.990,99.990,g
2459250.42899,2021-02-04.9294590,bm,1.50,16.484,>16.484,99.990,-0.061,0.185,g
2459250.43021,2021-02-04.9306842,bm,1.58,99.990,99.990,99.990,99.990,99.990,g
2459251.69981,2021-02-06.2002793,bE,1.50,16.557,>16.557,99.990,0.112,0.173,g
2459251.70110,2021-02-06.2015754,bE,1.46,16.357,>16.357,99.990,0.050,0.208,g
2459251.70241,2021-02-06.2028859,bE,1.54,16.484,>16.484,99.990,0.287,0.185,g
2459252.41918,2021-02-06.9196525,bm,1.52,99.990,99.990,99.990,99.990,99.990,g
2459252.42039,2021-02-06.9208663,bm,1.55,99.990,99.990,99.990,99.990,99.990,g
2459252.42162,2021-02-06.9220951,bm,1.57,99.990,99.990,99.990,99.990,99.990,g
2459252.73084,2021-02-07.2313179,bE,1.44,16.496,>16.496,99.990,-0.119,0.183,g
2459252.73213,2021-02-07.2326078,bE,1.45,16.426,>16.426,99.990,0.011,0.195,g
2459252.73344,2021-02-07.2339194,bE,1.45,16.382,>16.382,99.990,0.217,0.203,g
2459253.48176,2021-02-07.9822386,bm,1.59,16.434,>16.434,99.990,-0.020,0.194,g
2459253.48299,2021-02-07.9834664,bm,1.57,16.358,>16.358,99.990,0.040,0.208,g
2459253.48421,2021-02-07.9846934,bm,1.49,16.340,>16.340,99.990,-0.524,0.211,g
2459254.44395,2021-02-08.9444324,bm,1.48,16.503,>16.503,99.990,0.133,0.182,g
2459254.44518,2021-02-08.9456535,bm,1.57,16.324,>16.324,99.990,0.176,0.215,g
2459254.44640,2021-02-08.9468732,bm,1.52,99.990,99.990,99.990,99.990,99.990,g
2459255.48196,2021-02-09.9824377,bm,1.51,99.990,99.990,99.990,99.990,99.990,g
2459255.48319,2021-02-09.9836702,bm,1.48,16.458,>16.458,99.990,0.050,0.190,g
2459255.48442,2021-02-09.9849001,bm,1.56,99.990,99.990,99.990,99.990,99.990,g
2459256.47967,2021-02-10.9801493,bm,1.53,16.293,>16.293,99.990,-0.421,0.221,g
2459256.48090,2021-02-10.9813817,bm,1.53,15.980,>15.980,99.990,-0.293,0.295,g
2459256.48214,2021-02-10.9826236,bm,1.50,16.210,>16.210,99.990,0.402,0.238,g
2459256.53307,2021-02-11.0335531,bi,1.54,16.297,>16.297,99.990,0.097,0.220,g
2459256.53429,2021-02-11.0347782,bi,1.48,16.193,>16.193,99.990,0.110,0.242,g
2459256.53553,2021-02-11.0360097,bi,1.52,16.162,>16.162,99.990,-0.098,0.249,g
2459257.68802,2021-02-12.1884983,bi,1.46,16.260,>16.260,99.990,0.097,0.228,g
2459257.68924,2021-02-12.1897215,bi,1.38,16.188,>16.188,99.990,0.226,0.243,g
2459257.69048,2021-02-12.1909677,bi,1.42,16.176,>16.176,99.990,-0.255,0.246,g
2459258.34283,2021-02-12.8433126,bm,1.53,99.990,99.990,99.990,99.990,99.990,g
2459258.34405,2021-02-12.8445324,bm,1.57,16.023,>16.023,99.990,0.269,0.283,g
2459258.34527,2021-02-12.8457586,bm,1.51,15.917,>15.917,99.990,-0.573,0.312,g
2459258.40699,2021-02-12.9074741,bm,1.60,16.338,>16.338,99.990,0.143,0.212,g
2459258.40822,2021-02-12.9087042,bm,1.54,16.391,>16.391,99.990,0.086,0.202,g
2459258.40944,2021-02-12.9099261,bm,1.48,16.413,>16.413,99.990,-0.043,0.198,g
2459259.40600,2021-02-13.9064833,bm,1.58,16.259,>16.259,99.990,0.017,0.228,g
2459259.40723,2021-02-13.9077144,bm,1.59,16.218,>16.218,99.990,0.049,0.237,g
2459259.40846,2021-02-13.9089430,bm,1.54,16.443,>16.443,99.990,-0.421,0.192,g
2459259.70265,2021-02-14.2031395,bE,1.49,16.490,>16.490,99.990,0.271,0.184,g
2459259.70395,2021-02-14.2044303,bE,1.51,16.544,>16.544,99.990,0.102,0.175,g
2459259.70524,2021-02-14.2057290,bE,1.49,16.522,>16.522,99.990,0.123,0.179,g
2459261.31385,2021-02-15.8143431,bm,2.02,16.476,>16.476,99.990,-0.185,0.187,g
2459261.31512,2021-02-15.8156026,bm,2.01,16.507,>16.507,99.990,-0.254,0.181,g
2459261.31639,2021-02-15.8168785,bm,2.03,16.622,>16.622,99.990,-0.069,0.163,g
2459261.53331,2021-02-16.0337986,bi,1.70,16.257,>16.257,99.990,0.200,0.228,g
2459261.53454,2021-02-16.0350247,bi,1.71,16.311,>16.311,99.990,0.373,0.217,g
2459261.53577,2021-02-16.0362592,bi,1.68,16.108,>16.108,99.990,0.373,0.262,g
2459262.42313,2021-02-16.9236122,bm,1.58,16.418,>16.418,99.990,-0.174,0.197,g
2459262.42436,2021-02-16.9248528,bm,2.06,16.372,>16.372,99.990,0.119,0.205,g
2459262.42560,2021-02-16.9260864,bm,2.00,16.438,>16.438,99.990,0.035,0.193,g
2459262.70954,2021-02-17.2100223,bE,1.51,16.352,>16.352,99.990,0.035,0.209,g
2459262.71083,2021-02-17.2113188,bE,1.47,16.679,>16.679,99.990,0.226,0.155,g
2459262.71212,2021-02-17.2126108,bE,1.55,16.455,>16.455,99.990,-0.013,0.190,g
2459263.70013,2021-02-18.2006275,bE,1.45,16.419,>16.419,99.990,-0.002,0.197,g
2459263.70143,2021-02-18.2019237,bE,1.49,16.374,>16.374,99.990,-0.113,0.205,g
2459263.70273,2021-02-18.2032221,bE,1.48,16.398,>16.398,99.990,0.252,0.200,g
2459265.29352,2021-02-19.7940011,bm,1.51,16.501,>16.501,99.990,-0.045,0.182,g
2459265.29475,2021-02-19.7952370,bm,1.43,16.228,>16.228,99.990,0.009,0.234,g
2459265.29599,2021-02-19.7964707,bm,1.53,16.421,>16.421,99.990,-0.253,0.196,g
2459266.53131,2021-02-21.0317936,bE,1.51,16.299,>16.299,99.990,0.032,0.219,g
2459266.53259,2021-02-21.0330744,bE,1.45,16.321,>16.321,99.990,0.387,0.215,g
2459266.53388,2021-02-21.0343626,bE,1.44,16.458,>16.458,99.990,0.420,0.190,g
2459267.41297,2021-02-21.9134587,bm,2.09,99.990,99.990,99.990,99.990,99.990,g
2459267.41419,2021-02-21.9146770,bm,2.11,99.990,99.990,99.990,99.990,99.990,g
2459267.41543,2021-02-21.9159165,bm,2.10,99.990,99.990,99.990,99.990,99.990,g
2459269.63700,2021-02-24.1374854,bE,1.45,16.045,>16.045,99.990,-0.040,0.277,g
2459269.63831,2021-02-24.1387995,bE,1.53,16.179,>16.179,99.990,0.333,0.245,g
2459269.63963,2021-02-24.1401093,bE,1.55,16.067,>16.067,99.990,-0.433,0.272,g
2459270.57675,2021-02-25.0772327,bE,1.45,16.101,>16.101,99.990,0.145,0.263,g
2459270.57805,2021-02-25.0785378,bE,1.43,16.015,>16.015,99.990,-0.089,0.285,g
2459270.57936,2021-02-25.0798444,bE,1.55,16.056,>16.056,99.990,0.182,0.275,g
2459271.33893,2021-02-25.8394094,bm,1.65,15.937,>15.937,99.990,-0.257,0.306,g
2459271.34016,2021-02-25.8406467,bm,1.52,15.940,>15.940,99.990,0.429,0.306,g
2459271.34140,2021-02-25.8418788,bm,1.52,15.778,>15.778,99.990,-0.341,0.355,g
2459271.37047,2021-02-25.8709552,bm,2.09,15.851,>15.851,99.990,0.257,0.331,g
2459271.37170,2021-02-25.8721805,bm,2.05,15.727,>15.727,99.990,0.719,0.372,g
2459271.37294,2021-02-25.8734201,bm,2.07,15.664,>15.664,99.990,-0.214,0.394,g
2459272.30162,2021-02-26.8021028,bm,1.41,15.876,>15.876,99.990,-0.636,0.324,g
2459272.30286,2021-02-26.8033431,bm,1.55,15.905,>15.905,99.990,-0.304,0.315,g
2459272.30409,2021-02-26.8045751,bm,1.46,15.787,>15.787,99.990,0.120,0.352,g
2459272.33791,2021-02-26.8383924,bm,1.63,15.671,>15.671,99.990,-0.160,0.391,g
2459272.33914,2021-02-26.8396216,bm,1.58,15.782,>15.782,99.990,0.448,0.353,g
2459272.34037,2021-02-26.8408506,bm,1.61,15.741,>15.741,99.990,-0.279,0.367,g
2459272.37835,2021-02-26.8788322,bm,1.60,15.623,>15.623,99.990,-0.193,0.409,g
2459272.37959,2021-02-26.8800681,bm,1.68,15.622,>15.622,99.990,-0.481,0.410,g
2459272.38081,2021-02-26.8812900,bm,1.64,15.835,>15.835,99.990,-0.026,0.336,g
2459273.25318,2021-02-27.7536575,bm,1.96,15.652,>15.652,99.990,-0.804,0.398,g
2459273.25440,2021-02-27.7548776,bm,1.95,15.610,>15.610,99.990,-0.225,0.414,g
2459273.25561,2021-02-27.7560885,bm,1.72,15.764,>15.764,99.990,-0.406,0.359,g
2459275.54899,2021-03-02.0494613,bi,1.48,16.165,>16.165,99.990,0.072,0.248,g
2459275.55023,2021-03-02.0507056,bi,1.45,16.195,>16.195,99.990,-0.256,0.242,g
2459275.55145,2021-03-02.0519277,bi,1.43,16.179,>16.179,99.990,0.363,0.245,g
2459276.27668,2021-03-02.7771591,bm,1.48,16.543,>16.543,99.990,-0.105,0.175,g
2459276.27791,2021-03-02.7783879,bm,1.48,16.434,>16.434,99.990,-0.135,0.194,g
2459276.27913,2021-03-02.7796087,bm,1.49,16.479,>16.479,99.990,-0.113,0.186,g
2459278.30162,2021-03-04.8020913,bm,1.55,16.575,>16.575,99.990,-0.161,0.170,g
2459278.30284,2021-03-04.8033097,bm,1.49,16.561,>16.561,99.990,0.218,0.172,g
2459278.30407,2021-03-04.8045412,bm,1.49,16.554,>16.554,99.990,0.186,0.174,g
2459279.29675,2021-03-05.7972194,bm,1.53,16.438,>16.438,99.990,-0.038,0.193,g
2459279.29797,2021-03-05.7984403,bm,1.49,16.488,>16.488,99.990,-0.135,0.184,g
2459279.29918,2021-03-05.7996528,bm,1.49,16.333,>16.333,99.990,-0.080,0.213,g
2459279.36352,2021-03-05.8639934,bm,1.63,16.317,>16.317,99.990,-0.105,0.216,g
2459279.36475,2021-03-05.8652196,bm,1.60,16.455,>16.455,99.990,-0.122,0.190,g
2459279.36597,2021-03-05.8664418,bm,1.56,16.333,>16.333,99.990,0.021,0.213,g
2459280.65580,2021-03-07.1562697,bE,1.51,16.714,>16.714,99.990,0.417,0.150,g
2459280.65708,2021-03-07.1575462,bE,1.52,16.443,>16.443,99.990,0.015,0.192,g
2459280.65837,2021-03-07.1588371,bE,1.49,16.496,>16.496,99.990,-0.083,0.183,g
2459281.65192,2021-03-08.1523895,bE,1.50,16.425,>16.425,99.990,0.019,0.195,g
2459281.65321,2021-03-08.1536730,bE,1.54,16.569,>16.569,99.990,0.352,0.171,g
2459281.65451,2021-03-08.1549714,bE,1.47,16.442,>16.442,99.990,0.336,0.192,g
2459282.29428,2021-03-08.7947376,bm,1.63,99.990,99.990,99.990,99.990,99.990,g
2459282.29674,2021-03-08.7971976,bm,1.57,99.990,99.990,99.990,99.990,99.990,g
2459282.36300,2021-03-08.8634686,bm,1.52,99.990,99.990,99.990,99.990,99.990,g
2459282.36424,2021-03-08.8646974,bm,1.73,15.184,>15.184,99.990,0.779,0.613,g
2459282.36546,2021-03-08.8659263,bm,1.67,99.990,99.990,99.990,99.990,99.990,g
2459282.65477,2021-03-09.1552331,bE,1.48,16.378,>16.378,99.990,0.062,0.204,g
2459282.65608,2021-03-09.1565438,bE,1.49,16.434,>16.434,99.990,-0.020,0.194,g
2459282.65737,2021-03-09.1578337,bE,1.51,16.411,>16.411,99.990,0.094,0.198,g
2459283.65368,2021-03-10.1541432,bE,1.52,16.406,>16.406,99.990,0.041,0.199,g
2459283.65497,2021-03-10.1554260,bE,2.20,16.310,>16.310,99.990,0.189,0.217,g
2459284.64498,2021-03-11.1454394,bE,1.46,16.112,>16.112,99.990,0.103,0.261,g
2459284.64627,2021-03-11.1467307,bE,1.39,16.062,>16.062,99.990,0.080,0.273,g
2459284.64757,2021-03-11.1480285,bE,1.49,16.376,>16.376,99.990,-0.068,0.205,g
2459286.33551,2021-03-12.8359671,bm,1.64,16.398,>16.398,99.990,-0.338,0.200,g
2459286.33673,2021-03-12.8371831,bm,1.53,16.468,>16.468,99.990,0.218,0.188,g
2459286.33796,2021-03-12.8384120,bm,1.56,16.412,>16.412,99.990,0.241,0.198,g
2459287.63463,2021-03-14.1350767,bE,1.55,16.586,>16.586,99.990,0.132,0.169,g
2459287.63593,2021-03-14.1363734,bE,1.54,16.413,>16.413,99.990,0.003,0.198,g
2459287.63721,2021-03-14.1376600,bE,1.60,16.393,>16.393,99.990,0.060,0.201,g
2459289.24486,2021-03-15.7453,bm,2.02,16.210,>16.210,99.990,-0.174,0.238,g
2459289.24609,2021-03-15.7465314,bm,1.59,16.243,>16.243,99.990,-0.113,0.231,g
2459289.24731,2021-03-15.7477556,bm,1.51,16.303,>16.303,99.990,-0.024,0.219,g
2459290.36541,2021-03-16.8658431,bm,2.04,99.990,99.990,99.990,99.990,99.990,g
2459290.36663,2021-03-16.8670675,bm,2.06,99.990,99.990,99.990,99.990,99.990,g
2459290.36785,2021-03-16.8682916,bm,2.08,16.492,>16.492,99.990,0.032,0.184,g
2459292.24005,2021-03-18.7404856,bm,1.51,15.975,>15.975,99.990,-0.106,0.296,g
2459292.24247,2021-03-18.7429079,bm,1.57,16.103,>16.103,99.990,0.225,0.263,g
2459292.52294,2021-03-19.0233712,bi,1.46,16.142,>16.142,99.990,-0.133,0.254,g
2459292.52418,2021-03-19.0246062,bi,1.49,16.149,>16.149,99.990,0.308,0.252,g
2459292.52540,2021-03-19.0258350,bi,1.41,16.044,>16.044,99.990,-0.138,0.278,g
2459293.54459,2021-03-20.0450179,bE,1.5,16.381,>16.381,99.990,0.272,0.204,g
2459293.54589,2021-03-20.0463162,bE,1.54,16.414,>16.414,99.990,-0.101,0.197,g
2459293.54719,2021-03-20.0476137,bE,1.47,16.317,>16.317,99.990,0.301,0.216,g
2459294.37706,2021-03-20.8774811,bm,2.17,16.443,>16.443,99.990,-0.422,0.192,g
2459294.37828,2021-03-20.8786996,bm,2.19,16.502,>16.502,99.990,0.053,0.182,g
2459294.53216,2021-03-21.0325865,bi,1.46,16.120,>16.120,99.990,0.423,0.259,g
2459294.53338,2021-03-21.0338039,bi,1.43,16.171,>16.171,99.990,0.072,0.247,g
2459294.53460,2021-03-21.0350328,bi,1.46,16.262,>16.262,99.990,-0.016,0.227,g
2459295.37021,2021-03-21.8706270,bm,1.99,99.990,99.990,99.990,99.990,99.990,g
2459295.37144,2021-03-21.8718548,bm,2.01,16.262,>16.262,99.990,0.151,0.227,g
2459295.37266,2021-03-21.8730732,bm,2.0,99.990,99.990,99.990,99.990,99.990,g
2459296.49742,2021-03-22.9978318,bE,1.56,16.361,>16.361,99.990,0.312,0.207,g
2459296.49871,2021-03-22.9991256,bE,1.55,16.247,>16.247,99.990,-0.180,0.230,g
2459296.50000,2021-03-23.0004131,bE,1.56,16.401,>16.401,99.990,-0.288,0.200,g
2459297.57625,2021-03-24.0766626,bE,1.49,16.207,>16.207,99.990,0.036,0.239,g
2459297.57754,2021-03-24.0779526,bE,1.54,16.150,>16.150,99.990,-0.146,0.252,g
2459297.57884,2021-03-24.0792486,bE,1.52,16.197,>16.197,99.990,0.594,0.241,g
2459298.36270,2021-03-24.8631052,bm,1.68,16.060,>16.060,99.990,-0.106,0.274,g
2459298.36393,2021-03-24.8643327,bm,1.66,15.865,>15.865,99.990,-0.225,0.327,g
2459298.36515,2021-03-24.8655579,bm,1.55,15.998,>15.998,99.990,-0.571,0.290,g
2459300.60055,2021-03-27.1009469,bE,1.56,15.964,>15.964,99.990,0.175,0.299,g
2459300.60185,2021-03-27.1022503,bE,1.49,15.871,>15.871,99.990,-0.535,0.326,g
2459300.60314,2021-03-27.1035434,bE,1.49,15.969,>15.969,99.990,0.024,0.298,g
2459301.59931,2021-03-28.0997043,bE,1.49,15.827,>15.827,99.990,0.693,0.339,g
2459301.60061,2021-03-28.1010018,bE,1.54,15.670,>15.670,99.990,0.819,0.392,g
2459301.60190,2021-03-28.1022910,bE,1.53,15.673,>15.673,99.990,-0.521,0.391,g
2459305.24818,2021-03-31.7485535,bm,1.47,16.519,>16.519,99.990,0.385,0.179,g
2459305.24941,2021-03-31.7497812,bm,1.46,16.489,>16.489,99.990,0.081,0.184,g
2459305.25064,2021-03-31.7510034,bm,1.48,16.408,>16.408,99.990,0.210,0.199,g
2459306.56188,2021-04-02.0622393,bE,1.45,16.526,>16.526,99.990,0.075,0.178,g
2459306.56316,2021-04-02.0635255,bE,1.56,16.380,>16.380,99.990,0.227,0.204,g
2459306.56446,2021-04-02.0648263,bE,1.56,16.428,>16.428,99.990,-0.074,0.195,g
2459308.25328,2021-04-03.7536263,bm,1.52,16.459,>16.459,99.990,-0.036,0.189,g
2459308.25449,2021-04-03.7548449,bm,1.56,16.512,>16.512,99.990,0.117,0.180,g
2459308.25572,2021-04-03.7560692,bm,1.56,16.558,>16.558,99.990,-0.113,0.173,g
2459309.57639,2021-04-05.0767375,bE,1.58,16.561,>16.561,99.990,0.104,0.172,g
2459309.57770,2021-04-05.0780452,bE,1.53,16.543,>16.543,99.990,-0.132,0.175,g
2459309.57902,2021-04-05.0793609,bE,1.53,16.526,>16.526,99.990,0.149,0.178,g
2459311.57539,2021-04-07.0757354,bE,1.58,16.431,>16.431,99.990,0.049,0.194,g
2459311.57666,2021-04-07.0769916,bE,1.5,16.450,>16.450,99.990,0.360,0.191,g
2459311.57792,2021-04-07.0782541,bE,1.51,16.578,>16.578,99.990,0.202,0.170,g
2459312.56811,2021-04-08.0684454,bE,1.4,16.408,>16.408,99.990,0.070,0.199,g
2459312.56939,2021-04-08.0697218,bE,1.48,16.461,>16.461,99.990,0.236,0.189,g
2459312.57068,2021-04-08.0710034,bE,1.46,16.402,>16.402,99.990,0.224,0.200,g
2459313.50870,2021-04-09.0090134,bi,1.46,16.229,>16.229,99.990,0.301,0.234,g
2459313.50991,2021-04-09.0102340,bi,1.45,16.283,>16.283,99.990,0.078,0.223,g
2459313.51113,2021-04-09.0114534,bi,1.42,16.267,>16.267,99.990,0.000,0.226,g
2459315.22729,2021-04-10.7275967,bm,1.53,16.293,>16.293,99.990,-0.065,0.221,g
2459315.22929,2021-04-10.7295966,bm,1.63,16.432,>16.432,99.990,-0.108,0.194,g
2459316.31728,2021-04-11.8175792,bm,1.58,16.247,>16.247,99.990,-0.522,0.230,g
2459316.31850,2021-04-11.8188037,bm,1.56,16.322,>16.322,99.990,-0.269,0.215,g
2459317.24156,2021-04-12.7418621,bm,1.55,16.188,>16.188,99.990,0.167,0.243,g
2459317.24279,2021-04-12.7430851,bm,1.49,16.065,>16.065,99.990,0.290,0.272,g
2459317.24401,2021-04-12.7443060,bm,1.55,16.248,>16.248,99.990,-0.109,0.230,g
2459319.30642,2021-04-14.8066997,bm,1.55,16.389,>16.389,99.990,0.031,0.202,g
2459319.30766,2021-04-14.8079417,bm,1.54,16.332,>16.332,99.990,-0.019,0.213,g
2459319.30889,2021-04-14.8091762,bm,1.55,16.344,>16.344,99.990,0.067,0.211,g
2459320.29905,2021-04-15.7993325,bm,1.58,16.357,>16.357,99.990,-0.227,0.208,g
2459320.30029,2021-04-15.8005619,bm,1.56,16.361,>16.361,99.990,0.026,0.207,g
2459320.30151,2021-04-15.8017881,bm,1.47,16.506,>16.506,99.990,-0.154,0.181,g
2459321.48030,2021-04-16.9805655,bi,1.44,15.819,>15.819,99.990,-0.190,0.341,g
2459321.48153,2021-04-16.9817934,bi,1.43,16.227,>16.227,99.990,0.330,0.235,g
2459321.48276,2021-04-16.9830214,bi,1.38,16.274,>16.274,99.990,-0.194,0.225,g
2459323.29786,2021-04-18.7981136,bm,1.51,16.253,>16.253,99.990,-0.274,0.229,g
2459323.29909,2021-04-18.7993403,bm,1.49,16.420,>16.420,99.990,-0.441,0.196,g
2459323.48115,2021-04-18.9814083,bi,1.48,16.160,>16.160,99.990,-0.076,0.250,g
2459323.48238,2021-04-18.9826361,bi,1.46,16.090,>16.090,99.990,0.283,0.266,g
2459323.48362,2021-04-18.9838756,bi,1.47,16.273,>16.273,99.990,0.037,0.225,g
2459324.49719,2021-04-19.9974412,bi,1.48,16.211,>16.211,99.990,0.149,0.238,g
2459324.49843,2021-04-19.9986747,bi,1.48,16.053,>16.053,99.990,0.366,0.275,g
2459324.49966,2021-04-19.9999060,bi,1.52,16.174,>16.174,99.990,-0.226,0.246,g
2459326.28246,2021-04-21.7826885,bm,1.6,15.890,>15.890,99.990,-0.073,0.320,g
2459326.28369,2021-04-21.7839189,bm,1.53,15.905,>15.905,99.990,-0.115,0.316,g
2459326.28493,2021-04-21.7851586,bm,1.47,14.576,>14.576,99.990,-0.147,1.074,g
2459326.51978,2021-04-22.0200152,bi,1.5,15.798,>15.798,99.990,0.449,0.348,g
2459326.52101,2021-04-22.0212406,bi,1.45,15.948,>15.948,99.990,-0.794,0.303,g
2459326.52223,2021-04-22.0224614,bi,1.45,15.949,>15.949,99.990,-0.173,0.303,g
2459328.28118,2021-04-23.7813969,bm,1.57,15.850,>15.850,99.990,-0.605,0.332,g
2459328.28239,2021-04-23.7826094,bm,1.61,15.841,>15.841,99.990,0.032,0.335,g
2459328.28361,2021-04-23.7838340,bm,1.6,15.871,>15.871,99.990,-0.666,0.326,g
2459329.52836,2021-04-25.0285682,bE,1.53,15.858,>15.858,99.990,-0.333,0.329,g
2459329.52964,2021-04-25.0298454,bE,2.34,15.663,>15.663,99.990,-0.732,0.394,g
2459331.52297,2021-04-27.0231687,bE,1.55,15.709,>15.709,99.990,0.158,0.378,g
2459331.52426,2021-04-27.0244555,bE,2.42,15.399,>15.399,99.990,0.261,0.503,g
2459332.26400,2021-04-27.7641878,bm,2.06,15.491,>15.491,99.990,-0.348,0.462,g
2459332.26523,2021-04-27.7654168,bm,2.06,15.546,>15.546,99.990,-1.239,0.439,g
2459332.26646,2021-04-27.7666449,bm,2.08,15.459,>15.459,99.990,-0.388,0.476,g
2459332.51785,2021-04-28.0180373,bE,1.58,15.810,>15.810,99.990,0.049,0.344,g
2459332.51914,2021-04-28.0193278,bE,1.52,15.787,>15.787,99.990,-0.324,0.352,g
2459332.52042,2021-04-28.0206071,bE,1.6,15.844,>15.844,99.990,0.293,0.334,g
2459333.24015,2021-04-28.7403335,bm,1.57,15.793,>15.793,99.990,-0.036,0.350,g
2459333.24138,2021-04-28.7415645,bm,1.59,15.188,>15.188,99.990,-2.124,0.611,g
2459333.24261,2021-04-28.7427971,bm,1.52,14.267,>14.267,99.990,-0.086,1.427,g
2459334.47300,2021-04-29.9731738,bi,2.07,16.120,>16.120,99.990,0.036,0.259,g
2459334.47424,2021-04-29.9744111,bi,2.04,16.167,>16.167,99.990,-0.036,0.248,g
2459334.47547,2021-04-29.9756410,bi,2.03,16.258,>16.258,99.990,0.073,0.228,g
2459336.50376,2021-05-02.0039190,bE,1.43,16.183,>16.183,99.990,0.313,0.244,g
2459336.50507,2021-05-02.0052231,bE,1.48,16.254,>16.254,99.990,-0.006,0.229,g
2459336.50634,2021-05-02.0064993,bE,1.48,16.175,>16.175,99.990,0.046,0.246,g
2459337.25970,2021-05-02.7598479,bm,1.48,16.595,>16.595,99.990,0.322,0.167,g
2459337.26093,2021-05-02.7610814,bm,1.52,16.328,>16.328,99.990,-0.019,0.214,g
2459337.47880,2021-05-02.9789417,bi,1.51,16.053,>16.053,99.990,-0.025,0.275,g
2459337.48003,2021-05-02.9801707,bi,1.47,16.142,>16.142,99.990,-0.850,0.254,g
2459337.48125,2021-05-02.9813997,bi,1.4,16.241,>16.241,99.990,-0.071,0.232,g
2459339.45892,2021-05-04.9590483,bi,2.0,15.777,>15.777,99.990,0.772,0.355,g
2459339.46016,2021-05-04.9602877,bi,1.75,15.934,>15.934,99.990,-0.249,0.307,g
2459339.46139,2021-05-04.9615192,bi,1.77,16.017,>16.017,99.990,-0.542,0.285,g
2459340.49612,2021-05-05.9962439,bE,1.51,16.474,>16.474,99.990,-0.017,0.187,g
2459340.49740,2021-05-05.9975185,bE,1.51,16.456,>16.456,99.990,-0.017,0.190,g
2459340.49867,2021-05-05.9987891,bE,1.52,16.437,>16.437,99.990,0.045,0.193,g
2459342.46158,2021-05-07.9616843,bE,1.56,16.237,>16.237,99.990,0.008,0.233,g
2459342.46286,2021-05-07.9629635,bE,1.53,16.309,>16.309,99.990,-0.271,0.218,g
2459342.46414,2021-05-07.9642466,bE,1.52,16.300,>16.300,99.990,-0.228,0.219,g
2459344.24145,2021-05-09.7415466,bm,1.55,16.327,>16.327,99.990,-0.630,0.214,g
2459344.24269,2021-05-09.7427790,bm,2.24,16.342,>16.342,99.990,0.133,0.211,g
2459344.48417,2021-05-09.9842626,bE,1.47,16.335,>16.335,99.990,-0.023,0.212,g
2459344.48547,2021-05-09.9855608,bE,1.49,16.448,>16.448,99.990,-0.004,0.191,g
2459344.48674,2021-05-09.9868358,bE,1.44,15.815,>15.815,99.990,-0.400,0.343,g
2459346.19931,2021-05-11.6993868,bm,1.59,15.971,>15.971,99.990,-0.124,0.297,g
2459346.20053,2021-05-11.7006125,bm,1.47,15.997,>15.997,99.990,-0.275,0.290,g
2459346.20177,2021-05-11.7018449,bm,1.48,16.152,>16.152,99.990,-0.396,0.251,g
2459348.21416,2021-05-13.7142225,bm,1.47,16.530,>16.530,99.990,0.287,0.177,g
2459348.21538,2021-05-13.7154409,bm,1.48,16.447,>16.447,99.990,-0.032,0.191,g
2459348.21660,2021-05-13.7166593,bm,1.47,16.438,>16.438,99.990,0.068,0.193,g
2459349.46986,2021-05-14.9699122,bE,1.52,16.450,>16.450,99.990,-0.322,0.191,g
2459349.47116,2021-05-14.9712112,bE,1.52,16.391,>16.391,99.990,0.042,0.202,g
2459349.47244,2021-05-14.9724858,bE,1.53,16.343,>16.343,99.990,-0.101,0.211,g
2459351.46186,2021-05-16.9619002,bE,1.58,16.449,>16.449,99.990,0.015,0.191,g
2459351.46316,2021-05-16.9631907,bE,1.56,16.384,>16.384,99.990,-0.007,0.203,g
2459351.46444,2021-05-16.9644746,bE,1.53,16.254,>16.254,99.990,-0.029,0.229,g
2459352.46673,2021-05-17.9667503,bE,1.6,16.279,>16.279,99.990,-0.015,0.224,g
2459353.21167,2021-05-18.7116858,bm,1.45,16.222,>16.222,99.990,-0.023,0.236,g
2459353.21289,2021-05-18.7129126,bm,1.56,16.170,>16.170,99.990,-0.289,0.247,g
2459353.21413,2021-05-18.7141450,bm,1.5,16.182,>16.182,99.990,0.264,0.245,g
2459357.20302,2021-05-22.7030048,bm,2.26,15.786,>15.786,99.990,-0.185,0.352,g
2459357.20424,2021-05-22.7042231,bm,2.24,15.770,>15.770,99.990,-0.199,0.357,g
2459357.20547,2021-05-22.7054510,bm,2.24,15.781,>15.781,99.990,-0.804,0.354,g
2459358.19523,2021-05-23.6952057,bm,1.49,15.717,>15.717,99.990,-0.518,0.375,g
2459358.19653,2021-05-23.6965040,bm,1.57,15.648,>15.648,99.990,0.573,0.400,g
2459358.19774,2021-05-23.6977200,bm,1.44,15.811,>15.811,99.990,-0.494,0.344,g
2459359.44787,2021-05-24.9478336,bE,2.24,15.399,>15.399,99.990,0.186,0.503,g
2459360.19093,2021-05-25.6909015,bm,2.01,15.294,>15.294,99.990,0.083,0.554,g
2459360.19224,2021-05-25.6921987,bm,1.99,15.520,>15.520,99.990,-0.736,0.450,g
2459360.19347,2021-05-25.6934266,bm,2.0,15.301,>15.301,99.990,-1.164,0.550,g
2459361.19068,2021-05-26.6906409,bm,1.57,15.443,>15.443,99.990,-0.549,0.483,g
2459361.19191,2021-05-26.6918664,bm,1.58,15.159,>15.159,99.990,0.390,0.627,g
2459361.19315,2021-05-26.6931027,bm,1.52,15.667,>15.667,99.990,0.069,0.393,g
2459399.94677,2021-07-04.4464268,bi,1.47,15.339,>15.339,99.990,0.064,0.531,g
2459399.94801,2021-07-04.4476699,bi,1.55,15.084,>15.084,99.990,0.567,0.672,g
2459399.94925,2021-07-04.4489121,bi,1.47,15.074,>15.074,99.990,-0.479,0.679,g
2459400.94707,2021-07-05.4467260,bi,1.59,15.678,>15.678,99.990,-0.510,0.389,g
2459400.94831,2021-07-05.4479679,bi,1.52,15.610,>15.610,99.990,0.438,0.414,g
2459400.94957,2021-07-05.4492214,bi,1.46,15.489,>15.489,99.990,-0.020,0.463,g
2459402.94539,2021-07-07.4450398,bE,1.47,16.085,>16.085,99.990,-0.154,0.267,g
2459402.94669,2021-07-07.4463375,bE,1.52,15.944,>15.944,99.990,-0.061,0.304,g
2459402.94798,2021-07-07.4476193,bE,1.55,15.880,>15.880,99.990,-0.206,0.323,g
2459403.94766,2021-07-08.4473041,bi,1.45,15.649,>15.649,99.990,-0.581,0.400,g
2459403.94892,2021-07-08.4485590,bi,1.53,15.561,>15.561,99.990,1.673,0.433,g
2459404.94164,2021-07-09.4412746,bE,1.53,16.253,>16.253,99.990,-0.550,0.229,g
2459404.94294,2021-07-09.4425686,bE,1.63,16.196,>16.196,99.990,0.294,0.241,g
2459404.94423,2021-07-09.4438606,bE,1.58,16.073,>16.073,99.990,-0.326,0.270,g
2459406.91850,2021-07-11.4181201,bi,1.33,15.478,>15.478,99.990,0.112,0.467,g
2459406.91973,2021-07-11.4193549,bi,1.38,15.631,>15.631,99.990,-0.395,0.406,g
2459406.92099,2021-07-11.4206134,bi,1.43,15.980,>15.980,99.990,-0.708,0.294,g
2459407.92675,2021-07-12.4263709,bE,1.59,16.100,>16.100,99.990,-0.279,0.264,g
2459407.92805,2021-07-12.4276695,bE,1.62,16.210,>16.210,99.990,0.076,0.238,g
2459407.92936,2021-07-12.4289715,bE,1.58,16.178,>16.178,99.990,0.526,0.245,g
2459408.93017,2021-07-13.4297847,bi,1.49,16.271,>16.271,99.990,0.377,0.225,g
2459408.93143,2021-07-13.4310418,bi,1.46,16.153,>16.153,99.990,0.418,0.251,g
2459408.93269,2021-07-13.4322988,bi,1.44,16.283,>16.283,99.990,-0.125,0.223,g
2459409.92751,2021-07-14.4271138,bE,1.51,16.458,>16.458,99.990,0.143,0.190,g
2459409.92881,2021-07-14.4284114,bE,1.53,16.524,>16.524,99.990,0.057,0.178,g
2459409.93010,2021-07-14.4297048,bE,1.53,16.585,>16.585,99.990,0.091,0.169,g
2459410.92769,2021-07-15.4272942,bE,1.51,16.494,>16.494,99.990,0.136,0.183,g
2459410.92898,2021-07-15.4285807,bE,1.51,16.383,>16.383,99.990,0.179,0.203,g
2459410.93027,2021-07-15.4298756,bE,1.48,99.990,99.990,99.990,99.990,99.990,g
2459411.92019,2021-07-16.4197880,bE,1.48,16.539,>16.539,99.990,0.022,0.176,g
2459411.92149,2021-07-16.4210878,bE,1.53,16.500,>16.500,99.990,0.122,0.182,g
2459411.92279,2021-07-16.4223869,bE,1.48,16.324,>16.324,99.990,-0.162,0.215,g
2459412.92051,2021-07-17.4201043,bE,1.5,16.543,>16.543,99.990,-0.030,0.175,g
2459412.92181,2021-07-17.4214054,bE,1.44,16.392,>16.392,99.990,0.126,0.202,g
2459412.92312,2021-07-17.4227162,bE,1.44,16.449,>16.449,99.990,0.187,0.191,g
2459413.91288,2021-07-18.4124701,bE,1.55,16.466,>16.466,99.990,0.268,0.188,g
2459413.91418,2021-07-18.4137664,bE,1.52,16.197,>16.197,99.990,0.050,0.241,g
2459413.91549,2021-07-18.4150771,bE,1.52,16.280,>16.280,99.990,-0.371,0.223,g
2459417.94262,2021-07-22.4421876,bE,1.47,16.195,>16.195,99.990,-0.175,0.242,g
2459417.94392,2021-07-22.4434894,bE,1.54,16.256,>16.256,99.990,0.101,0.228,g
2459417.94521,2021-07-22.4447810,bE,1.48,15.987,>15.987,99.990,-0.530,0.293,g
2459423.93289,2021-07-28.4324302,bE,2.0,16.258,>16.258,99.990,0.264,0.228,g
2459423.93419,2021-07-28.4337355,bE,2.01,16.266,>16.266,99.990,-0.261,0.226,g
2459423.93548,2021-07-28.4350230,bE,2.03,16.334,>16.334,99.990,-0.385,0.213,g
2459424.67569,2021-07-29.1752365,bm,2.21,16.018,>16.018,99.990,-0.653,0.284,g
2459424.67699,2021-07-29.1765325,bm,2.22,15.971,>15.971,99.990,-0.390,0.297,g
2459424.67823,2021-07-29.1777756,bm,2.24,16.140,>16.140,99.990,0.160,0.254,g
2459424.92871,2021-07-29.4282541,bE,1.5,16.311,>16.311,99.990,-0.216,0.217,g
2459424.93001,2021-07-29.4295564,bE,1.55,16.219,>16.219,99.990,-0.020,0.236,g
2459424.93132,2021-07-29.4308648,bE,1.44,16.169,>16.169,99.990,-0.038,0.248,g
2459425.89419,2021-07-30.3937334,bE,1.49,16.299,>16.299,99.990,0.033,0.220,g
2459425.89549,2021-07-30.3950280,bE,1.45,16.302,>16.302,99.990,-0.035,0.219,g
2459426.89058,2021-07-31.3901203,bE,1.47,16.228,>16.228,99.990,0.311,0.234,g
2459426.89187,2021-07-31.3914065,bE,1.46,16.324,>16.324,99.990,0.135,0.214,g
2459426.89315,2021-07-31.3926968,bE,1.52,16.411,>16.411,99.990,-0.107,0.198,g
2459427.89096,2021-08-01.3905005,bE,1.53,16.461,>16.461,99.990,0.021,0.189,g
2459427.89227,2021-08-01.3918009,bE,1.5,16.373,>16.373,99.990,-0.014,0.205,g
2459427.89357,2021-08-01.3930988,bE,1.55,16.352,>16.352,99.990,0.069,0.209,g
2459428.88566,2021-08-02.3851935,bE,1.41,16.372,>16.372,99.990,0.051,0.205,g
2459428.88696,2021-08-02.3864912,bE,1.5,16.545,>16.545,99.990,0.055,0.175,g
2459428.88827,2021-08-02.3877996,bE,1.53,16.318,>16.318,99.990,0.223,0.216,g
2459429.88367,2021-08-03.3832006,bE,1.54,16.438,>16.438,99.990,-0.016,0.193,g
2459429.88497,2021-08-03.3845039,bE,1.5,16.503,>16.503,99.990,0.027,0.182,g
2459429.88626,2021-08-03.3857989,bE,1.51,16.397,>16.397,99.990,0.365,0.201,g
2459430.63824,2021-08-04.1377687,bm,2.18,16.345,>16.345,99.990,-0.332,0.210,g
2459430.63949,2021-08-04.1390201,bm,2.19,16.328,>16.328,99.990,-0.360,0.214,g
2459430.64072,2021-08-04.1402491,bm,2.16,16.199,>16.199,99.990,-0.188,0.241,g
2459430.88822,2021-08-04.3877469,bE,1.47,16.355,>16.355,99.990,0.142,0.208,g
2459430.88951,2021-08-04.3890403,bE,1.43,16.462,>16.462,99.990,0.007,0.189,g
2459430.89081,2021-08-04.3903379,bE,1.52,16.456,>16.456,99.990,0.306,0.190,g
2459431.88838,2021-08-05.3879068,bE,1.48,16.332,>16.332,99.990,0.112,0.213,g
2459431.88969,2021-08-05.3892167,bE,1.48,16.446,>16.446,99.990,0.235,0.192,g
2459431.89099,2021-08-05.3905143,bE,1.53,16.531,>16.531,99.990,0.186,0.177,g
2459432.88099,2021-08-06.3805178,bE,1.53,16.512,>16.512,99.990,0.196,0.180,g
2459432.88230,2021-08-06.3818282,bE,1.48,16.388,>16.388,99.990,0.162,0.202,g
2459432.88360,2021-08-06.3831267,bE,1.5,16.484,>16.484,99.990,0.121,0.185,g
2459433.60689,2021-08-07.1064115,bm,2.14,16.505,>16.505,99.990,0.047,0.182,g
2459433.60813,2021-08-07.1076557,bm,2.16,16.285,>16.285,99.990,0.021,0.222,g
2459433.60937,2021-08-07.1088944,bm,2.15,16.371,>16.371,99.990,0.036,0.205,g
2459433.86929,2021-08-07.3688136,bE,1.5,16.350,>16.350,99.990,-0.037,0.209,g
2459433.87059,2021-08-07.3701071,bE,1.54,16.469,>16.469,99.990,-0.127,0.188,g
2459433.87189,2021-08-07.3714130,bE,1.43,16.350,>16.350,99.990,-0.356,0.209,g
2459433.93528,2021-08-07.4348035,bi,1.56,15.927,>15.927,99.990,-0.330,0.309,g
2459433.93653,2021-08-07.4360464,bi,1.66,15.817,>15.817,99.990,0.205,0.342,g
2459433.93777,2021-08-07.4372940,bi,1.62,15.783,>15.783,99.990,-0.334,0.353,g
2459434.61018,2021-08-08.1096964,bm,1.61,16.617,>16.617,99.990,0.052,0.164,g
2459435.86615,2021-08-09.3656653,bE,1.48,16.419,>16.419,99.990,0.291,0.196,g
2459435.86745,2021-08-09.3669685,bE,1.6,16.557,>16.557,99.990,0.243,0.173,g
2459435.86876,2021-08-09.3682763,bE,1.46,16.463,>16.463,99.990,0.171,0.189,g
2459436.87464,2021-08-10.3741596,bE,1.48,16.496,>16.496,99.990,0.135,0.183,g
2459436.87596,2021-08-10.3754721,bE,1.55,16.415,>16.415,99.990,0.230,0.197,g
2459436.87725,2021-08-10.3767643,bE,1.47,16.515,>16.515,99.990,0.031,0.180,g
2459437.60708,2021-08-11.1066027,bm,2.27,16.448,>16.448,99.990,-0.225,0.191,g
2459437.60833,2021-08-11.1078526,bm,2.27,16.543,>16.543,99.990,-0.430,0.175,g
2459437.60961,2021-08-11.1091275,bm,2.27,16.538,>16.538,99.990,-0.139,0.176,g
2459437.86551,2021-08-11.3650239,bE,1.57,16.401,>16.401,99.990,-0.008,0.200,g
2459437.86680,2021-08-11.3663231,bE,1.49,16.501,>16.501,99.990,0.072,0.182,g
2459437.86810,2021-08-11.3676156,bE,1.5,16.547,>16.547,99.990,0.396,0.175,g
2459438.86716,2021-08-12.3666667,bE,1.49,16.473,>16.473,99.990,0.095,0.187,g
2459438.86846,2021-08-12.3679707,bE,1.47,16.433,>16.433,99.990,0.201,0.194,g
2459438.86977,2021-08-12.3692751,bE,1.48,16.409,>16.409,99.990,0.153,0.198,g
2459439.86358,2021-08-13.3630844,bE,1.47,16.316,>16.316,99.990,0.261,0.216,g
2459439.86488,2021-08-13.3643854,bE,1.44,16.376,>16.376,99.990,0.132,0.204,g
2459439.86618,2021-08-13.3656912,bE,1.47,16.568,>16.568,99.990,0.438,0.171,g
2459440.86389,2021-08-14.3634012,bE,1.53,16.417,>16.417,99.990,0.283,0.197,g
2459440.86519,2021-08-14.3646965,bE,1.49,16.287,>16.287,99.990,0.134,0.222,g
2459440.86648,2021-08-14.3659887,bE,1.47,16.599,>16.599,99.990,-0.070,0.167,g
2459442.85861,2021-08-16.3581186,bE,1.52,16.405,>16.405,99.990,0.041,0.199,g
2459443.84320,2021-08-17.3427079,bE,1.53,16.305,>16.305,99.990,0.001,0.218,g
2459443.84450,2021-08-17.3440084,bE,1.47,16.472,>16.472,99.990,0.256,0.187,g
2459443.84580,2021-08-17.3453085,bE,1.52,16.383,>16.383,99.990,-0.007,0.203,g
2459444.83953,2021-08-18.3390386,bE,1.51,16.468,>16.468,99.990,0.211,0.188,g
2459444.84081,2021-08-18.3403217,bE,1.5,16.470,>16.470,99.990,-0.077,0.188,g
2459444.84211,2021-08-18.3416196,bE,1.44,16.398,>16.398,99.990,0.267,0.200,g
2459447.83259,2021-08-21.3320880,bE,1.5,15.798,>15.798,99.990,-0.212,0.348,g
2459447.83387,2021-08-21.3333723,bE,1.54,15.924,>15.924,99.990,-0.562,0.310,g
2459447.83518,2021-08-21.3346843,bE,1.48,15.916,>15.916,99.990,0.844,0.312,g
2459448.82631,2021-08-22.3258234,bi,1.54,15.318,>15.318,99.990,0.626,0.542,g
2459448.82755,2021-08-22.3270627,bi,1.5,15.466,>15.466,99.990,0.008,0.473,g
2459448.82879,2021-08-22.3283021,bi,1.5,15.564,>15.564,99.990,-0.882,0.432,g
2459449.58869,2021-08-23.0881998,bm,2.48,15.137,>15.137,99.990,0.175,0.640,g
2459449.58993,2021-08-23.0894384,bm,2.49,99.990,99.990,99.990,99.990,99.990,g
2459449.59119,2021-08-23.0906957,bm,2.49,15.121,>15.121,99.990,-0.568,0.649,g
2459453.82676,2021-08-27.3262648,bE,1.5,16.326,>16.326,99.990,-0.042,0.214,g
2459453.82807,2021-08-27.3275729,bE,1.47,16.143,>16.143,99.990,-0.048,0.254,g
2459453.82935,2021-08-27.3288577,bE,1.55,16.299,>16.299,99.990,0.107,0.220,g
2459454.82711,2021-08-28.3266155,bE,1.52,16.340,>16.340,99.990,0.128,0.211,g
2459454.82840,2021-08-28.3279056,bE,1.59,15.544,>15.544,99.990,0.630,0.440,g
2459454.82970,2021-08-28.3292070,bE,1.58,15.876,>15.876,99.990,0.169,0.324,g
2459455.82179,2021-08-29.3213031,bE,1.48,16.296,>16.296,99.990,-0.001,0.220,g
2459456.63829,2021-08-30.1377932,bm,1.6,16.333,>16.333,99.990,0.004,0.213,g
2459456.63984,2021-08-30.1393468,bm,1.6,16.218,>16.218,99.990,-0.055,0.237,g
2459456.64148,2021-08-30.1409861,bm,1.57,16.280,>16.280,99.990,-0.029,0.223,g
2459457.80258,2021-08-31.3020923,bE,1.55,16.349,>16.349,99.990,0.085,0.210,g
2459457.80389,2021-08-31.3034005,bE,1.5,16.353,>16.353,99.990,-0.104,0.209,g
2459457.80520,2021-08-31.3047077,bE,1.48,16.439,>16.439,99.990,0.285,0.193,g
2459457.92118,2021-08-31.4206997,bi,1.45,15.878,>15.878,99.990,0.095,0.323,g
2459457.92241,2021-08-31.4219288,bi,1.39,15.872,>15.872,99.990,-0.169,0.325,g
2459457.92365,2021-08-31.4231697,bi,1.44,15.683,>15.683,99.990,-0.049,0.387,g
2459458.54695,2021-09-01.0464625,bm,2.15,16.376,>16.376,99.990,0.119,0.204,g
2459458.54820,2021-09-01.0477114,bm,2.14,16.413,>16.413,99.990,0.006,0.198,g
2459458.54945,2021-09-01.0489546,bm,2.16,16.440,>16.440,99.990,0.108,0.193,g
2459459.55876,2021-09-02.0582806,bm,1.62,16.389,>16.389,99.990,0.005,0.202,g
2459459.56002,2021-09-02.0595344,bm,1.6,16.480,>16.480,99.990,-0.138,0.186,g
2459459.56126,2021-09-02.0607741,bm,1.59,16.367,>16.367,99.990,-0.057,0.206,g
2459459.81190,2021-09-02.3114112,bE,1.55,16.512,>16.512,99.990,0.054,0.180,g
2459459.81320,2021-09-02.3127086,bE,1.5,16.400,>16.400,99.990,0.247,0.200,g
2459459.81449,2021-09-02.3140069,bE,1.49,16.381,>16.381,99.990,-0.161,0.204,g
2459460.81132,2021-09-03.3108325,bE,1.53,16.379,>16.379,99.990,0.124,0.204,g
2459460.81262,2021-09-03.3121333,bE,1.44,16.387,>16.387,99.990,0.115,0.202,g
2459460.81392,2021-09-03.3134365,bE,1.51,16.404,>16.404,99.990,0.289,0.199,g
2459461.80757,2021-09-04.3070892,bE,1.48,16.332,>16.332,99.990,-0.111,0.213,g
2459461.80888,2021-09-04.3084013,bE,1.49,16.517,>16.517,99.990,-0.046,0.180,g
2459461.81019,2021-09-04.3097048,bE,1.48,16.399,>16.399,99.990,0.137,0.200,g
2459462.55289,2021-09-05.0524170,bm,1.57,16.458,>16.458,99.990,-0.019,0.190,g
2459462.55416,2021-09-05.0536834,bm,1.61,16.351,>16.351,99.990,-0.078,0.209,g
2459462.55539,2021-09-05.0549184,bm,1.6,16.422,>16.422,99.990,-0.012,0.196,g
2459462.86763,2021-09-05.3671488,bE,1.49,16.468,>16.468,99.990,0.258,0.188,g
2459462.86892,2021-09-05.3684447,bE,1.5,16.312,>16.312,99.990,0.194,0.217,g
2459462.87021,2021-09-05.3697356,bE,1.51,16.452,>16.452,99.990,0.148,0.191,g
2459463.78860,2021-09-06.2881153,bE,1.49,16.282,>16.282,99.990,-0.010,0.223,g
2459463.78989,2021-09-06.2894059,bE,1.5,15.374,>15.374,99.990,-1.137,0.515,g
2459463.79119,2021-09-06.2907131,bE,1.47,15.987,>15.987,99.990,-0.033,0.293,g
2459463.90790,2021-09-06.4074241,bi,1.49,15.922,>15.922,99.990,-0.456,0.311,g
2459463.90915,2021-09-06.4086802,bi,1.37,16.184,>16.184,99.990,0.190,0.244,g
2459463.91040,2021-09-06.4099282,bi,1.43,16.054,>16.054,99.990,-0.135,0.275,g
2459465.78949,2021-09-08.2890200,bE,1.63,16.442,>16.442,99.990,-0.232,0.192,g
2459465.79079,2021-09-08.2903120,bE,1.62,16.469,>16.469,99.990,0.231,0.188,g
2459465.79208,2021-09-08.2916072,bE,1.64,16.484,>16.484,99.990,0.328,0.185,g
2459465.86699,2021-09-08.3665163,bE,1.59,16.375,>16.375,99.990,0.063,0.205,g
2459466.52240,2021-09-09.0219384,bm,1.56,16.104,>16.104,99.990,0.291,0.263,g
2459466.52363,2021-09-09.0231648,bm,1.57,16.207,>16.207,99.990,-0.013,0.239,g
2459466.52487,2021-09-09.0243995,bm,1.54,16.463,>16.463,99.990,0.333,0.189,g
2459466.78134,2021-09-09.2808677,bi,1.5,16.245,>16.245,99.990,0.759,0.231,g
2459466.78257,2021-09-09.2820921,bi,1.5,16.258,>16.258,99.990,0.598,0.228,g
2459466.78381,2021-09-09.2833361,bi,1.48,16.260,>16.260,99.990,0.494,0.228,g
2459466.86354,2021-09-09.3630677,bE,1.48,16.306,>16.306,99.990,0.229,0.218,g
2459466.86484,2021-09-09.3643696,bE,1.49,16.519,>16.519,99.990,-0.056,0.179,g
2459466.86614,2021-09-09.3656640,bE,1.44,16.313,>16.313,99.990,0.329,0.217,g
2459467.52783,2021-09-10.0273562,bm,2.08,16.120,>16.120,99.990,-0.186,0.259,g
2459467.52981,2021-09-10.0293363,bm,2.08,15.745,>15.745,99.990,0.533,0.366,g
2459467.59764,2021-09-10.0971634,bm,2.11,16.300,>16.300,99.990,0.248,0.219,g
2459467.59906,2021-09-10.0985871,bm,2.06,16.292,>16.292,99.990,0.024,0.221,g
2459467.60029,2021-09-10.0998266,bm,2.08,16.183,>16.183,99.990,0.088,0.244,g
2459467.90230,2021-09-10.4018295,bE,1.49,16.582,>16.582,99.990,0.357,0.169,g
2459467.90359,2021-09-10.4031158,bE,1.51,16.403,>16.403,99.990,0.092,0.200,g
2459467.90487,2021-09-10.4043961,bE,1.54,16.545,>16.545,99.990,0.332,0.175,g
2459468.78278,2021-09-11.2823179,bE,1.47,15.271,>15.271,99.990,-1.011,0.566,g
2459468.78408,2021-09-11.2836168,bE,1.48,15.639,>15.639,99.990,0.619,0.403,g
2459470.77737,2021-09-13.2769050,bE,1.48,16.501,>16.501,99.990,0.119,0.182,g
2459470.77868,2021-09-13.2782166,bE,1.54,16.521,>16.521,99.990,-0.153,0.179,g
2459470.77996,2021-09-13.2795015,bE,1.49,16.435,>16.435,99.990,0.213,0.194,g
2459471.76564,2021-09-14.2651773,bE,1.5,16.474,>16.474,99.990,-0.063,0.187,g
2459471.76693,2021-09-14.2664689,bE,1.48,16.406,>16.406,99.990,0.060,0.199,g
2459471.76822,2021-09-14.2677633,bE,1.51,16.523,>16.523,99.990,0.095,0.179,g
2459472.77810,2021-09-15.2776475,bE,1.46,16.545,>16.545,99.990,0.256,0.175,g
2459472.77939,2021-09-15.2789456,bE,1.61,16.327,>16.327,99.990,-0.107,0.214,g
2459472.78069,2021-09-15.2802440,bE,1.49,16.466,>16.466,99.990,-0.002,0.188,g
2459473.77120,2021-09-16.2707538,bE,1.43,16.168,>16.168,99.990,-0.009,0.248,g
2459473.77252,2021-09-16.2720675,bE,1.46,16.301,>16.301,99.990,-0.077,0.219,g
2459473.77381,2021-09-16.2733619,bE,1.51,16.206,>16.206,99.990,-0.195,0.239,g
2459474.76131,2021-09-17.2608687,bE,1.46,16.074,>16.074,99.990,0.081,0.270,g
2459474.76262,2021-09-17.2621699,bE,1.49,16.158,>16.158,99.990,0.136,0.250,g
2459474.76392,2021-09-17.2634755,bE,1.58,16.159,>16.159,99.990,0.322,0.250,g
2459475.50093,2021-09-18.0004842,bm,2.01,15.821,>15.821,99.990,0.205,0.341,g
2459475.50218,2021-09-18.0017428,bm,2.02,15.774,>15.774,99.990,-0.378,0.356,g
2459475.50343,2021-09-18.0029938,bm,2.0,15.896,>15.896,99.990,0.165,0.318,g
2459475.65438,2021-09-18.1539351,bm,2.17,15.574,>15.574,99.990,0.160,0.428,g
2459475.65563,2021-09-18.1551886,bm,2.18,15.458,>15.458,99.990,0.166,0.476,g
2459475.65689,2021-09-18.1564482,bm,2.18,15.202,>15.202,99.990,0.195,0.603,g
2459475.90471,2021-09-18.4042687,bi,1.48,15.846,>15.846,99.990,0.114,0.333,g
2459475.90595,2021-09-18.4055160,bi,1.43,16.039,>16.039,99.990,0.042,0.279,g
2459475.90721,2021-09-18.4067673,bi,1.44,15.709,>15.709,99.990,0.396,0.378,g
2459476.49766,2021-09-18.9972145,bm,1.58,15.817,>15.817,99.990,0.558,0.342,g
2459476.49890,2021-09-18.9984550,bm,1.54,15.714,>15.714,99.990,-0.163,0.376,g
2459476.50014,2021-09-18.9997015,bm,1.48,15.777,>15.777,99.990,-0.596,0.355,g
2459476.63050,2021-09-19.1300559,bm,1.48,15.947,>15.947,99.990,-1.580,0.304,g
2459476.63186,2021-09-19.1314195,bm,1.52,16.218,>16.218,99.990,-0.114,0.237,g
2459476.65408,2021-09-19.1536378,bm,1.59,15.462,>15.462,99.990,-0.308,0.474,g
2459477.73634,2021-09-20.2359042,bi,1.52,15.485,>15.485,99.990,-0.206,0.464,g
2459477.73758,2021-09-20.2371413,bi,1.45,15.431,>15.431,99.990,-0.061,0.488,g
2459477.73884,2021-09-20.2384050,bi,1.47,15.630,>15.630,99.990,-0.774,0.407,g
2459478.52848,2021-09-21.0280497,bm,2.26,15.568,>15.568,99.990,-0.261,0.430,g
2459478.52974,2021-09-21.0293011,bm,2.3,15.522,>15.522,99.990,-0.312,0.449,g
2459478.53098,2021-09-21.0305438,bm,2.33,15.521,>15.521,99.990,0.657,0.449,g
2459478.82274,2021-09-21.3223192,bE,1.48,15.975,>15.975,99.990,-0.151,0.296,g
2459478.82405,2021-09-21.3236269,bE,1.53,15.792,>15.792,99.990,-0.479,0.350,g
2459478.82536,2021-09-21.3249353,bE,1.51,15.951,>15.951,99.990,0.462,0.302,g
2459480.74255,2021-09-23.2421335,bE,1.49,16.032,>16.032,99.990,0.291,0.281,g
2459480.74385,2021-09-23.2434278,bE,1.59,15.949,>15.949,99.990,-0.445,0.303,g
2459480.74515,2021-09-23.2447289,bE,1.57,16.040,>16.040,99.990,0.082,0.279,g
2459481.75362,2021-09-24.2532015,bE,1.45,16.115,>16.115,99.990,0.252,0.260,g
2459481.75490,2021-09-24.2544871,bE,1.4,16.127,>16.127,99.990,-0.283,0.257,g
2459481.75620,2021-09-24.2557788,bE,1.53,16.149,>16.149,99.990,-0.302,0.252,g
2459482.77006,2021-09-25.2696449,bE,1.47,16.134,>16.134,99.990,0.005,0.256,g
2459482.77135,2021-09-25.2709356,bE,1.49,16.145,>16.145,99.990,0.306,0.253,g
2459482.77265,2021-09-25.2722350,bE,1.51,16.134,>16.134,99.990,-0.144,0.256,g
2459483.48671,2021-09-25.9863016,bm,2.01,15.940,>15.940,99.990,0.063,0.306,g
2459483.48796,2021-09-25.9875504,bm,2.02,15.950,>15.950,99.990,0.243,0.303,g
2459483.48921,2021-09-25.9887982,bm,2.01,15.946,>15.946,99.990,0.718,0.304,g
2459483.55797,2021-09-26.0575552,bm,1.99,16.059,>16.059,99.990,0.022,0.274,g
2459483.55921,2021-09-26.0587981,bm,1.95,16.070,>16.070,99.990,-0.081,0.271,g
2459483.56045,2021-09-26.0600377,bm,1.99,16.159,>16.159,99.990,-0.052,0.250,g
2459483.74594,2021-09-26.2455276,bE,1.43,16.299,>16.299,99.990,0.009,0.220,g
2459483.74723,2021-09-26.2468197,bE,1.43,16.286,>16.286,99.990,0.114,0.222,g
2459483.74853,2021-09-26.2481170,bE,1.47,16.366,>16.366,99.990,-0.373,0.206,g
2459484.72760,2021-09-27.2271960,bi,1.5,16.104,>16.104,99.990,-0.091,0.263,g
2459484.72885,2021-09-27.2284519,bi,1.56,16.129,>16.129,99.990,-0.068,0.257,g
2459484.73009,2021-09-27.2296913,bi,1.49,16.187,>16.187,99.990,0.106,0.243,g
2459485.72156,2021-09-28.2211623,bE,1.55,16.276,>16.276,99.990,-0.328,0.224,g
2459485.72287,2021-09-28.2224736,bE,1.46,16.228,>16.228,99.990,0.057,0.234,g
2459485.72419,2021-09-28.2237886,bE,1.51,16.161,>16.161,99.990,0.240,0.249,g
2459485.75421,2021-09-28.2538049,bE,1.53,16.362,>16.362,99.990,0.455,0.207,g
2459485.75551,2021-09-28.2551060,bE,1.5,16.357,>16.357,99.990,0.078,0.208,g
2459485.75681,2021-09-28.2564092,bE,1.51,16.352,>16.352,99.990,0.424,0.209,g
2459486.46052,2021-09-28.9601299,bm,1.5,16.261,>16.261,99.990,-0.104,0.227,g
2459486.46176,2021-09-28.9613693,bm,1.49,16.329,>16.329,99.990,-0.426,0.214,g
2459486.46300,2021-09-28.9626185,bm,1.6,16.215,>16.215,99.990,0.320,0.237,g
2459486.71183,2021-09-29.2114363,bE,1.44,16.456,>16.456,99.990,0.513,0.190,g
2459486.71313,2021-09-29.2127350,bE,1.44,16.369,>16.369,99.990,-0.129,0.206,g
2459486.71444,2021-09-29.2140467,bE,1.42,16.474,>16.474,99.990,0.069,0.187,g
2459488.73144,2021-10-01.2310596,bE,1.48,16.432,>16.432,99.990,-0.015,0.194,g
2459488.73274,2021-10-01.2323611,bE,1.36,16.246,>16.246,99.990,0.226,0.230,g
2459488.73404,2021-10-01.2336592,bE,1.45,16.519,>16.519,99.990,0.043,0.179,g
2459489.70663,2021-10-02.2062534,bE,1.5,16.503,>16.503,99.990,0.175,0.182,g
2459489.70793,2021-10-02.2075570,bE,1.47,16.487,>16.487,99.990,0.054,0.185,g
2459489.70923,2021-10-02.2088521,bE,1.49,16.541,>16.541,99.990,0.034,0.176,g
2459490.72249,2021-10-03.2221184,bE,1.52,16.424,>16.424,99.990,0.141,0.196,g
2459490.72379,2021-10-03.2234189,bE,1.52,16.434,>16.434,99.990,-0.021,0.194,g
2459490.72508,2021-10-03.2247035,bE,1.48,16.598,>16.598,99.990,0.192,0.167,g
2459491.71847,2021-10-04.2181010,bE,1.56,16.401,>16.401,99.990,0.177,0.200,g
2459491.71977,2021-10-04.2193996,bE,1.56,16.389,>16.389,99.990,0.058,0.202,g
2459491.72107,2021-10-04.2206984,bE,1.51,16.375,>16.375,99.990,-0.075,0.205,g
2459492.74168,2021-10-05.2413129,bE,1.5,16.331,>16.331,99.990,0.129,0.213,g
2459492.74296,2021-10-05.2426023,bE,1.51,16.420,>16.420,99.990,0.093,0.196,g
2459492.74426,2021-10-05.2438978,bE,1.43,16.413,>16.413,99.990,0.096,0.198,g
2459493.53601,2021-10-06.0356599,bm,1.58,16.441,>16.441,99.990,0.099,0.193,g
2459493.53725,2021-10-06.0369027,bm,1.49,16.437,>16.437,99.990,0.029,0.193,g
2459493.53849,2021-10-06.0381388,bm,1.53,16.485,>16.485,99.990,0.162,0.185,g
2459493.72633,2021-10-06.2259704,bE,1.59,16.604,>16.604,99.990,-0.063,0.166,g
2459493.72762,2021-10-06.2272667,bE,1.49,16.535,>16.535,99.990,-0.079,0.177,g
2459493.72892,2021-10-06.2285642,bE,1.56,16.427,>16.427,99.990,0.344,0.195,g
2459493.74638,2021-10-06.2460252,bE,1.47,16.235,>16.235,99.990,0.053,0.233,g
2459493.74768,2021-10-06.2473262,bE,1.54,16.439,>16.439,99.990,0.189,0.193,g
2459493.74899,2021-10-06.2486324,bE,1.43,16.370,>16.370,99.990,0.217,0.206,g
2459494.44992,2021-10-06.9495680,bm,1.63,16.510,>16.510,99.990,-0.151,0.181,g
2459494.45123,2021-10-06.9508833,bm,1.68,16.357,>16.357,99.990,-0.225,0.208,g
2459494.45255,2021-10-06.9521990,bm,1.69,16.510,>16.510,99.990,-0.017,0.181,g
2459494.52914,2021-10-07.0287878,bm,1.57,16.504,>16.504,99.990,0.137,0.182,g
2459494.53037,2021-10-07.0300229,bm,1.54,16.338,>16.338,99.990,0.135,0.212,g
2459494.53163,2021-10-07.0312790,bm,1.57,16.370,>16.370,99.990,-0.080,0.206,g
2459494.61806,2021-10-07.1177126,bm,1.6,16.508,>16.508,99.990,0.173,0.181,g
2459494.62054,2021-10-07.1201900,bm,1.62,16.371,>16.371,99.990,-0.365,0.205,g
2459495.43878,2021-10-07.9384371,bm,1.55,16.279,>16.279,99.990,-0.225,0.224,g
2459495.44002,2021-10-07.9396804,bm,1.57,16.441,>16.441,99.990,0.136,0.193,g
2459495.44126,2021-10-07.9409214,bm,1.51,16.378,>16.378,99.990,0.064,0.204,g
2459495.58269,2021-10-08.0823501,bm,1.51,16.571,>16.571,99.990,0.052,0.171,g
2459495.58392,2021-10-08.0835828,bm,1.5,16.411,>16.411,99.990,0.012,0.198,g
2459496.44370,2021-10-08.9433592,bm,1.51,16.398,>16.398,99.990,0.138,0.200,g
2459496.44495,2021-10-08.9446093,bm,1.47,16.370,>16.370,99.990,0.161,0.206,g
2459496.44619,2021-10-08.9458559,bm,1.58,16.375,>16.375,99.990,-0.085,0.205,g
2459496.81862,2021-10-09.3182839,bi,1.44,16.109,>16.109,99.990,-0.062,0.262,g
2459496.81986,2021-10-09.3195199,bi,1.42,16.086,>16.086,99.990,0.090,0.267,g
2459496.82110,2021-10-09.3207642,bi,1.42,16.084,>16.084,99.990,-0.152,0.268,g
2459497.70056,2021-10-10.2002354,bE,1.49,16.446,>16.446,99.990,0.150,0.192,g
2459497.70188,2021-10-10.2015466,bE,1.43,16.359,>16.359,99.990,0.034,0.208,g
2459497.70316,2021-10-10.2028331,bE,1.48,16.372,>16.372,99.990,0.017,0.205,g
2459498.68449,2021-10-11.1841738,bi,1.43,16.351,>16.351,99.990,-0.018,0.209,g
2459498.68574,2021-10-11.1854166,bi,1.38,16.282,>16.282,99.990,0.018,0.223,g
2459498.68698,2021-10-11.1866643,bi,1.41,16.104,>16.104,99.990,0.462,0.263,g
2459499.48661,2021-10-11.9862936,bm,2.37,16.555,>16.555,99.990,-0.093,0.173,g
2459499.48785,2021-10-11.9875355,bm,2.36,16.510,>16.510,99.990,-0.181,0.181,g
2459499.48911,2021-10-11.9888009,bm,2.34,16.366,>16.366,99.990,-0.292,0.206,g
2459499.70310,2021-10-12.2027869,bE,1.47,15.839,>15.839,99.990,0.304,0.335,g
2459499.70440,2021-10-12.2040842,bE,1.48,16.326,>16.326,99.990,-0.318,0.214,g
2459499.70568,2021-10-12.2053701,bE,1.48,16.119,>16.119,99.990,-0.264,0.259,g
2459500.43395,2021-10-12.9336432,bm,2.37,14.790,>14.790,99.990,0.103,0.881,g
2459500.43519,2021-10-12.9348829,bm,2.37,14.840,>14.840,99.990,-1.251,0.842,g
2459500.43649,2021-10-12.9361826,bm,2.37,15.475,>15.475,99.990,-0.004,0.469,g
2459500.49919,2021-10-12.9988802,bm,2.12,15.563,>15.563,99.990,0.056,0.432,g
2459500.50043,2021-10-13.0001185,bm,2.11,15.641,>15.641,99.990,0.599,0.402,g
2459500.50169,2021-10-13.0013791,bm,2.13,15.584,>15.584,99.990,-0.247,0.424,g
2459500.68420,2021-10-13.1838854,bE,1.48,16.335,>16.335,99.990,0.069,0.212,g
2459500.68549,2021-10-13.1851827,bE,1.52,16.411,>16.411,99.990,0.218,0.198,g
2459500.68679,2021-10-13.1864771,bE,1.51,16.313,>16.313,99.990,0.190,0.217,g
2459502.42046,2021-10-14.9201598,bm,1.57,14.934,>14.934,99.990,0.691,0.772,g
2459502.42170,2021-10-14.9213995,bm,1.59,15.363,>15.363,99.990,-0.897,0.520,g
2459502.42296,2021-10-14.9226545,bm,1.59,15.679,>15.679,99.990,-0.602,0.389,g
2459502.48994,2021-10-14.9896348,bm,1.53,15.318,>15.318,99.990,-0.098,0.542,g
2459502.49124,2021-10-14.9909365,bm,1.52,15.140,>15.140,99.990,0.369,0.638,g
2459502.49250,2021-10-14.9922005,bm,1.58,15.680,>15.680,99.990,-0.696,0.388,g
2459502.54604,2021-10-15.0457412,bm,1.61,16.454,>16.454,99.990,-0.052,0.190,g
2459502.67566,2021-10-15.1753653,bE,1.44,16.071,>16.071,99.990,0.336,0.271,g
2459502.67696,2021-10-15.1766635,bE,1.47,16.319,>16.319,99.990,0.397,0.215,g
2459502.67826,2021-10-15.1779637,bE,1.53,16.203,>16.203,99.990,-0.233,0.240,g
2459503.68142,2021-10-16.1811232,bE,1.45,16.171,>16.171,99.990,0.422,0.247,g
2459503.68270,2021-10-16.1824101,bE,1.48,16.067,>16.067,99.990,-0.076,0.272,g
2459503.68401,2021-10-16.1837199,bE,1.56,16.051,>16.051,99.990,0.374,0.276,g
2459504.67267,2021-10-17.1723866,bE,1.5,16.185,>16.185,99.990,-0.123,0.244,g
2459504.67398,2021-10-17.1736936,bE,1.47,16.014,>16.014,99.990,0.396,0.285,g
2459504.67529,2021-10-17.1749980,bE,1.52,16.064,>16.064,99.990,-0.151,0.273,g
2459505.67248,2021-10-18.1722054,bE,1.46,15.889,>15.889,99.990,-0.075,0.320,g
2459505.67378,2021-10-18.1734993,bE,1.51,15.952,>15.952,99.990,-0.092,0.302,g
2459505.67507,2021-10-18.1747927,bE,1.56,15.973,>15.973,99.990,-0.193,0.296,g
2459506.46670,2021-10-18.9664243,bm,1.55,15.752,>15.752,99.990,0.043,0.363,g
2459506.46793,2021-10-18.9676542,bm,1.53,15.797,>15.797,99.990,0.281,0.348,g
2459506.46917,2021-10-18.9688984,bm,1.54,15.738,>15.738,99.990,-1.023,0.368,g
2459506.72632,2021-10-19.2260528,bi,1.41,15.638,>15.638,99.990,0.310,0.403,g
2459506.72758,2021-10-19.2273099,bi,1.43,15.762,>15.762,99.990,0.382,0.360,g
2459506.72881,2021-10-19.2285483,bi,1.39,15.630,>15.630,99.990,-0.952,0.406,g
2459506.77208,2021-10-19.2718083,bi,1.47,15.596,>15.596,99.990,0.987,0.419,g
2459506.77333,2021-10-19.2730597,bi,1.52,15.724,>15.724,99.990,0.575,0.373,g
2459506.77457,2021-10-19.2743005,bi,1.5,15.790,>15.790,99.990,0.265,0.351,g
2459508.76986,2021-10-21.2696050,bE,1.48,15.933,>15.933,99.990,0.339,0.308,g
2459508.77115,2021-10-21.2708975,bE,1.49,15.811,>15.811,99.990,-0.103,0.344,g
2459508.77245,2021-10-21.2721990,bE,1.6,15.954,>15.954,99.990,-0.210,0.302,g
2459509.75196,2021-10-22.2517059,bE,1.48,15.934,>15.934,99.990,0.173,0.307,g
2459509.75324,2021-10-22.2530042,bE,1.58,16.053,>16.053,99.990,0.179,0.275,g
2459509.75454,2021-10-22.2542966,bE,1.56,16.115,>16.115,99.990,-0.147,0.260,g
2459510.64164,2021-10-23.1413945,bE,1.55,16.008,>16.008,99.990,0.240,0.287,g
2459510.64293,2021-10-23.1426920,bE,1.52,16.176,>16.176,99.990,0.383,0.246,g
2459510.64423,2021-10-23.1439879,bE,1.56,15.932,>15.932,99.990,0.171,0.308,g
2459511.40275,2021-10-23.9025151,bm,1.73,15.902,>15.902,99.990,-0.151,0.316,g
2459511.40399,2021-10-23.9037543,bm,1.55,15.999,>15.999,99.990,0.240,0.289,g
2459511.40523,2021-10-23.9050033,bm,1.63,15.920,>15.920,99.990,-0.665,0.311,g
2459511.69069,2021-10-24.1904568,bE,1.47,16.261,>16.261,99.990,-0.491,0.227,g
2459511.69199,2021-10-24.1917521,bE,1.49,16.118,>16.118,99.990,0.126,0.259,g
2459511.69329,2021-10-24.1930498,bE,1.57,16.202,>16.202,99.990,0.161,0.240,g
2459511.80125,2021-10-24.3010192,bE,1.41,16.183,>16.183,99.990,0.065,0.244,g
2459511.80254,2021-10-24.3023075,bE,1.51,16.288,>16.288,99.990,0.479,0.222,g
2459511.80384,2021-10-24.3036079,bE,1.45,16.265,>16.265,99.990,0.356,0.226,g
2459512.64032,2021-10-25.1400901,bE,1.45,16.364,>16.364,99.990,0.116,0.207,g
2459512.64162,2021-10-25.1413858,bE,1.48,16.352,>16.352,99.990,0.318,0.209,g
2459512.64291,2021-10-25.1426774,bE,1.48,16.148,>16.148,99.990,-0.009,0.252,g
2459512.69184,2021-10-25.1916108,bE,1.44,16.172,>16.172,99.990,0.294,0.247,g
2459512.69313,2021-10-25.1929026,bE,1.47,16.181,>16.181,99.990,0.268,0.245,g
2459512.69443,2021-10-25.1942053,bE,1.5,16.258,>16.258,99.990,0.344,0.228,g
2459513.64198,2021-10-26.1417567,bE,1.51,16.422,>16.422,99.990,-0.077,0.196,g
2459513.64328,2021-10-26.1430644,bE,1.44,16.281,>16.281,99.990,0.074,0.223,g
2459513.64459,2021-10-26.1443651,bE,1.43,16.398,>16.398,99.990,0.173,0.200,g
2459513.85557,2021-10-26.3553535,bE,1.55,16.322,>16.322,99.990,-0.380,0.215,g
2459513.85686,2021-10-26.3566421,bE,1.42,16.285,>16.285,99.990,-0.138,0.222,g
2459513.85816,2021-10-26.3579371,bE,1.52,16.358,>16.358,99.990,0.043,0.208,g
2459514.63384,2021-10-27.1336236,bE,1.51,16.400,>16.400,99.990,0.061,0.200,g
2459514.63511,2021-10-27.1348993,bE,1.44,16.423,>16.423,99.990,0.159,0.196,g
2459514.63642,2021-10-27.1362109,bE,1.48,16.457,>16.457,99.990,-0.003,0.190,g
2459514.86998,2021-10-27.3697693,bi,1.51,15.949,>15.949,99.990,0.242,0.303,g
2459514.87123,2021-10-27.3710216,bi,1.55,15.770,>15.770,99.990,0.503,0.357,g
2459514.87248,2021-10-27.3722728,bi,1.51,15.718,>15.718,99.990,-0.466,0.375,g
2459515.63277,2021-10-28.1325739,bE,1.45,16.474,>16.474,99.990,0.151,0.187,g
2459515.63407,2021-10-28.1338679,bE,1.51,16.401,>16.401,99.990,-0.051,0.200,g
2459515.63537,2021-10-28.1351715,bE,1.51,16.547,>16.547,99.990,0.055,0.175,g
2459516.62619,2021-10-29.1259964,bE,1.5,16.366,>16.366,99.990,0.065,0.206,g
2459516.62749,2021-10-29.1272969,bE,1.52,16.291,>16.291,99.990,0.008,0.221,g
2459516.84921,2021-10-29.3490157,bi,1.38,14.177,>14.177,99.990,4.616,1.551,g
2459516.85046,2021-10-29.3502643,bi,1.39,14.736,>14.736,99.990,1.221,0.926,g
2459516.85170,2021-10-29.3515086,bi,1.45,14.499,>14.499,99.990,0.435,1.152,g
2459517.63013,2021-10-30.1299439,bE,1.46,16.357,>16.357,99.990,-0.384,0.208,g
2459517.63143,2021-10-30.1312402,bE,1.49,16.487,>16.487,99.990,0.181,0.185,g
2459517.63272,2021-10-30.1325388,bE,1.46,16.542,>16.542,99.990,0.050,0.176,g
2459518.62883,2021-10-31.1286476,bE,1.42,16.375,>16.375,99.990,0.008,0.205,g
2459518.63013,2021-10-31.1299495,bE,1.49,16.490,>16.490,99.990,0.264,0.184,g
2459518.63144,2021-10-31.1312556,bE,1.48,16.354,>16.354,99.990,-0.174,0.209,g
2459521.61487,2021-11-03.1147109,bE,1.51,16.414,>16.414,99.990,0.147,0.197,g
2459521.61617,2021-11-03.1160159,bE,1.5,16.441,>16.441,99.990,0.147,0.193,g
2459521.61747,2021-11-03.1173134,bE,1.45,16.501,>16.501,99.990,0.170,0.182,g
2459522.52599,2021-11-04.0258457,bm,1.59,16.595,>16.595,99.990,-0.134,0.167,g
2459522.52723,2021-11-04.0270806,bm,1.45,16.621,>16.621,99.990,0.399,0.163,g
2459522.52853,2021-11-04.0283810,bm,1.57,16.463,>16.463,99.990,0.024,0.189,g
2459522.70124,2021-11-04.2010951,bi,1.39,16.228,>16.228,99.990,-0.219,0.234,g
2459522.70248,2021-11-04.2023365,bi,1.42,16.188,>16.188,99.990,-0.110,0.243,g
2459522.70371,2021-11-04.2035702,bi,1.42,16.265,>16.265,99.990,-0.051,0.226,g
2459522.72013,2021-11-04.2199827,bi,1.39,16.214,>16.214,99.990,0.059,0.237,g
2459522.72136,2021-11-04.2212129,bi,1.44,16.321,>16.321,99.990,0.343,0.215,g
2459522.72261,2021-11-04.2224652,bi,1.51,16.229,>16.229,99.990,0.116,0.234,g
2459523.72524,2021-11-05.2251045,bE,1.51,16.319,>16.319,99.990,0.372,0.215,g
2459523.72655,2021-11-05.2264054,bE,1.53,16.409,>16.409,99.990,-0.047,0.198,g
2459523.72784,2021-11-05.2276987,bE,1.52,16.346,>16.346,99.990,0.032,0.210,g
2459525.60737,2021-11-07.1072527,bE,1.54,16.521,>16.521,99.990,-0.109,0.179,g
2459525.60867,2021-11-07.1085495,bE,1.46,16.603,>16.603,99.990,0.094,0.166,g
2459525.60997,2021-11-07.1098532,bE,1.44,16.360,>16.360,99.990,-0.015,0.208,g
2459525.86321,2021-11-07.3630878,bE,1.52,15.987,>15.987,99.990,-0.312,0.292,g
2459525.86450,2021-11-07.3643870,bE,1.52,15.915,>15.915,99.990,0.101,0.313,g
2459525.86579,2021-11-07.3656722,bE,1.51,15.674,>15.674,99.990,-0.471,0.390,g
2459526.59756,2021-11-08.0974505,bi,1.41,16.094,>16.094,99.990,0.379,0.265,g
2459526.60005,2021-11-08.0999317,bi,1.44,16.121,>16.121,99.990,-0.205,0.259,g
2459527.61053,2021-11-09.1104283,bE,1.52,16.438,>16.438,99.990,-0.040,0.193,g
2459527.61184,2021-11-09.1117303,bE,1.53,16.489,>16.489,99.990,0.055,0.184,g
2459527.61313,2021-11-09.1130252,bE,1.5,16.501,>16.501,99.990,0.025,0.182,g
2459527.67709,2021-11-09.1769884,bi,1.47,16.245,>16.245,99.990,0.044,0.231,g
2459527.67834,2021-11-09.1782327,bi,1.39,16.316,>16.316,99.990,-0.168,0.216,g
2459527.67958,2021-11-09.1794827,bi,1.44,16.251,>16.251,99.990,-0.207,0.230,g
2459528.49975,2021-11-09.9996442,bm,1.59,16.541,>16.541,99.990,-0.001,0.176,g
2459528.50100,2021-11-10.0008998,bm,1.57,16.553,>16.553,99.990,0.180,0.174,g
2459528.50224,2021-11-10.0021465,bm,1.53,16.392,>16.392,99.990,0.271,0.201,g
2459528.65508,2021-11-10.1549765,bi,1.42,16.213,>16.213,99.990,-0.064,0.238,g
2459528.65632,2021-11-10.1562135,bi,1.47,16.288,>16.288,99.990,-0.306,0.222,g
2459528.65757,2021-11-10.1574734,bi,1.52,16.234,>16.234,99.990,0.111,0.233,g
2459528.85648,2021-11-10.3563765,bi,1.47,16.185,>16.185,99.990,-0.277,0.244,g
2459528.85772,2021-11-10.3576246,bi,1.48,16.016,>16.016,99.990,-0.498,0.285,g
2459528.85896,2021-11-10.3588652,bi,1.57,16.080,>16.080,99.990,-0.387,0.269,g
2459529.52478,2021-11-11.0246854,bm,1.6,16.399,>16.399,99.990,0.051,0.200,g
2459529.52600,2021-11-11.0259120,bm,1.55,16.461,>16.461,99.990,0.115,0.189,g
2459529.52725,2021-11-11.0271545,bm,1.59,16.428,>16.428,99.990,-0.068,0.195,g
2459529.61557,2021-11-11.1154869,bi,1.42,16.105,>16.105,99.990,-0.041,0.263,g
2459529.61682,2021-11-11.1167381,bi,1.42,16.101,>16.101,99.990,-0.698,0.263,g
2459529.61806,2021-11-11.1179741,bi,1.4,16.280,>16.280,99.990,-0.267,0.223,g
2459529.72565,2021-11-11.2255600,bi,1.41,16.237,>16.237,99.990,-0.176,0.232,g
2459529.72689,2021-11-11.2268045,bi,1.47,16.195,>16.195,99.990,0.528,0.241,g
2459529.72815,2021-11-11.2280605,bi,1.44,16.227,>16.227,99.990,0.191,0.235,g
2459530.34068,2021-11-11.8405980,bm,2.11,16.199,>16.199,99.990,-0.212,0.241,g
2459530.34192,2021-11-11.8418315,bm,2.12,16.290,>16.290,99.990,-0.493,0.221,g
2459530.34316,2021-11-11.8430805,bm,2.13,16.186,>16.186,99.990,-0.195,0.244,g
2459530.59276,2021-11-12.0926754,bi,1.39,15.962,>15.962,99.990,-0.009,0.299,g
2459530.59400,2021-11-12.0939174,bi,1.38,16.049,>16.049,99.990,0.067,0.276,g
2459530.59525,2021-11-12.0951615,bi,1.43,16.227,>16.227,99.990,0.055,0.235,g
2459530.86572,2021-11-12.3656380,bi,1.43,15.430,>15.430,99.990,-0.074,0.489,g
2459531.33860,2021-11-12.8385310,bm,2.05,16.204,>16.204,99.990,-0.225,0.240,g
2459531.33985,2021-11-12.8397752,bm,2.03,15.997,>15.997,99.990,0.268,0.290,g
2459531.34108,2021-11-12.8410101,bm,2.03,15.969,>15.969,99.990,0.071,0.298,g
2459531.61551,2021-11-13.1154317,bi,1.45,15.846,>15.846,99.990,-0.260,0.333,g
2459531.61675,2021-11-13.1166736,bi,1.51,16.031,>16.031,99.990,-0.134,0.281,g
2459531.61799,2021-11-13.1179178,bi,1.44,15.973,>15.973,99.990,-0.481,0.296,g
2459531.86218,2021-11-13.3621039,bi,1.5,15.809,>15.809,99.990,0.259,0.345,g
2459531.86343,2021-11-13.3633577,bi,1.45,15.698,>15.698,99.990,0.631,0.382,g
2459531.86467,2021-11-13.3645971,bi,1.52,15.478,>15.478,99.990,0.239,0.467,g
2459532.33933,2021-11-13.8392564,bm,2.33,15.526,>15.526,99.990,0.241,0.447,g
2459532.34056,2021-11-13.8404853,bm,2.32,15.344,>15.344,99.990,-0.035,0.529,g
2459532.34180,2021-11-13.8417263,bm,2.33,15.541,>15.541,99.990,-0.540,0.441,g
2459532.59048,2021-11-14.0904078,bE,1.49,16.161,>16.161,99.990,-0.219,0.249,g
2459532.59178,2021-11-14.0917096,bE,1.43,16.260,>16.260,99.990,-0.133,0.227,g
2459532.59308,2021-11-14.0930086,bE,1.49,16.202,>16.202,99.990,0.295,0.240,g
2459533.59975,2021-11-15.0996921,bE,1.44,16.043,>16.043,99.990,-0.279,0.278,g
2459533.60105,2021-11-15.1009923,bE,1.55,16.098,>16.098,99.990,0.066,0.264,g
2459533.60234,2021-11-15.1022880,bE,1.53,16.089,>16.089,99.990,0.284,0.266,g
2459533.84826,2021-11-15.3482159,bi,1.43,16.197,>16.197,99.990,0.180,0.241,g
2459533.84951,2021-11-15.3494556,bi,1.45,16.309,>16.309,99.990,0.206,0.217,g
2459533.85076,2021-11-15.3507006,bi,1.49,16.254,>16.254,99.990,-0.296,0.229,g
2459534.46687,2021-11-15.9668291,bm,1.74,14.950,>14.950,99.990,0.114,0.761,g
2459534.46811,2021-11-15.9680703,bm,1.73,15.051,>15.051,99.990,-0.211,0.693,g
2459534.46936,2021-11-15.9693121,bm,1.7,15.105,>15.105,99.990,-0.824,0.659,g
2459535.45423,2021-11-16.9541920,bm,1.57,15.889,>15.889,99.990,0.094,0.320,g
2459535.45547,2021-11-16.9554348,bm,1.53,15.894,>15.894,99.990,0.860,0.319,g
2459535.45671,2021-11-16.9566718,bm,1.47,16.024,>16.024,99.990,-0.430,0.283,g
2459535.57477,2021-11-17.0747344,bm,1.41,15.974,>15.974,99.990,-0.203,0.296,g
2459535.57601,2021-11-17.0759762,bm,1.53,15.968,>15.968,99.990,-0.122,0.298,g
2459535.57725,2021-11-17.0772148,bm,1.45,16.054,>16.054,99.990,0.052,0.275,g
2459535.84984,2021-11-17.3498010,bi,1.41,15.950,>15.950,99.990,-0.125,0.303,g
2459535.85107,2021-11-17.3510300,bi,1.49,15.929,>15.929,99.990,-0.437,0.309,g
2459535.85231,2021-11-17.3522717,bi,1.49,16.000,>16.000,99.990,-0.311,0.289,g
2459536.62569,2021-11-18.1256609,bE,1.49,15.950,>15.950,99.990,0.114,0.303,g
2459536.62699,2021-11-18.1269648,bE,1.57,15.882,>15.882,99.990,-0.338,0.322,g
2459536.62829,2021-11-18.1282613,bE,1.44,15.920,>15.920,99.990,-0.186,0.311,g
2459537.33139,2021-11-18.8313719,bm,1.53,15.580,>15.580,99.990,0.565,0.426,g
2459537.33263,2021-11-18.8326148,bm,1.56,15.658,>15.658,99.990,-0.109,0.396,g
2459537.33387,2021-11-18.8338521,bm,1.53,15.631,>15.631,99.990,0.057,0.406,g
2459537.40230,2021-11-18.9022781,bm,1.6,15.825,>15.825,99.990,-0.396,0.340,g
2459537.40354,2021-11-18.9035202,bm,1.43,15.820,>15.820,99.990,-0.746,0.341,g
2459537.40478,2021-11-18.9047597,bm,1.48,15.715,>15.715,99.990,-0.969,0.376,g
2459537.47227,2021-11-18.9722490,bm,1.48,15.756,>15.756,99.990,-0.232,0.362,g
2459537.47350,2021-11-18.9734800,bm,1.52,15.638,>15.638,99.990,-0.083,0.403,g
2459537.47474,2021-11-18.9747188,bm,1.47,15.756,>15.756,99.990,-0.687,0.362,g
2459537.62740,2021-11-19.1273802,bE,1.47,15.665,>15.665,99.990,-0.531,0.394,g
2459537.62871,2021-11-19.1286864,bE,1.51,15.678,>15.678,99.990,0.145,0.389,g
2459537.63001,2021-11-19.1299861,bE,1.57,15.660,>15.660,99.990,0.319,0.396,g
2459537.85490,2021-11-19.3548767,bi,1.49,16.065,>16.065,99.990,1.100,0.272,g
2459537.85615,2021-11-19.3561268,bi,1.46,16.047,>16.047,99.990,-0.341,0.277,g
2459537.85739,2021-11-19.3573697,bi,1.47,15.774,>15.774,99.990,0.094,0.356,g
2459538.32427,2021-11-19.8242471,bm,1.65,15.683,>15.683,99.990,-0.154,0.387,g
2459538.32551,2021-11-19.8254973,bm,1.62,15.548,>15.548,99.990,-0.471,0.439,g
2459538.32678,2021-11-19.8267651,bm,1.58,15.749,>15.749,99.990,-0.389,0.364,g
2459538.34997,2021-11-19.8499502,bm,1.52,15.785,>15.785,99.990,0.276,0.352,g
2459538.35121,2021-11-19.8511996,bm,1.5,15.772,>15.772,99.990,-0.656,0.357,g
2459538.35246,2021-11-19.8524457,bm,1.51,15.673,>15.673,99.990,-0.622,0.391,g
2459538.49532,2021-11-19.9952994,bm,1.53,15.851,>15.851,99.990,-0.352,0.332,g
2459538.49656,2021-11-19.9965414,bm,1.5,15.857,>15.857,99.990,0.026,0.330,g
2459538.49779,2021-11-19.9977774,bm,1.52,15.687,>15.687,99.990,-0.906,0.386,g
2459538.67543,2021-11-20.1754184,bE,1.46,15.990,>15.990,99.990,0.023,0.292,g
2459538.67672,2021-11-20.1767099,bE,1.52,15.804,>15.804,99.990,-1.044,0.346,g
2459538.67802,2021-11-20.1780021,bE,1.61,15.954,>15.954,99.990,-0.115,0.302,g
2459539.32055,2021-11-20.8205362,bm,2.09,13.923,>13.923,99.990,-2.582,1.958,g
2459539.32179,2021-11-20.8217826,bm,2.0,99.990,99.990,99.990,99.990,99.990,g
2459539.32309,2021-11-20.8230809,bm,2.13,15.814,>15.814,99.990,-0.586,0.343,g
2459539.69211,2021-11-21.1921063,bE,1.54,15.994,>15.994,99.990,-0.038,0.291,g
2459539.69342,2021-11-21.1934107,bE,1.53,16.106,>16.106,99.990,-0.104,0.262,g
2459539.69471,2021-11-21.1947078,bE,1.53,15.975,>15.975,99.990,-0.561,0.296,g
2459540.57703,2021-11-22.0770405,bi,1.47,15.998,>15.998,99.990,0.173,0.290,g
2459540.57829,2021-11-22.0782871,bi,1.54,16.021,>16.021,99.990,-0.149,0.283,g
2459540.57951,2021-11-22.0795229,bi,1.5,16.077,>16.077,99.990,-0.432,0.269,g
2459540.60698,2021-11-22.1069781,bi,1.55,15.951,>15.951,99.990,-0.147,0.303,g
2459540.60821,2021-11-22.1082199,bi,1.46,15.992,>15.992,99.990,-0.021,0.291,g
2459540.60945,2021-11-22.1094605,bi,1.53,15.808,>15.808,99.990,0.447,0.345,g
2459540.83826,2021-11-22.3382681,bi,1.5,15.884,>15.884,99.990,0.134,0.322,g
2459540.83950,2021-11-22.3395097,bi,1.45,15.742,>15.742,99.990,0.337,0.367,g
2459540.84077,2021-11-22.3407752,bi,1.41,15.937,>15.937,99.990,-0.044,0.306,g
2459540.85005,2021-11-22.3500611,bi,1.47,15.750,>15.750,99.990,0.322,0.364,g
2459540.85128,2021-11-22.3512949,bi,1.36,15.787,>15.787,99.990,-0.310,0.352,g
2459540.85252,2021-11-22.3525340,bi,1.41,15.743,>15.743,99.990,-0.112,0.366,g
2459541.64366,2021-11-23.1436703,bE,1.46,15.597,>15.597,99.990,0.035,0.419,g
2459541.64496,2021-11-23.1449693,bE,1.51,15.695,>15.695,99.990,-0.239,0.383,g
2459541.64624,2021-11-23.1462524,bE,1.56,15.406,>15.406,99.990,-0.449,0.499,g
2459542.58883,2021-11-24.0888519,bE,1.51,16.304,>16.304,99.990,-0.035,0.219,g
2459542.59014,2021-11-24.0901549,bE,1.56,16.472,>16.472,99.990,0.026,0.187,g
2459542.59144,2021-11-24.0914594,bE,1.52,16.441,>16.441,99.990,-0.016,0.193,g
2459542.63534,2021-11-24.1353599,bi,1.47,16.170,>16.170,99.990,0.546,0.247,g
2459542.63659,2021-11-24.1366158,bi,1.49,16.173,>16.173,99.990,-0.007,0.246,g
2459542.63783,2021-11-24.1378506,bi,1.43,16.132,>16.132,99.990,0.048,0.256,g
2459542.64692,2021-11-24.1469398,bi,1.42,16.090,>16.090,99.990,0.253,0.266,g
2459542.64816,2021-11-24.1481804,bi,1.41,16.172,>16.172,99.990,0.336,0.247,g
2459542.64940,2021-11-24.1494195,bi,1.47,16.089,>16.089,99.990,-0.277,0.266,g
2459543.68279,2021-11-25.1828259,bi,1.4,16.207,>16.207,99.990,0.321,0.239,g
2459543.68405,2021-11-25.1840805,bi,1.43,16.283,>16.283,99.990,-0.059,0.223,g
2459543.68530,2021-11-25.1853282,bi,1.44,16.128,>16.128,99.990,0.002,0.257,g
2459543.69053,2021-11-25.1905598,bi,1.41,16.073,>16.073,99.990,0.116,0.270,g
2459543.69178,2021-11-25.1918100,bi,1.41,16.116,>16.116,99.990,-0.087,0.260,g
2459543.69303,2021-11-25.1930638,bi,1.44,16.154,>16.154,99.990,-0.424,0.251,g
2459546.85324,2021-11-28.3532942,bi,1.38,15.827,>15.827,99.990,0.103,0.339,g
2459546.85447,2021-11-28.3545327,bi,1.47,15.985,>15.985,99.990,-0.290,0.293,g
2459546.85574,2021-11-28.3557980,bi,1.47,15.744,>15.744,99.990,-0.515,0.366,g
2459548.33875,2021-11-29.8388185,bm,1.52,16.600,>16.600,99.990,0.275,0.166,g
2459548.34004,2021-11-29.8401034,bm,1.58,16.451,>16.451,99.990,-0.064,0.191,g
2459548.34128,2021-11-29.8413454,bm,1.51,16.468,>16.468,99.990,-0.183,0.188,g
2459548.60062,2021-11-30.1006868,bE,1.68,16.400,>16.400,99.990,0.002,0.200,g
2459548.60190,2021-11-30.1019692,bE,1.64,16.577,>16.577,99.990,-0.065,0.170,g
2459548.60320,2021-11-30.1032689,bE,1.59,16.505,>16.505,99.990,0.147,0.182,g
2459548.65650,2021-11-30.1565695,bE,1.46,16.378,>16.378,99.990,0.070,0.204,g
2459548.65780,2021-11-30.1578711,bE,1.53,16.444,>16.444,99.990,-0.093,0.192,g
2459548.65909,2021-11-30.1591577,bE,1.42,16.436,>16.436,99.990,0.169,0.193,g
2459549.52409,2021-12-01.0241700,bm,1.52,16.529,>16.529,99.990,0.001,0.178,g
2459549.52533,2021-12-01.0254083,bm,1.54,16.474,>16.474,99.990,-0.167,0.187,g
2459549.52657,2021-12-01.0266571,bm,1.52,16.399,>16.399,99.990,-0.138,0.200,g
2459549.53607,2021-12-01.0361434,bE,1.72,16.539,>16.539,99.990,0.230,0.176,g
2459549.53736,2021-12-01.0374409,bE,1.6,16.374,>16.374,99.990,0.031,0.205,g
2459549.53867,2021-12-01.0387434,bE,1.55,16.364,>16.364,99.990,-0.299,0.207,g
2459549.85141,2021-12-01.3514962,bi,1.54,15.953,>15.953,99.990,-0.130,0.302,g
2459549.85265,2021-12-01.3527342,bi,1.6,16.087,>16.087,99.990,-0.021,0.267,g
2459549.85389,2021-12-01.3539809,bi,1.54,15.750,>15.750,99.990,-0.580,0.364,g
2459550.33765,2021-12-01.8377290,bm,1.55,16.353,>16.353,99.990,0.448,0.209,g
2459550.33888,2021-12-01.8389660,bm,1.51,16.355,>16.355,99.990,-0.046,0.208,g
2459550.34014,2021-12-01.8402231,bm,1.53,16.419,>16.419,99.990,0.125,0.197,g
2459550.47133,2021-12-01.9714136,bm,1.49,16.254,>16.254,99.990,-0.203,0.229,g
2459550.47257,2021-12-01.9726563,bm,1.49,15.805,>15.805,99.990,0.414,0.346,g
2459550.47381,2021-12-01.9738959,bm,1.55,15.923,>15.923,99.990,-0.256,0.310,g
2459550.61769,2021-12-02.1177731,bE,1.48,16.592,>16.592,99.990,0.020,0.168,g
2459550.61900,2021-12-02.1190888,bE,1.52,16.398,>16.398,99.990,-0.032,0.200,g
2459550.62030,2021-12-02.1203878,bE,1.54,16.456,>16.456,99.990,-0.063,0.190,g
2459551.29643,2021-12-02.7965181,bm,1.57,15.564,>15.564,99.990,-0.347,0.432,g
2459551.29766,2021-12-02.7977586,bm,1.56,15.278,>15.278,99.990,0.548,0.562,g
2459551.29892,2021-12-02.7990087,bm,1.55,15.618,>15.618,99.990,-0.597,0.411,g
2459551.62712,2021-12-03.1272162,bE,1.49,16.558,>16.558,99.990,0.130,0.173,g
2459551.62842,2021-12-03.1285142,bE,1.53,16.401,>16.401,99.990,-0.094,0.200,g
2459551.62972,2021-12-03.1298130,bE,1.47,16.457,>16.457,99.990,-0.055,0.190,g
2459552.65350,2021-12-04.1536071,bi,1.35,16.255,>16.255,99.990,-0.168,0.228,g
2459552.65474,2021-12-04.1548465,bi,1.51,16.359,>16.359,99.990,0.336,0.208,g
2459552.65598,2021-12-04.1560887,bi,1.41,16.270,>16.270,99.990,-0.212,0.225,g
2459552.84712,2021-12-04.3472216,bE,1.48,16.349,>16.349,99.990,-0.168,0.210,g
2459552.84839,2021-12-04.3485076,bE,1.51,16.271,>16.271,99.990,-0.143,0.225,g
2459552.84971,2021-12-04.3498226,bE,1.5,16.271,>16.271,99.990,-0.183,0.225,g
2459553.57811,2021-12-05.0782208,bE,1.55,16.481,>16.481,99.990,-0.069,0.186,g
2459553.57940,2021-12-05.0795077,bE,1.46,16.452,>16.452,99.990,0.075,0.191,g
2459553.58070,2021-12-05.0808059,bE,1.54,16.420,>16.420,99.990,-0.057,0.196,g
2459553.78250,2021-12-05.2826076,bE,1.46,16.443,>16.443,99.990,-0.065,0.192,g
2459553.78378,2021-12-05.2838959,bE,1.49,16.436,>16.436,99.990,0.055,0.193,g
2459553.78508,2021-12-05.2851910,bE,1.48,16.460,>16.460,99.990,0.289,0.189,g
2459554.71922,2021-12-06.2193466,bi,1.47,16.310,>16.310,99.990,0.364,0.217,g
2459554.72046,2021-12-06.2205859,bi,1.39,16.238,>16.238,99.990,0.097,0.232,g
2459554.72172,2021-12-06.2218381,bi,1.37,16.231,>16.231,99.990,0.260,0.234,g
2459555.57116,2021-12-07.0712857,bE,1.53,16.287,>16.287,99.990,0.032,0.222,g
2459555.57246,2021-12-07.0725943,bE,1.53,16.245,>16.245,99.990,-0.043,0.231,g
2459555.57379,2021-12-07.0739149,bE,1.49,16.408,>16.408,99.990,0.168,0.198,g
2459555.84506,2021-12-07.3451907,bE,1.48,16.371,>16.371,99.990,-0.134,0.205,g
2459555.84636,2021-12-07.3464895,bE,1.51,16.264,>16.264,99.990,0.216,0.227,g
2459555.84766,2021-12-07.3477916,bE,1.5,16.205,>16.205,99.990,-0.126,0.239,g
2459556.54533,2021-12-08.0454649,bi,2.1,16.264,>16.264,99.990,0.103,0.227,g
2459556.54657,2021-12-08.0467112,bi,2.09,16.162,>16.162,99.990,-0.626,0.249,g
2459556.54781,2021-12-08.0479532,bi,2.06,16.165,>16.165,99.990,-0.556,0.248,g
2459556.69679,2021-12-08.1969297,bE,1.51,16.407,>16.407,99.990,0.189,0.199,g
2459556.69810,2021-12-08.1982401,bE,1.58,16.465,>16.465,99.990,0.080,0.188,g
2459556.69939,2021-12-08.1995256,bE,1.54,16.416,>16.416,99.990,0.129,0.197,g
2459557.28117,2021-12-08.7813171,bm,2.46,15.931,>15.931,99.990,-0.300,0.308,g
2459557.28241,2021-12-08.7825568,bm,2.43,16.174,>16.174,99.990,-0.155,0.246,g
2459557.28365,2021-12-08.7837972,bm,2.4,16.143,>16.143,99.990,0.180,0.253,g
2459557.78130,2021-12-09.2814489,bE,1.51,16.366,>16.366,99.990,0.009,0.206,g
2459557.78261,2021-12-09.2827579,bE,1.51,16.427,>16.427,99.990,0.179,0.195,g
2459557.78393,2021-12-09.2840725,bE,1.51,16.431,>16.431,99.990,0.014,0.194,g
2459559.27450,2021-12-10.7746576,bm,2.5,15.364,>15.364,99.990,0.225,0.520,g
2459559.27576,2021-12-10.7759239,bm,2.48,15.786,>15.786,99.990,-0.414,0.352,g
2459559.27707,2021-12-10.7772336,bm,2.46,15.729,>15.729,99.990,-0.162,0.371,g
2459559.56176,2021-12-11.0619152,bE,1.55,16.288,>16.288,99.990,0.338,0.222,g
2459559.56304,2021-12-11.0632100,bE,1.51,16.285,>16.285,99.990,-0.128,0.222,g
2459559.56435,2021-12-11.0645118,bE,1.51,16.331,>16.331,99.990,0.139,0.213,g
2459559.72072,2021-12-11.2208788,bE,1.45,16.387,>16.387,99.990,0.151,0.202,g
2459559.72203,2021-12-11.2221924,bE,1.4,16.429,>16.429,99.990,0.058,0.195,g
2459559.72332,2021-12-11.2234848,bE,1.49,16.596,>16.596,99.990,-0.129,0.167,g
2459560.27506,2021-12-11.7752251,bm,2.39,15.362,>15.362,99.990,-0.588,0.520,g
2459560.27633,2021-12-11.7765042,bm,2.4,15.509,>15.509,99.990,0.382,0.454,g
2459560.27763,2021-12-11.7777988,bm,2.36,15.845,>15.845,99.990,-0.024,0.333,g
2459560.42311,2021-12-11.9232879,bm,1.52,16.428,>16.428,99.990,0.014,0.195,g
2459560.42435,2021-12-11.9245253,bm,1.56,16.244,>16.244,99.990,0.014,0.231,g
2459560.42560,2021-12-11.9257694,bm,1.58,16.241,>16.241,99.990,-0.178,0.231,g
2459560.61795,2021-12-12.1181184,bE,1.49,16.424,>16.424,99.990,-0.246,0.196,g
2459560.61924,2021-12-12.1194155,bE,1.51,16.277,>16.277,99.990,0.242,0.224,g
2459560.62054,2021-12-12.1207118,bE,1.49,16.282,>16.282,99.990,0.223,0.223,g
2459560.85016,2021-12-12.3503351,bi,1.45,15.955,>15.955,99.990,0.212,0.301,g
2459560.85140,2021-12-12.3515746,bi,1.42,15.870,>15.870,99.990,-0.395,0.326,g
2459560.85266,2021-12-12.3528282,bi,1.43,15.923,>15.923,99.990,0.409,0.310,g
2459561.60294,2021-12-13.1031204,bE,1.48,16.135,>16.135,99.990,0.112,0.255,g
2459561.60422,2021-12-13.1043935,bE,1.52,16.367,>16.367,99.990,0.011,0.206,g
2459561.60549,2021-12-13.1056697,bE,1.45,16.216,>16.216,99.990,0.142,0.237,g
2459561.64212,2021-12-13.1422974,bE,1.5,16.185,>16.185,99.990,0.234,0.244,g
2459561.64341,2021-12-13.1435935,bE,1.44,16.170,>16.170,99.990,0.079,0.247,g
2459561.64471,2021-12-13.1448901,bE,1.54,16.163,>16.163,99.990,0.074,0.249,g
2459563.37054,2021-12-14.8707387,bm,2.02,16.083,>16.083,99.990,-0.181,0.268,g
2459563.37178,2021-12-14.8719795,bm,1.98,16.136,>16.136,99.990,-0.203,0.255,g
2459563.37304,2021-12-14.8732328,bm,2.0,16.014,>16.014,99.990,0.354,0.286,g
2459563.61310,2021-12-15.1133042,bE,1.43,16.109,>16.109,99.990,-0.084,0.262,g
2459563.61440,2021-12-15.1145951,bE,1.46,16.120,>16.120,99.990,-0.145,0.259,g
2459563.61569,2021-12-15.1158870,bE,1.48,16.068,>16.068,99.990,0.216,0.272,g
2459563.83702,2021-12-15.3372247,bE,1.55,16.511,>16.511,99.990,0.138,0.181,g
2459563.83832,2021-12-15.3385177,bE,1.52,16.329,>16.329,99.990,-0.043,0.214,g
2459563.83962,2021-12-15.3398166,bE,1.5,16.394,>16.394,99.990,0.292,0.201,g
2459564.30813,2021-12-15.8083385,bm,2.08,15.848,>15.848,99.990,-0.141,0.332,g
2459564.30938,2021-12-15.8095839,bm,2.01,15.808,>15.808,99.990,0.603,0.345,g
2459564.31063,2021-12-15.8108394,bm,2.05,16.047,>16.047,99.990,-0.666,0.277,g
2459564.58725,2021-12-16.0874526,bi,1.46,15.780,>15.780,99.990,-0.258,0.354,g
2459564.58848,2021-12-16.0886883,bi,1.44,15.830,>15.830,99.990,-0.292,0.338,g
2459564.58972,2021-12-16.0899231,bi,1.45,15.766,>15.766,99.990,-0.718,0.359,g
2459564.86015,2021-12-16.3603569,bi,1.43,15.208,>15.208,99.990,-0.480,0.599,g
2459565.65660,2021-12-17.1568033,bi,1.45,15.816,>15.816,99.990,-0.236,0.342,g
2459565.65785,2021-12-17.1580546,bi,1.47,15.823,>15.823,99.990,-0.308,0.340,g
2459565.65911,2021-12-17.1593222,bi,1.4,15.720,>15.720,99.990,0.301,0.374,g
2459565.86021,2021-12-17.3604247,bi,1.63,15.394,>15.394,99.990,-1.158,0.505,g
2459567.75189,2021-12-19.2521180,bE,1.54,15.942,>15.942,99.990,0.504,0.305,g
2459567.75320,2021-12-19.2534252,bE,1.58,15.778,>15.778,99.990,0.286,0.355,g
2459567.75449,2021-12-19.2547209,bE,1.55,15.802,>15.802,99.990,-0.470,0.347,g
2459568.58896,2021-12-20.0891899,bi,1.44,15.473,>15.473,99.990,-0.821,0.470,g
2459568.59020,2021-12-20.0904270,bi,1.52,15.486,>15.486,99.990,-1.685,0.464,g
2459568.59143,2021-12-20.0916562,bi,1.54,15.256,>15.256,99.990,0.379,0.574,g
2459569.55495,2021-12-21.0551910,bi,2.09,16.202,>16.202,99.990,0.004,0.240,g
2459569.55620,2021-12-21.0564362,bi,2.09,16.227,>16.227,99.990,-0.016,0.235,g
2459569.55744,2021-12-21.0576754,bi,2.03,16.158,>16.158,99.990,0.239,0.250,g
2459574.58769,2021-12-26.0879666,bm,1.58,16.287,>16.287,99.990,0.017,0.222,g
2459574.58894,2021-12-26.0892192,bm,1.61,15.949,>15.949,99.990,0.128,0.303,g
2459574.59018,2021-12-26.0904540,bm,1.69,16.247,>16.247,99.990,-0.372,0.230,g
2459575.31848,2021-12-26.8187584,bm,2.47,16.378,>16.378,99.990,-0.028,0.204,g
2459575.31970,2021-12-26.8199864,bm,2.42,16.318,>16.318,99.990,-0.314,0.216,g
2459575.32096,2021-12-26.8212388,bm,2.39,16.469,>16.469,99.990,-0.134,0.188,g
2459576.68696,2021-12-28.1872454,bE,1.46,16.383,>16.383,99.990,-0.026,0.203,g
2459576.68826,2021-12-28.1885456,bE,1.52,16.413,>16.413,99.990,-0.188,0.198,g
2459576.68955,2021-12-28.1898408,bE,1.49,16.677,>16.677,99.990,-0.076,0.155,g
2459577.28219,2021-12-28.7824833,bm,2.0,15.630,>15.630,99.990,1.746,0.407,g
2459577.28387,2021-12-28.7841599,bm,2.07,15.791,>15.791,99.990,0.374,0.351,g
2459577.77912,2021-12-29.2794203,bE,1.48,16.378,>16.378,99.990,-0.056,0.204,g
2459577.78042,2021-12-29.2807150,bE,1.45,16.387,>16.387,99.990,0.201,0.203,g
2459577.78172,2021-12-29.2820145,bE,1.54,16.405,>16.405,99.990,-0.111,0.199,g
2459579.39951,2021-12-30.8998185,bm,1.56,16.426,>16.426,99.990,0.008,0.195,g
2459579.40075,2021-12-30.9010591,bm,1.61,16.522,>16.522,99.990,-0.058,0.179,g
2459579.40199,2021-12-30.9022989,bm,1.45,16.310,>16.310,99.990,-0.216,0.217,g
2459579.52122,2021-12-31.0215298,bm,1.52,16.339,>16.339,99.990,0.182,0.211,g
2459579.52246,2021-12-31.0227743,bm,1.46,16.324,>16.324,99.990,0.157,0.215,g
2459579.52369,2021-12-31.0240090,bm,1.47,16.324,>16.324,99.990,0.113,0.214,g
2459579.69754,2021-12-31.1978521,bE,1.53,16.431,>16.431,99.990,0.179,0.194,g
2459579.69883,2021-12-31.1991409,bE,1.55,16.404,>16.404,99.990,0.210,0.199,g
2459579.70012,2021-12-31.2004251,bE,1.56,16.504,>16.504,99.990,-0.067,0.182,g
2459580.28172,2021-12-31.7820376,bm,2.31,15.384,>15.384,99.990,0.707,0.510,g
2459580.28340,2021-12-31.7837142,bm,2.34,15.618,>15.618,99.990,0.495,0.411,g
2459580.28465,2021-12-31.7849655,bm,2.3,15.687,>15.687,99.990,0.017,0.386,g
2459580.43757,2021-12-31.9378861,bm,1.53,16.450,>16.450,99.990,-0.037,0.191,g
2459580.43881,2021-12-31.9391256,bm,1.51,16.478,>16.478,99.990,0.175,0.186,g
2459580.44006,2021-12-31.9403807,bm,1.6,16.427,>16.427,99.990,0.156,0.195,g
2459580.65162,2022-01-01.1519372,bE,1.52,16.460,>16.460,99.990,0.079,0.189,g
2459580.65291,2022-01-01.1532287,bE,1.42,16.422,>16.422,99.990,-0.177,0.196,g
2459580.65420,2022-01-01.1545218,bE,1.48,16.477,>16.477,99.990,-0.049,0.186,g
2459581.31808,2022-01-01.8183995,bm,1.67,16.513,>16.513,99.990,-0.089,0.180,g
2459581.31932,2022-01-01.8196366,bm,1.63,16.468,>16.468,99.990,-0.137,0.188,g
2459581.32061,2022-01-01.8209310,bm,1.58,16.287,>16.287,99.990,-0.244,0.222,g
2459582.34624,2022-01-02.8465758,bm,2.0,16.446,>16.446,99.990,-0.310,0.192,g
2459582.34748,2022-01-02.8478210,bm,1.99,16.469,>16.469,99.990,-0.179,0.188,g
2459582.34874,2022-01-02.8490682,bm,1.98,16.451,>16.451,99.990,0.023,0.191,g
2459582.59516,2022-01-03.0954832,bi,1.46,16.224,>16.224,99.990,-0.117,0.235,g
2459582.59640,2022-01-03.0967228,bi,1.43,16.193,>16.193,99.990,-0.108,0.242,g
2459582.59764,2022-01-03.0979621,bi,1.44,16.264,>16.264,99.990,-0.403,0.227,g
2459582.62562,2022-01-03.1259494,bi,1.43,16.298,>16.298,99.990,-0.278,0.220,g
2459582.62687,2022-01-03.1271924,bi,1.47,16.328,>16.328,99.990,-0.212,0.214,g
2459582.62811,2022-01-03.1284417,bi,1.44,16.132,>16.132,99.990,-0.112,0.256,g
2459583.50352,2022-01-04.0038518,bm,1.57,16.336,>16.336,99.990,0.121,0.212,g
2459583.50475,2022-01-04.0050805,bm,1.65,16.323,>16.323,99.990,0.119,0.215,g
2459583.50599,2022-01-04.0063209,bm,1.58,16.420,>16.420,99.990,0.337,0.196,g
2459584.29396,2022-01-04.7942966,bm,2.5,16.415,>16.415,99.990,-0.524,0.197,g
2459584.71918,2022-01-05.2195238,bE,1.43,16.378,>16.378,99.990,-0.113,0.204,g
2459584.72048,2022-01-05.2208252,bE,1.48,16.357,>16.357,99.990,-0.126,0.208,g
2459584.72178,2022-01-05.2221255,bE,1.51,16.320,>16.320,99.990,-0.153,0.215,g
2459585.68038,2022-01-06.1807290,bE,1.47,16.406,>16.406,99.990,-0.011,0.199,g
2459585.68168,2022-01-06.1820284,bE,1.51,16.391,>16.391,99.990,0.055,0.202,g
2459585.68298,2022-01-06.1833277,bE,1.53,16.566,>16.566,99.990,0.209,0.172,g
2459586.65048,2022-01-07.1508320,bE,1.43,16.500,>16.500,99.990,-0.030,0.182,g
2459586.65178,2022-01-07.1521292,bE,1.44,16.519,>16.519,99.990,0.295,0.179,g
2459586.65307,2022-01-07.1534204,bE,1.53,16.543,>16.543,99.990,-0.076,0.175,g
2459589.54683,2022-01-10.0472003,bE,1.48,16.266,>16.266,99.990,-0.472,0.226,g
2459589.54811,2022-01-10.048475,bE,1.46,16.295,>16.295,99.990,0.091,0.220,g
2459589.54939,2022-01-10.0497563,bE,1.45,16.354,>16.354,99.990,0.220,0.209,g
2459589.60299,2022-01-10.1033670,bi,1.4,16.038,>16.038,99.990,0.075,0.279,g
2459589.60423,2022-01-10.1046121,bi,1.43,16.117,>16.117,99.990,-0.625,0.260,g
2459589.60548,2022-01-10.1058539,bi,1.51,16.152,>16.152,99.990,0.312,0.251,g
2459589.62599,2022-01-10.1263653,bi,1.42,15.999,>15.999,99.990,-0.416,0.289,g
2459589.62723,2022-01-10.1276118,bi,1.47,16.074,>16.074,99.990,-0.272,0.270,g
2459589.62847,2022-01-10.1288443,bi,1.42,16.054,>16.054,99.990,-0.182,0.275,g
2459591.58065,2022-01-12.0810351,bE,1.46,16.168,>16.168,99.990,-0.520,0.248,g
2459591.58193,2022-01-12.0823135,bE,1.44,16.115,>16.115,99.990,0.119,0.260,g
2459591.58322,2022-01-12.0836037,bE,1.47,16.174,>16.174,99.990,-0.454,0.246,g
2459593.67830,2022-01-14.1786990,bE,1.48,15.213,>15.213,99.990,1.229,0.597,g
2459593.67959,2022-01-14.1799881,bE,1.55,15.474,>15.474,99.990,-0.324,0.469,g
2459593.68088,2022-01-14.1812712,bE,1.5,15.756,>15.756,99.990,-0.570,0.362,g
2459595.69318,2022-01-16.1935915,bE,1.47,15.842,>15.842,99.990,0.007,0.334,g
2459595.69449,2022-01-16.1949038,bE,1.44,15.893,>15.893,99.990,0.002,0.319,g
2459595.69579,2022-01-16.1961997,bE,1.49,15.988,>15.988,99.990,0.041,0.292,g
2459596.31272,2022-01-16.8131354,bm,2.42,15.837,>15.837,99.990,-0.594,0.336,g
2459596.31397,2022-01-16.8143807,bm,2.41,15.729,>15.729,99.990,-0.532,0.371,g
2459596.31523,2022-01-16.8156332,bm,2.44,15.670,>15.670,99.990,-0.699,0.392,g
2459596.41302,2022-01-16.9134234,bm,2.07,15.664,>15.664,99.990,-0.524,0.394,g
2459596.41426,2022-01-16.9146642,bm,2.09,15.775,>15.775,99.990,-0.643,0.356,g
2459596.41550,2022-01-16.9159045,bm,2.12,15.736,>15.736,99.990,-0.104,0.369,g
2459596.58736,2022-01-17.0877756,bE,1.44,16.039,>16.039,99.990,-0.101,0.279,g
2459596.58867,2022-01-17.0890763,bE,1.54,15.993,>15.993,99.990,0.482,0.291,g
2459596.58996,2022-01-17.0903709,bE,1.47,15.956,>15.956,99.990,-0.194,0.301,g
2459597.68640,2022-01-18.1868149,bE,1.46,15.771,>15.771,99.990,-0.535,0.357,g
2459597.68771,2022-01-18.1881152,bE,1.45,15.826,>15.826,99.990,-0.003,0.339,g
2459597.68900,2022-01-18.1894119,bE,1.42,15.803,>15.803,99.990,-0.168,0.347,g
2459598.31105,2022-01-18.8114702,bm,2.12,15.847,>15.847,99.990,-1.211,0.333,g
2459598.31229,2022-01-18.8127121,bm,2.14,15.972,>15.972,99.990,-0.361,0.297,g
2459598.31353,2022-01-18.8139517,bm,2.11,15.939,>15.939,99.990,0.134,0.306,g
2459598.54260,2022-01-19.0430231,bm,1.63,15.528,>15.528,99.990,-0.702,0.447,g
2459598.54385,2022-01-19.0442680,bm,1.58,15.549,>15.549,99.990,0.119,0.438,g
2459598.54511,2022-01-19.0455253,bm,1.59,15.475,>15.475,99.990,-0.820,0.469,g
2459598.57482,2022-01-19.0752312,bi,1.48,15.895,>15.895,99.990,-0.634,0.318,g
2459598.57606,2022-01-19.0764743,bi,1.46,15.770,>15.770,99.990,-0.611,0.357,g
2459598.57730,2022-01-19.0777103,bi,1.45,15.813,>15.813,99.990,-0.610,0.344,g
2459598.63565,2022-01-19.1360625,bi,1.48,15.571,>15.571,99.990,-0.239,0.429,g
2459598.63690,2022-01-19.1373157,bi,1.59,15.507,>15.507,99.990,0.087,0.455,g
2459598.63815,2022-01-19.1385603,bi,1.53,15.796,>15.796,99.990,-0.716,0.349,g
2459600.43800,2022-01-20.9384275,bm,2.5,15.833,>15.833,99.990,-0.236,0.337,g
2459600.50914,2022-01-21.0095652,bm,2.32,14.386,>14.386,99.990,1.260,1.278,g
2459600.51037,2022-01-21.0107966,bm,2.42,99.990,99.990,99.990,99.990,99.990,g
2459600.51160,2022-01-21.0120268,bm,2.3,99.990,99.990,99.990,99.990,99.990,g
2459600.59423,2022-01-21.0946526,bE,1.99,16.242,>16.242,99.990,-0.144,0.231,g
2459600.59554,2022-01-21.0959636,bE,1.98,16.333,>16.333,99.990,-0.619,0.213,g
2459600.59682,2022-01-21.0972469,bE,1.99,16.233,>16.233,99.990,-0.147,0.233,g
2459601.49649,2022-01-21.9969194,bm,2.23,15.892,>15.892,99.990,-0.285,0.319,g
2459601.49772,2022-01-21.9981511,bm,2.26,15.866,>15.866,99.990,-0.028,0.327,g
2459601.49898,2022-01-21.9994105,bm,2.23,15.976,>15.976,99.990,-0.471,0.296,g
2459601.56684,2022-01-22.0672745,bi,1.61,16.188,>16.188,99.990,-0.403,0.243,g
2459601.56807,2022-01-22.0685035,bi,1.45,16.232,>16.232,99.990,-0.224,0.234,g
2459601.56930,2022-01-22.0697325,bi,1.52,16.184,>16.184,99.990,0.067,0.244,g
2459602.56235,2022-01-23.0627833,bi,2.02,16.211,>16.211,99.990,-0.095,0.238,g
2459602.56359,2022-01-23.0640251,bi,2.03,16.203,>16.203,99.990,-0.268,0.240,g
2459602.56484,2022-01-23.0652645,bi,2.05,16.282,>16.282,99.990,-0.205,0.223,g
2459603.63467,2022-01-24.1351028,bE,1.62,16.554,>16.554,99.990,0.216,0.174,g
2459603.63597,2022-01-24.1364011,bE,1.54,16.185,>16.185,99.990,-0.106,0.244,g
2459603.63725,2022-01-24.1376858,bE,1.49,15.970,>15.970,99.990,0.253,0.297,g
2459604.28111,2022-01-24.7815549,bm,2.38,15.615,>15.615,99.990,-0.463,0.412,g
2459604.28235,2022-01-24.7827967,bm,2.32,15.454,>15.454,99.990,0.098,0.478,g
2459604.28359,2022-01-24.7840398,bm,2.3,15.721,>15.721,99.990,-1.340,0.374,g
2459604.53506,2022-01-25.0355023,bE,1.43,16.328,>16.328,99.990,-0.053,0.214,g
2459604.53635,2022-01-25.0367878,bE,1.51,16.311,>16.311,99.990,0.100,0.217,g
2459604.53765,2022-01-25.0380866,bE,1.4,16.316,>16.316,99.990,0.099,0.216,g
2459604.57731,2022-01-25.0777503,bE,1.49,16.456,>16.456,99.990,0.294,0.190,g
2459604.57863,2022-01-25.0790655,bE,1.47,16.349,>16.349,99.990,-0.096,0.210,g
2459604.57991,2022-01-25.0803515,bE,1.48,16.400,>16.400,99.990,0.108,0.200,g
2459604.62284,2022-01-25.1232806,bi,1.46,16.247,>16.247,99.990,0.085,0.230,g
2459604.62409,2022-01-25.1245258,bi,1.34,16.240,>16.240,99.990,-0.259,0.232,g
2459604.62532,2022-01-25.1257605,bi,1.41,16.222,>16.222,99.990,-0.261,0.236,g
2459604.67265,2022-01-25.1730912,bi,1.44,16.016,>16.016,99.990,-0.028,0.285,g
2459604.67388,2022-01-25.1743178,bi,1.44,15.980,>15.980,99.990,-0.121,0.294,g
2459604.67511,2022-01-25.1755465,bi,1.43,16.206,>16.206,99.990,-0.259,0.239,g
2459605.55037,2022-01-26.0508164,bi,1.44,16.187,>16.187,99.990,0.142,0.243,g
2459605.55163,2022-01-26.0520673,bi,1.48,16.177,>16.177,99.990,-0.379,0.246,g
2459605.55287,2022-01-26.0533060,bi,1.4,16.233,>16.233,99.990,0.314,0.233,g
2459605.77159,2022-01-26.2720282,bE,1.5,16.365,>16.365,99.990,-0.147,0.207,g
2459605.77288,2022-01-26.2733258,bE,1.5,16.329,>16.329,99.990,0.014,0.213,g
2459606.36992,2022-01-26.8703658,bm,2.49,16.480,>16.480,99.990,-0.436,0.186,g
2459606.37115,2022-01-26.8715991,bm,2.49,16.200,>16.200,99.990,-0.142,0.241,g
2459606.43300,2022-01-26.9334521,bm,2.34,16.242,>16.242,99.990,-0.048,0.231,g
2459606.43423,2022-01-26.9346870,bm,2.28,16.367,>16.367,99.990,-0.147,0.206,g
2459606.49681,2022-01-26.9972599,bm,2.21,16.314,>16.314,99.990,-0.502,0.217,g
2459606.49805,2022-01-26.9984912,bm,2.25,16.336,>16.336,99.990,-0.141,0.212,g
2459606.49927,2022-01-26.9997270,bm,2.24,16.190,>16.190,99.990,-0.017,0.243,g
2459606.63338,2022-01-27.1338270,bE,1.52,16.461,>16.461,99.990,0.110,0.189,g
2459606.63466,2022-01-27.1351108,bE,1.49,16.288,>16.288,99.990,0.102,0.222,g
2459606.63595,2022-01-27.1363998,bE,1.42,16.481,>16.481,99.990,0.066,0.186,g
2459606.70905,2022-01-27.2094914,bE,1.5,16.356,>16.356,99.990,-0.012,0.208,g
2459606.71033,2022-01-27.2107765,bE,1.46,16.371,>16.371,99.990,-0.016,0.206,g
2459606.71162,2022-01-27.2120614,bE,1.52,16.433,>16.433,99.990,0.173,0.194,g
2459607.72915,2022-01-28.2295967,bE,1.5,16.418,>16.418,99.990,0.160,0.197,g
2459607.73044,2022-01-28.2308840,bE,1.55,16.450,>16.450,99.990,0.053,0.191,g
2459607.73173,2022-01-28.2321780,bE,1.44,16.401,>16.401,99.990,0.051,0.200,g
2459608.28427,2022-01-28.7847234,bm,2.48,16.268,>16.268,99.990,0.006,0.226,g
2459608.28551,2022-01-28.7859593,bm,2.44,16.252,>16.252,99.990,-0.557,0.229,g
2459608.44473,2022-01-28.9451841,bm,1.66,16.724,>16.724,99.990,0.042,0.148,g
2459608.44598,2022-01-28.9464319,bm,1.6,16.474,>16.474,99.990,0.249,0.187,g
2459608.44724,2022-01-28.9476866,bm,1.63,16.355,>16.355,99.990,0.013,0.208,g
2459608.59067,2022-01-29.0911214,bE,1.56,16.446,>16.446,99.990,0.016,0.192,g
2459608.59196,2022-01-29.0924106,bE,1.52,16.480,>16.480,99.990,0.272,0.186,g
2459608.59324,2022-01-29.0936987,bE,1.49,16.546,>16.546,99.990,0.089,0.175,g
2459608.66403,2022-01-29.1644797,bE,1.45,16.442,>16.442,99.990,0.217,0.192,g
2459608.66531,2022-01-29.1657616,bE,1.44,16.397,>16.397,99.990,-0.024,0.201,g
2459608.66660,2022-01-29.1670555,bE,1.5,16.344,>16.344,99.990,0.035,0.211,g
2459610.60202,2022-01-31.1024826,bE,1.6,16.458,>16.458,99.990,-0.375,0.190,g
2459610.60331,2022-01-31.1037762,bE,1.51,16.405,>16.405,99.990,0.004,0.199,g
2459610.60462,2022-01-31.1050777,bE,1.49,16.448,>16.448,99.990,0.092,0.191,g
2459612.73376,2022-02-02.2342282,bi,1.49,15.859,>15.859,99.990,-0.301,0.329,g
2459612.73499,2022-02-02.2354569,bi,1.41,15.877,>15.877,99.990,-0.099,0.324,g
2459612.73623,2022-02-02.2367002,bi,1.47,15.837,>15.837,99.990,-0.107,0.336,g
2459613.73020,2022-02-03.2306814,bE,1.49,16.495,>16.495,99.990,-0.161,0.183,g
2459613.73149,2022-02-03.2319657,bE,1.45,16.290,>16.290,99.990,-0.111,0.221,g
2459613.73279,2022-02-03.2332599,bE,1.5,16.390,>16.390,99.990,0.220,0.202,g
2459614.72181,2022-02-04.2222834,bE,1.47,16.504,>16.504,99.990,0.122,0.182,g
2459614.72311,2022-02-04.2235748,bE,1.47,16.489,>16.489,99.990,-0.198,0.184,g
2459614.72441,2022-02-04.2248770,bE,1.53,16.405,>16.405,99.990,0.101,0.199,g
2459616.39889,2022-02-05.8993655,bm,2.13,16.413,>16.413,99.990,-0.168,0.198,g
2459616.40014,2022-02-05.9006236,bm,2.11,16.507,>16.507,99.990,-0.176,0.181,g
2459616.40138,2022-02-05.9018644,bm,2.11,16.440,>16.440,99.990,-0.314,0.193,g
2459617.61195,2022-02-07.1124289,bE,1.5,16.486,>16.486,99.990,0.137,0.185,g
2459617.61324,2022-02-07.1137189,bE,1.47,16.360,>16.360,99.990,-0.110,0.208,g
2459617.61453,2022-02-07.1150081,bE,1.5,16.451,>16.451,99.990,0.247,0.191,g
2459617.67789,2022-02-07.1783638,bE,1.49,16.421,>16.421,99.990,-0.005,0.196,g
2459617.67919,2022-02-07.1796622,bE,1.52,16.544,>16.544,99.990,0.057,0.175,g
2459617.68049,2022-02-07.1809627,bE,1.47,16.439,>16.439,99.990,-0.039,0.193,g
2459618.54752,2022-02-08.0479949,bE,1.48,16.459,>16.459,99.990,-0.153,0.189,g
2459618.54880,2022-02-08.0492790,bE,1.47,16.682,>16.682,99.990,0.203,0.154,g
2459618.55009,2022-02-08.0505694,bE,1.46,16.417,>16.417,99.990,0.037,0.197,g
2459618.56534,2022-02-08.0658208,bi,1.4,16.203,>16.203,99.990,-0.128,0.240,g
2459618.56658,2022-02-08.0670641,bi,1.49,16.084,>16.084,99.990,0.005,0.268,g
2459618.56784,2022-02-08.0683152,bi,1.39,16.068,>16.068,99.990,0.008,0.272,g
2459618.65553,2022-02-08.1560068,bE,1.42,16.420,>16.420,99.990,0.421,0.196,g
2459618.65682,2022-02-08.1572938,bE,1.58,16.471,>16.471,99.990,0.203,0.187,g
2459618.65814,2022-02-08.1586181,bE,1.54,16.424,>16.424,99.990,0.002,0.196,g
2459621.32107,2022-02-10.8215538,bm,2.42,16.125,>16.125,99.990,0.038,0.258,g
2459621.32236,2022-02-10.8228423,bm,2.43,16.306,>16.306,99.990,-0.543,0.218,g
2459621.32362,2022-02-10.8241027,bm,2.4,16.260,>16.260,99.990,0.129,0.227,g
2459621.37583,2022-02-10.8763087,bm,2.14,16.218,>16.218,99.990,-0.195,0.236,g
2459621.37707,2022-02-10.8775523,bm,2.1,16.256,>16.256,99.990,0.172,0.228,g
2459621.37829,2022-02-10.8787765,bm,2.14,16.163,>16.163,99.990,0.094,0.249,g
2459621.44039,2022-02-10.9408738,bm,1.98,16.166,>16.166,99.990,-0.214,0.248,g
2459621.44163,2022-02-10.9421157,bm,1.96,16.173,>16.173,99.990,-0.029,0.247,g
2459621.44287,2022-02-10.9433555,bm,1.97,16.346,>16.346,99.990,0.059,0.210,g
2459622.62352,2022-02-12.1240023,bE,1.49,16.460,>16.460,99.990,0.113,0.189,g
2459622.62482,2022-02-12.1252982,bE,1.55,16.099,>16.099,99.990,-0.263,0.264,g
2459622.62611,2022-02-12.1265962,bE,1.54,16.163,>16.163,99.990,0.316,0.249,g
2459623.61591,2022-02-13.1163960,bE,1.46,15.940,>15.940,99.990,0.305,0.306,g
2459623.61720,2022-02-13.1176835,bE,1.45,16.051,>16.051,99.990,-0.027,0.276,g
2459623.61849,2022-02-13.1189700,bE,1.5,15.934,>15.934,99.990,-0.358,0.307,g
2459624.51642,2022-02-14.0169019,bi,2.04,15.250,>15.250,99.990,0.352,0.577,g
2459624.51768,2022-02-14.0181589,bi,2.0,15.405,>15.405,99.990,0.639,0.500,g
2459624.51892,2022-02-14.0194075,bi,1.66,15.447,>15.447,99.990,0.475,0.481,g
2459625.51570,2022-02-15.0161907,bE,2.02,15.670,>15.670,99.990,-0.687,0.392,g
2459625.51700,2022-02-15.0174872,bE,2.0,15.759,>15.759,99.990,0.483,0.361,g
2459625.51829,2022-02-15.0187755,bE,1.97,15.655,>15.655,99.990,0.326,0.397,g
2459626.51483,2022-02-16.0153121,bE,1.94,15.587,>15.587,99.990,-0.504,0.423,g
2459626.51613,2022-02-16.0166133,bE,1.69,15.648,>15.648,99.990,0.350,0.400,g
2459627.52582,2022-02-17.0263118,bE,1.56,16.182,>16.182,99.990,-0.069,0.244,g
2459627.52712,2022-02-17.0276081,bE,1.68,15.972,>15.972,99.990,0.169,0.297,g
2459627.52842,2022-02-17.0289103,bE,1.69,16.126,>16.126,99.990,-0.372,0.257,g
2459627.60900,2022-02-17.1094842,bE,1.52,15.913,>15.913,99.990,0.225,0.313,g
2459627.61028,2022-02-17.1107760,bE,1.51,15.756,>15.756,99.990,-0.007,0.362,g
2459627.61158,2022-02-17.1120760,bE,1.54,15.836,>15.836,99.990,-0.385,0.336,g
2459627.71270,2022-02-17.2131937,bE,1.59,15.581,>15.581,99.990,-0.153,0.425,g
2459628.45895,2022-02-17.9594334,bm,2.01,15.583,>15.583,99.990,-0.111,0.425,g
2459628.46019,2022-02-17.9606765,bm,2.02,15.518,>15.518,99.990,-0.274,0.451,g
2459628.46143,2022-02-17.9619170,bm,2.04,15.506,>15.506,99.990,0.200,0.456,g
2459628.52851,2022-02-18.0289969,bi,1.6,15.934,>15.934,99.990,-0.131,0.307,g
2459628.52974,2022-02-18.0302339,bi,1.67,16.155,>16.155,99.990,-0.150,0.251,g
2459628.53098,2022-02-18.0314746,bi,1.7,16.051,>16.051,99.990,0.172,0.276,g
2459628.58166,2022-02-18.0821550,bi,1.46,15.689,>15.689,99.990,0.947,0.385,g
2459628.58290,2022-02-18.0833917,bi,1.43,15.669,>15.669,99.990,0.057,0.392,g
2459628.58414,2022-02-18.0846359,bi,1.39,15.844,>15.844,99.990,-0.423,0.334,g
2459629.51245,2022-02-19.0129396,bi,1.5,15.476,>15.476,99.990,-1.079,0.468,g
2459629.51368,2022-02-19.0141790,bi,1.48,15.631,>15.631,99.990,-0.200,0.406,g
2459629.51493,2022-02-19.0154199,bi,1.52,15.756,>15.756,99.990,0.194,0.362,g
2459629.59993,2022-02-19.1004152,bE,1.5,16.120,>16.120,99.990,-0.014,0.259,g
2459629.60123,2022-02-19.1017168,bE,1.5,16.039,>16.039,99.990,0.077,0.279,g
2459629.60251,2022-02-19.1029988,bE,1.42,16.052,>16.052,99.990,0.578,0.276,g
2459630.26630,2022-02-19.7667863,bm,2.49,15.979,>15.979,99.990,0.035,0.295,g
2459630.26754,2022-02-19.7680349,bm,2.47,16.116,>16.116,99.990,-0.203,0.260,g
2459630.45722,2022-02-19.9577085,bm,1.53,15.866,>15.866,99.990,-0.361,0.327,g
2459630.45846,2022-02-19.9589501,bm,1.54,15.811,>15.811,99.990,-0.557,0.344,g
2459630.51168,2022-02-20.0121653,bi,1.99,15.332,>15.332,99.990,-0.239,0.535,g
2459630.51293,2022-02-20.0134140,bi,1.67,15.572,>15.572,99.990,-0.720,0.429,g
2459630.51419,2022-02-20.0146697,bi,1.65,15.926,>15.926,99.990,0.323,0.310,g
2459630.59294,2022-02-20.0934276,bE,1.49,16.269,>16.269,99.990,-0.066,0.226,g
2459630.59423,2022-02-20.0947188,bE,1.5,16.196,>16.196,99.990,0.629,0.241,g
2459630.59553,2022-02-20.0960201,bE,1.52,16.170,>16.170,99.990,-0.037,0.247,g
2459630.62225,2022-02-20.1227341,bE,1.54,16.158,>16.158,99.990,-0.217,0.250,g
2459630.62354,2022-02-20.1240305,bE,1.54,16.168,>16.168,99.990,-0.156,0.248,g
2459630.62483,2022-02-20.1253209,bE,1.44,16.268,>16.268,99.990,0.396,0.226,g
2459630.65776,2022-02-20.1582431,bE,1.64,16.028,>16.028,99.990,-0.460,0.282,g
2459630.65905,2022-02-20.1595341,bE,1.5,16.218,>16.218,99.990,0.234,0.237,g
2459630.66033,2022-02-20.1608160,bE,1.49,15.984,>15.984,99.990,0.066,0.293,g
2459631.27076,2022-02-20.7712495,bm,2.39,16.258,>16.258,99.990,-0.098,0.228,g
2459631.27200,2022-02-20.7724887,bm,2.39,16.301,>16.301,99.990,0.163,0.219,g
2459631.27323,2022-02-20.7737165,bm,2.34,16.288,>16.288,99.990,-0.044,0.222,g
2459631.36701,2022-02-20.8674984,bm,1.95,16.011,>16.011,99.990,0.230,0.286,g
2459631.36826,2022-02-20.8687520,bm,1.95,16.146,>16.146,99.990,0.231,0.253,g
2459631.36949,2022-02-20.8699894,bm,1.75,16.155,>16.155,99.990,-0.019,0.251,g
2459631.44304,2022-02-20.9435297,bm,1.56,15.941,>15.941,99.990,0.433,0.305,g
2459631.44428,2022-02-20.9447712,bm,1.53,16.037,>16.037,99.990,-0.416,0.279,g
2459631.44553,2022-02-20.9460142,bm,1.55,15.968,>15.968,99.990,-0.322,0.298,g
2459631.57652,2022-02-21.0770086,bE,1.58,16.388,>16.388,99.990,-0.048,0.202,g
2459631.57780,2022-02-21.0782821,bE,1.53,16.358,>16.358,99.990,-0.088,0.208,g
2459631.57909,2022-02-21.0795737,bE,1.58,16.481,>16.481,99.990,-0.249,0.186,g
2459632.38002,2022-02-21.8805072,bm,1.6,16.155,>16.155,99.990,-0.187,0.251,g
2459632.38126,2022-02-21.8817457,bm,1.63,16.076,>16.076,99.990,0.194,0.270,g
2459632.38250,2022-02-21.8829863,bm,1.66,16.251,>16.251,99.990,-0.373,0.229,g
2459632.53663,2022-02-22.0371140,bE,1.49,16.405,>16.405,99.990,0.076,0.199,g
2459632.53793,2022-02-22.0384148,bE,1.52,16.420,>16.420,99.990,-0.067,0.196,g
2459632.53922,2022-02-22.0397033,bE,1.48,16.385,>16.385,99.990,0.198,0.203,g
2459632.55182,2022-02-22.0523061,bE,1.47,16.363,>16.363,99.990,-0.053,0.207,g
2459632.55312,2022-02-22.0536113,bE,1.48,16.426,>16.426,99.990,0.241,0.195,g
2459632.55441,2022-02-22.0548972,bE,1.56,16.495,>16.495,99.990,0.054,0.183,g
2459632.59355,2022-02-22.0940332,bE,1.41,16.388,>16.388,99.990,0.236,0.202,g
2459632.59483,2022-02-22.0953173,bE,1.43,16.484,>16.484,99.990,0.120,0.185,g
2459632.59613,2022-02-22.0966178,bE,1.47,16.413,>16.413,99.990,0.142,0.198,g
2459633.44989,2022-02-22.9503729,bm,2.05,16.105,>16.105,99.990,0.045,0.262,g
2459633.50938,2022-02-23.0098657,bi,2.45,15.400,>15.400,99.990,-0.479,0.502,g
2459633.51063,2022-02-23.0111134,bi,2.41,15.497,>15.497,99.990,0.195,0.460,g
2459633.51187,2022-02-23.0123598,bi,2.44,15.873,>15.873,99.990,-0.740,0.325,g
2459633.60526,2022-02-23.1057526,bE,1.5,16.396,>16.396,99.990,0.208,0.201,g
2459633.60656,2022-02-23.1070401,bE,1.54,16.470,>16.470,99.990,0.041,0.187,g
2459633.60784,2022-02-23.1083324,bE,1.54,16.480,>16.480,99.990,-0.015,0.186,g
2459634.52014,2022-02-24.0206309,bi,1.52,16.134,>16.134,99.990,-3.188,0.256,g
2459634.52136,2022-02-24.0218597,bi,1.56,16.184,>16.184,99.990,-0.205,0.244,g
2459634.52261,2022-02-24.0230962,bi,1.54,16.305,>16.305,99.990,-0.085,0.218,g
2459634.61483,2022-02-24.1153267,bi,1.39,16.284,>16.284,99.990,-3.472,0.223,g
2459634.61609,2022-02-24.1165731,bi,1.43,16.258,>16.258,99.990,-0.214,0.228,g
2459634.61734,2022-02-24.1178246,bi,1.38,16.309,>16.309,99.990,0.423,0.218,g
2459635.44372,2022-02-24.9442009,bm,1.74,16.207,>16.207,99.990,0.050,0.239,g
2459635.44495,2022-02-24.9454392,bm,1.98,16.135,>16.135,99.990,0.343,0.255,g
2459635.52315,2022-02-25.0236300,bi,1.65,16.218,>16.218,99.990,-0.013,0.237,g
2459635.52439,2022-02-25.0248673,bi,1.58,16.050,>16.050,99.990,-0.092,0.276,g
2459635.52563,2022-02-25.0261103,bi,1.62,16.156,>16.156,99.990,0.364,0.250,g
2459635.61181,2022-02-25.1122942,bi,1.42,16.204,>16.204,99.990,0.224,0.240,g
2459635.61306,2022-02-25.1135430,bi,1.41,16.143,>16.143,99.990,0.041,0.254,g
2459635.61431,2022-02-25.1147969,bi,1.48,16.198,>16.198,99.990,-0.314,0.241,g
2459636.27765,2022-02-25.7781326,bm,2.3,16.466,>16.466,99.990,-0.311,0.188,g
2459636.27892,2022-02-25.7794128,bm,2.26,16.519,>16.519,99.990,-0.454,0.179,g
2459636.28057,2022-02-25.7810556,bm,2.25,16.392,>16.392,99.990,-0.272,0.202,g
2459636.50715,2022-02-26.0076354,bi,2.05,15.326,>15.326,99.990,1.224,0.538,g
2459636.50841,2022-02-26.0088902,bi,2.03,15.494,>15.494,99.990,-0.250,0.461,g
2459636.50965,2022-02-26.0101310,bi,2.0,15.812,>15.812,99.990,-0.097,0.344,g
2459639.42934,2022-02-28.9298133,bm,1.61,16.054,>16.054,99.990,-0.459,0.275,g
2459639.43058,2022-02-28.9310538,bm,1.68,16.175,>16.175,99.990,0.153,0.246,g
2459639.43182,2022-02-28.9322945,bm,1.6,16.170,>16.170,99.990,0.112,0.247,g
2459640.29566,2022-03-01.7961413,bm,1.53,16.362,>16.362,99.990,0.199,0.207,g
2459640.29690,2022-03-01.7973796,bm,1.55,16.511,>16.511,99.990,0.064,0.181,g
2459640.29814,2022-03-01.7986225,bm,1.57,16.465,>16.465,99.990,0.066,0.188,g
2459640.42549,2022-03-01.9259773,bm,1.5,16.330,>16.330,99.990,0.149,0.213,g
2459640.42674,2022-03-01.9272192,bm,1.49,16.440,>16.440,99.990,0.006,0.193,g
2459640.42798,2022-03-01.9284600,bm,1.48,16.348,>16.348,99.990,-0.371,0.210,g
2459640.61317,2022-03-02.1136499,bE,1.45,16.478,>16.478,99.990,0.074,0.186,g
2459640.61446,2022-03-02.1149377,bE,1.45,16.355,>16.355,99.990,0.181,0.208,g
2459640.61576,2022-03-02.1162373,bE,1.51,16.338,>16.338,99.990,0.012,0.212,g
2459641.26315,2022-03-02.7636212,bm,1.58,16.312,>16.312,99.990,0.253,0.217,g
2459641.26445,2022-03-02.7649287,bm,1.58,16.351,>16.351,99.990,0.057,0.209,g
2459641.26600,2022-03-02.7664731,bm,1.55,16.456,>16.456,99.990,0.339,0.190,g
2459642.66445,2022-03-04.1649298,bE,1.48,16.528,>16.528,99.990,-0.093,0.178,g
2459642.66575,2022-03-04.1662315,bE,1.45,16.487,>16.487,99.990,0.183,0.185,g
2459642.66703,2022-03-04.1675049,bE,1.47,16.478,>16.478,99.990,0.158,0.186,g
2459643.25334,2022-03-04.7538228,bm,1.67,16.043,>16.043,99.990,0.062,0.278,g
2459643.25458,2022-03-04.7550557,bm,1.68,16.138,>16.138,99.990,-0.629,0.255,g
2459643.25594,2022-03-04.7564182,bm,1.64,16.161,>16.161,99.990,0.080,0.249,g
2459643.36988,2022-03-04.8703592,bm,1.57,16.368,>16.368,99.990,0.001,0.206,g
2459643.37113,2022-03-04.8716079,bm,1.59,16.276,>16.276,99.990,-0.082,0.224,g
2459643.37238,2022-03-04.8728521,bm,1.52,16.215,>16.215,99.990,0.180,0.237,g
2459643.40653,2022-03-04.9070076,bm,1.62,16.235,>16.235,99.990,-0.106,0.233,g
2459643.40804,2022-03-04.9085109,bm,1.58,16.395,>16.395,99.990,-0.233,0.201,g
2459643.40928,2022-03-04.9097483,bm,1.55,16.455,>16.455,99.990,0.279,0.190,g
2459644.25217,2022-03-05.7526464,bm,2.0,16.055,>16.055,99.990,0.320,0.275,g
2459644.25344,2022-03-05.7539083,bm,2.01,16.104,>16.104,99.990,0.197,0.263,g
2459644.25467,2022-03-05.7551466,bm,2.01,16.293,>16.293,99.990,-0.092,0.221,g
2459644.39006,2022-03-05.8905356,bm,1.58,16.402,>16.402,99.990,-0.060,0.200,g
2459644.39130,2022-03-05.891775,bm,1.59,16.369,>16.369,99.990,0.237,0.206,g
2459644.39254,2022-03-05.8930134,bm,1.57,16.327,>16.327,99.990,0.143,0.214,g
2459645.49973,2022-03-07.0001974,bE,1.51,15.984,>15.984,99.990,-0.808,0.293,g
2459645.50104,2022-03-07.0015150,bE,1.56,16.248,>16.248,99.990,0.406,0.230,g
2459645.50233,2022-03-07.0028046,bE,1.5,16.037,>16.037,99.990,-0.141,0.279,g
2459646.26147,2022-03-07.7619327,bm,2.18,16.347,>16.347,99.990,0.073,0.210,g
2459646.26272,2022-03-07.7631849,bm,2.19,16.375,>16.375,99.990,0.301,0.205,g
2459646.26398,2022-03-07.7644476,bm,2.13,16.225,>16.225,99.990,-0.117,0.235,g
2459646.51411,2022-03-08.0145716,bi,2.0,16.465,>16.465,99.990,0.170,0.188,g
2459646.51537,2022-03-08.0158355,bi,2.01,16.387,>16.387,99.990,0.187,0.202,g
2459646.51662,2022-03-08.0170879,bi,1.68,16.273,>16.273,99.990,0.024,0.225,g
2459647.24769,2022-03-08.7481538,bm,2.5,15.774,>15.774,99.990,0.510,0.356,g
2459647.61740,2022-03-09.1178623,bE,1.58,16.551,>16.551,99.990,0.141,0.174,g
2459647.61870,2022-03-09.1191592,bE,1.49,16.510,>16.510,99.990,0.151,0.181,g
2459647.61999,2022-03-09.1204493,bE,1.53,16.463,>16.463,99.990,0.128,0.189,g
2459648.24815,2022-03-09.7486120,bm,2.5,14.981,>14.981,99.990,-0.886,0.739,g
2459648.52011,2022-03-10.0205769,bi,1.5,16.365,>16.365,99.990,0.045,0.207,g
2459648.52137,2022-03-10.0218291,bi,1.52,16.630,>16.630,99.990,-0.035,0.162,g
2459648.52262,2022-03-10.0230815,bi,1.52,16.304,>16.304,99.990,-0.171,0.219,g
2459649.57325,2022-03-11.0737059,bE,1.54,16.521,>16.521,99.990,-0.092,0.179,g
2459649.57454,2022-03-11.0749951,bE,1.51,16.355,>16.355,99.990,0.050,0.209,g
2459649.57583,2022-03-11.0762907,bE,1.54,16.425,>16.425,99.990,0.225,0.195,g
2459650.50358,2022-03-12.0040328,bE,2.07,16.312,>16.312,99.990,0.025,0.217,g
2459650.50487,2022-03-12.0053287,bE,2.06,16.458,>16.458,99.990,0.255,0.190,g
2459650.50615,2022-03-12.0066101,bE,2.07,16.277,>16.277,99.990,-0.029,0.224,g
2459651.26516,2022-03-12.7656224,bm,2.29,15.768,>15.768,99.990,0.333,0.358,g
2459651.26641,2022-03-12.7668679,bm,2.37,16.016,>16.016,99.990,0.000,0.285,g
2459651.26764,2022-03-12.7681004,bm,2.31,15.978,>15.978,99.990,-0.349,0.295,g
2459651.55216,2022-03-13.0526165,bE,1.46,16.384,>16.384,99.990,0.107,0.203,g
2459651.55344,2022-03-13.0538953,bE,1.59,16.279,>16.279,99.990,-0.160,0.224,g
2459651.55474,2022-03-13.0551931,bE,1.5,16.274,>16.274,99.990,0.157,0.225,g
2459652.60283,2022-03-14.1032822,bE,1.42,16.159,>16.159,99.990,0.118,0.250,g
2459652.60412,2022-03-14.1045645,bE,1.46,16.312,>16.312,99.990,-0.359,0.217,g
2459652.60542,2022-03-14.1058680,bE,1.43,16.302,>16.302,99.990,0.199,0.219,g
2459653.25017,2022-03-14.7506193,bm,1.55,16.035,>16.035,99.990,0.034,0.280,g
2459653.25144,2022-03-14.7518861,bm,1.59,16.008,>16.008,99.990,0.808,0.287,g
2459653.25271,2022-03-14.7531559,bm,1.65,15.981,>15.981,99.990,-0.206,0.294,g
2459653.61593,2022-03-15.1163684,bi,1.47,15.943,>15.943,99.990,-0.566,0.305,g
2459653.61716,2022-03-15.1176086,bi,1.5,16.176,>16.176,99.990,0.029,0.246,g
2459653.61840,2022-03-15.1188434,bi,1.45,16.040,>16.040,99.990,0.166,0.279,g
2459654.23878,2022-03-15.7392159,bm,1.57,15.497,>15.497,99.990,-0.381,0.460,g
2459654.24003,2022-03-15.7404684,bm,1.47,15.685,>15.685,99.990,0.632,0.386,g
2459654.24127,2022-03-15.7417054,bm,1.57,15.815,>15.815,99.990,0.418,0.343,g
2459654.38489,2022-03-15.8853281,bm,1.56,15.646,>15.646,99.990,0.590,0.401,g
2459654.38613,2022-03-15.8865723,bm,1.51,15.615,>15.615,99.990,-0.277,0.412,g
2459654.38738,2022-03-15.8878203,bm,1.6,15.844,>15.844,99.990,0.573,0.334,g
2459655.24386,2022-03-16.7442943,bm,1.54,15.854,>15.854,99.990,-0.104,0.331,g
2459655.24508,2022-03-16.7455185,bm,1.52,15.947,>15.947,99.990,-0.112,0.303,g
2459655.24633,2022-03-16.7467630,bm,1.51,15.787,>15.787,99.990,0.285,0.352,g
2459655.37826,2022-03-16.8786966,bm,1.47,15.652,>15.652,99.990,0.381,0.398,g
2459655.37950,2022-03-16.8799383,bm,1.5,15.748,>15.748,99.990,-0.414,0.365,g
2459655.38074,2022-03-16.8811739,bm,1.62,15.626,>15.626,99.990,0.645,0.408,g
2459655.50265,2022-03-17.0030899,bi,2.05,16.007,>16.007,99.990,-0.446,0.287,g
2459655.50390,2022-03-17.0043376,bi,2.05,15.654,>15.654,99.990,-0.145,0.397,g
2459655.50515,2022-03-17.0055815,bi,1.98,15.777,>15.777,99.990,0.322,0.355,g
2459656.24543,2022-03-17.7458673,bm,2.24,15.655,>15.655,99.990,0.096,0.397,g
2459656.24666,2022-03-17.7470986,bm,2.25,15.696,>15.696,99.990,-0.051,0.382,g
2459656.24788,2022-03-17.7483289,bm,2.23,15.918,>15.918,99.990,-0.572,0.312,g
2459656.37994,2022-03-17.8803788,bm,1.65,15.491,>15.491,99.990,0.187,0.462,g
2459656.38118,2022-03-17.8816208,bm,1.75,15.509,>15.509,99.990,-0.564,0.454,g
2459656.38242,2022-03-17.8828616,bm,1.61,15.516,>15.516,99.990,0.058,0.451,g
2459656.51294,2022-03-18.0133734,bi,1.43,15.890,>15.890,99.990,-0.103,0.320,g
2459656.51418,2022-03-18.0146150,bi,1.52,15.819,>15.819,99.990,-0.470,0.341,g
2459656.51543,2022-03-18.0158638,bi,1.49,15.775,>15.775,99.990,0.336,0.356,g
2459657.48929,2022-03-18.9897150,bi,2.39,15.600,>15.600,99.990,0.442,0.418,g
2459657.49053,2022-03-18.9909607,bi,2.31,15.786,>15.786,99.990,-0.002,0.352,g
2459657.49177,2022-03-18.9921968,bi,2.29,15.894,>15.894,99.990,-0.302,0.319,g
2459658.49608,2022-03-19.9965175,bi,1.46,16.187,>16.187,99.990,0.525,0.243,g
2459658.49735,2022-03-19.9977770,bi,1.52,16.363,>16.363,99.990,-0.258,0.207,g
2459658.49859,2022-03-19.9990145,bi,1.47,16.176,>16.176,99.990,-0.169,0.246,g
2459659.58514,2022-03-21.0855640,bE,1.44,16.211,>16.211,99.990,0.169,0.238,g
2459659.58642,2022-03-21.0868380,bE,1.48,16.146,>16.146,99.990,0.022,0.253,g
2459659.58770,2022-03-21.0881253,bE,1.55,16.257,>16.257,99.990,-0.067,0.228,g
2459660.49432,2022-03-21.9947380,bi,1.46,16.292,>16.292,99.990,0.051,0.221,g
2459660.49556,2022-03-21.9959825,bi,1.52,16.384,>16.384,99.990,0.230,0.203,g
2459660.49681,2022-03-21.9972304,bi,1.5,16.395,>16.395,99.990,0.219,0.201,g
2459660.56275,2022-03-22.0631685,bi,1.49,16.308,>16.308,99.990,0.421,0.218,g
2459660.56398,2022-03-22.0643951,bi,1.47,16.398,>16.398,99.990,-0.083,0.200,g
2459660.56522,2022-03-22.0656347,bi,1.46,16.220,>16.220,99.990,0.312,0.236,g
2459661.50117,2022-03-23.0015851,bi,1.71,16.487,>16.487,99.990,-0.133,0.185,g
2459661.50242,2022-03-23.0028353,bi,1.67,16.490,>16.490,99.990,0.225,0.184,g
2459661.50366,2022-03-23.0040784,bi,1.98,16.482,>16.482,99.990,0.145,0.185,g
2459661.56938,2022-03-23.0697994,bi,2.01,16.517,>16.517,99.990,0.098,0.180,g
2459661.57063,2022-03-23.0710496,bi,2.01,16.474,>16.474,99.990,-0.114,0.187,g
2459661.57187,2022-03-23.0722947,bi,2.02,16.340,>16.340,99.990,-0.284,0.211,g
2459661.61109,2022-03-23.1115033,bE,1.53,16.308,>16.308,99.990,0.195,0.218,g
2459661.61237,2022-03-23.1127861,bE,1.57,16.309,>16.309,99.990,0.139,0.217,g
2459661.61367,2022-03-23.1140853,bE,1.54,16.207,>16.207,99.990,0.193,0.239,g
2459662.50779,2022-03-24.0082027,bi,1.72,16.381,>16.381,99.990,0.133,0.203,g
2459662.50903,2022-03-24.0094446,bi,1.65,16.531,>16.531,99.990,0.166,0.177,g
2459662.51028,2022-03-24.0106851,bi,1.69,16.477,>16.477,99.990,-0.033,0.186,g
2459663.25517,2022-03-24.7555778,bm,2.08,16.352,>16.352,99.990,-0.146,0.209,g
2459663.25640,2022-03-24.7568105,bm,2.07,16.365,>16.365,99.990,-0.100,0.207,g
2459663.25764,2022-03-24.7580525,bm,2.08,16.412,>16.412,99.990,0.026,0.198,g
2459664.61017,2022-03-26.1105722,bE,1.51,16.595,>16.595,99.990,0.266,0.167,g
2459664.61146,2022-03-26.1118572,bE,1.45,16.502,>16.502,99.990,0.193,0.182,g
2459666.56541,2022-03-28.0657987,bE,1.51,16.458,>16.458,99.990,0.119,0.190,g
2459666.56669,2022-03-28.0670886,bE,1.55,16.508,>16.508,99.990,0.505,0.181,g
2459666.56799,2022-03-28.0683839,bE,1.52,16.576,>16.576,99.990,0.249,0.170,g
2459668.23002,2022-03-29.7304078,bm,1.54,99.990,99.990,99.990,99.990,99.990,g
2459668.23218,2022-03-29.7325685,bm,1.56,14.413,>14.413,99.990,1.050,1.248,g
2459668.47997,2022-03-29.9803545,bi,1.67,15.732,>15.732,99.990,0.317,0.370,g
2459668.48124,2022-03-29.9816208,bi,1.55,15.816,>15.816,99.990,-0.247,0.342,g
2459668.48248,2022-03-29.9828714,bi,1.61,16.070,>16.070,99.990,0.554,0.271,g
2459668.56330,2022-03-30.0636736,bE,1.54,16.423,>16.423,99.990,0.003,0.196,g
2459668.56460,2022-03-30.0649792,bE,1.52,16.628,>16.628,99.990,0.049,0.162,g
2459668.56590,2022-03-30.0662806,bE,1.55,16.483,>16.483,99.990,0.094,0.185,g
2459669.47915,2022-03-30.9795268,bi,1.91,15.855,>15.855,99.990,-0.732,0.331,g
2459669.48042,2022-03-30.9807909,bi,1.56,15.952,>15.952,99.990,-0.205,0.302,g
2459669.48165,2022-03-30.9820269,bi,1.57,16.045,>16.045,99.990,-0.135,0.277,g
2459670.23187,2022-03-31.7322424,bm,1.67,16.225,>16.225,99.990,-0.188,0.235,g
2459670.23311,2022-03-31.7334835,bm,1.69,16.296,>16.296,99.990,0.151,0.220,g
2459670.23434,2022-03-31.7347219,bm,1.63,16.400,>16.400,99.990,0.122,0.200,g
2459670.34354,2022-03-31.8439157,bm,1.5,16.241,>16.241,99.990,-0.023,0.232,g
2459670.34480,2022-03-31.8451690,bm,1.5,16.525,>16.525,99.990,0.162,0.178,g
2459670.34604,2022-03-31.8464179,bm,1.51,16.234,>16.234,99.990,0.382,0.233,g
2459671.24637,2022-04-01.7467369,bm,1.51,15.477,>15.477,99.990,-0.761,0.468,g
2459671.24761,2022-04-01.7479684,bm,1.52,14.900,>14.900,99.990,-0.150,0.796,g
2459671.24884,2022-04-01.7492068,bm,1.49,14.774,>14.774,99.990,0.517,0.895,g
2459671.55091,2022-04-02.0512818,bE,1.59,16.496,>16.496,99.990,0.217,0.183,g
2459671.55222,2022-04-02.0525791,bE,1.58,16.477,>16.477,99.990,-0.052,0.186,g
2459671.55349,2022-04-02.0538547,bE,1.51,16.576,>16.576,99.990,0.008,0.170,g
2459672.55370,2022-04-03.0540615,bE,1.47,16.482,>16.482,99.990,0.124,0.185,g
2459672.55499,2022-04-03.0553491,bE,1.48,16.469,>16.469,99.990,0.269,0.188,g
2459672.55629,2022-04-03.0566464,bE,1.48,16.681,>16.681,99.990,0.116,0.154,g
2459673.23299,2022-04-03.7333431,bm,1.63,16.260,>16.260,99.990,0.341,0.228,g
2459673.23423,2022-04-03.7345828,bm,1.65,16.258,>16.258,99.990,0.111,0.228,g
2459673.23548,2022-04-03.7358291,bm,1.63,16.312,>16.312,99.990,0.398,0.217,g
2459673.33578,2022-04-03.8361351,bm,1.55,16.332,>16.332,99.990,-0.154,0.213,g
2459673.33702,2022-04-03.8373692,bm,1.54,16.431,>16.431,99.990,0.036,0.194,g
2459673.33826,2022-04-03.8386097,bm,1.51,16.379,>16.379,99.990,-0.137,0.204,g
2459674.54295,2022-04-05.0433026,bE,1.54,16.622,>16.622,99.990,0.029,0.163,g
2459674.54425,2022-04-05.0445913,bE,1.43,16.461,>16.461,99.990,0.147,0.189,g
2459674.54554,2022-04-05.0458869,bE,1.46,16.588,>16.588,99.990,0.291,0.168,g
2459675.50622,2022-04-06.0065621,bE,1.55,16.659,>16.659,99.990,0.267,0.158,g
2459675.50750,2022-04-06.0078362,bE,1.51,16.442,>16.442,99.990,0.183,0.192,g
2459675.50880,2022-04-06.0091460,bE,1.5,16.427,>16.427,99.990,0.280,0.195,g
2459676.47749,2022-04-06.9778259,bE,2.09,16.283,>16.283,99.990,0.038,0.223,g
2459676.47879,2022-04-06.9791261,bE,2.09,16.326,>16.326,99.990,-0.649,0.214,g
2459676.48008,2022-04-06.9804112,bE,2.07,16.292,>16.292,99.990,0.174,0.221,g
2459678.24573,2022-04-08.7460556,bm,2.0,16.185,>16.185,99.990,-0.007,0.244,g
2459678.24697,2022-04-08.7472929,bm,1.64,16.349,>16.349,99.990,-0.248,0.210,g
2459678.24824,2022-04-08.7485663,bm,1.71,16.271,>16.271,99.990,-0.052,0.225,g
2459679.24778,2022-04-09.7480946,bm,1.64,16.347,>16.347,99.990,-0.515,0.210,g
2459679.24902,2022-04-09.7493353,bm,1.56,16.197,>16.197,99.990,-0.216,0.241,g
2459679.25027,2022-04-09.7505898,bm,1.59,16.206,>16.206,99.990,0.077,0.239,g
2459680.47443,2022-04-10.9747428,bE,1.99,16.184,>16.184,99.990,0.073,0.244,g
2459680.47573,2022-04-10.9760427,bE,1.63,16.185,>16.185,99.990,0.294,0.244,g
2459680.47704,2022-04-10.9773427,bE,1.67,16.317,>16.317,99.990,0.339,0.216,g
2459681.52381,2022-04-12.0241135,bE,1.49,16.429,>16.429,99.990,0.499,0.195,g
2459681.52510,2022-04-12.0254118,bE,1.44,16.288,>16.288,99.990,0.355,0.222,g
2459681.52638,2022-04-12.0266875,bE,1.54,16.316,>16.316,99.990,0.412,0.216,g
2459682.55853,2022-04-13.0588254,bE,1.61,16.069,>16.069,99.990,0.298,0.271,g
2459682.55981,2022-04-13.0601087,bE,1.59,16.182,>16.182,99.990,0.213,0.245,g
2459682.56111,2022-04-13.0614078,bE,1.49,16.109,>16.109,99.990,-0.326,0.261,g
2459683.28399,2022-04-13.7842851,bm,1.56,15.603,>15.603,99.990,0.263,0.417,g
2459683.28523,2022-04-13.7855245,bm,1.57,15.715,>15.715,99.990,-2.529,0.376,g
2459683.28646,2022-04-13.7867546,bm,1.62,15.573,>15.573,99.990,-0.160,0.428,g
2459684.55104,2022-04-15.0513210,bE,1.63,15.951,>15.951,99.990,0.273,0.302,g
2459684.55233,2022-04-15.0526116,bE,1.63,15.830,>15.830,99.990,0.192,0.338,g
2459684.55363,2022-04-15.0539148,bE,1.61,15.933,>15.933,99.990,0.141,0.308,g
2459685.22780,2022-04-15.7280814,bm,2.06,15.187,>15.187,99.990,-2.101,0.612,g
2459685.22908,2022-04-15.7293699,bm,2.1,15.183,>15.183,99.990,-7.814,0.620,g
2459685.23043,2022-04-15.7307146,bm,2.09,15.182,>15.182,99.990,0.334,0.614,g
2459686.21904,2022-04-16.7193152,bm,2.09,14.963,>14.963,99.990,-6.307,0.753,g
2459686.22033,2022-04-16.7206050,bm,2.06,15.284,>15.284,99.990,-9.430,0.565,g
2459686.22160,2022-04-16.7218679,bm,2.1,15.109,>15.109,99.990,-2.264,0.657,g
2459687.21808,2022-04-17.7183527,bm,1.47,15.741,>15.741,99.990,-1.582,0.367,g
2459687.21933,2022-04-17.7195944,bm,1.51,15.440,>15.440,99.990,-1.685,0.484,g
2459687.22057,2022-04-17.7208371,bm,1.56,15.866,>15.866,99.990,0.077,0.327,g
2459688.23628,2022-04-18.7365428,bm,1.51,15.935,>15.935,99.990,0.416,0.307,g
2459688.23754,2022-04-18.7377957,bm,1.47,15.987,>15.987,99.990,-0.063,0.293,g
2459688.23877,2022-04-18.7390312,bm,1.59,16.055,>16.055,99.990,-1.166,0.275,g
2459688.47389,2022-04-18.9741459,bE,1.61,16.522,>16.522,99.990,-0.296,0.179,g
2459688.47519,2022-04-18.9754385,bE,1.63,16.449,>16.449,99.990,-0.001,0.191,g
2459688.47648,2022-04-18.9767423,bE,1.59,16.513,>16.513,99.990,0.182,0.180,g
2459689.22415,2022-04-19.7244028,bm,1.98,16.354,>16.354,99.990,0.080,0.209,g
2459689.22538,2022-04-19.7256320,bm,1.95,16.346,>16.346,99.990,0.172,0.210,g
2459689.22662,2022-04-19.7268671,bm,1.97,16.342,>16.342,99.990,0.120,0.211,g
2459689.53606,2022-04-20.0363041,bE,1.59,16.335,>16.335,99.990,-0.068,0.212,g
2459689.53735,2022-04-20.0376023,bE,1.52,16.334,>16.334,99.990,-0.003,0.213,g
2459689.53865,2022-04-20.0388983,bE,1.46,16.271,>16.271,99.990,0.147,0.225,g
2459690.20813,2022-04-20.7083700,bm,2.3,15.143,>15.143,99.990,-2.732,0.637,g
2459690.20936,2022-04-20.7096083,bm,2.18,15.320,15.109,0.181,3.285,0.542,g
2459690.21061,2022-04-20.7108537,bm,2.17,15.417,>15.417,99.990,0.173,0.495,g
2459690.29209,2022-04-20.7923393,bm,1.61,16.355,>16.355,99.990,0.350,0.208,g
2459690.29334,2022-04-20.7935858,bm,1.62,16.329,>16.329,99.990,-0.044,0.213,g
2459690.29458,2022-04-20.7948197,bm,1.58,16.332,>16.332,99.990,0.249,0.213,g
2459691.51531,2022-04-22.0155430,bE,1.54,16.536,>16.536,99.990,0.175,0.176,g
2459691.51660,2022-04-22.0168297,bE,1.49,16.498,>16.498,99.990,0.088,0.183,g
2459691.51790,2022-04-22.0181303,bE,1.46,16.499,>16.499,99.990,0.145,0.183,g
2459692.52615,2022-04-23.0263745,bE,1.54,16.488,>16.488,99.990,0.068,0.184,g
2459692.52743,2022-04-23.0276614,bE,1.46,16.500,>16.500,99.990,0.288,0.182,g
2459692.52872,2022-04-23.0289456,bE,1.51,16.552,>16.552,99.990,0.070,0.174,g
2459693.20985,2022-04-23.7100687,bm,1.49,15.837,>15.837,99.990,-0.086,0.336,g
2459693.21109,2022-04-23.7113094,bm,1.48,15.788,>15.788,99.990,0.608,0.352,g
2459693.21236,2022-04-23.7125760,bm,1.44,16.046,>16.046,99.990,-0.297,0.277,g
2459693.53197,2022-04-24.0321929,bE,1.51,16.511,>16.511,99.990,-0.024,0.181,g
2459694.20921,2022-04-24.7094289,bm,1.58,15.748,>15.748,99.990,-0.046,0.365,g
2459694.21047,2022-04-24.7106766,bm,1.59,15.920,>15.920,99.990,0.307,0.311,g
2459694.21172,2022-04-24.7119348,bm,1.55,16.074,>16.074,99.990,0.091,0.270,g
2459694.52314,2022-04-25.0233515,bE,1.58,16.335,>16.335,99.990,0.263,0.212,g
2459694.52443,2022-04-25.0246460,bE,1.54,16.438,>16.438,99.990,-0.061,0.193,g
2459694.52572,2022-04-25.0259317,bE,1.55,16.407,>16.407,99.990,0.341,0.199,g
2459695.20468,2022-04-25.7048812,bm,1.96,15.156,>15.156,99.990,0.075,0.629,g
2459695.20592,2022-04-25.7061281,bm,1.42,15.446,>15.446,99.990,-0.397,0.482,g
2459695.20716,2022-04-25.7073659,bm,1.5,15.544,>15.544,99.990,-1.848,0.440,g
2459696.25376,2022-04-26.7539673,bm,1.54,16.390,>16.390,99.990,-0.070,0.202,g
2459696.25501,2022-04-26.7552187,bm,1.55,16.319,>16.319,99.990,-0.034,0.216,g
2459696.25625,2022-04-26.7564548,bm,1.59,16.503,>16.503,99.990,-0.223,0.182,g
2459697.20718,2022-04-27.7073711,bm,1.5,15.878,>15.878,99.990,-0.564,0.324,g
2459697.20842,2022-04-27.7086107,bm,1.57,15.962,>15.962,99.990,0.755,0.299,g
2459697.20967,2022-04-27.7098619,bm,1.57,16.059,>16.059,99.990,-0.091,0.274,g
2459697.49053,2022-04-27.9907116,bE,1.49,16.513,>16.513,99.990,0.017,0.180,g
2459697.49182,2022-04-27.9920082,bE,1.51,16.517,>16.517,99.990,0.244,0.180,g
2459697.49310,2022-04-27.9932942,bE,1.51,16.438,>16.438,99.990,-0.034,0.193,g
2459698.51350,2022-04-29.0136806,bE,1.53,16.535,>16.535,99.990,0.128,0.177,g
2459698.51480,2022-04-29.0149847,bE,1.52,16.695,>16.695,99.990,0.165,0.152,g
2459698.51610,2022-04-29.0162810,bE,1.43,16.581,>16.581,99.990,0.270,0.169,g
2459699.23041,2022-04-29.7305836,bm,1.6,16.223,>16.223,99.990,-0.144,0.236,g
2459699.23165,2022-04-29.7318265,bm,1.62,16.392,>16.392,99.990,-0.317,0.201,g
2459699.23289,2022-04-29.7330637,bm,1.68,16.425,>16.425,99.990,-0.061,0.196,g
2459699.51528,2022-04-30.0154570,bE,1.55,16.516,>16.516,99.990,0.113,0.180,g
2459699.51658,2022-04-30.0167541,bE,2.17,16.505,>16.505,99.990,0.017,0.182,g
2459700.26576,2022-04-30.7659287,bm,1.49,16.268,>16.268,99.990,-0.012,0.226,g
2459700.26700,2022-04-30.7671707,bm,1.56,16.312,>16.312,99.990,0.347,0.217,g
2459701.21996,2022-05-01.7201295,bm,1.55,16.366,>16.366,99.990,-0.170,0.206,g
2459701.22120,2022-05-01.7213703,bm,1.61,16.389,>16.389,99.990,0.167,0.202,g
2459701.22244,2022-05-01.7226084,bm,1.59,16.428,>16.428,99.990,0.327,0.195,g
2459702.23061,2022-05-02.7307586,bm,1.58,16.328,>16.328,99.990,0.244,0.214,g
2459702.23185,2022-05-02.7319965,bm,1.53,16.367,>16.367,99.990,-0.055,0.206,g
2459702.23308,2022-05-02.7332267,bm,1.58,16.354,>16.354,99.990,0.172,0.209,g
2459702.50803,2022-05-03.0081746,bE,1.44,16.556,>16.556,99.990,0.465,0.173,g
2459703.24907,2022-05-03.7492112,bm,1.49,16.342,>16.342,99.990,0.287,0.211,g
2459703.25031,2022-05-03.7504546,bm,1.5,16.230,>16.230,99.990,0.402,0.234,g
2459703.25155,2022-05-03.7516939,bm,1.48,16.352,>16.352,99.990,0.099,0.209,g
2459704.23319,2022-05-04.7333331,bm,1.55,16.484,>16.484,99.990,-0.051,0.185,g
2459704.23443,2022-05-04.7345760,bm,1.55,16.272,>16.272,99.990,0.154,0.225,g
2459704.23567,2022-05-04.7358165,bm,1.62,16.313,>16.313,99.990,0.156,0.217,g
2459704.50079,2022-05-05.0009304,bE,1.45,16.469,>16.469,99.990,0.145,0.188,g
2459704.50208,2022-05-05.0022141,bE,1.57,16.409,>16.409,99.990,0.271,0.198,g
2459705.48652,2022-05-05.9866486,bE,1.55,16.058,>16.058,99.990,0.354,0.274,g
2459705.48782,2022-05-05.9879479,bE,1.6,16.151,>16.151,99.990,-0.255,0.252,g
2459705.48912,2022-05-05.9892432,bE,1.49,16.293,>16.293,99.990,-0.014,0.221,g
2459706.45432,2022-05-06.9544342,bi,2.11,15.655,>15.655,99.990,-0.699,0.397,g
2459706.45556,2022-05-06.9556737,bi,2.06,15.852,>15.852,99.990,0.006,0.331,g
2459706.45680,2022-05-06.9569189,bi,2.01,15.830,>15.830,99.990,-0.310,0.338,g
2459708.23510,2022-05-08.7352097,bm,1.64,16.212,>16.212,99.990,0.058,0.238,g
2459708.23637,2022-05-08.7364737,bm,1.65,16.268,>16.268,99.990,-0.244,0.226,g
2459708.23761,2022-05-08.7377153,bm,1.63,16.181,>16.181,99.990,-0.273,0.245,g
2459708.48246,2022-05-08.9825568,bE,1.5,16.303,>16.303,99.990,0.133,0.219,g
2459708.48376,2022-05-08.9838584,bE,1.5,16.336,>16.336,99.990,0.032,0.212,g
2459708.48505,2022-05-08.9851537,bE,1.45,16.255,>16.255,99.990,-0.056,0.229,g
2459709.48046,2022-05-09.9805531,bE,1.49,15.926,>15.926,99.990,-0.206,0.310,g
2459709.48176,2022-05-09.9818540,bE,1.49,15.844,>15.844,99.990,0.271,0.334,g
2459709.48305,2022-05-09.9831515,bE,1.54,15.831,>15.831,99.990,-0.119,0.338,g
2459710.48385,2022-05-10.9839369,bE,1.55,16.396,>16.396,99.990,0.169,0.201,g
2459710.48513,2022-05-10.9852215,bE,1.54,16.185,>16.185,99.990,0.123,0.244,g
2459710.48641,2022-05-10.9864973,bE,1.59,16.252,>16.252,99.990,-0.097,0.229,g
2459711.20332,2022-05-11.7034040,bm,1.52,16.031,>16.031,99.990,-0.274,0.281,g
2459711.20455,2022-05-11.7046342,bm,1.52,15.868,>15.868,99.990,-0.137,0.326,g
2459711.20580,2022-05-11.7058795,bm,1.47,15.830,>15.830,99.990,-0.254,0.338,g
2459712.47387,2022-05-12.9739357,bE,1.46,14.694,>14.694,99.990,-1.209,0.963,g
2459712.47516,2022-05-12.9752277,bE,1.35,14.044,>14.044,99.990,-3.250,1.751,g
2459712.47646,2022-05-12.9765258,bE,1.47,13.724,>13.724,99.990,3.089,2.353,g
2459713.23263,2022-05-13.7326937,bm,2.41,15.158,>15.158,99.990,-0.216,0.628,g
2459713.47736,2022-05-13.9774196,bE,1.46,16.198,>16.198,99.990,-0.271,0.241,g
2459714.47190,2022-05-14.9719557,bE,1.54,15.935,>15.935,99.990,-0.410,0.307,g
2459714.47321,2022-05-14.9732554,bE,1.56,15.984,>15.984,99.990,0.096,0.293,g
2459714.47449,2022-05-14.9745432,bE,1.51,16.058,>16.058,99.990,-0.303,0.274,g
2459715.19406,2022-05-15.6941015,bm,1.53,15.200,>15.200,99.990,-0.144,0.604,g
2459715.19530,2022-05-15.6953584,bm,1.6,15.312,>15.312,99.990,-0.305,0.545,g
2459715.19656,2022-05-15.6966038,bm,1.49,15.273,>15.273,99.990,-1.688,0.565,g
2459716.20880,2022-05-16.7088457,bm,1.56,15.730,>15.730,99.990,-0.433,0.371,g
2459716.21005,2022-05-16.7100910,bm,1.55,15.574,>15.574,99.990,-0.102,0.428,g
2459716.21130,2022-05-16.7113341,bm,1.6,15.649,>15.649,99.990,-0.587,0.399,g
2459716.46690,2022-05-16.9669395,bE,1.53,15.961,>15.961,99.990,-0.091,0.300,g
2459716.46820,2022-05-16.9682381,bE,1.56,16.037,>16.037,99.990,0.275,0.279,g
2459716.46949,2022-05-16.9695270,bE,1.52,15.999,>15.999,99.990,-0.258,0.289,g
2459717.20835,2022-05-17.7083922,bm,1.55,15.968,>15.968,99.990,0.547,0.298,g
2459717.20962,2022-05-17.7096482,bm,1.61,15.966,>15.966,99.990,-0.212,0.298,g
2459717.21086,2022-05-17.7108887,bm,1.57,16.060,>16.060,99.990,-0.153,0.273,g
2459717.46185,2022-05-17.9618780,bE,1.56,16.387,>16.387,99.990,-0.056,0.202,g
2459717.46314,2022-05-17.9631739,bE,1.66,16.341,>16.341,99.990,0.174,0.211,g
2459717.46445,2022-05-17.9644725,bE,1.61,16.453,>16.453,99.990,0.277,0.191,g
2459718.45586,2022-05-18.9558756,bE,1.66,15.679,>15.679,99.990,-0.601,0.389,g
2459718.45715,2022-05-18.9571690,bE,1.68,15.788,>15.788,99.990,0.522,0.351,g
2459718.45845,2022-05-18.9584651,bE,1.66,15.559,>15.559,99.990,0.036,0.434,g
2459719.45080,2022-05-19.9508105,bE,1.52,16.002,>16.002,99.990,-0.491,0.289,g
2459719.45209,2022-05-19.9520961,bE,1.59,16.038,>16.038,99.990,-0.105,0.279,g
2459719.45338,2022-05-19.9533938,bE,1.67,16.297,>16.297,99.990,-0.092,0.220,g
2459721.19576,2022-05-21.6957608,bm,2.0,15.857,>15.857,99.990,-1.570,0.330,g
2459721.19701,2022-05-21.6970052,bm,2.0,16.004,>16.004,99.990,0.149,0.288,g
2459721.19824,2022-05-21.6982424,bm,2.03,16.076,>16.076,99.990,-0.939,0.270,g
2459722.44838,2022-05-22.9483668,bE,1.96,15.908,>15.908,99.990,-0.610,0.315,g
2459722.44969,2022-05-22.9496721,bE,1.7,16.009,>16.009,99.990,0.003,0.287,g
2459722.45098,2022-05-22.9509690,bE,1.65,16.041,>16.041,99.990,-0.072,0.278,g
2459723.44815,2022-05-23.9481299,bE,1.72,15.848,>15.848,99.990,-0.466,0.333,g
2459723.44947,2022-05-23.9494474,bE,1.66,15.935,>15.935,99.990,0.011,0.307,g
2459723.45077,2022-05-23.9507481,bE,1.65,15.930,>15.930,99.990,0.299,0.308,g
2459724.19452,2022-05-24.6944872,bm,1.49,15.511,>15.511,99.990,-0.189,0.453,g
2459724.19597,2022-05-24.6959399,bm,1.5,15.704,>15.704,99.990,-0.290,0.380,g
2459724.19720,2022-05-24.6971726,bm,1.57,15.377,>15.377,99.990,0.613,0.513,g
2459726.19071,2022-05-26.6906663,bm,1.51,15.449,>15.449,99.990,-0.433,0.480,g
2459726.19196,2022-05-26.6919111,bm,1.53,15.608,>15.608,99.990,-0.548,0.415,g
2459726.19319,2022-05-26.6931406,bm,1.49,15.571,>15.571,99.990,-0.216,0.429,g
2459763.94794,2022-07-03.4476168,bE,1.45,15.799,>15.799,99.990,-0.415,0.348,g
2459763.94924,2022-07-03.4489144,bE,1.49,15.632,>15.632,99.990,-1.048,0.406,g
2459764.94560,2022-07-04.4452608,bE,1.46,16.291,>16.291,99.990,-0.387,0.221,g
2459764.94689,2022-07-04.4465587,bE,1.52,16.093,>16.093,99.990,0.201,0.265,g
2459764.94817,2022-07-04.4478407,bE,1.52,15.938,>15.938,99.990,-0.253,0.306,g
2459766.94492,2022-07-06.4445667,bE,1.55,16.301,>16.301,99.990,0.105,0.219,g
2459766.94621,2022-07-06.4458628,bE,1.53,16.143,>16.143,99.990,-0.236,0.254,g
2459766.94752,2022-07-06.4471681,bE,1.62,16.179,>16.179,99.990,-0.593,0.245,g
2459767.94720,2022-07-07.4468521,bi,1.43,16.003,>16.003,99.990,0.020,0.288,g
2459767.94844,2022-07-07.4480868,bi,1.49,15.973,>15.973,99.990,0.504,0.296,g
2459767.94969,2022-07-07.4493438,bi,1.47,15.672,>15.672,99.990,-0.596,0.391,g
2459772.92276,2022-07-12.4223802,bE,1.6,16.180,>16.180,99.990,-0.027,0.245,g
2459772.92404,2022-07-12.4236599,bE,1.53,16.216,>16.216,99.990,-0.018,0.237,g
2459772.92532,2022-07-12.4249472,bE,1.54,16.385,>16.385,99.990,0.291,0.203,g
2459773.93093,2022-07-13.4305450,bE,1.47,15.867,>15.867,99.990,-0.176,0.327,g
2459773.93223,2022-07-13.4318438,bE,1.44,15.922,>15.922,99.990,0.115,0.311,g
2459773.93353,2022-07-13.4331444,bE,1.58,15.926,>15.926,99.990,-0.031,0.309,g
2459778.66001,2022-07-18.1596032,bm,1.61,15.798,>15.798,99.990,0.408,0.348,g
2459778.66164,2022-07-18.1612371,bm,1.59,15.963,>15.963,99.990,-0.304,0.299,g
2459778.66291,2022-07-18.1625067,bm,1.64,15.861,>15.861,99.990,-0.368,0.329,g
2459791.88487,2022-07-31.3844211,bE,1.66,16.553,>16.553,99.990,-0.051,0.174,g
2459791.88616,2022-07-31.3857067,bE,1.6,16.573,>16.573,99.990,0.087,0.170,g
2459791.88745,2022-07-31.3869935,bE,1.54,16.490,>16.490,99.990,0.102,0.184,g
2459792.63322,2022-08-01.1327599,bm,1.63,16.327,>16.327,99.990,-0.310,0.214,g
2459792.63447,2022-08-01.1340153,bm,1.68,16.322,>16.322,99.990,0.167,0.215,g
2459792.63571,2022-08-01.1352579,bm,1.65,16.267,>16.267,99.990,-0.492,0.226,g
2459792.89080,2022-08-01.3903395,bE,1.51,16.110,>16.110,99.990,-0.074,0.261,g
2459792.89209,2022-08-01.3916304,bE,1.51,16.256,>16.256,99.990,0.288,0.228,g
2459792.89338,2022-08-01.3929152,bE,1.41,16.093,>16.093,99.990,0.388,0.265,g
2459796.62335,2022-08-05.1228802,bm,1.54,16.367,>16.367,99.990,-0.123,0.206,g
2459796.62459,2022-08-05.1241232,bm,1.58,16.433,>16.433,99.990,0.047,0.194,g
2459796.62583,2022-08-05.1253578,bm,1.5,16.324,>16.324,99.990,0.039,0.215,g
2459796.87274,2022-08-05.3722687,bE,1.55,16.377,>16.377,99.990,0.209,0.204,g
2459796.87403,2022-08-05.3735642,bE,1.49,16.464,>16.464,99.990,-0.128,0.189,g
2459796.87534,2022-08-05.3748616,bE,1.51,16.533,>16.533,99.990,0.161,0.177,g
2459797.61992,2022-08-06.1194458,bm,1.61,16.451,>16.451,99.990,-0.153,0.191,g
2459797.62116,2022-08-06.1206879,bm,1.56,16.378,>16.378,99.990,-0.261,0.204,g
2459797.62250,2022-08-06.1220261,bm,1.63,16.353,>16.353,99.990,0.181,0.209,g
2459798.61633,2022-08-07.1158550,bm,1.5,16.308,>16.308,99.990,-0.046,0.218,g
2459798.61756,2022-08-07.1170886,bm,1.56,16.340,>16.340,99.990,-0.100,0.211,g
2459798.61880,2022-08-07.1183259,bm,1.5,16.293,>16.293,99.990,-0.002,0.221,g
2459799.88155,2022-08-08.3810767,bE,1.53,16.451,>16.451,99.990,0.220,0.191,g
2459799.88285,2022-08-08.3823753,bE,1.57,16.464,>16.464,99.990,0.057,0.189,g
2459799.88415,2022-08-08.3836649,bE,1.5,16.439,>16.439,99.990,0.257,0.193,g
2459800.61360,2022-08-09.1131181,bm,1.55,16.112,>16.112,99.990,0.165,0.261,g
2459800.61507,2022-08-09.1145931,bm,1.61,16.286,>16.286,99.990,0.336,0.222,g
2459800.61632,2022-08-09.1158468,bm,1.53,16.195,>16.195,99.990,-0.485,0.242,g
2459800.87764,2022-08-09.3771591,bE,1.52,16.386,>16.386,99.990,0.332,0.203,g
2459800.87893,2022-08-09.3784512,bE,1.51,16.427,>16.427,99.990,-0.147,0.195,g
2459800.88022,2022-08-09.3797346,bE,1.53,16.304,>16.304,99.990,-0.171,0.218,g
2459801.62268,2022-08-10.1221989,bm,1.59,13.574,>13.574,99.990,-2.829,2.703,g
2459801.62440,2022-08-10.1239204,bm,1.52,15.036,>15.036,99.990,1.440,0.703,g
2459801.62575,2022-08-10.1252723,bm,1.5,15.307,>15.307,99.990,-1.647,0.547,g
2459801.86385,2022-08-10.3633596,bE,1.55,14.337,>14.337,99.990,-1.675,1.337,g
2459801.86515,2022-08-10.3646599,bE,1.48,14.536,>14.536,99.990,0.108,1.113,g
2459803.87114,2022-08-12.3706548,bE,1.52,15.879,>15.879,99.990,0.051,0.323,g
2459803.87243,2022-08-12.3719454,bE,1.79,15.667,>15.667,99.990,0.364,0.393,g
2459803.87374,2022-08-12.3732541,bE,1.56,15.752,>15.752,99.990,-0.027,0.363,g
2459805.85396,2022-08-14.3534657,bE,1.6,16.176,>16.176,99.990,-0.147,0.246,g
2459805.85525,2022-08-14.3547645,bE,1.43,15.940,>15.940,99.990,0.030,0.306,g
2459805.85655,2022-08-14.3560621,bE,1.42,15.918,>15.918,99.990,-0.241,0.312,g
2459806.85011,2022-08-15.3496150,bE,1.55,14.796,>14.796,99.990,-1.443,0.876,g
2459806.85140,2022-08-15.3509047,bE,1.44,15.275,>15.275,99.990,0.410,0.564,g
2459806.85270,2022-08-15.3522024,bE,1.54,15.737,>15.737,99.990,-0.068,0.368,g
2459808.59449,2022-08-17.0940092,bm,1.59,16.086,>16.086,99.990,0.223,0.267,g
2459808.59576,2022-08-17.0952666,bm,1.62,16.019,>16.019,99.990,0.253,0.284,g
2459808.59725,2022-08-17.0967664,bm,1.59,16.045,>16.045,99.990,-0.191,0.277,g
2459809.84776,2022-08-18.3472689,bE,1.53,16.296,>16.296,99.990,0.097,0.220,g
2459809.84906,2022-08-18.3485695,bE,1.54,16.373,>16.373,99.990,-0.040,0.205,g
2459809.85037,2022-08-18.3498759,bE,1.64,16.340,>16.340,99.990,0.179,0.211,g
2459810.83964,2022-08-19.3391513,bE,1.48,16.484,>16.484,99.990,0.091,0.185,g
2459810.84093,2022-08-19.3404350,bE,1.47,16.354,>16.354,99.990,0.139,0.209,g
2459810.84221,2022-08-19.3417222,bE,1.48,16.353,>16.353,99.990,0.229,0.209,g
2459811.89754,2022-08-20.3970496,bE,1.48,16.525,>16.525,99.990,0.171,0.178,g
2459811.89883,2022-08-20.3983333,bE,1.52,16.423,>16.423,99.990,0.006,0.196,g
2459811.90012,2022-08-20.3996223,bE,1.49,16.511,>16.511,99.990,0.025,0.180,g
2459813.58085,2022-08-22.0803549,bm,1.42,16.340,>16.340,99.990,0.028,0.211,g
2459813.58210,2022-08-22.0816017,bm,1.51,16.414,>16.414,99.990,0.127,0.198,g
2459813.58335,2022-08-22.0828555,bm,1.52,16.306,>16.306,99.990,0.114,0.218,g
2459813.88789,2022-08-22.3874024,bE,1.45,16.413,>16.413,99.990,0.021,0.198,g
2459813.88920,2022-08-22.3887077,bE,1.49,16.537,>16.537,99.990,0.127,0.176,g
2459813.89050,2022-08-22.3900070,bE,1.52,16.607,>16.607,99.990,0.208,0.165,g
2459814.57357,2022-08-23.0730795,bm,1.62,16.344,>16.344,99.990,-0.071,0.211,g
2459814.57481,2022-08-23.0743188,bm,1.5,16.391,>16.391,99.990,0.151,0.202,g
2459814.57607,2022-08-23.0755690,bm,1.57,16.061,>16.061,99.990,0.157,0.273,g
2459814.83742,2022-08-23.3369281,bE,1.52,16.531,>16.531,99.990,0.104,0.177,g
2459814.83873,2022-08-23.3382292,bE,1.47,16.445,>16.445,99.990,0.341,0.192,g
2459814.84004,2022-08-23.3395378,bE,1.5,16.476,>16.476,99.990,0.198,0.186,g
2459815.56933,2022-08-24.0688398,bm,1.78,16.251,>16.251,99.990,0.490,0.229,g
2459815.57143,2022-08-24.0709398,bm,1.75,16.200,>16.200,99.990,0.129,0.240,g
2459816.85762,2022-08-25.3571273,bE,1.53,16.500,>16.500,99.990,-0.019,0.182,g
2459816.85890,2022-08-25.3584166,bE,1.49,16.525,>16.525,99.990,0.158,0.178,g
2459816.86019,2022-08-25.3597016,bE,1.49,16.511,>16.511,99.990,0.181,0.181,g
2459817.82663,2022-08-26.3261396,bE,1.57,99.990,99.990,99.990,99.990,99.990,g
2459817.82793,2022-08-26.3274310,bE,1.8,99.990,99.990,99.990,99.990,99.990,g
2459817.82922,2022-08-26.3287217,bE,1.67,99.990,99.990,99.990,99.990,99.990,g
2459818.81295,2022-08-27.3124609,bE,1.44,16.413,>16.413,99.990,0.283,0.198,g
2459818.81425,2022-08-27.3137587,bE,1.57,16.540,>16.540,99.990,0.104,0.176,g
2459818.81554,2022-08-27.31505,bE,1.53,16.422,>16.422,99.990,0.052,0.196,g
2459819.85364,2022-08-28.3531486,bE,1.52,16.486,>16.486,99.990,0.079,0.185,g
2459819.85495,2022-08-28.3544607,bE,1.46,16.377,>16.377,99.990,-0.024,0.204,g
2459819.85625,2022-08-28.3557535,bE,1.51,16.520,>16.520,99.990,0.020,0.179,g
2459820.55439,2022-08-29.0538950,bm,1.66,16.325,>16.325,99.990,-0.021,0.214,g
2459820.55563,2022-08-29.0551355,bm,1.67,16.344,>16.344,99.990,0.057,0.211,g
2459820.55687,2022-08-29.0563773,bm,1.65,16.216,>16.216,99.990,0.125,0.237,g
2459820.85111,2022-08-29.3506179,bE,1.52,16.520,>16.520,99.990,-0.121,0.179,g
2459820.85240,2022-08-29.3519115,bE,1.54,16.395,>16.395,99.990,0.157,0.201,g
2459820.85371,2022-08-29.3532203,bE,1.52,16.568,>16.568,99.990,0.133,0.171,g
2459821.84347,2022-08-30.3429837,bE,1.49,16.357,>16.357,99.990,0.086,0.208,g
2459821.84476,2022-08-30.3442709,bE,1.47,16.429,>16.429,99.990,0.013,0.195,g
2459821.84606,2022-08-30.3455689,bE,1.47,16.536,>16.536,99.990,0.086,0.176,g
2459822.81392,2022-08-31.3134329,bE,1.53,16.504,>16.504,99.990,0.281,0.182,g
2459822.81521,2022-08-31.3147259,bE,1.53,16.402,>16.402,99.990,-0.098,0.200,g
2459822.81651,2022-08-31.3160240,bE,1.45,16.519,>16.519,99.990,0.111,0.179,g
2459823.81469,2022-09-01.3142100,bE,1.47,16.481,>16.481,99.990,0.168,0.186,g
2459823.81600,2022-09-01.3155135,bE,1.5,16.520,>16.520,99.990,0.238,0.179,g
2459823.81730,2022-09-01.3168152,bE,1.55,16.454,>16.454,99.990,0.075,0.190,g
2459824.81506,2022-09-02.3145782,bE,1.55,16.410,>16.410,99.990,0.300,0.198,g
2459824.81637,2022-09-02.3158839,bE,1.53,16.488,>16.488,99.990,-0.016,0.184,g
2459824.81766,2022-09-02.3171711,bE,1.5,16.514,>16.514,99.990,0.449,0.180,g
2459825.61582,2022-09-03.1153385,bm,1.5,16.362,>16.362,99.990,0.158,0.207,g
2459825.61707,2022-09-03.1165898,bm,1.52,16.462,>16.462,99.990,0.031,0.189,g
2459825.61831,2022-09-03.1178293,bm,1.53,16.513,>16.513,99.990,-0.204,0.180,g
2459825.88291,2022-09-03.3824276,bE,1.51,16.706,>16.706,99.990,0.232,0.151,g
2459826.57692,2022-09-04.0764384,bm,1.58,16.288,>16.288,99.990,0.026,0.222,g
2459826.80780,2022-09-04.3073185,bE,1.6,16.483,>16.483,99.990,0.013,0.185,g
2459826.80909,2022-09-04.3086170,bE,1.57,16.445,>16.445,99.990,0.203,0.192,g
2459826.81038,2022-09-04.3099057,bE,1.54,16.387,>16.387,99.990,0.164,0.202,g
2459827.80401,2022-09-05.303525,bE,1.52,16.485,>16.485,99.990,-0.003,0.185,g
2459827.80530,2022-09-05.3048307,bE,1.49,16.433,>16.433,99.990,0.219,0.194,g
2459827.80660,2022-09-05.3061285,bE,1.53,16.588,>16.588,99.990,0.186,0.168,g
2459827.89581,2022-09-05.3953353,bE,1.42,16.402,>16.402,99.990,0.180,0.200,g
2459827.89710,2022-09-05.3966281,bE,1.51,16.576,>16.576,99.990,0.098,0.170,g
2459827.89838,2022-09-05.3979045,bE,1.53,16.433,>16.433,99.990,-0.013,0.194,g
2459828.80046,2022-09-06.2999876,bE,1.48,16.267,>16.267,99.990,0.135,0.226,g
2459828.80176,2022-09-06.3012855,bE,1.52,16.330,>16.330,99.990,0.057,0.213,g
2459828.80305,2022-09-06.3025699,bE,1.56,16.321,>16.321,99.990,0.448,0.215,g
2459829.63823,2022-09-07.1377550,bm,1.5,16.340,>16.340,99.990,0.143,0.211,g
2459829.63948,2022-09-07.1390089,bm,1.49,16.420,>16.420,99.990,0.042,0.196,g
2459829.64073,2022-09-07.1402548,bm,1.49,16.459,>16.459,99.990,0.097,0.189,g
2459829.81914,2022-09-07.3186646,bi,1.56,16.049,>16.049,99.990,0.047,0.276,g
2459829.82039,2022-09-07.3199254,bi,1.49,16.095,>16.095,99.990,0.191,0.265,g
2459829.82166,2022-09-07.3211824,bi,1.45,15.974,>15.974,99.990,0.257,0.296,g
2459829.90123,2022-09-07.4007574,bE,1.6,16.557,>16.557,99.990,-0.017,0.173,g
2459829.90254,2022-09-07.4020674,bE,1.5,16.493,>16.493,99.990,0.086,0.184,g
2459829.90384,2022-09-07.4033702,bE,1.46,16.611,>16.611,99.990,0.041,0.165,g
2459830.52730,2022-09-08.0268296,bm,2.07,15.583,>15.583,99.990,0.735,0.425,g
2459830.52855,2022-09-08.0280821,bm,2.05,15.803,>15.803,99.990,0.388,0.347,g
2459830.79712,2022-09-08.2966464,bE,1.51,16.023,>16.023,99.990,0.015,0.283,g
2459830.79842,2022-09-08.2979486,bE,1.58,16.094,>16.094,99.990,0.034,0.265,g
2459830.79970,2022-09-08.2992307,bE,1.5,15.936,>15.936,99.990,-0.004,0.307,g
2459831.78963,2022-09-09.2891638,bE,1.55,15.963,>15.963,99.990,-0.724,0.299,g
2459831.79093,2022-09-09.2904571,bE,1.48,16.027,>16.027,99.990,-0.401,0.282,g
2459831.79222,2022-09-09.2917495,bE,1.58,15.846,>15.846,99.990,-0.044,0.333,g
2459833.53346,2022-09-11.0329965,bm,1.51,14.344,>14.344,99.990,0.212,1.329,g
2459833.81404,2022-09-11.3135687,bE,2.2,15.789,>15.789,99.990,0.239,0.351,g
2459833.81533,2022-09-11.3148650,bE,2.16,15.769,>15.769,99.990,-0.325,0.357,g
2459833.81664,2022-09-11.3161756,bE,2.21,15.790,>15.790,99.990,-0.315,0.351,g
2459834.79372,2022-09-12.2932547,bE,1.62,15.936,>15.936,99.990,0.084,0.307,g
2459834.79500,2022-09-12.2945418,bE,1.6,16.047,>16.047,99.990,-0.277,0.277,g
2459834.79631,2022-09-12.2958450,bE,1.62,16.134,>16.134,99.990,-0.419,0.256,g
2459835.51282,2022-09-13.0123663,bm,1.53,15.771,>15.771,99.990,-0.091,0.357,g
2459835.51408,2022-09-13.0136163,bm,1.57,15.639,>15.639,99.990,-0.274,0.403,g
2459835.51532,2022-09-13.0148583,bm,1.45,15.840,>15.840,99.990,-0.546,0.335,g
2459835.61629,2022-09-13.1158320,bm,1.55,15.841,>15.841,99.990,0.343,0.335,g
2459835.61753,2022-09-13.1170703,bm,1.56,15.787,>15.787,99.990,0.264,0.352,g
2459835.61877,2022-09-13.1183099,bm,1.55,15.843,>15.843,99.990,0.160,0.334,g
2459835.76832,2022-09-13.2678650,bi,1.42,15.689,>15.689,99.990,0.021,0.385,g
2459835.76958,2022-09-13.2691181,bi,1.39,15.592,>15.592,99.990,-0.768,0.421,g
2459835.77083,2022-09-13.2703737,bi,1.42,15.231,>15.231,99.990,-0.342,0.587,g
2459835.90968,2022-09-13.4092228,bE,1.59,13.894,>13.894,99.990,0.053,2.011,g
2459835.91098,2022-09-13.4105218,bE,1.64,14.812,>14.812,99.990,1.676,0.864,g
2459836.52258,2022-09-14.0221247,bm,1.71,15.911,>15.911,99.990,-0.089,0.314,g
2459836.52383,2022-09-14.0233709,bm,1.7,15.744,>15.744,99.990,-0.348,0.366,g
2459836.52507,2022-09-14.0246186,bm,1.66,15.859,>15.859,99.990,-0.041,0.329,g
2459836.76788,2022-09-14.2674194,bE,1.53,16.133,>16.133,99.990,0.354,0.256,g
2459836.76916,2022-09-14.2687027,bE,1.53,16.117,>16.117,99.990,0.241,0.260,g
2459836.77046,2022-09-14.2700034,bE,1.54,16.142,>16.142,99.990,-0.929,0.254,g
2459836.84553,2022-09-14.3450745,bi,1.45,16.216,>16.216,99.990,0.155,0.237,g
2459836.84678,2022-09-14.3463221,bi,1.49,16.139,>16.139,99.990,0.032,0.254,g
2459836.84802,2022-09-14.3475652,bi,1.46,16.195,>16.195,99.990,0.311,0.242,g
2459836.89608,2022-09-14.3956210,bE,1.56,16.295,>16.295,99.990,0.260,0.220,g
2459836.89738,2022-09-14.3969206,bE,1.49,16.222,>16.222,99.990,0.087,0.236,g
2459836.89865,2022-09-14.3981947,bE,1.54,16.240,>16.240,99.990,0.360,0.232,g
2459837.52829,2022-09-15.0278427,bm,2.15,15.856,>15.856,99.990,-0.228,0.330,g
2459837.52955,2022-09-15.0290950,bm,2.13,15.763,>15.763,99.990,0.270,0.360,g
2459837.53079,2022-09-15.0303347,bm,2.13,15.883,>15.883,99.990,-0.395,0.322,g
2459837.76590,2022-09-15.2654504,bE,1.52,16.398,>16.398,99.990,0.228,0.200,g
2459837.76719,2022-09-15.2667363,bE,1.44,16.210,>16.210,99.990,0.537,0.238,g
2459837.76849,2022-09-15.2680387,bE,1.47,16.311,>16.311,99.990,0.243,0.217,g
2459837.85756,2022-09-15.3571118,bi,1.46,16.272,>16.272,99.990,0.155,0.225,g
2459837.85881,2022-09-15.3583641,bi,1.54,16.271,>16.271,99.990,0.096,0.225,g
2459838.49698,2022-09-15.9965339,bm,2.3,15.853,>15.853,99.990,-0.523,0.331,g
2459838.49822,2022-09-15.9977709,bm,2.29,15.911,>15.911,99.990,-0.445,0.314,g
2459838.49947,2022-09-15.9990175,bm,2.33,15.759,>15.759,99.990,-0.563,0.361,g
2459838.64970,2022-09-16.1492446,bm,2.05,15.957,>15.957,99.990,-0.022,0.301,g
2459838.65094,2022-09-16.1504853,bm,2.04,15.845,>15.845,99.990,-0.175,0.333,g
2459838.65218,2022-09-16.151725,bm,2.05,15.977,>15.977,99.990,0.253,0.295,g
2459838.80744,2022-09-16.3069883,bi,1.53,16.144,>16.144,99.990,-0.269,0.253,g
2459838.80868,2022-09-16.3082289,bi,1.52,16.180,>16.180,99.990,0.003,0.245,g
2459838.80992,2022-09-16.3094674,bi,1.53,15.799,>15.799,99.990,0.192,0.348,g
2459838.89759,2022-09-16.3971369,bE,1.46,14.721,>14.721,99.990,0.805,0.939,g
2459838.89887,2022-09-16.3984215,bE,1.43,15.008,>15.008,99.990,-0.782,0.721,g
2459839.50415,2022-09-17.0037156,bm,1.68,15.348,>15.348,99.990,-0.481,0.527,g
2459839.50538,2022-09-17.0049429,bm,1.65,15.623,>15.623,99.990,0.202,0.409,g
2459839.50664,2022-09-17.0061870,bm,1.65,14.089,>14.089,99.990,0.630,1.681,g
2459839.85998,2022-09-17.3595281,bE,1.48,15.468,>15.468,99.990,0.017,0.472,g
2459839.86127,2022-09-17.3608189,bE,1.49,15.759,>15.759,99.990,-0.444,0.361,g
2459839.86256,2022-09-17.3621163,bE,1.47,15.427,>15.427,99.990,-0.150,0.490,g
2459840.76319,2022-09-18.2627392,bE,1.54,16.465,>16.465,99.990,-0.045,0.188,g
2459840.76450,2022-09-18.2640552,bE,1.5,16.461,>16.461,99.990,0.011,0.189,g
2459840.76579,2022-09-18.2653460,bE,1.43,16.409,>16.409,99.990,0.301,0.198,g
2459841.76750,2022-09-19.2670600,bE,1.51,16.439,>16.439,99.990,0.009,0.193,g
2459841.76881,2022-09-19.2683638,bE,1.53,16.413,>16.413,99.990,-0.112,0.198,g
2459841.77007,2022-09-19.2696354,bE,1.49,16.397,>16.397,99.990,0.193,0.201,g
2459842.81658,2022-09-20.3161480,bE,1.51,16.411,>16.411,99.990,-0.007,0.198,g
2459842.81789,2022-09-20.3174576,bE,1.45,16.528,>16.528,99.990,0.104,0.178,g
2459842.81919,2022-09-20.3187556,bE,1.49,16.572,>16.572,99.990,0.021,0.171,g
2459843.74483,2022-09-21.2444013,bE,1.46,16.498,>16.498,99.990,0.310,0.183,g
2459843.74613,2022-09-21.2457031,bE,1.46,16.445,>16.445,99.990,0.081,0.192,g
2459844.75269,2022-09-22.2522667,bE,1.51,16.502,>16.502,99.990,-0.003,0.182,g
2459844.75397,2022-09-22.2535535,bE,1.51,16.372,>16.372,99.990,-0.001,0.205,g
2459844.75528,2022-09-22.2548636,bE,1.52,16.562,>16.562,99.990,-0.070,0.172,g
2459845.79234,2022-09-23.2919096,bi,1.49,16.271,>16.271,99.990,0.257,0.225,g
2459845.79358,2022-09-23.2931560,bi,1.45,16.340,>16.340,99.990,0.109,0.211,g
2459845.79482,2022-09-23.2943976,bi,1.46,16.400,>16.400,99.990,0.291,0.200,g
2459846.47523,2022-09-23.9748162,bm,1.49,16.303,>16.303,99.990,-0.039,0.219,g
2459846.47648,2022-09-23.9760612,bm,1.47,16.343,>16.343,99.990,0.107,0.211,g
2459846.47773,2022-09-23.9773137,bm,1.43,16.434,>16.434,99.990,0.521,0.194,g
2459846.55904,2022-09-24.0586274,bm,1.5,16.033,>16.033,99.990,0.301,0.281,g
2459846.56028,2022-09-24.0598725,bm,1.5,16.034,>16.034,99.990,0.116,0.280,g
2459846.56154,2022-09-24.0611237,bm,1.51,16.120,>16.120,99.990,0.307,0.259,g
2459846.74213,2022-09-24.2417100,bE,1.5,16.418,>16.418,99.990,0.201,0.197,g
2459846.74343,2022-09-24.2430131,bE,1.43,16.622,>16.622,99.990,0.548,0.163,g
2459846.74472,2022-09-24.2443034,bE,1.5,16.521,>16.521,99.990,0.270,0.179,g
2459847.79178,2022-09-25.2913622,bE,1.51,16.458,>16.458,99.990,-0.070,0.190,g
2459847.79308,2022-09-25.2926664,bE,1.5,16.468,>16.468,99.990,0.144,0.188,g
2459847.79438,2022-09-25.2939641,bE,1.53,16.532,>16.532,99.990,0.151,0.177,g
2459848.74835,2022-09-26.2479384,bE,1.51,16.484,>16.484,99.990,0.105,0.185,g
2459849.47501,2022-09-26.9746027,bm,1.51,16.572,>16.572,99.990,0.003,0.171,g
2459849.47625,2022-09-26.9758456,bm,1.54,16.430,>16.430,99.990,0.088,0.195,g
2459849.47749,2022-09-26.9770873,bm,1.54,16.292,>16.292,99.990,-0.089,0.221,g
2459849.76657,2022-09-27.2661651,bE,1.45,16.090,>16.090,99.990,0.399,0.266,g
2459849.76786,2022-09-27.2674579,bE,1.47,99.990,99.990,99.990,99.990,99.990,g
2459850.53559,2022-09-28.0351972,bm,1.65,16.308,>16.308,99.990,-0.147,0.218,g
2459850.53685,2022-09-28.0364510,bm,1.68,16.415,>16.415,99.990,0.016,0.197,g
2459850.53809,2022-09-28.0376917,bm,1.68,16.245,>16.245,99.990,-0.095,0.231,g
2459851.73081,2022-09-29.2304194,bE,1.49,16.376,>16.376,99.990,0.165,0.204,g
2459851.73212,2022-09-29.2317248,bE,1.6,16.426,>16.426,99.990,0.256,0.195,g
2459851.73342,2022-09-29.2330200,bE,1.47,16.449,>16.449,99.990,-0.029,0.191,g
2459851.88994,2022-09-29.3895386,bi,1.56,16.449,>16.449,99.990,0.092,0.191,g
2459851.89118,2022-09-29.3907863,bi,1.59,16.335,>16.335,99.990,0.339,0.212,g
2459851.89241,2022-09-29.3920232,bi,1.47,16.291,>16.291,99.990,0.164,0.221,g
2459852.46494,2022-09-29.9645505,bm,2.18,14.370,>14.370,99.990,3.440,1.298,g
2459852.46618,2022-09-29.9657894,bm,2.16,15.689,>15.689,99.990,-0.706,0.385,g
2459852.46742,2022-09-29.9670277,bm,2.16,15.063,>15.063,99.990,-0.036,0.685,g
2459853.55098,2022-10-01.0505971,bm,1.53,15.972,>15.972,99.990,-0.539,0.297,g
2459853.55222,2022-10-01.0518365,bm,1.53,15.819,>15.819,99.990,0.554,0.342,g
2459853.55347,2022-10-01.0530923,bm,1.55,15.905,>15.905,99.990,0.365,0.315,g
2459853.73090,2022-10-01.2305170,bE,1.55,16.475,>16.475,99.990,0.080,0.187,g
2459853.73221,2022-10-01.2318179,bE,1.52,16.447,>16.447,99.990,0.042,0.192,g
2459853.73351,2022-10-01.2331225,bE,1.47,16.536,>16.536,99.990,0.179,0.176,g
2459853.88709,2022-10-01.3867067,bi,1.41,16.399,>16.399,99.990,0.029,0.200,g
2459853.88833,2022-10-01.3879461,bi,1.44,16.307,>16.307,99.990,0.288,0.218,g
2459853.88958,2022-10-01.3892002,bi,1.5,16.241,>16.241,99.990,-0.120,0.232,g
2459854.72626,2022-10-02.2258851,bE,1.53,16.395,>16.395,99.990,0.157,0.201,g
2459854.72755,2022-10-02.2271783,bE,1.5,16.514,>16.514,99.990,-0.246,0.180,g
2459854.72884,2022-10-02.2284619,bE,1.51,16.541,>16.541,99.990,0.099,0.176,g
2459854.87350,2022-10-02.3731214,bE,1.49,16.494,>16.494,99.990,0.079,0.183,g
2459854.87479,2022-10-02.3744108,bE,1.54,16.500,>16.500,99.990,0.261,0.182,g
2459854.87608,2022-10-02.3757068,bE,1.5,16.477,>16.477,99.990,0.156,0.186,g
2459855.45582,2022-10-02.9554547,bm,1.98,16.285,>16.285,99.990,-0.228,0.222,g
2459855.45746,2022-10-02.9570849,bm,1.98,16.134,>16.134,99.990,0.300,0.256,g
2459855.45897,2022-10-02.9585936,bm,2.0,16.295,>16.295,99.990,-0.432,0.220,g
2459855.57926,2022-10-03.0788888,bm,1.55,16.396,>16.396,99.990,-0.105,0.201,g
2459855.58054,2022-10-03.0801751,bm,1.56,16.462,>16.462,99.990,-0.173,0.189,g
2459855.72374,2022-10-03.2233668,bE,1.48,16.433,>16.433,99.990,0.118,0.194,g
2459855.72503,2022-10-03.2246502,bE,1.53,16.399,>16.399,99.990,0.041,0.200,g
2459855.72631,2022-10-03.2259386,bE,1.49,16.437,>16.437,99.990,-0.085,0.193,g
2459856.63967,2022-10-04.1393040,bm,1.51,15.523,>15.523,99.990,-0.079,0.449,g
2459856.88967,2022-10-04.3893025,bE,1.49,16.354,>16.354,99.990,0.063,0.209,g
2459856.89096,2022-10-04.3905887,bE,1.59,16.362,>16.362,99.990,0.167,0.207,g
2459856.89227,2022-10-04.3919018,bE,1.53,16.218,>16.218,99.990,0.020,0.237,g
2459857.44932,2022-10-04.9489597,bm,1.57,16.111,>16.111,99.990,0.621,0.261,g
2459857.45057,2022-10-04.9502030,bm,1.53,15.968,>15.968,99.990,-0.301,0.298,g
2459857.45181,2022-10-04.9514446,bm,1.51,15.912,>15.912,99.990,-0.216,0.313,g
2459857.58462,2022-10-05.0842600,bm,1.48,16.321,>16.321,99.990,0.179,0.215,g
2459857.58586,2022-10-05.0855023,bm,1.55,16.308,>16.308,99.990,-0.219,0.218,g
2459857.58709,2022-10-05.0867313,bm,1.48,16.261,>16.261,99.990,0.149,0.227,g
2459858.46685,2022-10-05.9664888,bm,1.58,15.768,>15.768,99.990,0.160,0.358,g
2459858.46825,2022-10-05.9678925,bm,1.58,16.041,>16.041,99.990,-0.098,0.278,g
2459858.46957,2022-10-05.9692144,bm,1.47,15.959,>15.959,99.990,-0.196,0.300,g
2459858.72077,2022-10-06.2204196,bi,1.47,16.127,>16.127,99.990,-0.498,0.257,g
2459858.72204,2022-10-06.2216773,bi,1.43,16.132,>16.132,99.990,0.192,0.256,g
2459858.72329,2022-10-06.2229259,bi,1.43,15.949,>15.949,99.990,0.372,0.303,g
2459859.45500,2022-10-06.9546465,bm,1.7,99.990,99.990,99.990,99.990,99.990,g
2459859.45624,2022-10-06.9558871,bm,1.58,99.990,99.990,99.990,99.990,99.990,g
2459859.45749,2022-10-06.9571331,bm,1.58,99.990,99.990,99.990,99.990,99.990,g
2459859.68983,2022-10-07.1894785,bi,1.42,15.906,>15.906,99.990,-0.555,0.315,g
2459859.69108,2022-10-07.1907295,bi,1.45,15.887,>15.887,99.990,0.096,0.321,g
2459859.69232,2022-10-07.1919693,bi,1.5,15.739,>15.739,99.990,0.153,0.368,g
2459860.47130,2022-10-07.9709552,bm,1.63,15.770,>15.770,99.990,-0.131,0.357,g
2459860.47255,2022-10-07.9722005,bm,1.71,15.670,>15.670,99.990,-0.309,0.392,g
2459860.47379,2022-10-07.9734439,bm,1.64,15.706,>15.706,99.990,-0.215,0.379,g
2459860.60051,2022-10-08.1001620,bm,1.63,16.026,>16.026,99.990,-0.315,0.282,g
2459860.60176,2022-10-08.1014180,bm,1.67,15.890,>15.890,99.990,0.449,0.320,g
2459860.60301,2022-10-08.1026650,bm,1.73,15.912,>15.912,99.990,0.416,0.314,g
2459860.70191,2022-10-08.2015690,bi,1.47,16.012,>16.012,99.990,-1.076,0.286,g
2459860.70314,2022-10-08.2028039,bi,1.49,15.740,>15.740,99.990,0.475,0.367,g
2459860.70439,2022-10-08.2040472,bi,1.46,15.809,>15.809,99.990,-0.313,0.345,g
2459861.74949,2022-10-09.2491635,bE,1.53,15.885,>15.885,99.990,-0.101,0.321,g
2459861.75079,2022-10-09.2504525,bE,1.45,16.009,>16.009,99.990,0.252,0.287,g
2459861.75208,2022-10-09.2517409,bE,1.47,15.968,>15.968,99.990,-0.047,0.298,g
2459862.75189,2022-10-10.2515604,bi,1.45,15.817,>15.817,99.990,-0.281,0.342,g
2459862.75314,2022-10-10.2528009,bi,1.41,15.624,>15.624,99.990,-0.676,0.409,g
2459862.75437,2022-10-10.2540333,bi,1.48,15.772,>15.772,99.990,0.037,0.357,g
2459864.67249,2022-10-12.1721797,bi,1.48,14.205,>14.205,99.990,0.740,1.510,g
2459864.67373,2022-10-12.1734201,bi,1.46,14.487,>14.487,99.990,-1.937,1.164,g
2459864.67500,2022-10-12.1746783,bi,1.5,14.799,>14.799,99.990,0.083,0.874,g
2459864.88075,2022-10-12.3804395,bi,1.46,16.039,>16.039,99.990,0.562,0.279,g
2459864.88198,2022-10-12.3816686,bi,1.48,15.944,>15.944,99.990,-0.527,0.305,g
2459864.88322,2022-10-12.3829104,bi,1.56,15.934,>15.934,99.990,-0.071,0.307,g
2459866.43474,2022-10-13.9344339,bm,2.05,15.775,>15.775,99.990,-0.520,0.356,g
2459866.43600,2022-10-13.9356877,bm,2.05,15.763,>15.763,99.990,-0.263,0.360,g
2459866.43722,2022-10-13.9369134,bm,2.08,15.855,>15.855,99.990,-1.089,0.331,g
2459866.67733,2022-10-14.1770252,bE,1.5,16.366,>16.366,99.990,-0.088,0.206,g
2459866.67863,2022-10-14.1783232,bE,1.48,16.237,>16.237,99.990,-0.289,0.233,g
2459866.67993,2022-10-14.1796208,bE,1.46,16.305,>16.305,99.990,-0.189,0.218,g
2459867.80080,2022-10-15.3004956,bE,1.55,16.304,>16.304,99.990,-0.029,0.218,g
2459867.80208,2022-10-15.3017836,bE,1.51,16.246,>16.246,99.990,0.166,0.231,g
2459867.80337,2022-10-15.3030704,bE,1.55,16.327,>16.327,99.990,0.152,0.214,g
2459868.66506,2022-10-16.1647630,bE,1.51,16.399,>16.399,99.990,0.090,0.200,g
2459868.66635,2022-10-16.1660539,bE,1.51,16.578,>16.578,99.990,0.067,0.170,g
2459868.66764,2022-10-16.1673527,bE,1.43,16.502,>16.502,99.990,0.047,0.182,g
2459868.86777,2022-10-16.3674805,bE,1.56,16.652,>16.652,99.990,0.061,0.159,g
2459868.86907,2022-10-16.3687711,bE,1.62,16.375,>16.375,99.990,-0.023,0.205,g
2459868.87035,2022-10-16.3700543,bE,1.58,16.349,>16.349,99.990,0.522,0.210,g
2459869.69887,2022-10-17.1985940,bi,1.42,16.532,>16.532,99.990,-0.217,0.177,g
2459869.70014,2022-10-17.1998498,bi,1.44,16.341,>16.341,99.990,-0.008,0.211,g
2459869.70138,2022-10-17.2010961,bi,1.38,16.364,>16.364,99.990,-0.052,0.207,g
2459869.88016,2022-10-17.3798710,bE,1.57,16.247,>16.247,99.990,-0.118,0.230,g
2459869.88145,2022-10-17.3811673,bE,1.49,16.219,>16.219,99.990,0.054,0.236,g
2459869.88275,2022-10-17.3824613,bE,1.59,15.933,>15.933,99.990,0.737,0.308,g
2459870.47739,2022-10-17.9771164,bm,2.08,16.348,>16.348,99.990,-0.061,0.210,g
2459870.47865,2022-10-17.9783711,bm,2.07,16.310,>16.310,99.990,-0.129,0.217,g
2459870.47991,2022-10-17.9796246,bm,2.05,16.221,>16.221,99.990,-0.146,0.236,g
2459870.67612,2022-10-18.1758399,bi,1.49,16.400,>16.400,99.990,0.518,0.200,g
2459870.67738,2022-10-18.1770996,bi,1.44,16.574,>16.574,99.990,-0.018,0.170,g
2459870.67864,2022-10-18.1783577,bi,1.47,16.347,>16.347,99.990,0.181,0.210,g
2459871.41821,2022-10-18.9179314,bm,2.31,16.159,>16.159,99.990,-0.193,0.250,g
2459871.41945,2022-10-18.9191739,bm,2.33,16.037,>16.037,99.990,-0.381,0.279,g
2459871.42069,2022-10-18.9204146,bm,2.26,16.070,>16.070,99.990,0.148,0.271,g
2459871.71961,2022-10-19.2193381,bE,1.52,16.639,>16.639,99.990,0.264,0.161,g
2459871.72092,2022-10-19.2206488,bE,1.49,16.533,>16.533,99.990,0.031,0.177,g
2459871.72222,2022-10-19.2219468,bE,1.5,16.422,>16.422,99.990,0.186,0.196,g
2459872.68296,2022-10-20.1826952,bE,1.6,16.444,>16.444,99.990,-0.032,0.192,g
2459872.68424,2022-10-20.1839807,bE,1.57,16.572,>16.572,99.990,0.092,0.171,g
2459872.68553,2022-10-20.1852653,bE,1.47,16.523,>16.523,99.990,0.253,0.179,g
2459872.87407,2022-10-20.3738122,bE,1.51,16.363,>16.363,99.990,0.174,0.207,g
2459872.87538,2022-10-20.3751152,bE,1.5,16.317,>16.317,99.990,-0.037,0.216,g
2459872.87665,2022-10-20.3763865,bE,1.46,16.304,>16.304,99.990,0.234,0.219,g
2459873.62214,2022-10-21.1218858,bm,2.21,15.560,>15.560,99.990,-0.340,0.434,g
2459873.62339,2022-10-21.1231383,bm,2.24,15.385,>15.385,99.990,-0.319,0.509,g
2459874.71549,2022-10-22.2152378,bE,1.5,16.422,>16.422,99.990,0.178,0.196,g
2459874.71678,2022-10-22.2165342,bE,1.53,16.364,>16.364,99.990,0.072,0.207,g
2459874.71808,2022-10-22.2178327,bE,1.49,16.530,>16.530,99.990,0.158,0.177,g
2459876.54635,2022-10-24.0461144,bm,1.64,16.284,>16.284,99.990,0.456,0.223,g
2459876.54760,2022-10-24.0473564,bm,1.66,16.192,>16.192,99.990,-0.134,0.242,g
2459876.54883,2022-10-24.0485870,bm,1.63,16.418,>16.418,99.990,-0.063,0.197,g
2459876.70565,2022-10-24.2054100,bE,1.48,16.478,>16.478,99.990,0.092,0.186,g
2459876.70695,2022-10-24.2067085,bE,1.47,16.539,>16.539,99.990,0.317,0.176,g
2459876.70823,2022-10-24.2079936,bE,1.47,16.541,>16.541,99.990,0.038,0.176,g
2459876.86824,2022-10-24.3680043,bE,1.51,16.323,>16.323,99.990,-0.009,0.215,g
2459876.86953,2022-10-24.3692945,bE,1.5,16.502,>16.502,99.990,0.395,0.182,g
2459876.87082,2022-10-24.3705819,bE,1.46,16.346,>16.346,99.990,0.138,0.210,g
2459877.39840,2022-10-24.8981728,bm,1.58,16.439,>16.439,99.990,0.278,0.193,g
2459877.39964,2022-10-24.8994162,bm,1.44,16.293,>16.293,99.990,0.271,0.221,g
2459877.40088,2022-10-24.9006572,bm,1.51,16.350,>16.350,99.990,-0.028,0.209,g
2459877.54314,2022-10-25.0429100,bm,1.52,15.370,>15.370,99.990,-0.283,0.516,g
2459877.54438,2022-10-25.0441505,bm,1.53,15.270,>15.270,99.990,-0.345,0.567,g
2459877.54562,2022-10-25.0453924,bm,1.56,15.513,>15.513,99.990,0.522,0.453,g
2459877.67196,2022-10-25.1717341,bi,1.44,16.231,>16.231,99.990,0.051,0.234,g
2459877.67321,2022-10-25.1729829,bi,1.45,16.346,>16.346,99.990,-0.029,0.210,g
2459877.67445,2022-10-25.1742224,bi,1.44,16.374,>16.374,99.990,0.363,0.205,g
2459878.39899,2022-10-25.8987638,bm,1.56,16.073,>16.073,99.990,-0.401,0.270,g
2459878.40024,2022-10-25.9000173,bm,1.45,15.932,>15.932,99.990,0.126,0.308,g
2459878.40148,2022-10-25.9012524,bm,1.51,15.722,>15.722,99.990,-0.531,0.374,g
2459878.54419,2022-10-26.0439694,bm,1.58,16.197,>16.197,99.990,-0.072,0.241,g
2459878.54544,2022-10-26.0452145,bm,1.49,16.198,>16.198,99.990,-0.069,0.241,g
2459878.54667,2022-10-26.0464518,bm,1.56,16.261,>16.261,99.990,0.117,0.227,g
2459878.72353,2022-10-26.2233039,bE,1.54,16.475,>16.475,99.990,0.113,0.187,g
2459878.72482,2022-10-26.2246031,bE,1.56,16.486,>16.486,99.990,0.083,0.185,g
2459878.72612,2022-10-26.2258988,bE,1.55,16.541,>16.541,99.990,-0.036,0.176,g
2459879.50655,2022-10-27.0063410,bm,1.54,16.434,>16.434,99.990,0.165,0.194,g
2459879.50905,2022-10-27.0088328,bm,1.62,16.431,>16.431,99.990,-0.084,0.194,g
2459879.77362,2022-10-27.2734060,bE,1.47,16.635,>16.635,99.990,0.291,0.161,g
2459879.77491,2022-10-27.2746909,bE,1.5,16.577,>16.577,99.990,0.187,0.170,g
2459879.77619,2022-10-27.2759768,bE,1.49,16.371,>16.371,99.990,0.171,0.205,g
2459879.85644,2022-10-27.3562313,bE,1.45,16.616,>16.616,99.990,0.283,0.164,g
2459879.85774,2022-10-27.3575335,bE,1.48,16.493,>16.493,99.990,0.326,0.184,g
2459879.85904,2022-10-27.3588223,bE,1.54,16.479,>16.479,99.990,0.080,0.186,g
2459880.84067,2022-10-28.3404587,bE,1.58,16.478,>16.478,99.990,0.334,0.186,g
2459880.84197,2022-10-28.3417604,bE,1.56,16.563,>16.563,99.990,0.152,0.172,g
2459880.84325,2022-10-28.3430458,bE,1.54,16.465,>16.465,99.990,0.013,0.188,g
2459881.74528,2022-10-29.2450840,bE,1.48,16.355,>16.355,99.990,0.220,0.209,g
2459881.74656,2022-10-29.2463667,bE,1.53,16.376,>16.376,99.990,0.163,0.204,g
2459881.74786,2022-10-29.2476677,bE,1.49,16.422,>16.422,99.990,0.107,0.196,g
2459882.66008,2022-10-30.1598938,bi,1.44,16.362,>16.362,99.990,0.143,0.207,g
2459882.66132,2022-10-30.1611354,bi,1.43,16.461,>16.461,99.990,0.252,0.189,g
2459882.66256,2022-10-30.1623701,bi,1.42,16.464,>16.464,99.990,0.095,0.189,g
2459883.67235,2022-10-31.1721753,bi,1.39,16.334,>16.334,99.990,-0.200,0.213,g
2459883.67359,2022-10-31.1734125,bi,1.42,16.308,>16.308,99.990,0.193,0.218,g
2459883.67484,2022-10-31.1746652,bi,1.42,16.310,>16.310,99.990,0.244,0.217,g
2459884.75623,2022-11-01.2560587,bi,1.54,16.451,>16.451,99.990,0.101,0.191,g
2459884.75747,2022-11-01.2573020,bi,1.52,16.268,>16.268,99.990,0.150,0.226,g
2459884.75871,2022-11-01.2585437,bi,1.47,16.436,>16.436,99.990,-0.135,0.193,g
2459886.78159,2022-11-03.2814280,bi,1.39,16.449,>16.449,99.990,0.081,0.191,g
2459886.78284,2022-11-03.2826804,bi,1.44,16.429,>16.429,99.990,0.179,0.195,g
2459886.78408,2022-11-03.2839174,bi,1.49,16.394,>16.394,99.990,-0.095,0.201,g
2459887.76605,2022-11-04.2659052,bE,1.55,16.285,>16.285,99.990,0.031,0.222,g
2459887.76734,2022-11-04.2671931,bE,1.49,16.385,>16.385,99.990,0.016,0.203,g
2459887.76863,2022-11-04.2684864,bE,1.55,16.361,>16.361,99.990,0.123,0.207,g
2459888.78294,2022-11-05.2827925,bi,1.52,16.048,>16.048,99.990,-0.306,0.277,g
2459888.78418,2022-11-05.2840371,bi,1.46,16.251,>16.251,99.990,-0.464,0.229,g
2459888.78542,2022-11-05.2852814,bi,1.49,16.096,>16.096,99.990,0.482,0.265,g
2459889.79101,2022-11-06.2908707,bi,1.5,16.033,>16.033,99.990,-0.419,0.280,g
2459889.79224,2022-11-06.2921087,bi,1.57,16.047,>16.047,99.990,-0.125,0.277,g
2459889.79349,2022-11-06.2933483,bi,1.62,16.077,>16.077,99.990,-0.191,0.269,g
2459892.35461,2022-11-08.8545031,bm,1.52,15.470,>15.470,99.990,0.146,0.471,g
2459892.35586,2022-11-08.8557459,bm,1.48,15.397,>15.397,99.990,0.234,0.504,g
2459892.35711,2022-11-08.8569947,bm,1.48,15.534,>15.534,99.990,0.957,0.444,g
2459893.37605,2022-11-09.8759489,bm,1.6,15.744,>15.744,99.990,0.078,0.366,g
2459893.37729,2022-11-09.8771980,bm,1.58,15.640,>15.640,99.990,-0.195,0.403,g
2459893.37860,2022-11-09.8784939,bm,1.58,15.665,>15.665,99.990,-0.687,0.394,g
2459893.59100,2022-11-10.0909021,bi,1.47,15.671,>15.671,99.990,-0.293,0.392,g
2459893.59225,2022-11-10.0921547,bi,1.55,15.836,>15.836,99.990,-0.841,0.336,g
2459893.59350,2022-11-10.0934023,bi,1.48,16.082,>16.082,99.990,-0.456,0.268,g
2459893.62329,2022-11-10.1231881,bE,1.58,16.129,>16.129,99.990,0.016,0.257,g
2459893.62459,2022-11-10.1244854,bE,1.59,16.084,>16.084,99.990,-0.030,0.268,g
2459893.62587,2022-11-10.1257751,bE,1.57,16.071,>16.071,99.990,-0.181,0.271,g
2459893.68640,2022-11-10.1863024,bE,1.55,16.124,>16.124,99.990,0.588,0.258,g
2459893.68769,2022-11-10.1875871,bE,1.49,16.108,>16.108,99.990,0.427,0.262,g
2459893.68898,2022-11-10.1888769,bE,1.61,15.995,>15.995,99.990,-0.488,0.290,g
2459894.82658,2022-11-11.3264930,bE,1.45,99.990,99.990,99.990,99.990,99.990,g
2459894.82788,2022-11-11.3277902,bE,1.47,99.990,99.990,99.990,99.990,99.990,g
2459894.82919,2022-11-11.3291006,bE,1.44,99.990,99.990,99.990,99.990,99.990,g
2459895.39882,2022-11-11.8987305,bm,1.49,16.038,>16.038,99.990,-0.531,0.279,g
2459895.40006,2022-11-11.8999745,bm,1.48,16.196,>16.196,99.990,0.641,0.241,g
2459895.40130,2022-11-11.9012168,bm,1.57,15.968,>15.968,99.990,0.636,0.298,g
2459897.45755,2022-11-13.9574804,bm,1.46,16.171,>16.171,99.990,-0.069,0.247,g
2459897.45879,2022-11-13.9587222,bm,1.51,16.096,>16.096,99.990,0.704,0.265,g
2459897.58104,2022-11-14.0809744,bE,1.56,16.406,>16.406,99.990,0.073,0.199,g
2459897.58234,2022-11-14.0822663,bE,1.5,16.444,>16.444,99.990,0.338,0.192,g
2459897.58363,2022-11-14.0835644,bE,1.53,16.482,>16.482,99.990,0.029,0.186,g
2459897.66825,2022-11-14.1681796,bi,1.41,16.415,>16.415,99.990,-0.171,0.197,g
2459897.66949,2022-11-14.1694250,bi,1.49,16.393,>16.393,99.990,0.295,0.201,g
2459897.67073,2022-11-14.1706633,bi,1.45,16.451,>16.451,99.990,0.289,0.191,g
2459897.84759,2022-11-14.3475284,bi,1.46,16.218,>16.218,99.990,0.038,0.237,g
2459897.84884,2022-11-14.3487741,bi,1.48,16.259,>16.259,99.990,0.185,0.228,g
2459897.85009,2022-11-14.3500265,bi,1.41,16.274,>16.274,99.990,-0.234,0.225,g
2459898.34240,2022-11-14.8423471,bm,1.48,16.213,>16.213,99.990,-0.042,0.238,g
2459898.34366,2022-11-14.8435927,bm,1.48,16.316,>16.316,99.990,0.188,0.216,g
2459898.34491,2022-11-14.8448509,bm,1.47,16.288,>16.288,99.990,0.126,0.222,g
2459898.48702,2022-11-14.9869539,bm,1.52,16.054,>16.054,99.990,0.373,0.275,g
2459898.48958,2022-11-14.9895270,bm,1.46,16.119,>16.119,99.990,0.649,0.259,g
2459898.64478,2022-11-15.1447149,bE,1.53,16.619,>16.619,99.990,0.551,0.163,g
2459898.64606,2022-11-15.1460060,bE,1.49,16.456,>16.456,99.990,0.154,0.190,g
2459898.64738,2022-11-15.1473181,bE,1.52,16.543,>16.543,99.990,0.485,0.175,g
2459898.85963,2022-11-15.3595863,bi,1.39,16.124,>16.124,99.990,0.226,0.258,g
2459898.86087,2022-11-15.3608232,bi,1.44,15.992,>15.992,99.990,-0.438,0.291,g
2459898.86212,2022-11-15.3620650,bi,1.47,15.875,>15.875,99.990,-0.421,0.324,g
2459899.37237,2022-11-15.8723133,bm,1.53,16.265,>16.265,99.990,0.248,0.226,g
2459899.37361,2022-11-15.8735520,bm,1.53,16.573,>16.573,99.990,-0.199,0.171,g
2459899.37485,2022-11-15.8747938,bm,1.5,16.158,>16.158,99.990,-0.249,0.250,g
2459899.47597,2022-11-15.9759209,bm,1.54,16.271,>16.271,99.990,0.319,0.225,g
2459899.47720,2022-11-15.9771538,bm,1.57,16.280,>16.280,99.990,0.176,0.223,g
2459899.47844,2022-11-15.9783932,bm,1.51,16.386,>16.386,99.990,-0.224,0.203,g
2459899.51037,2022-11-16.0103195,bm,1.62,16.148,>16.148,99.990,0.201,0.252,g
2459899.51160,2022-11-16.0115543,bm,1.49,16.293,>16.293,99.990,-0.073,0.221,g
2459899.51284,2022-11-16.0127960,bm,1.49,16.274,>16.274,99.990,0.098,0.225,g
2459899.55989,2022-11-16.0598408,bm,1.59,16.067,>16.067,99.990,-0.096,0.272,g
2459899.56113,2022-11-16.0610815,bm,1.54,16.241,>16.241,99.990,-0.232,0.232,g
2459899.56237,2022-11-16.0623214,bm,1.56,16.126,>16.126,99.990,-0.096,0.257,g
2459899.72827,2022-11-16.2282178,bE,1.5,16.464,>16.464,99.990,0.193,0.189,g
2459899.72956,2022-11-16.2295100,bE,1.5,16.477,>16.477,99.990,0.214,0.186,g
2459899.73084,2022-11-16.2307912,bE,1.46,16.516,>16.516,99.990,0.189,0.180,g
2459900.36081,2022-11-16.8607660,bm,1.56,16.361,>16.361,99.990,0.034,0.207,g
2459900.61518,2022-11-17.1151326,bi,1.41,16.328,>16.328,99.990,0.143,0.214,g
2459900.61642,2022-11-17.1163743,bi,1.44,16.417,>16.417,99.990,0.324,0.197,g
2459900.61766,2022-11-17.1176136,bi,1.45,16.313,>16.313,99.990,-0.080,0.217,g
2459900.74441,2022-11-17.2443648,bE,1.53,16.484,>16.484,99.990,0.232,0.185,g
2459900.74569,2022-11-17.2456494,bE,1.63,16.482,>16.482,99.990,0.292,0.186,g
2459900.74699,2022-11-17.2469460,bE,1.58,16.562,>16.562,99.990,0.431,0.172,g
2459901.85795,2022-11-18.3579240,bi,1.47,16.015,>16.015,99.990,0.197,0.285,g
2459901.85919,2022-11-18.3591638,bi,1.47,16.113,>16.113,99.990,0.236,0.261,g
2459901.86043,2022-11-18.3604033,bi,1.45,15.826,>15.826,99.990,0.066,0.339,g
2459904.34891,2022-11-20.8488964,bm,1.52,16.469,>16.469,99.990,0.335,0.188,g
2459904.35015,2022-11-20.8501336,bm,1.59,16.410,>16.410,99.990,0.306,0.198,g
2459904.35139,2022-11-20.8513777,bm,1.51,16.457,>16.457,99.990,0.176,0.190,g
2459904.64431,2022-11-21.1443040,bi,1.45,16.436,>16.436,99.990,0.312,0.193,g
2459904.64555,2022-11-21.1455474,bi,1.42,16.425,>16.425,99.990,0.271,0.195,g
2459904.64680,2022-11-21.1467847,bi,1.37,16.377,>16.377,99.990,0.330,0.204,g
2459905.31622,2022-11-21.8162190,bm,1.53,14.284,>14.284,99.990,2.673,1.404,g
2459905.31747,2022-11-21.8174729,bm,1.55,13.931,>13.931,99.990,1.640,1.944,g
2459905.31873,2022-11-21.8187243,bm,1.5,99.990,99.990,99.990,99.990,99.990,g
2459905.69154,2022-11-22.1915388,bi,1.44,16.395,>16.395,99.990,-0.041,0.201,g
2459905.69279,2022-11-22.1927927,bi,1.44,16.503,>16.503,99.990,-0.103,0.182,g
2459905.69405,2022-11-22.1940451,bi,1.51,16.431,>16.431,99.990,0.368,0.194,g
2459907.56231,2022-11-24.0623359,bE,1.55,16.391,>16.391,99.990,0.218,0.202,g
2459907.56360,2022-11-24.0636143,bE,1.54,16.201,>16.201,99.990,0.192,0.240,g
2459907.56488,2022-11-24.0649002,bE,1.56,16.444,>16.444,99.990,-0.004,0.192,g
2459907.85068,2022-11-24.3507030,bi,1.47,16.308,>16.308,99.990,0.078,0.218,g
2459907.85193,2022-11-24.3519519,bi,1.46,16.285,>16.285,99.990,-0.062,0.222,g
2459907.85317,2022-11-24.3531957,bi,1.43,16.221,>16.221,99.990,0.390,0.236,g
2459908.31725,2022-11-24.8172761,bm,1.51,16.291,>16.291,99.990,0.373,0.221,g
2459908.31849,2022-11-24.8185151,bm,1.56,16.251,>16.251,99.990,0.216,0.229,g
2459908.31973,2022-11-24.8197547,bm,1.56,16.341,>16.341,99.990,0.268,0.211,g
2459908.35552,2022-11-24.8555401,bm,1.47,16.446,>16.446,99.990,0.115,0.192,g
2459908.35676,2022-11-24.8567810,bm,1.56,16.199,>16.199,99.990,-0.153,0.241,g
2459908.35799,2022-11-24.8580196,bm,1.55,16.422,>16.422,99.990,-0.071,0.196,g
2459908.52018,2022-11-25.0202056,bm,1.61,16.431,>16.431,99.990,0.294,0.194,g
2459908.52142,2022-11-25.0214415,bm,1.6,16.258,>16.258,99.990,-0.351,0.228,g
2459908.52266,2022-11-25.0226846,bm,1.6,16.398,>16.398,99.990,0.041,0.200,g
2459908.59147,2022-11-25.0914975,bE,1.49,16.465,>16.465,99.990,0.337,0.188,g
2459908.59276,2022-11-25.0927880,bE,1.54,16.567,>16.567,99.990,0.163,0.171,g
2459908.59406,2022-11-25.0940853,bE,1.48,16.521,>16.521,99.990,-0.029,0.179,g
2459909.71878,2022-11-26.2188109,bE,1.42,15.904,>15.904,99.990,-0.256,0.316,g
2459909.72006,2022-11-26.2200878,bE,1.5,15.802,>15.802,99.990,-0.430,0.347,g
2459909.72134,2022-11-26.2213768,bE,1.51,14.951,>14.951,99.990,-1.266,0.760,g
2459910.39680,2022-11-26.8968394,bm,1.61,16.292,>16.292,99.990,0.084,0.221,g
2459910.64561,2022-11-27.1456575,bi,1.66,16.351,>16.351,99.990,0.226,0.209,g
2459910.64684,2022-11-27.1468923,bi,1.66,16.421,>16.421,99.990,0.208,0.196,g
2459910.64809,2022-11-27.1481378,bi,1.64,16.491,>16.491,99.990,0.230,0.184,g
2459910.70415,2022-11-27.2041954,bE,1.49,16.560,>16.560,99.990,0.091,0.173,g
2459910.70545,2022-11-27.2054906,bE,1.49,16.515,>16.515,99.990,0.231,0.180,g
2459910.70674,2022-11-27.2067803,bE,1.49,16.439,>16.439,99.990,0.123,0.193,g
2459911.31301,2022-11-27.8130616,bm,1.59,16.304,>16.304,99.990,-0.094,0.218,g
2459911.31447,2022-11-27.8145143,bm,1.58,16.341,>16.341,99.990,-0.145,0.211,g
2459911.31574,2022-11-27.8157914,bm,1.6,16.425,>16.425,99.990,0.045,0.196,g
2459911.45947,2022-11-27.9595153,bm,1.62,16.433,>16.433,99.990,-0.239,0.194,g
2459911.46071,2022-11-27.9607619,bm,1.56,16.413,>16.413,99.990,-0.126,0.198,g
2459911.46212,2022-11-27.9621665,bm,1.58,16.380,>16.380,99.990,-0.283,0.204,g
2459911.66787,2022-11-28.1679181,bE,1.6,16.453,>16.453,99.990,0.014,0.190,g
2459911.66916,2022-11-28.1692100,bE,1.46,16.470,>16.470,99.990,0.193,0.188,g
2459911.67046,2022-11-28.1705079,bE,1.52,16.361,>16.361,99.990,0.227,0.207,g
2459912.30806,2022-11-28.8081160,bm,2.01,16.190,>16.190,99.990,0.276,0.243,g
2459912.30929,2022-11-28.8093476,bm,2.0,16.358,>16.358,99.990,0.089,0.208,g
2459912.31053,2022-11-28.8105871,bm,1.99,16.107,>16.107,99.990,-0.081,0.262,g
2459912.47394,2022-11-28.9739956,bm,1.52,16.215,>16.215,99.990,0.058,0.237,g
2459912.47517,2022-11-28.9752246,bm,1.47,15.980,>15.980,99.990,-0.229,0.295,g
2459912.47640,2022-11-28.9764594,bm,1.51,15.402,>15.402,99.990,-0.173,0.501,g
2459912.62321,2022-11-29.1232665,bE,1.51,16.445,>16.445,99.990,0.255,0.192,g
2459912.62450,2022-11-29.1245675,bE,1.62,16.451,>16.451,99.990,0.124,0.191,g
2459912.62579,2022-11-29.1258574,bE,1.49,16.393,>16.393,99.990,0.478,0.201,g
2459913.54515,2022-11-30.0452182,bE,1.56,16.304,>16.304,99.990,0.149,0.219,g
2459913.54643,2022-11-30.0464997,bE,1.51,16.382,>16.382,99.990,-0.255,0.203,g
2459913.54773,2022-11-30.0478024,bE,1.66,16.252,>16.252,99.990,0.194,0.229,g
2459914.46516,2022-11-30.9652356,bm,1.46,16.295,>16.295,99.990,0.269,0.220,g
2459914.46641,2022-11-30.9664795,bm,1.44,16.379,>16.379,99.990,-0.050,0.204,g
2459914.46764,2022-11-30.9677129,bm,1.5,16.264,>16.264,99.990,0.126,0.227,g
2459914.54839,2022-12-01.0484664,bm,1.56,16.203,>16.203,99.990,0.115,0.240,g
2459914.54963,2022-12-01.0497048,bm,1.51,16.366,>16.366,99.990,-0.001,0.206,g
2459914.56562,2022-12-01.0656974,bm,1.49,16.327,>16.327,99.990,0.110,0.214,g
2459915.32881,2022-12-01.8288880,bm,1.59,16.155,>16.155,99.990,0.081,0.251,g
2459915.33004,2022-12-01.8301192,bm,1.59,16.086,>16.086,99.990,-0.168,0.267,g
2459915.48688,2022-12-01.9869578,bm,1.57,16.318,>16.318,99.990,0.058,0.216,g
2459915.48817,2022-12-01.9882541,bm,1.55,16.163,>16.163,99.990,0.042,0.249,g
2459915.48942,2022-12-01.9894988,bm,1.52,16.258,>16.258,99.990,0.042,0.228,g
2459915.58000,2022-12-02.0800853,bm,1.59,16.261,>16.261,99.990,0.041,0.227,g
2459915.63735,2022-12-02.1374346,bE,1.5,16.384,>16.384,99.990,0.322,0.203,g
2459915.63864,2022-12-02.1387233,bE,1.43,16.532,>16.532,99.990,0.111,0.177,g
2459915.63994,2022-12-02.1400252,bE,1.57,16.358,>16.358,99.990,0.111,0.208,g
2459915.66538,2022-12-02.1654623,bE,1.59,16.348,>16.348,99.990,0.126,0.210,g
2459915.66667,2022-12-02.1667549,bE,1.47,16.402,>16.402,99.990,0.502,0.200,g
2459915.66795,2022-12-02.1680378,bE,1.53,16.266,>16.266,99.990,0.266,0.226,g
2459915.69735,2022-12-02.1974407,bE,1.54,16.364,>16.364,99.990,-0.098,0.207,g
2459915.69864,2022-12-02.1987282,bE,1.59,16.366,>16.366,99.990,0.116,0.206,g
2459915.69994,2022-12-02.2000273,bE,1.55,16.445,>16.445,99.990,-0.093,0.192,g
2459915.75734,2022-12-02.2574265,bE,1.48,16.534,>16.534,99.990,0.184,0.177,g
2459915.75862,2022-12-02.2587084,bE,1.5,16.556,>16.556,99.990,0.179,0.173,g
2459915.75990,2022-12-02.2599839,bE,1.53,16.543,>16.543,99.990,0.189,0.175,g
2459916.29357,2022-12-02.7936582,bm,1.51,15.956,>15.956,99.990,-0.059,0.301,g
2459916.29481,2022-12-02.7949001,bm,1.56,15.932,>15.932,99.990,-0.025,0.308,g
2459916.29606,2022-12-02.7961478,bm,1.54,15.912,>15.912,99.990,-0.274,0.313,g
2459916.43594,2022-12-02.9360274,bm,2.29,16.029,>16.029,99.990,-0.486,0.282,g
2459916.43719,2022-12-02.9372775,bm,2.33,15.970,>15.970,99.990,-0.278,0.297,g
2459916.43843,2022-12-02.9385217,bm,2.3,15.894,>15.894,99.990,0.288,0.319,g
2459916.64578,2022-12-03.1458702,bE,1.52,16.268,>16.268,99.990,-0.079,0.226,g
2459916.64707,2022-12-03.1471640,bE,1.46,16.318,>16.318,99.990,0.232,0.216,g
2459916.64837,2022-12-03.1484601,bE,1.48,16.325,>16.325,99.990,0.109,0.214,g
2459916.85247,2022-12-03.3525646,bi,1.49,16.281,>16.281,99.990,-0.392,0.223,g
2459916.85372,2022-12-03.3538086,bi,1.52,16.129,>16.129,99.990,-0.636,0.257,g
2459916.85496,2022-12-03.3550589,bi,1.51,15.872,>15.872,99.990,-0.420,0.325,g
2459917.62297,2022-12-04.1230829,bi,1.48,16.045,>16.045,99.990,0.263,0.277,g
2459917.62423,2022-12-04.1243318,bi,1.44,16.136,>16.136,99.990,0.244,0.255,g
2459917.62549,2022-12-04.1255910,bi,1.42,16.059,>16.059,99.990,0.090,0.274,g
2459917.83823,2022-12-04.3383324,bi,1.42,16.293,>16.293,99.990,0.131,0.221,g
2459917.83948,2022-12-04.3395849,bi,1.42,16.393,>16.393,99.990,0.079,0.201,g
2459917.84072,2022-12-04.3408280,bi,1.43,16.312,>16.312,99.990,0.132,0.217,g
2459918.61935,2022-12-05.1194592,bi,1.41,16.008,>16.008,99.990,0.380,0.287,g
2459918.62059,2022-12-05.1207001,bi,1.43,16.034,>16.034,99.990,-0.214,0.280,g
2459918.62182,2022-12-05.1219267,bi,1.56,16.015,>16.015,99.990,0.302,0.285,g
2459918.85383,2022-12-05.3539396,bi,1.44,15.977,>15.977,99.990,-0.192,0.295,g
2459918.85508,2022-12-05.3551957,bi,1.43,16.007,>16.007,99.990,-0.064,0.287,g
2459918.85633,2022-12-05.3564363,bi,1.48,15.936,>15.936,99.990,-0.336,0.307,g
2459920.27987,2022-12-06.7799896,bm,1.65,15.544,>15.544,99.990,-0.662,0.440,g
2459920.28109,2022-12-06.7812207,bm,1.51,15.532,>15.532,99.990,0.916,0.445,g
2459920.28235,2022-12-06.7824672,bm,1.66,15.525,>15.525,99.990,0.126,0.448,g
2459920.43599,2022-12-06.9361114,bm,1.63,15.652,>15.652,99.990,-0.841,0.398,g
2459920.43723,2022-12-06.9373578,bm,1.65,15.725,>15.725,99.990,-0.345,0.373,g
2459920.43847,2022-12-06.9385916,bm,1.59,15.621,>15.621,99.990,-0.134,0.410,g
2459920.51073,2022-12-07.0108511,bm,1.59,15.857,>15.857,99.990,-0.320,0.330,g
2459920.51197,2022-12-07.0120965,bm,1.62,15.687,>15.687,99.990,0.195,0.386,g
2459920.51321,2022-12-07.0133373,bm,1.58,15.749,>15.749,99.990,0.466,0.364,g
2459920.54132,2022-12-07.0414469,bm,1.57,15.702,>15.702,99.990,-0.353,0.380,g
2459920.54257,2022-12-07.0426958,bm,1.6,15.711,>15.711,99.990,-0.617,0.377,g
2459920.54380,2022-12-07.0439282,bm,1.61,15.784,>15.784,99.990,-0.498,0.353,g
2459920.70072,2022-12-07.2008422,bi,1.48,15.939,>15.939,99.990,-0.126,0.306,g
2459920.70196,2022-12-07.2020841,bi,1.51,15.930,>15.930,99.990,0.120,0.308,g
2459920.70320,2022-12-07.2033344,bi,1.46,15.944,>15.944,99.990,-0.003,0.304,g
2459921.30072,2022-12-07.8008467,bm,1.81,15.598,>15.598,99.990,0.039,0.419,g
2459921.30198,2022-12-07.8021123,bm,1.74,15.574,>15.574,99.990,-0.221,0.428,g
2459921.30329,2022-12-07.8034152,bm,1.69,15.552,>15.552,99.990,1.135,0.437,g
2459921.44357,2022-12-07.9436973,bm,1.7,15.612,>15.612,99.990,-1.159,0.413,g
2459921.44481,2022-12-07.9449393,bm,1.59,15.678,>15.678,99.990,-0.537,0.389,g
2459921.44605,2022-12-07.9461836,bm,1.55,15.523,>15.523,99.990,-0.964,0.448,g
2459921.54286,2022-12-08.0430001,bm,1.62,15.491,>15.491,99.990,-0.379,0.462,g
2459921.54411,2022-12-08.0442421,bm,1.59,15.582,>15.582,99.990,0.402,0.425,g
2459921.54535,2022-12-08.0454859,bm,1.58,15.463,>15.463,99.990,-0.138,0.474,g
2459921.84842,2022-12-08.3485562,bi,1.54,15.607,>15.607,99.990,0.342,0.415,g
2459921.84967,2022-12-08.3498122,bi,1.55,15.749,>15.749,99.990,-0.511,0.364,g
2459921.85093,2022-12-08.3510744,bi,1.48,15.798,>15.798,99.990,-0.830,0.348,g
2459922.30775,2022-12-08.8078981,bm,1.97,14.763,>14.763,99.990,0.109,0.903,g
2459922.30906,2022-12-08.8092100,bm,1.72,15.796,>15.796,99.990,-0.748,0.349,g
2459922.31032,2022-12-08.8104649,bm,1.72,15.623,>15.623,99.990,-0.501,0.409,g
2459922.36978,2022-12-08.8699282,bm,1.47,15.582,>15.582,99.990,-0.726,0.425,g
2459922.37101,2022-12-08.8711642,bm,1.57,15.618,>15.618,99.990,0.199,0.411,g
2459922.37228,2022-12-08.8724225,bm,1.48,15.677,>15.677,99.990,0.317,0.389,g
2459922.61391,2022-12-09.1140481,bE,1.53,16.002,>16.002,99.990,-0.124,0.289,g
2459922.61520,2022-12-09.1153428,bE,1.53,15.878,>15.878,99.990,0.231,0.323,g
2459922.61649,2022-12-09.1166357,bE,1.49,15.925,>15.925,99.990,0.071,0.310,g
2459922.70016,2022-12-09.2003045,bE,1.51,16.056,>16.056,99.990,-0.003,0.274,g
2459922.70145,2022-12-09.2015905,bE,1.47,16.085,>16.085,99.990,-0.267,0.267,g
2459922.70274,2022-12-09.2028819,bE,1.47,15.968,>15.968,99.990,-0.392,0.298,g
2459923.30773,2022-12-09.8078731,bm,1.54,16.027,>16.027,99.990,-0.192,0.282,g
2459923.30897,2022-12-09.8091184,bm,1.58,15.999,>15.999,99.990,-0.030,0.289,g
2459923.31021,2022-12-09.8103554,bm,1.45,16.027,>16.027,99.990,-0.213,0.282,g
2459923.45310,2022-12-09.9532446,bm,1.67,15.972,>15.972,99.990,-0.878,0.297,g
2459923.45434,2022-12-09.9544959,bm,1.63,15.867,>15.867,99.990,-0.371,0.327,g
2459923.45559,2022-12-09.9557356,bm,1.57,15.643,>15.643,99.990,0.295,0.402,g
2459923.65213,2022-12-10.1522858,bE,1.53,16.104,>16.104,99.990,0.449,0.263,g
2459923.65342,2022-12-10.1535753,bE,1.49,16.253,>16.253,99.990,-0.026,0.229,g
2459923.65472,2022-12-10.1548746,bE,1.52,16.226,>16.226,99.990,0.182,0.235,g
2459924.74013,2022-12-11.2402855,bE,1.47,16.315,>16.315,99.990,-0.107,0.216,g
2459924.74143,2022-12-11.2415858,bE,1.45,16.359,>16.359,99.990,0.168,0.208,g
2459924.74272,2022-12-11.2428784,bE,1.56,16.273,>16.273,99.990,0.635,0.225,g
2459925.77925,2022-12-12.2794231,bi,1.46,16.075,>16.075,99.990,0.260,0.270,g
2459925.78050,2022-12-12.2806673,bi,1.45,16.192,>16.192,99.990,-0.115,0.242,g
2459925.78175,2022-12-12.2819185,bi,1.41,16.080,>16.080,99.990,0.184,0.268,g
2459927.28740,2022-12-13.7875813,bm,1.48,16.180,>16.180,99.990,0.150,0.245,g
2459927.28866,2022-12-13.7888337,bm,1.51,16.153,>16.153,99.990,-0.131,0.251,g
2459927.28991,2022-12-13.7900872,bm,1.54,16.193,>16.193,99.990,-0.238,0.242,g
2459927.84734,2022-12-14.3475361,bi,1.47,16.120,>16.120,99.990,0.020,0.259,g
2459927.84859,2022-12-14.3487824,bi,1.47,16.047,>16.047,99.990,0.069,0.277,g
2459927.84985,2022-12-14.3500337,bi,1.43,16.029,>16.029,99.990,0.361,0.281,g
2459928.34874,2022-12-14.8489248,bm,1.52,16.337,>16.337,99.990,-0.106,0.212,g
2459928.34998,2022-12-14.8501667,bm,1.45,16.279,>16.279,99.990,-0.039,0.224,g
2459928.35121,2022-12-14.8513973,bm,1.48,16.244,>16.244,99.990,0.028,0.231,g
2459928.84110,2022-12-15.3412939,bE,1.52,16.411,>16.411,99.990,-0.023,0.198,g
2459928.84239,2022-12-15.3425778,bE,1.48,16.344,>16.344,99.990,0.148,0.211,g
2459928.84367,2022-12-15.3438686,bE,1.5,16.397,>16.397,99.990,0.270,0.201,g
2459930.52657,2022-12-17.0267820,bE,1.64,15.352,>15.352,99.990,0.090,0.525,g
2459930.52788,2022-12-17.0280813,bE,1.57,15.758,>15.758,99.990,-0.697,0.361,g
2459930.52916,2022-12-17.0293653,bE,1.66,15.743,>15.743,99.990,-0.555,0.366,g
2459930.67165,2022-12-17.1718594,bE,1.48,16.620,>16.620,99.990,0.158,0.163,g
2459930.67295,2022-12-17.1731548,bE,1.49,16.441,>16.441,99.990,0.340,0.193,g
2459930.67425,2022-12-17.1744603,bE,1.46,16.477,>16.477,99.990,0.264,0.186,g
2459932.28948,2022-12-18.7896936,bm,1.55,16.132,>16.132,99.990,0.024,0.256,g
2459932.29073,2022-12-18.7909437,bm,1.53,16.333,>16.333,99.990,-0.102,0.213,g
2459932.29198,2022-12-18.7921954,bm,1.49,16.230,>16.230,99.990,-0.297,0.234,g
2459933.53222,2022-12-20.0324555,bE,2.0,16.116,>16.116,99.990,-0.048,0.260,g
2459933.53352,2022-12-20.0337519,bE,2.01,16.273,>16.273,99.990,-0.159,0.225,g
2459933.53481,2022-12-20.0350418,bE,2.0,16.278,>16.278,99.990,-0.221,0.224,g
2459934.28668,2022-12-20.7869079,bm,1.56,16.047,>16.047,99.990,0.205,0.277,g
2459934.28792,2022-12-20.7881508,bm,1.46,16.019,>16.019,99.990,-0.012,0.284,g
2459934.28917,2022-12-20.7894008,bm,1.51,16.241,>16.241,99.990,-0.104,0.232,g
2459934.60288,2022-12-21.1031125,bE,1.61,16.651,>16.651,99.990,-0.186,0.159,g
2459934.60417,2022-12-21.1044100,bE,1.65,16.665,>16.665,99.990,-0.003,0.157,g
2459934.60548,2022-12-21.1057214,bE,1.69,16.549,>16.549,99.990,0.034,0.174,g
2459935.28342,2022-12-21.7836644,bm,2.05,16.035,>16.035,99.990,-0.035,0.280,g
2459935.28466,2022-12-21.7849003,bm,2.07,15.820,>15.820,99.990,-0.169,0.341,g
2459935.28589,2022-12-21.7861365,bm,2.03,15.933,>15.933,99.990,0.162,0.307,g
2459935.43088,2022-12-21.9311209,bm,1.65,16.585,>16.585,99.990,0.102,0.169,g
2459935.43212,2022-12-21.9323649,bm,1.57,16.351,>16.351,99.990,0.072,0.209,g
2459935.43337,2022-12-21.9336067,bm,1.57,16.312,>16.312,99.990,-0.305,0.217,g
2459935.56471,2022-12-22.0649494,bE,2.1,16.528,>16.528,99.990,-0.121,0.178,g
2459935.56599,2022-12-22.0662383,bE,2.1,16.536,>16.536,99.990,-0.008,0.176,g
2459935.56729,2022-12-22.0675362,bE,2.07,16.608,>16.608,99.990,-0.013,0.165,g
2459935.84781,2022-12-22.3480541,bE,1.54,16.342,>16.342,99.990,0.046,0.211,g
2459935.84909,2022-12-22.3493423,bE,1.57,16.384,>16.384,99.990,-0.090,0.203,g
2459935.85040,2022-12-22.3506484,bE,1.55,16.388,>16.388,99.990,0.052,0.202,g
2459936.35321,2022-12-22.8534577,bm,1.64,16.356,>16.356,99.990,0.249,0.208,g
2459936.35445,2022-12-22.8547020,bm,1.62,16.321,>16.321,99.990,0.066,0.215,g
2459936.35569,2022-12-22.8559415,bm,1.61,16.303,>16.303,99.990,-0.253,0.219,g
2459937.61844,2022-12-24.1186957,bE,1.58,16.402,>16.402,99.990,-0.069,0.200,g
2459937.61973,2022-12-24.1199917,bE,1.47,16.440,>16.440,99.990,0.142,0.193,g
2459937.62103,2022-12-24.1212932,bE,1.5,16.430,>16.430,99.990,0.107,0.195,g
2459937.74737,2022-12-24.2476288,bi,1.42,16.348,>16.348,99.990,-0.264,0.210,g
2459937.74862,2022-12-24.2488798,bi,1.45,16.313,>16.313,99.990,0.053,0.217,g
2459938.54555,2022-12-25.0458170,bE,1.62,16.478,>16.478,99.990,-0.146,0.186,g
2459938.54685,2022-12-25.0471133,bE,1.59,16.545,>16.545,99.990,0.027,0.175,g
2459938.54813,2022-12-25.0484084,bE,1.63,16.443,>16.443,99.990,0.021,0.192,g
2459938.70767,2022-12-25.2079416,bi,1.43,16.529,>16.529,99.990,0.012,0.178,g
2459938.70892,2022-12-25.2091875,bi,1.43,16.462,>16.462,99.990,0.110,0.189,g
2459938.71015,2022-12-25.2104244,bi,1.39,16.486,>16.486,99.990,-0.107,0.185,g
2459938.82103,2022-12-25.3213109,bE,1.52,16.624,>16.624,99.990,0.465,0.163,g
2459938.82233,2022-12-25.3226107,bE,1.44,16.449,>16.449,99.990,0.055,0.191,g
2459938.82363,2022-12-25.3239075,bE,1.5,16.423,>16.423,99.990,0.192,0.196,g
2459939.33729,2022-12-25.8375663,bm,1.49,16.184,>16.184,99.990,0.141,0.244,g
2459939.33853,2022-12-25.8387965,bm,1.6,16.476,>16.476,99.990,0.120,0.186,g
2459939.33977,2022-12-25.8400359,bm,1.54,16.295,>16.295,99.990,-0.204,0.220,g
2459940.33779,2022-12-26.8380611,bm,1.51,16.365,>16.365,99.990,0.087,0.206,g
2459940.33903,2022-12-26.8393038,bm,1.5,16.328,>16.328,99.990,0.047,0.214,g
2459940.34026,2022-12-26.8405407,bm,1.55,16.340,>16.340,99.990,-0.230,0.211,g
2459940.48093,2022-12-26.9812143,bm,1.44,16.416,>16.416,99.990,0.010,0.197,g
2459940.48218,2022-12-26.9824620,bm,1.45,16.548,>16.548,99.990,-0.304,0.175,g
2459940.48344,2022-12-26.9837177,bm,1.47,16.313,>16.313,99.990,-0.209,0.217,g
2459940.58729,2022-12-27.0875734,bE,1.57,16.561,>16.561,99.990,-0.035,0.172,g
2459940.58858,2022-12-27.0888611,bE,1.47,16.602,>16.602,99.990,0.258,0.166,g
2459940.58988,2022-12-27.0901642,bE,1.59,16.387,>16.387,99.990,0.064,0.203,g
2459940.82152,2022-12-27.3218057,bi,1.54,16.364,>16.364,99.990,0.172,0.207,g
2459940.82277,2022-12-27.3230578,bi,1.49,16.472,>16.472,99.990,0.162,0.187,g
2459940.82403,2022-12-27.3243092,bi,1.57,16.389,>16.389,99.990,0.501,0.202,g
2459941.28087,2022-12-27.7811555,bm,1.99,15.447,>15.447,99.990,0.594,0.481,g
2459941.28211,2022-12-27.7824004,bm,1.97,15.547,>15.547,99.990,0.619,0.439,g
2459941.28337,2022-12-27.7836540,bm,1.7,15.704,>15.704,99.990,-0.283,0.380,g
2459941.41495,2022-12-27.9152366,bm,1.48,16.302,>16.302,99.990,0.047,0.219,g
2459941.41620,2022-12-27.9164846,bm,1.49,16.332,>16.332,99.990,0.332,0.213,g
2459941.44035,2022-12-27.9406398,bm,1.48,16.371,>16.371,99.990,0.035,0.205,g
2459941.44160,2022-12-27.9418908,bm,1.53,16.396,>16.396,99.990,-0.180,0.201,g
2459941.44284,2022-12-27.9431267,bm,1.57,16.415,>16.415,99.990,0.169,0.197,g
2459941.54344,2022-12-28.0437321,bm,1.5,16.373,>16.373,99.990,-0.051,0.205,g
2459941.54468,2022-12-28.0449706,bm,1.48,16.315,>16.315,99.990,-0.157,0.216,g
2459941.54591,2022-12-28.0461996,bm,1.48,16.236,>16.236,99.990,0.093,0.233,g
2459942.35379,2022-12-28.8540829,bm,1.45,16.212,>16.212,99.990,-0.201,0.238,g
2459942.35503,2022-12-28.8553234,bm,1.51,16.295,>16.295,99.990,-0.263,0.220,g
2459942.35628,2022-12-28.8565711,bm,1.5,16.258,>16.258,99.990,0.101,0.228,g
2459942.38444,2022-12-28.8847329,bm,1.49,16.217,>16.217,99.990,-0.096,0.237,g
2459942.38568,2022-12-28.8859822,bm,1.56,16.300,>16.300,99.990,0.031,0.219,g
2459942.38692,2022-12-28.8872171,bm,1.5,16.172,>16.172,99.990,-0.022,0.247,g
2459942.53990,2022-12-29.0401962,bm,2.15,16.170,>16.170,99.990,-0.148,0.247,g
2459942.54113,2022-12-29.0414348,bm,2.14,16.229,>16.229,99.990,-0.224,0.234,g
2459942.54237,2022-12-29.0426710,bm,2.17,16.245,>16.245,99.990,0.176,0.231,g
2459942.79069,2022-12-29.2909814,bi,1.5,16.286,>16.286,99.990,-0.060,0.222,g
2459942.79193,2022-12-29.2922233,bi,1.42,16.304,>16.304,99.990,-0.048,0.219,g
2459942.79318,2022-12-29.2934780,bi,1.43,16.486,>16.486,99.990,-0.109,0.185,g
2459943.37330,2022-12-29.8736045,bm,2.21,16.191,>16.191,99.990,-0.012,0.242,g
2459943.37498,2022-12-29.8752810,bm,2.21,16.142,>16.142,99.990,0.018,0.254,g
2459943.40182,2022-12-29.9021247,bm,2.29,16.214,>16.214,99.990,-0.587,0.237,g
2459943.40315,2022-12-29.9034589,bm,2.31,16.248,>16.248,99.990,-0.287,0.230,g
2459943.40476,2022-12-29.9050734,bm,2.34,16.218,>16.218,99.990,-0.489,0.236,g
2459943.43095,2022-12-29.9312576,bm,2.37,16.289,>16.289,99.990,-0.244,0.222,g
2459943.43220,2022-12-29.9325008,bm,2.37,16.333,>16.333,99.990,-0.282,0.213,g
2459943.43353,2022-12-29.9338427,bm,2.34,16.280,>16.280,99.990,-0.237,0.223,g
2459943.77074,2022-12-30.2710440,bE,1.57,16.489,>16.489,99.990,0.511,0.184,g
2459943.77203,2022-12-30.2723311,bE,1.58,16.494,>16.494,99.990,0.028,0.183,g
2459943.77333,2022-12-30.2736348,bE,1.53,16.559,>16.559,99.990,-0.069,0.173,g
2459944.40481,2022-12-30.9051109,bm,1.47,16.175,>16.175,99.990,0.094,0.246,g
2459944.40605,2022-12-30.9063553,bm,1.52,16.232,>16.232,99.990,0.220,0.234,g
2459944.40729,2022-12-30.9075937,bm,1.53,16.075,>16.075,99.990,0.261,0.270,g
2459944.49584,2022-12-30.9961539,bm,1.59,16.370,>16.370,99.990,0.087,0.206,g
2459944.49707,2022-12-30.9973839,bm,1.51,16.354,>16.354,99.990,0.150,0.209,g
2459944.49830,2022-12-30.9986116,bm,1.55,16.253,>16.253,99.990,0.221,0.229,g
2459944.50351,2022-12-31.0038179,bm,1.61,16.334,>16.334,99.990,0.186,0.212,g
2459944.50474,2022-12-31.0050457,bm,1.61,16.384,>16.384,99.990,-0.273,0.203,g
2459944.50596,2022-12-31.0062747,bm,1.59,16.308,>16.308,99.990,-0.489,0.218,g
2459944.58492,2022-12-31.0852318,bm,2.01,16.295,>16.295,99.990,-0.079,0.220,g
2459944.58616,2022-12-31.0864740,bm,2.0,16.287,>16.287,99.990,-0.217,0.222,g
2459944.58741,2022-12-31.0877240,bm,2.02,16.273,>16.273,99.990,0.085,0.225,g
2459945.43044,2022-12-31.9307578,bm,1.57,16.210,>16.210,99.990,-0.118,0.238,g
2459945.43170,2022-12-31.9320155,bm,1.45,16.113,>16.113,99.990,0.038,0.260,g
2459945.43294,2022-12-31.9332608,bm,1.53,16.216,>16.216,99.990,0.183,0.237,g
2459945.63386,2023-01-01.1341717,bE,1.53,16.383,>16.383,99.990,0.128,0.203,g
2459945.63515,2023-01-01.1354715,bE,1.53,16.354,>16.354,99.990,-0.128,0.209,g
2459945.63644,2023-01-01.1367547,bE,1.48,16.313,>16.313,99.990,-0.253,0.217,g
2459945.72054,2023-01-01.2208534,bi,1.6,16.441,>16.441,99.990,0.052,0.193,g
2459945.72178,2023-01-01.2220877,bi,1.63,16.268,>16.268,99.990,0.267,0.226,g
2459945.72302,2023-01-01.2233331,bi,1.54,16.213,>16.213,99.990,-0.147,0.238,g
2459946.39261,2023-01-01.8929309,bm,2.0,15.991,>15.991,99.990,-0.066,0.291,g
2459946.39386,2023-01-01.8941753,bm,2.01,16.046,>16.046,99.990,-0.682,0.277,g
2459946.39518,2023-01-01.8954980,bm,2.01,16.042,>16.042,99.990,-0.526,0.278,g
2459946.51087,2023-01-02.0111879,bm,1.54,16.325,>16.325,99.990,0.126,0.214,g
2459946.51211,2023-01-02.0124271,bm,1.5,16.343,>16.343,99.990,0.399,0.211,g
2459946.51335,2023-01-02.0136680,bm,1.59,16.205,>16.205,99.990,0.151,0.239,g
2459946.64491,2023-01-02.1452283,bi,1.4,16.033,>16.033,99.990,-0.135,0.280,g
2459946.64616,2023-01-02.1464751,bi,1.39,16.113,>16.113,99.990,-0.158,0.261,g
2459946.64740,2023-01-02.1477217,bi,1.5,16.128,>16.128,99.990,0.346,0.257,g
2459947.31209,2023-01-02.8124162,bm,2.18,15.942,>15.942,99.990,-0.282,0.305,g
2459947.31333,2023-01-02.8136557,bm,2.17,15.950,>15.950,99.990,0.004,0.303,g
2459947.31457,2023-01-02.8148951,bm,2.15,15.903,>15.903,99.990,-0.326,0.316,g
2459947.45169,2023-01-02.9520207,bm,1.5,15.884,>15.884,99.990,-0.099,0.322,g
2459947.45293,2023-01-02.9532545,bm,1.55,15.976,>15.976,99.990,0.023,0.295,g
2459947.45419,2023-01-02.9545246,bm,1.47,15.951,>15.951,99.990,0.322,0.302,g
2459948.35172,2023-01-03.8520509,bm,1.53,16.007,>16.007,99.990,0.242,0.287,g
2459948.35296,2023-01-03.8532978,bm,1.61,15.818,>15.818,99.990,0.195,0.342,g
2459948.35420,2023-01-03.8545364,bm,1.51,15.959,>15.959,99.990,-0.128,0.300,g
2459948.59655,2023-01-04.0968913,bE,1.6,16.181,>16.181,99.990,0.195,0.245,g
2459948.59785,2023-01-04.0981843,bE,1.56,16.144,>16.144,99.990,0.075,0.253,g
2459948.59915,2023-01-04.0994815,bE,1.54,16.096,>16.096,99.990,-0.334,0.265,g
2459949.60308,2023-01-05.1034200,bi,1.5,15.822,>15.822,99.990,-0.294,0.341,g
2459949.60430,2023-01-05.1046535,bi,1.52,15.948,>15.948,99.990,0.120,0.303,g
2459949.60557,2023-01-05.1059072,bi,1.52,15.958,>15.958,99.990,-0.968,0.301,g
2459950.33902,2023-01-05.8393652,bm,2.07,15.685,>15.685,99.990,-0.248,0.387,g
2459951.28946,2023-01-06.7898143,bm,1.49,15.590,>15.590,99.990,-0.373,0.422,g
2459951.29123,2023-01-06.7915817,bm,1.52,15.613,>15.613,99.990,-0.513,0.413,g
2459951.29252,2023-01-06.7928685,bm,1.55,15.672,>15.672,99.990,-0.137,0.391,g
2459951.43422,2023-01-06.9345681,bm,2.02,15.521,>15.521,99.990,0.544,0.450,g
2459951.43546,2023-01-06.9358067,bm,2.04,15.433,>15.433,99.990,-0.703,0.487,g
2459951.43673,2023-01-06.9370863,bm,2.07,15.629,>15.629,99.990,0.171,0.407,g
2459951.53422,2023-01-07.0345700,bm,2.24,15.336,>15.336,99.990,-0.358,0.533,g
2459951.53546,2023-01-07.0358108,bm,2.23,15.690,>15.690,99.990,1.501,0.385,g
2459951.53669,2023-01-07.0370398,bm,2.26,15.322,>15.322,99.990,-0.073,0.540,g
2459951.65050,2023-01-07.1508548,bi,1.37,15.157,>15.157,99.990,-0.498,0.628,g
2459951.65174,2023-01-07.1520921,bi,1.54,14.850,>14.850,99.990,0.651,0.834,g
2459952.34516,2023-01-07.8455142,bm,1.51,15.731,>15.731,99.990,0.293,0.370,g
2459952.34641,2023-01-07.8467658,bm,1.55,15.702,>15.702,99.990,-0.067,0.380,g
2459952.34766,2023-01-07.8480157,bm,1.52,15.746,>15.746,99.990,-0.266,0.365,g
2459952.45185,2023-01-07.9522108,bm,1.6,15.606,>15.606,99.990,-0.430,0.416,g
2459952.45309,2023-01-07.9534493,bm,1.51,15.646,>15.646,99.990,0.942,0.401,g
2459952.45433,2023-01-07.9546890,bm,1.52,15.681,>15.681,99.990,-0.099,0.388,g
2459952.49007,2023-01-07.9904325,bm,1.53,15.656,>15.656,99.990,-0.544,0.397,g
2459952.49132,2023-01-07.9916848,bm,1.52,15.624,>15.624,99.990,-0.147,0.409,g
2459952.49258,2023-01-07.9929359,bm,1.5,15.644,>15.644,99.990,-0.047,0.401,g
2459952.55274,2023-01-08.0530961,bi,1.74,16.097,>16.097,99.990,-0.324,0.264,g
2459952.55399,2023-01-08.0543474,bi,1.69,16.168,>16.168,99.990,-0.118,0.248,g
2459952.55524,2023-01-08.0555940,bi,1.65,16.251,>16.251,99.990,0.319,0.229,g
2459952.57298,2023-01-08.0733380,bi,1.58,15.866,>15.866,99.990,0.206,0.327,g
2459952.57422,2023-01-08.0745725,bi,1.51,15.904,>15.904,99.990,0.144,0.316,g
2459952.57546,2023-01-08.0758145,bi,1.57,15.918,>15.918,99.990,-0.297,0.312,g
2459952.69426,2023-01-08.1946197,bi,1.45,15.809,>15.809,99.990,-0.032,0.345,g
2459952.69550,2023-01-08.1958581,bi,1.51,15.732,>15.732,99.990,0.325,0.370,g
2459952.69675,2023-01-08.1971032,bi,1.52,15.759,>15.759,99.990,-0.162,0.361,g
2459953.34877,2023-01-08.8491288,bm,1.71,15.921,>15.921,99.990,-0.071,0.311,g
2459953.35000,2023-01-08.8503590,bm,1.73,15.940,>15.940,99.990,-0.194,0.306,g
2459953.35123,2023-01-08.8515975,bm,1.68,15.976,>15.976,99.990,-0.247,0.296,g
2459953.58421,2023-01-09.0845707,bE,1.56,16.271,>16.271,99.990,-0.056,0.225,g
2459953.58550,2023-01-09.0858561,bE,1.55,16.131,>16.131,99.990,0.278,0.256,g
2459953.58678,2023-01-09.0871502,bE,1.57,16.379,>16.379,99.990,0.155,0.204,g
2459953.66404,2023-01-09.1644075,bE,1.54,16.205,>16.205,99.990,-0.080,0.239,g
2459953.66534,2023-01-09.1657067,bE,1.53,16.212,>16.212,99.990,-0.171,0.238,g
2459953.66663,2023-01-09.1669930,bE,1.58,16.085,>16.085,99.990,-0.213,0.267,g
2459954.29436,2023-01-09.7947351,bm,1.63,16.298,>16.298,99.990,-0.474,0.220,g
2459954.29561,2023-01-09.7959747,bm,1.52,16.193,>16.193,99.990,-0.178,0.242,g
2459954.29686,2023-01-09.7972215,bm,1.61,16.263,>16.263,99.990,-0.054,0.227,g
2459954.43895,2023-01-09.9393118,bm,1.47,15.841,>15.841,99.990,0.372,0.335,g
2459954.44018,2023-01-09.9405442,bm,1.45,15.909,>15.909,99.990,-0.241,0.314,g
2459954.44142,2023-01-09.9417874,bm,1.54,15.997,>15.997,99.990,-0.562,0.290,g
2459954.63803,2023-01-10.1383966,bi,1.41,16.236,>16.236,99.990,-0.361,0.233,g
2459954.63927,2023-01-10.1396373,bi,1.48,16.014,>16.014,99.990,-0.476,0.285,g
2459954.64052,2023-01-10.1408839,bi,1.48,16.020,>16.020,99.990,-0.049,0.284,g
2459955.29424,2023-01-10.7946144,bm,2.22,16.182,>16.182,99.990,-0.464,0.245,g
2459955.29551,2023-01-10.7958881,bm,2.19,16.278,>16.278,99.990,-0.786,0.224,g
2459955.29679,2023-01-10.7971618,bm,2.19,16.130,>16.130,99.990,-0.462,0.256,g
2459955.44482,2023-01-10.9451965,bm,1.63,15.816,>15.816,99.990,-0.511,0.343,g
2459955.44606,2023-01-10.9464405,bm,1.65,15.872,>15.872,99.990,0.310,0.325,g
2459955.44733,2023-01-10.9477047,bm,1.65,15.935,>15.935,99.990,-0.051,0.307,g
2459955.55063,2023-01-11.0509994,bE,1.6,16.457,>16.457,99.990,-0.042,0.190,g
2459955.55191,2023-01-11.0522881,bE,1.63,16.482,>16.482,99.990,-0.114,0.186,g
2459955.55320,2023-01-11.0535714,bE,1.62,16.595,>16.595,99.990,0.088,0.167,g
2459955.63076,2023-01-11.1311407,bE,1.54,16.454,>16.454,99.990,-0.031,0.190,g
2459955.63206,2023-01-11.1324311,bE,1.48,16.476,>16.476,99.990,0.013,0.186,g
2459955.63333,2023-01-11.1337093,bE,1.52,16.313,>16.313,99.990,-0.046,0.217,g
2459957.64451,2023-01-13.1448974,bE,1.42,16.491,>16.491,99.990,0.297,0.184,g
2459957.64581,2023-01-13.1461971,bE,1.52,16.430,>16.430,99.990,-0.091,0.195,g
2459957.64710,2023-01-13.1474847,bE,1.5,16.488,>16.488,99.990,0.242,0.184,g
2459957.71538,2023-01-13.2157650,bi,1.48,16.184,>16.184,99.990,-0.002,0.244,g
2459957.71662,2023-01-13.2170070,bi,1.45,16.187,>16.187,99.990,-0.594,0.243,g
2459957.71787,2023-01-13.2182615,bi,1.46,16.387,>16.387,99.990,0.067,0.203,g
2459958.31844,2023-01-13.8188312,bm,2.09,14.283,>14.283,99.990,0.705,1.405,g
2459958.53826,2023-01-14.0386526,bi,2.01,16.183,>16.183,99.990,-0.308,0.244,g
2459958.53950,2023-01-14.0398943,bi,1.96,16.196,>16.196,99.990,0.157,0.241,g
2459958.54074,2023-01-14.0411349,bi,1.74,16.406,>16.406,99.990,0.143,0.199,g
2459958.79269,2023-01-14.2930795,bE,1.54,16.299,>16.299,99.990,0.328,0.220,g
2459958.79399,2023-01-14.2943792,bE,1.48,16.337,>16.337,99.990,0.043,0.212,g
2459958.79529,2023-01-14.2956773,bE,1.49,16.359,>16.359,99.990,0.683,0.208,g
2459959.30334,2023-01-14.8037291,bm,2.47,16.615,>16.615,99.990,-0.188,0.164,g
2459959.30458,2023-01-14.8049714,bm,2.42,16.524,>16.524,99.990,-0.339,0.178,g
2459959.30582,2023-01-14.8062061,bm,2.45,16.579,>16.579,99.990,-0.095,0.170,g
2459959.45289,2023-01-14.9532835,bm,1.68,16.428,>16.428,99.990,0.174,0.195,g
2459959.45414,2023-01-14.9545356,bm,1.66,16.404,>16.404,99.990,-0.091,0.199,g
2459959.45538,2023-01-14.9557770,bm,1.66,16.366,>16.366,99.990,-0.103,0.206,g
2459959.50800,2023-01-15.0083915,bm,1.66,16.315,>16.315,99.990,0.071,0.216,g
2459959.50924,2023-01-15.0096335,bm,1.61,16.439,>16.439,99.990,-0.299,0.193,g
2459959.51048,2023-01-15.0108756,bm,1.55,16.362,>16.362,99.990,-0.079,0.207,g
2459959.53817,2023-01-15.0385677,bi,2.13,16.312,>16.312,99.990,0.287,0.217,g
2459959.53941,2023-01-15.0398108,bi,2.16,16.444,>16.444,99.990,0.480,0.192,g
2459959.54067,2023-01-15.0410626,bi,2.1,16.268,>16.268,99.990,-0.152,0.226,g
2459960.28041,2023-01-15.7808024,bm,2.49,15.729,>15.729,99.990,0.191,0.371,g
2459961.52989,2023-01-17.0302961,bE,2.03,15.855,>15.855,99.990,-0.556,0.331,g
2459961.53119,2023-01-17.0315929,bE,1.97,16.029,>16.029,99.990,-0.203,0.282,g
2459961.53248,2023-01-17.0328901,bE,1.98,16.086,>16.086,99.990,0.108,0.267,g
2459961.66353,2023-01-17.1639348,bi,1.45,16.364,>16.364,99.990,-0.336,0.207,g
2459961.66477,2023-01-17.1651799,bi,1.44,16.387,>16.387,99.990,0.135,0.202,g
2459961.66603,2023-01-17.1664309,bi,1.41,16.330,>16.330,99.990,0.157,0.213,g
2459962.55997,2023-01-18.0603790,bE,1.67,16.411,>16.411,99.990,-0.140,0.198,g
2459962.56126,2023-01-18.0616680,bE,1.64,16.483,>16.483,99.990,0.168,0.185,g
2459962.56255,2023-01-18.0629631,bE,1.61,16.497,>16.497,99.990,-0.061,0.183,g
2459963.76335,2023-01-19.2637701,bE,1.61,16.502,>16.502,99.990,0.025,0.182,g
2459963.76464,2023-01-19.2650652,bE,1.52,16.661,>16.661,99.990,0.132,0.157,g
2459963.76595,2023-01-19.2663685,bE,1.57,16.594,>16.594,99.990,0.032,0.167,g
2459964.78808,2023-01-20.2885008,bE,1.66,16.507,>16.507,99.990,-0.076,0.181,g
2459964.78937,2023-01-20.2897910,bE,1.59,16.541,>16.541,99.990,-0.039,0.176,g
2459966.77887,2023-01-22.2792998,bE,1.58,16.526,>16.526,99.990,0.058,0.178,g
2459966.78016,2023-01-22.2805828,bE,1.57,16.480,>16.480,99.990,-0.300,0.186,g
2459966.78144,2023-01-22.2818721,bE,1.5,16.447,>16.447,99.990,-0.224,0.192,g
2459967.51913,2023-01-23.0195604,bm,1.53,16.487,>16.487,99.990,-0.055,0.185,g
2459967.52038,2023-01-23.0208093,bm,1.57,16.381,>16.381,99.990,0.104,0.204,g
2459967.52162,2023-01-23.0220528,bm,1.53,16.403,>16.403,99.990,0.040,0.199,g
2459968.52206,2023-01-24.0224976,bm,1.5,16.318,>16.318,99.990,-0.036,0.216,g
2459968.52330,2023-01-24.0237406,bm,1.55,16.526,>16.526,99.990,0.120,0.178,g
2459968.52455,2023-01-24.0249886,bm,1.41,16.480,>16.480,99.990,-0.061,0.186,g
2459968.75969,2023-01-24.2601334,bi,1.42,16.472,>16.472,99.990,0.150,0.187,g
2459968.76094,2023-01-24.2613789,bi,1.34,16.447,>16.447,99.990,0.050,0.192,g
2459968.76218,2023-01-24.2626204,bi,1.47,16.296,>16.296,99.990,0.045,0.220,g
2459971.52366,2023-01-27.0241082,bm,1.53,16.476,>16.476,99.990,0.052,0.187,g
2459971.52491,2023-01-27.0253499,bm,1.53,16.326,>16.326,99.990,0.165,0.214,g
2459972.28505,2023-01-27.7854966,bm,2.21,16.519,>16.519,99.990,0.060,0.179,g
2459972.28640,2023-01-27.7868535,bm,2.19,16.319,>16.319,99.990,-0.255,0.216,g
2459972.28766,2023-01-27.7881074,bm,2.16,16.285,>16.285,99.990,-0.131,0.222,g
2459973.54166,2023-01-29.0421127,bE,2.07,16.435,>16.435,99.990,0.226,0.194,g
2459973.54295,2023-01-29.0434004,bE,2.11,16.364,>16.364,99.990,-0.110,0.207,g
2459973.54423,2023-01-29.0446817,bE,2.05,16.442,>16.442,99.990,-0.094,0.192,g
2459974.43141,2023-01-29.9318663,bm,2.11,16.472,>16.472,99.990,-0.094,0.187,g
2459974.43265,2023-01-29.9331072,bm,2.16,16.384,>16.384,99.990,-0.324,0.203,g
2459974.43390,2023-01-29.9343571,bm,2.11,16.421,>16.421,99.990,-0.041,0.196,g
2459974.76227,2023-01-30.2627214,bE,1.6,16.570,>16.570,99.990,0.164,0.171,g
2459975.56649,2023-01-31.0669523,bE,2.0,16.425,>16.425,99.990,-0.179,0.195,g
2459975.56778,2023-01-31.0682398,bE,1.98,16.366,>16.366,99.990,-0.162,0.206,g
2459975.56907,2023-01-31.0695236,bE,1.99,16.294,>16.294,99.990,0.267,0.221,g
2459977.36473,2023-02-01.8651956,bm,1.5,16.125,>16.125,99.990,-0.100,0.258,g
2459977.36597,2023-02-01.8664376,bm,1.49,16.106,>16.106,99.990,0.031,0.262,g
2459977.36721,2023-02-01.8676832,bm,1.57,16.148,>16.148,99.990,-0.203,0.252,g
2459977.67174,2023-02-02.1722018,bi,1.51,15.952,>15.952,99.990,-0.080,0.302,g
2459977.67298,2023-02-02.1734555,bi,1.58,15.936,>15.936,99.990,-0.142,0.307,g
2459977.67421,2023-02-02.1746843,bi,1.54,16.126,>16.126,99.990,0.294,0.258,g
2459978.50501,2023-02-03.0054750,bm,1.47,15.995,>15.995,99.990,0.272,0.290,g
2459979.47066,2023-02-03.9711309,bm,1.58,15.853,>15.853,99.990,-0.064,0.331,g
2459979.47191,2023-02-03.9723787,bm,1.5,15.922,>15.922,99.990,0.097,0.311,g
2459979.47315,2023-02-03.9736136,bm,1.52,15.816,>15.816,99.990,0.068,0.342,g
2459980.39145,2023-02-04.8919267,bm,1.58,15.866,>15.866,99.990,-0.196,0.327,g
2459980.39271,2023-02-04.8931782,bm,1.56,15.852,>15.852,99.990,0.669,0.331,g
2459980.39394,2023-02-04.8944140,bm,1.5,15.916,>15.916,99.990,0.185,0.312,g
2459980.65826,2023-02-05.1587262,bi,1.57,15.768,>15.768,99.990,0.086,0.358,g
2459980.65949,2023-02-05.1599653,bi,1.57,15.789,>15.789,99.990,-0.075,0.351,g
2459980.66074,2023-02-05.1612093,bi,1.53,15.852,>15.852,99.990,-0.835,0.331,g
2459981.71196,2023-02-06.2124311,bE,1.65,15.872,>15.872,99.990,-0.030,0.325,g
2459981.71326,2023-02-06.2137339,bE,1.67,15.775,>15.775,99.990,-0.067,0.356,g
2459981.71454,2023-02-06.2150222,bE,1.62,15.757,>15.757,99.990,-0.312,0.361,g
2459982.39332,2023-02-06.8937932,bm,1.53,15.753,>15.753,99.990,1.041,0.363,g
2459982.39456,2023-02-06.8950368,bm,1.59,15.874,>15.874,99.990,0.196,0.325,g
2459982.39580,2023-02-06.8962714,bm,1.59,15.879,>15.879,99.990,0.152,0.323,g
2459982.70327,2023-02-07.2037523,bE,2.01,15.943,>15.943,99.990,-0.097,0.305,g
2459982.70457,2023-02-07.2050471,bE,2.01,15.905,>15.905,99.990,-0.476,0.316,g
2459982.70587,2023-02-07.2063442,bE,2.02,15.920,>15.920,99.990,-0.720,0.311,g
2459983.66085,2023-02-08.1613321,bE,2.01,15.947,>15.947,99.990,-0.171,0.304,g
2459983.66215,2023-02-08.1626335,bE,2.0,16.002,>16.002,99.990,-0.462,0.289,g
2459983.66345,2023-02-08.1639291,bE,2.0,16.035,>16.035,99.990,-0.628,0.280,g
2459984.69429,2023-02-09.1947633,bi,1.53,16.004,>16.004,99.990,-0.611,0.288,g
2459984.69553,2023-02-09.1960075,bi,1.55,15.928,>15.928,99.990,0.093,0.309,g
2459984.69678,2023-02-09.1972591,bi,1.55,15.853,>15.853,99.990,-0.039,0.331,g
2459985.27917,2023-02-09.7796626,bm,1.63,16.362,>16.362,99.990,-0.226,0.207,g
2459985.28042,2023-02-09.7809070,bm,1.58,16.321,>16.321,99.990,0.153,0.215,g
2459985.28165,2023-02-09.7821432,bm,1.53,16.524,>16.524,99.990,0.046,0.178,g
2459985.72417,2023-02-10.2246491,bE,2.13,16.183,>16.183,99.990,0.233,0.244,g
2459985.72545,2023-02-10.2259378,bE,2.12,16.125,>16.125,99.990,0.113,0.258,g
2459985.72677,2023-02-10.2272461,bE,2.12,16.126,>16.126,99.990,-0.022,0.257,g
2459986.72494,2023-02-11.2254281,bE,1.73,16.079,>16.079,99.990,0.153,0.269,g
2459986.72625,2023-02-11.2267263,bE,1.68,16.082,>16.082,99.990,-0.556,0.268,g
2459986.72754,2023-02-11.2280217,bE,1.73,16.115,>16.115,99.990,0.410,0.260,g
2459987.70518,2023-02-12.2056578,bE,1.99,16.363,>16.363,99.990,0.243,0.207,g
2459987.70647,2023-02-12.2069464,bE,1.99,16.142,>16.142,99.990,-0.067,0.254,g
2459987.70776,2023-02-12.2082457,bE,1.98,16.176,>16.176,99.990,-0.642,0.246,g
2459988.34132,2023-02-12.8417980,bm,1.52,16.371,>16.371,99.990,0.112,0.206,g
2459988.34256,2023-02-12.8430444,bm,1.59,16.482,>16.482,99.990,0.254,0.185,g
2459988.34380,2023-02-12.8442831,bm,1.6,16.549,>16.549,99.990,0.066,0.174,g
2459988.36400,2023-02-12.8644804,bm,1.53,16.382,>16.382,99.990,0.004,0.203,g
2459988.36524,2023-02-12.8657256,bm,1.61,16.446,>16.446,99.990,0.235,0.192,g
2459988.36648,2023-02-12.8669630,bm,1.52,16.470,>16.470,99.990,-0.006,0.187,g
2459988.64934,2023-02-13.1498184,bi,1.5,16.409,>16.409,99.990,-0.183,0.198,g
2459988.65057,2023-02-13.1510471,bi,1.47,16.433,>16.433,99.990,0.195,0.194,g
2459988.65182,2023-02-13.1523013,bi,1.48,16.439,>16.439,99.990,-0.189,0.193,g
2459990.28696,2023-02-14.7874399,bm,2.08,16.564,>16.564,99.990,-0.166,0.172,g
2459990.28820,2023-02-14.7886787,bm,2.06,16.696,>16.696,99.990,-0.058,0.152,g
2459990.28944,2023-02-14.7899261,bm,2.03,16.429,>16.429,99.990,0.005,0.195,g
2459990.44266,2023-02-14.9431420,bm,1.52,16.422,>16.422,99.990,0.445,0.196,g
2459990.44388,2023-02-14.9443709,bm,1.57,16.356,>16.356,99.990,-0.322,0.208,g
2459990.44513,2023-02-14.9456123,bm,1.49,16.451,>16.451,99.990,0.183,0.191,g
2459990.67491,2023-02-15.1753923,bi,1.52,16.379,>16.379,99.990,-0.210,0.204,g
2459990.67615,2023-02-15.1766386,bi,1.46,16.374,>16.374,99.990,0.168,0.205,g
2459990.67741,2023-02-15.1778908,bi,1.5,16.532,>16.532,99.990,-0.088,0.177,g
2459992.55324,2023-02-17.0537204,bi,1.59,16.409,>16.409,99.990,0.052,0.198,g
2459992.55448,2023-02-17.0549616,bi,1.57,16.335,>16.335,99.990,0.194,0.212,g
2459994.26756,2023-02-18.7680394,bm,1.53,16.288,>16.288,99.990,0.126,0.222,g
2459994.26893,2023-02-18.7694123,bm,1.65,16.302,>16.302,99.990,0.115,0.219,g
2459994.27039,2023-02-18.7708689,bm,1.51,16.459,>16.459,99.990,-0.073,0.189,g
2459995.60698,2023-02-20.1074702,bi,1.55,16.229,>16.229,99.990,0.056,0.234,g
2459995.60822,2023-02-20.1087166,bi,1.47,16.333,>16.333,99.990,0.027,0.213,g
2459995.60948,2023-02-20.1099628,bi,1.48,16.318,>16.318,99.990,0.128,0.216,g
2459996.70100,2023-02-21.2014973,bE,1.61,16.395,>16.395,99.990,0.189,0.201,g
2459996.70230,2023-02-21.2027938,bE,1.61,16.397,>16.397,99.990,-0.073,0.201,g
2459997.58264,2023-02-22.0831281,bi,1.53,16.372,>16.372,99.990,0.208,0.205,g
2459997.58388,2023-02-22.0843653,bi,1.46,16.268,>16.268,99.990,0.255,0.226,g
2459997.58513,2023-02-22.0856165,bi,1.45,16.271,>16.271,99.990,-0.049,0.225,g
2459998.41349,2023-02-22.9139771,bm,1.52,16.453,>16.453,99.990,0.023,0.191,g
2459998.41473,2023-02-22.9152187,bm,1.52,16.533,>16.533,99.990,-0.061,0.177,g
2459998.41599,2023-02-22.9164711,bm,1.63,16.488,>16.488,99.990,0.084,0.185,g
2459998.69630,2023-02-23.1967934,bE,1.55,16.464,>16.464,99.990,-0.131,0.189,g
2459999.44738,2023-02-23.9478589,bm,1.53,16.432,>16.432,99.990,0.032,0.194,g
2460000.41559,2023-02-24.9160694,bm,1.53,16.480,>16.480,99.990,-0.360,0.186,g
2460000.41684,2023-02-24.9173254,bm,1.55,16.370,>16.370,99.990,0.126,0.206,g
2460000.41808,2023-02-24.9185640,bm,1.58,16.550,>16.550,99.990,-0.012,0.174,g
2460001.37784,2023-02-25.8783243,bm,1.58,16.660,>16.660,99.990,-0.139,0.157,g
2460001.37908,2023-02-25.8795623,bm,1.55,16.345,>16.345,99.990,-0.059,0.210,g
2460001.38033,2023-02-25.8808081,bm,1.55,16.502,>16.502,99.990,-0.153,0.182,g
2460001.43127,2023-02-25.9317471,bm,2.0,16.652,>16.652,99.990,0.010,0.159,g
2460001.43252,2023-02-25.9330027,bm,1.62,16.472,>16.472,99.990,-0.154,0.187,g
2460001.43376,2023-02-25.9342387,bm,1.59,16.496,>16.496,99.990,0.094,0.183,g
2460002.41274,2023-02-26.9132196,bm,1.53,16.611,>16.611,99.990,0.052,0.165,g
2460002.41398,2023-02-26.9144582,bm,1.57,16.457,>16.457,99.990,-0.120,0.190,g
2460002.41523,2023-02-26.9157096,bm,1.64,16.544,>16.544,99.990,-0.208,0.175,g
2460002.43950,2023-02-26.9399780,bm,1.44,16.353,>16.353,99.990,-0.157,0.209,g
2460003.37317,2023-02-27.8736474,bm,1.54,16.285,>16.285,99.990,0.112,0.222,g
2460003.37441,2023-02-27.8748930,bm,1.55,16.437,>16.437,99.990,0.045,0.193,g
2460003.37565,2023-02-27.8761291,bm,1.53,16.340,>16.340,99.990,-0.157,0.211,g
2460006.65066,2023-03-03.1511440,bE,1.7,16.451,>16.451,99.990,-0.246,0.191,g
2460006.65196,2023-03-03.1524407,bE,1.66,16.063,>16.063,99.990,-0.290,0.273,g
2460006.65325,2023-03-03.1537337,bE,1.56,16.261,>16.261,99.990,0.111,0.227,g
2460007.63711,2023-03-04.1375854,bE,1.64,16.152,>16.152,99.990,0.301,0.251,g
2460007.63840,2023-03-04.1388785,bE,1.65,16.268,>16.268,99.990,0.558,0.226,g
2460007.63969,2023-03-04.1401684,bE,1.55,16.243,>16.243,99.990,-0.165,0.231,g
2460009.65825,2023-03-06.1587228,bE,1.63,15.960,>15.960,99.990,-0.200,0.300,g
2460009.65954,2023-03-06.1600138,bE,1.61,15.831,>15.831,99.990,-0.597,0.338,g
2460009.66083,2023-03-06.1612978,bE,1.7,15.830,>15.830,99.990,-0.055,0.338,g
2460010.64831,2023-03-07.1487755,bE,1.53,15.894,>15.894,99.990,-0.026,0.319,g
2460010.64959,2023-03-07.1500587,bE,1.52,15.888,>15.888,99.990,-0.043,0.321,g
2460010.65088,2023-03-07.1513454,bE,1.51,15.708,>15.708,99.990,-0.459,0.378,g
2460012.64272,2023-03-09.1431820,bE,1.59,16.097,>16.097,99.990,-0.131,0.264,g
2460012.64402,2023-03-09.1444810,bE,1.62,15.856,>15.856,99.990,0.404,0.330,g
2460012.64532,2023-03-09.1457807,bE,1.65,15.932,>15.932,99.990,0.065,0.308,g
2460013.29387,2023-03-09.7943354,bm,1.59,16.365,>16.365,99.990,-0.006,0.207,g
2460013.29511,2023-03-09.7955665,bm,1.53,16.102,>16.102,99.990,0.256,0.263,g
2460013.29639,2023-03-09.7968502,bm,1.55,16.246,>16.246,99.990,-0.174,0.231,g
2460014.39653,2023-03-10.8970021,bm,1.56,16.053,>16.053,99.990,-0.495,0.275,g
2460014.39783,2023-03-10.8982982,bm,1.59,15.951,>15.951,99.990,0.143,0.302,g
2460014.39908,2023-03-10.8995483,bm,1.56,16.129,>16.129,99.990,-0.228,0.257,g
2460014.64811,2023-03-11.1485638,bE,1.6,16.068,>16.068,99.990,-0.103,0.271,g
2460014.64939,2023-03-11.1498461,bE,1.46,16.163,>16.163,99.990,-0.177,0.249,g
2460014.65067,2023-03-11.1511365,bE,1.51,16.173,>16.173,99.990,-0.223,0.247,g
2460015.27672,2023-03-11.7771743,bm,1.58,16.580,>16.580,99.990,0.004,0.170,g
2460015.27796,2023-03-11.7784162,bm,1.49,16.550,>16.550,99.990,-0.124,0.174,g
2460015.27921,2023-03-11.7796674,bm,1.5,16.553,>16.553,99.990,-0.084,0.174,g
2460015.52769,2023-03-12.0281510,bE,2.18,16.463,>16.463,99.990,-0.045,0.189,g
2460015.52898,2023-03-12.0294412,bE,2.15,16.522,>16.522,99.990,-0.194,0.179,g
2460015.53029,2023-03-12.0307484,bE,2.12,16.519,>16.519,99.990,-0.391,0.179,g
2460016.24178,2023-03-12.7422432,bm,1.95,15.715,>15.715,99.990,-0.405,0.376,g
2460016.24302,2023-03-12.7434851,bm,1.76,15.905,>15.905,99.990,-0.403,0.315,g
2460016.24426,2023-03-12.7447224,bm,1.66,16.061,>16.061,99.990,-0.189,0.273,g
2460016.33082,2023-03-12.8312702,bm,1.49,16.521,>16.521,99.990,-0.295,0.179,g
2460016.33211,2023-03-12.8325685,bm,1.52,16.404,>16.404,99.990,0.155,0.199,g
2460016.33335,2023-03-12.8338162,bm,1.54,16.448,>16.448,99.990,0.325,0.191,g
2460016.56718,2023-03-13.0676305,bi,1.47,16.405,>16.405,99.990,0.221,0.199,g
2460016.56842,2023-03-13.0688688,bi,1.46,16.378,>16.378,99.990,-0.083,0.204,g
2460016.56965,2023-03-13.0701033,bi,1.36,16.396,>16.396,99.990,0.005,0.201,g
2460017.25989,2023-03-13.7603489,bm,2.03,16.420,>16.420,99.990,-0.098,0.196,g
2460017.26152,2023-03-13.7619846,bm,2.03,16.479,>16.479,99.990,-0.013,0.186,g
2460017.26310,2023-03-13.7635564,bm,2.03,16.523,>16.523,99.990,0.125,0.179,g
2460017.50905,2023-03-14.0095,bi,1.61,16.342,>16.342,99.990,0.016,0.211,g
2460017.51029,2023-03-14.0107396,bi,1.56,16.320,>16.320,99.990,0.101,0.215,g
2460017.51154,2023-03-14.0119842,bi,1.6,16.395,>16.395,99.990,0.318,0.201,g
2460017.56639,2023-03-14.0668362,bi,1.53,16.310,>16.310,99.990,-0.187,0.217,g
2460017.56763,2023-03-14.0680732,bi,1.46,16.293,>16.293,99.990,0.072,0.221,g
2460017.56887,2023-03-14.0693152,bi,1.43,16.443,>16.443,99.990,0.020,0.192,g
2460017.63608,2023-03-14.1365320,bE,1.64,16.427,>16.427,99.990,0.268,0.195,g
2460017.63737,2023-03-14.1378165,bE,1.58,16.618,>16.618,99.990,0.138,0.164,g
2460017.63866,2023-03-14.1391083,bE,1.59,16.351,>16.351,99.990,-0.077,0.209,g
2460018.55374,2023-03-15.0541890,bi,1.52,16.300,>16.300,99.990,0.170,0.219,g
2460018.55497,2023-03-15.0554271,bi,1.49,16.463,>16.463,99.990,-0.040,0.189,g
2460018.55621,2023-03-15.0566656,bi,1.44,16.310,>16.310,99.990,-0.059,0.217,g
2460018.58029,2023-03-15.0807346,bE,1.65,16.438,>16.438,99.990,0.113,0.193,g
2460018.58158,2023-03-15.0820261,bE,1.66,16.540,>16.540,99.990,-0.186,0.176,g
2460018.58287,2023-03-15.0833146,bE,1.7,16.530,>16.530,99.990,0.092,0.177,g
2460019.24986,2023-03-15.7503135,bm,2.03,16.308,>16.308,99.990,0.037,0.218,g
2460019.25116,2023-03-15.7516081,bm,1.98,15.729,>15.729,99.990,-0.216,0.371,g
2460019.63034,2023-03-16.1307873,bE,1.64,16.528,>16.528,99.990,0.105,0.178,g
2460019.63163,2023-03-16.1320783,bE,1.56,16.512,>16.512,99.990,0.083,0.180,g
2460019.63292,2023-03-16.1333613,bE,1.66,16.513,>16.513,99.990,-0.139,0.180,g
2460020.63617,2023-03-17.1366175,bE,1.5,16.413,>16.413,99.990,-0.142,0.198,g
2460021.24727,2023-03-17.7477135,bm,1.59,16.502,>16.502,99.990,0.037,0.182,g
2460021.56238,2023-03-18.0628103,bi,1.48,16.284,>16.284,99.990,0.098,0.223,g
2460021.56486,2023-03-18.0652950,bi,1.46,16.403,>16.403,99.990,0.256,0.199,g
2460022.25224,2023-03-18.7526751,bm,1.57,14.275,>14.275,99.990,-0.737,1.416,g
2460022.25349,2023-03-18.7539189,bm,1.49,15.506,>15.506,99.990,0.399,0.456,g
2460022.25471,2023-03-18.7551489,bm,1.52,15.290,>15.290,99.990,-0.093,0.556,g
2460022.61356,2023-03-19.1139890,bE,1.69,16.503,>16.503,99.990,0.055,0.182,g
2460022.61482,2023-03-19.1152578,bE,1.71,16.433,>16.433,99.990,-0.166,0.194,g
2460022.61613,2023-03-19.1165579,bE,1.72,16.523,>16.523,99.990,-0.045,0.179,g
2460025.28196,2023-03-21.7823804,bm,1.53,16.537,>16.537,99.990,-0.148,0.176,g
2460025.28342,2023-03-21.7838388,bm,1.52,16.434,>16.434,99.990,-0.056,0.194,g
2460025.28488,2023-03-21.7853019,bm,1.54,16.492,>16.492,99.990,0.221,0.184,g
2460025.62064,2023-03-22.1210564,bE,1.59,16.397,>16.397,99.990,-0.073,0.201,g
2460025.62191,2023-03-22.1223325,bE,1.56,16.534,>16.534,99.990,-0.209,0.177,g
2460025.62320,2023-03-22.1236232,bE,1.54,16.377,>16.377,99.990,0.007,0.204,g
2460026.61505,2023-03-23.1154679,bE,2.09,16.500,>16.500,99.990,-0.027,0.182,g
2460026.61635,2023-03-23.1167657,bE,2.1,16.532,>16.532,99.990,-0.250,0.177,g
2460026.61764,2023-03-23.1180553,bE,2.09,16.606,>16.606,99.990,-0.189,0.165,g
2460028.57656,2023-03-25.0769625,bi,1.99,16.268,>16.268,99.990,0.138,0.226,g
2460028.57780,2023-03-25.0782054,bi,2.01,16.312,>16.312,99.990,-0.272,0.217,g
2460028.57904,2023-03-25.0794450,bi,1.61,16.322,>16.322,99.990,-0.386,0.215,g
2460030.56990,2023-03-27.0702956,bE,1.61,16.364,>16.364,99.990,0.134,0.207,g
2460030.57119,2023-03-27.0715850,bE,1.63,16.484,>16.484,99.990,-0.078,0.185,g
2460030.57250,2023-03-27.0728942,bE,1.65,16.444,>16.444,99.990,0.014,0.192,g
2460031.31870,2023-03-27.8190966,bm,1.59,16.297,>16.297,99.990,0.029,0.220,g
2460031.32001,2023-03-27.8204119,bm,1.59,16.430,>16.430,99.990,0.106,0.194,g
2460031.32129,2023-03-27.8216938,bm,1.61,16.366,>16.366,99.990,-0.192,0.206,g
2460031.34843,2023-03-27.8488190,bm,1.64,16.518,>16.518,99.990,-0.205,0.179,g
2460031.34988,2023-03-27.8502766,bm,1.62,16.613,>16.613,99.990,-0.157,0.164,g
2460031.35134,2023-03-27.8517340,bm,1.63,16.378,>16.378,99.990,0.096,0.204,g
2460032.57179,2023-03-29.0721793,bE,2.03,16.458,>16.458,99.990,-0.272,0.190,g
2460032.57307,2023-03-29.0734534,bE,2.01,16.386,>16.386,99.990,-0.154,0.203,g
2460032.57436,2023-03-29.0747402,bE,2.02,16.325,>16.325,99.990,-0.460,0.214,g
2460033.52594,2023-03-30.0263253,bi,2.13,16.355,>16.355,99.990,0.488,0.208,g
2460033.52718,2023-03-30.0275673,bi,2.14,16.241,>16.241,99.990,-0.025,0.232,g
2460033.52842,2023-03-30.0288103,bi,2.11,16.359,>16.359,99.990,-0.067,0.208,g
2460033.59049,2023-03-30.0908721,bi,2.03,16.050,>16.050,99.990,-0.044,0.276,g
2460034.56833,2023-03-31.0687028,bE,2.45,16.354,>16.354,99.990,0.028,0.209,g
2460034.56961,2023-03-31.0699914,bE,2.46,16.381,>16.381,99.990,-0.366,0.204,g
2460034.57092,2023-03-31.0712939,bE,2.46,16.276,>16.276,99.990,-0.150,0.224,g
2460035.31762,2023-03-31.8179932,bm,1.62,16.143,>16.143,99.990,-0.197,0.254,g
2460035.31887,2023-03-31.8192398,bm,1.61,16.161,>16.161,99.990,-0.118,0.249,g
2460035.32011,2023-03-31.8204850,bm,1.56,16.222,>16.222,99.990,-0.206,0.236,g
2460036.58558,2023-04-02.0859437,bE,1.69,16.141,>16.141,99.990,-0.258,0.254,g
2460036.58685,2023-04-02.0872135,bE,1.63,16.234,>16.234,99.990,0.135,0.233,g
2460036.58812,2023-04-02.0884842,bE,1.68,16.171,>16.171,99.990,-0.044,0.247,g
2460037.56415,2023-04-03.0645075,bE,1.52,16.143,>16.143,99.990,0.202,0.253,g
2460037.56545,2023-04-03.0658074,bE,1.57,16.176,>16.176,99.990,0.059,0.246,g
2460037.56674,2023-04-03.0670953,bE,1.58,16.263,>16.263,99.990,-0.332,0.227,g
2460038.57863,2023-04-04.0789881,bE,1.51,14.577,>14.577,99.990,0.096,1.072,g
2460038.57993,2023-04-04.0802804,bE,1.53,14.678,>14.678,99.990,-1.282,0.977,g
2460038.58123,2023-04-04.0815785,bE,1.44,14.783,>14.783,99.990,-1.962,0.887,g
2460039.32118,2023-04-04.8215273,bm,1.58,15.754,>15.754,99.990,0.537,0.363,g
2460039.32243,2023-04-04.822775,bm,1.55,15.700,>15.700,99.990,-0.975,0.381,g
2460039.32367,2023-04-04.8240237,bm,1.57,15.799,>15.799,99.990,0.266,0.348,g
2460040.29043,2023-04-05.7907714,bm,1.59,15.736,>15.736,99.990,-1.069,0.369,g
2460040.29170,2023-04-05.7920457,bm,1.52,15.769,>15.769,99.990,-0.400,0.358,g
2460040.29294,2023-04-05.7932829,bm,1.58,15.926,>15.926,99.990,-1.534,0.310,g
2460040.58157,2023-04-06.0819127,bE,1.5,15.654,>15.654,99.990,0.221,0.398,g
2460040.58285,2023-04-06.0831943,bE,2.38,15.278,>15.278,99.990,-0.044,0.562,g
2460041.23844,2023-04-06.7387723,bm,1.55,16.032,>16.032,99.990,0.021,0.281,g
2460041.23966,2023-04-06.7399991,bm,1.51,15.905,>15.905,99.990,0.045,0.316,g
2460041.24100,2023-04-06.7413322,bm,1.57,15.979,>15.979,99.990,-0.956,0.295,g
2460041.32757,2023-04-06.8279092,bm,1.55,15.703,>15.703,99.990,-0.394,0.380,g
2460041.32882,2023-04-06.8291512,bm,1.55,15.693,>15.693,99.990,-0.795,0.384,g
2460041.33004,2023-04-06.8303789,bm,1.48,15.653,>15.653,99.990,-0.253,0.398,g
2460042.57539,2023-04-08.0757241,bE,1.54,15.956,>15.956,99.990,-0.508,0.301,g
2460042.57670,2023-04-08.0770331,bE,1.61,16.072,>16.072,99.990,0.190,0.271,g
2460043.32156,2023-04-08.8218855,bm,2.18,15.788,>15.788,99.990,-0.341,0.351,g
2460043.32290,2023-04-08.8232195,bm,2.17,15.867,>15.867,99.990,-0.838,0.327,g
2460043.32416,2023-04-08.8244827,bm,2.17,15.932,>15.932,99.990,-0.495,0.308,g
2460043.56900,2023-04-09.0693179,bE,1.52,16.094,>16.094,99.990,-0.640,0.265,g
2460043.57028,2023-04-09.0706033,bE,1.49,16.076,>16.076,99.990,-0.421,0.270,g
2460043.57158,2023-04-09.0719057,bE,1.56,16.077,>16.077,99.990,0.073,0.269,g
2460044.28421,2023-04-09.7845303,bm,2.08,16.261,>16.261,99.990,-0.051,0.227,g
2460044.28545,2023-04-09.7857723,bm,2.05,16.325,>16.325,99.990,-0.400,0.214,g
2460044.28669,2023-04-09.7870163,bm,2.09,16.161,>16.161,99.990,-0.337,0.249,g
2460044.31587,2023-04-09.8161835,bm,2.27,15.964,>15.964,99.990,-0.006,0.299,g
2460044.31711,2023-04-09.8174250,bm,2.27,15.945,>15.945,99.990,0.149,0.304,g
2460044.31836,2023-04-09.8186755,bm,2.36,16.070,>16.070,99.990,-0.222,0.271,g
2460045.27370,2023-04-10.7740083,bm,2.23,16.587,>16.587,99.990,-0.268,0.168,g
2460045.27495,2023-04-10.7752621,bm,2.23,16.474,>16.474,99.990,-0.158,0.187,g
2460045.27618,2023-04-10.7764960,bm,2.25,16.560,>16.560,99.990,-0.156,0.173,g
2460045.53153,2023-04-11.0318395,bE,1.47,16.402,>16.402,99.990,0.183,0.200,g
2460045.53283,2023-04-11.0331410,bE,1.55,16.530,>16.530,99.990,0.086,0.177,g
2460045.53411,2023-04-11.0344221,bE,1.6,16.467,>16.467,99.990,0.069,0.188,g
2460046.56161,2023-04-12.0619170,bE,1.5,16.517,>16.517,99.990,0.014,0.180,g
2460046.56291,2023-04-12.0632125,bE,1.49,16.544,>16.544,99.990,-0.068,0.175,g
2460046.56420,2023-04-12.0645033,bE,1.48,16.553,>16.553,99.990,-0.232,0.174,g
2460048.22670,2023-04-13.7269886,bm,1.52,16.087,>16.087,99.990,-0.073,0.267,g
2460048.22797,2023-04-13.7282655,bm,2.29,16.360,>16.360,99.990,0.107,0.208,g
2460048.22920,2023-04-13.7294937,bm,1.56,16.631,>16.631,99.990,-0.039,0.162,g
2460049.52072,2023-04-15.0210106,bi,1.42,16.275,>16.275,99.990,-0.122,0.225,g
2460049.52196,2023-04-15.0222539,bi,1.48,16.296,>16.296,99.990,-0.299,0.220,g
2460049.52321,2023-04-15.0234996,bi,1.46,16.278,>16.278,99.990,-0.150,0.224,g
2460050.52085,2023-04-16.0211435,bE,1.52,16.526,>16.526,99.990,0.073,0.178,g
2460050.52213,2023-04-16.0224160,bE,1.47,16.402,>16.402,99.990,-0.279,0.200,g
2460050.52342,2023-04-16.0237055,bE,1.55,16.470,>16.470,99.990,-0.158,0.188,g
2460051.23114,2023-04-16.7314171,bm,1.6,16.484,>16.484,99.990,0.066,0.185,g
2460051.23238,2023-04-16.7326541,bm,1.52,16.415,>16.415,99.990,-0.015,0.197,g
2460051.23375,2023-04-16.7340219,bm,1.56,16.467,>16.467,99.990,0.001,0.188,g
2460052.26559,2023-04-17.7658553,bm,1.57,16.514,>16.514,99.990,0.038,0.180,g
2460052.26684,2023-04-17.7671081,bm,1.48,16.516,>16.516,99.990,-0.087,0.180,g
2460052.26812,2023-04-17.7683890,bm,1.5,16.626,>16.626,99.990,0.181,0.162,g
2460053.51627,2023-04-19.0165287,bE,1.51,16.349,>16.349,99.990,0.053,0.210,g
2460053.51757,2023-04-19.0178310,bE,1.55,16.365,>16.365,99.990,-0.147,0.207,g
2460053.51886,2023-04-19.0191173,bE,1.51,16.507,>16.507,99.990,-0.019,0.181,g
2460056.49893,2023-04-21.9991658,bE,1.58,16.450,>16.450,99.990,-0.137,0.191,g
2460056.50022,2023-04-22.0004608,bE,1.52,16.611,>16.611,99.990,-0.090,0.165,g
2460056.50152,2023-04-22.0017556,bE,1.54,16.490,>16.490,99.990,0.007,0.184,g
2460057.53282,2023-04-23.0330498,bE,1.5,16.414,>16.414,99.990,-0.142,0.197,g
2460057.53412,2023-04-23.0343430,bE,1.54,16.430,>16.430,99.990,0.029,0.195,g
2460057.53541,2023-04-23.0356400,bE,1.51,16.367,>16.367,99.990,0.076,0.206,g
2460059.48751,2023-04-24.9877209,bi,1.45,16.372,>16.372,99.990,0.021,0.205,g
2460059.48874,2023-04-24.9889582,bi,1.44,16.568,>16.568,99.990,-0.032,0.171,g
2460059.48999,2023-04-24.9902026,bi,1.47,16.408,>16.408,99.990,-0.075,0.198,g
2460059.52929,2023-04-25.0295012,bE,1.45,16.664,>16.664,99.990,0.049,0.157,g
2460059.53056,2023-04-25.0307774,bE,1.51,16.417,>16.417,99.990,0.075,0.197,g
2460060.49061,2023-04-25.9908186,bi,1.44,16.249,>16.249,99.990,-0.210,0.230,g
2460060.49186,2023-04-25.9920697,bi,1.42,16.330,>16.330,99.990,-0.257,0.213,g
2460060.49311,2023-04-25.9933247,bi,1.44,16.208,>16.208,99.990,0.089,0.239,g
2460061.51519,2023-04-27.0153887,bE,1.48,16.628,>16.628,99.990,0.016,0.162,g
2460061.51649,2023-04-27.0166883,bE,1.47,16.406,>16.406,99.990,-0.039,0.199,g
2460061.51777,2023-04-27.0179716,bE,1.46,16.365,>16.365,99.990,-0.139,0.206,g
2460063.23140,2023-04-28.7315818,bm,1.43,99.990,99.990,99.990,99.990,99.990,g
2460063.23263,2023-04-28.7328160,bm,1.96,14.062,>14.062,99.990,-4.618,1.724,g
2460063.47442,2023-04-28.9746127,bE,1.51,16.380,>16.380,99.990,0.228,0.204,g
2460063.47572,2023-04-28.9759098,bE,1.5,16.525,>16.525,99.990,-0.068,0.178,g
2460063.47702,2023-04-28.9772064,bE,1.45,16.338,>16.338,99.990,0.102,0.212,g
2460063.51377,2023-04-29.0139572,bE,1.55,16.312,>16.312,99.990,0.263,0.217,g
2460063.51506,2023-04-29.0152424,bE,1.68,16.285,>16.285,99.990,-0.202,0.222,g
2460063.51635,2023-04-29.0165333,bE,1.52,16.379,>16.379,99.990,-0.035,0.204,g
2460064.50553,2023-04-30.0057094,bE,1.53,16.347,>16.347,99.990,0.078,0.210,g
2460064.50681,2023-04-30.0069931,bE,1.5,16.157,>16.157,99.990,-0.290,0.250,g
2460064.50810,2023-04-30.0082780,bE,1.54,16.307,>16.307,99.990,-0.182,0.218,g
2460065.51220,2023-05-01.0123659,bE,1.48,16.170,>16.170,99.990,0.017,0.247,g
2460065.51349,2023-05-01.0136574,bE,1.55,16.335,>16.335,99.990,-0.222,0.212,g
2460066.25284,2023-05-01.7530005,bm,1.53,16.040,>16.040,99.990,0.248,0.279,g
2460066.25410,2023-05-01.7542631,bm,1.6,16.102,>16.102,99.990,-0.193,0.263,g
2460066.25535,2023-05-01.7555148,bm,1.59,15.985,>15.985,99.990,0.571,0.293,g
2460067.50775,2023-05-03.0079034,bE,1.48,15.928,>15.928,99.990,0.257,0.309,g
2460067.50905,2023-05-03.0091994,bE,2.3,15.759,>15.759,99.990,0.285,0.361,g
2460068.21519,2023-05-03.7153309,bm,1.51,15.991,>15.991,99.990,-0.361,0.291,g
2460068.21643,2023-05-03.7165715,bm,1.49,15.988,>15.988,99.990,-0.466,0.292,g
2460068.21768,2023-05-03.7178262,bm,1.57,15.804,>15.804,99.990,0.009,0.346,g
2460068.50544,2023-05-04.0055886,bE,1.56,15.853,>15.853,99.990,-0.121,0.331,g
2460069.24852,2023-05-04.7486688,bm,2.12,15.550,>15.550,99.990,-0.342,0.438,g
2460069.24977,2023-05-04.7499178,bm,2.13,15.649,>15.649,99.990,0.413,0.399,g
2460069.25101,2023-05-04.7511586,bm,2.1,15.752,>15.752,99.990,-1.641,0.363,g
2460070.49956,2023-05-05.9996958,bE,1.45,15.644,>15.644,99.990,-0.098,0.401,g
2460070.50086,2023-05-06.0009925,bE,1.56,15.634,>15.634,99.990,-0.845,0.405,g
2460071.20204,2023-05-06.7021646,bm,2.05,15.910,>15.910,99.990,-0.346,0.314,g
2460071.20328,2023-05-06.7034064,bm,2.04,15.802,>15.802,99.990,-0.287,0.347,g
2460071.20453,2023-05-06.7046557,bm,2.04,15.850,>15.850,99.990,-0.592,0.332,g
2460072.49067,2023-05-07.9907819,bE,1.47,16.223,>16.223,99.990,-0.126,0.235,g
2460072.49194,2023-05-07.9920582,bE,1.49,16.345,>16.345,99.990,-0.025,0.210,g
2460072.49323,2023-05-07.9933480,bE,1.5,16.226,>16.226,99.990,0.012,0.235,g
2460073.23887,2023-05-08.7389754,bm,1.54,16.529,>16.529,99.990,-0.176,0.178,g
2460073.24012,2023-05-08.7402246,bm,1.56,16.496,>16.496,99.990,-0.137,0.183,g
2460073.24136,2023-05-08.7414664,bm,1.5,16.381,>16.381,99.990,-0.277,0.204,g
2460073.45333,2023-05-08.9534380,bi,1.44,15.719,>15.719,99.990,-0.449,0.375,g
2460073.45458,2023-05-08.9546937,bi,1.5,15.762,>15.762,99.990,-0.165,0.360,g
2460073.45581,2023-05-08.9559158,bi,1.49,15.807,>15.807,99.990,-0.120,0.345,g
2460074.48455,2023-05-09.9846542,bE,1.43,16.501,>16.501,99.990,0.122,0.182,g
2460074.48585,2023-05-09.9859515,bE,1.55,16.612,>16.612,99.990,0.028,0.165,g
2460074.48715,2023-05-09.9872534,bE,1.5,16.555,>16.555,99.990,0.048,0.173,g
2460128.94785,2023-07-03.4475284,bE,1.48,15.608,>15.608,99.990,-0.772,0.415,g
2460129.94652,2023-07-04.4461903,bi,1.59,15.375,>15.375,99.990,0.823,0.514,g
2460129.94775,2023-07-04.4474248,bi,1.42,15.356,>15.356,99.990,-0.295,0.523,g
2460130.94811,2023-07-05.4477778,bE,1.94,15.662,>15.662,99.990,0.126,0.395,g
2460131.94487,2023-07-06.4445199,bi,1.48,15.031,>15.031,99.990,-0.746,0.706,g
2460131.94611,2023-07-06.4457627,bi,1.54,14.837,>14.837,99.990,0.284,0.844,g
2460131.94735,2023-07-06.4470043,bi,1.49,15.015,>15.015,99.990,1.012,0.716,g
2460132.94358,2023-07-07.4432282,bi,1.49,15.848,>15.848,99.990,-0.083,0.332,g
2460132.94482,2023-07-07.4444712,bi,1.51,15.837,>15.837,99.990,0.262,0.336,g
2460132.94606,2023-07-07.4457059,bi,1.49,15.829,>15.829,99.990,0.574,0.338,g
2460133.94115,2023-07-08.4407898,bE,1.57,16.125,>16.125,99.990,0.304,0.258,g
2460133.94243,2023-07-08.4420780,bE,1.58,16.176,>16.176,99.990,-0.106,0.246,g
2460133.94374,2023-07-08.4433868,bE,1.54,16.012,>16.012,99.990,0.381,0.286,g
2460134.94051,2023-07-09.4401484,bi,1.46,99.990,99.990,99.990,99.990,99.990,g
2460134.94176,2023-07-09.4413983,bi,1.48,99.990,99.990,99.990,99.990,99.990,g
2460134.94300,2023-07-09.4426387,bi,1.35,99.990,99.990,99.990,99.990,99.990,g
2460136.68051,2023-07-11.1801366,bm,2.44,16.333,>16.333,99.990,-0.852,0.213,g
2460136.68176,2023-07-11.1813885,bm,2.44,16.383,>16.383,99.990,-0.337,0.203,g
2460136.68302,2023-07-11.1826476,bm,2.42,16.226,>16.226,99.990,-0.090,0.235,g
2460138.93394,2023-07-13.4335616,bi,1.43,16.318,>16.318,99.990,-0.010,0.216,g
2460138.93517,2023-07-13.4347880,bi,1.47,16.215,>16.215,99.990,0.052,0.237,g
2460138.93641,2023-07-13.4360354,bi,1.43,16.402,>16.402,99.990,0.216,0.200,g
2460139.92734,2023-07-14.4269473,bE,1.55,16.477,>16.477,99.990,0.086,0.186,g
2460139.92864,2023-07-14.4282428,bE,1.49,16.444,>16.444,99.990,0.249,0.192,g
2460139.92994,2023-07-14.4295465,bE,1.5,16.412,>16.412,99.990,0.007,0.198,g
2460140.94170,2023-07-15.4413098,bi,1.46,16.077,>16.077,99.990,-0.086,0.269,g
2460140.94292,2023-07-15.4425246,bi,1.52,16.044,>16.044,99.990,0.061,0.278,g
2460140.94415,2023-07-15.4437572,bi,1.53,15.964,>15.964,99.990,-0.592,0.299,g
2460141.67547,2023-07-16.1750690,bm,2.33,16.653,>16.653,99.990,-0.129,0.158,g
2460141.67674,2023-07-16.1763416,bm,2.27,16.408,>16.408,99.990,-0.305,0.199,g
2460141.67798,2023-07-16.1775806,bm,2.31,16.541,>16.541,99.990,0.172,0.176,g
2460142.66673,2023-07-17.1663293,bm,1.63,16.184,>16.184,99.990,-0.091,0.244,g
2460142.66801,2023-07-17.1676098,bm,1.71,16.313,>16.313,99.990,-0.175,0.217,g
2460142.66924,2023-07-17.1688432,bm,1.67,15.903,>15.903,99.990,0.103,0.316,g
2460150.67935,2023-07-25.1789089,bm,2.39,16.363,>16.363,99.990,-0.304,0.207,g
2460150.68059,2023-07-25.1801474,bm,2.41,16.310,>16.310,99.990,-0.454,0.217,g
2460150.68182,2023-07-25.1813777,bm,2.4,16.341,>16.341,99.990,-0.155,0.211,g
2460151.94060,2023-07-26.4401535,bE,1.48,16.177,>16.177,99.990,0.183,0.246,g
2460151.94189,2023-07-26.4414475,bE,1.55,16.212,>16.212,99.990,-0.012,0.238,g
2460151.94321,2023-07-26.4427633,bE,1.56,16.148,>16.148,99.990,-0.023,0.252,g
2460158.89149,2023-08-02.3910233,bE,1.48,15.680,>15.680,99.990,0.386,0.388,g
2460158.89280,2023-08-02.3923347,bE,1.55,15.837,>15.837,99.990,0.025,0.336,g
2460158.89412,2023-08-02.3936487,bE,1.54,15.798,>15.798,99.990,0.191,0.348,g
2460159.67744,2023-08-03.1769776,bm,1.57,15.919,>15.919,99.990,-0.286,0.311,g
2460159.67868,2023-08-03.1782182,bm,1.58,15.947,>15.947,99.990,0.444,0.303,g
2460159.67992,2023-08-03.1794576,bm,1.52,15.708,>15.708,99.990,-0.588,0.378,g
2460160.63415,2023-08-04.1336873,bm,1.99,99.990,99.990,99.990,99.990,99.990,g
2460161.62618,2023-08-05.1257069,bm,1.5,16.004,>16.004,99.990,-0.358,0.288,g
2460161.62741,2023-08-05.1269390,bm,1.57,16.041,>16.041,99.990,-0.080,0.278,g
2460161.62866,2023-08-05.1281880,bm,1.55,15.978,>15.978,99.990,0.338,0.295,g
2460163.62611,2023-08-07.1256368,bm,1.53,16.207,>16.207,99.990,-0.519,0.239,g
2460163.62736,2023-08-07.1268822,bm,1.57,16.253,>16.253,99.990,0.019,0.229,g
2460163.62867,2023-08-07.1281906,bm,1.57,16.391,>16.391,99.990,0.298,0.202,g
2460164.61934,2023-08-08.1188574,bm,1.53,16.219,>16.219,99.990,0.180,0.236,g
2460164.62057,2023-08-08.1200829,bm,1.52,16.161,>16.161,99.990,-0.021,0.249,g
2460164.62180,2023-08-08.1213188,bm,1.5,16.364,>16.364,99.990,-0.005,0.207,g
2460167.61772,2023-08-11.1172398,bm,1.5,16.381,>16.381,99.990,0.119,0.204,g
2460167.61899,2023-08-11.1185019,bm,1.53,16.385,>16.385,99.990,-0.076,0.203,g
2460167.62023,2023-08-11.1197415,bm,1.55,16.466,>16.466,99.990,-0.093,0.188,g
2460172.59411,2023-08-16.0936188,bm,1.55,16.427,>16.427,99.990,0.003,0.195,g
2460172.59535,2023-08-16.0948587,bm,1.59,16.326,>16.326,99.990,0.066,0.214,g
2460172.59660,2023-08-16.0961052,bm,1.51,16.390,>16.390,99.990,-0.204,0.202,g
2460173.58888,2023-08-17.0883879,bm,2.06,16.488,>16.488,99.990,-0.021,0.184,g
2460173.59013,2023-08-17.0896414,bm,2.06,16.411,>16.411,99.990,-0.246,0.198,g
2460173.59138,2023-08-17.0908880,bm,2.06,16.465,>16.465,99.990,-0.267,0.188,g
2460176.58720,2023-08-20.0867043,bm,1.99,16.646,>16.646,99.990,-0.056,0.159,g
2460176.58842,2023-08-20.0879390,bm,2.0,16.405,>16.405,99.990,-0.193,0.199,g
2460176.58965,2023-08-20.0891655,bm,1.98,16.526,>16.526,99.990,-0.288,0.178,g
2460183.56450,2023-08-27.0640033,bm,2.13,16.184,>16.184,99.990,-0.272,0.244,g
2460183.56573,2023-08-27.0652347,bm,2.14,16.331,>16.331,99.990,-0.470,0.213,g
2460185.56350,2023-08-29.0630050,bm,1.56,15.891,>15.891,99.990,1.057,0.320,g
2460185.56476,2023-08-29.064275,bm,1.55,15.726,>15.726,99.990,-0.533,0.372,g
2460185.56604,2023-08-29.0655429,bm,1.58,15.847,>15.847,99.990,0.025,0.333,g
2460205.53126,2023-09-18.0308153,bm,2.0,16.684,>16.684,99.990,-0.030,0.154,g
2460205.53250,2023-09-18.0320513,bm,2.0,16.501,>16.501,99.990,-0.363,0.182,g
2460205.53379,2023-09-18.0333510,bm,1.62,16.512,>16.512,99.990,-0.421,0.180,g
2460206.54065,2023-09-19.0402165,bm,1.64,16.437,>16.437,99.990,-0.160,0.193,g
2460206.54188,2023-09-19.0414377,bm,1.53,16.511,>16.511,99.990,0.062,0.181,g
2460206.54311,2023-09-19.0426667,bm,1.54,16.369,>16.369,99.990,0.280,0.206,g
2460208.49904,2023-09-20.9986091,bm,2.3,16.683,>16.683,99.990,-0.557,0.154,g
2460208.50032,2023-09-20.9998876,bm,2.3,16.469,>16.469,99.990,-0.084,0.188,g
2460208.50158,2023-09-21.0011436,bm,2.33,16.392,>16.392,99.990,-0.468,0.202,g
2460215.47412,2023-09-27.9737234,bm,2.19,15.624,>15.624,99.990,-0.246,0.409,g
2460215.47536,2023-09-27.9749671,bm,2.13,15.547,>15.547,99.990,-0.075,0.439,g
2460215.47659,2023-09-27.9761968,bm,2.16,15.834,>15.834,99.990,-0.518,0.337,g
2460216.73713,2023-09-29.2367315,bE,1.64,15.905,>15.905,99.990,0.375,0.315,g
2460216.73841,2023-09-29.2380160,bE,1.63,15.639,>15.639,99.990,-0.621,0.403,g
2460216.73969,2023-09-29.2392921,bE,1.56,15.745,>15.745,99.990,0.654,0.366,g
2460217.72461,2023-09-30.2242197,bE,1.47,15.771,>15.771,99.990,0.371,0.357,g
2460217.72588,2023-09-30.2254967,bE,1.46,15.886,>15.886,99.990,-0.153,0.321,g
2460217.72716,2023-09-30.2267731,bE,1.51,15.966,>15.966,99.990,-0.033,0.298,g
2460218.71078,2023-10-01.2103896,bE,1.59,16.053,>16.053,99.990,0.045,0.275,g
2460218.71206,2023-10-01.2116743,bE,1.54,15.948,>15.948,99.990,-0.229,0.303,g
2460218.71335,2023-10-01.2129638,bE,1.53,16.207,>16.207,99.990,0.168,0.239,g
2460219.47057,2023-10-01.9701888,bm,1.67,15.934,>15.934,99.990,0.116,0.307,g
2460219.47181,2023-10-01.9714318,bm,1.55,15.926,>15.926,99.990,-0.259,0.310,g
2460219.47303,2023-10-01.9726549,bm,1.72,15.912,>15.912,99.990,-0.046,0.314,g
2460219.58012,2023-10-02.0797512,bm,1.54,16.108,>16.108,99.990,-0.569,0.262,g
2460219.58135,2023-10-02.0809741,bm,1.58,16.217,>16.217,99.990,-0.046,0.237,g
2460219.75282,2023-10-02.2524370,bE,1.44,16.205,>16.205,99.990,-0.208,0.239,g
2460219.75410,2023-10-02.2537144,bE,1.5,16.215,>16.215,99.990,0.175,0.237,g
2460219.75537,2023-10-02.2549917,bE,1.49,16.003,>16.003,99.990,-0.566,0.288,g
2460219.83611,2023-10-02.3357326,bE,1.46,16.231,>16.231,99.990,0.245,0.234,g
2460219.83739,2023-10-02.3370096,bE,1.54,16.177,>16.177,99.990,0.049,0.246,g
2460219.83867,2023-10-02.3382929,bE,1.55,16.186,>16.186,99.990,0.260,0.244,g
2460220.45090,2023-10-02.9505200,bm,1.57,16.126,>16.126,99.990,-0.335,0.257,g
2460220.45213,2023-10-02.9517539,bm,1.6,16.055,>16.055,99.990,-0.124,0.275,g
2460220.45338,2023-10-02.9530026,bm,1.56,16.129,>16.129,99.990,-0.256,0.257,g
2460220.54977,2023-10-03.0493902,bm,1.5,16.145,>16.145,99.990,-0.160,0.253,g
2460220.55097,2023-10-03.0505971,bm,1.47,16.228,>16.228,99.990,0.043,0.234,g
2460220.55220,2023-10-03.0518259,bm,1.58,16.094,>16.094,99.990,-0.230,0.265,g
2460221.46630,2023-10-03.9659379,bm,1.57,16.112,>16.112,99.990,0.547,0.261,g
2460221.46754,2023-10-03.9671693,bm,1.53,16.092,>16.092,99.990,-0.252,0.266,g
2460221.46876,2023-10-03.9683957,bm,1.65,16.280,>16.280,99.990,-0.659,0.223,g
2460221.70159,2023-10-04.2012248,bE,1.53,16.382,>16.382,99.990,-0.142,0.203,g
2460221.70288,2023-10-04.2025141,bE,1.58,16.346,>16.346,99.990,0.162,0.210,g
2460221.70416,2023-10-04.2037895,bE,1.59,16.257,>16.257,99.990,0.291,0.228,g
2460221.77352,2023-10-04.2731637,bi,1.38,16.167,>16.167,99.990,-0.151,0.248,g
2460221.77475,2023-10-04.2743917,bi,1.44,16.309,>16.309,99.990,0.218,0.217,g
2460221.77598,2023-10-04.2756194,bi,1.46,16.176,>16.176,99.990,0.192,0.246,g
2460222.71221,2023-10-05.2118525,bE,1.51,16.425,>16.425,99.990,0.132,0.196,g
2460222.71348,2023-10-05.2131276,bE,1.44,16.418,>16.418,99.990,0.356,0.197,g
2460222.71476,2023-10-05.2144039,bE,1.54,16.292,>16.292,99.990,0.268,0.221,g
2460223.46002,2023-10-05.9596693,bm,1.74,15.794,>15.794,99.990,-0.312,0.350,g
2460223.88918,2023-10-06.388825,bi,1.52,15.912,>15.912,99.990,0.029,0.314,g
2460223.89041,2023-10-06.3900548,bi,1.49,15.979,>15.979,99.990,0.142,0.295,g
2460223.89165,2023-10-06.3912896,bi,1.42,15.876,>15.876,99.990,0.008,0.324,g
2460224.71363,2023-10-07.2132692,bE,1.53,16.341,>16.341,99.990,0.009,0.211,g
2460224.71490,2023-10-07.2145456,bE,1.54,16.474,>16.474,99.990,0.033,0.187,g
2460224.71618,2023-10-07.2158303,bE,1.57,16.471,>16.471,99.990,0.168,0.187,g
2460225.70989,2023-10-08.2095461,bE,1.48,16.465,>16.465,99.990,0.400,0.188,g
2460225.71116,2023-10-08.2108141,bE,1.47,16.501,>16.501,99.990,0.270,0.182,g
2460225.71244,2023-10-08.2120944,bE,1.62,16.637,>16.637,99.990,0.452,0.161,g
2460226.86409,2023-10-09.36375,bE,1.57,16.388,>16.388,99.990,-0.152,0.202,g
2460226.86537,2023-10-09.3650289,bE,1.56,16.551,>16.551,99.990,0.237,0.174,g
2460226.86665,2023-10-09.3663093,bE,1.59,16.500,>16.500,99.990,-0.065,0.182,g
2460228.44249,2023-10-10.9421607,bm,2.01,16.558,>16.558,99.990,-0.050,0.173,g
2460228.44372,2023-10-10.9434005,bm,2.02,16.465,>16.465,99.990,0.144,0.188,g
2460228.44495,2023-10-10.9446262,bm,2.01,16.397,>16.397,99.990,-0.155,0.201,g
2460228.69655,2023-10-11.1962193,bE,1.54,16.423,>16.423,99.990,0.160,0.196,g
2460228.69783,2023-10-11.1974984,bE,1.5,16.396,>16.396,99.990,0.008,0.201,g
2460228.69910,2023-10-11.1987708,bE,1.51,16.499,>16.499,99.990,0.006,0.183,g
2460228.88368,2023-10-11.3833502,bi,1.41,16.277,>16.277,99.990,0.476,0.224,g
2460228.88491,2023-10-11.3845791,bi,1.43,16.093,>16.093,99.990,0.113,0.265,g
2460228.88613,2023-10-11.3858081,bi,1.37,16.023,>16.023,99.990,-0.268,0.283,g
2460229.83665,2023-10-12.3363288,bE,1.52,16.462,>16.462,99.990,0.021,0.189,g
2460229.83791,2023-10-12.3375976,bE,1.51,16.479,>16.479,99.990,-0.315,0.186,g
2460231.80652,2023-10-14.3062091,bi,1.43,16.354,>16.354,99.990,0.268,0.209,g
2460231.80775,2023-10-14.3074449,bi,1.51,16.342,>16.342,99.990,0.305,0.211,g
2460232.76063,2023-10-15.2603386,bi,1.53,16.360,>16.360,99.990,0.058,0.207,g
2460232.76187,2023-10-15.2615743,bi,1.55,16.356,>16.356,99.990,-0.109,0.208,g
2460232.76311,2023-10-15.2628104,bi,1.43,16.402,>16.402,99.990,-0.014,0.200,g
2460233.43139,2023-10-15.9310984,bm,2.19,16.426,>16.426,99.990,0.099,0.195,g
2460233.43265,2023-10-15.9323615,bm,2.12,16.527,>16.527,99.990,-0.302,0.178,g
2460233.43389,2023-10-15.9336009,bm,2.12,16.599,>16.599,99.990,-0.281,0.166,g
2460234.46804,2023-10-16.9677476,bm,1.64,16.558,>16.558,99.990,-0.051,0.173,g
2460234.46927,2023-10-16.9689790,bm,1.98,16.520,>16.520,99.990,0.042,0.179,g
2460234.47051,2023-10-16.9702210,bm,1.97,16.597,>16.597,99.990,-0.125,0.167,g
2460234.68306,2023-10-17.1827721,bE,1.49,15.867,>15.867,99.990,0.418,0.327,g
2460234.68433,2023-10-17.1840409,bE,1.44,15.778,>15.778,99.990,-0.040,0.355,g
2460234.68560,2023-10-17.1853145,bE,1.5,16.198,>16.198,99.990,0.215,0.241,g
2460235.47900,2023-10-17.9787225,bm,1.53,16.449,>16.449,99.990,0.091,0.191,g
2460235.48023,2023-10-17.9799530,bm,1.45,16.500,>16.500,99.990,0.266,0.182,g
2460235.48146,2023-10-17.9811792,bm,1.54,16.353,>16.353,99.990,0.348,0.209,g
2460235.67886,2023-10-18.1785804,bE,1.57,16.508,>16.508,99.990,-0.144,0.181,g
2460235.68014,2023-10-18.1798532,bE,1.5,16.437,>16.437,99.990,-0.059,0.193,g
2460235.68140,2023-10-18.1811170,bE,1.52,16.542,>16.542,99.990,0.123,0.176,g
2460237.40925,2023-10-19.9089768,bm,1.5,16.497,>16.497,99.990,0.152,0.183,g
2460237.41047,2023-10-19.9101960,bm,1.5,16.474,>16.474,99.990,-0.256,0.187,g
2460237.41170,2023-10-19.9114285,bm,1.5,16.416,>16.416,99.990,0.335,0.197,g
2460237.65649,2023-10-20.1562203,bE,1.48,16.405,>16.405,99.990,0.222,0.199,g
2460237.65775,2023-10-20.1574803,bE,1.55,16.515,>16.515,99.990,0.151,0.180,g
2460237.65903,2023-10-20.1587667,bE,1.49,16.311,>16.311,99.990,0.124,0.217,g
2460237.81433,2023-10-20.3140754,bi,1.54,13.979,>13.979,99.990,2.239,1.860,g
2460237.81556,2023-10-20.3152995,bi,1.55,14.342,>14.342,99.990,-1.515,1.331,g
2460237.81679,2023-10-20.3165310,bi,1.63,13.556,>13.556,99.990,2.994,2.747,g
2460238.66606,2023-10-21.1657971,bE,1.49,16.568,>16.568,99.990,0.109,0.171,g
2460238.66734,2023-10-21.1670730,bE,1.46,16.469,>16.469,99.990,-0.090,0.188,g
2460238.66861,2023-10-21.1683494,bE,1.5,16.430,>16.430,99.990,0.337,0.195,g
2460238.76226,2023-10-21.262,bE,1.46,99.990,99.990,99.990,99.990,99.990,g
2460238.76353,2023-10-21.2632729,bE,1.46,14.715,>14.715,99.990,0.603,0.944,g
2460238.76481,2023-10-21.2645491,bE,1.42,14.423,>14.423,99.990,3.020,1.237,g
2460239.66748,2023-10-22.1672217,bE,1.52,16.416,>16.416,99.990,0.010,0.197,g
2460239.66876,2023-10-22.1685028,bE,1.5,16.312,>16.312,99.990,0.127,0.217,g
2460239.67003,2023-10-22.1697758,bE,1.56,16.466,>16.466,99.990,0.323,0.188,g
2460242.39596,2023-10-24.8957347,bm,2.06,15.984,>15.984,99.990,-0.039,0.293,g
2460242.39719,2023-10-24.8969662,bm,2.08,16.188,>16.188,99.990,0.331,0.243,g
2460242.39842,2023-10-24.8981938,bm,2.08,16.060,>16.060,99.990,-0.867,0.274,g
2460242.55418,2023-10-25.0539563,bm,2.48,16.261,>16.261,99.990,-0.219,0.227,g
2460242.68156,2023-10-25.1813362,bi,1.39,16.038,>16.038,99.990,0.501,0.279,g
2460242.68279,2023-10-25.1825649,bi,1.55,15.989,>15.989,99.990,0.156,0.292,g
2460242.68403,2023-10-25.1838059,bi,1.51,16.159,>16.159,99.990,-0.318,0.250,g
2460242.79970,2023-10-25.2994718,bE,1.5,16.229,>16.229,99.990,-0.246,0.234,g
2460242.80119,2023-10-25.3009599,bE,1.51,16.434,>16.434,99.990,0.354,0.194,g
2460242.80246,2023-10-25.3022233,bE,1.52,16.442,>16.442,99.990,0.052,0.192,g
2460243.66174,2023-10-26.1615146,bE,1.46,16.077,>16.077,99.990,0.108,0.269,g
2460243.66301,2023-10-26.1627795,bE,1.55,15.955,>15.955,99.990,-0.005,0.301,g
2460243.66428,2023-10-26.1640584,bE,1.55,16.082,>16.082,99.990,-0.128,0.268,g
2460243.78051,2023-10-26.2802971,bi,1.55,16.068,>16.068,99.990,-0.022,0.272,g
2460243.78175,2023-10-26.2815269,bi,1.55,16.152,>16.152,99.990,0.158,0.251,g
2460243.78298,2023-10-26.2827559,bi,1.46,16.124,>16.124,99.990,-0.257,0.258,g
2460243.87297,2023-10-26.3727575,bi,1.49,16.014,>16.014,99.990,0.150,0.285,g
2460243.87421,2023-10-26.3739909,bi,1.47,16.238,>16.238,99.990,-0.396,0.232,g
2460243.87545,2023-10-26.3752280,bi,1.53,15.833,>15.833,99.990,0.096,0.337,g
2460244.39063,2023-10-26.8904083,bm,1.59,15.773,>15.773,99.990,-0.378,0.356,g
2460244.39189,2023-10-26.8916762,bm,1.54,15.897,>15.897,99.990,0.317,0.318,g
2460244.39313,2023-10-26.8929206,bm,1.55,15.808,>15.808,99.990,-0.313,0.345,g
2460244.59736,2023-10-27.0971496,bm,2.24,16.015,>16.015,99.990,0.101,0.285,g
2460244.59860,2023-10-27.0983928,bm,2.26,16.052,>16.052,99.990,-0.630,0.276,g
2460244.59984,2023-10-27.0996299,bm,2.24,15.806,>15.806,99.990,-0.578,0.346,g
2460244.64908,2023-10-27.1488642,bE,1.48,15.918,>15.918,99.990,-0.710,0.312,g
2460244.65035,2023-10-27.1501349,bE,1.56,15.973,>15.973,99.990,-0.267,0.296,g
2460244.65165,2023-10-27.1514369,bE,1.49,15.970,>15.970,99.990,0.531,0.297,g
2460244.79343,2023-10-27.2932136,bi,1.45,99.990,99.990,99.990,99.990,99.990,g
2460245.64532,2023-10-28.1451056,bE,1.42,15.815,>15.815,99.990,-0.228,0.343,g
2460245.64659,2023-10-28.1463858,bE,1.51,15.774,>15.774,99.990,-0.427,0.356,g
2460245.64787,2023-10-28.1476615,bE,1.66,15.846,>15.846,99.990,-0.395,0.333,g
2460247.63618,2023-10-30.1359844,bE,1.48,15.888,>15.888,99.990,-0.147,0.320,g
2460247.63746,2023-10-30.1372671,bE,1.56,16.149,>16.149,99.990,0.322,0.252,g
2460247.63874,2023-10-30.1385493,bE,1.47,15.977,>15.977,99.990,-0.302,0.295,g
2460247.82996,2023-10-30.3297707,bE,1.41,15.780,>15.780,99.990,0.133,0.354,g
2460247.83124,2023-10-30.3310496,bE,1.57,15.468,>15.468,99.990,-0.161,0.472,g
2460247.83251,2023-10-30.332325,bE,1.6,15.070,>15.070,99.990,-0.403,0.681,g
2460248.47321,2023-10-30.9730180,bm,2.11,16.067,>16.067,99.990,0.323,0.272,g
2460248.47442,2023-10-30.9742354,bm,2.15,16.088,>16.088,99.990,0.411,0.267,g
2460248.47566,2023-10-30.9754710,bm,2.13,15.839,>15.839,99.990,-0.769,0.335,g
2460248.68494,2023-10-31.1847582,bE,1.51,16.135,>16.135,99.990,-0.036,0.255,g
2460248.68622,2023-10-31.1860336,bE,1.5,15.983,>15.983,99.990,-0.039,0.294,g
2460248.68748,2023-10-31.1873077,bE,1.41,15.911,>15.911,99.990,-0.082,0.314,g
2460248.86819,2023-10-31.3680171,bi,1.55,15.933,>15.933,99.990,-0.126,0.308,g
2460248.86942,2023-10-31.3692471,bi,1.58,15.904,>15.904,99.990,0.027,0.316,g
2460248.87065,2023-10-31.3704780,bi,1.51,15.777,>15.777,99.990,-0.905,0.355,g
2460249.58738,2023-11-01.0872018,bm,2.07,15.945,>15.945,99.990,-0.299,0.304,g
2460249.58861,2023-11-01.0884379,bm,2.06,15.806,>15.806,99.990,0.097,0.346,g
2460249.58984,2023-11-01.0896585,bm,2.1,14.826,>14.826,99.990,-0.668,0.852,g
2460252.38707,2023-11-03.8869223,bm,1.99,16.588,>16.588,99.990,-0.260,0.168,g
2460252.38831,2023-11-03.8881607,bm,1.98,16.689,>16.689,99.990,-0.056,0.153,g
2460252.38954,2023-11-03.8893915,bm,2.0,16.438,>16.438,99.990,-0.163,0.193,g
2460252.62415,2023-11-04.1240008,bi,1.4,16.440,>16.440,99.990,0.027,0.193,g
2460252.62538,2023-11-04.1252318,bi,1.52,16.232,>16.232,99.990,-0.313,0.233,g
2460252.62662,2023-11-04.1264633,bi,1.51,16.321,>16.321,99.990,-0.303,0.215,g
2460253.37592,2023-11-04.8757726,bm,1.5,16.448,>16.448,99.990,0.190,0.191,g
2460253.37714,2023-11-04.8769888,bm,1.57,16.437,>16.437,99.990,-0.415,0.193,g
2460253.37837,2023-11-04.8782234,bm,1.5,16.501,>16.501,99.990,-0.011,0.182,g
2460253.62111,2023-11-05.1209732,bi,1.49,16.397,>16.397,99.990,0.150,0.201,g
2460253.62235,2023-11-05.1222100,bi,1.42,16.257,>16.257,99.990,0.041,0.228,g
2460253.62357,2023-11-05.1234331,bi,1.4,16.347,>16.347,99.990,0.072,0.210,g
2460253.84886,2023-11-05.3487202,bi,1.49,16.287,>16.287,99.990,0.103,0.222,g
2460253.85008,2023-11-05.3499361,bi,1.51,16.281,>16.281,99.990,0.005,0.223,g
2460253.85131,2023-11-05.3511673,bi,1.47,16.336,>16.336,99.990,0.049,0.212,g
2460254.35948,2023-11-05.8593346,bm,1.55,16.326,>16.326,99.990,0.003,0.214,g
2460254.36072,2023-11-05.8605778,bm,1.49,16.507,>16.507,99.990,-0.241,0.181,g
2460254.36196,2023-11-05.8618195,bm,1.54,16.444,>16.444,99.990,0.012,0.192,g
2460254.83812,2023-11-06.3379879,bi,1.48,16.302,>16.302,99.990,-0.135,0.219,g
2460254.83936,2023-11-06.3392297,bi,1.42,16.383,>16.383,99.990,0.046,0.203,g
2460254.84058,2023-11-06.3404542,bi,1.54,16.454,>16.454,99.990,0.266,0.190,g
2460256.35733,2023-11-07.8572185,bm,2.01,16.490,>16.490,99.990,-0.305,0.184,g
2460256.35859,2023-11-07.8584701,bm,2.02,16.463,>16.463,99.990,-0.075,0.189,g
2460256.35983,2023-11-07.8597060,bm,1.63,16.317,>16.317,99.990,-0.037,0.216,g
2460256.61174,2023-11-08.1116219,bi,1.46,16.432,>16.432,99.990,0.092,0.194,g
2460256.61297,2023-11-08.1128530,bi,1.44,16.382,>16.382,99.990,0.241,0.203,g
2460256.61419,2023-11-08.1140690,bi,1.4,16.311,>16.311,99.990,0.189,0.217,g
2460257.40411,2023-11-08.9039936,bm,1.52,16.507,>16.507,99.990,0.043,0.181,g
2460257.40535,2023-11-08.9052388,bm,1.56,16.594,>16.594,99.990,-0.189,0.167,g
2460257.40660,2023-11-08.9064865,bm,1.53,16.402,>16.402,99.990,-0.204,0.200,g
2460258.41546,2023-11-09.9153658,bm,1.56,16.482,>16.482,99.990,-0.192,0.186,g
2460258.41669,2023-11-09.9165869,bm,1.5,16.355,>16.355,99.990,-0.104,0.208,g
2460258.41792,2023-11-09.9178172,bm,1.54,16.381,>16.381,99.990,0.460,0.204,g
2460259.35780,2023-11-10.8577133,bm,1.47,16.352,>16.352,99.990,-0.002,0.209,g
2460259.35903,2023-11-10.8589446,bm,1.52,16.446,>16.446,99.990,-0.090,0.192,g
2460259.36026,2023-11-10.8601695,bm,1.51,16.375,>16.375,99.990,-0.076,0.205,g
2460259.49058,2023-11-10.9904792,bm,1.52,16.448,>16.448,99.990,0.011,0.191,g
2460259.49179,2023-11-10.9917026,bm,1.49,16.676,>16.676,99.990,0.256,0.155,g
2460259.49302,2023-11-10.9929328,bm,1.54,16.573,>16.573,99.990,0.081,0.171,g
2460261.35225,2023-11-12.8521656,bm,1.52,16.380,>16.380,99.990,-0.295,0.204,g
2460261.35347,2023-11-12.8533886,bm,1.51,16.420,>16.420,99.990,0.159,0.196,g
2460261.35471,2023-11-12.8546326,bm,1.51,16.437,>16.437,99.990,-0.334,0.193,g
2460261.49934,2023-11-12.9992621,bm,1.58,16.432,>16.432,99.990,-0.099,0.194,g
2460261.50058,2023-11-13.0005015,bm,1.6,16.550,>16.550,99.990,-0.429,0.174,g
2460261.50182,2023-11-13.0017388,bm,1.58,16.446,>16.446,99.990,-0.165,0.192,g
2460261.67629,2023-11-13.1762172,bi,1.49,16.408,>16.408,99.990,-0.011,0.198,g
2460261.67751,2023-11-13.1774357,bi,1.39,16.364,>16.364,99.990,0.081,0.207,g
2460261.67873,2023-11-13.1786585,bi,1.53,16.376,>16.376,99.990,0.046,0.204,g
2460262.34946,2023-11-13.8494002,bm,1.49,16.371,>16.371,99.990,0.007,0.205,g
2460262.35069,2023-11-13.8506288,bm,1.54,16.414,>16.414,99.990,0.019,0.198,g
2460262.35194,2023-11-13.8518763,bm,1.55,16.536,>16.536,99.990,-0.019,0.176,g
2460263.43053,2023-11-14.9304666,bm,1.54,16.746,>16.746,99.990,0.073,0.145,g
2460263.43175,2023-11-14.9316885,bm,1.53,16.457,>16.457,99.990,0.089,0.190,g
2460263.43298,2023-11-14.9329208,bm,1.51,16.430,>16.430,99.990,-0.141,0.195,g
2460264.64543,2023-11-16.1453795,bE,1.46,16.426,>16.426,99.990,-0.025,0.195,g
2460264.64676,2023-11-16.1467138,bE,1.54,16.471,>16.471,99.990,0.008,0.187,g
2460264.64805,2023-11-16.1479972,bE,1.53,16.546,>16.546,99.990,0.048,0.175,g
2460265.33529,2023-11-16.8352461,bm,1.53,16.327,>16.327,99.990,0.319,0.214,g
2460265.33652,2023-11-16.8364835,bm,1.49,16.398,>16.398,99.990,0.142,0.200,g
2460265.33776,2023-11-16.8377157,bm,1.47,16.445,>16.445,99.990,-0.180,0.192,g
2460265.58268,2023-11-17.0826378,bE,1.53,16.462,>16.462,99.990,0.059,0.189,g
2460265.58395,2023-11-17.0839112,bE,1.48,16.572,>16.572,99.990,0.195,0.171,g
2460265.58523,2023-11-17.0851914,bE,1.54,16.436,>16.436,99.990,0.092,0.194,g
2460265.74537,2023-11-17.2453270,bE,1.5,16.382,>16.382,99.990,0.137,0.203,g
2460265.74665,2023-11-17.2466030,bE,1.45,16.474,>16.474,99.990,-0.005,0.187,g
2460265.74794,2023-11-17.2478928,bE,1.53,16.506,>16.506,99.990,0.064,0.181,g
2460267.45443,2023-11-18.9543951,bm,1.49,16.186,>16.186,99.990,-0.282,0.244,g
2460267.45565,2023-11-18.9556217,bm,1.48,16.440,>16.440,99.990,-0.035,0.193,g
2460267.45689,2023-11-18.9568626,bm,1.52,16.418,>16.418,99.990,0.130,0.197,g
2460269.71044,2023-11-21.2104284,bE,1.53,16.388,>16.388,99.990,-0.158,0.202,g
2460269.71172,2023-11-21.2117064,bE,1.57,16.436,>16.436,99.990,0.172,0.193,g
2460269.71300,2023-11-21.2129915,bE,1.48,16.404,>16.404,99.990,0.215,0.199,g
2460270.36000,2023-11-21.8599932,bm,1.51,16.093,>16.093,99.990,0.054,0.265,g
2460270.36123,2023-11-21.8612223,bm,1.56,16.210,>16.210,99.990,0.013,0.238,g
2460270.36245,2023-11-21.8624503,bm,1.55,16.247,>16.247,99.990,0.695,0.230,g
2460270.49060,2023-11-21.9906024,bm,1.6,16.415,>16.415,99.990,-0.363,0.197,g
2460270.49201,2023-11-21.9920116,bm,1.58,16.317,>16.317,99.990,0.126,0.216,g
2460270.49377,2023-11-21.9937765,bm,1.63,16.263,>16.263,99.990,-0.097,0.227,g
2460270.80982,2023-11-22.3098248,bE,1.5,16.390,>16.390,99.990,-0.074,0.202,g
2460270.81110,2023-11-22.3110962,bE,1.53,16.391,>16.391,99.990,0.272,0.202,g
2460270.81236,2023-11-22.3123616,bE,1.5,16.483,>16.483,99.990,-0.088,0.185,g
2460271.48370,2023-11-22.9837003,bm,1.51,16.286,>16.286,99.990,-0.130,0.222,g
2460271.48493,2023-11-22.9849293,bm,1.49,16.104,>16.104,99.990,0.024,0.263,g
2460271.48616,2023-11-22.9861674,bm,1.52,16.075,>16.075,99.990,-0.145,0.270,g
2460271.73668,2023-11-23.2366870,bE,1.46,16.246,>16.246,99.990,0.352,0.230,g
2460271.73795,2023-11-23.2379591,bE,1.54,16.308,>16.308,99.990,-0.043,0.218,g
2460271.73921,2023-11-23.2392236,bE,1.44,16.524,>16.524,99.990,-0.224,0.178,g
2460272.63680,2023-11-24.1368192,bE,1.48,16.214,>16.214,99.990,-0.034,0.237,g
2460272.63808,2023-11-24.1380989,bE,1.5,16.134,>16.134,99.990,-0.009,0.256,g
2460272.63936,2023-11-24.1393828,bE,1.48,16.028,>16.028,99.990,-0.083,0.282,g
2460274.35628,2023-11-25.8563055,bm,1.55,15.931,>15.931,99.990,-0.614,0.308,g
2460274.35752,2023-11-25.8575472,bm,1.51,15.945,>15.945,99.990,-0.558,0.304,g
2460274.35876,2023-11-25.8587832,bm,1.55,15.773,>15.773,99.990,-0.808,0.356,g
2460274.49542,2023-11-25.9954575,bm,1.59,15.790,>15.790,99.990,0.016,0.351,g
2460274.49666,2023-11-25.9966833,bm,1.58,15.875,>15.875,99.990,-0.079,0.324,g
2460274.49787,2023-11-25.9979024,bm,1.58,15.942,>15.942,99.990,-1.339,0.305,g
2460274.65397,2023-11-26.1540162,bi,1.51,15.839,>15.839,99.990,-0.937,0.335,g
2460274.65521,2023-11-26.1552483,bi,1.53,15.837,>15.837,99.990,0.099,0.336,g
2460274.65647,2023-11-26.1565054,bi,1.53,15.907,>15.907,99.990,-0.183,0.315,g
2460274.85157,2023-11-26.3516070,bi,1.55,16.117,>16.117,99.990,-0.105,0.260,g
2460274.85281,2023-11-26.3528547,bi,1.4,16.025,>16.025,99.990,-0.094,0.283,g
2460274.85404,2023-11-26.3540744,bi,1.57,16.042,>16.042,99.990,-0.726,0.278,g
2460276.37217,2023-11-27.8722221,bm,1.56,15.853,>15.853,99.990,0.607,0.331,g
2460276.37342,2023-11-27.8734730,bm,1.47,15.846,>15.846,99.990,0.287,0.333,g
2460276.37466,2023-11-27.8747158,bm,1.55,15.728,>15.728,99.990,-0.194,0.372,g
2460276.70246,2023-11-28.2025101,bE,1.57,16.012,>16.012,99.990,-0.100,0.286,g
2460276.70374,2023-11-28.2037857,bE,1.6,16.112,>16.112,99.990,0.210,0.261,g
2460276.70501,2023-11-28.2050592,bE,1.48,15.922,>15.922,99.990,-0.216,0.311,g
2460277.84974,2023-11-29.3498034,bi,1.56,15.941,>15.941,99.990,-0.169,0.305,g
2460277.85097,2023-11-29.3510359,bi,1.52,15.984,>15.984,99.990,-0.208,0.293,g
2460277.85220,2023-11-29.3522613,bi,1.5,15.910,>15.910,99.990,0.102,0.314,g
2460278.45968,2023-11-29.9597442,bm,1.47,15.998,>15.998,99.990,-0.257,0.290,g
2460278.46091,2023-11-29.9609743,bm,1.6,16.045,>16.045,99.990,-0.600,0.277,g
2460278.46214,2023-11-29.9622019,bm,1.54,15.957,>15.957,99.990,0.168,0.301,g
2460278.75454,2023-11-30.2546159,bi,1.45,16.117,>16.117,99.990,-0.075,0.259,g
2460278.75576,2023-11-30.2558311,bi,1.54,16.182,>16.182,99.990,-0.086,0.245,g
2460278.75698,2023-11-30.2570466,bi,1.51,16.031,>16.031,99.990,-0.254,0.281,g
2460285.31043,2023-12-06.8105482,bm,2.11,16.561,>16.561,99.990,-0.323,0.172,g
2460285.31188,2023-12-06.8120032,bm,2.02,16.507,>16.507,99.990,-0.102,0.181,g
2460285.31321,2023-12-06.8133341,bm,2.0,16.491,>16.491,99.990,-0.006,0.184,g
2460285.82434,2023-12-07.3244668,bi,1.39,16.441,>16.441,99.990,0.039,0.193,g
2460285.82557,2023-12-07.3256993,bi,1.44,16.409,>16.409,99.990,0.094,0.198,g
2460285.82681,2023-12-07.3269386,bi,1.42,16.404,>16.404,99.990,-0.024,0.199,g
2460286.34142,2023-12-07.8415516,bm,1.56,16.373,>16.373,99.990,-0.010,0.205,g
2460286.34264,2023-12-07.8427759,bm,1.53,16.387,>16.387,99.990,0.266,0.202,g
2460286.34389,2023-12-07.8440179,bm,1.52,16.488,>16.488,99.990,-0.018,0.184,g
2460286.49143,2023-12-07.9915636,bm,2.0,16.600,>16.600,99.990,-0.329,0.166,g
2460286.49265,2023-12-07.9927782,bm,2.05,16.574,>16.574,99.990,-0.236,0.170,g
2460286.49386,2023-12-07.9940062,bm,2.05,16.392,>16.392,99.990,-0.031,0.201,g
2460286.81742,2023-12-08.3175594,bi,1.46,16.554,>16.554,99.990,0.100,0.174,g
2460286.81864,2023-12-08.3187778,bi,1.43,16.498,>16.498,99.990,0.046,0.183,g
2460286.81985,2023-12-08.3199971,bi,1.42,16.458,>16.458,99.990,0.230,0.190,g
2460287.27716,2023-12-08.7772964,bm,1.59,16.070,>16.070,99.990,0.018,0.271,g
2460287.27846,2023-12-08.7785920,bm,1.52,16.070,>16.070,99.990,-0.033,0.271,g
2460287.27988,2023-12-08.7800111,bm,1.52,16.235,>16.235,99.990,-0.611,0.233,g
2460287.85170,2023-12-09.3518412,bi,1.49,16.300,>16.300,99.990,-0.222,0.219,g
2460287.85292,2023-12-09.3530594,bi,1.42,99.990,99.990,99.990,99.990,99.990,g
2460287.85416,2023-12-09.3543001,bi,1.49,16.095,>16.095,99.990,-0.399,0.265,g
2460288.65189,2023-12-10.1520451,bi,1.48,16.320,>16.320,99.990,-0.216,0.215,g
2460288.65313,2023-12-10.1532866,bi,1.44,16.289,>16.289,99.990,0.141,0.221,g
2460288.65437,2023-12-10.1545254,bi,1.5,16.643,>16.643,99.990,-0.149,0.160,g
2460289.36139,2023-12-10.8615491,bm,2.04,16.438,>16.438,99.990,-0.088,0.193,g
2460289.36278,2023-12-10.8629430,bm,2.04,16.547,>16.547,99.990,-0.103,0.175,g
2460289.36403,2023-12-10.8641917,bm,2.05,16.421,>16.421,99.990,-0.049,0.196,g
2460289.83811,2023-12-11.3382674,bi,1.47,16.292,>16.292,99.990,-0.218,0.221,g
2460289.83934,2023-12-11.3395045,bi,1.47,16.316,>16.316,99.990,-0.055,0.216,g
2460289.84058,2023-12-11.3407349,bi,1.45,16.387,>16.387,99.990,0.125,0.202,g
2460290.28240,2023-12-11.7825709,bm,1.47,16.140,>16.140,99.990,0.100,0.254,g
2460290.28363,2023-12-11.7838006,bm,1.52,16.263,>16.263,99.990,-0.080,0.227,g
2460290.28487,2023-12-11.7850379,bm,1.6,16.205,>16.205,99.990,-0.076,0.239,g
2460290.43316,2023-12-11.9333273,bm,1.56,16.524,>16.524,99.990,-0.092,0.178,g
2460290.43439,2023-12-11.9345574,bm,1.97,16.402,>16.402,99.990,-0.049,0.200,g
2460290.43561,2023-12-11.9357780,bm,1.99,16.574,>16.574,99.990,-0.195,0.170,g
2460290.64501,2023-12-12.1451802,bi,1.42,16.487,>16.487,99.990,0.004,0.185,g
2460290.64624,2023-12-12.1464008,bi,1.48,16.397,>16.397,99.990,0.188,0.201,g
2460290.64747,2023-12-12.1476334,bi,1.4,16.443,>16.443,99.990,0.206,0.192,g
2460291.27523,2023-12-12.7754010,bm,1.99,15.724,>15.724,99.990,0.640,0.373,g
2460291.27646,2023-12-12.7766335,bm,1.64,15.629,>15.629,99.990,0.665,0.407,g
2460291.27770,2023-12-12.7778753,bm,1.51,15.948,>15.948,99.990,0.306,0.303,g
2460291.47893,2023-12-12.9790991,bm,2.28,16.529,>16.529,99.990,-0.208,0.178,g
2460291.48017,2023-12-12.9803392,bm,2.3,16.430,>16.430,99.990,-0.466,0.195,g
2460291.48140,2023-12-12.9815746,bm,2.32,16.642,>16.642,99.990,-0.242,0.160,g
2460291.85409,2023-12-13.3542646,bi,1.52,16.150,>16.150,99.990,-0.115,0.252,g
2460291.85533,2023-12-13.3555041,bi,1.41,15.855,>15.855,99.990,-0.026,0.330,g
2460291.85654,2023-12-13.3567209,bi,1.46,15.851,>15.851,99.990,-0.230,0.332,g
2460292.35183,2023-12-13.8520122,bm,1.52,16.496,>16.496,99.990,0.142,0.183,g
2460292.35307,2023-12-13.8532468,bm,1.56,16.470,>16.470,99.990,-0.017,0.187,g
2460292.35459,2023-12-13.8547662,bm,1.48,16.430,>16.430,99.990,-0.060,0.195,g
2460292.48657,2023-12-13.9867502,bm,2.07,16.361,>16.361,99.990,-0.253,0.207,g
2460292.48780,2023-12-13.9879769,bm,2.07,16.407,>16.407,99.990,-0.172,0.199,g
2460292.48902,2023-12-13.9892037,bm,2.03,16.298,>16.298,99.990,-0.377,0.220,g
2460292.58865,2023-12-14.0888303,bm,2.05,16.348,>16.348,99.990,-0.330,0.210,g
2460292.58988,2023-12-14.0900604,bm,2.06,16.187,>16.187,99.990,0.040,0.243,g
2460292.59111,2023-12-14.0912834,bm,2.06,16.128,>16.128,99.990,-0.169,0.257,g
2460293.27624,2023-12-14.7764239,bm,1.49,15.882,>15.882,99.990,-0.193,0.322,g
2460293.27748,2023-12-14.7776634,bm,1.62,15.823,>15.823,99.990,0.607,0.340,g
2460293.27870,2023-12-14.7788876,bm,1.57,16.003,>16.003,99.990,0.011,0.288,g
2460293.42384,2023-12-14.9240251,bm,2.13,16.450,>16.450,99.990,-0.165,0.191,g
2460294.28055,2023-12-15.7807446,bm,2.0,15.935,>15.935,99.990,0.120,0.307,g
2460294.28178,2023-12-15.7819734,bm,1.97,16.227,>16.227,99.990,0.014,0.235,g
2460294.28300,2023-12-15.7831965,bm,1.98,16.110,>16.110,99.990,-0.027,0.261,g
2460294.42569,2023-12-15.9258817,bm,1.58,16.618,>16.618,99.990,0.174,0.164,g
2460294.42723,2023-12-15.9274246,bm,1.62,16.561,>16.561,99.990,0.038,0.172,g
2460294.42856,2023-12-15.9287555,bm,1.64,16.497,>16.497,99.990,-0.375,0.183,g
2460295.27728,2023-12-16.7774851,bm,2.42,15.520,>15.520,99.990,0.697,0.450,g
2460295.27856,2023-12-16.7787622,bm,2.44,15.700,>15.700,99.990,-0.015,0.381,g
2460295.27981,2023-12-16.7800193,bm,2.38,16.002,>16.002,99.990,-0.533,0.289,g
2460295.43271,2023-12-16.9329194,bm,1.55,16.627,>16.627,99.990,-0.086,0.162,g
2460295.43393,2023-12-16.9341423,bm,1.55,16.456,>16.456,99.990,0.212,0.190,g
2460295.43516,2023-12-16.9353671,bm,1.56,16.363,>16.363,99.990,-0.014,0.207,g
2460295.63585,2023-12-17.1360665,bi,1.39,16.371,>16.371,99.990,0.108,0.206,g
2460295.63709,2023-12-17.1372974,bi,1.46,16.377,>16.377,99.990,0.109,0.204,g
2460295.63831,2023-12-17.1385229,bi,1.45,16.408,>16.408,99.990,-0.039,0.199,g
2460296.31629,2023-12-17.8164946,bm,2.01,16.375,>16.375,99.990,-0.002,0.205,g
2460296.31752,2023-12-17.8177293,bm,1.62,16.493,>16.493,99.990,-0.100,0.184,g
2460296.31873,2023-12-17.8189430,bm,1.67,16.365,>16.365,99.990,-0.069,0.207,g
2460296.45230,2023-12-17.9525064,bm,1.57,16.563,>16.563,99.990,-0.408,0.172,g
2460296.45351,2023-12-17.9537238,bm,1.49,16.449,>16.449,99.990,0.221,0.191,g
2460296.45473,2023-12-17.9549399,bm,1.53,16.433,>16.433,99.990,0.087,0.194,g
2460296.78318,2023-12-18.2834033,bi,1.38,16.578,>16.578,99.990,-0.128,0.170,g
2460296.78441,2023-12-18.2846240,bi,1.39,16.530,>16.530,99.990,0.305,0.177,g
2460296.78563,2023-12-18.2858402,bi,1.4,16.460,>16.460,99.990,0.153,0.189,g
2460297.30457,2023-12-18.8047946,bm,1.63,16.299,>16.299,99.990,0.109,0.220,g
2460297.30580,2023-12-18.8060306,bm,1.58,16.432,>16.432,99.990,0.051,0.194,g
2460297.30704,2023-12-18.8072651,bm,1.57,16.397,>16.397,99.990,0.160,0.201,g
2460297.45187,2023-12-18.9520974,bm,1.57,16.436,>16.436,99.990,0.262,0.194,g
2460297.45309,2023-12-18.9533146,bm,1.5,16.571,>16.571,99.990,0.179,0.171,g
2460297.45434,2023-12-18.9545577,bm,1.54,16.520,>16.520,99.990,-0.175,0.179,g
2460298.29885,2023-12-19.7990750,bm,2.27,16.281,>16.281,99.990,-0.201,0.223,g
2460298.30007,2023-12-19.8002965,bm,2.25,16.381,>16.381,99.990,0.166,0.203,g
2460298.30134,2023-12-19.8015714,bm,2.3,16.287,>16.287,99.990,-0.327,0.222,g
2460298.44151,2023-12-19.9417368,bm,1.57,16.365,>16.365,99.990,0.126,0.207,g
2460298.44274,2023-12-19.9429692,bm,1.53,16.522,>16.522,99.990,-0.321,0.179,g
2460298.44397,2023-12-19.9441936,bm,1.55,16.442,>16.442,99.990,-0.295,0.192,g
2460298.66744,2023-12-20.1676708,bi,1.41,16.402,>16.402,99.990,-0.015,0.200,g
2460298.66866,2023-12-20.1688956,bi,1.45,16.335,>16.335,99.990,0.307,0.212,g
2460298.66989,2023-12-20.1701184,bi,1.44,16.393,>16.393,99.990,-0.318,0.201,g
2460299.27881,2023-12-20.7790425,bm,2.36,15.592,>15.592,99.990,-1.044,0.421,g
2460299.28003,2023-12-20.7802769,bm,2.31,15.544,>15.544,99.990,-0.423,0.440,g
2460299.28126,2023-12-20.7815010,bm,2.31,15.812,>15.812,99.990,0.547,0.344,g
2460299.42592,2023-12-20.9261496,bm,1.57,16.437,>16.437,99.990,0.020,0.193,g
2460299.42714,2023-12-20.9273792,bm,1.49,16.339,>16.339,99.990,0.011,0.212,g
2460299.42837,2023-12-20.9286069,bm,1.54,16.602,>16.602,99.990,-0.132,0.166,g
2460299.53391,2023-12-21.0341523,bm,1.49,16.483,>16.483,99.990,0.192,0.185,g
2460299.53515,2023-12-21.0353905,bm,1.51,16.360,>16.360,99.990,-0.168,0.208,g
2460299.53637,2023-12-21.0366068,bm,1.51,16.564,>16.564,99.990,0.258,0.172,g
2460299.81975,2023-12-21.3199884,bi,1.48,16.370,>16.370,99.990,0.177,0.206,g
2460299.82099,2023-12-21.3212265,bi,1.41,16.380,>16.380,99.990,0.012,0.204,g
2460299.82223,2023-12-21.3224668,bi,1.52,16.318,>16.318,99.990,0.023,0.216,g
2460300.31308,2023-12-21.8133206,bm,2.37,16.237,>16.237,99.990,0.193,0.232,g
2460300.31431,2023-12-21.8145504,bm,2.39,16.148,>16.148,99.990,-0.029,0.252,g
2460300.31554,2023-12-21.8157751,bm,2.38,16.202,>16.202,99.990,-0.298,0.240,g
2460300.47656,2023-12-21.9767971,bm,1.71,16.300,>16.300,99.990,0.189,0.219,g
2460300.47779,2023-12-21.9780271,bm,1.6,16.358,>16.358,99.990,-0.243,0.208,g
2460300.47902,2023-12-21.9792562,bm,1.59,16.425,>16.425,99.990,0.091,0.196,g
2460300.66781,2023-12-22.1680615,bi,1.54,16.257,>16.257,99.990,0.223,0.228,g
2460300.66904,2023-12-22.1692906,bi,1.46,16.325,>16.325,99.990,0.137,0.214,g
2460300.67027,2023-12-22.1705173,bi,1.49,16.096,>16.096,99.990,0.302,0.265,g
2460301.28340,2023-12-22.7836489,bm,2.2,15.891,>15.891,99.990,-0.188,0.320,g
2460301.28464,2023-12-22.7848871,bm,2.18,15.816,>15.816,99.990,0.459,0.343,g
2460301.28587,2023-12-22.7861184,bm,2.19,15.942,>15.942,99.990,0.179,0.305,g
2460301.42413,2023-12-22.9243722,bm,2.04,16.382,>16.382,99.990,-0.199,0.203,g
2460301.42534,2023-12-22.9255858,bm,1.67,16.262,>16.262,99.990,-0.466,0.227,g
2460301.42657,2023-12-22.9268167,bm,1.99,16.227,>16.227,99.990,-0.529,0.235,g
2460301.50034,2023-12-23.0005910,bm,2.12,16.253,>16.253,99.990,-0.196,0.229,g
2460301.50158,2023-12-23.0018314,bm,2.14,16.343,>16.343,99.990,-0.155,0.211,g
2460301.50282,2023-12-23.0030664,bm,2.14,16.239,>16.239,99.990,-0.510,0.232,g
2460301.67305,2023-12-23.1732996,bE,1.44,16.333,>16.333,99.990,0.183,0.213,g
2460301.67432,2023-12-23.1745766,bE,1.55,16.334,>16.334,99.990,-0.206,0.213,g
2460301.67560,2023-12-23.1758538,bE,1.51,16.236,>16.236,99.990,0.069,0.233,g
2460301.82792,2023-12-23.3281721,bi,1.43,16.302,>16.302,99.990,0.351,0.219,g
2460301.82914,2023-12-23.3293972,bi,1.47,16.445,>16.445,99.990,0.175,0.192,g
2460301.83037,2023-12-23.3306275,bi,1.52,16.313,>16.313,99.990,0.284,0.217,g
2460302.29538,2023-12-23.7956355,bm,1.54,16.028,>16.028,99.990,0.392,0.282,g
2460302.29662,2023-12-23.7968855,bm,1.52,16.101,>16.101,99.990,-0.160,0.263,g
2460302.29786,2023-12-23.7981261,bm,1.55,15.978,>15.978,99.990,-0.411,0.295,g
2460302.45107,2023-12-23.9513280,bm,2.1,16.016,>16.016,99.990,0.042,0.285,g
2460302.45237,2023-12-23.9526327,bm,2.13,16.018,>16.018,99.990,-0.718,0.284,g
2460302.45370,2023-12-23.9539642,bm,2.1,15.952,>15.952,99.990,0.063,0.302,g
2460303.28421,2023-12-24.7844689,bm,1.53,15.633,>15.633,99.990,0.099,0.405,g
2460303.28544,2023-12-24.7857037,bm,1.49,15.756,>15.756,99.990,-0.751,0.362,g
2460303.28676,2023-12-24.7870182,bm,1.51,15.833,>15.833,99.990,0.565,0.337,g
2460303.43757,2023-12-24.9378381,bm,2.05,15.985,>15.985,99.990,-0.119,0.293,g
2460303.43887,2023-12-24.9391326,bm,2.05,15.809,>15.809,99.990,0.116,0.345,g
2460303.44012,2023-12-24.9403850,bm,2.05,15.734,>15.734,99.990,-0.353,0.369,g
2460305.28856,2023-12-26.7888364,bm,2.17,99.990,99.990,99.990,99.990,99.990,g
2460305.28987,2023-12-26.7901497,bm,1.57,15.052,>15.052,99.990,0.980,0.693,g
2460305.29115,2023-12-26.7914266,bm,2.03,15.428,>15.428,99.990,-0.569,0.490,g
2460308.60234,2023-12-30.1026491,bi,1.49,16.339,>16.339,99.990,0.064,0.212,g
2460308.60357,2023-12-30.1038687,bi,1.5,16.427,>16.427,99.990,-0.077,0.195,g
2460308.60477,2023-12-30.1050814,bi,1.47,16.293,>16.293,99.990,0.381,0.221,g
2460308.69655,2023-12-30.1968577,bi,1.59,16.112,>16.112,99.990,0.205,0.261,g
2460308.69778,2023-12-30.1980855,bi,1.55,16.092,>16.092,99.990,0.289,0.266,g
2460308.69901,2023-12-30.1993072,bi,1.51,15.941,>15.941,99.990,0.019,0.305,g
2460310.69643,2024-01-01.1967429,bi,1.59,16.310,>16.310,99.990,-0.172,0.217,g
2460310.69765,2024-01-01.1979681,bi,1.46,16.156,>16.156,99.990,0.291,0.250,g
2460310.69887,2024-01-01.1991887,bi,1.46,16.171,>16.171,99.990,0.036,0.247,g
2460311.53466,2024-01-02.0349849,bi,2.04,15.989,>15.989,99.990,0.170,0.292,g
2460311.53590,2024-01-02.0362184,bi,2.02,16.162,>16.162,99.990,-0.054,0.249,g
2460311.53713,2024-01-02.0374486,bi,2.0,16.114,>16.114,99.990,-0.088,0.260,g
2460311.69755,2024-01-02.1978739,bE,1.46,16.353,>16.353,99.990,-0.104,0.209,g
2460311.69883,2024-01-02.1991517,bE,1.44,16.375,>16.375,99.990,0.004,0.205,g
2460311.70010,2024-01-02.2004218,bE,1.49,16.416,>16.416,99.990,0.071,0.197,g
2460312.30606,2024-01-02.8063866,bm,2.31,16.622,>16.622,99.990,-0.156,0.163,g
2460312.30856,2024-01-02.8088858,bm,2.5,16.584,>16.584,99.990,-0.078,0.169,g
2460312.53739,2024-01-03.0377277,bi,2.01,16.313,>16.313,99.990,-0.065,0.217,g
2460312.70164,2024-01-03.2019665,bE,1.5,16.428,>16.428,99.990,0.098,0.195,g
2460312.70291,2024-01-03.2032410,bE,1.48,16.467,>16.467,99.990,0.027,0.188,g
2460312.70419,2024-01-03.2045175,bE,1.48,16.429,>16.429,99.990,-0.015,0.195,g
2460313.29675,2024-01-03.7970817,bm,1.55,16.434,>16.434,99.990,0.313,0.194,g
2460313.29800,2024-01-03.7983259,bm,1.49,16.497,>16.497,99.990,0.322,0.183,g
2460313.29924,2024-01-03.7995679,bm,1.55,16.521,>16.521,99.990,0.019,0.179,g
2460313.56964,2024-01-04.0699724,bE,1.58,16.400,>16.400,99.990,0.269,0.200,g
2460313.57092,2024-01-04.0712472,bE,1.49,16.582,>16.582,99.990,0.214,0.169,g
2460313.57219,2024-01-04.0725238,bE,1.53,16.440,>16.440,99.990,0.128,0.193,g
2460313.67314,2024-01-04.1734674,bi,1.48,16.437,>16.437,99.990,0.062,0.193,g
2460313.67434,2024-01-04.1746825,bi,1.42,16.398,>16.398,99.990,0.154,0.200,g
2460313.67557,2024-01-04.1759101,bi,1.47,16.384,>16.384,99.990,-0.294,0.203,g
2460314.30058,2024-01-04.8009187,bm,2.36,16.494,>16.494,99.990,-0.031,0.183,g
2460314.30181,2024-01-04.8021560,bm,2.38,16.472,>16.472,99.990,-0.090,0.187,g
2460314.30304,2024-01-04.8033814,bm,2.13,16.539,>16.539,99.990,0.147,0.176,g
2460314.47156,2024-01-04.9718966,bm,1.54,16.561,>16.561,99.990,0.167,0.172,g
2460314.47277,2024-01-04.9731138,bm,1.53,16.371,>16.371,99.990,-0.317,0.205,g
2460314.47399,2024-01-04.9743305,bm,1.57,16.391,>16.391,99.990,-0.002,0.202,g
2460314.71441,2024-01-05.2147483,bE,1.45,16.388,>16.388,99.990,0.192,0.202,g
2460314.71569,2024-01-05.2160236,bE,1.47,16.470,>16.470,99.990,0.151,0.188,g
2460314.71698,2024-01-05.2173130,bE,1.47,16.636,>16.636,99.990,0.166,0.161,g
2460314.83064,2024-01-05.3309775,bE,1.45,16.268,>16.268,99.990,0.042,0.226,g
2460314.83191,2024-01-05.3322486,bE,1.41,16.465,>16.465,99.990,0.339,0.188,g
2460314.83317,2024-01-05.3335166,bE,1.48,16.432,>16.432,99.990,0.335,0.194,g
2460315.32489,2024-01-05.8252331,bm,1.54,16.482,>16.482,99.990,0.094,0.185,g
2460315.32635,2024-01-05.8266870,bm,1.52,16.521,>16.521,99.990,0.119,0.179,g
2460315.32785,2024-01-05.8281937,bm,1.54,16.494,>16.494,99.990,0.252,0.184,g
2460315.57777,2024-01-06.0781223,bE,1.48,16.414,>16.414,99.990,0.134,0.197,g
2460315.57905,2024-01-06.0793974,bE,1.46,16.326,>16.326,99.990,0.111,0.214,g
2460315.58033,2024-01-06.0806761,bE,1.49,16.468,>16.468,99.990,0.088,0.188,g
2460316.28172,2024-01-06.7820761,bm,1.58,15.770,>15.770,99.990,0.227,0.357,g
2460316.28296,2024-01-06.7833134,bm,1.57,15.912,>15.912,99.990,-0.317,0.313,g
2460316.28419,2024-01-06.7845401,bm,1.51,16.057,>16.057,99.990,0.115,0.274,g
2460316.41804,2024-01-06.9183939,bm,1.68,16.433,>16.433,99.990,-0.197,0.194,g
2460316.41926,2024-01-06.9196123,bm,1.67,16.632,>16.632,99.990,-0.187,0.161,g
2460316.42050,2024-01-06.9208449,bm,1.59,16.424,>16.424,99.990,0.126,0.196,g
2460316.53505,2024-01-07.0354069,bm,2.23,16.510,>16.510,99.990,-0.095,0.181,g
2460316.53629,2024-01-07.0366478,bm,2.17,16.278,>16.278,99.990,-0.302,0.224,g
2460316.53752,2024-01-07.0378755,bm,2.2,16.498,>16.498,99.990,0.040,0.183,g
2460317.64826,2024-01-08.1486184,bE,1.47,16.635,>16.635,99.990,-0.154,0.161,g
2460317.64955,2024-01-08.1499142,bE,1.45,16.419,>16.419,99.990,0.107,0.197,g
2460317.65082,2024-01-08.1511839,bE,1.49,16.511,>16.511,99.990,0.028,0.181,g
2460320.32682,2024-01-10.8271979,bm,1.52,16.523,>16.523,99.990,-0.077,0.179,g
2460320.32876,2024-01-10.8291288,bm,1.57,16.477,>16.477,99.990,0.081,0.186,g
2460320.76686,2024-01-11.2672370,bi,1.5,16.420,>16.420,99.990,0.018,0.196,g
2460320.76809,2024-01-11.2684649,bi,1.5,16.346,>16.346,99.990,0.129,0.210,g
2460320.76930,2024-01-11.2696790,bi,1.49,16.328,>16.328,99.990,0.285,0.214,g
2460322.73338,2024-01-13.2337620,bE,1.52,16.484,>16.484,99.990,0.008,0.185,g
2460322.73463,2024-01-13.2350156,bE,1.44,16.479,>16.479,99.990,0.056,0.186,g
2460322.73591,2024-01-13.2362938,bE,1.46,16.399,>16.399,99.990,0.360,0.200,g
2460324.73296,2024-01-15.2333600,bi,1.49,16.463,>16.463,99.990,0.145,0.189,g
2460324.73419,2024-01-15.2345877,bi,1.4,16.373,>16.373,99.990,0.204,0.205,g
2460324.73542,2024-01-15.2358165,bi,1.44,16.472,>16.472,99.990,0.105,0.187,g
2460325.74921,2024-01-16.2496118,bE,1.5,16.517,>16.517,99.990,0.174,0.180,g
2460325.75048,2024-01-16.2508752,bE,1.56,16.517,>16.517,99.990,0.039,0.180,g
2460325.75174,2024-01-16.2521371,bE,1.54,16.529,>16.529,99.990,0.135,0.178,g
2460326.74099,2024-01-17.2413946,bE,1.63,16.527,>16.527,99.990,0.023,0.178,g
2460326.74228,2024-01-17.2426791,bE,1.63,16.476,>16.476,99.990,0.434,0.187,g
2460326.74354,2024-01-17.2439425,bE,1.57,16.616,>16.616,99.990,-0.064,0.164,g
2460327.73996,2024-01-18.2403719,bi,1.49,16.410,>16.410,99.990,0.254,0.198,g
2460327.74118,2024-01-18.2415905,bi,1.41,16.489,>16.489,99.990,0.149,0.184,g
2460327.74239,2024-01-18.2428090,bi,1.42,16.339,>16.339,99.990,0.023,0.212,g
2460328.53698,2024-01-19.0373966,bi,1.61,16.056,>16.056,99.990,0.326,0.275,g
2460328.53820,2024-01-19.0386255,bi,1.71,16.158,>16.158,99.990,0.473,0.250,g
2460328.53943,2024-01-19.0398521,bi,1.67,16.216,>16.216,99.990,-0.064,0.237,g
2460328.75194,2024-01-19.2523534,bE,1.4,16.508,>16.508,99.990,0.087,0.181,g
2460328.75320,2024-01-19.2536204,bE,1.5,16.518,>16.518,99.990,0.072,0.179,g
2460328.75449,2024-01-19.2549087,bE,1.43,16.379,>16.379,99.990,-0.014,0.204,g
2460329.53314,2024-01-20.0335601,bE,1.69,15.993,>15.993,99.990,-0.328,0.291,g
2460329.53442,2024-01-20.0348356,bE,1.97,16.135,>16.135,99.990,-0.440,0.255,g
2460329.53568,2024-01-20.0361098,bE,1.55,16.214,>16.214,99.990,-0.053,0.237,g
2460329.73170,2024-01-20.2321258,bi,1.52,16.413,>16.413,99.990,0.201,0.198,g
2460329.73293,2024-01-20.2333500,bi,1.51,16.337,>16.337,99.990,-0.245,0.212,g
2460329.73415,2024-01-20.2345646,bi,1.56,16.338,>16.338,99.990,0.411,0.212,g
2460330.72303,2024-01-21.2234567,bE,1.52,16.290,>16.290,99.990,0.111,0.221,g
2460330.72432,2024-01-21.2247434,bE,1.5,16.327,>16.327,99.990,0.035,0.214,g
2460330.72559,2024-01-21.2260164,bE,1.48,16.528,>16.528,99.990,0.281,0.178,g
2460331.73025,2024-01-22.2306771,bE,1.52,16.387,>16.387,99.990,-0.126,0.202,g
2460331.73153,2024-01-22.2319549,bE,1.5,16.156,>16.156,99.990,-0.133,0.250,g
2460331.73279,2024-01-22.2332186,bE,1.52,16.076,>16.076,99.990,-0.020,0.270,g
2460332.73807,2024-01-23.2385035,bi,1.5,16.124,>16.124,99.990,0.160,0.258,g
2460332.73929,2024-01-23.2397289,bi,1.47,16.099,>16.099,99.990,-0.154,0.264,g
2460332.74052,2024-01-23.2409587,bi,1.5,16.020,>16.020,99.990,-0.194,0.284,g
2460336.57837,2024-01-27.0788125,bE,1.58,16.100,>16.100,99.990,-0.183,0.264,g
2460336.57964,2024-01-27.0800871,bE,1.55,16.231,>16.231,99.990,0.094,0.234,g
2460336.58091,2024-01-27.0813501,bE,1.57,16.119,>16.119,99.990,-0.298,0.259,g
2460337.55227,2024-01-28.0527200,bi,1.56,16.277,>16.277,99.990,0.147,0.224,g
2460337.55350,2024-01-28.0539559,bi,1.58,16.275,>16.275,99.990,-0.121,0.224,g
2460337.55473,2024-01-28.0551802,bi,1.54,16.252,>16.252,99.990,-0.228,0.229,g
2460337.75027,2024-01-28.2507212,bE,1.54,16.220,>16.220,99.990,0.311,0.236,g
2460337.75152,2024-01-28.2519730,bE,1.61,15.906,>15.906,99.990,0.559,0.315,g
2460337.75280,2024-01-28.2532506,bE,1.57,15.972,>15.972,99.990,0.291,0.297,g
2460338.72769,2024-01-29.2281414,bE,1.52,16.101,>16.101,99.990,-0.498,0.263,g
2460338.72895,2024-01-29.2294043,bE,1.58,16.202,>16.202,99.990,-0.022,0.240,g
2460338.73024,2024-01-29.2306924,bE,1.45,16.100,>16.100,99.990,-0.048,0.264,g
2460339.55131,2024-01-30.0517776,bi,2.11,16.430,>16.430,99.990,-0.077,0.195,g
2460339.55255,2024-01-30.0530141,bi,2.1,16.368,>16.368,99.990,-0.094,0.206,g
2460339.55378,2024-01-30.0542368,bi,1.98,16.483,>16.483,99.990,0.142,0.185,g
2460339.74288,2024-01-30.2433405,bE,1.55,16.121,>16.121,99.990,-0.037,0.259,g
2460339.74415,2024-01-30.2446062,bE,1.49,16.063,>16.063,99.990,0.387,0.273,g
2460339.74543,2024-01-30.2458907,bE,1.52,16.216,>16.216,99.990,-0.130,0.237,g
2460340.54354,2024-01-31.0439931,bi,1.56,16.428,>16.428,99.990,0.445,0.195,g
2460340.54477,2024-01-31.0452253,bi,1.57,16.385,>16.385,99.990,-0.130,0.203,g
2460340.54600,2024-01-31.0464541,bi,1.61,16.306,>16.306,99.990,0.237,0.218,g
2460340.73822,2024-01-31.2386785,bE,2.01,16.349,>16.349,99.990,0.037,0.210,g
2460340.73949,2024-01-31.2399466,bE,2.02,16.404,>16.404,99.990,0.272,0.199,g
2460340.74077,2024-01-31.2412329,bE,2.04,16.241,>16.241,99.990,0.067,0.232,g
2460341.54301,2024-02-01.0434719,bi,1.44,16.352,>16.352,99.990,0.144,0.209,g
2460341.54422,2024-02-01.0446857,bi,1.46,16.359,>16.359,99.990,0.009,0.208,g
2460341.54545,2024-02-01.0459075,bi,1.46,16.355,>16.355,99.990,0.344,0.208,g
2460341.73843,2024-02-01.2388954,bE,1.55,16.331,>16.331,99.990,0.042,0.213,g
2460341.73972,2024-02-01.2401814,bE,1.45,16.340,>16.340,99.990,0.138,0.211,g
2460341.74098,2024-02-01.2414444,bE,1.48,16.336,>16.336,99.990,0.126,0.212,g
2460342.55134,2024-02-02.0518141,bi,1.51,16.343,>16.343,99.990,-0.017,0.211,g
2460342.55257,2024-02-02.0530350,bi,1.43,16.397,>16.397,99.990,0.112,0.201,g
2460342.55380,2024-02-02.0542619,bi,1.53,16.351,>16.351,99.990,0.015,0.209,g
2460343.72148,2024-02-03.2219464,bi,1.49,16.179,>16.179,99.990,-0.047,0.245,g
2460343.72271,2024-02-03.2231767,bi,1.45,16.297,>16.297,99.990,0.016,0.220,g
2460343.72394,2024-02-03.2244075,bi,1.43,16.314,>16.314,99.990,0.084,0.217,g
2460346.70508,2024-02-06.2055535,bi,1.55,16.497,>16.497,99.990,0.187,0.183,g
2460346.70630,2024-02-06.2067719,bi,1.49,16.308,>16.308,99.990,-0.035,0.218,g
2460346.70753,2024-02-06.2080025,bi,1.46,16.344,>16.344,99.990,0.282,0.211,g
2460350.71012,2024-02-10.2105937,bE,1.47,16.434,>16.434,99.990,0.125,0.194,g
2460350.71139,2024-02-10.2118732,bE,1.5,16.386,>16.386,99.990,0.036,0.203,g
2460350.71268,2024-02-10.2131603,bE,1.46,16.496,>16.496,99.990,0.121,0.183,g
2460351.70756,2024-02-11.2080460,bE,1.54,16.492,>16.492,99.990,0.243,0.184,g
2460351.70883,2024-02-11.2093106,bE,1.56,16.475,>16.475,99.990,0.188,0.187,g
2460351.71012,2024-02-11.2105972,bE,1.6,16.519,>16.519,99.990,-0.013,0.179,g
2460352.70085,2024-02-12.2013341,bE,1.46,16.568,>16.568,99.990,-0.032,0.171,g
2460352.70212,2024-02-12.2026065,bE,1.43,16.559,>16.559,99.990,0.224,0.173,g
2460352.70340,2024-02-12.2038776,bE,1.5,16.487,>16.487,99.990,-0.171,0.185,g
2460353.70423,2024-02-13.2047164,bE,1.45,16.466,>16.466,99.990,0.152,0.188,g
2460353.70549,2024-02-13.2059812,bE,1.48,16.396,>16.396,99.990,0.007,0.201,g
2460353.70678,2024-02-13.2072688,bE,1.46,16.473,>16.473,99.990,-0.003,0.187,g
2460354.69593,2024-02-14.1964174,bE,1.43,16.537,>16.537,99.990,0.239,0.176,g
2460354.69721,2024-02-14.1976946,bE,1.44,16.363,>16.363,99.990,-0.070,0.207,g
2460354.69849,2024-02-14.1989694,bE,1.47,16.418,>16.418,99.990,0.011,0.197,g
2460355.69513,2024-02-15.1956166,bE,1.47,16.486,>16.486,99.990,-0.039,0.185,g
2460355.69642,2024-02-15.1969032,bE,1.51,16.435,>16.435,99.990,0.034,0.194,g
2460355.69770,2024-02-15.1981841,bE,1.54,16.584,>16.584,99.990,0.032,0.169,g
2460357.30776,2024-02-16.8082577,bm,1.52,15.832,>15.832,99.990,0.718,0.337,g
2460357.30900,2024-02-16.8094891,bm,1.59,15.962,>15.962,99.990,-0.859,0.299,g
2460357.31023,2024-02-16.8107251,bm,1.49,15.986,>15.986,99.990,-0.722,0.293,g
2460357.39465,2024-02-16.8951430,bm,2.22,16.228,>16.228,99.990,0.842,0.234,g
2460357.39588,2024-02-16.8963745,bm,2.22,16.502,>16.502,99.990,-0.519,0.182,g
2460357.39711,2024-02-16.8976054,bm,2.23,16.423,>16.423,99.990,-0.534,0.196,g
2460358.35129,2024-02-17.8517777,bm,1.94,15.954,>15.954,99.990,0.453,0.302,g
2460358.35252,2024-02-17.8530089,bm,1.96,15.863,>15.863,99.990,-2.130,0.328,g
2460358.35375,2024-02-17.8542320,bm,1.98,15.946,>15.946,99.990,-1.158,0.304,g
2460358.37005,2024-02-17.8705368,bm,1.96,15.899,>15.899,99.990,0.050,0.317,g
2460358.37129,2024-02-17.8717784,bm,1.96,15.950,>15.950,99.990,-2.159,0.303,g
2460358.37252,2024-02-17.8730054,bm,2.0,16.060,>16.060,99.990,-0.476,0.274,g
2460358.53640,2024-02-18.0368940,bE,1.59,16.462,>16.462,99.990,-0.045,0.189,g
2460358.53768,2024-02-18.0381677,bE,1.57,16.469,>16.469,99.990,0.015,0.188,g
2460358.53895,2024-02-18.0394337,bE,1.5,16.482,>16.482,99.990,0.175,0.185,g
2460359.27251,2024-02-18.7730001,bm,2.25,15.650,>15.650,99.990,1.709,0.399,g
2460359.27373,2024-02-18.7742266,bm,2.31,15.794,>15.794,99.990,-2.357,0.350,g
2460359.27497,2024-02-18.7754650,bm,2.18,15.318,>15.318,99.990,-1.122,0.542,g
2460359.31386,2024-02-18.8143538,bm,1.6,15.721,>15.721,99.990,0.302,0.374,g
2460359.31509,2024-02-18.8155795,bm,1.57,16.001,>16.001,99.990,-3.388,0.290,g
2460359.31633,2024-02-18.8168241,bm,1.61,15.515,>15.515,99.990,1.463,0.452,g
2460359.38816,2024-02-18.8886516,bm,1.92,15.741,>15.741,99.990,0.806,0.367,g
2460359.38939,2024-02-18.8898817,bm,1.9,15.728,>15.728,99.990,-0.339,0.371,g
2460359.39062,2024-02-18.8911129,bm,1.46,15.787,>15.787,99.990,0.653,0.352,g
2460359.65869,2024-02-19.1591797,bE,1.45,16.303,>16.303,99.990,-0.244,0.219,g
2460359.65999,2024-02-19.1604723,bE,1.5,16.296,>16.296,99.990,0.098,0.220,g
2460359.66126,2024-02-19.1617487,bE,1.55,16.297,>16.297,99.990,0.186,0.220,g
2460360.41008,2024-02-19.9105759,bm,1.55,15.331,>15.331,99.990,0.761,0.535,g
2460360.41132,2024-02-19.9118104,bm,1.58,15.365,>15.365,99.990,-4.905,0.521,g
2460360.41256,2024-02-19.9130519,bm,1.99,15.255,15.185,0.205,3.064,0.575,g
2460361.53023,2024-02-21.0307114,bE,2.19,16.029,>16.029,99.990,0.031,0.281,g
2460361.53149,2024-02-21.0319817,bE,2.22,15.494,>15.494,99.990,0.244,0.461,g
2460361.53277,2024-02-21.0332604,bE,2.14,15.647,>15.647,99.990,-0.435,0.400,g
2460361.57996,2024-02-21.0804516,bi,1.56,15.088,>15.088,99.990,0.397,0.670,g
2460361.58120,2024-02-21.0816853,bi,1.33,15.477,>15.477,99.990,0.737,0.468,g
2460361.58241,2024-02-21.0829003,bi,1.51,15.630,>15.630,99.990,-0.428,0.407,g
2460362.26263,2024-02-21.7631219,bm,2.24,15.357,14.670,0.118,4.919,0.528,g
2460362.26387,2024-02-21.7643576,bm,2.13,14.312,>14.312,99.990,-1.399,1.368,g
2460362.26514,2024-02-21.7656285,bm,2.34,15.300,14.711,0.129,4.736,0.555,g
2460362.51052,2024-02-22.0110087,bE,1.66,15.666,>15.666,99.990,-0.228,0.393,g
2460362.51179,2024-02-22.0122745,bE,1.56,15.832,>15.832,99.990,-0.235,0.338,g
2460362.51306,2024-02-22.0135526,bE,1.55,15.788,>15.788,99.990,0.245,0.352,g
2460363.26180,2024-02-22.7622834,bm,2.19,15.175,13.746,0.061,11.520,0.639,g
2460363.26303,2024-02-22.7635125,bm,2.17,14.235,>14.235,99.990,0.279,1.469,g
2460363.26427,2024-02-22.7647541,bm,2.15,14.400,14.101,0.167,8.311,1.270,g
2460363.36786,2024-02-22.8683421,bm,2.04,15.592,>15.592,99.990,-1.131,0.421,g
2460363.36909,2024-02-22.8695756,bm,1.99,14.297,>14.297,99.990,-1.246,1.387,g
2460363.37032,2024-02-22.8707986,bm,2.03,14.288,>14.288,99.990,3.024,1.399,g
2460364.26479,2024-02-23.7652732,bm,2.5,15.403,14.557,0.102,5.462,0.505,g
2460364.26796,2024-02-23.7684383,bm,2.48,14.321,>14.321,99.990,0.994,1.358,g
2460364.52022,2024-02-24.0207089,bi,2.2,15.891,>15.891,99.990,-0.134,0.320,g
2460364.52146,2024-02-24.0219425,bi,2.16,15.819,>15.819,99.990,-0.693,0.342,g
2460364.52269,2024-02-24.0231738,bi,2.14,15.895,>15.895,99.990,0.521,0.318,g
2460365.66956,2024-02-25.1700379,bE,1.55,15.336,>15.336,99.990,-0.519,0.533,g
2460365.67083,2024-02-25.1713113,bE,1.48,15.655,>15.655,99.990,0.045,0.397,g
2460365.67212,2024-02-25.1725983,bE,1.57,15.356,>15.356,99.990,-0.874,0.523,g
2460366.25999,2024-02-25.7604751,bm,2.01,14.825,>14.825,99.990,-1.255,0.854,g
2460366.26123,2024-02-25.7617182,bm,2.03,15.542,>15.542,99.990,-1.747,0.441,g
2460366.26247,2024-02-25.7629471,bm,2.02,15.046,>15.046,99.990,1.353,0.696,g
2460366.52920,2024-02-26.0296914,bE,1.48,16.322,>16.322,99.990,0.279,0.215,g
2460366.53047,2024-02-26.0309655,bE,1.5,16.348,>16.348,99.990,0.400,0.210,g
2460366.53176,2024-02-26.0322462,bE,1.47,16.249,>16.249,99.990,0.082,0.230,g
2460367.27073,2024-02-26.7712136,bm,1.52,16.140,>16.140,99.990,-0.170,0.254,g
2460367.27197,2024-02-26.7724474,bm,1.55,15.862,>15.862,99.990,-1.746,0.328,g
2460367.27321,2024-02-26.7736902,bm,1.42,15.737,>15.737,99.990,-0.527,0.368,g
2460367.41814,2024-02-26.9186219,bm,2.18,15.642,>15.642,99.990,1.434,0.402,g
2460367.41941,2024-02-26.9198965,bm,2.21,14.265,>14.265,99.990,-1.627,1.430,g
2460367.42072,2024-02-26.9211958,bm,2.17,14.470,>14.470,99.990,1.456,1.183,g
2460367.55270,2024-02-27.0531791,bE,1.58,16.232,>16.232,99.990,-0.026,0.233,g
2460367.55397,2024-02-27.0544563,bE,1.56,16.366,>16.366,99.990,-0.194,0.206,g
2460367.55524,2024-02-27.0557269,bE,1.54,16.217,>16.217,99.990,-0.037,0.237,g
2460369.38738,2024-02-28.8878609,bm,1.98,15.188,>15.188,99.990,-5.050,0.612,g
2460369.38861,2024-02-28.8890875,bm,1.99,14.869,14.827,0.211,4.256,0.821,g
2460369.38984,2024-02-28.8903197,bm,1.96,15.383,14.805,0.129,4.344,0.511,g
2460369.64342,2024-02-29.1438950,bi,1.42,16.208,>16.208,99.990,-0.075,0.239,g
2460369.64465,2024-02-29.1451262,bi,1.56,16.242,>16.242,99.990,-0.339,0.231,g
2460369.64586,2024-02-29.1463429,bi,1.45,16.154,>16.154,99.990,-0.388,0.251,g
2460370.64836,2024-03-01.1488414,bi,1.44,16.153,>16.153,99.990,0.644,0.251,g
2460371.63455,2024-03-02.1350324,bi,1.61,16.362,>16.362,99.990,-0.361,0.207,g
2460371.63577,2024-03-02.1362565,bi,1.61,16.297,>16.297,99.990,-0.197,0.220,g
2460371.63699,2024-03-02.1374736,bi,1.64,16.331,>16.331,99.990,-0.286,0.213,g
2460372.63381,2024-03-03.1342855,bi,1.52,16.477,>16.477,99.990,0.074,0.186,g
2460372.63502,2024-03-03.1355039,bi,1.51,16.406,>16.406,99.990,0.086,0.199,g
2460372.63625,2024-03-03.1367328,bi,1.53,16.542,>16.542,99.990,-0.052,0.176,g
2460373.63273,2024-03-04.1332082,bi,1.45,16.343,>16.343,99.990,-0.084,0.211,g
2460373.63396,2024-03-04.1344303,bi,1.41,16.344,>16.344,99.990,-0.163,0.211,g
2460373.63519,2024-03-04.1356603,bi,1.44,16.243,>16.243,99.990,-0.231,0.231,g
2460374.63706,2024-03-05.1375335,bE,1.54,16.413,>16.413,99.990,-0.178,0.198,g
2460374.63834,2024-03-05.1388077,bE,1.5,16.436,>16.436,99.990,-0.096,0.194,g
2460374.63961,2024-03-05.1400813,bE,1.51,16.419,>16.419,99.990,-0.028,0.197,g
2460375.63674,2024-03-06.1372109,bE,1.48,16.459,>16.459,99.990,0.123,0.189,g
2460375.63801,2024-03-06.1384792,bE,1.52,16.529,>16.529,99.990,-0.064,0.178,g
2460375.63928,2024-03-06.13975,bE,1.47,16.479,>16.479,99.990,0.052,0.186,g
2460376.61911,2024-03-07.1195760,bi,1.49,16.365,>16.365,99.990,0.022,0.207,g
2460376.62033,2024-03-07.1207918,bi,1.43,16.416,>16.416,99.990,0.036,0.197,g
2460376.62154,2024-03-07.1220122,bi,1.38,16.436,>16.436,99.990,-0.093,0.194,g
2460378.61822,2024-03-09.1186946,bi,1.58,16.293,>16.293,99.990,-0.024,0.221,g
2460378.61944,2024-03-09.1199119,bi,1.53,16.517,>16.517,99.990,-0.033,0.180,g
2460378.62068,2024-03-09.1211420,bi,1.6,16.300,>16.300,99.990,-0.284,0.219,g
2460380.62243,2024-03-11.1228949,bi,1.46,16.432,>16.432,99.990,0.488,0.194,g
2460380.62365,2024-03-11.1241087,bi,1.42,16.427,>16.427,99.990,0.209,0.195,g
2460380.62488,2024-03-11.1253377,bi,1.39,16.530,>16.530,99.990,-0.191,0.177,g
2460381.60337,2024-03-12.1038340,bi,1.45,16.456,>16.456,99.990,0.028,0.190,g
2460381.60461,2024-03-12.1050710,bi,1.41,16.339,>16.339,99.990,-0.075,0.212,g
2460381.60583,2024-03-12.1062885,bi,1.57,16.480,>16.480,99.990,-0.246,0.186,g
2460382.61160,2024-03-13.1120512,bi,1.57,16.422,>16.422,99.990,-0.173,0.196,g
2460382.61283,2024-03-13.1132800,bi,1.53,16.405,>16.405,99.990,0.055,0.199,g
2460382.61406,2024-03-13.1145091,bi,1.57,16.504,>16.504,99.990,-0.057,0.182,g
2460383.59816,2024-03-14.0986140,bi,1.39,16.446,>16.446,99.990,-0.039,0.192,g
2460383.59940,2024-03-14.0998445,bi,1.42,16.535,>16.535,99.990,-0.115,0.177,g
2460383.60063,2024-03-14.1010734,bi,1.44,16.411,>16.411,99.990,0.208,0.198,g
2460384.60140,2024-03-15.1018459,bi,1.5,16.511,>16.511,99.990,-0.245,0.181,g
2460384.60263,2024-03-15.1030751,bi,1.55,16.368,>16.368,99.990,-0.324,0.206,g
2460384.60387,2024-03-15.1043206,bi,1.47,16.507,>16.507,99.990,0.120,0.181,g
2460384.64442,2024-03-15.1448615,bF,2.07,99.990,99.990,99.990,99.990,99.990,g
2460384.64565,2024-03-15.1460921,bF,2.07,99.990,99.990,99.990,99.990,99.990,g
2460384.64689,2024-03-15.1473346,bF,2.08,99.990,99.990,99.990,99.990,99.990,g
2460385.58598,2024-03-16.0864214,bi,1.57,16.454,>16.454,99.990,-0.656,0.190,g
2460385.58720,2024-03-16.0876456,bi,2.16,16.466,>16.466,99.990,0.001,0.188,g
2460385.58843,2024-03-16.0888756,bi,2.12,16.421,>16.421,99.990,-0.422,0.196,g
2460385.60010,2024-03-16.1005509,bE,1.52,99.990,99.990,99.990,99.990,99.990,g
2460385.60134,2024-03-16.1017868,bE,1.49,99.990,99.990,99.990,99.990,99.990,g
2460385.60258,2024-03-16.1030313,bE,1.6,99.990,99.990,99.990,99.990,99.990,g
2460386.60830,2024-03-17.1087418,bi,1.49,16.500,>16.500,99.990,0.039,0.182,g
2460386.60953,2024-03-17.1099699,bi,1.51,16.299,>16.299,99.990,0.133,0.220,g
2460386.61075,2024-03-17.1111906,bi,1.49,16.416,>16.416,99.990,-0.244,0.197,g
2460387.58738,2024-03-18.0878207,bi,1.47,16.342,>16.342,99.990,-0.610,0.211,g
2460387.58860,2024-03-18.0890376,bi,1.53,16.363,>16.363,99.990,0.011,0.207,g
2460387.58984,2024-03-18.0902747,bi,1.55,16.153,>16.153,99.990,0.466,0.251,g
2460387.59285,2024-03-18.0932927,bE,1.48,99.990,99.990,99.990,99.990,99.990,g
2460387.59409,2024-03-18.0945291,bE,1.49,99.990,99.990,99.990,99.990,99.990,g
2460387.59533,2024-03-18.0957724,bE,1.52,99.990,99.990,99.990,99.990,99.990,g
2460387.63486,2024-03-18.1352975,bF,2.03,99.990,99.990,99.990,99.990,99.990,g
2460387.63610,2024-03-18.1365403,bF,2.02,99.990,99.990,99.990,99.990,99.990,g
2460387.63734,2024-03-18.1377783,bF,2.08,99.990,99.990,99.990,99.990,99.990,g
2460388.58756,2024-03-19.0879896,bE,1.46,16.282,>16.282,99.990,-0.067,0.223,g
2460388.58880,2024-03-19.0892289,bE,1.48,16.341,>16.341,99.990,0.036,0.211,g
2460388.59004,2024-03-19.0904765,bE,1.48,16.274,>16.274,99.990,0.123,0.225,g
2460389.58564,2024-03-20.0860689,bi,1.51,15.909,>15.909,99.990,-0.823,0.314,g
2460389.58689,2024-03-20.0873224,bi,1.52,15.979,>15.979,99.990,-0.376,0.295,g
2460389.58813,2024-03-20.0885605,bi,1.56,15.945,>15.945,99.990,0.209,0.304,g
2460392.56831,2024-03-23.0687289,bi,1.56,15.853,>15.853,99.990,-0.730,0.331,g
2460392.56954,2024-03-23.0699593,bi,1.44,15.656,>15.656,99.990,0.297,0.397,g
2460392.57079,2024-03-23.0712048,bi,1.48,15.820,>15.820,99.990,-0.812,0.341,g
2460393.57172,2024-03-24.0721368,bE,1.5,16.061,>16.061,99.990,-0.130,0.273,g
2460393.57296,2024-03-24.0733759,bE,1.5,16.027,>16.027,99.990,-0.062,0.282,g
2460393.57421,2024-03-24.0746232,bE,1.46,16.018,>16.018,99.990,-0.060,0.284,g
2460394.54443,2024-03-25.0448370,bE,1.41,16.004,>16.004,99.990,0.065,0.288,g
2460394.54567,2024-03-25.0460807,bE,1.54,15.941,>15.941,99.990,0.102,0.305,g
2460394.54691,2024-03-25.0473231,bE,1.53,15.995,>15.995,99.990,-0.416,0.290,g
2460395.51310,2024-03-26.0135048,bE,1.55,16.264,>16.264,99.990,-0.206,0.227,g
2460395.51434,2024-03-26.0147445,bE,1.48,16.092,>16.092,99.990,-0.175,0.265,g
2460395.51558,2024-03-26.0159853,bE,1.47,16.227,>16.227,99.990,-0.211,0.235,g
2460396.55006,2024-03-27.0504627,bE,1.53,16.165,>16.165,99.990,0.212,0.248,g
2460396.55131,2024-03-27.0517072,bE,1.58,16.171,>16.171,99.990,-0.089,0.247,g
2460396.55254,2024-03-27.0529405,bE,1.54,16.255,>16.255,99.990,-0.270,0.229,g
2460397.57380,2024-03-28.0741822,bi,1.5,15.792,>15.792,99.990,0.154,0.350,g
2460397.57502,2024-03-28.0754111,bi,1.45,15.840,>15.840,99.990,-0.110,0.335,g
2460397.57625,2024-03-28.0766400,bi,1.4,15.975,>15.975,99.990,-0.211,0.296,g
2460398.55621,2024-03-29.0565984,bi,1.46,16.299,>16.299,99.990,0.627,0.220,g
2460398.55743,2024-03-29.0578171,bi,1.53,16.227,>16.227,99.990,-0.043,0.234,g
2460398.55864,2024-03-29.0590322,bi,1.59,16.043,>16.043,99.990,0.147,0.278,g
2460399.55518,2024-03-30.0555560,bi,1.53,16.277,>16.277,99.990,-0.925,0.224,g
2460399.55641,2024-03-30.0567876,bi,1.56,16.280,>16.280,99.990,0.285,0.223,g
2460399.55764,2024-03-30.0580104,bi,1.53,16.309,>16.309,99.990,0.174,0.217,g
2460400.54698,2024-03-31.0473515,bi,1.48,16.666,>16.666,99.990,-0.012,0.156,g
2460400.54819,2024-03-31.0485768,bi,1.47,16.382,>16.382,99.990,-0.015,0.203,g
2460400.54943,2024-03-31.0498070,bi,1.44,16.563,>16.563,99.990,0.031,0.172,g
2460401.55354,2024-04-01.0539086,bi,1.39,16.443,>16.443,99.990,0.072,0.192,g
2460401.55477,2024-04-01.0551399,bi,1.49,16.196,>16.196,99.990,-0.061,0.241,g
2460401.55601,2024-04-01.0563768,bi,1.51,16.384,>16.384,99.990,0.303,0.203,g
2460402.54162,2024-04-02.0419782,bi,1.48,16.317,>16.317,99.990,0.288,0.216,g
2460402.54284,2024-04-02.0432035,bi,1.37,16.440,>16.440,99.990,0.138,0.193,g
2460402.54408,2024-04-02.0444351,bi,1.48,16.360,>16.360,99.990,0.090,0.208,g
2460403.54823,2024-04-03.0485841,bi,1.47,16.559,>16.559,99.990,-0.029,0.173,g
2460403.54944,2024-04-03.0498052,bi,1.48,16.369,>16.369,99.990,0.167,0.206,g
2460403.55067,2024-04-03.0510332,bi,1.44,16.437,>16.437,99.990,0.080,0.193,g
2460404.53610,2024-04-04.0364560,bi,1.43,16.319,>16.319,99.990,0.135,0.216,g
2460404.53734,2024-04-04.0376921,bi,1.43,16.411,>16.411,99.990,-0.088,0.198,g
2460404.53858,2024-04-04.0389232,bi,1.47,16.346,>16.346,99.990,-0.028,0.210,g
2460405.54648,2024-04-05.0468247,bE,1.53,16.464,>16.464,99.990,-0.018,0.189,g
2460405.54773,2024-04-05.0480719,bE,1.58,16.585,>16.585,99.990,-0.044,0.169,g
2460405.54897,2024-04-05.0493128,bE,1.49,16.586,>16.586,99.990,0.168,0.168,g
2460406.52329,2024-04-06.0236288,bi,1.43,16.438,>16.438,99.990,0.222,0.193,g
2460406.52449,2024-04-06.0248388,bi,1.46,16.440,>16.440,99.990,0.335,0.193,g
2460406.52572,2024-04-06.0260574,bi,1.36,16.486,>16.486,99.990,-0.039,0.185,g
2460408.52168,2024-04-08.0220005,bi,1.52,16.601,>16.601,99.990,-0.006,0.166,g
2460408.52291,2024-04-08.0232353,bi,1.49,16.440,>16.440,99.990,0.231,0.193,g
2460408.52414,2024-04-08.0244585,bi,1.41,16.601,>16.601,99.990,0.093,0.166,g
2460409.51326,2024-04-09.0135768,bi,1.43,16.329,>16.329,99.990,0.138,0.214,g
2460409.51448,2024-04-09.0148033,bi,1.49,16.489,>16.489,99.990,0.276,0.184,g
2460409.51570,2024-04-09.0160239,bi,1.5,16.424,>16.424,99.990,0.264,0.196,g
2460410.51253,2024-04-10.0128370,bi,1.45,16.458,>16.458,99.990,0.001,0.190,g
2460410.51374,2024-04-10.0140564,bi,1.44,16.519,>16.519,99.990,0.052,0.179,g
2460410.51496,2024-04-10.0152667,bi,1.46,16.378,>16.378,99.990,0.162,0.204,g
2460411.50808,2024-04-11.0083840,bi,1.46,16.488,>16.488,99.990,0.191,0.185,g
2460411.50931,2024-04-11.0096179,bi,1.46,16.472,>16.472,99.990,0.212,0.187,g
2460411.51054,2024-04-11.0108434,bi,1.4,16.446,>16.446,99.990,0.136,0.192,g
2460412.51119,2024-04-12.0114929,bE,1.43,16.539,>16.539,99.990,0.057,0.176,g
2460412.51243,2024-04-12.0127366,bE,1.44,16.569,>16.569,99.990,0.175,0.171,g
2460412.51368,2024-04-12.0139850,bE,1.48,16.446,>16.446,99.990,0.313,0.192,g
2460413.53109,2024-04-13.0313868,bi,1.47,16.480,>16.480,99.990,-0.270,0.186,g
2460413.53231,2024-04-13.0326086,bi,1.48,16.387,>16.387,99.990,0.036,0.202,g
2460413.53354,2024-04-13.0338377,bi,1.49,16.228,>16.228,99.990,-0.211,0.234,g
2460416.51740,2024-04-16.0176774,bi,1.49,16.420,>16.420,99.990,0.340,0.196,g
2460416.51862,2024-04-16.0188960,bi,1.49,16.287,>16.287,99.990,0.218,0.222,g
2460416.51983,2024-04-16.0201099,bi,1.46,16.505,>16.505,99.990,-0.074,0.182,g
2460417.50349,2024-04-17.0037667,bi,1.46,16.369,>16.369,99.990,-0.032,0.206,g
2460417.50471,2024-04-17.0049853,bi,1.48,16.245,>16.245,99.990,-0.160,0.231,g
2460417.50595,2024-04-17.0062165,bi,1.41,16.434,>16.434,99.990,0.103,0.194,g
2460418.50998,2024-04-18.0102456,bi,1.48,16.376,>16.376,99.990,0.181,0.205,g
2460418.51121,2024-04-18.0114760,bi,1.49,16.337,>16.337,99.990,0.198,0.212,g
2460418.51244,2024-04-18.0127050,bi,1.53,16.461,>16.461,99.990,0.194,0.189,g
2460419.49454,2024-04-18.9947870,bi,1.44,16.273,>16.273,99.990,0.149,0.225,g
2460419.49575,2024-04-18.9960106,bi,1.46,16.196,>16.196,99.990,0.064,0.241,g
2460419.49701,2024-04-18.9972559,bi,1.43,16.192,>16.192,99.990,0.311,0.242,g
2460422.48500,2024-04-21.9852348,bi,2.05,14.898,>14.898,99.990,-0.812,0.798,g
2460422.48623,2024-04-21.9864685,bi,2.11,14.994,>14.994,99.990,1.723,0.731,g
2460422.48746,2024-04-21.9876930,bi,2.07,14.805,>14.805,99.990,-0.839,0.869,g
2460423.50308,2024-04-23.0033069,bi,2.09,15.882,>15.882,99.990,0.160,0.322,g
2460423.50430,2024-04-23.0045222,bi,2.1,15.914,>15.914,99.990,0.121,0.313,g
2460423.50552,2024-04-23.0057443,bi,2.12,15.892,>15.892,99.990,-0.811,0.319,g
2460426.48868,2024-04-25.9888850,bE,1.52,13.959,>13.959,99.990,-1.847,1.895,g
2460426.48991,2024-04-25.9901153,bE,1.5,14.484,>14.484,99.990,-2.623,1.168,g
2460426.49115,2024-04-25.9913474,bE,1.41,14.542,>14.542,99.990,0.468,1.108,g
2460429.25999,2024-04-28.7601711,bm,1.56,16.363,>16.363,99.990,-0.134,0.207,g
2460429.26123,2024-04-28.7614085,bm,1.6,16.533,>16.533,99.990,-0.071,0.177,g
2460429.26246,2024-04-28.7626362,bm,1.49,16.416,>16.416,99.990,-0.018,0.197,g
2460430.20177,2024-04-29.7019430,bm,1.62,15.540,>15.540,99.990,-1.577,0.442,g
2460430.20300,2024-04-29.7031718,bm,1.57,99.990,99.990,99.990,99.990,99.990,g
2460430.20422,2024-04-29.7043939,bm,1.52,15.936,>15.936,99.990,0.207,0.307,g
2460432.25255,2024-05-01.7527026,bm,1.55,16.393,>16.393,99.990,-0.068,0.201,g
2460432.25378,2024-05-01.7539384,bm,1.5,16.333,>16.333,99.990,-0.111,0.213,g
2460432.25512,2024-05-01.7552766,bm,1.53,16.420,>16.420,99.990,-0.128,0.196,g
2460433.49357,2024-05-02.9937261,bE,1.51,16.585,>16.585,99.990,0.127,0.169,g
2460433.49480,2024-05-02.9949549,bE,1.51,16.538,>16.538,99.990,0.132,0.176,g
2460433.49604,2024-05-02.9961950,bE,1.51,16.473,>16.473,99.990,0.140,0.187,g
2460434.21075,2024-05-03.7108857,bm,1.56,99.990,99.990,99.990,99.990,99.990,g
2460434.21197,2024-05-03.7121052,bm,1.51,16.028,>16.028,99.990,-0.566,0.282,g
2460434.21319,2024-05-03.7133295,bm,1.56,14.355,>14.355,99.990,0.993,1.316,g
2460435.46375,2024-05-04.9638839,bE,1.64,16.418,>16.418,99.990,-0.280,0.197,g
2460435.46498,2024-05-04.9651100,bE,1.68,16.247,>16.247,99.990,-0.210,0.230,g
2460435.46622,2024-05-04.9663502,bE,1.58,16.419,>16.419,99.990,-0.028,0.196,g
2460436.20249,2024-05-05.7026200,bm,1.58,16.065,>16.065,99.990,0.451,0.272,g
2460436.20388,2024-05-05.7040094,bm,1.55,16.207,>16.207,99.990,-0.512,0.239,g
2460436.20526,2024-05-05.7053934,bm,1.5,16.184,>16.184,99.990,-0.081,0.244,g
2460437.22122,2024-05-06.7213481,bm,1.54,16.387,>16.387,99.990,0.079,0.202,g
2460437.22251,2024-05-06.7226275,bm,1.58,16.409,>16.409,99.990,-0.192,0.198,g
2460437.22374,2024-05-06.7238649,bm,1.55,16.376,>16.376,99.990,0.229,0.204,g
2460437.49554,2024-05-06.9956534,bE,1.56,16.471,>16.471,99.990,0.031,0.187,g
2460438.23333,2024-05-07.7334369,bm,1.5,16.211,>16.211,99.990,-0.072,0.238,g
2460439.23458,2024-05-08.7346809,bm,1.6,16.395,>16.395,99.990,0.085,0.201,g
2460439.23582,2024-05-08.7359234,bm,1.58,16.474,>16.474,99.990,0.036,0.187,g
2460439.23706,2024-05-08.7371581,bm,1.56,16.424,>16.424,99.990,-0.390,0.196,g
2460440.22761,2024-05-09.7276973,bm,1.52,16.401,>16.401,99.990,0.038,0.200,g
2460440.22882,2024-05-09.7289184,bm,1.54,16.420,>16.420,99.990,0.024,0.196,g
2460440.23005,2024-05-09.7301521,bm,1.48,16.395,>16.395,99.990,0.302,0.201,g
2460440.48673,2024-05-09.9868131,bE,1.48,16.411,>16.411,99.990,-0.121,0.198,g
2460440.48797,2024-05-09.9880532,bE,2.11,16.541,>16.541,99.990,0.039,0.176,g
2460441.48119,2024-05-10.9812721,bE,1.42,16.450,>16.450,99.990,-0.040,0.191,g
2460441.48243,2024-05-10.9825111,bE,1.55,16.324,>16.324,99.990,-0.164,0.214,g
2460441.48367,2024-05-10.9837538,bE,1.5,16.504,>16.504,99.990,0.113,0.182,g
2460442.46676,2024-05-11.9668378,bE,1.51,15.772,>15.772,99.990,0.447,0.357,g
2460442.46800,2024-05-11.9680825,bE,1.46,15.827,>15.827,99.990,0.745,0.339,g
2460442.46924,2024-05-11.9693187,bE,1.48,16.120,>16.120,99.990,-0.460,0.259,g
2460443.19883,2024-05-12.6988984,bm,1.54,15.861,>15.861,99.990,0.386,0.329,g
2460443.20005,2024-05-12.7001167,bm,1.57,16.089,>16.089,99.990,0.079,0.266,g
2460443.20128,2024-05-12.7013483,bm,1.57,16.234,>16.234,99.990,0.154,0.233,g
2460443.47794,2024-05-12.9780065,bE,1.62,99.990,99.990,99.990,99.990,99.990,g
2460443.47919,2024-05-12.9792609,bE,1.59,99.990,99.990,99.990,99.990,99.990,g
2460444.46984,2024-05-13.9698978,bE,1.43,99.990,99.990,99.990,99.990,99.990,g
2460444.47109,2024-05-13.9711532,bE,1.43,99.990,99.990,99.990,99.990,99.990,g
2460445.21440,2024-05-14.7144531,bm,1.54,15.764,>15.764,99.990,-0.315,0.359,g
2460445.21572,2024-05-14.7157744,bm,1.51,16.057,>16.057,99.990,-0.819,0.274,g
2460445.21696,2024-05-14.7170074,bm,1.56,16.166,>16.166,99.990,-0.140,0.248,g
2460447.46847,2024-05-16.9684997,bE,1.58,16.281,>16.281,99.990,0.008,0.223,g
2460448.20438,2024-05-17.7044098,bm,1.49,16.091,>16.091,99.990,0.396,0.266,g
2460448.20561,2024-05-17.7056399,bm,1.56,14.643,>14.643,99.990,0.204,1.009,g
2460448.20684,2024-05-17.7068675,bm,1.49,99.990,99.990,99.990,99.990,99.990,g
2460448.46473,2024-05-17.9647523,bE,1.59,16.201,>16.201,99.990,0.129,0.240,g
2460448.46597,2024-05-17.9659934,bE,1.49,16.413,>16.413,99.990,-0.205,0.198,g
2460449.20051,2024-05-18.7005284,bm,1.53,16.012,>16.012,99.990,-0.633,0.286,g
2460449.20195,2024-05-18.7019601,bm,1.56,15.989,>15.989,99.990,0.275,0.292,g
2460449.20320,2024-05-18.7032170,bm,1.6,15.924,>15.924,99.990,0.489,0.310,g
2460449.45948,2024-05-18.9594978,bE,1.57,16.270,>16.270,99.990,-0.147,0.225,g
2460449.46072,2024-05-18.9607391,bE,1.55,16.199,>16.199,99.990,-0.029,0.241,g
2460449.46195,2024-05-18.9619734,bE,1.62,16.297,>16.297,99.990,-0.037,0.220,g
2460450.45159,2024-05-19.9516049,bE,1.96,15.930,>15.930,99.990,-0.306,0.308,g
2460450.45285,2024-05-19.9528534,bE,1.97,15.984,>15.984,99.990,-0.003,0.293,g
2460450.45409,2024-05-19.9540939,bE,1.97,15.943,>15.943,99.990,-0.275,0.305,g
2460451.19770,2024-05-20.6976994,bm,1.59,15.561,>15.561,99.990,0.455,0.433,g
2460452.19953,2024-05-21.6995217,bm,1.54,15.686,>15.686,99.990,0.373,0.386,g
2460452.20077,2024-05-21.7007577,bm,1.53,15.621,>15.621,99.990,-0.343,0.410,g
2460452.20200,2024-05-21.7019914,bm,1.54,15.644,>15.644,99.990,0.027,0.401,g
2460453.19158,2024-05-22.6915649,bm,1.5,15.296,>15.296,99.990,1.175,0.553,g
2460453.19281,2024-05-22.6927938,bm,1.56,15.125,>15.125,99.990,-1.683,0.647,g
2460453.19403,2024-05-22.6940215,bm,1.65,15.338,>15.338,99.990,1.343,0.532,g
2460454.44925,2024-05-23.9492278,bE,1.99,15.712,>15.712,99.990,0.130,0.377,g
2460493.95005,2024-07-02.4497273,bE,1.96,15.747,>15.747,99.990,-0.241,0.365,g
2460495.94651,2024-07-04.4461671,bi,1.42,15.503,>15.503,99.990,-0.358,0.457,g
2460495.94773,2024-07-04.4473957,bi,1.5,15.319,>15.319,99.990,-0.361,0.542,g
2460495.94896,2024-07-04.4486259,bi,1.44,14.827,>14.827,99.990,1.249,0.852,g
2460496.94315,2024-07-05.4428070,bE,1.51,16.329,>16.329,99.990,0.073,0.214,g
2460496.94440,2024-07-05.4440600,bE,1.53,16.443,>16.443,99.990,-0.163,0.192,g
2460496.94565,2024-07-05.4453105,bE,1.49,16.184,>16.184,99.990,0.326,0.244,g
2460499.94000,2024-07-08.4396415,bE,1.55,16.468,>16.468,99.990,0.010,0.188,g
2460499.94125,2024-07-08.4408921,bE,1.49,16.429,>16.429,99.990,0.484,0.195,g
2460499.94250,2024-07-08.4421451,bE,1.47,16.310,>16.310,99.990,-0.042,0.217,g
2460500.94064,2024-07-09.4402677,bE,1.57,16.416,>16.416,99.990,0.034,0.197,g
2460500.94188,2024-07-09.4415091,bE,1.77,16.362,>16.362,99.990,-0.299,0.207,g
2460500.94312,2024-07-09.4427508,bE,1.62,16.374,>16.374,99.990,-0.022,0.205,g
2460501.92935,2024-07-10.4289759,bE,1.59,16.529,>16.529,99.990,-0.130,0.178,g
2460501.93059,2024-07-10.4302190,bE,1.54,16.603,>16.603,99.990,-0.036,0.166,g
2460501.93183,2024-07-10.4314540,bE,1.6,16.434,>16.434,99.990,-0.004,0.194,g
2460503.92232,2024-07-12.4219413,bE,1.49,16.502,>16.502,99.990,0.137,0.182,g
2460503.92358,2024-07-12.4231918,bE,1.55,16.564,>16.564,99.990,0.005,0.172,g
2460503.92483,2024-07-12.4244450,bE,1.48,16.419,>16.419,99.990,-0.120,0.196,g
2460504.92649,2024-07-13.4261035,bE,1.51,16.475,>16.475,99.990,0.124,0.187,g
2460504.92775,2024-07-13.4273556,bE,1.53,16.546,>16.546,99.990,0.091,0.175,g
2460504.92899,2024-07-13.4286056,bE,1.5,16.443,>16.443,99.990,0.022,0.192,g
2460505.93461,2024-07-14.4342207,bi,1.43,16.012,>16.012,99.990,0.381,0.286,g
2460505.93585,2024-07-14.4354553,bi,1.44,16.158,>16.158,99.990,0.722,0.250,g
2460505.93707,2024-07-14.4366795,bi,1.47,15.936,>15.936,99.990,-0.086,0.307,g
2460506.91572,2024-07-15.4153315,bE,1.57,16.753,>16.753,99.990,-0.012,0.144,g
2460506.91696,2024-07-15.4165704,bE,1.58,16.502,>16.502,99.990,-0.074,0.182,g
2460506.91821,2024-07-15.4178155,bE,1.57,16.394,>16.394,99.990,0.117,0.201,g
2460507.91991,2024-07-16.4195099,bE,1.51,16.097,>16.097,99.990,-0.086,0.264,g
2460507.92116,2024-07-16.4207615,bE,1.52,16.095,>16.095,99.990,0.137,0.265,g
2460507.92239,2024-07-16.4219890,bE,1.52,15.458,>15.458,99.990,-1.530,0.476,g
2460514.66119,2024-07-23.1607574,bm,2.36,15.414,>15.414,99.990,-1.253,0.496,g
2460514.66365,2024-07-23.1632167,bm,2.38,15.476,>15.476,99.990,-0.448,0.468,g
2460523.67270,2024-08-01.1722311,bm,2.33,16.397,>16.397,99.990,0.023,0.200,g
2460523.67393,2024-08-01.1734600,bm,2.36,16.442,>16.442,99.990,-0.251,0.192,g
2460523.67517,2024-08-01.1747026,bm,2.37,16.291,>16.291,99.990,-0.173,0.221,g
2460524.62387,2024-08-02.1234019,bm,2.3,15.804,>15.804,99.990,-0.666,0.346,g
2460524.62510,2024-08-02.1246329,bm,2.25,15.482,>15.482,99.990,0.242,0.466,g
2460524.62632,2024-08-02.1258581,bm,2.29,15.848,>15.848,99.990,-0.300,0.332,g
2460528.67864,2024-08-06.1781636,bm,2.48,16.199,>16.199,99.990,-0.167,0.241,g
2460528.67998,2024-08-06.1795001,bm,2.49,16.134,>16.134,99.990,0.012,0.255,g
2460528.68122,2024-08-06.1807474,bm,2.47,16.043,>16.043,99.990,-0.090,0.278,g
2460530.92783,2024-08-08.4273543,bi,1.45,16.011,>16.011,99.990,0.630,0.286,g
2460530.92905,2024-08-08.4285706,bi,1.48,16.139,>16.139,99.990,-0.426,0.254,g
2460530.93027,2024-08-08.4297934,bi,1.46,15.987,>15.987,99.990,0.375,0.293,g
2460532.92490,2024-08-10.4244120,bE,1.55,16.495,>16.495,99.990,0.091,0.183,g
2460532.92614,2024-08-10.4256621,bE,1.57,16.570,>16.570,99.990,-0.000,0.171,g
2460532.92740,2024-08-10.4269181,bE,1.56,16.529,>16.529,99.990,-0.001,0.178,g
2460534.88223,2024-08-12.3817474,bE,1.5,16.499,>16.499,99.990,0.235,0.183,g
2460534.88348,2024-08-12.3829989,bE,1.52,16.668,>16.668,99.990,0.296,0.156,g
2460534.88473,2024-08-12.3842518,bE,1.47,16.630,>16.630,99.990,-0.138,0.162,g
2460535.87879,2024-08-13.3783021,bE,1.52,16.513,>16.513,99.990,0.043,0.180,g
2460535.88004,2024-08-13.3795465,bE,1.42,16.653,>16.653,99.990,0.074,0.158,g
2460535.88127,2024-08-13.3807803,bE,1.49,16.426,>16.426,99.990,-0.081,0.195,g
2460536.87534,2024-08-14.3748615,bE,1.44,16.024,>16.024,99.990,0.108,0.283,g
2460536.87658,2024-08-14.3761002,bE,1.47,16.410,>16.410,99.990,0.508,0.198,g
2460536.87784,2024-08-14.3773533,bE,1.47,16.314,>16.314,99.990,0.172,0.216,g
2460537.61922,2024-08-15.1187335,bm,2.46,16.548,>16.548,99.990,-0.214,0.175,g
2460537.62046,2024-08-15.1199743,bm,2.49,16.499,>16.499,99.990,-0.197,0.183,g
2460537.62169,2024-08-15.1211994,bm,2.49,16.398,>16.398,99.990,-0.052,0.200,g
2460538.61248,2024-08-16.1119899,bm,2.09,16.333,>16.333,99.990,-0.147,0.213,g
2460538.61370,2024-08-16.1132070,bm,2.1,16.381,>16.381,99.990,-0.079,0.204,g
2460538.61492,2024-08-16.1144304,bm,2.09,16.301,>16.301,99.990,-0.166,0.219,g
2460539.61456,2024-08-17.1140732,bm,2.26,15.965,>15.965,99.990,-0.224,0.299,g
2460539.61596,2024-08-17.1154769,bm,2.28,16.120,>16.120,99.990,-0.082,0.259,g
2460539.61773,2024-08-17.1172346,bm,2.27,15.924,>15.924,99.990,-0.493,0.310,g
2460540.60966,2024-08-18.1091660,bm,2.25,15.829,>15.829,99.990,-0.647,0.339,g
2460540.61089,2024-08-18.1104035,bm,2.29,15.769,>15.769,99.990,-0.130,0.357,g
2460540.61215,2024-08-18.1116665,bm,2.31,15.725,>15.725,99.990,-0.235,0.373,g
2460541.60963,2024-08-19.1091381,bm,2.04,15.779,>15.779,99.990,-0.917,0.354,g
2460541.61086,2024-08-19.1103681,bm,2.06,15.799,>15.799,99.990,0.364,0.348,g
2460541.61210,2024-08-19.1116055,bm,2.06,15.731,>15.731,99.990,-0.853,0.370,g
2460541.88218,2024-08-19.3816929,bi,1.62,15.173,>15.173,99.990,0.559,0.619,g
2460541.88342,2024-08-19.3829313,bi,1.5,15.347,>15.347,99.990,0.943,0.527,g
2460541.88466,2024-08-19.3841673,bi,1.65,15.424,>15.424,99.990,-0.259,0.491,g
2460544.85541,2024-08-22.3549118,bE,1.58,16.203,>16.203,99.990,0.245,0.240,g
2460544.85665,2024-08-22.3561635,bE,1.51,16.108,>16.108,99.990,-0.162,0.262,g
2460544.85791,2024-08-22.3574289,bE,1.5,16.079,>16.079,99.990,0.300,0.269,g
2460545.57927,2024-08-23.0787818,bm,2.1,16.040,>16.040,99.990,-0.190,0.279,g
2460545.58064,2024-08-23.0801372,bm,2.07,15.955,>15.955,99.990,-0.171,0.301,g
2460545.58211,2024-08-23.0816083,bm,2.07,15.953,>15.953,99.990,-0.711,0.302,g
2460545.88045,2024-08-23.3799646,bE,1.55,16.228,>16.228,99.990,0.225,0.234,g
2460545.88169,2024-08-23.3812037,bE,1.59,16.089,>16.089,99.990,-0.317,0.266,g
2460545.88293,2024-08-23.3824351,bE,1.51,16.174,>16.174,99.990,0.171,0.246,g
2460545.90292,2024-08-23.4024265,bi,1.56,15.954,>15.954,99.990,0.490,0.302,g
2460545.90414,2024-08-23.4036567,bi,1.42,15.963,>15.963,99.990,0.006,0.299,g
2460545.90538,2024-08-23.4048971,bi,1.44,16.131,>16.131,99.990,-0.214,0.256,g
2460546.81468,2024-08-24.3141868,bE,1.57,16.157,>16.157,99.990,0.090,0.250,g
2460546.81594,2024-08-24.3154442,bE,1.53,16.293,>16.293,99.990,0.523,0.221,g
2460546.81719,2024-08-24.3166983,bE,1.57,16.365,>16.365,99.990,0.177,0.206,g
2460547.81760,2024-08-25.3171010,bE,1.6,16.452,>16.452,99.990,-0.139,0.191,g
2460547.81884,2024-08-25.3183547,bE,1.5,16.306,>16.306,99.990,0.404,0.218,g
2460547.82011,2024-08-25.3196193,bE,1.48,16.432,>16.432,99.990,0.275,0.194,g
2460549.85534,2024-08-27.3548491,bi,1.46,16.145,>16.145,99.990,-0.167,0.253,g
2460549.85658,2024-08-27.3561003,bi,1.58,16.375,>16.375,99.990,-0.031,0.205,g
2460549.85782,2024-08-27.3573311,bi,1.54,16.436,>16.436,99.990,0.314,0.193,g
2460553.53858,2024-08-31.0380921,bm,2.34,16.442,>16.442,99.990,-0.168,0.192,g
2460553.53986,2024-08-31.0393785,bm,2.38,16.486,>16.486,99.990,-0.564,0.185,g
2460553.54113,2024-08-31.0406457,bm,2.34,16.490,>16.490,99.990,-0.250,0.184,g
2460553.92097,2024-08-31.4204844,bi,1.67,15.764,>15.764,99.990,-0.684,0.359,g
2460553.92220,2024-08-31.4217142,bi,1.57,15.685,>15.685,99.990,0.245,0.386,g
2460553.92344,2024-08-31.4229502,bi,1.64,15.631,>15.631,99.990,-0.942,0.406,g
2460554.55080,2024-09-01.0503156,bm,2.16,16.331,>16.331,99.990,-0.347,0.213,g
2460554.55202,2024-09-01.0515413,bm,2.19,16.361,>16.361,99.990,-0.160,0.207,g
2460554.55326,2024-09-01.0527760,bm,2.19,16.304,>16.304,99.990,-0.024,0.218,g
2460554.87083,2024-09-01.3703415,bi,1.53,16.147,>16.147,99.990,-0.397,0.252,g
2460554.87205,2024-09-01.3715646,bi,1.59,16.253,>16.253,99.990,0.189,0.229,g
2460554.87327,2024-09-01.3727900,bi,1.61,16.179,>16.179,99.990,-0.037,0.245,g
2460555.54746,2024-09-02.0469756,bm,2.05,16.441,>16.441,99.990,-0.060,0.193,g
2460555.54869,2024-09-02.0482070,bm,2.06,16.491,>16.491,99.990,-0.358,0.184,g
2460555.54993,2024-09-02.0494487,bm,2.07,16.425,>16.425,99.990,-0.091,0.196,g
2460556.82887,2024-09-03.3283967,bE,1.5,16.538,>16.538,99.990,0.172,0.176,g
2460556.83012,2024-09-03.3296445,bE,1.54,16.547,>16.547,99.990,0.002,0.175,g
2460556.83138,2024-09-03.3309020,bE,1.58,16.682,>16.682,99.990,0.155,0.154,g
2460557.79663,2024-09-04.2961503,bE,1.68,16.562,>16.562,99.990,-0.102,0.172,g
2460557.79789,2024-09-04.2974054,bE,1.54,16.480,>16.480,99.990,0.016,0.186,g
2460557.79915,2024-09-04.2986732,bE,1.6,16.632,>16.632,99.990,0.049,0.162,g
2460559.81175,2024-09-06.3112759,bE,1.44,16.477,>16.477,99.990,0.051,0.186,g
2460559.81299,2024-09-06.3125167,bE,1.55,16.555,>16.555,99.990,0.045,0.173,g
2460559.81423,2024-09-06.3137556,bE,1.53,16.408,>16.408,99.990,-0.056,0.199,g
2460560.77579,2024-09-07.2753238,bE,1.62,16.526,>16.526,99.990,0.144,0.178,g
2460560.77705,2024-09-07.2765857,bE,1.59,16.446,>16.446,99.990,-0.088,0.192,g
2460560.77831,2024-09-07.2778443,bE,1.59,16.571,>16.571,99.990,0.017,0.171,g
2460562.81649,2024-09-09.3160232,bE,1.49,16.537,>16.537,99.990,0.309,0.176,g
2460562.81774,2024-09-09.3172754,bE,1.51,16.569,>16.569,99.990,-0.101,0.171,g
2460562.81899,2024-09-09.3185203,bE,1.53,16.840,>16.840,99.990,0.110,0.133,g
2460567.76035,2024-09-14.2598927,bE,1.46,16.197,>16.197,99.990,-0.352,0.241,g
2460567.76159,2024-09-14.2611422,bE,1.62,16.310,>16.310,99.990,0.360,0.217,g
2460567.76285,2024-09-14.2623962,bE,1.48,16.236,>16.236,99.990,0.214,0.233,g
2460568.87114,2024-09-15.3706920,bi,2.5,16.094,>16.094,99.990,0.098,0.265,g
2460569.76976,2024-09-16.2693092,bE,1.48,15.556,>15.556,99.990,-0.635,0.435,g
2460569.77100,2024-09-16.2705525,bE,1.44,15.835,>15.835,99.990,-0.128,0.337,g
2460569.77224,2024-09-16.2717976,bE,1.48,15.923,>15.923,99.990,-0.781,0.310,g
2460573.75952,2024-09-20.2590987,bE,1.64,15.910,>15.910,99.990,0.457,0.314,g
2460573.76077,2024-09-20.2603407,bE,2.01,15.618,>15.618,99.990,-0.170,0.411,g
2460573.76204,2024-09-20.2616129,bE,1.94,15.496,>15.496,99.990,-0.115,0.460,g
2460577.81608,2024-09-24.3156671,bE,1.53,16.559,>16.559,99.990,0.050,0.173,g
2460577.81732,2024-09-24.3169060,bE,1.52,16.595,>16.595,99.990,0.049,0.167,g
2460577.81856,2024-09-24.3181508,bE,1.54,16.362,>16.362,99.990,0.228,0.207,g
2460578.48325,2024-09-24.9828438,bm,1.69,16.222,>16.222,99.990,-0.336,0.236,g
2460578.48449,2024-09-24.9840817,bm,1.99,16.389,>16.389,99.990,-0.207,0.202,g
2460578.48572,2024-09-24.9853173,bm,1.65,16.517,>16.517,99.990,-0.354,0.180,g
2460578.71959,2024-09-25.2191774,bE,1.50,16.465,>16.465,99.990,0.289,0.188,g
2460578.72084,2024-09-25.2204300,bE,1.54,16.533,>16.533,99.990,-0.052,0.177,g
2460578.72209,2024-09-25.2216798,bE,1.51,16.502,>16.502,99.990,0.039,0.182,g
2460579.73579,2024-09-26.2353928,bE,1.47,16.601,>16.601,99.990,0.044,0.166,g
2460579.73706,2024-09-26.2366618,bE,1.59,16.517,>16.517,99.990,-0.010,0.180,g
2460579.73831,2024-09-26.2379120,bE,1.56,16.513,>16.513,99.990,-0.051,0.180,g
2460579.90029,2024-09-26.3998850,bi,1.45,15.853,>15.853,99.990,-1.194,0.331,g
2460580.72944,2024-09-27.2290458,bE,1.52,16.355,>16.355,99.990,-0.151,0.208,g
2460580.73069,2024-09-27.2302843,bE,1.5,16.479,>16.479,99.990,0.180,0.186,g
2460580.73192,2024-09-27.2315231,bE,1.49,16.506,>16.506,99.990,0.085,0.181,g
2460582.72422,2024-09-29.2238380,bE,1.5,16.411,>16.411,99.990,0.006,0.198,g
2460582.72548,2024-09-29.2250943,bE,1.46,16.561,>16.561,99.990,0.069,0.173,g
2460582.72672,2024-09-29.2263400,bE,1.5,16.620,>16.620,99.990,0.156,0.163,g
2460583.71940,2024-09-30.2190152,bE,1.4,16.483,>16.483,99.990,0.136,0.185,g
2460583.72070,2024-09-30.2203089,bE,1.44,16.467,>16.467,99.990,0.254,0.188,g
2460583.72196,2024-09-30.2215793,bE,1.45,16.444,>16.444,99.990,0.103,0.192,g
2460584.80600,2024-10-01.3056214,bE,1.44,16.689,>16.689,99.990,0.042,0.153,g
2460584.80724,2024-10-01.3068569,bE,1.51,16.574,>16.574,99.990,0.051,0.170,g
2460584.80848,2024-10-01.3080981,bE,1.47,16.533,>16.533,99.990,-0.051,0.177,g
2460586.47393,2024-10-02.9735590,bm,2.33,16.423,>16.423,99.990,-0.101,0.196,g
2460586.47517,2024-10-02.9748053,bm,2.34,16.242,>16.242,99.990,-0.571,0.231,g
2460586.47640,2024-10-02.9760282,bm,2.32,16.474,>16.474,99.990,-0.541,0.187,g
2460587.50932,2024-10-04.0089528,bm,1.58,16.319,>16.319,99.990,-0.402,0.216,g
2460587.51055,2024-10-04.0101898,bm,1.56,16.273,>16.273,99.990,-0.340,0.225,g
2460587.51179,2024-10-04.0114255,bm,1.53,16.349,>16.349,99.990,0.193,0.210,g
2460587.78034,2024-10-04.2799792,bi,1.45,16.327,>16.327,99.990,0.239,0.214,g
2460587.78157,2024-10-04.2812135,bi,1.48,16.368,>16.368,99.990,0.508,0.206,g
2460587.78281,2024-10-04.2824453,bi,1.50,16.409,>16.409,99.990,0.005,0.198,g
2460588.45662,2024-10-04.9562643,bm,1.56,16.244,>16.244,99.990,-0.021,0.231,g
2460588.45787,2024-10-04.9575181,bm,1.53,16.182,>16.182,99.990,0.388,0.245,g
2460591.61331,2024-10-08.1129734,bm,1.56,16.311,>16.311,99.990,-0.126,0.217,g
2460591.61455,2024-10-08.1142108,bm,1.55,16.545,>16.545,99.990,0.016,0.175,g
2460591.61579,2024-10-08.1154503,bm,1.51,16.333,>16.333,99.990,0.015,0.213,g
2460592.45403,2024-10-08.9536988,bm,1.48,16.427,>16.427,99.990,0.206,0.195,g
2460592.45526,2024-10-08.9549230,bm,1.52,16.415,>16.415,99.990,0.115,0.197,g
2460592.45649,2024-10-08.9561521,bm,1.47,16.213,>16.213,99.990,0.229,0.238,g
2460593.43816,2024-10-09.9378357,bm,1.49,16.134,>16.134,99.990,-0.231,0.256,g
2460593.43941,2024-10-09.9390741,bm,1.54,16.204,>16.204,99.990,0.208,0.239,g
2460593.44062,2024-10-09.9403018,bm,1.55,16.072,>16.072,99.990,0.283,0.271,g
2460593.74722,2024-10-10.2468891,bi,1.60,16.427,>16.427,99.990,0.117,0.195,g
2460593.74844,2024-10-10.2481184,bi,1.53,16.255,>16.255,99.990,-0.122,0.229,g
2460593.74967,2024-10-10.2493414,bi,1.57,16.163,>16.163,99.990,0.209,0.249,g
2460595.44569,2024-10-11.9453814,bm,1.51,16.168,>16.168,99.990,-0.372,0.248,g
2460596.57386,2024-10-13.0735460,bm,1.51,16.366,>16.366,99.990,-0.082,0.206,g
2460596.57508,2024-10-13.0747747,bm,1.53,16.401,>16.401,99.990,-0.140,0.200,g
2460596.57632,2024-10-13.0760097,bm,1.44,16.270,>16.270,99.990,-0.103,0.226,g
2460599.72291,2024-10-16.2226309,bE,1.47,16.114,>16.114,99.990,-0.313,0.260,g
2460599.72417,2024-10-16.2238891,bE,1.45,16.103,>16.103,99.990,-0.095,0.263,g
2460599.72542,2024-10-16.2251376,bE,1.54,16.108,>16.108,99.990,0.304,0.262,g
2460599.86791,2024-10-16.3676201,bE,1.49,16.302,>16.302,99.990,-0.263,0.219,g
2460599.86916,2024-10-16.3688674,bE,1.49,16.331,>16.331,99.990,-0.085,0.213,g
2460599.87040,2024-10-16.3701188,bE,1.53,16.398,>16.398,99.990,-0.301,0.200,g
2460600.50013,2024-10-16.9998472,bm,1.63,15.436,>15.436,99.990,-0.819,0.486,g
2460600.50138,2024-10-17.0011020,bm,1.65,15.420,>15.420,99.990,0.411,0.493,g
2460600.71608,2024-10-17.2158021,bi,1.57,15.490,>15.490,99.990,0.498,0.462,g
2460600.71730,2024-10-17.2170266,bi,1.43,15.714,>15.714,99.990,0.195,0.376,g
2460600.71853,2024-10-17.2182596,bi,1.54,15.666,>15.666,99.990,-0.872,0.393,g
2460601.67435,2024-10-18.1740762,bE,1.49,16.032,>16.032,99.990,-0.600,0.281,g
2460602.79947,2024-10-19.2992072,bE,1.49,16.242,>16.242,99.990,-0.130,0.231,g
2460602.80072,2024-10-19.3004601,bE,1.51,16.176,>16.176,99.990,0.026,0.246,g
2460602.80197,2024-10-19.3017081,bE,1.54,16.282,>16.282,99.990,-0.117,0.223,g
2460603.87749,2024-10-20.3772354,bi,1.61,15.737,>15.737,99.990,-0.053,0.368,g
2460603.87872,2024-10-20.3784633,bi,1.57,15.756,>15.756,99.990,-0.894,0.362,g
2460603.87999,2024-10-20.3797334,bi,1.61,15.601,>15.601,99.990,-0.037,0.418,g
2460604.72950,2024-10-21.2292405,bE,1.63,16.260,>16.260,99.990,-0.007,0.228,g
2460604.73073,2024-10-21.2304851,bE,1.57,16.371,>16.371,99.990,0.171,0.205,g
2460605.70782,2024-10-22.2075736,bE,1.63,16.300,>16.300,99.990,0.018,0.219,g
2460605.70906,2024-10-22.2088195,bE,1.53,16.486,>16.486,99.990,-0.257,0.185,g
2460605.71031,2024-10-22.2100712,bE,1.58,16.595,>16.595,99.990,-0.045,0.167,g
2460605.87503,2024-10-22.3747864,bi,1.48,15.972,>15.972,99.990,0.605,0.297,g
2460605.87626,2024-10-22.3760224,bi,1.58,15.827,>15.827,99.990,-0.634,0.339,g
2460605.87750,2024-10-22.3772537,bi,1.56,15.744,>15.744,99.990,-0.519,0.366,g
2460606.40058,2024-10-22.9003391,bm,1.57,16.445,>16.445,99.990,0.154,0.192,g
2460606.40181,2024-10-22.9015667,bm,1.58,16.412,>16.412,99.990,-0.008,0.198,g
2460606.40305,2024-10-22.9028074,bm,1.58,16.448,>16.448,99.990,-0.211,0.191,g
2460607.39102,2024-10-23.8907913,bm,1.58,16.353,>16.353,99.990,-0.004,0.209,g
2460607.39226,2024-10-23.8920292,bm,1.53,16.416,>16.416,99.990,-0.283,0.197,g
2460607.39350,2024-10-23.8932688,bm,1.61,16.315,>16.315,99.990,0.191,0.216,g
2460607.48131,2024-10-23.9810728,bm,1.55,16.467,>16.467,99.990,0.000,0.188,g
2460607.48254,2024-10-23.9823085,bm,1.49,16.415,>16.415,99.990,-0.101,0.197,g
2460607.48379,2024-10-23.9835561,bm,1.44,16.320,>16.320,99.990,0.212,0.215,g
2460607.80668,2024-10-24.3064519,bE,1.55,16.523,>16.523,99.990,0.093,0.179,g
2460607.80792,2024-10-24.3076921,bE,1.54,16.555,>16.555,99.990,-0.014,0.173,g
2460608.80651,2024-10-25.3062862,bE,1.43,16.566,>16.566,99.990,0.167,0.172,g
2460608.80775,2024-10-25.3075225,bE,1.47,16.469,>16.469,99.990,-0.014,0.188,g
2460608.80901,2024-10-25.3087917,bE,1.45,16.453,>16.453,99.990,-0.134,0.190,g
2460609.41992,2024-10-25.9196989,bm,1.50,16.327,>16.327,99.990,-0.266,0.214,g
2460609.42115,2024-10-25.9209322,bm,1.54,16.304,>16.304,99.990,0.285,0.219,g
2460609.42237,2024-10-25.9221482,bm,1.55,16.301,>16.301,99.990,-0.032,0.219,g
2460609.52592,2024-10-26.0257003,bm,1.51,16.560,>16.560,99.990,0.015,0.173,g
2460609.52715,2024-10-26.0269339,bm,1.56,16.484,>16.484,99.990,0.061,0.185,g
2460609.52839,2024-10-26.0281780,bm,1.60,16.437,>16.437,99.990,-0.058,0.193,g
2460609.71140,2024-10-26.2111812,bE,1.53,16.438,>16.438,99.990,-0.063,0.193,g
2460609.71263,2024-10-26.2124153,bE,1.48,16.546,>16.546,99.990,-0.104,0.175,g
2460609.71387,2024-10-26.2136645,bE,1.46,16.450,>16.450,99.990,0.023,0.191,g
2460610.38804,2024-10-26.8878324,bm,1.65,16.069,>16.069,99.990,-0.054,0.271,g
2460610.38936,2024-10-26.8891515,bm,1.59,15.976,>15.976,99.990,0.700,0.296,g
2460611.64343,2024-10-28.1432336,bi,1.47,16.327,>16.327,99.990,0.079,0.214,g
2460611.64468,2024-10-28.1444788,bi,1.39,16.480,>16.480,99.990,-0.258,0.186,g
2460611.64592,2024-10-28.1457185,bi,1.46,16.421,>16.421,99.990,-0.028,0.196,g
2460611.80995,2024-10-28.3097545,bE,1.53,16.422,>16.422,99.990,0.073,0.196,g
2460611.81120,2024-10-28.3110096,bE,1.5,16.535,>16.535,99.990,0.134,0.177,g
2460611.81247,2024-10-28.3122730,bE,1.46,16.492,>16.492,99.990,0.022,0.184,g
2460612.63855,2024-10-29.1383598,bE,1.54,16.448,>16.448,99.990,-0.114,0.191,g
2460612.63980,2024-10-29.1396122,bE,1.53,16.447,>16.447,99.990,-0.003,0.192,g
2460612.64109,2024-10-29.1408906,bE,1.53,16.570,>16.570,99.990,0.007,0.171,g
2460613.64022,2024-10-30.1400348,bi,1.4,16.308,>16.308,99.990,-0.131,0.218,g
2460613.64147,2024-10-30.1412824,bi,1.4,16.374,>16.374,99.990,0.080,0.205,g
2460613.64269,2024-10-30.1425090,bi,1.43,16.343,>16.343,99.990,-0.155,0.211,g
2460614.42139,2024-10-30.9212212,bm,1.61,16.548,>16.548,99.990,0.232,0.174,g
2460614.42263,2024-10-30.9224563,bm,1.55,16.604,>16.604,99.990,0.192,0.166,g
2460614.42387,2024-10-30.9236843,bm,1.55,16.449,>16.449,99.990,0.092,0.191,g
2460614.52686,2024-10-31.0266908,bm,1.58,16.416,>16.416,99.990,-0.400,0.197,g
2460614.52810,2024-10-31.0279255,bm,1.51,16.468,>16.468,99.990,0.303,0.188,g
2460614.52933,2024-10-31.0291559,bm,1.47,16.331,>16.331,99.990,0.049,0.213,g
2460614.71398,2024-10-31.2138072,bi,1.51,16.428,>16.428,99.990,-0.198,0.195,g
2460614.71523,2024-10-31.2150561,bi,1.46,16.338,>16.338,99.990,-0.027,0.212,g
2460614.71647,2024-10-31.2162957,bi,1.41,16.432,>16.432,99.990,-0.053,0.194,g
2460615.49905,2024-10-31.9988848,bm,1.57,16.588,>16.588,99.990,-0.142,0.168,g
2460615.50028,2024-11-01.0001100,bm,1.56,16.447,>16.447,99.990,-0.398,0.192,g
2460615.50152,2024-11-01.0013597,bm,1.61,16.353,>16.353,99.990,-0.198,0.209,g
2460615.58835,2024-11-01.0881799,bm,2.06,16.471,>16.471,99.990,-0.049,0.187,g
2460615.58958,2024-11-01.0894101,bm,2.08,16.584,>16.584,99.990,-0.078,0.169,g
2460615.59082,2024-11-01.0906601,bm,2.08,16.474,>16.474,99.990,-0.136,0.187,g
2460615.75523,2024-11-01.2550583,bi,1.45,16.230,>16.230,99.990,0.149,0.234,g
2460615.75647,2024-11-01.2563045,bi,1.48,16.511,>16.511,99.990,-0.074,0.181,g
2460615.75770,2024-11-01.2575392,bi,1.43,16.546,>16.546,99.990,-0.252,0.175,g
2460621.47089,2024-11-06.9707655,bm,1.64,16.499,>16.499,99.990,-0.012,0.183,g
2460621.47232,2024-11-06.9722056,bm,1.6,16.554,>16.554,99.990,-0.176,0.174,g
2460622.46618,2024-11-07.9660677,bm,1.56,16.465,>16.465,99.990,-0.336,0.188,g
2460622.46743,2024-11-07.9673166,bm,1.62,16.404,>16.404,99.990,0.181,0.199,g
2460622.46867,2024-11-07.9685547,bm,1.54,16.451,>16.451,99.990,-0.093,0.191,g
2460624.36824,2024-11-09.8681504,bm,1.52,16.245,>16.245,99.990,0.473,0.231,g
2460624.36957,2024-11-09.8694717,bm,1.53,16.329,>16.329,99.990,0.649,0.214,g
2460624.37081,2024-11-09.8707101,bm,1.48,16.248,>16.248,99.990,-0.219,0.230,g
2460624.59523,2024-11-10.0951313,bi,1.57,16.061,>16.061,99.990,0.278,0.273,g
2460624.59647,2024-11-10.0963730,bi,1.61,16.115,>16.115,99.990,-0.210,0.260,g
2460624.59770,2024-11-10.0976063,bi,1.56,16.169,>16.169,99.990,0.577,0.247,g
2460626.34252,2024-11-11.8424385,bm,1.61,16.032,>16.032,99.990,-0.203,0.281,g
2460626.34375,2024-11-11.8436780,bm,1.57,16.161,>16.161,99.990,0.008,0.249,g
2460626.34499,2024-11-11.8449135,bm,1.57,16.112,>16.112,99.990,-0.276,0.261,g
2460626.49389,2024-11-11.9938076,bm,1.55,16.441,>16.441,99.990,0.110,0.193,g
2460626.49512,2024-11-11.9950400,bm,1.58,16.419,>16.419,99.990,-0.168,0.197,g
2460626.49635,2024-11-11.9962761,bm,1.59,16.265,>16.265,99.990,0.315,0.226,g
2460626.59224,2024-11-12.0921671,bm,1.55,16.375,>16.375,99.990,0.148,0.205,g
2460626.59349,2024-11-12.0934185,bm,1.52,99.990,99.990,99.990,99.990,99.990,g
2460626.59473,2024-11-12.0946579,bm,1.53,16.402,>16.402,99.990,0.247,0.200,g
2460627.34276,2024-11-12.8426895,bm,1.51,15.998,>15.998,99.990,-0.228,0.290,g
2460627.34399,2024-11-12.8439160,bm,1.41,16.006,>16.006,99.990,0.088,0.287,g
2460627.34523,2024-11-12.8451591,bm,1.52,15.853,>15.853,99.990,-0.066,0.331,g
2460629.68919,2024-11-15.1891371,bi,1.52,15.865,>15.865,99.990,-0.156,0.328,g
2460629.69042,2024-11-15.1903649,bi,1.46,15.729,>15.729,99.990,0.521,0.371,g
2460629.69166,2024-11-15.1916114,bi,1.51,15.980,>15.980,99.990,0.519,0.294,g
2460629.85605,2024-11-15.3559969,bi,1.51,16.127,>16.127,99.990,-0.484,0.257,g
2460629.85729,2024-11-15.3572459,bi,1.44,15.782,>15.782,99.990,-0.300,0.353,g
2460629.85852,2024-11-15.3584704,bi,1.45,15.732,>15.732,99.990,0.408,0.370,g
2460630.34879,2024-11-15.8487439,bm,1.59,15.647,>15.647,99.990,0.143,0.400,g
2460630.35004,2024-11-15.8499895,bm,1.65,15.796,>15.796,99.990,0.309,0.349,g
2460630.35128,2024-11-15.8512350,bm,1.55,15.641,>15.641,99.990,-0.606,0.403,g
2460630.56350,2024-11-16.0634518,bi,1.52,15.723,>15.723,99.990,-0.398,0.373,g
2460630.56473,2024-11-16.0646849,bi,1.48,15.637,>15.637,99.990,-0.144,0.404,g
2460630.56597,2024-11-16.0659269,bi,1.56,15.528,>15.528,99.990,0.112,0.447,g
2460631.47038,2024-11-16.9703473,bm,1.58,15.868,>15.868,99.990,0.110,0.326,g
2460631.47162,2024-11-16.9715870,bm,1.52,15.909,>15.909,99.990,-0.055,0.314,g
2460631.47286,2024-11-16.9728171,bm,1.53,15.797,>15.797,99.990,0.021,0.349,g
2460631.59610,2024-11-17.0960706,bE,1.56,16.093,>16.093,99.990,-0.045,0.265,g
2460631.59738,2024-11-17.0973446,bE,1.5,16.292,>16.292,99.990,-0.066,0.221,g
2460631.59863,2024-11-17.0985964,bE,1.66,16.028,>16.028,99.990,0.142,0.282,g
2460632.43850,2024-11-17.9384734,bm,1.51,16.167,>16.167,99.990,-0.131,0.248,g
2460632.43973,2024-11-17.9397003,bm,1.6,16.024,>16.024,99.990,-0.483,0.283,g
2460632.44097,2024-11-17.9409423,bm,1.59,16.096,>16.096,99.990,0.089,0.265,g
2460632.59262,2024-11-18.0925938,bm,1.51,15.884,>15.884,99.990,-0.825,0.322,g
2460632.59386,2024-11-18.0938362,bm,1.6,16.105,>16.105,99.990,-0.137,0.262,g
2460632.59511,2024-11-18.0950831,bm,1.6,15.936,>15.936,99.990,-0.292,0.307,g
2460635.56563,2024-11-21.0656268,bE,1.57,16.579,>16.579,99.990,0.098,0.170,g
2460635.56693,2024-11-21.0669310,bE,1.58,16.561,>16.561,99.990,0.011,0.172,g
2460635.56819,2024-11-21.0681908,bE,1.63,16.494,>16.494,99.990,0.232,0.183,g
2460636.79213,2024-11-22.2921384,bi,1.47,16.280,>16.280,99.990,-0.170,0.223,g
2460636.79336,2024-11-22.2933684,bi,1.52,16.199,>16.199,99.990,0.329,0.241,g
2460636.79460,2024-11-22.2946122,bi,1.47,16.297,>16.297,99.990,-0.035,0.220,g
2460637.45685,2024-11-22.9568637,bm,1.56,16.379,>16.379,99.990,0.163,0.204,g
2460637.45809,2024-11-22.9581072,bm,1.55,16.518,>16.518,99.990,-0.054,0.179,g
2460637.45933,2024-11-22.9593449,bm,1.53,16.470,>16.470,99.990,-0.164,0.187,g
2460638.51398,2024-11-24.0140112,bm,1.52,16.428,>16.428,99.990,-0.093,0.195,g
2460638.51521,2024-11-24.0152379,bm,1.54,16.276,>16.276,99.990,0.229,0.224,g
2460638.51648,2024-11-24.0165021,bm,1.49,16.369,>16.369,99.990,-0.222,0.206,g
2460638.58847,2024-11-24.0884973,bE,1.48,16.556,>16.556,99.990,-0.044,0.173,g
2460638.58972,2024-11-24.0897478,bE,1.48,16.533,>16.533,99.990,0.052,0.177,g
2460638.59098,2024-11-24.0910098,bE,1.49,16.761,>16.761,99.990,0.258,0.143,g
2460639.49729,2024-11-24.9973157,bm,1.51,16.531,>16.531,99.990,-0.054,0.177,g
2460639.49851,2024-11-24.9985482,bm,1.53,16.588,>16.588,99.990,0.218,0.168,g
2460639.49976,2024-11-24.9997865,bm,1.49,16.480,>16.480,99.990,0.175,0.186,g
2460640.55355,2024-11-26.0535901,bE,1.57,16.588,>16.588,99.990,0.020,0.168,g
2460640.55480,2024-11-26.0548428,bE,1.51,16.542,>16.542,99.990,0.032,0.175,g
2460640.55606,2024-11-26.0561034,bE,1.56,16.435,>16.435,99.990,0.060,0.194,g
2460641.53906,2024-11-27.0391062,bi,1.46,16.260,>16.260,99.990,0.140,0.227,g
2460641.54028,2024-11-27.0403327,bi,1.45,16.221,>16.221,99.990,-0.319,0.236,g
2460641.54151,2024-11-27.0415590,bi,1.44,16.217,>16.217,99.990,0.007,0.237,g
2460642.53956,2024-11-28.0396171,bi,1.43,16.297,>16.297,99.990,0.046,0.220,g
2460642.54081,2024-11-28.0408655,bi,1.42,16.238,>16.238,99.990,0.139,0.232,g
2460642.54204,2024-11-28.0421070,bi,1.47,16.313,>16.313,99.990,-0.533,0.217,g
2460642.61100,2024-11-28.1110648,bi,1.5,16.466,>16.466,99.990,0.113,0.188,g
2460642.61224,2024-11-28.1122989,bi,1.48,16.299,>16.299,99.990,0.088,0.220,g
2460642.61347,2024-11-28.1135299,bi,1.49,16.660,>16.660,99.990,0.086,0.157,g
2460643.50125,2024-11-29.0013215,bm,1.97,16.468,>16.468,99.990,-0.035,0.188,g
2460643.50251,2024-11-29.0025783,bm,1.55,16.465,>16.465,99.990,0.156,0.188,g
2460643.50375,2024-11-29.0038149,bm,1.96,16.323,>16.323,99.990,-0.171,0.215,g
2460643.58203,2024-11-29.0821006,bm,2.05,16.450,>16.450,99.990,-0.204,0.191,g
2460643.58329,2024-11-29.0833528,bm,2.07,16.510,>16.510,99.990,-0.132,0.181,g
2460643.58452,2024-11-29.0845865,bm,2.1,16.358,>16.358,99.990,-0.412,0.208,g
2460644.32085,2024-11-29.8209219,bm,1.68,16.442,>16.442,99.990,-0.044,0.192,g
2460644.32209,2024-11-29.8221707,bm,1.75,16.542,>16.542,99.990,-0.017,0.176,g
2460644.32336,2024-11-29.8234336,bm,1.56,16.554,>16.554,99.990,-0.032,0.173,g
2460644.52831,2024-11-30.0283903,bi,1.51,16.107,>16.107,99.990,0.347,0.262,g
2460644.52954,2024-11-30.0296180,bi,1.46,16.304,>16.304,99.990,0.531,0.218,g
2460644.53078,2024-11-30.0308518,bi,1.44,16.317,>16.317,99.990,0.025,0.216,g
2460645.28770,2024-11-30.7877842,bm,1.63,16.404,>16.404,99.990,-0.091,0.199,g
2460645.28896,2024-11-30.7890437,bm,1.72,16.469,>16.469,99.990,0.214,0.188,g
2460645.29024,2024-11-30.7903197,bm,1.64,16.459,>16.459,99.990,-0.002,0.189,g
2460645.54262,2024-12-01.0427072,bi,1.45,16.423,>16.423,99.990,-0.123,0.196,g
2460645.54386,2024-12-01.0439532,bi,1.4,16.184,>16.184,99.990,-0.044,0.244,g
2460645.54509,2024-12-01.0451722,bi,1.38,16.339,>16.339,99.990,0.293,0.212,g
2460645.60158,2024-12-01.1016737,bi,1.57,16.236,>16.236,99.990,0.235,0.233,g
2460645.60281,2024-12-01.1028967,bi,1.45,16.326,>16.326,99.990,0.083,0.214,g
2460645.60404,2024-12-01.1041218,bi,1.44,16.297,>16.297,99.990,-0.275,0.220,g
2460647.55022,2024-12-03.0503210,bi,1.53,16.371,>16.371,99.990,0.221,0.205,g
2460647.55147,2024-12-03.0515649,bi,1.52,16.442,>16.442,99.990,-0.351,0.192,g
2460647.55269,2024-12-03.0527899,bi,1.56,16.352,15.404,0.092,2.503,0.209,g
2460648.49405,2024-12-03.9941585,bm,1.5,16.428,>16.428,99.990,0.213,0.195,g
2460648.49528,2024-12-03.9953946,bm,1.55,16.464,>16.464,99.990,-0.080,0.189,g
2460648.49652,2024-12-03.9966296,bm,1.57,16.592,>16.592,99.990,-0.355,0.168,g
2460648.57783,2024-12-04.0779359,bm,1.45,16.360,>16.360,99.990,0.062,0.207,g
2460648.57906,2024-12-04.0791780,bm,1.56,16.422,>16.422,99.990,0.093,0.196,g
2460648.58031,2024-12-04.0804128,bm,1.53,16.366,>16.366,99.990,-0.081,0.206,g
2460650.55563,2024-12-06.0557579,bi,1.47,16.213,>16.213,99.990,-0.290,0.238,g
2460650.55688,2024-12-06.0570043,bi,1.52,16.292,>16.292,99.990,-0.232,0.221,g
2460650.55810,2024-12-06.0582238,bi,1.47,16.183,>16.183,99.990,0.057,0.244,g
2460651.49487,2024-12-06.9950054,bm,1.56,16.381,>16.381,99.990,-0.301,0.203,g
2460651.49610,2024-12-06.9962357,bm,1.53,16.262,>16.262,99.990,-0.310,0.227,g
2460651.49735,2024-12-06.9974826,bm,1.65,16.244,>16.244,99.990,0.552,0.231,g
2460652.44573,2024-12-07.9458707,bm,1.54,16.543,>16.543,99.990,-0.008,0.175,g
2460652.44695,2024-12-07.9470960,bm,1.51,16.396,>16.396,99.990,0.016,0.201,g
2460652.44820,2024-12-07.9483476,bm,1.5,16.474,>16.474,99.990,-0.022,0.187,g
2460652.53399,2024-12-08.0341258,bE,1.51,16.342,>16.342,99.990,0.025,0.211,g
2460652.53525,2024-12-08.0353913,bE,1.54,16.327,>16.327,99.990,-0.073,0.214,g
2460652.53650,2024-12-08.0366486,bE,1.53,16.388,>16.388,99.990,0.119,0.202,g
2460652.57926,2024-12-08.0794062,bi,1.58,16.276,>16.276,99.990,-0.170,0.224,g
2460652.58049,2024-12-08.0806291,bi,1.62,16.261,>16.261,99.990,-0.064,0.227,g
2460652.58172,2024-12-08.0818693,bi,1.49,16.368,>16.368,99.990,-0.021,0.206,g
2460652.63275,2024-12-08.1328853,bi,1.54,16.343,>16.343,99.990,-0.200,0.211,g
2460652.63396,2024-12-08.1341130,bi,1.57,16.213,>16.213,99.990,0.190,0.238,g
2460652.63521,2024-12-08.1353548,bi,1.62,16.228,>16.228,99.990,-0.273,0.234,g
2460654.41710,2024-12-09.9172619,bm,1.56,16.435,>16.435,99.990,-0.344,0.194,g
2460654.41834,2024-12-09.9184989,bm,1.56,16.306,>16.306,99.990,0.216,0.218,g
2460654.41958,2024-12-09.9197387,bm,1.61,16.388,>16.388,99.990,0.292,0.202,g
2460654.51932,2024-12-10.0194765,bm,1.48,16.398,>16.398,99.990,-0.009,0.200,g
2460654.52055,2024-12-10.0207125,bm,1.59,16.204,>16.204,99.990,0.255,0.240,g
2460654.52179,2024-12-10.0219471,bm,1.61,16.468,>16.468,99.990,-0.027,0.188,g
2460656.55011,2024-12-12.0502842,bi,1.48,15.914,>15.914,99.990,0.562,0.313,g
2460656.55135,2024-12-12.0515246,bi,1.45,15.896,>15.896,99.990,-0.168,0.318,g
2460656.55259,2024-12-12.0527710,bi,1.57,15.850,>15.850,99.990,-0.037,0.332,g
2460657.52498,2024-12-13.0251600,bE,1.62,15.743,>15.743,99.990,-0.206,0.366,g
2460657.52625,2024-12-13.0264362,bE,1.93,15.810,>15.810,99.990,-0.048,0.344,g
2460657.52749,2024-12-13.0276712,bE,1.52,15.804,>15.804,99.990,-0.560,0.346,g
2460657.58216,2024-12-13.0823423,bE,1.51,16.152,>16.152,99.990,0.158,0.251,g
2460657.58340,2024-12-13.0835892,bE,1.56,16.229,>16.229,99.990,-0.290,0.234,g
2460657.58466,2024-12-13.0848396,bE,1.52,16.206,>16.206,99.990,-0.344,0.239,g
2460658.30271,2024-12-13.8028975,bm,1.52,15.720,>15.720,99.990,-0.143,0.374,g
2460658.30395,2024-12-13.8041348,bm,1.56,15.687,>15.687,99.990,-0.212,0.386,g
2460658.30519,2024-12-13.8053755,bm,1.54,15.910,>15.910,99.990,-0.659,0.314,g
2460658.58655,2024-12-14.0867466,bm,2.12,16.161,>16.161,99.990,-0.540,0.249,g
2460658.58778,2024-12-14.0879750,bm,2.13,16.214,>16.214,99.990,-0.237,0.237,g
2460658.58902,2024-12-14.0892123,bm,2.11,16.350,>16.350,99.990,-0.264,0.209,g
2460659.29165,2024-12-14.7918449,bm,2.29,15.679,>15.679,99.990,-0.546,0.388,g
2460659.29289,2024-12-14.7930925,bm,2.32,15.662,>15.662,99.990,-0.445,0.395,g
2460659.29413,2024-12-14.7943274,bm,2.22,15.713,>15.713,99.990,-0.950,0.377,g
2460659.39063,2024-12-14.8908306,bm,1.58,15.808,>15.808,99.990,0.672,0.345,g
2460659.39189,2024-12-14.8920878,bm,1.62,15.751,>15.751,99.990,-0.013,0.363,g
2460659.39313,2024-12-14.8933258,bm,1.65,15.842,>15.842,99.990,-0.225,0.334,g
2460659.53366,2024-12-15.0338643,bi,1.41,15.585,>15.585,99.990,-0.336,0.424,g
2460659.53490,2024-12-15.0350978,bi,1.5,15.643,>15.643,99.990,0.311,0.402,g
2460659.53613,2024-12-15.0363346,bi,1.56,15.716,>15.716,99.990,-0.490,0.375,g
2460659.59466,2024-12-15.0948637,bi,1.53,15.828,>15.828,99.990,-0.215,0.339,g
2460659.59590,2024-12-15.0961026,bi,1.51,15.697,>15.697,99.990,-0.224,0.382,g
2460659.59716,2024-12-15.0973561,bi,1.51,15.743,>15.743,99.990,0.480,0.366,g
2460659.64349,2024-12-15.1436959,bi,1.52,15.625,>15.625,99.990,-0.084,0.408,g
2460659.64473,2024-12-15.1449208,bi,1.47,15.620,>15.620,99.990,-0.349,0.410,g
2460659.64596,2024-12-15.1461586,bi,1.55,15.840,>15.840,99.990,-0.596,0.335,g
2460661.51628,2024-12-17.0165017,bm,1.53,15.952,>15.952,99.990,0.309,0.302,g
2460661.51752,2024-12-17.0177317,bm,1.55,15.944,>15.944,99.990,-0.139,0.304,g
2460661.51877,2024-12-17.0189843,bm,1.6,15.754,>15.754,99.990,0.082,0.363,g
2460661.58386,2024-12-17.0840767,bi,1.48,16.091,>16.091,99.990,-0.246,0.266,g
2460661.58509,2024-12-17.0853038,bi,1.42,16.105,>16.105,99.990,0.287,0.262,g
2460661.58632,2024-12-17.0865371,bi,1.43,15.995,>15.995,99.990,0.347,0.290,g
2460662.58216,2024-12-18.0823857,bm,1.54,16.056,>16.056,99.990,0.126,0.274,g
2460662.58340,2024-12-18.0836170,bm,1.53,15.870,>15.870,99.990,0.152,0.326,g
2460662.58463,2024-12-18.0848508,bm,1.52,15.866,>15.866,99.990,-0.180,0.327,g
2460663.53779,2024-12-19.0380202,bm,1.54,16.078,>16.078,99.990,-0.135,0.269,g
2460664.53563,2024-12-20.0358679,bm,1.61,16.104,>16.104,99.990,-0.149,0.263,g
2460664.53686,2024-12-20.0370945,bm,1.61,16.136,>16.136,99.990,-0.009,0.255,g
2460664.53809,2024-12-20.0383318,bm,1.61,15.994,>15.994,99.990,0.305,0.291,g
2460665.53212,2024-12-21.0323616,bi,1.44,16.190,>16.190,99.990,0.075,0.243,g
2460665.53337,2024-12-21.0336092,bi,1.52,16.161,>16.161,99.990,0.075,0.249,g
2460665.53458,2024-12-21.0348290,bi,1.48,16.264,>16.264,99.990,0.174,0.227,g
2460665.58909,2024-12-21.0893380,bE,1.51,16.599,>16.599,99.990,0.079,0.167,g
2460665.59035,2024-12-21.0905907,bE,1.47,16.446,>16.446,99.990,0.122,0.192,g
2460665.59161,2024-12-21.0918512,bE,1.47,16.578,>16.578,99.990,0.085,0.170,g
2460666.52877,2024-12-22.0290206,bi,1.53,15.760,>15.760,99.990,0.398,0.361,g
2460666.52999,2024-12-22.0302493,bi,1.56,15.831,>15.831,99.990,-0.373,0.338,g
2460666.53123,2024-12-22.0314804,bi,1.53,15.906,>15.906,99.990,-0.195,0.315,g
2460666.84127,2024-12-22.3415224,bE,1.52,16.442,>16.442,99.990,0.141,0.192,g
2460666.84251,2024-12-22.3427656,bE,1.51,16.371,>16.371,99.990,0.257,0.205,g
2460666.84376,2024-12-22.3440138,bE,1.46,16.348,>16.348,99.990,0.063,0.210,g
2460667.42373,2024-12-22.9239870,bm,1.56,16.468,>16.468,99.990,0.200,0.188,g
2460667.42497,2024-12-22.9252195,bm,1.55,16.432,>16.432,99.990,0.172,0.194,g
2460667.42619,2024-12-22.9264461,bm,1.62,16.446,>16.446,99.990,0.063,0.192,g
2460668.28767,2024-12-23.7879369,bm,2.04,16.227,>16.227,99.990,-0.239,0.235,g
2460668.28893,2024-12-23.7891938,bm,2.01,16.413,>16.413,99.990,0.197,0.198,g
2460668.29019,2024-12-23.7904511,bm,1.97,16.257,>16.257,99.990,0.399,0.228,g
2460668.47264,2024-12-23.9729069,bm,1.56,16.380,>16.380,99.990,0.108,0.204,g
2460668.47396,2024-12-23.9742238,bm,1.62,16.437,>16.437,99.990,-0.278,0.193,g
2460668.47522,2024-12-23.9754915,bm,1.49,16.447,>16.447,99.990,0.105,0.192,g
2460669.65628,2024-12-25.1565482,bE,1.48,16.541,>16.541,99.990,0.117,0.176,g
2460669.65752,2024-12-25.1578033,bE,1.5,16.559,>16.559,99.990,0.184,0.173,g
2460669.65877,2024-12-25.1590468,bE,1.47,16.504,>16.504,99.990,0.178,0.182,g
2460670.47992,2024-12-25.9801960,bm,2.47,16.339,>16.339,99.990,-0.276,0.212,g
2460670.48243,2024-12-25.9827081,bm,2.5,16.384,>16.384,99.990,0.125,0.203,g
2460672.28096,2024-12-27.7812543,bm,2.49,15.495,>15.495,99.990,-0.312,0.460,g
2460672.28219,2024-12-27.7824811,bm,2.47,15.698,>15.698,99.990,-0.076,0.382,g
2460673.53040,2024-12-29.0307025,bi,1.43,15.527,>15.527,99.990,0.783,0.447,g
2460673.53163,2024-12-29.0319300,bi,1.49,15.493,>15.493,99.990,0.025,0.461,g
2460673.53286,2024-12-29.0331636,bi,1.48,15.669,>15.669,99.990,0.464,0.392,g
2460676.28535,2024-12-31.7856684,bm,2.39,15.899,>15.899,99.990,0.713,0.317,g
2460676.28659,2024-12-31.7869116,bm,2.38,16.112,>16.112,99.990,-0.459,0.261,g
2460676.28782,2024-12-31.7881408,bm,2.33,16.169,>16.169,99.990,0.378,0.248,g
2460676.55007,2025-01-01.0503898,bi,1.47,16.184,>16.184,99.990,0.210,0.244,g
2460676.55131,2025-01-01.0516337,bi,1.41,16.205,>16.205,99.990,0.155,0.239,g
2460676.55255,2025-01-01.0528653,bi,1.4,16.198,>16.198,99.990,0.200,0.241,g
2460677.39102,2025-01-01.8913488,bm,1.62,16.648,>16.648,99.990,0.037,0.159,g
2460677.39226,2025-01-01.8925822,bm,1.55,16.477,>16.477,99.990,0.304,0.186,g
2460677.39351,2025-01-01.8938416,bm,1.61,16.376,>16.376,99.990,0.135,0.205,g
2460677.50113,2025-01-02.0014561,bm,1.54,16.363,>16.363,99.990,-0.055,0.207,g
2460677.50236,2025-01-02.0026877,bm,1.52,16.477,>16.477,99.990,0.726,0.186,g
2460677.50362,2025-01-02.0039439,bm,1.52,16.378,>16.378,99.990,-0.277,0.204,g
2460683.74511,2025-01-08.2454731,bi,1.53,16.130,>16.130,99.990,-0.377,0.256,g
2460683.74633,2025-01-08.2466958,bi,1.51,16.331,>16.331,99.990,-0.131,0.213,g
2460683.74755,2025-01-08.2479153,bi,1.41,16.286,>16.286,99.990,-0.136,0.222,g
2460684.66469,2025-01-09.1650578,bE,1.62,16.419,>16.419,99.990,0.178,0.197,g
2460684.66594,2025-01-09.1663119,bE,1.54,16.328,>16.328,99.990,0.110,0.214,g
2460684.66718,2025-01-09.1675553,bE,1.49,16.507,>16.507,99.990,0.298,0.181,g
2460685.54287,2025-01-10.0432421,bm,2.34,16.527,>16.527,99.990,-0.130,0.178,g
2460685.54412,2025-01-10.0444953,bm,2.3,16.303,>16.303,99.990,-0.016,0.219,g
2460685.54539,2025-01-10.0457640,bm,2.31,16.536,>16.536,99.990,-0.282,0.176,g
2460686.62579,2025-01-11.1261765,bE,1.6,16.282,>16.282,99.990,0.186,0.223,g
2460686.62704,2025-01-11.1274241,bE,1.45,16.304,>16.304,99.990,-0.051,0.218,g
2460686.62830,2025-01-11.1286758,bE,1.49,16.220,>16.220,99.990,0.475,0.236,g
2460687.61012,2025-01-12.1105098,bi,1.47,16.005,>16.005,99.990,0.350,0.288,g
2460687.61135,2025-01-12.1117299,bi,1.47,16.144,>16.144,99.990,-0.041,0.253,g
2460687.61256,2025-01-12.1129539,bi,1.49,16.088,>16.088,99.990,0.246,0.267,g
2460689.55172,2025-01-14.0521099,bm,2.18,15.580,>15.580,99.990,-0.727,0.426,g
2460689.55295,2025-01-14.0533436,bm,2.17,15.455,>15.455,99.990,-0.155,0.478,g
2460689.55418,2025-01-14.0545809,bm,2.2,15.415,>15.415,99.990,-0.028,0.495,g
2460690.74329,2025-01-15.2436879,bE,1.64,15.968,>15.968,99.990,0.308,0.298,g
2460690.74453,2025-01-15.2449400,bE,1.53,15.996,>15.996,99.990,-0.024,0.290,g
2460690.74579,2025-01-15.2461982,bE,1.5,15.976,>15.976,99.990,-0.343,0.296,g
2460691.64085,2025-01-16.1412500,bi,1.46,16.196,>16.196,99.990,-0.264,0.241,g
2460691.64209,2025-01-16.1424893,bi,1.47,15.982,>15.982,99.990,-0.590,0.294,g
2460691.64333,2025-01-16.1437403,bi,1.5,15.954,>15.954,99.990,-0.267,0.302,g
2460692.66996,2025-01-17.1703714,bi,1.51,16.177,>16.177,99.990,-0.288,0.246,g
2460693.28933,2025-01-17.7897526,bm,1.55,16.645,>16.645,99.990,0.163,0.160,g
2460693.40326,2025-01-17.9036785,bm,1.58,16.145,>16.145,99.990,-0.384,0.253,g
2460693.40450,2025-01-17.9049136,bm,1.54,16.160,>16.160,99.990,-0.536,0.249,g
2460693.40578,2025-01-17.9061945,bm,1.56,99.990,99.990,99.990,99.990,99.990,g
2460694.35513,2025-01-18.8555583,bm,1.55,16.478,>16.478,99.990,-0.083,0.186,g
2460694.35643,2025-01-18.8568431,bm,1.52,16.375,>16.375,99.990,0.117,0.205,g
2460694.35768,2025-01-18.8580993,bm,1.53,16.498,>16.498,99.990,-0.068,0.183,g
2460695.78570,2025-01-20.2861247,bE,1.53,16.274,>16.274,99.990,0.035,0.225,g
2460695.78820,2025-01-20.2886258,bE,1.58,16.439,>16.439,99.990,-0.007,0.193,g
2460698.75830,2025-01-23.2587334,bE,1.55,16.432,>16.432,99.990,0.127,0.194,g
2460699.28128,2025-01-23.7817217,bm,1.54,15.811,>15.811,99.990,0.428,0.344,g
2460699.28252,2025-01-23.7829554,bm,1.47,16.096,>16.096,99.990,-0.164,0.265,g
2460699.28376,2025-01-23.7841938,bm,1.49,16.141,>16.141,99.990,-0.183,0.254,g
2460699.76562,2025-01-24.2660523,bi,1.49,16.361,>16.361,99.990,0.106,0.207,g
2460699.76684,2025-01-24.2672805,bi,2.41,15.872,>15.872,99.990,0.396,0.325,g
2460701.54939,2025-01-26.0498333,bi,1.46,16.413,>16.413,99.990,0.046,0.198,g
2460701.55185,2025-01-26.0523042,bi,1.39,16.356,>16.356,99.990,0.072,0.208,g
2460703.73408,2025-01-28.2345359,bi,1.51,16.614,>16.614,99.990,-0.277,0.164,g
2460703.73531,2025-01-28.2357600,bi,1.5,16.515,>16.515,99.990,0.112,0.180,g
2460703.73655,2025-01-28.2370076,bi,1.55,99.990,99.990,99.990,99.990,99.990,g
2460704.54497,2025-01-29.0454305,bE,1.54,16.511,>16.511,99.990,0.145,0.180,g
2460704.54622,2025-01-29.0466771,bE,1.51,16.500,>16.500,99.990,0.091,0.182,g
2460704.54747,2025-01-29.0479252,bE,1.51,16.471,>16.471,99.990,0.147,0.187,g
2460705.68590,2025-01-30.1863684,bi,1.43,16.448,>16.448,99.990,0.168,0.191,g
2460705.68714,2025-01-30.1876034,bi,1.35,16.365,>16.365,99.990,0.279,0.206,g
2460705.68837,2025-01-30.1888347,bi,1.43,16.402,>16.402,99.990,0.268,0.200,g
2460706.52441,2025-01-31.0248700,bi,1.94,15.867,>15.867,99.990,-0.010,0.327,g
2460706.52564,2025-01-31.0261106,bi,1.57,15.775,>15.775,99.990,-0.306,0.356,g
2460706.52689,2025-01-31.02735,bi,1.52,15.996,>15.996,99.990,0.330,0.290,g
2460707.65642,2025-02-01.1568915,bi,1.49,16.335,>16.335,99.990,0.333,0.212,g
2460708.32609,2025-02-01.8265601,bm,1.99,16.460,>16.460,99.990,-0.124,0.189,g
2460708.32733,2025-02-01.8277982,bm,2.01,16.508,>16.508,99.990,-0.049,0.181,g
2460708.32857,2025-02-01.8290386,bm,2.0,16.628,>16.628,99.990,-0.141,0.162,g
2460709.55284,2025-02-03.0533123,bi,1.41,16.451,>16.451,99.990,0.132,0.191,g
2460710.55264,2025-02-04.0531127,bE,1.46,16.470,>16.470,99.990,0.054,0.188,g
2460710.55389,2025-02-04.0543655,bE,1.43,16.475,>16.475,99.990,0.297,0.187,g
2460710.55514,2025-02-04.0556180,bE,1.47,16.481,>16.481,99.990,0.168,0.186,g
2460711.61743,2025-02-05.1179042,bE,1.47,16.468,>16.468,99.990,0.252,0.188,g
2460711.61869,2025-02-05.1191708,bE,1.47,16.412,>16.412,99.990,0.061,0.198,g
2460711.61995,2025-02-05.1204259,bE,1.53,16.560,>16.560,99.990,0.208,0.173,g
2460712.61304,2025-02-06.1135214,bi,1.42,16.255,>16.255,99.990,0.070,0.229,g
2460713.59721,2025-02-07.0976868,bE,1.48,16.395,>16.395,99.990,0.121,0.201,g
2460713.59846,2025-02-07.0989418,bE,1.5,16.342,>16.342,99.990,0.106,0.211,g
2460713.59972,2025-02-07.1001960,bE,1.46,16.301,>16.301,99.990,0.133,0.219,g
2460714.58924,2025-02-08.0897225,bi,1.5,16.115,>16.115,99.990,-0.079,0.260,g
2460714.59048,2025-02-08.0909619,bi,1.44,16.132,>16.132,99.990,0.407,0.256,g
2460717.70549,2025-02-11.2059765,bE,1.56,15.961,>15.961,99.990,0.342,0.300,g
2460718.33147,2025-02-11.8319556,bm,1.61,15.905,>15.905,99.990,0.292,0.316,g
2460718.33271,2025-02-11.8331996,bm,1.49,15.828,>15.828,99.990,-0.132,0.339,g
2460718.33394,2025-02-11.8344214,bm,1.57,15.990,>15.990,99.990,-0.093,0.292,g
2460721.44447,2025-02-14.9449582,bm,2.15,15.820,>15.820,99.990,0.182,0.341,g
2460721.44571,2025-02-14.9461979,bm,2.12,15.943,>15.943,99.990,-0.125,0.305,g
2460723.27273,2025-02-16.7732197,bm,1.53,16.391,>16.391,99.990,0.224,0.202,g
2460728.44342,2025-02-21.9439182,bm,2.22,16.416,>16.416,99.990,-0.286,0.197,g
2460728.44466,2025-02-21.9451515,bm,2.2,16.355,>16.355,99.990,-0.130,0.209,g
2460728.44589,2025-02-21.9463886,bm,2.18,16.230,>16.230,99.990,0.186,0.234,g
2460729.55465,2025-02-23.0551341,bE,1.49,16.427,>16.427,99.990,-0.094,0.195,g
2460729.55589,2025-02-23.0563843,bE,1.49,16.520,>16.520,99.990,0.203,0.179,g
2460729.55715,2025-02-23.0576413,bE,1.43,16.547,>16.547,99.990,0.082,0.175,g
2460731.40923,2025-02-24.9097273,bm,2.11,16.369,>16.369,99.990,-0.103,0.206,g
2460731.41046,2025-02-24.9109516,bm,2.14,16.451,>16.451,99.990,0.130,0.191,g
2460733.54740,2025-02-27.0478827,bi,1.39,16.417,>16.417,99.990,0.349,0.197,g
2460733.54863,2025-02-27.0491136,bi,1.44,16.503,>16.503,99.990,0.136,0.182,g
2460733.54986,2025-02-27.0503447,bi,1.39,16.356,>16.356,99.990,0.298,0.208,g
2460736.59415,2025-03-02.0946342,bi,1.52,16.414,>16.414,99.990,0.118,0.197,g
2460736.59540,2025-03-02.0958766,bi,1.47,16.314,>16.314,99.990,-0.070,0.217,g
2460736.59664,2025-03-02.0971255,bi,1.43,16.385,>16.385,99.990,0.012,0.203,g
2460737.38654,2025-03-02.8870223,bm,1.58,16.417,>16.417,99.990,-0.048,0.197,g
2460737.38779,2025-03-02.8882687,bm,1.56,16.481,>16.481,99.990,-0.015,0.186,g
2460737.38903,2025-03-02.8895104,bm,1.62,16.337,>16.337,99.990,0.032,0.212,g
2460738.63447,2025-03-04.1349510,bi,1.5,16.392,>16.392,99.990,0.130,0.201,g
2460738.63573,2025-03-04.1362119,bi,1.41,16.275,15.541,0.112,2.206,0.225,g
2460738.63697,2025-03-04.1374531,bi,1.39,16.362,>16.362,99.990,-0.030,0.207,g
2460740.33102,2025-03-05.8314896,bm,1.6,16.337,>16.337,99.990,-0.115,0.212,g
2460740.33225,2025-03-05.8327218,bm,1.61,16.372,>16.372,99.990,-0.004,0.205,g
2460740.33349,2025-03-05.8339743,bm,1.48,16.323,>16.323,99.990,0.142,0.215,g
2460741.52204,2025-03-07.0225206,bi,1.44,16.290,>16.290,99.990,0.320,0.221,g
2460741.52328,2025-03-07.0237465,bi,1.46,16.354,>16.354,99.990,-0.039,0.209,g
2460741.52449,2025-03-07.0249699,bi,1.39,16.260,>16.260,99.990,-0.101,0.227,g
2460742.55917,2025-03-08.0596392,bE,1.51,16.490,>16.490,99.990,-0.084,0.184,g
2460742.56042,2025-03-08.0608931,bE,1.52,16.328,>16.328,99.990,0.636,0.214,g
2460742.56168,2025-03-08.0621413,bE,1.51,16.382,>16.382,99.990,0.212,0.203,g
2460743.54677,2025-03-09.0472415,bi,1.41,16.164,>16.164,99.990,-0.446,0.249,g
2460743.54800,2025-03-09.0484658,bi,1.49,16.288,>16.288,99.990,-0.063,0.222,g
2460743.54923,2025-03-09.0496986,bi,1.42,16.235,>16.235,99.990,0.491,0.233,g
2460744.61924,2025-03-10.1197017,bE,1.5,16.312,>16.312,99.990,-0.072,0.217,g
2460744.62048,2025-03-10.1209533,bE,1.48,16.187,>16.187,99.990,0.425,0.243,g
2460744.62173,2025-03-10.1221934,bE,1.49,16.198,>16.198,99.990,-0.145,0.241,g
2460745.59036,2025-03-11.0908155,bi,1.59,15.929,>15.929,99.990,-0.133,0.309,g
2460745.59158,2025-03-11.0920452,bi,1.47,16.148,>16.148,99.990,-0.451,0.252,g
2460745.59282,2025-03-11.0932717,bi,1.45,16.037,>16.037,99.990,-0.693,0.279,g
2460746.51060,2025-03-12.0110563,bE,1.54,16.138,>16.138,99.990,0.320,0.255,g
2460746.51184,2025-03-12.0122964,bE,1.62,16.156,>16.156,99.990,0.303,0.250,g
2460746.51308,2025-03-12.0135459,bE,1.57,16.211,>16.211,99.990,0.188,0.238,g
2460747.51315,2025-03-13.0136071,bi,1.42,15.889,>15.889,99.990,0.563,0.320,g
2460747.51439,2025-03-13.0148444,bi,1.5,15.880,>15.880,99.990,0.490,0.323,g
2460747.51563,2025-03-13.0160805,bi,1.47,16.056,>16.056,99.990,0.615,0.275,g
2460748.50484,2025-03-14.0052988,bi,1.41,15.943,>15.943,99.990,0.361,0.305,g
2460748.50606,2025-03-14.0065194,bi,1.43,15.923,>15.923,99.990,0.416,0.310,g
2460748.50732,2025-03-14.0077649,bi,1.49,15.858,>15.858,99.990,-0.025,0.330,g
2460749.50422,2025-03-15.0046747,bE,1.44,15.780,>15.780,99.990,1.149,0.354,g
2460749.50549,2025-03-15.0059381,bE,1.5,15.150,>15.150,99.990,-0.042,0.632,g
2460749.50673,2025-03-15.0071841,bE,1.5,15.462,>15.462,99.990,0.847,0.475,g
2460750.50664,2025-03-16.0070916,bi,1.45,16.033,>16.033,99.990,0.301,0.280,g
2460750.50788,2025-03-16.0083229,bi,1.42,16.017,>16.017,99.990,-0.182,0.285,g
2460750.50911,2025-03-16.0095546,bi,1.47,16.140,>16.140,99.990,-0.275,0.254,g
2460751.55497,2025-03-17.0554172,bE,1.46,16.151,>16.151,99.990,0.287,0.251,g
2460751.55622,2025-03-17.0566641,bE,1.47,16.285,>16.285,99.990,-0.005,0.222,g
2460751.55747,2025-03-17.0579115,bE,1.47,16.211,>16.211,99.990,0.048,0.238,g
2460752.52033,2025-03-18.0207667,bi,1.44,16.500,>16.500,99.990,0.368,0.182,g
2460752.52158,2025-03-18.0220160,bi,1.45,16.416,>16.416,99.990,0.006,0.197,g
2460752.52280,2025-03-18.0232384,bi,1.43,16.502,>16.502,99.990,0.153,0.182,g
2460753.57238,2025-03-19.0728114,bi,1.43,16.386,>16.386,99.990,0.448,0.203,g
2460753.57361,2025-03-19.0740509,bi,1.48,16.334,>16.334,99.990,0.105,0.213,g
2460753.57485,2025-03-19.0752799,bi,1.5,16.314,>16.314,99.990,0.218,0.216,g
2460758.61547,2025-03-24.1158821,bE,1.56,16.438,>16.438,99.990,0.393,0.193,g
2460758.61672,2025-03-24.1171347,bE,2.37,16.464,>16.464,99.990,0.074,0.188,g
2460762.58077,2025-03-28.0811598,bE,1.57,16.555,>16.555,99.990,0.133,0.173,g
2460762.58201,2025-03-28.0824008,bE,1.64,16.457,>16.457,99.990,0.133,0.190,g
2460762.58328,2025-03-28.0836701,bE,1.65,16.588,>16.588,99.990,-0.103,0.168,g
2460764.52168,2025-03-30.0220687,bE,1.47,16.566,>16.566,99.990,0.153,0.172,g
2460764.52293,2025-03-30.0233135,bE,1.47,16.542,>16.542,99.990,0.358,0.175,g
2460764.52418,2025-03-30.0245662,bE,1.49,16.505,>16.505,99.990,0.290,0.182,g
2460767.59057,2025-04-02.0909303,bE,1.57,16.469,>16.469,99.990,-0.046,0.188,g
2460767.59181,2025-04-02.0921780,bE,1.62,16.454,>16.454,99.990,0.023,0.190,g
2460768.57509,2025-04-03.0754498,bi,1.67,16.594,>16.594,99.990,-0.447,0.167,g
2460768.57631,2025-04-03.0766739,bi,1.68,16.498,>16.498,99.990,-0.107,0.183,g
2460768.57755,2025-04-03.0779108,bi,1.96,16.452,>16.452,99.990,-0.454,0.191,g
2460769.49083,2025-04-03.9911885,bi,1.43,16.372,>16.372,99.990,0.107,0.205,g
2460769.49207,2025-04-03.9924281,bi,1.38,16.288,>16.288,99.990,0.879,0.222,g
2460769.49331,2025-04-03.9936688,bi,1.43,16.539,>16.539,99.990,0.437,0.176,g
2460770.57537,2025-04-05.0757269,bE,1.47,99.990,99.990,99.990,99.990,99.990,g
2460770.57663,2025-04-05.0769853,bE,1.5,16.502,>16.502,99.990,0.203,0.182,g
2460770.57789,2025-04-05.0782366,bE,1.36,16.482,>16.482,99.990,0.110,0.185,g
2460771.47780,2025-04-05.9781436,bi,1.51,16.033,>16.033,99.990,0.065,0.280,g
2460771.47905,2025-04-05.9793924,bi,1.5,16.151,>16.151,99.990,-0.535,0.252,g
2460771.48027,2025-04-05.9806212,bi,1.45,16.075,>16.075,99.990,0.165,0.270,g
2460772.49585,2025-04-06.9961863,bi,1.7,16.152,>16.152,99.990,0.003,0.251,g
2460772.49708,2025-04-06.9974187,bi,1.71,16.146,>16.146,99.990,-0.357,0.253,g
2460772.49833,2025-04-06.9986628,bi,1.98,16.198,>16.198,99.990,-0.053,0.241,g
2460775.49363,2025-04-09.9939515,bi,1.57,15.945,>15.945,99.990,0.473,0.304,g
2460775.49486,2025-04-09.9951777,bi,1.46,16.148,>16.148,99.990,-0.672,0.252,g
2460775.49611,2025-04-09.9964303,bi,1.48,16.024,>16.024,99.990,0.146,0.283,g
2460778.47620,2025-04-12.9765032,bi,1.54,15.760,>15.760,99.990,-1.176,0.361,g
2460778.47744,2025-04-12.9777373,bi,1.43,15.769,>15.769,99.990,-0.387,0.358,g
2460778.47866,2025-04-12.9789637,bi,1.5,15.819,>15.819,99.990,-0.177,0.341,g
2460780.55187,2025-04-15.0521498,bE,1.6,16.121,>16.121,99.990,-0.170,0.259,g
2460780.55313,2025-04-15.0534167,bE,1.52,16.138,>16.138,99.990,-0.058,0.255,g
2460780.55439,2025-04-15.0546753,bE,1.62,16.089,>16.089,99.990,-0.031,0.266,g
2460783.52765,2025-04-18.0279179,bE,1.47,16.480,>16.480,99.990,0.117,0.186,g
2460783.52892,2025-04-18.0291836,bE,1.44,16.393,>16.393,99.990,0.225,0.201,g
2460783.53018,2025-04-18.0304479,bE,1.47,16.437,>16.437,99.990,-0.045,0.193,g
2460784.54401,2025-04-19.0442755,bE,1.53,16.380,>16.380,99.990,0.004,0.204,g
2460784.54527,2025-04-19.0455322,bE,1.49,16.458,>16.458,99.990,0.204,0.190,g
2460786.53990,2025-04-21.0401384,bE,1.46,16.507,>16.507,99.990,0.223,0.181,g
2460788.52008,2025-04-23.0203116,bi,1.57,16.471,15.478,0.088,2.338,0.187,g
2460788.52133,2025-04-23.0215620,bi,1.54,16.430,>16.430,99.990,-0.277,0.195,g
2460788.52258,2025-04-23.0228130,bi,1.58,16.507,>16.507,99.990,-0.300,0.181,g
2460789.53060,2025-04-24.0308179,bE,1.6,16.540,>16.540,99.990,0.011,0.176,g
2460789.53187,2025-04-24.0320964,bE,1.62,16.556,>16.556,99.990,0.104,0.173,g
2460791.52111,2025-04-26.0213239,bE,1.65,16.706,>16.706,99.990,0.199,0.151,g
2460791.52240,2025-04-26.0226001,bE,1.63,16.378,>16.378,99.990,-0.239,0.204,g
2460791.52365,2025-04-26.0238604,bE,1.69,16.544,>16.544,99.990,0.144,0.175,g
2460792.51277,2025-04-27.0129710,bi,2.34,16.346,>16.346,99.990,-0.104,0.210,g
2460797.49831,2025-05-01.9984697,bi,1.49,16.384,>16.384,99.990,0.124,0.203,g
2460798.50243,2025-05-03.0025770,bE,1.53,16.358,>16.358,99.990,-0.195,0.208,g
2460798.50369,2025-05-03.0038412,bE,1.49,16.454,>16.454,99.990,0.276,0.190,g
2460798.50494,2025-05-03.0050973,bE,1.47,16.416,>16.416,99.990,-0.023,0.197,g
2460800.47022,2025-05-04.9703586,bi,1.49,16.384,>16.384,99.990,0.092,0.203,g
2460800.47146,2025-05-04.9715921,bi,1.5,16.331,>16.331,99.990,-0.094,0.213,g
2460800.47269,2025-05-04.9728327,bi,1.55,16.289,>16.289,99.990,0.119,0.222,g
2460805.47174,2025-05-09.9718327,bi,1.59,15.968,>15.968,99.990,-0.180,0.298,g
2460805.47298,2025-05-09.9730686,bi,1.67,16.029,>16.029,99.990,0.296,0.282,g
2460805.47423,2025-05-09.9743226,bi,1.59,15.946,>15.946,99.990,0.112,0.304,g
2460807.47469,2025-05-11.9747732,bE,1.49,16.001,>16.001,99.990,-0.539,0.289,g
2460807.47596,2025-05-11.9760342,bE,1.56,15.945,>15.945,99.990,0.311,0.304,g
2460807.47721,2025-05-11.9772872,bE,1.49,15.884,>15.884,99.990,-0.257,0.322,g
2460809.46649,2025-05-13.9665508,bi,1.56,15.449,>15.449,99.990,-0.895,0.480,g
2460815.44919,2025-05-19.9491980,bi,1.6,15.881,>15.881,99.990,-0.294,0.323,g
2460815.45042,2025-05-19.9504283,bi,2.35,15.303,>15.303,99.990,-0.635,0.549,g
2460819.19135,2025-05-23.6913340,bm,1.97,15.761,>15.761,99.990,-0.405,0.360,g
2460819.19257,2025-05-23.6925501,bm,1.96,15.730,>15.730,99.990,0.526,0.371,g
2460819.19379,2025-05-23.6937748,bm,1.97,15.730,>15.730,99.990,1.009,0.371,g