HJD,UT Date,Camera,FWHM,Limit,mag,mag_err,flux(mJy),flux_err,Filter
2457038.53649,2015-01-16.0383141,be,2.14,16.439,>16.439,99.990,0.227,0.204,V
2457038.53793,2015-01-16.0397521,be,2.11,16.547,>16.547,99.990,0.061,0.185,V
2457040.53219,2015-01-18.0340310,be,2.22,16.052,>16.052,99.990,0.218,0.291,V
2457040.53362,2015-01-18.0354596,be,2.20,16.157,>16.157,99.990,0.410,0.264,V
2457042.52958,2015-01-20.0314396,be,1.86,15.871,>15.871,99.990,0.425,0.344,V
2457042.53102,2015-01-20.0328804,be,1.87,15.996,>15.996,99.990,0.384,0.307,V
2457042.56596,2015-01-20.0678140,be,1.59,16.779,>16.779,99.990,0.426,0.149,V
2457044.52673,2015-01-22.0286,be,2.09,15.584,>15.584,99.990,-0.449,0.448,V
2457044.52817,2015-01-22.0300371,be,2.08,15.761,>15.761,99.990,0.837,0.381,V
2457047.55921,2015-01-25.0610966,be,2.17,16.633,>16.633,99.990,-0.127,0.170,V
2457048.53986,2015-01-26.0417476,be,1.82,16.270,>16.270,99.990,-0.010,0.238,V
2457048.54128,2015-01-26.0431626,be,1.88,16.440,>16.440,99.990,0.505,0.204,V
2457050.54708,2015-01-28.0489677,be,1.77,16.235,>16.235,99.990,0.216,0.246,V
2457050.54852,2015-01-28.0504089,be,1.75,16.279,>16.279,99.990,0.547,0.236,V
2457053.56073,2015-01-31.0626254,be,1.79,16.144,>16.144,99.990,0.439,0.268,V
2457056.53486,2015-02-03.0367425,be,1.63,15.839,>15.839,99.990,-0.024,0.354,V
2457057.55559,2015-02-04.0574709,be,1.49,15.744,>15.744,99.990,1.397,0.387,V
2457057.55701,2015-02-04.0588873,be,1.47,15.926,>15.926,99.990,0.794,0.327,V
2457060.55208,2015-02-07.0539488,be,1.43,16.514,>16.514,99.990,0.311,0.190,V
2457060.55350,2015-02-07.0553648,be,1.44,16.441,>16.441,99.990,-0.448,0.204,V
2457062.55663,2015-02-09.0584804,be,1.51,16.630,>16.630,99.990,0.042,0.171,V
2457066.55391,2015-02-13.0557258,be,1.44,16.495,>16.495,99.990,0.586,0.194,V
2457067.53812,2015-02-14.0399199,be,1.54,16.661,>16.661,99.990,-0.072,0.166,V
2457070.54322,2015-02-17.0449932,be,1.60,16.657,>16.657,99.990,0.140,0.167,V
2457071.52079,2015-02-18.0225483,be,1.99,16.342,>16.342,99.990,0.056,0.223,V
2457071.52223,2015-02-18.0239888,be,1.87,16.446,>16.446,99.990,0.252,0.203,V
2457074.51992,2015-02-21.0216329,be,1.43,16.407,>16.407,99.990,0.211,0.210,V
2457074.52135,2015-02-21.0230672,be,1.41,16.491,>16.491,99.990,-0.302,0.194,V
2457078.51343,2015-02-25.0150872,be,1.77,16.171,>16.171,99.990,-0.221,0.261,V
2457080.50370,2015-02-27.0053100,be,1.63,15.359,>15.359,99.990,0.257,0.551,V
2457080.50513,2015-02-27.0067368,be,1.59,15.651,>15.651,99.990,-0.515,0.421,V
2457152.93893,2015-05-10.4384916,be,1.53,15.424,>15.424,99.990,0.151,0.519,V
2457153.93554,2015-05-11.4350696,be,1.45,15.675,>15.675,99.990,0.065,0.412,V
2457153.93697,2015-05-11.4365003,be,1.54,15.537,>15.537,99.990,0.500,0.468,V
2457155.92879,2015-05-13.4282449,be,1.43,16.515,>16.515,99.990,0.270,0.190,V
2457155.93024,2015-05-13.4296916,be,1.41,16.582,>16.582,99.990,0.178,0.179,V
2457157.93092,2015-05-15.4302879,be,1.52,16.071,>16.071,99.990,0.342,0.286,V
2457157.93235,2015-05-15.4317241,be,1.51,16.086,>16.086,99.990,0.301,0.282,V
2457159.91864,2015-05-17.4179325,be,1.44,16.559,>16.559,99.990,0.145,0.183,V
2457159.92006,2015-05-17.4193563,be,1.46,16.711,>16.711,99.990,0.210,0.159,V
2457161.92671,2015-05-19.4259276,be,1.46,16.772,>16.772,99.990,0.044,0.150,V
2457161.92812,2015-05-19.4273444,be,1.47,16.584,>16.584,99.990,0.104,0.178,V
2457163.92283,2015-05-21.4219724,be,1.45,16.425,>16.425,99.990,0.298,0.207,V
2457163.92425,2015-05-21.4233971,be,1.48,16.554,>16.554,99.990,0.195,0.183,V
2457165.91656,2015-05-23.4156268,be,1.59,16.513,>16.513,99.990,0.637,0.191,V
2457165.91800,2015-05-23.4170763,be,1.57,16.276,>16.276,99.990,0.606,0.237,V
2457169.90900,2015-05-27.4079261,be,1.56,16.693,>16.693,99.990,0.280,0.161,V
2457169.91043,2015-05-27.4093622,be,1.56,16.684,>16.684,99.990,0.362,0.163,V
2457174.89376,2015-06-01.3925115,be,1.50,16.167,>16.167,99.990,0.162,0.262,V
2457174.89519,2015-06-01.3939506,be,1.49,16.095,>16.095,99.990,0.158,0.280,V
2457175.89080,2015-06-02.3895261,be,1.46,15.878,>15.878,99.990,0.722,0.342,V
2457175.89223,2015-06-02.3909526,be,1.46,16.001,>16.001,99.990,0.182,0.305,V
2457176.89067,2015-06-03.3893658,be,1.46,15.806,>15.806,99.990,0.039,0.365,V
2457176.89211,2015-06-03.3907990,be,1.48,15.775,>15.775,99.990,0.405,0.376,V
2457178.88194,2015-06-05.3805645,be,1.49,15.907,>15.907,99.990,0.152,0.333,V
2457178.88338,2015-06-05.3820019,be,1.40,15.734,>15.734,99.990,-0.549,0.390,V
2457180.87613,2015-06-07.3746947,be,1.52,16.228,>16.228,99.990,0.357,0.248,V
2457180.87756,2015-06-07.3761238,be,1.54,16.448,>16.448,99.990,0.254,0.202,V
2457184.86609,2015-06-11.3645271,be,1.49,16.487,>16.487,99.990,0.144,0.195,V
2457184.86751,2015-06-11.3659476,be,1.48,16.594,>16.594,99.990,0.140,0.177,V
2457186.87181,2015-06-13.3701938,be,1.46,16.617,>16.617,99.990,0.099,0.173,V
2457187.85955,2015-06-14.3579016,be,1.65,16.618,>16.618,99.990,0.491,0.173,V
2457187.86096,2015-06-14.3593065,be,1.65,16.614,>16.614,99.990,-0.072,0.173,V
2457188.85470,2015-06-15.3530238,be,1.56,16.599,>16.599,99.990,0.048,0.176,V
2457188.85611,2015-06-15.3544298,be,1.53,16.701,>16.701,99.990,0.175,0.160,V
2457189.87939,2015-06-16.3776866,be,1.54,16.717,>16.717,99.990,0.209,0.158,V
2457189.88080,2015-06-16.3790953,be,1.49,16.601,>16.601,99.990,-0.102,0.176,V
2457191.84942,2015-06-18.3476638,be,1.44,16.746,>16.746,99.990,0.089,0.154,V
2457191.85084,2015-06-18.3490812,be,1.41,16.637,>16.637,99.990,0.119,0.170,V
2457193.84113,2015-06-20.3393168,be,1.76,16.728,>16.728,99.990,0.350,0.156,V
2457193.84254,2015-06-20.3407334,be,1.78,16.602,>16.602,99.990,0.202,0.175,V
2457196.83582,2015-06-23.3339322,be,1.48,15.697,>15.697,99.990,0.391,0.404,V
2457196.83723,2015-06-23.3353484,be,1.45,16.160,>16.160,99.990,0.563,0.264,V
2457197.83439,2015-06-24.3324842,be,1.57,16.663,>16.663,99.990,0.496,0.166,V
2457198.82661,2015-06-25.3246777,be,1.69,16.772,>16.772,99.990,0.066,0.150,V
2457198.82805,2015-06-25.3261236,be,1.67,16.585,>16.585,99.990,0.316,0.178,V
2457201.81855,2015-06-28.3165520,be,1.47,99.990,99.990,99.990,99.990,99.990,V
2457201.81998,2015-06-28.3179819,be,1.43,14.471,>14.471,99.990,-1.379,1.250,V
2457203.81292,2015-06-30.3108768,be,1.53,15.946,>15.946,99.990,0.455,0.321,V
2457203.81433,2015-06-30.3122924,be,1.52,15.980,>15.980,99.990,0.069,0.311,V
2457205.80790,2015-07-02.3058252,be,1.45,15.814,>15.814,99.990,0.559,0.363,V
2457205.80933,2015-07-02.3072543,be,1.51,15.693,>15.693,99.990,0.054,0.405,V
2457206.80189,2015-07-03.2997966,be,1.47,15.876,>15.876,99.990,0.831,0.342,V
2457206.80330,2015-07-03.3012053,be,1.49,15.841,>15.841,99.990,-0.238,0.354,V
2457207.80214,2015-07-04.3000292,be,1.63,15.817,>15.817,99.990,0.236,0.361,V
2457207.80355,2015-07-04.3014394,be,1.66,15.772,>15.772,99.990,0.544,0.377,V
2457210.79479,2015-07-07.2926261,be,1.45,99.990,99.990,99.990,99.990,99.990,V
2457218.77397,2015-07-15.2717019,bg,1.60,16.377,>16.377,99.990,0.462,0.216,V
2457221.76541,2015-07-18.2631027,bg,2.31,99.990,99.990,99.990,99.990,99.990,V
2457221.76680,2015-07-18.2645074,bg,2.36,99.990,99.990,99.990,99.990,99.990,V
2457222.76805,2015-07-19.2657438,be,1.67,16.603,>16.603,99.990,0.484,0.175,V
2457222.76946,2015-07-19.2671483,be,1.68,16.605,>16.605,99.990,0.480,0.175,V
2457223.76338,2015-07-20.2610627,be,1.91,16.752,>16.752,99.990,0.367,0.153,V
2457224.75978,2015-07-21.2574488,be,1.46,16.849,>16.849,99.990,0.177,0.140,V
2457224.76119,2015-07-21.2588598,be,1.46,16.836,>16.836,99.990,0.157,0.141,V
2457226.73873,2015-07-23.2363866,bg,1.77,16.514,>16.514,99.990,0.258,0.190,V
2457228.74575,2015-07-25.2434096,be,1.44,14.871,>14.871,99.990,-1.106,0.864,V
2457228.74713,2015-07-25.2447802,be,1.44,15.307,>15.307,99.990,0.348,0.578,V
2457229.71537,2015-07-26.2130129,bg,1.47,15.774,>15.774,99.990,0.423,0.376,V
2457229.73166,2015-07-26.2293064,be,1.47,15.827,>15.827,99.990,0.809,0.358,V
2457229.73295,2015-07-26.2305981,be,1.52,15.810,>15.810,99.990,0.409,0.364,V
2457230.71759,2015-07-27.2152366,bg,1.49,16.386,>16.386,99.990,-0.387,0.214,V
2457230.71888,2015-07-27.2165293,bg,1.39,16.275,>16.275,99.990,-0.672,0.237,V
2457230.72815,2015-07-27.2257946,be,1.44,16.225,>16.225,99.990,0.101,0.248,V
2457230.72943,2015-07-27.2270768,be,1.47,16.288,>16.288,99.990,0.455,0.234,V
2457231.86476,2015-07-28.3623995,be,1.55,15.386,>15.386,99.990,0.323,0.538,V
2457231.86607,2015-07-28.3637136,be,1.57,15.050,>15.050,99.990,1.481,0.733,V
2457232.73453,2015-07-29.2321636,be,1.50,14.986,>14.986,99.990,0.831,0.777,V
2457232.73583,2015-07-29.2334667,be,1.54,14.867,>14.867,99.990,2.222,0.867,V
2457233.73220,2015-07-30.2298388,be,1.49,15.819,>15.819,99.990,-0.501,0.361,V
2457233.73349,2015-07-30.2311298,be,1.55,15.766,>15.766,99.990,0.273,0.379,V
2457235.73033,2015-08-01.2279638,be,2.06,15.638,>15.638,99.990,-0.355,0.426,V
2457235.73163,2015-08-01.2292646,be,2.08,15.545,>15.545,99.990,0.673,0.465,V
2457249.68136,2015-08-15.1790629,be,1.52,16.623,>16.623,99.990,0.303,0.172,V
2457249.68264,2015-08-15.1803503,be,1.50,16.619,>16.619,99.990,0.417,0.173,V
2457250.68858,2015-08-16.1862928,be,1.67,15.305,>15.305,99.990,0.191,0.579,V
2457250.68988,2015-08-16.1875936,be,1.58,15.818,>15.818,99.990,0.617,0.361,V
2457251.68696,2015-08-17.1846892,be,1.49,16.541,>16.541,99.990,0.328,0.186,V
2457252.67350,2015-08-18.1712393,be,1.55,16.713,>16.713,99.990,0.330,0.158,V
2457252.67480,2015-08-18.1725343,be,1.51,16.655,>16.655,99.990,0.464,0.167,V
2457255.68060,2015-08-21.1783747,be,1.56,16.651,>16.651,99.990,0.186,0.168,V
2457255.68190,2015-08-21.1796731,be,1.56,16.673,>16.673,99.990,0.156,0.164,V
2457255.68320,2015-08-21.1809710,be,1.59,16.672,>16.672,99.990,-0.025,0.164,V
2457256.88093,2015-08-22.3787158,be,1.78,16.678,>16.678,99.990,0.045,0.164,V
2457256.88223,2015-08-22.3800212,be,1.80,16.706,>16.706,99.990,0.317,0.159,V
2457256.88352,2015-08-22.3813086,be,1.77,16.597,>16.597,99.990,0.596,0.176,V
2457258.66950,2015-08-24.1673162,be,1.47,16.464,>16.464,99.990,-0.231,0.199,V
2457258.67080,2015-08-24.1686138,be,1.43,16.363,>16.363,99.990,-0.032,0.219,V
2457258.67208,2015-08-24.1698990,be,1.48,16.447,>16.447,99.990,-0.130,0.202,V
2457261.66242,2015-08-27.1602819,be,1.44,15.983,>15.983,99.990,-0.024,0.310,V
2457261.66370,2015-08-27.1615671,be,1.47,15.892,>15.892,99.990,-0.130,0.337,V
2457261.66500,2015-08-27.1628608,be,1.45,16.153,>16.153,99.990,0.573,0.265,V
2457265.64962,2015-08-31.1475553,be,1.52,15.907,>15.907,99.990,-0.324,0.333,V
2457267.64294,2015-09-02.1409109,be,1.46,16.045,>16.045,99.990,0.017,0.293,V
2457267.64389,2015-09-02.1418636,be,1.53,15.962,>15.962,99.990,0.046,0.316,V
2457267.64484,2015-09-02.1428184,be,1.48,16.106,>16.106,99.990,-0.062,0.277,V
2457268.78686,2015-09-03.2848704,be,1.52,16.018,>16.018,99.990,0.374,0.300,V
2457268.78781,2015-09-03.2858168,be,1.48,16.088,>16.088,99.990,1.104,0.282,V
2457268.78876,2015-09-03.2867642,be,1.50,15.959,>15.959,99.990,0.426,0.317,V
2457270.63231,2015-09-05.1303493,be,1.44,16.391,>16.391,99.990,0.600,0.213,V
2457270.63327,2015-09-05.1313167,be,1.43,16.361,>16.361,99.990,0.190,0.219,V
2457270.63424,2015-09-05.1322765,be,1.45,16.350,>16.350,99.990,-0.032,0.221,V
2457273.62993,2015-09-08.1280425,be,1.46,16.767,>16.767,99.990,-0.056,0.151,V
2457273.63122,2015-09-08.1293266,be,1.46,16.737,>16.737,99.990,0.174,0.155,V
2457273.63251,2015-09-08.1306202,be,1.50,16.610,>16.610,99.990,0.038,0.174,V
2457276.85989,2015-09-11.3580824,bg,2.04,16.506,>16.506,99.990,0.349,0.192,V
2457276.86084,2015-09-11.3590357,bg,2.08,16.476,>16.476,99.990,-0.167,0.197,V
2457276.86182,2015-09-11.3600126,bg,2.01,16.496,>16.496,99.990,0.566,0.193,V
2457278.61282,2015-09-13.1110646,bg,1.37,16.975,>16.975,99.990,-0.137,0.124,V
2457283.59368,2015-09-18.0920534,bg,1.38,14.874,>14.874,99.990,1.729,0.862,V
2457283.59464,2015-09-18.0930120,bg,1.40,15.324,>15.324,99.990,0.758,0.569,V
2457283.59558,2015-09-18.0939563,bg,1.43,15.510,>15.510,99.990,-0.546,0.480,V
2457286.58582,2015-09-21.0842898,bg,1.58,16.119,>16.119,99.990,-0.224,0.274,V
2457286.58677,2015-09-21.0852327,bg,1.71,16.349,>16.349,99.990,0.013,0.221,V
2457286.58774,2015-09-21.0862093,bg,1.66,16.310,>16.310,99.990,0.372,0.230,V
2457287.86609,2015-09-22.3645921,bg,1.44,16.550,>16.550,99.990,0.004,0.184,V
2457288.72994,2015-09-23.2284699,bg,1.42,16.389,16.048,0.160,1.461,0.214,V
2457288.73173,2015-09-23.2302641,bg,1.41,16.451,>16.451,99.990,-0.583,0.202,V
2457288.73301,2015-09-23.2315393,bg,1.38,16.443,>16.443,99.990,0.329,0.203,V
2457292.68487,2015-09-27.1835325,bg,1.65,15.399,>15.399,99.990,2.223,0.531,V
2457292.68614,2015-09-27.1848016,bg,1.52,15.351,>15.351,99.990,-0.950,0.555,V
2457292.68746,2015-09-27.1861256,bg,1.72,15.470,14.732,0.111,4.907,0.498,V
2457294.77889,2015-09-29.2776226,bg,1.53,15.365,>15.365,99.990,2.574,0.548,V
2457294.78018,2015-09-29.2789177,bg,1.57,15.127,>15.127,99.990,-0.981,0.683,V
2457294.78147,2015-09-29.2802019,bg,1.50,15.483,>15.483,99.990,-0.647,0.492,V
2457295.55592,2015-09-30.0546778,bg,1.56,16.268,>16.268,99.990,-0.465,0.239,V
2457295.55719,2015-09-30.0559525,bg,1.52,16.064,>16.064,99.990,0.360,0.288,V
2457295.55847,2015-09-30.0572318,bg,1.50,16.073,>16.073,99.990,0.128,0.285,V
2457297.63484,2015-10-02.1336672,bg,1.40,14.373,14.076,0.167,8.983,1.368,V
2457297.63613,2015-10-02.1349649,bg,1.42,13.372,>13.372,99.990,-5.558,3.443,V
2457298.76968,2015-10-03.2685512,bg,2.06,15.846,>15.846,99.990,1.034,0.352,V
2457298.77316,2015-10-03.2720369,bg,1.84,15.927,>15.927,99.990,0.221,0.327,V
2457298.77445,2015-10-03.2733243,bg,1.73,15.962,>15.962,99.990,-0.644,0.316,V
2457299.75535,2015-10-04.2542546,bg,1.47,15.067,>15.067,99.990,-0.247,0.721,V
2457299.75670,2015-10-04.2556026,bg,1.49,15.487,>15.487,99.990,1.004,0.490,V
2457299.75809,2015-10-04.2569961,bg,1.55,15.587,>15.587,99.990,-0.948,0.447,V
2457300.54344,2015-10-05.0423758,bg,1.66,16.058,>16.058,99.990,0.306,0.289,V
2457300.54479,2015-10-05.0437200,bg,1.53,15.333,>15.333,99.990,0.475,0.564,V
2457300.54609,2015-10-05.0450283,bg,1.46,15.246,>15.246,99.990,-2.327,0.612,V
2457301.76642,2015-10-06.2654024,bg,1.59,16.802,>16.802,99.990,0.294,0.146,V
2457301.76773,2015-10-06.2667108,bg,1.60,16.751,>16.751,99.990,0.098,0.153,V
2457301.76902,2015-10-06.2679978,bg,1.64,16.596,>16.596,99.990,0.263,0.176,V
2457303.66585,2015-10-08.1649020,bg,1.52,16.912,>16.912,99.990,-0.060,0.132,V
2457303.66713,2015-10-08.1661783,bg,1.48,16.659,>16.659,99.990,0.164,0.166,V
2457303.66841,2015-10-08.1674560,bg,1.52,16.847,>16.847,99.990,0.463,0.140,V
2457306.71278,2015-10-11.2119412,bg,1.46,16.809,>16.809,99.990,0.036,0.145,V
2457306.71407,2015-10-11.2132276,bg,1.42,16.799,>16.799,99.990,0.161,0.146,V
2457306.71536,2015-10-11.2145178,bg,1.40,16.822,>16.822,99.990,0.211,0.143,V
2457312.76902,2015-10-17.2684167,bg,1.39,16.886,>16.886,99.990,-0.011,0.135,V
2457312.77030,2015-10-17.2696980,bg,1.49,16.777,>16.777,99.990,0.017,0.149,V
2457312.77158,2015-10-17.2709723,bg,1.45,16.770,>16.770,99.990,0.047,0.150,V
2457315.73718,2015-10-20.2366910,bg,1.61,16.816,>16.816,99.990,0.333,0.144,V
2457315.73849,2015-10-20.2379991,bg,1.61,16.685,>16.685,99.990,0.579,0.163,V
2457315.73978,2015-10-20.2392839,bg,1.53,16.929,>16.929,99.990,0.262,0.130,V
2457318.52446,2015-10-23.0240782,bg,1.66,16.073,>16.073,99.990,-0.071,0.286,V
2457318.52540,2015-10-23.0250173,bg,1.72,15.838,>15.838,99.990,0.004,0.355,V
2457318.52635,2015-10-23.0259729,bg,1.49,15.893,>15.893,99.990,0.370,0.337,V
2457322.77049,2015-10-27.2702759,bg,1.48,14.744,>14.744,99.990,-0.512,0.971,V
2457322.77179,2015-10-27.2715767,bg,1.49,14.922,>14.922,99.990,0.848,0.824,V
2457322.77306,2015-10-27.2728533,bg,1.53,14.893,>14.893,99.990,2.383,0.847,V
2457324.59891,2015-10-29.0987770,bg,1.50,16.027,>16.027,99.990,-0.101,0.298,V
2457324.60020,2015-10-29.1000604,bg,1.58,15.734,>15.734,99.990,0.159,0.390,V
2457324.60148,2015-10-29.1013493,bg,1.56,15.838,>15.838,99.990,1.478,0.355,V
2457327.67206,2015-11-01.1720508,bg,1.42,16.520,>16.520,99.990,-0.213,0.189,V
2457327.67335,2015-11-01.1733392,bg,1.44,16.482,>16.482,99.990,0.205,0.196,V
2457327.67464,2015-11-01.1746265,bg,1.43,16.554,>16.554,99.990,-0.059,0.183,V
2457329.59383,2015-11-03.0938954,bg,1.46,16.819,>16.819,99.990,0.358,0.144,V
2457329.59510,2015-11-03.0951667,bg,1.43,16.879,>16.879,99.990,0.011,0.136,V
2457329.59638,2015-11-03.0964447,bg,1.42,16.832,>16.832,99.990,0.270,0.142,V
2457332.61461,2015-11-06.1147903,bg,1.45,17.032,>17.032,99.990,0.179,0.118,V
2457332.61588,2015-11-06.1160684,bg,1.41,16.712,>16.712,99.990,0.104,0.159,V
2457332.61717,2015-11-06.1173555,bg,1.40,16.837,>16.837,99.990,0.192,0.141,V
2457334.58808,2015-11-08.0883429,bg,1.39,16.695,>16.695,99.990,0.381,0.161,V
2457334.58936,2015-11-08.0896265,bg,1.44,16.892,>16.892,99.990,0.260,0.134,V
2457334.59066,2015-11-08.0909222,bg,1.40,16.837,>16.837,99.990,0.319,0.141,V
2457337.50388,2015-11-11.0042651,bg,1.45,15.604,>15.604,99.990,1.663,0.440,V
2457337.50519,2015-11-11.0055675,bg,1.49,16.082,>16.082,99.990,0.566,0.283,V
2457337.50647,2015-11-11.0068500,bg,1.49,16.032,>16.032,99.990,0.758,0.297,V
2457339.74685,2015-11-13.2473246,bg,1.41,16.770,>16.770,99.990,0.516,0.150,V
2457339.74814,2015-11-13.2486129,bg,1.41,16.746,>16.746,99.990,0.505,0.154,V
2457339.74943,2015-11-13.2499005,bg,1.46,16.765,>16.765,99.990,0.536,0.151,V
2457341.56808,2015-11-15.0686225,bg,1.77,14.466,>14.466,99.990,0.729,1.255,V
2457341.56937,2015-11-15.0699140,bg,1.74,13.988,>13.988,99.990,-0.058,1.948,V
2457341.57067,2015-11-15.0712108,bg,1.78,13.882,>13.882,99.990,-8.458,2.150,V
2457342.73792,2015-11-16.2385063,bg,1.53,14.627,>14.627,99.990,-0.069,1.082,V
2457342.73884,2015-11-16.2394351,bg,1.48,14.231,>14.231,99.990,-2.356,1.559,V
2457346.72979,2015-11-20.2305310,bg,1.43,16.560,>16.560,99.990,-0.003,0.182,V
2457347.72625,2015-11-21.2270339,bg,1.56,16.399,>16.399,99.990,0.438,0.212,V
2457347.72755,2015-11-21.2283329,bg,1.55,16.378,>16.378,99.990,0.180,0.216,V
2457347.72884,2015-11-21.2296195,bg,1.54,16.339,>16.339,99.990,0.528,0.223,V
2457350.71639,2015-11-24.2172826,bg,1.47,15.854,>15.854,99.990,-0.980,0.349,V
2457350.71768,2015-11-24.2185712,bg,1.53,15.906,>15.906,99.990,0.360,0.333,V
2457350.71898,2015-11-24.2198707,bg,1.47,15.823,>15.823,99.990,1.387,0.360,V
2457354.70323,2015-11-28.2042652,bg,1.45,15.948,>15.948,99.990,-0.362,0.321,V
2457354.70451,2015-11-28.2055482,bg,1.47,16.080,15.959,0.196,1.586,0.284,V
2457354.70581,2015-11-28.2068483,bg,1.39,16.005,>16.005,99.990,-2.263,0.304,V
2457356.70057,2015-11-30.2016825,bg,1.39,16.311,>16.311,99.990,-0.136,0.229,V
2457356.70186,2015-11-30.2029703,bg,1.37,16.296,>16.296,99.990,0.570,0.233,V
2457356.70315,2015-11-30.2042635,bg,1.45,16.347,>16.347,99.990,0.776,0.222,V
2457357.63472,2015-12-01.1358678,bg,1.41,16.949,>16.949,99.990,0.277,0.127,V
2457357.63601,2015-12-01.1371599,bg,1.48,16.686,>16.686,99.990,0.400,0.162,V
2457357.63730,2015-12-01.1384471,bg,1.42,16.864,>16.864,99.990,0.242,0.138,V
2457363.67473,2015-12-07.1760726,bg,1.41,16.905,>16.905,99.990,0.274,0.133,V
2457363.67600,2015-12-07.1773534,bg,1.40,16.941,>16.941,99.990,0.195,0.128,V
2457363.67729,2015-12-07.1786403,bg,1.46,16.763,>16.763,99.990,0.252,0.151,V
2457365.67179,2015-12-09.1732031,bg,1.70,16.827,>16.827,99.990,-0.031,0.143,V
2457365.67308,2015-12-09.1744905,bg,1.83,16.806,>16.806,99.990,0.325,0.145,V
2457365.67437,2015-12-09.1757797,bg,1.55,16.618,>16.618,99.990,0.130,0.173,V
2457370.66063,2015-12-14.1621988,bg,1.38,16.956,>16.956,99.990,0.562,0.127,V
2457371.65695,2015-12-15.1585480,bg,1.65,16.837,>16.837,99.990,0.305,0.141,V
2457371.65824,2015-12-15.1598349,bg,1.65,16.724,>16.724,99.990,0.293,0.157,V
2457371.65951,2015-12-15.1611119,bg,1.72,16.842,>16.842,99.990,-0.005,0.141,V
2457373.64584,2015-12-17.1474947,bg,1.73,16.582,>16.582,99.990,0.293,0.179,V
2457373.64711,2015-12-17.1487644,bg,1.75,16.714,>16.714,99.990,-0.064,0.158,V
2457373.64840,2015-12-17.1500582,bg,1.75,16.716,>16.716,99.990,0.430,0.158,V
2457375.63620,2015-12-19.1379054,bg,1.45,16.467,>16.467,99.990,0.514,0.199,V
2457375.63749,2015-12-19.1391976,bg,1.39,16.582,>16.582,99.990,-0.083,0.179,V
2457375.63877,2015-12-19.1404829,bg,1.41,16.559,>16.559,99.990,-0.044,0.182,V
2457378.62883,2015-12-22.1306193,bg,1.42,16.342,>16.342,99.990,-0.587,0.223,V
2457378.63011,2015-12-22.1318960,bg,1.40,16.342,>16.342,99.990,-0.307,0.223,V
2457378.63138,2015-12-22.1331699,bg,1.43,16.408,>16.408,99.990,0.447,0.210,V
2457380.61769,2015-12-24.1195289,bg,1.51,15.904,>15.904,99.990,0.357,0.334,V
2457380.61898,2015-12-24.1208150,bg,1.53,16.048,>16.048,99.990,0.519,0.292,V
2457380.62027,2015-12-24.1221030,bg,1.66,15.932,>15.932,99.990,0.140,0.325,V
2457384.61440,2015-12-28.1163240,bg,1.56,16.242,>16.242,99.990,0.541,0.245,V
2457384.61568,2015-12-28.1176138,bg,1.48,16.081,>16.081,99.990,0.023,0.284,V
2457384.61696,2015-12-28.1188907,bg,1.53,16.116,>16.116,99.990,-0.011,0.274,V
2457386.61102,2015-12-30.1129932,bg,1.40,17.080,>17.080,99.990,-0.001,0.113,V
2457386.61231,2015-12-30.1142804,bg,1.40,16.726,>16.726,99.990,0.269,0.157,V
2457386.61358,2015-12-30.1155570,bg,1.41,16.844,>16.844,99.990,0.217,0.140,V
2457389.55653,2016-01-02.0585638,bg,1.44,16.958,>16.958,99.990,0.419,0.126,V
2457389.55781,2016-01-02.0598436,bg,1.45,16.880,>16.880,99.990,-0.105,0.136,V
2457389.55910,2016-01-02.0611271,bg,1.43,16.706,>16.706,99.990,0.398,0.159,V
2457391.61263,2016-01-04.1146983,bg,1.99,16.571,>16.571,99.990,0.158,0.181,V
2457391.61391,2016-01-04.1159769,bg,1.84,16.491,>16.491,99.990,0.474,0.194,V
2457391.61518,2016-01-04.1172508,bg,1.89,16.595,>16.595,99.990,0.139,0.177,V
2457395.58402,2016-01-08.0861511,bg,1.43,16.843,>16.843,99.990,0.161,0.141,V
2457395.58530,2016-01-08.0874309,bg,1.45,16.840,>16.840,99.990,0.316,0.141,V
2457395.58660,2016-01-08.0887277,bg,1.44,16.755,>16.755,99.990,0.237,0.152,V
2457397.57549,2016-01-10.07765,bg,1.41,16.960,>16.960,99.990,0.318,0.126,V
2457397.57677,2016-01-10.0789353,bg,1.39,16.912,>16.912,99.990,0.080,0.132,V
2457397.57806,2016-01-10.0802256,bg,1.43,16.946,>16.946,99.990,0.160,0.128,V
2457399.55600,2016-01-12.0581837,bg,1.54,16.719,>16.719,99.990,0.206,0.157,V
2457399.55729,2016-01-12.0594743,bg,1.49,16.699,>16.699,99.990,0.195,0.160,V
2457399.55858,2016-01-12.0607649,bg,1.47,16.906,>16.906,99.990,-0.041,0.133,V
2457400.55944,2016-01-13.0616379,bg,1.43,17.020,>17.020,99.990,0.141,0.119,V
2457400.56073,2016-01-13.0629430,bg,1.48,16.829,>16.829,99.990,0.289,0.142,V
2457400.56203,2016-01-13.0642285,bg,1.46,16.577,>16.577,99.990,0.163,0.180,V
2457403.55584,2016-01-16.0580730,bg,1.55,16.654,>16.654,99.990,-0.061,0.167,V
2457403.55713,2016-01-16.0593660,bg,1.54,16.632,>16.632,99.990,0.603,0.171,V
2457403.55841,2016-01-16.0606396,bg,1.54,16.690,>16.690,99.990,-0.090,0.162,V
2457406.54724,2016-01-19.0494967,bg,1.58,16.319,>16.319,99.990,0.612,0.228,V
2457406.54934,2016-01-19.0515974,bg,1.68,16.336,>16.336,99.990,0.063,0.224,V
2457408.53895,2016-01-21.0412248,bg,1.70,16.134,>16.134,99.990,0.803,0.270,V
2457408.54024,2016-01-21.0425134,bg,1.63,15.988,>15.988,99.990,-0.133,0.309,V
2457408.54153,2016-01-21.0437988,bg,1.53,15.939,>15.939,99.990,-0.071,0.323,V
2457410.53822,2016-01-23.0404984,bg,1.51,15.721,>15.721,99.990,0.751,0.395,V
2457410.53951,2016-01-23.0417866,bg,1.49,15.980,>15.980,99.990,-0.521,0.311,V
2457410.54079,2016-01-23.0430712,bg,1.47,15.798,>15.798,99.990,0.680,0.368,V
2457413.52929,2016-01-26.0315857,bg,1.39,16.058,>16.058,99.990,-0.160,0.290,V
2457413.53056,2016-01-26.0328549,bg,1.44,16.191,>16.191,99.990,0.277,0.256,V
2457413.53185,2016-01-26.0341393,bg,1.44,16.222,>16.222,99.990,0.319,0.249,V
2457523.92929,2016-05-15.4286378,bg,1.45,99.990,99.990,99.990,99.990,99.990,V
2457523.93059,2016-05-15.4299395,bg,1.51,16.391,>16.391,99.990,0.246,0.213,V
2457523.93190,2016-05-15.4312418,bg,1.50,16.439,>16.439,99.990,0.411,0.204,V
2457529.90799,2016-05-21.4071077,bg,1.80,15.861,>15.861,99.990,0.579,0.347,V
2457529.90929,2016-05-21.4084070,bg,1.73,15.952,>15.952,99.990,-0.883,0.319,V
2457529.91058,2016-05-21.4096987,bg,1.69,16.010,>16.010,99.990,0.256,0.303,V
2457546.87629,2016-06-07.3748291,bg,1.57,99.990,99.990,99.990,99.990,99.990,V
2457547.87603,2016-06-08.3745340,bg,1.59,16.745,>16.745,99.990,0.019,0.154,V
2457548.92005,2016-06-09.4185225,bg,1.83,17.011,>17.011,99.990,0.160,0.120,V
2457548.92135,2016-06-09.4198229,bg,1.79,16.771,>16.771,99.990,0.390,0.150,V
2457548.92266,2016-06-09.4211311,bg,1.90,16.826,>16.826,99.990,0.106,0.143,V
2457557.84908,2016-06-18.3473015,bg,1.41,16.195,>16.195,99.990,0.186,0.255,V
2457557.85038,2016-06-18.3485994,bg,1.45,16.193,>16.193,99.990,-0.265,0.256,V
2457557.85166,2016-06-18.3498879,bg,1.46,16.136,>16.136,99.990,0.077,0.269,V
2457558.86936,2016-06-19.3675549,bg,1.39,15.169,>15.169,99.990,1.071,0.657,V
2457558.87065,2016-06-19.3688473,bg,1.43,15.729,>15.729,99.990,-0.123,0.392,V
2457558.87195,2016-06-19.3701439,bg,1.39,15.861,>15.861,99.990,-0.259,0.347,V
2457560.83791,2016-06-21.3360508,bg,1.53,15.963,>15.963,99.990,0.074,0.316,V
2457560.83919,2016-06-21.3373324,bg,1.52,16.064,>16.064,99.990,-0.182,0.288,V
2457560.84048,2016-06-21.3386273,bg,1.47,15.807,>15.807,99.990,-0.128,0.365,V
2457562.83213,2016-06-23.3302312,bg,1.63,99.990,99.990,99.990,99.990,99.990,V
2457562.83342,2016-06-23.3315204,bg,1.98,99.990,99.990,99.990,99.990,99.990,V
2457563.92188,2016-06-24.4199497,bg,1.43,16.339,>16.339,99.990,-0.124,0.224,V
2457563.92317,2016-06-24.4212464,bg,1.41,16.313,>16.313,99.990,-0.007,0.229,V
2457563.92446,2016-06-24.4225381,bg,1.47,16.168,>16.168,99.990,0.301,0.262,V
2457568.82951,2016-06-29.3274741,bg,2.00,16.630,>16.630,99.990,-0.233,0.171,V
2457568.83080,2016-06-29.3287732,bg,2.03,16.679,>16.679,99.990,-0.063,0.163,V
2457568.83209,2016-06-29.3300553,bg,1.99,16.628,>16.628,99.990,0.239,0.171,V
2457584.77688,2016-07-15.2746003,bg,1.55,16.500,>16.500,99.990,-0.047,0.193,V
2457584.77817,2016-07-15.2758861,bg,1.50,16.508,>16.508,99.990,-0.366,0.191,V
2457584.77945,2016-07-15.2771754,bg,1.52,16.401,>16.401,99.990,0.443,0.211,V
2457585.77697,2016-07-16.2746837,bg,1.39,16.227,>16.227,99.990,0.234,0.248,V
2457585.77825,2016-07-16.2759578,bg,1.36,16.201,>16.201,99.990,0.143,0.254,V
2457585.77954,2016-07-16.2772496,bg,1.39,16.264,>16.264,99.990,0.260,0.240,V
2457586.76965,2016-07-17.2673516,bg,1.59,16.263,>16.263,99.990,-0.136,0.240,V
2457586.77094,2016-07-17.2686347,bg,1.49,16.068,>16.068,99.990,-0.035,0.287,V
2457586.77222,2016-07-17.2699237,bg,1.52,16.241,>16.241,99.990,-0.173,0.245,V
2457590.76708,2016-07-21.2647450,bg,1.87,15.885,>15.885,99.990,-0.245,0.340,V
2457590.76836,2016-07-21.2660331,bg,1.82,15.171,>15.171,99.990,1.796,0.656,V
2457590.76965,2016-07-21.2673209,bg,1.89,15.456,>15.456,99.990,1.196,0.504,V
2457593.81762,2016-07-24.3152730,bg,1.51,16.558,>16.558,99.990,0.066,0.183,V
2457593.81892,2016-07-24.3165711,bg,1.44,16.383,>16.383,99.990,-0.131,0.215,V
2457593.82022,2016-07-24.3178723,bg,1.51,16.316,>16.316,99.990,-0.238,0.228,V
2457597.78945,2016-07-28.2870863,bg,1.64,15.963,>15.963,99.990,1.059,0.316,V
2457597.79074,2016-07-28.2883775,bg,1.69,15.947,>15.947,99.990,0.018,0.321,V
2457597.79202,2016-07-28.2896614,bg,1.64,15.746,>15.746,99.990,0.028,0.386,V
2457598.81939,2016-07-29.317025,bg,1.55,16.394,>16.394,99.990,0.265,0.213,V
2457598.82067,2016-07-29.3183083,bg,1.51,16.403,>16.403,99.990,0.260,0.211,V
2457598.82196,2016-07-29.3195990,bg,1.50,16.135,>16.135,99.990,0.187,0.270,V
2457601.78276,2016-08-01.2803984,bg,1.48,16.268,>16.268,99.990,0.278,0.239,V
2457601.78406,2016-08-01.2816997,bg,1.50,16.381,>16.381,99.990,-0.403,0.215,V
2457601.78535,2016-08-01.2829871,bg,1.47,16.717,>16.717,99.990,0.105,0.158,V
2457603.72373,2016-08-03.2213744,bg,1.44,17.017,>17.017,99.990,-0.021,0.120,V
2457604.72007,2016-08-04.2177062,bg,1.59,16.857,>16.857,99.990,0.033,0.139,V
2457604.72136,2016-08-04.2190026,bg,1.51,16.795,>16.795,99.990,0.000,0.147,V
2457604.72266,2016-08-04.2203028,bg,1.49,17.040,>17.040,99.990,0.057,0.117,V
2457605.94091,2016-08-05.4385600,bg,1.38,16.250,>16.250,99.990,0.547,0.243,V
2457605.94220,2016-08-05.4398473,bg,1.39,16.302,>16.302,99.990,-0.030,0.231,V
2457605.94349,2016-08-05.4411365,bg,1.41,15.968,>15.968,99.990,0.777,0.314,V
2457606.71754,2016-08-06.2151934,bg,1.52,99.990,99.990,99.990,99.990,99.990,V
2457606.71882,2016-08-06.2164733,bg,1.44,99.990,99.990,99.990,99.990,99.990,V
2457606.72014,2016-08-06.2177853,bg,1.50,99.990,99.990,99.990,99.990,99.990,V
2457607.70925,2016-08-07.2069019,bg,1.40,99.990,99.990,99.990,99.990,99.990,V
2457607.71054,2016-08-07.2081968,bg,1.38,16.914,>16.914,99.990,0.150,0.132,V
2457607.71183,2016-08-07.2094863,bg,1.39,16.896,>16.896,99.990,0.189,0.134,V
2457608.70583,2016-08-08.2034894,bg,1.36,17.058,>17.058,99.990,0.097,0.115,V
2457608.70713,2016-08-08.2047900,bg,1.40,16.937,>16.937,99.990,0.107,0.129,V
2457608.70842,2016-08-08.2060849,bg,1.40,16.801,>16.801,99.990,0.268,0.146,V
2457610.80933,2016-08-10.3069980,bg,1.52,16.734,>16.734,99.990,0.288,0.155,V
2457611.70281,2016-08-11.2004849,bg,1.44,16.618,>16.618,99.990,0.272,0.173,V
2457611.70410,2016-08-11.2017730,bg,1.46,16.673,>16.673,99.990,0.248,0.164,V
2457611.70538,2016-08-11.2030614,bg,1.45,16.746,>16.746,99.990,0.534,0.154,V
2457614.69210,2016-08-14.1898059,bg,1.46,16.359,>16.359,99.990,0.330,0.220,V
2457614.69339,2016-08-14.1910934,bg,1.44,16.457,>16.457,99.990,-0.281,0.200,V
2457614.69467,2016-08-14.1923741,bg,1.44,16.291,>16.291,99.990,0.115,0.234,V
2457616.74261,2016-08-16.2403337,bg,1.45,16.102,>16.102,99.990,-0.043,0.278,V
2457616.74392,2016-08-16.2416482,bg,1.39,16.002,>16.002,99.990,0.455,0.305,V
2457616.74521,2016-08-16.2429369,bg,1.43,16.067,>16.067,99.990,-0.143,0.287,V
2457618.69740,2016-08-18.1951434,bg,1.60,15.606,>15.606,99.990,0.738,0.439,V
2457618.69869,2016-08-18.1964348,bg,1.61,15.623,>15.623,99.990,2.059,0.432,V
2457618.69998,2016-08-18.1977218,bg,1.65,15.662,>15.662,99.990,0.876,0.417,V
2457620.73317,2016-08-20.2309439,bg,2.09,15.946,>15.946,99.990,0.160,0.321,V
2457620.73446,2016-08-20.2322292,bg,2.09,15.946,>15.946,99.990,0.471,0.321,V
2457622.73647,2016-08-22.2342715,bg,2.00,16.279,>16.279,99.990,0.520,0.236,V
2457622.73777,2016-08-22.2355642,bg,1.77,16.179,>16.179,99.990,0.726,0.259,V
2457622.73905,2016-08-22.2368482,bg,2.03,16.246,>16.246,99.990,0.027,0.244,V
2457623.89724,2016-08-23.3950541,bg,1.48,16.535,>16.535,99.990,0.042,0.187,V
2457624.82049,2016-08-24.3183215,bg,1.51,16.626,>16.626,99.990,-0.063,0.172,V
2457624.82178,2016-08-24.3196099,bg,1.49,16.652,>16.652,99.990,-0.099,0.168,V
2457624.82307,2016-08-24.3209035,bg,1.47,16.523,>16.523,99.990,0.096,0.189,V
2457629.67508,2016-08-29.1729960,bg,1.41,16.871,>16.871,99.990,0.147,0.137,V
2457629.67638,2016-08-29.1742947,bg,1.49,99.990,99.990,99.990,99.990,99.990,V
2457629.67768,2016-08-29.1755929,bg,1.48,99.990,99.990,99.990,99.990,99.990,V
2457631.76299,2016-08-31.2609453,bg,1.80,16.940,>16.940,99.990,0.053,0.129,V
2457631.76428,2016-08-31.2622354,bg,1.77,16.600,>16.600,99.990,0.443,0.176,V
2457631.76557,2016-08-31.2635218,bg,1.77,16.641,>16.641,99.990,0.457,0.169,V
2457635.66534,2016-09-04.1633818,bg,1.52,16.844,>16.844,99.990,0.014,0.140,V
2457635.66664,2016-09-04.1646802,bg,1.57,99.990,99.990,99.990,99.990,99.990,V
2457635.66798,2016-09-04.1660133,bg,1.52,16.738,>16.738,99.990,0.235,0.155,V
2457637.81436,2016-09-06.3124471,bg,1.61,16.799,>16.799,99.990,0.162,0.146,V
2457637.81565,2016-09-06.3137388,bg,1.57,16.772,>16.772,99.990,0.033,0.150,V
2457637.81695,2016-09-06.3150356,bg,1.64,16.625,>16.625,99.990,0.154,0.172,V
2457639.76188,2016-09-08.2600118,bg,1.43,16.981,>16.981,99.990,0.186,0.124,V
2457639.76317,2016-09-08.2613031,bg,1.41,16.841,>16.841,99.990,0.252,0.141,V
2457639.76446,2016-09-08.2625923,bg,1.39,16.903,>16.903,99.990,0.485,0.133,V
2457640.62922,2016-09-09.1273788,bg,1.38,16.458,>16.458,99.990,0.641,0.200,V
2457640.63051,2016-09-09.1286636,bg,1.35,16.712,>16.712,99.990,0.556,0.159,V
2457640.63181,2016-09-09.1299666,bg,1.37,16.492,>16.492,99.990,0.342,0.194,V
2457643.66804,2016-09-12.1662712,bg,1.43,16.365,>16.365,99.990,-0.388,0.218,V
2457643.66933,2016-09-12.1675601,bg,1.47,16.457,>16.457,99.990,0.623,0.201,V
2457643.67064,2016-09-12.1688731,bg,1.43,16.303,>16.303,99.990,0.071,0.231,V
2457647.78018,2016-09-16.2785245,bg,1.47,15.823,>15.823,99.990,-0.239,0.360,V
2457648.76106,2016-09-17.2594327,bg,1.43,15.860,>15.860,99.990,0.072,0.348,V
2457648.76235,2016-09-17.2607217,bg,1.39,15.915,>15.915,99.990,-0.154,0.330,V
2457648.76363,2016-09-17.2620048,bg,1.44,16.010,>16.010,99.990,0.577,0.303,V
2457649.80699,2016-09-18.3053918,bg,1.66,15.971,>15.971,99.990,0.348,0.314,V
2457649.80828,2016-09-18.3066820,bg,1.66,16.003,>16.003,99.990,-0.238,0.304,V
2457649.80956,2016-09-18.3079686,bg,1.70,16.011,>16.011,99.990,0.447,0.302,V
2457652.87566,2016-09-21.3741565,bg,1.44,16.365,>16.365,99.990,0.340,0.218,V
2457652.87698,2016-09-21.3754763,bg,1.40,16.340,>16.340,99.990,0.779,0.223,V
2457652.87826,2016-09-21.3767559,bg,1.43,16.418,>16.418,99.990,-0.128,0.208,V
2457654.58867,2016-09-23.0872175,bg,1.41,99.990,99.990,99.990,99.990,99.990,V
2457654.58995,2016-09-23.0885054,bg,1.34,99.990,99.990,99.990,99.990,99.990,V
2457654.59125,2016-09-23.0898015,bg,1.38,99.990,99.990,99.990,99.990,99.990,V
2457657.72265,2016-09-26.2213086,bg,1.38,99.990,99.990,99.990,99.990,99.990,V
2457657.72394,2016-09-26.2225899,bg,1.37,99.990,99.990,99.990,99.990,99.990,V
2457657.72521,2016-09-26.2238680,bg,1.41,99.990,99.990,99.990,99.990,99.990,V
2457659.67379,2016-09-28.1725081,bg,1.41,16.864,>16.864,99.990,-0.014,0.138,V
2457659.67508,2016-09-28.1737950,bg,1.41,99.990,99.990,99.990,99.990,99.990,V
2457659.67637,2016-09-28.1750851,bg,1.38,99.990,99.990,99.990,99.990,99.990,V
2457661.67068,2016-09-30.1694693,bg,1.51,99.990,99.990,99.990,99.990,99.990,V
2457661.67196,2016-09-30.1707513,bg,1.52,99.990,99.990,99.990,99.990,99.990,V
2457661.67325,2016-09-30.1720372,bg,1.46,99.990,99.990,99.990,99.990,99.990,V
2457664.73715,2016-10-03.2360413,bg,1.36,16.797,>16.797,99.990,0.479,0.147,V
2457664.73844,2016-10-03.2373396,bg,1.41,16.825,>16.825,99.990,-0.011,0.143,V
2457664.73973,2016-10-03.2386254,bg,1.37,99.990,99.990,99.990,99.990,99.990,V
2457668.61044,2016-10-07.1094716,bg,1.41,16.840,>16.840,99.990,0.011,0.141,V
2457668.61173,2016-10-07.1107672,bg,1.39,16.714,>16.714,99.990,0.175,0.158,V
2457668.61302,2016-10-07.1120556,bg,1.41,16.821,>16.821,99.990,0.100,0.143,V
2457670.60393,2016-10-09.1030395,bg,1.40,16.739,>16.739,99.990,0.305,0.155,V
2457670.60523,2016-10-09.1043356,bg,1.44,16.666,>16.666,99.990,0.235,0.165,V
2457670.60653,2016-10-09.1056371,bg,1.44,16.698,>16.698,99.990,0.226,0.161,V
2457675.62336,2016-10-14.1226587,bg,1.38,14.760,10.628,0.005,215.015,1.044,V
2457675.62466,2016-10-14.1239562,bg,1.43,14.820,10.648,0.006,211.169,1.080,V
2457675.62601,2016-10-14.1253155,bg,1.44,14.821,10.638,0.006,213.113,1.012,V
2457682.76384,2016-10-21.2634172,bg,1.37,15.237,11.798,0.009,73.261,0.646,V
2457682.76513,2016-10-21.2647047,bg,1.39,15.129,11.801,0.011,73.046,0.721,V
2457682.76642,2016-10-21.2659942,bg,1.36,15.282,11.796,0.009,73.353,0.618,V
2457683.75034,2016-10-22.2499586,bg,1.50,15.474,11.987,0.009,61.508,0.516,V
2457683.75163,2016-10-22.2512435,bg,1.44,15.463,11.972,0.009,62.353,0.516,V
2457683.75292,2016-10-22.2525410,bg,1.47,15.454,11.960,0.009,63.080,0.525,V
2457686.69048,2016-10-25.1902144,bg,1.48,99.990,99.990,99.990,99.990,99.990,V
2457686.69177,2016-10-25.1915108,bg,1.46,15.588,12.184,0.009,51.355,0.463,V
2457686.69308,2016-10-25.1928134,bg,1.46,15.591,12.184,0.009,51.316,0.456,V
2457688.64618,2016-10-27.1459991,bg,1.41,15.676,12.411,0.011,41.647,0.420,V
2457688.64749,2016-10-27.1473059,bg,1.42,15.682,12.417,0.011,41.397,0.418,V
2457688.64878,2016-10-27.1485900,bg,1.43,15.684,12.419,0.011,41.319,0.419,V
2457691.68145,2016-10-30.1813819,bg,1.38,15.828,12.787,0.013,29.450,0.364,V
2457691.68295,2016-10-30.1828917,bg,1.33,15.835,12.784,0.013,29.553,0.361,V
2457691.68423,2016-10-30.1841634,bg,1.35,15.802,12.775,0.013,29.769,0.371,V
2457695.72941,2016-11-03.2295111,bg,1.38,16.009,13.176,0.016,20.576,0.307,V
2457695.73073,2016-11-03.2308331,bg,1.40,16.004,13.165,0.016,20.797,0.308,V
2457695.73202,2016-11-03.2321248,bg,1.37,15.963,13.156,0.016,20.969,0.320,V
2457699.52935,2016-11-07.0296032,bg,1.53,16.090,13.616,0.022,13.735,0.283,V
2457699.53128,2016-11-07.0315309,bg,1.50,16.104,13.617,0.022,13.711,0.279,V
2457699.53261,2016-11-07.0328642,bg,1.45,16.049,13.640,0.024,13.434,0.294,V
2457701.75735,2016-11-09.2576898,bg,1.37,16.084,13.556,0.021,14.496,0.284,V
2457701.75864,2016-11-09.2589841,bg,1.39,16.084,13.576,0.022,14.248,0.284,V
2457701.75994,2016-11-09.2602868,bg,1.37,16.140,13.622,0.021,13.647,0.271,V
2457703.72069,2016-11-11.2211052,bg,1.37,15.845,13.826,0.034,11.312,0.353,V
2457703.72199,2016-11-11.2224075,bg,1.40,15.908,13.873,0.034,10.837,0.333,V
2457703.72327,2016-11-11.2236924,bg,1.40,16.042,13.898,0.030,10.585,0.295,V
2457707.51095,2016-11-15.0115173,bg,1.47,15.767,14.016,0.044,9.502,0.380,V
2457707.51225,2016-11-15.0128210,bg,1.44,15.780,13.870,0.038,10.861,0.375,V
2457707.51355,2016-11-15.0141210,bg,1.38,15.785,13.905,0.039,10.526,0.373,V
2457709.71809,2016-11-17.2187453,bg,1.46,15.858,14.057,0.042,9.142,0.349,V
2457709.71938,2016-11-17.2200300,bg,1.44,15.928,14.086,0.040,8.902,0.327,V
2457709.72070,2016-11-17.2213535,bg,1.45,15.946,14.077,0.039,8.970,0.322,V
2457711.72559,2016-11-19.2263270,bg,1.41,16.068,14.106,0.036,8.734,0.287,V
2457711.72689,2016-11-19.2276262,bg,1.39,16.195,14.108,0.032,8.724,0.256,V
2457711.72819,2016-11-19.2289274,bg,1.42,16.184,14.190,0.035,8.090,0.259,V
2457712.54227,2016-11-20.0430392,bg,1.44,16.332,14.127,0.029,8.573,0.226,V
2457712.54357,2016-11-20.0443362,bg,1.40,99.990,99.990,99.990,99.990,99.990,V
2457712.54486,2016-11-20.0456226,bg,1.43,99.990,99.990,99.990,99.990,99.990,V
2457716.67554,2016-11-24.1764620,bg,1.94,99.990,99.990,99.990,99.990,99.990,V
2457716.67682,2016-11-24.1777445,bg,1.77,16.399,14.322,0.032,7.165,0.212,V
2457716.67811,2016-11-24.1790318,bg,1.82,99.990,99.990,99.990,99.990,99.990,V
2457719.55397,2016-11-27.0549950,bg,1.60,16.433,14.415,0.034,6.576,0.205,V
2457719.55527,2016-11-27.0562912,bg,1.71,16.454,14.396,0.033,6.691,0.202,V
2457719.55656,2016-11-27.0575798,bg,1.78,16.453,14.442,0.034,6.411,0.202,V
2457721.52804,2016-11-29.0291325,bg,1.88,16.241,14.517,0.045,5.989,0.245,V
2457721.52933,2016-11-29.0304236,bg,1.83,16.302,14.520,0.042,5.971,0.232,V
2457721.53062,2016-11-29.0317119,bg,1.95,16.308,14.552,0.043,5.794,0.230,V
2457724.63748,2016-12-02.1386796,bg,1.40,16.322,14.550,0.043,5.809,0.227,V
2457724.63876,2016-12-02.1399681,bg,1.38,16.435,14.598,0.040,5.557,0.205,V
2457724.64005,2016-12-02.1412526,bg,1.47,16.401,14.562,0.040,5.745,0.212,V
2457729.64681,2016-12-07.1481843,bg,1.36,16.354,14.689,0.047,5.111,0.221,V
2457729.65189,2016-12-07.1532668,bg,1.34,16.231,14.759,0.056,4.791,0.247,V
2457735.66103,2016-12-13.1625953,bg,1.41,15.803,14.798,0.087,4.622,0.367,V
2457738.65061,2016-12-16.1522495,bg,1.51,15.936,15.486,0.145,2.453,0.324,V
2457738.65191,2016-12-16.1535519,bg,1.46,15.641,14.639,0.087,5.352,0.426,V
2457738.65320,2016-12-16.1548469,bg,1.50,15.609,14.923,0.116,4.120,0.438,V
2457740.64392,2016-12-18.1456217,bg,1.44,16.309,15.114,0.073,3.453,0.230,V
2457740.64520,2016-12-18.1469009,bg,1.39,16.172,15.122,0.083,3.427,0.261,V
2457740.64650,2016-12-18.1481990,bg,1.40,16.317,15.129,0.073,3.407,0.228,V
2457743.63686,2016-12-21.1386431,bg,1.44,16.576,15.362,0.071,2.749,0.180,V
2457743.63816,2016-12-21.1399424,bg,1.48,16.574,15.065,0.054,3.613,0.180,V
2457743.63946,2016-12-21.1412417,bg,1.39,16.507,15.234,0.068,3.092,0.192,V
2457745.62580,2016-12-23.1276314,bg,1.42,99.990,99.990,99.990,99.990,99.990,V
2457745.62711,2016-12-23.1289354,bg,1.40,16.540,15.235,0.066,3.090,0.186,V
2457745.62839,2016-12-23.1302189,bg,1.41,99.990,99.990,99.990,99.990,99.990,V
2457746.62628,2016-12-24.1281390,bg,1.45,99.990,99.990,99.990,99.990,99.990,V
2457746.62757,2016-12-24.1294282,bg,1.41,99.990,99.990,99.990,99.990,99.990,V
2457746.62887,2016-12-24.1307268,bg,1.40,99.990,99.990,99.990,99.990,99.990,V
2457750.52861,2016-12-28.0305487,bg,1.81,15.564,>15.564,99.990,1.991,0.457,V
2457750.52991,2016-12-28.0318512,bg,1.87,15.869,15.698,0.187,2.018,0.345,V
2457750.53119,2016-12-28.0331342,bg,1.77,15.837,15.063,0.107,3.619,0.355,V
2457751.58423,2016-12-29.0861936,bg,1.75,16.622,15.627,0.088,2.153,0.172,V
2457751.58552,2016-12-29.0874815,bg,1.80,16.561,15.487,0.081,2.450,0.182,V
2457751.58680,2016-12-29.0887721,bg,1.72,16.548,15.399,0.076,2.657,0.185,V
2457752.58782,2016-12-30.0898063,bg,1.59,16.747,15.375,0.062,2.716,0.154,V
2457752.58910,2016-12-30.0910900,bg,1.57,16.490,15.310,0.074,2.883,0.195,V
2457752.59040,2016-12-30.0923906,bg,1.55,16.592,15.377,0.071,2.712,0.177,V
2457756.59648,2017-01-03.0985438,bg,2.12,16.468,15.433,0.084,2.574,0.198,V
2457756.59778,2017-01-03.0998443,bg,2.12,16.573,15.420,0.076,2.606,0.180,V
2457756.59908,2017-01-03.1011440,bg,2.11,16.496,15.313,0.074,2.876,0.194,V
2457757.53333,2017-01-04.0354047,bg,1.76,15.959,15.460,0.138,2.511,0.317,V
2457757.53461,2017-01-04.0366896,bg,1.75,16.105,15.372,0.112,2.723,0.277,V
2457757.53590,2017-01-04.0379775,bg,1.67,16.168,15.326,0.101,2.840,0.262,V
2457758.58863,2017-01-05.0907275,bg,1.40,16.548,15.511,0.084,2.396,0.184,V
2457758.58991,2017-01-05.0920039,bg,1.40,16.524,15.507,0.086,2.406,0.189,V
2457758.59118,2017-01-05.0932804,bg,1.41,16.559,15.443,0.078,2.551,0.183,V
2457760.56875,2017-01-07.0708765,bg,1.35,16.366,15.470,0.096,2.490,0.218,V
2457760.57004,2017-01-07.0721695,bg,1.42,16.257,15.456,0.105,2.521,0.241,V
2457760.57132,2017-01-07.0734513,bg,1.37,16.220,15.414,0.104,2.621,0.249,V
2457762.52927,2017-01-09.0314287,bg,1.46,15.634,15.535,0.200,2.343,0.428,V
2457762.53056,2017-01-09.0327130,bg,1.47,15.629,15.218,0.150,3.139,0.430,V
2457762.53185,2017-01-09.0340015,bg,1.44,15.583,>15.583,99.990,1.818,0.449,V
2457763.57654,2017-01-10.0787141,bg,1.42,16.105,15.642,0.143,2.124,0.277,V
2457763.57784,2017-01-10.0800093,bg,1.36,15.992,15.674,0.163,2.063,0.308,V
2457763.57913,2017-01-10.0813001,bg,1.39,15.954,15.343,0.125,2.797,0.319,V
2457764.54888,2017-01-11.0510594,bg,1.41,15.906,15.299,0.125,2.914,0.333,V
2457764.55016,2017-01-11.0523474,bg,1.46,16.050,15.715,0.161,1.986,0.292,V
2457764.55144,2017-01-11.0536262,bg,1.37,16.000,15.516,0.140,2.385,0.306,V
2457766.52881,2017-01-13.0310157,bg,1.90,15.589,15.398,0.184,2.660,0.446,V
2457766.53012,2017-01-13.0323287,bg,1.82,15.562,>15.562,99.990,1.489,0.457,V
2457766.53141,2017-01-13.0336129,bg,1.67,15.612,15.382,0.177,2.699,0.437,V
2457770.55163,2017-01-17.0538728,bg,1.38,16.631,15.732,0.096,1.955,0.171,V
2457770.55292,2017-01-17.0551703,bg,1.40,16.645,15.704,0.092,2.007,0.169,V
2457770.55422,2017-01-17.0564697,bg,1.40,16.632,15.639,0.088,2.130,0.171,V
2457773.54692,2017-01-20.0491908,bg,1.55,16.420,15.599,0.103,2.211,0.208,V
2457773.54822,2017-01-20.0504930,bg,1.55,16.371,15.497,0.098,2.428,0.217,V
2457773.54953,2017-01-20.0518012,bg,1.51,16.543,15.476,0.082,2.475,0.185,V
2457774.54158,2017-01-21.0438572,bg,1.62,16.474,15.846,0.123,1.760,0.198,V
2457774.54288,2017-01-21.0451562,bg,1.64,16.436,15.785,0.120,1.861,0.204,V
2457774.54418,2017-01-21.0464562,bg,1.66,16.513,15.804,0.114,1.829,0.191,V
2457778.52937,2017-01-25.0316549,bg,1.59,15.733,>15.733,99.990,1.868,0.391,V
2457778.53065,2017-01-25.0329435,bg,1.59,16.046,15.682,0.157,2.048,0.293,V
2457778.53193,2017-01-25.0342187,bg,1.57,15.921,15.709,0.180,1.998,0.329,V
2457887.93334,2017-05-14.4327288,bg,1.62,15.801,>15.801,99.990,1.109,0.367,V
2457887.93461,2017-05-14.4339987,bg,1.65,15.799,>15.799,99.990,1.288,0.368,V
2457887.93756,2017-05-14.4369594,bg,1.67,15.452,>15.452,99.990,0.291,0.506,V
2457889.92096,2017-05-16.4202725,bg,1.68,16.314,>16.314,99.990,0.451,0.229,V
2457889.92222,2017-05-16.4215383,bg,1.68,16.128,>16.128,99.990,0.318,0.271,V
2457889.92348,2017-05-16.4227982,bg,1.67,16.151,>16.151,99.990,0.309,0.266,V
2457904.89395,2017-05-31.3927253,bg,1.42,16.639,>16.639,99.990,0.571,0.170,V
2457904.89521,2017-05-31.3939886,bg,1.46,16.601,>16.601,99.990,0.570,0.176,V
2457904.89648,2017-05-31.3952513,bg,1.50,16.689,>16.689,99.990,0.551,0.162,V
2457911.87823,2017-06-07.3767796,bg,1.51,16.025,>16.025,99.990,0.060,0.299,V
2457911.87950,2017-06-07.3780488,bg,1.39,16.304,>16.304,99.990,-0.167,0.231,V
2457911.88082,2017-06-07.3793664,bg,1.42,16.346,>16.346,99.990,0.785,0.222,V
2457914.86742,2017-06-10.3658708,bg,1.62,15.782,>15.782,99.990,0.302,0.374,V
2457914.86867,2017-06-10.3671274,bg,1.62,15.876,>15.876,99.990,1.229,0.342,V
2457914.86994,2017-06-10.3683951,bg,1.65,15.851,>15.851,99.990,0.720,0.350,V
2457916.86716,2017-06-12.3655574,bg,1.82,16.080,>16.080,99.990,0.036,0.284,V
2457916.86842,2017-06-12.3668206,bg,1.82,15.931,>15.931,99.990,0.973,0.325,V
2457916.86969,2017-06-12.3680841,bg,1.75,16.230,>16.230,99.990,0.368,0.247,V
2457918.85634,2017-06-14.3546743,bg,1.89,13.662,>13.662,99.990,-1.321,2.631,V
2457918.85761,2017-06-14.3559510,bg,1.71,13.400,>13.400,99.990,5.445,3.350,V
2457918.85887,2017-06-14.3572107,bg,2.12,99.990,99.990,99.990,99.990,99.990,V
2457922.91782,2017-06-18.4160559,bg,1.39,15.437,>15.437,99.990,-0.095,0.513,V
2457922.91909,2017-06-18.4173234,bg,1.46,15.742,>15.742,99.990,0.609,0.387,V
2457923.88306,2017-06-19.3812692,bg,1.50,16.612,>16.612,99.990,0.648,0.174,V
2457923.88431,2017-06-19.3825246,bg,1.41,16.811,>16.811,99.990,0.660,0.145,V
2457923.88559,2017-06-19.3837905,bg,1.41,16.617,>16.617,99.990,0.736,0.173,V
2457928.85380,2017-06-24.3518847,bg,1.43,16.565,>16.565,99.990,0.636,0.181,V
2457928.85507,2017-06-24.3531496,bg,1.49,16.214,>16.214,99.990,0.774,0.251,V
2457928.85633,2017-06-24.3544133,bg,1.45,16.428,>16.428,99.990,0.270,0.206,V
2457932.82087,2017-06-28.3188725,bg,2.45,16.534,>16.534,99.990,0.320,0.187,V
2457932.82214,2017-06-28.3201366,bg,2.46,16.770,>16.770,99.990,0.493,0.150,V
2457932.82340,2017-06-28.3214041,bg,2.48,16.512,>16.512,99.990,0.579,0.191,V
2457933.82173,2017-06-29.3197071,bg,1.60,16.732,>16.732,99.990,0.744,0.156,V
2457933.82300,2017-06-29.3209697,bg,1.67,16.781,>16.781,99.990,0.657,0.149,V
2457933.82426,2017-06-29.3222314,bg,1.81,16.622,16.475,0.191,0.986,0.172,V
2457935.81008,2017-07-01.3080209,bg,1.57,16.865,>16.865,99.990,0.526,0.138,V
2457935.81137,2017-07-01.3093077,bg,1.51,16.696,16.673,0.214,0.822,0.161,V
2457935.81262,2017-07-01.3105627,bg,1.55,16.728,>16.728,99.990,0.286,0.156,V
2457936.83222,2017-07-02.3301337,bg,2.13,16.698,>16.698,99.990,0.484,0.161,V
2457936.83347,2017-07-02.3313885,bg,2.24,16.641,>16.641,99.990,0.661,0.169,V
2457936.83474,2017-07-02.3326537,bg,2.20,16.612,>16.612,99.990,-0.061,0.174,V
2457941.79681,2017-07-07.2946480,bg,1.45,14.858,>14.858,99.990,0.195,0.875,V
2457941.79807,2017-07-07.2959107,bg,1.42,15.018,>15.018,99.990,1.307,0.755,V
2457942.79192,2017-07-08.2897298,bg,1.54,15.857,>15.857,99.990,0.159,0.349,V
2457942.79318,2017-07-08.2909942,bg,1.56,15.796,>15.796,99.990,1.016,0.369,V
2457942.79445,2017-07-08.2922604,bg,1.52,15.901,>15.901,99.990,0.559,0.335,V
2457943.78995,2017-07-09.2877443,bg,1.65,15.613,>15.613,99.990,-0.299,0.436,V
2457943.79121,2017-07-09.2890171,bg,1.61,15.543,>15.543,99.990,0.518,0.465,V
2457943.79247,2017-07-09.2902762,bg,1.69,15.709,>15.709,99.990,-0.065,0.399,V
2457944.78638,2017-07-10.2841682,bg,1.51,15.855,>15.855,99.990,-0.150,0.349,V
2457944.78764,2017-07-10.2854307,bg,1.47,15.830,>15.830,99.990,0.826,0.357,V
2457944.78890,2017-07-10.2866956,bg,1.50,15.778,>15.778,99.990,0.493,0.375,V
2457945.78586,2017-07-11.2836362,bg,1.78,15.997,>15.997,99.990,0.329,0.306,V
2457945.78712,2017-07-11.2848932,bg,1.65,15.881,>15.881,99.990,0.613,0.341,V
2457945.78840,2017-07-11.2861689,bg,1.72,15.917,>15.917,99.990,0.638,0.330,V
2457946.78318,2017-07-12.2809378,bg,1.72,16.297,>16.297,99.990,0.761,0.232,V
2457946.78445,2017-07-12.2822101,bg,1.73,15.830,>15.830,99.990,0.159,0.357,V
2457946.78572,2017-07-12.2834829,bg,1.69,16.078,>16.078,99.990,0.721,0.284,V
2457947.78769,2017-07-13.2854348,bg,1.55,15.955,>15.955,99.990,0.356,0.318,V
2457947.78896,2017-07-13.2867076,bg,1.55,16.080,>16.080,99.990,0.323,0.284,V
2457947.79022,2017-07-13.2879732,bg,1.56,16.007,>16.007,99.990,0.508,0.304,V
2457948.81384,2017-07-14.3115719,bg,1.48,15.463,>15.463,99.990,0.419,0.501,V
2457948.81510,2017-07-14.3128655,bg,1.38,15.349,>15.349,99.990,0.871,0.556,V
2457948.81637,2017-07-14.3141031,bg,1.42,15.477,>15.477,99.990,0.475,0.495,V
2457949.77252,2017-07-15.2702568,bg,1.55,15.594,>15.594,99.990,0.429,0.444,V
2457949.77379,2017-07-15.2715195,bg,1.53,15.987,>15.987,99.990,-0.342,0.309,V
2457949.77505,2017-07-15.2727829,bg,1.63,16.175,>16.175,99.990,0.583,0.260,V
2457951.90592,2017-07-17.4036306,bg,1.44,16.681,>16.681,99.990,0.740,0.163,V
2457951.90720,2017-07-17.4048980,bg,1.42,16.540,>16.540,99.990,0.411,0.186,V
2457951.90846,2017-07-17.4061627,bg,1.42,16.669,>16.669,99.990,0.553,0.165,V
2457953.79552,2017-07-19.2932164,bg,1.81,16.680,>16.680,99.990,0.695,0.163,V
2457953.79679,2017-07-19.2944806,bg,1.82,16.209,>16.209,99.990,0.132,0.252,V
2457953.79805,2017-07-19.2957417,bg,1.80,16.381,>16.381,99.990,0.576,0.215,V
2457955.78619,2017-07-21.2838611,bg,1.41,16.785,>16.785,99.990,0.480,0.148,V
2457955.78745,2017-07-21.2851269,bg,1.45,16.747,>16.747,99.990,0.211,0.153,V
2457955.78872,2017-07-21.2863967,bg,1.42,16.793,>16.793,99.990,0.141,0.147,V
2457957.82055,2017-07-23.3182131,bg,1.56,16.748,>16.748,99.990,0.317,0.153,V
2457957.82181,2017-07-23.3194756,bg,1.51,16.786,>16.786,99.990,0.454,0.148,V
2457957.82308,2017-07-23.3207399,bg,1.52,16.792,>16.792,99.990,0.429,0.147,V
2457959.74598,2017-07-25.2436336,bg,1.68,16.698,>16.698,99.990,0.541,0.161,V
2457959.74726,2017-07-25.2449081,bg,1.68,16.591,>16.591,99.990,0.189,0.177,V
2457959.74853,2017-07-25.2461763,bg,1.66,16.649,>16.649,99.990,0.157,0.168,V
2457960.74232,2017-07-26.2399671,bg,1.49,16.842,>16.842,99.990,0.480,0.141,V
2457960.74358,2017-07-26.2412288,bg,1.56,16.820,>16.820,99.990,0.148,0.144,V
2457960.74484,2017-07-26.2424966,bg,1.52,16.764,>16.764,99.990,0.178,0.151,V
2457961.74275,2017-07-27.2404038,bg,1.66,15.543,>15.543,99.990,0.854,0.465,V
2457961.74402,2017-07-27.2416680,bg,1.66,15.700,>15.700,99.990,0.528,0.403,V
2457961.74528,2017-07-27.2429320,bg,1.55,15.718,>15.718,99.990,0.900,0.396,V
2457962.73911,2017-07-28.2367560,bg,1.72,16.353,>16.353,99.990,0.320,0.221,V
2457962.74037,2017-07-28.2380094,bg,1.67,16.472,>16.472,99.990,0.435,0.198,V
2457962.74163,2017-07-28.2392763,bg,1.65,16.401,>16.401,99.990,0.393,0.211,V
2457964.73228,2017-07-30.2299309,bg,1.40,16.709,>16.709,99.990,0.450,0.159,V
2457964.73356,2017-07-30.2311959,bg,1.41,16.894,>16.894,99.990,0.306,0.134,V
2457964.73481,2017-07-30.2324559,bg,1.38,99.990,99.990,99.990,99.990,99.990,V
2457966.72518,2017-08-01.2228231,bg,1.41,16.469,>16.469,99.990,0.537,0.198,V
2457966.72644,2017-08-01.2240877,bg,1.41,16.646,>16.646,99.990,0.434,0.168,V
2457966.72772,2017-08-01.2253532,bg,1.43,16.747,>16.747,99.990,0.533,0.153,V
2457967.77105,2017-08-02.2686916,bg,1.57,16.625,>16.625,99.990,0.316,0.172,V
2457967.77232,2017-08-02.2699571,bg,1.62,16.475,>16.475,99.990,0.495,0.197,V
2457967.77359,2017-08-02.2712273,bg,1.61,16.474,>16.474,99.990,0.320,0.197,V
2457968.79455,2017-08-03.2921901,bg,1.55,16.310,>16.310,99.990,0.412,0.230,V
2457968.79581,2017-08-03.2934496,bg,1.50,16.407,>16.407,99.990,0.236,0.210,V
2457968.79708,2017-08-03.2947212,bg,1.50,16.469,>16.469,99.990,0.470,0.198,V
2457970.71587,2017-08-05.2135190,bg,1.53,16.222,>16.222,99.990,0.021,0.249,V
2457970.71718,2017-08-05.2148237,bg,1.52,16.095,>16.095,99.990,1.170,0.280,V
2457970.71846,2017-08-05.2161071,bg,1.50,16.012,>16.012,99.990,0.107,0.302,V
2457971.71652,2017-08-06.2141717,bg,1.52,16.041,>16.041,99.990,0.818,0.294,V
2457971.71779,2017-08-06.2154369,bg,1.49,16.012,>16.012,99.990,-0.168,0.302,V
2457971.71905,2017-08-06.2167021,bg,1.48,15.970,>15.970,99.990,-0.172,0.314,V
2457973.71322,2017-08-08.2108756,bg,1.45,15.588,>15.588,99.990,0.882,0.446,V
2457973.71448,2017-08-08.2121376,bg,1.48,15.548,>15.548,99.990,1.066,0.463,V
2457973.71574,2017-08-08.2134025,bg,1.43,15.115,>15.115,99.990,-0.211,0.690,V
2457974.70949,2017-08-09.2071579,bg,1.45,15.846,>15.846,99.990,-0.633,0.352,V
2457974.71076,2017-08-09.2084219,bg,1.44,15.801,>15.801,99.990,-0.326,0.367,V
2457974.71202,2017-08-09.2096853,bg,1.41,15.811,>15.811,99.990,0.064,0.364,V
2457975.76465,2017-08-10.2623321,bg,1.83,14.346,>14.346,99.990,-1.198,1.401,V
2457975.76593,2017-08-10.2635996,bg,1.75,14.157,>14.157,99.990,0.844,1.668,V
2457978.83587,2017-08-13.3335704,bg,2.10,16.325,>16.325,99.990,0.259,0.226,V
2457978.83716,2017-08-13.3348510,bg,2.06,16.322,>16.322,99.990,0.136,0.227,V
2457978.83842,2017-08-13.3361141,bg,2.06,16.468,>16.468,99.990,0.536,0.199,V
2457981.91467,2017-08-16.4123890,bg,1.39,16.663,>16.663,99.990,0.637,0.166,V
2457981.91593,2017-08-16.4136578,bg,1.43,16.742,>16.742,99.990,0.412,0.154,V
2457981.91720,2017-08-16.4149319,bg,1.42,16.570,>16.570,99.990,0.408,0.181,V
2457982.68348,2017-08-17.1812126,bg,1.40,16.867,>16.867,99.990,0.252,0.137,V
2457982.68475,2017-08-17.1824768,bg,1.42,16.739,>16.739,99.990,0.401,0.155,V
2457982.68601,2017-08-17.1837424,bg,1.42,16.811,>16.811,99.990,0.568,0.145,V
2457983.70632,2017-08-18.2040687,bg,1.43,16.805,>16.805,99.990,0.376,0.146,V
2457996.64473,2017-08-31.1426809,bg,1.51,16.292,>16.292,99.990,0.166,0.233,V
2457996.64600,2017-08-31.1439475,bg,1.43,16.486,>16.486,99.990,-0.058,0.195,V
2457996.64726,2017-08-31.1452116,bg,1.40,16.627,>16.627,99.990,0.068,0.172,V
2457999.63961,2017-09-03.1376276,bg,1.60,15.692,>15.692,99.990,0.039,0.406,V
2457999.64087,2017-09-03.1388905,bg,1.56,15.365,>15.365,99.990,0.288,0.548,V
2458000.63887,2017-09-04.1369087,bg,1.65,15.884,>15.884,99.990,-0.206,0.340,V
2458000.64014,2017-09-04.1381684,bg,1.69,16.022,>16.022,99.990,-0.442,0.299,V
2458000.64140,2017-09-04.1394335,bg,1.67,16.068,>16.068,99.990,0.671,0.287,V
2458002.62894,2017-09-06.1270228,bg,1.51,15.355,>15.355,99.990,0.595,0.553,V
2458002.63022,2017-09-06.1282991,bg,1.56,15.257,>15.257,99.990,0.077,0.606,V
2458002.63149,2017-09-06.1295748,bg,1.49,14.864,>14.864,99.990,1.177,0.870,V
2458002.90137,2017-09-06.3994586,bk,1.64,15.584,>15.584,99.990,0.660,0.424,g
2458002.90137,2017-09-06.3994590,bl,2.19,15.856,>15.856,99.990,0.887,0.330,g
2458002.90259,2017-09-06.4006724,bk,-99,15.453,>15.453,99.990,-0.901,0.479,g
2458002.90259,2017-09-06.4006715,bl,-99,15.880,>15.880,99.990,0.180,0.323,g
2458002.90381,2017-09-06.4018898,bk,1.35,15.418,>15.418,99.990,-0.184,0.494,g
2458002.90381,2017-09-06.4018902,bl,-99,15.650,>15.650,99.990,0.942,0.399,g
2458003.64078,2017-09-07.1388851,bg,1.49,15.806,>15.806,99.990,0.603,0.365,V
2458003.64205,2017-09-07.1401521,bg,1.41,15.978,>15.978,99.990,-0.170,0.312,V
2458003.64332,2017-09-07.1414186,bg,1.40,15.806,>15.806,99.990,0.092,0.365,V
2458003.89425,2017-09-07.3923519,bk,1.55,16.302,>16.302,99.990,0.245,0.219,g
2458003.89425,2017-09-07.3923510,bl,2.12,16.376,>16.376,99.990,0.257,0.205,g
2458003.89547,2017-09-07.3935812,bk,1.55,16.310,>16.310,99.990,0.119,0.217,g
2458003.89547,2017-09-07.3935813,bl,2.11,16.475,>16.475,99.990,0.155,0.187,g
2458003.89670,2017-09-07.3948094,bk,1.53,16.194,>16.194,99.990,0.277,0.242,g
2458003.89670,2017-09-07.3948093,bl,2.12,16.477,>16.477,99.990,0.136,0.186,g
2458004.73853,2017-09-08.2366533,bg,1.37,15.927,>15.927,99.990,0.299,0.327,V
2458004.73979,2017-09-08.2379225,bg,1.43,15.991,>15.991,99.990,0.232,0.308,V
2458004.74105,2017-09-08.2391820,bg,1.38,16.019,>16.019,99.990,-0.068,0.300,V
2458007.72188,2017-09-11.2200827,bg,1.60,16.588,>16.588,99.990,0.710,0.178,V
2458007.72315,2017-09-11.2213530,bg,1.60,16.521,>16.521,99.990,0.302,0.189,V
2458007.72441,2017-09-11.2226150,bg,1.48,16.424,>16.424,99.990,0.572,0.207,V
2458009.83595,2017-09-13.3342085,bg,1.56,16.525,>16.525,99.990,0.119,0.188,V
2458009.83722,2017-09-13.3354736,bg,1.57,16.544,>16.544,99.990,0.360,0.185,V
2458009.83849,2017-09-13.3367531,bg,1.59,16.506,>16.506,99.990,-0.021,0.192,V
2458010.65717,2017-09-14.1554505,bg,1.40,16.610,>16.610,99.990,0.285,0.174,V
2458010.65844,2017-09-14.1567222,bg,1.44,16.665,>16.665,99.990,0.188,0.165,V
2458010.65970,2017-09-14.1579848,bg,1.42,16.874,>16.874,99.990,0.221,0.137,V
2458012.60611,2017-09-16.1044457,bg,2.17,16.545,>16.545,99.990,0.414,0.185,V
2458012.60737,2017-09-16.1057086,bg,2.15,16.556,>16.556,99.990,0.597,0.183,V
2458012.60863,2017-09-16.1069697,bg,2.19,16.522,>16.522,99.990,0.564,0.189,V
2458013.60047,2017-09-17.0988390,bg,1.82,16.739,>16.739,99.990,0.316,0.155,V
2458013.60175,2017-09-17.1001193,bg,1.77,16.570,>16.570,99.990,0.496,0.181,V
2458013.60301,2017-09-17.1013814,bg,1.89,16.575,>16.575,99.990,0.250,0.180,V
2458014.63654,2017-09-18.1349388,bg,2.17,16.595,>16.595,99.990,0.527,0.177,V
2458014.63780,2017-09-18.1362008,bg,2.18,16.616,>16.616,99.990,0.523,0.173,V
2458014.63908,2017-09-18.1374743,bg,2.27,16.532,>16.532,99.990,-0.066,0.187,V
2458015.66722,2017-09-19.1656452,bg,1.45,16.752,>16.752,99.990,0.646,0.153,V
2458015.66850,2017-09-19.1669295,bg,1.40,16.723,>16.723,99.990,-0.003,0.157,V
2458016.66704,2017-09-20.1655053,bg,1.87,15.445,>15.445,99.990,0.042,0.509,V
2458016.66832,2017-09-20.1667769,bg,1.65,16.159,>16.159,99.990,0.283,0.264,V
2458016.66958,2017-09-20.1680349,bg,1.61,16.160,>16.160,99.990,0.524,0.264,V
2458018.58830,2017-09-22.0868130,bg,1.43,16.700,>16.700,99.990,0.246,0.160,V
2458018.58956,2017-09-22.0880819,bg,1.40,16.588,>16.588,99.990,0.415,0.178,V
2458018.59082,2017-09-22.0893462,bg,1.41,16.685,>16.685,99.990,0.132,0.163,V
2458019.59932,2017-09-23.0978668,bg,1.47,16.597,>16.597,99.990,0.656,0.176,V
2458019.60059,2017-09-23.0991355,bg,1.42,16.622,>16.622,99.990,0.244,0.172,V
2458019.60185,2017-09-23.1004006,bg,1.43,16.686,>16.686,99.990,0.172,0.162,V
2458021.58151,2017-09-25.0801149,bg,1.46,16.709,>16.709,99.990,0.393,0.159,V
2458021.58277,2017-09-25.0813810,bg,1.51,16.609,>16.609,99.990,0.472,0.174,V
2458021.58404,2017-09-25.0826476,bg,1.42,16.704,>16.704,99.990,0.156,0.160,V
2458022.58341,2017-09-26.0820497,bg,1.51,16.646,>16.646,99.990,-0.202,0.169,V
2458022.58468,2017-09-26.0833244,bg,1.49,16.513,>16.513,99.990,0.596,0.190,V
2458022.58595,2017-09-26.0845908,bg,1.45,16.598,>16.598,99.990,0.270,0.176,V
2458023.56604,2017-09-27.0647115,bg,1.63,16.473,>16.473,99.990,0.175,0.198,V
2458023.56731,2017-09-27.0659821,bg,1.78,16.676,>16.676,99.990,0.529,0.164,V
2458023.56857,2017-09-27.0672468,bg,1.79,16.628,>16.628,99.990,-0.117,0.171,V
2458024.56327,2017-09-28.0619760,bg,1.50,15.587,>15.587,99.990,0.148,0.447,V
2458024.56454,2017-09-28.0632474,bg,1.45,14.906,>14.906,99.990,-1.048,0.837,V
2458024.56580,2017-09-28.0645026,bg,1.46,15.425,>15.425,99.990,0.624,0.519,V
2458024.66969,2017-09-28.1684065,bk,1.45,16.510,>16.510,99.990,0.183,0.181,g
2458024.67091,2017-09-28.1696217,bk,1.42,16.098,>16.098,99.990,0.577,0.264,g
2458024.67213,2017-09-28.1708377,bk,1.46,16.661,>16.661,99.990,0.649,0.157,g
2458025.55701,2017-09-29.0557486,bg,1.38,15.090,>15.090,99.990,0.582,0.706,V
2458025.55827,2017-09-29.0570079,bg,1.47,14.593,>14.593,99.990,0.188,1.116,V
2458026.57864,2017-09-30.0774160,bg,1.51,15.307,>15.307,99.990,-0.106,0.578,V
2458026.57990,2017-09-30.0786792,bg,1.48,15.560,>15.560,99.990,-0.277,0.458,V
2458026.58118,2017-09-30.0799577,bg,1.51,15.320,>15.320,99.990,0.417,0.572,V
2458026.69594,2017-09-30.1947153,bk,1.63,99.990,99.990,99.990,99.990,99.990,g
2458028.55932,2017-10-02.0581673,bg,2.03,16.060,>16.060,99.990,0.283,0.289,V
2458028.56061,2017-10-02.0594513,bg,1.80,16.057,>16.057,99.990,-0.423,0.290,V
2458028.56187,2017-10-02.0607143,bg,1.81,16.030,>16.030,99.990,-0.086,0.297,V
2458029.56577,2017-10-03.0646511,bk,2.22,16.504,>16.504,99.990,0.229,0.182,g
2458029.56699,2017-10-03.0658708,bk,2.22,16.395,>16.395,99.990,0.272,0.201,g
2458029.56821,2017-10-03.0670872,bk,2.21,16.442,>16.442,99.990,0.066,0.192,g
2458029.59772,2017-10-03.0966043,bg,1.43,16.045,>16.045,99.990,0.260,0.293,V
2458029.59899,2017-10-03.097875,bg,1.43,16.019,>16.019,99.990,0.318,0.300,V
2458029.60027,2017-10-03.0991466,bg,1.45,16.025,>16.025,99.990,-0.118,0.299,V
2458030.55630,2017-10-04.0552187,bg,1.54,15.264,>15.264,99.990,-0.176,0.602,V
2458030.55758,2017-10-04.0564943,bg,1.54,15.269,>15.269,99.990,0.922,0.599,V
2458030.55884,2017-10-04.0577509,bg,1.47,15.278,>15.278,99.990,-0.191,0.594,V
2458030.59211,2017-10-04.0910287,bk,1.58,15.965,>15.965,99.990,0.297,0.299,g
2458030.59333,2017-10-04.0922457,bk,1.56,15.859,>15.859,99.990,0.556,0.329,g
2458030.59454,2017-10-04.0934616,bk,1.57,15.731,>15.731,99.990,-0.177,0.371,g
2458031.59665,2017-10-05.0956031,bg,1.52,14.700,>14.700,99.990,-2.319,1.011,V
2458031.59792,2017-10-05.0968702,bg,1.54,14.819,>14.819,99.990,0.878,0.907,V
2458031.59919,2017-10-05.0981472,bg,1.58,14.919,>14.919,99.990,-0.865,0.827,V
2458031.60523,2017-10-05.1041826,bk,-99,14.726,>14.726,99.990,-1.223,0.934,g
2458032.60099,2017-10-06.0999866,bg,1.43,15.624,>15.624,99.990,0.895,0.432,V
2458032.60228,2017-10-06.1012726,bg,1.46,15.729,>15.729,99.990,0.598,0.392,V
2458032.60356,2017-10-06.1025450,bg,1.43,15.787,>15.787,99.990,0.442,0.372,V
2458032.63547,2017-10-06.1344645,bk,2.00,16.213,>16.213,99.990,-0.023,0.238,g
2458032.63669,2017-10-06.1356807,bk,1.99,16.153,>16.153,99.990,0.421,0.251,g
2458032.63790,2017-10-06.1368979,bk,1.99,16.094,>16.094,99.990,-0.204,0.265,g
2458033.78223,2017-10-07.2812663,bk,1.52,16.446,>16.446,99.990,0.300,0.192,g
2458033.78345,2017-10-07.2824872,bk,1.52,16.357,>16.357,99.990,0.349,0.208,g
2458033.78466,2017-10-07.2837002,bk,1.55,16.413,>16.413,99.990,-0.066,0.198,g
2458034.75303,2017-10-08.2521018,bk,2.00,16.662,>16.662,99.990,0.444,0.157,g
2458034.75426,2017-10-08.2533244,bk,2.02,16.546,>16.546,99.990,0.126,0.175,g
2458034.75547,2017-10-08.2545417,bk,2.00,16.508,>16.508,99.990,0.571,0.181,g
2458034.79886,2017-10-08.2979317,bg,1.49,16.020,>16.020,99.990,0.395,0.300,V
2458034.80013,2017-10-08.2992027,bg,1.50,15.999,>15.999,99.990,0.071,0.306,V
2458034.80140,2017-10-08.3004645,bg,1.45,16.168,>16.168,99.990,0.297,0.262,V
2458035.71558,2017-10-09.2146870,bk,2.26,16.720,>16.720,99.990,0.425,0.149,g
2458035.71680,2017-10-09.2159081,bk,2.28,16.652,>16.652,99.990,0.212,0.159,g
2458035.71802,2017-10-09.2171217,bk,2.26,16.616,>16.616,99.990,0.497,0.164,g
2458035.76518,2017-10-09.2642917,bg,1.50,16.163,>16.163,99.990,0.310,0.263,V
2458035.76645,2017-10-09.2655554,bg,1.50,16.182,>16.182,99.990,0.576,0.258,V
2458035.76772,2017-10-09.2668336,bg,1.45,16.220,>16.220,99.990,-0.085,0.249,V
2458036.72808,2017-10-10.2272204,bg,1.57,16.315,>16.315,99.990,0.343,0.228,V
2458036.72934,2017-10-10.2284856,bg,1.55,16.231,>16.231,99.990,0.510,0.247,V
2458036.73061,2017-10-10.2297605,bg,1.56,16.356,>16.356,99.990,0.450,0.220,V
2458037.75855,2017-10-11.2577288,bg,1.70,16.397,>16.397,99.990,0.703,0.212,V
2458037.75982,2017-10-11.2590049,bg,1.56,16.335,>16.335,99.990,0.750,0.224,V
2458037.76109,2017-10-11.2602746,bg,1.60,16.379,>16.379,99.990,0.411,0.216,V
2458038.65325,2017-10-12.1524660,bg,2.13,99.990,99.990,99.990,99.990,99.990,V
2458038.65452,2017-10-12.1537321,bg,2.10,99.990,99.990,99.990,99.990,99.990,V
2458038.65579,2017-10-12.1550082,bg,2.13,99.990,99.990,99.990,99.990,99.990,V
2458040.72595,2017-10-14.2252376,bg,2.35,16.604,>16.604,99.990,0.192,0.175,V
2458040.72721,2017-10-14.2265083,bg,2.30,16.473,>16.473,99.990,0.222,0.198,V
2458040.72849,2017-10-14.2277770,bg,2.29,16.428,>16.428,99.990,0.353,0.206,V
2458041.63476,2017-10-15.1340905,bg,1.68,16.629,>16.629,99.990,0.722,0.171,V
2458041.63603,2017-10-15.1353576,bg,1.74,16.570,>16.570,99.990,0.385,0.181,V
2458041.63731,2017-10-15.1366337,bg,1.74,16.707,>16.707,99.990,0.012,0.159,V
2458043.71587,2017-10-17.2152805,bg,1.49,16.707,>16.707,99.990,0.311,0.159,V
2458043.71714,2017-10-17.2165518,bg,1.52,16.782,>16.782,99.990,-0.012,0.149,V
2458043.71872,2017-10-17.2181353,bg,1.53,16.701,>16.701,99.990,0.454,0.160,V
2458045.50226,2017-10-19.0017394,bg,1.93,16.492,>16.492,99.990,0.358,0.194,V
2458045.50352,2017-10-19.0030034,bg,2.23,17.054,>17.054,99.990,0.004,0.116,V
2458045.50479,2017-10-19.0042704,bg,1.98,16.791,>16.791,99.990,0.297,0.147,V
2458046.50676,2017-10-20.0062858,bg,2.27,16.336,>16.336,99.990,0.598,0.224,V
2458046.50803,2017-10-20.0075496,bg,2.35,16.467,>16.467,99.990,0.249,0.199,V
2458046.50931,2017-10-20.0088283,bg,2.29,16.491,>16.491,99.990,-0.012,0.194,V
2458048.50006,2017-10-21.9996604,bg,2.00,16.352,>16.352,99.990,0.016,0.221,V
2458048.50130,2017-10-22.0009019,bg,2.11,16.471,>16.471,99.990,0.501,0.198,V
2458048.50258,2017-10-22.0021790,bg,2.07,16.584,>16.584,99.990,0.525,0.178,V
2458049.49287,2017-10-22.9925104,bg,2.23,15.400,>15.400,99.990,0.369,0.531,V
2458049.49413,2017-10-22.9937759,bg,2.30,15.357,>15.357,99.990,1.168,0.552,V
2458049.49540,2017-10-22.9950438,bg,2.31,15.743,>15.743,99.990,0.013,0.387,V
2458050.59023,2017-10-24.0899233,bg,1.55,16.246,>16.246,99.990,0.065,0.244,V
2458050.59151,2017-10-24.0911934,bg,1.53,16.332,>16.332,99.990,0.241,0.225,V
2458050.59279,2017-10-24.0924815,bg,1.44,16.251,>16.251,99.990,0.275,0.242,V
2458052.66820,2017-10-26.1679765,bg,1.48,16.729,>16.729,99.990,0.229,0.156,V
2458052.66949,2017-10-26.1692543,bg,1.56,16.520,>16.520,99.990,0.054,0.189,V
2458052.67075,2017-10-26.1705206,bg,1.47,16.660,>16.660,99.990,-0.414,0.166,V
2458053.61150,2017-10-27.1113021,bk,1.68,17.307,>17.307,99.990,0.143,0.087,g
2458053.61271,2017-10-27.1125202,bk,1.70,17.278,>17.278,99.990,0.071,0.089,g
2458053.61394,2017-10-27.1137515,bk,1.62,17.262,>17.262,99.990,0.288,0.090,g
2458054.56969,2017-10-28.0695402,bk,1.52,17.007,>17.007,99.990,0.404,0.114,g
2458054.57092,2017-10-28.0707689,bk,1.54,17.054,>17.054,99.990,0.451,0.109,g
2458054.57214,2017-10-28.0719851,bk,1.61,17.087,>17.087,99.990,0.237,0.106,g
2458055.57418,2017-10-29.0740723,bk,1.99,16.907,>16.907,99.990,0.160,0.125,g
2458055.57541,2017-10-29.0752978,bk,1.66,16.875,>16.875,99.990,0.038,0.129,g
2458055.57664,2017-10-29.0765268,bk,1.98,16.999,>16.999,99.990,0.006,0.115,g
2458056.62777,2017-10-30.1276903,bk,2.25,16.830,>16.830,99.990,0.314,0.135,g
2458056.62897,2017-10-30.1289046,bk,2.24,16.956,>16.956,99.990,0.310,0.120,g
2458056.63019,2017-10-30.1301155,bk,2.26,16.808,>16.808,99.990,-0.140,0.137,g
2458057.66484,2017-10-31.1648078,bk,2.01,16.763,>16.763,99.990,0.489,0.143,g
2458057.66607,2017-10-31.1660373,bk,1.98,16.672,>16.672,99.990,0.488,0.156,g
2458057.66729,2017-10-31.1672516,bk,1.99,16.705,>16.705,99.990,-0.071,0.151,g
2458058.69167,2017-11-01.1916815,bk,1.62,16.785,>16.785,99.990,0.143,0.140,g
2458058.69288,2017-11-01.1928954,bk,1.70,16.673,>16.673,99.990,0.226,0.156,g
2458058.69411,2017-11-01.1941187,bk,1.66,16.735,>16.735,99.990,0.214,0.147,g
2458074.70423,2017-11-17.2048792,bg,1.42,16.760,>16.760,99.990,0.213,0.152,V
2458074.70550,2017-11-17.2061462,bg,1.41,16.547,>16.547,99.990,0.638,0.185,V
2458074.70680,2017-11-17.2074456,bg,1.41,16.662,>16.662,99.990,0.446,0.166,V
2458075.73102,2017-11-18.2317030,bg,1.46,16.748,>16.748,99.990,0.475,0.153,V
2458075.73228,2017-11-18.2329649,bg,1.45,16.550,>16.550,99.990,0.626,0.184,V
2458075.73355,2017-11-18.2342357,bg,1.47,16.567,>16.567,99.990,0.237,0.181,V
2458076.52405,2017-11-19.0247672,bg,1.37,16.804,>16.804,99.990,0.320,0.146,V
2458076.52531,2017-11-19.0260298,bg,1.42,16.711,>16.711,99.990,0.488,0.159,V
2458076.52659,2017-11-19.0273067,bg,1.41,16.718,>16.718,99.990,-0.076,0.158,V
2458077.72531,2017-11-20.2260718,bg,1.37,16.676,>16.676,99.990,0.728,0.164,V
2458077.72658,2017-11-20.2273473,bg,1.37,16.724,>16.724,99.990,-0.027,0.157,V
2458077.72785,2017-11-20.2286166,bg,1.39,16.540,>16.540,99.990,0.568,0.186,V
2458079.52707,2017-11-22.0279013,bg,1.50,16.794,>16.794,99.990,0.203,0.147,V
2458079.52834,2017-11-22.0291694,bg,1.47,16.605,>16.605,99.990,0.352,0.175,V
2458079.52960,2017-11-22.0304305,bg,1.44,16.549,>16.549,99.990,0.456,0.184,V
2458080.51580,2017-11-23.0166640,bg,1.67,16.285,>16.285,99.990,0.406,0.235,V
2458080.51708,2017-11-23.0179515,bg,1.64,16.217,>16.217,99.990,0.214,0.250,V
2458080.51835,2017-11-23.0192208,bg,1.59,16.229,>16.229,99.990,0.116,0.247,V
2458081.52400,2017-11-24.0249119,bg,1.58,16.530,>16.530,99.990,0.387,0.187,V
2458081.52527,2017-11-24.0261795,bg,1.55,16.556,>16.556,99.990,0.047,0.183,V
2458081.52652,2017-11-24.0274368,bg,1.54,16.551,>16.551,99.990,0.597,0.184,V
2458082.71298,2017-11-25.2139265,bg,1.47,16.712,>16.712,99.990,0.148,0.159,V
2458082.71424,2017-11-25.2151901,bg,1.43,16.596,>16.596,99.990,0.313,0.176,V
2458082.71558,2017-11-25.2165271,bg,1.47,16.731,>16.731,99.990,0.587,0.156,V
2458083.71003,2017-11-26.2110182,bg,1.44,16.657,>16.657,99.990,0.208,0.167,V
2458083.71131,2017-11-26.2122937,bg,1.43,16.608,>16.608,99.990,0.381,0.174,V
2458083.71257,2017-11-26.2135591,bg,1.37,16.730,>16.730,99.990,0.331,0.156,V
2458084.31798,2017-11-26.8189840,bo,1.56,99.990,99.990,99.990,99.990,99.990,g
2458084.31918,2017-11-26.8201918,bo,1.60,17.121,>17.121,99.990,0.027,0.103,g
2458084.32039,2017-11-26.8213930,bo,1.57,17.146,>17.146,99.990,0.208,0.101,g
2458084.57360,2017-11-27.0746153,bk,1.41,17.105,>17.105,99.990,0.114,0.104,g
2458084.57482,2017-11-27.0758362,bk,1.44,17.243,>17.243,99.990,0.078,0.092,g
2458084.57604,2017-11-27.0770546,bk,1.48,17.047,>17.047,99.990,0.193,0.110,g
2458084.70672,2017-11-27.2077443,bg,1.40,16.733,>16.733,99.990,0.035,0.156,V
2458084.70799,2017-11-27.2090133,bg,1.42,16.465,>16.465,99.990,-0.003,0.199,V
2458084.70926,2017-11-27.2102769,bg,1.41,16.418,>16.418,99.990,0.501,0.208,V
2458085.35358,2017-11-27.8546192,bo,1.89,16.968,>16.968,99.990,0.252,0.119,g
2458085.35478,2017-11-27.8558210,bo,1.80,16.854,>16.854,99.990,0.268,0.132,g
2458085.35598,2017-11-27.8570291,bo,1.80,16.862,>16.862,99.990,0.208,0.131,g
2458085.61130,2017-11-28.1123586,bk,1.43,16.874,>16.874,99.990,0.252,0.129,g
2458085.61252,2017-11-28.1135738,bk,1.45,17.067,>17.067,99.990,-0.078,0.108,g
2458085.61374,2017-11-28.1148005,bk,1.48,16.929,>16.929,99.990,0.222,0.123,g
2458085.65788,2017-11-28.1589363,bg,1.38,16.351,>16.351,99.990,0.461,0.221,V
2458085.65914,2017-11-28.1601990,bg,1.38,16.433,>16.433,99.990,0.020,0.205,V
2458085.66042,2017-11-28.1614755,bg,1.41,16.315,>16.315,99.990,0.408,0.228,V
2458086.70000,2017-11-29.2010868,bk,1.48,16.937,>16.937,99.990,0.012,0.122,g
2458086.70122,2017-11-29.2023083,bk,1.43,16.787,>16.787,99.990,0.514,0.140,g
2458086.70243,2017-11-29.2035265,bk,1.49,16.864,>16.864,99.990,0.016,0.130,g
2458087.65521,2017-11-30.1563333,bg,1.44,16.172,>16.172,99.990,0.312,0.261,V
2458087.65649,2017-11-30.1576128,bg,1.46,16.210,>16.210,99.990,0.797,0.252,V
2458087.65776,2017-11-30.1588850,bg,1.44,16.107,>16.107,99.990,-0.081,0.277,V
2458087.69476,2017-11-30.1958875,bk,1.47,16.592,>16.592,99.990,0.003,0.168,g
2458087.69598,2017-11-30.1971068,bk,1.44,16.661,>16.661,99.990,0.182,0.157,g
2458087.69720,2017-11-30.1983233,bk,1.42,16.763,>16.763,99.990,0.422,0.143,g
2458088.67142,2017-12-01.1725846,bg,1.39,16.030,>16.030,99.990,0.272,0.297,V
2458088.67269,2017-12-01.1738569,bg,1.39,16.021,>16.021,99.990,0.702,0.300,V
2458088.67397,2017-12-01.1751357,bg,1.36,16.080,>16.080,99.990,0.432,0.284,V
2458088.68722,2017-12-01.1883820,bk,1.43,16.477,>16.477,99.990,0.527,0.186,g
2458088.68844,2017-12-01.1896040,bk,1.52,16.474,>16.474,99.990,0.001,0.187,g
2458088.68965,2017-12-01.1908202,bk,1.43,16.498,>16.498,99.990,0.226,0.183,g
2458090.68530,2017-12-03.1865275,bk,1.61,16.048,>16.048,99.990,0.455,0.277,g
2458090.68651,2017-12-03.1877392,bk,1.54,16.049,>16.049,99.990,0.237,0.276,g
2458090.68772,2017-12-03.1889567,bk,1.59,16.033,>16.033,99.990,0.207,0.280,g
2458090.69182,2017-12-03.1930537,bg,1.50,15.691,>15.691,99.990,0.442,0.406,V
2458090.69308,2017-12-03.1943193,bg,1.52,15.745,>15.745,99.990,0.663,0.386,V
2458090.69434,2017-12-03.1955843,bg,1.50,15.684,>15.684,99.990,-0.010,0.409,V
2458091.68083,2017-12-04.1820996,bg,1.41,15.710,>15.710,99.990,0.007,0.399,V
2458091.68209,2017-12-04.1833579,bg,1.48,15.623,>15.623,99.990,-0.245,0.432,V
2458091.68293,2017-12-04.1842003,bk,1.57,16.033,>16.033,99.990,-0.042,0.280,g
2458091.68336,2017-12-04.1846255,bg,1.36,15.793,>15.793,99.990,0.019,0.370,V
2458091.68416,2017-12-04.1854215,bk,1.47,15.999,>15.999,99.990,0.292,0.289,g
2458091.68536,2017-12-04.1866365,bk,1.51,16.033,>16.033,99.990,0.391,0.280,g
2458092.67744,2017-12-05.1787417,bg,1.39,15.812,>15.812,99.990,0.859,0.363,V
2458092.67872,2017-12-05.1800203,bg,1.37,15.920,>15.920,99.990,0.324,0.329,V
2458092.67987,2017-12-05.1811637,bk,1.52,16.214,>16.214,99.990,0.483,0.237,g
2458092.68000,2017-12-05.1812938,bg,1.38,15.872,>15.872,99.990,0.342,0.344,V
2458092.68109,2017-12-05.1823849,bk,1.51,16.456,>16.456,99.990,0.618,0.190,g
2458092.68230,2017-12-05.1835953,bk,1.44,16.234,>16.234,99.990,-0.062,0.233,g
2458094.67310,2017-12-07.1744678,bk,1.46,16.708,>16.708,99.990,-0.376,0.151,g
2458094.67432,2017-12-07.1756813,bk,1.42,16.799,>16.799,99.990,0.330,0.139,g
2458094.67554,2017-12-07.1769035,bk,1.45,16.643,>16.643,99.990,0.449,0.160,g
2458094.67880,2017-12-07.1801612,bg,1.45,16.127,>16.127,99.990,0.429,0.272,V
2458094.68007,2017-12-07.1814364,bg,1.49,16.164,>16.164,99.990,0.146,0.263,V
2458094.68134,2017-12-07.1827025,bg,1.44,16.299,>16.299,99.990,0.327,0.232,V
2458095.59074,2017-12-08.0921329,bg,1.44,16.639,>16.639,99.990,0.514,0.170,V
2458095.59200,2017-12-08.0933994,bg,1.42,16.683,>16.683,99.990,0.151,0.163,V
2458095.59327,2017-12-08.0946622,bg,1.45,16.741,>16.741,99.990,0.097,0.154,V
2458095.66985,2017-12-08.1712428,bk,1.41,16.948,>16.948,99.990,0.353,0.121,g
2458095.67106,2017-12-08.1724556,bk,1.43,16.970,>16.970,99.990,0.222,0.118,g
2458095.67228,2017-12-08.1736766,bk,1.47,17.066,>17.066,99.990,0.181,0.108,g
2458096.53695,2017-12-09.0383766,bg,1.69,16.710,>16.710,99.990,-0.016,0.159,V
2458096.53821,2017-12-09.0396363,bg,1.73,16.756,>16.756,99.990,0.140,0.152,V
2458096.53947,2017-12-09.0409,bg,1.67,16.604,>16.604,99.990,0.399,0.175,V
2458096.66643,2017-12-09.1678590,bk,1.42,17.501,>17.501,99.990,0.187,0.073,g
2458096.66765,2017-12-09.1690741,bk,1.42,17.426,>17.426,99.990,0.215,0.078,g
2458096.66886,2017-12-09.1702940,bk,1.43,17.481,>17.481,99.990,0.279,0.074,g
2458097.66717,2017-12-10.1686347,bk,1.47,17.417,>17.417,99.990,0.208,0.078,g
2458097.66839,2017-12-10.1698495,bk,1.49,17.515,>17.515,99.990,0.175,0.072,g
2458097.66961,2017-12-10.1710729,bk,1.47,17.541,>17.541,99.990,0.081,0.070,g
2458099.66179,2017-12-12.1633210,bk,1.54,17.478,>17.478,99.990,0.118,0.074,g
2458099.66300,2017-12-12.1645293,bk,1.52,17.407,>17.407,99.990,0.266,0.079,g
2458099.66423,2017-12-12.1657540,bk,1.53,17.400,>17.400,99.990,0.164,0.080,g
2458099.66567,2017-12-12.1671917,bg,1.49,16.709,>16.709,99.990,0.141,0.159,V
2458099.66694,2017-12-12.1684651,bg,1.46,16.776,>16.776,99.990,0.267,0.149,V
2458099.66821,2017-12-12.1697333,bg,1.46,16.618,>16.618,99.990,0.289,0.173,V
2458100.65701,2017-12-13.1585607,bk,1.45,13.905,>13.905,99.990,-1.942,1.991,g
2458100.65823,2017-12-13.1597814,bk,1.39,13.574,>13.574,99.990,1.930,2.700,g
2458101.65354,2017-12-14.1551200,bk,1.44,17.492,>17.492,99.990,0.187,0.073,g
2458101.65475,2017-12-14.1563348,bk,1.45,17.389,>17.389,99.990,0.161,0.080,g
2458101.65499,2017-12-14.1565722,bg,1.58,16.572,>16.572,99.990,0.270,0.180,V
2458101.65597,2017-12-14.1575498,bk,1.42,17.449,>17.449,99.990,0.236,0.076,g
2458101.65625,2017-12-14.1578371,bg,1.57,16.586,>16.586,99.990,0.351,0.178,V
2458101.65752,2017-12-14.1591011,bg,1.58,16.627,>16.627,99.990,0.228,0.171,V
2458102.65218,2017-12-15.1537891,bg,1.51,16.693,>16.693,99.990,-0.227,0.161,V
2458102.65344,2017-12-15.1550545,bg,1.52,16.690,>16.690,99.990,0.144,0.162,V
2458102.65471,2017-12-15.1563170,bg,1.57,16.739,>16.739,99.990,-0.009,0.155,V
2458103.64754,2017-12-16.1491771,bk,1.50,17.679,>17.679,99.990,0.113,0.062,g
2458103.64876,2017-12-16.1503994,bk,1.47,17.429,>17.429,99.990,-0.099,0.078,g
2458103.64998,2017-12-16.1516189,bk,1.44,17.540,>17.540,99.990,0.294,0.070,g
2458103.65255,2017-12-16.1541837,bg,1.37,16.636,>16.636,99.990,0.516,0.170,V
2458103.65380,2017-12-16.1554468,bg,1.41,16.586,>16.586,99.990,0.334,0.178,V
2458103.65508,2017-12-16.1567234,bg,1.40,16.771,>16.771,99.990,0.506,0.150,V
2458104.64394,2017-12-17.1456069,bk,1.42,17.372,>17.372,99.990,0.190,0.082,g
2458104.64509,2017-12-17.1467561,bg,1.36,16.603,>16.603,99.990,0.252,0.175,V
2458104.64517,2017-12-17.1468417,bk,1.41,17.534,>17.534,99.990,0.192,0.070,g
2458104.64636,2017-12-17.1480256,bg,1.35,16.695,>16.695,99.990,0.345,0.161,V
2458104.64638,2017-12-17.1480597,bk,1.46,17.592,>17.592,99.990,0.288,0.067,g
2458104.64763,2017-12-17.1492983,bg,1.39,16.625,>16.625,99.990,0.624,0.172,V
2458105.63929,2017-12-18.1409803,bk,1.46,16.889,>16.889,99.990,0.015,0.127,g
2458105.64050,2017-12-18.1421962,bk,1.45,17.140,>17.140,99.990,0.169,0.101,g
2458105.64172,2017-12-18.1434171,bk,1.44,17.362,>17.362,99.990,0.359,0.082,g
2458105.64479,2017-12-18.1464831,bg,1.47,15.430,>15.430,99.990,1.953,0.517,V
2458105.64606,2017-12-18.1477490,bg,1.53,15.752,>15.752,99.990,0.732,0.384,V
2458105.64732,2017-12-18.1490129,bg,1.49,15.430,>15.430,99.990,-0.166,0.516,V
2458107.63298,2017-12-20.1347233,bg,1.47,16.486,>16.486,99.990,0.550,0.195,V
2458107.63373,2017-12-20.1354719,bk,1.40,17.374,>17.374,99.990,0.183,0.082,g
2458107.63436,2017-12-20.1361041,bg,1.48,16.533,>16.533,99.990,0.134,0.187,V
2458107.63495,2017-12-20.1366950,bk,1.44,17.475,>17.475,99.990,0.284,0.074,g
2458107.63617,2017-12-20.1379164,bk,1.44,17.467,17.391,0.204,0.401,0.075,g
2458108.63023,2017-12-21.1320011,bk,1.57,17.437,>17.437,99.990,0.292,0.077,g
2458108.63145,2017-12-21.1332273,bk,1.52,17.443,>17.443,99.990,0.231,0.077,g
2458108.63267,2017-12-21.1344460,bk,1.56,17.453,>17.453,99.990,0.163,0.076,g
2458108.63880,2017-12-21.1405651,bg,1.40,16.485,>16.485,99.990,0.043,0.195,V
2458108.64019,2017-12-21.1419675,bg,1.36,16.755,>16.755,99.990,0.295,0.152,V
2458108.64157,2017-12-21.1433453,bg,1.34,16.673,>16.673,99.990,0.111,0.164,V
2458109.63041,2017-12-22.1322039,bk,1.71,99.990,99.990,99.990,99.990,99.990,g
2458109.63162,2017-12-22.1334233,bk,1.64,17.492,>17.492,99.990,0.161,0.073,g
2458109.63284,2017-12-22.1346406,bk,1.72,17.503,>17.503,99.990,0.230,0.072,g
2458109.63491,2017-12-22.1367194,bg,1.42,16.751,>16.751,99.990,0.044,0.153,V
2458109.63629,2017-12-22.1380922,bg,1.47,16.708,>16.708,99.990,0.322,0.159,V
2458109.63768,2017-12-22.1394832,bg,1.45,16.701,>16.701,99.990,0.372,0.160,V
2458110.62652,2017-12-23.1283488,bk,1.51,17.418,>17.418,99.990,0.210,0.078,g
2458110.62774,2017-12-23.1295694,bk,1.47,17.474,>17.474,99.990,0.189,0.074,g
2458110.62897,2017-12-23.1307958,bk,1.44,17.509,>17.509,99.990,0.139,0.072,g
2458111.61263,2017-12-24.1144822,bg,1.40,16.581,>16.581,99.990,-0.067,0.179,V
2458111.61403,2017-12-24.1158841,bg,1.41,16.597,>16.597,99.990,-0.048,0.176,V
2458111.61543,2017-12-24.1172809,bg,1.44,16.902,>16.902,99.990,0.159,0.133,V
2458111.62424,2017-12-24.1260886,bk,1.51,17.401,>17.401,99.990,0.212,0.080,g
2458111.62546,2017-12-24.1273111,bk,1.51,17.370,>17.370,99.990,0.284,0.082,g
2458111.62668,2017-12-24.1285281,bk,1.49,17.300,>17.300,99.990,0.125,0.087,g
2458112.62100,2017-12-25.1228743,bk,1.43,17.291,>17.291,99.990,0.059,0.088,g
2458112.62222,2017-12-25.1240903,bk,1.43,17.338,>17.338,99.990,0.005,0.084,g
2458112.62344,2017-12-25.1253089,bk,1.47,17.235,>17.235,99.990,0.088,0.093,g
2458113.61797,2017-12-26.1198666,bk,1.46,17.058,>17.058,99.990,0.132,0.109,g
2458113.61919,2017-12-26.1210856,bk,1.49,17.027,>17.027,99.990,0.309,0.112,g
2458113.62041,2017-12-26.1223026,bk,1.45,17.042,>17.042,99.990,0.231,0.111,g
2458114.61444,2017-12-27.1163559,bk,1.57,16.936,>16.936,99.990,0.151,0.122,g
2458114.61566,2017-12-27.1175771,bk,1.60,17.048,>17.048,99.990,0.072,0.110,g
2458114.61688,2017-12-27.1187939,bk,1.59,16.987,>16.987,99.990,0.162,0.116,g
2458115.60257,2017-12-28.1045103,bk,1.37,16.939,>16.939,99.990,0.339,0.122,g
2458115.60379,2017-12-28.1057280,bk,1.44,16.878,>16.878,99.990,0.175,0.129,g
2458115.60502,2017-12-28.1069606,bk,1.44,16.781,>16.781,99.990,0.342,0.141,g
2458116.60655,2017-12-29.1085034,bk,1.46,16.739,>16.739,99.990,0.254,0.146,g
2458116.60776,2017-12-29.1097193,bk,1.41,16.647,>16.647,99.990,0.150,0.159,g
2458116.60898,2017-12-29.1109363,bk,1.47,16.665,>16.665,99.990,0.095,0.157,g
2458118.60348,2017-12-31.1054796,bk,1.43,16.405,>16.405,99.990,0.248,0.199,g
2458118.60469,2017-12-31.1066965,bk,1.42,16.406,>16.406,99.990,-0.046,0.199,g
2458118.60592,2017-12-31.1079167,bk,1.48,16.283,>16.283,99.990,0.059,0.223,g
2458118.60918,2017-12-31.1111773,bg,1.41,15.964,>15.964,99.990,0.785,0.316,V
2458118.61054,2017-12-31.1125381,bg,1.42,15.870,>15.870,99.990,-0.369,0.344,V
2458118.61197,2017-12-31.1139710,bg,1.45,15.843,>15.843,99.990,-0.138,0.353,V
2458119.59967,2018-01-01.1016877,bk,1.63,16.149,>16.149,99.990,0.104,0.252,g
2458119.60088,2018-01-01.1029079,bk,1.55,16.081,>16.081,99.990,0.116,0.268,g
2458119.60211,2018-01-01.1041353,bk,1.57,16.234,>16.234,99.990,0.111,0.233,g
2458119.60690,2018-01-01.1089239,bg,1.45,15.649,>15.649,99.990,0.157,0.422,V
2458119.60824,2018-01-01.1102615,bg,1.50,15.890,>15.890,99.990,-0.382,0.338,V
2458119.60959,2018-01-01.1116083,bg,1.50,15.802,>15.802,99.990,0.812,0.367,V
2458121.59606,2018-01-03.0981158,bk,1.48,16.191,>16.191,99.990,-0.078,0.242,g
2458121.59728,2018-01-03.0993356,bk,1.58,16.328,>16.328,99.990,0.025,0.214,g
2458121.59850,2018-01-03.1005615,bk,1.58,16.401,>16.401,99.990,0.038,0.200,g
2458121.59945,2018-01-03.1015121,bg,1.46,15.726,>15.726,99.990,0.379,0.393,V
2458121.60080,2018-01-03.1028621,bg,1.45,15.717,>15.717,99.990,0.069,0.396,V
2458121.60215,2018-01-03.1042114,bg,1.43,15.716,>15.716,99.990,0.572,0.397,V
2458122.56818,2018-01-04.0702634,bg,1.38,16.290,>16.290,99.990,-0.053,0.234,V
2458122.56955,2018-01-04.0716285,bg,1.35,16.264,>16.264,99.990,0.095,0.239,V
2458122.57093,2018-01-04.0730074,bg,1.42,16.286,>16.286,99.990,0.162,0.235,V
2458123.52936,2018-01-05.0314581,bg,1.46,15.695,>15.695,99.990,1.311,0.405,V
2458123.53065,2018-01-05.0327430,bg,1.46,15.912,>15.912,99.990,-0.391,0.331,V
2458123.53192,2018-01-05.0340146,bg,1.46,15.998,>15.998,99.990,0.188,0.306,V
2458123.59192,2018-01-05.0940114,bk,2.06,17.158,>17.158,99.990,0.135,0.100,g
2458123.59314,2018-01-05.0952379,bk,2.06,17.193,>17.193,99.990,0.193,0.096,g
2458123.59436,2018-01-05.0964577,bk,2.08,17.073,>17.073,99.990,0.178,0.108,g
2458124.58839,2018-01-06.0904966,bk,1.44,17.552,>17.552,99.990,0.025,0.069,g
2458124.58961,2018-01-06.0917221,bk,1.42,17.438,>17.438,99.990,0.168,0.077,g
2458124.59056,2018-01-06.0926644,bg,1.35,16.732,>16.732,99.990,0.367,0.156,V
2458124.59084,2018-01-06.0929443,bk,1.42,17.786,>17.786,99.990,0.134,0.056,g
2458124.59182,2018-01-06.0939326,bg,1.35,16.755,>16.755,99.990,0.448,0.152,V
2458124.59309,2018-01-06.0951953,bg,1.37,16.711,>16.711,99.990,0.311,0.159,V
2458125.58461,2018-01-07.0867408,bk,1.43,17.568,>17.568,99.990,0.156,0.068,g
2458125.58583,2018-01-07.0879582,bk,1.40,17.533,>17.533,99.990,0.203,0.070,g
2458125.58705,2018-01-07.0891768,bk,1.41,17.595,>17.595,99.990,0.244,0.067,g
2458126.58858,2018-01-08.0907174,bk,1.72,17.255,>17.255,99.990,0.116,0.091,g
2458126.58980,2018-01-08.0919335,bk,1.74,17.345,>17.345,99.990,0.068,0.084,g
2458126.59102,2018-01-08.0931556,bk,1.66,17.453,>17.453,99.990,0.075,0.076,g
2458127.57920,2018-01-09.0813519,bg,1.38,16.601,>16.601,99.990,0.304,0.176,V
2458127.58047,2018-01-09.0826259,bg,1.42,16.595,>16.595,99.990,0.338,0.177,V
2458127.58074,2018-01-09.0828960,bk,1.47,17.331,>17.331,99.990,0.269,0.085,g
2458127.58175,2018-01-09.0839047,bg,1.37,16.582,>16.582,99.990,0.454,0.179,V
2458127.58197,2018-01-09.0841273,bk,1.43,17.413,>17.413,99.990,0.085,0.079,g
2458127.58319,2018-01-09.0853460,bk,1.48,17.391,>17.391,99.990,0.179,0.080,g
2458128.57571,2018-01-10.0778766,bg,1.40,16.668,>16.668,99.990,-0.058,0.165,V
2458128.57698,2018-01-10.0791550,bg,1.41,16.621,>16.621,99.990,0.058,0.172,V
2458128.57710,2018-01-10.0792674,bk,1.41,17.316,>17.316,99.990,0.120,0.086,g
2458128.57826,2018-01-10.0804260,bg,1.36,16.628,>16.628,99.990,0.070,0.171,V
2458128.57832,2018-01-10.0804866,bk,1.39,17.435,>17.435,99.990,0.128,0.077,g
2458128.57954,2018-01-10.0817053,bk,1.41,17.646,>17.646,99.990,0.158,0.064,g
2458129.56994,2018-01-11.0721218,bk,1.42,17.450,>17.450,99.990,0.096,0.076,g
2458129.57117,2018-01-11.0733569,bk,1.42,17.377,>17.377,99.990,0.280,0.081,g
2458129.57241,2018-01-11.0745908,bk,1.41,17.534,>17.534,99.990,0.188,0.070,g
2458130.56606,2018-01-12.0682575,bk,1.54,15.901,>15.901,99.990,0.118,0.317,g
2458130.56728,2018-01-12.0694745,bk,1.53,15.609,>15.609,99.990,0.095,0.415,g
2458130.56849,2018-01-12.0706930,bk,1.50,15.384,>15.384,99.990,0.370,0.510,g
2458132.56206,2018-01-14.0642712,bk,1.40,17.448,>17.448,99.990,0.187,0.076,g
2458132.56328,2018-01-14.0654910,bk,1.42,17.277,>17.277,99.990,0.304,0.089,g
2458132.56450,2018-01-14.0667120,bk,1.42,17.239,>17.239,99.990,0.149,0.092,g
2458133.55816,2018-01-15.0603839,bk,1.47,17.346,>17.346,99.990,0.109,0.084,g
2458133.55939,2018-01-15.0616116,bk,1.42,17.415,>17.415,99.990,0.060,0.079,g
2458133.56060,2018-01-15.0628245,bk,1.45,17.427,>17.427,99.990,0.163,0.078,g
2458134.55430,2018-01-16.0565310,bk,1.44,17.415,>17.415,99.990,0.274,0.079,g
2458134.55552,2018-01-16.0577540,bk,1.46,17.685,17.658,0.214,0.314,0.061,g
2458134.55674,2018-01-16.0589733,bk,1.43,17.431,>17.431,99.990,0.170,0.077,g
2458135.55407,2018-01-17.0563118,bk,1.42,17.497,>17.497,99.990,0.154,0.073,g
2458135.55529,2018-01-17.0575346,bk,1.41,17.518,>17.518,99.990,0.278,0.071,g
2458135.55651,2018-01-17.0587510,bk,1.45,17.369,>17.369,99.990,0.367,0.082,g
2458136.55016,2018-01-18.0524240,bk,1.47,17.454,>17.454,99.990,0.324,0.076,g
2458136.55139,2018-01-18.0536438,bk,1.45,17.389,>17.389,99.990,0.117,0.080,g
2458136.55260,2018-01-18.0548576,bk,1.42,17.469,>17.469,99.990,0.196,0.075,g
2458137.54615,2018-01-19.0484085,bk,1.47,17.274,>17.274,99.990,0.416,0.089,g
2458137.54737,2018-01-19.0496309,bk,1.50,17.445,>17.445,99.990,-0.176,0.076,g
2458137.54859,2018-01-19.0508484,bk,1.47,17.296,>17.296,99.990,0.144,0.088,g
2458138.54577,2018-01-20.0480445,bk,1.47,17.355,>17.355,99.990,0.177,0.083,g
2458138.54699,2018-01-20.0492607,bk,1.49,17.389,>17.389,99.990,0.045,0.080,g
2458138.54820,2018-01-20.0504782,bk,1.49,17.386,17.205,0.186,0.476,0.081,g
2458139.31519,2018-01-20.8174640,bo,1.49,99.990,99.990,99.990,99.990,99.990,g
2458139.31642,2018-01-20.8186946,bo,1.50,17.408,>17.408,99.990,0.319,0.079,g
2458139.31763,2018-01-20.8199081,bo,1.53,17.389,17.342,0.210,0.420,0.080,g
2458139.54176,2018-01-21.0440347,bk,1.47,17.143,>17.143,99.990,0.197,0.101,g
2458139.54299,2018-01-21.0452554,bk,1.50,17.238,>17.238,99.990,0.052,0.092,g
2458139.54420,2018-01-21.0464694,bk,1.52,17.310,>17.310,99.990,0.186,0.087,g
2458140.53430,2018-01-22.0365840,bg,1.44,16.208,>16.208,99.990,0.207,0.252,V
2458140.53558,2018-01-22.0378614,bg,1.45,16.578,>16.578,99.990,-0.411,0.179,V
2458140.53685,2018-01-22.0391273,bg,1.43,16.474,>16.474,99.990,0.164,0.197,V
2458140.53764,2018-01-22.0399201,bk,1.41,17.001,>17.001,99.990,0.011,0.115,g
2458140.53887,2018-01-22.0411491,bk,1.43,17.011,>17.011,99.990,-0.035,0.114,g
2458140.54009,2018-01-22.0423699,bk,1.46,17.331,>17.331,99.990,0.358,0.085,g
2458141.52620,2018-01-23.0284815,bg,1.82,15.567,>15.567,99.990,0.130,0.455,V
2458141.52747,2018-01-23.0297520,bg,1.80,15.525,>15.525,99.990,0.594,0.473,V
2458141.52873,2018-01-23.0310145,bg,1.74,15.799,>15.799,99.990,0.170,0.368,V
2458141.53362,2018-01-23.0359003,bk,1.61,16.556,>16.556,99.990,-0.187,0.173,g
2458141.53484,2018-01-23.0371188,bk,1.54,16.769,>16.769,99.990,-0.105,0.142,g
2458141.53605,2018-01-23.0383375,bk,1.56,16.790,>16.790,99.990,0.183,0.140,g
2458142.27952,2018-01-23.7818032,bo,1.66,16.341,>16.341,99.990,-0.296,0.211,g
2458142.28074,2018-01-23.7830247,bo,1.63,16.347,>16.347,99.990,-0.224,0.210,g
2458142.28198,2018-01-23.7842656,bo,1.65,16.553,>16.553,99.990,0.058,0.174,g
2458142.53326,2018-01-24.0355510,bk,1.55,16.531,>16.531,99.990,0.323,0.177,g
2458142.53358,2018-01-24.0358672,bg,1.63,16.012,>16.012,99.990,0.492,0.302,V
2458142.53448,2018-01-24.0367684,bk,1.52,16.596,>16.596,99.990,0.320,0.167,g
2458142.53485,2018-01-24.0371399,bg,1.67,16.166,>16.166,99.990,-0.047,0.262,V
2458142.53570,2018-01-24.0379858,bk,1.50,16.880,>16.880,99.990,0.151,0.129,g
2458142.53613,2018-01-24.0384200,bg,1.65,16.121,>16.121,99.990,-0.141,0.273,V
2458143.52544,2018-01-25.0277328,bk,-99,15.696,>15.696,99.990,-0.658,0.383,g
2458143.52666,2018-01-25.0289516,bk,2.02,15.843,>15.843,99.990,-0.071,0.334,g
2458143.52788,2018-01-25.0301685,bk,1.75,16.201,>16.201,99.990,0.404,0.240,g
2458143.52932,2018-01-25.0316109,bg,1.79,15.788,>15.788,99.990,1.396,0.371,V
2458143.53059,2018-01-25.0328766,bg,1.85,15.897,>15.897,99.990,0.347,0.336,V
2458143.53186,2018-01-25.0341495,bg,1.81,15.898,>15.898,99.990,1.068,0.335,V
2458144.52505,2018-01-26.0273380,bk,-99,15.703,>15.703,99.990,-0.438,0.380,g
2458144.52626,2018-01-26.0285542,bk,2.02,15.975,>15.975,99.990,-0.254,0.296,g
2458144.52748,2018-01-26.0297743,bk,1.76,16.012,>16.012,99.990,-0.574,0.286,g
2458145.52462,2018-01-27.0269185,bk,-99,13.953,>13.953,99.990,3.301,1.905,g
2458145.52584,2018-01-27.0281347,bk,-99,14.230,>14.230,99.990,-1.494,1.476,g
2458145.52706,2018-01-27.0293530,bk,2.13,14.769,>14.769,99.990,1.798,0.899,g
2458228.74888,2018-04-20.2492371,bh,1.53,99.990,99.990,99.990,99.990,99.990,V
2458235.66376,2018-04-27.1638430,bp,2.00,99.990,99.990,99.990,99.990,99.990,g
2458243.63996,2018-05-05.1397328,bh,1.49,99.990,99.990,99.990,99.990,99.990,V
2458249.93347,2018-05-11.4329942,bk,1.43,16.326,>16.326,99.990,0.178,0.214,g
2458249.93468,2018-05-11.4342071,bk,1.49,16.183,>16.183,99.990,0.150,0.244,g
2458249.93590,2018-05-11.4354243,bk,1.43,15.942,>15.942,99.990,0.698,0.305,g
2458251.92906,2018-05-13.4285061,bk,1.61,99.990,99.990,99.990,99.990,99.990,g
2458251.93028,2018-05-13.4297224,bk,1.58,99.990,99.990,99.990,99.990,99.990,g
2458252.93232,2018-05-14.4317187,bk,1.48,16.882,>16.882,99.990,-0.120,0.128,g
2458252.93354,2018-05-14.4329418,bk,1.50,16.410,14.494,0.038,5.784,0.199,g
2458252.93476,2018-05-14.4341651,bk,1.54,16.429,>16.429,99.990,0.244,0.195,g
2458254.92058,2018-05-16.4199018,bk,1.49,17.292,>17.292,99.990,0.050,0.088,g
2458254.92180,2018-05-16.4211230,bk,1.55,17.276,>17.276,99.990,0.319,0.089,g
2458254.92301,2018-05-16.4223416,bk,1.51,17.256,>17.256,99.990,0.086,0.091,g
2458258.91214,2018-05-20.4113190,bk,1.53,17.060,>17.060,99.990,0.218,0.109,g
2458258.91336,2018-05-20.4125412,bk,1.53,17.081,>17.081,99.990,0.116,0.107,g
2458258.91459,2018-05-20.4137611,bk,1.53,17.062,>17.062,99.990,0.229,0.109,g
2458260.90788,2018-05-22.4069855,bk,1.40,17.183,>17.183,99.990,0.002,0.097,g
2458260.90910,2018-05-22.4082050,bk,1.47,17.181,>17.181,99.990,0.110,0.097,g
2458260.91032,2018-05-22.4094212,bk,1.46,17.211,>17.211,99.990,0.229,0.095,g
2458261.66305,2018-05-23.1621233,bo,1.51,17.445,>17.445,99.990,0.083,0.076,g
2458261.66484,2018-05-23.1639185,bo,1.54,17.411,>17.411,99.990,-0.010,0.079,g
2458261.66626,2018-05-23.1653362,bo,1.44,17.439,>17.439,99.990,0.253,0.077,g
2458262.66252,2018-05-24.1615628,bo,1.39,17.479,>17.479,99.990,0.203,0.074,g
2458262.90739,2018-05-24.4064153,bk,1.46,17.439,>17.439,99.990,0.089,0.077,g
2458262.90862,2018-05-24.4076453,bk,1.46,17.480,>17.480,99.990,0.160,0.074,g
2458262.90983,2018-05-24.4088694,bk,1.46,17.474,>17.474,99.990,0.086,0.074,g
2458264.65406,2018-05-26.1530278,bo,1.46,17.465,>17.465,99.990,0.299,0.075,g
2458264.65528,2018-05-26.1542462,bo,1.33,17.569,>17.569,99.990,0.167,0.068,g
2458264.65649,2018-05-26.1554600,bo,1.49,17.634,>17.634,99.990,0.021,0.064,g
2458265.65400,2018-05-27.1529299,bo,1.41,17.393,>17.393,99.990,0.128,0.080,g
2458265.65522,2018-05-27.1541533,bo,1.49,17.433,>17.433,99.990,0.217,0.077,g
2458265.65644,2018-05-27.1553710,bo,1.32,17.458,>17.458,99.990,0.131,0.075,g
2458274.64439,2018-06-05.1430123,bo,1.55,99.990,99.990,99.990,99.990,99.990,g
2458274.64687,2018-06-05.1454937,bo,1.56,16.910,>16.910,99.990,0.237,0.125,g
2458275.63970,2018-06-06.1382945,bo,1.49,17.126,>17.126,99.990,0.330,0.102,g
2458275.64092,2018-06-06.1395133,bo,1.48,16.965,>16.965,99.990,0.052,0.119,g
2458275.64213,2018-06-06.1407204,bo,1.53,16.881,>16.881,99.990,0.199,0.128,g
2458276.90366,2018-06-07.4022096,bk,1.49,17.013,>17.013,99.990,0.268,0.114,g
2458280.62494,2018-06-11.1233751,bo,1.57,99.990,99.990,99.990,99.990,99.990,g
2458280.62615,2018-06-11.1245893,bo,1.55,99.990,99.990,99.990,99.990,99.990,g
2458280.62737,2018-06-11.1258085,bo,1.53,99.990,99.990,99.990,99.990,99.990,g
2458281.62134,2018-06-12.1197521,bo,1.49,17.530,17.517,0.217,0.357,0.071,g
2458281.62256,2018-06-12.1209689,bo,1.49,17.592,>17.592,99.990,0.117,0.067,g
2458281.62378,2018-06-12.1221925,bo,1.49,17.503,>17.503,99.990,0.182,0.072,g
2458283.60861,2018-06-14.1069709,bo,1.72,99.990,99.990,99.990,99.990,99.990,g
2458283.60985,2018-06-14.1082143,bo,1.73,99.990,99.990,99.990,99.990,99.990,g
2458283.61179,2018-06-14.1101412,bo,1.78,99.990,99.990,99.990,99.990,99.990,g
2458283.86619,2018-06-14.3645408,bk,1.60,17.398,>17.398,99.990,0.077,0.080,g
2458283.86741,2018-06-14.3657549,bk,1.62,17.302,>17.302,99.990,0.171,0.087,g
2458283.86863,2018-06-14.3669746,bk,1.70,17.348,>17.348,99.990,0.363,0.084,g
2458284.86264,2018-06-15.3609605,bk,1.45,17.618,>17.618,99.990,0.123,0.065,g
2458284.86387,2018-06-15.3621856,bk,1.44,17.399,>17.399,99.990,0.155,0.080,g
2458284.86508,2018-06-15.3634004,bk,1.46,17.422,>17.422,99.990,0.188,0.078,g
2458286.59579,2018-06-17.0940645,bo,1.60,16.815,>16.815,99.990,0.176,0.136,g
2458286.59893,2018-06-17.0972005,bo,1.59,16.901,>16.901,99.990,0.112,0.126,g
2458290.58428,2018-06-21.0824453,bo,1.50,17.666,>17.666,99.990,0.191,0.062,g
2458290.58549,2018-06-21.0836535,bo,1.51,99.990,99.990,99.990,99.990,99.990,g
2458290.58670,2018-06-21.0848674,bo,1.54,99.990,99.990,99.990,99.990,99.990,g
2458291.84500,2018-06-22.3431347,bk,1.39,17.330,>17.330,99.990,0.151,0.085,g
2458291.84622,2018-06-22.3443552,bk,1.39,17.229,>17.229,99.990,0.135,0.093,g
2458291.84744,2018-06-22.3455747,bk,1.46,17.545,>17.545,99.990,0.075,0.070,g
2458292.86759,2018-06-23.3657024,bk,1.55,17.396,>17.396,99.990,0.130,0.080,g
2458292.86881,2018-06-23.3669195,bk,1.55,17.592,>17.592,99.990,0.189,0.067,g
2458292.87003,2018-06-23.3681403,bk,1.60,17.606,>17.606,99.990,0.093,0.066,g
2458294.58881,2018-06-25.0868851,bo,1.50,16.133,>16.133,99.990,-0.045,0.256,g
2458294.59002,2018-06-25.0880944,bo,1.50,15.912,>15.912,99.990,-0.110,0.314,g
2458294.59123,2018-06-25.0892979,bo,1.44,15.773,>15.773,99.990,0.286,0.356,g
2458295.66864,2018-06-26.1666879,bo,1.52,17.118,>17.118,99.990,-0.106,0.103,g
2458295.66986,2018-06-26.1679041,bo,1.56,17.150,>17.150,99.990,0.093,0.100,g
2458295.67107,2018-06-26.1691221,bo,1.53,17.147,>17.147,99.990,0.154,0.101,g
2458296.58191,2018-06-27.0799375,bo,1.56,16.151,>16.151,99.990,-0.378,0.252,g
2458296.58312,2018-06-27.0811515,bo,1.45,16.199,>16.199,99.990,0.195,0.241,g
2458296.58434,2018-06-27.0823679,bo,1.46,16.345,>16.345,99.990,-0.236,0.210,g
2458296.83026,2018-06-27.3282761,bk,1.45,16.223,>16.223,99.990,0.220,0.235,g
2458296.83147,2018-06-27.3294969,bk,1.44,16.228,>16.228,99.990,-0.053,0.234,g
2458296.83270,2018-06-27.3307210,bk,1.46,16.224,>16.224,99.990,0.222,0.235,g
2458299.82207,2018-06-30.3200311,bg,1.57,99.990,99.990,99.990,99.990,99.990,V
2458299.82334,2018-06-30.3213062,bg,1.38,99.990,99.990,99.990,99.990,99.990,V
2458299.82461,2018-06-30.3225731,bg,1.45,14.246,>14.246,99.990,-1.540,1.537,V
2458300.82105,2018-07-01.3189866,bg,1.80,15.784,>15.784,99.990,-0.750,0.373,V
2458300.82232,2018-07-01.3202546,bg,1.71,15.892,>15.892,99.990,0.049,0.337,V
2458300.82359,2018-07-01.3215281,bg,1.67,15.830,>15.830,99.990,0.430,0.357,V
2458301.82106,2018-07-02.3189766,bg,2.14,15.816,>15.816,99.990,-0.086,0.362,V
2458301.82233,2018-07-02.3202513,bg,2.13,15.971,>15.971,99.990,-0.684,0.314,V
2458301.82361,2018-07-02.3215275,bg,2.10,15.934,>15.934,99.990,0.870,0.325,V
2458303.54972,2018-07-04.0476118,bo,1.54,16.636,>16.636,99.990,0.122,0.161,g
2458303.55093,2018-07-04.0488188,bo,1.49,16.699,>16.699,99.990,0.442,0.152,g
2458303.55215,2018-07-04.0500341,bo,1.48,16.611,>16.611,99.990,0.131,0.165,g
2458303.81723,2018-07-04.3151084,bk,1.75,15.063,>15.063,99.990,-0.116,0.685,g
2458303.81845,2018-07-04.3163303,bk,1.80,14.052,>14.052,99.990,0.420,1.739,g
2458303.81966,2018-07-04.3175453,bk,1.74,14.476,>14.476,99.990,0.601,1.176,g
2458304.54596,2018-07-05.0438354,bo,1.45,16.964,>16.964,99.990,0.402,0.119,g
2458304.54718,2018-07-05.0450515,bo,1.51,16.877,>16.877,99.990,-0.041,0.129,g
2458304.54839,2018-07-05.0462599,bo,1.44,16.917,>16.917,99.990,0.148,0.124,g
2458305.54258,2018-07-06.0404349,bo,1.56,17.057,>17.057,99.990,0.193,0.109,g
2458305.54381,2018-07-06.0416635,bo,1.55,16.971,>16.971,99.990,0.065,0.118,g
2458305.54502,2018-07-06.0428844,bo,1.52,16.960,>16.960,99.990,0.045,0.119,g
2458306.90887,2018-07-07.4067040,bk,1.70,17.259,>17.259,99.990,0.184,0.091,g
2458308.53860,2018-07-09.0364142,bo,1.41,17.527,>17.527,99.990,0.032,0.071,g
2458308.53981,2018-07-09.0376190,bo,1.46,17.542,>17.542,99.990,0.179,0.070,g
2458308.54102,2018-07-09.0388390,bo,1.46,17.553,>17.553,99.990,0.120,0.069,g
2458310.79760,2018-07-11.2953716,bg,1.48,15.792,>15.792,99.990,0.510,0.370,V
2458310.79886,2018-07-11.2966380,bg,1.41,15.885,>15.885,99.990,1.268,0.340,V
2458310.80014,2018-07-11.2979144,bg,1.43,15.807,>15.807,99.990,0.586,0.365,V
2458311.79399,2018-07-12.2917526,bg,1.69,16.195,>16.195,99.990,-0.251,0.255,V
2458311.79528,2018-07-12.2930412,bg,1.65,16.162,>16.162,99.990,0.899,0.263,V
2458311.79657,2018-07-12.2943255,bg,1.71,16.295,>16.295,99.990,-0.231,0.233,V
2458312.79053,2018-07-13.2882769,bg,1.68,16.077,>16.077,99.990,0.085,0.284,V
2458312.79179,2018-07-13.2895371,bg,1.68,16.267,>16.267,99.990,-0.004,0.239,V
2458312.79306,2018-07-13.2908114,bg,1.65,15.899,>15.899,99.990,0.355,0.335,V
2458313.78695,2018-07-14.2846902,bg,1.54,16.525,>16.525,99.990,-0.438,0.188,V
2458313.78822,2018-07-14.2859586,bg,1.41,16.595,>16.595,99.990,0.247,0.177,V
2458313.78948,2018-07-14.2872196,bg,1.47,16.624,>16.624,99.990,0.537,0.172,V
2458314.77963,2018-07-15.2773571,bg,1.69,16.158,>16.158,99.990,0.400,0.264,V
2458314.78090,2018-07-15.2786278,bg,1.70,16.211,>16.211,99.990,0.014,0.251,V
2458314.78217,2018-07-15.2799015,bg,1.67,16.328,>16.328,99.990,0.192,0.226,V
2458316.78017,2018-07-17.2778827,bg,1.65,99.990,99.990,99.990,99.990,99.990,V
2458316.78144,2018-07-17.2791509,bg,1.73,16.361,>16.361,99.990,0.431,0.219,V
2458316.78270,2018-07-17.2804149,bg,1.70,16.507,>16.507,99.990,0.517,0.192,V
2458318.50907,2018-07-19.0067667,bo,1.56,17.120,>17.120,99.990,0.144,0.103,g
2458318.51030,2018-07-19.0079972,bo,1.52,17.385,>17.385,99.990,0.199,0.081,g
2458318.51152,2018-07-19.0092126,bo,1.54,17.161,>17.161,99.990,0.220,0.099,g
2458319.50577,2018-07-20.0034474,bo,1.62,99.990,99.990,99.990,99.990,99.990,g
2458319.50698,2018-07-20.0046670,bo,1.59,99.990,99.990,99.990,99.990,99.990,g
2458319.50820,2018-07-20.0058850,bo,1.62,99.990,99.990,99.990,99.990,99.990,g
2458319.83208,2018-07-20.3297574,bg,2.11,16.239,>16.239,99.990,0.431,0.245,V
2458319.83334,2018-07-20.3310208,bg,1.99,99.990,99.990,99.990,99.990,99.990,V
2458320.82658,2018-07-21.3242495,bk,1.56,17.463,>17.463,99.990,0.082,0.075,g
2458320.82779,2018-07-21.3254679,bk,1.60,17.497,>17.497,99.990,-0.147,0.073,g
2458320.82901,2018-07-21.3266849,bk,1.55,17.626,>17.626,99.990,0.082,0.065,g
2458321.50184,2018-07-21.9995137,bo,1.63,17.042,>17.042,99.990,0.247,0.111,g
2458321.50306,2018-07-22.0007315,bo,1.67,17.019,>17.019,99.990,0.002,0.113,g
2458321.50429,2018-07-22.0019512,bo,1.69,16.957,>16.957,99.990,0.104,0.120,g
2458321.76345,2018-07-22.2611208,bg,1.67,13.581,>13.581,99.990,-2.171,2.835,V
2458321.91977,2018-07-22.4174332,bk,2.35,16.347,>16.347,99.990,0.203,0.210,g
2458321.92099,2018-07-22.4186534,bk,2.36,16.289,>16.289,99.990,0.137,0.222,g
2458321.92221,2018-07-22.4198687,bk,2.38,15.984,>15.984,99.990,0.234,0.293,g
2458322.49885,2018-07-22.9965222,bo,1.56,16.711,>16.711,99.990,-0.086,0.150,g
2458322.50007,2018-07-22.9977318,bo,1.50,16.629,>16.629,99.990,0.175,0.162,g
2458322.50127,2018-07-22.9989449,bo,1.54,16.743,>16.743,99.990,-0.091,0.146,g
2458322.77059,2018-07-23.2682528,bg,1.35,14.628,>14.628,99.990,0.229,1.081,V
2458322.77186,2018-07-23.2695197,bg,1.39,15.280,>15.280,99.990,-0.396,0.593,V
2458322.77312,2018-07-23.2707841,bg,1.39,15.477,>15.477,99.990,-0.377,0.495,V
2458322.92152,2018-07-23.4191890,bg,1.37,15.663,>15.663,99.990,0.331,0.417,V
2458322.92280,2018-07-23.4204635,bg,1.41,99.990,99.990,99.990,99.990,99.990,V
2458323.76022,2018-07-24.2578740,bg,1.50,15.902,>15.902,99.990,0.078,0.334,V
2458323.76149,2018-07-24.2591519,bg,1.51,16.048,>16.048,99.990,0.505,0.292,V
2458323.76276,2018-07-24.2604137,bg,1.51,15.873,>15.873,99.990,-0.068,0.343,V
2458324.49118,2018-07-24.9888343,bo,1.58,15.912,>15.912,99.990,-0.101,0.314,g
2458324.49243,2018-07-24.9900769,bo,1.63,16.324,>16.324,99.990,0.374,0.215,g
2458324.49383,2018-07-24.9914866,bo,1.60,16.082,>16.082,99.990,-0.142,0.268,g
2458324.76076,2018-07-25.2584104,bg,1.52,15.827,>15.827,99.990,0.516,0.358,V
2458324.76207,2018-07-25.2597277,bg,1.45,15.848,>15.848,99.990,0.648,0.351,V
2458324.76332,2018-07-25.2609721,bg,1.43,15.917,>15.917,99.990,-0.036,0.330,V
2458324.92825,2018-07-25.4259067,bk,1.45,17.429,>17.429,99.990,0.295,0.078,g
2458324.92946,2018-07-25.4271168,bk,1.48,17.435,>17.435,99.990,0.024,0.077,g
2458324.93068,2018-07-25.4283331,bk,1.47,17.291,16.528,0.109,0.889,0.088,g
2458325.53253,2018-07-26.0301774,bo,1.59,15.952,>15.952,99.990,-0.087,0.302,g
2458325.53373,2018-07-26.0313869,bo,1.63,15.959,>15.959,99.990,0.002,0.300,g
2458325.53495,2018-07-26.0326059,bo,1.56,16.044,>16.044,99.990,0.276,0.278,g
2458325.75358,2018-07-26.2512255,bg,1.42,14.122,>14.122,99.990,0.873,1.723,V
2458325.75486,2018-07-26.2525021,bg,1.40,14.494,>14.494,99.990,-0.460,1.223,V
2458325.75612,2018-07-26.2537687,bg,1.55,14.707,>14.707,99.990,1.783,1.005,V
2458326.74992,2018-07-27.2475612,bg,1.72,15.216,>15.216,99.990,-1.026,0.629,V
2458328.74649,2018-07-29.2441307,bg,1.55,15.512,>15.512,99.990,-0.250,0.479,V
2458328.74776,2018-07-29.2453956,bg,1.53,15.610,>15.610,99.990,-0.474,0.437,V
2458328.74901,2018-07-29.2466570,bg,1.55,15.521,>15.521,99.990,0.116,0.475,V
2458329.74301,2018-07-30.2406476,bg,1.55,15.511,>15.511,99.990,0.801,0.479,V
2458329.74427,2018-07-30.2419105,bg,1.63,15.634,>15.634,99.990,-0.514,0.428,V
2458329.74554,2018-07-30.2431809,bg,1.58,15.629,>15.629,99.990,0.012,0.430,V
2458329.91299,2018-07-30.4106322,bk,1.56,16.404,>16.404,99.990,0.197,0.199,g
2458329.91421,2018-07-30.4118472,bk,1.50,16.422,>16.422,99.990,-0.060,0.196,g
2458329.91543,2018-07-30.4130637,bk,1.53,16.537,>16.537,99.990,0.474,0.176,g
2458331.76630,2018-08-01.2639356,bg,1.43,16.044,>16.044,99.990,-0.070,0.293,V
2458331.76757,2018-08-01.2652001,bg,1.49,15.860,>15.860,99.990,0.046,0.347,V
2458331.76883,2018-08-01.2664657,bg,1.43,16.008,>16.008,99.990,0.336,0.303,V
2458331.93077,2018-08-01.4284105,bk,1.48,16.569,>16.569,99.990,0.265,0.171,g
2458331.93198,2018-08-01.4296254,bk,1.53,16.541,>16.541,99.990,0.354,0.176,g
2458331.93320,2018-08-01.4308427,bk,1.47,16.558,>16.558,99.990,-0.090,0.173,g
2458332.46916,2018-08-01.9668047,bo,1.59,15.826,>15.826,99.990,0.116,0.339,g
2458332.47038,2018-08-01.9680130,bo,1.47,15.711,>15.711,99.990,-0.381,0.377,g
2458332.47158,2018-08-01.9692226,bo,1.47,16.049,>16.049,99.990,0.328,0.276,g
2458332.78178,2018-08-02.2794206,bg,1.49,15.993,>15.993,99.990,-0.311,0.307,V
2458332.78309,2018-08-02.2807237,bg,1.50,16.110,>16.110,99.990,0.687,0.276,V
2458332.78437,2018-08-02.2820043,bg,1.59,16.050,>16.050,99.990,0.090,0.292,V
2458333.46658,2018-08-02.9642160,bo,1.52,16.778,>16.778,99.990,0.049,0.141,g
2458333.46778,2018-08-02.9654158,bo,1.51,17.002,>17.002,99.990,0.132,0.115,g
2458334.46533,2018-08-03.9629707,bo,1.52,17.060,>17.060,99.990,0.303,0.109,g
2458334.46655,2018-08-03.9641880,bo,1.48,17.104,>17.104,99.990,0.210,0.105,g
2458334.46776,2018-08-03.9654059,bo,1.51,17.016,>17.016,99.990,-0.209,0.113,g
2458334.85484,2018-08-04.3524770,bg,1.43,16.217,>16.217,99.990,0.367,0.250,V
2458334.85611,2018-08-04.3537543,bg,1.43,16.160,>16.160,99.990,0.465,0.264,V
2458335.72283,2018-08-05.2204761,bk,1.51,17.361,>17.361,99.990,0.209,0.083,g
2458335.72405,2018-08-05.2216957,bk,1.50,17.382,>17.382,99.990,0.058,0.081,g
2458335.72527,2018-08-05.2229144,bk,1.55,17.301,>17.301,99.990,0.117,0.087,g
2458335.91886,2018-08-05.4165089,bk,1.41,17.197,>17.197,99.990,0.111,0.096,g
2458336.73478,2018-08-06.232425,bk,1.44,17.410,>17.410,99.990,0.315,0.079,g
2458336.73599,2018-08-06.2336391,bk,1.45,17.340,>17.340,99.990,0.077,0.084,g
2458336.73721,2018-08-06.2348600,bk,1.44,17.389,>17.389,99.990,0.262,0.080,g
2458337.73665,2018-08-07.2342998,bk,1.41,99.990,99.990,99.990,99.990,99.990,g
2458338.70980,2018-08-08.2074584,bk,1.47,17.551,>17.551,99.990,0.026,0.069,g
2458338.71102,2018-08-08.2086732,bk,1.44,17.408,>17.408,99.990,0.115,0.079,g
2458338.71226,2018-08-08.2099126,bk,1.50,17.406,>17.406,99.990,0.075,0.079,g
2458338.91604,2018-08-08.4136954,bk,1.52,17.322,>17.322,99.990,0.157,0.086,g
2458338.91725,2018-08-08.4149127,bk,1.48,17.437,>17.437,99.990,0.104,0.077,g
2458338.91847,2018-08-08.4161310,bk,1.49,17.342,>17.342,99.990,-0.021,0.084,g
2458339.45066,2018-08-08.9483149,bo,1.43,17.434,>17.434,99.990,0.283,0.077,g
2458339.45188,2018-08-08.9495347,bo,1.46,17.536,>17.536,99.990,0.122,0.070,g
2458339.45307,2018-08-08.9507344,bo,1.55,17.512,>17.512,99.990,0.206,0.072,g
2458339.71645,2018-08-09.2141140,bg,1.82,16.359,>16.359,99.990,-0.021,0.219,V
2458339.71898,2018-08-09.2166469,bg,1.78,16.233,>16.233,99.990,0.225,0.246,V
2458339.89326,2018-08-09.3909252,bk,1.65,17.346,>17.346,99.990,0.050,0.084,g
2458339.89448,2018-08-09.3921437,bk,1.70,17.305,>17.305,99.990,0.325,0.087,g
2458339.89570,2018-08-09.3933631,bk,1.99,17.384,>17.384,99.990,0.067,0.081,g
2458340.44828,2018-08-09.9459474,bo,1.50,17.605,>17.605,99.990,0.012,0.066,g
2458340.44949,2018-08-09.9471569,bo,1.49,17.438,>17.438,99.990,0.103,0.077,g
2458340.45071,2018-08-09.9483700,bo,1.47,17.490,>17.490,99.990,0.083,0.073,g
2458340.71029,2018-08-10.2079629,bg,1.48,16.334,>16.334,99.990,-0.041,0.225,V
2458340.71157,2018-08-10.2092387,bg,1.41,16.477,>16.477,99.990,0.719,0.197,V
2458340.89384,2018-08-10.3915060,bk,1.46,17.356,>17.356,99.990,0.219,0.083,g
2458340.89506,2018-08-10.3927246,bk,1.48,17.349,>17.349,99.990,0.389,0.083,g
2458340.89627,2018-08-10.3939408,bk,1.51,17.442,>17.442,99.990,0.266,0.077,g
2458341.70955,2018-08-11.2072241,bg,1.45,16.418,>16.418,99.990,0.244,0.208,V
2458341.71082,2018-08-11.2084960,bg,1.44,16.407,>16.407,99.990,0.461,0.210,V
2458341.71209,2018-08-11.2097693,bg,1.45,16.300,>16.300,99.990,0.365,0.232,V
2458342.72164,2018-08-12.2193204,bg,1.46,16.363,>16.363,99.990,0.107,0.219,V
2458342.72290,2018-08-12.2205851,bg,1.46,16.399,>16.399,99.990,0.110,0.212,V
2458342.72417,2018-08-12.2218494,bg,1.47,16.386,>16.386,99.990,0.098,0.214,V
2458343.43923,2018-08-12.9369196,bo,1.52,17.364,>17.364,99.990,0.141,0.082,g
2458343.44043,2018-08-12.9381222,bo,1.63,17.413,>17.413,99.990,0.151,0.079,g
2458343.44164,2018-08-12.9393331,bo,1.65,17.454,>17.454,99.990,0.054,0.076,g
2458343.91040,2018-08-13.4080931,bk,1.55,17.270,>17.270,99.990,0.127,0.090,g
2458343.91162,2018-08-13.4093113,bk,1.60,17.513,>17.513,99.990,0.139,0.072,g
2458343.91284,2018-08-13.4105278,bk,1.51,17.475,>17.475,99.990,0.184,0.074,g
2458344.80587,2018-08-14.3035729,bk,1.42,17.381,>17.381,99.990,0.022,0.081,g
2458344.80709,2018-08-14.3047900,bk,1.43,17.415,>17.415,99.990,0.294,0.079,g
2458344.80830,2018-08-14.3060025,bk,1.48,17.368,>17.368,99.990,-0.001,0.082,g
2458345.43470,2018-08-14.9324109,bo,1.58,17.466,>17.466,99.990,-0.003,0.075,g
2458345.43591,2018-08-14.9336192,bo,1.59,17.483,>17.483,99.990,0.086,0.074,g
2458345.43712,2018-08-14.9348228,bo,1.67,17.521,>17.521,99.990,0.042,0.071,g
2458345.74485,2018-08-15.2425605,bg,1.51,99.990,99.990,99.990,99.990,99.990,V
2458345.74611,2018-08-15.2438236,bg,1.46,99.990,99.990,99.990,99.990,99.990,V
2458345.74739,2018-08-15.2451009,bg,1.47,99.990,99.990,99.990,99.990,99.990,V
2458346.43121,2018-08-15.9289313,bo,1.45,17.494,>17.494,99.990,0.178,0.073,g
2458346.43243,2018-08-15.9301454,bo,1.50,17.403,>17.403,99.990,0.261,0.079,g
2458346.43365,2018-08-15.9313655,bo,1.46,99.990,99.990,99.990,99.990,99.990,g
2458346.88462,2018-08-16.3823339,bk,1.63,17.358,>17.358,99.990,0.405,0.083,g
2458346.88583,2018-08-16.3835540,bk,1.65,17.337,>17.337,99.990,0.243,0.084,g
2458346.88705,2018-08-16.3847712,bk,1.59,17.447,>17.447,99.990,-0.006,0.076,g
2458347.69225,2018-08-17.1899831,bg,1.38,99.990,99.990,99.990,99.990,99.990,V
2458347.69353,2018-08-17.1912572,bg,1.43,99.990,99.990,99.990,99.990,99.990,V
2458348.42588,2018-08-17.9236163,bo,1.50,99.990,99.990,99.990,99.990,99.990,g
2458348.42711,2018-08-17.9248398,bo,1.46,17.302,>17.302,99.990,0.181,0.087,g
2458348.42831,2018-08-17.9260410,bo,1.42,99.990,99.990,99.990,99.990,99.990,g
2458349.85914,2018-08-19.3568918,bk,1.47,17.420,>17.420,99.990,0.260,0.078,g
2458349.86035,2018-08-19.3581082,bk,1.48,17.573,>17.573,99.990,0.037,0.068,g
2458349.86157,2018-08-19.3593254,bk,1.40,17.524,>17.524,99.990,0.240,0.071,g
2458350.42297,2018-08-19.9207278,bo,1.71,14.229,>14.229,99.990,2.989,1.478,g
2458350.42417,2018-08-19.9219339,bo,1.48,14.503,>14.503,99.990,-1.414,1.148,g
2458350.42538,2018-08-19.9231414,bo,1.52,14.129,>14.129,99.990,2.283,1.619,g
2458350.68109,2018-08-20.1788574,bg,1.53,16.074,>16.074,99.990,-0.169,0.285,V
2458350.68237,2018-08-20.1801288,bg,1.54,16.033,>16.033,99.990,0.259,0.296,V
2458350.68363,2018-08-20.1813954,bg,1.61,16.152,>16.152,99.990,0.329,0.265,V
2458350.85180,2018-08-20.3495650,bk,1.50,17.332,>17.332,99.990,0.386,0.085,g
2458350.85302,2018-08-20.3507811,bk,1.48,17.369,>17.369,99.990,0.155,0.082,g
2458350.85423,2018-08-20.3519997,bk,1.52,17.384,>17.384,99.990,0.237,0.081,g
2458351.67787,2018-08-21.1756524,bg,1.42,16.136,>16.136,99.990,0.339,0.270,V
2458351.67914,2018-08-21.1769129,bg,1.50,16.102,>16.102,99.990,-0.135,0.278,V
2458351.68040,2018-08-21.1781770,bg,1.47,15.981,>15.981,99.990,0.227,0.311,V
2458351.84942,2018-08-21.3471958,bg,1.43,99.990,99.990,99.990,99.990,99.990,V
2458351.85069,2018-08-21.3484644,bg,1.40,16.360,>16.360,99.990,-0.140,0.219,V
2458351.85196,2018-08-21.3497409,bg,1.39,16.373,>16.373,99.990,0.386,0.217,V
2458352.41561,2018-08-21.9134025,bo,1.54,16.511,>16.511,99.990,0.198,0.181,g
2458352.41683,2018-08-21.9146168,bo,1.57,16.532,>16.532,99.990,-0.362,0.177,g
2458352.41805,2018-08-21.9158369,bo,1.55,16.479,>16.479,99.990,0.056,0.186,g
2458352.68167,2018-08-22.1794622,bg,1.46,16.060,>16.060,99.990,0.234,0.289,V
2458352.68420,2018-08-22.1819894,bg,1.42,15.375,>15.375,99.990,1.037,0.543,V
2458352.86801,2018-08-22.3657980,bk,1.48,17.369,>17.369,99.990,0.249,0.082,g
2458352.86922,2018-08-22.3670162,bk,1.42,17.427,>17.427,99.990,0.166,0.078,g
2458352.87044,2018-08-22.3682336,bk,1.42,17.451,>17.451,99.990,0.141,0.076,g
2458353.40894,2018-08-22.9067462,bo,1.50,16.304,>16.304,99.990,0.236,0.218,g
2458353.41016,2018-08-22.9079597,bo,1.54,16.474,>16.474,99.990,0.151,0.187,g
2458353.41137,2018-08-22.9091693,bo,1.52,16.436,>16.436,99.990,0.334,0.194,g
2458353.68028,2018-08-23.1780862,bg,1.43,14.457,>14.457,99.990,-1.101,1.265,V
2458353.68155,2018-08-23.1793540,bg,1.49,14.666,>14.666,99.990,-2.216,1.044,V
2458353.68282,2018-08-23.1806231,bg,1.42,15.797,>15.797,99.990,0.393,0.368,V
2458354.48886,2018-08-23.9866803,bo,1.50,16.304,>16.304,99.990,0.061,0.218,g
2458354.49006,2018-08-23.9878851,bo,1.51,16.397,>16.397,99.990,0.169,0.201,g
2458354.49127,2018-08-23.9890900,bo,1.52,16.469,>16.469,99.990,0.440,0.188,g
2458354.67059,2018-08-24.1684107,bg,1.77,15.691,>15.691,99.990,0.174,0.406,V
2458354.67187,2018-08-24.1696901,bg,1.75,15.728,>15.728,99.990,0.372,0.392,V
2458354.67313,2018-08-24.1709547,bg,1.80,15.778,>15.778,99.990,0.594,0.375,V
2458354.84201,2018-08-24.3398361,bk,1.72,16.331,>16.331,99.990,0.017,0.213,g
2458354.84323,2018-08-24.3410582,bk,1.70,16.484,>16.484,99.990,0.015,0.185,g
2458354.84445,2018-08-24.3422741,bk,1.69,16.399,>16.399,99.990,-0.167,0.200,g
2458355.63346,2018-08-25.1313006,bo,1.65,16.356,>16.356,99.990,0.181,0.208,g
2458355.67027,2018-08-25.1681126,bg,1.48,15.754,>15.754,99.990,-0.239,0.383,V
2458355.67156,2018-08-25.1694019,bg,1.47,15.538,>15.538,99.990,0.424,0.468,V
2458355.67283,2018-08-25.1706701,bg,1.46,15.474,>15.474,99.990,1.379,0.496,V
2458356.66734,2018-08-26.1651927,bg,1.42,15.359,>15.359,99.990,0.657,0.551,V
2458356.66861,2018-08-26.1664622,bg,1.44,15.490,>15.490,99.990,0.917,0.489,V
2458356.66988,2018-08-26.1677362,bg,1.49,15.469,>15.469,99.990,0.703,0.498,V
2458356.83957,2018-08-26.3374221,bg,1.63,15.355,>15.355,99.990,-0.183,0.553,V
2458356.84084,2018-08-26.3386920,bg,1.67,15.353,>15.353,99.990,-0.979,0.554,V
2458356.84210,2018-08-26.3399572,bg,1.71,15.356,>15.356,99.990,0.019,0.553,V
2458358.70351,2018-08-28.2013990,bg,1.59,15.790,>15.790,99.990,-1.111,0.371,V
2458358.70479,2018-08-28.2026745,bg,1.45,15.516,>15.516,99.990,-0.134,0.477,V
2458358.70604,2018-08-28.2039354,bg,1.42,15.581,>15.581,99.990,-0.149,0.449,V
2458358.87021,2018-08-28.3681076,bg,1.44,15.545,>15.545,99.990,0.954,0.465,V
2458358.87149,2018-08-28.3693806,bg,1.43,15.639,>15.639,99.990,0.207,0.426,V
2458358.87275,2018-08-28.3706435,bg,1.45,15.794,>15.794,99.990,-0.203,0.369,V
2458359.25880,2018-08-28.7566995,bp,1.52,99.990,99.990,99.990,99.990,99.990,g
2458359.74968,2018-08-29.2475822,bk,1.47,16.282,>16.282,99.990,-0.725,0.223,g
2458359.75090,2018-08-29.2488040,bk,1.42,16.354,>16.354,99.990,-0.040,0.209,g
2458359.75212,2018-08-29.2500288,bk,1.53,16.499,>16.499,99.990,0.354,0.183,g
2458360.38854,2018-08-29.8864587,bo,1.58,16.505,>16.505,99.990,0.407,0.182,g
2458360.38976,2018-08-29.8876767,bo,1.58,16.569,>16.569,99.990,0.176,0.171,g
2458360.39097,2018-08-29.8888883,bo,1.59,16.632,>16.632,99.990,0.313,0.161,g
2458360.74590,2018-08-30.2438230,bg,1.55,15.923,>15.923,99.990,0.255,0.328,V
2458360.74716,2018-08-30.2450848,bg,1.53,15.928,>15.928,99.990,-0.032,0.327,V
2458360.74843,2018-08-30.2463483,bg,1.49,16.027,>16.027,99.990,-0.727,0.298,V
2458361.38929,2018-08-30.8872347,bo,1.63,15.901,>15.901,99.990,-0.466,0.317,g
2458361.39052,2018-08-30.8884561,bo,1.50,16.054,>16.054,99.990,0.264,0.275,g
2458361.39172,2018-08-30.8896611,bo,1.49,15.585,>15.585,99.990,0.205,0.424,g
2458361.72411,2018-08-31.2220531,bg,1.61,13.719,>13.719,99.990,3.529,2.496,V
2458361.72539,2018-08-31.2233390,bg,1.58,14.670,>14.670,99.990,0.255,1.040,V
2458361.72667,2018-08-31.2246105,bg,1.63,15.480,>15.480,99.990,0.094,0.493,V
2458362.66700,2018-09-01.1649569,bo,1.47,16.476,>16.476,99.990,0.337,0.186,g
2458362.66821,2018-09-01.1661745,bo,1.44,16.257,>16.257,99.990,-0.074,0.228,g
2458362.66942,2018-09-01.1673819,bo,1.44,16.240,>16.240,99.990,0.004,0.232,g
2458362.75291,2018-09-01.2508682,bk,2.21,16.703,>16.703,99.990,0.276,0.151,g
2458362.75535,2018-09-01.2533072,bk,2.23,16.773,>16.773,99.990,0.186,0.142,g
2458362.90394,2018-09-01.4019026,bg,2.35,16.144,>16.144,99.990,-0.155,0.267,V
2458362.90520,2018-09-01.4031696,bg,2.27,16.140,>16.140,99.990,-0.179,0.269,V
2458362.90646,2018-09-01.4044337,bg,2.32,15.937,>15.937,99.990,0.453,0.324,V
2458363.66195,2018-09-02.1599325,bk,1.57,17.268,>17.268,99.990,0.219,0.090,g
2458363.66318,2018-09-02.1611594,bk,1.66,17.346,>17.346,99.990,0.124,0.084,g
2458363.66440,2018-09-02.1623790,bk,1.56,17.291,>17.291,99.990,0.207,0.088,g
2458363.87570,2018-09-02.3736849,bg,1.70,16.118,>16.118,99.990,0.153,0.274,V
2458363.87697,2018-09-02.3749498,bg,1.68,16.246,>16.246,99.990,0.308,0.244,V
2458363.87824,2018-09-02.3762247,bg,1.66,15.950,14.537,0.060,5.875,0.320,V
2458364.67780,2018-09-03.1758003,bk,1.57,17.434,>17.434,99.990,0.232,0.077,g
2458364.67900,2018-09-03.1770118,bk,1.58,17.386,>17.386,99.990,0.253,0.081,g
2458364.68022,2018-09-03.1782290,bk,1.58,17.514,>17.514,99.990,0.199,0.072,g
2458364.85397,2018-09-03.3519765,bg,1.59,16.163,>16.163,99.990,0.480,0.263,V
2458364.85524,2018-09-03.3532466,bg,1.59,16.352,>16.352,99.990,-0.046,0.221,V
2458364.85650,2018-09-03.3545113,bg,1.65,16.228,>16.228,99.990,0.073,0.248,V
2458365.38268,2018-09-03.8806980,bo,1.51,17.428,>17.428,99.990,0.187,0.078,g
2458365.38388,2018-09-03.8819040,bo,1.51,17.433,>17.433,99.990,0.148,0.077,g
2458365.38509,2018-09-03.8831160,bo,1.51,17.452,>17.452,99.990,0.119,0.076,g
2458365.67390,2018-09-04.1719184,bk,1.43,17.406,>17.406,99.990,0.278,0.079,g
2458365.67510,2018-09-04.1731263,bk,1.47,17.387,>17.387,99.990,0.148,0.081,g
2458365.67632,2018-09-04.1743437,bk,1.44,17.391,>17.391,99.990,0.171,0.080,g
2458366.67481,2018-09-05.1728565,bg,1.54,16.594,>16.594,99.990,-0.186,0.177,V
2458366.67607,2018-09-05.1741283,bg,1.46,16.334,>16.334,99.990,0.319,0.225,V
2458366.67736,2018-09-05.1754059,bg,1.56,16.373,>16.373,99.990,0.303,0.217,V
2458366.86897,2018-09-05.3670280,bg,1.48,16.421,>16.421,99.990,0.404,0.207,V
2458366.87024,2018-09-05.3682942,bg,1.48,16.351,>16.351,99.990,0.506,0.221,V
2458366.87152,2018-09-05.3695736,bg,1.46,16.257,>16.257,99.990,0.322,0.241,V
2458367.64374,2018-09-06.1418099,bg,1.62,16.376,>16.376,99.990,0.250,0.216,V
2458367.64502,2018-09-06.1430868,bg,1.73,16.304,>16.304,99.990,0.672,0.231,V
2458367.64628,2018-09-06.1443461,bg,1.80,16.340,>16.340,99.990,0.396,0.223,V
2458367.69335,2018-09-06.3334467,bg,1.48,99.990,99.990,99.990,99.990,99.990,V
2458367.69335,2018-09-06.3347195,bg,1.49,99.990,99.990,99.990,99.990,99.990,V
2458367.69335,2018-09-06.3359817,bg,1.46,99.990,99.990,99.990,99.990,99.990,V
2458368.66902,2018-09-07.1671167,bg,1.62,16.346,>16.346,99.990,0.378,0.222,V
2458368.67030,2018-09-07.1683929,bg,1.57,16.281,>16.281,99.990,0.130,0.236,V
2458368.67157,2018-09-07.1696638,bg,1.61,16.288,>16.288,99.990,0.199,0.234,V
2458368.87337,2018-09-07.3714692,bk,1.63,17.361,>17.361,99.990,0.209,0.083,g
2458368.87459,2018-09-07.3726865,bk,1.65,17.342,>17.342,99.990,0.124,0.084,g
2458368.87580,2018-09-07.3738993,bk,1.71,17.297,>17.297,99.990,0.251,0.088,g
2458369.71109,2018-09-08.2092076,bg,2.02,99.990,99.990,99.990,99.990,99.990,V
2458369.71234,2018-09-08.2104606,bg,2.02,16.377,>16.377,99.990,0.470,0.216,V
2458369.71360,2018-09-08.2117231,bg,1.80,99.990,99.990,99.990,99.990,99.990,V
2458370.62120,2018-09-09.1193437,bg,1.75,16.285,>16.285,99.990,0.888,0.235,V
2458370.62247,2018-09-09.1206123,bg,1.63,16.471,>16.471,99.990,-0.220,0.198,V
2458370.62373,2018-09-09.1218761,bg,1.60,16.340,>16.340,99.990,0.186,0.223,V
2458370.82384,2018-09-09.3219863,bk,1.50,17.503,>17.503,99.990,0.041,0.072,g
2458370.82506,2018-09-09.3232049,bk,1.48,17.352,>17.352,99.990,0.252,0.083,g
2458370.82627,2018-09-09.3244234,bk,1.46,17.435,>17.435,99.990,0.020,0.077,g
2458371.75284,2018-09-10.2510093,bk,1.45,17.461,>17.461,99.990,0.140,0.075,g
2458371.75406,2018-09-10.2522289,bk,1.45,17.342,>17.342,99.990,0.342,0.084,g
2458371.75528,2018-09-10.2534475,bk,1.46,17.360,>17.360,99.990,0.212,0.083,g
2458372.63004,2018-09-11.1282318,bg,1.64,99.990,99.990,99.990,99.990,99.990,V
2458372.63131,2018-09-11.1295031,bg,1.58,15.744,>15.744,99.990,0.608,0.387,V
2458372.63257,2018-09-11.1307702,bg,1.54,15.683,>15.683,99.990,0.293,0.409,V
2458373.33673,2018-09-11.8349392,bo,1.52,99.990,99.990,99.990,99.990,99.990,g
2458373.33863,2018-09-11.8368361,bo,1.52,99.990,99.990,99.990,99.990,99.990,g
2458373.61851,2018-09-12.1167299,bg,1.52,99.990,99.990,99.990,99.990,99.990,V
2458373.61978,2018-09-12.1179990,bg,1.55,99.990,99.990,99.990,99.990,99.990,V
2458373.62104,2018-09-12.1192584,bg,1.56,99.990,99.990,99.990,99.990,99.990,V
2458373.79914,2018-09-12.2973686,bk,1.41,17.079,>17.079,99.990,0.134,0.107,g
2458373.80037,2018-09-12.2985898,bk,1.48,17.107,>17.107,99.990,0.377,0.104,g
2458373.80157,2018-09-12.2998037,bk,1.40,16.896,>16.896,99.990,0.217,0.127,g
2458375.35287,2018-09-13.8511339,bo,1.50,17.444,>17.444,99.990,0.181,0.076,g
2458375.35531,2018-09-13.8535792,bo,1.49,17.518,>17.518,99.990,0.214,0.071,g
2458375.60527,2018-09-14.1035446,bg,1.42,99.990,99.990,99.990,99.990,99.990,V
2458375.60654,2018-09-14.1048087,bg,1.44,99.990,99.990,99.990,99.990,99.990,V
2458375.86020,2018-09-14.3584863,bk,1.41,17.421,>17.421,99.990,-0.018,0.078,g
2458375.86143,2018-09-14.3597092,bk,1.44,17.322,>17.322,99.990,0.014,0.086,g
2458375.86265,2018-09-14.3609246,bk,1.47,17.463,>17.463,99.990,0.179,0.075,g
2458376.60454,2018-09-15.1028384,bg,1.52,16.308,>16.308,99.990,-0.238,0.230,V
2458376.60581,2018-09-15.1041084,bg,1.56,99.990,99.990,99.990,99.990,99.990,V
2458376.60708,2018-09-15.1053836,bg,1.53,99.990,99.990,99.990,99.990,99.990,V
2458376.78221,2018-09-15.2805086,bg,1.48,16.330,>16.330,99.990,0.007,0.225,V
2458376.78348,2018-09-15.2817833,bg,1.44,99.990,99.990,99.990,99.990,99.990,V
2458376.78476,2018-09-15.2830666,bg,1.44,99.990,99.990,99.990,99.990,99.990,V
2458377.33368,2018-09-15.8320089,bo,1.54,16.759,>16.759,99.990,0.274,0.144,g
2458377.33489,2018-09-15.8332138,bo,1.54,16.687,>16.687,99.990,-0.021,0.154,g
2458377.33611,2018-09-15.8344314,bo,1.57,16.551,>16.551,99.990,-0.084,0.174,g
2458377.51412,2018-09-16.0124569,bo,1.56,99.990,99.990,99.990,99.990,99.990,g
2458377.51534,2018-09-16.0136755,bo,1.55,99.990,99.990,99.990,99.990,99.990,g
2458377.51656,2018-09-16.0148839,bo,1.60,17.494,>17.494,99.990,0.244,0.073,g
2458377.59746,2018-09-16.0957915,bg,1.58,99.990,99.990,99.990,99.990,99.990,V
2458377.59873,2018-09-16.0970630,bg,1.50,16.173,>16.173,99.990,0.192,0.260,V
2458377.60001,2018-09-16.0983341,bg,1.54,16.265,>16.265,99.990,-0.010,0.239,V
2458377.77864,2018-09-16.2769734,bg,1.66,99.990,99.990,99.990,99.990,99.990,V
2458377.77992,2018-09-16.2782584,bg,1.62,16.410,>16.410,99.990,-0.108,0.209,V
2458377.78120,2018-09-16.2795275,bg,1.67,99.990,99.990,99.990,99.990,99.990,V
2458378.59352,2018-09-17.0918755,bg,1.45,16.218,>16.218,99.990,-0.216,0.250,V
2458378.59478,2018-09-17.0931357,bg,1.41,16.160,>16.160,99.990,-0.239,0.264,V
2458378.59604,2018-09-17.0943994,bg,1.44,16.118,>16.118,99.990,0.313,0.274,V
2458378.77529,2018-09-17.2736504,bg,1.50,99.990,99.990,99.990,99.990,99.990,V
2458378.77657,2018-09-17.2749298,bg,1.46,99.990,99.990,99.990,99.990,99.990,V
2458378.77783,2018-09-17.2761935,bg,1.48,99.990,99.990,99.990,99.990,99.990,V
2458379.59377,2018-09-18.0921504,bg,1.42,16.069,>16.069,99.990,-0.295,0.287,V
2458379.59503,2018-09-18.0934151,bg,1.49,16.052,>16.052,99.990,0.681,0.291,V
2458379.59629,2018-09-18.0946777,bg,1.42,16.165,>16.165,99.990,-0.327,0.262,V
2458379.78417,2018-09-18.2825559,bk,1.49,17.202,>17.202,99.990,0.301,0.096,g
2458379.78537,2018-09-18.2837673,bk,1.52,16.886,>16.886,99.990,0.268,0.128,g
2458379.78660,2018-09-18.2849856,bk,1.52,16.963,>16.963,99.990,-0.097,0.119,g
2458380.59073,2018-09-19.0891496,bg,1.49,15.960,>15.960,99.990,-0.055,0.317,V
2458380.59202,2018-09-19.0904277,bg,1.49,15.639,>15.639,99.990,1.199,0.426,V
2458380.59330,2018-09-19.0917210,bg,1.47,15.636,>15.636,99.990,0.817,0.427,V
2458380.79778,2018-09-19.2962031,bk,1.52,17.246,>17.246,99.990,0.192,0.092,g
2458380.79899,2018-09-19.2974180,bk,1.49,17.204,>17.204,99.990,0.048,0.095,g
2458380.80021,2018-09-19.2986363,bk,1.48,17.184,>17.184,99.990,0.095,0.097,g
2458381.83629,2018-09-20.3347498,bg,1.58,99.990,99.990,99.990,99.990,99.990,V
2458381.83756,2018-09-20.3360201,bg,1.49,99.990,99.990,99.990,99.990,99.990,V
2458381.83884,2018-09-20.3372956,bg,1.45,99.990,99.990,99.990,99.990,99.990,V
2458382.61826,2018-09-21.1167452,bg,1.48,15.955,>15.955,99.990,0.118,0.319,V
2458382.61954,2018-09-21.1180140,bg,1.47,15.870,>15.870,99.990,-0.103,0.344,V
2458382.62080,2018-09-21.1192822,bg,1.45,15.808,>15.808,99.990,0.125,0.364,V
2458382.86399,2018-09-21.3624762,bg,1.44,16.197,>16.197,99.990,0.181,0.255,V
2458382.86527,2018-09-21.3637613,bg,1.47,16.181,>16.181,99.990,0.104,0.259,V
2458382.86654,2018-09-21.3650225,bg,1.48,16.313,>16.313,99.990,-0.052,0.229,V
2458383.59909,2018-09-22.0975907,bg,1.43,15.805,>15.805,99.990,-0.619,0.365,V
2458383.60035,2018-09-22.0988556,bg,1.47,15.709,>15.709,99.990,0.635,0.399,V
2458383.60162,2018-09-22.1001313,bg,1.45,15.861,>15.861,99.990,0.159,0.347,V
2458383.81773,2018-09-22.3162487,bk,1.43,16.532,>16.532,99.990,0.158,0.177,g
2458383.81896,2018-09-22.3174706,bk,1.44,16.427,>16.427,99.990,0.111,0.195,g
2458383.82018,2018-09-22.3186893,bk,1.42,16.453,>16.453,99.990,0.154,0.191,g
2458384.57987,2018-09-23.0784050,bg,1.45,15.644,>15.644,99.990,-1.230,0.424,V
2458384.58114,2018-09-23.0796773,bg,1.54,15.595,>15.595,99.990,-0.603,0.443,V
2458384.58242,2018-09-23.0809550,bg,1.43,15.597,>15.597,99.990,-0.612,0.443,V
2458384.76147,2018-09-23.2600065,bk,1.55,16.299,>16.299,99.990,0.023,0.219,g
2458384.76269,2018-09-23.2612287,bk,1.51,16.359,>16.359,99.990,0.351,0.208,g
2458384.76390,2018-09-23.2624486,bk,1.46,16.334,>16.334,99.990,-0.242,0.213,g
2458385.59197,2018-09-24.0905402,bg,1.49,15.356,>15.356,99.990,0.475,0.553,V
2458385.59323,2018-09-24.0918031,bg,1.49,15.146,>15.146,99.990,-1.122,0.671,V
2458385.59450,2018-09-24.0930679,bg,1.43,15.227,>15.227,99.990,-0.678,0.622,V
2458385.77292,2018-09-24.2715031,bk,1.41,16.120,>16.120,99.990,0.032,0.259,g
2458385.77414,2018-09-24.2727229,bk,1.43,16.092,>16.092,99.990,0.537,0.266,g
2458385.77536,2018-09-24.2739343,bk,1.51,16.294,>16.294,99.990,-0.199,0.221,g
2458388.38089,2018-09-26.8795437,bo,1.76,15.671,>15.671,99.990,0.353,0.391,g
2458388.38223,2018-09-26.8808903,bo,1.85,15.923,>15.923,99.990,-0.501,0.310,g
2458388.38380,2018-09-26.8824527,bo,1.76,15.865,>15.865,99.990,-0.777,0.328,g
2458389.69099,2018-09-28.1896869,bk,1.77,13.695,>13.695,99.990,-5.536,2.417,g
2458389.69220,2018-09-28.1909020,bk,1.61,99.990,99.990,99.990,99.990,99.990,g
2458390.55920,2018-09-29.0579391,bo,1.60,16.642,>16.642,99.990,0.128,0.160,g
2458390.56043,2018-09-29.0591627,bo,1.64,16.574,>16.574,99.990,-0.406,0.170,g
2458390.56164,2018-09-29.0603688,bo,1.50,16.567,>16.567,99.990,0.240,0.172,g
2458390.67793,2018-09-29.1766706,bk,1.66,14.904,>14.904,99.990,-0.302,0.793,g
2458390.67915,2018-09-29.1778856,bk,1.84,14.952,>14.952,99.990,-0.122,0.759,g
2458390.68036,2018-09-29.1791016,bk,1.81,14.820,>14.820,99.990,-0.545,0.857,g
2458391.29546,2018-09-29.7942092,bo,2.26,99.990,99.990,99.990,99.990,99.990,g
2458391.29667,2018-09-29.7954223,bo,2.31,17.165,>17.165,99.990,0.018,0.099,g
2458391.29787,2018-09-29.7966293,bo,2.30,99.990,99.990,99.990,99.990,99.990,g
2458391.82031,2018-09-30.3190885,bG,1.54,15.939,>15.939,99.990,0.374,0.306,g
2458391.82159,2018-09-30.3203629,bG,1.52,14.514,>14.514,99.990,0.632,1.136,g
2458391.82286,2018-09-30.3216304,bG,1.61,99.990,99.990,99.990,99.990,99.990,g
2458392.29236,2018-09-30.7911569,bo,1.61,16.529,>16.529,99.990,0.407,0.178,g
2458392.29358,2018-09-30.7923680,bo,1.61,16.528,>16.528,99.990,0.025,0.178,g
2458392.29480,2018-09-30.7935950,bo,1.58,17.022,>17.022,99.990,0.140,0.113,g
2458392.69383,2018-10-01.1926271,bk,1.65,17.284,>17.284,99.990,0.132,0.089,g
2458392.69504,2018-10-01.1938434,bk,1.62,17.221,>17.221,99.990,0.161,0.094,g
2458392.69625,2018-10-01.1950584,bk,1.68,17.284,>17.284,99.990,0.252,0.089,g
2458393.63887,2018-10-02.1377072,bk,1.62,17.269,>17.269,99.990,0.106,0.090,g
2458393.64009,2018-10-02.1389307,bk,1.60,17.297,>17.297,99.990,0.213,0.088,g
2458393.64130,2018-10-02.1401481,bk,1.59,17.425,>17.425,99.990,0.172,0.078,g
2458393.81472,2018-10-02.3135622,bG,1.42,17.116,>17.116,99.990,0.299,0.103,g
2458393.81604,2018-10-02.3148883,bG,1.48,17.239,>17.239,99.990,0.005,0.092,g
2458393.81733,2018-10-02.3161719,bG,1.49,17.066,>17.066,99.990,0.218,0.108,g
2458394.63875,2018-10-03.1376263,bk,1.48,17.323,>17.323,99.990,0.209,0.085,g
2458394.63998,2018-10-03.1388517,bk,1.51,17.404,>17.404,99.990,0.336,0.079,g
2458394.64119,2018-10-03.1400689,bk,1.44,17.498,>17.498,99.990,0.123,0.073,g
2458394.81806,2018-10-03.3169428,bk,1.48,16.514,>16.514,99.990,0.676,0.180,g
2458394.81928,2018-10-03.3181592,bk,1.43,16.623,>16.623,99.990,0.099,0.163,g
2458394.82050,2018-10-03.3193767,bk,1.39,16.751,>16.751,99.990,0.135,0.145,g
2458395.28400,2018-10-03.7828915,bo,2.17,17.455,>17.455,99.990,0.191,0.076,g
2458395.28521,2018-10-03.7840993,bo,2.15,17.406,>17.406,99.990,0.249,0.079,g
2458395.28646,2018-10-03.7853500,bo,2.15,17.485,>17.485,99.990,0.103,0.074,g
2458395.67309,2018-10-04.1720062,bk,1.42,16.189,>16.189,99.990,0.158,0.243,g
2458395.67432,2018-10-04.1732269,bk,1.42,16.078,>16.078,99.990,0.368,0.269,g
2458395.67553,2018-10-04.1744454,bk,1.42,16.003,>16.003,99.990,0.376,0.288,g
2458396.31995,2018-10-04.8188836,bo,1.58,99.990,99.990,99.990,99.990,99.990,g
2458396.32117,2018-10-04.8200988,bo,1.53,99.990,99.990,99.990,99.990,99.990,g
2458396.32239,2018-10-04.8213142,bo,1.57,99.990,99.990,99.990,99.990,99.990,g
2458396.65519,2018-10-05.1541402,bG,1.47,17.420,>17.420,99.990,0.162,0.078,g
2458396.65646,2018-10-05.1554052,bG,1.44,17.385,>17.385,99.990,0.137,0.081,g
2458396.65772,2018-10-05.1566697,bG,1.42,17.417,>17.417,99.990,0.164,0.078,g
2458396.83643,2018-10-05.3353817,bk,1.39,17.506,>17.506,99.990,0.217,0.072,g
2458397.65138,2018-10-06.1503564,bk,1.45,17.276,>17.276,99.990,0.151,0.089,g
2458397.65259,2018-10-06.1515771,bk,1.47,17.357,>17.357,99.990,0.134,0.083,g
2458397.65381,2018-10-06.1527956,bk,1.51,17.357,>17.357,99.990,0.159,0.083,g
2458397.84650,2018-10-06.3454877,bG,1.47,17.418,>17.418,99.990,0.233,0.078,g
2458397.84777,2018-10-06.3467567,bG,1.45,17.524,>17.524,99.990,0.143,0.071,g
2458397.84904,2018-10-06.3480303,bG,1.45,17.501,>17.501,99.990,0.017,0.073,g
2458398.63050,2018-10-07.1295292,bk,1.43,17.738,>17.738,99.990,0.011,0.058,g
2458398.63173,2018-10-07.1307516,bk,1.43,17.479,>17.479,99.990,0.037,0.074,g
2458398.63295,2018-10-07.1319667,bk,1.50,17.536,>17.536,99.990,0.188,0.070,g
2458398.83235,2018-10-07.3313751,bG,1.41,17.322,>17.322,99.990,0.232,0.086,g
2458398.83363,2018-10-07.3326533,bG,1.48,17.388,>17.388,99.990,0.049,0.081,g
2458398.83491,2018-10-07.3339288,bG,1.41,17.449,>17.449,99.990,0.035,0.076,g
2458399.56635,2018-10-08.0654052,bG,1.53,13.907,>13.907,99.990,0.330,1.987,g
2458399.56760,2018-10-08.0666509,bG,1.53,14.183,>14.183,99.990,-1.238,1.542,g
2458399.56886,2018-10-08.0679119,bG,1.50,14.602,>14.602,99.990,-0.489,1.048,g
2458400.48070,2018-10-08.9797854,bo,1.47,17.235,>17.235,99.990,0.315,0.093,g
2458400.48191,2018-10-08.9809878,bo,1.50,17.486,>17.486,99.990,0.031,0.074,g
2458400.48311,2018-10-08.9821984,bo,1.49,17.216,>17.216,99.990,0.021,0.094,g
2458401.46836,2018-10-09.9674780,bo,1.48,17.210,>17.210,99.990,-0.029,0.095,g
2458401.46957,2018-10-09.9686924,bo,1.45,17.269,>17.269,99.990,0.101,0.090,g
2458401.47078,2018-10-09.9699021,bo,1.40,17.205,>17.205,99.990,0.221,0.095,g
2458401.56621,2018-10-10.0653393,bG,1.45,16.975,>16.975,99.990,-0.022,0.118,g
2458401.56749,2018-10-10.0666143,bG,1.50,17.413,>17.413,99.990,0.163,0.079,g
2458401.56876,2018-10-10.0678834,bG,1.46,17.445,>17.445,99.990,0.013,0.076,g
2458403.84136,2018-10-12.3405761,bG,2.04,17.347,>17.347,99.990,0.207,0.084,g
2458403.84264,2018-10-12.3418501,bG,2.06,17.245,>17.245,99.990,0.132,0.092,g
2458403.84391,2018-10-12.3431269,bG,2.05,17.317,>17.317,99.990,0.227,0.086,g
2458404.59955,2018-10-13.0987961,bk,1.71,17.408,>17.408,99.990,0.061,0.079,g
2458404.60079,2018-10-13.1000249,bk,1.69,17.232,>17.232,99.990,0.295,0.093,g
2458404.60201,2018-10-13.1012446,bk,1.65,17.248,>17.248,99.990,0.190,0.092,g
2458404.83899,2018-10-13.3382465,bG,1.73,99.990,99.990,99.990,99.990,99.990,g
2458404.84027,2018-10-13.3395181,bG,1.66,99.990,99.990,99.990,99.990,99.990,g
2458405.83555,2018-10-14.3348392,bG,2.40,17.200,>17.200,99.990,0.125,0.096,g
2458405.83683,2018-10-14.3361134,bG,2.42,99.990,99.990,99.990,99.990,99.990,g
2458405.83811,2018-10-14.3373901,bG,2.40,99.990,99.990,99.990,99.990,99.990,g
2458406.61541,2018-10-15.1147355,bk,1.46,17.161,>17.161,99.990,0.387,0.099,g
2458406.61664,2018-10-15.1159563,bk,1.50,17.231,>17.231,99.990,0.058,0.093,g
2458406.61787,2018-10-15.1171863,bk,1.45,17.141,>17.141,99.990,0.117,0.101,g
2458406.83231,2018-10-15.3316307,bG,1.43,17.405,>17.405,99.990,0.083,0.079,g
2458406.83361,2018-10-15.3329331,bG,1.48,17.390,>17.390,99.990,0.201,0.080,g
2458406.83488,2018-10-15.3342071,bG,1.43,17.315,>17.315,99.990,0.138,0.086,g
2458407.64228,2018-10-16.1416384,bG,1.49,17.184,>17.184,99.990,-0.020,0.097,g
2458407.64355,2018-10-16.1429011,bG,1.45,17.229,>17.229,99.990,-0.115,0.093,g
2458407.64482,2018-10-16.1441788,bG,1.42,17.199,>17.199,99.990,0.226,0.096,g
2458407.82875,2018-10-16.3281178,bG,1.53,17.409,>17.409,99.990,0.110,0.079,g
2458407.83002,2018-10-16.3293835,bG,1.54,17.330,>17.330,99.990,0.173,0.085,g
2458407.83128,2018-10-16.3306516,bG,1.47,17.372,>17.372,99.990,0.267,0.082,g
2458408.64184,2018-10-17.1412355,bk,1.98,16.891,>16.891,99.990,0.191,0.127,g
2458408.64306,2018-10-17.1424564,bk,1.82,16.862,>16.862,99.990,-0.193,0.131,g
2458408.64427,2018-10-17.1436739,bk,1.80,16.948,>16.948,99.990,0.298,0.121,g
2458408.82520,2018-10-17.3246024,bG,1.70,17.268,>17.268,99.990,0.221,0.090,g
2458408.82648,2018-10-17.3258778,bG,1.65,17.312,>17.312,99.990,0.333,0.086,g
2458408.82775,2018-10-17.3271530,bG,1.65,17.435,>17.435,99.990,0.189,0.077,g
2458409.52504,2018-10-18.0244684,bG,1.45,16.971,>16.971,99.990,-0.125,0.118,g
2458409.52634,2018-10-18.0257725,bG,1.48,16.743,>16.743,99.990,0.301,0.146,g
2458409.52760,2018-10-18.0270350,bG,1.46,16.811,>16.811,99.990,0.286,0.137,g
2458409.54897,2018-10-18.0484040,bo,1.46,16.844,>16.844,99.990,-0.083,0.133,g
2458409.55020,2018-10-18.0496256,bo,1.47,15.331,>15.331,99.990,-0.256,0.535,g
2458409.55141,2018-10-18.0508386,bo,1.51,15.159,>15.159,99.990,1.022,0.627,g
2458410.61889,2018-10-19.1183684,bG,1.47,16.854,>16.854,99.990,-0.029,0.132,g
2458410.62016,2018-10-19.1196335,bG,1.46,16.912,>16.912,99.990,0.100,0.125,g
2458410.62150,2018-10-19.1209768,bG,1.44,16.772,>16.772,99.990,0.136,0.142,g
2458410.82268,2018-10-19.3221644,bG,1.46,17.301,>17.301,99.990,0.189,0.087,g
2458410.82395,2018-10-19.3234311,bG,1.45,17.293,>17.293,99.990,0.161,0.088,g
2458410.82523,2018-10-19.3247096,bG,1.54,17.445,>17.445,99.990,0.213,0.076,g
2458411.45740,2018-10-19.9569035,bo,2.12,16.510,>16.510,99.990,0.216,0.181,g
2458411.45863,2018-10-19.9581431,bo,2.11,16.654,>16.654,99.990,-0.317,0.158,g
2458411.45997,2018-10-19.9594721,bo,2.10,16.632,>16.632,99.990,0.101,0.162,g
2458411.58816,2018-10-20.0876726,bk,1.47,16.677,>16.677,99.990,0.010,0.155,g
2458411.58938,2018-10-20.0888880,bk,1.44,16.601,>16.601,99.990,0.062,0.166,g
2458411.59059,2018-10-20.0901026,bk,1.43,16.632,>16.632,99.990,0.183,0.162,g
2458411.81918,2018-10-20.3186998,bG,1.41,17.138,>17.138,99.990,0.245,0.101,g
2458411.82045,2018-10-20.3199773,bG,1.44,17.161,>17.161,99.990,0.125,0.099,g
2458411.82173,2018-10-20.3212528,bG,1.49,17.239,>17.239,99.990,-0.037,0.092,g
2458412.53414,2018-10-21.0336844,bG,1.73,16.466,>16.466,99.990,0.272,0.188,g
2458412.53540,2018-10-21.0349508,bG,1.67,16.526,>16.526,99.990,-0.027,0.178,g
2458412.53668,2018-10-21.0362311,bG,1.77,16.515,>16.515,99.990,-0.661,0.180,g
2458412.77418,2018-10-21.2737431,bG,1.52,16.550,>16.550,99.990,0.133,0.174,g
2458412.77545,2018-10-21.2750107,bG,1.46,16.584,>16.584,99.990,-0.210,0.169,g
2458412.77672,2018-10-21.2762784,bG,1.47,16.622,>16.622,99.990,0.170,0.163,g
2458413.72705,2018-10-22.2266537,bk,1.53,16.056,>16.056,99.990,-0.415,0.274,g
2458413.72827,2018-10-22.2278696,bk,1.44,16.199,>16.199,99.990,0.193,0.241,g
2458413.72949,2018-10-22.2290895,bk,1.42,16.019,>16.019,99.990,0.524,0.284,g
2458414.29784,2018-10-22.7974616,bo,2.43,15.276,>15.276,99.990,0.141,0.563,g
2458414.29904,2018-10-22.7986695,bo,2.42,15.461,>15.461,99.990,-0.177,0.475,g
2458414.30025,2018-10-22.7998730,bo,2.41,15.395,>15.395,99.990,0.938,0.505,g
2458414.63719,2018-10-23.1368192,bG,1.45,16.353,>16.353,99.990,-0.072,0.209,g
2458414.63846,2018-10-23.1380905,bG,1.46,16.346,>16.346,99.990,-0.065,0.210,g
2458414.63974,2018-10-23.1393747,bG,1.41,16.396,>16.396,99.990,-0.243,0.201,g
2458414.80921,2018-10-23.3088489,bG,1.50,16.326,>16.326,99.990,0.283,0.214,g
2458414.81051,2018-10-23.3101530,bG,1.43,16.271,>16.271,99.990,0.025,0.225,g
2458414.81180,2018-10-23.3114378,bG,1.53,16.319,>16.319,99.990,0.338,0.215,g
2458415.60153,2018-10-24.1011990,bk,1.55,16.011,>16.011,99.990,0.167,0.286,g
2458415.60275,2018-10-24.1024245,bk,1.52,16.231,>16.231,99.990,-0.227,0.234,g
2458415.60396,2018-10-24.1036393,bk,1.55,16.098,>16.098,99.990,0.066,0.264,g
2458415.79066,2018-10-24.2903400,bG,1.57,16.186,>16.186,99.990,0.342,0.244,g
2458415.79193,2018-10-24.2916079,bG,1.59,16.320,>16.320,99.990,0.271,0.215,g
2458415.79321,2018-10-24.2928848,bG,1.54,16.139,>16.139,99.990,0.840,0.254,g
2458416.57575,2018-10-25.0754546,bk,1.47,16.055,>16.055,99.990,0.267,0.275,g
2458416.57696,2018-10-25.0766694,bk,1.46,16.044,>16.044,99.990,0.231,0.278,g
2458416.57818,2018-10-25.0778902,bk,1.40,16.145,>16.145,99.990,-0.261,0.253,g
2458417.48977,2018-10-25.9895252,bo,1.49,16.069,>16.069,99.990,0.050,0.271,g
2458417.49098,2018-10-25.9907333,bo,1.56,16.003,>16.003,99.990,1.104,0.288,g
2458417.49218,2018-10-25.9919401,bo,1.50,15.974,>15.974,99.990,-0.623,0.296,g
2458417.59872,2018-10-26.0984740,bG,1.46,16.376,>16.376,99.990,0.024,0.204,g
2458417.60000,2018-10-26.0997430,bG,1.44,16.412,>16.412,99.990,0.187,0.198,g
2458417.60127,2018-10-26.1010136,bG,1.45,16.440,>16.440,99.990,0.160,0.193,g
2458417.78837,2018-10-26.2881298,bG,1.45,16.355,>16.355,99.990,0.084,0.208,g
2458417.78969,2018-10-26.2894488,bG,1.39,16.237,>16.237,99.990,0.066,0.232,g
2458417.79097,2018-10-26.2907278,bG,1.49,16.403,>16.403,99.990,0.285,0.199,g
2458418.61946,2018-10-27.1192559,bG,1.43,16.198,>16.198,99.990,0.205,0.241,g
2458418.62074,2018-10-27.1205310,bG,1.44,15.599,>15.599,99.990,0.327,0.418,g
2458418.62201,2018-10-27.1218040,bG,1.51,16.156,>16.156,99.990,-0.027,0.250,g
2458419.53843,2018-10-28.0382572,bo,1.76,16.129,>16.129,99.990,0.168,0.257,g
2458419.53964,2018-10-28.0394678,bo,1.70,16.049,>16.049,99.990,-0.102,0.276,g
2458419.54084,2018-10-28.0406703,bo,1.66,16.183,>16.183,99.990,0.068,0.244,g
2458419.61568,2018-10-28.1155144,bG,1.44,16.851,>16.851,99.990,0.272,0.132,g
2458419.61695,2018-10-28.1167770,bG,1.47,16.926,>16.926,99.990,0.222,0.123,g
2458419.61822,2018-10-28.1180539,bG,1.41,16.926,>16.926,99.990,0.262,0.123,g
2458419.79718,2018-10-28.2970153,bG,1.48,16.277,>16.277,99.990,-0.211,0.224,g
2458419.79844,2018-10-28.2982810,bG,1.49,16.089,>16.089,99.990,0.041,0.266,g
2458419.79971,2018-10-28.2995545,bG,1.47,16.150,>16.150,99.990,0.093,0.252,g
2458420.49589,2018-10-28.9957565,bo,2.31,15.156,>15.156,99.990,0.580,0.629,g
2458420.49711,2018-10-28.9969719,bo,2.36,15.418,>15.418,99.990,0.022,0.494,g
2458420.49831,2018-10-28.9981810,bo,2.35,15.573,>15.573,99.990,0.216,0.428,g
2458422.64005,2018-10-31.1400025,bG,2.36,17.199,>17.199,99.990,0.253,0.096,g
2458422.64132,2018-10-31.1412715,bG,2.34,17.456,>17.456,99.990,0.172,0.076,g
2458422.78746,2018-10-31.2874243,bG,1.60,16.537,>16.537,99.990,0.161,0.176,g
2458422.78875,2018-10-31.2887035,bG,1.57,14.597,>14.597,99.990,0.799,1.052,g
2458422.79001,2018-10-31.2899740,bG,1.62,15.637,>15.637,99.990,1.100,0.404,g
2458423.56395,2018-11-01.0639517,bG,1.44,17.241,>17.241,99.990,0.079,0.092,g
2458423.56523,2018-11-01.0652255,bG,1.47,17.211,>17.211,99.990,0.157,0.095,g
2458423.56650,2018-11-01.0664956,bG,1.45,17.478,>17.478,99.990,0.182,0.074,g
2458423.74437,2018-11-01.2443737,bk,1.40,17.463,>17.463,99.990,0.334,0.075,g
2458423.74559,2018-11-01.2455969,bk,1.46,17.337,>17.337,99.990,0.062,0.084,g
2458423.74681,2018-11-01.2468130,bk,1.42,17.284,>17.284,99.990,0.132,0.089,g
2458424.56943,2018-11-02.0694696,bk,1.45,17.432,>17.432,99.990,0.276,0.077,g
2458424.57065,2018-11-02.0706906,bk,1.43,17.389,>17.389,99.990,0.353,0.080,g
2458424.57188,2018-11-02.0719187,bk,1.44,17.379,>17.379,99.990,0.076,0.081,g
2458424.75758,2018-11-02.2576229,bG,1.51,17.443,>17.443,99.990,0.019,0.077,g
2458424.75885,2018-11-02.2588880,bG,1.49,17.567,>17.567,99.990,0.294,0.068,g
2458424.76011,2018-11-02.2601531,bG,1.50,17.512,>17.512,99.990,0.040,0.072,g
2458425.59985,2018-11-03.0999223,bG,1.44,17.589,17.539,0.210,0.350,0.067,g
2458425.60110,2018-11-03.1011810,bG,1.47,17.472,>17.472,99.990,0.125,0.075,g
2458425.60240,2018-11-03.1024736,bG,1.45,17.504,>17.504,99.990,0.259,0.072,g
2458425.78153,2018-11-03.2816197,bG,1.56,17.379,>17.379,99.990,0.095,0.081,g
2458425.78280,2018-11-03.2828944,bG,1.57,17.378,>17.378,99.990,0.097,0.081,g
2458425.78408,2018-11-03.2841708,bG,1.58,17.416,>17.416,99.990,0.137,0.078,g
2458426.59720,2018-11-04.0973104,bG,1.46,17.512,>17.512,99.990,0.213,0.072,g
2458426.59848,2018-11-04.0985921,bG,1.47,17.375,>17.375,99.990,0.152,0.082,g
2458426.59976,2018-11-04.0998704,bG,1.52,17.555,>17.555,99.990,0.162,0.069,g
2458426.78223,2018-11-04.2823543,bG,1.44,17.358,>17.358,99.990,0.203,0.083,g
2458426.78349,2018-11-04.2836137,bG,1.42,17.398,>17.398,99.990,0.317,0.080,g
2458426.78476,2018-11-04.2848784,bG,1.45,17.321,>17.321,99.990,0.279,0.086,g
2458427.59399,2018-11-05.0941427,bG,1.41,17.553,>17.553,99.990,0.278,0.069,g
2458427.59526,2018-11-05.0954104,bG,1.45,17.358,>17.358,99.990,0.236,0.083,g
2458427.59653,2018-11-05.0966818,bG,1.44,17.424,>17.424,99.990,0.025,0.078,g
2458427.77497,2018-11-05.2751326,bG,1.50,17.365,>17.365,99.990,0.133,0.082,g
2458427.77623,2018-11-05.2763925,bG,1.55,17.487,>17.487,99.990,0.112,0.073,g
2458427.77750,2018-11-05.2776649,bG,1.52,17.345,>17.345,99.990,0.277,0.084,g
2458428.59065,2018-11-06.0908468,bG,1.43,17.427,>17.427,99.990,0.122,0.078,g
2458428.59193,2018-11-06.0921190,bG,1.43,17.541,>17.541,99.990,0.255,0.070,g
2458428.59321,2018-11-06.0934060,bG,1.42,17.419,>17.419,99.990,0.064,0.078,g
2458428.77172,2018-11-06.2719243,bG,1.49,17.336,>17.336,99.990,0.343,0.084,g
2458428.77299,2018-11-06.2731947,bG,1.50,17.336,>17.336,99.990,0.256,0.084,g
2458428.77425,2018-11-06.2744587,bG,1.54,17.375,>17.375,99.990,0.164,0.081,g
2458429.58339,2018-11-07.0836237,bG,1.43,17.451,>17.451,99.990,0.078,0.076,g
2458429.58467,2018-11-07.0849053,bG,1.41,17.323,>17.323,99.990,0.119,0.085,g
2458429.58594,2018-11-07.0861697,bG,1.42,17.306,>17.306,99.990,0.018,0.087,g
2458429.76914,2018-11-07.2693871,bG,1.56,17.285,>17.285,99.990,0.212,0.089,g
2458429.77042,2018-11-07.2706590,bG,1.62,17.358,>17.358,99.990,0.203,0.083,g
2458430.57660,2018-11-08.0768807,bk,1.42,17.432,>17.432,99.990,0.265,0.077,g
2458430.57783,2018-11-08.0781032,bk,1.40,17.494,>17.494,99.990,0.277,0.073,g
2458430.57904,2018-11-08.0793199,bk,1.40,17.512,>17.512,99.990,0.144,0.072,g
2458430.76611,2018-11-08.2663968,bG,1.43,17.445,>17.445,99.990,0.151,0.076,g
2458430.76738,2018-11-08.2676642,bG,1.44,17.419,>17.419,99.990,0.137,0.078,g
2458430.76865,2018-11-08.2689394,bG,1.43,17.293,>17.293,99.990,0.251,0.088,g
2458431.57362,2018-11-09.0739283,bk,1.43,17.505,>17.505,99.990,-0.018,0.072,g
2458431.57484,2018-11-09.0751487,bk,1.42,17.506,>17.506,99.990,-0.072,0.072,g
2458431.57605,2018-11-09.0763678,bk,1.42,17.577,>17.577,99.990,0.024,0.068,g
2458431.76281,2018-11-09.2631284,bG,1.45,17.344,>17.344,99.990,0.109,0.084,g
2458431.76407,2018-11-09.2643956,bG,1.40,17.427,>17.427,99.990,-0.076,0.078,g
2458431.76534,2018-11-09.2656575,bG,1.49,17.319,>17.319,99.990,0.049,0.086,g
2458432.57345,2018-11-10.0738008,bG,1.45,17.445,>17.445,99.990,-0.040,0.076,g
2458432.57474,2018-11-10.0750918,bG,1.43,17.387,>17.387,99.990,0.164,0.081,g
2458432.57602,2018-11-10.0763670,bG,1.41,17.288,>17.288,99.990,0.196,0.088,g
2458432.75942,2018-11-10.2597769,bG,1.47,17.327,>17.327,99.990,0.303,0.085,g
2458432.76069,2018-11-10.2610488,bG,1.48,17.347,>17.347,99.990,0.135,0.084,g
2458432.76196,2018-11-10.2623231,bG,1.45,17.374,>17.374,99.990,0.190,0.082,g
2458433.57391,2018-11-11.0743018,bG,1.44,17.502,>17.502,99.990,0.169,0.072,g
2458433.57517,2018-11-11.0755660,bG,1.45,17.450,>17.450,99.990,0.186,0.076,g
2458433.57644,2018-11-11.0768309,bG,1.40,17.366,>17.366,99.990,-0.003,0.082,g
2458433.76021,2018-11-11.2606101,bG,1.45,14.843,>14.843,99.990,1.328,0.839,g
2458433.76148,2018-11-11.2618828,bG,1.48,15.475,>15.475,99.990,0.379,0.469,g
2458433.76280,2018-11-11.2632002,bG,1.46,15.453,>15.453,99.990,0.359,0.479,g
2458434.56438,2018-11-12.0648223,bk,1.43,17.301,>17.301,99.990,-0.041,0.087,g
2458434.56560,2018-11-12.0660415,bk,1.44,17.260,>17.260,99.990,0.106,0.091,g
2458434.56682,2018-11-12.0672556,bk,1.42,17.266,>17.266,99.990,0.178,0.090,g
2458434.75715,2018-11-12.2575863,bG,1.45,99.990,99.990,99.990,99.990,99.990,g
2458434.75841,2018-11-12.2588517,bG,1.43,17.415,>17.415,99.990,0.069,0.079,g
2458434.75967,2018-11-12.2601166,bG,1.49,99.990,99.990,99.990,99.990,99.990,g
2458435.58326,2018-11-13.0837318,bG,1.47,17.370,>17.370,99.990,0.208,0.082,g
2458435.58452,2018-11-13.0849934,bG,1.52,17.303,>17.303,99.990,0.101,0.087,g
2458435.58580,2018-11-13.0862687,bG,1.47,17.253,>17.253,99.990,0.279,0.091,g
2458435.75382,2018-11-13.2542986,bG,1.45,99.990,99.990,99.990,99.990,99.990,g
2458435.75509,2018-11-13.2555672,bG,1.45,99.990,99.990,99.990,99.990,99.990,g
2458435.75635,2018-11-13.2568306,bG,1.48,17.305,>17.305,99.990,0.182,0.087,g
2458436.56166,2018-11-14.0621756,bk,1.53,17.234,>17.234,99.990,-0.018,0.093,g
2458436.56287,2018-11-14.0633865,bk,1.51,17.183,>17.183,99.990,0.228,0.097,g
2458436.56409,2018-11-14.0646048,bk,1.49,17.154,>17.154,99.990,-0.105,0.100,g
2458436.75070,2018-11-14.2512186,bG,2.29,17.274,>17.274,99.990,0.137,0.089,g
2458436.75197,2018-11-14.2524935,bG,2.28,17.253,>17.253,99.990,0.046,0.091,g
2458436.75325,2018-11-14.2537688,bG,2.30,17.178,>17.178,99.990,0.273,0.098,g
2458437.51030,2018-11-15.0108456,bk,2.48,16.192,>16.192,99.990,-0.195,0.242,g
2458437.51274,2018-11-15.0132853,bk,2.47,16.388,>16.388,99.990,0.244,0.202,g
2458437.73972,2018-11-15.2402766,bG,1.45,17.388,>17.388,99.990,0.145,0.080,g
2458437.74100,2018-11-15.2415503,bG,1.44,17.424,>17.424,99.990,0.026,0.078,g
2458437.74226,2018-11-15.2428167,bG,1.44,17.633,>17.633,99.990,-0.059,0.064,g
2458438.74042,2018-11-16.2410209,bG,1.48,17.370,>17.370,99.990,0.258,0.082,g
2458438.74171,2018-11-16.2423126,bG,1.44,17.308,>17.308,99.990,0.202,0.087,g
2458438.74301,2018-11-16.2436038,bG,1.47,17.391,>17.391,99.990,0.154,0.080,g
2458439.73019,2018-11-17.2308189,bG,1.44,16.917,>16.917,99.990,0.149,0.124,g
2458439.73144,2018-11-17.2320777,bG,1.50,16.946,>16.946,99.990,0.235,0.121,g
2458439.73271,2018-11-17.2333416,bG,1.44,16.869,>16.869,99.990,0.188,0.130,g
2458440.52353,2018-11-18.0242086,bk,1.61,16.730,>16.730,99.990,0.129,0.148,g
2458440.52476,2018-11-18.0254276,bk,1.53,16.598,>16.598,99.990,0.064,0.167,g
2458440.52598,2018-11-18.0266452,bk,1.50,16.765,>16.765,99.990,0.091,0.143,g
2458440.73778,2018-11-18.2384535,bG,1.49,16.749,>16.749,99.990,-0.307,0.145,g
2458440.73904,2018-11-18.2397175,bG,1.40,16.708,>16.708,99.990,0.046,0.151,g
2458440.74031,2018-11-18.2409804,bG,1.43,16.733,>16.733,99.990,0.115,0.147,g
2458441.53164,2018-11-19.0323509,bk,1.57,16.600,>16.600,99.990,0.315,0.166,g
2458441.53286,2018-11-19.0335700,bk,1.47,16.569,>16.569,99.990,0.233,0.171,g
2458441.53407,2018-11-19.0347806,bk,1.58,16.508,>16.508,99.990,0.616,0.181,g
2458441.73116,2018-11-19.2318755,bG,1.45,16.776,>16.776,99.990,0.191,0.141,g
2458441.73244,2018-11-19.2331460,bG,1.49,16.642,>16.642,99.990,-0.031,0.160,g
2458441.73369,2018-11-19.2344074,bG,1.50,16.571,>16.571,99.990,0.153,0.171,g
2458442.54712,2018-11-20.0478653,bk,1.38,16.477,>16.477,99.990,-0.208,0.186,g
2458442.54834,2018-11-20.0490857,bk,1.41,16.599,>16.599,99.990,0.321,0.166,g
2458442.54955,2018-11-20.0502990,bk,1.46,16.511,>16.511,99.990,-0.069,0.181,g
2458442.73526,2018-11-20.2360094,bG,1.54,16.456,>16.456,99.990,0.168,0.190,g
2458442.73653,2018-11-20.2372870,bG,1.48,16.490,>16.490,99.990,0.246,0.184,g
2458443.68948,2018-11-21.1902674,bG,1.47,16.452,>16.452,99.990,0.367,0.191,g
2458443.69074,2018-11-21.1915337,bG,1.42,16.307,>16.307,99.990,0.057,0.218,g
2458443.69202,2018-11-21.1928090,bG,1.46,16.433,>16.433,99.990,0.057,0.194,g
2458444.53725,2018-11-22.0380750,bk,1.42,16.285,>16.285,99.990,0.624,0.222,g
2458444.53848,2018-11-22.0393047,bk,1.47,16.281,>16.281,99.990,-0.020,0.223,g
2458444.53970,2018-11-22.0405190,bk,1.49,16.292,>16.292,99.990,0.372,0.221,g
2458444.72814,2018-11-22.2289634,bG,1.44,16.280,>16.280,99.990,-0.220,0.223,g
2458444.72941,2018-11-22.2302406,bG,1.49,16.154,>16.154,99.990,-0.376,0.251,g
2458444.73070,2018-11-22.2315274,bG,1.45,16.088,>16.088,99.990,0.231,0.267,g
2458445.53486,2018-11-23.0357170,bG,1.43,16.300,>16.300,99.990,0.218,0.219,g
2458445.53614,2018-11-23.0369920,bG,1.49,16.308,>16.308,99.990,0.152,0.218,g
2458445.53741,2018-11-23.0382682,bG,1.45,16.319,>16.319,99.990,0.140,0.216,g
2458446.71802,2018-11-24.2189267,bG,1.42,16.152,>16.152,99.990,0.217,0.251,g
2458446.71928,2018-11-24.2201906,bG,1.42,16.169,>16.169,99.990,0.054,0.247,g
2458446.72056,2018-11-24.2214652,bG,1.44,16.278,>16.278,99.990,0.093,0.224,g
2458447.71598,2018-11-25.2169217,bG,1.40,16.342,>16.342,99.990,0.128,0.211,g
2458447.71725,2018-11-25.2181923,bG,1.58,16.266,>16.266,99.990,0.031,0.226,g
2458447.71854,2018-11-25.2194787,bG,1.43,16.467,>16.467,99.990,-0.210,0.188,g
2458448.32246,2018-11-25.8234277,bo,1.45,16.306,>16.306,99.990,0.113,0.218,g
2458448.32367,2018-11-25.8246341,bo,1.43,15.272,>15.272,99.990,0.220,0.565,g
2458448.32489,2018-11-25.8258520,bo,1.43,16.368,>16.368,99.990,0.387,0.206,g
2458448.52475,2018-11-26.0257120,bk,1.47,17.011,>17.011,99.990,0.183,0.114,g
2458448.52597,2018-11-26.0269344,bk,1.50,16.997,>16.997,99.990,0.157,0.115,g
2458448.52718,2018-11-26.0281487,bk,1.54,17.136,>17.136,99.990,0.163,0.102,g
2458448.71605,2018-11-26.2170210,bG,1.44,16.668,>16.668,99.990,-0.028,0.156,g
2458448.71732,2018-11-26.2182981,bG,1.52,16.481,>16.481,99.990,0.073,0.186,g
2458448.71858,2018-11-26.2195638,bG,1.42,16.534,>16.534,99.990,-0.353,0.177,g
2458449.71348,2018-11-27.2144862,bG,1.44,16.714,>16.714,99.990,0.444,0.150,g
2458449.71475,2018-11-27.2157611,bG,1.48,16.668,>16.668,99.990,-0.056,0.156,g
2458449.71604,2018-11-27.2170469,bG,1.45,16.690,>16.690,99.990,0.018,0.153,g
2458450.30784,2018-11-27.8088736,bo,1.74,17.393,>17.393,99.990,-0.060,0.080,g
2458450.30907,2018-11-27.8101002,bo,1.78,17.499,>17.499,99.990,0.168,0.073,g
2458450.31029,2018-11-27.8113195,bo,1.68,17.416,>17.416,99.990,0.194,0.078,g
2458450.70887,2018-11-28.2099141,bG,1.45,16.899,>16.899,99.990,-0.054,0.126,g
2458450.71013,2018-11-28.2111796,bG,1.47,16.873,>16.873,99.990,0.090,0.129,g
2458450.71141,2018-11-28.2124605,bG,1.43,16.794,>16.794,99.990,0.272,0.139,g
2458451.34765,2018-11-28.8487248,bo,1.60,17.508,>17.508,99.990,0.201,0.072,g
2458451.34886,2018-11-28.8499325,bo,1.54,17.450,>17.450,99.990,0.055,0.076,g
2458451.35007,2018-11-28.8511376,bo,1.65,17.427,>17.427,99.990,0.177,0.078,g
2458451.69812,2018-11-29.1992054,bG,1.53,17.417,>17.417,99.990,0.055,0.078,g
2458451.69938,2018-11-29.2004593,bG,1.50,17.290,>17.290,99.990,0.232,0.088,g
2458451.70064,2018-11-29.2017243,bG,1.53,17.270,>17.270,99.990,0.136,0.090,g
2458452.69463,2018-11-30.1957528,bG,1.43,17.363,>17.363,99.990,0.154,0.082,g
2458452.69591,2018-11-30.1970247,bG,1.43,17.538,>17.538,99.990,0.258,0.070,g
2458452.69717,2018-11-30.1982907,bG,1.40,17.364,>17.364,99.990,0.065,0.082,g
2458453.69884,2018-12-01.1999967,bG,1.45,17.446,>17.446,99.990,0.028,0.076,g
2458453.70012,2018-12-01.2012746,bG,1.46,17.422,>17.422,99.990,0.217,0.078,g
2458453.70138,2018-12-01.2025366,bG,1.44,17.354,>17.354,99.990,-0.123,0.083,g
2458454.69751,2018-12-02.1986927,bG,1.50,17.438,>17.438,99.990,0.056,0.077,g
2458454.69879,2018-12-02.1999723,bG,1.43,17.711,>17.711,99.990,0.217,0.060,g
2458455.69328,2018-12-03.1944983,bG,1.44,17.357,>17.357,99.990,0.203,0.083,g
2458455.69454,2018-12-03.1957633,bG,1.43,17.398,>17.398,99.990,0.103,0.080,g
2458455.69580,2018-12-03.1970269,bG,1.48,99.990,99.990,99.990,99.990,99.990,g
2458456.68967,2018-12-04.1909276,bG,1.42,99.990,99.990,99.990,99.990,99.990,g
2458456.69093,2018-12-04.1921903,bG,1.45,99.990,99.990,99.990,99.990,99.990,g
2458456.69220,2018-12-04.1934565,bG,1.40,99.990,99.990,99.990,99.990,99.990,g
2458457.69195,2018-12-05.1932344,bG,1.48,99.990,99.990,99.990,99.990,99.990,g
2458457.69323,2018-12-05.1945134,bG,1.46,99.990,99.990,99.990,99.990,99.990,g
2458457.69449,2018-12-05.1957833,bG,1.42,99.990,99.990,99.990,99.990,99.990,g
2458458.67537,2018-12-06.1767042,bG,1.49,17.433,>17.433,99.990,0.108,0.077,g
2458458.67792,2018-12-06.1792497,bG,1.50,17.237,>17.237,99.990,0.254,0.093,g
2458459.67388,2018-12-07.1752334,bG,1.46,17.432,>17.432,99.990,0.243,0.077,g
2458459.67514,2018-12-07.1764993,bG,1.44,17.274,>17.274,99.990,0.167,0.089,g
2458459.67642,2018-12-07.1777739,bG,1.45,17.467,>17.467,99.990,0.133,0.075,g
2458460.67586,2018-12-08.1772467,bG,1.48,16.523,>16.523,99.990,-0.030,0.179,g
2458460.67713,2018-12-08.1785203,bG,1.42,15.874,>15.874,99.990,0.850,0.325,g
2458460.67839,2018-12-08.1797831,bG,1.46,15.433,>15.433,99.990,0.127,0.487,g
2458461.67269,2018-12-09.1741112,bG,1.45,17.377,>17.377,99.990,0.040,0.081,g
2458461.67396,2018-12-09.1753855,bG,1.44,17.372,>17.372,99.990,0.156,0.082,g
2458461.67523,2018-12-09.1766527,bG,1.44,17.343,>17.343,99.990,0.162,0.084,g
2458462.67310,2018-12-10.1745461,bG,1.44,17.335,>17.335,99.990,0.129,0.085,g
2458462.67436,2018-12-10.1758125,bG,1.50,17.337,>17.337,99.990,0.219,0.084,g
2458462.67563,2018-12-10.1770832,bG,1.51,17.390,>17.390,99.990,0.094,0.080,g
2458463.67005,2018-12-11.1715388,bG,1.48,17.358,>17.358,99.990,0.217,0.083,g
2458463.67132,2018-12-11.1728145,bG,1.45,17.211,>17.211,99.990,0.167,0.095,g
2458463.67260,2018-12-11.1740804,bG,1.47,17.324,>17.324,99.990,0.194,0.085,g
2458464.66743,2018-12-12.1689437,bG,1.42,17.457,>17.457,99.990,0.045,0.076,g
2458464.66871,2018-12-12.1702225,bG,1.46,17.428,>17.428,99.990,0.276,0.078,g
2458464.66997,2018-12-12.1714890,bG,1.49,17.512,>17.512,99.990,0.114,0.072,g
2458465.65855,2018-12-13.1600887,bG,1.41,17.402,>17.402,99.990,0.178,0.079,g
2458465.65981,2018-12-13.1613538,bG,1.40,17.366,>17.366,99.990,0.361,0.082,g
2458466.65669,2018-12-14.1582611,bG,1.48,17.224,>17.224,99.990,0.125,0.094,g
2458466.65795,2018-12-14.1595290,bG,1.47,17.324,>17.324,99.990,0.024,0.085,g
2458466.65923,2018-12-14.1608037,bG,1.48,17.122,>17.122,99.990,0.136,0.103,g
2458467.65292,2018-12-15.1545253,bG,1.48,16.965,>16.965,99.990,0.158,0.119,g
2458467.65420,2018-12-15.1558002,bG,1.50,17.011,>17.011,99.990,0.042,0.114,g
2458467.65546,2018-12-15.1570695,bG,1.51,17.140,>17.140,99.990,-0.190,0.101,g
2458468.65320,2018-12-16.1548325,bG,1.50,16.927,>16.927,99.990,0.370,0.123,g
2458468.65446,2018-12-16.1560949,bG,1.49,16.841,>16.841,99.990,0.176,0.133,g
2458468.65573,2018-12-16.1573611,bG,1.48,16.967,>16.967,99.990,0.017,0.119,g
2458469.64956,2018-12-17.1512262,bG,1.53,16.896,>16.896,99.990,0.040,0.127,g
2458469.65084,2018-12-17.1525027,bG,1.42,16.963,>16.963,99.990,0.325,0.119,g
2458469.65210,2018-12-17.1537653,bG,1.43,16.917,>16.917,99.990,-0.155,0.124,g
2458471.64243,2018-12-19.1441460,bG,1.40,16.501,>16.501,99.990,-0.130,0.182,g
2458471.64370,2018-12-19.1454245,bG,1.48,16.546,>16.546,99.990,0.029,0.175,g
2458471.64498,2018-12-19.1466967,bG,1.42,16.533,>16.533,99.990,0.231,0.177,g
2458472.63884,2018-12-20.1405776,bG,1.48,16.520,>16.520,99.990,0.204,0.179,g
2458472.64011,2018-12-20.1418479,bG,1.45,16.378,>16.378,99.990,0.182,0.204,g
2458472.64137,2018-12-20.1431101,bG,1.47,16.484,>16.484,99.990,0.079,0.185,g
2458473.61606,2018-12-21.1178203,bG,1.41,16.298,>16.298,99.990,0.064,0.220,g
2458473.61734,2018-12-21.1191046,bG,1.46,16.322,>16.322,99.990,0.839,0.215,g
2458473.61861,2018-12-21.1203783,bG,1.45,16.366,>16.366,99.990,0.209,0.206,g
2458474.63470,2018-12-22.1364918,bG,1.47,16.002,>16.002,99.990,-0.487,0.289,g
2458474.63597,2018-12-22.1377598,bG,1.40,16.061,>16.061,99.990,0.124,0.273,g
2458474.63731,2018-12-22.1391037,bG,1.42,16.005,>16.005,99.990,0.013,0.288,g
2458475.63209,2018-12-23.1339042,bG,1.47,16.086,>16.086,99.990,-0.110,0.267,g
2458475.63335,2018-12-23.1351693,bG,1.52,15.938,>15.938,99.990,0.748,0.306,g
2458475.63462,2018-12-23.1364449,bG,1.49,15.941,>15.941,99.990,-0.284,0.305,g
2458476.62804,2018-12-24.1298810,bG,1.40,16.187,>16.187,99.990,-0.045,0.243,g
2458476.62931,2018-12-24.1311519,bG,1.45,16.250,>16.250,99.990,0.074,0.230,g
2458476.63057,2018-12-24.1324129,bG,1.48,16.182,>16.182,99.990,0.230,0.245,g
2458477.62459,2018-12-25.1264656,bG,1.43,16.409,>16.409,99.990,-0.044,0.198,g
2458477.62586,2018-12-25.1277295,bG,1.45,16.471,>16.471,99.990,0.516,0.187,g
2458477.62712,2018-12-25.1289906,bG,1.39,16.641,>16.641,99.990,0.402,0.160,g
2458478.62098,2018-12-26.1228725,bG,1.43,17.023,>17.023,99.990,-0.094,0.113,g
2458478.62225,2018-12-26.1241399,bG,1.47,16.916,>16.916,99.990,0.274,0.124,g
2458478.62352,2018-12-26.1254150,bG,1.44,16.908,>16.908,99.990,-0.072,0.125,g
2458479.61714,2018-12-27.1190574,bG,1.44,17.324,>17.324,99.990,-0.075,0.085,g
2458479.61841,2018-12-27.1203284,bG,1.44,17.527,>17.527,99.990,0.076,0.071,g
2458479.61968,2018-12-27.1215932,bG,1.40,17.260,>17.260,99.990,0.076,0.091,g
2458480.61378,2018-12-28.1157189,bG,1.44,17.400,>17.400,99.990,0.208,0.080,g
2458480.61507,2018-12-28.1170009,bG,1.46,17.438,>17.438,99.990,0.132,0.077,g
2458481.61387,2018-12-29.1158276,bG,1.43,17.332,>17.332,99.990,0.188,0.085,g
2458481.61514,2018-12-29.1170891,bG,1.41,17.324,>17.324,99.990,0.127,0.085,g
2458481.61644,2018-12-29.1183986,bG,1.44,17.368,>17.368,99.990,0.273,0.082,g
2458483.60629,2018-12-31.1082809,bG,1.44,17.309,>17.309,99.990,0.017,0.087,g
2458483.60756,2018-12-31.1095515,bG,1.45,17.383,>17.383,99.990,0.291,0.081,g
2458484.60292,2019-01-01.1049388,bG,1.41,17.385,>17.385,99.990,0.079,0.081,g
2458484.60419,2019-01-01.1062090,bG,1.46,17.361,>17.361,99.990,0.326,0.083,g
2458484.60546,2019-01-01.1074781,bG,1.44,17.238,>17.238,99.990,0.296,0.092,g
2458485.29843,2019-01-01.8004538,bo,1.42,17.453,>17.453,99.990,-0.164,0.076,g
2458485.29964,2019-01-01.8016694,bo,1.44,99.990,99.990,99.990,99.990,99.990,g
2458485.30084,2019-01-01.8028655,bo,1.45,17.340,>17.340,99.990,0.092,0.084,g
2458485.59920,2019-01-02.1012377,bG,1.45,17.324,>17.324,99.990,0.107,0.085,g
2458485.60049,2019-01-02.1025239,bG,1.42,17.486,>17.486,99.990,0.013,0.074,g
2458485.60176,2019-01-02.1037910,bG,1.44,17.375,>17.375,99.990,0.145,0.081,g
2458486.59515,2019-01-03.0972001,bG,1.55,16.859,>16.859,99.990,-0.095,0.131,g
2458486.59642,2019-01-03.0984694,bG,1.59,17.043,>17.043,99.990,0.194,0.111,g
2458487.59141,2019-01-04.0934798,bG,1.41,17.292,>17.292,99.990,0.121,0.088,g
2458487.59268,2019-01-04.0947516,bG,1.40,17.403,>17.403,99.990,0.057,0.079,g
2458487.59396,2019-01-04.0960269,bG,1.45,17.301,>17.301,99.990,0.292,0.087,g
2458488.59281,2019-01-05.0948934,bG,1.41,17.343,>17.343,99.990,0.112,0.084,g
2458488.59408,2019-01-05.0961663,bG,1.41,17.458,>17.458,99.990,0.219,0.075,g
2458489.58745,2019-01-06.0895539,bG,1.45,17.184,>17.184,99.990,0.215,0.097,g
2458489.58872,2019-01-06.0908184,bG,1.46,17.251,>17.251,99.990,0.195,0.091,g
2458489.58998,2019-01-06.0920806,bG,1.43,17.326,>17.326,99.990,0.014,0.085,g
2458490.58356,2019-01-07.0856931,bG,1.43,99.990,99.990,99.990,99.990,99.990,g
2458490.58483,2019-01-07.0869526,bG,1.48,17.271,>17.271,99.990,0.084,0.090,g
2458490.58609,2019-01-07.0882177,bG,1.46,17.434,>17.434,99.990,0.161,0.077,g
2458491.58326,2019-01-08.0853928,bG,1.42,17.305,>17.305,99.990,0.181,0.087,g
2458491.58453,2019-01-08.0866645,bG,1.46,17.329,>17.329,99.990,0.165,0.085,g
2458491.58579,2019-01-08.0879284,bG,1.41,99.990,99.990,99.990,99.990,99.990,g
2458492.30862,2019-01-08.8107584,bo,1.50,99.990,99.990,99.990,99.990,99.990,g
2458492.30983,2019-01-08.8119721,bo,1.47,17.180,>17.180,99.990,0.046,0.098,g
2458492.31104,2019-01-08.8131844,bo,1.44,17.276,>17.276,99.990,0.253,0.089,g
2458492.57955,2019-01-09.0816973,bG,1.43,17.342,>17.342,99.990,0.130,0.084,g
2458492.58081,2019-01-09.0829631,bG,1.48,17.416,>17.416,99.990,0.014,0.078,g
2458492.58208,2019-01-09.0842282,bG,1.48,17.334,>17.334,99.990,0.323,0.085,g
2458493.28740,2019-01-09.7895616,bo,2.37,16.371,>16.371,99.990,-0.001,0.205,g
2458493.28860,2019-01-09.7907645,bo,2.24,16.599,>16.599,99.990,0.280,0.167,g
2458493.57191,2019-01-10.0740797,bG,1.77,17.144,>17.144,99.990,0.229,0.101,g
2458493.57319,2019-01-10.0753478,bG,1.84,17.333,>17.333,99.990,0.037,0.085,g
2458493.57445,2019-01-10.0766125,bG,1.81,17.351,>17.351,99.990,0.007,0.083,g
2458494.57193,2019-01-11.0741043,bG,1.43,17.242,>17.242,99.990,0.176,0.092,g
2458494.57320,2019-01-11.0753745,bG,1.48,17.317,>17.317,99.990,0.228,0.086,g
2458494.57452,2019-01-11.0766979,bG,1.47,17.298,>17.298,99.990,0.125,0.088,g
2458495.56818,2019-01-12.0703631,bG,1.48,17.084,>17.084,99.990,0.261,0.107,g
2458495.56944,2019-01-12.0716269,bG,1.49,17.157,>17.157,99.990,0.253,0.100,g
2458495.57070,2019-01-12.0728912,bG,1.44,17.083,>17.083,99.990,0.321,0.107,g
2458496.56381,2019-01-13.0660112,bG,1.65,16.868,>16.868,99.990,0.457,0.130,g
2458496.56507,2019-01-13.0672755,bG,1.71,16.989,>16.989,99.990,0.132,0.116,g
2458496.56634,2019-01-13.0685402,bG,1.68,17.096,>17.096,99.990,0.203,0.105,g
2458497.55970,2019-01-14.0619070,bG,2.23,16.847,>16.847,99.990,0.138,0.133,g
2458497.56098,2019-01-14.0631863,bG,2.20,16.795,>16.795,99.990,0.334,0.139,g
2458497.56223,2019-01-14.0644432,bG,2.19,16.908,>16.908,99.990,-0.102,0.125,g
2458498.55953,2019-01-15.0617468,bG,1.70,16.791,>16.791,99.990,0.312,0.139,g
2458498.56080,2019-01-15.0630173,bG,2.00,16.762,>16.762,99.990,0.401,0.143,g
2458498.56206,2019-01-15.0642826,bG,1.83,16.690,>16.690,99.990,0.103,0.153,g
2458499.55679,2019-01-16.0590269,bG,1.44,16.741,>16.741,99.990,-0.150,0.146,g
2458499.55807,2019-01-16.0603038,bG,1.47,16.747,>16.747,99.990,-0.004,0.145,g
2458500.55137,2019-01-17.0536084,bG,1.46,16.505,>16.505,99.990,0.478,0.182,g
2458500.55263,2019-01-17.0548741,bG,1.46,16.465,>16.465,99.990,0.360,0.188,g
2458501.55104,2019-01-18.0532952,bG,1.57,16.467,>16.467,99.990,-0.063,0.188,g
2458501.55231,2019-01-18.0545589,bG,1.58,16.698,>16.698,99.990,0.107,0.152,g
2458501.55359,2019-01-18.0558461,bG,1.66,16.515,>16.515,99.990,0.425,0.180,g
2458502.54714,2019-01-19.0493918,bG,1.69,16.162,>16.162,99.990,0.237,0.249,g
2458502.54841,2019-01-19.0506663,bG,1.82,16.209,>16.209,99.990,0.114,0.238,g
2458502.54967,2019-01-19.0519312,bG,1.67,16.339,>16.339,99.990,-0.158,0.212,g
2458503.54273,2019-01-20.0449906,bG,1.71,16.173,>16.173,99.990,0.229,0.247,g
2458503.54400,2019-01-20.0462651,bG,1.70,16.072,>16.072,99.990,-0.771,0.271,g
2458503.54527,2019-01-20.0475393,bG,1.77,16.042,>16.042,99.990,0.369,0.278,g
2458505.53818,2019-01-22.0404594,bG,1.65,16.290,>16.290,99.990,0.476,0.221,g
2458505.53944,2019-01-22.0417311,bG,1.72,16.247,>16.247,99.990,0.085,0.230,g
2458505.54072,2019-01-22.0429964,bG,1.75,16.210,>16.210,99.990,-0.186,0.238,g
2458506.52628,2019-01-23.0285572,bG,1.71,15.821,>15.821,99.990,0.659,0.341,g
2458506.52754,2019-01-23.0298311,bG,1.65,15.941,>15.941,99.990,0.701,0.305,g
2458506.52881,2019-01-23.0311020,bG,1.66,16.115,>16.115,99.990,0.174,0.260,g
2458507.27955,2019-01-23.7818293,bo,2.18,16.115,>16.115,99.990,0.307,0.260,g
2458507.28075,2019-01-23.7830348,bo,2.16,16.290,>16.290,99.990,-0.059,0.221,g
2458507.28196,2019-01-23.7842506,bo,1.61,16.605,>16.605,99.990,0.083,0.166,g
2458507.53375,2019-01-24.0360408,bG,2.04,16.481,>16.481,99.990,0.339,0.186,g
2458507.53499,2019-01-24.0372724,bG,2.02,16.717,>16.717,99.990,0.143,0.149,g
2458507.53625,2019-01-24.0385361,bG,1.81,16.848,>16.848,99.990,0.454,0.132,g
2458508.52946,2019-01-25.0317516,bG,2.44,16.084,>16.084,99.990,-0.309,0.268,g
2458508.53074,2019-01-25.0330306,bG,2.44,16.169,>16.169,99.990,0.338,0.247,g
2458508.53201,2019-01-25.0343065,bG,2.41,16.398,>16.398,99.990,0.080,0.200,g
2458509.52907,2019-01-26.0313579,bG,1.68,16.191,>16.191,99.990,0.009,0.243,g
2458509.53034,2019-01-26.0326350,bG,1.62,16.374,>16.374,99.990,-0.136,0.205,g
2458509.53162,2019-01-26.0339067,bG,1.63,16.423,>16.423,99.990,0.560,0.196,g
2458510.52472,2019-01-27.0270165,bG,1.54,15.837,>15.837,99.990,0.252,0.336,g
2458510.52600,2019-01-27.0282939,bG,1.59,15.949,>15.949,99.990,0.260,0.303,g
2458510.52728,2019-01-27.0295741,bG,1.43,16.088,>16.088,99.990,-0.020,0.267,g
2458609.67964,2019-05-06.1793766,bo,1.52,14.272,>14.272,99.990,0.721,1.420,g
2458609.68084,2019-05-06.1805864,bo,1.47,14.446,>14.446,99.990,1.529,1.210,g
2458610.67604,2019-05-07.1757417,bo,1.48,16.308,>16.308,99.990,0.307,0.218,g
2458610.67726,2019-05-07.1769562,bo,1.53,15.795,>15.795,99.990,0.527,0.349,g
2458610.67850,2019-05-07.1781968,bo,1.49,16.040,>16.040,99.990,0.265,0.279,g
2458611.93323,2019-05-08.4328849,bG,1.71,99.990,99.990,99.990,99.990,99.990,g
2458613.67777,2019-05-10.1773474,bo,1.49,16.373,>16.373,99.990,0.492,0.205,g
2458613.67899,2019-05-10.1785655,bo,1.48,16.447,>16.447,99.990,0.008,0.191,g
2458613.68020,2019-05-10.1797723,bo,1.54,16.134,>16.134,99.990,-0.324,0.255,g
2458614.67359,2019-05-11.1731315,bo,1.49,17.239,>17.239,99.990,-0.091,0.092,g
2458614.67481,2019-05-11.1743535,bo,1.48,16.893,>16.893,99.990,0.250,0.127,g
2458614.67602,2019-05-11.1755706,bo,1.52,16.784,>16.784,99.990,-0.077,0.140,g
2458615.67714,2019-05-12.1766386,bo,1.48,16.720,>16.720,99.990,0.142,0.149,g
2458615.67837,2019-05-12.1778685,bo,1.51,16.594,>16.594,99.990,-0.094,0.167,g
2458615.67959,2019-05-12.1790833,bo,1.46,16.324,>16.324,99.990,0.134,0.215,g
2458615.92600,2019-05-12.4254950,bk,1.46,17.038,>17.038,99.990,-0.151,0.111,g
2458615.92722,2019-05-12.4267163,bk,1.43,16.960,>16.960,99.990,0.554,0.119,g
2458615.92845,2019-05-12.4279469,bk,1.52,16.775,>16.775,99.990,-0.035,0.142,g
2458616.66198,2019-05-13.1614327,bo,1.61,17.283,>17.283,99.990,0.041,0.089,g
2458616.66319,2019-05-13.1626474,bo,1.56,17.140,>17.140,99.990,0.218,0.101,g
2458616.66440,2019-05-13.1638587,bo,1.55,17.209,>17.209,99.990,0.090,0.095,g
2458616.92188,2019-05-13.4213322,bk,1.46,17.137,>17.137,99.990,0.169,0.101,g
2458616.92310,2019-05-13.4225504,bk,1.43,17.030,>17.030,99.990,0.209,0.112,g
2458616.92432,2019-05-13.4237673,bk,1.43,17.137,>17.137,99.990,0.217,0.101,g
2458617.92504,2019-05-14.4244597,bk,1.44,17.104,>17.104,99.990,-0.135,0.105,g
2458617.92626,2019-05-14.4256754,bk,1.44,16.961,>16.961,99.990,0.414,0.119,g
2458617.92748,2019-05-14.4268971,bk,1.45,16.869,>16.869,99.990,0.119,0.130,g
2458618.66831,2019-05-15.1676923,bo,1.55,17.361,>17.361,99.990,0.139,0.083,g
2458618.66953,2019-05-15.1689106,bo,1.56,17.157,>17.157,99.990,0.008,0.100,g
2458618.67073,2019-05-15.1701240,bo,1.57,17.226,>17.226,99.990,-0.000,0.093,g
2458618.92934,2019-05-15.4287103,bG,1.52,16.948,>16.948,99.990,-0.006,0.121,g
2458618.93061,2019-05-15.4299853,bG,1.50,16.791,>16.791,99.990,-0.097,0.140,g
2458618.93189,2019-05-15.4312642,bG,1.44,16.725,>16.725,99.990,-0.128,0.148,g
2458619.65696,2019-05-16.1563039,bo,1.61,14.065,>14.065,99.990,3.075,1.719,g
2458619.65819,2019-05-16.1575299,bo,1.58,14.105,>14.105,99.990,-2.173,1.656,g
2458619.65940,2019-05-16.1587388,bo,1.55,13.983,>13.983,99.990,2.714,1.852,g
2458619.91748,2019-05-16.4168195,bG,1.48,17.108,>17.108,99.990,0.363,0.104,g
2458619.91876,2019-05-16.4180957,bG,1.53,17.201,>17.201,99.990,0.156,0.096,g
2458619.92003,2019-05-16.4193665,bG,1.56,17.246,>17.246,99.990,-0.019,0.092,g
2458621.91297,2019-05-18.4122331,bG,1.53,16.171,>16.171,99.990,-0.172,0.247,g
2458621.91424,2019-05-18.4135025,bG,1.51,16.245,>16.245,99.990,0.465,0.231,g
2458621.91551,2019-05-18.4147693,bG,1.60,16.117,>16.117,99.990,0.470,0.260,g
2458627.64893,2019-05-24.1479805,bo,1.52,16.357,>16.357,99.990,0.221,0.208,g
2458627.90246,2019-05-24.4015093,bG,1.47,16.587,>16.587,99.990,-0.112,0.168,g
2458627.90373,2019-05-24.4027719,bG,1.46,16.605,>16.605,99.990,-0.159,0.166,g
2458627.90500,2019-05-24.4040391,bG,1.40,16.673,>16.673,99.990,-0.023,0.156,g
2458629.64523,2019-05-26.1442096,bo,1.46,16.358,>16.358,99.990,0.676,0.208,g
2458629.64647,2019-05-26.1454561,bo,1.56,16.056,>16.056,99.990,-0.248,0.275,g
2458629.64771,2019-05-26.1466909,bo,1.48,16.099,>16.099,99.990,-0.337,0.264,g
2458629.90205,2019-05-26.4010208,bk,2.03,99.990,99.990,99.990,99.990,99.990,g
2458629.90327,2019-05-26.4022376,bk,2.05,13.914,>13.914,99.990,-1.606,1.975,g
2458635.64318,2019-06-01.1419415,bo,1.49,17.169,>17.169,99.990,0.166,0.099,g
2458635.64439,2019-06-01.1431571,bo,1.42,17.239,>17.239,99.990,0.042,0.092,g
2458635.64561,2019-06-01.1443726,bo,1.39,17.171,>17.171,99.990,0.393,0.098,g
2458636.62844,2019-06-02.1271762,bo,1.49,99.990,99.990,99.990,99.990,99.990,g
2458636.62965,2019-06-02.1283840,bo,1.46,16.832,>16.832,99.990,0.275,0.134,g
2458636.63085,2019-06-02.1295893,bo,1.46,16.666,>16.666,99.990,0.239,0.157,g
2458636.89955,2019-06-02.3982681,bk,1.44,17.232,>17.232,99.990,0.260,0.093,g
2458636.90076,2019-06-02.3994840,bk,1.46,17.321,>17.321,99.990,0.186,0.086,g
2458636.90198,2019-06-02.4007027,bk,1.44,17.191,>17.191,99.990,0.061,0.096,g
2458636.93600,2019-06-02.4347255,bk,1.44,16.877,>16.877,99.990,0.049,0.129,g
2458636.93724,2019-06-02.4359552,bk,1.45,16.801,>16.801,99.990,0.488,0.138,g
2458636.93845,2019-06-02.4371768,bk,1.43,16.613,>16.613,99.990,-0.144,0.164,g
2458637.64397,2019-06-03.1426665,bo,1.53,99.990,99.990,99.990,99.990,99.990,g
2458637.64518,2019-06-03.1438811,bo,1.49,99.990,99.990,99.990,99.990,99.990,g
2458637.64641,2019-06-03.1451120,bo,1.51,99.990,99.990,99.990,99.990,99.990,g
2458637.88530,2019-06-03.3839975,bG,1.49,17.270,>17.270,99.990,0.241,0.090,g
2458637.88657,2019-06-03.3852625,bG,1.49,17.233,>17.233,99.990,0.158,0.093,g
2458637.88784,2019-06-03.3865407,bG,1.50,17.318,>17.318,99.990,0.021,0.086,g
2458638.62560,2019-06-04.1242682,bo,1.54,99.990,99.990,99.990,99.990,99.990,g
2458638.62681,2019-06-04.1254895,bo,1.53,16.375,>16.375,99.990,0.573,0.205,g
2458638.62822,2019-06-04.1268915,bo,1.55,99.990,99.990,99.990,99.990,99.990,g
2458638.88932,2019-06-04.3879739,bG,1.57,15.082,>15.082,99.990,-0.500,0.673,g
2458638.89058,2019-06-04.3892378,bG,1.49,13.812,>13.812,99.990,5.046,2.172,g
2458638.89185,2019-06-04.3905108,bG,1.59,16.261,>16.261,99.990,-0.210,0.227,g
2458639.88519,2019-06-05.3838142,bG,1.61,14.746,>14.746,99.990,-1.445,0.917,g
2458639.88645,2019-06-05.3850806,bG,1.53,14.503,>14.503,99.990,2.984,1.151,g
2458639.88772,2019-06-05.3863528,bG,1.51,14.925,>14.925,99.990,0.354,0.778,g
2458640.88285,2019-06-06.3814435,bG,1.47,16.373,>16.373,99.990,0.257,0.205,g
2458641.88229,2019-06-07.3808548,bG,1.49,17.352,>17.352,99.990,0.074,0.083,g
2458641.88356,2019-06-07.3821214,bG,1.48,17.298,>17.298,99.990,0.051,0.087,g
2458642.61596,2019-06-08.1145008,bo,1.51,17.371,>17.371,99.990,0.182,0.082,g
2458642.61717,2019-06-08.1157085,bo,1.49,17.459,>17.459,99.990,0.170,0.075,g
2458642.61839,2019-06-08.1169243,bo,1.50,17.466,>17.466,99.990,0.254,0.075,g
2458642.87227,2019-06-08.3708046,bG,1.45,17.336,>17.336,99.990,0.250,0.084,g
2458642.87354,2019-06-08.3720744,bG,1.46,17.253,>17.253,99.990,0.259,0.091,g
2458642.87482,2019-06-08.37335,bG,1.48,17.165,>17.165,99.990,0.111,0.099,g
2458643.61894,2019-06-09.1174491,bo,1.66,99.990,99.990,99.990,99.990,99.990,g
2458643.62128,2019-06-09.1197929,bo,1.74,99.990,99.990,99.990,99.990,99.990,g
2458643.86323,2019-06-09.3617373,bG,1.51,17.241,>17.241,99.990,0.358,0.092,g
2458643.86449,2019-06-09.3630020,bG,1.49,17.356,>17.356,99.990,0.108,0.083,g
2458643.86577,2019-06-09.3642744,bG,1.49,17.370,>17.370,99.990,0.024,0.082,g
2458644.85925,2019-06-10.3577188,bG,1.43,15.472,>15.472,99.990,-0.086,0.470,g
2458644.86052,2019-06-10.3589851,bG,1.42,16.869,>16.869,99.990,-0.035,0.130,g
2458644.86179,2019-06-10.3602581,bG,1.40,17.337,>17.337,99.990,0.113,0.084,g
2458645.60158,2019-06-11.1000249,bo,1.55,17.416,>17.416,99.990,0.084,0.078,g
2458645.60282,2019-06-11.1012709,bo,1.49,17.401,>17.401,99.990,0.118,0.080,g
2458645.60404,2019-06-11.1024836,bo,1.51,17.321,>17.321,99.990,0.163,0.086,g
2458645.85848,2019-06-11.3569244,bk,1.46,17.011,>17.011,99.990,0.017,0.114,g
2458645.85970,2019-06-11.3581482,bk,1.49,16.839,>16.839,99.990,0.112,0.134,g
2458645.86092,2019-06-11.3593650,bk,1.48,16.653,>16.653,99.990,-0.161,0.158,g
2458646.85541,2019-06-12.3538229,bG,1.78,17.072,>17.072,99.990,-0.039,0.108,g
2458646.85668,2019-06-12.3550876,bG,1.68,17.125,>17.125,99.990,0.245,0.103,g
2458646.85794,2019-06-12.3563524,bG,1.62,99.990,99.990,99.990,99.990,99.990,g
2458647.85163,2019-06-13.3500123,bG,1.49,99.990,99.990,99.990,99.990,99.990,g
2458647.85294,2019-06-13.3513271,bG,1.52,17.259,>17.259,99.990,0.116,0.091,g
2458647.85422,2019-06-13.3525980,bG,1.59,99.990,99.990,99.990,99.990,99.990,g
2458648.60876,2019-06-14.1071217,bo,1.54,99.990,99.990,99.990,99.990,99.990,g
2458648.60996,2019-06-14.1083208,bo,1.48,17.198,>17.198,99.990,0.010,0.096,g
2458648.61119,2019-06-14.1095482,bo,1.48,17.374,>17.374,99.990,0.175,0.082,g
2458648.86102,2019-06-14.3593751,bG,1.46,17.000,>17.000,99.990,-0.117,0.115,g
2458648.86229,2019-06-14.3606468,bG,1.51,17.115,>17.115,99.990,0.334,0.104,g
2458648.86356,2019-06-14.3619138,bG,1.58,17.057,>17.057,99.990,0.177,0.109,g
2458650.59233,2019-06-16.0906335,bo,1.54,16.112,>16.112,99.990,0.049,0.261,g
2458650.59401,2019-06-16.0923131,bo,1.59,16.106,>16.106,99.990,-0.152,0.262,g
2458650.84134,2019-06-16.3396336,bG,1.52,16.130,>16.130,99.990,0.352,0.256,g
2458650.84260,2019-06-16.3409015,bG,1.52,16.054,>16.054,99.990,-0.430,0.275,g
2458651.85212,2019-06-17.3503900,bG,1.49,15.893,>15.893,99.990,0.173,0.319,g
2458651.85339,2019-06-17.3516565,bG,1.52,15.848,>15.848,99.990,-0.725,0.332,g
2458651.85466,2019-06-17.3529326,bG,1.54,15.932,>15.932,99.990,-0.496,0.308,g
2458652.83769,2019-06-18.3359325,bG,1.57,15.993,>15.993,99.990,-0.355,0.291,g
2458652.83897,2019-06-18.3372172,bG,1.51,16.097,>16.097,99.990,-0.002,0.264,g
2458652.84026,2019-06-18.3385015,bG,1.52,16.072,>16.072,99.990,-0.609,0.271,g
2458653.58263,2019-06-19.0808491,bo,1.49,15.852,>15.852,99.990,-0.284,0.331,g
2458653.58383,2019-06-19.0820567,bo,1.51,16.093,>16.093,99.990,0.502,0.265,g
2458653.58505,2019-06-19.0832751,bo,1.52,15.836,>15.836,99.990,-0.015,0.336,g
2458653.83420,2019-06-19.3324127,bG,1.45,16.289,>16.289,99.990,-0.054,0.221,g
2458653.83546,2019-06-19.3336805,bG,1.49,16.334,>16.334,99.990,0.219,0.213,g
2458653.83673,2019-06-19.3349539,bG,1.51,16.407,>16.407,99.990,0.815,0.199,g
2458654.59106,2019-06-20.0892675,bo,1.57,15.928,>15.928,99.990,0.506,0.309,g
2458654.59228,2019-06-20.0904793,bo,1.45,15.912,>15.912,99.990,0.353,0.314,g
2458654.59350,2019-06-20.0916975,bo,1.50,15.580,>15.580,99.990,0.394,0.426,g
2458654.83398,2019-06-20.3321721,bG,1.56,15.037,>15.037,99.990,-1.088,0.702,g
2458654.83525,2019-06-20.3334386,bG,1.48,15.195,>15.195,99.990,0.020,0.607,g
2458654.83651,2019-06-20.3347049,bG,1.53,15.027,>15.027,99.990,-0.002,0.708,g
2458655.58359,2019-06-21.0817630,bo,1.55,16.189,>16.189,99.990,-0.115,0.243,g
2458655.58490,2019-06-21.0830708,bo,1.50,16.063,>16.063,99.990,0.141,0.273,g
2458655.58617,2019-06-21.0843428,bo,1.54,16.055,>16.055,99.990,-0.032,0.275,g
2458655.83075,2019-06-21.3289159,bG,1.46,99.990,99.990,99.990,99.990,99.990,g
2458655.83203,2019-06-21.3301991,bG,1.74,99.990,99.990,99.990,99.990,99.990,g
2458655.83331,2019-06-21.3314731,bG,1.40,99.990,99.990,99.990,99.990,99.990,g
2458656.82679,2019-06-22.3249344,bG,1.53,15.022,>15.022,99.990,0.445,0.712,g
2458656.82806,2019-06-22.3262043,bG,1.50,15.416,>15.416,99.990,-0.231,0.495,g
2458656.82933,2019-06-22.3274738,bG,1.52,15.502,>15.502,99.990,-0.040,0.457,g
2458657.82678,2019-06-23.3249,bG,1.47,16.706,>16.706,99.990,-0.170,0.151,g
2458657.82807,2019-06-23.3261864,bG,1.43,16.758,>16.758,99.990,0.204,0.144,g
2458657.82934,2019-06-23.3274568,bG,1.54,16.761,>16.761,99.990,0.093,0.143,g
2458658.58810,2019-06-24.0862037,bo,1.55,16.767,>16.767,99.990,0.272,0.143,g
2458658.58934,2019-06-24.0874415,bo,1.51,16.719,>16.719,99.990,-0.084,0.149,g
2458658.59054,2019-06-24.0886466,bo,1.47,16.813,>16.813,99.990,0.281,0.137,g
2458659.57987,2019-06-25.0779475,bo,1.50,16.718,>16.718,99.990,0.182,0.149,g
2458659.58108,2019-06-25.0791513,bo,1.58,16.577,>16.577,99.990,-0.422,0.170,g
2458659.58230,2019-06-25.0803682,bo,1.50,16.344,>16.344,99.990,-0.001,0.211,g
2458659.82734,2019-06-25.3254101,bG,1.52,16.977,>16.977,99.990,-0.195,0.118,g
2458659.82862,2019-06-25.3266866,bG,1.50,16.941,>16.941,99.990,0.356,0.121,g
2458659.82990,2019-06-25.3279671,bG,1.49,17.006,>17.006,99.990,-0.215,0.114,g
2458659.91924,2019-06-25.4173092,bk,1.48,16.814,>16.814,99.990,0.054,0.137,g
2458659.92046,2019-06-25.4185260,bk,1.46,16.878,>16.878,99.990,-0.253,0.129,g
2458659.92167,2019-06-25.4197429,bk,1.46,16.941,>16.941,99.990,0.005,0.121,g
2458660.93649,2019-06-26.4345373,bk,1.45,16.957,>16.957,99.990,-0.055,0.120,g
2458660.93771,2019-06-26.4357576,bk,1.55,16.890,>16.890,99.990,0.460,0.127,g
2458660.93893,2019-06-26.4369767,bk,1.46,17.068,>17.068,99.990,0.145,0.108,g
2458662.82298,2019-06-28.3209932,bG,1.52,17.276,>17.276,99.990,0.072,0.089,g
2458662.82426,2019-06-28.3222674,bG,1.48,99.990,99.990,99.990,99.990,99.990,g
2458662.82554,2019-06-28.3235418,bG,1.57,17.265,>17.265,99.990,-0.086,0.090,g
2458667.79390,2019-07-03.2918061,bG,1.48,17.383,>17.383,99.990,-0.015,0.081,g
2458667.79517,2019-07-03.2930784,bG,1.43,99.990,99.990,99.990,99.990,99.990,g
2458667.79646,2019-07-03.2943665,bG,1.47,17.203,>17.203,99.990,0.007,0.095,g
2458668.54422,2019-07-04.0421150,bo,1.54,17.513,>17.513,99.990,0.331,0.072,g
2458668.80027,2019-07-04.2981550,bG,1.48,17.289,>17.289,99.990,0.240,0.088,g
2458668.80154,2019-07-04.2994253,bG,1.51,17.275,>17.275,99.990,0.048,0.089,g
2458668.80281,2019-07-04.3006993,bG,1.46,17.425,>17.425,99.990,0.207,0.078,g
2458669.77628,2019-07-05.2741495,bG,1.46,17.173,>17.173,99.990,0.145,0.098,g
2458669.77758,2019-07-05.2754460,bG,1.50,17.312,>17.312,99.990,0.058,0.086,g
2458669.77885,2019-07-05.2767203,bG,1.48,17.358,>17.358,99.990,-0.099,0.083,g
2458670.84373,2019-07-06.3415856,bk,1.54,16.257,>16.257,99.990,-0.034,0.228,g
2458670.84495,2019-07-06.3428038,bk,1.48,16.127,>16.127,99.990,-0.495,0.257,g
2458670.84616,2019-07-06.3440232,bk,1.47,15.447,>15.447,99.990,0.483,0.481,g
2458672.92056,2019-07-08.4183788,bk,1.49,15.071,>15.071,99.990,-1.922,0.680,g
2458672.92177,2019-07-08.4195945,bk,1.57,14.771,>14.771,99.990,-0.477,0.897,g
2458672.92300,2019-07-08.4208150,bk,1.78,99.990,99.990,99.990,99.990,99.990,g
2458675.51622,2019-07-11.0139951,bo,1.54,17.343,>17.343,99.990,0.213,0.084,g
2458675.51744,2019-07-11.0152156,bo,1.52,17.464,>17.464,99.990,0.012,0.075,g
2458675.51871,2019-07-11.0164863,bo,1.54,17.396,>17.396,99.990,0.083,0.080,g
2458676.50203,2019-07-11.9998087,bo,1.54,16.613,>16.613,99.990,0.201,0.164,g
2458676.50329,2019-07-12.0010633,bo,1.54,16.590,>16.590,99.990,0.187,0.168,g
2458676.50454,2019-07-12.0023163,bo,1.47,16.736,>16.736,99.990,-0.020,0.147,g
2458677.78706,2019-07-13.2848121,bk,1.48,16.212,>16.212,99.990,0.227,0.238,g
2458677.78827,2019-07-13.2860255,bk,1.50,16.073,>16.073,99.990,-0.205,0.270,g
2458677.78949,2019-07-13.2872467,bk,1.43,16.406,>16.406,99.990,0.005,0.199,g
2458679.51553,2019-07-15.0132563,bo,1.46,16.288,>16.288,99.990,-0.035,0.222,g
2458679.51673,2019-07-15.0144630,bo,1.43,16.266,>16.266,99.990,-0.040,0.226,g
2458679.51796,2019-07-15.0156893,bo,1.42,16.176,>16.176,99.990,-0.077,0.246,g
2458679.78466,2019-07-15.2823920,bG,1.62,16.276,>16.276,99.990,-0.165,0.224,g
2458679.78593,2019-07-15.2836643,bG,1.64,16.179,>16.179,99.990,0.015,0.245,g
2458679.78720,2019-07-15.2849288,bG,1.59,16.118,>16.118,99.990,-0.149,0.259,g
2458680.54604,2019-07-16.0437576,bo,1.58,15.764,>15.764,99.990,-0.458,0.359,g
2458680.54724,2019-07-16.0449641,bo,1.66,15.587,>15.587,99.990,-0.024,0.423,g
2458680.54845,2019-07-16.0461719,bo,1.53,15.708,>15.708,99.990,-0.072,0.378,g
2458680.78885,2019-07-16.2865675,bG,1.58,15.996,>15.996,99.990,0.053,0.290,g
2458680.79014,2019-07-16.2878635,bG,1.50,15.957,>15.957,99.990,-0.237,0.301,g
2458680.79144,2019-07-16.2891516,bG,1.51,15.852,>15.852,99.990,-0.030,0.331,g
2458680.89317,2019-07-16.3908923,bG,1.48,16.115,>16.115,99.990,0.141,0.260,g
2458681.77774,2019-07-17.2754495,bG,1.64,15.834,>15.834,99.990,0.789,0.337,g
2458681.77903,2019-07-17.2767376,bG,1.65,15.758,>15.758,99.990,-0.226,0.361,g
2458681.78029,2019-07-17.2780048,bG,1.66,15.932,>15.932,99.990,-0.197,0.308,g
2458681.89343,2019-07-17.3911361,bk,1.46,15.909,>15.909,99.990,0.635,0.315,g
2458682.81804,2019-07-18.3157354,bk,1.59,16.069,>16.069,99.990,0.364,0.271,g
2458682.81925,2019-07-18.3169524,bk,1.60,16.083,>16.083,99.990,-0.008,0.268,g
2458682.82048,2019-07-18.3181820,bk,1.58,16.086,>16.086,99.990,-0.239,0.267,g
2458688.72932,2019-07-24.2269746,bG,1.49,16.964,>16.964,99.990,0.122,0.119,g
2458688.73059,2019-07-24.2282494,bG,1.52,17.059,>17.059,99.990,0.337,0.109,g
2458688.73187,2019-07-24.2295240,bG,1.50,16.821,>16.821,99.990,0.157,0.136,g
2458690.60685,2019-07-26.1044961,bo,1.59,17.165,>17.165,99.990,0.123,0.099,g
2458690.60806,2019-07-26.1057062,bo,1.58,17.103,>17.103,99.990,0.147,0.105,g
2458690.60926,2019-07-26.1069070,bo,1.57,17.014,>17.014,99.990,0.250,0.114,g
2458690.73040,2019-07-26.2280552,bk,1.46,17.406,>17.406,99.990,0.027,0.079,g
2458690.73162,2019-07-26.2292719,bk,1.54,17.131,>17.131,99.990,0.190,0.102,g
2458690.73284,2019-07-26.2304924,bk,1.39,17.208,>17.208,99.990,0.130,0.095,g
2458691.60379,2019-07-27.1014361,bo,1.50,16.834,>16.834,99.990,0.142,0.134,g
2458691.60505,2019-07-27.1026900,bo,1.51,16.893,>16.893,99.990,0.085,0.127,g
2458691.60639,2019-07-27.1040296,bo,1.53,16.836,>16.836,99.990,0.285,0.134,g
2458691.75672,2019-07-27.2543634,bG,1.51,17.267,>17.267,99.990,-0.029,0.090,g
2458691.75799,2019-07-27.2556349,bG,1.52,17.432,>17.432,99.990,0.151,0.077,g
2458691.75926,2019-07-27.2569049,bG,1.47,17.288,>17.288,99.990,0.250,0.088,g
2458691.94374,2019-07-27.4413923,bk,1.46,16.211,>16.211,99.990,0.619,0.238,g
2458691.94496,2019-07-27.4426107,bk,1.44,16.215,>16.215,99.990,0.130,0.237,g
2458691.94618,2019-07-27.4438299,bk,1.40,16.078,>16.078,99.990,-0.105,0.269,g
2458692.88421,2019-07-28.3818548,bG,1.42,16.945,>16.945,99.990,0.213,0.121,g
2458692.88549,2019-07-28.3831268,bG,1.45,16.919,>16.919,99.990,0.063,0.124,g
2458692.88678,2019-07-28.3844246,bG,1.45,16.950,>16.950,99.990,0.246,0.120,g
2458693.47520,2019-07-28.9728379,bo,1.53,17.003,>17.003,99.990,0.055,0.115,g
2458693.47665,2019-07-28.9742868,bo,1.57,17.004,>17.004,99.990,0.139,0.115,g
2458693.47801,2019-07-28.9756478,bo,1.58,17.129,>17.129,99.990,-0.070,0.102,g
2458693.75336,2019-07-29.2509989,bG,1.51,17.472,>17.472,99.990,-0.033,0.075,g
2458693.75464,2019-07-29.2522777,bG,1.48,17.298,>17.298,99.990,0.138,0.087,g
2458693.75591,2019-07-29.2535531,bG,1.44,17.296,>17.296,99.990,0.297,0.088,g
2458695.76794,2019-07-31.2655783,bG,1.51,17.418,>17.418,99.990,0.009,0.078,g
2458695.76929,2019-07-31.2669313,bG,1.47,17.346,>17.346,99.990,0.048,0.084,g
2458695.77056,2019-07-31.2681947,bG,1.47,17.284,>17.284,99.990,0.130,0.089,g
2458697.46144,2019-08-01.9590810,bo,1.46,17.161,>17.161,99.990,0.186,0.099,g
2458697.46265,2019-08-01.9602887,bo,1.47,17.420,>17.420,99.990,0.225,0.078,g
2458697.46388,2019-08-01.9615184,bo,1.46,17.267,>17.267,99.990,0.158,0.090,g
2458698.76765,2019-08-03.2652892,bk,1.43,17.236,>17.236,99.990,0.274,0.093,g
2458698.76887,2019-08-03.2665141,bk,1.42,17.319,>17.319,99.990,0.134,0.086,g
2458698.77009,2019-08-03.2677354,bk,1.42,17.200,>17.200,99.990,-0.013,0.096,g
2458699.72648,2019-08-04.2241196,bk,1.45,17.077,>17.077,99.990,0.058,0.107,g
2458699.72769,2019-08-04.2253357,bk,1.45,17.252,>17.252,99.990,0.028,0.091,g
2458699.72892,2019-08-04.2265556,bk,1.46,17.311,>17.311,99.990,0.086,0.086,g
2458699.73770,2019-08-04.2353486,bk,1.50,17.233,>17.233,99.990,0.349,0.093,g
2458699.73893,2019-08-04.2365701,bk,1.51,17.222,>17.222,99.990,-0.165,0.094,g
2458699.74016,2019-08-04.2378001,bk,1.45,17.288,>17.288,99.990,0.139,0.088,g
2458700.47612,2019-08-04.9737706,bo,1.54,17.398,>17.398,99.990,0.135,0.080,g
2458701.73795,2019-08-06.2355987,bk,1.46,17.248,>17.248,99.990,0.236,0.092,g
2458701.73917,2019-08-06.2368254,bk,1.43,17.264,>17.264,99.990,0.031,0.090,g
2458701.74039,2019-08-06.2380406,bk,1.48,17.328,>17.328,99.990,0.244,0.085,g
2458702.85657,2019-08-07.3542199,bG,1.49,99.990,99.990,99.990,99.990,99.990,g
2458702.85783,2019-08-07.3554784,bG,1.42,17.320,>17.320,99.990,0.125,0.086,g
2458703.78448,2019-08-08.2821483,bk,1.54,17.288,>17.288,99.990,0.250,0.088,g
2458703.78571,2019-08-08.2833758,bk,1.54,17.235,>17.235,99.990,-0.039,0.093,g
2458703.78693,2019-08-08.2845935,bk,1.55,17.287,>17.287,99.990,0.237,0.088,g
2458704.78798,2019-08-09.2856460,bk,1.49,17.101,>17.101,99.990,0.062,0.105,g
2458704.78921,2019-08-09.2868708,bk,1.44,17.128,>17.128,99.990,0.055,0.102,g
2458704.79043,2019-08-09.2880856,bk,1.40,17.332,>17.332,99.990,0.151,0.085,g
2458705.72838,2019-08-10.2260435,bG,1.61,16.565,>16.565,99.990,0.307,0.172,g
2458705.72965,2019-08-10.2273167,bG,1.62,16.799,>16.799,99.990,0.202,0.139,g
2458705.73092,2019-08-10.2285928,bG,1.59,16.603,>16.603,99.990,0.092,0.166,g
2458705.83551,2019-08-10.3331797,bG,1.47,99.990,99.990,99.990,99.990,99.990,g
2458705.83679,2019-08-10.3344567,bG,1.44,17.284,>17.284,99.990,0.072,0.089,g
2458705.83807,2019-08-10.3357417,bG,1.48,99.990,99.990,99.990,99.990,99.990,g
2458706.71472,2019-08-11.2123968,bG,1.42,16.473,>16.473,99.990,0.016,0.187,g
2458706.71601,2019-08-11.2136795,bG,1.44,16.731,>16.731,99.990,-0.301,0.148,g
2458706.71729,2019-08-11.2149618,bG,1.45,16.560,>16.560,99.990,0.396,0.173,g
2458707.71326,2019-08-12.2109353,bk,1.46,16.288,>16.288,99.990,0.229,0.222,g
2458707.71447,2019-08-12.2121543,bk,1.44,16.585,>16.585,99.990,0.442,0.169,g
2458707.71569,2019-08-12.2133702,bk,1.43,16.459,>16.459,99.990,-0.015,0.189,g
2458709.69965,2019-08-14.1973461,bG,1.78,14.986,>14.986,99.990,-1.096,0.736,g
2458709.70091,2019-08-14.1986049,bG,1.60,14.421,>14.421,99.990,2.950,1.238,g
2458710.53802,2019-08-15.0357155,bo,1.50,15.975,>15.975,99.990,0.675,0.296,g
2458710.53923,2019-08-15.0369348,bo,1.43,15.998,>15.998,99.990,0.184,0.290,g
2458710.54045,2019-08-15.0381462,bo,1.52,15.926,>15.926,99.990,-0.571,0.310,g
2458711.69698,2019-08-16.1946914,bG,1.75,15.346,>15.346,99.990,0.034,0.528,g
2458711.69826,2019-08-16.1959761,bG,1.61,15.284,>15.284,99.990,-0.884,0.559,g
2458711.69954,2019-08-16.1972525,bG,1.58,15.486,>15.486,99.990,1.171,0.464,g
2458711.87484,2019-08-16.3725528,bk,1.49,15.618,>15.618,99.990,-0.191,0.411,g
2458711.87605,2019-08-16.3737709,bk,1.51,15.552,>15.552,99.990,0.108,0.437,g
2458711.87727,2019-08-16.3749900,bk,-99,15.688,>15.688,99.990,-0.519,0.385,g
2458712.48689,2019-08-16.9846155,bo,1.50,15.810,>15.810,99.990,-0.463,0.344,g
2458712.48810,2019-08-16.9858243,bo,1.51,15.745,>15.745,99.990,0.460,0.366,g
2458712.48932,2019-08-16.9870412,bo,1.49,15.759,>15.759,99.990,0.021,0.361,g
2458712.67976,2019-08-17.1774901,bG,1.50,16.300,>16.300,99.990,0.430,0.219,g
2458712.68106,2019-08-17.1787846,bG,1.45,16.153,>16.153,99.990,-0.166,0.251,g
2458712.68233,2019-08-17.1800540,bG,1.54,16.140,>16.140,99.990,-0.048,0.254,g
2458713.69178,2019-08-18.1895194,bk,1.53,15.237,>15.237,99.990,-0.720,0.584,g
2458713.69300,2019-08-18.1907375,bk,1.52,15.180,>15.180,99.990,0.203,0.615,g
2458713.69422,2019-08-18.1919565,bk,1.50,14.702,>14.702,99.990,-0.283,0.956,g
2458713.76147,2019-08-18.2592099,bk,1.50,16.241,>16.241,99.990,0.312,0.232,g
2458713.76270,2019-08-18.2604290,bk,1.50,16.318,>16.318,99.990,0.065,0.216,g
2458713.76391,2019-08-18.2616457,bk,1.45,16.259,>16.259,99.990,0.123,0.228,g
2458714.82277,2019-08-19.3205278,bG,1.44,14.583,>14.583,99.990,0.649,1.066,g
2458714.82407,2019-08-19.3218297,bG,1.53,14.311,>14.311,99.990,0.352,1.370,g
2458714.82534,2019-08-19.3230921,bG,1.31,13.796,>13.796,99.990,-0.252,2.202,g
2458715.54804,2019-08-20.0457997,bo,1.51,16.628,>16.628,99.990,0.338,0.162,g
2458715.54926,2019-08-20.0470144,bo,1.53,16.652,>16.652,99.990,-0.118,0.159,g
2458715.55048,2019-08-20.0482430,bo,1.50,16.483,>16.483,99.990,0.270,0.185,g
2458715.77293,2019-08-20.2706937,bk,1.48,16.643,>16.643,99.990,-0.110,0.160,g
2458715.77414,2019-08-20.2719149,bk,1.50,16.606,>16.606,99.990,0.273,0.165,g
2458715.77536,2019-08-20.2731299,bk,1.52,16.733,>16.733,99.990,0.059,0.147,g
2458716.78497,2019-08-21.2827534,bk,1.50,16.686,>16.686,99.990,0.225,0.154,g
2458716.78620,2019-08-21.2839784,bk,1.54,16.699,>16.699,99.990,0.176,0.152,g
2458716.78743,2019-08-21.2852130,bk,1.55,16.741,>16.741,99.990,-0.009,0.146,g
2458717.73929,2019-08-22.2370702,bG,1.57,16.966,>16.966,99.990,-0.167,0.119,g
2458717.77270,2019-08-22.2704944,bG,1.74,16.892,>16.892,99.990,-0.010,0.127,g
2458717.77399,2019-08-22.2717763,bG,1.75,16.831,>16.831,99.990,0.181,0.134,g
2458717.78518,2019-08-22.2829682,bk,1.45,16.917,>16.917,99.990,0.089,0.124,g
2458717.78640,2019-08-22.2841861,bk,1.42,16.734,>16.734,99.990,-0.043,0.147,g
2458717.78761,2019-08-22.2853984,bk,1.52,16.894,>16.894,99.990,0.339,0.127,g
2458718.68495,2019-08-23.1827548,bG,1.44,17.362,>17.362,99.990,0.241,0.082,g
2458718.68623,2019-08-23.1840302,bG,1.46,17.260,>17.260,99.990,0.109,0.091,g
2458718.68750,2019-08-23.1853034,bG,1.36,17.212,>17.212,99.990,0.096,0.095,g
2458718.91149,2019-08-23.4092953,bG,1.44,16.912,>16.912,99.990,0.148,0.125,g
2458718.91276,2019-08-23.4105622,bG,1.44,17.142,>17.142,99.990,0.278,0.101,g
2458718.91402,2019-08-23.4118271,bG,1.47,16.913,>16.913,99.990,0.091,0.125,g
2458719.68364,2019-08-24.1814528,bG,1.43,17.201,>17.201,99.990,0.203,0.096,g
2458719.68490,2019-08-24.1827167,bG,1.48,17.203,>17.203,99.990,0.193,0.095,g
2458719.68617,2019-08-24.1839812,bG,1.45,17.315,>17.315,99.990,0.247,0.086,g
2458719.82322,2019-08-24.3210402,bk,1.43,16.923,>16.923,99.990,0.181,0.124,g
2458719.86944,2019-08-24.3672570,bG,1.50,17.171,>17.171,99.990,0.437,0.098,g
2458719.87070,2019-08-24.3685178,bG,1.41,17.142,>17.142,99.990,0.168,0.101,g
2458719.87196,2019-08-24.3697798,bG,1.42,17.063,>17.063,99.990,0.169,0.109,g
2458720.90845,2019-08-25.4062909,bk,1.48,17.066,>17.066,99.990,0.017,0.108,g
2458720.90967,2019-08-25.4075055,bk,1.50,17.115,>17.115,99.990,0.144,0.104,g
2458720.91088,2019-08-25.4087206,bk,1.45,17.221,>17.221,99.990,0.019,0.094,g
2458721.84387,2019-08-26.3417246,bG,1.46,17.090,>17.090,99.990,0.113,0.106,g
2458721.84514,2019-08-26.3429954,bG,1.49,16.995,>16.995,99.990,0.205,0.116,g
2458721.84642,2019-08-26.3442707,bG,1.51,16.916,>16.916,99.990,0.253,0.124,g
2458724.83314,2019-08-29.3310528,bk,1.41,17.248,>17.248,99.990,0.141,0.092,g
2458724.83437,2019-08-29.3322719,bk,1.44,17.150,>17.150,99.990,0.081,0.100,g
2458724.83559,2019-08-29.3334922,bk,1.45,17.243,>17.243,99.990,0.232,0.092,g
2458726.88407,2019-08-31.3820138,bG,1.45,99.990,99.990,99.990,99.990,99.990,g
2458726.88536,2019-08-31.3833018,bG,1.43,99.990,99.990,99.990,99.990,99.990,g
2458726.88662,2019-08-31.3845680,bG,1.49,99.990,99.990,99.990,99.990,99.990,g
2458727.52205,2019-09-01.0200039,bo,1.42,17.323,>17.323,99.990,0.028,0.085,g
2458727.52326,2019-09-01.0212105,bo,1.44,17.404,>17.404,99.990,0.011,0.079,g
2458727.52446,2019-09-01.0224167,bo,1.41,17.395,>17.395,99.990,0.180,0.080,g
2458727.87671,2019-09-01.3746715,bG,1.45,99.990,99.990,99.990,99.990,99.990,g
2458727.87797,2019-09-01.3759322,bG,1.44,99.990,99.990,99.990,99.990,99.990,g
2458727.87924,2019-09-01.3771989,bG,1.45,99.990,99.990,99.990,99.990,99.990,g
2458728.63668,2019-09-02.1346542,bG,1.47,99.990,99.990,99.990,99.990,99.990,g
2458728.63796,2019-09-02.1359314,bG,1.40,99.990,99.990,99.990,99.990,99.990,g
2458728.63923,2019-09-02.1372070,bG,1.45,99.990,99.990,99.990,99.990,99.990,g
2458728.81695,2019-09-02.3149260,bG,1.39,99.990,99.990,99.990,99.990,99.990,g
2458728.81821,2019-09-02.3161905,bG,1.42,99.990,99.990,99.990,99.990,99.990,g
2458728.81948,2019-09-02.3174552,bG,1.49,99.990,99.990,99.990,99.990,99.990,g
2458729.68359,2019-09-03.1815972,bG,1.56,99.990,99.990,99.990,99.990,99.990,g
2458729.85057,2019-09-03.3485738,bG,1.50,15.634,>15.634,99.990,-0.420,0.405,g
2458729.85184,2019-09-03.3498380,bG,1.55,15.487,>15.487,99.990,1.435,0.464,g
2458729.85310,2019-09-03.3511030,bG,1.53,15.840,>15.840,99.990,0.245,0.335,g
2458730.66688,2019-09-04.1649009,bG,1.49,99.990,99.990,99.990,99.990,99.990,g
2458730.66814,2019-09-04.1661614,bG,1.49,17.330,>17.330,99.990,0.187,0.085,g
2458730.66941,2019-09-04.1674292,bG,1.52,17.301,>17.301,99.990,0.067,0.087,g
2458732.72099,2019-09-06.2190578,bG,1.54,99.990,99.990,99.990,99.990,99.990,g
2458732.72226,2019-09-06.2203210,bG,1.50,99.990,99.990,99.990,99.990,99.990,g
2458734.76187,2019-09-08.2599805,bG,1.43,16.933,>16.933,99.990,0.127,0.122,g
2458734.76315,2019-09-08.2612694,bG,1.49,16.872,>16.872,99.990,-0.285,0.129,g
2458734.76443,2019-09-08.2625430,bG,1.44,16.885,>16.885,99.990,0.120,0.128,g
2458738.69112,2019-09-12.1893370,bk,2.06,16.076,>16.076,99.990,0.408,0.270,g
2458738.69235,2019-09-12.1905630,bk,2.03,16.041,>16.041,99.990,0.269,0.278,g
2458738.90240,2019-09-12.4006199,bk,1.53,16.303,>16.303,99.990,0.043,0.219,g
2458738.90361,2019-09-12.4018355,bk,1.52,16.396,>16.396,99.990,0.365,0.201,g
2458738.90483,2019-09-12.4030501,bk,1.57,16.447,>16.447,99.990,-0.158,0.192,g
2458739.62828,2019-09-13.1265173,bG,1.65,14.801,>14.801,99.990,-1.643,0.873,g
2458739.89902,2019-09-13.3972678,bk,1.50,16.085,>16.085,99.990,-0.145,0.267,g
2458739.90026,2019-09-13.3985061,bk,1.40,16.049,>16.049,99.990,0.078,0.276,g
2458739.90148,2019-09-13.3997265,bk,1.43,16.066,>16.066,99.990,-0.117,0.272,g
2458740.75201,2019-09-14.2502839,bk,1.45,15.825,>15.825,99.990,0.271,0.340,g
2458740.75322,2019-09-14.2514971,bk,1.51,15.931,>15.931,99.990,0.925,0.308,g
2458740.75445,2019-09-14.2527196,bk,1.55,15.878,>15.878,99.990,0.223,0.324,g
2458741.61030,2019-09-15.1085924,bk,1.51,16.069,>16.069,99.990,-0.262,0.271,g
2458741.61152,2019-09-15.1098092,bk,1.50,16.180,>16.180,99.990,-0.610,0.245,g
2458741.61274,2019-09-15.1110285,bk,1.55,16.030,>16.030,99.990,0.015,0.281,g
2458741.82233,2019-09-15.3206295,bk,1.46,16.121,>16.121,99.990,-0.498,0.259,g
2458741.82355,2019-09-15.3218438,bk,1.49,16.168,>16.168,99.990,-0.287,0.248,g
2458741.82477,2019-09-15.3230700,bk,1.48,16.149,>16.149,99.990,0.451,0.252,g
2458742.71128,2019-09-16.2095969,bk,1.51,16.144,>16.144,99.990,-0.225,0.253,g
2458742.71250,2019-09-16.2108215,bk,1.49,16.142,>16.142,99.990,0.474,0.254,g
2458742.71373,2019-09-16.2120493,bk,1.53,16.189,>16.189,99.990,-0.229,0.243,g
2458743.61547,2019-09-17.1138184,bo,1.42,16.101,>16.101,99.990,0.410,0.264,g
2458743.61669,2019-09-17.1150314,bo,1.48,16.242,>16.242,99.990,0.074,0.231,g
2458744.60099,2019-09-18.0993788,bo,1.53,16.293,>16.293,99.990,0.047,0.221,g
2458744.60220,2019-09-18.1005865,bo,1.48,16.191,>16.191,99.990,-0.151,0.242,g
2458744.60342,2019-09-18.1017928,bo,1.47,16.398,>16.398,99.990,0.195,0.200,g
2458744.83654,2019-09-18.3349248,bk,1.42,16.446,>16.446,99.990,0.210,0.192,g
2458744.83775,2019-09-18.3361439,bk,1.40,16.494,>16.494,99.990,0.182,0.183,g
2458744.83897,2019-09-18.3373586,bk,1.48,16.468,>16.468,99.990,0.300,0.188,g
2458745.83725,2019-09-19.3356598,bG,1.50,16.529,>16.529,99.990,-0.128,0.178,g
2458745.83850,2019-09-19.3369214,bG,1.49,16.556,>16.556,99.990,0.159,0.173,g
2458745.83977,2019-09-19.3381839,bG,1.50,16.663,>16.663,99.990,0.159,0.157,g
2458746.65216,2019-09-20.1505950,bk,1.47,17.381,>17.381,99.990,-0.060,0.081,g
2458746.65336,2019-09-20.1518096,bk,1.46,17.277,>17.277,99.990,0.139,0.089,g
2458746.65458,2019-09-20.1530226,bk,1.44,17.160,>17.160,99.990,0.109,0.099,g
2458746.86704,2019-09-20.3654906,bk,1.47,16.739,>16.739,99.990,-0.148,0.146,g
2458746.86826,2019-09-20.3667091,bk,1.42,16.759,>16.759,99.990,0.385,0.144,g
2458746.86949,2019-09-20.3679354,bk,1.48,16.837,>16.837,99.990,0.383,0.134,g
2458747.39430,2019-09-20.8927619,bo,1.48,16.755,>16.755,99.990,0.136,0.144,g
2458747.39552,2019-09-20.8939868,bo,1.50,16.848,>16.848,99.990,0.049,0.132,g
2458747.39673,2019-09-20.8951905,bo,1.49,16.807,>16.807,99.990,-0.174,0.138,g
2458747.69404,2019-09-21.1925060,bG,1.46,17.192,>17.192,99.990,-0.009,0.096,g
2458747.69531,2019-09-21.1937736,bG,1.46,17.188,>17.188,99.990,0.051,0.097,g
2458747.69657,2019-09-21.1950365,bG,1.47,17.240,>17.240,99.990,0.162,0.092,g
2458747.86519,2019-09-21.3636659,bG,1.47,16.937,>16.937,99.990,0.077,0.122,g
2458747.86774,2019-09-21.3662131,bG,1.52,16.724,>16.724,99.990,0.358,0.148,g
2458747.88196,2019-09-21.3804365,bk,1.44,16.694,>16.694,99.990,0.245,0.153,g
2458747.88317,2019-09-21.3816581,bk,1.46,16.898,>16.898,99.990,-0.168,0.126,g
2458747.88440,2019-09-21.3828877,bk,1.47,16.809,>16.809,99.990,0.170,0.137,g
2458748.68266,2019-09-22.1811567,bk,1.53,17.248,>17.248,99.990,-0.123,0.092,g
2458748.68387,2019-09-22.1823737,bk,1.48,17.359,>17.359,99.990,0.226,0.083,g
2458748.68509,2019-09-22.1835918,bk,1.46,17.160,>17.160,99.990,-0.037,0.099,g
2458748.85753,2019-09-22.3560337,bG,1.47,17.049,>17.049,99.990,0.011,0.110,g
2458748.85885,2019-09-22.3573540,bG,1.49,16.918,>16.918,99.990,0.019,0.124,g
2458748.86013,2019-09-22.3586342,bG,1.52,16.954,>16.954,99.990,0.124,0.120,g
2458749.78914,2019-09-23.2876707,bG,1.47,17.153,>17.153,99.990,0.191,0.100,g
2458749.79042,2019-09-23.2889553,bG,1.48,17.214,>17.214,99.990,0.093,0.095,g
2458749.87507,2019-09-23.3736099,bk,1.47,17.090,>17.090,99.990,0.094,0.106,g
2458750.85857,2019-09-24.3571388,bG,1.46,17.326,>17.326,99.990,0.017,0.085,g
2458750.85985,2019-09-24.3584128,bG,1.45,17.397,>17.397,99.990,-0.054,0.080,g
2458750.86111,2019-09-24.3596755,bG,1.50,17.260,>17.260,99.990,0.251,0.091,g
2458751.66755,2019-09-25.1661519,bG,1.76,17.128,>17.128,99.990,0.107,0.102,g
2458751.83940,2019-09-25.3380052,bG,1.48,17.232,>17.232,99.990,0.086,0.093,g
2458751.84066,2019-09-25.3392684,bG,1.49,17.171,>17.171,99.990,0.137,0.098,g
2458751.84193,2019-09-25.3405331,bG,1.44,17.256,>17.256,99.990,0.180,0.091,g
2458753.78930,2019-09-27.2879621,bG,1.50,17.266,>17.266,99.990,0.237,0.090,g
2458753.79057,2019-09-27.2892384,bG,1.47,17.345,>17.345,99.990,0.107,0.084,g
2458753.79183,2019-09-27.2904961,bG,1.51,17.272,>17.272,99.990,0.236,0.090,g
2458754.80618,2019-09-28.3048898,bk,1.38,17.019,>17.019,99.990,0.188,0.113,g
2458754.80740,2019-09-28.3061027,bk,1.42,17.169,>17.169,99.990,0.197,0.099,g
2458754.80862,2019-09-28.3073187,bk,1.47,17.164,>17.164,99.990,0.128,0.099,g
2458756.76529,2019-09-30.2640623,bk,1.37,17.159,>17.159,99.990,0.025,0.099,g
2458756.76651,2019-09-30.2652813,bk,1.40,17.176,>17.176,99.990,-0.040,0.098,g
2458756.76774,2019-09-30.2665111,bk,1.47,17.151,>17.151,99.990,0.206,0.100,g
2458757.71293,2019-10-01.2117238,bG,1.50,99.990,99.990,99.990,99.990,99.990,g
2458757.71420,2019-10-01.2129972,bG,1.43,99.990,99.990,99.990,99.990,99.990,g
2458757.71547,2019-10-01.2142603,bG,1.45,16.853,>16.853,99.990,0.038,0.132,g
2458758.82981,2019-10-02.3286446,bk,1.45,17.074,>17.074,99.990,0.194,0.107,g
2458758.83103,2019-10-02.3298660,bk,1.41,17.106,>17.106,99.990,0.112,0.104,g
2458758.83224,2019-10-02.3310817,bk,1.41,17.189,>17.189,99.990,0.124,0.097,g
2458761.60074,2019-10-05.0996777,bk,1.41,16.898,>16.898,99.990,0.027,0.126,g
2458761.60196,2019-10-05.1009019,bk,1.39,16.745,>16.745,99.990,0.288,0.146,g
2458761.60318,2019-10-05.1021232,bk,1.42,16.993,>16.993,99.990,-0.163,0.116,g
2458761.82748,2019-10-05.3264248,bk,1.43,16.992,>16.992,99.990,0.042,0.116,g
2458761.82869,2019-10-05.3276405,bk,1.44,17.156,>17.156,99.990,0.072,0.100,g
2458761.82991,2019-10-05.3288598,bk,1.45,17.134,>17.134,99.990,0.271,0.102,g
2458762.50008,2019-10-05.9990478,bo,1.46,99.990,99.990,99.990,99.990,99.990,g
2458762.65024,2019-10-06.1492144,bk,1.46,16.792,>16.792,99.990,0.244,0.139,g
2458762.65145,2019-10-06.1504241,bk,1.50,16.700,>16.700,99.990,0.108,0.152,g
2458762.65267,2019-10-06.1516446,bk,1.43,16.859,>16.859,99.990,0.418,0.131,g
2458762.83991,2019-10-06.3388907,bk,1.40,17.297,>17.297,99.990,-0.015,0.088,g
2458762.84113,2019-10-06.3401086,bk,1.48,16.971,>16.971,99.990,0.121,0.118,g
2458762.84235,2019-10-06.3413255,bk,1.46,17.216,>17.216,99.990,0.397,0.094,g
2458763.50773,2019-10-07.0067363,bo,1.51,17.014,>17.014,99.990,0.041,0.114,g
2458763.50894,2019-10-07.0079452,bo,1.53,17.050,>17.050,99.990,0.279,0.110,g
2458763.51015,2019-10-07.0091623,bo,1.48,16.924,>16.924,99.990,0.361,0.123,g
2458763.65405,2019-10-07.1530579,bk,1.38,16.597,>16.597,99.990,-0.003,0.167,g
2458763.65527,2019-10-07.1542737,bk,1.40,16.662,>16.662,99.990,-0.202,0.157,g
2458763.65647,2019-10-07.1554891,bk,1.45,16.657,>16.657,99.990,0.023,0.158,g
2458764.39078,2019-10-07.8898236,bo,1.53,15.636,>15.636,99.990,0.152,0.404,g
2458764.39200,2019-10-07.8910402,bo,1.53,15.797,>15.797,99.990,-0.155,0.348,g
2458764.39320,2019-10-07.8922474,bo,1.48,15.982,>15.982,99.990,0.370,0.294,g
2458764.50329,2019-10-08.0023429,bo,1.59,16.824,>16.824,99.990,0.097,0.135,g
2458764.52609,2019-10-08.0251287,bk,1.52,16.529,>16.529,99.990,0.533,0.178,g
2458764.52731,2019-10-08.0263458,bk,1.48,16.402,>16.402,99.990,0.390,0.200,g
2458764.52853,2019-10-08.0275625,bk,1.51,16.405,>16.405,99.990,0.478,0.199,g
2458765.59522,2019-10-09.0942980,bG,1.39,14.582,>14.582,99.990,0.385,1.067,g
2458765.59650,2019-10-09.0955820,bG,1.35,14.657,>14.657,99.990,-2.231,0.996,g
2458765.59778,2019-10-09.0968591,bG,1.40,15.167,>15.167,99.990,0.145,0.622,g
2458765.79848,2019-10-09.2975666,bk,1.48,16.517,>16.517,99.990,0.150,0.180,g
2458766.57142,2019-10-10.0705386,bk,1.49,16.169,>16.169,99.990,0.047,0.248,g
2458766.57263,2019-10-10.0717542,bk,1.42,16.138,>16.138,99.990,0.212,0.255,g
2458766.57385,2019-10-10.0729696,bk,1.46,16.173,>16.173,99.990,-0.980,0.247,g
2458766.84949,2019-10-10.3486167,bG,1.43,16.669,>16.669,99.990,-0.134,0.156,g
2458766.85078,2019-10-10.3499034,bG,1.54,16.762,>16.762,99.990,-0.042,0.143,g
2458766.85207,2019-10-10.3511908,bG,1.50,16.729,>16.729,99.990,0.295,0.148,g
2458767.28620,2019-10-10.7853476,bo,1.56,16.114,>16.114,99.990,0.006,0.260,g
2458767.28742,2019-10-10.7865659,bo,1.52,16.169,>16.169,99.990,0.036,0.247,g
2458767.28865,2019-10-10.7877912,bo,1.58,16.208,>16.208,99.990,-0.410,0.239,g
2458767.37630,2019-10-10.8754458,bo,1.62,16.441,>16.441,99.990,0.088,0.193,g
2458767.37751,2019-10-10.8766592,bo,1.51,16.432,>16.432,99.990,-0.356,0.194,g
2458767.55740,2019-10-11.0565549,bG,1.56,15.034,>15.034,99.990,0.139,0.704,g
2458767.55867,2019-10-11.0578221,bG,1.49,15.069,>15.069,99.990,0.298,0.681,g
2458767.55993,2019-10-11.0590839,bG,1.52,14.856,>14.856,99.990,-0.535,0.829,g
2458768.28291,2019-10-11.7820915,bo,1.62,15.961,>15.961,99.990,-0.503,0.300,g
2458768.28411,2019-10-11.7832979,bo,1.65,16.072,>16.072,99.990,0.721,0.271,g
2458768.28533,2019-10-11.7845171,bo,1.62,16.017,>16.017,99.990,-0.227,0.285,g
2458768.34361,2019-10-11.8427913,bo,1.54,15.654,>15.654,99.990,0.798,0.397,g
2458768.34481,2019-10-11.8439976,bo,1.49,15.347,>15.347,99.990,-0.247,0.527,g
2458768.34602,2019-10-11.8452111,bo,1.47,15.467,>15.467,99.990,0.743,0.472,g
2458768.63480,2019-10-12.1339906,bG,1.44,16.172,>16.172,99.990,-0.633,0.247,g
2458768.63608,2019-10-12.1352733,bG,1.48,16.128,>16.128,99.990,0.019,0.257,g
2458768.63735,2019-10-12.1365491,bG,1.46,16.040,>16.040,99.990,0.002,0.279,g
2458768.76189,2019-10-12.2610903,bk,1.52,13.712,>13.712,99.990,-0.715,2.378,g
2458769.51086,2019-10-13.0100893,bo,1.58,16.018,>16.018,99.990,-0.161,0.284,g
2458769.51208,2019-10-13.0113106,bo,1.58,15.984,>15.984,99.990,0.051,0.293,g
2458769.51330,2019-10-13.0125265,bo,1.53,15.984,>15.984,99.990,0.634,0.293,g
2458769.76099,2019-10-13.2602230,bG,2.06,15.279,>15.279,99.990,-0.809,0.562,g
2458769.76226,2019-10-13.2614968,bG,1.95,14.731,>14.731,99.990,1.260,0.930,g
2458770.28405,2019-10-13.7833049,bo,1.52,15.875,>15.875,99.990,-0.354,0.324,g
2458770.28525,2019-10-13.7845089,bo,1.57,15.814,>15.814,99.990,-0.258,0.343,g
2458770.28646,2019-10-13.7857187,bo,1.55,15.904,>15.904,99.990,0.188,0.316,g
2458770.50638,2019-10-14.0056480,bo,2.18,15.957,>15.957,99.990,-0.061,0.301,g
2458771.28823,2019-10-14.7875185,bo,1.50,16.077,>16.077,99.990,0.427,0.269,g
2458771.28944,2019-10-14.7887355,bo,1.46,16.159,>16.159,99.990,0.310,0.250,g
2458771.29065,2019-10-14.7899510,bo,1.50,15.932,>15.932,99.990,0.097,0.308,g
2458771.46118,2019-10-14.9604861,bo,1.66,15.644,>15.644,99.990,0.524,0.401,g
2458771.46239,2019-10-14.9616901,bo,1.65,14.712,>14.712,99.990,0.052,0.947,g
2458771.46359,2019-10-14.9628931,bo,1.68,14.608,>14.608,99.990,0.744,1.042,g
2458772.28767,2019-10-15.7870144,bo,1.66,15.458,>15.458,99.990,0.631,0.476,g
2458772.28888,2019-10-15.7882168,bo,1.56,15.338,>15.338,99.990,0.380,0.532,g
2458772.29008,2019-10-15.7894267,bo,1.58,15.308,>15.308,99.990,1.802,0.547,g
2458772.73816,2019-10-16.2375152,bk,1.64,16.115,>16.115,99.990,0.072,0.260,g
2458772.73938,2019-10-16.2387358,bk,1.64,15.085,>15.085,99.990,-0.177,0.672,g
2458772.74060,2019-10-16.2399510,bk,1.69,15.608,>15.608,99.990,-0.493,0.415,g
2458773.49944,2019-10-16.9988251,bo,1.51,16.065,>16.065,99.990,0.308,0.272,g
2458773.50065,2019-10-17.4143518,bo,1.47,16.013,>16.013,99.990,-0.517,0.286,g
2458773.50187,2019-10-17.0012576,bo,1.45,16.089,>16.089,99.990,0.491,0.266,g
2458773.62972,2019-10-17.1291027,bk,1.49,16.653,>16.653,99.990,-0.283,0.158,g
2458773.63093,2019-10-17.1303171,bk,1.42,16.355,>16.355,99.990,0.075,0.208,g
2458773.63216,2019-10-17.1315410,bk,1.42,16.524,>16.524,99.990,0.270,0.178,g
2458773.81070,2019-10-17.3100928,bG,1.42,16.536,>16.536,99.990,0.053,0.176,g
2458773.81196,2019-10-17.3113565,bG,1.45,16.493,>16.493,99.990,-0.157,0.184,g
2458773.81323,2019-10-17.3126306,bG,1.44,16.459,>16.459,99.990,0.285,0.189,g
2458774.76090,2019-10-18.2603309,bG,1.46,16.664,>16.664,99.990,0.027,0.157,g
2458774.76991,2019-10-18.2693365,bk,1.42,16.448,>16.448,99.990,0.583,0.191,g
2458774.77113,2019-10-18.2705601,bk,1.36,16.847,>16.847,99.990,0.177,0.133,g
2458774.77234,2019-10-18.2717743,bk,1.46,16.620,>16.620,99.990,-0.181,0.163,g
2458775.54369,2019-10-19.0431604,bo,1.54,16.399,>16.399,99.990,0.348,0.200,g
2458775.54490,2019-10-19.0443636,bo,1.48,16.447,>16.447,99.990,0.329,0.192,g
2458775.54610,2019-10-19.0455699,bo,1.53,16.576,>16.576,99.990,0.320,0.170,g
2458775.62697,2019-10-19.1264339,bG,1.48,17.216,>17.216,99.990,0.228,0.094,g
2458775.62826,2019-10-19.1277207,bG,1.50,17.360,>17.360,99.990,0.087,0.083,g
2458775.62954,2019-10-19.1289967,bG,1.51,17.327,>17.327,99.990,0.104,0.085,g
2458775.79405,2019-10-19.2935218,bk,1.43,16.438,>16.438,99.990,0.319,0.193,g
2458775.79525,2019-10-19.2947313,bk,1.40,16.688,>16.688,99.990,0.247,0.153,g
2458775.79647,2019-10-19.2959483,bk,1.42,16.535,>16.535,99.990,0.135,0.177,g
2458776.56860,2019-10-20.0681010,bo,1.52,16.679,>16.679,99.990,-0.086,0.155,g
2458776.56983,2019-10-20.0693335,bo,1.57,16.734,>16.734,99.990,0.495,0.147,g
2458776.57144,2019-10-20.0709394,bo,1.48,16.673,>16.673,99.990,-0.021,0.155,g
2458776.65019,2019-10-20.1496949,bG,1.57,17.229,>17.229,99.990,0.226,0.093,g
2458776.65146,2019-10-20.1509586,bG,1.60,99.990,99.990,99.990,99.990,99.990,g
2458776.65272,2019-10-20.1522231,bG,1.52,17.281,>17.281,99.990,0.003,0.089,g
2458776.82057,2019-10-20.3200758,bG,1.47,16.670,>16.670,99.990,0.161,0.156,g
2458776.82183,2019-10-20.3213440,bG,1.46,16.586,>16.586,99.990,0.279,0.169,g
2458776.82312,2019-10-20.3226258,bG,1.48,16.709,>16.709,99.990,0.382,0.150,g
2458777.78700,2019-10-21.2865550,bk,1.48,16.798,>16.798,99.990,0.233,0.139,g
2458777.78821,2019-10-21.2877641,bk,1.43,16.993,>16.993,99.990,0.261,0.116,g
2458777.78943,2019-10-21.2889809,bk,1.44,16.836,>16.836,99.990,0.079,0.134,g
2458778.64291,2019-10-22.1424883,bk,1.42,16.296,>16.296,99.990,0.324,0.220,g
2458778.64411,2019-10-22.1437030,bk,1.45,16.581,>16.581,99.990,0.218,0.169,g
2458778.64534,2019-10-22.1449234,bk,1.46,16.559,>16.559,99.990,0.588,0.173,g
2458778.83797,2019-10-22.3375622,bG,1.64,15.507,>15.507,99.990,0.779,0.455,g
2458778.83924,2019-10-22.3388363,bG,1.61,15.124,>15.124,99.990,-0.225,0.648,g
2458778.84052,2019-10-22.3401148,bG,1.67,14.686,>14.686,99.990,-1.406,0.970,g
2458780.77309,2019-10-24.2727604,bG,1.55,99.990,99.990,99.990,99.990,99.990,g
2458780.77435,2019-10-24.2740151,bG,1.49,14.578,>14.578,99.990,-1.379,1.072,g
2458780.77561,2019-10-24.2752842,bG,1.54,14.767,>14.767,99.990,2.700,0.901,g
2458781.80756,2019-10-25.3072804,bk,1.50,17.114,>17.114,99.990,-0.169,0.104,g
2458781.80879,2019-10-25.3085078,bk,1.50,17.018,>17.018,99.990,0.310,0.113,g
2458781.81001,2019-10-25.3097195,bk,1.54,17.149,>17.149,99.990,0.020,0.100,g
2458782.80515,2019-10-26.3049013,bG,1.42,17.395,>17.395,99.990,0.170,0.080,g
2458783.47229,2019-10-26.9720642,bo,1.76,15.841,>15.841,99.990,0.417,0.335,g
2458783.80188,2019-10-27.3016642,bG,1.41,17.320,>17.320,99.990,-0.006,0.086,g
2458783.80315,2019-10-27.3029371,bG,1.43,17.416,>17.416,99.990,0.227,0.078,g
2458783.80442,2019-10-27.3042112,bG,1.41,17.248,>17.248,99.990,0.232,0.092,g
2458784.79471,2019-10-28.2945424,bG,1.49,99.990,99.990,99.990,99.990,99.990,g
2458784.79598,2019-10-28.2958164,bG,1.42,99.990,99.990,99.990,99.990,99.990,g
2458784.79725,2019-10-28.2970903,bG,1.57,99.990,99.990,99.990,99.990,99.990,g
2458785.54954,2019-10-29.0493935,bk,1.41,17.185,>17.185,99.990,-0.022,0.097,g
2458785.55076,2019-10-29.0506187,bk,1.45,17.159,>17.159,99.990,0.109,0.099,g
2458785.55198,2019-10-29.0518391,bk,1.45,17.182,>17.182,99.990,0.079,0.097,g
2458785.79538,2019-10-29.2952415,bG,1.40,99.990,99.990,99.990,99.990,99.990,g
2458785.79664,2019-10-29.2965122,bG,1.42,17.240,>17.240,99.990,0.089,0.092,g
2458785.79792,2019-10-29.2977881,bG,1.46,17.228,>17.228,99.990,0.307,0.093,g
2458786.79604,2019-10-30.2959603,bG,1.43,15.261,>15.261,99.990,0.770,0.571,g
2458786.79732,2019-10-30.2972313,bG,1.48,14.699,>14.699,99.990,-0.448,0.958,g
2458786.79858,2019-10-30.2984925,bG,1.48,15.048,>15.048,99.990,0.339,0.695,g
2458787.28992,2019-10-30.7898549,bo,1.50,99.990,99.990,99.990,99.990,99.990,g
2458787.29115,2019-10-30.7910717,bo,1.51,17.326,>17.326,99.990,0.100,0.085,g
2458787.29235,2019-10-30.7922782,bo,1.51,99.990,99.990,99.990,99.990,99.990,g
2458787.71222,2019-10-31.2121774,bk,1.44,16.270,>16.270,99.990,0.004,0.226,g
2458787.71344,2019-10-31.2133891,bk,1.43,16.650,>16.650,99.990,0.149,0.159,g
2458787.71466,2019-10-31.2146070,bk,1.43,16.357,>16.357,99.990,0.412,0.208,g
2458788.30239,2019-10-31.8023565,bo,1.50,17.201,>17.201,99.990,0.167,0.096,g
2458788.30359,2019-10-31.8035666,bo,1.53,17.409,>17.409,99.990,0.277,0.079,g
2458788.30483,2019-10-31.8048047,bo,1.51,17.339,>17.339,99.990,0.061,0.084,g
2458789.72337,2019-11-02.2233958,bk,1.45,16.080,>16.080,99.990,0.112,0.269,g
2458789.72458,2019-11-02.2246153,bk,1.45,15.752,>15.752,99.990,0.596,0.363,g
2458789.72580,2019-11-02.2258300,bk,1.50,15.849,>15.849,99.990,-0.248,0.332,g
2458790.29500,2019-11-02.7950593,bo,1.50,16.988,>16.988,99.990,0.128,0.116,g
2458790.29629,2019-11-02.7963462,bo,1.48,17.053,>17.053,99.990,0.229,0.110,g
2458790.29754,2019-11-02.7975903,bo,1.50,16.948,>16.948,99.990,0.262,0.121,g
2458791.77825,2019-11-04.2783645,bk,1.48,17.112,>17.112,99.990,0.217,0.104,g
2458791.77948,2019-11-04.2795928,bk,1.46,17.193,>17.193,99.990,-0.014,0.096,g
2458791.78071,2019-11-04.2808201,bk,1.46,17.072,>17.072,99.990,0.365,0.108,g
2458792.56089,2019-11-05.0610402,bo,1.43,17.159,>17.159,99.990,0.022,0.099,g
2458792.56210,2019-11-05.0622468,bo,1.46,17.303,>17.303,99.990,0.281,0.087,g
2458792.56331,2019-11-05.0634581,bo,1.46,17.194,>17.194,99.990,-0.023,0.096,g
2458792.56653,2019-11-05.0666743,bk,1.51,16.760,>16.760,99.990,0.303,0.144,g
2458792.56775,2019-11-05.0678942,bk,1.53,16.926,>16.926,99.990,0.145,0.123,g
2458792.56897,2019-11-05.0691112,bk,1.52,16.792,>16.792,99.990,0.197,0.139,g
2458792.77619,2019-11-05.2763421,bG,1.51,17.195,>17.195,99.990,0.093,0.096,g
2458792.77746,2019-11-05.2776104,bG,1.48,17.191,>17.191,99.990,0.081,0.097,g
2458792.77873,2019-11-05.2788747,bG,1.48,17.254,>17.254,99.990,0.054,0.091,g
2458793.77295,2019-11-06.2731371,bG,1.43,17.072,>17.072,99.990,0.314,0.108,g
2458793.77422,2019-11-06.2744114,bG,1.49,16.935,>16.935,99.990,0.247,0.122,g
2458793.77550,2019-11-06.2756924,bG,1.45,17.215,>17.215,99.990,0.048,0.094,g
2458794.76429,2019-11-07.2645326,bk,1.47,16.530,>16.530,99.990,0.560,0.177,g
2458794.76552,2019-11-07.2657530,bk,1.39,16.542,>16.542,99.990,0.309,0.175,g
2458794.76675,2019-11-07.2669815,bk,1.44,16.526,>16.526,99.990,0.295,0.178,g
2458795.59830,2019-11-08.0985665,bk,1.43,16.409,>16.409,99.990,0.330,0.198,g
2458795.59952,2019-11-08.0997856,bk,1.43,16.514,>16.514,99.990,-0.079,0.180,g
2458795.60074,2019-11-08.1010047,bk,1.41,16.481,>16.481,99.990,0.264,0.186,g
2458796.30836,2019-11-08.8086488,bo,1.52,16.245,>16.245,99.990,0.353,0.231,g
2458796.30959,2019-11-08.8098825,bo,1.51,16.302,>16.302,99.990,0.101,0.219,g
2458796.31081,2019-11-08.8110981,bo,1.46,16.499,>16.499,99.990,0.387,0.183,g
2458796.70700,2019-11-09.2073115,bG,1.48,15.570,>15.570,99.990,0.362,0.429,g
2458796.70828,2019-11-09.2085878,bG,1.51,14.881,>14.881,99.990,-0.466,0.811,g
2458796.70963,2019-11-09.2099362,bG,1.55,15.480,>15.480,99.990,-0.339,0.467,g
2458797.75966,2019-11-10.2600144,bk,1.46,16.207,>16.207,99.990,0.478,0.239,g
2458797.76089,2019-11-10.2612409,bk,1.44,16.052,>16.052,99.990,0.064,0.276,g
2458797.76211,2019-11-10.2624635,bk,1.47,16.168,>16.168,99.990,0.452,0.248,g
2458798.66586,2019-11-11.1662446,bk,1.50,16.130,>16.130,99.990,0.245,0.257,g
2458798.66707,2019-11-11.1674640,bk,1.49,16.162,>16.162,99.990,0.281,0.249,g
2458798.66830,2019-11-11.1686983,bk,1.49,16.074,>16.074,99.990,-0.102,0.270,g
2458799.29858,2019-11-11.7989943,bo,1.49,15.228,>15.228,99.990,-0.241,0.589,g
2458799.29979,2019-11-11.8002006,bo,1.49,15.065,>15.065,99.990,1.497,0.684,g
2458799.30100,2019-11-11.8014086,bo,1.48,15.786,>15.786,99.990,0.355,0.352,g
2458799.43036,2019-11-11.9307807,bo,1.56,15.944,>15.944,99.990,0.571,0.304,g
2458799.43158,2019-11-11.9319987,bo,1.50,15.959,>15.959,99.990,0.247,0.300,g
2458799.43280,2019-11-11.9332133,bo,1.47,16.045,>16.045,99.990,-0.157,0.277,g
2458799.73362,2019-11-12.2340450,bk,2.07,15.749,>15.749,99.990,-0.361,0.364,g
2458800.29900,2019-11-12.7994479,bo,1.53,16.211,>16.211,99.990,0.435,0.238,g
2458800.30022,2019-11-12.8006717,bo,1.55,15.959,>15.959,99.990,-0.053,0.300,g
2458800.30144,2019-11-12.8018888,bo,1.57,16.137,>16.137,99.990,-0.373,0.255,g
2458800.56117,2019-11-13.0616307,bk,1.50,16.056,>16.056,99.990,-0.168,0.274,g
2458800.56239,2019-11-13.0628497,bk,1.36,16.254,>16.254,99.990,-0.573,0.229,g
2458800.56361,2019-11-13.0640725,bk,1.56,16.196,>16.196,99.990,0.325,0.241,g
2458800.70507,2019-11-13.2055384,bk,1.47,15.958,>15.958,99.990,0.083,0.301,g
2458800.70629,2019-11-13.2067577,bk,1.49,15.921,>15.921,99.990,0.384,0.311,g
2458800.70752,2019-11-13.2079853,bk,1.49,15.890,>15.890,99.990,0.169,0.320,g
2458801.31569,2019-11-13.8161861,bo,1.52,16.252,>16.252,99.990,-0.208,0.229,g
2458801.31690,2019-11-13.8173984,bo,1.65,16.199,>16.199,99.990,0.210,0.241,g
2458801.52440,2019-11-14.0249010,bk,1.44,16.682,>16.682,99.990,0.046,0.154,g
2458801.52561,2019-11-14.0261189,bk,1.45,16.588,>16.588,99.990,0.008,0.168,g
2458801.52683,2019-11-14.0273357,bk,1.45,16.708,>16.708,99.990,-0.145,0.151,g
2458801.74746,2019-11-14.2479825,bk,1.50,15.935,>15.935,99.990,0.283,0.307,g
2458801.74869,2019-11-14.2492085,bk,1.54,16.023,>16.023,99.990,0.605,0.283,g
2458801.74992,2019-11-14.2504313,bk,1.53,16.083,>16.083,99.990,-0.657,0.268,g
2458802.56203,2019-11-15.0625695,bG,1.44,16.852,>16.852,99.990,0.276,0.132,g
2458802.56331,2019-11-15.0638469,bG,1.45,16.816,>16.816,99.990,0.240,0.136,g
2458802.56466,2019-11-15.0652028,bG,1.46,16.688,>16.688,99.990,0.162,0.153,g
2458802.57356,2019-11-15.0740980,bk,1.40,16.566,>16.566,99.990,0.247,0.172,g
2458802.57479,2019-11-15.0753333,bk,1.39,16.575,>16.575,99.990,0.316,0.170,g
2458802.57600,2019-11-15.0765467,bk,1.38,16.494,>16.494,99.990,0.541,0.183,g
2458802.74869,2019-11-15.2492325,bG,1.49,16.051,>16.051,99.990,-0.542,0.276,g
2458802.74995,2019-11-15.2505032,bG,1.46,16.019,>16.019,99.990,1.004,0.284,g
2458802.75123,2019-11-15.2517848,bG,1.41,16.206,>16.206,99.990,-0.557,0.239,g
2458803.30913,2019-11-15.8096990,bo,1.49,17.190,>17.190,99.990,0.288,0.097,g
2458803.31039,2019-11-15.8109556,bo,1.51,17.351,>17.351,99.990,0.115,0.083,g
2458803.31161,2019-11-15.8121734,bo,1.52,17.215,>17.215,99.990,0.313,0.094,g
2458803.55564,2019-11-16.0562216,bk,1.46,17.174,>17.174,99.990,0.184,0.098,g
2458803.55689,2019-11-16.0574753,bk,1.45,17.145,>17.145,99.990,0.106,0.101,g
2458803.55811,2019-11-16.0586908,bk,1.46,17.170,>17.170,99.990,0.249,0.098,g
2458803.74548,2019-11-16.2460736,bG,1.53,16.411,>16.411,99.990,0.167,0.198,g
2458803.74676,2019-11-16.2473430,bG,1.45,16.326,>16.326,99.990,0.359,0.214,g
2458803.74803,2019-11-16.2486195,bG,1.45,16.360,>16.360,99.990,0.079,0.208,g
2458804.30603,2019-11-16.8066427,bo,1.55,17.395,>17.395,99.990,0.051,0.080,g
2458804.30724,2019-11-16.8078550,bo,1.56,17.301,>17.301,99.990,0.129,0.087,g
2458804.30847,2019-11-16.8090756,bo,1.66,17.372,>17.372,99.990,0.213,0.082,g
2458804.54508,2019-11-17.0457030,bk,1.43,17.351,>17.351,99.990,0.156,0.083,g
2458804.54629,2019-11-17.0469200,bk,1.40,17.055,>17.055,99.990,0.256,0.109,g
2458804.54752,2019-11-17.0481393,bk,1.43,17.090,17.089,0.219,0.530,0.106,g
2458804.74213,2019-11-17.2427584,bG,1.40,16.536,>16.536,99.990,0.184,0.176,g
2458804.74340,2019-11-17.2440268,bG,1.45,16.351,>16.351,99.990,0.292,0.209,g
2458804.74468,2019-11-17.2453024,bG,1.45,16.331,>16.331,99.990,-0.165,0.213,g
2458806.29204,2019-11-18.7927289,bo,1.45,16.699,>16.699,99.990,0.315,0.152,g
2458806.29326,2019-11-18.7939400,bo,1.47,16.596,>16.596,99.990,0.234,0.167,g
2458806.29447,2019-11-18.7951568,bo,1.46,16.691,>16.691,99.990,-0.052,0.153,g
2458806.30370,2019-11-18.8043869,bo,1.41,16.005,>16.005,99.990,0.732,0.288,g
2458806.30492,2019-11-18.8056037,bo,1.46,16.144,>16.144,99.990,0.496,0.253,g
2458806.30614,2019-11-18.8068254,bo,1.45,16.294,>16.294,99.990,0.097,0.220,g
2458806.73651,2019-11-19.2372092,bG,1.48,16.868,>16.868,99.990,0.206,0.130,g
2458806.73816,2019-11-19.2388586,bk,1.45,16.782,>16.782,99.990,0.266,0.141,g
2458807.30790,2019-11-19.8086293,bo,1.43,17.245,>17.245,99.990,0.161,0.092,g
2458807.30911,2019-11-19.8098452,bo,1.45,17.346,>17.346,99.990,0.115,0.084,g
2458807.31033,2019-11-19.8110624,bo,1.48,17.232,>17.232,99.990,0.053,0.093,g
2458807.73745,2019-11-20.2381937,bG,1.47,17.149,>17.149,99.990,0.249,0.100,g
2458808.30494,2019-11-20.8056996,bo,1.43,17.232,>17.232,99.990,0.244,0.093,g
2458808.30614,2019-11-20.8069152,bo,1.47,17.344,>17.344,99.990,0.062,0.084,g
2458808.30737,2019-11-20.8081347,bo,1.47,17.287,>17.287,99.990,0.267,0.088,g
2458808.33097,2019-11-20.8317410,bo,1.42,17.260,>17.260,99.990,0.164,0.091,g
2458808.33220,2019-11-20.8329709,bo,1.47,17.442,>17.442,99.990,-0.078,0.077,g
2458808.33342,2019-11-20.8341865,bo,1.49,17.282,>17.282,99.990,0.223,0.089,g
2458808.73423,2019-11-21.2350028,bG,1.47,17.141,>17.141,99.990,0.126,0.101,g
2458808.73549,2019-11-21.2362709,bG,1.44,17.120,>17.120,99.990,0.123,0.103,g
2458809.43002,2019-11-21.9308274,bo,1.50,17.211,>17.211,99.990,0.332,0.095,g
2458809.43124,2019-11-21.9320468,bo,1.46,17.290,>17.290,99.990,0.069,0.088,g
2458809.43246,2019-11-21.9332666,bo,1.46,17.379,>17.379,99.990,0.233,0.081,g
2458809.72795,2019-11-22.2287709,bG,1.44,17.143,>17.143,99.990,0.016,0.101,g
2458809.72921,2019-11-22.2300254,bG,1.45,16.484,>16.484,99.990,-0.026,0.185,g
2458809.73047,2019-11-22.2312892,bG,1.43,16.411,>16.411,99.990,0.439,0.198,g
2458810.30351,2019-11-22.8043620,bo,1.52,17.405,>17.405,99.990,0.099,0.079,g
2458810.30492,2019-11-22.8057543,bo,1.47,17.285,>17.285,99.990,0.004,0.089,g
2458810.30664,2019-11-22.8074842,bo,1.56,17.315,>17.315,99.990,0.018,0.086,g
2458810.72478,2019-11-23.2256388,bG,1.49,17.239,>17.239,99.990,0.271,0.092,g
2458810.72607,2019-11-23.2269259,bG,1.43,17.111,>17.111,99.990,-0.158,0.104,g
2458810.72734,2019-11-23.2281908,bG,1.45,17.278,>17.278,99.990,-0.045,0.089,g
2458811.31923,2019-11-23.8201004,bo,1.50,17.411,>17.411,99.990,0.254,0.079,g
2458811.32043,2019-11-23.8213043,bo,1.46,17.345,>17.345,99.990,0.122,0.084,g
2458811.32163,2019-11-23.8225131,bo,1.52,17.210,>17.210,99.990,0.310,0.095,g
2458811.66344,2019-11-24.1643251,bG,1.45,17.277,>17.277,99.990,0.266,0.089,g
2458811.66471,2019-11-24.1656002,bG,1.45,17.193,>17.193,99.990,-0.087,0.096,g
2458811.66599,2019-11-24.1668739,bG,1.45,17.203,>17.203,99.990,0.002,0.095,g
2458812.30734,2019-11-24.8082513,bo,1.38,17.344,>17.344,99.990,0.176,0.084,g
2458812.30856,2019-11-24.8094741,bo,1.41,17.335,>17.335,99.990,0.127,0.085,g
2458812.30977,2019-11-24.8106945,bo,1.45,17.273,>17.273,99.990,-0.152,0.090,g
2458812.52866,2019-11-25.0295829,bG,1.48,17.170,>17.170,99.990,0.397,0.098,g
2458812.52994,2019-11-25.0308692,bG,1.53,17.163,>17.163,99.990,0.253,0.099,g
2458812.53123,2019-11-25.0321526,bG,1.47,17.109,>17.109,99.990,0.196,0.104,g
2458812.67297,2019-11-25.1738997,bG,1.46,99.990,99.990,99.990,99.990,99.990,g
2458812.67425,2019-11-25.1751744,bG,1.45,99.990,99.990,99.990,99.990,99.990,g
2458812.67552,2019-11-25.1764462,bG,1.47,17.186,>17.186,99.990,0.078,0.097,g
2458813.30843,2019-11-25.8093931,bo,1.44,17.287,>17.287,99.990,0.204,0.088,g
2458813.30964,2019-11-25.8105991,bo,1.52,17.350,>17.350,99.990,0.171,0.083,g
2458813.31085,2019-11-25.8118041,bo,1.48,17.237,>17.237,99.990,0.210,0.093,g
2458813.56839,2019-11-26.0693438,bG,1.47,99.990,99.990,99.990,99.990,99.990,g
2458813.56965,2019-11-26.0706149,bG,1.46,99.990,99.990,99.990,99.990,99.990,g
2458813.57091,2019-11-26.0718765,bG,1.46,17.250,>17.250,99.990,0.125,0.091,g
2458813.71801,2019-11-26.2189784,bG,1.42,17.330,>17.330,99.990,0.108,0.085,g
2458813.71928,2019-11-26.2202472,bG,1.41,99.990,99.990,99.990,99.990,99.990,g
2458813.72056,2019-11-26.2215298,bG,1.42,99.990,99.990,99.990,99.990,99.990,g
2458814.30846,2019-11-26.8094453,bo,1.44,17.291,>17.291,99.990,0.003,0.088,g
2458814.30967,2019-11-26.8106644,bo,1.46,17.190,>17.190,99.990,0.302,0.097,g
2458814.31088,2019-11-26.8118700,bo,1.47,17.392,>17.392,99.990,0.113,0.080,g
2458814.52167,2019-11-27.0226712,bk,2.18,16.515,>16.515,99.990,0.092,0.180,g
2458814.52290,2019-11-27.0238930,bk,2.16,16.692,>16.692,99.990,-0.350,0.153,g
2458814.52414,2019-11-27.0251343,bk,2.19,16.798,>16.798,99.990,0.237,0.139,g
2458814.71476,2019-11-27.2157653,bG,1.44,17.141,>17.141,99.990,0.282,0.101,g
2458814.71604,2019-11-27.2170398,bG,1.43,17.233,>17.233,99.990,0.285,0.093,g
2458814.71731,2019-11-27.2183177,bG,1.41,17.384,>17.384,99.990,0.094,0.081,g
2458815.30905,2019-11-27.8100797,bo,1.44,17.253,>17.253,99.990,0.118,0.091,g
2458815.31027,2019-11-27.8112903,bo,1.46,17.364,>17.364,99.990,0.118,0.082,g
2458815.31147,2019-11-27.8125026,bo,1.51,17.435,>17.435,99.990,-0.128,0.077,g
2458815.69551,2019-11-28.1965483,bk,1.44,16.978,>16.978,99.990,0.213,0.117,g
2458815.69672,2019-11-28.1977630,bk,1.47,17.041,>17.041,99.990,0.499,0.111,g
2458815.69795,2019-11-28.1989858,bk,1.46,16.984,>16.984,99.990,0.201,0.117,g
2458816.71083,2019-11-29.2119045,bG,1.46,17.169,>17.169,99.990,0.189,0.099,g
2458816.71211,2019-11-29.2131828,bG,1.47,17.172,>17.172,99.990,-0.055,0.098,g
2458816.71340,2019-11-29.2144706,bG,1.46,17.214,>17.214,99.990,0.288,0.095,g
2458817.31021,2019-11-29.8113079,bo,1.73,17.424,>17.424,99.990,0.171,0.078,g
2458817.31154,2019-11-29.8126469,bo,1.61,17.273,>17.273,99.990,0.154,0.089,g
2458817.56687,2019-11-30.0679706,bG,1.47,17.191,>17.191,99.990,0.200,0.097,g
2458817.56813,2019-11-30.0692384,bG,1.51,17.189,>17.189,99.990,0.226,0.097,g
2458817.56941,2019-11-30.0705119,bG,1.53,17.188,>17.188,99.990,0.189,0.097,g
2458817.70857,2019-11-30.2096866,bk,1.52,17.067,>17.067,99.990,-0.018,0.108,g
2458817.70979,2019-11-30.2109026,bk,1.56,16.951,>16.951,99.990,0.389,0.120,g
2458817.71100,2019-11-30.2121216,bk,1.59,17.183,>17.183,99.990,0.125,0.097,g
2458818.31896,2019-11-30.8200910,bo,1.46,17.197,>17.197,99.990,0.224,0.096,g
2458818.32017,2019-11-30.8213079,bo,1.46,17.234,>17.234,99.990,0.102,0.093,g
2458818.32139,2019-11-30.8225260,bo,1.45,17.132,>17.132,99.990,0.041,0.102,g
2458819.31223,2019-12-01.8133966,bo,1.45,17.165,>17.165,99.990,0.127,0.099,g
2458819.31344,2019-12-01.8146054,bo,1.46,17.126,>17.126,99.990,0.009,0.103,g
2458819.31466,2019-12-01.8158199,bo,1.47,17.052,>17.052,99.990,0.293,0.110,g
2458819.70301,2019-12-02.2041844,bG,1.43,17.051,>17.051,99.990,0.319,0.110,g
2458819.70428,2019-12-02.2054539,bG,1.46,17.061,>17.061,99.990,0.373,0.109,g
2458820.69248,2019-12-03.1936987,bG,1.41,17.026,>17.026,99.990,0.125,0.112,g
2458820.69377,2019-12-03.1949857,bG,1.43,17.326,>17.326,99.990,0.076,0.085,g
2458820.69504,2019-12-03.1962658,bG,1.45,17.199,>17.199,99.990,0.203,0.096,g
2458821.69655,2019-12-04.1977921,bG,1.47,15.492,>15.492,99.990,-0.142,0.462,g
2458821.69782,2019-12-04.1990660,bG,1.43,15.771,>15.771,99.990,-0.579,0.357,g
2458821.69910,2019-12-04.2003428,bG,1.47,15.589,>15.589,99.990,-1.486,0.422,g
2458822.67958,2019-12-05.1808596,bk,1.41,16.571,>16.571,99.990,-0.011,0.171,g
2458822.68080,2019-12-05.1820738,bk,1.51,16.547,>16.547,99.990,0.361,0.175,g
2458822.68201,2019-12-05.1832888,bk,1.44,16.662,>16.662,99.990,-0.094,0.157,g
2458823.68875,2019-12-06.1900660,bG,1.40,16.859,>16.859,99.990,0.189,0.131,g
2458823.69003,2019-12-06.1913444,bG,1.48,16.627,>16.627,99.990,0.045,0.162,g
2458823.69132,2019-12-06.1926347,bG,1.42,16.685,>16.685,99.990,0.006,0.154,g
2458824.68672,2019-12-07.1880666,bG,1.52,16.507,>16.507,99.990,0.073,0.181,g
2458824.68799,2019-12-07.1893400,bG,1.53,16.527,>16.527,99.990,0.141,0.178,g
2458824.68927,2019-12-07.1906210,bG,1.50,16.453,>16.453,99.990,-0.041,0.191,g
2458825.68717,2019-12-08.1885513,bG,1.44,16.343,>16.343,99.990,0.605,0.211,g
2458825.68844,2019-12-08.1898230,bG,1.45,16.470,>16.470,99.990,0.597,0.188,g
2458825.68972,2019-12-08.1910980,bG,1.40,16.384,>16.384,99.990,-0.092,0.203,g
2458826.56649,2019-12-09.0678923,bk,1.43,16.336,>16.336,99.990,-0.148,0.212,g
2458826.56770,2019-12-09.0691105,bk,1.46,16.322,>16.322,99.990,0.362,0.215,g
2458826.56892,2019-12-09.0703299,bk,1.40,16.247,>16.247,99.990,-0.170,0.230,g
2458826.68386,2019-12-09.1852807,bG,1.41,16.341,>16.341,99.990,0.414,0.211,g
2458826.68515,2019-12-09.1865664,bG,1.46,16.323,>16.323,99.990,-0.039,0.215,g
2458826.68642,2019-12-09.1878383,bG,1.42,16.472,>16.472,99.990,0.250,0.187,g
2458827.56924,2019-12-10.0706826,bG,1.40,16.458,>16.458,99.990,0.365,0.190,g
2458827.57052,2019-12-10.0719634,bG,1.40,16.346,>16.346,99.990,-0.585,0.210,g
2458827.57179,2019-12-10.0732371,bG,1.47,16.352,>16.352,99.990,-0.087,0.209,g
2458827.66630,2019-12-10.1677457,bG,1.48,16.278,>16.278,99.990,0.080,0.224,g
2458828.56761,2019-12-11.0690894,bk,1.45,16.031,>16.031,99.990,0.730,0.281,g
2458828.56883,2019-12-11.0703063,bk,1.44,16.159,>16.159,99.990,0.194,0.250,g
2458828.57007,2019-12-11.0715359,bk,1.42,16.071,>16.071,99.990,0.221,0.271,g
2458828.67715,2019-12-11.1786263,bG,1.43,16.164,>16.164,99.990,-0.312,0.249,g
2458828.67843,2019-12-11.1799060,bG,1.44,15.993,>15.993,99.990,0.160,0.291,g
2458828.67969,2019-12-11.1811701,bG,1.39,16.172,>16.172,99.990,0.255,0.247,g
2458829.31773,2019-12-11.8192288,bo,1.51,15.762,>15.762,99.990,0.187,0.360,g
2458829.31895,2019-12-11.8204472,bo,1.49,15.845,>15.845,99.990,0.599,0.333,g
2458829.32016,2019-12-11.8216656,bo,1.44,15.901,>15.901,99.990,-0.297,0.317,g
2458829.67004,2019-12-12.1715504,bG,1.51,15.744,>15.744,99.990,0.689,0.366,g
2458829.67136,2019-12-12.1728702,bG,1.53,16.028,>16.028,99.990,-0.209,0.282,g
2458829.67264,2019-12-12.1741452,bG,1.42,15.890,>15.890,99.990,-0.398,0.320,g
2458830.57207,2019-12-13.0736150,bk,1.46,16.019,>16.019,99.990,-0.014,0.284,g
2458830.57330,2019-12-13.0748365,bk,1.52,16.140,>16.140,99.990,-0.148,0.254,g
2458830.57453,2019-12-13.0760627,bk,1.39,16.198,>16.198,99.990,0.112,0.241,g
2458832.57115,2019-12-15.0727375,bG,1.48,17.396,>17.396,99.990,0.185,0.080,g
2458832.57241,2019-12-15.0740040,bG,1.48,17.318,>17.318,99.990,-0.019,0.086,g
2458832.57368,2019-12-15.0752680,bG,1.50,17.186,>17.186,99.990,0.199,0.097,g
2458832.66846,2019-12-15.1700576,bG,1.46,16.298,>16.298,99.990,0.433,0.220,g
2458833.32387,2019-12-15.8254920,bo,1.45,17.328,>17.328,99.990,0.120,0.085,g
2458833.32510,2019-12-15.8267196,bo,1.41,17.218,>17.218,99.990,0.232,0.094,g
2458833.32631,2019-12-15.8279309,bo,1.44,17.338,>17.338,99.990,0.089,0.084,g
2458833.66505,2019-12-16.1666724,bG,1.46,16.399,>16.399,99.990,0.242,0.200,g
2458833.66633,2019-12-16.1679505,bG,1.42,16.424,>16.424,99.990,0.045,0.196,g
2458833.66759,2019-12-16.1692180,bG,1.51,16.600,>16.600,99.990,0.335,0.166,g
2458834.58475,2019-12-17.0864064,bk,1.40,16.989,>16.989,99.990,-0.056,0.116,g
2458834.58598,2019-12-17.0876373,bk,1.42,17.136,>17.136,99.990,-0.003,0.102,g
2458834.58721,2019-12-17.0888626,bk,1.44,17.149,>17.149,99.990,0.113,0.100,g
2458834.65855,2019-12-17.1602006,bG,1.49,17.001,>17.001,99.990,0.105,0.115,g
2458834.65982,2019-12-17.1614702,bG,1.49,17.107,>17.107,99.990,0.168,0.104,g
2458834.66110,2019-12-17.1627513,bG,1.50,17.021,>17.021,99.990,0.080,0.113,g
2458835.38758,2019-12-17.8892594,bo,1.62,15.380,>15.380,99.990,-1.334,0.512,g
2458835.57017,2019-12-18.0718581,bk,1.43,17.249,>17.249,99.990,0.120,0.092,g
2458835.57141,2019-12-18.0730891,bk,1.43,17.169,>17.169,99.990,0.214,0.098,g
2458835.57263,2019-12-18.0743063,bk,1.46,17.140,>17.140,99.990,0.119,0.101,g
2458835.65573,2019-12-18.1574187,bG,1.39,17.327,>17.327,99.990,0.186,0.085,g
2458835.65701,2019-12-18.1586859,bG,1.47,17.245,>17.245,99.990,0.090,0.092,g
2458835.65828,2019-12-18.1599714,bG,1.43,17.288,>17.288,99.990,0.245,0.088,g
2458836.57837,2019-12-19.0800771,bk,1.43,17.090,>17.090,99.990,0.219,0.106,g
2458836.57959,2019-12-19.0812966,bk,1.42,17.137,>17.137,99.990,0.152,0.101,g
2458836.58080,2019-12-19.0825148,bk,1.40,17.074,>17.074,99.990,0.127,0.108,g
2458836.65360,2019-12-19.1553083,bG,1.48,17.248,>17.248,99.990,0.037,0.092,g
2458836.65488,2019-12-19.1565814,bG,1.43,17.349,>17.349,99.990,0.236,0.083,g
2458836.65614,2019-12-19.1578545,bG,1.40,17.279,>17.279,99.990,0.026,0.089,g
2458837.65084,2019-12-20.1525784,bG,1.43,17.283,>17.283,99.990,-0.135,0.089,g
2458837.65211,2019-12-20.1538534,bG,1.46,99.990,99.990,99.990,99.990,99.990,g
2458837.65339,2019-12-20.1551313,bG,1.44,17.215,>17.215,99.990,0.195,0.094,g
2458838.47340,2019-12-20.9751600,bo,1.47,99.990,99.990,99.990,99.990,99.990,g
2458838.65125,2019-12-21.1530153,bG,1.45,16.567,>16.567,99.990,0.131,0.171,g
2458838.65253,2019-12-21.1542875,bG,1.46,16.872,>16.872,99.990,-0.305,0.130,g
2458838.65379,2019-12-21.1555515,bG,1.45,17.076,>17.076,99.990,-0.134,0.107,g
2458839.33358,2019-12-21.8353638,bo,1.47,17.219,17.025,0.183,0.562,0.094,g
2458839.33481,2019-12-21.8365839,bo,1.47,17.366,>17.366,99.990,0.052,0.082,g
2458839.33602,2019-12-21.8378006,bo,1.51,17.389,>17.389,99.990,0.140,0.080,g
2458840.33013,2019-12-22.8319440,bo,1.42,17.263,>17.263,99.990,0.051,0.090,g
2458840.33135,2019-12-22.8331564,bo,1.46,17.257,>17.257,99.990,0.066,0.091,g
2458840.33255,2019-12-22.8343607,bo,1.48,17.258,>17.258,99.990,0.153,0.091,g
2458840.66028,2019-12-23.1620887,bG,1.54,17.176,>17.176,99.990,0.189,0.098,g
2458840.66156,2019-12-23.1633638,bG,1.51,17.289,>17.289,99.990,0.258,0.088,g
2458840.66282,2019-12-23.1646361,bG,1.55,17.108,>17.108,99.990,0.291,0.104,g
2458841.64062,2019-12-24.1424621,bG,1.45,17.054,>17.054,99.990,0.184,0.110,g
2458841.64191,2019-12-24.1437449,bG,1.45,17.082,>17.082,99.990,0.205,0.107,g
2458841.64318,2019-12-24.1450145,bG,1.50,17.473,>17.473,99.990,-0.037,0.074,g
2458842.35006,2019-12-24.8519122,bo,1.52,17.374,>17.374,99.990,0.091,0.082,g
2458842.35129,2019-12-24.8531410,bo,1.57,17.262,>17.262,99.990,0.088,0.090,g
2458842.35253,2019-12-24.8543862,bo,1.49,17.276,>17.276,99.990,-0.070,0.089,g
2458842.62514,2019-12-25.1269989,bG,1.38,17.327,>17.327,99.990,0.072,0.085,g
2458842.62640,2019-12-25.1282598,bG,1.43,17.183,>17.183,99.990,0.149,0.097,g
2458842.62768,2019-12-25.1295354,bG,1.42,17.169,>17.169,99.990,0.147,0.098,g
2458843.57645,2019-12-26.0783452,bk,1.55,17.140,17.082,0.208,0.534,0.101,g
2458843.57768,2019-12-26.0795634,bk,1.52,17.068,>17.068,99.990,-0.048,0.108,g
2458843.57890,2019-12-26.0807855,bk,1.56,17.132,>17.132,99.990,-0.046,0.102,g
2458844.62197,2019-12-27.1238752,bG,1.50,17.266,>17.266,99.990,0.011,0.090,g
2458844.62324,2019-12-27.1251428,bG,1.48,17.225,>17.225,99.990,0.070,0.094,g
2458844.62450,2019-12-27.1264108,bG,1.46,17.490,>17.490,99.990,0.049,0.073,g
2458845.33602,2019-12-27.8379409,bo,1.46,17.305,>17.305,99.990,0.130,0.087,g
2458845.33724,2019-12-27.8391652,bo,1.55,17.326,>17.326,99.990,0.063,0.085,g
2458845.33857,2019-12-27.8404899,bo,1.56,17.238,>17.238,99.990,0.283,0.092,g
2458846.62478,2019-12-29.1267314,bk,1.51,16.667,>16.667,99.990,0.243,0.156,g
2458846.62602,2019-12-29.1279725,bk,1.46,16.052,>16.052,99.990,0.599,0.276,g
2458846.62723,2019-12-29.1291857,bk,1.47,15.657,>15.657,99.990,-0.642,0.396,g
2458847.62687,2019-12-30.1288378,bG,1.49,17.258,>17.258,99.990,0.301,0.091,g
2458847.62814,2019-12-30.1301125,bG,1.48,17.248,>17.248,99.990,0.203,0.092,g
2458847.62941,2019-12-30.1313787,bG,1.47,17.287,>17.287,99.990,0.183,0.088,g
2458849.34001,2019-12-31.8420277,bo,1.46,17.180,>17.180,99.990,0.244,0.098,g
2458849.34122,2019-12-31.8432333,bo,1.46,17.026,>17.026,99.990,0.102,0.112,g
2458849.61485,2020-01-01.1168636,bk,1.44,16.938,>16.938,99.990,0.150,0.122,g
2458849.61606,2020-01-01.1180759,bk,1.44,17.009,>17.009,99.990,0.023,0.114,g
2458849.61728,2020-01-01.1192950,bk,1.43,16.909,>16.909,99.990,-0.066,0.125,g
2458850.61451,2020-01-02.1165450,bG,1.43,16.882,>16.882,99.990,0.308,0.128,g
2458850.61581,2020-01-02.1178340,bG,1.43,16.982,>16.982,99.990,0.161,0.117,g
2458850.61707,2020-01-02.1191046,bG,1.45,16.851,>16.851,99.990,0.271,0.132,g
2458851.54487,2020-01-03.0469177,bG,1.46,16.841,>16.841,99.990,-0.277,0.133,g
2458851.54615,2020-01-03.0481945,bG,1.45,16.726,>16.726,99.990,-0.050,0.148,g
2458851.54742,2020-01-03.0494721,bG,1.39,16.784,>16.784,99.990,0.234,0.140,g
2458852.58060,2020-01-04.0826604,bG,1.41,16.813,>16.813,99.990,0.128,0.137,g
2458852.58186,2020-01-04.0839251,bG,1.46,16.899,>16.899,99.990,-0.295,0.126,g
2458852.58314,2020-01-04.0851997,bG,1.44,16.729,>16.729,99.990,0.105,0.148,g
2458852.61183,2020-01-04.1138909,bG,1.43,16.881,>16.881,99.990,0.117,0.128,g
2458852.61310,2020-01-04.1151642,bG,1.43,16.697,>16.697,99.990,0.006,0.152,g
2458852.61438,2020-01-04.1164450,bG,1.49,16.629,>16.629,99.990,0.100,0.162,g
2458853.32163,2020-01-04.8237083,bo,1.52,16.675,>16.675,99.990,0.112,0.155,g
2458853.32304,2020-01-04.8251224,bo,1.51,16.662,>16.662,99.990,0.392,0.157,g
2458853.60623,2020-01-05.1083087,bG,1.38,16.577,>16.577,99.990,0.063,0.170,g
2458853.60751,2020-01-05.1095924,bG,1.44,16.520,>16.520,99.990,0.291,0.179,g
2458853.60878,2020-01-05.1108662,bG,1.43,16.387,>16.387,99.990,0.234,0.202,g
2458854.60489,2020-01-06.1069927,bG,1.47,16.298,>16.298,99.990,-0.116,0.220,g
2458854.60617,2020-01-06.1082673,bG,1.42,16.196,>16.196,99.990,-0.109,0.241,g
2458854.60744,2020-01-06.1095388,bG,1.46,16.252,>16.252,99.990,0.526,0.229,g
2458855.60085,2020-01-07.1029688,bG,1.41,15.699,>15.699,99.990,-0.942,0.381,g
2458855.60212,2020-01-07.1042406,bG,1.56,15.742,>15.742,99.990,0.820,0.367,g
2458855.60340,2020-01-07.1055217,bG,1.47,15.711,>15.711,99.990,-0.178,0.377,g
2458856.32836,2020-01-07.8304822,bo,1.62,16.235,>16.235,99.990,-0.121,0.233,g
2458856.32956,2020-01-07.8316891,bo,1.60,16.171,>16.171,99.990,0.226,0.247,g
2458856.33081,2020-01-07.8329368,bo,1.66,16.161,>16.161,99.990,0.040,0.249,g
2458857.33413,2020-01-08.8362673,bo,1.50,15.898,>15.898,99.990,0.017,0.318,g
2458857.33533,2020-01-08.8374732,bo,1.52,15.866,>15.866,99.990,-0.547,0.327,g
2458857.33655,2020-01-08.8386844,bo,1.50,15.973,>15.973,99.990,-0.612,0.296,g
2458857.59638,2020-01-09.0985285,bG,1.41,16.036,>16.036,99.990,-0.066,0.280,g
2458857.59765,2020-01-09.0997951,bG,1.45,16.144,>16.144,99.990,0.860,0.253,g
2458857.59892,2020-01-09.1010704,bG,1.44,16.124,>16.124,99.990,0.069,0.258,g
2458858.32826,2020-01-09.8304211,bo,1.54,15.744,>15.744,99.990,0.462,0.366,g
2458858.32947,2020-01-09.8316359,bo,1.49,15.870,>15.870,99.990,0.378,0.326,g
2458858.33069,2020-01-09.8328542,bo,1.46,15.643,>15.643,99.990,-0.505,0.402,g
2458858.59260,2020-01-10.0947591,bG,1.47,16.047,>16.047,99.990,-0.025,0.277,g
2458858.59388,2020-01-10.0960337,bG,1.42,15.992,>15.992,99.990,0.085,0.291,g
2458858.59515,2020-01-10.0973062,bG,1.45,16.012,>16.012,99.990,0.145,0.286,g
2458859.31651,2020-01-10.8186824,bo,1.56,15.828,>15.828,99.990,0.054,0.339,g
2458859.31772,2020-01-10.8198915,bo,1.55,15.772,>15.772,99.990,-0.348,0.357,g
2458859.31892,2020-01-10.8210966,bo,1.51,15.716,>15.716,99.990,-0.227,0.376,g
2458859.33193,2020-01-10.8341028,bo,1.50,15.669,>15.669,99.990,-0.584,0.392,g
2458859.33316,2020-01-10.8353277,bo,1.51,15.903,>15.903,99.990,-0.552,0.316,g
2458859.33437,2020-01-10.8365398,bo,1.49,15.604,>15.604,99.990,-0.481,0.416,g
2458859.57775,2020-01-11.0799214,bk,1.51,15.840,>15.840,99.990,0.008,0.335,g
2458859.57899,2020-01-11.0811631,bk,1.46,15.683,>15.683,99.990,-0.867,0.387,g
2458859.58021,2020-01-11.0823883,bk,1.45,15.807,>15.807,99.990,-0.093,0.345,g
2458859.59225,2020-01-11.0944263,bG,1.48,15.961,>15.961,99.990,0.213,0.300,g
2458859.59352,2020-01-11.0957015,bG,1.46,15.863,>15.863,99.990,0.561,0.328,g
2458859.59480,2020-01-11.0969798,bG,1.49,15.803,>15.803,99.990,-0.033,0.347,g
2458860.33229,2020-01-11.8344677,bo,1.46,15.897,>15.897,99.990,0.489,0.318,g
2458860.33350,2020-01-11.8356797,bo,1.46,15.938,>15.938,99.990,0.376,0.306,g
2458860.33471,2020-01-11.8368921,bo,1.47,15.857,>15.857,99.990,-0.029,0.330,g
2458860.56785,2020-01-12.0700347,bG,1.67,16.217,>16.217,99.990,-0.076,0.237,g
2458860.56911,2020-01-12.0712993,bG,1.82,16.136,>16.136,99.990,-0.041,0.255,g
2458860.57039,2020-01-12.072575,bG,1.77,16.177,>16.177,99.990,-0.115,0.246,g
2458861.32779,2020-01-12.8299900,bo,1.50,16.362,>16.362,99.990,0.231,0.207,g
2458861.32900,2020-01-12.8312003,bo,1.43,16.375,>16.375,99.990,0.051,0.205,g
2458861.33022,2020-01-12.8324188,bo,1.54,16.465,>16.465,99.990,0.131,0.188,g
2458861.56401,2020-01-13.0662128,bG,1.41,16.970,>16.970,99.990,0.131,0.118,g
2458861.56528,2020-01-13.0674787,bG,1.43,16.982,>16.982,99.990,0.158,0.117,g
2458861.56656,2020-01-13.0687564,bG,1.39,17.008,>17.008,99.990,0.086,0.114,g
2458862.56367,2020-01-14.0658826,bG,1.66,17.284,>17.284,99.990,-0.020,0.089,g
2458862.56494,2020-01-14.0671476,bG,1.68,17.147,>17.147,99.990,0.089,0.101,g
2458862.56621,2020-01-14.0684188,bG,1.67,17.113,>17.113,99.990,0.091,0.104,g
2458863.33808,2020-01-14.8402991,bo,1.56,17.251,>17.251,99.990,0.035,0.091,g
2458863.33931,2020-01-14.8415293,bo,1.58,17.010,>17.010,99.990,0.209,0.114,g
2458863.34053,2020-01-14.8427476,bo,1.59,17.101,>17.101,99.990,0.183,0.105,g
2458863.55846,2020-01-15.0606813,bk,1.45,17.077,>17.077,99.990,-0.042,0.107,g
2458863.55968,2020-01-15.0619019,bk,1.48,17.131,>17.131,99.990,0.186,0.102,g
2458863.56090,2020-01-15.0631214,bk,1.46,17.101,>17.101,99.990,0.062,0.105,g
2458864.55438,2020-01-16.0566086,bk,1.39,17.084,>17.084,99.990,0.228,0.107,g
2458864.55560,2020-01-16.0578327,bk,1.42,16.923,>16.923,99.990,0.318,0.124,g
2458864.55683,2020-01-16.0590565,bk,1.41,16.979,>16.979,99.990,0.155,0.117,g
2458865.55521,2020-01-17.0574524,bG,1.51,16.451,>16.451,99.990,0.042,0.191,g
2458865.55774,2020-01-17.0599839,bG,1.47,15.661,>15.661,99.990,0.424,0.395,g
2458866.55155,2020-01-18.0538052,bk,2.26,16.731,>16.731,99.990,-0.001,0.147,g
2458866.55277,2020-01-18.0550267,bk,2.30,16.896,>16.896,99.990,-0.029,0.127,g
2458867.54623,2020-01-19.0484928,bk,1.44,16.160,>16.160,99.990,-0.212,0.250,g
2458867.54747,2020-01-19.0497239,bk,1.43,15.427,>15.427,99.990,0.609,0.490,g
2458867.54870,2020-01-19.0509538,bk,1.47,14.890,>14.890,99.990,-0.437,0.804,g
2458868.54604,2020-01-20.0482966,bk,1.54,16.766,>16.766,99.990,0.194,0.143,g
2458868.54725,2020-01-20.0495159,bk,1.56,16.583,>16.583,99.990,0.381,0.169,g
2458868.54847,2020-01-20.0507369,bk,1.65,16.755,>16.755,99.990,0.200,0.144,g
2458869.54207,2020-01-21.0443347,bk,1.54,16.840,>16.840,99.990,-0.123,0.133,g
2458869.54329,2020-01-21.0455600,bk,1.59,16.817,>16.817,99.990,-0.036,0.136,g
2458869.54452,2020-01-21.0467875,bk,1.50,16.913,>16.913,99.990,0.393,0.125,g
2458870.53852,2020-01-22.0407953,bk,1.49,16.783,>16.783,99.990,0.135,0.141,g
2458870.53974,2020-01-22.0420135,bk,1.47,16.796,>16.796,99.990,0.268,0.139,g
2458870.54096,2020-01-22.0432328,bk,1.46,16.820,>16.820,99.990,0.184,0.136,g
2458871.53755,2020-01-23.0398273,bk,2.38,16.482,>16.482,99.990,0.664,0.185,g
2458871.53877,2020-01-23.0410490,bk,2.37,16.506,>16.506,99.990,0.456,0.181,g
2458871.53998,2020-01-23.0422627,bk,2.33,16.560,>16.560,99.990,0.320,0.173,g
2458872.53353,2020-01-24.0358085,bk,1.45,15.949,>15.949,99.990,0.288,0.303,g
2458872.53476,2020-01-24.0370422,bk,1.45,16.047,>16.047,99.990,0.670,0.277,g
2458872.53598,2020-01-24.0382652,bk,1.40,16.228,>16.228,99.990,-0.297,0.234,g
2458873.52936,2020-01-25.0316484,bk,1.44,16.070,>16.070,99.990,0.041,0.271,g
2458873.53060,2020-01-25.0328819,bk,1.46,16.273,>16.273,99.990,0.123,0.225,g
2458873.53182,2020-01-25.0341105,bk,1.46,16.508,>16.508,99.990,0.076,0.181,g
2458898.26787,2020-02-18.7700233,bo,2.49,16.159,>16.159,99.990,-0.450,0.250,g
2458898.26908,2020-02-18.7712430,bo,2.48,16.260,>16.260,99.990,-0.288,0.228,g
2458898.27030,2020-02-18.7724578,bo,2.48,16.505,>16.505,99.990,0.409,0.182,g
2458898.51119,2020-02-19.0133462,bG,1.52,15.848,>15.848,99.990,-0.141,0.333,g
2458898.51248,2020-02-19.0146302,bG,1.49,15.974,>15.974,99.990,0.659,0.296,g
2458898.51376,2020-02-19.0159122,bG,1.52,16.069,>16.069,99.990,0.663,0.271,g
2458899.51043,2020-02-20.0125758,bG,1.61,15.810,>15.810,99.990,-0.550,0.344,g
2458899.51176,2020-02-20.0138986,bG,1.59,15.915,>15.915,99.990,0.337,0.313,g
2458899.51304,2020-02-20.0151760,bG,1.57,16.091,>16.091,99.990,0.164,0.266,g
2458899.70953,2020-02-20.2116678,bH,1.43,99.990,99.990,99.990,99.990,99.990,g
2458979.66639,2020-05-10.1659361,bo,1.53,16.159,>16.159,99.990,0.651,0.250,g
2458979.66760,2020-05-10.1671520,bo,1.53,16.154,>16.154,99.990,0.195,0.251,g
2458979.66882,2020-05-10.1683725,bo,1.48,16.087,>16.087,99.990,0.346,0.267,g
2458981.66196,2020-05-12.1614329,bo,1.45,14.763,>14.763,99.990,1.554,0.903,g
2458981.66333,2020-05-12.1628057,bo,1.57,14.496,>14.496,99.990,-0.312,1.155,g
2458981.66456,2020-05-12.1640311,bo,1.57,14.765,>14.765,99.990,0.578,0.901,g
2458983.65729,2020-05-14.1566787,bo,1.49,99.990,99.990,99.990,99.990,99.990,g
2458983.65850,2020-05-14.1578945,bo,1.55,99.990,99.990,99.990,99.990,99.990,g
2458983.65971,2020-05-14.1591116,bo,1.49,16.648,>16.648,99.990,-0.348,0.159,g
2458985.66405,2020-05-16.1633673,bo,1.50,16.857,>16.857,99.990,0.070,0.131,g
2458985.66528,2020-05-16.1645937,bo,1.46,16.990,>16.990,99.990,-0.131,0.116,g
2458985.66649,2020-05-16.1658084,bo,1.46,16.814,>16.814,99.990,0.344,0.137,g
2458986.68133,2020-05-17.1806077,bo,1.55,16.309,>16.309,99.990,-0.182,0.217,g
2458986.68258,2020-05-17.1818565,bo,1.50,16.175,>16.175,99.990,0.230,0.246,g
2458986.68389,2020-05-17.1831681,bo,1.54,16.195,>16.195,99.990,-0.438,0.242,g
2458987.65965,2020-05-18.1588901,bo,1.44,99.990,99.990,99.990,99.990,99.990,g
2458987.66086,2020-05-18.1600981,bo,1.47,99.990,99.990,99.990,99.990,99.990,g
2458987.66208,2020-05-18.1613231,bo,1.50,17.083,>17.083,99.990,0.011,0.107,g
2458988.65578,2020-05-19.1549853,bo,1.46,16.196,>16.196,99.990,-0.209,0.241,g
2458988.65700,2020-05-19.1562153,bo,1.54,14.617,>14.617,99.990,0.823,1.033,g
2458988.65826,2020-05-19.1574643,bo,1.49,99.990,99.990,99.990,99.990,99.990,g
2458999.63239,2020-05-30.1311979,bo,1.48,17.205,>17.205,99.990,0.169,0.095,g
2459000.63236,2020-05-31.1311379,bo,1.59,17.279,>17.279,99.990,0.014,0.089,g
2459000.63373,2020-05-31.1325003,bo,1.56,17.302,>17.302,99.990,0.165,0.087,g
2459003.62394,2020-06-03.1226168,bo,1.48,99.990,99.990,99.990,99.990,99.990,g
2459003.62517,2020-06-03.1238420,bo,1.52,99.990,99.990,99.990,99.990,99.990,g
2459003.62639,2020-06-03.1250626,bo,1.54,15.123,>15.123,99.990,2.263,0.649,g
2459004.61972,2020-06-04.1183668,bo,1.50,15.291,>15.291,99.990,0.685,0.555,g
2459004.62093,2020-06-04.1195805,bo,1.54,15.384,>15.384,99.990,0.585,0.510,g
2459004.62215,2020-06-04.1208012,bo,1.50,15.501,>15.501,99.990,-0.864,0.458,g
2459005.61656,2020-06-05.1151681,bo,1.45,15.687,>15.687,99.990,0.435,0.386,g
2459005.61779,2020-06-05.1163968,bo,1.50,15.698,>15.698,99.990,-0.149,0.382,g
2459005.61904,2020-06-05.1176466,bo,1.53,15.657,>15.657,99.990,0.015,0.396,g
2459008.62379,2020-06-08.1223078,bo,1.58,15.893,>15.893,99.990,-0.392,0.319,g
2459008.62501,2020-06-08.1235225,bo,1.56,15.929,>15.929,99.990,0.160,0.309,g
2459008.62623,2020-06-08.1247420,bo,1.46,15.836,>15.836,99.990,0.113,0.336,g
2459009.60925,2020-06-09.1077414,bo,1.45,16.134,>16.134,99.990,0.385,0.256,g
2459009.61047,2020-06-09.1089547,bo,1.53,16.079,>16.079,99.990,0.605,0.269,g
2459009.61169,2020-06-09.1101831,bo,1.50,16.052,>16.052,99.990,-0.683,0.276,g
2459014.60660,2020-06-14.1049371,bo,1.45,99.990,99.990,99.990,99.990,99.990,g
2459014.60781,2020-06-14.1061460,bo,1.53,16.887,>16.887,99.990,-0.024,0.128,g
2459016.60177,2020-06-16.1000611,bo,1.55,17.022,>17.022,99.990,0.116,0.113,g
2459016.60299,2020-06-16.1012770,bo,1.52,17.073,>17.073,99.990,0.239,0.108,g
2459016.60421,2020-06-16.1024967,bo,1.47,16.998,>16.998,99.990,0.083,0.115,g
2459018.59150,2020-06-18.0897355,bo,1.53,16.969,>16.969,99.990,0.076,0.118,g
2459018.59275,2020-06-18.0909783,bo,1.49,17.132,>17.132,99.990,0.061,0.102,g
2459018.59400,2020-06-18.0922296,bo,1.54,17.042,>17.042,99.990,0.178,0.111,g
2459020.58117,2020-06-20.0793473,bo,1.59,17.041,>17.041,99.990,0.041,0.111,g
2459022.58333,2020-06-22.0814644,bo,1.48,17.135,>17.135,99.990,0.176,0.102,g
2459022.58456,2020-06-22.0826881,bo,1.46,17.048,>17.048,99.990,0.090,0.110,g
2459022.58579,2020-06-22.0839150,bo,1.48,17.250,>17.250,99.990,0.230,0.091,g
2459023.56586,2020-06-23.0639656,bo,1.51,99.990,99.990,99.990,99.990,99.990,g
2459023.56727,2020-06-23.0653760,bo,1.56,99.990,99.990,99.990,99.990,99.990,g
2459023.56868,2020-06-23.0667866,bo,1.52,99.990,99.990,99.990,99.990,99.990,g
2459024.58102,2020-06-24.0791012,bo,1.51,17.236,>17.236,99.990,0.086,0.093,g
2459024.58224,2020-06-24.0803209,bo,1.56,17.104,>17.104,99.990,0.024,0.105,g
2459024.58362,2020-06-24.0817046,bo,1.53,17.259,>17.259,99.990,0.096,0.091,g
2459025.56618,2020-06-25.0642430,bo,1.50,17.110,>17.110,99.990,0.013,0.104,g
2459025.56739,2020-06-25.0654577,bo,1.52,17.043,>17.043,99.990,0.082,0.111,g
2459025.56862,2020-06-25.0666806,bo,1.54,17.090,>17.090,99.990,0.335,0.106,g
2459029.56624,2020-06-29.0642101,bo,1.46,99.990,99.990,99.990,99.990,99.990,g
2459029.56746,2020-06-29.0654295,bo,1.48,17.040,>17.040,99.990,0.329,0.111,g
2459029.56866,2020-06-29.0666359,bo,1.44,99.990,99.990,99.990,99.990,99.990,g
2459031.56006,2020-07-01.0579957,bo,1.56,17.106,>17.106,99.990,-0.292,0.104,g
2459031.56141,2020-07-01.0593380,bo,1.49,17.139,>17.139,99.990,0.053,0.101,g
2459031.56268,2020-07-01.0606087,bo,1.59,17.081,>17.081,99.990,0.123,0.107,g
2459032.55695,2020-07-02.0548663,bo,1.56,16.207,>16.207,99.990,0.457,0.239,g
2459032.55838,2020-07-02.0562905,bo,1.56,16.381,>16.381,99.990,0.074,0.204,g
2459032.55969,2020-07-02.0576026,bo,1.55,16.437,>16.437,99.990,0.041,0.193,g
2459036.53426,2020-07-06.0321002,bo,1.48,15.842,>15.842,99.990,-0.332,0.334,g
2459036.53549,2020-07-06.0333325,bo,1.54,15.679,>15.679,99.990,0.143,0.388,g
2459036.53671,2020-07-06.0345506,bo,1.58,15.665,>15.665,99.990,-0.336,0.394,g
2459038.53967,2020-07-08.0374771,bo,1.49,16.100,>16.100,99.990,0.374,0.264,g
2459038.54089,2020-07-08.0386991,bo,1.63,16.033,>16.033,99.990,0.122,0.281,g
2459038.54212,2020-07-08.0399270,bo,1.55,16.096,>16.096,99.990,-0.263,0.265,g
2459046.51935,2020-07-16.0170633,bo,1.49,17.374,>17.374,99.990,0.014,0.082,g
2459046.52062,2020-07-16.0183295,bo,1.60,99.990,99.990,99.990,99.990,99.990,g
2459046.52183,2020-07-16.0195479,bo,1.61,17.247,>17.247,99.990,-0.028,0.092,g
2459048.51598,2020-07-18.0136783,bo,1.54,99.990,99.990,99.990,99.990,99.990,g
2459048.51722,2020-07-18.0149097,bo,1.49,99.990,99.990,99.990,99.990,99.990,g
2459048.51845,2020-07-18.0161410,bo,1.52,99.990,99.990,99.990,99.990,99.990,g
2459050.51080,2020-07-20.0084747,bo,1.49,17.123,>17.123,99.990,-0.052,0.103,g
2459051.52939,2020-07-21.0270613,bo,1.52,17.283,>17.283,99.990,0.026,0.089,g
2459051.53062,2020-07-21.0282936,bo,1.49,17.163,>17.163,99.990,0.104,0.099,g
2459051.53185,2020-07-21.0295247,bo,1.53,17.132,>17.132,99.990,0.175,0.102,g
2459053.49929,2020-07-22.9969490,bo,1.48,17.162,>17.162,99.990,0.345,0.099,g
2459053.50051,2020-07-22.9981729,bo,1.43,17.174,>17.174,99.990,0.273,0.098,g
2459053.50174,2020-07-22.9993997,bo,1.50,17.273,>17.273,99.990,0.252,0.089,g
2459054.49714,2020-07-23.9948023,bo,1.50,17.150,>17.150,99.990,0.301,0.100,g
2459054.49837,2020-07-23.9960311,bo,1.53,17.133,>17.133,99.990,0.133,0.102,g
2459054.49962,2020-07-23.9972836,bo,1.50,17.054,>17.054,99.990,0.016,0.110,g
2459056.48078,2020-07-25.9784244,bo,1.49,17.189,>17.189,99.990,0.054,0.097,g
2459056.48201,2020-07-25.9796556,bo,1.47,99.990,99.990,99.990,99.990,99.990,g
2459056.48343,2020-07-25.9810763,bo,1.49,99.990,99.990,99.990,99.990,99.990,g
2459058.48260,2020-07-27.9802357,bo,1.52,17.113,>17.113,99.990,0.295,0.104,g
2459058.48387,2020-07-27.9815043,bo,1.47,17.185,>17.185,99.990,0.038,0.097,g
2459058.48510,2020-07-27.9827335,bo,1.52,17.049,>17.049,99.990,-0.038,0.110,g
2459059.55318,2020-07-29.0508243,bo,1.48,99.990,99.990,99.990,99.990,99.990,g
2459059.55440,2020-07-29.0520377,bo,1.45,99.990,99.990,99.990,99.990,99.990,g
2459059.55562,2020-07-29.0532557,bo,1.52,99.990,99.990,99.990,99.990,99.990,g
2459060.45698,2020-07-29.9546167,bo,1.50,16.354,>16.354,99.990,0.528,0.209,g
2459060.45820,2020-07-29.9558350,bo,1.48,16.276,>16.276,99.990,0.411,0.224,g
2459060.45941,2020-07-29.9570511,bo,1.48,16.491,>16.491,99.990,0.410,0.184,g
2459061.45733,2020-07-30.9549615,bo,1.53,16.255,>16.255,99.990,0.223,0.229,g
2459061.45854,2020-07-30.9561787,bo,1.49,16.197,>16.197,99.990,0.231,0.241,g
2459061.45976,2020-07-30.9573944,bo,1.44,16.189,>16.189,99.990,-0.189,0.243,g
2459062.47375,2020-07-31.9713835,bo,1.51,16.030,>16.030,99.990,0.004,0.281,g
2459062.47496,2020-07-31.9726030,bo,1.47,16.172,>16.172,99.990,0.337,0.247,g
2459062.47618,2020-07-31.9738175,bo,1.46,15.981,>15.981,99.990,-0.182,0.294,g
2459063.47311,2020-08-01.9707434,bo,1.57,15.798,>15.798,99.990,-0.765,0.348,g
2459064.44303,2020-08-02.9406615,bo,1.61,15.516,>15.516,99.990,-0.397,0.451,g
2459065.47184,2020-08-03.9694795,bo,1.61,15.432,>15.432,99.990,0.179,0.488,g
2459065.47314,2020-08-03.9707834,bo,1.67,15.561,>15.561,99.990,0.619,0.433,g
2459065.47438,2020-08-03.9720201,bo,1.64,15.669,>15.669,99.990,-0.447,0.392,g
2459068.45037,2020-08-06.9480187,bo,1.44,16.136,>16.136,99.990,-0.302,0.255,g
2459068.45158,2020-08-06.9492358,bo,1.38,16.145,>16.145,99.990,-0.307,0.253,g
2459068.45280,2020-08-06.9504518,bo,1.45,16.130,>16.130,99.990,0.469,0.257,g
2459069.45733,2020-08-07.9549869,bo,1.71,16.384,>16.384,99.990,-0.087,0.203,g
2459069.45856,2020-08-07.9562123,bo,1.79,16.267,>16.267,99.990,0.434,0.226,g
2459069.45994,2020-08-07.9575982,bo,2.19,16.364,>16.364,99.990,0.319,0.207,g
2459072.43847,2020-08-10.9361442,bo,1.59,17.091,>17.091,99.990,0.007,0.106,g
2459072.43968,2020-08-10.9373567,bo,1.68,16.945,>16.945,99.990,0.163,0.121,g
2459072.44091,2020-08-10.9385818,bo,1.57,17.018,>17.018,99.990,-0.035,0.113,g
2459075.41632,2020-08-13.9140207,bo,1.46,17.204,>17.204,99.990,0.184,0.095,g
2459075.41754,2020-08-13.9152383,bo,1.47,17.214,>17.214,99.990,0.083,0.094,g
2459075.41875,2020-08-13.9164556,bo,1.45,17.146,>17.146,99.990,-0.078,0.101,g
2459078.42296,2020-08-16.9206875,bo,1.52,17.317,>17.317,99.990,0.238,0.086,g
2459078.42417,2020-08-16.9219011,bo,1.53,17.230,>17.230,99.990,0.201,0.093,g
2459078.42538,2020-08-16.9231172,bo,1.47,17.306,>17.306,99.990,0.058,0.087,g
2459081.41552,2020-08-19.9132913,bo,1.50,99.990,99.990,99.990,99.990,99.990,g
2459081.41674,2020-08-19.9145071,bo,1.42,99.990,99.990,99.990,99.990,99.990,g
2459081.41796,2020-08-19.9157219,bo,1.50,99.990,99.990,99.990,99.990,99.990,g
2459083.40624,2020-08-21.9040268,bo,1.47,17.142,>17.142,99.990,0.107,0.101,g
2459083.40751,2020-08-21.9053039,bo,1.45,17.080,>17.080,99.990,0.064,0.107,g
2459083.40893,2020-08-21.9067192,bo,1.47,17.024,>17.024,99.990,0.243,0.113,g
2459084.40443,2020-08-22.9022387,bo,1.58,17.198,>17.198,99.990,0.184,0.096,g
2459084.40565,2020-08-22.9034569,bo,1.55,17.191,>17.191,99.990,0.171,0.097,g
2459084.40713,2020-08-22.9049399,bo,1.52,17.183,>17.183,99.990,0.099,0.097,g
2459086.42168,2020-08-24.9195167,bo,1.50,17.109,>17.109,99.990,0.047,0.104,g
2459086.42291,2020-08-24.9207527,bo,1.45,17.109,>17.109,99.990,0.300,0.104,g
2459086.42414,2020-08-24.9219746,bo,1.48,17.173,>17.173,99.990,0.124,0.098,g
2459088.39513,2020-08-26.8930068,bo,1.53,16.615,>16.615,99.990,0.340,0.164,g
2459088.39635,2020-08-26.8942228,bo,1.54,16.402,>16.402,99.990,0.400,0.200,g
2459088.39757,2020-08-26.8954444,bo,1.56,16.461,>16.461,99.990,0.187,0.189,g
2459094.52503,2020-09-02.0230181,bo,1.59,15.720,>15.720,99.990,0.243,0.374,g
2459094.52776,2020-09-02.0257424,bo,1.61,15.731,>15.731,99.990,0.645,0.370,g
2459097.35706,2020-09-04.8551127,bo,2.13,99.990,99.990,99.990,99.990,99.990,g
2459097.35829,2020-09-04.8563357,bo,1.57,15.072,>15.072,99.990,0.561,0.680,g
2459097.35952,2020-09-04.8575657,bo,1.54,15.750,>15.750,99.990,0.527,0.364,g
2459100.35492,2020-09-07.8530423,bo,1.44,17.089,>17.089,99.990,0.220,0.106,g
2459100.35613,2020-09-07.8542559,bo,1.48,17.098,>17.098,99.990,0.081,0.105,g
2459100.35735,2020-09-07.8554777,bo,1.51,17.212,>17.212,99.990,-0.016,0.095,g
2459103.35457,2020-09-10.8527718,bo,1.87,99.990,99.990,99.990,99.990,99.990,g
2459103.35580,2020-09-10.8539957,bo,2.09,99.990,99.990,99.990,99.990,99.990,g
2459103.35702,2020-09-10.8552222,bo,1.81,99.990,99.990,99.990,99.990,99.990,g
2459103.51790,2020-09-11.0161032,bo,1.71,99.990,99.990,99.990,99.990,99.990,g
2459103.51912,2020-09-11.0173239,bo,1.71,99.990,99.990,99.990,99.990,99.990,g
2459103.52035,2020-09-11.0185454,bo,1.78,16.775,>16.775,99.990,0.189,0.142,g
2459108.51561,2020-09-16.0139488,bo,1.43,17.225,>17.225,99.990,0.120,0.094,g
2459108.51683,2020-09-16.0151650,bo,1.45,17.277,>17.277,99.990,0.090,0.089,g
2459108.51805,2020-09-16.0163831,bo,1.46,17.047,>17.047,99.990,0.375,0.110,g
2459110.33358,2020-09-17.8319710,bo,1.50,99.990,99.990,99.990,99.990,99.990,g
2459110.33480,2020-09-17.8331916,bo,1.45,16.958,>16.958,99.990,0.501,0.120,g
2459110.33602,2020-09-17.8344053,bo,1.47,17.033,>17.033,99.990,0.172,0.112,g
2459111.33204,2020-09-18.8304550,bo,1.41,17.105,>17.105,99.990,0.292,0.104,g
2459111.33328,2020-09-18.8316945,bo,1.45,17.130,>17.130,99.990,0.275,0.102,g
2459111.62008,2020-09-19.1185043,bo,1.65,16.969,>16.969,99.990,-0.026,0.118,g
2459111.62129,2020-09-19.1197193,bo,1.60,16.953,>16.953,99.990,0.290,0.120,g
2459111.62251,2020-09-19.1209377,bo,1.65,17.013,>17.013,99.990,0.190,0.114,g
2459112.31053,2020-09-19.8089765,bo,1.52,99.990,99.990,99.990,99.990,99.990,g
2459112.31175,2020-09-19.8101936,bo,1.48,99.990,99.990,99.990,99.990,99.990,g
2459112.31296,2020-09-19.8114106,bo,1.44,99.990,99.990,99.990,99.990,99.990,g
2459114.31467,2020-09-21.8131826,bo,1.51,99.990,99.990,99.990,99.990,99.990,g
2459114.31589,2020-09-21.8144008,bo,1.56,99.990,99.990,99.990,99.990,99.990,g
2459114.31712,2020-09-21.8156285,bo,1.54,99.990,99.990,99.990,99.990,99.990,g
2459115.32417,2020-09-22.8227187,bo,1.54,16.699,>16.699,99.990,0.179,0.152,g
2459115.32540,2020-09-22.8239417,bo,1.58,16.647,>16.647,99.990,0.285,0.159,g
2459115.32662,2020-09-22.8251564,bo,1.51,16.765,>16.765,99.990,-0.130,0.143,g
2459116.31198,2020-09-23.8105576,bo,1.45,16.557,>16.557,99.990,0.008,0.173,g
2459116.31321,2020-09-23.8117818,bo,1.45,16.533,>16.533,99.990,0.095,0.177,g
2459116.31442,2020-09-23.8129979,bo,1.47,16.465,>16.465,99.990,-0.249,0.188,g
2459117.39878,2020-09-24.8973959,bo,1.49,16.434,>16.434,99.990,0.113,0.194,g
2459117.40032,2020-09-24.8989247,bo,1.53,16.581,>16.581,99.990,0.371,0.169,g
2459117.40159,2020-09-24.9002063,bo,1.49,16.758,>16.758,99.990,0.139,0.144,g
2459119.35483,2020-09-26.8535123,bo,1.66,99.990,99.990,99.990,99.990,99.990,g
2459119.35606,2020-09-26.8547368,bo,1.41,14.992,>14.992,99.990,0.914,0.732,g
2459119.35728,2020-09-26.8559586,bo,1.59,13.678,>13.678,99.990,-2.437,2.454,g
2459120.30128,2020-09-27.7999825,bo,1.51,16.247,>16.247,99.990,0.239,0.230,g
2459120.30251,2020-09-27.8012146,bo,1.49,16.145,>16.145,99.990,0.048,0.253,g
2459120.30373,2020-09-27.8024399,bo,1.52,16.245,>16.245,99.990,0.025,0.231,g
2459121.46535,2020-09-28.9640956,bo,1.49,16.048,>16.048,99.990,0.059,0.277,g
2459121.46658,2020-09-28.9653293,bo,1.48,16.071,>16.071,99.990,0.598,0.271,g
2459121.46780,2020-09-28.9665452,bo,1.54,16.177,>16.177,99.990,0.675,0.246,g
2459122.32357,2020-09-29.8223422,bo,1.52,16.052,>16.052,99.990,0.516,0.276,g
2459122.32479,2020-09-29.8235605,bo,1.50,16.034,>16.034,99.990,0.241,0.280,g
2459122.32600,2020-09-29.8247787,bo,1.40,15.838,>15.838,99.990,0.028,0.336,g
2459122.46352,2020-09-29.9622937,bo,1.51,16.086,>16.086,99.990,0.140,0.267,g
2459122.46473,2020-09-29.9635180,bo,1.47,16.090,>16.090,99.990,0.767,0.266,g
2459122.46595,2020-09-29.9647379,bo,1.51,16.063,>16.063,99.990,0.060,0.273,g
2459127.27610,2020-10-04.7750502,bo,1.48,17.038,>17.038,99.990,0.350,0.111,g
2459127.27732,2020-10-04.7762652,bo,1.48,17.167,>17.167,99.990,0.077,0.099,g
2459127.27854,2020-10-04.7774835,bo,1.49,17.075,>17.075,99.990,0.176,0.107,g
2459128.36387,2020-10-05.8628581,bo,1.45,16.493,>16.493,99.990,-0.088,0.184,g
2459128.36509,2020-10-05.8640800,bo,1.42,16.555,>16.555,99.990,0.072,0.173,g
2459128.36631,2020-10-05.8652951,bo,1.47,16.562,>16.562,99.990,-0.241,0.172,g
2459129.25833,2020-10-06.7573504,bo,1.53,17.176,>17.176,99.990,0.249,0.098,g
2459129.25955,2020-10-06.7585688,bo,1.48,17.054,>17.054,99.990,0.195,0.109,g
2459129.26076,2020-10-06.7597822,bo,1.49,17.032,>17.032,99.990,0.076,0.112,g
2459130.26051,2020-10-07.7595620,bo,1.48,17.096,>17.096,99.990,0.177,0.105,g
2459130.26175,2020-10-07.7608118,bo,1.46,16.962,>16.962,99.990,0.310,0.119,g
2459130.26296,2020-10-07.7620298,bo,1.53,17.177,>17.177,99.990,-0.018,0.098,g
2459130.41123,2020-10-07.9103015,bo,1.52,17.001,>17.001,99.990,0.042,0.115,g
2459130.41247,2020-10-07.9115398,bo,1.47,17.103,>17.103,99.990,-0.150,0.105,g
2459130.41369,2020-10-07.9127557,bo,1.44,17.051,>17.051,99.990,-0.137,0.110,g
2459131.25899,2020-10-08.7580796,bo,1.60,16.992,>16.992,99.990,0.096,0.116,g
2459131.26033,2020-10-08.7594211,bo,1.61,99.990,99.990,99.990,99.990,99.990,g
2459131.26184,2020-10-08.7609324,bo,1.59,99.990,99.990,99.990,99.990,99.990,g
2459134.24264,2020-10-11.7418464,bo,2.06,99.990,99.990,99.990,99.990,99.990,g
2459134.24386,2020-10-11.7430634,bo,1.77,99.990,99.990,99.990,99.990,99.990,g
2459134.24507,2020-10-11.7442795,bo,1.79,99.990,99.990,99.990,99.990,99.990,g
2459136.23615,2020-10-13.7354371,bo,1.72,15.649,>15.649,99.990,-0.572,0.400,g
2459136.23737,2020-10-13.7366516,bo,1.69,15.804,>15.804,99.990,-0.918,0.346,g
2459136.23859,2020-10-13.7378724,bo,1.72,16.137,>16.137,99.990,0.143,0.255,g
2459137.24295,2020-10-14.7422782,bo,1.75,16.414,>16.414,99.990,0.248,0.198,g
2459138.23708,2020-10-15.7364369,bo,1.62,15.659,>15.659,99.990,0.028,0.396,g
2459138.23829,2020-10-15.7376516,bo,1.61,15.884,>15.884,99.990,0.866,0.322,g
2459138.23951,2020-10-15.7388675,bo,1.61,16.175,>16.175,99.990,-0.169,0.246,g
2459138.33970,2020-10-15.8390633,bo,1.48,16.973,>16.973,99.990,0.105,0.118,g
2459138.34092,2020-10-15.8402812,bo,1.49,17.276,>17.276,99.990,0.039,0.089,g
2459138.34213,2020-10-15.8414938,bo,1.42,17.187,>17.187,99.990,0.162,0.097,g
2459139.29468,2020-10-16.7940788,bo,1.53,17.149,>17.149,99.990,0.032,0.100,g
2459139.29589,2020-10-16.7952964,bo,1.52,17.162,>17.162,99.990,0.250,0.099,g
2459139.29711,2020-10-16.7965108,bo,1.50,17.079,>17.079,99.990,0.001,0.107,g
2459141.24295,2020-10-18.7424312,bo,1.99,16.128,>16.128,99.990,-0.102,0.257,g
2459141.24415,2020-10-18.7436417,bo,2.00,15.897,>15.897,99.990,0.237,0.318,g
2459141.24538,2020-10-18.7448693,bo,1.49,15.845,>15.845,99.990,-0.616,0.333,g
2459142.24771,2020-10-19.7472248,bo,1.57,99.990,99.990,99.990,99.990,99.990,g
2459142.24900,2020-10-19.7485172,bo,1.54,99.990,99.990,99.990,99.990,99.990,g
2459142.78716,2020-10-20.2866952,bk,1.49,99.990,99.990,99.990,99.990,99.990,g
2459142.78836,2020-10-20.2879109,bk,1.45,17.090,>17.090,99.990,-0.017,0.106,g
2459142.78958,2020-10-20.2891271,bk,1.47,99.990,99.990,99.990,99.990,99.990,g
2459144.24823,2020-10-21.7478203,bo,1.52,16.583,>16.583,99.990,0.030,0.169,g
2459144.24945,2020-10-21.7490387,bo,1.60,16.672,>16.672,99.990,0.142,0.156,g
2459144.25066,2020-10-21.7502549,bo,1.56,16.654,>16.654,99.990,-0.435,0.158,g
2459144.50007,2020-10-21.9996696,bk,1.51,16.622,>16.622,99.990,-0.062,0.163,g
2459144.50129,2020-10-22.0008960,bk,1.57,16.605,>16.605,99.990,0.040,0.166,g
2459144.50252,2020-10-22.0021247,bk,1.52,16.747,>16.747,99.990,0.113,0.145,g
2459145.26190,2020-10-22.7615384,bo,1.94,99.990,99.990,99.990,99.990,99.990,g
2459145.26435,2020-10-22.7639833,bo,1.88,99.990,99.990,99.990,99.990,99.990,g
2459145.51775,2020-10-23.0173991,bk,1.43,16.935,>16.935,99.990,-0.136,0.122,g
2459146.26071,2020-10-23.7603858,bo,1.58,15.984,>15.984,99.990,-1.037,0.293,g
2459146.26192,2020-10-23.7616019,bo,1.50,15.942,>15.942,99.990,0.243,0.305,g
2459146.26315,2020-10-23.7628311,bo,1.54,15.924,>15.924,99.990,0.256,0.310,g
2459146.32504,2020-10-23.8247273,bo,1.42,16.092,>16.092,99.990,0.164,0.266,g
2459146.32626,2020-10-23.8259363,bo,1.51,16.118,>16.118,99.990,-0.069,0.259,g
2459146.32747,2020-10-23.8271527,bo,1.43,15.959,>15.959,99.990,-0.100,0.300,g
2459146.75037,2020-10-24.2500592,bk,1.40,17.083,>17.083,99.990,0.236,0.107,g
2459146.75158,2020-10-24.2512753,bk,1.43,17.021,>17.021,99.990,-0.067,0.113,g
2459146.75280,2020-10-24.2524947,bk,1.47,17.021,>17.021,99.990,0.026,0.113,g
2459146.78806,2020-10-24.2877572,bk,1.49,16.996,>16.996,99.990,0.192,0.116,g
2459146.78929,2020-10-24.2889884,bk,1.46,99.990,99.990,99.990,99.990,99.990,g
2459146.79052,2020-10-24.2902127,bk,1.45,99.990,99.990,99.990,99.990,99.990,g
2459147.57321,2020-10-25.0729365,bk,1.64,16.561,>16.561,99.990,-0.225,0.173,g
2459147.57442,2020-10-25.0741572,bk,1.57,16.619,>16.619,99.990,0.328,0.164,g
2459147.57564,2020-10-25.0753753,bk,1.56,16.618,>16.618,99.990,0.043,0.164,g
2459148.52841,2020-10-26.0281738,bG,1.42,16.400,>16.400,99.990,-0.248,0.200,g
2459148.52972,2020-10-26.0294834,bG,1.52,16.396,>16.396,99.990,0.186,0.201,g
2459148.53101,2020-10-26.0307722,bG,1.49,16.561,>16.561,99.990,-0.271,0.172,g
2459148.68947,2020-10-26.1892462,bk,1.54,16.299,>16.299,99.990,-0.105,0.220,g
2459148.69071,2020-10-26.1904783,bk,1.45,16.402,>16.402,99.990,0.511,0.200,g
2459148.69192,2020-10-26.1916976,bk,1.52,16.386,>16.386,99.990,-0.134,0.203,g
2459149.37747,2020-10-26.8772734,bo,1.46,16.256,>16.256,99.990,-0.032,0.228,g
2459149.37870,2020-10-26.8785,bo,1.50,16.432,>16.432,99.990,0.127,0.194,g
2459149.37992,2020-10-26.8797204,bo,1.48,16.379,>16.379,99.990,0.409,0.204,g
2459149.42786,2020-10-26.9276626,bo,1.43,16.445,>16.445,99.990,0.255,0.192,g
2459149.42909,2020-10-26.9288905,bo,1.48,16.529,>16.529,99.990,-0.237,0.178,g
2459149.43030,2020-10-26.9301028,bo,1.46,16.313,>16.313,99.990,0.284,0.217,g
2459149.52691,2020-10-27.0267119,bG,1.59,16.380,>16.380,99.990,-0.118,0.204,g
2459149.52819,2020-10-27.0280027,bG,1.57,16.308,>16.308,99.990,0.159,0.218,g
2459149.52948,2020-10-27.0292896,bG,1.50,16.435,>16.435,99.990,-0.094,0.194,g
2459149.63585,2020-10-27.1356657,bG,1.40,16.460,>16.460,99.990,-0.069,0.189,g
2459149.63714,2020-10-27.1369494,bG,1.47,16.457,>16.457,99.990,-0.187,0.190,g
2459149.63844,2020-10-27.1382527,bG,1.40,16.481,>16.481,99.990,0.050,0.186,g
2459149.76112,2020-10-27.2609387,bG,1.44,16.508,>16.508,99.990,-0.205,0.181,g
2459149.76241,2020-10-27.2622255,bG,1.44,16.502,>16.502,99.990,0.218,0.182,g
2459149.76369,2020-10-27.2635125,bG,1.46,16.511,>16.511,99.990,-0.042,0.181,g
2459150.30253,2020-10-27.8023732,bo,1.61,16.063,>16.063,99.990,0.365,0.273,g
2459150.30382,2020-10-27.8036619,bo,1.55,16.222,>16.222,99.990,0.038,0.236,g
2459150.30506,2020-10-27.8049015,bo,1.56,16.195,>16.195,99.990,-0.281,0.242,g
2459150.42793,2020-10-27.9277831,bo,1.53,16.274,>16.274,99.990,-0.081,0.225,g
2459150.42915,2020-10-27.9290002,bo,1.52,16.238,>16.238,99.990,-0.316,0.232,g
2459150.43037,2020-10-27.9302186,bo,1.50,16.376,>16.376,99.990,0.213,0.205,g
2459150.51168,2020-10-28.0115217,bG,1.48,16.320,>16.320,99.990,0.275,0.215,g
2459150.51297,2020-10-28.0128202,bG,1.49,16.302,>16.302,99.990,0.084,0.219,g
2459150.51426,2020-10-28.0141082,bG,1.39,16.196,>16.196,99.990,0.194,0.241,g
2459151.63219,2020-10-29.1320804,bG,1.50,16.204,>16.204,99.990,-0.311,0.239,g
2459151.63350,2020-10-29.1333954,bG,1.50,16.222,>16.222,99.990,-0.050,0.236,g
2459151.63481,2020-10-29.1347048,bG,1.56,16.319,>16.319,99.990,0.286,0.215,g
2459151.76139,2020-10-29.2612865,bG,1.40,16.259,>16.259,99.990,-0.246,0.228,g
2459151.76267,2020-10-29.2625747,bG,1.49,16.383,>16.383,99.990,-0.451,0.203,g
2459151.76398,2020-10-29.2638807,bG,1.52,16.207,>16.207,99.990,-0.119,0.239,g
2459151.77499,2020-10-29.2748895,bG,1.50,16.238,>16.238,99.990,0.879,0.232,g
2459151.77629,2020-10-29.2761908,bG,1.50,16.172,>16.172,99.990,-0.274,0.247,g
2459151.77758,2020-10-29.2774814,bG,1.40,16.244,>16.244,99.990,0.387,0.231,g
2459152.40049,2020-10-29.9004079,bo,1.52,16.067,>16.067,99.990,0.267,0.272,g
2459152.40171,2020-10-29.9016284,bo,1.54,15.865,>15.865,99.990,-0.092,0.328,g
2459152.40293,2020-10-29.9028466,bo,1.49,15.906,>15.906,99.990,-0.010,0.315,g
2459152.77581,2020-10-30.2757443,bG,1.51,16.148,>16.148,99.990,-0.255,0.252,g
2459152.77709,2020-10-30.2770288,bG,1.55,16.115,>16.115,99.990,0.053,0.260,g
2459152.77838,2020-10-30.2783212,bG,1.54,16.136,>16.136,99.990,-0.523,0.255,g
2459153.58339,2020-10-31.0833599,bk,1.50,16.114,>16.114,99.990,-0.823,0.260,g
2459153.58462,2020-10-31.0845913,bk,1.55,16.062,>16.062,99.990,0.474,0.273,g
2459153.58584,2020-10-31.0858107,bk,1.52,16.056,>16.056,99.990,0.275,0.275,g
2459155.74366,2020-11-02.2437224,bG,1.45,16.047,>16.047,99.990,0.344,0.277,g
2459155.74495,2020-11-02.2450082,bG,1.42,16.188,>16.188,99.990,0.169,0.243,g
2459155.74626,2020-11-02.2463175,bG,1.47,16.082,>16.082,99.990,-0.063,0.268,g
2459156.72755,2020-11-03.2276515,bk,1.44,16.328,>16.328,99.990,0.151,0.214,g
2459156.72876,2020-11-03.2288700,bk,1.45,16.321,>16.321,99.990,0.307,0.215,g
2459156.73000,2020-11-03.2301092,bk,1.50,16.367,>16.367,99.990,0.306,0.206,g
2459157.58605,2020-11-04.0861932,bk,1.49,17.013,>17.013,99.990,0.237,0.114,g
2459157.58727,2020-11-04.0874068,bk,1.48,99.990,99.990,99.990,99.990,99.990,g
2459157.58849,2020-11-04.0886298,bk,1.45,16.877,>16.877,99.990,0.091,0.129,g
2459157.77478,2020-11-04.2749192,bG,1.49,16.276,>16.276,99.990,0.617,0.224,g
2459157.77607,2020-11-04.2762138,bG,1.47,16.266,>16.266,99.990,0.954,0.226,g
2459157.77736,2020-11-04.2775016,bG,1.45,16.380,>16.380,99.990,0.740,0.204,g
2459158.59955,2020-11-05.0997223,bG,1.45,17.317,17.172,0.192,0.491,0.086,g
2459158.60083,2020-11-05.1010077,bG,1.47,17.181,>17.181,99.990,0.221,0.097,g
2459158.60211,2020-11-05.1022862,bG,1.43,17.279,>17.279,99.990,-0.030,0.089,g
2459158.77142,2020-11-05.2716028,bG,1.49,16.263,>16.263,99.990,-0.588,0.227,g
2459158.77274,2020-11-05.2729162,bG,1.48,16.510,>16.510,99.990,-0.062,0.181,g
2459158.77402,2020-11-05.2742017,bG,1.41,16.474,>16.474,99.990,0.223,0.187,g
2459159.58713,2020-11-06.0873472,bk,1.47,99.990,99.990,99.990,99.990,99.990,g
2459159.58836,2020-11-06.0885760,bk,1.45,99.990,99.990,99.990,99.990,99.990,g
2459159.58959,2020-11-06.0898048,bk,1.46,99.990,99.990,99.990,99.990,99.990,g
2459159.76959,2020-11-06.2698090,bk,1.44,16.517,>16.517,99.990,0.097,0.180,g
2459159.77082,2020-11-06.2710399,bk,1.42,16.594,>16.594,99.990,0.196,0.167,g
2459159.77205,2020-11-06.2722744,bk,1.48,16.583,>16.583,99.990,0.132,0.169,g
2459163.26044,2020-11-09.7607978,bo,1.99,99.990,99.990,99.990,99.990,99.990,g
2459163.26165,2020-11-09.7620125,bo,2.05,99.990,99.990,99.990,99.990,99.990,g
2459163.26290,2020-11-09.7632585,bo,2.00,99.990,99.990,99.990,99.990,99.990,g
2459163.54668,2020-11-10.0470518,bo,1.69,16.421,>16.421,99.990,0.063,0.196,g
2459163.54790,2020-11-10.0482700,bo,1.74,16.428,>16.428,99.990,0.194,0.195,g
2459164.27210,2020-11-10.7725075,bo,1.49,17.194,>17.194,99.990,0.060,0.096,g
2459164.27332,2020-11-10.7737292,bo,1.47,17.053,>17.053,99.990,0.233,0.110,g
2459164.27457,2020-11-10.7749793,bo,1.49,17.147,>17.147,99.990,0.064,0.101,g
2459164.29840,2020-11-10.7988092,bo,1.61,17.235,>17.235,99.990,0.112,0.093,g
2459164.29967,2020-11-10.8000766,bo,1.57,17.079,>17.079,99.990,0.088,0.107,g
2459164.30094,2020-11-10.8013523,bo,1.55,17.138,>17.138,99.990,-0.055,0.101,g
2459164.31275,2020-11-10.8131584,bo,1.49,17.317,>17.317,99.990,-0.049,0.086,g
2459164.31400,2020-11-10.8144026,bo,1.50,17.102,>17.102,99.990,0.314,0.105,g
2459164.31521,2020-11-10.8156149,bo,1.51,17.200,>17.200,99.990,0.167,0.096,g
2459164.43110,2020-11-10.9315063,bo,1.54,16.961,>16.961,99.990,0.013,0.119,g
2459164.43232,2020-11-10.9327260,bo,1.57,17.089,>17.089,99.990,0.086,0.106,g
2459164.43352,2020-11-10.9339335,bo,1.53,17.069,>17.069,99.990,0.158,0.108,g
2459165.25435,2020-11-11.7547854,bo,2.23,15.520,>15.520,99.990,-0.776,0.450,g
2459165.25556,2020-11-11.7559979,bo,2.23,15.925,>15.925,99.990,-0.809,0.310,g
2459165.25677,2020-11-11.7572093,bo,2.23,15.876,>15.876,99.990,-0.049,0.324,g
2459165.30185,2020-11-11.8022902,bo,1.45,17.193,>17.193,99.990,0.044,0.096,g
2459165.30313,2020-11-11.8035726,bo,1.49,17.248,>17.248,99.990,0.030,0.092,g
2459165.30435,2020-11-11.8047886,bo,1.51,17.249,>17.249,99.990,0.189,0.092,g
2459165.33478,2020-11-11.8352207,bo,1.46,17.200,>17.200,99.990,0.211,0.096,g
2459165.33600,2020-11-11.8364383,bo,1.48,17.089,>17.089,99.990,0.114,0.106,g
2459165.33727,2020-11-11.8377128,bo,1.45,17.254,>17.254,99.990,-0.043,0.091,g
2459165.55268,2020-11-12.0531321,bG,1.39,17.301,>17.301,99.990,0.115,0.087,g
2459165.55396,2020-11-12.0544116,bG,1.44,17.185,>17.185,99.990,0.192,0.097,g
2459165.55525,2020-11-12.0556998,bG,1.46,17.124,>17.124,99.990,0.270,0.103,g
2459166.56799,2020-11-13.0684792,bG,1.43,99.990,99.990,99.990,99.990,99.990,g
2459166.56927,2020-11-13.0697625,bG,1.45,17.303,>17.303,99.990,0.017,0.087,g
2459166.57056,2020-11-13.0710461,bG,1.46,99.990,99.990,99.990,99.990,99.990,g
2459166.60656,2020-11-13.1070535,bG,1.45,17.242,>17.242,99.990,0.024,0.092,g
2459166.60786,2020-11-13.1083511,bG,1.45,99.990,99.990,99.990,99.990,99.990,g
2459166.60915,2020-11-13.1096501,bG,1.44,17.196,>17.196,99.990,0.344,0.096,g
2459166.75054,2020-11-13.2510384,bG,1.48,99.990,99.990,99.990,99.990,99.990,g
2459166.75185,2020-11-13.2523479,bG,1.42,99.990,99.990,99.990,99.990,99.990,g
2459166.75313,2020-11-13.2536281,bG,1.47,99.990,99.990,99.990,99.990,99.990,g
2459167.34012,2020-11-13.8406369,bo,1.43,17.094,>17.094,99.990,-0.159,0.106,g
2459167.34143,2020-11-13.8419535,bo,1.51,17.098,>17.098,99.990,0.107,0.105,g
2459167.34276,2020-11-13.8432834,bo,1.47,16.953,>16.953,99.990,0.103,0.120,g
2459167.36706,2020-11-13.8675821,bo,1.50,17.090,>17.090,99.990,0.181,0.106,g
2459167.36827,2020-11-13.8687991,bo,1.50,99.990,99.990,99.990,99.990,99.990,g
2459167.36949,2020-11-13.8700163,bo,1.46,17.051,>17.051,99.990,-0.074,0.110,g
2459167.57701,2020-11-14.0775420,bG,1.48,99.990,99.990,99.990,99.990,99.990,g
2459167.57831,2020-11-14.0788372,bG,1.43,99.990,99.990,99.990,99.990,99.990,g
2459167.57960,2020-11-14.0801298,bG,1.47,99.990,99.990,99.990,99.990,99.990,g
2459168.50796,2020-11-15.0085333,bG,2.22,15.875,>15.875,99.990,0.424,0.325,g
2459168.50925,2020-11-15.0098244,bG,2.20,15.977,>15.977,99.990,0.097,0.295,g
2459168.51056,2020-11-15.0111358,bG,2.16,16.294,>16.294,99.990,0.108,0.221,g
2459168.73864,2020-11-15.2392232,bk,1.44,17.089,>17.089,99.990,0.107,0.106,g
2459168.73988,2020-11-15.2404532,bk,1.43,17.030,>17.030,99.990,0.276,0.112,g
2459168.74111,2020-11-15.2416831,bk,1.46,99.990,99.990,99.990,99.990,99.990,g
2459169.67326,2020-11-16.1738745,bG,1.50,99.990,99.990,99.990,99.990,99.990,g
2459169.67454,2020-11-16.1751545,bG,1.44,99.990,99.990,99.990,99.990,99.990,g
2459169.67583,2020-11-16.1764464,bG,1.47,99.990,99.990,99.990,99.990,99.990,g
2459169.68379,2020-11-16.1843972,bk,1.46,17.155,>17.155,99.990,0.181,0.100,g
2459169.68502,2020-11-16.1856305,bk,1.48,17.142,>17.142,99.990,0.195,0.101,g
2459169.68624,2020-11-16.1868549,bk,1.52,99.990,99.990,99.990,99.990,99.990,g
2459170.25825,2020-11-16.7588847,bo,1.59,13.821,>13.821,99.990,6.280,2.152,g
2459170.25946,2020-11-16.7600996,bo,1.57,99.990,99.990,99.990,99.990,99.990,g
2459170.26068,2020-11-16.7613170,bo,1.65,13.908,>13.908,99.990,2.064,1.986,g
2459170.73603,2020-11-17.2366811,bG,1.47,99.990,99.990,99.990,99.990,99.990,g
2459171.28533,2020-11-17.7860060,bo,2.18,99.990,99.990,99.990,99.990,99.990,g
2459171.28654,2020-11-17.7872122,bo,2.18,99.990,99.990,99.990,99.990,99.990,g
2459171.28777,2020-11-17.7884414,bo,1.56,99.990,99.990,99.990,99.990,99.990,g
2459171.56772,2020-11-18.0684104,bG,1.45,17.179,>17.179,99.990,0.091,0.098,g
2459171.56902,2020-11-18.0697010,bG,1.42,17.129,>17.129,99.990,0.123,0.102,g
2459171.57032,2020-11-18.0710133,bG,1.44,17.115,>17.115,99.990,0.111,0.104,g
2459172.58112,2020-11-19.0818567,bk,1.51,17.094,>17.094,99.990,0.208,0.106,g
2459172.58235,2020-11-19.0830807,bk,1.47,17.098,>17.098,99.990,0.351,0.105,g
2459172.58357,2020-11-19.0843,bk,1.49,17.108,>17.108,99.990,0.267,0.104,g
2459173.52536,2020-11-20.0261210,bk,1.47,16.775,>16.775,99.990,-0.006,0.142,g
2459173.52659,2020-11-20.0273488,bk,1.41,16.870,>16.870,99.990,0.070,0.130,g
2459173.52781,2020-11-20.0285667,bk,1.44,17.164,>17.164,99.990,0.263,0.099,g
2459173.59121,2020-11-20.0919751,bG,1.46,16.980,>16.980,99.990,-0.063,0.117,g
2459173.59250,2020-11-20.0932657,bG,1.42,16.906,>16.906,99.990,0.050,0.126,g
2459173.59379,2020-11-20.0945554,bG,1.48,17.038,>17.038,99.990,0.018,0.111,g
2459173.67810,2020-11-20.1788642,bG,1.48,17.458,>17.458,99.990,0.024,0.075,g
2459173.67938,2020-11-20.1801475,bG,1.45,99.990,99.990,99.990,99.990,99.990,g
2459173.68070,2020-11-20.1814606,bG,1.48,17.160,>17.160,99.990,0.359,0.099,g
2459174.27579,2020-11-20.7765773,bo,1.61,17.010,>17.010,99.990,0.107,0.114,g
2459174.27700,2020-11-20.7777929,bo,1.59,16.636,>16.636,99.990,-0.216,0.161,g
2459174.27822,2020-11-20.7790076,bo,1.59,16.874,>16.874,99.990,0.123,0.129,g
2459174.42136,2020-11-20.9221565,bo,1.45,15.709,>15.709,99.990,0.556,0.378,g
2459174.42258,2020-11-20.9233738,bo,1.52,14.936,>14.936,99.990,1.140,0.771,g
2459174.42379,2020-11-20.9245866,bo,1.51,13.941,>13.941,99.990,2.977,1.926,g
2459174.52217,2020-11-21.0229745,bk,1.42,16.794,>16.794,99.990,0.222,0.139,g
2459174.52340,2020-11-21.0241998,bk,1.42,16.712,>16.712,99.990,0.284,0.150,g
2459174.52461,2020-11-21.0254197,bk,1.46,16.829,>16.829,99.990,-0.096,0.135,g
2459174.57660,2020-11-21.0774019,bG,1.40,17.013,>17.013,99.990,0.067,0.114,g
2459174.57789,2020-11-21.0786945,bG,1.42,16.874,>16.874,99.990,0.100,0.129,g
2459174.57918,2020-11-21.0799848,bG,1.46,16.897,>16.897,99.990,0.036,0.127,g
2459174.65976,2020-11-21.1605718,bG,1.46,16.973,>16.973,99.990,0.125,0.118,g
2459174.66106,2020-11-21.1618638,bG,1.47,16.936,>16.936,99.990,-0.046,0.122,g
2459174.66235,2020-11-21.1631519,bG,1.48,16.961,>16.961,99.990,0.049,0.119,g
2459175.26315,2020-11-21.7639798,bo,1.46,15.793,>15.793,99.990,-1.080,0.350,g
2459175.26442,2020-11-21.7652462,bo,1.48,15.740,>15.740,99.990,-0.186,0.367,g
2459175.45617,2020-11-21.9570082,bo,1.53,16.693,>16.693,99.990,0.056,0.153,g
2459175.45739,2020-11-21.9582263,bo,1.46,99.990,99.990,99.990,99.990,99.990,g
2459175.45862,2020-11-21.9594543,bo,1.48,99.990,99.990,99.990,99.990,99.990,g
2459175.62317,2020-11-22.1240167,bG,1.42,16.743,>16.743,99.990,0.154,0.146,g
2459175.62446,2020-11-22.1253101,bG,1.42,16.993,>16.993,99.990,-0.103,0.116,g
2459175.62576,2020-11-22.1266047,bG,1.49,16.785,>16.785,99.990,0.023,0.140,g
2459175.64372,2020-11-22.1445612,bk,1.45,16.778,>16.778,99.990,0.090,0.141,g
2459175.64495,2020-11-22.1457950,bk,1.55,16.875,>16.875,99.990,-0.052,0.129,g
2459175.64619,2020-11-22.1470307,bk,1.51,16.780,>16.780,99.990,0.110,0.141,g
2459175.71635,2020-11-22.2171964,bG,1.47,17.024,>17.024,99.990,0.163,0.113,g
2459175.71763,2020-11-22.2184804,bG,1.49,16.954,>16.954,99.990,-0.164,0.120,g
2459175.71895,2020-11-22.2197900,bG,1.51,17.103,>17.103,99.990,-0.016,0.105,g
2459176.54222,2020-11-23.0430973,bk,1.52,16.668,>16.668,99.990,0.065,0.156,g
2459176.54345,2020-11-23.0443261,bk,1.50,16.747,>16.747,99.990,0.030,0.145,g
2459176.55380,2020-11-23.0546790,bk,1.57,16.727,>16.727,99.990,0.115,0.148,g
2459176.55503,2020-11-23.0559045,bk,1.50,16.891,>16.891,99.990,-0.207,0.127,g
2459176.55626,2020-11-23.0571332,bk,1.50,16.759,>16.759,99.990,0.051,0.144,g
2459177.51667,2020-11-24.0175797,bk,1.51,16.077,>16.077,99.990,0.345,0.269,g
2459177.51789,2020-11-24.0187993,bk,1.49,16.149,>16.149,99.990,0.586,0.252,g
2459177.51911,2020-11-24.0200180,bk,1.50,16.320,>16.320,99.990,-0.681,0.215,g
2459178.29690,2020-11-24.7978458,bo,1.48,16.366,>16.366,99.990,-0.079,0.206,g
2459178.29820,2020-11-24.7991378,bo,1.51,16.397,>16.397,99.990,-0.030,0.201,g
2459178.29946,2020-11-24.8004009,bo,1.52,16.456,>16.456,99.990,-0.031,0.190,g
2459178.51371,2020-11-25.0146605,bG,2.15,15.777,>15.777,99.990,0.405,0.355,g
2459178.51500,2020-11-25.0159508,bG,2.12,15.805,>15.805,99.990,-0.526,0.346,g
2459178.51630,2020-11-25.0172512,bG,2.08,15.886,>15.886,99.990,0.229,0.321,g
2459178.58517,2020-11-25.0861203,bk,1.51,16.542,>16.542,99.990,0.306,0.175,g
2459178.58639,2020-11-25.0873383,bk,1.52,16.514,>16.514,99.990,-0.160,0.180,g
2459178.58760,2020-11-25.0885519,bk,1.46,16.534,>16.534,99.990,-0.263,0.177,g
2459178.67478,2020-11-25.1757387,bk,1.48,16.502,>16.502,99.990,0.018,0.182,g
2459178.67600,2020-11-25.1769583,bk,1.47,16.526,>16.526,99.990,0.012,0.178,g
2459178.67722,2020-11-25.1781752,bk,1.47,16.459,>16.459,99.990,0.285,0.189,g
2459178.68972,2020-11-25.1906818,bk,1.45,16.437,>16.437,99.990,0.421,0.193,g
2459178.69095,2020-11-25.1919071,bk,1.52,16.565,>16.565,99.990,0.232,0.172,g
2459178.69216,2020-11-25.1931231,bk,1.56,16.521,>16.521,99.990,0.207,0.179,g
2459179.26407,2020-11-25.7650474,bo,2.00,15.542,>15.542,99.990,-0.026,0.441,g
2459179.26529,2020-11-25.7662635,bo,1.99,15.666,>15.666,99.990,-0.233,0.393,g
2459179.26651,2020-11-25.7674819,bo,1.77,15.838,>15.838,99.990,0.442,0.336,g
2459179.51418,2020-11-26.0151650,bG,1.61,15.853,>15.853,99.990,-0.959,0.331,g
2459179.51549,2020-11-26.0164776,bG,1.52,16.042,>16.042,99.990,0.095,0.278,g
2459179.51678,2020-11-26.0177680,bG,1.57,16.106,>16.106,99.990,-0.296,0.262,g
2459179.62751,2020-11-26.1285033,bG,1.47,16.481,>16.481,99.990,0.163,0.186,g
2459179.63010,2020-11-26.1310938,bG,1.42,16.390,>16.390,99.990,0.385,0.202,g
2459179.69861,2020-11-26.1996078,bG,1.51,16.318,>16.318,99.990,-0.059,0.216,g
2459179.69991,2020-11-26.2008982,bG,1.50,16.489,>16.489,99.990,0.084,0.184,g
2459179.70119,2020-11-26.2021853,bG,1.53,16.381,>16.381,99.990,0.008,0.204,g
2459180.26497,2020-11-26.7659782,bo,2.02,15.470,>15.470,99.990,0.038,0.471,g
2459180.26625,2020-11-26.7672576,bo,2.02,15.541,>15.541,99.990,-0.132,0.441,g
2459180.26764,2020-11-26.7686545,bo,2.01,15.720,>15.720,99.990,-0.375,0.374,g
2459180.47248,2020-11-26.9734946,bo,1.48,16.176,>16.176,99.990,-0.172,0.246,g
2459180.47369,2020-11-26.9747129,bo,1.61,16.163,>16.163,99.990,-0.241,0.249,g
2459180.47497,2020-11-26.9759863,bo,1.52,16.128,>16.128,99.990,0.175,0.257,g
2459180.53860,2020-11-27.0396302,bG,1.42,16.322,>16.322,99.990,0.221,0.215,g
2459180.53990,2020-11-27.0409243,bG,1.45,16.446,>16.446,99.990,0.180,0.192,g
2459180.54120,2020-11-27.0422237,bG,1.45,16.346,>16.346,99.990,0.033,0.210,g
2459180.58635,2020-11-27.0873844,bk,1.45,16.587,>16.587,99.990,-0.121,0.168,g
2459180.58758,2020-11-27.0886050,bk,1.44,16.327,>16.327,99.990,0.267,0.214,g
2459180.58880,2020-11-27.0898291,bk,1.44,16.427,>16.427,99.990,0.042,0.195,g
2459181.43514,2020-11-27.9361901,bo,1.55,16.102,>16.102,99.990,-0.427,0.263,g
2459181.43637,2020-11-27.9374211,bo,1.56,16.088,>16.088,99.990,0.032,0.267,g
2459181.43757,2020-11-27.9386255,bo,1.65,15.912,>15.912,99.990,0.271,0.313,g
2459181.48349,2020-11-27.9845475,bo,1.55,16.051,>16.051,99.990,-0.439,0.276,g
2459181.48472,2020-11-27.9857766,bo,1.64,16.065,>16.065,99.990,0.305,0.272,g
2459181.48595,2020-11-27.9870043,bo,1.58,15.971,>15.971,99.990,0.229,0.297,g
2459181.62648,2020-11-28.1275457,bG,1.43,16.412,>16.412,99.990,0.252,0.198,g
2459181.62777,2020-11-28.1288305,bG,1.48,16.222,>16.222,99.990,0.417,0.236,g
2459181.62905,2020-11-28.1301166,bG,1.44,16.255,>16.255,99.990,-0.062,0.229,g
2459181.73610,2020-11-28.2371611,bG,1.43,16.100,>16.100,99.990,0.254,0.264,g
2459181.73739,2020-11-28.2384549,bG,1.47,16.103,>16.103,99.990,-0.163,0.263,g
2459181.73867,2020-11-28.2397375,bG,1.46,16.104,>16.104,99.990,-0.082,0.263,g
2459182.26607,2020-11-28.7671510,bo,1.57,15.603,>15.603,99.990,-0.245,0.417,g
2459182.26729,2020-11-28.7683693,bo,1.45,15.617,>15.617,99.990,-0.157,0.411,g
2459182.26850,2020-11-28.7695854,bo,1.53,15.503,>15.503,99.990,-0.620,0.457,g
2459182.31540,2020-11-28.8164812,bo,1.46,15.982,>15.982,99.990,0.160,0.294,g
2459182.31661,2020-11-28.8176901,bo,1.48,15.925,>15.925,99.990,-0.469,0.310,g
2459182.31782,2020-11-28.8189063,bo,1.42,16.169,>16.169,99.990,-0.396,0.248,g
2459182.53587,2020-11-29.0369767,bG,2.07,16.079,>16.079,99.990,0.227,0.269,g
2459182.53718,2020-11-29.0382797,bG,2.05,16.166,>16.166,99.990,0.311,0.248,g
2459182.53846,2020-11-29.0395560,bG,2.49,15.918,>15.918,99.990,-0.228,0.312,g
2459182.59085,2020-11-29.0919546,bk,1.56,16.099,>16.099,99.990,-0.108,0.264,g
2459182.59208,2020-11-29.0931761,bk,1.54,16.000,>16.000,99.990,0.343,0.289,g
2459182.59330,2020-11-29.0943976,bk,1.57,16.098,>16.098,99.990,0.181,0.264,g
2459182.67786,2020-11-29.1789687,bk,1.46,15.903,>15.903,99.990,1.075,0.316,g
2459182.67909,2020-11-29.1801939,bk,1.44,16.129,>16.129,99.990,-0.087,0.257,g
2459182.68032,2020-11-29.1814265,bk,1.43,16.061,>16.061,99.990,-0.068,0.273,g
2459182.69009,2020-11-29.1911902,bk,1.48,15.988,>15.988,99.990,-0.485,0.292,g
2459182.69132,2020-11-29.1924289,bk,1.53,15.938,>15.938,99.990,-0.276,0.306,g
2459182.69255,2020-11-29.1936479,bk,1.47,15.975,>15.975,99.990,0.094,0.296,g
2459184.27646,2020-11-30.7776130,bo,2.01,15.737,>15.737,99.990,0.752,0.368,g
2459184.27780,2020-11-30.7789541,bo,2.00,15.723,>15.723,99.990,0.400,0.373,g
2459184.27917,2020-11-30.7803274,bo,1.82,15.899,>15.899,99.990,-0.150,0.317,g
2459184.46618,2020-11-30.9673375,bo,1.48,15.811,>15.811,99.990,-0.044,0.344,g
2459184.46739,2020-11-30.9685569,bo,1.54,15.806,>15.806,99.990,-0.481,0.346,g
2459184.46863,2020-11-30.9697868,bo,1.48,15.847,>15.847,99.990,-0.226,0.333,g
2459184.58881,2020-12-01.0899795,bk,1.43,16.079,>16.079,99.990,0.821,0.269,g
2459184.59005,2020-12-01.0912118,bk,1.40,15.951,>15.951,99.990,-0.632,0.302,g
2459184.59127,2020-12-01.0924362,bk,1.45,16.094,>16.094,99.990,0.150,0.265,g
2459184.66849,2020-12-01.1696623,bG,1.43,16.023,>16.023,99.990,0.407,0.283,g
2459184.66978,2020-12-01.1709490,bG,1.51,15.895,>15.895,99.990,0.298,0.318,g
2459184.67106,2020-12-01.1722327,bG,1.45,15.929,>15.929,99.990,-0.193,0.309,g
2459184.69048,2020-12-01.1916447,bk,1.53,16.004,>16.004,99.990,-0.834,0.288,g
2459184.69169,2020-12-01.1928630,bk,1.43,15.901,>15.901,99.990,0.068,0.317,g
2459184.69292,2020-12-01.1940917,bk,1.61,16.125,>16.125,99.990,-0.830,0.258,g
2459185.26800,2020-12-01.7691900,bo,2.11,15.675,>15.675,99.990,0.751,0.390,g
2459185.26922,2020-12-01.7704101,bo,2.15,15.824,>15.824,99.990,-0.481,0.340,g
2459185.27043,2020-12-01.7716271,bo,2.15,15.919,>15.919,99.990,0.527,0.312,g
2459185.52517,2020-12-02.0263688,bk,1.51,16.758,>16.758,99.990,0.235,0.144,g
2459185.52640,2020-12-02.0276025,bk,1.46,16.704,>16.704,99.990,0.012,0.151,g
2459185.52763,2020-12-02.0288278,bk,1.51,16.793,>16.793,99.990,0.235,0.139,g
2459185.63042,2020-12-02.1316164,bk,1.42,16.191,>16.191,99.990,0.057,0.243,g
2459185.63163,2020-12-02.1328358,bk,1.46,16.134,>16.134,99.990,0.387,0.256,g
2459185.63287,2020-12-02.1340668,bk,1.46,16.099,>16.099,99.990,0.161,0.264,g
2459186.27269,2020-12-02.7739148,bo,1.63,16.111,>16.111,99.990,0.088,0.261,g
2459186.27400,2020-12-02.7752200,bo,1.64,16.233,>16.233,99.990,-0.031,0.233,g
2459186.27527,2020-12-02.7764967,bo,1.70,16.335,>16.335,99.990,0.305,0.212,g
2459186.52148,2020-12-03.0227143,bG,2.38,16.061,>16.061,99.990,0.335,0.273,g
2459186.52276,2020-12-03.0239989,bG,2.36,16.281,>16.281,99.990,-0.588,0.223,g
2459186.52406,2020-12-03.0252893,bG,2.31,16.343,>16.343,99.990,-0.225,0.211,g
2459186.72063,2020-12-03.2218715,bG,1.43,16.232,>16.232,99.990,0.191,0.233,g
2459186.72192,2020-12-03.2231626,bG,1.49,16.230,>16.230,99.990,-0.406,0.234,g
2459186.72321,2020-12-03.2244476,bG,1.52,16.470,>16.470,99.990,0.070,0.187,g
2459187.28853,2020-12-03.7897898,bo,1.51,99.990,99.990,99.990,99.990,99.990,g
2459187.28991,2020-12-03.7911710,bo,1.54,99.990,99.990,99.990,99.990,99.990,g
2459187.29117,2020-12-03.7924285,bo,1.54,16.954,>16.954,99.990,0.278,0.120,g
2459187.58802,2020-12-04.0892951,bk,1.40,17.291,>17.291,99.990,-0.078,0.088,g
2459187.58924,2020-12-04.0905178,bk,1.44,17.237,>17.237,99.990,0.145,0.093,g
2459187.59046,2020-12-04.0917326,bk,1.41,17.268,>17.268,99.990,0.117,0.090,g
2459188.27570,2020-12-04.7769947,bo,2.40,16.166,>16.166,99.990,-0.359,0.248,g
2459188.27696,2020-12-04.7782530,bo,2.38,16.212,>16.212,99.990,0.059,0.238,g
2459188.27822,2020-12-04.7795101,bo,2.41,16.535,>16.535,99.990,0.153,0.177,g
2459188.38460,2020-12-04.8858960,bo,1.50,99.990,99.990,99.990,99.990,99.990,g
2459188.38585,2020-12-04.8871420,bo,1.68,16.910,>16.910,99.990,-0.024,0.125,g
2459188.38708,2020-12-04.8883777,bo,1.56,16.785,>16.785,99.990,0.225,0.140,g
2459188.52780,2020-12-05.0290973,bG,2.17,16.584,>16.584,99.990,-0.104,0.169,g
2459188.52908,2020-12-05.0303858,bG,2.19,16.551,>16.551,99.990,0.235,0.174,g
2459188.53037,2020-12-05.0316739,bG,2.17,16.719,>16.719,99.990,0.062,0.149,g
2459189.51999,2020-12-06.0213187,bk,1.53,15.761,>15.761,99.990,-0.153,0.360,g
2459189.52121,2020-12-06.0225486,bk,1.53,15.841,>15.841,99.990,0.550,0.335,g
2459189.52244,2020-12-06.0237753,bk,1.50,16.030,>16.030,99.990,0.052,0.281,g
2459191.27160,2020-12-07.7729903,bo,2.31,15.458,>15.458,99.990,-1.029,0.476,g
2459191.27282,2020-12-07.7742144,bo,2.28,15.681,>15.681,99.990,0.707,0.388,g
2459191.27403,2020-12-07.7754225,bo,2.28,15.732,>15.732,99.990,0.203,0.370,g
2459191.52107,2020-12-08.0224677,bG,1.71,15.850,>15.850,99.990,0.184,0.332,g
2459191.52236,2020-12-08.0237616,bG,1.68,15.955,>15.955,99.990,-0.202,0.301,g
2459191.52367,2020-12-08.0250717,bG,1.70,16.230,>16.230,99.990,0.382,0.234,g
2459192.27590,2020-12-08.7773218,bo,1.51,16.107,>16.107,99.990,0.322,0.262,g
2459192.27712,2020-12-08.7785400,bo,1.51,16.207,>16.207,99.990,-0.189,0.239,g
2459192.27832,2020-12-08.7797442,bo,1.48,16.424,>16.424,99.990,0.298,0.196,g
2459192.52924,2020-12-09.0306708,bk,1.54,16.540,>16.540,99.990,-0.475,0.176,g
2459192.53046,2020-12-09.0318938,bk,1.51,16.679,>16.679,99.990,0.129,0.155,g
2459192.53169,2020-12-09.0331203,bk,1.47,16.701,>16.701,99.990,0.142,0.152,g
2459193.52588,2020-12-10.0273436,bk,1.41,16.344,>16.344,99.990,-0.205,0.211,g
2459193.52709,2020-12-10.0285660,bk,1.44,16.362,>16.362,99.990,0.092,0.207,g
2459193.52831,2020-12-10.0297811,bk,1.41,16.331,>16.331,99.990,0.403,0.213,g
2459194.29704,2020-12-10.7985290,bo,1.44,17.000,>17.000,99.990,0.189,0.115,g
2459194.29826,2020-12-10.7997487,bo,1.48,16.972,>16.972,99.990,0.107,0.118,g
2459194.29947,2020-12-10.8009553,bo,1.49,17.002,>17.002,99.990,0.117,0.115,g
2459194.44620,2020-12-10.9476900,bo,1.54,16.289,>16.289,99.990,-0.078,0.221,g
2459194.44743,2020-12-10.9489195,bo,1.54,16.279,>16.279,99.990,0.100,0.224,g
2459194.44864,2020-12-10.9501343,bo,1.55,16.633,>16.633,99.990,0.052,0.161,g
2459194.54512,2020-12-11.0466160,bk,1.75,17.034,>17.034,99.990,0.375,0.112,g
2459194.54634,2020-12-11.0478329,bk,1.64,16.985,>16.985,99.990,0.100,0.117,g
2459194.54756,2020-12-11.0490526,bk,1.66,17.148,>17.148,99.990,0.126,0.100,g
2459194.56425,2020-12-11.0657519,bG,1.47,17.155,>17.155,99.990,0.202,0.100,g
2459194.56556,2020-12-11.0670518,bG,1.45,17.104,>17.104,99.990,0.132,0.105,g
2459194.56684,2020-12-11.0683348,bG,1.50,17.108,>17.108,99.990,0.128,0.104,g
2459195.27892,2020-12-11.7804444,bo,1.54,99.990,99.990,99.990,99.990,99.990,g
2459195.52345,2020-12-12.0249761,bG,1.54,15.932,>15.932,99.990,-0.125,0.308,g
2459195.52475,2020-12-12.0262733,bG,1.58,16.046,>16.046,99.990,0.474,0.277,g
2459195.52605,2020-12-12.0275704,bG,1.59,16.284,>16.284,99.990,0.056,0.223,g
2459196.28299,2020-12-12.7845383,bo,1.69,16.480,>16.480,99.990,-0.169,0.186,g
2459196.28424,2020-12-12.7857892,bo,1.71,16.589,>16.589,99.990,0.121,0.168,g
2459196.28558,2020-12-12.7871189,bo,1.74,99.990,99.990,99.990,99.990,99.990,g
2459196.52796,2020-12-13.0295171,bG,1.62,16.384,>16.384,99.990,0.049,0.203,g
2459196.52926,2020-12-13.0308140,bG,1.58,16.355,>16.355,99.990,0.096,0.209,g
2459196.53056,2020-12-13.0321098,bG,1.48,16.601,>16.601,99.990,0.199,0.166,g
2459197.57676,2020-12-14.0783513,bk,1.44,17.136,>17.136,99.990,0.122,0.102,g
2459197.57799,2020-12-14.0795788,bk,1.43,17.175,>17.175,99.990,0.158,0.098,g
2459197.57922,2020-12-14.0808083,bk,1.45,17.223,>17.223,99.990,0.048,0.094,g
2459198.28781,2020-12-14.7894136,bo,1.49,16.836,>16.836,99.990,0.252,0.134,g
2459198.28905,2020-12-14.7906505,bo,1.44,16.903,>16.903,99.990,-0.124,0.126,g
2459198.29028,2020-12-14.7918805,bo,1.47,99.990,99.990,99.990,99.990,99.990,g
2459198.54063,2020-12-15.0422459,bG,1.52,17.099,>17.099,99.990,0.136,0.105,g
2459198.54192,2020-12-15.0435320,bG,1.53,17.045,>17.045,99.990,0.108,0.110,g
2459198.54321,2020-12-15.0448255,bG,1.52,17.078,>17.078,99.990,-0.001,0.107,g
2459199.27806,2020-12-15.7797059,bo,2.45,15.617,>15.617,99.990,-0.143,0.411,g
2459199.43482,2020-12-15.9364541,bo,1.69,17.109,>17.109,99.990,0.262,0.104,g
2459199.43603,2020-12-15.9376715,bo,1.70,17.054,>17.054,99.990,0.250,0.110,g
2459199.43725,2020-12-15.9388908,bo,1.65,17.090,>17.090,99.990,0.203,0.106,g
2459200.28746,2020-12-16.7891182,bo,1.70,16.581,>16.581,99.990,0.097,0.169,g
2459200.28876,2020-12-16.7904247,bo,1.71,16.749,>16.749,99.990,-0.130,0.145,g
2459200.28999,2020-12-16.7916541,bo,1.59,16.876,>16.876,99.990,-0.002,0.129,g
2459201.28432,2020-12-17.7860109,bo,1.60,16.326,>16.326,99.990,0.062,0.214,g
2459201.28555,2020-12-17.7872422,bo,1.64,16.575,>16.575,99.990,0.112,0.170,g
2459201.28677,2020-12-17.7884724,bo,1.64,16.825,>16.825,99.990,0.007,0.135,g
2459202.42370,2020-12-18.9254185,bo,1.63,99.990,99.990,99.990,99.990,99.990,g
2459202.42493,2020-12-18.92665,bo,1.53,17.080,>17.080,99.990,0.146,0.107,g
2459202.42617,2020-12-18.9278925,bo,1.60,17.250,>17.250,99.990,-0.067,0.091,g
2459202.65719,2020-12-19.1589199,bG,1.44,99.990,99.990,99.990,99.990,99.990,g
2459202.65848,2020-12-19.1602108,bG,1.46,99.990,99.990,99.990,99.990,99.990,g
2459202.65979,2020-12-19.1615228,bG,1.46,99.990,99.990,99.990,99.990,99.990,g
2459203.57994,2020-12-20.0816928,bG,1.58,16.916,>16.916,99.990,0.218,0.124,g
2459203.58125,2020-12-20.0829993,bG,1.47,16.931,>16.931,99.990,0.198,0.123,g
2459203.58255,2020-12-20.0842956,bG,1.51,16.908,>16.908,99.990,0.120,0.125,g
2459205.52726,2020-12-22.0290612,bG,1.64,15.906,>15.906,99.990,0.639,0.315,g
2459205.52856,2020-12-22.0303629,bG,1.56,15.876,>15.876,99.990,0.265,0.324,g
2459205.52986,2020-12-22.0316631,bG,1.60,16.017,>16.017,99.990,-0.437,0.285,g
2459206.28586,2020-12-22.7876788,bo,1.50,16.140,>16.140,99.990,-0.164,0.254,g
2459206.28708,2020-12-22.7888971,bo,1.47,16.318,>16.318,99.990,-0.607,0.216,g
2459206.28830,2020-12-22.7901236,bo,1.50,16.327,>16.327,99.990,0.111,0.214,g
2459206.58041,2020-12-23.0822364,bk,1.51,16.720,>16.720,99.990,0.005,0.149,g
2459206.58165,2020-12-23.0834746,bk,1.48,16.620,>16.620,99.990,-0.138,0.163,g
2459206.58288,2020-12-23.0847047,bk,1.43,16.626,>16.626,99.990,-0.023,0.162,g
2459206.64827,2020-12-23.1500972,bG,1.42,16.626,>16.626,99.990,-0.240,0.162,g
2459206.64958,2020-12-23.1514048,bG,1.44,16.620,>16.620,99.990,0.322,0.163,g
2459206.65088,2020-12-23.1527099,bG,1.42,16.658,>16.658,99.990,-0.082,0.158,g
2459207.36919,2020-12-23.8710391,bo,1.41,16.512,>16.512,99.990,0.167,0.180,g
2459207.37041,2020-12-23.8722608,bo,1.49,16.494,>16.494,99.990,-0.147,0.183,g
2459207.37165,2020-12-23.8734958,bo,1.51,16.605,>16.605,99.990,-0.295,0.166,g
2459207.59522,2020-12-24.0970681,bG,1.51,16.496,>16.496,99.990,-0.090,0.183,g
2459207.59653,2020-12-24.0983773,bG,1.47,16.565,>16.565,99.990,-0.150,0.172,g
2459207.59781,2020-12-24.0996629,bG,1.45,16.612,>16.612,99.990,0.220,0.165,g
2459208.39104,2020-12-24.8929128,bo,1.43,16.328,>16.328,99.990,0.195,0.214,g
2459208.39226,2020-12-24.8941328,bo,1.45,16.310,>16.310,99.990,-0.127,0.217,g
2459208.39349,2020-12-24.8953594,bo,1.52,16.433,>16.433,99.990,-0.129,0.194,g
2459208.41747,2020-12-24.9193435,bo,1.51,16.648,>16.648,99.990,0.244,0.159,g
2459208.41869,2020-12-24.9205643,bo,1.50,16.381,>16.381,99.990,0.009,0.204,g
2459208.41991,2020-12-24.9217784,bo,1.47,16.282,>16.282,99.990,-0.387,0.223,g
2459209.27910,2020-12-25.7809951,bo,2.50,15.514,>15.514,99.990,-0.183,0.452,g
2459209.28031,2020-12-25.7822157,bo,2.47,15.347,14.474,0.098,5.893,0.528,g
2459209.28153,2020-12-25.7834283,bo,2.46,15.500,>15.500,99.990,0.047,0.458,g
2459209.58156,2020-12-26.0834615,bG,1.43,16.461,>16.461,99.990,0.056,0.189,g
2459209.58287,2020-12-26.0847657,bG,1.47,16.395,>16.395,99.990,-0.472,0.201,g
2459209.58417,2020-12-26.0860618,bG,1.41,16.307,>16.307,99.990,-0.202,0.218,g
2459210.29132,2020-12-26.7932351,bo,1.80,16.088,>16.088,99.990,0.008,0.267,g
2459210.62078,2020-12-27.1227010,bG,1.46,16.219,>16.219,99.990,-0.014,0.236,g
2459210.62206,2020-12-27.1239861,bG,1.40,16.211,>16.211,99.990,0.265,0.238,g
2459210.62335,2020-12-27.1252751,bG,1.45,16.232,>16.232,99.990,0.703,0.234,g
2459211.56617,2020-12-28.0681120,bk,1.50,16.071,>16.071,99.990,0.101,0.271,g
2459211.56741,2020-12-28.0693513,bk,1.45,16.077,>16.077,99.990,0.736,0.269,g
2459211.56864,2020-12-28.0705817,bk,1.47,16.195,>16.195,99.990,-0.399,0.241,g
2459212.28592,2020-12-28.7878769,bo,2.04,15.774,>15.774,99.990,0.090,0.356,g
2459213.32133,2020-12-29.8233108,bo,1.49,15.746,>15.746,99.990,0.240,0.365,g
2459213.32256,2020-12-29.8245405,bo,1.50,15.863,>15.863,99.990,-0.263,0.328,g
2459213.32379,2020-12-29.8257648,bo,1.48,15.877,>15.877,99.990,-0.334,0.324,g
2459213.53563,2020-12-30.0376148,bG,2.47,15.677,>15.677,99.990,-1.163,0.389,g
2459214.40053,2020-12-30.9025327,bo,1.61,15.796,>15.796,99.990,0.622,0.349,g
2459214.40176,2020-12-30.9037605,bo,1.58,15.678,>15.678,99.990,0.485,0.389,g
2459214.40300,2020-12-30.9050012,bo,1.57,15.713,>15.713,99.990,-0.388,0.377,g
2459215.28833,2020-12-31.7903530,bo,1.69,16.301,>16.301,99.990,0.214,0.219,g
2459215.28958,2020-12-31.7916111,bo,1.65,16.432,>16.432,99.990,-0.039,0.194,g
2459215.29081,2020-12-31.7928350,bo,1.56,16.548,>16.548,99.990,0.352,0.175,g
2459216.33282,2021-01-01.8348565,bo,1.78,99.990,99.990,99.990,99.990,99.990,g
2459216.33411,2021-01-01.8361442,bo,1.76,16.580,>16.580,99.990,0.276,0.170,g
2459216.33537,2021-01-01.8374031,bo,1.99,99.990,99.990,99.990,99.990,99.990,g
2459216.55916,2021-01-02.0611987,bG,2.30,17.024,>17.024,99.990,0.194,0.113,g
2459216.56045,2021-01-02.0624883,bG,2.28,16.941,>16.941,99.990,0.250,0.122,g
2459216.56175,2021-01-02.0637903,bG,2.28,17.070,>17.070,99.990,0.014,0.108,g
2459216.64460,2021-01-02.1466488,bG,1.42,16.145,>16.145,99.990,0.134,0.253,g
2459216.64590,2021-01-02.1479461,bG,1.51,16.265,>16.265,99.990,0.747,0.227,g
2459216.64720,2021-01-02.1492416,bG,1.48,16.099,>16.099,99.990,0.304,0.264,g
2459217.30976,2021-01-02.8118216,bo,1.50,16.987,>16.987,99.990,-0.084,0.116,g
2459217.31098,2021-01-02.8130400,bo,1.51,17.154,>17.154,99.990,0.197,0.100,g
2459217.31219,2021-01-02.8142571,bo,1.50,17.049,>17.049,99.990,0.158,0.110,g
2459218.60832,2021-01-04.1103947,bG,1.46,17.208,>17.208,99.990,0.332,0.095,g
2459218.60961,2021-01-04.1116890,bG,1.52,17.089,>17.089,99.990,0.190,0.106,g
2459218.61090,2021-01-04.1129777,bG,1.45,17.122,>17.122,99.990,0.270,0.103,g
2459220.52938,2021-01-06.0314939,bG,1.57,15.742,>15.742,99.990,0.727,0.367,g
2459220.53070,2021-01-06.0328134,bG,1.52,15.782,>15.782,99.990,0.211,0.353,g
2459220.53201,2021-01-06.0341218,bG,1.56,16.087,>16.087,99.990,-0.664,0.267,g
2459221.28206,2021-01-06.7841883,bo,2.49,15.698,>15.698,99.990,1.607,0.382,g
2459221.28329,2021-01-06.7854184,bo,2.41,15.701,>15.701,99.990,0.203,0.381,g
2459221.28452,2021-01-06.7866473,bo,2.36,15.731,>15.731,99.990,-0.449,0.370,g
2459221.38195,2021-01-06.8840802,bo,1.49,99.990,99.990,99.990,99.990,99.990,g
2459221.38318,2021-01-06.8853068,bo,1.50,17.010,>17.010,99.990,0.117,0.114,g
2459221.38440,2021-01-06.8865324,bo,1.55,17.037,>17.037,99.990,0.151,0.111,g
2459222.34818,2021-01-07.8503195,bo,1.45,99.990,99.990,99.990,99.990,99.990,g
2459222.34942,2021-01-07.8515600,bo,1.43,99.990,99.990,99.990,99.990,99.990,g
2459222.35065,2021-01-07.8527854,bo,1.46,99.990,99.990,99.990,99.990,99.990,g
2459222.63080,2021-01-08.1329417,bG,1.43,17.024,>17.024,99.990,0.127,0.113,g
2459223.29115,2021-01-08.7933041,bo,2.38,16.449,>16.449,99.990,0.003,0.191,g
2459223.29237,2021-01-08.7945217,bo,2.26,16.514,>16.514,99.990,0.427,0.180,g
2459223.29360,2021-01-08.7957486,bo,2.27,16.606,>16.606,99.990,0.241,0.165,g
2459224.34321,2021-01-09.8453736,bo,1.45,17.030,>17.030,99.990,0.113,0.112,g
2459224.34444,2021-01-09.8466056,bo,1.49,17.152,>17.152,99.990,0.135,0.100,g
2459224.34565,2021-01-09.8478170,bo,1.46,16.924,>16.924,99.990,0.196,0.123,g
2459226.30558,2021-01-11.8077692,bo,1.54,17.006,>17.006,99.990,-0.143,0.114,g
2459226.30680,2021-01-11.8089936,bo,1.54,17.063,>17.063,99.990,0.459,0.109,g
2459226.30803,2021-01-11.8102222,bo,1.54,17.078,>17.078,99.990,0.094,0.107,g
2459228.31645,2021-01-13.8186650,bo,1.53,17.068,>17.068,99.990,-0.149,0.108,g
2459228.31772,2021-01-13.8199361,bo,1.58,17.094,>17.094,99.990,0.136,0.106,g
2459228.31897,2021-01-13.8211848,bo,1.51,16.974,>16.974,99.990,0.195,0.118,g
2459229.32321,2021-01-14.8254366,bo,1.68,99.990,99.990,99.990,99.990,99.990,g
2459229.32444,2021-01-14.8266644,bo,1.62,14.216,>14.216,99.990,0.241,1.495,g
2459229.32567,2021-01-14.8278967,bo,1.98,14.430,>14.430,99.990,1.751,1.228,g
2459230.29020,2021-01-15.7924430,bo,1.56,16.642,>16.642,99.990,-0.267,0.160,g
2459230.52819,2021-01-16.0304241,bG,1.54,15.736,>15.736,99.990,-1.646,0.369,g
2459230.52951,2021-01-16.0317484,bG,1.48,15.861,>15.861,99.990,0.945,0.329,g
2459230.53080,2021-01-16.0330381,bG,1.52,16.005,>16.005,99.990,0.162,0.288,g
2459231.28197,2021-01-16.7842184,bo,2.34,15.646,>15.646,99.990,0.387,0.400,g
2459231.28319,2021-01-16.7854356,bo,2.23,15.829,>15.829,99.990,0.402,0.338,g
2459231.28442,2021-01-16.7866656,bo,2.28,16.107,>16.107,99.990,-0.776,0.262,g
2459231.56240,2021-01-17.0646446,bG,1.43,16.993,>16.993,99.990,0.332,0.116,g
2459231.56370,2021-01-17.0659405,bG,1.46,17.050,>17.050,99.990,0.118,0.110,g
2459231.56498,2021-01-17.0672310,bG,1.42,16.917,>16.917,99.990,0.113,0.124,g
2459232.55016,2021-01-18.0524180,bk,1.47,16.820,>16.820,99.990,0.215,0.136,g
2459232.55138,2021-01-18.0536439,bk,1.45,16.800,>16.800,99.990,-0.037,0.138,g
2459232.55261,2021-01-18.054875,bk,1.41,16.957,>16.957,99.990,0.109,0.120,g
2459234.53127,2021-01-20.0335347,bG,2.15,16.028,>16.028,99.990,-0.135,0.282,g
2459234.53257,2021-01-20.0348355,bG,2.17,16.016,>16.016,99.990,-0.129,0.285,g
2459234.53385,2021-01-20.0361219,bG,2.14,16.287,>16.287,99.990,-0.257,0.222,g
2459235.28439,2021-01-20.7866619,bo,2.47,15.983,>15.983,99.990,-0.080,0.294,g
2459235.28562,2021-01-20.7878868,bo,2.39,16.129,>16.129,99.990,0.196,0.257,g
2459235.28684,2021-01-20.7891072,bo,2.36,16.066,>16.066,99.990,0.197,0.272,g
2459235.58337,2021-01-21.0856406,bG,1.66,16.730,>16.730,99.990,0.275,0.148,g
2459235.58467,2021-01-21.0869459,bG,1.67,16.673,>16.673,99.990,-0.038,0.156,g
2459236.57057,2021-01-22.0728509,bG,1.46,16.578,>16.578,99.990,-0.084,0.170,g
2459236.57186,2021-01-22.0741372,bG,1.47,16.672,>16.672,99.990,-0.186,0.156,g
2459236.57316,2021-01-22.0754376,bG,1.51,16.672,>16.672,99.990,0.048,0.156,g
2459237.34397,2021-01-22.8462501,bo,1.44,16.333,>16.333,99.990,0.043,0.213,g
2459238.54405,2021-01-24.0463416,bG,1.66,16.283,>16.283,99.990,-0.001,0.223,g
2459238.54533,2021-01-24.0476299,bG,1.47,16.353,>16.353,99.990,0.359,0.209,g
2459238.54663,2021-01-24.0489277,bG,1.51,16.387,>16.387,99.990,0.003,0.202,g
2459240.31643,2021-01-25.8187298,bo,1.52,16.225,>16.225,99.990,-0.644,0.235,g
2459240.31766,2021-01-25.8199526,bo,1.43,15.987,>15.987,99.990,0.685,0.293,g
2459240.31889,2021-01-25.8211817,bo,1.38,16.039,>16.039,99.990,0.053,0.279,g
2459240.53567,2021-01-26.0379671,bG,1.48,16.005,>16.005,99.990,0.402,0.288,g
2459240.53697,2021-01-26.0392711,bG,1.43,16.101,>16.101,99.990,0.221,0.263,g
2459240.53828,2021-01-26.0405755,bG,1.48,16.079,>16.079,99.990,0.273,0.269,g
2459241.31599,2021-01-26.8182865,bo,1.51,15.735,>15.735,99.990,-0.393,0.369,g
2459241.31722,2021-01-26.8195153,bo,1.49,15.735,>15.735,99.990,-0.067,0.369,g
2459241.31845,2021-01-26.8207453,bo,1.52,15.891,>15.891,99.990,-0.166,0.320,g
2459241.57831,2021-01-27.0806111,bG,1.39,15.977,>15.977,99.990,-0.447,0.295,g
2459241.57962,2021-01-27.0819255,bG,1.49,15.942,>15.942,99.990,0.523,0.305,g
2459242.33040,2021-01-27.8326979,bo,1.45,15.822,>15.822,99.990,0.225,0.341,g
2459243.32244,2021-01-28.8247343,bo,1.53,15.781,>15.781,99.990,0.034,0.354,g
2459243.32365,2021-01-28.8259468,bo,1.54,15.677,>15.677,99.990,0.632,0.389,g
2459243.32489,2021-01-28.8271863,bo,1.53,15.582,>15.582,99.990,-0.897,0.425,g
2459243.52686,2021-01-29.0291539,bG,2.05,15.676,>15.676,99.990,-0.430,0.390,g
2459243.52819,2021-01-29.0304876,bG,1.99,15.665,>15.665,99.990,-0.610,0.394,g
2459243.52951,2021-01-29.0318098,bG,1.90,15.910,>15.910,99.990,0.102,0.314,g
2459244.27667,2021-01-29.7789626,bo,2.43,15.574,>15.574,99.990,-0.393,0.428,g
2459244.27793,2021-01-29.7802243,bo,2.38,15.788,>15.788,99.990,-0.001,0.351,g
2459244.27916,2021-01-29.7814509,bo,2.35,15.723,>15.723,99.990,-0.144,0.373,g
2459245.52687,2021-01-31.0291680,bG,1.54,16.171,>16.171,99.990,-0.544,0.247,g
2459245.52816,2021-01-31.0304560,bG,1.47,16.230,>16.230,99.990,-0.412,0.234,g
2459245.52945,2021-01-31.0317451,bG,1.53,16.421,>16.421,99.990,-0.438,0.196,g
2459246.52973,2021-02-01.0320324,bk,1.54,16.373,>16.373,99.990,0.338,0.205,g
2459246.53096,2021-02-01.0332612,bk,1.69,16.434,>16.434,99.990,-0.032,0.194,g
2459246.53218,2021-02-01.0344782,bk,2.00,16.599,>16.599,99.990,-0.057,0.167,g
2459247.27495,2021-02-01.7772486,bo,2.11,15.734,>15.734,99.990,-0.182,0.369,g
2459247.27620,2021-02-01.7784998,bo,2.07,15.921,>15.921,99.990,-0.051,0.311,g
2459247.27743,2021-02-01.7797253,bo,2.06,16.039,>16.039,99.990,0.051,0.279,g
2459248.28921,2021-02-02.7914943,bo,1.73,16.962,>16.962,99.990,-0.140,0.119,g
2459248.29043,2021-02-02.7927163,bo,1.99,16.877,>16.877,99.990,0.262,0.129,g
2459248.29166,2021-02-02.7939462,bo,1.71,16.862,>16.862,99.990,0.098,0.131,g
2459249.30299,2021-02-03.8052702,bo,1.60,99.990,99.990,99.990,99.990,99.990,g
2459249.30431,2021-02-03.8065894,bo,1.63,99.990,99.990,99.990,99.990,99.990,g
2459249.30556,2021-02-03.8078504,bo,1.56,99.990,99.990,99.990,99.990,99.990,g
2459249.54205,2021-02-04.0443387,bG,1.49,17.254,>17.254,99.990,0.278,0.091,g
2459249.54333,2021-02-04.0456165,bG,1.52,17.164,>17.164,99.990,0.170,0.099,g
2459249.54461,2021-02-04.0468920,bG,1.40,17.138,>17.138,99.990,0.243,0.101,g
2459251.29462,2021-02-05.7968903,bo,1.53,16.961,>16.961,99.990,0.236,0.119,g
2459251.29585,2021-02-05.7981262,bo,1.57,17.021,>17.021,99.990,0.060,0.113,g
2459251.29707,2021-02-05.7993531,bo,1.58,16.965,>16.965,99.990,0.101,0.119,g
2459252.28657,2021-02-06.7888390,bo,1.66,16.842,>16.842,99.990,0.044,0.133,g
2459252.28780,2021-02-06.7900701,bo,1.69,16.997,>16.997,99.990,0.158,0.115,g
2459252.28904,2021-02-06.7913082,bo,1.64,16.906,>16.906,99.990,0.091,0.125,g
2459252.54671,2021-02-07.0489765,bG,1.46,17.202,>17.202,99.990,0.074,0.096,g
2459252.54800,2021-02-07.0502674,bG,1.46,17.256,>17.256,99.990,0.103,0.091,g
2459252.54930,2021-02-07.0515614,bG,1.49,17.211,>17.211,99.990,-0.071,0.095,g
2459254.28895,2021-02-08.7911988,bo,1.56,16.868,>16.868,99.990,-0.021,0.130,g
2459254.29016,2021-02-08.7924171,bo,1.58,16.970,>16.970,99.990,0.258,0.118,g
2459254.29138,2021-02-08.7936328,bo,1.60,99.990,99.990,99.990,99.990,99.990,g
2459254.52561,2021-02-09.0278641,bG,2.04,16.469,>16.469,99.990,0.160,0.188,g
2459254.52692,2021-02-09.0291682,bG,1.82,16.616,>16.616,99.990,0.174,0.164,g
2459254.52821,2021-02-09.0304672,bG,1.79,16.671,>16.671,99.990,-0.007,0.156,g
2459255.53820,2021-02-10.0404395,bG,1.57,17.040,>17.040,99.990,0.095,0.111,g
2459255.53949,2021-02-10.0417282,bG,1.58,17.024,>17.024,99.990,0.205,0.113,g
2459255.54078,2021-02-10.0430260,bG,1.50,16.942,>16.942,99.990,0.101,0.121,g
2459257.51702,2021-02-12.0192461,bG,1.58,15.636,>15.636,99.990,-0.268,0.404,g
2459257.51831,2021-02-12.0205329,bG,1.42,15.963,>15.963,99.990,0.000,0.299,g
2459257.51962,2021-02-12.0218462,bG,1.48,15.994,>15.994,99.990,-0.069,0.291,g
2459258.53116,2021-02-13.0333728,bG,1.55,16.969,>16.969,99.990,0.172,0.118,g
2459258.53245,2021-02-13.0346630,bG,1.54,16.909,>16.909,99.990,0.134,0.125,g
2459259.52682,2021-02-14.0290221,bG,1.60,16.739,>16.739,99.990,0.051,0.146,g
2459259.52813,2021-02-14.0303287,bG,1.54,16.902,>16.902,99.990,0.123,0.126,g
2459259.52942,2021-02-14.0316269,bG,1.53,16.934,>16.934,99.990,0.156,0.122,g
2459261.26968,2021-02-15.7718611,bo,1.47,16.385,>16.385,99.990,0.135,0.203,g
2459261.27091,2021-02-15.7730912,bo,1.61,16.363,>16.363,99.990,0.182,0.207,g
2459261.27220,2021-02-15.7743879,bo,1.66,99.990,99.990,99.990,99.990,99.990,g
2459261.51281,2021-02-16.0149932,bG,2.05,15.537,>15.537,99.990,-0.272,0.443,g
2459261.51410,2021-02-16.0162778,bG,2.02,15.564,>15.564,99.990,0.464,0.432,g
2459261.51539,2021-02-16.0175763,bG,1.85,15.673,>15.673,99.990,0.117,0.391,g
2459263.26357,2021-02-17.7657245,bo,2.18,16.085,>16.085,99.990,-0.424,0.267,g
2459263.26481,2021-02-17.7669663,bo,2.20,15.949,>15.949,99.990,-0.122,0.303,g
2459263.26605,2021-02-17.7682079,bo,2.14,16.044,>16.044,99.990,0.090,0.278,g
2459263.51137,2021-02-18.0135269,bG,2.23,15.561,>15.561,99.990,0.253,0.433,g
2459263.51267,2021-02-18.0148254,bG,2.20,15.490,>15.490,99.990,0.839,0.462,g
2459263.51397,2021-02-18.0161245,bG,2.16,15.732,>15.732,99.990,-0.184,0.370,g
2459265.26574,2021-02-19.7678656,bo,2.11,16.030,>16.030,99.990,0.164,0.281,g
2459265.26696,2021-02-19.7690910,bo,2.09,16.144,>16.144,99.990,-0.164,0.253,g
2459267.26175,2021-02-21.7638461,bo,2.45,15.661,>15.661,99.990,0.081,0.395,g
2459337.92596,2021-05-03.4257862,bk,1.59,16.202,>16.202,99.990,0.445,0.240,g
2459337.92720,2021-05-03.4270233,bk,1.48,16.184,>16.184,99.990,0.250,0.244,g
2459337.92844,2021-05-03.4282662,bk,1.49,15.932,>15.932,99.990,0.669,0.308,g
2459339.92159,2021-05-05.4213307,bG,1.5,16.599,>16.599,99.990,0.352,0.166,g
2459339.92286,2021-05-05.4226037,bG,1.48,16.620,>16.620,99.990,0.066,0.163,g
2459339.92412,2021-05-05.4238686,bG,1.45,16.574,>16.574,99.990,0.179,0.170,g
2459340.91735,2021-05-06.4170567,bG,1.43,16.898,>16.898,99.990,0.027,0.126,g
2459340.91865,2021-05-06.4183530,bG,1.49,16.873,>16.873,99.990,0.222,0.129,g
2459340.91991,2021-05-06.4196215,bG,1.46,16.748,>16.748,99.990,0.383,0.145,g
2459341.93157,2021-05-07.4312394,bk,1.70,16.230,>16.230,99.990,-0.029,0.234,g
2459341.93280,2021-05-07.4324696,bk,1.67,15.631,>15.631,99.990,0.804,0.406,g
2459341.93403,2021-05-07.4336973,bk,1.65,15.629,>15.629,99.990,-1.256,0.407,g
2459352.68315,2021-05-18.1824026,bo,1.46,16.113,>16.113,99.990,0.654,0.261,g
2459352.68440,2021-05-18.1836442,bo,1.49,15.856,>15.856,99.990,0.570,0.330,g
2459352.68564,2021-05-18.1848873,bo,1.52,15.688,>15.688,99.990,0.649,0.385,g
2459357.62964,2021-05-23.1287050,bo,1.50,16.950,>16.950,99.990,0.201,0.121,g
2459357.63086,2021-05-23.1299232,bo,1.45,17.079,>17.079,99.990,0.117,0.107,g
2459357.63210,2021-05-23.1311664,bo,1.47,17.043,>17.043,99.990,0.075,0.111,g
2459359.63744,2021-05-25.1364307,bo,1.58,14.436,>14.436,99.990,0.306,1.221,g
2459360.66796,2021-05-26.1669122,bo,1.73,13.980,>13.980,99.990,-4.872,1.859,g
2459360.87638,2021-05-26.3753371,bG,1.59,15.734,>15.734,99.990,-0.525,0.369,g
2459360.87767,2021-05-26.3766236,bG,1.5,15.600,>15.600,99.990,0.189,0.418,g
2459360.87895,2021-05-26.3779103,bG,1.64,15.683,>15.683,99.990,0.232,0.387,g
2459363.87093,2021-05-29.3697802,bG,1.44,16.048,>16.048,99.990,-0.380,0.277,g
2459363.87222,2021-05-29.3710607,bG,1.51,16.196,>16.196,99.990,-0.386,0.241,g
2459363.87349,2021-05-29.3723381,bG,1.44,16.056,>16.056,99.990,0.137,0.275,g
2459365.87519,2021-05-31.3739593,bG,1.50,16.471,>16.471,99.990,-0.071,0.187,g
2459365.87647,2021-05-31.3752469,bG,1.43,16.460,>16.460,99.990,-0.367,0.189,g
2459365.87778,2021-05-31.3765503,bG,1.48,16.424,>16.424,99.990,-0.131,0.196,g
2459366.86553,2021-06-01.3642763,bG,1.46,16.557,>16.557,99.990,-0.045,0.173,g
2459366.86682,2021-06-01.3655627,bG,1.44,16.460,>16.460,99.990,0.114,0.189,g
2459366.86809,2021-06-01.3668387,bG,1.46,16.626,>16.626,99.990,0.522,0.162,g
2459367.85808,2021-06-02.3567893,bG,1.56,16.755,>16.755,99.990,0.301,0.144,g
2459367.85938,2021-06-02.3580825,bG,1.51,16.648,>16.648,99.990,0.043,0.159,g
2459367.86066,2021-06-02.3593675,bG,1.56,16.710,>16.710,99.990,-0.057,0.150,g
2459368.86340,2021-06-03.3620753,bG,1.44,16.985,>16.985,99.990,0.003,0.117,g
2459368.86470,2021-06-03.3633745,bG,1.45,16.770,>16.770,99.990,-0.140,0.142,g
2459368.86599,2021-06-03.3646660,bG,1.51,16.776,>16.776,99.990,0.151,0.141,g
2459369.61286,2021-06-04.1115231,bo,1.50,16.843,>16.843,99.990,0.122,0.133,g
2459369.61409,2021-06-04.1127501,bo,1.51,17.039,>17.039,99.990,-0.268,0.111,g
2459369.61532,2021-06-04.1139822,bo,1.53,16.786,>16.786,99.990,0.272,0.140,g
2459370.61265,2021-06-05.1112765,bo,1.46,17.163,>17.163,99.990,0.017,0.099,g
2459370.61389,2021-06-05.1125113,bo,1.49,16.959,>16.959,99.990,0.277,0.119,g
2459370.61511,2021-06-05.1137377,bo,1.45,17.087,>17.087,99.990,0.081,0.106,g
2459370.91867,2021-06-05.4172828,bG,1.57,16.909,>16.909,99.990,0.128,0.125,g
2459370.91996,2021-06-05.4185702,bG,1.56,17.086,>17.086,99.990,0.324,0.106,g
2459370.92125,2021-06-05.4198560,bG,1.54,17.064,>17.064,99.990,0.139,0.109,g
2459371.60313,2021-06-06.1017094,bo,1.54,16.978,>16.978,99.990,-0.077,0.117,g
2459371.60472,2021-06-06.1032994,bo,1.58,16.996,>16.996,99.990,0.216,0.116,g
2459371.60596,2021-06-06.1045425,bo,1.55,17.226,>17.226,99.990,-0.032,0.093,g
2459371.65284,2021-06-06.1514206,bo,1.51,17.246,>17.246,99.990,0.168,0.092,g
2459371.65412,2021-06-06.1527081,bo,1.50,17.014,>17.014,99.990,-0.193,0.114,g
2459371.65537,2021-06-06.1539546,bo,1.44,17.031,>17.031,99.990,0.183,0.112,g
2459374.85143,2021-06-09.3499181,bG,1.48,16.671,>16.671,99.990,0.111,0.156,g
2459374.85272,2021-06-09.3512006,bG,1.47,16.799,>16.799,99.990,0.244,0.138,g
2459374.85400,2021-06-09.3524893,bG,1.44,16.691,>16.691,99.990,0.362,0.153,g
2459375.59024,2021-06-10.0887009,bo,1.50,17.058,>17.058,99.990,0.194,0.109,g
2459375.59147,2021-06-10.0899312,bo,1.48,17.002,>17.002,99.990,0.143,0.115,g
2459375.59271,2021-06-10.0911693,bo,1.45,16.998,>16.998,99.990,0.077,0.115,g
2459375.94759,2021-06-10.4460395,bk,1.54,15.462,>15.462,99.990,0.884,0.474,g
2459376.59031,2021-06-11.0887380,bo,1.47,17.098,>17.098,99.990,0.194,0.105,g
2459376.59155,2021-06-11.0899775,bo,1.49,17.156,>17.156,99.990,0.062,0.100,g
2459376.59277,2021-06-11.0912013,bo,1.44,17.052,>17.052,99.990,0.091,0.110,g
2459376.88133,2021-06-11.3797530,bk,1.51,17.129,>17.129,99.990,0.187,0.102,g
2459376.88255,2021-06-11.3809781,bk,1.46,17.019,>17.019,99.990,0.226,0.113,g
2459376.88379,2021-06-11.3822090,bk,1.46,17.064,>17.064,99.990,0.062,0.109,g
2459378.59173,2021-06-13.0901008,bo,1.49,16.843,>16.843,99.990,0.076,0.133,g
2459378.59296,2021-06-13.0913310,bo,1.54,16.918,>16.918,99.990,0.044,0.124,g
2459378.59420,2021-06-13.0925716,bo,1.51,16.878,>16.878,99.990,0.115,0.129,g
2459380.81990,2021-06-15.3182184,bG,1.45,17.020,>17.020,99.990,0.156,0.113,g
2459380.82120,2021-06-15.3195121,bG,1.52,16.854,>16.854,99.990,0.176,0.132,g
2459380.82250,2021-06-15.3208141,bG,1.46,16.706,>16.706,99.990,-0.110,0.151,g
2459383.58427,2021-06-18.0825037,bo,1.99,17.156,>17.156,99.990,0.181,0.100,g
2459383.58550,2021-06-18.0837418,bo,1.55,17.127,>17.127,99.990,0.080,0.102,g
2459384.82261,2021-06-19.3208143,bG,1.60,16.943,>16.943,99.990,0.277,0.121,g
2459384.82392,2021-06-19.3221222,bG,1.56,16.973,>16.973,99.990,0.166,0.118,g
2459384.82521,2021-06-19.3234150,bG,1.54,17.171,>17.171,99.990,0.149,0.098,g
2459385.57010,2021-06-20.0682831,bo,1.55,16.918,>16.918,99.990,-0.063,0.124,g
2459385.82298,2021-06-20.3211666,bG,1.47,17.024,>17.024,99.990,0.176,0.113,g
2459385.82430,2021-06-20.3224809,bG,1.43,17.105,>17.105,99.990,0.040,0.104,g
2459385.82560,2021-06-20.3237775,bG,1.47,17.092,>17.092,99.990,0.520,0.106,g
2459387.81532,2021-06-22.3134581,bG,1.53,16.147,>16.147,99.990,-0.053,0.252,g
2459387.81662,2021-06-22.3147560,bG,1.48,16.350,>16.350,99.990,0.854,0.209,g
2459387.81794,2021-06-22.3160681,bG,1.49,16.298,>16.298,99.990,-0.004,0.220,g
2459388.81157,2021-06-23.3096848,bG,1.62,15.853,>15.853,99.990,-0.625,0.331,g
2459388.81286,2021-06-23.3109769,bG,1.51,15.893,>15.893,99.990,0.045,0.319,g
2459388.81416,2021-06-23.3122701,bG,1.52,15.818,>15.818,99.990,0.960,0.342,g
2459389.80776,2021-06-24.3058378,bG,1.53,15.712,>15.712,99.990,-0.148,0.377,g
2459389.80905,2021-06-24.3071380,bG,1.47,15.763,>15.763,99.990,0.413,0.360,g
2459389.81038,2021-06-24.3084572,bG,1.49,15.648,>15.648,99.990,1.413,0.400,g
2459390.53866,2021-06-25.0367214,bo,1.53,15.411,>15.411,99.990,0.061,0.497,g
2459390.53989,2021-06-25.0379572,bo,1.49,15.369,>15.369,99.990,-0.046,0.517,g
2459390.54114,2021-06-25.0391991,bo,1.62,15.413,>15.413,99.990,-0.476,0.496,g
2459390.61910,2021-06-25.1171590,bo,1.57,15.514,>15.514,99.990,0.441,0.452,g
2459390.62048,2021-06-25.1185437,bo,1.49,15.586,>15.586,99.990,-0.437,0.423,g
2459390.62179,2021-06-25.1198523,bo,1.51,15.542,>15.542,99.990,-0.290,0.441,g
2459392.78620,2021-06-27.2842200,bG,1.46,15.920,>15.920,99.990,0.223,0.311,g
2459392.78752,2021-06-27.2855281,bG,1.49,15.984,>15.984,99.990,0.526,0.293,g
2459392.78880,2021-06-27.2868111,bG,1.46,15.966,>15.966,99.990,0.243,0.298,g
2459392.84898,2021-06-27.3469929,bk,1.57,15.980,>15.980,99.990,-0.423,0.294,g
2459392.85022,2021-06-27.3482361,bk,1.61,16.090,>16.090,99.990,0.543,0.266,g
2459392.85148,2021-06-27.3494954,bk,1.54,16.212,>16.212,99.990,-0.878,0.238,g
2459393.91272,2021-06-28.4107048,bk,1.46,16.404,>16.404,99.990,-0.130,0.199,g
2459393.91397,2021-06-28.4119594,bk,1.46,16.279,>16.279,99.990,-0.075,0.224,g
2459393.91522,2021-06-28.4132140,bk,1.54,16.268,>16.268,99.990,0.405,0.226,g
2459394.78008,2021-06-29.2780508,bG,1.45,16.425,>16.425,99.990,0.496,0.195,g
2459394.78137,2021-06-29.2793388,bG,1.46,16.405,>16.405,99.990,-0.411,0.199,g
2459394.78266,2021-06-29.2806341,bG,1.42,16.357,>16.357,99.990,0.059,0.208,g
2459397.87204,2021-07-02.3699552,bG,1.45,16.925,>16.925,99.990,-0.230,0.123,g
2459397.87334,2021-07-02.3712546,bG,1.44,17.115,>17.115,99.990,0.050,0.104,g
2459397.87463,2021-07-02.3725413,bG,1.41,16.878,>16.878,99.990,0.311,0.129,g
2459398.76918,2021-07-03.2670814,bG,1.58,14.163,>14.163,99.990,1.714,1.571,g
2459398.77049,2021-07-03.2683922,bG,1.54,99.990,99.990,99.990,99.990,99.990,g
2459398.77179,2021-07-03.2696876,bG,1.65,13.824,>13.824,99.990,-4.332,2.146,g
2459398.93679,2021-07-03.4346895,bk,1.52,16.844,>16.844,99.990,-0.049,0.133,g
2459398.93805,2021-07-03.4359453,bk,1.48,16.786,>16.786,99.990,0.258,0.140,g
2459398.93930,2021-07-03.4371974,bk,1.51,16.579,>16.579,99.990,0.034,0.170,g
2459399.94473,2021-07-04.4426129,bk,1.50,16.348,>16.348,99.990,0.111,0.210,g
2459399.94597,2021-07-04.4438467,bk,1.48,16.000,>16.000,99.990,0.026,0.289,g
2459399.94721,2021-07-04.4450954,bk,1.47,15.952,>15.952,99.990,0.219,0.302,g
2459400.93885,2021-07-05.4367071,bG,1.64,16.977,>16.977,99.990,0.048,0.118,g
2459400.94015,2021-07-05.4380107,bG,1.72,16.896,>16.896,99.990,0.090,0.127,g
2459400.94146,2021-07-05.4393188,bG,1.66,16.829,>16.829,99.990,0.193,0.135,g
2459401.52288,2021-07-06.0207221,bo,1.51,17.184,>17.184,99.990,-0.010,0.097,g
2459401.52411,2021-07-06.0219627,bo,1.53,17.077,>17.077,99.990,0.155,0.107,g
2459401.52536,2021-07-06.0232107,bo,1.54,17.123,>17.123,99.990,0.052,0.103,g
2459401.77617,2021-07-06.2740149,bG,1.60,17.109,>17.109,99.990,0.188,0.104,g
2459401.77747,2021-07-06.2753174,bG,1.63,17.164,>17.164,99.990,0.092,0.099,g
2459401.77875,2021-07-06.2766009,bG,1.58,17.098,>17.098,99.990,0.102,0.105,g
2459401.94542,2021-07-06.4432553,bk,2.07,16.420,>16.420,99.990,0.087,0.196,g
2459401.94666,2021-07-06.4444993,bk,1.67,16.351,>16.351,99.990,-0.141,0.209,g
2459401.94791,2021-07-06.4457506,bk,1.78,16.218,>16.218,99.990,0.411,0.236,g
2459402.52336,2021-07-07.0211951,bo,1.46,17.006,>17.006,99.990,0.377,0.115,g
2459402.52460,2021-07-07.0224370,bo,1.46,17.138,>17.138,99.990,0.146,0.101,g
2459402.52586,2021-07-07.0236916,bo,1.45,17.013,>17.013,99.990,0.046,0.114,g
2459402.77337,2021-07-07.2712024,bG,1.49,17.165,>17.165,99.990,0.408,0.099,g
2459402.77468,2021-07-07.2725115,bG,1.50,16.938,>16.938,99.990,0.236,0.122,g
2459402.77599,2021-07-07.2738221,bG,1.48,17.200,>17.200,99.990,0.295,0.096,g
2459403.76332,2021-07-08.2611341,bG,1.58,17.016,>17.016,99.990,-0.001,0.113,g
2459403.76462,2021-07-08.2624298,bG,1.48,17.092,>17.092,99.990,0.165,0.106,g
2459403.76590,2021-07-08.2637230,bG,1.48,16.974,>16.974,99.990,0.380,0.118,g
2459404.84404,2021-07-09.3418440,bG,1.46,17.132,>17.132,99.990,0.144,0.102,g
2459404.84536,2021-07-09.3431556,bG,1.43,17.162,>17.162,99.990,-0.008,0.099,g
2459404.84664,2021-07-09.3444479,bG,1.43,17.082,>17.082,99.990,0.202,0.107,g
2459405.51306,2021-07-10.0108550,bo,1.51,17.119,>17.119,99.990,0.252,0.103,g
2459405.51430,2021-07-10.0120971,bo,1.58,17.123,>17.123,99.990,0.165,0.103,g
2459405.51556,2021-07-10.0133586,bo,1.51,17.138,>17.138,99.990,0.028,0.101,g
2459405.58592,2021-07-10.0837172,bo,1.45,17.117,>17.117,99.990,0.112,0.103,g
2459405.58730,2021-07-10.0850936,bo,1.43,17.080,>17.080,99.990,0.226,0.107,g
2459405.58856,2021-07-10.0863519,bo,1.46,17.117,>17.117,99.990,0.066,0.103,g
2459405.68723,2021-07-10.1850207,bo,1.50,16.532,>16.532,99.990,-0.076,0.177,g
2459405.68848,2021-07-10.1862693,bo,1.50,16.306,>16.306,99.990,0.086,0.218,g
2459405.68977,2021-07-10.1875555,bo,1.55,16.224,>16.224,99.990,0.284,0.235,g
2459405.79818,2021-07-10.2959664,bG,1.44,17.075,>17.075,99.990,0.194,0.107,g
2459405.79945,2021-07-10.2972402,bG,1.51,17.026,>17.026,99.990,0.289,0.112,g
2459405.80075,2021-07-10.2985368,bG,1.49,17.191,>17.191,99.990,0.101,0.097,g
2459406.50486,2021-07-11.0026416,bo,1.43,16.999,>16.999,99.990,0.073,0.115,g
2459406.50610,2021-07-11.0038776,bo,1.48,17.059,>17.059,99.990,0.004,0.109,g
2459406.50734,2021-07-11.0051158,bo,1.49,17.000,>17.000,99.990,0.087,0.115,g
2459406.58829,2021-07-11.0860642,bo,1.55,17.170,>17.170,99.990,0.146,0.098,g
2459406.58956,2021-07-11.0873327,bo,1.47,17.224,>17.224,99.990,0.266,0.094,g
2459406.59081,2021-07-11.0885815,bo,1.48,17.045,>17.045,99.990,0.149,0.110,g
2459406.77455,2021-07-11.2723182,bG,1.57,16.984,>16.984,99.990,0.096,0.117,g
2459406.77584,2021-07-11.2736151,bG,1.54,16.770,>16.770,99.990,-0.131,0.142,g
2459406.77715,2021-07-11.2749141,bG,1.58,16.578,>16.578,99.990,0.294,0.170,g
2459407.91664,2021-07-12.4144109,bk,1.46,16.563,>16.563,99.990,-0.140,0.172,g
2459407.91790,2021-07-12.4156585,bk,1.43,16.753,>16.753,99.990,0.469,0.144,g
2459407.91915,2021-07-12.4169133,bk,1.42,16.602,>16.602,99.990,0.148,0.166,g
2459408.74433,2021-07-13.2420754,bG,1.46,17.091,>17.091,99.990,0.061,0.106,g
2459408.74563,2021-07-13.2433703,bG,1.47,17.158,>17.158,99.990,0.153,0.100,g
2459408.74693,2021-07-13.2446721,bG,1.50,17.096,>17.096,99.990,0.189,0.105,g
2459409.74466,2021-07-14.2423953,bG,1.43,17.051,>17.051,99.990,-0.056,0.110,g
2459409.74597,2021-07-14.2437111,bG,1.44,17.086,>17.086,99.990,0.071,0.106,g
2459409.74728,2021-07-14.2450192,bG,1.47,17.240,>17.240,99.990,0.043,0.092,g
2459410.49599,2021-07-14.9937168,bo,1.74,17.075,>17.075,99.990,0.042,0.107,g
2459410.49724,2021-07-14.9949738,bo,1.70,17.147,>17.147,99.990,0.096,0.101,g
2459410.49851,2021-07-14.9962306,bo,1.66,17.075,>17.075,99.990,0.167,0.107,g
2459410.62477,2021-07-15.1224956,bo,1.49,17.224,>17.224,99.990,0.004,0.094,g
2459410.62602,2021-07-15.1237384,bo,1.43,17.093,>17.093,99.990,0.094,0.106,g
2459410.62725,2021-07-15.1249800,bo,1.48,17.135,>17.135,99.990,0.073,0.102,g
2459411.75052,2021-07-16.2482370,bG,1.59,17.088,>17.088,99.990,0.140,0.106,g
2459411.75182,2021-07-16.2495328,bG,1.60,17.054,>17.054,99.990,0.130,0.109,g
2459411.75313,2021-07-16.2508423,bG,1.52,17.010,>17.010,99.990,0.165,0.114,g
2459411.93802,2021-07-16.4357296,bG,1.71,16.892,>16.892,99.990,0.392,0.127,g
2459411.93932,2021-07-16.4370292,bG,1.78,17.052,>17.052,99.990,-0.011,0.110,g
2459411.94061,2021-07-16.4383240,bG,1.80,16.796,>16.796,99.990,0.060,0.139,g
2459412.48901,2021-07-16.9867178,bo,1.49,17.037,>17.037,99.990,0.171,0.111,g
2459412.49026,2021-07-16.9879607,bo,1.52,17.112,>17.112,99.990,0.400,0.104,g
2459412.49150,2021-07-16.9892026,bo,1.49,17.129,>17.129,99.990,0.154,0.102,g
2459412.62606,2021-07-17.1237625,bo,1.48,17.023,>17.023,99.990,-0.100,0.113,g
2459412.62730,2021-07-17.1250042,bo,1.47,17.176,>17.176,99.990,0.043,0.098,g
2459412.62853,2021-07-17.1262312,bo,1.49,17.155,>17.155,99.990,0.205,0.100,g
2459412.79660,2021-07-17.2943040,bG,1.45,17.111,>17.111,99.990,0.118,0.104,g
2459412.79790,2021-07-17.2956108,bG,1.45,17.141,>17.141,99.990,-0.077,0.101,g
2459412.79921,2021-07-17.2969101,bG,1.45,17.011,>17.011,99.990,0.262,0.114,g
2459413.47621,2021-07-17.9739024,bo,1.48,16.958,>16.958,99.990,0.069,0.120,g
2459413.47744,2021-07-17.9751333,bo,1.53,17.081,>17.081,99.990,0.066,0.107,g
2459413.47868,2021-07-17.9763774,bo,1.49,17.000,>17.000,99.990,0.063,0.115,g
2459413.74324,2021-07-18.2409427,bG,1.63,16.905,>16.905,99.990,0.032,0.126,g
2459413.74455,2021-07-18.2422458,bG,1.65,16.996,>16.996,99.990,0.284,0.116,g
2459413.74585,2021-07-18.2435392,bG,1.58,17.002,>17.002,99.990,-0.238,0.115,g
2459413.80723,2021-07-18.3049243,bk,1.47,16.140,>16.140,99.990,0.162,0.254,g
2459413.80847,2021-07-18.3061604,bk,1.46,15.154,>15.154,99.990,0.160,0.630,g
2459414.74299,2021-07-19.2406711,bk,1.45,16.605,>16.605,99.990,-0.036,0.166,g
2459414.74423,2021-07-19.2419155,bk,1.49,16.658,>16.658,99.990,0.015,0.158,g
2459414.74550,2021-07-19.2431804,bk,1.47,16.568,>16.568,99.990,0.014,0.171,g
2459414.83934,2021-07-19.3370315,bk,1.46,17.105,>17.105,99.990,0.378,0.104,g
2459414.84060,2021-07-19.3382807,bk,1.48,17.144,>17.144,99.990,0.157,0.101,g
2459414.84184,2021-07-19.3395236,bk,1.43,17.205,>17.205,99.990,-0.036,0.095,g
2459415.48292,2021-07-19.9806041,bo,1.54,13.761,>13.761,99.990,1.213,2.274,g
2459415.48466,2021-07-19.9823403,bo,1.73,13.836,>13.836,99.990,3.930,2.122,g
2459415.48636,2021-07-19.9840402,bo,1.63,13.950,>13.950,99.990,-1.957,1.911,g
2459415.54387,2021-07-20.0415450,bo,1.71,15.942,>15.942,99.990,-0.565,0.305,g
2459415.73988,2021-07-20.2375603,bG,1.64,16.265,>16.265,99.990,0.413,0.227,g
2459415.74118,2021-07-20.2388611,bG,1.59,16.226,>16.226,99.990,0.398,0.235,g
2459415.74249,2021-07-20.2401689,bG,1.65,16.399,>16.399,99.990,0.089,0.200,g
2459416.73761,2021-07-21.2352847,bG,2.50,15.935,>15.935,99.990,0.023,0.307,g
2459416.73892,2021-07-21.2365942,bG,1.73,16.074,>16.074,99.990,-0.133,0.270,g
2459416.92772,2021-07-21.4253931,bG,2.47,16.886,>16.886,99.990,0.242,0.128,g
2459416.92901,2021-07-21.4266839,bG,2.50,16.917,>16.917,99.990,0.030,0.124,g
2459417.73265,2021-07-22.2303182,bG,1.50,15.933,>15.933,99.990,-0.860,0.308,g
2459417.73393,2021-07-22.2316041,bG,1.43,16.044,>16.044,99.990,0.646,0.278,g
2459417.73524,2021-07-22.2329056,bG,1.52,16.041,>16.041,99.990,0.456,0.278,g
2459417.93124,2021-07-22.4289068,bk,1.43,16.936,>16.936,99.990,0.049,0.122,g
2459417.93249,2021-07-22.4301510,bk,1.47,16.975,>16.975,99.990,0.291,0.118,g
2459417.93374,2021-07-22.4314020,bk,1.55,16.886,>16.886,99.990,0.277,0.128,g
2459418.73037,2021-07-23.2280363,bG,2.48,15.672,>15.672,99.990,0.442,0.391,g
2459418.94045,2021-07-23.4381201,bG,1.79,16.036,>16.036,99.990,-0.414,0.280,g
2459418.94175,2021-07-23.4394162,bG,1.78,16.028,>16.028,99.990,0.031,0.282,g
2459418.94305,2021-07-23.4407072,bG,1.85,15.860,>15.860,99.990,0.170,0.329,g
2459419.87828,2021-07-24.3759355,bG,2.00,15.609,>15.609,99.990,0.222,0.415,g
2459419.87960,2021-07-24.3772543,bG,1.86,15.683,>15.683,99.990,-0.145,0.387,g
2459419.88092,2021-07-24.3785761,bG,2.02,15.590,>15.590,99.990,0.427,0.422,g
2459420.46189,2021-07-24.9595447,bo,1.54,15.725,>15.725,99.990,0.273,0.372,g
2459420.46320,2021-07-24.9608557,bo,1.50,15.537,>15.537,99.990,-0.620,0.443,g
2459420.46448,2021-07-24.9621274,bo,1.54,15.680,>15.680,99.990,0.352,0.388,g
2459420.60619,2021-07-25.1038400,bo,1.52,15.662,>15.662,99.990,-0.118,0.395,g
2459420.60785,2021-07-25.1055025,bo,1.54,15.704,>15.704,99.990,0.650,0.380,g
2459420.60914,2021-07-25.1067869,bo,1.59,15.704,>15.704,99.990,-0.663,0.380,g
2459420.77598,2021-07-25.2736412,bk,2.39,99.990,99.990,99.990,99.990,99.990,g
2459420.77722,2021-07-25.2748796,bk,2.42,99.990,99.990,99.990,99.990,99.990,g
2459420.77849,2021-07-25.2761458,bk,2.02,15.643,>15.643,99.990,0.503,0.402,g
2459421.91760,2021-07-26.4152494,bG,1.73,16.099,>16.099,99.990,0.319,0.264,g
2459421.91890,2021-07-26.4165431,bG,1.79,16.089,>16.089,99.990,0.810,0.266,g
2459421.92021,2021-07-26.4178581,bG,1.76,16.204,>16.204,99.990,-0.025,0.240,g
2459422.69780,2021-07-27.1954466,bG,1.64,16.242,>16.242,99.990,-0.562,0.231,g
2459422.69909,2021-07-27.1967365,bG,1.63,16.149,>16.149,99.990,0.246,0.252,g
2459422.70040,2021-07-27.1980415,bG,1.65,16.058,>16.058,99.990,0.324,0.274,g
2459422.87150,2021-07-27.3691383,bG,1.59,16.625,>16.625,99.990,0.304,0.163,g
2459422.87278,2021-07-27.3704271,bG,1.46,16.573,>16.573,99.990,-0.470,0.171,g
2459422.87410,2021-07-27.3717416,bG,1.47,16.267,>16.267,99.990,0.342,0.226,g
2459423.45426,2021-07-27.9519012,bo,2.19,16.008,>16.008,99.990,0.014,0.287,g
2459423.45632,2021-07-27.9539585,bo,2.24,16.046,>16.046,99.990,1.236,0.277,g
2459423.88576,2021-07-28.3834017,bk,1.60,16.424,>16.424,99.990,-0.039,0.196,g
2459423.88701,2021-07-28.3846479,bk,1.58,16.341,>16.341,99.990,0.066,0.211,g
2459423.88826,2021-07-28.3859004,bk,1.59,16.406,>16.406,99.990,0.023,0.199,g
2459424.75483,2021-07-29.2524638,bG,2.03,16.498,>16.498,99.990,0.469,0.183,g
2459424.75613,2021-07-29.2537651,bG,1.58,16.710,>16.710,99.990,-0.032,0.150,g
2459424.75742,2021-07-29.2550618,bG,1.61,16.510,>16.510,99.990,-0.151,0.181,g
2459425.45248,2021-07-29.9501202,bo,1.48,16.620,>16.620,99.990,0.327,0.163,g
2459425.45373,2021-07-29.9513684,bo,1.51,16.465,>16.465,99.990,0.087,0.188,g
2459425.45497,2021-07-29.9526055,bo,1.47,16.544,>16.544,99.990,0.261,0.175,g
2459425.70301,2021-07-30.2006508,bG,1.67,16.755,>16.755,99.990,0.242,0.144,g
2459425.70430,2021-07-30.2019377,bG,1.73,16.758,>16.758,99.990,-0.134,0.144,g
2459425.70559,2021-07-30.2032315,bG,1.68,16.583,>16.583,99.990,0.295,0.169,g
2459425.82256,2021-07-30.3202018,bG,1.51,16.653,>16.653,99.990,0.019,0.158,g
2459425.82388,2021-07-30.3215181,bG,1.45,16.718,>16.718,99.990,-0.005,0.149,g
2459425.82518,2021-07-30.3228204,bG,1.42,16.611,>16.611,99.990,0.009,0.165,g
2459425.89451,2021-07-30.3921432,bk,1.48,16.649,>16.649,99.990,-0.230,0.159,g
2459425.89576,2021-07-30.3933922,bk,1.46,16.713,>16.713,99.990,0.312,0.150,g
2459425.89703,2021-07-30.3946678,bk,1.47,16.755,>16.755,99.990,0.267,0.144,g
2459426.44732,2021-07-30.9449584,bo,1.65,16.786,>16.786,99.990,-0.183,0.140,g
2459426.44857,2021-07-30.9462056,bo,1.75,16.916,>16.916,99.990,-0.016,0.124,g
2459426.44981,2021-07-30.9474424,bo,1.73,16.876,>16.876,99.990,0.105,0.129,g
2459426.71008,2021-07-31.2077226,bG,1.48,17.023,>17.023,99.990,-0.312,0.113,g
2459426.71139,2021-07-31.2090221,bG,1.46,16.890,>16.890,99.990,0.307,0.127,g
2459426.71267,2021-07-31.2103189,bG,1.44,16.923,>16.923,99.990,0.369,0.124,g
2459426.87271,2021-07-31.3703561,bG,1.45,16.816,>16.816,99.990,0.233,0.136,g
2459426.87402,2021-07-31.3716649,bG,1.47,16.719,>16.719,99.990,0.296,0.149,g
2459426.87532,2021-07-31.3729640,bG,1.43,16.873,>16.873,99.990,-0.105,0.129,g
2459427.70512,2021-08-01.2027577,bG,1.50,16.884,>16.884,99.990,0.170,0.128,g
2459427.70643,2021-08-01.2040635,bG,1.50,16.956,>16.956,99.990,0.157,0.120,g
2459427.70774,2021-08-01.2053738,bG,1.50,17.011,>17.011,99.990,0.136,0.114,g
2459428.72676,2021-08-02.2243980,bG,1.48,17.111,>17.111,99.990,0.124,0.104,g
2459428.72807,2021-08-02.2257094,bG,1.45,17.111,>17.111,99.990,0.216,0.104,g
2459428.72938,2021-08-02.2270215,bG,1.44,16.944,>16.944,99.990,0.205,0.121,g
2459429.78261,2021-08-03.2802476,bG,1.46,17.083,>17.083,99.990,0.332,0.107,g
2459429.78392,2021-08-03.2815622,bG,1.45,17.104,>17.104,99.990,0.038,0.105,g
2459429.78523,2021-08-03.2828694,bG,1.50,17.138,>17.138,99.990,0.133,0.101,g
2459429.89355,2021-08-03.3911842,bG,1.53,16.976,>16.976,99.990,0.107,0.118,g
2459429.89485,2021-08-03.3924877,bG,1.57,17.101,>17.101,99.990,0.004,0.105,g
2459429.89615,2021-08-03.3937854,bG,1.53,17.128,>17.128,99.990,0.159,0.102,g
2459430.42783,2021-08-03.9254685,bo,1.46,16.898,>16.898,99.990,-0.122,0.126,g
2459430.42908,2021-08-03.9267241,bo,1.46,17.057,>17.057,99.990,0.214,0.109,g
2459430.43033,2021-08-03.9279711,bo,1.48,17.067,>17.067,99.990,0.106,0.108,g
2459430.56425,2021-08-04.0618994,bo,1.48,16.986,>16.986,99.990,0.082,0.117,g
2459430.56549,2021-08-04.0631401,bo,1.48,17.037,>17.037,99.990,0.008,0.111,g
2459430.56673,2021-08-04.0643811,bo,1.51,17.117,>17.117,99.990,-0.182,0.103,g
2459430.81749,2021-08-04.3151376,bk,1.49,17.091,>17.091,99.990,-0.297,0.106,g
2459430.81873,2021-08-04.3163736,bk,1.47,17.120,>17.120,99.990,0.064,0.103,g
2459430.81997,2021-08-04.3176142,bk,1.44,17.112,>17.112,99.990,0.148,0.104,g
2459430.93982,2021-08-04.4374557,bk,1.42,16.318,>16.318,99.990,-0.411,0.216,g
2459430.94105,2021-08-04.4386976,bk,1.50,16.012,>16.012,99.990,-0.829,0.286,g
2459430.94229,2021-08-04.4399344,bk,1.50,15.804,>15.804,99.990,0.861,0.346,g
2459431.46189,2021-08-04.9595300,bo,1.48,17.090,>17.090,99.990,0.324,0.106,g
2459431.46313,2021-08-04.9607695,bo,1.45,17.024,>17.024,99.990,0.343,0.113,g
2459431.46436,2021-08-04.9620025,bo,1.48,16.991,>16.991,99.990,-0.010,0.116,g
2459431.60615,2021-08-05.1037980,bo,1.53,17.067,>17.067,99.990,0.124,0.108,g
2459431.60741,2021-08-05.1050550,bo,1.54,17.107,>17.107,99.990,0.119,0.104,g
2459431.60865,2021-08-05.1062922,bo,1.46,17.047,>17.047,99.990,0.259,0.110,g
2459431.77939,2021-08-05.2770361,bG,1.41,16.896,>16.896,99.990,0.401,0.127,g
2459431.78069,2021-08-05.2783385,bG,1.45,17.158,>17.158,99.990,0.095,0.099,g
2459431.78200,2021-08-05.2796428,bG,1.47,17.128,>17.128,99.990,0.078,0.102,g
2459432.43618,2021-08-05.9338312,bo,1.45,17.068,>17.068,99.990,0.105,0.108,g
2459432.43743,2021-08-05.9350755,bo,1.48,16.990,>16.990,99.990,0.064,0.116,g
2459432.43867,2021-08-05.9363201,bo,1.47,17.058,>17.058,99.990,0.195,0.109,g
2459432.57243,2021-08-06.0700765,bo,1.52,17.098,>17.098,99.990,0.087,0.105,g
2459432.57367,2021-08-06.0713208,bo,1.46,17.095,>17.095,99.990,0.235,0.105,g
2459432.57493,2021-08-06.0725707,bo,1.48,17.327,>17.327,99.990,0.053,0.085,g
2459432.73805,2021-08-06.2356958,bG,1.44,17.214,>17.214,99.990,0.032,0.095,g
2459432.73936,2021-08-06.2370060,bG,1.46,17.019,>17.019,99.990,0.085,0.113,g
2459432.74065,2021-08-06.2383028,bG,1.5,17.015,>17.015,99.990,-0.056,0.114,g
2459432.88942,2021-08-06.3870760,bk,1.42,17.190,>17.190,99.990,0.186,0.097,g
2459432.89066,2021-08-06.3883188,bk,1.43,17.315,>17.315,99.990,-0.025,0.086,g
2459432.89191,2021-08-06.3895609,bk,1.45,17.227,>17.227,99.990,-0.141,0.093,g
2459433.69112,2021-08-07.1887732,bG,1.64,17.156,>17.156,99.990,0.154,0.100,g
2459433.81766,2021-08-07.3153111,bG,1.64,17.163,>17.163,99.990,0.042,0.099,g
2459433.81895,2021-08-07.3166119,bG,1.57,17.157,>17.157,99.990,0.219,0.100,g
2459433.82025,2021-08-07.3179031,bG,1.60,17.218,>17.218,99.990,0.247,0.094,g
2459434.42185,2021-08-07.9195082,bo,1.53,17.009,>17.009,99.990,0.083,0.114,g
2459434.42432,2021-08-07.9219734,bo,1.57,17.123,>17.123,99.990,0.154,0.103,g
2459434.51069,2021-08-08.0083427,bo,1.53,16.823,>16.823,99.990,-0.165,0.135,g
2459434.51209,2021-08-08.0097535,bo,1.53,16.025,>16.025,99.990,0.411,0.282,g
2459434.51368,2021-08-08.0113363,bo,1.52,16.510,>16.510,99.990,0.301,0.181,g
2459436.83499,2021-08-10.3326615,bG,1.55,17.195,>17.195,99.990,-0.006,0.096,g
2459436.83630,2021-08-10.3339714,bG,1.48,17.341,>17.341,99.990,0.002,0.084,g
2459436.83760,2021-08-10.3352721,bG,1.55,17.003,>17.003,99.990,0.062,0.115,g
2459436.93445,2021-08-10.4321252,bk,1.64,16.527,>16.527,99.990,0.197,0.178,g
2459436.93570,2021-08-10.433375,bk,1.68,16.375,>16.375,99.990,0.436,0.205,g
2459436.93695,2021-08-10.4346240,bk,1.67,16.266,>16.266,99.990,0.447,0.226,g
2459437.41682,2021-08-10.9144947,bo,1.53,17.094,>17.094,99.990,-0.128,0.106,g
2459437.41808,2021-08-10.9157578,bo,1.53,17.112,>17.112,99.990,0.148,0.104,g
2459437.41937,2021-08-10.9170476,bo,1.52,17.138,>17.138,99.990,0.019,0.101,g
2459437.50032,2021-08-10.9979962,bo,1.55,16.993,>16.993,99.990,0.087,0.116,g
2459437.50163,2021-08-10.9993062,bo,1.56,17.137,>17.137,99.990,0.234,0.101,g
2459437.50289,2021-08-11.0005630,bo,1.52,17.217,>17.217,99.990,0.252,0.094,g
2459437.68027,2021-08-11.1779552,bG,1.54,16.997,>16.997,99.990,0.183,0.115,g
2459437.68157,2021-08-11.1792562,bG,1.52,17.060,>17.060,99.990,0.101,0.109,g
2459437.68287,2021-08-11.1805523,bG,1.48,17.135,>17.135,99.990,0.145,0.102,g
2459437.83548,2021-08-11.3331590,bG,1.58,17.222,>17.222,99.990,-0.023,0.094,g
2459437.83678,2021-08-11.3344609,bG,1.52,17.133,>17.133,99.990,0.086,0.102,g
2459437.83809,2021-08-11.3357695,bG,1.52,17.133,>17.133,99.990,0.257,0.102,g
2459437.92703,2021-08-11.4247184,bk,1.50,16.950,>16.950,99.990,-0.011,0.120,g
2459437.92829,2021-08-11.4259626,bk,1.54,16.918,>16.918,99.990,0.014,0.124,g
2459437.92955,2021-08-11.4272283,bk,1.45,17.036,>17.036,99.990,0.049,0.111,g
2459438.67458,2021-08-12.1722626,bG,1.46,17.068,>17.068,99.990,0.063,0.108,g
2459438.67589,2021-08-12.1735736,bG,1.42,17.093,>17.093,99.990,0.058,0.106,g
2459438.67719,2021-08-12.1748726,bG,1.48,17.039,>17.039,99.990,0.204,0.111,g
2459439.67281,2021-08-13.1705107,bG,1.48,17.022,>17.022,99.990,-0.138,0.113,g
2459439.67411,2021-08-13.1718070,bG,1.44,17.030,>17.030,99.990,0.276,0.112,g
2459439.67541,2021-08-13.1731078,bG,1.42,16.993,>16.993,99.990,0.129,0.116,g
2459439.92605,2021-08-13.4237548,bG,1.63,16.943,>16.943,99.990,0.077,0.121,g
2459439.92734,2021-08-13.4250424,bG,1.59,16.978,>16.978,99.990,-0.030,0.117,g
2459439.92864,2021-08-13.4263391,bG,1.52,16.979,>16.979,99.990,0.228,0.117,g
2459440.77255,2021-08-14.2702525,bG,1.57,17.008,>17.008,99.990,0.005,0.114,g
2459440.77383,2021-08-14.2715362,bG,1.55,17.205,>17.205,99.990,0.024,0.095,g
2459440.77516,2021-08-14.2728626,bG,1.54,17.131,>17.131,99.990,0.274,0.102,g
2459443.66244,2021-08-17.1601695,bG,1.48,16.543,>16.543,99.990,0.174,0.175,g
2459443.66374,2021-08-17.1614690,bG,1.49,16.368,>16.368,99.990,0.352,0.206,g
2459443.66502,2021-08-17.1627528,bG,1.46,16.545,>16.545,99.990,-0.062,0.175,g
2459447.63851,2021-08-21.1362986,bG,1.45,15.847,>15.847,99.990,-0.013,0.333,g
2459447.63981,2021-08-21.1375961,bG,1.46,15.793,>15.793,99.990,-0.166,0.350,g
2459447.64111,2021-08-21.1388949,bG,1.43,15.729,>15.729,99.990,0.351,0.371,g
2459448.74414,2021-08-22.2419379,bk,1.66,15.762,>15.762,99.990,0.290,0.360,g
2459448.74539,2021-08-22.2431876,bk,1.58,15.781,>15.781,99.990,0.218,0.354,g
2459448.74664,2021-08-22.2444306,bk,1.57,15.592,>15.592,99.990,-0.073,0.421,g
2459449.63041,2021-08-23.1282262,bo,2.11,15.227,>15.227,99.990,0.118,0.589,g
2459449.63165,2021-08-23.1294636,bo,2.1,15.221,>15.221,99.990,-2.424,0.593,g
2459449.63291,2021-08-23.1307151,bo,2.14,15.219,>15.219,99.990,0.149,0.593,g
2459450.37201,2021-08-23.8698343,bo,1.54,15.425,>15.425,99.990,-1.163,0.491,g
2459450.37325,2021-08-23.8710704,bo,1.50,15.503,>15.503,99.990,0.224,0.457,g
2459452.63866,2021-08-26.1365100,bG,1.56,16.383,>16.383,99.990,0.246,0.203,g
2459452.63994,2021-08-26.1377981,bG,1.54,16.405,>16.405,99.990,0.211,0.199,g
2459452.64123,2021-08-26.1390938,bG,1.54,16.411,>16.411,99.990,0.226,0.198,g
2459452.90174,2021-08-26.3996065,bk,1.46,16.299,>16.299,99.990,-0.153,0.220,g
2459452.90297,2021-08-26.4008408,bk,1.38,16.351,>16.351,99.990,-0.479,0.209,g
2459452.90421,2021-08-26.4020768,bk,1.40,16.367,>16.367,99.990,0.354,0.206,g
2459453.71579,2021-08-27.2136736,bG,1.58,16.564,>16.564,99.990,0.106,0.172,g
2459453.71710,2021-08-27.2149883,bG,1.62,16.472,>16.472,99.990,0.363,0.187,g
2459453.71841,2021-08-27.2162826,bG,1.57,16.722,>16.722,99.990,-0.002,0.149,g
2459453.89088,2021-08-27.3887565,bG,1.49,16.708,>16.708,99.990,-0.364,0.151,g
2459453.89219,2021-08-27.390075,bG,1.44,16.588,>16.588,99.990,0.143,0.168,g
2459453.89350,2021-08-27.3913875,bG,1.46,16.519,>16.519,99.990,-0.033,0.179,g
2459454.78722,2021-08-28.285125,bG,1.40,16.230,>16.230,99.990,0.474,0.234,g
2459454.78853,2021-08-28.2864322,bG,1.49,16.395,>16.395,99.990,-0.145,0.201,g
2459454.78983,2021-08-28.2877343,bG,1.49,16.564,>16.564,99.990,-0.223,0.172,g
2459455.70708,2021-08-29.2049880,bG,1.41,16.963,>16.963,99.990,0.123,0.119,g
2459455.70839,2021-08-29.2063050,bG,1.47,17.025,>17.025,99.990,0.017,0.113,g
2459455.70971,2021-08-29.2076155,bG,1.45,16.900,>16.900,99.990,0.022,0.126,g
2459456.61550,2021-08-30.1134354,bk,1.45,17.010,>17.010,99.990,0.281,0.114,g
2459456.61675,2021-08-30.1146877,bk,1.49,17.135,>17.135,99.990,0.131,0.102,g
2459456.61801,2021-08-30.1159378,bk,1.42,17.100,>17.100,99.990,-0.013,0.105,g
2459457.36754,2021-08-30.8654910,bo,1.49,99.990,99.990,99.990,99.990,99.990,g
2459457.74665,2021-08-31.2445936,bG,1.48,16.984,>16.984,99.990,0.295,0.117,g
2459457.74795,2021-08-31.2458972,bG,1.49,17.128,>17.128,99.990,0.056,0.102,g
2459457.74925,2021-08-31.2472005,bG,1.56,17.017,>17.017,99.990,0.364,0.113,g
2459457.92384,2021-08-31.4217906,bG,1.56,16.216,>16.216,99.990,-0.450,0.237,g
2459457.92514,2021-08-31.4230936,bG,1.48,15.869,>15.869,99.990,-0.238,0.326,g
2459458.40868,2021-08-31.9066364,bo,1.49,16.382,>16.382,99.990,0.238,0.203,g
2459458.40990,2021-08-31.9078653,bo,1.44,16.026,>16.026,99.990,-0.275,0.282,g
2459458.41115,2021-08-31.9091155,bo,1.46,16.129,>16.129,99.990,-0.660,0.257,g
2459458.56371,2021-09-01.0616814,bo,1.48,17.291,>17.291,99.990,-0.271,0.088,g
2459458.56495,2021-09-01.0629245,bo,1.43,16.921,>16.921,99.990,0.231,0.124,g
2459458.56621,2021-09-01.0641783,bo,1.45,16.923,>16.923,99.990,0.027,0.124,g
2459459.35821,2021-09-01.8561873,bo,1.65,17.006,>17.006,99.990,-0.072,0.114,g
2459459.35945,2021-09-01.8574339,bo,1.59,17.101,>17.101,99.990,0.047,0.105,g
2459459.36069,2021-09-01.8586724,bo,1.66,16.938,>16.938,99.990,-0.042,0.122,g
2459459.46106,2021-09-01.9590456,bo,1.62,17.200,>17.200,99.990,0.210,0.096,g
2459459.46231,2021-09-01.9602923,bo,1.53,17.090,>17.090,99.990,-0.085,0.106,g
2459459.46355,2021-09-01.9615333,bo,1.60,16.899,>16.899,99.990,0.123,0.126,g
2459459.74173,2021-09-02.2397248,bG,1.50,17.114,>17.114,99.990,0.116,0.104,g
2459459.74302,2021-09-02.2410178,bG,1.49,17.113,>17.113,99.990,0.106,0.104,g
2459459.74434,2021-09-02.2423302,bG,1.48,17.026,>17.026,99.990,0.121,0.112,g
2459460.35291,2021-09-02.8509177,bo,1.47,17.092,>17.092,99.990,0.058,0.106,g
2459460.35429,2021-09-02.8522929,bo,1.48,17.129,>17.129,99.990,0.155,0.102,g
2459460.35553,2021-09-02.8535304,bo,1.52,17.104,>17.104,99.990,0.131,0.105,g
2459460.48602,2021-09-02.9840270,bo,1.46,17.218,>17.218,99.990,0.192,0.094,g
2459460.48730,2021-09-02.9853111,bo,1.51,16.984,>16.984,99.990,0.271,0.117,g
2459460.65320,2021-09-03.1512089,bG,1.44,17.001,>17.001,99.990,0.234,0.115,g
2459460.65449,2021-09-03.1524988,bG,1.42,17.226,>17.226,99.990,0.218,0.093,g
2459460.65578,2021-09-03.1537995,bG,1.43,17.091,>17.091,99.990,0.290,0.106,g
2459462.42521,2021-09-04.9232671,bo,1.45,17.007,>17.007,99.990,-0.160,0.114,g
2459462.42646,2021-09-04.9245097,bo,1.44,17.057,>17.057,99.990,0.160,0.109,g
2459462.42769,2021-09-04.9257473,bo,1.43,17.142,>17.142,99.990,0.202,0.101,g
2459462.53116,2021-09-05.0292087,bo,1.45,17.134,>17.134,99.990,0.070,0.102,g
2459462.53248,2021-09-05.0305372,bo,1.50,17.098,>17.098,99.990,0.097,0.105,g
2459462.53372,2021-09-05.0317791,bo,1.42,17.123,>17.123,99.990,0.195,0.103,g
2459462.63042,2021-09-05.1284827,bo,1.72,16.903,>16.903,99.990,0.006,0.126,g
2459462.63176,2021-09-05.1298118,bo,1.85,16.859,>16.859,99.990,-0.223,0.131,g
2459462.63322,2021-09-05.1312778,bo,1.77,16.936,>16.936,99.990,0.212,0.122,g
2459462.84269,2021-09-05.3407506,bk,1.42,17.076,>17.076,99.990,-0.081,0.107,g
2459462.84393,2021-09-05.3419891,bk,1.43,17.053,>17.053,99.990,0.279,0.110,g
2459462.84517,2021-09-05.3432310,bk,1.41,17.111,>17.111,99.990,0.227,0.104,g
2459463.75841,2021-09-06.2564862,bk,1.44,16.372,>16.372,99.990,-0.171,0.205,g
2459463.75965,2021-09-06.2577282,bk,1.51,16.286,>16.286,99.990,0.406,0.222,g
2459463.76089,2021-09-06.2589700,bk,1.45,15.846,>15.846,99.990,0.038,0.333,g
2459463.81471,2021-09-06.3128027,bk,1.51,17.037,>17.037,99.990,0.148,0.111,g
2459463.81596,2021-09-06.3140421,bk,1.49,17.014,>17.014,99.990,0.233,0.114,g
2459463.81720,2021-09-06.3152827,bk,1.50,17.128,>17.128,99.990,-0.216,0.102,g
2459463.86413,2021-09-06.3622194,bk,1.50,16.755,>16.755,99.990,0.480,0.144,g
2459463.86540,2021-09-06.3634776,bk,1.47,16.803,>16.803,99.990,0.357,0.138,g
2459463.86664,2021-09-06.3647253,bk,1.46,16.758,>16.758,99.990,0.154,0.144,g
2459465.47533,2021-09-07.9734569,bo,1.49,17.185,>17.185,99.990,-0.141,0.097,g
2459465.47657,2021-09-07.9746953,bo,1.53,17.121,>17.121,99.990,0.124,0.103,g
2459465.47782,2021-09-07.9759395,bo,1.49,17.109,>17.109,99.990,0.040,0.104,g
2459465.60787,2021-09-08.1059922,bo,1.48,17.112,>17.112,99.990,0.089,0.104,g
2459465.60910,2021-09-08.1072318,bo,1.50,16.952,>16.952,99.990,0.244,0.120,g
2459465.61036,2021-09-08.1084923,bo,1.55,17.200,>17.200,99.990,-0.094,0.096,g
2459465.78316,2021-09-08.2812872,bG,1.55,17.042,>17.042,99.990,0.205,0.111,g
2459465.78445,2021-09-08.2825744,bG,1.51,17.066,>17.066,99.990,0.118,0.108,g
2459465.86040,2021-09-08.3585343,bG,1.52,17.033,>17.033,99.990,-0.088,0.112,g
2459465.86171,2021-09-08.3598412,bG,1.46,17.067,>17.067,99.990,0.096,0.108,g
2459465.86300,2021-09-08.3611344,bG,1.52,17.120,>17.120,99.990,0.313,0.103,g
2459466.38383,2021-09-08.8819799,bo,1.54,17.131,>17.131,99.990,-0.132,0.102,g
2459466.38507,2021-09-08.8832194,bo,1.54,17.037,>17.037,99.990,0.088,0.111,g
2459466.38631,2021-09-08.8844601,bo,1.57,17.073,>17.073,99.990,-0.047,0.108,g
2459466.53143,2021-09-09.0295752,bo,1.45,17.012,>17.012,99.990,0.037,0.114,g
2459466.53267,2021-09-09.0308145,bo,1.46,17.245,>17.245,99.990,-0.034,0.092,g
2459466.53391,2021-09-09.0320593,bo,1.45,16.972,>16.972,99.990,0.233,0.118,g
2459466.71809,2021-09-09.2162498,bk,1.46,17.097,>17.097,99.990,0.038,0.105,g
2459466.71933,2021-09-09.2174873,bk,1.46,17.105,>17.105,99.990,0.106,0.104,g
2459466.72060,2021-09-09.2187498,bk,1.46,17.054,>17.054,99.990,0.056,0.109,g
2459466.83296,2021-09-09.3311231,bk,1.46,17.201,>17.201,99.990,0.264,0.096,g
2459466.83420,2021-09-09.3323625,bk,1.49,17.138,>17.138,99.990,0.019,0.101,g
2459466.83545,2021-09-09.3336020,bk,1.45,17.030,>17.030,99.990,0.030,0.112,g
2459466.89521,2021-09-09.3933622,bG,1.58,16.803,>16.803,99.990,0.082,0.138,g
2459466.89651,2021-09-09.3946608,bG,1.53,16.519,>16.519,99.990,0.077,0.179,g
2459466.89781,2021-09-09.3959587,bG,1.56,16.955,>16.955,99.990,0.005,0.120,g
2459467.33106,2021-09-09.8292271,bo,1.51,16.713,>16.713,99.990,0.062,0.150,g
2459467.33230,2021-09-09.8304751,bo,1.45,16.932,>16.932,99.990,0.132,0.123,g
2459467.33356,2021-09-09.8317293,bo,1.51,16.762,>16.762,99.990,0.102,0.143,g
2459467.42243,2021-09-09.9206019,bo,1.50,16.650,>16.650,99.990,0.148,0.159,g
2459467.42367,2021-09-09.9218405,bo,1.50,16.786,>16.786,99.990,0.255,0.140,g
2459467.42491,2021-09-09.9230774,bo,1.49,16.728,>16.728,99.990,-0.029,0.148,g
2459467.66537,2021-09-10.1635533,bG,1.48,17.126,>17.126,99.990,-0.061,0.102,g
2459467.66667,2021-09-10.1648430,bG,1.55,17.098,>17.098,99.990,0.205,0.105,g
2459467.66797,2021-09-10.1661450,bG,1.51,17.110,>17.110,99.990,0.206,0.104,g
2459468.72442,2021-09-11.2226311,bG,1.55,16.845,>16.845,99.990,0.143,0.133,g
2459468.72572,2021-09-11.2239253,bG,1.55,16.911,>16.911,99.990,0.337,0.125,g
2459468.72702,2021-09-11.2252300,bG,1.62,15.726,>15.726,99.990,0.523,0.372,g
2459468.89980,2021-09-11.3980100,bG,1.49,16.922,>16.922,99.990,0.018,0.124,g
2459468.90111,2021-09-11.3993179,bG,1.48,16.844,>16.844,99.990,0.529,0.133,g
2459468.90240,2021-09-11.4006079,bG,1.45,16.962,>16.962,99.990,0.159,0.119,g
2459469.40750,2021-09-11.9057277,bo,1.65,16.645,>16.645,99.990,0.154,0.160,g
2459470.59080,2021-09-13.0890615,bG,1.45,16.777,>16.777,99.990,0.173,0.141,g
2459470.59210,2021-09-13.0903592,bG,1.44,16.723,>16.723,99.990,0.522,0.149,g
2459470.59340,2021-09-13.0916574,bG,1.48,16.910,>16.910,99.990,0.046,0.125,g
2459471.56365,2021-09-14.0619329,bG,1.51,16.511,>16.511,99.990,0.067,0.181,g
2459471.56496,2021-09-14.0632438,bG,1.49,16.665,>16.665,99.990,0.107,0.157,g
2459471.56627,2021-09-14.0645552,bG,1.46,16.525,>16.525,99.990,0.103,0.178,g
2459472.57411,2021-09-15.0724150,bG,1.42,16.395,>16.395,99.990,-0.081,0.201,g
2459472.57542,2021-09-15.0737305,bG,1.47,16.401,>16.401,99.990,0.034,0.200,g
2459472.57673,2021-09-15.0750343,bG,1.43,16.545,>16.545,99.990,-0.274,0.175,g
2459472.74711,2021-09-15.2454312,bk,1.49,16.687,>16.687,99.990,0.113,0.154,g
2459472.74838,2021-09-15.2466850,bk,1.52,16.556,>16.556,99.990,0.355,0.173,g
2459472.74963,2021-09-15.2479386,bk,1.52,16.717,>16.717,99.990,0.100,0.149,g
2459473.32296,2021-09-15.8212895,bo,1.45,16.165,>16.165,99.990,-0.142,0.248,g
2459473.32421,2021-09-15.8225359,bo,1.48,16.190,>16.190,99.990,-0.161,0.243,g
2459473.32548,2021-09-15.8238094,bo,1.47,16.349,>16.349,99.990,0.029,0.210,g
2459473.60600,2021-09-16.1043349,bG,1.49,16.150,>16.150,99.990,0.587,0.252,g
2459473.60728,2021-09-16.1056219,bG,1.49,16.384,>16.384,99.990,0.010,0.203,g
2459473.60858,2021-09-16.1069225,bG,1.48,16.254,>16.254,99.990,0.239,0.229,g
2459473.76697,2021-09-16.2653093,bk,1.45,16.472,>16.472,99.990,-0.072,0.187,g
2459473.76823,2021-09-16.2665719,bk,1.47,16.420,>16.420,99.990,-0.016,0.196,g
2459473.76948,2021-09-16.2678253,bk,1.45,16.453,>16.453,99.990,-0.285,0.190,g
2459474.60723,2021-09-17.1055988,bG,1.50,16.306,>16.306,99.990,-0.203,0.218,g
2459474.60855,2021-09-17.1069128,bG,1.51,16.180,>16.180,99.990,1.000,0.245,g
2459474.60983,2021-09-17.1082046,bG,1.56,16.150,>16.150,99.990,0.331,0.252,g
2459474.90590,2021-09-17.4042810,bG,1.67,16.447,>16.447,99.990,-0.059,0.192,g
2459474.90720,2021-09-17.4055784,bG,1.69,16.254,>16.254,99.990,-0.081,0.229,g
2459474.90850,2021-09-17.4068700,bG,1.69,16.222,>16.222,99.990,-0.382,0.236,g
2459475.36411,2021-09-17.8625011,bo,1.46,16.068,>16.068,99.990,0.386,0.272,g
2459475.36542,2021-09-17.8638017,bo,1.52,15.849,>15.849,99.990,0.654,0.332,g
2459475.36666,2021-09-17.8650435,bo,1.44,15.919,>15.919,99.990,-0.182,0.312,g
2459475.52119,2021-09-18.0195840,bo,1.55,16.099,>16.099,99.990,-0.514,0.264,g
2459475.52243,2021-09-18.0208222,bo,1.48,16.083,>16.083,99.990,0.117,0.268,g
2459475.52369,2021-09-18.0220799,bo,1.46,16.117,>16.117,99.990,-0.045,0.260,g
2459475.55498,2021-09-18.0533740,bG,1.40,15.960,>15.960,99.990,-0.861,0.300,g
2459475.55628,2021-09-18.0546715,bG,1.49,15.998,>15.998,99.990,0.168,0.290,g
2459475.55758,2021-09-18.0559704,bG,1.48,15.981,>15.981,99.990,0.906,0.294,g
2459475.73781,2021-09-18.2362166,bG,1.56,16.199,>16.199,99.990,0.284,0.241,g
2459475.73911,2021-09-18.2375164,bG,1.63,16.203,>16.203,99.990,-0.683,0.240,g
2459475.74042,2021-09-18.2388244,bG,1.49,16.211,>16.211,99.990,0.498,0.238,g
2459476.30939,2021-09-18.8078068,bo,1.48,15.540,>15.540,99.990,-0.217,0.441,g
2459476.31064,2021-09-18.8090581,bo,1.55,15.620,>15.620,99.990,0.650,0.410,g
2459476.31189,2021-09-18.8103069,bo,1.43,15.587,>15.587,99.990,-0.711,0.423,g
2459476.54036,2021-09-19.0387832,bo,1.54,15.802,>15.802,99.990,0.840,0.347,g
2459476.54161,2021-09-19.0400297,bo,1.50,15.765,>15.765,99.990,0.683,0.359,g
2459476.54284,2021-09-19.0412667,bo,1.48,15.811,>15.811,99.990,0.806,0.344,g
2459477.66117,2021-09-20.1596274,bk,1.50,15.850,>15.850,99.990,-0.256,0.332,g
2459477.66243,2021-09-20.1608773,bk,1.48,15.897,>15.897,99.990,1.329,0.318,g
2459477.66367,2021-09-20.1621332,bk,1.46,15.857,>15.857,99.990,0.211,0.330,g
2459478.53992,2021-09-21.0384027,bk,1.58,15.531,>15.531,99.990,0.959,0.445,g
2459478.54117,2021-09-21.0396494,bk,1.68,15.773,>15.773,99.990,0.230,0.356,g
2459478.54241,2021-09-21.0408909,bk,1.57,15.568,>15.568,99.990,-1.013,0.430,g
2459478.81856,2021-09-21.3170489,bk,1.68,15.682,>15.682,99.990,0.294,0.388,g
2459478.81982,2021-09-21.3183138,bk,1.52,15.559,>15.559,99.990,0.195,0.434,g
2459478.82106,2021-09-21.3195545,bk,1.47,15.676,>15.676,99.990,0.701,0.390,g
2459478.83570,2021-09-21.3341906,bG,1.48,15.926,>15.926,99.990,0.264,0.310,g
2459478.83701,2021-09-21.3354994,bG,1.50,16.074,>16.074,99.990,0.147,0.270,g
2459478.83831,2021-09-21.3368001,bG,1.39,15.798,>15.798,99.990,-0.060,0.348,g
2459479.34820,2021-09-21.8467072,bo,1.56,15.792,>15.792,99.990,0.241,0.350,g
2459479.34944,2021-09-21.8479504,bo,1.56,15.583,>15.583,99.990,-0.439,0.425,g
2459479.35068,2021-09-21.8491829,bo,1.53,15.878,>15.878,99.990,0.131,0.324,g
2459479.49138,2021-09-21.9899026,bo,1.69,15.893,>15.893,99.990,-0.125,0.319,g
2459479.49265,2021-09-21.9911562,bo,1.64,15.825,>15.825,99.990,0.324,0.340,g
2459479.49390,2021-09-21.9924093,bo,1.72,15.712,>15.712,99.990,0.056,0.377,g
2459479.59778,2021-09-22.0962961,bo,1.57,15.721,>15.721,99.990,0.743,0.374,g
2459479.59902,2021-09-22.0975329,bo,1.52,15.693,>15.693,99.990,-0.907,0.384,g
2459479.60027,2021-09-22.0987888,bo,1.67,15.864,>15.864,99.990,0.350,0.328,g
2459480.58921,2021-09-23.0877501,bG,1.46,16.193,>16.193,99.990,-0.178,0.242,g
2459480.59051,2021-09-23.0890503,bG,1.41,16.100,>16.100,99.990,0.310,0.264,g
2459480.59181,2021-09-23.0903601,bG,1.46,16.171,>16.171,99.990,0.282,0.247,g
2459481.28884,2021-09-23.7874049,bo,1.47,15.666,>15.666,99.990,1.155,0.393,g
2459481.29008,2021-09-23.7886465,bo,1.45,15.782,>15.782,99.990,0.149,0.353,g
2459481.29132,2021-09-23.7898885,bo,1.44,15.910,>15.910,99.990,-0.230,0.314,g
2459481.38565,2021-09-23.8842204,bo,1.44,16.059,>16.059,99.990,-0.468,0.274,g
2459481.38699,2021-09-23.8855699,bo,1.44,16.028,>16.028,99.990,0.439,0.282,g
2459481.38825,2021-09-23.8868209,bo,1.44,16.292,>16.292,99.990,0.275,0.221,g
2459481.52165,2021-09-24.0202327,bo,1.48,16.089,>16.089,99.990,0.438,0.266,g
2459481.52289,2021-09-24.0214696,bo,1.48,15.999,>15.999,99.990,-0.357,0.289,g
2459481.52412,2021-09-24.0227019,bo,1.47,16.031,>16.031,99.990,-0.633,0.281,g
2459481.73520,2021-09-24.2337836,bG,1.72,16.354,>16.354,99.990,0.341,0.209,g
2459481.73650,2021-09-24.2350791,bG,2.04,16.251,>16.251,99.990,0.574,0.230,g
2459481.73777,2021-09-24.2363643,bG,2.06,16.240,>16.240,99.990,0.127,0.232,g
2459482.28629,2021-09-24.7848974,bo,1.43,16.484,>16.484,99.990,0.239,0.185,g
2459482.28754,2021-09-24.7861476,bo,1.48,16.690,>16.690,99.990,-0.250,0.153,g
2459482.28879,2021-09-24.7873916,bo,1.44,16.692,>16.692,99.990,-0.087,0.153,g
2459482.37368,2021-09-24.8722804,bo,1.54,16.318,>16.318,99.990,-0.000,0.216,g
2459482.37492,2021-09-24.8735244,bo,1.58,16.324,>16.324,99.990,-0.043,0.214,g
2459482.37617,2021-09-24.8747734,bo,1.54,16.336,>16.336,99.990,-0.071,0.212,g
2459482.47109,2021-09-24.9697040,bo,1.47,15.986,>15.986,99.990,-0.223,0.293,g
2459482.47235,2021-09-24.9709553,bo,1.46,16.147,>16.147,99.990,0.284,0.253,g
2459482.47359,2021-09-24.9721900,bo,1.51,16.110,>16.110,99.990,0.124,0.261,g
2459482.51694,2021-09-25.0155512,bo,1.48,16.237,>16.237,99.990,0.010,0.232,g
2459482.51820,2021-09-25.0168091,bo,1.49,16.233,>16.233,99.990,0.443,0.233,g
2459482.51943,2021-09-25.0180451,bo,1.43,16.212,>16.212,99.990,0.403,0.238,g
2459482.59323,2021-09-25.0918421,bo,1.75,15.998,>15.998,99.990,-0.064,0.290,g
2459482.60775,2021-09-25.1063575,bo,1.69,15.904,>15.904,99.990,-0.081,0.316,g
2459482.60899,2021-09-25.1076086,bo,1.74,16.084,>16.084,99.990,0.203,0.267,g
2459482.90080,2021-09-25.3994127,bk,1.50,15.785,>15.785,99.990,0.539,0.352,g
2459482.90203,2021-09-25.4006520,bk,1.45,15.723,>15.723,99.990,-0.796,0.373,g
2459482.90329,2021-09-25.4019055,bk,1.52,15.619,>15.619,99.990,0.402,0.411,g
2459483.28421,2021-09-25.7828449,bo,1.54,16.957,>16.957,99.990,-0.036,0.120,g
2459483.28551,2021-09-25.7841383,bo,1.52,16.936,>16.936,99.990,0.212,0.122,g
2459483.28675,2021-09-25.7853793,bo,1.52,16.885,>16.885,99.990,0.195,0.128,g
2459483.44952,2021-09-25.9481682,bo,1.50,16.254,>16.254,99.990,0.118,0.229,g
2459483.45081,2021-09-25.9494453,bo,1.49,16.246,>16.246,99.990,-0.010,0.231,g
2459483.45205,2021-09-25.9506871,bo,1.43,16.278,>16.278,99.990,-0.241,0.224,g
2459483.46811,2021-09-25.9667523,bo,1.55,16.202,>16.202,99.990,-0.184,0.240,g
2459483.46937,2021-09-25.9680070,bo,1.53,16.236,>16.236,99.990,0.480,0.233,g
2459483.47062,2021-09-25.9692627,bo,1.52,16.289,>16.289,99.990,-0.171,0.222,g
2459483.70323,2021-09-26.2018849,bG,1.43,16.695,>16.695,99.990,-0.413,0.152,g
2459483.70452,2021-09-26.2031754,bG,1.45,16.763,>16.763,99.990,-0.027,0.143,g
2459483.70583,2021-09-26.2044797,bG,1.49,16.649,>16.649,99.990,0.578,0.159,g
2459484.81869,2021-09-27.3173800,bG,1.41,16.702,>16.702,99.990,0.098,0.151,g
2459484.81998,2021-09-27.3186709,bG,1.47,16.757,>16.757,99.990,0.220,0.144,g
2459484.82129,2021-09-27.3199758,bG,1.44,16.674,>16.674,99.990,0.308,0.155,g
2459485.52705,2021-09-28.0257601,bG,1.52,17.147,>17.147,99.990,0.189,0.101,g
2459485.52834,2021-09-28.0270486,bG,1.49,16.881,>16.881,99.990,-0.176,0.128,g
2459485.52964,2021-09-28.0283449,bG,1.47,16.842,>16.842,99.990,0.429,0.133,g
2459485.71439,2021-09-28.2131067,bG,1.53,16.695,>16.695,99.990,0.273,0.152,g
2459485.71568,2021-09-28.2143937,bG,1.49,16.612,>16.612,99.990,0.051,0.165,g
2459485.71698,2021-09-28.2156960,bG,1.48,16.434,>16.434,99.990,0.168,0.194,g
2459486.36526,2021-09-28.8639982,bo,1.49,16.446,>16.446,99.990,0.190,0.192,g
2459486.36653,2021-09-28.8652637,bo,1.47,16.614,>16.614,99.990,-0.081,0.164,g
2459486.36777,2021-09-28.8665069,bo,1.49,16.639,>16.639,99.990,-0.044,0.161,g
2459486.69283,2021-09-29.1915780,bG,1.46,16.787,>16.787,99.990,0.071,0.140,g
2459486.69412,2021-09-29.1928714,bG,1.44,17.004,>17.004,99.990,0.154,0.115,g
2459486.69542,2021-09-29.1941679,bG,1.52,17.072,>17.072,99.990,0.104,0.108,g
2459489.29646,2021-10-01.7952982,bo,1.45,16.950,>16.950,99.990,0.150,0.121,g
2459489.29778,2021-10-01.7966184,bo,1.46,16.967,>16.967,99.990,0.033,0.119,g
2459489.29903,2021-10-01.7978652,bo,1.49,17.005,>17.005,99.990,0.086,0.115,g
2459489.54360,2021-10-02.0424395,bk,1.65,16.857,>16.857,99.990,0.297,0.131,g
2459489.54485,2021-10-02.0436966,bk,1.67,17.069,>17.069,99.990,0.014,0.108,g
2459489.54609,2021-10-02.0449369,bk,1.70,16.881,>16.881,99.990,0.146,0.128,g
2459489.59459,2021-10-02.0934305,bG,1.42,16.947,>16.947,99.990,-0.126,0.121,g
2459489.59587,2021-10-02.0947212,bG,1.46,17.101,>17.101,99.990,0.127,0.105,g
2459489.59717,2021-10-02.0960178,bG,1.45,17.100,>17.100,99.990,0.116,0.105,g
2459490.86248,2021-10-03.3613703,bG,1.42,17.152,>17.152,99.990,-0.047,0.100,g
2459490.86379,2021-10-03.3626837,bG,1.42,16.958,>16.958,99.990,0.273,0.120,g
2459490.86509,2021-10-03.3639804,bG,1.46,17.140,>17.140,99.990,0.101,0.101,g
2459491.55230,2021-10-04.0512142,bk,1.50,16.983,>16.983,99.990,0.120,0.117,g
2459491.55354,2021-10-04.0524560,bk,1.46,16.997,>16.997,99.990,0.166,0.115,g
2459491.55478,2021-10-04.0537037,bk,1.43,17.038,>17.038,99.990,-0.152,0.111,g
2459493.30654,2021-10-05.8055225,bo,1.48,16.949,>16.949,99.990,0.212,0.121,g
2459493.30778,2021-10-05.8067585,bo,1.49,16.962,>16.962,99.990,0.562,0.119,g
2459493.30902,2021-10-05.8080013,bo,1.45,17.042,>17.042,99.990,0.005,0.111,g
2459493.38319,2021-10-05.8821776,bo,1.45,17.071,>17.071,99.990,0.253,0.108,g
2459493.38444,2021-10-05.8834232,bo,1.46,17.030,>17.030,99.990,0.030,0.112,g
2459493.38567,2021-10-05.8846592,bo,1.47,17.054,>17.054,99.990,-0.193,0.110,g
2459493.63746,2021-10-06.1364608,bk,1.63,17.076,>17.076,99.990,0.003,0.107,g
2459493.63870,2021-10-06.1377002,bk,1.51,17.067,>17.067,99.990,0.004,0.108,g
2459493.63996,2021-10-06.1389429,bk,1.59,17.196,>17.196,99.990,-0.034,0.096,g
2459493.72300,2021-10-06.2219907,bG,1.46,17.127,>17.127,99.990,0.071,0.102,g
2459493.72428,2021-10-06.2232777,bG,1.45,17.189,>17.189,99.990,0.175,0.097,g
2459493.72558,2021-10-06.2245719,bG,1.45,17.145,>17.145,99.990,0.156,0.101,g
2459494.45453,2021-10-06.9535545,bo,1.50,17.188,>17.188,99.990,0.150,0.097,g
2459494.45577,2021-10-06.9548,bo,1.48,16.953,>16.953,99.990,0.153,0.120,g
2459494.45701,2021-10-06.9560312,bo,1.55,17.117,>17.117,99.990,0.324,0.103,g
2459494.59022,2021-10-07.0892501,bo,1.64,16.953,>16.953,99.990,0.152,0.120,g
2459494.59146,2021-10-07.0904861,bo,1.61,16.951,>16.951,99.990,-0.253,0.120,g
2459494.73675,2021-10-07.2357888,bG,1.42,15.792,>15.792,99.990,0.050,0.350,g
2459494.73804,2021-10-07.2370716,bG,1.47,99.990,99.990,99.990,99.990,99.990,g
2459494.73934,2021-10-07.2383700,bG,1.49,14.291,>14.291,99.990,1.128,1.395,g
2459496.37061,2021-10-08.8697047,bo,1.52,17.078,>17.078,99.990,0.050,0.107,g
2459496.37184,2021-10-08.8709425,bo,1.51,17.093,>17.093,99.990,0.160,0.106,g
2459496.37311,2021-10-08.8721964,bo,1.56,17.013,>17.013,99.990,0.133,0.114,g
2459496.61189,2021-10-09.1109982,bk,1.54,17.061,>17.061,99.990,0.047,0.109,g
2459496.61313,2021-10-09.1122380,bk,1.56,17.149,>17.149,99.990,0.020,0.100,g
2459496.61438,2021-10-09.1134848,bk,1.52,17.394,>17.394,99.990,0.394,0.080,g
2459496.63570,2021-10-09.1348062,bG,1.51,17.156,>17.156,99.990,0.284,0.100,g
2459496.63700,2021-10-09.1361030,bG,1.50,17.084,>17.084,99.990,0.185,0.107,g
2459496.63830,2021-10-09.1373945,bG,1.52,17.223,>17.223,99.990,-0.106,0.094,g
2459497.25303,2021-10-09.7521542,bo,1.43,16.916,>16.916,99.990,0.182,0.124,g
2459497.25427,2021-10-09.7533951,bo,1.45,16.837,>16.837,99.990,0.010,0.134,g
2459497.25558,2021-10-09.7547015,bo,1.46,17.026,>17.026,99.990,0.108,0.112,g
2459497.34097,2021-10-09.8400964,bo,1.61,17.105,>17.105,99.990,-0.092,0.105,g
2459497.34221,2021-10-09.8413357,bo,1.61,17.037,>17.037,99.990,0.169,0.111,g
2459497.34346,2021-10-09.8425907,bo,1.63,17.031,>17.031,99.990,0.253,0.112,g
2459497.62147,2021-10-10.1206143,bG,1.48,16.937,>16.937,99.990,0.001,0.122,g
2459497.62277,2021-10-10.1219115,bG,1.49,17.122,>17.122,99.990,0.053,0.103,g
2459497.62407,2021-10-10.1232151,bG,1.52,17.041,>17.041,99.990,0.073,0.111,g
2459497.69308,2021-10-10.1922285,bG,1.48,17.209,>17.209,99.990,0.192,0.095,g
2459497.69438,2021-10-10.1935243,bG,1.42,17.089,>17.089,99.990,0.148,0.106,g
2459497.69568,2021-10-10.1948239,bG,1.50,17.096,>17.096,99.990,0.094,0.105,g
2459498.60108,2021-10-11.1002578,bk,1.48,17.057,>17.057,99.990,-0.088,0.109,g
2459498.60232,2021-10-11.1015041,bk,1.43,16.875,>16.875,99.990,-0.068,0.129,g
2459498.60356,2021-10-11.1027436,bk,1.45,16.824,>16.824,99.990,0.297,0.135,g
2459498.68881,2021-10-11.1879987,bk,1.46,17.234,>17.234,99.990,0.116,0.093,g
2459498.69008,2021-10-11.1892604,bk,1.42,17.114,>17.114,99.990,0.249,0.104,g
2459498.69132,2021-10-11.1905,bk,1.45,17.206,>17.206,99.990,0.125,0.095,g
2459499.24268,2021-10-11.7418826,bo,1.55,16.301,>16.301,99.990,-0.049,0.219,g
2459499.24520,2021-10-11.7443994,bo,1.57,16.399,>16.399,99.990,0.201,0.200,g
2459499.35220,2021-10-11.8514116,bo,1.45,15.541,>15.541,99.990,0.715,0.441,g
2459499.35344,2021-10-11.8526523,bo,1.43,15.652,>15.652,99.990,-0.107,0.398,g
2459499.35469,2021-10-11.8538952,bo,1.51,15.576,>15.576,99.990,0.342,0.427,g
2459499.62831,2021-10-12.1275241,bk,1.43,15.306,>15.306,99.990,-0.406,0.548,g
2459499.62956,2021-10-12.1287684,bk,1.44,15.636,>15.636,99.990,-0.681,0.404,g
2459499.63079,2021-10-12.1300069,bk,1.42,15.882,>15.882,99.990,0.169,0.322,g
2459500.49184,2021-10-12.9910868,bo,1.53,15.473,>15.473,99.990,-0.114,0.470,g
2459500.49309,2021-10-12.9923346,bo,1.55,15.729,>15.729,99.990,0.507,0.371,g
2459500.49432,2021-10-12.9935679,bo,1.51,15.345,>15.345,99.990,-0.103,0.528,g
2459500.70073,2021-10-13.1999850,bG,1.45,16.751,>16.751,99.990,0.193,0.145,g
2459500.70202,2021-10-13.2012744,bG,1.44,16.805,>16.805,99.990,0.211,0.138,g
2459500.70330,2021-10-13.2025621,bG,1.49,16.713,>16.713,99.990,0.090,0.150,g
2459502.48255,2021-10-14.9818767,bo,1.45,15.946,>15.946,99.990,0.338,0.304,g
2459502.48380,2021-10-14.9831254,bo,1.46,16.000,>16.000,99.990,0.077,0.289,g
2459502.48508,2021-10-14.9844039,bo,1.48,15.610,>15.610,99.990,0.320,0.414,g
2459502.52106,2021-10-15.0203822,bG,1.87,16.247,>16.247,99.990,0.151,0.230,g
2459502.52234,2021-10-15.0216653,bG,1.73,16.223,>16.223,99.990,0.127,0.235,g
2459502.52363,2021-10-15.0229657,bG,1.69,16.334,>16.334,99.990,0.424,0.213,g
2459502.58379,2021-10-15.0831149,bo,1.53,14.889,>14.889,99.990,0.488,0.804,g
2459502.58503,2021-10-15.0843615,bo,1.54,14.588,>14.588,99.990,0.749,1.061,g
2459502.58630,2021-10-15.0856243,bo,1.58,13.917,>13.917,99.990,1.883,1.970,g
2459502.70387,2021-10-15.2032046,bG,1.43,16.517,>16.517,99.990,0.231,0.180,g
2459502.70517,2021-10-15.2045020,bG,1.45,16.614,>16.614,99.990,-0.129,0.164,g
2459502.70648,2021-10-15.2058140,bG,1.46,16.472,>16.472,99.990,0.465,0.187,g
2459503.24728,2021-10-15.7466283,bo,1.93,99.990,99.990,99.990,99.990,99.990,g
2459505.62018,2021-10-18.1196322,bk,1.47,16.002,>16.002,99.990,0.069,0.288,g
2459505.62143,2021-10-18.1208846,bk,1.47,16.195,>16.195,99.990,-0.361,0.242,g
2459505.62270,2021-10-18.1221425,bk,1.52,15.979,>15.979,99.990,-0.073,0.295,g
2459506.23892,2021-10-18.7383917,bo,1.98,15.199,>15.199,99.990,-0.617,0.604,g
2459506.24026,2021-10-18.7397366,bo,1.65,15.414,>15.414,99.990,0.913,0.496,g
2459506.24154,2021-10-18.7410123,bo,1.99,15.395,>15.395,99.990,-0.872,0.505,g
2459506.39445,2021-10-18.8939244,bo,1.48,15.911,>15.911,99.990,0.322,0.314,g
2459506.39568,2021-10-18.8951533,bo,1.55,16.094,>16.094,99.990,0.033,0.265,g
2459506.39692,2021-10-18.8963954,bo,1.47,15.828,>15.828,99.990,-0.328,0.339,g
2459506.49683,2021-10-18.9963144,bo,1.47,15.909,>15.909,99.990,0.117,0.314,g
2459506.49809,2021-10-18.9975658,bo,1.45,15.760,>15.760,99.990,0.926,0.361,g
2459506.49932,2021-10-18.9987994,bo,1.48,15.878,>15.878,99.990,-0.396,0.324,g
2459506.57252,2021-10-19.0720045,bo,1.50,15.851,>15.851,99.990,-0.336,0.332,g
2459506.57376,2021-10-19.0732415,bo,1.46,15.855,>15.855,99.990,0.291,0.331,g
2459506.57501,2021-10-19.0744974,bo,1.41,15.752,>15.752,99.990,0.081,0.363,g
2459507.25061,2021-10-19.7501262,bo,1.62,15.696,>15.696,99.990,-0.283,0.383,g
2459507.25185,2021-10-19.7513656,bo,1.68,15.735,>15.735,99.990,0.065,0.369,g
2459507.25311,2021-10-19.7526159,bo,1.58,15.666,>15.666,99.990,0.753,0.393,g
2459507.36881,2021-10-19.8683261,bo,1.58,15.724,>15.724,99.990,-1.043,0.373,g
2459507.37004,2021-10-19.8695605,bo,1.52,15.821,>15.821,99.990,0.247,0.341,g
2459507.37128,2021-10-19.8708001,bo,1.51,15.820,>15.820,99.990,-0.052,0.341,g
2459507.48976,2021-10-19.9892827,bo,1.54,15.733,>15.733,99.990,0.357,0.370,g
2459507.49101,2021-10-19.9905313,bo,1.52,15.700,>15.700,99.990,-0.438,0.381,g
2459507.49224,2021-10-19.9917627,bo,1.56,15.596,>15.596,99.990,0.619,0.420,g
2459507.60264,2021-10-20.1021608,bG,1.49,16.017,>16.017,99.990,0.745,0.285,g
2459507.60395,2021-10-20.1034762,bG,1.34,15.932,>15.932,99.990,-0.415,0.308,g
2459507.60526,2021-10-20.1047832,bG,1.45,15.776,>15.776,99.990,-0.249,0.355,g
2459508.52033,2021-10-21.0198920,bG,1.42,16.046,>16.046,99.990,0.277,0.277,g
2459508.52162,2021-10-21.0211827,bG,1.42,15.913,>15.913,99.990,0.275,0.313,g
2459508.52293,2021-10-21.0224923,bG,1.44,16.112,>16.112,99.990,-0.985,0.261,g
2459508.69427,2021-10-21.1938351,bG,1.47,16.003,>16.003,99.990,0.084,0.288,g
2459508.69559,2021-10-21.1951584,bG,1.43,15.956,>15.956,99.990,-0.068,0.301,g
2459508.69688,2021-10-21.1964416,bG,1.40,15.991,>15.991,99.990,-0.171,0.292,g
2459509.52291,2021-10-22.0225064,bk,1.58,16.250,>16.250,99.990,0.166,0.230,g
2459509.52414,2021-10-22.0237410,bk,1.49,16.363,>16.363,99.990,-0.001,0.207,g
2459509.52539,2021-10-22.0249918,bk,1.43,16.247,>16.247,99.990,-0.128,0.230,g
2459509.56093,2021-10-22.0605362,bk,1.49,16.018,>16.018,99.990,-0.560,0.284,g
2459509.56219,2021-10-22.0617874,bk,1.45,16.159,>16.159,99.990,-0.034,0.250,g
2459509.56342,2021-10-22.0630233,bk,1.48,16.218,>16.218,99.990,-0.997,0.237,g
2459511.24724,2021-10-23.7469033,bo,1.50,16.233,>16.233,99.990,-0.434,0.233,g
2459511.24848,2021-10-23.7481430,bo,1.52,16.372,>16.372,99.990,-0.138,0.205,g
2459511.24971,2021-10-23.7493728,bo,1.56,16.464,>16.464,99.990,-0.182,0.189,g
2459511.41824,2021-10-23.9179189,bo,1.51,16.192,>16.192,99.990,0.073,0.242,g
2459511.41948,2021-10-23.9191608,bo,1.46,16.134,>16.134,99.990,0.195,0.256,g
2459511.42072,2021-10-23.9203956,bo,1.45,16.156,>16.156,99.990,0.086,0.250,g
2459511.52063,2021-10-24.0203113,bG,1.47,17.041,>17.041,99.990,-0.124,0.111,g
2459511.52193,2021-10-24.0216104,bG,1.51,17.006,>17.006,99.990,0.264,0.114,g
2459511.52324,2021-10-24.0229225,bG,1.54,17.004,>17.004,99.990,0.323,0.115,g
2459511.60068,2021-10-24.1003561,bG,1.49,16.580,>16.580,99.990,-0.081,0.169,g
2459511.60197,2021-10-24.1016578,bG,1.49,16.627,>16.627,99.990,0.155,0.162,g
2459511.60327,2021-10-24.1029520,bG,1.45,16.631,>16.631,99.990,0.054,0.162,g
2459511.73758,2021-10-24.2372716,bG,1.47,16.404,>16.404,99.990,0.218,0.199,g
2459511.73889,2021-10-24.2385741,bG,1.51,16.426,>16.426,99.990,0.128,0.195,g
2459511.74019,2021-10-24.2398798,bG,1.46,16.367,>16.367,99.990,0.507,0.206,g
2459512.60095,2021-10-25.1006744,bG,1.47,17.077,>17.077,99.990,0.144,0.107,g
2459512.60224,2021-10-25.1019635,bG,1.44,17.029,>17.029,99.990,0.129,0.112,g
2459512.60353,2021-10-25.1032577,bG,1.53,17.002,>17.002,99.990,0.187,0.115,g
2459512.66018,2021-10-25.1599113,bG,1.44,16.690,>16.690,99.990,0.543,0.153,g
2459512.66147,2021-10-25.1611945,bG,1.45,16.626,>16.626,99.990,0.080,0.162,g
2459512.66277,2021-10-25.1624940,bG,1.46,16.738,>16.738,99.990,-0.061,0.146,g
2459513.24292,2021-10-25.7426656,bo,2.29,15.465,>15.465,99.990,0.296,0.473,g
2459513.24416,2021-10-25.7439104,bo,2.25,15.651,>15.651,99.990,0.052,0.399,g
2459513.24540,2021-10-25.7451451,bo,2.23,15.735,>15.735,99.990,-0.349,0.369,g
2459513.53863,2021-10-26.0383918,bG,1.51,17.189,>17.189,99.990,0.185,0.097,g
2459513.53994,2021-10-26.0397027,bG,1.45,16.946,>16.946,99.990,0.173,0.121,g
2459513.54124,2021-10-26.0410013,bG,1.45,16.926,>16.926,99.990,0.178,0.123,g
2459513.64599,2021-10-26.1457546,bG,1.44,17.001,>17.001,99.990,0.080,0.115,g
2459513.64729,2021-10-26.1470549,bG,1.41,17.015,>17.015,99.990,0.208,0.113,g
2459513.64859,2021-10-26.1483468,bG,1.41,17.022,>17.022,99.990,0.076,0.113,g
2459513.70215,2021-10-26.2019280,bG,1.45,16.723,>16.723,99.990,0.271,0.149,g
2459513.70345,2021-10-26.2032167,bG,1.41,16.745,>16.745,99.990,0.586,0.146,g
2459513.70475,2021-10-26.2045142,bG,1.43,16.664,>16.664,99.990,0.187,0.157,g
2459514.24731,2021-10-26.7471059,bo,2.38,15.863,>15.863,99.990,-0.174,0.328,g
2459514.24855,2021-10-26.7483361,bo,2.33,15.896,>15.896,99.990,0.514,0.318,g
2459514.24980,2021-10-26.7495872,bo,2.35,16.315,>16.315,99.990,0.129,0.216,g
2459514.39688,2021-10-26.8966802,bo,1.46,17.068,>17.068,99.990,-0.057,0.108,g
2459514.39812,2021-10-26.8979196,bo,1.47,16.999,>16.999,99.990,0.275,0.115,g
2459514.39936,2021-10-26.8991596,bo,1.48,17.144,>17.144,99.990,0.132,0.101,g
2459514.51256,2021-10-27.0123649,bG,1.46,16.999,>16.999,99.990,0.016,0.115,g
2459514.51386,2021-10-27.0136621,bG,1.48,16.989,>16.989,99.990,0.233,0.116,g
2459514.51516,2021-10-27.0149623,bG,1.47,17.042,>17.042,99.990,0.117,0.111,g
2459514.61797,2021-10-27.1177710,bG,1.47,17.086,>17.086,99.990,-0.013,0.106,g
2459514.61927,2021-10-27.1190721,bG,1.56,17.108,>17.108,99.990,-0.219,0.104,g
2459514.62057,2021-10-27.1203746,bG,1.52,17.180,>17.180,99.990,-0.168,0.098,g
2459514.68034,2021-10-27.1801446,bG,1.53,17.215,>17.215,99.990,0.047,0.094,g
2459514.68162,2021-10-27.1814373,bG,1.48,16.981,>16.981,99.990,0.140,0.117,g
2459514.68295,2021-10-27.1827501,bG,1.46,17.018,>17.018,99.990,0.149,0.113,g
2459514.75200,2021-10-27.2518057,bG,1.41,16.677,>16.677,99.990,0.289,0.155,g
2459514.75329,2021-10-27.2531025,bG,1.42,16.818,>16.818,99.990,0.199,0.136,g
2459514.75460,2021-10-27.2544121,bG,1.47,16.997,>16.997,99.990,-0.052,0.115,g
2459515.57720,2021-10-28.0770479,bG,1.43,17.202,>17.202,99.990,0.169,0.096,g
2459515.57850,2021-10-28.0783480,bG,1.44,17.108,>17.108,99.990,0.112,0.104,g
2459515.57980,2021-10-28.0796416,bG,1.45,17.118,>17.118,99.990,0.045,0.103,g
2459515.61680,2021-10-28.1166381,bG,1.48,17.117,>17.117,99.990,0.065,0.103,g
2459515.61810,2021-10-28.1179407,bG,1.46,17.150,>17.150,99.990,-0.023,0.100,g
2459515.61939,2021-10-28.1192359,bG,1.49,17.161,>17.161,99.990,0.137,0.099,g
2459515.69885,2021-10-28.1987016,bk,1.47,17.251,>17.251,99.990,-0.020,0.091,g
2459515.70010,2021-10-28.1999480,bk,1.49,17.040,>17.040,99.990,0.163,0.111,g
2459515.70134,2021-10-28.2011909,bk,1.46,17.099,>17.099,99.990,0.044,0.105,g
2459517.30786,2021-10-29.8077753,bo,1.42,17.120,>17.120,99.990,-0.052,0.103,g
2459517.30910,2021-10-29.8090138,bo,1.48,17.036,>17.036,99.990,-0.014,0.111,g
2459517.31034,2021-10-29.8102583,bo,1.40,16.973,>16.973,99.990,-0.139,0.118,g
2459517.75871,2021-10-30.2586335,bG,1.46,17.098,>17.098,99.990,0.002,0.105,g
2459517.76001,2021-10-30.2599362,bG,1.43,17.111,>17.111,99.990,0.227,0.104,g
2459517.76131,2021-10-30.2612369,bG,1.46,16.998,>16.998,99.990,0.125,0.115,g
2459518.26134,2021-10-30.7612934,bo,1.65,17.108,>17.108,99.990,-0.118,0.104,g
2459518.26258,2021-10-30.7625320,bo,1.68,16.925,>16.925,99.990,-0.006,0.123,g
2459518.26384,2021-10-30.7637898,bo,1.62,16.929,>16.929,99.990,0.060,0.123,g
2459518.40157,2021-10-30.9015261,bo,1.46,17.011,>17.011,99.990,0.082,0.114,g
2459518.40282,2021-10-30.9027736,bo,1.51,17.103,>17.103,99.990,0.161,0.105,g
2459518.40405,2021-10-30.9040038,bo,1.53,17.013,>17.013,99.990,-0.043,0.114,g
2459518.51244,2021-10-31.0124030,bo,1.47,16.909,>16.909,99.990,0.123,0.125,g
2459518.51370,2021-10-31.0136645,bo,1.44,17.055,>17.055,99.990,0.007,0.109,g
2459518.51495,2021-10-31.0149145,bo,1.44,16.971,>16.971,99.990,0.131,0.118,g
2459518.68425,2021-10-31.1842247,bG,1.45,17.011,>17.011,99.990,0.131,0.114,g
2459518.68555,2021-10-31.1855184,bG,1.46,17.033,>17.033,99.990,0.058,0.112,g
2459518.68684,2021-10-31.1868127,bG,1.48,17.065,>17.065,99.990,0.140,0.108,g
2459519.66668,2021-11-01.1666879,bk,1.84,16.679,>16.679,99.990,0.072,0.155,g
2459519.66793,2021-11-01.1679333,bk,1.74,16.755,>16.755,99.990,-0.040,0.144,g
2459519.66917,2021-11-01.1691821,bk,2.01,16.723,>16.723,99.990,0.204,0.149,g
2459519.73119,2021-11-01.2311987,bG,1.52,17.113,>17.113,99.990,-0.072,0.104,g
2459519.73247,2021-11-01.2324898,bG,1.48,17.080,>17.080,99.990,-0.073,0.107,g
2459519.73377,2021-11-01.2337784,bG,1.45,17.030,>17.030,99.990,-0.133,0.112,g
2459521.59446,2021-11-03.0945528,bG,1.57,16.999,>16.999,99.990,0.027,0.115,g
2459521.59577,2021-11-03.0958630,bG,1.55,17.001,>17.001,99.990,0.279,0.115,g
2459521.59708,2021-11-03.0971715,bG,1.52,17.016,>17.016,99.990,0.133,0.113,g
2459522.26038,2021-11-03.7604983,bo,1.59,16.813,>16.813,99.990,0.386,0.137,g
2459522.26168,2021-11-03.7618011,bo,1.57,17.012,>17.012,99.990,0.147,0.114,g
2459522.42456,2021-11-03.9246841,bo,1.50,16.981,>16.981,99.990,0.002,0.117,g
2459522.42605,2021-11-03.9261778,bo,1.49,17.039,>17.039,99.990,0.022,0.111,g
2459522.42733,2021-11-03.9274512,bo,1.60,17.086,>17.086,99.990,0.051,0.106,g
2459522.47347,2021-11-03.9735973,bo,1.50,17.120,>17.120,99.990,-0.007,0.103,g
2459522.47486,2021-11-03.9749888,bo,1.47,17.052,>17.052,99.990,-0.112,0.110,g
2459522.47614,2021-11-03.9762609,bo,1.48,16.972,>16.972,99.990,0.282,0.118,g
2459522.54889,2021-11-04.0490124,bo,1.44,16.971,>16.971,99.990,0.281,0.118,g
2459522.55014,2021-11-04.0502624,bo,1.43,16.878,>16.878,99.990,0.095,0.129,g
2459522.55138,2021-11-04.0515069,bo,1.47,16.896,>16.896,99.990,0.233,0.127,g
2459523.25695,2021-11-04.7571075,bo,1.76,16.506,>16.506,99.990,-0.241,0.181,g
2459523.25819,2021-11-04.7583447,bo,1.65,16.435,>16.435,99.990,0.256,0.194,g
2459523.25942,2021-11-04.7595737,bo,1.78,16.531,>16.531,99.990,0.118,0.177,g
2459523.40948,2021-11-04.9096332,bo,1.49,16.923,>16.923,99.990,0.064,0.124,g
2459523.41072,2021-11-04.9108752,bo,1.52,16.953,>16.953,99.990,0.187,0.120,g
2459523.41196,2021-11-04.9121146,bo,1.56,16.988,>16.988,99.990,0.085,0.116,g
2459523.55905,2021-11-05.0592199,bk,1.53,16.083,>16.083,99.990,0.232,0.268,g
2459523.56032,2021-11-05.0604783,bk,1.47,15.876,>15.876,99.990,-0.400,0.324,g
2459523.56157,2021-11-05.0617321,bk,1.49,16.061,>16.061,99.990,0.234,0.273,g
2459523.61935,2021-11-05.1195162,bG,1.47,16.282,>16.282,99.990,0.107,0.223,g
2459523.62064,2021-11-05.1208115,bG,1.46,16.643,>16.643,99.990,-0.100,0.160,g
2459523.62194,2021-11-05.1221131,bG,1.46,16.746,>16.746,99.990,0.124,0.145,g
2459524.25510,2021-11-05.7552898,bo,1.59,16.058,>16.058,99.990,0.539,0.274,g
2459524.25643,2021-11-05.7566277,bo,1.56,16.138,>16.138,99.990,0.346,0.255,g
2459524.25769,2021-11-05.7578910,bo,1.52,16.527,>16.527,99.990,-0.242,0.178,g
2459524.52538,2021-11-06.0255865,bG,2.15,16.872,>16.872,99.990,0.123,0.130,g
2459524.52669,2021-11-06.0268885,bG,2.15,17.074,>17.074,99.990,-0.158,0.107,g
2459524.52797,2021-11-06.0281768,bG,2.12,16.869,>16.869,99.990,0.247,0.130,g
2459524.67432,2021-11-06.1745361,bG,1.56,17.070,>17.070,99.990,0.000,0.108,g
2459524.67564,2021-11-06.1758572,bG,1.48,16.996,>16.996,99.990,0.144,0.116,g
2459524.67695,2021-11-06.1771625,bG,1.5,17.163,>17.163,99.990,0.072,0.099,g
2459525.25215,2021-11-06.7523863,bo,2.18,15.807,>15.807,99.990,-0.128,0.345,g
2459525.25338,2021-11-06.7536155,bo,2.18,15.949,>15.949,99.990,-0.059,0.303,g
2459525.25463,2021-11-06.7548656,bo,2.19,15.959,>15.959,99.990,-0.006,0.300,g
2459525.39485,2021-11-06.8950870,bo,1.51,17.144,>17.144,99.990,0.251,0.101,g
2459525.39610,2021-11-06.8963329,bo,1.51,17.010,>17.010,99.990,0.033,0.114,g
2459525.39733,2021-11-06.8975685,bo,1.47,17.075,>17.075,99.990,0.040,0.107,g
2459525.60285,2021-11-07.1030961,bG,1.56,17.011,>17.011,99.990,0.122,0.114,g
2459525.60414,2021-11-07.1043891,bG,1.50,17.056,>17.056,99.990,0.225,0.109,g
2459525.60544,2021-11-07.1056859,bG,1.45,17.071,>17.071,99.990,0.177,0.108,g
2459526.67693,2021-11-08.1772218,bk,1.38,17.052,>17.052,99.990,0.212,0.110,g
2459526.67820,2021-11-08.1784851,bk,1.43,17.206,>17.206,99.990,0.106,0.095,g
2459526.67943,2021-11-08.1797210,bk,1.45,17.078,>17.078,99.990,0.257,0.107,g
2459526.68985,2021-11-08.1901363,bG,1.48,16.995,>16.995,99.990,0.135,0.116,g
2459526.69243,2021-11-08.1927116,bG,1.44,17.240,>17.240,99.990,0.134,0.092,g
2459527.25213,2021-11-08.7524444,bo,2.32,15.500,>15.500,99.990,0.148,0.458,g
2459527.25338,2021-11-08.7536922,bo,2.24,15.841,>15.841,99.990,-0.880,0.335,g
2459527.25462,2021-11-08.7549351,bo,2.24,15.852,>15.852,99.990,0.116,0.331,g
2459527.65367,2021-11-09.1540056,bk,1.50,16.880,>16.880,99.990,0.050,0.128,g
2459527.65493,2021-11-09.1552582,bk,1.47,16.985,>16.985,99.990,0.028,0.117,g
2459527.65618,2021-11-09.1565131,bk,1.52,17.007,>17.007,99.990,0.259,0.114,g
2459528.34095,2021-11-09.8413059,bo,1.49,16.823,>16.823,99.990,0.428,0.135,g
2459528.34218,2021-11-09.8425347,bo,1.41,16.870,>16.870,99.990,0.120,0.130,g
2459528.34342,2021-11-09.8437754,bo,1.44,16.776,>16.776,99.990,0.131,0.141,g
2459528.45386,2021-11-09.9542251,bo,1.47,17.071,>17.071,99.990,0.065,0.108,g
2459528.45509,2021-11-09.9554539,bo,1.51,17.081,>17.081,99.990,0.054,0.107,g
2459528.45632,2021-11-09.9566818,bo,1.54,17.140,>17.140,99.990,0.128,0.101,g
2459528.63257,2021-11-10.1329383,bG,1.50,16.870,>16.870,99.990,-0.023,0.130,g
2459528.63387,2021-11-10.1342364,bG,1.44,16.981,>16.981,99.990,0.342,0.117,g
2459528.63517,2021-11-10.1355386,bG,1.51,16.903,>16.903,99.990,0.180,0.126,g
2459529.29160,2021-11-10.7919958,bo,1.44,16.017,>16.017,99.990,0.102,0.285,g
2459529.29284,2021-11-10.7932327,bo,1.43,15.726,>15.726,99.990,-0.528,0.372,g
2459529.29409,2021-11-10.7944773,bo,1.47,16.272,>16.272,99.990,0.183,0.225,g
2459529.59200,2021-11-11.0924069,bk,1.47,16.788,>16.788,99.990,0.206,0.140,g
2459529.59324,2021-11-11.0936392,bk,1.51,16.638,>16.638,99.990,-0.166,0.161,g
2459529.59445,2021-11-11.0948646,bk,1.46,16.749,>16.749,99.990,0.061,0.145,g
2459529.62271,2021-11-11.1231256,bk,1.49,16.887,>16.887,99.990,-0.192,0.128,g
2459529.62397,2021-11-11.1243758,bk,1.47,16.671,>16.671,99.990,0.254,0.156,g
2459529.62521,2021-11-11.1256174,bk,1.44,16.695,>16.695,99.990,0.299,0.152,g
2459529.65385,2021-11-11.1542597,bk,1.53,16.637,>16.637,99.990,0.406,0.161,g
2459529.65509,2021-11-11.1555039,bk,1.53,16.751,>16.751,99.990,-0.295,0.145,g
2459529.65634,2021-11-11.1567504,bk,1.58,16.560,>16.560,99.990,0.309,0.173,g
2459529.69957,2021-11-11.1999753,bG,1.49,17.011,>17.011,99.990,0.002,0.114,g
2459529.70085,2021-11-11.2012708,bG,1.45,16.906,>16.906,99.990,0.254,0.125,g
2459529.70216,2021-11-11.2025696,bG,1.45,16.828,>16.828,99.990,0.188,0.135,g
2459530.25933,2021-11-11.7597575,bo,1.68,16.056,>16.056,99.990,0.022,0.275,g
2459530.26056,2021-11-11.7609950,bo,2.05,16.338,>16.338,99.990,0.351,0.212,g
2459530.26180,2021-11-11.7622331,bo,2.02,16.128,>16.128,99.990,-0.657,0.257,g
2459531.32269,2021-11-12.8231711,bo,1.48,16.408,>16.408,99.990,-0.182,0.198,g
2459531.32395,2021-11-12.8244284,bo,1.49,16.493,>16.493,99.990,0.354,0.184,g
2459531.32519,2021-11-12.8256712,bo,1.48,16.406,>16.406,99.990,0.090,0.199,g
2459531.55722,2021-11-13.0576998,bG,1.42,16.514,>16.514,99.990,0.156,0.180,g
2459531.55851,2021-11-13.0589913,bG,1.42,16.376,>16.376,99.990,0.096,0.204,g
2459531.55980,2021-11-13.0602888,bG,1.47,16.496,>16.496,99.990,0.029,0.183,g
2459531.62060,2021-11-13.1210932,bG,1.47,16.551,>16.551,99.990,-0.114,0.174,g
2459531.62189,2021-11-13.1223714,bG,1.50,16.551,>16.551,99.990,0.073,0.174,g
2459531.62319,2021-11-13.1236706,bG,1.44,16.563,>16.563,99.990,-0.249,0.172,g
2459532.31473,2021-11-13.8152494,bo,2.34,16.060,>16.060,99.990,0.251,0.274,g
2459532.31597,2021-11-13.8164829,bo,2.37,16.094,>16.094,99.990,-0.295,0.265,g
2459532.36381,2021-11-13.8643274,bo,1.42,15.976,>15.976,99.990,-0.184,0.295,g
2459532.36505,2021-11-13.8655631,bo,1.39,15.970,>15.970,99.990,-0.040,0.297,g
2459532.36629,2021-11-13.8668060,bo,1.52,16.047,>16.047,99.990,-0.012,0.277,g
2459532.57341,2021-11-14.0739368,bG,1.44,16.446,>16.446,99.990,0.108,0.192,g
2459532.57470,2021-11-14.0752331,bG,1.46,16.468,>16.468,99.990,0.137,0.188,g
2459532.57600,2021-11-14.0765276,bG,1.42,16.538,>16.538,99.990,0.409,0.176,g
2459533.56638,2021-11-15.0669453,bk,1.45,16.273,>16.273,99.990,0.181,0.225,g
2459533.56761,2021-11-15.0681722,bk,1.45,16.174,>16.174,99.990,0.360,0.246,g
2459533.56885,2021-11-15.0694118,bk,1.40,16.180,>16.180,99.990,-0.278,0.245,g
2459533.61599,2021-11-15.1165565,bk,1.50,16.339,>16.339,99.990,-0.306,0.212,g
2459533.61722,2021-11-15.1177843,bk,1.48,16.284,>16.284,99.990,-0.034,0.223,g
2459533.61846,2021-11-15.1190273,bk,1.43,16.287,>16.287,99.990,-0.154,0.222,g
2459534.25911,2021-11-15.7597033,bo,2.12,14.810,>14.810,99.990,1.467,0.865,g
2459534.26046,2021-11-15.7610505,bo,2.11,15.259,>15.259,99.990,-0.590,0.572,g
2459534.26174,2021-11-15.7623380,bo,2.06,15.266,>15.266,99.990,0.019,0.568,g
2459535.45738,2021-11-16.9580177,bo,1.40,16.103,>16.103,99.990,0.110,0.263,g
2459535.45862,2021-11-16.9592574,bo,1.56,16.025,>16.025,99.990,0.145,0.283,g
2459535.45986,2021-11-16.9604960,bo,1.41,16.006,>16.006,99.990,-0.192,0.287,g
2459535.62042,2021-11-17.1210581,bG,1.42,16.197,>16.197,99.990,0.488,0.241,g
2459535.62173,2021-11-17.1223715,bG,1.51,16.135,>16.135,99.990,0.118,0.255,g
2459537.28264,2021-11-18.7833562,bo,2.32,15.655,>15.655,99.990,0.226,0.397,g
2459537.28389,2021-11-18.7846037,bo,2.30,15.783,>15.783,99.990,0.706,0.353,g
2459537.28518,2021-11-18.7858877,bo,2.26,15.721,>15.721,99.990,0.612,0.374,g
2459537.40925,2021-11-18.9099634,bo,1.61,15.670,>15.670,99.990,0.043,0.392,g
2459537.41049,2021-11-18.9112019,bo,1.55,15.720,>15.720,99.990,-0.648,0.374,g
2459537.41173,2021-11-18.9124387,bo,1.51,15.976,>15.976,99.990,-0.190,0.296,g
2459537.57890,2021-11-19.0796282,bG,1.50,15.987,>15.987,99.990,0.310,0.293,g
2459537.58019,2021-11-19.0809182,bG,1.45,15.991,>15.991,99.990,0.542,0.292,g
2459537.58149,2021-11-19.0822160,bG,1.47,16.020,>16.020,99.990,0.097,0.284,g
2459539.27137,2021-11-20.7721582,bo,1.47,15.790,>15.790,99.990,-0.029,0.351,g
2459539.27275,2021-11-20.7735359,bo,1.51,16.314,>16.314,99.990,0.292,0.217,g
2459539.27399,2021-11-20.7747787,bo,1.48,16.200,>16.200,99.990,0.297,0.240,g
2459539.62749,2021-11-21.1282796,bG,1.51,16.158,>16.158,99.990,0.118,0.250,g
2459539.62879,2021-11-21.1295783,bG,1.43,16.163,>16.163,99.990,0.323,0.249,g
2459539.63008,2021-11-21.1308681,bG,1.43,16.266,>16.266,99.990,-0.032,0.226,g
2459540.72800,2021-11-22.2288437,bk,1.47,16.198,>16.198,99.990,0.116,0.241,g
2459540.72923,2021-11-22.2300736,bk,1.47,16.083,>16.083,99.990,0.676,0.268,g
2459540.73048,2021-11-22.2313165,bk,1.45,15.985,>15.985,99.990,0.470,0.293,g
2459541.57248,2021-11-23.0733447,bk,1.56,16.703,>16.703,99.990,0.381,0.151,g
2459541.57371,2021-11-23.0745819,bk,1.54,16.148,>16.148,99.990,0.872,0.252,g
2459541.57496,2021-11-23.075825,bk,1.55,16.711,>16.711,99.990,-0.047,0.150,g
2459541.62968,2021-11-23.1305521,bk,1.46,14.432,>14.432,99.990,-3.037,1.226,g
2459541.63092,2021-11-23.1317929,bk,1.48,14.858,>14.858,99.990,-0.299,0.827,g
2459541.63219,2021-11-23.1330640,bk,1.44,14.884,>14.884,99.990,-0.225,0.808,g
2459541.73030,2021-11-23.2311795,bG,1.44,16.030,>16.030,99.990,-0.249,0.281,g
2459541.73289,2021-11-23.2337620,bG,1.47,15.882,>15.882,99.990,-0.274,0.322,g
2459542.26296,2021-11-23.7638564,bo,1.73,15.721,>15.721,99.990,-0.934,0.374,g
2459542.26426,2021-11-23.7651555,bo,1.66,15.799,>15.799,99.990,0.839,0.348,g
2459542.26549,2021-11-23.7663878,bo,1.67,16.088,>16.088,99.990,-0.023,0.267,g
2459542.65778,2021-11-24.1586964,bk,1.57,16.599,>16.599,99.990,0.126,0.167,g
2459542.65904,2021-11-24.1599484,bk,1.47,16.592,>16.592,99.990,0.342,0.168,g
2459542.66026,2021-11-24.1611809,bk,1.53,16.702,>16.702,99.990,-0.126,0.151,g
2459543.27519,2021-11-24.7761293,bo,1.59,16.811,>16.811,99.990,0.594,0.137,g
2459543.27649,2021-11-24.7774288,bo,1.48,16.749,>16.749,99.990,-0.030,0.145,g
2459543.27796,2021-11-24.7788968,bo,1.52,16.940,>16.940,99.990,0.236,0.122,g
2459543.40916,2021-11-24.9101010,bo,1.47,16.892,>16.892,99.990,0.298,0.127,g
2459543.41040,2021-11-24.9113395,bo,1.55,16.985,>16.985,99.990,-0.060,0.117,g
2459543.41173,2021-11-24.9126748,bo,1.50,17.029,>17.029,99.990,0.205,0.112,g
2459543.58248,2021-11-25.0834209,bG,1.43,17.335,>17.335,99.990,-0.004,0.085,g
2459543.58378,2021-11-25.0847293,bG,1.47,17.080,>17.080,99.990,0.004,0.107,g
2459543.58509,2021-11-25.0860383,bG,1.46,17.244,>17.244,99.990,0.088,0.092,g
2459543.66661,2021-11-25.1675527,bk,1.46,17.145,>17.145,99.990,-0.024,0.101,g
2459543.66785,2021-11-25.1687980,bk,1.43,16.939,>16.939,99.990,0.218,0.122,g
2459543.66908,2021-11-25.1700327,bk,1.46,16.891,>16.891,99.990,0.163,0.127,g
2459543.68577,2021-11-25.1867219,bG,1.45,16.666,>16.666,99.990,0.220,0.157,g
2459543.68706,2021-11-25.1880090,bG,1.45,16.714,>16.714,99.990,0.173,0.150,g
2459543.68836,2021-11-25.1893093,bG,1.42,16.823,>16.823,99.990,0.632,0.135,g
2459546.51511,2021-11-28.0161630,bG,1.51,15.835,>15.835,99.990,0.392,0.336,g
2459546.51641,2021-11-28.0174660,bG,1.46,15.980,>15.980,99.990,-0.132,0.294,g
2459546.51770,2021-11-28.0187487,bG,1.51,16.008,>16.008,99.990,0.336,0.287,g
2459547.64868,2021-11-29.1497630,bk,1.52,16.935,>16.935,99.990,0.130,0.122,g
2459547.64993,2021-11-29.1510178,bk,1.56,17.129,>17.129,99.990,0.067,0.102,g
2459547.65118,2021-11-29.1522690,bk,1.48,17.051,>17.051,99.990,0.351,0.110,g
2459547.68693,2021-11-29.1880258,bk,1.49,16.980,>16.980,99.990,0.333,0.117,g
2459547.68818,2021-11-29.1892795,bk,1.50,17.088,>17.088,99.990,0.005,0.106,g
2459547.68943,2021-11-29.1905341,bk,1.45,17.208,>17.208,99.990,-0.009,0.095,g
2459548.27444,2021-11-29.7755589,bo,1.44,16.526,>16.526,99.990,0.113,0.178,g
2459548.27574,2021-11-29.7768535,bo,1.48,16.446,>16.446,99.990,0.299,0.192,g
2459548.27725,2021-11-29.7783564,bo,1.44,16.626,>16.626,99.990,0.075,0.162,g
2459548.38803,2021-11-29.8891450,bo,1.48,17.101,>17.101,99.990,0.005,0.105,g
2459548.38928,2021-11-29.8903972,bo,1.50,17.068,>17.068,99.990,-0.152,0.108,g
2459548.39053,2021-11-29.8916508,bo,1.45,17.051,>17.051,99.990,-0.010,0.110,g
2459548.57701,2021-11-30.0781362,bk,1.60,17.097,>17.097,99.990,0.388,0.105,g
2459548.57824,2021-11-30.0793642,bk,1.63,17.058,>17.058,99.990,0.002,0.109,g
2459548.57947,2021-11-30.0805961,bk,1.62,17.071,>17.071,99.990,-0.015,0.108,g
2459549.39667,2021-11-30.8978241,bo,1.55,16.935,>16.935,99.990,0.057,0.122,g
2459549.39792,2021-11-30.8990755,bo,1.59,17.082,>17.082,99.990,0.078,0.107,g
2459549.39916,2021-11-30.9003175,bo,1.60,17.023,>17.023,99.990,0.009,0.113,g
2459549.40439,2021-11-30.9055465,bo,1.50,16.935,>16.935,99.990,0.207,0.122,g
2459549.40563,2021-11-30.9067893,bo,1.50,17.075,>17.075,99.990,0.300,0.107,g
2459549.40687,2021-11-30.9080310,bo,1.54,17.052,>17.052,99.990,0.105,0.110,g
2459549.57083,2021-12-01.072,bG,1.56,17.071,>17.071,99.990,0.082,0.108,g
2459549.57214,2021-12-01.0733026,bG,1.54,17.101,>17.101,99.990,0.313,0.105,g
2459549.57345,2021-12-01.0746118,bG,1.51,17.064,>17.064,99.990,0.056,0.108,g
2459550.27563,2021-12-01.7768152,bo,1.48,16.520,>16.520,99.990,-0.393,0.179,g
2459550.27691,2021-12-01.7780957,bo,1.51,16.389,>16.389,99.990,0.423,0.202,g
2459550.27816,2021-12-01.7793415,bo,1.53,16.532,>16.532,99.990,0.060,0.177,g
2459550.37869,2021-12-01.8798790,bo,1.46,17.083,>17.083,99.990,0.111,0.107,g
2459550.37993,2021-12-01.8811208,bo,1.49,16.959,>16.959,99.990,0.174,0.120,g
2459550.38117,2021-12-01.8823581,bo,1.46,17.051,>17.051,99.990,0.066,0.110,g
2459550.47403,2021-12-01.9752268,bo,1.48,16.589,>16.589,99.990,0.135,0.168,g
2459550.47528,2021-12-01.9764696,bo,1.47,16.861,>16.861,99.990,0.362,0.131,g
2459550.59132,2021-12-02.0925167,bG,1.46,17.225,>17.225,99.990,0.135,0.094,g
2459550.59262,2021-12-02.0938157,bG,1.45,17.131,>17.131,99.990,0.092,0.102,g
2459550.59390,2021-12-02.0950965,bG,1.44,17.153,>17.153,99.990,0.040,0.100,g
2459551.52213,2021-12-03.0233594,bk,1.47,16.112,>16.112,99.990,0.724,0.261,g
2459551.52337,2021-12-03.0246011,bk,1.43,16.116,>16.116,99.990,0.228,0.260,g
2459551.52461,2021-12-03.0258406,bk,1.44,16.339,>16.339,99.990,0.290,0.212,g
2459552.64873,2021-12-04.1499896,bG,1.44,17.110,>17.110,99.990,0.133,0.104,g
2459552.65001,2021-12-04.1512784,bG,1.41,17.153,>17.153,99.990,0.281,0.100,g
2459552.65132,2021-12-04.1525864,bG,-99,99.990,99.990,99.990,99.990,99.990,g
2459553.54653,2021-12-05.0478288,bk,2.04,16.821,>16.821,99.990,0.003,0.136,g
2459553.54777,2021-12-05.0490726,bk,2.02,16.849,>16.849,99.990,0.058,0.132,g
2459553.54901,2021-12-05.0503086,bk,2.01,16.938,>16.938,99.990,0.179,0.122,g
2459554.66864,2021-12-06.1699737,bk,1.44,17.016,>17.016,99.990,0.199,0.113,g
2459554.66988,2021-12-06.1712189,bk,1.49,16.685,>16.685,99.990,-0.012,0.154,g
2459554.67113,2021-12-06.1724607,bk,1.47,16.881,>16.881,99.990,0.074,0.128,g
2459556.27398,2021-12-07.7753615,bo,2.43,99.990,99.990,99.990,99.990,99.990,g
2459556.52113,2021-12-08.0225292,bG,1.47,15.814,>15.814,99.990,-0.090,0.343,g
2459556.52243,2021-12-08.0238260,bG,1.55,15.911,>15.911,99.990,-0.105,0.314,g
2459556.52372,2021-12-08.0251153,bG,1.54,16.081,>16.081,99.990,0.288,0.268,g
2459557.28370,2021-12-08.7851276,bo,1.49,16.451,>16.451,99.990,-0.077,0.191,g
2459557.28497,2021-12-08.7863847,bo,1.49,16.619,>16.619,99.990,-0.053,0.164,g
2459557.28621,2021-12-08.7876311,bo,1.45,16.179,>16.179,99.990,0.162,0.245,g
2459557.53729,2021-12-09.0387182,bG,2.00,16.744,>16.744,99.990,-0.049,0.146,g
2459557.53859,2021-12-09.0400135,bG,1.86,16.818,>16.818,99.990,0.093,0.136,g
2459557.53990,2021-12-09.0413195,bG,2.32,16.620,>16.620,99.990,0.526,0.163,g
2459558.28116,2021-12-09.7826140,bo,1.80,14.903,>14.903,99.990,-1.708,0.794,g
2459558.28240,2021-12-09.7838472,bo,1.68,14.062,>14.062,99.990,1.253,1.724,g
2459558.28363,2021-12-09.7850738,bo,1.41,99.990,99.990,99.990,99.990,99.990,g
2459558.52203,2021-12-10.0234839,bG,1.59,15.894,>15.894,99.990,0.180,0.319,g
2459558.52332,2021-12-10.0247809,bG,1.60,15.909,>15.909,99.990,-0.296,0.314,g
2459558.52463,2021-12-10.0260783,bG,1.63,15.965,>15.965,99.990,0.207,0.299,g
2459559.31017,2021-12-10.8116569,bo,1.46,16.776,>16.776,99.990,0.385,0.141,g
2459559.31145,2021-12-10.8129277,bo,1.48,16.709,>16.709,99.990,-0.071,0.150,g
2459559.31269,2021-12-10.8141767,bo,1.47,16.695,>16.695,99.990,0.456,0.152,g
2459559.39006,2021-12-10.8915468,bo,1.40,16.831,>16.831,99.990,0.146,0.135,g
2459559.39131,2021-12-10.8927981,bo,1.43,16.538,>16.538,99.990,0.100,0.176,g
2459559.39255,2021-12-10.8940413,bo,1.45,16.560,>16.560,99.990,0.092,0.173,g
2459559.70864,2021-12-11.2101314,bG,1.47,16.788,>16.788,99.990,0.277,0.140,g
2459560.30598,2021-12-11.8074900,bo,1.50,16.604,>16.604,99.990,-0.210,0.166,g
2459560.30724,2021-12-11.8087532,bo,1.49,16.509,>16.509,99.990,0.213,0.181,g
2459560.30848,2021-12-11.8099954,bo,1.47,16.655,>16.655,99.990,0.104,0.158,g
2459560.38370,2021-12-11.8852134,bo,1.44,16.622,>16.622,99.990,-0.296,0.163,g
2459560.38494,2021-12-11.8864540,bo,1.43,16.422,>16.422,99.990,0.099,0.196,g
2459560.38618,2021-12-11.8876923,bo,1.43,16.515,>16.515,99.990,0.614,0.180,g
2459562.59362,2021-12-14.0952071,bG,1.48,16.385,>16.385,99.990,0.447,0.203,g
2459562.59493,2021-12-14.0965168,bG,1.54,16.582,>16.582,99.990,0.024,0.169,g
2459562.59623,2021-12-14.0978173,bG,1.55,16.542,>16.542,99.990,-0.208,0.176,g
2459563.35777,2021-12-14.8593721,bo,1.45,16.139,>16.139,99.990,-0.639,0.254,g
2459563.35902,2021-12-14.8606222,bo,1.47,16.135,>16.135,99.990,0.066,0.255,g
2459563.36025,2021-12-14.8618591,bo,1.51,16.113,>16.113,99.990,-0.087,0.260,g
2459563.37298,2021-12-14.8745803,bo,1.47,16.007,>16.007,99.990,-0.165,0.287,g
2459563.37423,2021-12-14.8758325,bo,1.49,16.100,>16.100,99.990,0.239,0.264,g
2459563.37547,2021-12-14.8770744,bo,1.44,16.129,>16.129,99.990,-0.130,0.257,g
2459563.54341,2021-12-15.0450247,bk,1.46,16.231,>16.231,99.990,0.484,0.234,g
2459563.54465,2021-12-15.0462625,bk,1.46,16.078,>16.078,99.990,-0.171,0.269,g
2459563.54590,2021-12-15.0475182,bk,1.43,16.204,>16.204,99.990,-0.038,0.240,g
2459563.64605,2021-12-15.1476577,bG,1.46,16.222,>16.222,99.990,-0.000,0.236,g
2459563.64734,2021-12-15.1489488,bG,1.45,16.327,>16.327,99.990,0.102,0.214,g
2459563.64866,2021-12-15.1502699,bG,1.45,16.279,>16.279,99.990,-0.073,0.224,g
2459564.29912,2021-12-15.8007501,bo,2.06,14.962,>14.962,99.990,-1.112,0.752,g
2459564.30035,2021-12-15.8019812,bo,2.01,15.787,>15.787,99.990,0.321,0.352,g
2459564.30158,2021-12-15.8032141,bo,2.00,15.857,>15.857,99.990,0.015,0.330,g
2459564.39517,2021-12-15.8968059,bo,1.42,15.892,>15.892,99.990,-0.259,0.319,g
2459564.39642,2021-12-15.8980489,bo,1.46,15.908,>15.908,99.990,0.194,0.315,g
2459564.39766,2021-12-15.8992895,bo,1.46,15.998,>15.998,99.990,-0.315,0.290,g
2459564.55133,2021-12-16.0529696,bk,1.45,16.089,>16.089,99.990,1.168,0.266,g
2459564.55258,2021-12-16.0542232,bk,1.43,16.087,>16.087,99.990,0.273,0.267,g
2459564.55382,2021-12-16.0554622,bk,1.44,16.115,>16.115,99.990,-0.108,0.260,g
2459565.66124,2021-12-17.1629089,bG,1.46,16.168,>16.168,99.990,-0.343,0.248,g
2459565.66254,2021-12-17.1642194,bG,1.46,15.997,>15.997,99.990,-0.089,0.290,g
2459565.66384,2021-12-17.1655129,bG,1.48,16.202,>16.202,99.990,-0.079,0.240,g
2459566.67440,2021-12-18.1760964,bG,1.53,15.948,>15.948,99.990,0.225,0.303,g
2459566.67570,2021-12-18.1773951,bG,1.53,15.919,>15.919,99.990,0.058,0.312,g
2459566.67698,2021-12-18.1786819,bG,1.53,15.949,>15.949,99.990,0.508,0.303,g
2459567.65577,2021-12-19.1574980,bk,1.65,15.501,>15.501,99.990,-1.324,0.458,g
2459567.65702,2021-12-19.1587408,bk,1.65,15.582,>15.582,99.990,0.562,0.425,g
2459567.65826,2021-12-19.1599836,bk,1.69,15.442,>15.442,99.990,0.557,0.484,g
2459569.53812,2021-12-21.0398952,bk,1.65,16.621,>16.621,99.990,0.002,0.163,g
2459569.53937,2021-12-21.0411428,bk,1.61,16.704,>16.704,99.990,-0.208,0.151,g
2459569.54061,2021-12-21.0423878,bk,1.64,16.827,>16.827,99.990,0.058,0.135,g
2459569.61785,2021-12-21.1196333,bk,1.49,15.471,>15.471,99.990,0.277,0.471,g
2459569.61910,2021-12-21.1208739,bk,1.57,15.332,>15.332,99.990,-0.294,0.535,g
2459569.62035,2021-12-21.1221217,bk,1.47,15.151,>15.151,99.990,0.028,0.632,g
2459570.30842,2021-12-21.8102087,bo,-99,99.990,99.990,99.990,99.990,99.990,g
2459570.30966,2021-12-21.8114516,bo,1.49,14.588,>14.588,99.990,-1.634,1.061,g
2459570.31091,2021-12-21.8126995,bo,1.46,15.063,>15.063,99.990,-0.525,0.685,g
2459570.52807,2021-12-22.0298710,bk,1.59,15.475,>15.475,99.990,-1.370,0.469,g
2459570.52931,2021-12-22.0311115,bk,1.56,15.752,>15.752,99.990,0.381,0.363,g
2459570.53055,2021-12-22.0323543,bk,1.65,15.941,>15.941,99.990,-0.748,0.305,g
2459570.59922,2021-12-22.1010165,bk,1.41,16.355,>16.355,99.990,-0.210,0.209,g
2459570.60046,2021-12-22.1022607,bk,1.39,16.448,>16.448,99.990,0.427,0.191,g
2459570.60171,2021-12-22.1035108,bk,1.38,16.386,>16.386,99.990,0.480,0.203,g
2459573.54709,2021-12-25.0489606,bk,1.39,16.953,>16.953,99.990,0.160,0.120,g
2459573.54833,2021-12-25.0501965,bk,1.43,17.080,>17.080,99.990,0.075,0.107,g
2459573.54957,2021-12-25.0514393,bk,1.41,17.043,>17.043,99.990,-0.191,0.111,g
2459573.60808,2021-12-25.1099546,bk,1.47,16.930,>16.930,99.990,0.055,0.123,g
2459573.60933,2021-12-25.1112033,bk,1.44,16.952,>16.952,99.990,-0.083,0.120,g
2459573.61057,2021-12-25.1124439,bk,1.46,17.031,>17.031,99.990,0.235,0.112,g
2459574.53571,2021-12-26.0376091,bk,2.02,16.107,>16.107,99.990,0.087,0.262,g
2459574.53695,2021-12-26.0388474,bk,2.04,16.083,>16.083,99.990,0.170,0.268,g
2459574.53821,2021-12-26.0400986,bk,1.46,15.603,>15.603,99.990,0.232,0.417,g
2459574.61060,2021-12-26.1124995,bG,1.45,16.997,>16.997,99.990,0.168,0.115,g
2459574.61190,2021-12-26.1137995,bG,1.46,16.952,>16.952,99.990,-0.090,0.120,g
2459574.61320,2021-12-26.1150921,bG,1.43,16.912,>16.912,99.990,-0.160,0.125,g
2459577.61618,2021-12-29.1181415,bk,1.48,16.973,>16.973,99.990,0.233,0.118,g
2459577.61742,2021-12-29.1193810,bk,1.44,17.029,>17.029,99.990,-0.167,0.112,g
2459577.61866,2021-12-29.1206253,bk,1.41,16.905,>16.905,99.990,0.104,0.126,g
2459578.64421,2021-12-30.1461954,bG,1.43,17.060,>17.060,99.990,0.153,0.109,g
2459578.64551,2021-12-30.1474932,bG,1.48,16.958,>16.958,99.990,0.180,0.120,g
2459578.64681,2021-12-30.1487899,bG,1.43,17.084,>17.084,99.990,-0.096,0.107,g
2459579.35208,2021-12-30.8540792,bo,1.45,16.985,>16.985,99.990,-0.000,0.117,g
2459579.35332,2021-12-30.8553233,bo,1.46,16.985,>16.985,99.990,0.295,0.117,g
2459579.35458,2021-12-30.8565883,bo,1.50,16.835,>16.835,99.990,0.151,0.134,g
2459579.64019,2021-12-31.1422009,bG,1.41,17.059,>17.059,99.990,0.268,0.109,g
2459579.64149,2021-12-31.1435008,bG,1.43,16.974,>16.974,99.990,0.262,0.118,g
2459579.64278,2021-12-31.1447874,bG,1.42,17.053,>17.053,99.990,-0.008,0.110,g
2459580.28447,2021-12-31.7864844,bo,1.79,15.882,>15.882,99.990,0.258,0.322,g
2459580.28612,2021-12-31.7881413,bo,1.85,16.071,>16.071,99.990,0.406,0.271,g
2459580.28737,2021-12-31.7893843,bo,2.02,16.209,>16.209,99.990,0.296,0.239,g
2459581.28890,2022-01-01.7909391,bo,1.66,16.323,>16.323,99.990,0.288,0.215,g
2459581.29035,2022-01-01.7923883,bo,1.64,16.481,>16.481,99.990,-0.355,0.186,g
2459581.29234,2022-01-01.7943731,bo,1.57,16.595,>16.595,99.990,0.415,0.167,g
2459581.63241,2022-01-02.1344591,bG,1.53,17.031,>17.031,99.990,0.189,0.112,g
2459581.63370,2022-01-02.1357435,bG,1.45,16.955,>16.955,99.990,-0.203,0.120,g
2459581.63500,2022-01-02.1370438,bG,1.46,16.968,>16.968,99.990,0.173,0.119,g
2459583.55486,2022-01-04.0569357,bG,1.71,17.006,>17.006,99.990,0.127,0.115,g
2459583.55617,2022-01-04.0582476,bG,1.65,17.021,>17.021,99.990,-0.068,0.113,g
2459583.55747,2022-01-04.0595438,bG,1.72,16.937,>16.937,99.990,0.192,0.122,g
2459584.29370,2022-01-04.7957863,bo,2.10,16.540,>16.540,99.990,0.489,0.176,g
2459584.29634,2022-01-04.7984335,bo,2.07,16.659,>16.659,99.990,0.252,0.158,g
2459585.34940,2022-01-05.8514991,bo,1.53,16.988,>16.988,99.990,0.020,0.116,g
2459585.35067,2022-01-05.8527815,bo,1.55,16.905,>16.905,99.990,0.095,0.126,g
2459585.35191,2022-01-05.8540219,bo,1.53,16.948,>16.948,99.990,0.050,0.121,g
2459585.63418,2022-01-06.1362848,bG,1.66,16.939,>16.939,99.990,0.230,0.122,g
2459585.63677,2022-01-06.1388869,bG,1.72,17.011,>17.011,99.990,0.088,0.114,g
2459586.29445,2022-01-06.7965731,bo,1.66,16.456,>16.456,99.990,0.084,0.190,g
2459586.29569,2022-01-06.7978149,bo,1.72,16.668,>16.668,99.990,-0.052,0.156,g
2459586.29696,2022-01-06.7990790,bo,1.60,16.678,>16.678,99.990,-0.094,0.155,g
2459587.30768,2022-01-07.8098187,bo,2.29,16.569,>16.569,99.990,0.278,0.171,g
2459587.30893,2022-01-07.8110747,bo,2.31,16.433,>16.433,99.990,-0.053,0.194,g
2459587.31017,2022-01-07.8123118,bo,2.32,16.610,>16.610,99.990,0.246,0.165,g
2459587.52971,2022-01-08.0318616,bG,1.44,15.708,>15.708,99.990,-0.172,0.378,g
2459587.53102,2022-01-08.0331679,bG,1.49,15.740,>15.740,99.990,0.169,0.367,g
2459587.53232,2022-01-08.0344659,bG,1.45,16.014,>16.014,99.990,0.368,0.285,g
2459588.54522,2022-01-09.0473761,bG,2.18,16.522,>16.522,99.990,0.064,0.179,g
2459588.54653,2022-01-09.0486785,bG,2.14,16.707,>16.707,99.990,-0.138,0.151,g
2459588.54781,2022-01-09.0499734,bG,2.12,16.614,>16.614,99.990,0.276,0.164,g
2459589.54097,2022-01-10.0431366,bk,1.46,16.371,>16.371,99.990,0.174,0.205,g
2459589.54221,2022-01-10.0443752,bk,1.52,16.254,>16.254,99.990,0.416,0.229,g
2459589.54345,2022-01-10.0456192,bk,1.41,16.319,>16.319,99.990,0.091,0.216,g
2459591.29839,2022-01-11.8005831,bo,1.58,16.357,>16.357,99.990,-0.007,0.208,g
2459591.29972,2022-01-11.8019069,bo,1.55,16.256,>16.256,99.990,0.509,0.228,g
2459591.30112,2022-01-11.8033091,bo,1.54,16.409,>16.409,99.990,0.296,0.198,g
2459592.57464,2022-01-13.0768430,bG,1.51,16.253,>16.253,99.990,-0.204,0.229,g
2459592.57594,2022-01-13.0781402,bG,1.50,16.238,>16.238,99.990,-0.005,0.232,g
2459592.57721,2022-01-13.0794153,bG,1.48,16.275,>16.275,99.990,0.280,0.224,g
2459593.29267,2022-01-13.7948914,bo,1.59,16.087,>16.087,99.990,-0.044,0.267,g
2459593.29393,2022-01-13.7961380,bo,1.52,15.866,>15.866,99.990,0.625,0.327,g
2459593.29517,2022-01-13.7973767,bo,1.60,15.942,>15.942,99.990,0.032,0.305,g
2459593.58199,2022-01-14.0842083,bG,1.43,15.985,>15.985,99.990,0.457,0.293,g
2459593.58327,2022-01-14.0854898,bG,1.49,15.789,>15.789,99.990,0.696,0.351,g
2459593.58456,2022-01-14.0867778,bG,1.50,15.878,>15.878,99.990,-0.214,0.323,g
2459595.53051,2022-01-16.0327436,bG,1.43,15.528,>15.528,99.990,-0.965,0.447,g
2459595.53181,2022-01-16.0340402,bG,1.46,15.513,>15.513,99.990,-0.157,0.453,g
2459595.53309,2022-01-16.0353277,bG,1.46,15.822,>15.822,99.990,0.797,0.341,g
2459596.30052,2022-01-16.8027622,bo,1.47,15.653,>15.653,99.990,0.382,0.398,g
2459596.30176,2022-01-16.8040120,bo,1.55,15.691,>15.691,99.990,0.006,0.384,g
2459596.30300,2022-01-16.8052421,bo,1.45,15.703,>15.703,99.990,0.110,0.380,g
2459597.52995,2022-01-18.0322116,bk,1.60,14.837,>14.837,99.990,0.314,0.844,g
2459597.53120,2022-01-18.0334613,bk,1.58,15.326,>15.326,99.990,-0.010,0.538,g
2459597.59895,2022-01-18.1012133,bG,1.57,15.696,>15.696,99.990,0.253,0.383,g
2459597.60025,2022-01-18.1025090,bG,1.54,15.655,>15.655,99.990,-0.375,0.397,g
2459597.60155,2022-01-18.1038045,bG,1.48,15.744,>15.744,99.990,-0.782,0.366,g
2459598.27766,2022-01-18.7799225,bo,1.45,15.395,>15.395,99.990,0.695,0.505,g
2459598.27891,2022-01-18.7811619,bo,1.49,15.485,>15.485,99.990,-0.253,0.464,g
2459598.28013,2022-01-18.7824005,bo,1.53,15.571,>15.571,99.990,0.103,0.429,g
2459600.33379,2022-01-20.8360641,bo,1.51,16.337,>16.337,99.990,-0.316,0.212,g
2459600.33502,2022-01-20.8372928,bo,1.42,16.423,>16.423,99.990,-0.321,0.196,g
2459600.33627,2022-01-20.8385421,bo,1.47,16.352,>16.352,99.990,-0.460,0.209,g
2459600.58431,2022-01-21.0865795,bG,1.61,16.517,>16.517,99.990,0.100,0.180,g
2459600.58558,2022-01-21.0878560,bG,1.63,16.589,>16.589,99.990,0.089,0.168,g
2459600.58687,2022-01-21.0891414,bG,1.60,16.556,>16.556,99.990,0.053,0.173,g
2459601.28827,2022-01-21.7905604,bo,2.33,15.439,>15.439,99.990,0.053,0.485,g
2459601.28952,2022-01-21.7917964,bo,2.36,15.340,>15.340,99.990,-0.719,0.531,g
2459601.29076,2022-01-21.7930326,bo,2.48,14.077,>14.077,99.990,0.361,1.699,g
2459602.29782,2022-01-22.8001127,bo,2.03,16.702,>16.702,99.990,0.049,0.151,g
2459602.29906,2022-01-22.8013512,bo,2.03,16.834,>16.834,99.990,0.411,0.134,g
2459602.30030,2022-01-22.8025931,bo,2.03,16.766,>16.766,99.990,0.302,0.143,g
2459602.54641,2022-01-23.0487004,bG,1.82,16.945,>16.945,99.990,-0.064,0.121,g
2459602.54771,2022-01-23.0499910,bG,1.75,17.018,>17.018,99.990,0.068,0.113,g
2459602.54899,2022-01-23.0512866,bG,1.74,16.975,>16.975,99.990,-0.250,0.118,g
2459603.58744,2022-01-24.0897371,bG,1.49,16.237,>16.237,99.990,-0.094,0.232,g
2459604.29105,2022-01-24.7933502,bo,1.53,16.456,>16.456,99.990,0.339,0.190,g
2459604.29229,2022-01-24.7945932,bo,1.49,15.618,>15.618,99.990,-0.845,0.411,g
2459604.29354,2022-01-24.7958280,bo,1.47,15.095,>15.095,99.990,-2.007,0.666,g
2459604.54535,2022-01-25.0476487,bG,1.46,16.865,>16.865,99.990,0.078,0.130,g
2459604.54664,2022-01-25.0489385,bG,1.47,16.840,>16.840,99.990,0.166,0.133,g
2459604.54795,2022-01-25.0502479,bG,1.43,16.824,>16.824,99.990,0.131,0.135,g
2459605.28642,2022-01-25.7887173,bo,2.13,16.335,>16.335,99.990,0.033,0.212,g
2459605.28767,2022-01-25.7899675,bo,2.12,16.472,>16.472,99.990,-0.270,0.187,g
2459605.28899,2022-01-25.7912854,bo,2.17,16.459,>16.459,99.990,0.218,0.189,g
2459605.53313,2022-01-26.0354293,bk,1.45,16.317,>16.317,99.990,0.035,0.216,g
2459605.53437,2022-01-26.0366678,bk,1.46,16.486,>16.486,99.990,-0.307,0.185,g
2459605.53562,2022-01-26.0379201,bk,1.40,16.778,>16.778,99.990,-0.237,0.141,g
2459606.53326,2022-01-27.0355637,bk,1.47,16.352,>16.352,99.990,0.278,0.209,g
2459606.53451,2022-01-27.0368090,bk,1.53,16.389,>16.389,99.990,0.567,0.202,g
2459606.53574,2022-01-27.0380400,bk,1.56,16.519,>16.519,99.990,0.244,0.179,g
2459607.27930,2022-01-27.7815982,bo,2.25,15.889,>15.889,99.990,0.135,0.320,g
2459607.28081,2022-01-27.7831074,bo,2.24,15.994,>15.994,99.990,0.256,0.291,g
2459607.28219,2022-01-27.7844886,bo,2.04,16.198,>16.198,99.990,0.162,0.241,g
2459608.30136,2022-01-28.8036572,bo,1.48,16.946,>16.946,99.990,0.371,0.121,g
2459608.30262,2022-01-28.8049234,bo,1.57,16.938,>16.938,99.990,0.223,0.122,g
2459608.30388,2022-01-28.8061711,bo,1.48,17.108,>17.108,99.990,0.077,0.104,g
2459608.57337,2022-01-29.0756715,bG,2.05,17.003,>17.003,99.990,-0.216,0.115,g
2459608.57467,2022-01-29.0769670,bG,2.01,16.908,>16.908,99.990,0.271,0.125,g
2459609.28446,2022-01-29.7867637,bo,2.11,16.451,>16.451,99.990,0.135,0.191,g
2459609.28570,2022-01-29.7880047,bo,2.14,16.430,>16.430,99.990,-0.026,0.195,g
2459609.28694,2022-01-29.7892427,bo,2.07,16.521,>16.521,99.990,0.070,0.179,g
2459610.52327,2022-01-31.0255645,bG,2.23,15.669,>15.669,99.990,-0.110,0.392,g
2459610.52456,2022-01-31.0268619,bG,2.21,15.602,>15.602,99.990,-0.232,0.417,g
2459610.52585,2022-01-31.0281458,bG,2.18,16.143,>16.143,99.990,-0.118,0.253,g
2459616.30676,2022-02-05.8090353,bo,1.51,16.751,>16.751,99.990,0.196,0.145,g
2459616.54311,2022-02-06.0453923,bG,2.23,16.582,>16.582,99.990,0.145,0.169,g
2459616.54440,2022-02-06.0466818,bG,2.23,16.732,>16.732,99.990,0.067,0.147,g
2459616.54571,2022-02-06.0479887,bG,2.25,16.752,>16.752,99.990,0.026,0.145,g
2459617.29110,2022-02-06.7933784,bo,1.61,16.635,>16.635,99.990,0.069,0.161,g
2459617.29234,2022-02-06.7946225,bo,1.60,16.701,>16.701,99.990,-0.083,0.152,g
2459617.29360,2022-02-06.7958690,bo,1.55,16.713,>16.713,99.990,-0.180,0.150,g
2459619.29179,2022-02-08.7940554,bo,1.64,15.908,>15.908,99.990,1.325,0.315,g
2459619.29308,2022-02-08.7953363,bo,1.57,15.991,>15.991,99.990,-0.332,0.291,g
2459619.29434,2022-02-08.7966077,bo,1.57,15.828,>15.828,99.990,0.149,0.339,g
2459619.53342,2022-02-09.0356761,bG,1.44,16.656,>16.656,99.990,0.110,0.158,g
2459619.53470,2022-02-09.0369613,bG,1.46,16.565,>16.565,99.990,0.334,0.172,g
2459619.53599,2022-02-09.0382565,bG,1.45,16.582,>16.582,99.990,-0.087,0.169,g
2459620.26602,2022-02-09.7682692,bo,1.70,15.456,>15.456,99.990,-1.235,0.477,g
2459620.26726,2022-02-09.7695134,bo,1.58,15.392,>15.392,99.990,0.824,0.506,g
2459620.26851,2022-02-09.7707653,bo,1.54,15.668,>15.668,99.990,-0.677,0.392,g
2459621.28431,2022-02-10.7865581,bo,2.08,15.980,>15.980,99.990,0.497,0.295,g
2459621.28555,2022-02-10.7877997,bo,1.63,16.373,>16.373,99.990,-0.525,0.205,g
2459621.28681,2022-02-10.7890627,bo,1.57,16.326,>16.326,99.990,-0.028,0.214,g
2459622.29062,2022-02-11.7928569,bo,1.56,16.105,>16.105,99.990,0.409,0.263,g
2459622.53457,2022-02-12.0368057,bG,1.51,16.284,>16.284,99.990,0.096,0.223,g
2459622.53586,2022-02-12.0380878,bG,1.51,16.251,>16.251,99.990,0.281,0.230,g
2459623.53090,2022-02-13.0331290,bG,1.52,15.866,>15.866,99.990,0.494,0.327,g
2459623.53220,2022-02-13.0344187,bG,1.48,15.861,>15.861,99.990,-0.113,0.329,g
2459623.53348,2022-02-13.0357017,bG,1.40,15.967,>15.967,99.990,-0.040,0.298,g
2459624.27760,2022-02-13.7798109,bo,2.09,15.601,>15.601,99.990,-0.402,0.418,g
2459624.27884,2022-02-13.7810598,bo,2.10,15.511,>15.511,99.990,-0.858,0.453,g
2459624.28008,2022-02-13.7823016,bo,2.10,15.621,>15.621,99.990,0.444,0.410,g
2459626.52506,2022-02-16.0272480,bG,1.81,15.734,>15.734,99.990,-0.041,0.369,g
2459627.27233,2022-02-16.7745079,bo,1.76,15.774,>15.774,99.990,0.327,0.356,g
2459627.27357,2022-02-16.7757499,bo,1.70,15.557,>15.557,99.990,0.904,0.435,g
2459627.27481,2022-02-16.7769895,bo,1.75,15.651,>15.651,99.990,0.419,0.399,g
2459628.26377,2022-02-17.7659359,bo,2.48,15.587,>15.587,99.990,-1.136,0.423,g
2459628.26501,2022-02-17.7671791,bo,2.43,15.534,>15.534,99.990,0.297,0.444,g
2459628.26626,2022-02-17.7684209,bo,2.43,15.609,>15.609,99.990,0.115,0.414,g
2459628.51960,2022-02-18.0217689,bG,1.49,16.366,>16.366,99.990,-0.095,0.206,g
2459630.25846,2022-02-19.7606024,bo,1.56,15.267,>15.267,99.990,-0.280,0.568,g
2459630.25994,2022-02-19.7620853,bo,1.53,15.542,>15.542,99.990,-0.208,0.441,g
2459630.26132,2022-02-19.7634597,bo,1.46,15.619,>15.619,99.990,0.383,0.411,g
2459631.26144,2022-02-20.7635637,bo,2.22,15.542,>15.542,99.990,0.792,0.441,g
2459631.26268,2022-02-20.7648055,bo,2.16,15.758,>15.758,99.990,0.126,0.361,g
2459631.26392,2022-02-20.7660449,bo,2.30,15.815,>15.815,99.990,-0.914,0.343,g
2459632.25683,2022-02-21.7589456,bo,2.38,15.362,>15.362,99.990,1.775,0.520,g
2459632.25807,2022-02-21.7601799,bo,2.38,15.518,>15.518,99.990,-1.007,0.451,g
2459632.25931,2022-02-21.7614222,bo,2.31,15.552,>15.552,99.990,0.416,0.437,g
2459633.25977,2022-02-22.7618579,bo,2.48,15.502,>15.502,99.990,1.074,0.457,g
2459634.25525,2022-02-23.7573167,bo,2.43,15.249,>15.249,99.990,-0.126,0.577,g
2459634.25650,2022-02-23.7585738,bo,2.46,15.377,>15.377,99.990,0.196,0.513,g
2459634.25775,2022-02-23.7598263,bo,2.36,15.519,>15.519,99.990,-0.730,0.450,g
2459635.25501,2022-02-24.7570631,bo,2.49,15.116,>15.116,99.990,-0.757,0.652,g
2459702.92670,2022-05-03.4265305,bG,1.51,16.603,>16.603,99.990,0.242,0.166,g
2459702.92798,2022-05-03.4278172,bG,1.47,16.464,>16.464,99.990,0.238,0.188,g
2459702.92927,2022-05-03.4291042,bG,1.47,16.329,>16.329,99.990,-0.250,0.213,g
2459703.92569,2022-05-04.4254812,bk,1.43,16.598,>16.598,99.990,0.147,0.167,g
2459703.92693,2022-05-04.4267239,bk,1.43,16.725,>16.725,99.990,-0.057,0.148,g
2459703.92818,2022-05-04.4279753,bk,1.46,16.287,>16.287,99.990,0.086,0.222,g
2459704.92522,2022-05-05.4249785,bk,1.47,16.926,>16.926,99.990,0.151,0.123,g
2459704.92647,2022-05-05.4262356,bk,1.47,16.735,>16.735,99.990,-0.056,0.147,g
2459704.92773,2022-05-05.4274843,bk,1.45,16.436,>16.436,99.990,0.126,0.193,g
2459705.92125,2022-05-06.4209721,bG,1.50,99.990,99.990,99.990,99.990,99.990,g
2459705.92383,2022-05-06.4235481,bG,1.48,14.590,>14.590,99.990,1.467,1.059,g
2459706.91688,2022-05-07.4165652,bG,1.42,17.195,>17.195,99.990,0.172,0.096,g
2459706.91819,2022-05-07.4178753,bG,1.45,17.203,>17.203,99.990,0.028,0.095,g
2459706.91947,2022-05-07.4191526,bG,1.47,17.183,>17.183,99.990,0.230,0.097,g
2459708.66996,2022-05-09.1695741,bo,1.53,16.685,>16.685,99.990,0.185,0.154,g
2459708.67120,2022-05-09.1708123,bo,1.46,16.620,>16.620,99.990,-0.175,0.163,g
2459708.67245,2022-05-09.1720657,bo,1.52,16.490,>16.490,99.990,-0.236,0.184,g
2459723.62310,2022-05-24.1221442,bo,1.52,16.642,>16.642,99.990,-0.320,0.160,g
2459724.62121,2022-05-25.1202247,bo,1.44,16.723,>16.723,99.990,0.224,0.148,g
2459724.62245,2022-05-25.1214618,bo,1.47,16.965,>16.965,99.990,-0.238,0.119,g
2459724.62370,2022-05-25.1227013,bo,1.46,16.723,>16.723,99.990,0.213,0.149,g
2459724.91856,2022-05-25.4175538,bk,1.45,16.261,>16.261,99.990,-0.104,0.227,g
2459724.91983,2022-05-25.4188321,bk,1.49,16.163,>16.163,99.990,-0.511,0.249,g
2459724.92107,2022-05-25.4200738,bk,1.50,16.103,>16.103,99.990,0.181,0.263,g
2459725.63321,2022-05-26.1321850,bo,1.51,16.703,>16.703,99.990,0.105,0.151,g
2459725.63446,2022-05-26.1334280,bo,1.50,16.826,>16.826,99.990,0.099,0.135,g
2459725.65936,2022-05-26.1583299,bo,1.49,16.781,>16.781,99.990,0.156,0.141,g
2459725.93761,2022-05-26.4365719,bk,1.53,15.969,>15.969,99.990,0.224,0.297,g
2459725.93887,2022-05-26.4378245,bk,1.53,15.933,>15.933,99.990,0.540,0.307,g
2459725.94012,2022-05-26.4390778,bk,1.56,16.087,>16.087,99.990,-0.154,0.267,g
2459726.63306,2022-05-27.1319905,bo,1.55,16.870,>16.870,99.990,0.032,0.130,g
2459727.62923,2022-05-28.1281274,bo,1.48,16.816,>16.816,99.990,0.239,0.136,g
2459727.63059,2022-05-28.1294853,bo,1.47,16.891,>16.891,99.990,0.097,0.127,g
2459727.63234,2022-05-28.1312333,bo,1.49,16.888,>16.888,99.990,0.269,0.128,g
2459727.92730,2022-05-28.4261809,bG,1.41,16.637,>16.637,99.990,0.556,0.161,g
2459727.92858,2022-05-28.4274658,bG,1.39,16.829,>16.829,99.990,0.204,0.135,g
2459727.92986,2022-05-28.4287517,bG,1.45,16.691,>16.691,99.990,-0.171,0.153,g
2459731.62535,2022-06-01.1241059,bo,1.50,16.820,>16.820,99.990,0.086,0.136,g
2459731.62660,2022-06-01.1253591,bo,1.49,16.867,>16.867,99.990,0.129,0.130,g
2459733.61329,2022-06-03.1119901,bo,1.55,16.971,>16.971,99.990,0.418,0.118,g
2459733.61456,2022-06-03.1132552,bo,1.51,16.846,>16.846,99.990,0.237,0.133,g
2459733.61584,2022-06-03.1145390,bo,1.55,16.997,>16.997,99.990,0.109,0.115,g
2459735.60547,2022-06-05.1041038,bo,1.44,16.484,>16.484,99.990,0.676,0.185,g
2459735.60672,2022-06-05.1053488,bo,1.43,16.442,>16.442,99.990,0.016,0.192,g
2459735.60796,2022-06-05.1065891,bo,1.46,16.594,>16.594,99.990,0.343,0.167,g
2459736.60539,2022-06-06.1039954,bo,1.54,16.980,>16.980,99.990,-0.317,0.117,g
2459736.60663,2022-06-06.1052277,bo,1.57,16.936,>16.936,99.990,0.107,0.122,g
2459736.60788,2022-06-06.1064815,bo,1.61,16.748,>16.748,99.990,0.416,0.145,g
2459737.85082,2022-06-07.3493859,bG,1.45,17.151,>17.151,99.990,-0.023,0.100,g
2459737.85212,2022-06-07.3506856,bG,1.46,17.224,>17.224,99.990,0.150,0.094,g
2459737.85342,2022-06-07.3519847,bG,1.45,17.319,>17.319,99.990,-0.014,0.086,g
2459738.85551,2022-06-08.3540349,bG,1.47,15.835,>15.835,99.990,0.462,0.337,g
2459738.85678,2022-06-08.3553093,bG,1.49,16.541,>16.541,99.990,-0.026,0.176,g
2459738.85807,2022-06-08.3566043,bG,1.45,16.638,>16.638,99.990,0.213,0.161,g
2459739.85147,2022-06-09.3499657,bG,1.43,17.305,>17.305,99.990,0.152,0.087,g
2459739.85276,2022-06-09.3512511,bG,1.42,17.267,>17.267,99.990,0.246,0.090,g
2459739.85405,2022-06-09.3525405,bG,1.47,17.304,>17.304,99.990,0.177,0.087,g
2459740.59407,2022-06-10.0925472,bo,1.45,16.971,>16.971,99.990,0.365,0.118,g
2459740.59532,2022-06-10.0937906,bo,1.41,16.851,>16.851,99.990,0.104,0.132,g
2459740.59656,2022-06-10.0950395,bo,1.42,17.080,>17.080,99.990,0.354,0.107,g
2459740.84759,2022-06-10.3460537,bG,1.46,16.709,>16.709,99.990,0.145,0.151,g
2459740.84889,2022-06-10.3473550,bG,1.45,17.072,>17.072,99.990,0.126,0.108,g
2459740.85016,2022-06-10.3486379,bG,1.47,16.698,>16.698,99.990,-0.051,0.152,g
2459741.84379,2022-06-11.3422246,bG,1.44,17.282,>17.282,99.990,-0.051,0.089,g
2459741.84509,2022-06-11.3435244,bG,1.41,17.140,>17.140,99.990,0.142,0.101,g
2459741.84639,2022-06-11.3448221,bG,1.43,17.330,>17.330,99.990,-0.125,0.085,g
2459745.82287,2022-06-15.3212008,bk,1.58,15.229,>15.229,99.990,-0.167,0.588,g
2459745.82414,2022-06-15.3224565,bk,1.56,15.302,>15.302,99.990,-1.854,0.550,g
2459745.82537,2022-06-15.3236868,bk,1.63,15.526,>15.526,99.990,0.322,0.447,g
2459746.82827,2022-06-16.3265681,bk,1.47,15.435,>15.435,99.990,-0.329,0.487,g
2459746.82951,2022-06-16.3278111,bk,1.54,15.338,>15.338,99.990,0.489,0.532,g
2459746.83076,2022-06-16.3290612,bk,1.52,15.502,>15.502,99.990,0.364,0.457,g
2459747.58466,2022-06-17.0829332,bo,1.51,15.881,>15.881,99.990,-0.945,0.322,g
2459747.82613,2022-06-17.3243922,bG,1.46,16.337,>16.337,99.990,-0.566,0.212,g
2459747.82744,2022-06-17.3257003,bG,1.46,16.247,>16.247,99.990,-0.215,0.230,g
2459747.82873,2022-06-17.3269989,bG,1.49,16.248,>16.248,99.990,0.360,0.230,g
2459748.92687,2022-06-18.4251090,bG,1.43,99.990,99.990,99.990,99.990,99.990,g
2459748.92817,2022-06-18.4264087,bG,1.62,99.990,99.990,99.990,99.990,99.990,g
2459748.92946,2022-06-18.4276999,bG,2.35,99.990,99.990,99.990,99.990,99.990,g
2459749.81055,2022-06-19.3087741,bG,1.45,16.556,>16.556,99.990,-0.251,0.173,g
2459749.81185,2022-06-19.3100702,bG,1.42,16.677,>16.677,99.990,0.139,0.155,g
2459749.81315,2022-06-19.3113709,bG,1.46,16.751,>16.751,99.990,0.035,0.145,g
2459750.84308,2022-06-20.3412716,bG,1.41,15.955,>15.955,99.990,0.154,0.301,g
2459750.84437,2022-06-20.3425607,bG,1.51,16.022,>16.022,99.990,0.294,0.283,g
2459750.84565,2022-06-20.3438468,bG,1.46,16.249,>16.249,99.990,-0.061,0.230,g
2459751.79819,2022-06-21.2963534,bG,1.43,16.748,>16.748,99.990,-0.076,0.145,g
2459751.79949,2022-06-21.2976483,bG,1.44,16.723,>16.723,99.990,0.108,0.148,g
2459751.80077,2022-06-21.2989450,bG,1.47,15.980,>15.980,99.990,-0.470,0.294,g
2459755.55465,2022-06-25.0527263,bo,1.44,17.151,>17.151,99.990,0.373,0.100,g
2459755.55589,2022-06-25.0539707,bo,1.43,17.007,>17.007,99.990,-0.157,0.114,g
2459755.55712,2022-06-25.0552020,bo,1.45,16.889,>16.889,99.990,-0.043,0.127,g
2459756.54940,2022-06-26.0474489,bo,1.63,16.932,>16.932,99.990,0.089,0.122,g
2459756.55064,2022-06-26.0486908,bo,1.68,16.769,>16.769,99.990,-0.032,0.142,g
2459756.55188,2022-06-26.0499315,bo,1.69,16.831,>16.831,99.990,0.039,0.135,g
2459756.91796,2022-06-26.4160028,bG,1.53,15.306,>15.306,99.990,0.255,0.548,g
2459756.91926,2022-06-26.4173040,bG,1.51,15.681,>15.681,99.990,0.149,0.388,g
2459756.92056,2022-06-26.4186042,bG,1.55,15.299,>15.299,99.990,-0.474,0.552,g
2459757.53220,2022-06-27.0302299,bo,1.50,16.931,>16.931,99.990,-0.042,0.123,g
2459757.53344,2022-06-27.0314718,bo,1.49,16.971,>16.971,99.990,-0.042,0.118,g
2459757.53469,2022-06-27.0327218,bo,1.47,16.827,>16.827,99.990,0.087,0.135,g
2459757.88620,2022-06-27.3842216,bG,1.47,16.085,>16.085,99.990,0.322,0.267,g
2459757.88749,2022-06-27.3855146,bG,1.49,16.035,>16.035,99.990,0.353,0.280,g
2459757.88879,2022-06-27.3868152,bG,1.43,15.691,>15.691,99.990,-0.599,0.384,g
2459759.54289,2022-06-29.0408762,bo,1.49,16.698,>16.698,99.990,-0.043,0.152,g
2459759.54413,2022-06-29.0421261,bo,1.50,16.972,>16.972,99.990,0.069,0.118,g
2459759.54541,2022-06-29.0433972,bo,1.52,16.818,>16.818,99.990,0.278,0.136,g
2459759.79677,2022-06-29.2947476,bG,1.49,17.237,>17.237,99.990,0.335,0.093,g
2459759.79807,2022-06-29.2960490,bG,1.48,17.350,>17.350,99.990,0.028,0.083,g
2459759.79937,2022-06-29.2973565,bG,1.45,17.172,>17.172,99.990,0.051,0.098,g
2459760.81690,2022-06-30.3148599,bG,1.46,17.267,>17.267,99.990,-0.016,0.090,g
2459760.81819,2022-06-30.3161474,bG,1.47,17.280,>17.280,99.990,0.147,0.089,g
2459760.81948,2022-06-30.3174424,bG,1.50,17.355,>17.355,99.990,0.171,0.083,g
2459761.53936,2022-07-01.0373131,bo,1.67,17.027,>17.027,99.990,0.034,0.112,g
2459761.54186,2022-07-01.0398016,bo,1.61,16.821,>16.821,99.990,0.101,0.136,g
2459761.61372,2022-07-01.1116635,bo,1.83,17.077,>17.077,99.990,-0.097,0.107,g
2459761.79134,2022-07-01.2892815,bG,1.51,17.422,>17.422,99.990,0.001,0.078,g
2459761.79265,2022-07-01.2905930,bG,1.52,17.307,>17.307,99.990,0.078,0.087,g
2459761.79394,2022-07-01.2918892,bG,1.48,17.368,>17.368,99.990,0.017,0.082,g
2459762.85191,2022-07-02.3498289,bG,1.65,17.203,>17.203,99.990,0.120,0.095,g
2459762.85321,2022-07-02.3511297,bG,1.69,17.417,>17.417,99.990,-0.006,0.078,g
2459762.85452,2022-07-02.3524326,bG,1.60,17.308,>17.308,99.990,-0.004,0.087,g
2459763.78163,2022-07-03.2795416,bG,1.51,17.148,>17.148,99.990,-0.112,0.100,g
2459763.78293,2022-07-03.2808353,bG,1.44,17.147,>17.147,99.990,0.322,0.101,g
2459763.78422,2022-07-03.2821285,bG,1.47,17.351,>17.351,99.990,0.013,0.083,g
2459765.77528,2022-07-05.2731462,bG,1.49,17.169,>17.169,99.990,0.164,0.098,g
2459765.77657,2022-07-05.2744334,bG,1.50,16.990,>16.990,99.990,0.240,0.116,g
2459765.77785,2022-07-05.2757207,bG,1.49,16.733,>16.733,99.990,0.094,0.147,g
2459766.53535,2022-07-06.0332070,bo,1.49,16.986,>16.986,99.990,-0.124,0.117,g
2459766.53659,2022-07-06.0344515,bo,1.43,16.850,>16.850,99.990,0.289,0.132,g
2459766.75903,2022-07-06.2568773,bG,1.44,16.901,>16.901,99.990,-0.163,0.126,g
2459766.76032,2022-07-06.2581708,bG,1.47,16.912,>16.912,99.990,0.293,0.125,g
2459766.76162,2022-07-06.2594662,bG,1.43,17.050,>17.050,99.990,0.270,0.110,g
2459767.77336,2022-07-07.2711945,bG,1.51,17.289,>17.289,99.990,0.066,0.088,g
2459767.77464,2022-07-07.2724819,bG,1.50,17.250,>17.250,99.990,0.193,0.091,g
2459767.77593,2022-07-07.2737677,bG,1.47,17.277,>17.277,99.990,0.152,0.089,g
2459768.51617,2022-07-08.0140031,bo,1.51,17.048,>17.048,99.990,0.383,0.110,g
2459768.51744,2022-07-08.0152592,bo,1.52,16.901,>16.901,99.990,0.002,0.126,g
2459768.51877,2022-07-08.0165960,bo,1.53,16.860,>16.860,99.990,-0.055,0.131,g
2459768.57687,2022-07-08.0746978,bo,1.48,16.773,>16.773,99.990,0.292,0.142,g
2459768.57812,2022-07-08.0759427,bo,1.47,16.914,>16.914,99.990,0.123,0.125,g
2459768.57936,2022-07-08.0771841,bo,1.49,16.924,>16.924,99.990,0.090,0.123,g
2459769.51268,2022-07-09.0104899,bo,1.50,16.475,>16.475,99.990,0.177,0.187,g
2459769.51393,2022-07-09.0117414,bo,1.51,16.476,>16.476,99.990,-0.217,0.187,g
2459769.51519,2022-07-09.0129938,bo,1.57,16.499,>16.499,99.990,0.115,0.183,g
2459769.76987,2022-07-09.2676833,bG,1.42,16.920,>16.920,99.990,-0.182,0.124,g
2459769.77117,2022-07-09.2689762,bG,1.49,16.926,>16.926,99.990,0.444,0.123,g
2459769.77246,2022-07-09.2702668,bG,1.48,16.692,>16.692,99.990,0.223,0.153,g
2459772.75107,2022-07-12.2488380,bG,1.59,15.836,>15.836,99.990,-0.456,0.336,g
2459772.75237,2022-07-12.2501349,bG,1.60,15.886,>15.886,99.990,0.752,0.321,g
2459772.75367,2022-07-12.2514363,bG,1.50,15.815,>15.815,99.990,-0.561,0.343,g
2459773.87030,2022-07-13.3680548,bG,1.42,15.992,>15.992,99.990,-0.130,0.291,g
2459773.87159,2022-07-13.3693394,bG,1.49,16.092,>16.092,99.990,0.082,0.266,g
2459773.87289,2022-07-13.3706349,bG,1.50,15.931,>15.931,99.990,0.841,0.308,g
2459774.50440,2022-07-14.0021491,bo,1.96,15.016,>15.016,99.990,-0.571,0.715,g
2459774.50564,2022-07-14.0033923,bo,1.94,14.970,>14.970,99.990,1.878,0.747,g
2459774.50693,2022-07-14.0046693,bo,1.60,15.037,>15.037,99.990,-4.366,0.703,g
2459776.54148,2022-07-16.0392072,bo,1.51,15.784,>15.784,99.990,-0.690,0.353,g
2459776.54278,2022-07-16.0405028,bo,1.47,15.685,>15.685,99.990,0.296,0.387,g
2459776.54404,2022-07-16.0417625,bo,1.51,15.692,>15.692,99.990,1.218,0.384,g
2459781.49633,2022-07-20.9940140,bo,1.51,16.854,>16.854,99.990,0.172,0.132,g
2459781.49758,2022-07-20.9952594,bo,1.48,16.712,>16.712,99.990,0.378,0.150,g
2459781.49883,2022-07-20.9965096,bo,1.48,16.680,>16.680,99.990,0.127,0.155,g
2459782.47550,2022-07-21.9731715,bo,1.45,15.723,>15.723,99.990,0.029,0.373,g
2459782.47677,2022-07-21.9744427,bo,1.44,16.048,>16.048,99.990,0.492,0.277,g
2459782.47803,2022-07-21.9756984,bo,1.42,15.955,>15.955,99.990,-0.111,0.301,g
2459782.59794,2022-07-22.0956105,bo,1.54,16.633,>16.633,99.990,0.047,0.161,g
2459782.59934,2022-07-22.0970142,bo,1.62,16.753,>16.753,99.990,-0.079,0.144,g
2459782.60062,2022-07-22.0982935,bo,1.54,16.788,>16.788,99.990,0.085,0.140,g
2459783.48258,2022-07-22.9802523,bo,1.47,14.113,>14.113,99.990,3.439,1.645,g
2459783.48459,2022-07-22.9822509,bo,1.50,15.377,>15.377,99.990,0.499,0.513,g
2459785.45758,2022-07-24.9552341,bo,1.46,16.959,>16.959,99.990,0.090,0.120,g
2459785.45882,2022-07-24.9564787,bo,1.44,16.919,>16.919,99.990,-0.043,0.124,g
2459785.46008,2022-07-24.9577287,bo,1.43,16.848,>16.848,99.990,0.257,0.132,g
2459785.61391,2022-07-25.1115738,bo,1.50,16.813,>16.813,99.990,0.355,0.137,g
2459785.61523,2022-07-25.1128927,bo,1.51,16.842,>16.842,99.990,0.278,0.133,g
2459785.61660,2022-07-25.1142560,bo,1.51,17.162,>17.162,99.990,0.066,0.099,g
2459785.72610,2022-07-25.2237564,bG,1.80,17.126,>17.126,99.990,-0.049,0.102,g
2459785.72741,2022-07-25.2250561,bG,1.77,16.918,>16.918,99.990,-0.042,0.124,g
2459785.79569,2022-07-25.2933361,bG,1.52,15.344,>15.344,99.990,-0.575,0.529,g
2459785.79699,2022-07-25.2946384,bG,1.49,15.483,>15.483,99.990,-0.795,0.465,g
2459785.79829,2022-07-25.2959378,bG,1.57,16.013,>16.013,99.990,0.144,0.286,g
2459786.46635,2022-07-25.9640025,bo,1.79,16.615,>16.615,99.990,0.113,0.164,g
2459786.46759,2022-07-25.9652503,bo,1.73,16.762,>16.762,99.990,0.134,0.143,g
2459786.46887,2022-07-25.9665228,bo,1.62,16.784,>16.784,99.990,0.132,0.140,g
2459786.60982,2022-07-26.1074753,bo,1.49,16.835,>16.835,99.990,0.053,0.134,g
2459786.61111,2022-07-26.1087638,bo,1.49,16.794,>16.794,99.990,0.303,0.139,g
2459786.61241,2022-07-26.1100538,bo,1.53,16.837,>16.837,99.990,0.420,0.134,g
2459786.77819,2022-07-26.2758347,bG,1.65,17.382,>17.382,99.990,0.154,0.081,g
2459786.77947,2022-07-26.2771196,bG,1.56,17.208,>17.208,99.990,0.217,0.095,g
2459786.78076,2022-07-26.2784119,bG,1.60,17.261,>17.261,99.990,-0.036,0.091,g
2459787.91785,2022-07-27.4154938,bG,1.51,17.375,>17.375,99.990,0.302,0.081,g
2459787.91915,2022-07-27.4167960,bG,1.44,17.425,>17.425,99.990,0.238,0.078,g
2459787.92044,2022-07-27.4180798,bG,1.47,17.382,>17.382,99.990,0.119,0.081,g
2459788.73069,2022-07-28.2283353,bG,1.48,17.102,>17.102,99.990,0.217,0.105,g
2459788.73199,2022-07-28.2296342,bG,1.47,17.352,>17.352,99.990,0.182,0.083,g
2459788.73329,2022-07-28.2309327,bG,1.44,17.268,>17.268,99.990,0.227,0.090,g
2459788.93810,2022-07-28.4357511,bG,1.62,17.077,>17.077,99.990,0.100,0.107,g
2459788.93939,2022-07-28.4370280,bG,1.55,17.038,>17.038,99.990,0.040,0.111,g
2459788.94067,2022-07-28.4383223,bG,1.62,16.848,>16.848,99.990,0.096,0.132,g
2459789.44888,2022-07-28.9465261,bo,1.51,16.749,>16.749,99.990,0.127,0.145,g
2459789.69911,2022-07-29.1967502,bG,1.57,17.093,>17.093,99.990,0.229,0.106,g
2459789.70039,2022-07-29.1980387,bG,1.53,16.962,>16.962,99.990,0.108,0.119,g
2459789.70169,2022-07-29.1993340,bG,1.52,16.773,>16.773,99.990,0.432,0.142,g
2459790.70129,2022-07-30.1989240,bG,1.75,99.990,99.990,99.990,99.990,99.990,g
2459790.70259,2022-07-30.2002237,bG,1.63,16.105,>16.105,99.990,0.077,0.262,g
2459791.68597,2022-07-31.1836170,bG,1.49,17.315,>17.315,99.990,0.286,0.086,g
2459791.68727,2022-07-31.1849136,bG,1.45,17.295,>17.295,99.990,0.131,0.088,g
2459792.44471,2022-07-31.9423562,bo,1.46,16.871,>16.871,99.990,-0.094,0.130,g
2459792.44596,2022-07-31.9435960,bo,1.44,17.013,>17.013,99.990,0.049,0.114,g
2459792.44721,2022-07-31.9448461,bo,1.49,16.949,>16.949,99.990,-0.134,0.121,g
2459792.59305,2022-08-01.0906953,bo,1.55,17.051,>17.051,99.990,0.363,0.110,g
2459792.59429,2022-08-01.0919339,bo,1.52,16.918,>16.918,99.990,0.046,0.124,g
2459792.59554,2022-08-01.0931886,bo,1.55,16.865,>16.865,99.990,-0.102,0.130,g
2459792.78182,2022-08-01.2794578,bG,1.47,17.243,>17.243,99.990,0.305,0.092,g
2459792.78311,2022-08-01.2807421,bG,1.43,17.407,>17.407,99.990,0.109,0.079,g
2459792.78441,2022-08-01.2820430,bG,1.44,17.238,>17.238,99.990,0.248,0.092,g
2459792.92734,2022-08-01.4249793,bk,1.56,17.425,>17.425,99.990,0.237,0.078,g
2459792.92859,2022-08-01.4262281,bk,1.70,17.343,>17.343,99.990,0.150,0.084,g
2459792.92983,2022-08-01.4274707,bk,1.72,17.225,>17.225,99.990,0.278,0.094,g
2459793.83097,2022-08-02.3286097,bk,1.53,17.308,>17.308,99.990,0.116,0.087,g
2459793.83222,2022-08-02.3298627,bk,1.42,17.335,>17.335,99.990,0.233,0.085,g
2459793.83346,2022-08-02.3310987,bk,1.42,17.371,>17.371,99.990,-0.017,0.082,g
2459794.69914,2022-08-03.1967856,bG,1.44,17.266,>17.266,99.990,-0.050,0.090,g
2459794.70044,2022-08-03.1980834,bG,1.46,17.240,>17.240,99.990,0.100,0.092,g
2459794.70173,2022-08-03.1993734,bG,1.51,17.227,>17.227,99.990,0.030,0.093,g
2459795.67719,2022-08-04.1748318,bG,1.46,17.265,>17.265,99.990,0.256,0.090,g
2459795.67850,2022-08-04.1761450,bG,1.42,17.163,>17.163,99.990,0.098,0.099,g
2459795.67980,2022-08-04.1774409,bG,1.46,17.307,>17.307,99.990,0.068,0.087,g
2459795.83738,2022-08-04.3350280,bk,1.39,17.553,>17.553,99.990,0.033,0.069,g
2459795.83863,2022-08-04.3362778,bk,1.41,17.438,>17.438,99.990,0.111,0.077,g
2459795.83987,2022-08-04.3375135,bk,1.41,17.293,>17.293,99.990,0.280,0.088,g
2459796.43729,2022-08-04.9349435,bo,1.68,16.888,>16.888,99.990,0.314,0.128,g
2459796.43857,2022-08-04.9362112,bo,1.67,16.845,>16.845,99.990,0.301,0.133,g
2459796.43981,2022-08-04.9374506,bo,1.68,16.770,>16.770,99.990,0.354,0.142,g
2459796.69594,2022-08-05.1935850,bG,1.45,17.165,>17.165,99.990,0.070,0.099,g
2459796.69725,2022-08-05.1948925,bG,1.45,17.222,>17.222,99.990,0.106,0.094,g
2459796.69855,2022-08-05.1961900,bG,1.48,17.299,>17.299,99.990,0.091,0.087,g
2459796.93626,2022-08-05.4339085,bk,1.47,16.749,>16.749,99.990,0.410,0.145,g
2459796.93750,2022-08-05.4351467,bk,1.50,16.646,>16.646,99.990,0.006,0.159,g
2459796.93874,2022-08-05.4363873,bk,1.46,16.420,>16.420,99.990,-0.263,0.196,g
2459797.43823,2022-08-05.9358893,bo,1.50,16.695,>16.695,99.990,-0.335,0.152,g
2459797.43947,2022-08-05.9371263,bo,1.41,16.505,>16.505,99.990,0.385,0.182,g
2459797.44071,2022-08-05.9383666,bo,1.40,16.549,>16.549,99.990,-0.031,0.174,g
2459797.58000,2022-08-06.0776520,bo,1.48,16.860,>16.860,99.990,-0.051,0.131,g
2459797.58123,2022-08-06.0788836,bo,1.45,16.876,>16.876,99.990,0.392,0.129,g
2459797.58247,2022-08-06.0801182,bo,1.46,16.847,>16.847,99.990,0.289,0.132,g
2459797.73290,2022-08-06.2305483,bk,1.51,16.012,>16.012,99.990,-0.278,0.286,g
2459797.73413,2022-08-06.2317793,bk,1.45,15.343,>15.343,99.990,0.010,0.530,g
2459797.73538,2022-08-06.2330327,bk,1.56,15.369,>15.369,99.990,-0.117,0.517,g
2459799.85224,2022-08-08.3499091,bk,1.45,17.135,>17.135,99.990,-0.025,0.102,g
2459799.85350,2022-08-08.3511542,bk,1.50,17.241,>17.241,99.990,0.199,0.092,g
2459799.85474,2022-08-08.3523920,bk,1.48,17.264,>17.264,99.990,0.300,0.090,g
2459799.92970,2022-08-08.4273554,bk,1.42,17.257,>17.257,99.990,0.253,0.091,g
2459799.93094,2022-08-08.4285950,bk,1.50,17.258,>17.258,99.990,-0.215,0.091,g
2459799.93218,2022-08-08.4298357,bk,1.48,17.051,>17.051,99.990,-0.265,0.110,g
2459800.43331,2022-08-08.9309743,bo,1.54,14.934,>14.934,99.990,-1.320,0.772,g
2459800.43455,2022-08-08.9322184,bo,1.54,14.650,>14.650,99.990,-0.534,1.003,g
2459800.43580,2022-08-08.9334707,bo,1.46,15.106,>15.106,99.990,-1.368,0.659,g
2459800.56995,2022-08-09.0676156,bo,1.59,15.953,>15.953,99.990,0.186,0.302,g
2459800.57118,2022-08-09.0688469,bo,1.72,15.809,>15.809,99.990,-0.728,0.345,g
2459800.57243,2022-08-09.0700922,bo,1.76,15.902,>15.902,99.990,0.883,0.316,g
2459800.77293,2022-08-09.2705881,bk,1.48,16.337,>16.337,99.990,0.290,0.212,g
2459800.77417,2022-08-09.2718332,bk,1.40,16.245,>16.245,99.990,0.282,0.231,g
2459800.89930,2022-08-09.3969640,bG,1.47,17.222,>17.222,99.990,-0.104,0.094,g
2459800.90059,2022-08-09.3982513,bG,1.53,17.214,>17.214,99.990,0.151,0.095,g
2459801.42995,2022-08-09.9276232,bo,1.45,15.356,>15.356,99.990,1.346,0.523,g
2459801.43120,2022-08-09.9288689,bo,1.67,15.066,>15.066,99.990,0.204,0.684,g
2459801.43244,2022-08-09.9301118,bo,1.42,15.419,>15.419,99.990,-1.679,0.494,g
2459801.52111,2022-08-10.0187776,bo,1.52,15.672,>15.672,99.990,0.323,0.391,g
2459801.69258,2022-08-10.1902443,bG,1.56,15.588,>15.588,99.990,-0.098,0.422,g
2459801.69387,2022-08-10.1915438,bG,1.50,15.758,>15.758,99.990,0.611,0.361,g
2459801.69517,2022-08-10.1928478,bG,1.47,15.779,>15.779,99.990,0.240,0.354,g
2459801.85280,2022-08-10.3504712,bk,1.54,14.781,>14.781,99.990,-0.450,0.888,g
2459801.85404,2022-08-10.3517129,bk,1.60,14.556,>14.556,99.990,0.508,1.093,g
2459803.79793,2022-08-12.2956072,bG,1.53,15.775,>15.775,99.990,-0.201,0.356,g
2459803.79922,2022-08-12.2969018,bG,1.60,15.755,>15.755,99.990,0.244,0.362,g
2459803.80051,2022-08-12.2981924,bG,1.57,15.713,>15.713,99.990,-0.379,0.376,g
2459803.90274,2022-08-12.4004185,bG,1.60,15.957,>15.957,99.990,0.326,0.301,g
2459803.90403,2022-08-12.4017091,bG,1.58,15.905,>15.905,99.990,-0.453,0.316,g
2459803.90532,2022-08-12.4030047,bG,1.53,15.877,>15.877,99.990,0.064,0.324,g
2459804.69470,2022-08-13.1923925,bG,1.51,15.942,>15.942,99.990,0.149,0.305,g
2459804.69599,2022-08-13.1936927,bG,1.59,15.999,>15.999,99.990,0.530,0.289,g
2459804.69729,2022-08-13.1949880,bG,1.50,15.973,>15.973,99.990,0.630,0.296,g
2459804.87260,2022-08-13.3702914,bk,1.54,15.994,>15.994,99.990,-0.722,0.291,g
2459804.87382,2022-08-13.3715145,bk,1.45,16.049,>16.049,99.990,0.280,0.276,g
2459804.87506,2022-08-13.3727561,bk,1.52,15.895,>15.895,99.990,1.026,0.318,g
2459805.65993,2022-08-14.1576258,bG,1.51,16.168,>16.168,99.990,0.255,0.248,g
2459805.66122,2022-08-14.1589200,bG,1.42,16.078,>16.078,99.990,0.555,0.269,g
2459805.66251,2022-08-14.1602085,bG,1.49,16.152,>16.152,99.990,-0.568,0.251,g
2459805.86956,2022-08-14.3672616,bG,1.49,16.355,>16.355,99.990,-0.304,0.208,g
2459805.87087,2022-08-14.3685702,bG,1.47,16.316,>16.316,99.990,-0.173,0.216,g
2459805.87218,2022-08-14.3698799,bG,1.45,16.293,>16.293,99.990,0.040,0.221,g
2459806.71800,2022-08-15.2157144,bG,1.44,16.353,>16.353,99.990,0.028,0.209,g
2459806.71929,2022-08-15.2170005,bG,1.50,16.279,>16.279,99.990,0.395,0.224,g
2459806.72058,2022-08-15.2182885,bG,1.55,16.390,>16.390,99.990,-0.405,0.202,g
2459807.40387,2022-08-15.9015925,bo,1.59,15.761,>15.761,99.990,0.233,0.360,g
2459807.40513,2022-08-15.9028511,bo,1.65,15.845,>15.845,99.990,0.361,0.334,g
2459807.40640,2022-08-15.9041156,bo,1.64,15.620,>15.620,99.990,-0.208,0.410,g
2459807.65560,2022-08-16.1533159,bG,1.56,16.604,>16.604,99.990,0.122,0.166,g
2459807.65690,2022-08-16.1546168,bG,1.72,16.605,>16.605,99.990,0.294,0.166,g
2459807.65820,2022-08-16.1559129,bG,1.73,16.623,>16.623,99.990,-0.172,0.163,g
2459808.65641,2022-08-17.1541390,bG,1.44,17.260,>17.260,99.990,0.124,0.091,g
2459808.65768,2022-08-17.1554157,bG,1.39,16.935,>16.935,99.990,0.323,0.122,g
2459808.65898,2022-08-17.1567125,bG,1.43,17.018,>17.018,99.990,0.191,0.113,g
2459812.44782,2022-08-20.9455928,bo,1.50,16.940,>16.940,99.990,-0.084,0.122,g
2459812.44906,2022-08-20.9468370,bo,1.46,16.936,>16.936,99.990,0.150,0.122,g
2459812.45030,2022-08-20.9480731,bo,1.41,17.009,>17.009,99.990,-0.018,0.114,g
2459813.38190,2022-08-21.8796864,bo,1.49,16.994,>16.994,99.990,0.315,0.116,g
2459813.38315,2022-08-21.8809378,bo,1.44,16.793,>16.793,99.990,-0.076,0.139,g
2459813.38439,2022-08-21.8821856,bo,1.51,17.013,>17.013,99.990,-0.090,0.114,g
2459813.52005,2022-08-22.0178375,bo,1.50,16.880,>16.880,99.990,0.142,0.129,g
2459813.52129,2022-08-22.0190781,bo,1.57,16.878,>16.878,99.990,-0.068,0.129,g
2459814.39926,2022-08-22.8970718,bo,1.54,16.769,>16.769,99.990,-0.328,0.142,g
2459814.63870,2022-08-23.1364999,bk,1.52,17.182,>17.182,99.990,0.147,0.097,g
2459814.63994,2022-08-23.1377405,bk,1.52,17.307,>17.307,99.990,0.131,0.087,g
2459814.64118,2022-08-23.1389832,bk,1.48,17.192,>17.192,99.990,0.163,0.096,g
2459814.90615,2022-08-23.4039607,bG,1.58,17.197,>17.197,99.990,0.272,0.096,g
2459814.90875,2022-08-23.4065540,bG,1.60,17.242,>17.242,99.990,0.136,0.092,g
2459815.42315,2022-08-23.9209655,bo,1.54,16.886,>16.886,99.990,0.201,0.128,g
2459815.42464,2022-08-23.9224594,bo,1.53,16.959,>16.959,99.990,-0.130,0.119,g
2459815.42588,2022-08-23.9237034,bo,1.50,16.649,>16.649,99.990,0.069,0.159,g
2459815.60040,2022-08-24.0982238,bo,1.46,16.655,>16.655,99.990,-0.124,0.158,g
2459815.60164,2022-08-24.0994644,bo,1.46,16.651,>16.651,99.990,0.046,0.159,g
2459815.60288,2022-08-24.1007067,bo,1.48,16.582,>16.582,99.990,0.247,0.169,g
2459815.77358,2022-08-24.2714042,bk,1.41,17.278,>17.278,99.990,0.074,0.089,g
2459815.77482,2022-08-24.2726447,bk,1.50,17.376,>17.376,99.990,0.110,0.081,g
2459815.77606,2022-08-24.2738855,bk,1.48,17.370,>17.370,99.990,-0.049,0.082,g
2459816.85800,2022-08-25.3558341,bk,1.46,17.186,>17.186,99.990,0.175,0.097,g
2459816.85924,2022-08-25.3570812,bk,1.43,17.110,>17.110,99.990,0.109,0.104,g
2459816.86048,2022-08-25.3583179,bk,1.42,17.280,>17.280,99.990,0.037,0.089,g
2459817.80958,2022-08-26.3074464,bk,1.50,16.724,>16.724,99.990,0.270,0.148,g
2459817.81083,2022-08-26.3086869,bk,1.47,16.625,>16.625,99.990,0.091,0.163,g
2459817.81208,2022-08-26.3099297,bk,1.47,15.653,>15.653,99.990,0.275,0.398,g
2459818.38021,2022-08-26.8780802,bo,1.46,16.942,>16.942,99.990,0.188,0.121,g
2459818.38180,2022-08-26.8796690,bo,1.51,16.888,>16.888,99.990,0.145,0.128,g
2459818.38309,2022-08-26.8809554,bo,1.46,16.943,>16.943,99.990,0.219,0.121,g
2459818.51642,2022-08-27.0142877,bo,1.47,16.875,>16.875,99.990,0.188,0.129,g
2459818.51775,2022-08-27.0156255,bo,1.46,16.944,>16.944,99.990,0.160,0.121,g
2459818.51932,2022-08-27.0171918,bo,1.49,16.896,>16.896,99.990,0.114,0.127,g
2459818.86013,2022-08-27.3580100,bG,1.50,17.296,>17.296,99.990,-0.000,0.088,g
2459818.86142,2022-08-27.3592988,bG,1.48,17.341,>17.341,99.990,0.060,0.084,g
2459818.86273,2022-08-27.3606020,bG,1.47,17.332,>17.332,99.990,0.070,0.085,g
2459819.39401,2022-08-27.8918965,bo,1.50,16.747,>16.747,99.990,0.137,0.145,g
2459819.39527,2022-08-27.8931528,bo,1.57,17.058,>17.058,99.990,0.245,0.109,g
2459819.39651,2022-08-27.8943934,bo,1.53,16.964,>16.964,99.990,0.040,0.119,g
2459819.74140,2022-08-28.2392856,bk,1.49,17.195,>17.195,99.990,0.328,0.096,g
2459819.74266,2022-08-28.2405506,bk,1.48,17.279,>17.279,99.990,-0.014,0.089,g
2459819.74391,2022-08-28.2418008,bk,1.48,17.241,>17.241,99.990,0.258,0.092,g
2459819.89389,2022-08-28.3917781,bG,1.78,17.290,>17.290,99.990,0.147,0.088,g
2459819.89519,2022-08-28.3930795,bG,1.75,17.275,>17.275,99.990,0.249,0.089,g
2459819.89647,2022-08-28.3943627,bG,1.79,17.173,>17.173,99.990,0.304,0.098,g
2459820.36198,2022-08-28.8598723,bo,1.44,17.036,>17.036,99.990,-0.106,0.111,g
2459820.36322,2022-08-28.8611140,bo,1.44,16.842,>16.842,99.990,-0.214,0.133,g
2459820.36446,2022-08-28.8623606,bo,1.42,16.864,>16.864,99.990,0.131,0.130,g
2459820.64299,2022-08-29.1408976,bG,1.46,17.424,>17.424,99.990,0.036,0.078,g
2459820.64429,2022-08-29.1421950,bG,1.45,17.338,>17.338,99.990,-0.004,0.084,g
2459820.64556,2022-08-29.1434712,bG,1.45,17.217,>17.217,99.990,0.137,0.094,g
2459820.82504,2022-08-29.3229533,bG,1.49,17.328,>17.328,99.990,0.176,0.085,g
2459820.82636,2022-08-29.3242685,bG,1.51,17.210,>17.210,99.990,0.023,0.095,g
2459820.82763,2022-08-29.3255478,bG,1.53,17.260,>17.260,99.990,0.157,0.091,g
2459820.91811,2022-08-29.4160130,bk,1.47,17.048,>17.048,99.990,-0.236,0.110,g
2459820.91936,2022-08-29.4172711,bk,1.44,16.929,>16.929,99.990,0.196,0.123,g
2459820.92060,2022-08-29.4185097,bk,1.39,16.922,>16.922,99.990,-0.106,0.124,g
2459821.84042,2022-08-30.3383450,bk,1.43,17.174,>17.174,99.990,0.305,0.098,g
2459821.84168,2022-08-30.3396090,bk,1.52,17.265,>17.265,99.990,0.020,0.090,g
2459821.84292,2022-08-30.3408579,bk,1.47,17.240,>17.240,99.990,0.279,0.092,g
2459822.39420,2022-08-30.8921474,bo,2.02,16.783,>16.783,99.990,0.251,0.141,g
2459822.39565,2022-08-30.8935898,bo,2.08,16.875,>16.875,99.990,0.121,0.129,g
2459822.39711,2022-08-30.8950495,bo,2.01,16.797,>16.797,99.990,-0.279,0.139,g
2459822.62381,2022-08-31.1217621,bk,1.46,17.129,>17.129,99.990,0.148,0.102,g
2459822.62505,2022-08-31.1230026,bk,1.44,17.200,>17.200,99.990,0.000,0.096,g
2459822.62630,2022-08-31.1242460,bk,1.49,17.222,>17.222,99.990,0.216,0.094,g
2459822.92344,2022-08-31.4213917,bG,1.42,16.520,>16.520,99.990,-0.340,0.179,g
2459822.92474,2022-08-31.4226881,bG,1.43,16.341,>16.341,99.990,-0.247,0.211,g
2459823.36679,2022-08-31.8647450,bo,1.52,99.990,99.990,99.990,99.990,99.990,g
2459823.65043,2022-09-01.1483876,bG,1.57,17.466,>17.466,99.990,0.194,0.075,g
2459823.65174,2022-09-01.1496940,bG,1.78,17.377,>17.377,99.990,0.038,0.081,g
2459823.65305,2022-09-01.1510103,bG,1.71,17.165,>17.165,99.990,-0.004,0.099,g
2459823.92035,2022-09-01.4183150,bG,1.71,16.698,>16.698,99.990,0.257,0.152,g
2459823.92164,2022-09-01.4196052,bG,1.75,16.518,>16.518,99.990,-0.236,0.179,g
2459823.92293,2022-09-01.4209010,bG,1.66,16.541,>16.541,99.990,0.018,0.176,g
2459824.65113,2022-09-02.1491097,bG,1.51,17.203,>17.203,99.990,0.125,0.095,g
2459824.65241,2022-09-02.1503959,bG,1.50,17.303,>17.303,99.990,-0.133,0.087,g
2459824.65370,2022-09-02.1516810,bG,1.50,17.165,>17.165,99.990,0.121,0.099,g
2459824.91556,2022-09-02.4135484,bk,1.45,16.884,>16.884,99.990,-0.027,0.128,g
2459824.91681,2022-09-02.4148004,bk,1.46,16.769,>16.769,99.990,0.224,0.142,g
2459824.91806,2022-09-02.4160468,bk,1.48,16.775,>16.775,99.990,-0.100,0.142,g
2459825.50758,2022-09-03.0055915,bo,1.69,16.851,>16.851,99.990,0.483,0.132,g
2459825.50882,2022-09-03.0068311,bo,1.62,16.963,>16.963,99.990,0.195,0.119,g
2459825.51008,2022-09-03.0080763,bo,1.70,16.973,>16.973,99.990,0.198,0.118,g
2459825.78897,2022-09-03.2869846,bG,1.52,17.517,>17.517,99.990,0.001,0.071,g
2459825.79028,2022-09-03.2882920,bG,1.50,17.358,>17.358,99.990,0.107,0.083,g
2459825.79158,2022-09-03.2895910,bG,1.51,17.388,>17.388,99.990,0.070,0.080,g
2459825.92363,2022-09-03.4216398,bk,1.54,15.822,>15.822,99.990,0.293,0.341,g
2459826.34386,2022-09-03.8418722,bo,1.51,16.511,>16.511,99.990,-0.836,0.181,g
2459826.34508,2022-09-03.8431091,bo,1.47,16.369,>16.369,99.990,0.433,0.206,g
2459826.34635,2022-09-03.8443662,bo,1.48,16.416,>16.416,99.990,-0.116,0.197,g
2459826.47034,2022-09-03.9683607,bo,1.52,16.648,>16.648,99.990,0.465,0.159,g
2459826.47296,2022-09-03.9709807,bo,1.52,16.879,>16.879,99.990,0.054,0.129,g
2459826.66037,2022-09-04.1584040,bG,1.49,17.060,>17.060,99.990,0.007,0.109,g
2459826.66167,2022-09-04.1597,bG,1.48,16.968,>16.968,99.990,0.050,0.119,g
2459826.66296,2022-09-04.1609912,bG,1.45,16.794,>16.794,99.990,0.037,0.139,g
2459826.87662,2022-09-04.3746578,bG,1.57,17.304,>17.304,99.990,0.158,0.087,g
2459826.87792,2022-09-04.3759538,bG,1.54,17.385,>17.385,99.990,0.073,0.081,g
2459826.87923,2022-09-04.3772575,bG,1.52,17.413,>17.413,99.990,0.092,0.079,g
2459827.59832,2022-09-05.0963633,bG,1.47,16.791,>16.791,99.990,0.151,0.139,g
2459827.59962,2022-09-05.0976628,bG,1.47,16.491,>16.491,99.990,0.348,0.184,g
2459827.60092,2022-09-05.0989657,bG,1.46,16.661,>16.661,99.990,-0.002,0.157,g
2459827.83527,2022-09-05.3333304,bG,1.46,17.306,>17.306,99.990,0.099,0.087,g
2459827.83657,2022-09-05.3346306,bG,1.44,17.329,>17.329,99.990,0.229,0.085,g
2459827.83786,2022-09-05.3359166,bG,1.45,17.330,>17.330,99.990,0.192,0.085,g
2459828.59643,2022-09-06.0944961,bG,1.39,16.499,>16.499,99.990,0.244,0.183,g
2459828.59774,2022-09-06.0958094,bG,1.42,16.669,>16.669,99.990,-0.132,0.156,g
2459828.59904,2022-09-06.0971057,bG,1.41,16.647,>16.647,99.990,-0.013,0.159,g
2459828.77604,2022-09-06.2741111,bG,1.40,16.749,>16.749,99.990,0.366,0.145,g
2459828.77732,2022-09-06.2753980,bG,1.46,16.716,>16.716,99.990,-0.143,0.150,g
2459828.77863,2022-09-06.2767069,bG,1.55,16.760,>16.760,99.990,0.509,0.144,g
2459829.60593,2022-09-07.1040335,bG,1.47,16.189,>16.189,99.990,0.248,0.243,g
2459829.60726,2022-09-07.1053475,bG,1.50,16.252,>16.252,99.990,0.503,0.229,g
2459829.60855,2022-09-07.1066538,bG,1.46,16.294,>16.294,99.990,-0.016,0.221,g
2459829.77536,2022-09-07.2734589,bk,1.49,16.253,>16.253,99.990,-0.464,0.229,g
2459829.77659,2022-09-07.2746959,bk,1.45,16.249,>16.249,99.990,0.025,0.230,g
2459829.77783,2022-09-07.2759401,bk,1.53,16.202,>16.202,99.990,-0.449,0.240,g
2459829.90961,2022-09-07.4077172,bk,1.48,17.014,>17.014,99.990,0.020,0.114,g
2459829.91086,2022-09-07.4089668,bk,1.44,17.059,>17.059,99.990,-0.323,0.109,g
2459829.91210,2022-09-07.4102083,bk,1.49,16.789,>16.789,99.990,0.042,0.140,g
2459830.37656,2022-09-07.8746740,bo,1.53,15.734,>15.734,99.990,-0.994,0.369,g
2459830.37780,2022-09-07.8759153,bo,1.48,15.668,>15.668,99.990,-0.742,0.393,g
2459830.37905,2022-09-07.8771689,bo,1.51,15.773,>15.773,99.990,-0.823,0.356,g
2459830.53214,2022-09-08.0302613,bo,1.48,15.912,>15.912,99.990,-0.100,0.313,g
2459830.53337,2022-09-08.0314868,bo,1.51,15.692,>15.692,99.990,0.571,0.384,g
2459830.53460,2022-09-08.0327192,bo,1.52,15.773,>15.773,99.990,-0.307,0.356,g
2459830.72712,2022-09-08.2252454,bG,1.48,16.180,>16.180,99.990,0.079,0.245,g
2459830.72841,2022-09-08.2265362,bG,1.55,16.098,>16.098,99.990,-0.306,0.264,g
2459830.72971,2022-09-08.2278359,bG,1.48,16.160,>16.160,99.990,0.001,0.249,g
2459831.33254,2022-09-08.8306784,bo,1.62,15.507,>15.507,99.990,-1.168,0.455,g
2459831.33379,2022-09-08.8319347,bo,1.55,15.500,>15.500,99.990,0.342,0.458,g
2459831.33503,2022-09-08.8331752,bo,1.53,15.353,>15.353,99.990,0.846,0.525,g
2459831.78703,2022-09-09.2851788,bG,1.51,16.195,>16.195,99.990,-0.258,0.242,g
2459831.78833,2022-09-09.2864763,bG,1.54,15.983,>15.983,99.990,-0.009,0.294,g
2459831.78963,2022-09-09.2877714,bG,1.59,16.141,>16.141,99.990,0.607,0.254,g
2459832.35390,2022-09-09.8520545,bo,1.45,15.357,>15.357,99.990,0.246,0.523,g
2459832.35513,2022-09-09.8532930,bo,1.53,15.421,>15.421,99.990,0.345,0.493,g
2459832.35638,2022-09-09.8545464,bo,1.46,15.393,>15.393,99.990,0.678,0.506,g
2459832.66486,2022-09-10.1630295,bG,1.50,15.765,>15.765,99.990,0.364,0.359,g
2459832.66615,2022-09-10.1643159,bG,1.52,15.976,>15.976,99.990,-0.027,0.296,g
2459832.66745,2022-09-10.1656155,bG,1.57,15.744,>15.744,99.990,0.800,0.366,g
2459832.89948,2022-09-10.3976487,bG,1.56,15.882,>15.882,99.990,0.127,0.322,g
2459832.90076,2022-09-10.3989356,bG,1.51,16.033,>16.033,99.990,0.894,0.280,g
2459832.90206,2022-09-10.4002394,bG,1.56,15.933,>15.933,99.990,-0.116,0.307,g
2459833.36669,2022-09-10.8648733,bo,1.51,14.839,>14.839,99.990,0.826,0.842,g
2459833.36793,2022-09-10.8661137,bo,1.64,14.943,>14.943,99.990,0.379,0.765,g
2459833.36939,2022-09-10.8675759,bo,1.76,14.838,>14.838,99.990,-0.925,0.843,g
2459833.66693,2022-09-11.1651244,bk,1.78,15.470,>15.470,99.990,-1.881,0.471,g
2459833.66816,2022-09-11.1663574,bk,1.61,15.383,>15.383,99.990,-0.669,0.511,g
2459833.66941,2022-09-11.1676060,bk,1.69,15.356,>15.356,99.990,-0.579,0.523,g
2459833.85789,2022-09-11.3560918,bk,1.62,15.533,>15.533,99.990,1.227,0.444,g
2459833.85914,2022-09-11.3573395,bk,1.54,15.469,>15.469,99.990,-0.852,0.472,g
2459833.86038,2022-09-11.3585812,bk,1.52,15.472,>15.472,99.990,0.323,0.470,g
2459834.73137,2022-09-12.2295936,bG,1.81,16.356,>16.356,99.990,0.267,0.208,g
2459834.73266,2022-09-12.2308827,bG,1.87,16.316,>16.316,99.990,0.283,0.216,g
2459834.73397,2022-09-12.2321894,bG,1.79,16.110,>16.110,99.990,-0.103,0.261,g
2459834.89221,2022-09-12.3904353,bk,1.51,15.778,15.306,0.142,2.741,0.355,g
2459834.89346,2022-09-12.3916922,bk,1.42,15.928,15.633,0.167,2.028,0.309,g
2459834.89470,2022-09-12.3929270,bk,1.51,16.060,>16.060,99.990,0.286,0.274,g
2459835.36589,2022-09-12.8641349,bo,1.43,15.738,>15.738,99.990,1.001,0.368,g
2459835.36714,2022-09-12.8653776,bo,1.51,15.692,>15.692,99.990,-0.560,0.384,g
2459835.36839,2022-09-12.8666284,bo,1.41,15.710,>15.710,99.990,-0.120,0.377,g
2459835.59273,2022-09-13.0909850,bG,1.46,16.510,>16.510,99.990,0.128,0.181,g
2459835.59403,2022-09-13.0922795,bG,1.45,16.421,>16.421,99.990,0.114,0.196,g
2459835.59533,2022-09-13.0935780,bG,1.42,16.393,>16.393,99.990,0.207,0.201,g
2459835.74269,2022-09-13.2409340,bk,1.45,16.257,>16.257,99.990,0.306,0.228,g
2459835.74394,2022-09-13.2421912,bk,1.44,16.226,>16.226,99.990,0.523,0.235,g
2459835.74518,2022-09-13.2434303,bk,1.42,16.238,>16.238,99.990,0.545,0.232,g
2459836.32456,2022-09-13.8228275,bo,1.47,16.673,>16.673,99.990,-0.060,0.156,g
2459836.32580,2022-09-13.8240718,bo,1.46,16.687,>16.687,99.990,0.467,0.154,g
2459836.32705,2022-09-13.8253149,bo,1.48,16.579,>16.579,99.990,0.141,0.170,g
2459836.47056,2022-09-13.9688212,bo,1.42,15.911,>15.911,99.990,0.543,0.314,g
2459836.47180,2022-09-13.9700689,bo,1.47,15.942,>15.942,99.990,0.440,0.305,g
2459836.47305,2022-09-13.9713144,bo,1.41,16.040,>16.040,99.990,0.570,0.279,g
2459836.65165,2022-09-14.1499217,bk,1.49,16.400,>16.400,99.990,0.112,0.200,g
2459836.65290,2022-09-14.1511752,bk,1.54,16.500,>16.500,99.990,0.388,0.182,g
2459836.65415,2022-09-14.1524228,bk,1.45,16.388,>16.388,99.990,0.046,0.202,g
2459836.80851,2022-09-14.3067896,bG,1.56,16.573,>16.573,99.990,0.040,0.171,g
2459836.80980,2022-09-14.3080793,bG,1.49,16.498,>16.498,99.990,0.278,0.183,g
2459836.81108,2022-09-14.3093655,bG,1.54,16.615,>16.615,99.990,-0.278,0.164,g
2459836.91216,2022-09-14.4104402,bk,1.48,15.740,>15.740,99.990,-0.639,0.367,g
2459836.91341,2022-09-14.4116927,bk,1.57,15.478,>15.478,99.990,-0.112,0.468,g
2459837.38765,2022-09-14.8859483,bo,1.41,16.435,>16.435,99.990,0.534,0.194,g
2459837.38890,2022-09-14.8872008,bo,1.43,16.293,>16.293,99.990,0.243,0.221,g
2459837.39014,2022-09-14.8884390,bo,1.45,16.398,>16.398,99.990,-0.398,0.200,g
2459837.60310,2022-09-15.1014061,bo,1.44,16.144,>16.144,99.990,-0.304,0.253,g
2459837.60435,2022-09-15.1026574,bo,1.46,16.112,>16.112,99.990,-0.160,0.261,g
2459837.60561,2022-09-15.1039108,bo,1.46,16.232,>16.232,99.990,0.362,0.233,g
2459837.76623,2022-09-15.2645446,bk,1.52,16.642,>16.642,99.990,0.142,0.160,g
2459837.76749,2022-09-15.2657886,bk,1.49,16.833,>16.833,99.990,-0.087,0.134,g
2459837.76873,2022-09-15.2670319,bk,1.53,16.655,>16.655,99.990,-0.202,0.158,g
2459837.85859,2022-09-15.3568943,bG,1.55,16.741,>16.741,99.990,0.041,0.146,g
2459837.85989,2022-09-15.3581956,bG,1.60,16.743,>16.743,99.990,0.210,0.146,g
2459837.86119,2022-09-15.3594900,bG,1.66,16.803,>16.803,99.990,-0.031,0.138,g
2459838.37427,2022-09-15.8725872,bo,1.48,16.702,>16.702,99.990,0.121,0.151,g
2459838.37551,2022-09-15.8738373,bo,1.43,16.689,>16.689,99.990,0.182,0.153,g
2459838.37676,2022-09-15.8750800,bo,1.40,16.602,>16.602,99.990,0.091,0.166,g
2459838.45296,2022-09-15.9512846,bo,1.45,16.266,>16.266,99.990,-0.088,0.226,g
2459838.45419,2022-09-15.9525206,bo,1.43,16.207,>16.207,99.990,-0.283,0.239,g
2459838.45543,2022-09-15.9537626,bo,1.46,16.236,>16.236,99.990,-0.118,0.233,g
2459838.59984,2022-09-16.0981631,bo,1.45,16.083,>16.083,99.990,0.263,0.268,g
2459838.60108,2022-09-16.0994061,bo,1.41,16.209,>16.209,99.990,-0.136,0.238,g
2459838.60231,2022-09-16.1006425,bo,1.48,16.252,>16.252,99.990,-0.085,0.229,g
2459838.77536,2022-09-16.2736922,bG,1.60,15.489,>15.489,99.990,-0.676,0.463,g
2459838.77665,2022-09-16.2749797,bG,1.60,14.796,>14.796,99.990,-1.402,0.877,g
2459838.77793,2022-09-16.2762645,bG,1.63,15.508,>15.508,99.990,0.969,0.455,g
2459839.58867,2022-09-17.0870287,bo,1.54,15.998,>15.998,99.990,0.721,0.290,g
2459839.58991,2022-09-17.0882686,bo,1.46,16.115,>16.115,99.990,-0.233,0.260,g
2459839.59115,2022-09-17.0895079,bo,1.49,16.265,>16.265,99.990,0.166,0.226,g
2459839.90153,2022-09-17.3998974,bk,1.64,99.990,99.990,99.990,99.990,99.990,g
2459839.90402,2022-09-17.4023893,bk,1.50,99.990,99.990,99.990,99.990,99.990,g
2459840.75242,2022-09-18.2508151,bG,1.51,17.351,>17.351,99.990,0.280,0.083,g
2459840.75373,2022-09-18.2521162,bG,1.52,17.310,>17.310,99.990,0.046,0.087,g
2459840.75501,2022-09-18.2534118,bG,1.48,17.278,>17.278,99.990,0.216,0.089,g
2459841.74884,2022-09-19.2472704,bG,1.68,17.330,>17.330,99.990,0.138,0.085,g
2459841.75013,2022-09-19.2485502,bG,1.72,17.248,>17.248,99.990,-0.055,0.092,g
2459841.75141,2022-09-19.2498322,bG,1.66,17.277,>17.277,99.990,-0.022,0.089,g
2459842.35844,2022-09-19.8568787,bo,1.49,16.800,>16.800,99.990,0.158,0.138,g
2459842.35968,2022-09-19.8581109,bo,1.45,16.856,>16.856,99.990,-0.024,0.131,g
2459842.36090,2022-09-19.8593483,bo,1.47,16.831,>16.831,99.990,0.084,0.135,g
2459842.64163,2022-09-20.1400708,bk,1.47,17.212,>17.212,99.990,0.145,0.095,g
2459842.64288,2022-09-20.1413219,bk,1.47,17.197,>17.197,99.990,0.017,0.096,g
2459842.64413,2022-09-20.1425717,bk,1.49,17.297,>17.297,99.990,0.156,0.088,g
2459843.40711,2022-09-20.9055803,bo,1.43,16.856,>16.856,99.990,0.174,0.131,g
2459843.40835,2022-09-20.9068184,bo,1.45,16.921,>16.921,99.990,0.091,0.124,g
2459843.40959,2022-09-20.9080658,bo,1.45,17.087,>17.087,99.990,0.124,0.106,g
2459843.52847,2022-09-21.0269423,bo,1.44,16.845,>16.845,99.990,0.270,0.133,g
2459843.52971,2022-09-21.0281828,bo,1.48,16.938,>16.938,99.990,-0.260,0.122,g
2459843.53096,2022-09-21.0294251,bo,1.49,16.855,>16.855,99.990,-0.075,0.132,g
2459843.71421,2022-09-21.2126871,bG,1.47,17.311,>17.311,99.990,0.058,0.086,g
2459843.71550,2022-09-21.2139773,bG,1.46,17.210,>17.210,99.990,0.036,0.095,g
2459843.71680,2022-09-21.2152743,bG,1.46,17.419,>17.419,99.990,0.146,0.078,g
2459843.89539,2022-09-21.3938733,bk,1.38,16.942,>16.942,99.990,0.333,0.121,g
2459843.89664,2022-09-21.3951185,bk,1.49,17.071,>17.071,99.990,0.154,0.108,g
2459843.89787,2022-09-21.3963567,bk,1.42,16.856,>16.856,99.990,-0.017,0.131,g
2459844.36053,2022-09-21.8590288,bo,1.49,16.850,>16.850,99.990,0.104,0.132,g
2459844.36191,2022-09-21.8604103,bo,1.48,16.859,>16.859,99.990,0.251,0.131,g
2459844.43706,2022-09-21.9355563,bo,1.62,16.900,>16.900,99.990,0.191,0.126,g
2459844.65884,2022-09-22.1573427,bG,1.65,17.237,>17.237,99.990,0.133,0.093,g
2459844.66014,2022-09-22.1586473,bG,1.69,17.291,>17.291,99.990,0.065,0.088,g
2459844.66144,2022-09-22.1599457,bG,1.59,17.392,>17.392,99.990,-0.026,0.080,g
2459845.79993,2022-09-23.2984789,bG,1.45,17.167,>17.167,99.990,0.185,0.099,g
2459845.80122,2022-09-23.2997656,bG,1.50,17.292,>17.292,99.990,0.272,0.088,g
2459845.80252,2022-09-23.3010601,bG,1.42,17.328,>17.328,99.990,0.102,0.085,g
2459845.89610,2022-09-23.3946552,bG,1.44,17.095,>17.095,99.990,-0.140,0.105,g
2459845.89740,2022-09-23.3959525,bG,1.46,16.945,>16.945,99.990,-0.057,0.121,g
2459845.89870,2022-09-23.3972480,bG,1.39,16.922,>16.922,99.990,0.347,0.124,g
2459846.38147,2022-09-23.8800268,bo,1.59,16.871,>16.871,99.990,-0.048,0.130,g
2459846.38271,2022-09-23.8812652,bo,1.58,16.940,>16.940,99.990,0.022,0.122,g
2459846.38395,2022-09-23.8825111,bo,1.56,16.960,>16.960,99.990,-0.134,0.119,g
2459846.51440,2022-09-24.0129609,bo,1.48,16.829,>16.829,99.990,0.350,0.135,g
2459846.51564,2022-09-24.0142003,bo,1.49,16.893,>16.893,99.990,-0.286,0.127,g
2459846.51688,2022-09-24.0154410,bo,1.49,16.942,>16.942,99.990,0.060,0.121,g
2459846.72367,2022-09-24.2222418,bk,1.44,17.247,>17.247,99.990,0.020,0.092,g
2459846.72492,2022-09-24.2234953,bk,1.40,17.301,>17.301,99.990,0.045,0.087,g
2459846.72616,2022-09-24.2247346,bk,1.40,17.147,>17.147,99.990,0.295,0.101,g
2459846.90425,2022-09-24.4028285,bk,1.42,15.946,>15.946,99.990,0.499,0.304,g
2459846.90550,2022-09-24.4040771,bk,1.50,15.569,>15.569,99.990,1.191,0.430,g
2459847.79273,2022-09-25.2913401,bk,1.46,17.135,>17.135,99.990,0.433,0.102,g
2459847.79398,2022-09-25.2925877,bk,1.49,17.166,>17.166,99.990,0.073,0.099,g
2459847.79522,2022-09-25.293825,bk,1.48,17.243,>17.243,99.990,-0.141,0.092,g
2459848.33585,2022-09-25.8344782,bo,1.84,99.990,99.990,99.990,99.990,99.990,g
2459848.33727,2022-09-25.8359008,bo,1.71,99.990,99.990,99.990,99.990,99.990,g
2459849.32564,2022-09-26.8243046,bo,1.51,16.777,>16.777,99.990,-0.154,0.141,g
2459849.32687,2022-09-26.8255322,bo,1.49,16.901,>16.901,99.990,-0.157,0.126,g
2459849.32811,2022-09-26.826775,bo,1.50,16.885,>16.885,99.990,0.068,0.128,g
2459849.47212,2022-09-26.9707871,bo,1.43,16.942,>16.942,99.990,0.057,0.121,g
2459849.47337,2022-09-26.9720326,bo,1.43,16.843,>16.843,99.990,-0.000,0.133,g
2459849.47461,2022-09-26.9732721,bo,1.47,17.076,>17.076,99.990,0.009,0.107,g
2459849.56833,2022-09-27.0669916,bo,1.43,16.841,>16.841,99.990,-0.055,0.133,g
2459849.56958,2022-09-27.0682438,bo,1.45,16.860,>16.860,99.990,0.010,0.131,g
2459849.57081,2022-09-27.0694824,bo,1.47,16.861,>16.861,99.990,0.100,0.131,g
2459849.74044,2022-09-27.2391121,bk,1.45,17.195,>17.195,99.990,0.047,0.096,g
2459849.74168,2022-09-27.2403596,bk,1.45,17.221,>17.221,99.990,0.059,0.094,g
2459849.74293,2022-09-27.2416107,bk,1.42,17.035,>17.035,99.990,0.173,0.111,g
2459849.87666,2022-09-27.3753414,bG,1.46,16.663,>16.663,99.990,0.370,0.157,g
2459849.87798,2022-09-27.3766548,bG,1.47,15.856,>15.856,99.990,-0.658,0.330,g
2459849.87927,2022-09-27.3779512,bG,1.44,16.685,>16.685,99.990,-0.227,0.154,g
2459849.88881,2022-09-27.3874818,bG,1.43,16.851,>16.851,99.990,0.390,0.132,g
2459849.89010,2022-09-27.3887711,bG,1.44,17.137,>17.137,99.990,0.041,0.101,g
2459849.89139,2022-09-27.3900614,bG,1.43,16.946,>16.946,99.990,0.039,0.121,g
2459850.40442,2022-09-27.9031234,bo,1.48,16.744,>16.744,99.990,-0.104,0.146,g
2459850.40566,2022-09-27.9043630,bo,1.47,16.719,>16.719,99.990,0.027,0.149,g
2459850.40691,2022-09-27.9056001,bo,1.45,16.464,>16.464,99.990,0.092,0.189,g
2459850.72832,2022-09-28.2270340,bG,1.71,16.265,>16.265,99.990,0.254,0.227,g
2459850.72962,2022-09-28.2283268,bG,1.74,17.053,>17.053,99.990,0.206,0.110,g
2459850.73092,2022-09-28.2296209,bG,1.78,16.505,>16.505,99.990,0.235,0.182,g
2459851.51303,2022-09-29.0117709,bo,1.46,16.843,>16.843,99.990,-0.081,0.133,g
2459851.51427,2022-09-29.0130081,bo,1.46,16.986,>16.986,99.990,0.028,0.117,g
2459851.51551,2022-09-29.0142524,bo,1.46,17.008,>17.008,99.990,0.265,0.114,g
2459851.75552,2022-09-29.2542569,bG,1.42,17.398,>17.398,99.990,0.015,0.080,g
2459851.75679,2022-09-29.2555393,bG,1.39,17.255,>17.255,99.990,0.078,0.091,g
2459851.75809,2022-09-29.2568302,bG,1.43,17.249,>17.249,99.990,0.283,0.092,g
2459852.71041,2022-09-30.2091841,bk,1.44,17.267,>17.267,99.990,-0.013,0.090,g
2459852.71164,2022-09-30.2104094,bk,1.44,17.327,>17.327,99.990,0.410,0.085,g
2459852.71287,2022-09-30.2116491,bk,1.42,17.373,>17.373,99.990,0.074,0.082,g
2459852.86907,2022-09-30.3678510,bG,1.43,17.213,>17.213,99.990,0.010,0.095,g
2459852.87036,2022-09-30.3691472,bG,1.45,17.208,>17.208,99.990,-0.049,0.095,g
2459852.87166,2022-09-30.3704439,bG,1.44,17.186,>17.186,99.990,-0.030,0.097,g
2459853.27732,2022-09-30.7761127,bo,1.46,16.816,>16.816,99.990,0.007,0.136,g
2459853.27856,2022-09-30.7773606,bo,1.48,16.625,>16.625,99.990,-0.023,0.163,g
2459853.27982,2022-09-30.7786048,bo,1.50,16.657,>16.657,99.990,0.409,0.158,g
2459853.42626,2022-09-30.9250604,bo,1.49,16.811,>16.811,99.990,0.031,0.137,g
2459853.42751,2022-09-30.9263109,bo,1.47,16.874,>16.874,99.990,0.141,0.129,g
2459853.42876,2022-09-30.9275495,bo,1.53,16.833,>16.833,99.990,0.115,0.134,g
2459853.53260,2022-10-01.0314075,bo,1.80,16.611,>16.611,99.990,0.251,0.165,g
2459853.53387,2022-10-01.0326648,bo,1.73,16.535,>16.535,99.990,0.333,0.177,g
2459853.53511,2022-10-01.0339150,bo,1.73,16.613,>16.613,99.990,0.204,0.164,g
2459853.71166,2022-10-01.2104607,bG,1.39,17.496,>17.496,99.990,0.048,0.073,g
2459853.71294,2022-10-01.2117503,bG,1.46,17.356,>17.356,99.990,0.182,0.083,g
2459853.71424,2022-10-01.2130553,bG,1.44,17.366,>17.366,99.990,0.104,0.082,g
2459853.87778,2022-10-01.3766041,bG,1.48,17.136,>17.136,99.990,0.217,0.102,g
2459853.87908,2022-10-01.3778936,bG,1.45,17.147,>17.147,99.990,0.228,0.100,g
2459853.88037,2022-10-01.3791891,bG,1.47,17.160,>17.160,99.990,0.341,0.099,g
2459854.26749,2022-10-01.7663091,bo,1.47,16.357,>16.357,99.990,0.397,0.208,g
2459854.26872,2022-10-01.7675406,bo,1.46,16.555,>16.555,99.990,0.266,0.173,g
2459854.26996,2022-10-01.7687827,bo,1.43,16.549,>16.549,99.990,-0.135,0.174,g
2459854.41536,2022-10-01.9141914,bo,1.50,16.738,>16.738,99.990,0.118,0.146,g
2459854.41660,2022-10-01.9154350,bo,1.52,16.906,>16.906,99.990,-0.050,0.126,g
2459854.41786,2022-10-01.9166967,bo,1.48,16.657,>16.657,99.990,0.268,0.158,g
2459854.52912,2022-10-02.0279568,bo,1.44,16.804,>16.804,99.990,0.337,0.138,g
2459854.53035,2022-10-02.0291847,bo,1.49,16.866,>16.866,99.990,0.258,0.130,g
2459854.53158,2022-10-02.0304245,bo,1.46,16.843,>16.843,99.990,-0.081,0.133,g
2459854.70779,2022-10-02.2066327,bk,1.46,17.119,>17.119,99.990,0.289,0.103,g
2459854.70905,2022-10-02.2078920,bk,1.46,17.314,>17.314,99.990,0.256,0.086,g
2459854.71029,2022-10-02.2091349,bk,1.47,17.172,>17.172,99.990,0.184,0.098,g
2459855.27701,2022-10-02.7758790,bo,1.60,16.320,>16.320,99.990,0.240,0.215,g
2459855.27833,2022-10-02.7772008,bo,1.77,16.299,>16.299,99.990,0.223,0.220,g
2459855.27978,2022-10-02.7786420,bo,1.61,16.329,>16.329,99.990,0.189,0.214,g
2459855.42561,2022-10-02.9244785,bo,1.45,16.621,>16.621,99.990,-0.186,0.163,g
2459855.42699,2022-10-02.9258479,bo,1.45,16.563,>16.563,99.990,-0.304,0.172,g
2459855.42846,2022-10-02.9273244,bo,1.47,16.542,>16.542,99.990,-0.473,0.176,g
2459855.57215,2022-10-03.0710211,bo,1.49,17.024,>17.024,99.990,0.140,0.113,g
2459855.57343,2022-10-03.0723040,bo,1.46,16.900,>16.900,99.990,-0.010,0.126,g
2459855.57472,2022-10-03.0735962,bo,1.48,16.839,>16.839,99.990,0.283,0.134,g
2459855.74226,2022-10-03.2411396,bk,1.44,17.084,>17.084,99.990,0.304,0.107,g
2459855.74351,2022-10-03.2423873,bk,1.45,17.000,>17.000,99.990,0.098,0.115,g
2459855.74476,2022-10-03.2436443,bk,1.43,17.049,>17.049,99.990,0.030,0.110,g
2459856.29526,2022-10-03.7941583,bo,1.46,15.198,>15.198,99.990,0.075,0.605,g
2459856.29649,2022-10-03.7953940,bo,1.46,15.197,>15.197,99.990,-1.457,0.606,g
2459856.29772,2022-10-03.7966228,bo,1.48,15.425,>15.425,99.990,0.569,0.491,g
2459856.53725,2022-10-04.0361564,bG,1.61,16.616,>16.616,99.990,0.046,0.164,g
2459856.53854,2022-10-04.0374460,bG,1.6,16.573,>16.573,99.990,0.074,0.171,g
2459856.53984,2022-10-04.0387408,bG,1.65,16.590,>16.590,99.990,-0.204,0.168,g
2459856.71998,2022-10-04.2189026,bk,1.45,16.825,>16.825,99.990,0.076,0.135,g
2459856.72124,2022-10-04.2201516,bk,1.53,16.708,>16.708,99.990,-0.071,0.151,g
2459856.72249,2022-10-04.2214060,bk,1.48,16.634,>16.634,99.990,-0.021,0.161,g
2459857.28834,2022-10-04.7872819,bo,1.47,16.054,>16.054,99.990,0.420,0.275,g
2459857.28959,2022-10-04.7885262,bo,1.48,16.083,>16.083,99.990,0.275,0.268,g
2459857.29082,2022-10-04.7897620,bo,1.51,16.141,>16.141,99.990,-0.480,0.254,g
2459857.49548,2022-10-04.9944222,bo,1.48,16.223,>16.223,99.990,0.337,0.235,g
2459857.49671,2022-10-04.9956615,bo,1.45,16.334,>16.334,99.990,0.277,0.212,g
2459857.49798,2022-10-04.9969225,bo,1.44,16.172,>16.172,99.990,0.131,0.247,g
2459858.26836,2022-10-05.7673302,bo,1.48,15.499,>15.499,99.990,-0.114,0.459,g
2459858.26960,2022-10-05.7685664,bo,1.50,15.474,>15.474,99.990,0.045,0.469,g
2459858.27084,2022-10-05.7698131,bo,1.53,15.448,>15.448,99.990,0.302,0.481,g
2459858.48374,2022-10-05.9827201,bo,1.48,15.670,>15.670,99.990,0.471,0.392,g
2459858.48507,2022-10-05.9840473,bo,1.50,15.332,>15.332,99.990,-1.367,0.535,g
2459858.48659,2022-10-05.9855642,bo,1.49,14.717,>14.717,99.990,2.483,0.942,g
2459858.58584,2022-10-06.0848251,bo,1.55,16.189,>16.189,99.990,-0.203,0.243,g
2459858.58728,2022-10-06.0862532,bo,1.53,16.438,>16.438,99.990,0.332,0.193,g
2459858.58874,2022-10-06.0877177,bo,1.54,16.470,>16.470,99.990,-0.158,0.188,g
2459858.80109,2022-10-06.3000791,bG,1.51,16.531,>16.531,99.990,0.035,0.177,g
2459858.80238,2022-10-06.3013678,bG,1.45,16.452,>16.452,99.990,-0.172,0.191,g
2459858.80368,2022-10-06.3026692,bG,1.46,16.602,>16.602,99.990,-0.181,0.166,g
2459859.32082,2022-10-06.8198263,bo,1.65,13.414,>13.414,99.990,-2.413,3.129,g
2459859.48806,2022-10-06.9870817,bo,1.39,13.806,>13.806,99.990,-2.686,2.181,g
2459859.48931,2022-10-06.9883238,bo,1.55,99.990,99.990,99.990,99.990,99.990,g
2459859.49057,2022-10-06.9895752,bo,1.98,99.990,99.990,99.990,99.990,99.990,g
2459859.67006,2022-10-07.1690818,bG,1.53,16.489,>16.489,99.990,-0.216,0.184,g
2459859.67135,2022-10-07.1703704,bG,1.43,16.172,>16.172,99.990,0.427,0.247,g
2459859.67264,2022-10-07.1716572,bG,1.43,16.331,>16.331,99.990,-0.158,0.213,g
2459860.26168,2022-10-07.7607267,bo,1.46,15.669,>15.669,99.990,-0.092,0.392,g
2459860.26292,2022-10-07.7619681,bo,1.56,15.674,>15.674,99.990,-0.535,0.390,g
2459860.26416,2022-10-07.7632054,bo,1.48,15.604,>15.604,99.990,0.143,0.416,g
2459860.39222,2022-10-07.8912643,bo,1.53,15.809,>15.809,99.990,-0.195,0.345,g
2459860.39346,2022-10-07.8925027,bo,1.57,15.449,>15.449,99.990,0.211,0.480,g
2459860.39470,2022-10-07.8937490,bo,1.53,15.359,>15.359,99.990,0.344,0.522,g
2459860.52136,2022-10-08.0204106,bo,1.53,15.640,>15.640,99.990,0.587,0.403,g
2459860.52260,2022-10-08.0216501,bo,1.46,15.631,>15.631,99.990,0.026,0.406,g
2459860.52383,2022-10-08.0228839,bo,1.54,15.663,>15.663,99.990,-0.475,0.394,g
2459860.69495,2022-10-08.1940163,bk,1.56,16.059,>16.059,99.990,0.958,0.274,g
2459860.69620,2022-10-08.1952579,bk,1.54,15.894,>15.894,99.990,0.923,0.319,g
2459860.69744,2022-10-08.1965005,bk,1.50,15.923,>15.923,99.990,0.658,0.310,g
2459861.49812,2022-10-08.9972047,bo,1.54,15.526,>15.526,99.990,0.318,0.447,g
2459861.49936,2022-10-08.9984453,bo,1.49,15.604,>15.604,99.990,0.263,0.416,g
2459861.50061,2022-10-08.9996909,bo,1.53,15.661,>15.661,99.990,-0.454,0.395,g
2459861.66250,2022-10-09.1615912,bG,1.52,16.018,>16.018,99.990,0.022,0.284,g
2459861.66379,2022-10-09.1628769,bG,1.54,15.910,>15.910,99.990,0.823,0.314,g
2459861.66509,2022-10-09.1641783,bG,1.57,15.928,>15.928,99.990,-0.263,0.309,g
2459862.24538,2022-10-09.7444987,bo,1.89,14.251,>14.251,99.990,2.258,1.448,g
2459862.24675,2022-10-09.7458662,bo,1.89,14.149,>14.149,99.990,-0.887,1.590,g
2459862.24799,2022-10-09.7471068,bo,1.65,14.156,>14.156,99.990,-0.200,1.580,g
2459862.76421,2022-10-10.2633510,bG,1.46,16.045,>16.045,99.990,-0.073,0.277,g
2459862.76551,2022-10-10.2646479,bG,1.53,15.893,>15.893,99.990,0.282,0.319,g
2459862.76681,2022-10-10.2659444,bG,1.38,15.829,>15.829,99.990,0.206,0.338,g
2459864.67064,2022-10-12.1698534,bG,1.51,15.010,>15.010,99.990,0.863,0.719,g
2459864.67195,2022-10-12.1711534,bG,1.43,15.140,>15.140,99.990,-1.463,0.638,g
2459864.67324,2022-10-12.1724453,bG,1.46,14.755,>14.755,99.990,0.459,0.910,g
2459867.33564,2022-10-14.8349478,bo,1.63,16.253,>16.253,99.990,0.370,0.229,g
2459867.33810,2022-10-14.8374047,bo,1.68,16.496,>16.496,99.990,0.086,0.183,g
2459868.80170,2022-10-16.3010700,bG,1.47,16.759,>16.759,99.990,0.322,0.144,g
2459868.80300,2022-10-16.3023709,bG,1.46,16.874,>16.874,99.990,0.070,0.129,g
2459868.80429,2022-10-16.3036564,bG,1.53,16.831,>16.831,99.990,-0.043,0.134,g
2459869.70628,2022-10-17.2056780,bG,1.44,17.227,>17.227,99.990,0.200,0.093,g
2459869.70756,2022-10-17.2069605,bG,1.52,17.352,>17.352,99.990,0.139,0.083,g
2459869.70885,2022-10-17.2082491,bG,1.55,17.431,>17.431,99.990,0.183,0.077,g
2459872.23925,2022-10-19.7387604,bo,1.71,15.093,>15.093,99.990,-0.354,0.667,g
2459872.24050,2022-10-19.7399996,bo,1.68,15.324,>15.324,99.990,-0.642,0.539,g
2459872.24175,2022-10-19.7412487,bo,1.62,15.551,>15.551,99.990,0.695,0.437,g
2459872.35011,2022-10-19.8496137,bo,1.47,16.123,>16.123,99.990,-0.041,0.258,g
2459872.35135,2022-10-19.8508523,bo,1.52,16.595,>16.595,99.990,-0.361,0.167,g
2459872.35258,2022-10-19.8520826,bo,1.47,15.983,>15.983,99.990,0.374,0.294,g
2459872.60366,2022-10-20.1031760,bG,1.48,17.222,>17.222,99.990,0.146,0.094,g
2459872.60495,2022-10-20.1044660,bG,1.54,17.237,>17.237,99.990,0.220,0.093,g
2459872.60625,2022-10-20.1057621,bG,1.56,17.212,>17.212,99.990,0.385,0.095,g
2459873.23985,2022-10-20.7393959,bo,1.55,14.664,>14.664,99.990,1.480,0.989,g
2459873.24109,2022-10-20.7406333,bo,1.61,15.197,>15.197,99.990,1.416,0.606,g
2459873.24234,2022-10-20.7418799,bo,1.57,15.690,>15.690,99.990,0.709,0.385,g
2459873.72343,2022-10-21.2229912,bG,1.49,17.412,>17.412,99.990,-0.015,0.079,g
2459873.72472,2022-10-21.2242824,bG,1.45,17.375,>17.375,99.990,-0.111,0.081,g
2459873.72602,2022-10-21.2255803,bG,1.45,17.370,>17.370,99.990,0.122,0.082,g
2459874.28959,2022-10-21.7891774,bo,1.54,16.882,>16.882,99.990,0.006,0.128,g
2459874.29089,2022-10-21.7904685,bo,1.49,16.991,>16.991,99.990,0.291,0.116,g
2459874.29212,2022-10-21.7917069,bo,1.47,16.962,>16.962,99.990,-0.123,0.119,g
2459874.71137,2022-10-22.2109657,bG,1.40,17.293,>17.293,99.990,0.091,0.088,g
2459874.71266,2022-10-22.2122634,bG,1.40,17.409,>17.409,99.990,-0.139,0.079,g
2459874.71395,2022-10-22.2135543,bG,1.49,17.381,>17.381,99.990,0.157,0.081,g
2459874.80540,2022-10-22.3050059,bG,1.5,17.230,>17.230,99.990,0.094,0.093,g
2459874.80669,2022-10-22.3062947,bG,1.48,17.166,>17.166,99.990,0.200,0.099,g
2459875.31166,2022-10-22.8112905,bo,1.55,16.351,>16.351,99.990,0.269,0.209,g
2459875.31293,2022-10-22.8125460,bo,1.51,16.182,>16.182,99.990,0.348,0.245,g
2459875.31417,2022-10-22.8137949,bo,1.52,15.672,>15.672,99.990,0.016,0.391,g
2459876.24929,2022-10-23.7489424,bo,1.47,16.371,>16.371,99.990,0.114,0.205,g
2459876.25406,2022-10-23.7537193,bo,1.44,16.088,>16.088,99.990,0.167,0.266,g
2459876.54261,2022-10-24.0422818,bo,1.59,16.487,>16.487,99.990,0.271,0.185,g
2459876.54387,2022-10-24.0435331,bo,1.57,16.140,>16.140,99.990,0.385,0.254,g
2459876.54511,2022-10-24.0447829,bo,1.57,16.261,>16.261,99.990,0.016,0.227,g
2459876.70177,2022-10-24.2014400,bG,1.57,17.231,>17.231,99.990,0.320,0.093,g
2459876.70304,2022-10-24.2027171,bG,1.56,17.323,>17.323,99.990,-0.026,0.085,g
2459876.70434,2022-10-24.2040156,bG,1.58,17.327,>17.327,99.990,0.212,0.085,g
2459877.27159,2022-10-24.7712932,bo,1.47,16.835,>16.835,99.990,0.320,0.134,g
2459877.27297,2022-10-24.7726805,bo,1.50,16.705,>16.705,99.990,0.166,0.151,g
2459877.27425,2022-10-24.7739486,bo,1.52,16.617,>16.617,99.990,0.026,0.164,g
2459877.42878,2022-10-24.9284870,bo,1.51,16.814,>16.814,99.990,0.145,0.137,g
2459877.43002,2022-10-24.9297278,bo,1.51,16.895,>16.895,99.990,0.086,0.127,g
2459877.43126,2022-10-24.9309700,bo,1.52,16.960,>16.960,99.990,-0.052,0.119,g
2459877.59250,2022-10-25.0922108,bo,1.50,15.409,>15.409,99.990,0.292,0.498,g
2459877.59374,2022-10-25.0934516,bo,1.54,15.482,>15.482,99.990,0.129,0.466,g
2459878.29694,2022-10-25.796675,bo,1.48,15.874,>15.874,99.990,-0.276,0.325,g
2459878.29818,2022-10-25.7979215,bo,1.43,16.001,>16.001,99.990,-0.128,0.289,g
2459878.29942,2022-10-25.7991591,bo,1.50,16.092,>16.092,99.990,0.250,0.266,g
2459878.35718,2022-10-25.8569194,bo,1.48,16.964,>16.964,99.990,0.122,0.119,g
2459878.35843,2022-10-25.8581715,bo,1.50,16.859,>16.859,99.990,0.169,0.131,g
2459878.35966,2022-10-25.8594078,bo,1.48,16.811,>16.811,99.990,0.254,0.137,g
2459878.49854,2022-10-25.9982896,bo,1.64,16.581,>16.581,99.990,0.061,0.169,g
2459878.49978,2022-10-25.9995267,bo,1.69,16.682,>16.682,99.990,-0.164,0.154,g
2459878.50103,2022-10-26.0007849,bo,1.71,16.527,>16.527,99.990,0.377,0.178,g
2459878.68966,2022-10-26.1894201,bk,1.54,17.252,>17.252,99.990,0.080,0.091,g
2459878.69091,2022-10-26.1906678,bk,1.79,17.193,>17.193,99.990,0.044,0.096,g
2459878.69214,2022-10-26.1918967,bk,1.64,17.155,>17.155,99.990,0.266,0.100,g
2459879.25480,2022-10-26.7545806,bo,2.06,16.469,>16.469,99.990,0.001,0.188,g
2459879.25603,2022-10-26.7558156,bo,2.06,16.766,>16.766,99.990,-0.028,0.143,g
2459879.25729,2022-10-26.7570730,bo,2.05,16.551,>16.551,99.990,0.306,0.174,g
2459879.40027,2022-10-26.9000600,bo,1.46,16.779,>16.779,99.990,0.333,0.141,g
2459879.40152,2022-10-26.9013054,bo,1.44,16.873,>16.873,99.990,0.073,0.129,g
2459879.40275,2022-10-26.9025378,bo,1.41,16.885,>16.885,99.990,0.035,0.128,g
2459879.51803,2022-10-27.0178225,bo,1.47,16.798,>16.798,99.990,0.334,0.139,g
2459879.51927,2022-10-27.0190667,bo,1.54,16.947,>16.947,99.990,0.124,0.121,g
2459879.52052,2022-10-27.0203098,bo,1.51,16.753,>16.753,99.990,0.095,0.144,g
2459879.68742,2022-10-27.1872210,bk,1.47,17.316,>17.316,99.990,0.103,0.086,g
2459879.68867,2022-10-27.1884745,bk,1.46,17.186,>17.186,99.990,0.197,0.097,g
2459879.68991,2022-10-27.1897127,bk,1.48,17.182,>17.182,99.990,0.100,0.097,g
2459880.24394,2022-10-27.7437510,bo,1.68,15.654,>15.654,99.990,0.115,0.398,g
2459880.24518,2022-10-27.7450031,bo,1.61,15.636,>15.636,99.990,1.128,0.404,g
2459880.24643,2022-10-27.7462530,bo,1.65,15.995,>15.995,99.990,0.499,0.291,g
2459880.39590,2022-10-27.8957197,bo,1.49,16.866,>16.866,99.990,0.243,0.130,g
2459880.39715,2022-10-27.8969707,bo,1.45,16.898,>16.898,99.990,0.053,0.126,g
2459880.39839,2022-10-27.8982170,bo,1.48,16.815,>16.815,99.990,0.239,0.136,g
2459880.63214,2022-10-28.1319740,bk,1.45,17.123,>17.123,99.990,0.222,0.103,g
2459880.63339,2022-10-28.1332240,bk,1.50,17.078,>17.078,99.990,0.174,0.107,g
2459880.63463,2022-10-28.1344667,bk,1.48,17.336,>17.336,99.990,0.126,0.084,g
2459881.75708,2022-10-29.2569563,bG,1.45,17.327,>17.327,99.990,0.132,0.085,g
2459881.75836,2022-10-29.2582504,bG,1.45,17.289,>17.289,99.990,0.143,0.088,g
2459881.75967,2022-10-29.2595545,bG,1.42,17.288,>17.288,99.990,0.228,0.088,g
2459882.51953,2022-10-30.0194391,bk,1.63,17.018,>17.018,99.990,0.076,0.113,g
2459882.52077,2022-10-30.0206832,bk,1.66,17.039,>17.039,99.990,0.186,0.111,g
2459882.52201,2022-10-30.021925,bk,1.51,17.027,>17.027,99.990,0.156,0.112,g
2459883.53258,2022-10-31.0325287,bG,1.47,17.008,>17.008,99.990,0.076,0.114,g
2459883.53386,2022-10-31.0338188,bG,1.48,16.967,>16.967,99.990,0.070,0.119,g
2459883.53515,2022-10-31.0351076,bG,1.47,16.967,>16.967,99.990,0.313,0.119,g
2459884.73710,2022-11-01.2370965,bk,1.43,17.010,>17.010,99.990,0.072,0.114,g
2459884.73834,2022-11-01.2383322,bk,1.40,17.112,>17.112,99.990,-0.069,0.104,g
2459884.73958,2022-11-01.2395766,bk,1.47,17.211,>17.211,99.990,0.111,0.095,g
2459885.73950,2022-11-02.2395390,bG,1.45,16.955,>16.955,99.990,0.039,0.120,g
2459885.74079,2022-11-02.2408325,bG,1.46,16.925,>16.925,99.990,0.100,0.123,g
2459885.74209,2022-11-02.2421295,bG,1.51,16.878,>16.878,99.990,0.066,0.129,g
2459886.76754,2022-11-03.2676224,bG,1.49,16.758,>16.758,99.990,-0.045,0.144,g
2459887.77425,2022-11-04.2743753,bk,1.47,16.418,>16.418,99.990,-0.014,0.197,g
2459887.77550,2022-11-04.2756267,bk,1.47,16.480,>16.480,99.990,-0.248,0.186,g
2459887.77676,2022-11-04.2768756,bk,1.50,16.429,>16.429,99.990,0.202,0.195,g
2459888.77116,2022-11-05.2713267,bG,1.49,16.555,>16.555,99.990,0.013,0.173,g
2459888.77246,2022-11-05.2726224,bG,1.47,16.457,>16.457,99.990,0.131,0.190,g
2459888.77377,2022-11-05.2739318,bG,1.43,16.383,>16.383,99.990,0.329,0.203,g
2459889.76804,2022-11-06.2682401,bG,1.70,16.153,>16.153,99.990,0.188,0.251,g
2459889.76933,2022-11-06.2695295,bG,1.62,16.346,>16.346,99.990,-0.210,0.210,g
2459890.76900,2022-11-07.2692430,bG,1.83,99.990,99.990,99.990,99.990,99.990,g
2459892.56407,2022-11-09.0643864,bk,1.47,16.127,>16.127,99.990,-0.579,0.257,g
2459892.56531,2022-11-09.0656309,bk,1.47,16.063,>16.063,99.990,0.718,0.273,g
2459892.56655,2022-11-09.0668707,bk,1.58,16.060,>16.060,99.990,-0.231,0.273,g
2459892.63975,2022-11-09.1400688,bG,1.47,15.622,>15.622,99.990,-0.219,0.409,g
2459892.64106,2022-11-09.1413785,bG,1.56,15.500,>15.500,99.990,1.201,0.458,g
2459892.64237,2022-11-09.1426835,bG,1.62,15.826,>15.826,99.990,0.154,0.339,g
2459893.25646,2022-11-09.7567982,bo,2.01,15.836,>15.836,99.990,0.220,0.336,g
2459893.25770,2022-11-09.7580379,bo,1.98,16.050,>16.050,99.990,-0.044,0.276,g
2459893.25894,2022-11-09.7592833,bo,1.71,16.096,>16.096,99.990,-0.117,0.265,g
2459893.39835,2022-11-09.8986952,bo,1.59,15.712,>15.712,99.990,0.228,0.377,g
2459893.39960,2022-11-09.8999465,bo,1.45,15.826,>15.826,99.990,0.652,0.339,g
2459893.40084,2022-11-09.9011930,bo,1.53,15.651,>15.651,99.990,0.920,0.399,g
2459893.50340,2022-11-10.0037599,bG,1.49,15.685,>15.685,99.990,0.491,0.386,g
2459893.50469,2022-11-10.0050471,bG,1.45,15.984,>15.984,99.990,-0.020,0.293,g
2459893.50597,2022-11-10.0063305,bG,1.41,16.224,>16.224,99.990,0.654,0.235,g
2459893.65213,2022-11-10.1524921,bG,1.52,16.412,>16.412,99.990,0.376,0.198,g
2459893.65342,2022-11-10.1537798,bG,1.49,16.403,>16.403,99.990,0.247,0.200,g
2459893.65471,2022-11-10.1550674,bG,1.58,16.422,>16.422,99.990,-0.057,0.196,g
2459893.71182,2022-11-10.2121758,bk,1.40,16.045,>16.045,99.990,-0.373,0.277,g
2459893.71307,2022-11-10.2134351,bk,1.42,16.051,>16.051,99.990,0.460,0.276,g
2459893.71432,2022-11-10.2146872,bk,1.43,16.135,>16.135,99.990,-0.013,0.255,g
2459895.26078,2022-11-11.7612025,bo,1.64,16.304,>16.304,99.990,0.179,0.218,g
2459895.26203,2022-11-11.7624575,bo,1.56,16.375,>16.375,99.990,-0.396,0.205,g
2459895.26328,2022-11-11.7637049,bo,1.50,16.512,>16.512,99.990,0.384,0.180,g
2459895.38685,2022-11-11.8872760,bo,1.44,16.285,>16.285,99.990,-0.110,0.222,g
2459895.38810,2022-11-11.8885202,bo,1.46,16.261,>16.261,99.990,0.286,0.227,g
2459895.38933,2022-11-11.8897559,bo,1.44,16.251,>16.251,99.990,0.305,0.229,g
2459895.54336,2022-11-12.0437961,bG,1.56,99.990,99.990,99.990,99.990,99.990,g
2459895.54465,2022-11-12.0450881,bG,1.69,99.990,99.990,99.990,99.990,99.990,g
2459895.64011,2022-11-12.1405497,bk,1.45,99.990,99.990,99.990,99.990,99.990,g
2459897.30285,2022-11-13.8033567,bo,1.45,16.996,>16.996,99.990,0.073,0.116,g
2459897.30410,2022-11-13.8045962,bo,1.49,16.865,>16.865,99.990,-0.117,0.130,g
2459897.30532,2022-11-13.8058252,bo,1.43,16.828,>16.828,99.990,0.453,0.135,g
2459897.42487,2022-11-13.9253769,bo,1.48,16.688,>16.688,99.990,0.116,0.153,g
2459897.42610,2022-11-13.9266167,bo,1.44,16.855,>16.855,99.990,-0.229,0.132,g
2459897.42735,2022-11-13.9278620,bo,1.45,16.571,>16.571,99.990,0.019,0.171,g
2459897.51844,2022-11-14.0189553,bo,1.46,16.099,>16.099,99.990,0.195,0.264,g
2459897.51969,2022-11-14.0202054,bo,1.49,16.252,>16.252,99.990,-0.240,0.229,g
2459897.52093,2022-11-14.0214427,bo,1.44,16.138,>16.138,99.990,-0.280,0.255,g
2459897.59231,2022-11-14.0928351,bG,1.47,17.422,>17.422,99.990,0.062,0.078,g
2459897.59360,2022-11-14.0941232,bG,1.39,17.341,>17.341,99.990,0.153,0.084,g
2459897.59488,2022-11-14.0953956,bG,1.48,17.212,>17.212,99.990,0.025,0.095,g
2459898.26537,2022-11-14.7659093,bo,2.05,16.284,>16.284,99.990,-0.013,0.223,g
2459898.39917,2022-11-14.8997140,bo,1.49,16.370,>16.370,99.990,0.117,0.206,g
2459898.40041,2022-11-14.9009616,bo,1.45,16.629,>16.629,99.990,-0.004,0.162,g
2459898.40166,2022-11-14.9022082,bo,1.52,16.551,>16.551,99.990,0.061,0.174,g
2459898.51880,2022-11-15.0193508,bo,1.47,16.386,>16.386,99.990,0.257,0.203,g
2459898.52009,2022-11-15.0206432,bo,1.47,16.211,>16.211,99.990,0.105,0.238,g
2459898.52133,2022-11-15.0218805,bo,1.46,16.315,>16.315,99.990,-0.210,0.216,g
2459898.71636,2022-11-15.2169178,bk,1.42,17.131,>17.131,99.990,0.199,0.102,g
2459898.71760,2022-11-15.2181605,bk,1.40,17.044,>17.044,99.990,-0.046,0.110,g
2459898.71884,2022-11-15.2193989,bk,1.44,17.059,>17.059,99.990,0.239,0.109,g
2459899.27232,2022-11-15.7728980,bo,1.48,16.757,>16.757,99.990,0.000,0.144,g
2459899.27363,2022-11-15.7742055,bo,1.46,16.646,>16.646,99.990,-0.011,0.160,g
2459899.27521,2022-11-15.7757907,bo,1.54,16.750,>16.750,99.990,0.040,0.145,g
2459899.44861,2022-11-15.9492092,bo,1.49,16.785,>16.785,99.990,0.222,0.140,g
2459899.44987,2022-11-15.9504511,bo,1.44,17.010,>17.010,99.990,-0.007,0.114,g
2459899.45111,2022-11-15.9516930,bo,1.43,16.790,>16.790,99.990,0.086,0.140,g
2459899.62455,2022-11-16.1251495,bG,1.47,17.382,>17.382,99.990,0.001,0.081,g
2459899.62586,2022-11-16.1264575,bG,1.44,17.161,>17.161,99.990,0.014,0.099,g
2459899.62716,2022-11-16.1277581,bG,1.42,17.206,>17.206,99.990,-0.016,0.095,g
2459900.72387,2022-11-17.2245108,bG,1.51,17.192,>17.192,99.990,0.292,0.096,g
2459900.72518,2022-11-17.2258151,bG,1.47,17.353,>17.353,99.990,-0.110,0.083,g
2459900.72649,2022-11-17.2271226,bG,1.49,17.423,>17.423,99.990,0.211,0.078,g
2459901.26218,2022-11-17.7628420,bo,1.68,15.751,>15.751,99.990,-0.840,0.364,g
2459901.26342,2022-11-17.7640805,bo,1.65,15.687,>15.687,99.990,0.134,0.386,g
2459901.26466,2022-11-17.7653248,bo,1.53,15.771,>15.771,99.990,-0.412,0.357,g
2459901.39167,2022-11-17.8923333,bo,1.58,16.588,>16.588,99.990,0.043,0.168,g
2459901.39291,2022-11-17.8935749,bo,1.51,16.812,>16.812,99.990,0.184,0.137,g
2459901.39416,2022-11-17.8948238,bo,1.58,16.496,>16.496,99.990,0.215,0.183,g
2459901.51220,2022-11-18.0128629,bo,1.45,16.869,>16.869,99.990,-0.129,0.130,g
2459901.51344,2022-11-18.0141061,bo,1.46,16.736,>16.736,99.990,-0.116,0.147,g
2459901.51469,2022-11-18.0153572,bo,1.47,16.736,>16.736,99.990,0.196,0.147,g
2459901.67544,2022-11-18.1761149,bk,1.44,17.256,>17.256,99.990,0.213,0.091,g
2459901.67667,2022-11-18.1773469,bk,1.42,17.225,>17.225,99.990,0.431,0.094,g
2459901.67791,2022-11-18.1785862,bk,1.44,17.243,>17.243,99.990,0.225,0.092,g
2459902.25926,2022-11-18.7599584,bo,1.58,13.669,>13.669,99.990,3.694,2.475,g
2459902.26066,2022-11-18.7613556,bo,1.72,14.057,>14.057,99.990,-3.320,1.731,g
2459903.27887,2022-11-19.7796070,bo,2.30,16.761,>16.761,99.990,0.323,0.143,g
2459903.28011,2022-11-19.7808430,bo,2.24,16.773,>16.773,99.990,-0.029,0.142,g
2459903.28133,2022-11-19.7820718,bo,2.27,16.669,>16.669,99.990,0.130,0.156,g
2459903.40048,2022-11-19.9012206,bo,1.52,16.662,>16.662,99.990,0.092,0.157,g
2459903.40172,2022-11-19.9024598,bo,1.51,16.904,>16.904,99.990,0.430,0.126,g
2459903.40296,2022-11-19.9037018,bo,1.50,16.840,>16.840,99.990,0.145,0.133,g
2459903.50279,2022-11-20.0035385,bo,1.48,16.793,>16.793,99.990,0.327,0.139,g
2459903.50403,2022-11-20.0047755,bo,1.45,16.775,>16.775,99.990,-0.073,0.142,g
2459903.50528,2022-11-20.0060187,bo,1.44,16.897,>16.897,99.990,-0.121,0.127,g
2459903.51747,2022-11-20.0182195,bk,1.43,16.862,>16.862,99.990,0.509,0.131,g
2459903.51871,2022-11-20.0194612,bk,1.46,16.912,>16.912,99.990,-0.302,0.125,g
2459903.51996,2022-11-20.0207010,bk,1.44,16.835,>16.835,99.990,0.174,0.134,g
2459903.58648,2022-11-20.0872295,bk,1.49,17.329,>17.329,99.990,0.092,0.085,g
2459903.58772,2022-11-20.0884701,bk,1.46,17.367,>17.367,99.990,0.298,0.082,g
2459903.58896,2022-11-20.0897130,bk,1.43,17.249,>17.249,99.990,0.080,0.091,g
2459905.30322,2022-11-21.8040344,bo,1.53,15.090,>15.090,99.990,1.349,0.668,g
2459905.30473,2022-11-21.8055528,bo,1.45,14.230,>14.230,99.990,-1.866,1.476,g
2459905.30597,2022-11-21.8067878,bo,1.60,14.241,>14.241,99.990,2.919,1.461,g
2459906.46837,2022-11-22.9692285,bo,1.40,16.792,>16.792,99.990,0.210,0.139,g
2459906.46960,2022-11-22.9704611,bo,1.46,16.841,>16.841,99.990,0.203,0.133,g
2459906.47084,2022-11-22.9717008,bo,1.45,16.775,>16.775,99.990,0.309,0.142,g
2459907.52787,2022-11-24.0287635,bk,1.61,16.648,>16.648,99.990,0.473,0.159,g
2459907.53035,2022-11-24.0312423,bk,1.62,16.309,>16.309,99.990,0.025,0.217,g
2459907.72085,2022-11-24.2217510,bk,1.41,17.261,>17.261,99.990,0.158,0.090,g
2459907.72209,2022-11-24.2229973,bk,1.43,17.048,>17.048,99.990,0.070,0.110,g
2459907.72335,2022-11-24.2242581,bk,1.47,17.141,>17.141,99.990,0.007,0.101,g
2459909.27160,2022-11-25.7725543,bo,2.20,16.265,>16.265,99.990,-0.321,0.227,g
2459909.27284,2022-11-25.7737974,bo,2.14,16.388,>16.388,99.990,-0.246,0.202,g
2459909.27407,2022-11-25.7750265,bo,2.12,16.373,>16.373,99.990,0.401,0.205,g
2459909.39421,2022-11-25.8951734,bo,1.47,16.771,>16.771,99.990,0.108,0.142,g
2459909.39545,2022-11-25.8964131,bo,1.42,16.840,>16.840,99.990,0.318,0.133,g
2459909.39668,2022-11-25.8976446,bo,1.45,16.782,>16.782,99.990,0.241,0.141,g
2459909.50207,2022-11-26.0030438,bo,1.52,16.782,>16.782,99.990,-0.082,0.141,g
2459909.50333,2022-11-26.0042928,bo,1.53,16.730,>16.730,99.990,0.219,0.148,g
2459909.50457,2022-11-26.0055334,bo,1.54,16.692,>16.692,99.990,0.202,0.153,g
2459909.58342,2022-11-26.0843986,bG,1.48,17.240,>17.240,99.990,0.067,0.092,g
2459909.58473,2022-11-26.0857093,bG,1.42,17.145,>17.145,99.990,0.056,0.101,g
2459909.58603,2022-11-26.0869975,bG,1.47,17.365,>17.365,99.990,0.240,0.082,g
2459910.26452,2022-11-26.7655168,bo,2.39,15.337,>15.337,99.990,0.529,0.532,g
2459910.26617,2022-11-26.7671710,bo,2.37,15.564,>15.564,99.990,-0.615,0.432,g
2459910.26779,2022-11-26.7687949,bo,2.41,15.680,>15.680,99.990,-0.784,0.388,g
2459910.51851,2022-11-27.0195230,bG,2.20,16.339,>16.339,99.990,-0.056,0.212,g
2459910.51981,2022-11-27.0208119,bG,2.16,16.420,>16.420,99.990,0.037,0.196,g
2459910.52108,2022-11-27.0220945,bG,2.13,16.737,>16.737,99.990,0.232,0.147,g
2459910.63358,2022-11-27.1345957,bG,1.44,17.305,>17.305,99.990,0.144,0.087,g
2459910.63488,2022-11-27.1358893,bG,1.42,17.292,>17.292,99.990,0.175,0.088,g
2459910.63617,2022-11-27.1371869,bG,1.43,17.289,>17.289,99.990,0.002,0.088,g
2459911.31608,2022-11-27.8171222,bo,1.54,16.852,>16.852,99.990,0.099,0.132,g
2459911.31746,2022-11-27.8185037,bo,1.61,16.668,>16.668,99.990,0.081,0.156,g
2459911.31891,2022-11-27.8199511,bo,1.59,16.675,>16.675,99.990,0.089,0.155,g
2459911.45066,2022-11-27.9517057,bo,1.62,16.811,>16.811,99.990,0.186,0.137,g
2459911.45190,2022-11-27.9529417,bo,1.61,16.587,>16.587,99.990,0.256,0.168,g
2459911.45314,2022-11-27.9541824,bo,1.57,16.708,>16.708,99.990,0.255,0.151,g
2459911.59865,2022-11-28.0996921,bk,1.44,17.065,>17.065,99.990,0.238,0.108,g
2459911.59989,2022-11-28.1009408,bk,1.42,16.981,>16.981,99.990,0.295,0.117,g
2459911.60114,2022-11-28.1021954,bk,1.42,17.100,>17.100,99.990,0.057,0.105,g
2459911.61384,2022-11-28.1148945,bG,1.46,17.113,>17.113,99.990,0.212,0.104,g
2459911.61514,2022-11-28.1161854,bG,1.43,17.178,>17.178,99.990,0.099,0.098,g
2459911.61644,2022-11-28.1174877,bG,1.41,17.131,>17.131,99.990,0.341,0.102,g
2459912.51560,2022-11-29.0166793,bG,1.65,15.878,>15.878,99.990,-0.224,0.324,g
2459912.51688,2022-11-29.0179638,bG,1.66,16.035,>16.035,99.990,0.498,0.280,g
2459912.51818,2022-11-29.0192630,bG,1.62,16.237,>16.237,99.990,-0.140,0.232,g
2459913.30827,2022-11-29.8093762,bo,1.45,16.381,>16.381,99.990,-0.122,0.204,g
2459913.30951,2022-11-29.8106229,bo,1.50,16.488,>16.488,99.990,0.008,0.185,g
2459913.31075,2022-11-29.8118637,bo,1.44,16.606,>16.606,99.990,0.161,0.165,g
2459914.28365,2022-11-30.7847893,bo,1.71,16.185,>16.185,99.990,0.193,0.244,g
2459914.28496,2022-11-30.7861027,bo,1.73,16.153,>16.153,99.990,0.357,0.251,g
2459914.28620,2022-11-30.7873376,bo,2.23,16.231,>16.231,99.990,0.487,0.234,g
2459914.40369,2022-11-30.9048395,bo,1.56,16.316,>16.316,99.990,-0.088,0.216,g
2459914.40493,2022-11-30.9060792,bo,1.54,16.405,>16.405,99.990,-0.264,0.199,g
2459914.40617,2022-11-30.9073197,bo,1.52,16.437,>16.437,99.990,0.310,0.193,g
2459914.49079,2022-11-30.9919445,bo,1.60,16.721,>16.721,99.990,-0.096,0.149,g
2459914.71852,2022-12-01.2196732,bk,1.49,16.902,>16.902,99.990,0.042,0.126,g
2459914.71977,2022-12-01.2209223,bk,1.47,16.786,>16.786,99.990,0.115,0.140,g
2459915.37955,2022-12-01.8807358,bo,1.64,16.270,>16.270,99.990,-0.212,0.225,g
2459915.38090,2022-12-01.8820832,bo,1.72,16.344,>16.344,99.990,0.597,0.211,g
2459915.38214,2022-12-01.8833202,bo,1.62,16.293,>16.293,99.990,0.360,0.221,g
2459915.59755,2022-12-02.0987391,bk,1.44,16.646,>16.646,99.990,-0.090,0.159,g
2459915.59879,2022-12-02.0999857,bk,1.46,16.579,>16.579,99.990,-0.035,0.170,g
2459915.60006,2022-12-02.1012469,bk,1.48,16.563,>16.563,99.990,0.499,0.172,g
2459915.67084,2022-12-02.1720371,bk,1.48,16.789,>16.789,99.990,0.168,0.140,g
2459915.67208,2022-12-02.1732721,bk,1.40,16.672,>16.672,99.990,-0.185,0.156,g
2459915.67332,2022-12-02.1745125,bk,1.42,16.633,>16.633,99.990,0.094,0.161,g
2459915.72431,2022-12-02.2255096,bG,1.46,16.842,>16.842,99.990,-0.205,0.133,g
2459915.72560,2022-12-02.2267960,bG,1.42,16.771,>16.771,99.990,0.091,0.142,g
2459915.72688,2022-12-02.2280809,bG,1.46,16.785,>16.785,99.990,-0.162,0.140,g
2459916.27222,2022-12-02.7734371,bo,1.50,15.732,>15.732,99.990,0.560,0.370,g
2459916.27348,2022-12-02.7746846,bo,1.46,15.906,>15.906,99.990,-0.126,0.315,g
2459916.27472,2022-12-02.7759254,bo,1.59,15.862,>15.862,99.990,-0.705,0.328,g
2459916.37234,2022-12-02.8735605,bo,1.47,16.305,>16.305,99.990,0.451,0.218,g
2459916.37358,2022-12-02.8747988,bo,1.44,16.145,>16.145,99.990,0.755,0.253,g
2459916.37484,2022-12-02.8760509,bo,1.44,16.228,>16.228,99.990,0.010,0.234,g
2459916.58738,2022-12-03.0886020,bG,1.47,16.552,>16.552,99.990,-0.083,0.174,g
2459916.58866,2022-12-03.0898855,bG,1.49,16.470,>16.470,99.990,0.291,0.188,g
2459916.58998,2022-12-03.0912050,bG,1.38,16.553,>16.553,99.990,-0.031,0.174,g
2459917.61875,2022-12-04.1200002,bG,1.44,16.588,>16.588,99.990,0.711,0.168,g
2459917.62004,2022-12-04.1212912,bG,1.46,16.556,>16.556,99.990,0.010,0.173,g
2459917.62134,2022-12-04.1225914,bG,1.41,16.511,>16.511,99.990,-0.229,0.181,g
2459918.32639,2022-12-04.8276703,bo,1.51,15.967,>15.967,99.990,-0.509,0.298,g
2459918.32763,2022-12-04.8289107,bo,1.53,16.000,>16.000,99.990,0.330,0.289,g
2459918.32886,2022-12-04.8301489,bo,1.58,15.956,>15.956,99.990,-0.202,0.301,g
2459918.52674,2022-12-05.0280337,bk,2.06,15.986,>15.986,99.990,-0.556,0.293,g
2459918.52798,2022-12-05.0292740,bk,1.52,16.130,>16.130,99.990,0.563,0.257,g
2459918.52922,2022-12-05.0305159,bk,1.45,16.102,>16.102,99.990,-0.299,0.263,g
2459920.27730,2022-12-06.7786450,bo,2.08,15.574,>15.574,99.990,-0.158,0.428,g
2459920.52430,2022-12-07.0256584,bk,1.62,15.745,>15.745,99.990,1.029,0.366,g
2459920.52554,2022-12-07.0268980,bk,1.42,15.849,>15.849,99.990,-0.119,0.332,g
2459920.52679,2022-12-07.0281525,bk,1.48,15.793,>15.793,99.990,0.931,0.350,g
2459920.62335,2022-12-07.1247151,bk,1.42,15.863,>15.863,99.990,1.437,0.328,g
2459920.62458,2022-12-07.1259452,bk,1.48,15.774,>15.774,99.990,0.000,0.356,g
2459920.62584,2022-12-07.1271908,bk,1.46,15.808,>15.808,99.990,0.765,0.345,g
2459921.29128,2022-12-07.7926596,bo,1.49,15.600,>15.600,99.990,-0.083,0.418,g
2459921.29253,2022-12-07.7939061,bo,1.55,15.678,>15.678,99.990,0.581,0.389,g
2459921.29395,2022-12-07.7953262,bo,1.48,15.728,>15.728,99.990,-0.588,0.371,g
2459921.55674,2022-12-08.0581331,bG,1.52,16.090,>16.090,99.990,-0.194,0.266,g
2459921.55804,2022-12-08.0594284,bG,1.50,16.087,>16.087,99.990,-0.173,0.267,g
2459921.55933,2022-12-08.0607158,bG,1.50,16.049,>16.049,99.990,-0.220,0.276,g
2459922.28478,2022-12-08.7861928,bo,2.29,15.235,>15.235,99.990,0.084,0.585,g
2459922.28601,2022-12-08.7874302,bo,2.21,14.918,>14.918,99.990,-0.157,0.783,g
2459922.38427,2022-12-08.8856787,bo,1.50,15.492,>15.492,99.990,0.865,0.462,g
2459922.38552,2022-12-08.8869334,bo,1.67,15.558,>15.558,99.990,-0.835,0.435,g
2459922.38679,2022-12-08.8882085,bo,1.62,15.492,>15.492,99.990,0.524,0.462,g
2459922.52648,2022-12-09.0278998,bG,1.69,16.264,>16.264,99.990,0.152,0.227,g
2459922.52777,2022-12-09.0291917,bG,1.76,16.492,>16.492,99.990,0.232,0.184,g
2459922.52904,2022-12-09.0304664,bG,1.77,16.410,>16.410,99.990,0.010,0.198,g
2459923.31025,2022-12-09.8116934,bo,1.55,16.244,>16.244,99.990,-0.096,0.231,g
2459923.31149,2022-12-09.8129284,bo,1.52,16.122,>16.122,99.990,-0.164,0.258,g
2459923.31273,2022-12-09.8141678,bo,1.47,16.306,>16.306,99.990,0.299,0.218,g
2459923.40948,2022-12-09.9109261,bo,1.48,15.629,>15.629,99.990,0.643,0.407,g
2459923.41072,2022-12-09.9121668,bo,1.46,15.693,>15.693,99.990,0.471,0.383,g
2459923.55635,2022-12-10.0578035,bk,1.45,16.898,>16.898,99.990,-0.048,0.126,g
2459923.55760,2022-12-10.0590443,bk,1.42,16.895,>16.895,99.990,0.059,0.127,g
2459923.55884,2022-12-10.0602918,bk,1.40,16.922,>16.922,99.990,0.061,0.124,g
2459925.52287,2022-12-12.0243898,bk,1.69,15.769,>15.769,99.990,0.273,0.358,g
2459925.52413,2022-12-12.0256414,bk,1.61,15.858,>15.858,99.990,-0.133,0.329,g
2459925.52538,2022-12-12.0268878,bk,1.58,16.018,>16.018,99.990,0.275,0.284,g
2459926.53137,2022-12-13.0329105,bG,2.36,16.682,>16.682,99.990,-0.309,0.154,g
2459926.53267,2022-12-13.0342162,bG,2.35,16.723,>16.723,99.990,-0.302,0.149,g
2459926.53397,2022-12-13.0355109,bG,2.35,16.815,>16.815,99.990,0.217,0.136,g
2459927.28211,2022-12-13.7836747,bo,1.48,16.259,>16.259,99.990,-0.259,0.228,g
2459927.28344,2022-12-13.7850055,bo,1.47,16.305,>16.305,99.990,0.187,0.218,g
2459927.28468,2022-12-13.7862487,bo,1.54,16.564,>16.564,99.990,-0.058,0.172,g
2459927.52762,2022-12-14.0291949,bk,1.51,16.215,>16.215,99.990,0.045,0.237,g
2459927.52887,2022-12-14.0304484,bk,1.39,16.338,>16.338,99.990,0.181,0.212,g
2459927.53012,2022-12-14.0316927,bk,1.43,16.505,>16.505,99.990,0.013,0.182,g
2459928.27494,2022-12-14.7765354,bo,1.73,15.588,>15.588,99.990,-0.607,0.422,g
2459928.27618,2022-12-14.7777774,bo,1.73,15.468,>15.468,99.990,0.664,0.472,g
2459928.27742,2022-12-14.7790181,bo,1.64,15.749,>15.749,99.990,0.625,0.364,g
2459928.52426,2022-12-15.0258651,bG,2.11,15.908,>15.908,99.990,0.441,0.315,g
2459928.52556,2022-12-15.0271636,bG,2.16,15.936,>15.936,99.990,0.291,0.307,g
2459928.52686,2022-12-15.0284550,bG,2.14,16.211,>16.211,99.990,-0.635,0.238,g
2459929.58125,2022-12-16.0828770,bG,1.42,17.324,>17.324,99.990,0.282,0.085,g
2459929.58254,2022-12-16.0841645,bG,1.43,17.264,>17.264,99.990,0.244,0.090,g
2459929.58382,2022-12-16.0854530,bG,1.44,17.305,>17.305,99.990,0.021,0.087,g
2459929.65596,2022-12-16.1575946,bG,1.53,17.336,>17.336,99.990,0.344,0.084,g
2459929.65726,2022-12-16.1588910,bG,1.60,17.458,>17.458,99.990,0.014,0.075,g
2459929.65855,2022-12-16.1601809,bG,1.47,17.307,>17.307,99.990,0.111,0.087,g
2459930.56548,2022-12-17.0671376,bk,1.50,17.036,>17.036,99.990,0.135,0.111,g
2459930.56672,2022-12-17.0683864,bk,1.42,17.055,>17.055,99.990,0.344,0.109,g
2459930.56798,2022-12-17.0696321,bk,1.45,16.971,>16.971,99.990,0.241,0.118,g
2459931.60934,2022-12-18.1110208,bk,1.40,17.285,>17.285,99.990,-0.077,0.089,g
2459931.61058,2022-12-18.1122662,bk,1.43,17.198,>17.198,99.990,0.074,0.096,g
2459931.61183,2022-12-18.1135163,bk,1.40,17.130,>17.130,99.990,0.293,0.102,g
2459932.31119,2022-12-18.8129027,bo,1.53,16.775,>16.775,99.990,0.075,0.142,g
2459932.31242,2022-12-18.8141355,bo,1.47,16.868,>16.868,99.990,0.068,0.130,g
2459932.31368,2022-12-18.8153809,bo,1.46,16.905,>16.905,99.990,-0.111,0.126,g
2459932.39594,2022-12-18.8976503,bo,1.52,16.834,>16.834,99.990,0.322,0.134,g
2459932.39718,2022-12-18.8988909,bo,1.51,16.886,>16.886,99.990,-0.196,0.128,g
2459932.64456,2022-12-19.1462726,bG,1.46,17.255,>17.255,99.990,-0.015,0.091,g
2459932.64585,2022-12-19.1475690,bG,1.49,17.195,>17.195,99.990,0.256,0.096,g
2459932.64714,2022-12-19.1488539,bG,1.47,17.358,>17.358,99.990,-0.058,0.083,g
2459933.53403,2022-12-20.0357782,bk,1.58,16.554,>16.554,99.990,0.009,0.174,g
2459933.53527,2022-12-20.0370200,bk,1.56,16.693,>16.693,99.990,-0.199,0.153,g
2459933.53653,2022-12-20.0382675,bk,1.54,16.619,>16.619,99.990,0.490,0.163,g
2459934.28134,2022-12-20.7830983,bo,1.50,15.782,>15.782,99.990,-0.158,0.353,g
2459934.28258,2022-12-20.7843379,bo,1.55,16.164,>16.164,99.990,0.124,0.249,g
2459934.28382,2022-12-20.7855775,bo,1.54,16.178,>16.178,99.990,0.049,0.245,g
2459935.28568,2022-12-21.7874697,bo,1.52,16.201,>16.201,99.990,-0.192,0.240,g
2459935.28692,2022-12-21.7887140,bo,1.50,16.273,>16.273,99.990,-0.076,0.225,g
2459935.28816,2022-12-21.78995,bo,1.54,16.316,>16.316,99.990,-0.277,0.216,g
2459935.67375,2022-12-22.1755373,bG,1.61,17.240,>17.240,99.990,-0.028,0.092,g
2459935.67506,2022-12-22.1768489,bG,1.55,17.336,>17.336,99.990,0.264,0.084,g
2459935.67637,2022-12-22.1781606,bG,1.55,17.242,>17.242,99.990,-0.004,0.092,g
2459936.28185,2022-12-22.7836583,bo,1.63,15.805,>15.805,99.990,0.235,0.346,g
2459936.28310,2022-12-22.7849082,bo,1.68,15.900,>15.900,99.990,0.179,0.317,g
2459936.28444,2022-12-22.7862612,bo,1.54,16.039,>16.039,99.990,-0.142,0.279,g
2459937.59683,2022-12-24.0986820,bG,1.50,17.222,>17.222,99.990,-0.012,0.094,g
2459937.59813,2022-12-24.0999780,bG,1.47,17.280,>17.280,99.990,0.274,0.089,g
2459937.59943,2022-12-24.1012792,bG,1.46,17.381,>17.381,99.990,0.327,0.081,g
2459938.38129,2022-12-24.8831538,bo,2.14,14.018,>14.018,99.990,-1.522,1.794,g
2459938.58516,2022-12-25.0870319,bG,1.48,17.176,>17.176,99.990,0.098,0.098,g
2459938.58646,2022-12-25.0883299,bG,1.56,17.203,>17.203,99.990,0.103,0.095,g
2459938.58775,2022-12-25.0896125,bG,1.54,17.195,>17.195,99.990,0.097,0.096,g
2459939.35086,2022-12-25.8527513,bo,1.60,16.814,>16.814,99.990,-0.064,0.137,g
2459939.35210,2022-12-25.8539828,bo,1.62,16.877,>16.877,99.990,0.010,0.129,g
2459939.35334,2022-12-25.8552239,bo,1.66,16.757,>16.757,99.990,0.256,0.144,g
2459939.58864,2022-12-26.0905236,bk,1.47,17.370,>17.370,99.990,0.094,0.082,g
2459939.58988,2022-12-26.0917631,bk,1.47,17.464,>17.464,99.990,0.187,0.075,g
2459939.59112,2022-12-26.0930087,bk,1.46,17.136,>17.136,99.990,0.258,0.102,g
2459940.28664,2022-12-26.7885484,bo,1.48,16.045,>16.045,99.990,-0.520,0.277,g
2459940.28788,2022-12-26.7897959,bo,1.55,16.284,>16.284,99.990,0.588,0.222,g
2459940.28912,2022-12-26.7910331,bo,1.51,16.300,>16.300,99.990,-0.478,0.219,g
2459940.41061,2022-12-26.9125206,bo,1.39,16.846,>16.846,99.990,0.123,0.133,g
2459940.41184,2022-12-26.9137495,bo,1.46,16.639,>16.639,99.990,0.388,0.160,g
2459940.41308,2022-12-26.9149842,bo,1.44,16.930,>16.930,99.990,-0.039,0.123,g
2459940.58545,2022-12-27.0873592,bk,1.47,17.166,>17.166,99.990,0.181,0.099,g
2459940.58669,2022-12-27.0885987,bk,1.54,17.060,>17.060,99.990,0.293,0.109,g
2459940.58793,2022-12-27.0898440,bk,1.52,17.049,>17.049,99.990,0.109,0.110,g
2459941.28305,2022-12-27.7849817,bo,1.49,15.824,>15.824,99.990,0.384,0.340,g
2459941.28429,2022-12-27.7862200,bo,1.47,16.005,>16.005,99.990,0.401,0.288,g
2459941.28554,2022-12-27.7874746,bo,1.43,15.970,>15.970,99.990,-0.199,0.297,g
2459941.38154,2022-12-27.8834762,bo,1.48,16.954,>16.954,99.990,-0.101,0.120,g
2459941.38280,2022-12-27.8847310,bo,1.46,16.809,>16.809,99.990,0.039,0.137,g
2459941.38404,2022-12-27.8859692,bo,1.48,16.757,>16.757,99.990,0.137,0.144,g
2459942.37505,2022-12-28.8770059,bo,1.55,16.575,>16.575,99.990,-0.029,0.170,g
2459942.37629,2022-12-28.8782466,bo,1.52,16.592,>16.592,99.990,-0.326,0.168,g
2459942.37754,2022-12-28.8795011,bo,1.53,16.537,>16.537,99.990,-0.049,0.176,g
2459943.38795,2022-12-29.8899292,bo,2.41,16.265,>16.265,99.990,-0.352,0.227,g
2459943.39057,2022-12-29.8925539,bo,2.41,16.262,>16.262,99.990,-0.038,0.227,g
2459943.62152,2022-12-30.1234943,bG,1.54,16.746,>16.746,99.990,0.123,0.145,g
2459943.62283,2022-12-30.1248041,bG,1.63,16.890,>16.890,99.990,-0.083,0.127,g
2459943.62410,2022-12-30.1260843,bG,1.60,16.761,>16.761,99.990,-0.023,0.143,g
2459944.28350,2022-12-30.7854908,bo,1.51,15.721,>15.721,99.990,-0.140,0.374,g
2459944.28475,2022-12-30.7867412,bo,1.50,15.916,>15.916,99.990,-0.246,0.312,g
2459944.28604,2022-12-30.7880369,bo,1.42,16.176,>16.176,99.990,0.176,0.246,g
2459946.31089,2023-01-01.8129251,bo,2.25,15.858,>15.858,99.990,-0.687,0.329,g
2459946.31212,2023-01-01.8141528,bo,2.26,15.767,>15.767,99.990,0.136,0.358,g
2459946.31344,2023-01-01.8154721,bo,2.26,15.873,>15.873,99.990,0.100,0.325,g
2459947.30653,2023-01-02.8085777,bo,2.02,15.906,>15.906,99.990,-0.421,0.315,g
2459947.30778,2023-01-02.8098277,bo,2.02,15.793,>15.793,99.990,0.463,0.350,g
2459947.30903,2023-01-02.8110791,bo,1.81,15.901,>15.901,99.990,0.286,0.317,g
2459948.29385,2023-01-03.7959274,bo,1.51,15.758,>15.758,99.990,0.246,0.361,g
2459948.29529,2023-01-03.7973557,bo,1.53,15.842,>15.842,99.990,0.528,0.334,g
2459948.29679,2023-01-03.7988611,bo,1.46,16.231,>16.231,99.990,0.214,0.234,g
2459949.60244,2023-01-05.1045319,bG,1.58,15.979,>15.979,99.990,-0.046,0.295,g
2459949.60374,2023-01-05.1058277,bG,1.62,16.106,>16.106,99.990,0.346,0.262,g
2459949.60503,2023-01-05.1071168,bG,1.55,16.109,>16.109,99.990,-0.112,0.262,g
2459950.31789,2023-01-05.8199929,bo,2.06,15.657,>15.657,99.990,-0.161,0.396,g
2459950.31948,2023-01-05.8215814,bo,2.03,15.084,>15.084,99.990,-1.607,0.672,g
2459950.32111,2023-01-05.8232053,bo,2.03,15.430,>15.430,99.990,0.848,0.489,g
2459951.28382,2023-01-06.7859447,bo,1.52,15.486,>15.486,99.990,-0.380,0.464,g
2459951.28507,2023-01-06.7871903,bo,1.56,15.534,>15.534,99.990,-0.412,0.444,g
2459951.28631,2023-01-06.7884284,bo,1.60,15.581,>15.581,99.990,-0.248,0.425,g
2459951.63012,2023-01-07.1322408,bG,1.86,15.077,>15.077,99.990,0.854,0.677,g
2459951.63271,2023-01-07.1348417,bG,1.64,14.659,>14.659,99.990,0.283,0.994,g
2459952.29787,2023-01-07.8000020,bo,1.51,16.030,>16.030,99.990,-0.218,0.281,g
2459952.29911,2023-01-07.8012430,bo,1.51,15.934,>15.934,99.990,-0.073,0.307,g
2459952.30035,2023-01-07.8024804,bo,1.45,15.957,>15.957,99.990,-0.474,0.301,g
2459952.54935,2023-01-08.0514871,bG,1.83,16.498,>16.498,99.990,-0.388,0.183,g
2459952.55064,2023-01-08.0527768,bG,1.73,16.352,>16.352,99.990,0.445,0.209,g
2459952.55192,2023-01-08.0540583,bG,1.73,16.505,>16.505,99.990,0.180,0.181,g
2459952.57503,2023-01-08.0771627,bk,1.57,15.976,>15.976,99.990,0.748,0.296,g
2459952.57626,2023-01-08.0784010,bk,1.60,16.033,>16.033,99.990,-0.231,0.280,g
2459952.57751,2023-01-08.0796415,bk,1.54,15.854,>15.854,99.990,0.639,0.331,g
2459953.30339,2023-01-08.8055493,bo,1.73,16.343,>16.343,99.990,-0.193,0.211,g
2459953.30465,2023-01-08.8067959,bo,1.67,16.383,>16.383,99.990,0.371,0.203,g
2459953.30606,2023-01-08.8082052,bo,1.74,16.342,>16.342,99.990,0.428,0.211,g
2459953.52945,2023-01-09.0316019,bk,2.02,15.765,>15.765,99.990,-0.782,0.359,g
2459953.53069,2023-01-09.0328447,bk,2.01,15.856,>15.856,99.990,0.778,0.330,g
2459953.53192,2023-01-09.0340748,bk,1.62,15.828,>15.828,99.990,-0.177,0.339,g
2459953.62486,2023-01-09.1270129,bG,1.58,16.154,>16.154,99.990,0.178,0.251,g
2459953.62617,2023-01-09.1283240,bG,1.58,16.105,>16.105,99.990,0.833,0.262,g
2459953.62747,2023-01-09.1296216,bG,1.58,16.113,>16.113,99.990,-0.024,0.261,g
2459954.28731,2023-01-09.7894743,bo,1.55,16.046,>16.046,99.990,-0.256,0.277,g
2459954.28855,2023-01-09.7907164,bo,1.74,16.193,>16.193,99.990,-0.022,0.242,g
2459954.28979,2023-01-09.7919561,bo,1.51,16.516,>16.516,99.990,0.049,0.180,g
2459954.53299,2023-01-10.0351525,bk,1.52,16.054,>16.054,99.990,0.039,0.275,g
2459954.53423,2023-01-10.0363923,bk,1.59,16.246,>16.246,99.990,0.827,0.230,g
2459954.53548,2023-01-10.0376446,bk,1.54,16.302,>16.302,99.990,0.404,0.219,g
2459955.28835,2023-01-10.7905283,bo,1.78,15.891,>15.891,99.990,0.021,0.320,g
2459955.28967,2023-01-10.7918454,bo,1.69,15.923,>15.923,99.990,0.246,0.310,g
2459955.29095,2023-01-10.7931332,bo,1.68,16.018,>16.018,99.990,-0.705,0.284,g
2459955.54814,2023-01-11.0503291,bk,1.57,17.159,>17.159,99.990,-0.077,0.099,g
2459955.54940,2023-01-11.0515718,bk,1.59,17.172,>17.172,99.990,-0.074,0.098,g
2459955.55064,2023-01-11.0528127,bk,1.55,17.088,>17.088,99.990,0.180,0.106,g
2459959.27883,2023-01-14.7810488,bo,2.36,15.366,>15.366,99.990,-1.233,0.518,g
2459959.28008,2023-01-14.7823048,bo,2.39,15.468,>15.468,99.990,-0.088,0.472,g
2459959.52865,2023-01-15.0308796,bG,2.12,15.728,>15.728,99.990,0.138,0.371,g
2459959.52995,2023-01-15.0321697,bG,2.10,15.984,>15.984,99.990,-0.356,0.293,g
2459959.53126,2023-01-15.0334819,bG,2.12,16.096,>16.096,99.990,0.722,0.265,g
2459960.34565,2023-01-15.8478803,bo,1.65,17.051,>17.051,99.990,-0.145,0.110,g
2459960.34688,2023-01-15.8491092,bo,1.61,17.019,>17.019,99.990,0.042,0.113,g
2459960.34811,2023-01-15.8503380,bo,1.68,17.145,>17.145,99.990,0.181,0.101,g
2459961.52805,2023-01-17.0302973,bk,2.01,15.469,>15.469,99.990,0.004,0.471,g
2459961.52931,2023-01-17.0315474,bk,1.64,15.765,>15.765,99.990,0.225,0.359,g
2459961.53055,2023-01-17.0327902,bk,1.65,16.191,>16.191,99.990,0.131,0.242,g
2459962.53417,2023-01-18.0364305,bG,2.06,16.344,>16.344,99.990,0.181,0.211,g
2459962.53546,2023-01-18.0377122,bG,2.09,16.711,>16.711,99.990,0.542,0.150,g
2459962.53677,2023-01-18.0390166,bG,2.03,16.636,>16.636,99.990,-0.183,0.161,g
2459963.55946,2023-01-19.0617196,bG,1.73,17.139,>17.139,99.990,0.196,0.101,g
2459963.56074,2023-01-19.0629956,bG,1.83,17.323,>17.323,99.990,0.205,0.085,g
2459963.56201,2023-01-19.0642795,bG,1.84,17.079,>17.079,99.990,0.199,0.107,g
2459964.59691,2023-01-20.0991719,bG,1.61,17.184,>17.184,99.990,0.043,0.097,g
2459964.59817,2023-01-20.1004422,bG,1.6,17.417,>17.417,99.990,-0.195,0.078,g
2459964.59945,2023-01-20.1017206,bG,1.61,17.114,>17.114,99.990,0.144,0.104,g
2459965.59546,2023-01-21.0977324,bG,1.55,17.167,>17.167,99.990,-0.021,0.099,g
2459966.59110,2023-01-22.0933872,bG,1.55,16.969,>16.969,99.990,0.198,0.118,g
2459966.59240,2023-01-22.0946856,bG,1.59,17.301,>17.301,99.990,0.158,0.087,g
2459966.59369,2023-01-22.0959745,bG,1.54,17.028,>17.028,99.990,0.115,0.112,g
2459967.59192,2023-01-23.0941990,bG,1.71,17.053,>17.053,99.990,0.232,0.110,g
2459968.29460,2023-01-23.7968903,bo,1.66,16.938,>16.938,99.990,-0.005,0.122,g
2459968.58385,2023-01-24.0861412,bG,1.65,16.948,>16.948,99.990,0.185,0.121,g
2459968.58515,2023-01-24.0874349,bG,1.68,17.109,>17.109,99.990,0.183,0.104,g
2459968.58642,2023-01-24.0887174,bG,1.71,17.103,>17.103,99.990,-0.003,0.105,g
2459969.31025,2023-01-24.8125372,bo,1.68,17.131,>17.131,99.990,0.267,0.102,g
2459969.31149,2023-01-24.8137829,bo,1.68,17.148,>17.148,99.990,0.205,0.100,g
2459969.31273,2023-01-24.8150285,bo,1.62,17.048,>17.048,99.990,0.147,0.110,g
2459969.58327,2023-01-25.0855567,bG,1.83,17.090,>17.090,99.990,0.331,0.106,g
2459969.58454,2023-01-25.0868325,bG,1.67,17.249,>17.249,99.990,-0.097,0.092,g
2459969.58583,2023-01-25.0881218,bG,1.66,17.100,>17.100,99.990,0.170,0.105,g
2459970.57792,2023-01-26.0802134,bG,1.61,17.162,>17.162,99.990,0.264,0.099,g
2459970.57921,2023-01-26.0815034,bG,1.67,16.935,>16.935,99.990,0.034,0.122,g
2459970.58050,2023-01-26.0828010,bG,1.60,17.043,>17.043,99.990,0.210,0.111,g
2459971.30164,2023-01-26.8039292,bo,1.67,16.907,>16.907,99.990,0.220,0.125,g
2459971.30288,2023-01-26.8051746,bo,1.74,16.823,>16.823,99.990,0.017,0.135,g
2459971.30412,2023-01-26.8064130,bo,1.62,16.739,>16.739,99.990,-0.097,0.146,g
2459973.53196,2023-01-29.0342523,bG,2.31,16.430,>16.430,99.990,-0.376,0.195,g
2459973.53324,2023-01-29.0355357,bG,2.29,16.271,>16.271,99.990,0.417,0.225,g
2459973.53454,2023-01-29.0368320,bG,2.28,16.724,>16.724,99.990,-0.160,0.148,g
2459974.53517,2023-01-30.0374710,bk,2.06,16.348,>16.348,99.990,0.505,0.210,g
2459974.53642,2023-01-30.0387200,bk,2.03,16.276,>16.276,99.990,0.521,0.224,g
2459974.53766,2023-01-30.0399642,bk,2.02,16.515,>16.515,99.990,-0.044,0.180,g
2459976.27990,2023-01-31.7821899,bo,2.06,16.040,>16.040,99.990,-0.362,0.279,g
2459976.28112,2023-01-31.7834215,bo,2.01,15.894,>15.894,99.990,0.807,0.319,g
2459976.28237,2023-01-31.7846690,bo,2.01,16.222,>16.222,99.990,-0.380,0.236,g
2459977.31368,2023-02-01.8159788,bo,1.46,16.396,>16.396,99.990,-0.220,0.201,g
2459977.31492,2023-02-01.8172195,bo,1.44,16.109,>16.109,99.990,-0.178,0.261,g
2459977.31616,2023-02-01.8184586,bo,1.46,16.100,>16.100,99.990,-0.042,0.264,g
2459981.30287,2023-02-05.8051488,bo,1.57,15.677,>15.677,99.990,-0.173,0.389,g
2459981.30411,2023-02-05.8063906,bo,1.50,15.568,>15.568,99.990,0.268,0.430,g
2459981.30536,2023-02-05.8076453,bo,1.50,15.748,>15.748,99.990,-0.354,0.365,g
2459982.54691,2023-02-07.0491822,bG,2.22,16.125,>16.125,99.990,0.002,0.258,g
2459982.54821,2023-02-07.0504842,bG,2.20,16.113,>16.113,99.990,-0.079,0.261,g
2459982.54951,2023-02-07.0517807,bG,2.19,16.213,>16.213,99.990,-0.163,0.238,g
2459983.54647,2023-02-08.0487380,bG,2.45,16.611,>16.611,99.990,0.419,0.165,g
2459983.54776,2023-02-08.0500362,bG,2.48,16.658,>16.658,99.990,-0.063,0.158,g
2459984.28194,2023-02-08.7842032,bo,1.42,17.037,>17.037,99.990,-0.236,0.111,g
2459984.28317,2023-02-08.7854299,bo,1.48,16.958,>16.958,99.990,-0.164,0.120,g
2459984.28440,2023-02-08.7866662,bo,1.46,17.102,>17.102,99.990,-0.029,0.105,g
2459985.28123,2023-02-09.7834792,bo,1.43,17.087,>17.087,99.990,0.091,0.106,g
2459985.28246,2023-02-09.7847152,bo,1.46,16.984,>16.984,99.990,0.219,0.117,g
2459985.28372,2023-02-09.7859736,bo,1.48,17.057,>17.057,99.990,-0.035,0.109,g
2459988.27556,2023-02-12.7777915,bo,1.68,16.751,>16.751,99.990,0.084,0.145,g
2459988.27680,2023-02-12.7790335,bo,1.63,16.788,>16.788,99.990,-0.269,0.140,g
2459988.27806,2023-02-12.7802872,bo,1.67,16.911,>16.911,99.990,0.087,0.125,g
2459989.52652,2023-02-14.0287320,bG,2.44,16.753,>16.753,99.990,-0.006,0.144,g
2459989.52781,2023-02-14.0300339,bG,2.40,16.864,>16.864,99.990,0.033,0.130,g
2459989.52912,2023-02-14.0313440,bG,2.43,16.885,>16.885,99.990,-0.039,0.128,g
2459990.27389,2023-02-14.7760918,bo,1.73,16.643,>16.643,99.990,-0.048,0.160,g
2459990.27513,2023-02-14.7773400,bo,1.66,16.818,>16.818,99.990,0.039,0.136,g
2459990.27637,2023-02-14.7785827,bo,1.64,17.032,>17.032,99.990,-0.178,0.112,g
2459990.52739,2023-02-15.0295859,bG,1.77,16.862,>16.862,99.990,-0.072,0.131,g
2459990.52866,2023-02-15.0308641,bG,2.03,17.093,>17.093,99.990,0.157,0.106,g
2459991.27005,2023-02-15.7722451,bo,1.51,16.551,>16.551,99.990,0.245,0.174,g
2459991.27128,2023-02-15.7734859,bo,1.54,16.715,>16.715,99.990,-0.259,0.150,g
2459991.27254,2023-02-15.7747278,bo,1.51,16.858,>16.858,99.990,-0.159,0.131,g
2459991.52513,2023-02-16.0273201,bG,2.48,16.837,>16.837,99.990,0.083,0.134,g
2459991.52643,2023-02-16.0286166,bG,2.45,16.797,>16.797,99.990,0.261,0.139,g
2459994.26202,2023-02-18.7641736,bo,1.59,15.988,>15.988,99.990,0.358,0.292,g
2459994.26326,2023-02-18.7654157,bo,1.38,16.006,>16.006,99.990,-0.082,0.288,g
2459994.26450,2023-02-18.7666589,bo,1.46,16.412,>16.412,99.990,-0.416,0.198,g
2459995.26722,2023-02-19.7693715,bo,1.45,16.807,>16.807,99.990,0.466,0.137,g
2459995.26884,2023-02-19.7709769,bo,1.43,16.781,>16.781,99.990,0.151,0.141,g
2459997.25705,2023-02-21.7591550,bo,1.44,15.757,>15.757,99.990,-0.437,0.362,g
2459997.25832,2023-02-21.7604239,bo,1.49,15.680,>15.680,99.990,0.038,0.388,g
2459997.25954,2023-02-21.7616599,bo,1.52,15.964,>15.964,99.990,0.223,0.299,g
2459999.25540,2023-02-23.7574837,bo,2.33,15.296,>15.296,99.990,0.662,0.553,g
2459999.25669,2023-02-23.7587734,bo,2.22,15.528,>15.528,99.990,-0.323,0.446,g
2459999.25794,2023-02-23.7600234,bo,2.19,15.904,>15.904,99.990,-0.650,0.316,g
2460069.92918,2023-05-05.4289518,bk,1.52,15.587,>15.587,99.990,1.096,0.423,g
2460069.93043,2023-05-05.4301998,bk,1.49,15.692,>15.692,99.990,-0.418,0.384,g
2460069.93167,2023-05-05.4314403,bk,1.50,15.366,>15.366,99.990,-0.777,0.518,g
2460070.93212,2023-05-06.4318474,bG,1.59,15.694,>15.694,99.990,0.863,0.383,g
2460071.92064,2023-05-07.4203214,bk,1.59,15.461,>15.461,99.990,-0.803,0.475,g
2460071.92188,2023-05-07.4215635,bk,1.66,15.625,>15.625,99.990,-0.924,0.408,g
2460071.92312,2023-05-07.4228065,bk,1.58,15.568,>15.568,99.990,1.806,0.430,g
2460072.92818,2023-05-08.4278370,bk,1.73,15.940,>15.940,99.990,-0.344,0.306,g
2460072.92943,2023-05-08.4290833,bk,1.73,15.769,>15.769,99.990,-1.000,0.358,g
2460072.93068,2023-05-08.4303226,bk,1.66,15.616,>15.616,99.990,0.094,0.412,g
2460073.91608,2023-05-09.4156917,bG,1.44,16.270,>16.270,99.990,-0.449,0.225,g
2460073.91738,2023-05-09.4169905,bG,1.49,16.491,>16.491,99.990,0.071,0.184,g
2460073.91866,2023-05-09.4182703,bG,1.45,16.314,>16.314,99.990,0.039,0.216,g
2460076.93375,2023-05-12.4332488,bk,1.50,15.901,>15.901,99.990,-0.804,0.317,g
2460076.93499,2023-05-12.4344870,bk,1.56,15.700,>15.700,99.990,0.823,0.381,g
2460076.93623,2023-05-12.4357302,bk,1.50,15.477,>15.477,99.990,0.177,0.468,g
2460098.92200,2023-06-03.4206906,bG,1.52,15.857,>15.857,99.990,0.454,0.330,g
2460098.92331,2023-06-03.4220021,bG,1.48,15.795,>15.795,99.990,-0.122,0.349,g
2460098.92461,2023-06-03.4232983,bG,1.50,15.865,>15.865,99.990,-0.416,0.327,g
2460107.86615,2023-06-12.3645702,bk,1.51,16.870,>16.870,99.990,-0.192,0.130,g
2460107.86739,2023-06-12.3658049,bk,1.44,16.962,>16.962,99.990,-0.086,0.119,g
2460108.94584,2023-06-13.4442246,bG,1.49,16.390,>16.390,99.990,-0.334,0.202,g
2460108.94713,2023-06-13.4455133,bG,1.45,16.295,>16.295,99.990,0.806,0.220,g
2460108.94842,2023-06-13.4467990,bG,1.48,16.010,>16.010,99.990,0.237,0.286,g
2460109.82384,2023-06-14.3222026,bG,1.50,17.239,>17.239,99.990,-0.164,0.092,g
2460109.82514,2023-06-14.3234994,bG,1.52,17.187,>17.187,99.990,-0.172,0.097,g
2460109.82644,2023-06-14.3248046,bG,1.48,17.141,>17.141,99.990,-0.022,0.101,g
2460109.84656,2023-06-14.3449229,bk,1.65,17.194,>17.194,99.990,-0.063,0.096,g
2460109.84781,2023-06-14.3461694,bk,1.60,17.214,>17.214,99.990,0.192,0.094,g
2460109.84908,2023-06-14.3474305,bk,1.69,17.073,>17.073,99.990,0.229,0.108,g
2460110.93817,2023-06-15.4364895,bG,1.45,17.065,>17.065,99.990,0.117,0.108,g
2460110.93947,2023-06-15.4377873,bG,1.45,16.999,>16.999,99.990,0.432,0.115,g
2460110.94076,2023-06-15.4390862,bG,1.42,16.866,>16.866,99.990,0.084,0.130,g
2460111.82706,2023-06-16.3253582,bG,1.49,17.162,>17.162,99.990,0.121,0.099,g
2460111.82836,2023-06-16.3266603,bG,1.49,17.125,>17.125,99.990,0.088,0.103,g
2460111.82965,2023-06-16.3279545,bG,1.45,17.226,>17.226,99.990,0.096,0.093,g
2460111.84283,2023-06-16.3411333,bG,1.48,17.328,>17.328,99.990,0.169,0.085,g
2460111.84412,2023-06-16.3424192,bG,1.44,17.356,>17.356,99.990,0.215,0.083,g
2460111.84541,2023-06-16.3437112,bG,1.48,17.328,>17.328,99.990,0.020,0.085,g
2460112.86814,2023-06-17.3664094,bG,1.48,17.236,>17.236,99.990,0.082,0.093,g
2460112.86944,2023-06-17.3677103,bG,1.45,17.276,>17.276,99.990,0.063,0.089,g
2460112.87072,2023-06-17.3689920,bG,1.48,17.291,>17.291,99.990,0.177,0.088,g
2460113.82182,2023-06-18.3200733,bG,1.45,17.279,>17.279,99.990,0.031,0.089,g
2460113.82311,2023-06-18.3213594,bG,1.41,17.243,>17.243,99.990,0.067,0.092,g
2460113.82439,2023-06-18.3226481,bG,1.44,17.214,>17.214,99.990,-0.142,0.094,g
2460114.82261,2023-06-19.3208278,bG,1.64,17.012,>17.012,99.990,-0.138,0.114,g
2460114.82388,2023-06-19.3221060,bG,1.65,17.095,>17.095,99.990,0.098,0.105,g
2460114.82518,2023-06-19.3234037,bG,1.61,17.066,>17.066,99.990,0.073,0.108,g
2460116.62701,2023-06-21.1251856,bo,1.46,16.956,>16.956,99.990,0.171,0.120,g
2460116.87179,2023-06-21.3699656,bk,1.44,17.124,>17.124,99.990,0.156,0.103,g
2460116.87303,2023-06-21.3712072,bk,1.44,17.142,>17.142,99.990,0.079,0.101,g
2460116.87428,2023-06-21.3724432,bk,1.43,17.098,>17.098,99.990,0.315,0.105,g
2460118.55745,2023-06-23.0555759,bo,1.54,17.131,>17.131,99.990,0.026,0.102,g
2460118.55870,2023-06-23.0568307,bo,1.57,16.945,>16.945,99.990,0.050,0.121,g
2460118.55995,2023-06-23.0580853,bo,1.62,17.207,>17.207,99.990,0.158,0.095,g
2460119.91186,2023-06-24.4099628,bk,1.48,17.187,>17.187,99.990,0.188,0.097,g
2460119.91310,2023-06-24.4112024,bk,1.48,17.134,>17.134,99.990,-0.056,0.102,g
2460119.91434,2023-06-24.4124454,bk,1.46,17.090,>17.090,99.990,-0.088,0.106,g
2460120.81186,2023-06-25.3099326,bG,1.47,17.252,>17.252,99.990,-0.092,0.091,g
2460120.81316,2023-06-25.3112292,bG,1.45,17.143,>17.143,99.990,0.128,0.101,g
2460120.81443,2023-06-25.3125118,bG,1.44,17.139,>17.139,99.990,0.226,0.101,g
2460121.81054,2023-06-26.3085870,bk,1.65,14.966,>14.966,99.990,-0.127,0.749,g
2460123.78625,2023-06-28.2842626,bk,1.50,17.053,>17.053,99.990,0.054,0.110,g
2460123.78751,2023-06-28.2855186,bk,1.45,17.173,>17.173,99.990,0.101,0.098,g
2460123.78876,2023-06-28.2867603,bk,1.47,17.162,>17.162,99.990,0.103,0.099,g
2460124.81265,2023-06-29.3106413,bG,1.49,17.043,>17.043,99.990,-0.006,0.111,g
2460124.81396,2023-06-29.3119472,bG,1.50,17.026,>17.026,99.990,0.067,0.112,g
2460124.81524,2023-06-29.3132217,bG,1.59,16.947,>16.947,99.990,0.218,0.121,g
2460125.79886,2023-06-30.2968340,bG,1.66,16.502,>16.502,99.990,0.135,0.182,g
2460125.80016,2023-06-30.2981310,bG,1.57,16.532,>16.532,99.990,-0.400,0.177,g
2460125.80146,2023-06-30.2994258,bG,1.55,16.433,>16.433,99.990,0.343,0.194,g
2460126.54088,2023-07-01.0388248,bo,1.66,16.024,>16.024,99.990,0.611,0.283,g
2460126.54213,2023-07-01.0400792,bo,1.56,15.984,>15.984,99.990,1.273,0.293,g
2460126.54338,2023-07-01.0413282,bo,1.48,16.180,>16.180,99.990,0.018,0.245,g
2460126.58980,2023-07-01.0877427,bo,1.49,16.215,>16.215,99.990,-0.181,0.237,g
2460126.59104,2023-07-01.0889832,bo,1.53,16.268,>16.268,99.990,0.154,0.226,g
2460126.59228,2023-07-01.0902226,bo,1.53,16.111,>16.111,99.990,-0.047,0.261,g
2460126.79154,2023-07-01.2894789,bG,1.49,16.188,>16.188,99.990,0.125,0.243,g
2460126.79282,2023-07-01.2907670,bG,1.50,16.207,>16.207,99.990,-0.289,0.239,g
2460126.79413,2023-07-01.2920738,bG,1.56,16.345,>16.345,99.990,-0.355,0.210,g
2460127.79149,2023-07-02.2894233,bG,1.53,15.739,>15.739,99.990,0.701,0.368,g
2460127.79278,2023-07-02.2907106,bG,1.51,15.865,>15.865,99.990,0.762,0.327,g
2460127.79407,2023-07-02.2919957,bG,1.53,15.793,>15.793,99.990,-0.228,0.350,g
2460128.53830,2023-07-03.0362178,bo,1.52,15.612,>15.612,99.990,0.024,0.413,g
2460128.53961,2023-07-03.0375288,bo,1.72,15.460,>15.460,99.990,-1.456,0.475,g
2460128.54086,2023-07-03.0387822,bo,1.58,15.688,>15.688,99.990,0.783,0.386,g
2460128.82163,2023-07-03.3195490,bG,1.56,15.792,>15.792,99.990,0.551,0.350,g
2460128.82293,2023-07-03.3208422,bG,1.52,15.666,>15.666,99.990,-0.046,0.393,g
2460128.82423,2023-07-03.3221438,bG,1.60,15.720,>15.720,99.990,-0.554,0.374,g
2460129.56082,2023-07-04.0587232,bo,1.60,15.776,>15.776,99.990,-1.180,0.356,g
2460129.56209,2023-07-04.0599806,bo,1.59,15.724,>15.724,99.990,0.182,0.373,g
2460129.56335,2023-07-04.0612456,bo,1.55,15.495,>15.495,99.990,0.058,0.460,g
2460129.59451,2023-07-04.0924002,bo,1.55,15.606,>15.606,99.990,-0.370,0.416,g
2460129.59591,2023-07-04.0938060,bo,1.45,15.520,>15.520,99.990,-0.563,0.450,g
2460129.59733,2023-07-04.0952256,bo,1.44,15.674,>15.674,99.990,-0.061,0.390,g
2460129.69613,2023-07-04.1940211,bo,1.52,15.404,>15.404,99.990,0.270,0.500,g
2460129.69737,2023-07-04.1952700,bo,1.68,15.605,>15.605,99.990,-0.346,0.416,g
2460129.69862,2023-07-04.1965108,bo,1.54,15.335,>15.335,99.990,-0.198,0.533,g
2460130.77520,2023-07-05.2730777,bG,1.63,16.181,>16.181,99.990,-0.175,0.245,g
2460130.77651,2023-07-05.2743851,bG,1.58,16.078,>16.078,99.990,-0.481,0.269,g
2460130.77781,2023-07-05.2756875,bG,1.56,15.998,>15.998,99.990,0.207,0.290,g
2460131.52028,2023-07-06.0181420,bo,1.47,15.869,>15.869,99.990,-0.024,0.326,g
2460131.52151,2023-07-06.0193771,bo,1.51,15.685,15.298,0.153,2.761,0.387,g
2460131.52276,2023-07-06.0206200,bo,1.47,15.826,>15.826,99.990,1.150,0.339,g
2460131.78687,2023-07-06.2847247,bG,1.58,14.679,>14.679,99.990,2.829,0.977,g
2460131.78816,2023-07-06.2860155,bG,1.54,15.222,>15.222,99.990,-0.155,0.592,g
2460131.78946,2023-07-06.2873143,bG,1.56,14.834,>14.834,99.990,-2.138,0.847,g
2460131.81987,2023-07-06.3177302,bk,1.59,99.990,99.990,99.990,99.990,99.990,g
2460132.75836,2023-07-07.2562086,bG,1.49,14.037,>14.037,99.990,3.470,1.763,g
2460132.75967,2023-07-07.2575221,bG,1.50,99.990,99.990,99.990,99.990,99.990,g
2460132.76097,2023-07-07.2588134,bG,1.35,99.990,99.990,99.990,99.990,99.990,g
2460134.75141,2023-07-09.2492214,bG,1.47,15.113,>15.113,99.990,-0.768,0.654,g
2460134.75273,2023-07-09.2505430,bG,1.48,14.746,>14.746,99.990,-0.254,0.917,g
2460134.75403,2023-07-09.2518432,bG,1.47,14.677,>14.677,99.990,2.460,0.978,g
2460136.50922,2023-07-11.0070042,bo,1.47,16.977,>16.977,99.990,0.185,0.118,g
2460136.51048,2023-07-11.0082685,bo,1.43,17.106,>17.106,99.990,0.010,0.104,g
2460136.51173,2023-07-11.0095162,bo,1.44,16.910,>16.910,99.990,0.186,0.125,g
2460136.82423,2023-07-11.3220134,bk,1.75,16.815,>16.815,99.990,0.098,0.136,g
2460136.82548,2023-07-11.3232655,bk,1.67,16.962,>16.962,99.990,0.080,0.119,g
2460136.82673,2023-07-11.3245143,bk,2.02,16.820,>16.820,99.990,0.198,0.136,g
2460137.50998,2023-07-12.0077517,bo,1.46,17.096,>17.096,99.990,0.167,0.105,g
2460137.51122,2023-07-12.0089968,bo,1.48,17.279,>17.279,99.990,-0.053,0.089,g
2460137.51250,2023-07-12.0102743,bo,1.51,17.038,>17.038,99.990,-0.023,0.111,g
2460138.51006,2023-07-13.0078221,bo,1.43,17.275,>17.275,99.990,0.056,0.089,g
2460138.51131,2023-07-13.0090754,bo,1.42,17.126,>17.126,99.990,0.035,0.102,g
2460138.51256,2023-07-13.0103217,bo,1.42,17.136,>17.136,99.990,0.383,0.102,g
2460138.74982,2023-07-13.2475785,bG,1.73,17.077,>17.077,99.990,0.136,0.107,g
2460138.75112,2023-07-13.2488784,bG,1.70,17.099,>17.099,99.990,0.052,0.105,g
2460138.75241,2023-07-13.2501715,bG,1.68,17.186,>17.186,99.990,0.006,0.097,g
2460139.50343,2023-07-14.0011850,bo,1.55,17.161,>17.161,99.990,0.161,0.099,g
2460139.50470,2023-07-14.0024468,bo,1.52,17.231,>17.231,99.990,0.175,0.093,g
2460139.50600,2023-07-14.0037406,bo,1.56,17.128,>17.128,99.990,0.047,0.102,g
2460139.93982,2023-07-14.4375562,bk,1.62,16.788,>16.788,99.990,0.233,0.140,g
2460139.94106,2023-07-14.4387920,bk,1.62,16.725,>16.725,99.990,0.509,0.148,g
2460139.94231,2023-07-14.4400501,bk,1.65,16.727,>16.727,99.990,0.440,0.148,g
2460140.76327,2023-07-15.2610093,bk,1.49,17.032,>17.032,99.990,-0.014,0.112,g
2460140.76450,2023-07-15.2622379,bk,1.49,17.080,>17.080,99.990,-0.018,0.107,g
2460140.76575,2023-07-15.2634798,bk,1.45,17.080,>17.080,99.990,0.203,0.107,g
2460141.48000,2023-07-15.9777270,bo,1.66,17.015,>17.015,99.990,0.114,0.114,g
2460141.48123,2023-07-15.9789570,bo,1.64,17.099,>17.099,99.990,0.121,0.105,g
2460141.48269,2023-07-15.9804156,bo,1.53,16.919,>16.919,99.990,0.128,0.124,g
2460142.48520,2023-07-16.9829173,bo,1.51,17.111,>17.111,99.990,-0.148,0.104,g
2460142.48644,2023-07-16.9841508,bo,1.49,17.011,>17.011,99.990,-0.040,0.114,g
2460142.48766,2023-07-16.9853763,bo,1.53,17.028,>17.028,99.990,-0.070,0.112,g
2460142.94821,2023-07-17.4459217,bk,1.44,16.046,>16.046,99.990,-0.068,0.277,g
2460142.94945,2023-07-17.4471553,bk,1.47,15.902,>15.902,99.990,-2.831,0.317,g
2460142.95067,2023-07-17.4483814,bk,1.53,15.544,>15.544,99.990,0.284,0.440,g
2460143.49834,2023-07-17.9960412,bo,1.56,17.097,>17.097,99.990,0.104,0.105,g
2460143.49958,2023-07-17.9972815,bo,1.52,17.183,>17.183,99.990,-0.085,0.097,g
2460143.50085,2023-07-17.9985549,bo,1.50,16.996,>16.996,99.990,-0.011,0.116,g
2460143.59934,2023-07-18.0970447,bo,1.51,17.145,>17.145,99.990,0.088,0.101,g
2460143.60060,2023-07-18.0983019,bo,1.48,17.113,>17.113,99.990,0.098,0.104,g
2460143.60186,2023-07-18.0995721,bo,1.49,17.260,>17.260,99.990,0.174,0.091,g
2460144.74702,2023-07-19.2447100,bG,1.50,15.261,>15.261,99.990,-1.322,0.571,g
2460144.74829,2023-07-19.2459861,bG,1.46,15.974,>15.974,99.990,0.089,0.296,g
2460144.74958,2023-07-19.2472798,bG,1.45,15.871,>15.871,99.990,-0.117,0.325,g
2460147.55667,2023-07-22.0543467,bo,1.60,17.122,>17.122,99.990,0.085,0.103,g
2460147.55793,2023-07-22.0555953,bo,1.49,17.153,>17.153,99.990,-0.040,0.100,g
2460147.55934,2023-07-22.0570166,bo,1.47,17.200,>17.200,99.990,0.173,0.096,g
2460148.57695,2023-07-23.0746086,bo,1.53,17.088,>17.088,99.990,-0.008,0.106,g
2460148.57818,2023-07-23.0758408,bo,1.44,17.179,>17.179,99.990,0.187,0.098,g
2460148.57942,2023-07-23.0770849,bo,1.48,17.268,>17.268,99.990,0.323,0.090,g
2460148.73217,2023-07-23.2298412,bG,1.5,16.776,>16.776,99.990,0.079,0.142,g
2460148.73345,2023-07-23.2311178,bG,1.48,16.740,>16.740,99.990,-0.021,0.146,g
2460148.73473,2023-07-23.2323951,bG,1.45,16.702,>16.702,99.990,0.212,0.151,g
2460149.73300,2023-07-24.2306556,bk,1.51,16.546,>16.546,99.990,-0.116,0.175,g
2460149.73423,2023-07-24.2318855,bk,1.45,16.351,>16.351,99.990,0.108,0.209,g
2460149.73547,2023-07-24.2331284,bk,1.49,15.706,>15.706,99.990,1.209,0.379,g
2460149.85819,2023-07-24.3558542,bG,1.5,16.772,>16.772,99.990,0.324,0.142,g
2460149.85947,2023-07-24.3571317,bG,1.47,16.718,>16.718,99.990,-0.036,0.149,g
2460149.86074,2023-07-24.3584028,bG,1.49,16.898,>16.898,99.990,0.222,0.126,g
2460149.91672,2023-07-24.4143836,bk,1.52,17.130,>17.130,99.990,0.135,0.102,g
2460149.91795,2023-07-24.4156121,bk,1.50,17.142,>17.142,99.990,0.303,0.101,g
2460149.91918,2023-07-24.4168373,bk,1.51,17.187,>17.187,99.990,0.093,0.097,g
2460150.92848,2023-07-25.4261300,bk,1.44,17.182,>17.182,99.990,0.040,0.097,g
2460150.92973,2023-07-25.4273798,bk,1.45,17.084,>17.084,99.990,0.229,0.107,g
2460150.93096,2023-07-25.4286157,bk,1.47,17.242,>17.242,99.990,0.200,0.092,g
2460153.71653,2023-07-28.2141753,bG,1.46,16.676,>16.676,99.990,0.281,0.155,g
2460153.71783,2023-07-28.2154804,bG,1.40,16.653,>16.653,99.990,-0.250,0.158,g
2460153.71914,2023-07-28.2167865,bG,1.42,16.695,>16.695,99.990,-0.053,0.152,g
2460154.72508,2023-07-29.2227228,bG,1.50,16.491,>16.491,99.990,0.044,0.184,g
2460154.72640,2023-07-29.2240423,bG,1.47,16.536,>16.536,99.990,0.027,0.176,g
2460154.72770,2023-07-29.2253414,bG,1.48,16.648,>16.648,99.990,0.128,0.159,g
2460155.71934,2023-07-30.2169819,bG,1.44,16.267,>16.267,99.990,-0.068,0.226,g
2460155.72065,2023-07-30.2182908,bG,1.54,16.315,>16.315,99.990,0.547,0.216,g
2460155.72196,2023-07-30.2196027,bG,1.41,16.355,>16.355,99.990,0.123,0.208,g
2460156.70280,2023-07-31.2004466,bG,1.57,16.113,>16.113,99.990,-0.182,0.261,g
2460156.70410,2023-07-31.2017483,bG,1.63,16.076,>16.076,99.990,0.345,0.270,g
2460156.70541,2023-07-31.2030555,bG,1.56,16.034,>16.034,99.990,0.741,0.280,g
2460157.70176,2023-08-01.1994002,bG,1.45,15.834,>15.834,99.990,-0.144,0.337,g
2460157.70306,2023-08-01.2007004,bG,1.54,15.931,>15.931,99.990,0.161,0.308,g
2460157.70437,2023-08-01.2019997,bG,1.44,16.173,>16.173,99.990,0.238,0.247,g
2460158.69716,2023-08-02.1947998,bG,1.58,15.778,>15.778,99.990,0.205,0.355,g
2460158.69846,2023-08-02.1960990,bG,1.56,15.783,>15.783,99.990,0.325,0.353,g
2460158.69976,2023-08-02.1974053,bG,1.58,15.734,>15.734,99.990,0.471,0.369,g
2460158.82299,2023-08-02.3206277,bk,1.57,15.372,>15.372,99.990,2.012,0.516,g
2460158.82422,2023-08-02.3218613,bk,1.60,15.357,>15.357,99.990,0.652,0.523,g
2460158.82545,2023-08-02.3230879,bk,1.53,15.272,>15.272,99.990,0.167,0.565,g
2460159.69493,2023-08-03.1925699,bG,1.51,16.009,>16.009,99.990,0.444,0.287,g
2460159.69624,2023-08-03.1938760,bG,1.51,15.971,>15.971,99.990,-0.421,0.297,g
2460159.69754,2023-08-03.1951809,bG,1.49,16.040,>16.040,99.990,1.331,0.279,g
2460160.48024,2023-08-03.9778869,bo,1.91,14.352,>14.352,99.990,0.422,1.319,g
2460161.44152,2023-08-04.9391662,bo,1.54,15.972,>15.972,99.990,-0.645,0.297,g
2460161.44278,2023-08-04.9404217,bo,1.47,15.780,>15.780,99.990,0.503,0.354,g
2460161.44407,2023-08-04.9417103,bo,1.49,15.824,>15.824,99.990,0.667,0.340,g
2460162.43381,2023-08-05.9314594,bo,1.58,15.608,>15.608,99.990,0.380,0.415,g
2460162.43507,2023-08-05.9327269,bo,1.68,15.692,>15.692,99.990,0.577,0.384,g
2460162.43631,2023-08-05.9339663,bo,1.53,15.817,>15.817,99.990,0.394,0.342,g
2460163.42852,2023-08-06.9261671,bo,2.04,16.678,>16.678,99.990,0.107,0.155,g
2460163.42974,2023-08-06.9273945,bo,2.05,16.575,>16.575,99.990,0.020,0.170,g
2460163.43099,2023-08-06.9286377,bo,2.06,16.584,>16.584,99.990,0.046,0.169,g
2460164.56489,2023-08-08.0625462,bo,1.41,16.669,>16.669,99.990,0.153,0.156,g
2460164.56613,2023-08-08.0637891,bo,1.48,16.755,>16.755,99.990,0.348,0.144,g
2460164.56738,2023-08-08.0650319,bo,1.49,16.645,>16.645,99.990,0.193,0.160,g
2460168.55182,2023-08-12.0495045,bo,1.42,16.795,>16.795,99.990,0.329,0.139,g
2460168.55306,2023-08-12.0507452,bo,1.42,16.759,>16.759,99.990,-0.107,0.144,g
2460168.55434,2023-08-12.0520153,bo,1.46,16.804,>16.804,99.990,0.471,0.138,g
2460170.40287,2023-08-13.9005723,bo,1.44,17.167,>17.167,99.990,0.119,0.099,g
2460170.40410,2023-08-13.9017988,bo,1.47,17.225,>17.225,99.990,0.117,0.094,g
2460170.40533,2023-08-13.9030311,bo,1.47,17.242,>17.242,99.990,0.131,0.092,g
2460180.49209,2023-08-23.9899081,bo,1.43,17.082,>17.082,99.990,0.092,0.107,g
2460180.49331,2023-08-23.9911263,bo,1.50,17.037,>17.037,99.990,0.155,0.111,g
2460180.49455,2023-08-23.9923660,bo,1.46,17.125,>17.125,99.990,0.014,0.103,g
2460183.37378,2023-08-26.8716420,bo,1.49,16.204,>16.204,99.990,-0.062,0.240,g
2460183.37503,2023-08-26.8728943,bo,1.45,16.162,>16.162,99.990,-0.515,0.249,g
2460183.37627,2023-08-26.8741315,bo,1.49,16.106,>16.106,99.990,0.466,0.262,g
2460184.37291,2023-08-27.8707922,bo,1.52,15.897,>15.897,99.990,0.856,0.318,g
2460184.37414,2023-08-27.8720203,bo,1.51,16.005,>16.005,99.990,-0.375,0.288,g
2460184.37538,2023-08-27.8732636,bo,1.54,15.772,>15.772,99.990,-1.160,0.357,g
2460185.52843,2023-08-29.0263327,bo,1.67,15.706,>15.706,99.990,-0.172,0.379,g
2460185.53153,2023-08-29.0294247,bo,1.66,15.776,>15.776,99.990,-0.308,0.355,g
2460189.44627,2023-09-01.9442515,bo,1.61,15.329,>15.329,99.990,-0.461,0.536,g
2460189.44751,2023-09-01.9454859,bo,1.50,15.281,>15.281,99.990,-0.576,0.561,g
2460189.44875,2023-09-01.9467280,bo,1.55,15.241,>15.241,99.990,1.187,0.582,g
2460191.38845,2023-09-03.8864699,bo,1.45,16.465,>16.465,99.990,0.127,0.188,g
2460194.55406,2023-09-07.0521543,bo,1.53,16.878,>16.878,99.990,0.179,0.129,g
2460194.55535,2023-09-07.0534384,bo,1.49,16.843,>16.843,99.990,0.230,0.133,g
2460194.55659,2023-09-07.0546744,bo,1.50,16.945,>16.945,99.990,0.101,0.121,g
2460195.48612,2023-09-07.9842238,bo,1.49,16.409,>16.409,99.990,-0.129,0.198,g
2460195.48735,2023-09-07.9854578,bo,1.48,16.577,>16.577,99.990,0.273,0.170,g
2460195.48858,2023-09-07.9866893,bo,1.52,16.286,>16.286,99.990,0.336,0.222,g
2460199.33332,2023-09-11.8315184,bo,1.46,17.195,>17.195,99.990,-0.053,0.096,g
2460199.33456,2023-09-11.8327696,bo,1.43,17.119,>17.119,99.990,0.099,0.103,g
2460199.33580,2023-09-11.8340079,bo,1.51,17.214,>17.214,99.990,0.117,0.095,g
2460200.33014,2023-09-12.8283817,bo,1.47,17.154,>17.154,99.990,0.061,0.100,g
2460200.33137,2023-09-12.8296082,bo,1.47,17.113,>17.113,99.990,0.010,0.104,g
2460200.33262,2023-09-12.8308523,bo,1.44,17.179,>17.179,99.990,0.101,0.098,g
2460202.33525,2023-09-14.8335422,bo,1.54,16.218,>16.218,99.990,0.167,0.237,g
2460202.33710,2023-09-14.8353855,bo,1.53,14.433,>14.433,99.990,-0.521,1.224,g
2460205.50935,2023-09-18.0077262,bo,1.46,17.174,>17.174,99.990,0.072,0.098,g
2460205.51062,2023-09-18.0089935,bo,1.47,17.058,>17.058,99.990,0.223,0.109,g
2460205.51189,2023-09-18.0102671,bo,1.48,17.186,>17.186,99.990,0.079,0.097,g
2460206.30375,2023-09-18.8021484,bo,1.43,17.086,>17.086,99.990,0.269,0.106,g
2460206.30498,2023-09-18.8033857,bo,1.48,16.944,>16.944,99.990,0.277,0.121,g
2460206.30621,2023-09-18.8046089,bo,1.47,17.144,>17.144,99.990,-0.065,0.101,g
2460206.40288,2023-09-18.9012789,bo,1.53,17.188,>17.188,99.990,-0.136,0.097,g
2460206.40411,2023-09-18.9025158,bo,1.52,17.121,>17.121,99.990,0.254,0.103,g
2460206.40534,2023-09-18.9037461,bo,1.47,17.094,>17.094,99.990,0.105,0.106,g
2460208.29968,2023-09-20.7981363,bo,1.49,17.018,>17.018,99.990,-0.064,0.113,g
2460208.30116,2023-09-20.7996256,bo,1.55,16.861,>16.861,99.990,-0.170,0.131,g
2460208.30242,2023-09-20.8008802,bo,1.54,16.816,>16.816,99.990,0.249,0.136,g
2460210.39960,2023-09-22.8981174,bo,1.49,16.655,>16.655,99.990,-0.091,0.158,g
2460210.40084,2023-09-22.8993607,bo,1.46,16.676,>16.676,99.990,0.500,0.155,g
2460210.40207,2023-09-22.9005859,bo,1.44,16.815,>16.815,99.990,0.204,0.136,g
2460215.27737,2023-09-27.7760457,bo,1.46,15.814,>15.814,99.990,0.864,0.343,g
2460215.27862,2023-09-27.7773026,bo,1.55,15.895,>15.895,99.990,0.090,0.318,g
2460215.27987,2023-09-27.7785574,bo,1.57,15.825,>15.825,99.990,-0.049,0.340,g
2460215.35834,2023-09-27.8570277,bo,1.46,15.728,>15.728,99.990,0.617,0.371,g
2460215.35960,2023-09-27.8582767,bo,1.56,15.891,>15.891,99.990,0.135,0.320,g
2460215.36083,2023-09-27.8595126,bo,1.48,15.785,>15.785,99.990,-0.429,0.352,g
2460216.29870,2023-09-28.7974190,bo,1.49,15.635,>15.635,99.990,1.264,0.405,g
2460216.29994,2023-09-28.7986528,bo,1.50,15.672,>15.672,99.990,0.487,0.391,g
2460216.30118,2023-09-28.7998905,bo,1.63,15.502,>15.502,99.990,0.364,0.457,g
2460216.63556,2023-09-29.1342884,bk,2.14,14.397,>14.397,99.990,-1.265,1.265,g
2460216.63680,2023-09-29.1355290,bk,2.02,14.376,>14.376,99.990,4.964,1.296,g
2460216.63802,2023-09-29.1367474,bk,2.09,14.337,>14.337,99.990,3.073,1.339,g
2460217.61595,2023-09-30.1147067,bG,1.54,15.900,>15.900,99.990,-0.382,0.317,g
2460217.61723,2023-09-30.1159831,bG,1.55,15.619,>15.619,99.990,0.411,0.411,g
2460217.61851,2023-09-30.1172700,bG,1.52,15.662,>15.662,99.990,-0.760,0.395,g
2460217.89621,2023-09-30.3949795,bG,1.47,15.375,>15.375,99.990,-0.521,0.514,g
2460217.89748,2023-09-30.3962440,bG,1.62,15.371,>15.371,99.990,0.644,0.516,g
2460217.89875,2023-09-30.3975211,bG,1.59,15.078,>15.078,99.990,-0.936,0.676,g
2460218.52668,2023-10-01.0254787,bG,1.49,16.714,>16.714,99.990,0.121,0.150,g
2460218.52796,2023-10-01.0267547,bG,1.46,16.536,>16.536,99.990,0.235,0.176,g
2460218.52923,2023-10-01.0280293,bG,1.50,16.553,>16.553,99.990,0.316,0.174,g
2460218.71917,2023-10-01.2179760,bk,1.74,15.121,>15.121,99.990,-3.018,0.651,g
2460218.72041,2023-10-01.2192082,bk,1.53,15.166,>15.166,99.990,2.053,0.624,g
2460218.72164,2023-10-01.2204380,bk,1.58,15.165,>15.165,99.990,1.695,0.624,g
2460219.26724,2023-10-01.7660589,bo,1.49,17.070,>17.070,99.990,0.172,0.108,g
2460219.26847,2023-10-01.7672854,bo,1.47,17.124,>17.124,99.990,0.053,0.103,g
2460219.26971,2023-10-01.7685254,bo,1.47,17.151,>17.151,99.990,-0.051,0.100,g
2460219.43351,2023-10-01.9323373,bo,1.55,16.090,>16.090,99.990,-0.164,0.266,g
2460219.43474,2023-10-01.9335664,bo,1.60,16.043,>16.043,99.990,0.231,0.278,g
2460219.43597,2023-10-01.9347967,bo,1.51,16.192,>16.192,99.990,0.510,0.242,g
2460219.55455,2023-10-02.0533758,bo,1.60,15.976,>15.976,99.990,0.655,0.296,g
2460219.55580,2023-10-02.0546284,bo,1.67,16.059,>16.059,99.990,0.036,0.274,g
2460219.55703,2023-10-02.0558571,bo,1.57,15.932,15.841,0.202,1.674,0.308,g
2460219.75189,2023-10-02.2507215,bk,1.50,16.348,>16.348,99.990,-0.346,0.210,g
2460219.75311,2023-10-02.2519409,bk,1.47,16.336,>16.336,99.990,-0.137,0.212,g
2460219.75433,2023-10-02.2531708,bk,1.45,16.480,>16.480,99.990,-0.472,0.186,g
2460220.55809,2023-10-03.0569509,bo,1.48,16.305,>16.305,99.990,-0.606,0.218,g
2460220.55932,2023-10-03.0581800,bo,1.53,16.131,>16.131,99.990,-0.050,0.256,g
2460220.56056,2023-10-03.0594218,bo,1.45,16.239,>16.239,99.990,-0.300,0.232,g
2460220.66366,2023-10-03.1625230,bk,1.47,16.645,>16.645,99.990,0.489,0.160,g
2460220.66488,2023-10-03.1637435,bk,1.47,16.595,>16.595,99.990,-0.080,0.167,g
2460220.66611,2023-10-03.1649723,bk,1.54,16.500,>16.500,99.990,-0.162,0.182,g
2460221.67283,2023-10-04.1717381,bk,1.55,17.205,>17.205,99.990,0.267,0.095,g
2460221.67406,2023-10-04.1729703,bk,1.56,16.993,>16.993,99.990,0.154,0.116,g
2460221.67528,2023-10-04.1741886,bk,1.52,17.009,>17.009,99.990,0.152,0.114,g
2460221.81206,2023-10-04.3109682,bk,1.43,16.724,>16.724,99.990,0.252,0.148,g
2460221.81328,2023-10-04.3121923,bk,1.40,16.837,>16.837,99.990,-0.175,0.134,g
2460221.81450,2023-10-04.3134105,bk,1.46,16.755,>16.755,99.990,0.058,0.144,g
2460223.59431,2023-10-06.0932888,bG,1.44,17.452,>17.452,99.990,0.100,0.076,g
2460223.59561,2023-10-06.0945813,bG,1.44,17.243,>17.243,99.990,0.210,0.092,g
2460223.59688,2023-10-06.0958585,bG,1.48,17.259,>17.259,99.990,0.105,0.091,g
2460225.62105,2023-10-08.1200942,bG,1.49,17.176,>17.176,99.990,-0.144,0.098,g
2460225.62232,2023-10-08.1213621,bG,1.43,17.450,>17.450,99.990,0.085,0.076,g
2460225.62360,2023-10-08.1226418,bG,1.47,17.225,>17.225,99.990,0.193,0.094,g
2460226.25712,2023-10-08.7561949,bo,1.77,16.965,>16.965,99.990,-0.277,0.119,g
2460226.25847,2023-10-08.7575387,bo,1.99,16.833,>16.833,99.990,0.105,0.134,g
2460226.25985,2023-10-08.7589140,bo,1.98,16.821,>16.821,99.990,0.181,0.136,g
2460226.66754,2023-10-09.1666317,bk,1.49,17.369,>17.369,99.990,0.059,0.082,g
2460226.66876,2023-10-09.1678467,bk,1.49,17.271,>17.271,99.990,-0.013,0.090,g
2460226.66999,2023-10-09.1690745,bk,1.46,17.095,>17.095,99.990,-0.045,0.105,g
2460227.25268,2023-10-09.7517883,bo,1.49,17.002,>17.002,99.990,0.191,0.115,g
2460227.25391,2023-10-09.7530195,bo,1.47,17.158,>17.158,99.990,0.006,0.100,g
2460227.25515,2023-10-09.7542613,bo,1.48,17.045,>17.045,99.990,-0.024,0.110,g
2460227.69521,2023-10-10.1943381,bk,1.66,17.302,>17.302,99.990,0.149,0.087,g
2460227.69645,2023-10-10.1955706,bk,1.66,17.296,>17.296,99.990,-0.009,0.088,g
2460227.69766,2023-10-10.1967859,bk,1.70,17.250,>17.250,99.990,0.034,0.091,g
2460227.87676,2023-10-10.3758886,bG,1.55,17.329,>17.329,99.990,0.047,0.085,g
2460227.87804,2023-10-10.3771659,bG,1.51,17.048,>17.048,99.990,0.170,0.110,g
2460227.87930,2023-10-10.3784277,bG,1.53,17.063,>17.063,99.990,0.050,0.109,g
2460228.44678,2023-10-10.9459372,bo,1.50,17.104,>17.104,99.990,0.164,0.105,g
2460228.44802,2023-10-10.9471745,bo,1.48,17.130,>17.130,99.990,0.077,0.102,g
2460228.44925,2023-10-10.9484054,bo,1.49,17.075,>17.075,99.990,0.058,0.107,g
2460228.65811,2023-10-11.1572671,bG,1.46,17.322,>17.322,99.990,-0.019,0.086,g
2460228.65939,2023-10-11.1585549,bG,1.45,17.235,>17.235,99.990,0.170,0.093,g
2460228.66067,2023-10-11.1598265,bG,1.46,17.330,>17.330,99.990,0.201,0.085,g
2460228.87340,2023-10-11.3725678,bG,1.49,17.101,>17.101,99.990,0.260,0.105,g
2460228.87467,2023-10-11.3738413,bG,1.45,17.088,>17.088,99.990,0.008,0.106,g
2460228.87596,2023-10-11.3751185,bG,1.45,17.138,>17.138,99.990,0.117,0.101,g
2460231.26261,2023-10-13.7618701,bo,1.48,16.801,>16.801,99.990,0.094,0.138,g
2460231.26384,2023-10-13.7631002,bo,1.51,16.709,>16.709,99.990,-0.092,0.151,g
2460231.26508,2023-10-13.7643362,bo,1.46,17.126,>17.126,99.990,0.133,0.102,g
2460231.56102,2023-10-14.0602924,bG,1.42,17.276,>17.276,99.990,0.210,0.089,g
2460231.56232,2023-10-14.0615803,bG,1.48,17.315,>17.315,99.990,0.285,0.086,g
2460231.56358,2023-10-14.0628537,bG,1.48,17.262,>17.262,99.990,0.180,0.090,g
2460231.71979,2023-10-14.2190701,bG,1.45,17.205,>17.205,99.990,0.050,0.095,g
2460231.72107,2023-10-14.2203423,bG,1.45,17.337,>17.337,99.990,0.141,0.084,g
2460231.72234,2023-10-14.2216228,bG,1.46,17.348,>17.348,99.990,-0.084,0.084,g
2460234.37345,2023-10-16.8728320,bo,1.50,17.124,>17.124,99.990,0.119,0.103,g
2460234.37469,2023-10-16.8740752,bo,1.45,17.050,>17.050,99.990,0.152,0.110,g
2460234.37593,2023-10-16.8753173,bo,1.46,17.106,>17.106,99.990,0.237,0.104,g
2460234.62400,2023-10-17.1233878,bk,1.51,14.286,>14.286,99.990,2.134,1.403,g
2460234.62523,2023-10-17.1246192,bk,1.36,14.441,>14.441,99.990,-1.566,1.216,g
2460234.62647,2023-10-17.1258515,bk,1.49,14.769,>14.769,99.990,1.271,0.898,g
2460235.36639,2023-10-17.8658031,bo,1.50,17.297,>17.297,99.990,0.053,0.088,g
2460235.36762,2023-10-17.8670298,bo,1.46,17.179,>17.179,99.990,-0.080,0.098,g
2460235.36884,2023-10-17.8682635,bo,1.52,17.047,>17.047,99.990,0.194,0.110,g
2460235.60473,2023-10-18.1041622,bG,1.57,17.260,>17.260,99.990,0.296,0.091,g
2460235.60600,2023-10-18.1054319,bG,1.53,17.288,>17.288,99.990,0.007,0.088,g
2460235.60728,2023-10-18.1067105,bG,1.53,17.333,>17.333,99.990,0.292,0.085,g
2460235.76468,2023-10-18.2641156,bG,1.56,17.301,>17.301,99.990,0.016,0.087,g
2460235.76595,2023-10-18.2653787,bG,1.53,17.250,>17.250,99.990,-0.032,0.091,g
2460235.76722,2023-10-18.2666512,bG,1.49,17.371,>17.371,99.990,0.237,0.082,g
2460236.24593,2023-10-18.7453869,bo,1.53,16.506,>16.506,99.990,0.343,0.181,g
2460236.24716,2023-10-18.7466123,bo,1.52,16.717,>16.717,99.990,0.230,0.149,g
2460236.24840,2023-10-18.7478508,bo,1.59,16.650,>16.650,99.990,-0.133,0.159,g
2460236.67090,2023-10-19.1703674,bk,1.40,16.197,>16.197,99.990,-0.011,0.241,g
2460236.67213,2023-10-19.1716056,bk,1.43,15.989,>15.989,99.990,0.353,0.292,g
2460236.67337,2023-10-19.1728447,bk,1.49,16.435,>16.435,99.990,0.545,0.194,g
2460237.26163,2023-10-19.7611196,bo,1.49,16.868,>16.868,99.990,0.120,0.130,g
2460237.26285,2023-10-19.7623437,bo,1.52,16.873,>16.873,99.990,0.015,0.129,g
2460237.26409,2023-10-19.7635902,bo,1.53,16.779,>16.779,99.990,0.248,0.141,g
2460237.37563,2023-10-19.8751284,bo,1.50,16.880,>16.880,99.990,-0.014,0.129,g
2460237.37687,2023-10-19.8763694,bo,1.48,16.987,>16.987,99.990,-0.161,0.117,g
2460237.37811,2023-10-19.8776090,bo,1.49,17.114,>17.114,99.990,-0.053,0.104,g
2460237.64494,2023-10-20.1444366,bG,1.54,17.196,>17.196,99.990,0.179,0.096,g
2460237.64620,2023-10-20.1457052,bG,1.56,17.102,>17.102,99.990,-0.062,0.105,g
2460237.64747,2023-10-20.1469803,bG,1.52,17.019,>17.019,99.990,0.317,0.113,g
2460237.81916,2023-10-20.3186700,bG,1.46,99.990,99.990,99.990,99.990,99.990,g
2460237.82044,2023-10-20.3199460,bG,1.37,14.504,>14.504,99.990,-1.416,1.148,g
2460237.82171,2023-10-20.3212209,bG,1.48,99.990,99.990,99.990,99.990,99.990,g
2460238.25845,2023-10-20.7579815,bo,1.60,16.736,>16.736,99.990,0.424,0.147,g
2460238.25969,2023-10-20.7592218,bo,1.58,16.604,>16.604,99.990,0.479,0.166,g
2460238.26094,2023-10-20.7604628,bo,1.71,16.769,>16.769,99.990,0.122,0.142,g
2460238.67178,2023-10-21.1713313,bk,1.46,17.047,>17.047,99.990,0.096,0.110,g
2460238.67300,2023-10-21.1725483,bk,1.42,16.896,>16.896,99.990,0.061,0.127,g
2460238.67422,2023-10-21.1737651,bk,1.44,17.015,>17.015,99.990,0.003,0.114,g
2460240.49657,2023-10-22.9961976,bG,1.61,16.028,>16.028,99.990,-0.476,0.282,g
2460240.49786,2023-10-22.9974832,bG,1.61,15.963,>15.963,99.990,-0.037,0.299,g
2460240.49915,2023-10-22.9987686,bG,1.50,15.871,>15.871,99.990,-0.373,0.325,g
2460240.67804,2023-10-23.1776674,bk,1.39,16.790,>16.790,99.990,-0.023,0.140,g
2460240.67927,2023-10-23.1788986,bk,1.42,16.906,>16.906,99.990,-0.104,0.126,g
2460240.68051,2023-10-23.1801304,bk,1.41,16.794,>16.794,99.990,-0.044,0.139,g
2460242.25312,2023-10-24.7528032,bo,2.02,16.147,>16.147,99.990,-0.399,0.253,g
2460242.25435,2023-10-24.7540343,bo,1.97,16.083,>16.083,99.990,-0.076,0.268,g
2460242.25558,2023-10-24.7552719,bo,1.98,15.938,>15.938,99.990,0.488,0.306,g
2460242.40742,2023-10-24.9071177,bo,1.49,16.057,>16.057,99.990,-0.390,0.274,g
2460242.40865,2023-10-24.9083502,bo,1.52,16.102,>16.102,99.990,0.436,0.263,g
2460242.40988,2023-10-24.9095781,bo,1.50,16.221,>16.221,99.990,-0.318,0.236,g
2460242.69303,2023-10-25.1927313,bG,1.70,16.585,>16.585,99.990,0.048,0.169,g
2460242.69430,2023-10-25.1940086,bG,2.18,16.467,>16.467,99.990,-0.134,0.188,g
2460242.69558,2023-10-25.1952868,bG,2.19,16.405,>16.405,99.990,0.007,0.199,g
2460243.46521,2023-10-25.9649462,bo,1.51,16.034,>16.034,99.990,-0.046,0.280,g
2460243.46643,2023-10-25.9661706,bo,1.51,15.911,>15.911,99.990,0.622,0.314,g
2460243.46767,2023-10-25.9674125,bo,1.45,16.185,>16.185,99.990,0.066,0.244,g
2460243.63014,2023-10-26.1298834,bk,1.47,16.329,>16.329,99.990,0.599,0.214,g
2460243.63136,2023-10-26.1311016,bk,1.50,16.323,>16.323,99.990,0.204,0.215,g
2460243.63261,2023-10-26.1323480,bk,1.45,16.311,>16.311,99.990,0.501,0.217,g
2460244.24702,2023-10-26.7467906,bo,2.05,15.035,>15.035,99.990,-3.524,0.704,g
2460244.24878,2023-10-26.7485458,bo,2.08,14.904,>14.904,99.990,-0.982,0.793,g
2460244.25004,2023-10-26.7498098,bo,1.97,15.344,>15.344,99.990,0.227,0.529,g
2460244.37145,2023-10-26.8712309,bo,1.41,15.831,>15.831,99.990,0.061,0.338,g
2460244.37269,2023-10-26.8724649,bo,1.52,15.882,>15.882,99.990,0.465,0.322,g
2460244.37393,2023-10-26.8737059,bo,1.39,15.974,>15.974,99.990,-1.211,0.296,g
2460244.48948,2023-10-26.9892531,bo,1.54,15.977,>15.977,99.990,-0.423,0.295,g
2460244.49073,2023-10-26.9905042,bo,1.46,15.947,>15.947,99.990,-0.481,0.304,g
2460244.49197,2023-10-26.9917461,bo,1.50,15.920,>15.920,99.990,-0.227,0.311,g
2460244.65078,2023-10-27.1505729,bk,1.53,16.219,>16.219,99.990,0.534,0.236,g
2460244.65203,2023-10-27.1518099,bk,1.49,16.236,>16.236,99.990,-0.215,0.233,g
2460244.65324,2023-10-27.1530296,bk,1.57,16.123,>16.123,99.990,-0.325,0.258,g
2460247.28709,2023-10-29.7869818,bo,1.51,16.119,>16.119,99.990,0.341,0.259,g
2460247.28840,2023-10-29.7882916,bo,1.55,15.963,>15.963,99.990,0.113,0.299,g
2460247.28966,2023-10-29.7895570,bo,1.50,16.050,>16.050,99.990,0.123,0.276,g
2460247.55659,2023-10-30.0564903,bk,1.56,16.238,>16.238,99.990,-0.100,0.232,g
2460247.55782,2023-10-30.057725,bk,1.54,16.253,>16.253,99.990,-0.000,0.229,g
2460247.55906,2023-10-30.0589618,bk,1.58,16.217,>16.217,99.990,-0.177,0.237,g
2460248.24573,2023-10-30.7456568,bo,1.52,15.438,>15.438,99.990,0.178,0.485,g
2460248.24924,2023-10-30.7491682,bo,1.61,16.259,>16.259,99.990,-0.258,0.228,g
2460248.32679,2023-10-30.8267187,bo,1.62,16.032,>16.032,99.990,0.023,0.281,g
2460248.32805,2023-10-30.8279859,bo,1.58,16.342,>16.342,99.990,-0.303,0.211,g
2460248.32949,2023-10-30.829425,bo,1.64,16.133,>16.133,99.990,-0.267,0.256,g
2460248.49593,2023-10-30.9958673,bo,1.65,16.066,>16.066,99.990,0.265,0.272,g
2460248.49717,2023-10-30.9971111,bo,1.56,15.796,>15.796,99.990,0.016,0.349,g
2460248.49842,2023-10-30.9983587,bo,1.63,15.760,>15.760,99.990,0.174,0.361,g
2460248.57293,2023-10-31.0728740,bk,1.57,16.205,>16.205,99.990,0.898,0.239,g
2460248.57416,2023-10-31.0741063,bk,1.50,15.015,>15.015,99.990,2.585,0.716,g
2460248.57539,2023-10-31.0753375,bk,1.58,15.996,>15.996,99.990,0.136,0.290,g
2460249.25025,2023-10-31.7502237,bo,2.49,15.718,>15.718,99.990,-0.145,0.375,g
2460249.25150,2023-10-31.7514714,bo,2.42,16.204,>16.204,99.990,0.587,0.240,g
2460249.25273,2023-10-31.7527063,bo,1.99,16.474,>16.474,99.990,-0.090,0.187,g
2460249.40501,2023-10-31.9049894,bo,1.46,16.171,>16.171,99.990,0.468,0.247,g
2460249.40625,2023-10-31.9062300,bo,1.52,16.243,>16.243,99.990,0.049,0.231,g
2460249.40747,2023-10-31.9074427,bo,1.46,16.364,>16.364,99.990,-0.131,0.207,g
2460249.52911,2023-11-01.0290967,bo,1.46,15.987,>15.987,99.990,0.412,0.293,g
2460249.53034,2023-11-01.0303241,bo,1.49,15.928,>15.928,99.990,-0.808,0.309,g
2460249.53157,2023-11-01.0315506,bo,1.45,15.904,>15.904,99.990,0.475,0.316,g
2460249.63764,2023-11-01.1376276,bG,1.49,16.085,>16.085,99.990,-0.179,0.267,g
2460249.63892,2023-11-01.1389027,bG,1.45,16.141,>16.141,99.990,-0.211,0.254,g
2460249.64019,2023-11-01.1401770,bG,1.45,16.268,>16.268,99.990,0.196,0.226,g
2460250.26577,2023-11-01.7657738,bo,1.47,16.635,>16.635,99.990,0.151,0.161,g
2460250.26701,2023-11-01.7670145,bo,1.46,16.793,>16.793,99.990,0.289,0.139,g
2460250.26825,2023-11-01.7682562,bo,1.48,16.857,>16.857,99.990,0.088,0.131,g
2460250.42908,2023-11-01.9290986,bo,1.46,16.393,>16.393,99.990,0.331,0.201,g
2460250.43032,2023-11-01.9303321,bo,1.45,16.453,>16.453,99.990,0.347,0.190,g
2460250.43153,2023-11-01.9315586,bo,1.48,16.360,>16.360,99.990,0.240,0.208,g
2460251.74022,2023-11-03.2402898,bG,1.65,16.946,>16.946,99.990,0.156,0.121,g
2460251.74220,2023-11-03.2422723,bG,1.65,16.792,>16.792,99.990,0.165,0.139,g
2460251.74438,2023-11-03.2444527,bG,1.62,17.035,>17.035,99.990,0.248,0.111,g
2460254.32131,2023-11-05.8214866,bo,1.52,16.927,>16.927,99.990,0.108,0.123,g
2460254.32254,2023-11-05.8227121,bo,1.49,17.253,>17.253,99.990,-0.026,0.091,g
2460254.32377,2023-11-05.8239446,bo,1.53,17.247,>17.247,99.990,0.064,0.092,g
2460254.75438,2023-11-06.2545729,bG,1.52,17.417,>17.417,99.990,0.088,0.078,g
2460254.75637,2023-11-06.2565532,bG,1.49,17.139,>17.139,99.990,0.031,0.101,g
2460254.75835,2023-11-06.2585370,bG,1.48,17.325,>17.325,99.990,0.182,0.085,g
2460255.28270,2023-11-06.7829093,bo,1.51,16.929,>16.929,99.990,0.059,0.123,g
2460255.28418,2023-11-06.7843915,bo,1.50,16.887,>16.887,99.990,0.359,0.128,g
2460255.28543,2023-11-06.7856429,bo,1.48,16.969,>16.969,99.990,-0.095,0.118,g
2460255.53906,2023-11-07.0392800,bk,1.43,17.208,>17.208,99.990,0.162,0.095,g
2460255.54028,2023-11-07.0405064,bk,1.49,17.241,>17.241,99.990,0.212,0.092,g
2460255.54151,2023-11-07.0417424,bk,1.47,17.188,>17.188,99.990,0.030,0.097,g
2460256.25484,2023-11-07.7550952,bo,1.49,16.086,>16.086,99.990,-0.587,0.267,g
2460256.25607,2023-11-07.7563208,bo,1.49,16.375,>16.375,99.990,0.166,0.205,g
2460256.25736,2023-11-07.7576135,bo,1.47,16.362,>16.362,99.990,0.023,0.207,g
2460256.39484,2023-11-07.8951043,bo,1.47,17.036,>17.036,99.990,0.115,0.111,g
2460256.39607,2023-11-07.8963322,bo,1.45,17.076,>17.076,99.990,-0.002,0.107,g
2460256.39731,2023-11-07.8975743,bo,1.46,17.004,>17.004,99.990,0.108,0.115,g
2460256.63067,2023-11-08.1309402,bG,1.42,17.331,>17.331,99.990,0.302,0.085,g
2460256.63265,2023-11-08.1329137,bG,1.48,17.172,>17.172,99.990,0.038,0.098,g
2460256.63463,2023-11-08.1348934,bG,1.46,17.201,>17.201,99.990,0.127,0.096,g
2460257.32738,2023-11-08.8276709,bo,1.45,17.084,>17.084,99.990,0.232,0.107,g
2460257.32860,2023-11-08.8288953,bo,1.45,17.100,>17.100,99.990,0.180,0.105,g
2460257.32982,2023-11-08.8301174,bo,1.48,17.115,>17.115,99.990,0.168,0.104,g
2460257.59412,2023-11-09.0944221,bG,1.41,17.305,>17.305,99.990,0.243,0.087,g
2460257.59609,2023-11-09.0963967,bG,1.45,17.367,>17.367,99.990,0.144,0.082,g
2460257.59834,2023-11-09.0986452,bG,1.45,17.235,>17.235,99.990,0.278,0.093,g
2460258.28980,2023-11-09.7901343,bo,1.54,17.156,>17.156,99.990,-0.069,0.100,g
2460258.29103,2023-11-09.7913620,bo,1.51,16.948,16.284,0.119,1.113,0.121,g
2460258.29225,2023-11-09.7925954,bo,1.50,17.224,>17.224,99.990,0.044,0.094,g
2460258.41879,2023-11-09.9191317,bo,1.48,17.098,>17.098,99.990,-0.086,0.105,g
2460258.42004,2023-11-09.9203783,bo,1.51,17.129,>17.129,99.990,0.144,0.102,g
2460258.42128,2023-11-09.9216165,bo,1.50,17.049,>17.049,99.990,0.300,0.110,g
2460259.28024,2023-11-10.7806150,bo,2.30,16.755,>16.755,99.990,0.473,0.144,g
2460259.28149,2023-11-10.7818590,bo,2.35,16.780,>16.780,99.990,-0.082,0.141,g
2460259.41447,2023-11-10.9148473,bo,1.45,16.939,>16.939,99.990,0.210,0.122,g
2460259.41572,2023-11-10.9160951,bo,1.47,17.038,>17.038,99.990,0.080,0.111,g
2460259.41696,2023-11-10.9173346,bo,1.44,17.295,>17.295,99.990,0.088,0.088,g
2460260.26701,2023-11-11.7674306,bo,1.54,16.871,>16.871,99.990,0.104,0.130,g
2460260.26843,2023-11-11.7688378,bo,1.54,16.929,>16.929,99.990,0.033,0.123,g
2460260.26999,2023-11-11.7704052,bo,1.48,16.864,>16.864,99.990,0.347,0.130,g
2460260.40078,2023-11-11.9011960,bo,1.49,17.103,>17.103,99.990,0.193,0.105,g
2460260.40202,2023-11-11.9024413,bo,1.46,17.084,>17.084,99.990,0.141,0.107,g
2460260.40326,2023-11-11.9036785,bo,1.44,17.203,>17.203,99.990,0.104,0.096,g
2460260.63970,2023-11-12.1401306,bG,1.56,17.385,>17.385,99.990,0.164,0.081,g
2460260.64169,2023-11-12.1421232,bG,1.49,17.291,>17.291,99.990,0.185,0.088,g
2460260.64369,2023-11-12.1441193,bG,1.51,17.260,>17.260,99.990,0.099,0.091,g
2460261.27824,2023-11-12.7786912,bo,1.54,17.039,>17.039,99.990,0.276,0.111,g
2460261.27949,2023-11-12.7799495,bo,1.46,16.999,>16.999,99.990,0.272,0.115,g
2460261.28073,2023-11-12.7811827,bo,1.50,17.044,>17.044,99.990,0.048,0.111,g
2460261.41218,2023-11-12.9126307,bo,1.45,17.173,>17.173,99.990,0.107,0.098,g
2460261.41339,2023-11-12.9138583,bo,1.45,17.206,>17.206,99.990,0.276,0.095,g
2460261.41463,2023-11-12.9150943,bo,1.52,17.141,>17.141,99.990,-0.036,0.101,g
2460261.53781,2023-11-13.0382767,bG,1.46,17.297,>17.297,99.990,-0.049,0.088,g
2460261.53981,2023-11-13.0402674,bG,1.43,17.103,>17.103,99.990,0.232,0.105,g
2460261.54179,2023-11-13.0422487,bG,1.45,17.271,>17.271,99.990,0.107,0.090,g
2460261.71744,2023-11-13.2179109,bG,1.43,17.248,>17.248,99.990,0.069,0.092,g
2460261.71945,2023-11-13.2199187,bG,1.53,17.206,>17.206,99.990,-0.034,0.095,g
2460261.72144,2023-11-13.2219172,bG,1.56,17.246,>17.246,99.990,-0.020,0.092,g
2460262.31703,2023-11-13.8175231,bo,1.60,17.062,>17.062,99.990,0.249,0.109,g
2460262.31827,2023-11-13.8187652,bo,1.56,17.064,>17.064,99.990,0.283,0.109,g
2460262.31950,2023-11-13.8199918,bo,1.63,17.239,>17.239,99.990,0.098,0.092,g
2460262.44937,2023-11-13.9498701,bo,1.63,17.071,>17.071,99.990,-0.040,0.108,g
2460262.45060,2023-11-13.9510988,bo,1.61,17.102,>17.102,99.990,0.226,0.105,g
2460262.45181,2023-11-13.9523135,bo,1.58,16.968,>16.968,99.990,0.148,0.118,g
2460262.61969,2023-11-14.1201917,bk,1.59,17.339,>17.339,99.990,0.129,0.084,g
2460262.62091,2023-11-14.1214089,bk,1.61,17.382,>17.382,99.990,0.154,0.081,g
2460262.62212,2023-11-14.1226320,bk,1.55,17.277,>17.277,99.990,0.165,0.089,g
2460263.27844,2023-11-14.7789733,bo,1.44,17.102,>17.102,99.990,-0.041,0.105,g
2460263.27967,2023-11-14.7802025,bo,1.46,17.161,>17.161,99.990,0.132,0.099,g
2460263.28090,2023-11-14.7814315,bo,1.45,17.092,>17.092,99.990,0.060,0.106,g
2460263.40345,2023-11-14.9039828,bo,1.49,17.081,>17.081,99.990,0.265,0.107,g
2460263.40469,2023-11-14.9052256,bo,1.57,17.102,>17.102,99.990,0.131,0.105,g
2460263.40591,2023-11-14.9064553,bo,1.49,17.021,>17.021,99.990,0.259,0.113,g
2460263.62300,2023-11-15.1235385,bG,1.46,17.333,>17.333,99.990,0.043,0.085,g
2460263.62498,2023-11-15.1255215,bG,1.47,17.261,>17.261,99.990,0.231,0.091,g
2460263.62695,2023-11-15.1275010,bG,1.43,17.257,>17.257,99.990,0.055,0.091,g
2460264.55034,2023-11-16.0509219,bG,1.46,17.338,>17.338,99.990,-0.093,0.084,g
2460264.55162,2023-11-16.0521971,bG,1.43,17.261,>17.261,99.990,0.138,0.091,g
2460264.55289,2023-11-16.0534710,bG,1.45,17.114,>17.114,99.990,0.020,0.104,g
2460265.25731,2023-11-16.7579237,bo,1.40,14.554,>14.554,99.990,1.959,1.095,g
2460265.28530,2023-11-16.7859140,bo,1.42,16.881,>16.881,99.990,0.312,0.128,g
2460265.60155,2023-11-17.1021714,bG,1.44,17.260,>17.260,99.990,0.087,0.091,g
2460265.60283,2023-11-17.1034447,bG,1.45,17.254,>17.254,99.990,0.211,0.091,g
2460265.60411,2023-11-17.1047351,bG,1.43,17.204,>17.204,99.990,0.227,0.095,g
2460266.29827,2023-11-17.7989265,bo,1.58,16.925,>16.925,99.990,0.270,0.123,g
2460266.29961,2023-11-17.8002585,bo,1.57,16.826,>16.826,99.990,0.060,0.135,g
2460266.30086,2023-11-17.8015072,bo,1.58,16.798,>16.798,99.990,-0.197,0.139,g
2460266.40240,2023-11-17.9030498,bo,1.49,17.050,>17.050,99.990,0.170,0.110,g
2460266.40362,2023-11-17.9042667,bo,1.53,17.174,>17.174,99.990,-0.084,0.098,g
2460266.40485,2023-11-17.9055071,bo,1.50,16.911,>16.911,99.990,0.186,0.125,g
2460266.73757,2023-11-18.2382339,bG,1.44,17.158,>17.158,99.990,-0.033,0.099,g
2460266.73884,2023-11-18.2395087,bG,1.48,17.249,>17.249,99.990,0.200,0.092,g
2460266.74012,2023-11-18.2407870,bG,1.43,17.257,>17.257,99.990,-0.012,0.091,g
2460269.52616,2023-11-21.0269349,bG,1.53,16.787,>16.787,99.990,0.088,0.140,g
2460269.52744,2023-11-21.0282189,bG,1.45,16.649,>16.649,99.990,0.112,0.159,g
2460269.52870,2023-11-21.0294811,bG,1.50,16.819,>16.819,99.990,0.267,0.136,g
2460270.36297,2023-11-21.8637739,bo,1.43,16.442,>16.442,99.990,0.115,0.193,g
2460270.36420,2023-11-21.8650056,bo,1.52,16.303,>16.303,99.990,-0.023,0.219,g
2460270.36544,2023-11-21.8662450,bo,1.56,16.257,>16.257,99.990,0.133,0.228,g
2460270.56416,2023-11-22.0649729,bk,1.53,16.693,>16.693,99.990,0.208,0.153,g
2460270.56538,2023-11-22.0661991,bk,1.48,16.661,>16.661,99.990,-0.073,0.157,g
2460270.56663,2023-11-22.0674430,bk,1.54,16.519,>16.519,99.990,0.286,0.179,g
2460270.70620,2023-11-22.2070216,bG,1.48,16.643,>16.643,99.990,-0.036,0.160,g
2460270.70749,2023-11-22.2083078,bG,1.48,16.849,>16.849,99.990,-0.084,0.132,g
2460270.70877,2023-11-22.2095952,bG,1.51,16.670,>16.670,99.990,0.381,0.156,g
2460270.74653,2023-11-22.2473487,bG,1.46,16.862,>16.862,99.990,0.055,0.131,g
2460270.74782,2023-11-22.2486401,bG,1.42,16.998,>16.998,99.990,-0.022,0.115,g
2460270.74910,2023-11-22.2499195,bG,1.44,16.759,>16.759,99.990,0.213,0.144,g
2460271.26546,2023-11-22.7663028,bo,1.65,15.568,>15.568,99.990,-0.375,0.431,g
2460271.26669,2023-11-22.7675296,bo,1.63,15.717,>15.717,99.990,0.291,0.375,g
2460271.26801,2023-11-22.7688592,bo,1.62,15.862,>15.862,99.990,-0.375,0.328,g
2460271.39765,2023-11-22.8984939,bo,1.39,16.221,>16.221,99.990,-0.004,0.236,g
2460271.39888,2023-11-22.8997300,bo,1.50,16.050,>16.050,99.990,0.107,0.276,g
2460271.40012,2023-11-22.9009607,bo,1.42,16.144,>16.144,99.990,0.853,0.253,g
2460271.50544,2023-11-23.0062917,bo,1.46,16.235,>16.235,99.990,-0.304,0.233,g
2460271.50667,2023-11-23.0075208,bo,1.43,16.137,>16.137,99.990,0.073,0.255,g
2460271.50791,2023-11-23.0087600,bo,1.45,16.173,>16.173,99.990,-0.568,0.247,g
2460271.73974,2023-11-23.2405944,bG,1.44,16.519,>16.519,99.990,0.204,0.179,g
2460271.74100,2023-11-23.2418667,bG,1.44,16.544,>16.544,99.990,0.060,0.175,g
2460271.74228,2023-11-23.2431383,bG,1.46,16.642,>16.642,99.990,0.297,0.160,g
2460272.26233,2023-11-23.7632134,bo,2.05,15.046,>15.046,99.990,-0.983,0.696,g
2460272.26356,2023-11-23.7644425,bo,2.12,15.179,>15.179,99.990,-0.711,0.616,g
2460272.26479,2023-11-23.7656696,bo,2.09,15.066,>15.066,99.990,0.792,0.683,g
2460272.43200,2023-11-23.9328826,bo,1.59,15.865,>15.865,99.990,-0.468,0.327,g
2460272.43322,2023-11-23.9341056,bo,1.56,15.496,>15.496,99.990,0.793,0.460,g
2460272.43445,2023-11-23.9353383,bo,1.60,15.550,>15.550,99.990,0.283,0.438,g
2460272.59689,2023-11-24.0977813,bG,1.42,16.522,>16.522,99.990,-0.192,0.179,g
2460272.59817,2023-11-24.0990621,bG,1.49,16.445,>16.445,99.990,0.136,0.192,g
2460272.59946,2023-11-24.1003424,bG,1.45,16.408,>16.408,99.990,-0.040,0.198,g
2460273.26672,2023-11-24.7676396,bo,1.56,15.692,>15.692,99.990,1.192,0.384,g
2460273.26796,2023-11-24.7688790,bo,1.55,15.822,>15.822,99.990,-0.138,0.341,g
2460273.26919,2023-11-24.7701101,bo,1.46,15.899,>15.899,99.990,-0.046,0.317,g
2460273.46655,2023-11-24.9674665,bo,1.50,15.756,>15.756,99.990,-0.465,0.362,g
2460273.46779,2023-11-24.9687084,bo,1.40,15.850,>15.850,99.990,-0.469,0.332,g
2460273.46903,2023-11-24.9699503,bo,1.55,15.927,>15.927,99.990,-1.253,0.309,g
2460274.26359,2023-11-25.7645379,bo,2.13,15.156,>15.156,99.990,-0.413,0.629,g
2460274.26483,2023-11-25.7657825,bo,2.11,99.990,99.990,99.990,99.990,99.990,g
2460274.26606,2023-11-25.7670101,bo,2.09,15.473,>15.473,99.990,-0.518,0.470,g
2460274.36685,2023-11-25.8677990,bo,1.40,15.791,>15.791,99.990,0.942,0.350,g
2460274.36806,2023-11-25.8690231,bo,1.50,15.766,>15.766,99.990,0.381,0.359,g
2460274.36929,2023-11-25.8702518,bo,1.47,16.005,15.963,0.211,1.496,0.288,g
2460274.52106,2023-11-26.0220171,bk,1.48,16.070,>16.070,99.990,0.127,0.271,g
2460274.52228,2023-11-26.0232387,bk,1.39,16.090,>16.090,99.990,-0.395,0.266,g
2460274.52350,2023-11-26.0244619,bk,1.48,16.188,>16.188,99.990,0.389,0.243,g
2460274.70482,2023-11-26.2057979,bG,1.48,16.232,>16.232,99.990,-0.074,0.233,g
2460274.70609,2023-11-26.2070597,bG,1.47,16.082,>16.082,99.990,-0.222,0.268,g
2460274.70736,2023-11-26.2083371,bG,1.50,16.048,>16.048,99.990,1.000,0.277,g
2460275.26427,2023-11-26.7652607,bo,2.16,15.328,>15.328,99.990,0.299,0.537,g
2460275.26549,2023-11-26.7664799,bo,2.13,15.351,>15.351,99.990,-0.099,0.526,g
2460275.26671,2023-11-26.7676925,bo,2.14,15.499,>15.499,99.990,-0.074,0.459,g
2460275.39674,2023-11-26.8977375,bo,1.52,15.618,>15.618,99.990,-0.450,0.411,g
2460275.39799,2023-11-26.8989844,bo,1.49,15.612,>15.612,99.990,0.378,0.413,g
2460275.39921,2023-11-26.9002082,bo,1.54,15.525,>15.525,99.990,-1.080,0.448,g
2460275.50205,2023-11-27.0030414,bo,1.63,15.416,>15.416,99.990,0.203,0.495,g
2460275.50327,2023-11-27.0042694,bo,1.53,15.474,>15.474,99.990,-0.086,0.469,g
2460276.26493,2023-11-27.7659568,bo,2.37,15.179,>15.179,99.990,-0.254,0.616,g
2460276.26615,2023-11-27.7671762,bo,2.28,15.294,>15.294,99.990,0.690,0.554,g
2460276.26738,2023-11-27.7684040,bo,2.34,15.588,>15.588,99.990,0.895,0.423,g
2460276.37879,2023-11-27.8798261,bo,1.53,15.821,>15.821,99.990,1.049,0.341,g
2460276.38003,2023-11-27.8810583,bo,1.57,15.608,>15.608,99.990,0.238,0.415,g
2460276.38125,2023-11-27.8822825,bo,1.52,15.754,>15.754,99.990,-0.126,0.363,g
2460276.56831,2023-11-28.0693534,bG,1.46,16.412,>16.412,99.990,-0.142,0.198,g
2460276.56958,2023-11-28.0706164,bG,1.49,16.235,>16.235,99.990,-0.020,0.233,g
2460276.57085,2023-11-28.0718922,bG,1.50,16.254,>16.254,99.990,-0.039,0.229,g
2460276.72491,2023-11-28.2259531,bG,1.43,16.009,>16.009,99.990,-0.036,0.287,g
2460276.72617,2023-11-28.2272207,bG,1.54,16.181,>16.181,99.990,0.223,0.245,g
2460276.72746,2023-11-28.2285017,bG,1.50,16.151,>16.151,99.990,-0.201,0.251,g
2460277.29265,2023-11-28.7937141,bo,1.48,16.285,>16.285,99.990,0.220,0.222,g
2460277.32556,2023-11-28.8266159,bo,1.49,16.149,>16.149,99.990,0.312,0.252,g
2460283.68662,2023-12-05.1879017,bG,1.63,99.990,99.990,99.990,99.990,99.990,g
2460283.68790,2023-12-05.1891788,bG,1.63,17.164,>17.164,99.990,0.270,0.099,g
2460283.68917,2023-12-05.1904547,bG,1.64,99.990,99.990,99.990,99.990,99.990,g
2460286.30775,2023-12-07.8091170,bo,1.49,16.949,>16.949,99.990,-0.247,0.121,g
2460286.30912,2023-12-07.8104829,bo,1.51,16.785,>16.785,99.990,0.447,0.140,g
2460286.31037,2023-12-07.8117355,bo,1.56,16.758,>16.758,99.990,0.571,0.144,g
2460286.52068,2023-12-08.0220604,bk,1.67,15.809,>15.809,99.990,0.015,0.345,g
2460286.52190,2023-12-08.0232754,bk,1.67,16.049,>16.049,99.990,-0.466,0.276,g
2460286.52312,2023-12-08.0244949,bk,1.64,16.197,>16.197,99.990,-0.045,0.241,g
2460287.30624,2023-12-08.8076493,bo,1.65,16.574,>16.574,99.990,0.287,0.170,g
2460287.30748,2023-12-08.8088898,bo,1.64,16.654,>16.654,99.990,0.643,0.158,g
2460287.30873,2023-12-08.8101399,bo,1.64,16.637,>16.637,99.990,0.340,0.161,g
2460287.61522,2023-12-09.1166302,bk,1.45,17.257,>17.257,99.990,0.111,0.091,g
2460287.61644,2023-12-09.1178554,bk,1.40,17.283,>17.283,99.990,0.153,0.089,g
2460287.61764,2023-12-09.1190593,bk,1.42,99.990,99.990,99.990,99.990,99.990,g
2460288.66093,2023-12-10.1623737,bG,1.46,17.502,>17.502,99.990,0.206,0.072,g
2460288.66220,2023-12-10.1636523,bG,1.40,17.242,>17.242,99.990,0.053,0.092,g
2460288.66348,2023-12-10.1649297,bG,1.45,17.294,>17.294,99.990,0.244,0.088,g
2460289.37576,2023-12-10.8772188,bo,2.07,16.632,>16.632,99.990,-0.347,0.161,g
2460289.37702,2023-12-10.8784833,bo,2.01,16.674,>16.674,99.990,-0.009,0.155,g
2460289.37828,2023-12-10.8797459,bo,2.03,16.681,>16.681,99.990,0.268,0.154,g
2460290.28870,2023-12-11.7902012,bo,1.45,16.637,>16.637,99.990,-0.318,0.161,g
2460290.28993,2023-12-11.7914255,bo,1.51,16.422,>16.422,99.990,0.632,0.196,g
2460290.29116,2023-12-11.7926556,bo,1.52,16.554,>16.554,99.990,0.521,0.174,g
2460291.30802,2023-12-12.8095550,bo,2.07,16.662,>16.662,99.990,-0.260,0.157,g
2460291.30925,2023-12-12.8107841,bo,2.08,16.613,>16.613,99.990,-0.275,0.164,g
2460291.31049,2023-12-12.8120157,bo,2.08,16.622,>16.622,99.990,0.111,0.163,g
2460291.66917,2023-12-13.1707039,bk,1.50,17.140,>17.140,99.990,-0.042,0.101,g
2460291.67037,2023-12-13.1719187,bk,1.55,17.245,>17.245,99.990,0.267,0.092,g
2460293.31256,2023-12-14.8141584,bo,1.44,16.591,>16.591,99.990,0.697,0.168,g
2460293.31381,2023-12-14.8153964,bo,1.51,16.680,>16.680,99.990,-0.036,0.155,g
2460293.31505,2023-12-14.8166288,bo,1.47,16.599,>16.599,99.990,-0.017,0.166,g
2460293.59603,2023-12-15.0976224,bk,1.51,17.250,>17.250,99.990,0.222,0.091,g
2460293.59724,2023-12-15.0988395,bk,1.48,17.223,>17.223,99.990,0.397,0.094,g
2460293.59847,2023-12-15.1000732,bk,1.51,17.137,>17.137,99.990,0.147,0.101,g
2460293.65298,2023-12-15.1545812,bk,1.48,17.393,>17.393,99.990,0.012,0.080,g
2460293.65420,2023-12-15.1557991,bk,1.44,17.159,>17.159,99.990,0.083,0.099,g
2460293.65544,2023-12-15.1570302,bk,1.48,17.170,>17.170,99.990,0.096,0.098,g
2460294.28291,2023-12-15.7845179,bo,2.29,14.982,>14.982,99.990,0.145,0.739,g
2460294.28412,2023-12-15.7857373,bo,2.31,15.139,>15.139,99.990,0.397,0.639,g
2460294.28535,2023-12-15.7869738,bo,2.26,15.321,>15.321,99.990,-0.119,0.540,g
2460294.42031,2023-12-15.9219356,bo,1.50,16.761,>16.761,99.990,-0.098,0.143,g
2460294.42156,2023-12-15.9231833,bo,1.53,16.584,>16.584,99.990,0.784,0.169,g
2460294.42279,2023-12-15.9244156,bo,1.57,16.768,>16.768,99.990,0.317,0.143,g
2460294.56200,2023-12-16.0636192,bk,1.59,17.102,>17.102,99.990,0.239,0.105,g
2460294.56323,2023-12-16.0648562,bk,1.64,17.200,>17.200,99.990,-0.016,0.096,g
2460294.56446,2023-12-16.0660862,bk,1.66,16.986,>16.986,99.990,0.123,0.117,g
2460295.43891,2023-12-16.9405633,bo,1.49,16.591,>16.591,99.990,0.256,0.168,g
2460295.44013,2023-12-16.9417866,bo,1.44,16.635,>16.635,99.990,-0.067,0.161,g
2460295.44137,2023-12-16.9430239,bo,1.50,16.595,>16.595,99.990,0.103,0.167,g
2460296.43185,2023-12-17.9335215,bo,1.44,16.642,>16.642,99.990,0.068,0.160,g
2460296.43309,2023-12-17.9347634,bo,1.48,16.774,>16.774,99.990,-0.440,0.142,g
2460297.34466,2023-12-18.8463629,bo,1.54,15.908,>15.908,99.990,0.722,0.315,g
2460297.34714,2023-12-18.8488452,bo,1.51,15.957,>15.957,99.990,0.229,0.301,g
2460297.43898,2023-12-18.9406875,bo,1.50,16.628,>16.628,99.990,0.487,0.162,g
2460297.44021,2023-12-18.9419142,bo,1.53,16.531,>16.531,99.990,0.048,0.177,g
2460297.44144,2023-12-18.9431418,bo,1.50,16.552,>16.552,99.990,0.502,0.174,g
2460298.30511,2023-12-19.8068342,bo,1.58,15.523,>15.523,99.990,1.766,0.449,g
2460298.30638,2023-12-19.8081158,bo,1.67,15.800,15.688,0.198,1.927,0.348,g
2460298.30762,2023-12-19.8093486,bo,1.69,15.559,>15.559,99.990,1.031,0.434,g
2460298.43240,2023-12-19.9341361,bo,1.40,15.974,>15.974,99.990,1.368,0.296,g
2460298.43364,2023-12-19.9353710,bo,1.43,15.997,>15.997,99.990,1.431,0.290,g
2460298.43486,2023-12-19.9365917,bo,1.56,16.154,>16.154,99.990,0.694,0.251,g
2460298.62438,2023-12-20.1261144,bk,1.46,16.786,>16.786,99.990,0.322,0.140,g
2460298.62560,2023-12-20.1273358,bk,1.42,16.710,>16.710,99.990,-0.235,0.150,g
2460298.62683,2023-12-20.1285630,bk,1.47,16.746,>16.746,99.990,-0.027,0.145,g
2460299.32686,2023-12-20.8286159,bo,1.51,16.446,>16.446,99.990,-0.202,0.192,g
2460299.32811,2023-12-20.8298599,bo,1.53,16.422,>16.422,99.990,0.013,0.196,g
2460299.32933,2023-12-20.8310890,bo,1.48,16.232,>16.232,99.990,-0.167,0.234,g
2460299.43571,2023-12-20.9374630,bo,1.47,16.315,>16.315,99.990,0.363,0.216,g
2460299.43694,2023-12-20.9386967,bo,1.47,16.296,>16.296,99.990,0.078,0.220,g
2460300.30774,2023-12-21.8095194,bo,1.71,16.306,>16.306,99.990,0.110,0.218,g
2460300.30897,2023-12-21.8107459,bo,1.80,16.135,>16.135,99.990,-0.309,0.255,g
2460300.31021,2023-12-21.8119922,bo,1.74,16.135,>16.135,99.990,-0.009,0.255,g
2460300.59472,2023-12-22.0965061,bk,1.51,16.507,>16.507,99.990,0.266,0.181,g
2460300.59595,2023-12-22.0977315,bk,1.51,16.573,>16.573,99.990,-0.241,0.171,g
2460300.59716,2023-12-22.0989556,bk,1.57,16.436,>16.436,99.990,-0.245,0.193,g
2460301.28949,2023-12-22.7912966,bo,1.55,16.059,>16.059,99.990,0.697,0.274,g
2460301.29074,2023-12-22.7925373,bo,1.58,16.029,>16.029,99.990,-0.393,0.281,g
2460301.29198,2023-12-22.7937782,bo,1.53,16.075,>16.075,99.990,0.060,0.270,g
2460301.41874,2023-12-22.9205435,bo,1.48,15.911,>15.911,99.990,-0.042,0.314,g
2460301.41996,2023-12-22.9217710,bo,1.51,15.875,>15.875,99.990,-0.057,0.324,g
2460301.42122,2023-12-22.9230303,bo,1.53,15.902,15.111,0.106,3.278,0.317,g
2460301.64405,2023-12-23.1458712,bG,1.45,16.527,>16.527,99.990,0.339,0.178,g
2460301.64532,2023-12-23.1471321,bG,1.45,16.554,>16.554,99.990,0.325,0.174,g
2460301.64658,2023-12-23.1483978,bG,1.45,16.693,>16.693,99.990,0.056,0.153,g
2460302.29766,2023-12-23.7994903,bo,1.47,15.957,>15.957,99.990,0.799,0.301,g
2460302.29889,2023-12-23.8007223,bo,1.38,15.986,>15.986,99.990,-0.602,0.293,g
2460302.30021,2023-12-23.8020444,bo,1.47,15.881,>15.881,99.990,-0.041,0.322,g
2460302.39721,2023-12-23.8990374,bo,1.46,15.788,>15.788,99.990,0.430,0.352,g
2460302.39842,2023-12-23.9002548,bo,1.52,15.817,>15.817,99.990,-0.247,0.342,g
2460302.39970,2023-12-23.9015317,bo,1.46,15.873,>15.873,99.990,0.042,0.325,g
2460302.62118,2023-12-24.1230222,bk,1.49,16.397,>16.397,99.990,0.320,0.201,g
2460302.62241,2023-12-24.1242474,bk,1.42,16.470,>16.470,99.990,0.058,0.188,g
2460302.62362,2023-12-24.1254633,bk,1.56,16.210,>16.210,99.990,-0.292,0.238,g
2460303.29036,2023-12-24.7922159,bo,1.62,15.785,>15.785,99.990,-0.271,0.352,g
2460303.29162,2023-12-24.7934714,bo,1.69,15.782,>15.782,99.990,1.039,0.353,g
2460303.29290,2023-12-24.7947623,bo,1.67,15.630,>15.630,99.990,0.011,0.406,g
2460303.36841,2023-12-24.8702708,bo,1.51,15.627,>15.627,99.990,-0.500,0.408,g
2460303.36965,2023-12-24.8715100,bo,1.60,15.624,>15.624,99.990,0.124,0.409,g
2460303.37091,2023-12-24.8727739,bo,1.54,15.583,>15.583,99.990,-0.505,0.425,g
2460303.61797,2023-12-25.1198370,bk,1.58,16.042,>16.042,99.990,0.114,0.278,g
2460303.61919,2023-12-25.1210550,bk,1.65,15.999,>15.999,99.990,-0.338,0.289,g
2460303.62042,2023-12-25.1222804,bk,1.61,16.104,>16.104,99.990,-0.287,0.263,g
2460304.28850,2023-12-25.7903800,bo,1.70,15.536,>15.536,99.990,-0.533,0.443,g
2460304.29011,2023-12-25.7919842,bo,1.68,15.633,>15.633,99.990,0.051,0.405,g
2460304.53172,2023-12-26.0336041,bk,2.49,15.878,>15.878,99.990,0.249,0.323,g
2460304.53295,2023-12-26.0348280,bk,2.48,15.706,>15.706,99.990,-0.436,0.379,g
2460304.53418,2023-12-26.0360593,bk,2.47,99.990,99.990,99.990,99.990,99.990,g
2460305.27899,2023-12-26.7808883,bo,1.53,14.504,>14.504,99.990,-0.136,1.147,g
2460305.28029,2023-12-26.7821850,bo,1.51,14.348,>14.348,99.990,-2.303,1.324,g
2460305.28150,2023-12-26.7834001,bo,1.58,15.145,>15.145,99.990,-0.863,0.635,g
2460305.53571,2023-12-27.0376178,bk,1.48,15.679,>15.679,99.990,0.088,0.389,g
2460305.53694,2023-12-27.0388498,bk,1.60,15.729,>15.729,99.990,0.097,0.371,g
2460305.53817,2023-12-27.0400788,bk,1.62,15.792,>15.792,99.990,-0.053,0.350,g
2460308.54307,2023-12-30.0450429,bG,1.47,17.044,>17.044,99.990,0.259,0.111,g
2460308.54435,2023-12-30.0463177,bG,1.47,17.200,>17.200,99.990,-0.016,0.096,g
2460308.54562,2023-12-30.0475902,bG,1.49,17.209,>17.209,99.990,-0.032,0.095,g
2460308.63160,2023-12-30.1335692,bG,1.47,16.776,>16.776,99.990,-0.114,0.142,g
2460308.63288,2023-12-30.1348495,bG,1.47,16.477,>16.477,99.990,0.264,0.186,g
2460308.63416,2023-12-30.1361364,bG,1.46,16.599,>16.599,99.990,-0.139,0.167,g
2460309.55903,2023-12-31.0610225,bk,1.40,17.313,>17.313,99.990,0.080,0.086,g
2460309.56025,2023-12-31.0622385,bk,1.41,17.241,>17.241,99.990,0.046,0.092,g
2460309.56147,2023-12-31.0634578,bk,1.41,17.386,>17.386,99.990,0.110,0.081,g
2460312.64639,2024-01-03.1484453,bG,1.43,17.189,>17.189,99.990,0.129,0.097,g
2460313.39306,2024-01-03.8951299,bo,1.50,16.857,>16.857,99.990,-0.100,0.131,g
2460313.39429,2024-01-03.8963638,bo,1.50,16.658,>16.658,99.990,0.295,0.158,g
2460313.39552,2024-01-03.8975915,bo,1.48,16.695,>16.695,99.990,-0.252,0.152,g
2460313.64171,2024-01-04.1437788,bG,1.43,17.184,>17.184,99.990,0.012,0.097,g
2460313.64298,2024-01-04.1450453,bG,1.42,17.141,>17.141,99.990,0.006,0.101,g
2460313.64425,2024-01-04.1463239,bG,1.42,17.184,>17.184,99.990,-0.067,0.097,g
2460314.29504,2024-01-04.7971201,bo,1.65,16.512,>16.512,99.990,0.415,0.180,g
2460314.29627,2024-01-04.7983488,bo,1.58,16.796,>16.796,99.990,-0.052,0.139,g
2460314.29751,2024-01-04.7995915,bo,1.63,16.812,>16.812,99.990,0.202,0.137,g
2460314.62905,2024-01-05.1311376,bG,1.40,17.127,>17.127,99.990,0.203,0.102,g
2460314.63032,2024-01-05.1324151,bG,1.46,17.267,>17.267,99.990,0.105,0.090,g
2460314.63160,2024-01-05.1336871,bG,1.42,17.098,>17.098,99.990,0.298,0.105,g
2460315.33119,2024-01-05.8332988,bo,1.76,16.696,>16.696,99.990,0.043,0.152,g
2460315.33263,2024-01-05.8347329,bo,1.81,16.767,>16.767,99.990,0.115,0.143,g
2460315.33396,2024-01-05.8360687,bo,1.83,16.728,>16.728,99.990,0.272,0.148,g
2460315.39112,2024-01-05.8932273,bo,1.52,16.702,>16.702,99.990,0.297,0.152,g
2460315.39236,2024-01-05.8944614,bo,1.52,16.713,>16.713,99.990,0.193,0.150,g
2460316.28374,2024-01-06.7858496,bo,2.08,15.771,>15.771,99.990,0.267,0.357,g
2460316.28495,2024-01-06.7870645,bo,2.06,15.985,>15.985,99.990,-0.296,0.293,g
2460316.28618,2024-01-06.7882949,bo,2.06,15.965,>15.965,99.990,-0.108,0.298,g
2460316.38600,2024-01-06.8881133,bo,1.52,16.745,>16.745,99.990,0.394,0.146,g
2460316.38724,2024-01-06.8893511,bo,1.50,17.001,>17.001,99.990,-0.070,0.115,g
2460316.38850,2024-01-06.8906134,bo,1.51,16.923,>16.923,99.990,0.231,0.124,g
2460317.62301,2024-01-08.1251532,bG,1.43,17.223,>17.223,99.990,0.191,0.094,g
2460317.62430,2024-01-08.1264370,bG,1.43,17.334,>17.334,99.990,0.146,0.085,g
2460317.62556,2024-01-08.1277017,bG,1.47,17.238,>17.238,99.990,0.107,0.092,g
2460319.61919,2024-01-10.1213491,bG,1.47,17.238,>17.238,99.990,0.125,0.092,g
2460319.62046,2024-01-10.1226276,bG,1.42,17.203,>17.203,99.990,-0.105,0.095,g
2460319.62174,2024-01-10.1239039,bG,1.45,17.196,>17.196,99.990,0.206,0.096,g
2460321.56674,2024-01-12.0689319,bk,1.47,17.202,>17.202,99.990,0.362,0.096,g
2460321.56797,2024-01-12.0701631,bk,1.47,17.260,>17.260,99.990,-0.068,0.091,g
2460321.56921,2024-01-12.0714011,bk,1.47,17.559,>17.559,99.990,0.042,0.069,g
2460322.56292,2024-01-13.0651201,bk,1.49,17.197,>17.197,99.990,0.134,0.096,g
2460322.56414,2024-01-13.0663501,bk,1.48,17.334,>17.334,99.990,0.255,0.085,g
2460322.56537,2024-01-13.0675694,bk,1.44,17.084,>17.084,99.990,0.233,0.107,g
2460325.55576,2024-01-16.0579956,bG,1.48,17.197,>17.197,99.990,0.233,0.096,g
2460325.55703,2024-01-16.0592728,bG,1.46,17.195,>17.195,99.990,0.111,0.096,g
2460325.55830,2024-01-16.0605346,bG,1.42,17.082,>17.082,99.990,0.389,0.107,g
2460326.55540,2024-01-17.0576423,bG,2.01,16.930,>16.930,99.990,0.207,0.123,g
2460326.55667,2024-01-17.0589171,bG,2.03,16.924,>16.924,99.990,0.005,0.123,g
2460326.55795,2024-01-17.0601930,bG,2.01,16.992,>16.992,99.990,0.085,0.116,g
2460327.55274,2024-01-18.0549971,bG,1.62,16.903,>16.903,99.990,0.291,0.126,g
2460327.55402,2024-01-18.0562665,bG,1.56,16.814,>16.814,99.990,0.468,0.137,g
2460327.55528,2024-01-18.0575368,bG,1.56,16.765,>16.765,99.990,0.474,0.143,g
2460328.54710,2024-01-19.0493535,bG,1.42,16.899,>16.899,99.990,0.278,0.126,g
2460328.54837,2024-01-19.0506307,bG,1.46,16.920,>16.920,99.990,-0.028,0.124,g
2460328.54965,2024-01-19.0519061,bG,1.43,16.834,>16.834,99.990,0.054,0.134,g
2460329.54684,2024-01-20.0491071,bG,1.55,16.568,>16.568,99.990,0.128,0.171,g
2460329.54811,2024-01-20.0503756,bG,1.59,16.704,>16.704,99.990,0.126,0.151,g
2460329.54938,2024-01-20.0516528,bG,1.56,16.795,>16.795,99.990,-0.053,0.139,g
2460330.54204,2024-01-21.0443162,bk,1.66,16.352,>16.352,99.990,-0.070,0.209,g
2460330.54326,2024-01-21.0455327,bk,1.65,16.405,>16.405,99.990,0.134,0.199,g
2460330.54448,2024-01-21.0467532,bk,1.66,16.307,>16.307,99.990,-0.166,0.218,g
2460331.53796,2024-01-22.0402415,bk,1.63,16.018,>16.018,99.990,0.688,0.284,g
2460331.53919,2024-01-22.0414741,bk,1.66,16.079,>16.079,99.990,0.403,0.269,g
2460331.54042,2024-01-22.0426974,bk,1.63,16.252,>16.252,99.990,-0.177,0.229,g
2460333.53356,2024-01-24.0358555,bk,2.41,15.712,>15.712,99.990,0.614,0.377,g
2460333.53479,2024-01-24.0370785,bk,2.43,15.779,>15.779,99.990,-1.062,0.354,g
2460333.53601,2024-01-24.0382969,bk,2.38,15.753,>15.753,99.990,-0.227,0.363,g
2460334.52807,2024-01-25.0303646,bk,2.36,15.684,>15.684,99.990,-0.558,0.387,g
2460335.52898,2024-01-26.0312699,bk,1.68,15.810,>15.810,99.990,0.964,0.344,g
2460335.53019,2024-01-26.0324869,bk,1.56,15.881,>15.881,99.990,-0.164,0.322,g
2460335.53141,2024-01-26.0337063,bk,1.67,15.737,>15.737,99.990,-0.205,0.368,g
2460357.27244,2024-02-16.7746311,bo,2.28,16.152,>16.152,99.990,0.360,0.251,g
2460357.27368,2024-02-16.7758694,bo,2.29,16.187,>16.187,99.990,-0.601,0.243,g
2460357.27492,2024-02-16.7771121,bo,2.20,15.988,>15.988,99.990,0.357,0.292,g
2460359.26705,2024-02-18.7692177,bo,2.45,15.686,>15.686,99.990,0.144,0.386,g
2460359.26829,2024-02-18.7704594,bo,2.41,15.830,>15.830,99.990,0.507,0.338,g
2460359.26952,2024-02-18.7716802,bo,2.38,15.889,>15.889,99.990,0.261,0.320,g
2460361.26434,2024-02-20.7664730,bo,2.45,14.911,14.863,0.210,4.118,0.788,g
2460362.25722,2024-02-21.7593383,bo,1.75,15.130,>15.130,99.990,1.703,0.645,g
2460362.25845,2024-02-21.7605652,bo,1.66,15.129,>15.129,99.990,0.551,0.645,g
2460362.25968,2024-02-21.7617997,bo,1.74,15.256,>15.256,99.990,-0.044,0.574,g
2460363.25640,2024-02-22.7585016,bo,2.44,14.901,>14.901,99.990,1.109,0.795,g
2460363.25763,2024-02-22.7597281,bo,2.42,14.963,>14.963,99.990,-0.340,0.752,g
2460363.25886,2024-02-22.7609618,bo,2.40,15.114,>15.114,99.990,1.467,0.654,g
2460434.92558,2024-05-04.4253555,bk,1.47,16.706,>16.706,99.990,0.011,0.151,g
2460434.92681,2024-05-04.4265864,bk,1.46,16.501,>16.501,99.990,0.339,0.182,g
2460434.92803,2024-05-04.4278111,bk,1.46,16.352,>16.352,99.990,0.528,0.209,g
2460435.67295,2024-05-05.1727013,bo,1.52,16.254,>16.254,99.990,0.105,0.229,g
2460435.67423,2024-05-05.1739825,bo,1.54,16.075,>16.075,99.990,-0.221,0.270,g
2460435.67559,2024-05-05.1753461,bo,1.52,15.887,>15.887,99.990,0.008,0.321,g
2460436.92836,2024-05-06.4280648,bk,1.43,16.337,>16.337,99.990,0.473,0.212,g
2460436.92958,2024-05-06.4292821,bk,1.61,16.296,>16.296,99.990,-0.181,0.220,g
2460436.93081,2024-05-06.4305076,bk,1.44,16.135,>16.135,99.990,0.454,0.255,g
2460438.91605,2024-05-08.4156748,bG,1.69,16.846,>16.846,99.990,-0.077,0.133,g
2460438.91730,2024-05-08.4169208,bG,1.55,16.835,>16.835,99.990,0.102,0.134,g
2460438.91854,2024-05-08.4181589,bG,1.58,16.990,>16.990,99.990,0.298,0.116,g
2460439.91562,2024-05-09.4152039,bG,1.44,16.327,>16.327,99.990,0.199,0.214,g
2460439.91687,2024-05-09.4164543,bG,1.45,16.781,>16.781,99.990,-0.037,0.141,g
2460439.91811,2024-05-09.4177005,bG,1.42,16.714,>16.714,99.990,0.064,0.150,g
2460441.91105,2024-05-11.4105524,bG,1.59,99.990,99.990,99.990,99.990,99.990,g
2460441.91229,2024-05-11.4117909,bG,1.63,99.990,99.990,99.990,99.990,99.990,g
2460441.91354,2024-05-11.4130488,bG,1.52,99.990,99.990,99.990,99.990,99.990,g
2460456.88193,2024-05-26.3808724,bk,1.48,15.951,>15.951,99.990,0.798,0.303,g
2460456.88315,2024-05-26.3820968,bk,1.58,15.930,>15.930,99.990,0.119,0.308,g
2460456.88438,2024-05-26.3833202,bk,1.57,16.165,>16.165,99.990,-2.778,0.249,g
2460457.86978,2024-05-27.3686857,bG,1.45,16.105,>16.105,99.990,-0.078,0.262,g
2460457.87103,2024-05-27.3699443,bG,1.47,16.130,>16.130,99.990,-0.007,0.256,g
2460457.87229,2024-05-27.3712002,bG,1.46,16.464,>16.464,99.990,0.063,0.189,g
2460458.87883,2024-05-28.3777061,bG,1.44,16.325,>16.325,99.990,0.669,0.214,g
2460458.88009,2024-05-28.3789621,bG,1.43,16.440,>16.440,99.990,0.486,0.193,g
2460458.88133,2024-05-28.3802097,bG,1.41,16.290,>16.290,99.990,-0.070,0.221,g
2460460.92156,2024-05-30.4203585,bk,1.46,16.697,>16.697,99.990,0.349,0.152,g
2460460.92278,2024-05-30.4215781,bk,1.45,16.817,>16.817,99.990,-0.032,0.136,g
2460460.92399,2024-05-30.4227927,bk,1.44,16.767,>16.767,99.990,0.025,0.143,g
2460487.91213,2024-06-26.4101662,bG,1.52,16.397,>16.397,99.990,0.153,0.201,g
2460487.91338,2024-06-26.4114122,bG,1.64,16.304,>16.304,99.990,0.588,0.219,g
2460487.91462,2024-06-26.4126565,bG,1.57,16.422,>16.422,99.990,-0.191,0.196,g
2460488.92370,2024-06-27.4217091,bk,1.67,15.654,>15.654,99.990,0.783,0.398,g
2460488.92493,2024-06-27.4229427,bk,1.50,15.860,>15.860,99.990,0.529,0.329,g
2460488.92616,2024-06-27.4241712,bk,1.58,15.815,>15.815,99.990,-1.030,0.343,g
2460490.82953,2024-06-29.3275028,bG,1.52,16.782,>16.782,99.990,0.002,0.141,g
2460490.83078,2024-06-29.32875,bG,1.49,16.790,>16.790,99.990,0.120,0.140,g
2460490.83201,2024-06-29.3299843,bG,1.46,16.823,>16.823,99.990,0.178,0.135,g
2460491.78243,2024-06-30.2803903,bG,1.45,16.786,>16.786,99.990,0.298,0.140,g
2460491.78367,2024-06-30.2816280,bG,1.46,16.836,>16.836,99.990,-0.025,0.134,g
2460491.78491,2024-06-30.2828679,bG,1.44,17.029,>17.029,99.990,0.285,0.112,g
2460492.54046,2024-07-01.0384063,bo,1.54,16.922,>16.922,99.990,0.189,0.124,g
2460492.54171,2024-07-01.0396479,bo,1.46,16.794,>16.794,99.990,0.227,0.139,g
2460492.54293,2024-07-01.0408760,bo,1.48,16.970,>16.970,99.990,-0.076,0.118,g
2460492.78109,2024-07-01.279025,bk,1.43,17.298,>17.298,99.990,0.144,0.088,g
2460492.78232,2024-07-01.2802572,bk,1.42,17.251,>17.251,99.990,0.269,0.091,g
2460492.78355,2024-07-01.2814825,bk,1.47,17.216,>17.216,99.990,0.038,0.094,g
2460492.94022,2024-07-01.4381480,bk,1.48,17.166,>17.166,99.990,-0.070,0.099,g
2460492.94145,2024-07-01.4393805,bk,1.42,17.039,>17.039,99.990,0.265,0.111,g
2460492.94268,2024-07-01.4406083,bk,1.51,16.931,>16.931,99.990,-0.233,0.123,g
2460493.83461,2024-07-02.3325252,bk,1.46,17.139,>17.139,99.990,0.177,0.101,g
2460493.83585,2024-07-02.3337553,bk,1.51,17.296,>17.296,99.990,0.206,0.088,g
2460493.83707,2024-07-02.3349936,bk,1.46,17.282,>17.282,99.990,0.185,0.089,g
2460494.77665,2024-07-03.2745482,bG,1.46,15.962,>15.962,99.990,0.160,0.299,g
2460494.77793,2024-07-03.2758167,bG,1.45,16.385,>16.385,99.990,0.041,0.203,g
2460494.77915,2024-07-03.2770533,bG,1.50,16.105,>16.105,99.990,-0.062,0.262,g
2460495.76282,2024-07-04.2607017,bG,1.49,16.966,>16.966,99.990,-0.144,0.119,g
2460495.76407,2024-07-04.2619521,bG,1.52,16.843,>16.843,99.990,-0.001,0.133,g
2460495.76531,2024-07-04.2631891,bG,1.48,16.713,>16.713,99.990,0.002,0.150,g
2460496.77889,2024-07-05.2767513,bG,1.42,16.878,>16.878,99.990,0.076,0.129,g
2460496.78013,2024-07-05.2779917,bG,1.47,16.667,>16.667,99.990,0.123,0.156,g
2460496.78138,2024-07-05.2792391,bG,1.45,16.809,>16.809,99.990,-0.035,0.137,g
2460497.52300,2024-07-06.0208452,bo,1.52,16.987,>16.987,99.990,-0.144,0.116,g
2460497.52422,2024-07-06.0220719,bo,1.48,16.898,>16.898,99.990,0.019,0.126,g
2460497.52545,2024-07-06.0232987,bo,1.45,16.912,>16.912,99.990,-0.051,0.125,g
2460498.76658,2024-07-07.2644097,bG,1.55,16.805,>16.805,99.990,0.081,0.138,g
2460498.76783,2024-07-07.2656590,bG,1.56,16.749,15.333,0.059,2.673,0.145,g
2460498.76908,2024-07-07.2669163,bG,1.56,16.862,>16.862,99.990,0.148,0.131,g
2460500.76298,2024-07-09.2607806,bG,1.46,17.111,>17.111,99.990,0.064,0.104,g
2460500.76424,2024-07-09.2620349,bG,1.50,16.993,>16.993,99.990,0.363,0.116,g
2460500.76549,2024-07-09.2632824,bG,1.48,16.950,>16.950,99.990,0.343,0.121,g
2460500.94606,2024-07-09.4438490,bk,1.44,16.720,>16.720,99.990,0.160,0.149,g
2460500.94727,2024-07-09.4450767,bk,1.44,16.374,>16.374,99.990,-0.099,0.205,g
2460500.94851,2024-07-09.4463068,bk,1.56,16.211,>16.211,99.990,-1.458,0.238,g
2460501.82908,2024-07-10.3268629,bG,1.48,17.444,>17.444,99.990,-2.417,0.077,g
2460501.83033,2024-07-10.3281143,bG,1.48,17.019,>17.019,99.990,0.124,0.113,g
2460501.83158,2024-07-10.3293657,bG,1.44,17.078,>17.078,99.990,-0.035,0.107,g
2460502.75392,2024-07-11.2516931,bG,1.44,16.979,>16.979,99.990,0.272,0.117,g
2460502.75517,2024-07-11.2529417,bG,1.47,16.880,>16.880,99.990,-0.012,0.129,g
2460502.75641,2024-07-11.2541840,bG,1.42,17.031,>17.031,99.990,0.173,0.112,g
2460503.74248,2024-07-12.2402413,bG,1.46,16.973,>16.973,99.990,0.008,0.118,g
2460503.74372,2024-07-12.2414825,bG,1.52,17.032,>17.032,99.990,-0.159,0.112,g
2460503.74496,2024-07-12.2427252,bG,1.48,16.956,>16.956,99.990,0.119,0.120,g
2460503.92803,2024-07-12.4257902,bG,1.54,17.087,>17.087,99.990,0.276,0.106,g
2460503.92928,2024-07-12.4270375,bG,1.61,16.908,>16.908,99.990,0.104,0.125,g
2460503.93053,2024-07-12.4282798,bG,1.61,17.021,>17.021,99.990,-0.036,0.113,g
2460504.75107,2024-07-13.2488245,bG,2.02,16.855,>16.855,99.990,0.090,0.132,g
2460504.75233,2024-07-13.2500781,bG,2.02,16.902,>16.902,99.990,0.177,0.126,g
2460504.75357,2024-07-13.2513252,bG,2.02,16.881,>16.881,99.990,-0.089,0.128,g
2460505.79995,2024-07-14.2976927,bk,1.59,17.295,>17.295,99.990,0.177,0.088,g
2460505.80119,2024-07-14.2989287,bk,1.62,17.532,>17.532,99.990,0.063,0.071,g
2460505.80242,2024-07-14.3001636,bk,1.63,17.355,>17.355,99.990,0.191,0.083,g
2460506.77464,2024-07-15.2723686,bG,1.47,17.014,>17.014,99.990,0.083,0.114,g
2460506.77588,2024-07-15.2736072,bG,1.43,16.917,>16.917,99.990,0.125,0.124,g
2460506.77712,2024-07-15.2748440,bG,1.47,16.957,>16.957,99.990,0.131,0.120,g
2460507.74187,2024-07-16.2395846,bG,1.56,16.473,>16.473,99.990,0.102,0.187,g
2460507.74313,2024-07-16.2408480,bG,1.48,16.659,>16.659,99.990,0.146,0.158,g
2460507.74439,2024-07-16.2421039,bG,1.49,16.468,>16.468,99.990,-0.051,0.188,g
2460508.72748,2024-07-17.2251855,bG,1.38,16.381,>16.381,99.990,0.470,0.203,g
2460508.72871,2024-07-17.2264218,bG,1.45,16.356,>16.356,99.990,0.109,0.208,g
2460508.72996,2024-07-17.2276662,bG,1.46,16.550,>16.550,99.990,-0.415,0.174,g
2460508.79955,2024-07-17.2972503,bG,1.45,16.488,>16.488,99.990,-0.343,0.184,g
2460508.80079,2024-07-17.2984993,bG,1.47,16.610,>16.610,99.990,0.273,0.165,g
2460508.80204,2024-07-17.2997421,bG,1.48,16.576,>16.576,99.990,0.261,0.170,g
2460509.72189,2024-07-18.2195881,bG,1.49,16.067,>16.067,99.990,0.400,0.272,g
2460509.72314,2024-07-18.2208384,bG,1.45,16.130,>16.130,99.990,-0.228,0.256,g
2460509.72439,2024-07-18.2220875,bG,1.41,16.188,>16.188,99.990,0.154,0.243,g
2460510.71903,2024-07-19.2167226,bG,1.49,15.909,>15.909,99.990,0.160,0.314,g
2460510.72028,2024-07-19.2179667,bG,1.49,16.031,>16.031,99.990,-0.234,0.281,g
2460510.72153,2024-07-19.2192170,bG,1.47,15.973,>15.973,99.990,-0.446,0.296,g
2460510.85575,2024-07-19.3534380,bG,1.57,16.180,>16.180,99.990,0.176,0.245,g
2460510.85700,2024-07-19.3546892,bG,1.65,16.039,>16.039,99.990,0.411,0.279,g
2460510.85825,2024-07-19.3559334,bG,1.61,16.179,>16.179,99.990,0.724,0.245,g
2460514.77238,2024-07-23.2700379,bk,1.58,15.946,>15.946,99.990,0.014,0.304,g
2460514.77361,2024-07-23.2712652,bk,1.70,15.990,>15.990,99.990,-0.007,0.292,g
2460514.77485,2024-07-23.2725069,bk,1.47,15.949,>15.949,99.990,0.747,0.303,g
2460514.92809,2024-07-23.4257581,bG,1.51,15.900,>15.900,99.990,0.263,0.317,g
2460514.92934,2024-07-23.4270013,bG,1.55,16.195,>16.195,99.990,-0.224,0.242,g
2460514.93060,2024-07-23.4282517,bG,1.56,16.076,>16.076,99.990,0.329,0.269,g
2460515.48763,2024-07-23.9852841,bo,1.51,16.035,>16.035,99.990,-0.195,0.280,g
2460515.48886,2024-07-23.9865091,bo,1.47,16.032,>16.032,99.990,0.394,0.281,g
2460515.49010,2024-07-23.9877547,bo,1.48,15.844,>15.844,99.990,-0.217,0.334,g
2460515.79993,2024-07-24.2975797,bG,1.74,16.091,>16.091,99.990,-0.528,0.266,g
2460515.80118,2024-07-24.2988384,bG,1.70,16.268,>16.268,99.990,-0.374,0.226,g
2460515.80243,2024-07-24.3000884,bG,1.70,16.061,>16.061,99.990,0.067,0.273,g
2460516.55654,2024-07-25.0541972,bo,1.49,16.225,>16.225,99.990,0.142,0.235,g
2460516.55778,2024-07-25.0554342,bo,1.55,16.113,>16.113,99.990,-0.183,0.260,g
2460516.55901,2024-07-25.0566631,bo,1.55,16.306,>16.306,99.990,0.151,0.218,g
2460516.82302,2024-07-25.3206752,bG,1.53,16.396,>16.396,99.990,-0.334,0.201,g
2460516.82426,2024-07-25.3219181,bG,1.50,16.336,>16.336,99.990,-0.009,0.212,g
2460516.82550,2024-07-25.3231591,bG,1.49,16.276,>16.276,99.990,0.227,0.224,g
2460517.46387,2024-07-25.9615266,bo,1.50,16.231,>16.231,99.990,-0.093,0.234,g
2460517.46516,2024-07-25.9628034,bo,1.44,16.368,>16.368,99.990,0.064,0.206,g
2460517.46638,2024-07-25.9640274,bo,1.50,16.314,>16.314,99.990,0.320,0.216,g
2460517.87283,2024-07-26.3704725,bG,1.40,16.549,>16.549,99.990,-0.002,0.174,g
2460517.87407,2024-07-26.3717195,bG,1.47,16.633,>16.633,99.990,0.287,0.161,g
2460517.87531,2024-07-26.3729616,bG,1.45,16.649,>16.649,99.990,0.237,0.159,g
2460518.70671,2024-07-27.2043592,bG,1.52,16.712,>16.712,99.990,0.251,0.150,g
2460518.70796,2024-07-27.2056131,bG,1.52,16.636,>16.636,99.990,0.214,0.161,g
2460518.70921,2024-07-27.2068635,bG,1.51,16.735,>16.735,99.990,0.205,0.147,g
2460519.87340,2024-07-28.3710480,bG,1.69,16.806,>16.806,99.990,0.640,0.138,g
2460519.87464,2024-07-28.3722888,bG,1.64,16.856,>16.856,99.990,0.264,0.131,g
2460519.87589,2024-07-28.3735429,bG,1.71,16.777,>16.777,99.990,0.167,0.141,g
2460520.86530,2024-07-29.3629423,bk,1.40,17.057,>17.057,99.990,0.086,0.109,g
2460520.86653,2024-07-29.3641642,bk,1.50,17.111,>17.111,99.990,-0.036,0.104,g
2460520.86776,2024-07-29.3653939,bk,1.47,17.060,>17.060,99.990,0.192,0.109,g
2460521.69660,2024-07-30.1942456,bG,1.51,16.614,>16.614,99.990,0.015,0.164,g
2460521.69785,2024-07-30.1954959,bG,1.46,16.782,>16.782,99.990,0.336,0.141,g
2460521.69909,2024-07-30.1967310,bG,1.47,16.791,>16.791,99.990,0.015,0.139,g
2460524.44097,2024-08-01.9386131,bo,1.46,16.912,>16.912,99.990,0.515,0.125,g
2460524.44221,2024-08-01.9398491,bo,1.49,16.941,>16.941,99.990,-0.066,0.121,g
2460524.44344,2024-08-01.9410780,bo,1.47,16.958,>16.958,99.990,-0.360,0.120,g
2460524.57664,2024-08-02.0742791,bo,1.43,16.930,>16.930,99.990,0.172,0.123,g
2460524.57787,2024-08-02.0755078,bo,1.48,16.961,>16.961,99.990,0.075,0.119,g
2460524.57911,2024-08-02.0767438,bo,1.44,16.940,>16.940,99.990,0.173,0.122,g
2460525.44160,2024-08-02.9392440,bo,1.47,17.102,>17.102,99.990,0.176,0.105,g
2460525.44283,2024-08-02.9404790,bo,1.50,17.020,>17.020,99.990,0.207,0.113,g
2460525.44410,2024-08-02.9417428,bo,1.47,16.963,>16.963,99.990,0.061,0.119,g
2460525.57325,2024-08-03.0708888,bo,1.51,17.090,>17.090,99.990,0.237,0.106,g
2460525.57447,2024-08-03.0721151,bo,1.46,17.222,>17.222,99.990,0.177,0.094,g
2460525.57569,2024-08-03.0733356,bo,1.44,16.976,>16.976,99.990,0.109,0.118,g
2460527.80178,2024-08-05.2994268,bk,1.48,14.843,>14.843,99.990,1.810,0.840,g
2460527.80426,2024-08-05.3019041,bk,1.50,16.579,>16.579,99.990,0.308,0.170,g
2460537.71301,2024-08-15.2107247,bG,1.54,16.258,>16.258,99.990,0.132,0.228,g
2460537.71425,2024-08-15.2119643,bG,1.52,16.369,>16.369,99.990,0.055,0.206,g
2460537.71549,2024-08-15.2132040,bG,1.53,16.258,>16.258,99.990,0.467,0.228,g
2460545.81594,2024-08-23.3137646,bG,1.45,16.569,>16.569,99.990,0.227,0.171,g
2460545.81721,2024-08-23.3150290,bG,1.43,16.461,>16.461,99.990,-0.061,0.189,g
2460545.81850,2024-08-23.3163121,bG,1.45,16.512,>16.512,99.990,0.084,0.180,g
2460547.70639,2024-08-25.2042396,bk,1.57,16.969,>16.969,99.990,0.172,0.118,g
2460547.70763,2024-08-25.2054799,bk,1.64,16.911,>16.911,99.990,0.378,0.125,g
2460547.70888,2024-08-25.2067253,bk,1.60,16.905,>16.905,99.990,0.491,0.126,g
2460547.92447,2024-08-25.4223163,bk,1.48,16.349,>16.349,99.990,0.508,0.210,g
2460547.92569,2024-08-25.4235511,bk,1.45,16.195,>16.195,99.990,0.122,0.242,g
2460547.92695,2024-08-25.4247998,bk,1.56,16.303,15.706,0.127,1.896,0.219,g
2460549.86091,2024-08-27.3587972,bG,1.60,16.849,>16.849,99.990,0.207,0.132,g
2460549.86217,2024-08-27.3600474,bG,1.51,16.997,>16.997,99.990,-0.135,0.115,g
2460549.86341,2024-08-27.3612894,bG,1.50,16.986,>16.986,99.990,-0.163,0.117,g
2460552.51761,2024-08-30.0155403,bo,1.43,16.994,>16.994,99.990,0.320,0.116,g
2460552.51884,2024-08-30.0167753,bo,1.43,17.016,>17.016,99.990,0.131,0.113,g
2460552.52010,2024-08-30.0180263,bo,1.46,17.153,>17.153,99.990,0.161,0.100,g
2460553.36590,2024-08-30.8638538,bo,1.50,16.938,>16.938,99.990,0.035,0.122,g
2460553.36715,2024-08-30.8651013,bo,1.54,16.947,>16.947,99.990,0.096,0.121,g
2460553.36844,2024-08-30.8663899,bo,1.51,17.037,>17.037,99.990,0.102,0.111,g
2460553.54406,2024-08-31.0420094,bo,1.60,16.916,>16.916,99.990,-0.065,0.124,g
2460553.54530,2024-08-31.0432488,bo,1.62,16.911,>16.911,99.990,-0.097,0.125,g
2460553.54660,2024-08-31.0445532,bo,1.57,17.009,>17.009,99.990,-0.083,0.114,g
2460553.73752,2024-08-31.2354778,bG,1.54,17.093,>17.093,99.990,0.279,0.106,g
2460553.73877,2024-08-31.2367231,bG,1.53,16.993,>16.993,99.990,0.186,0.116,g
2460553.74000,2024-08-31.2379555,bG,1.55,16.934,>16.934,99.990,0.204,0.122,g
2460554.36442,2024-08-31.8623879,bo,1.45,16.880,>16.880,99.990,0.239,0.129,g
2460554.36565,2024-08-31.8636164,bo,1.45,16.887,>16.887,99.990,-0.051,0.128,g
2460554.36688,2024-08-31.8648476,bo,1.51,16.951,>16.951,99.990,0.143,0.120,g
2460554.52572,2024-09-01.0236987,bo,1.50,16.930,>16.930,99.990,0.149,0.123,g
2460554.52696,2024-09-01.0249333,bo,1.49,16.956,>16.956,99.990,0.071,0.120,g
2460554.52819,2024-09-01.0261704,bo,1.45,16.957,>16.957,99.990,0.112,0.120,g
2460554.78146,2024-09-01.2794394,bG,1.87,16.983,>16.983,99.990,0.351,0.117,g
2460554.78271,2024-09-01.2806863,bG,1.81,17.072,>17.072,99.990,-0.108,0.108,g
2460554.78395,2024-09-01.2819309,bG,1.93,16.956,>16.956,99.990,0.160,0.120,g
2460554.91900,2024-09-01.4169750,bk,1.41,16.987,>16.987,99.990,0.258,0.116,g
2460554.92024,2024-09-01.4182178,bk,1.47,16.505,16.341,0.188,1.056,0.182,g
2460554.92146,2024-09-01.4194408,bk,1.39,16.379,>16.379,99.990,0.503,0.204,g
2460555.56409,2024-09-02.0620814,bo,1.50,16.942,>16.942,99.990,0.442,0.121,g
2460555.56535,2024-09-02.0633478,bo,1.48,16.829,>16.829,99.990,0.297,0.135,g
2460555.56658,2024-09-02.0645719,bo,1.48,16.854,>16.854,99.990,0.253,0.132,g
2460555.73276,2024-09-02.2307649,bk,1.48,17.211,>17.211,99.990,0.182,0.095,g
2460555.73399,2024-09-02.2319869,bk,1.48,17.191,>17.191,99.990,0.297,0.097,g
2460555.73521,2024-09-02.2332145,bk,1.48,17.207,>17.207,99.990,0.220,0.095,g
2460556.83380,2024-09-03.3318271,bk,1.61,17.110,>17.110,99.990,0.460,0.104,g
2460556.83503,2024-09-03.3330465,bk,1.58,17.220,>17.220,99.990,0.120,0.094,g
2460556.83624,2024-09-03.3342637,bk,1.56,17.133,>17.133,99.990,0.032,0.102,g
2460557.68855,2024-09-04.1865909,bk,1.49,17.152,>17.152,99.990,0.201,0.100,g
2460557.68979,2024-09-04.1878285,bk,1.50,17.305,>17.305,99.990,-0.040,0.087,g
2460557.69103,2024-09-04.1890627,bk,1.51,17.310,>17.310,99.990,0.178,0.086,g
2460557.91626,2024-09-04.4143050,bk,1.56,16.619,>16.619,99.990,-0.576,0.164,g
2460557.91749,2024-09-04.4155341,bk,1.49,16.453,>16.453,99.990,0.286,0.190,g
2460557.91871,2024-09-04.4167592,bk,1.55,16.153,>16.153,99.990,0.210,0.251,g
2460558.83128,2024-09-05.3293471,bG,1.41,17.042,>17.042,99.990,0.197,0.111,g
2460558.83251,2024-09-05.3305804,bG,1.46,16.964,>16.964,99.990,0.241,0.119,g
2460558.83377,2024-09-05.3318361,bG,1.49,16.959,>16.959,99.990,0.085,0.119,g
2460561.65746,2024-09-08.1556021,bk,1.45,17.218,>17.218,99.990,0.043,0.094,g
2460561.65870,2024-09-08.1568322,bk,1.42,17.345,>17.345,99.990,0.159,0.084,g
2460561.65993,2024-09-08.1580690,bk,1.44,17.290,>17.290,99.990,0.041,0.088,g
2460564.66299,2024-09-11.1612033,bG,1.44,16.901,>16.901,99.990,0.400,0.126,g
2460564.66423,2024-09-11.1624385,bG,1.52,16.701,>16.701,99.990,0.446,0.152,g
2460564.66548,2024-09-11.1636865,bG,1.47,16.729,>16.729,99.990,0.098,0.148,g
2460567.83301,2024-09-14.3313046,bk,1.49,16.662,>16.662,99.990,-0.464,0.157,g
2460567.83424,2024-09-14.3325392,bk,1.55,16.691,>16.691,99.990,0.426,0.153,g
2460567.83547,2024-09-14.3337631,bk,1.50,16.706,>16.706,99.990,0.311,0.151,g
2460568.56868,2024-09-15.0669894,bG,1.48,16.145,>16.145,99.990,0.048,0.253,g
2460568.56993,2024-09-15.0682430,bG,1.48,15.996,>15.996,99.990,0.429,0.290,g
2460568.57117,2024-09-15.0694900,bG,1.55,15.990,>15.990,99.990,0.206,0.292,g
2460568.83320,2024-09-15.3315146,bk,1.42,16.435,>16.435,99.990,-0.091,0.194,g
2460568.83442,2024-09-15.3327471,bk,1.47,16.454,>16.454,99.990,-0.803,0.190,g
2460568.83566,2024-09-15.3339774,bk,1.44,16.314,>16.314,99.990,0.329,0.217,g
2460569.66853,2024-09-16.1668702,bG,1.46,16.029,>16.029,99.990,0.055,0.281,g
2460569.66977,2024-09-16.1681146,bG,1.72,16.072,>16.072,99.990,-0.118,0.271,g
2460569.67101,2024-09-16.1693579,bG,1.69,15.901,>15.901,99.990,0.239,0.317,g
2460569.90144,2024-09-16.3997908,bk,1.47,16.393,>16.393,99.990,-0.073,0.201,g
2460569.90267,2024-09-16.4010232,bk,1.51,16.463,>16.463,99.990,0.288,0.189,g
2460569.90391,2024-09-16.4022685,bk,1.46,16.465,>16.465,99.990,0.508,0.188,g
2460570.82581,2024-09-17.3241920,bG,1.46,15.690,>15.690,99.990,-0.643,0.385,g
2460570.82706,2024-09-17.3254403,bG,1.43,15.928,>15.928,99.990,-0.128,0.309,g
2460570.82831,2024-09-17.3266875,bG,1.47,15.928,>15.928,99.990,0.493,0.309,g
2460573.69810,2024-09-20.1965576,bk,1.47,16.095,>16.095,99.990,-0.323,0.265,g
2460573.69933,2024-09-20.1977936,bk,1.58,16.208,16.147,0.207,1.263,0.239,g
2460573.70056,2024-09-20.1990317,bk,1.55,16.168,>16.168,99.990,-0.195,0.248,g
2460574.69756,2024-09-21.1960516,bk,1.43,16.362,>16.362,99.990,-0.058,0.207,g
2460574.69878,2024-09-21.1972788,bk,1.49,16.137,>16.137,99.990,0.320,0.255,g
2460574.70001,2024-09-21.1985041,bk,1.49,16.298,>16.298,99.990,0.875,0.220,g
2460577.81701,2024-09-24.3156136,bk,1.45,16.863,>16.863,99.990,-0.113,0.131,g
2460577.81825,2024-09-24.3168424,bk,1.47,16.929,>16.929,99.990,0.147,0.123,g
2460577.81948,2024-09-24.3180701,bk,1.41,17.004,>17.004,99.990,-0.216,0.115,g
2460578.35946,2024-09-24.8580763,bo,1.47,17.032,>17.032,99.990,-0.143,0.112,g
2460578.36070,2024-09-24.8593131,bo,1.43,16.940,>16.940,99.990,0.108,0.122,g
2460578.36193,2024-09-24.8605443,bo,1.46,17.022,>17.022,99.990,0.294,0.113,g
2460578.62836,2024-09-25.1269688,bG,1.43,16.880,>16.880,99.990,0.152,0.129,g
2460578.62962,2024-09-25.1282435,bG,1.47,16.970,>16.970,99.990,-0.082,0.118,g
2460578.63086,2024-09-25.1294774,bG,1.50,17.159,>17.159,99.990,0.016,0.099,g
2460579.74832,2024-09-26.2469776,bG,1.43,16.910,>16.910,99.990,0.237,0.125,g
2460579.74958,2024-09-26.2482373,bG,1.43,16.963,>16.963,99.990,0.189,0.119,g
2460579.75083,2024-09-26.2494854,bG,1.49,17.068,>17.068,99.990,-0.015,0.108,g
2460580.35026,2024-09-26.8489376,bo,1.47,16.755,>16.755,99.990,-0.127,0.144,g
2460580.35150,2024-09-26.8501792,bo,1.48,16.850,>16.850,99.990,-0.307,0.132,g
2460580.35275,2024-09-26.8514277,bo,1.45,16.788,>16.788,99.990,-0.094,0.140,g
2460580.41517,2024-09-26.9138605,bo,1.45,16.782,>16.782,99.990,0.014,0.141,g
2460580.41642,2024-09-26.9151008,bo,1.44,16.854,>16.854,99.990,0.123,0.132,g
2460580.41764,2024-09-26.9163158,bo,1.43,16.741,>16.741,99.990,0.410,0.146,g
2460580.68024,2024-09-27.1789283,bG,1.44,16.993,>16.993,99.990,0.289,0.116,g
2460580.68149,2024-09-27.1801810,bG,1.45,17.128,>17.128,99.990,-0.106,0.102,g
2460580.68273,2024-09-27.1814222,bG,1.45,17.046,>17.046,99.990,0.036,0.110,g
2460580.85887,2024-09-27.3575557,bk,1.54,17.095,>17.095,99.990,0.068,0.105,g
2460580.86009,2024-09-27.3587798,bk,1.45,17.133,>17.133,99.990,0.164,0.102,g
2460580.86132,2024-09-27.3600204,bk,1.53,17.009,>17.009,99.990,0.030,0.114,g
2460582.64524,2024-09-29.1439990,bk,1.45,17.349,>17.349,99.990,-0.020,0.083,g
2460582.64649,2024-09-29.1452408,bk,1.44,17.246,>17.246,99.990,0.188,0.092,g
2460582.64774,2024-09-29.1464908,bk,1.47,17.494,>17.494,99.990,0.087,0.073,g
2460582.68266,2024-09-29.1814204,bG,1.46,17.080,>17.080,99.990,0.100,0.107,g
2460582.68392,2024-09-29.1826719,bG,1.45,17.059,>17.059,99.990,0.100,0.109,g
2460582.68519,2024-09-29.1839424,bG,1.44,17.187,>17.187,99.990,0.113,0.097,g
2460583.59151,2024-09-30.0902982,bG,1.46,17.002,>17.002,99.990,0.210,0.115,g
2460583.59277,2024-09-30.0915604,bG,1.43,16.965,>16.965,99.990,0.155,0.119,g
2460583.59404,2024-09-30.0928353,bG,1.47,17.201,>17.201,99.990,0.027,0.096,g
2460584.81393,2024-10-01.3127584,bk,1.48,17.103,>17.103,99.990,0.146,0.105,g
2460584.81518,2024-10-01.3140107,bk,1.48,17.113,>17.113,99.990,0.164,0.104,g
2460584.81642,2024-10-01.3152408,bk,1.51,17.110,>17.110,99.990,0.058,0.104,g
2460585.35500,2024-10-01.8538504,bo,1.50,16.929,>16.929,99.990,0.044,0.123,g
2460585.35625,2024-10-01.8550945,bo,1.53,16.835,>16.835,99.990,-0.115,0.134,g
2460585.35749,2024-10-01.8563317,bo,1.45,16.902,>16.902,99.990,0.134,0.126,g
2460585.68791,2024-10-02.1867718,bG,1.55,17.010,>17.010,99.990,-0.004,0.114,g
2460585.68915,2024-10-02.1880093,bG,1.54,16.999,>16.999,99.990,0.076,0.115,g
2460585.69040,2024-10-02.1892600,bG,1.58,16.998,>16.998,99.990,0.233,0.115,g
2460585.83663,2024-10-02.3354942,bG,1.48,16.978,>16.978,99.990,0.234,0.117,g
2460585.83789,2024-10-02.3367540,bG,1.43,17.082,>17.082,99.990,0.003,0.107,g
2460585.83915,2024-10-02.3380149,bG,1.42,17.028,>17.028,99.990,0.270,0.112,g
2460586.37630,2024-10-02.8751809,bo,1.60,16.932,>16.932,99.990,0.187,0.122,g
2460586.37757,2024-10-02.8764623,bo,1.63,16.991,>16.991,99.990,0.270,0.116,g
2460586.37879,2024-10-02.8776827,bo,1.60,16.842,>16.842,99.990,-0.107,0.133,g
2460586.65619,2024-10-03.1550894,bG,1.43,17.064,>17.064,99.990,0.270,0.109,g
2460586.65744,2024-10-03.1563336,bG,1.42,17.076,>17.076,99.990,0.264,0.107,g
2460586.65868,2024-10-03.1575732,bG,1.45,16.888,>16.888,99.990,0.132,0.128,g
2460587.26818,2024-10-03.7670918,bo,1.52,16.671,>16.671,99.990,0.142,0.156,g
2460587.26942,2024-10-03.7683300,bo,1.50,16.789,>16.789,99.990,0.019,0.140,g
2460587.27064,2024-10-03.7695550,bo,1.45,16.734,>16.734,99.990,0.428,0.147,g
2460588.31851,2024-10-04.8174587,bo,1.53,15.732,>15.732,99.990,-0.644,0.370,g
2460588.31974,2024-10-04.8186991,bo,1.63,15.349,>15.349,99.990,0.587,0.526,g
2460588.32098,2024-10-04.8199328,bo,1.62,15.106,>15.106,99.990,-0.929,0.659,g
2460588.40387,2024-10-04.9028196,bo,1.49,16.772,>16.772,99.990,-0.199,0.142,g
2460588.40510,2024-10-04.9040612,bo,1.47,16.669,>16.669,99.990,-0.004,0.156,g
2460588.40644,2024-10-04.9053981,bo,1.54,16.645,>16.645,99.990,0.078,0.160,g
2460588.49496,2024-10-04.9939171,bo,1.51,16.745,>16.745,99.990,0.057,0.146,g
2460588.49620,2024-10-04.9951633,bo,1.50,16.712,>16.712,99.990,0.017,0.150,g
2460588.49748,2024-10-04.9964402,bo,1.48,16.837,>16.837,99.990,-0.128,0.134,g
2460591.41016,2024-10-07.9092241,bo,1.45,16.950,>16.950,99.990,0.110,0.121,g
2460591.41140,2024-10-07.9104658,bo,1.49,16.673,>16.673,99.990,0.336,0.156,g
2460591.41264,2024-10-07.9117006,bo,1.44,16.805,>16.805,99.990,0.062,0.138,g
2460592.41317,2024-10-08.9122715,bo,1.43,16.670,>16.670,99.990,0.244,0.156,g
2460592.41440,2024-10-08.9135097,bo,1.45,16.790,>16.790,99.990,0.035,0.140,g
2460592.41565,2024-10-08.9147535,bo,1.48,16.724,>16.724,99.990,0.373,0.148,g
2460593.32050,2024-10-09.8196396,bo,1.48,16.566,>16.566,99.990,-0.146,0.172,g
2460593.32174,2024-10-09.8208826,bo,1.46,16.641,>16.641,99.990,0.074,0.160,g
2460593.32298,2024-10-09.8221254,bo,1.48,16.611,>16.611,99.990,0.315,0.165,g
2460593.75045,2024-10-10.2496057,bG,1.52,17.019,>17.019,99.990,0.264,0.113,g
2460593.75170,2024-10-10.2508505,bG,1.52,17.081,>17.081,99.990,0.025,0.107,g
2460593.75295,2024-10-10.2521045,bG,1.47,17.073,>17.073,99.990,0.024,0.108,g
2460595.33438,2024-10-11.8335951,bo,1.50,16.284,>16.284,99.990,0.657,0.223,g
2460595.33686,2024-10-11.8360728,bo,1.51,16.351,>16.351,99.990,0.325,0.209,g
2460596.26912,2024-10-12.7683719,bo,1.43,15.764,>15.764,99.990,-0.917,0.359,g
2460596.27035,2024-10-12.7695996,bo,1.56,15.584,>15.584,99.990,0.729,0.424,g
2460599.36152,2024-10-15.8608888,bo,1.58,15.392,>15.392,99.990,-1.249,0.506,g
2460599.36279,2024-10-15.8621563,bo,1.55,15.384,>15.384,99.990,-0.023,0.510,g
2460599.51228,2024-10-16.0116581,bo,2.27,15.231,>15.231,99.990,0.029,0.587,g
2460599.51352,2024-10-16.0128938,bo,2.26,15.217,>15.217,99.990,1.873,0.595,g
2460599.51474,2024-10-16.0141133,bo,2.31,15.355,>15.355,99.990,-0.674,0.524,g
2460600.42207,2024-10-16.9214771,bo,1.63,15.289,>15.289,99.990,0.608,0.557,g
2460600.42330,2024-10-16.9227100,bo,1.51,15.139,>15.139,99.990,-1.918,0.639,g
2460600.64476,2024-10-17.1441827,bk,1.49,15.795,>15.795,99.990,0.620,0.349,g
2460600.64600,2024-10-17.1454219,bk,1.61,15.715,>15.715,99.990,1.377,0.376,g
2460600.64723,2024-10-17.1466530,bk,1.55,15.742,>15.742,99.990,-0.035,0.367,g
2460601.61120,2024-10-18.1106534,bG,1.48,15.929,>15.929,99.990,-0.041,0.309,g
2460601.61246,2024-10-18.1119129,bG,1.48,15.959,>15.959,99.990,-0.025,0.300,g
2460601.61370,2024-10-18.1131540,bG,1.54,15.947,>15.947,99.990,0.191,0.304,g
2460601.72730,2024-10-18.2267635,bG,1.59,15.990,>15.990,99.990,0.544,0.292,g
2460601.72855,2024-10-18.2280209,bG,1.51,16.033,>16.033,99.990,0.187,0.280,g
2460601.72980,2024-10-18.2292642,bG,1.55,16.074,>16.074,99.990,-0.150,0.270,g
2460602.26914,2024-10-18.7686304,bo,1.44,16.722,>16.722,99.990,-0.196,0.149,g
2460602.27039,2024-10-18.7698723,bo,1.50,16.576,>16.576,99.990,-0.552,0.170,g
2460602.27163,2024-10-18.7711160,bo,1.44,16.625,>16.625,99.990,0.033,0.163,g
2460602.36785,2024-10-18.8673357,bo,1.51,15.936,>15.936,99.990,-1.284,0.307,g
2460602.36909,2024-10-18.8685809,bo,1.44,15.884,>15.884,99.990,-1.410,0.322,g
2460602.37033,2024-10-18.8698129,bo,1.55,15.923,>15.923,99.990,-0.205,0.310,g
2460602.59833,2024-10-19.0978202,bG,1.43,16.106,>16.106,99.990,-0.433,0.262,g
2460602.59958,2024-10-19.0990694,bG,1.47,16.144,>16.144,99.990,-0.075,0.253,g
2460602.60081,2024-10-19.1003104,bG,1.42,16.193,>16.193,99.990,-0.339,0.242,g
2460603.82361,2024-10-20.3231532,bG,1.43,16.173,>16.173,99.990,0.020,0.247,g
2460603.82485,2024-10-20.3243886,bG,1.51,16.225,>16.225,99.990,-0.154,0.235,g
2460603.82609,2024-10-20.3256326,bG,1.46,16.163,>16.163,99.990,0.555,0.249,g
2460606.39310,2024-10-22.8927534,bo,1.46,17.053,>17.053,99.990,0.318,0.110,g
2460606.39435,2024-10-22.8940033,bo,1.53,17.006,>17.006,99.990,0.181,0.114,g
2460606.39559,2024-10-22.8952273,bo,1.48,17.191,>17.191,99.990,-0.012,0.097,g
2460606.82905,2024-10-23.3287072,bG,1.63,16.504,>16.504,99.990,-0.282,0.182,g
2460606.83030,2024-10-23.3299543,bG,1.54,16.693,>16.693,99.990,0.126,0.153,g
2460606.83156,2024-10-23.331225,bG,1.56,16.635,>16.635,99.990,-0.058,0.161,g
2460607.28304,2024-10-23.7827151,bo,1.47,17.062,>17.062,99.990,0.038,0.109,g
2460607.28427,2024-10-23.7839524,bo,1.51,17.063,>17.063,99.990,0.236,0.109,g
2460607.28552,2024-10-23.7851991,bo,1.51,17.050,>17.050,99.990,-0.010,0.110,g
2460607.35455,2024-10-23.8542368,bo,1.44,17.116,>17.116,99.990,0.281,0.103,g
2460607.35578,2024-10-23.8554665,bo,1.47,17.050,>17.050,99.990,0.315,0.110,g
2460607.35704,2024-10-23.8567150,bo,1.48,17.102,>17.102,99.990,0.432,0.105,g
2460607.47381,2024-10-23.9734974,bo,1.45,17.095,>17.095,99.990,-0.081,0.105,g
2460607.47505,2024-10-23.9747331,bo,1.45,16.837,>16.837,99.990,0.525,0.134,g
2460607.47627,2024-10-23.9759608,bo,1.44,16.747,>16.747,99.990,0.050,0.145,g
2460607.78203,2024-10-24.2817252,bk,1.43,16.965,>16.965,99.990,0.073,0.119,g
2460607.78324,2024-10-24.2829469,bk,1.46,16.821,>16.821,99.990,0.073,0.136,g
2460607.78448,2024-10-24.2841805,bk,1.48,16.850,16.723,0.195,0.743,0.132,g
2460608.81221,2024-10-25.3119563,bk,1.47,16.911,>16.911,99.990,0.212,0.125,g
2460608.81345,2024-10-25.3131902,bk,1.47,17.048,>17.048,99.990,0.161,0.110,g
2460608.81469,2024-10-25.3144375,bk,1.45,16.954,>16.954,99.990,0.271,0.120,g
2460609.34849,2024-10-25.8482508,bo,1.46,17.110,>17.110,99.990,0.291,0.104,g
2460609.34972,2024-10-25.8494863,bo,1.42,17.008,>17.008,99.990,0.016,0.114,g
2460609.35096,2024-10-25.8507202,bo,1.44,17.147,>17.147,99.990,-0.419,0.101,g
2460609.48041,2024-10-25.9801780,bo,1.52,17.040,>17.040,99.990,0.389,0.111,g
2460609.48165,2024-10-25.9814162,bo,1.52,16.887,>16.887,99.990,0.265,0.128,g
2460609.48288,2024-10-25.9826545,bo,1.47,17.036,>17.036,99.990,0.058,0.111,g
2460609.70703,2024-10-26.2068027,bk,1.46,17.246,>17.246,99.990,0.129,0.092,g
2460609.70827,2024-10-26.2080489,bk,1.48,17.238,>17.238,99.990,0.089,0.092,g
2460609.70950,2024-10-26.2092789,bk,1.46,17.175,>17.175,99.990,0.031,0.098,g
2460610.65201,2024-10-27.1518239,bG,1.54,17.001,>17.001,99.990,-0.007,0.115,g
2460610.65327,2024-10-27.1530791,bG,1.5,16.847,>16.847,99.990,-0.026,0.133,g
2460610.65451,2024-10-27.1543327,bG,1.46,16.910,>16.910,99.990,-0.094,0.125,g
2460611.60273,2024-10-28.1025771,bG,1.46,16.994,>16.994,99.990,0.344,0.116,g
2460611.60397,2024-10-28.1038320,bG,1.47,17.063,>17.063,99.990,-0.007,0.109,g
2460611.60525,2024-10-28.1050956,bG,1.51,16.966,>16.966,99.990,-0.057,0.119,g
2460611.80091,2024-10-28.3007740,bk,1.47,17.287,>17.287,99.990,0.150,0.088,g
2460611.80216,2024-10-28.3020157,bk,1.44,17.208,>17.208,99.990,0.175,0.095,g
2460611.80338,2024-10-28.3032527,bk,1.44,17.189,>17.189,99.990,0.192,0.097,g
2460612.59639,2024-10-29.0962796,bG,1.46,16.978,>16.978,99.990,0.159,0.117,g
2460612.59763,2024-10-29.0975240,bG,1.45,17.133,>17.133,99.990,0.053,0.102,g
2460612.59888,2024-10-29.0987765,bG,1.46,16.934,>16.934,99.990,0.245,0.122,g
2460613.59545,2024-10-30.0953916,bk,1.44,17.353,>17.353,99.990,0.139,0.083,g
2460613.59668,2024-10-30.0966146,bk,1.45,17.322,>17.322,99.990,0.297,0.086,g
2460613.59791,2024-10-30.0978471,bk,1.43,17.290,>17.290,99.990,0.036,0.088,g
2460614.41744,2024-10-30.9174041,bo,1.46,17.026,>17.026,99.990,0.182,0.112,g
2460614.41867,2024-10-30.9186385,bo,1.46,16.994,>16.994,99.990,0.128,0.116,g
2460614.41992,2024-10-30.9198916,bo,1.47,16.979,>16.979,99.990,0.070,0.117,g
2460615.61168,2024-11-01.1116928,bk,1.45,17.172,>17.172,99.990,0.186,0.098,g
2460615.61290,2024-11-01.1129159,bk,1.48,17.085,>17.085,99.990,0.256,0.106,g
2460615.61415,2024-11-01.1141645,bk,1.49,17.233,>17.233,99.990,-0.060,0.093,g
2460615.75885,2024-11-01.2588659,bk,1.46,17.153,>17.153,99.990,0.014,0.100,g
2460615.76008,2024-11-01.2601008,bk,1.44,17.245,>17.245,99.990,0.321,0.092,g
2460615.76130,2024-11-01.2613192,bk,1.46,17.217,>17.217,99.990,0.102,0.094,g
2460617.49948,2024-11-02.9995728,bk,1.48,16.046,>16.046,99.990,-0.198,0.277,g
2460617.50075,2024-11-03.0008414,bk,1.49,16.157,>16.157,99.990,0.047,0.250,g
2460617.50199,2024-11-03.0020901,bk,1.47,16.268,>16.268,99.990,-0.087,0.226,g
2460618.49998,2024-11-04.0001069,bk,1.67,15.997,>15.997,99.990,0.679,0.290,g
2460618.50122,2024-11-04.0013543,bk,1.53,16.143,>16.143,99.990,-0.316,0.253,g
2460618.50245,2024-11-04.0025881,bk,1.59,16.452,>16.452,99.990,0.205,0.191,g
2460618.62918,2024-11-04.1293127,bk,1.42,17.342,>17.342,99.990,0.169,0.084,g
2460618.63040,2024-11-04.1305405,bk,1.46,17.328,>17.328,99.990,0.033,0.085,g
2460618.63165,2024-11-04.1317880,bk,1.49,17.376,>17.376,99.990,0.098,0.081,g
2460619.80105,2024-11-05.3012324,bG,1.56,16.974,>16.974,99.990,0.289,0.118,g
2460619.80229,2024-11-05.3024718,bG,1.54,16.884,>16.884,99.990,0.263,0.128,g
2460619.80354,2024-11-05.3037281,bG,1.56,16.890,>16.890,99.990,-0.049,0.127,g
2460621.48180,2024-11-06.9820535,bo,1.51,16.896,>16.896,99.990,-0.043,0.127,g
2460621.48308,2024-11-06.9833336,bo,1.55,17.045,>17.045,99.990,-0.099,0.110,g
2460621.48433,2024-11-06.9845778,bo,1.59,17.126,>17.126,99.990,0.167,0.103,g
2460622.45067,2024-11-07.9509659,bo,1.51,16.859,>16.859,99.990,-0.031,0.131,g
2460622.45191,2024-11-07.9522017,bo,1.53,17.014,>17.014,99.990,0.123,0.114,g
2460622.45316,2024-11-07.9534471,bo,1.5,17.035,>17.035,99.990,0.170,0.111,g
2460622.62347,2024-11-08.1237736,bk,1.5,17.025,>17.025,99.990,-0.064,0.113,g
2460622.62473,2024-11-08.1250223,bk,1.37,17.116,>17.116,99.990,0.090,0.103,g
2460622.62596,2024-11-08.1262583,bk,1.37,16.964,>16.964,99.990,-0.034,0.119,g
2460623.65342,2024-11-09.1537607,bk,1.43,16.920,>16.920,99.990,0.097,0.124,g
2460623.65466,2024-11-09.1550002,bk,1.44,17.022,>17.022,99.990,0.070,0.113,g
2460623.65588,2024-11-09.1562258,bk,1.45,16.819,>16.819,99.990,-0.053,0.136,g
2460624.61365,2024-11-10.1140232,bk,1.53,16.740,>16.740,99.990,-0.168,0.146,g
2460624.61488,2024-11-10.1152557,bk,1.44,16.743,>16.743,99.990,0.200,0.146,g
2460624.61610,2024-11-10.1164775,bk,1.51,16.758,>16.758,99.990,0.079,0.144,g
2460625.26583,2024-11-10.7662306,bo,1.79,15.181,>15.181,99.990,1.021,0.615,g
2460625.26771,2024-11-10.7681123,bo,1.8,15.176,>15.176,99.990,-1.674,0.618,g
2460626.26961,2024-11-11.7700578,bo,1.57,16.313,>16.313,99.990,0.185,0.217,g
2460626.27090,2024-11-11.7713450,bo,1.57,16.234,>16.234,99.990,-0.359,0.233,g
2460626.27218,2024-11-11.7726207,bo,1.56,16.365,>16.365,99.990,-0.229,0.207,g
2460626.44390,2024-11-11.9443539,bo,1.5,16.350,>16.350,99.990,0.325,0.209,g
2460626.44513,2024-11-11.9455828,bo,1.51,16.249,>16.249,99.990,0.304,0.230,g
2460626.44636,2024-11-11.9468129,bo,1.47,16.226,>16.226,99.990,0.017,0.235,g
2460627.25911,2024-11-12.7595900,bo,2.37,15.613,>15.613,99.990,-0.075,0.413,g
2460627.26034,2024-11-12.7608200,bo,2.35,15.714,>15.714,99.990,-0.175,0.376,g
2460627.26157,2024-11-12.7620534,bo,2.31,15.836,>15.836,99.990,-1.189,0.336,g
2460628.56718,2024-11-14.0677174,bk,1.48,16.209,>16.209,99.990,0.612,0.238,g
2460628.56841,2024-11-14.0689415,bk,1.42,16.136,>16.136,99.990,0.347,0.255,g
2460628.56964,2024-11-14.0701787,bk,1.54,16.140,>16.140,99.990,0.154,0.254,g
2460629.27535,2024-11-14.7759018,bo,1.59,15.940,>15.940,99.990,0.465,0.306,g
2460629.27659,2024-11-14.7771519,bo,1.6,15.913,>15.913,99.990,-0.600,0.313,g
2460629.27782,2024-11-14.7783762,bo,1.57,15.829,>15.829,99.990,-0.145,0.338,g
2460629.55241,2024-11-15.0529784,bG,1.48,16.129,>16.129,99.990,0.060,0.257,g
2460629.55365,2024-11-15.0542263,bG,1.45,15.952,>15.952,99.990,-0.593,0.302,g
2460629.55490,2024-11-15.0554780,bG,1.42,15.989,>15.989,99.990,-0.205,0.292,g
2460630.32106,2024-11-15.8216615,bo,1.45,15.730,>15.730,99.990,-0.323,0.371,g
2460630.32229,2024-11-15.8228931,bo,1.46,15.666,>15.666,99.990,1.435,0.393,g
2460630.32353,2024-11-15.8241362,bo,1.66,15.642,>15.642,99.990,-0.103,0.402,g
2460630.55862,2024-11-16.0592343,bk,1.6,15.862,>15.862,99.990,0.379,0.328,g
2460630.55985,2024-11-16.0604629,bk,1.45,15.934,>15.934,99.990,0.189,0.307,g
2460630.56110,2024-11-16.0617143,bk,1.59,15.774,>15.774,99.990,-0.707,0.356,g
2460631.26540,2024-11-16.7660450,bo,1.49,16.436,>16.436,99.990,-0.240,0.193,g
2460631.26663,2024-11-16.7672679,bo,1.48,16.539,>16.539,99.990,0.142,0.176,g
2460631.26787,2024-11-16.7685121,bo,1.57,16.502,>16.502,99.990,0.840,0.182,g
2460631.53660,2024-11-17.0372513,bG,1.43,16.554,>16.554,99.990,0.225,0.174,g
2460631.53787,2024-11-17.0385135,bG,1.45,16.590,>16.590,99.990,-0.316,0.168,g
2460631.53912,2024-11-17.0397758,bG,1.45,16.470,>16.470,99.990,0.460,0.188,g
2460631.59167,2024-11-17.0923232,bk,1.4,16.235,>16.235,99.990,-0.345,0.233,g
2460631.59292,2024-11-17.0935693,bk,1.44,16.159,>16.159,99.990,-0.356,0.250,g
2460631.59414,2024-11-17.0947991,bk,1.54,16.099,>16.099,99.990,0.051,0.264,g
2460631.76280,2024-11-17.2634565,bG,1.47,16.128,>16.128,99.990,-0.231,0.257,g
2460631.76406,2024-11-17.2647136,bG,1.61,15.987,>15.987,99.990,-0.268,0.293,g
2460631.76532,2024-11-17.2659789,bG,1.57,15.927,>15.927,99.990,0.351,0.309,g
2460632.48674,2024-11-17.9874216,bo,1.45,15.855,>15.855,99.990,0.029,0.330,g
2460632.48798,2024-11-17.9886690,bo,1.49,15.879,>15.879,99.990,-1.116,0.323,g
2460632.48921,2024-11-17.9898920,bo,1.52,15.893,>15.893,99.990,-0.208,0.319,g
2460632.66791,2024-11-18.1686024,bk,1.57,16.321,>16.321,99.990,0.136,0.215,g
2460632.66915,2024-11-18.1698412,bk,1.44,16.268,>16.268,99.990,-0.100,0.226,g
2460632.67037,2024-11-18.1710628,bk,1.47,16.237,>16.237,99.990,-0.101,0.233,g
2460632.73809,2024-11-18.2387856,bG,1.6,15.924,>15.924,99.990,0.645,0.310,g
2460632.73936,2024-11-18.2400572,bG,1.62,15.992,>15.992,99.990,0.282,0.291,g
2460632.74062,2024-11-18.2413173,bG,1.57,16.083,>16.083,99.990,0.235,0.268,g
2460633.50593,2024-11-19.0066548,bo,1.45,16.060,>16.060,99.990,0.373,0.273,g
2460633.50715,2024-11-19.0078847,bo,1.45,16.010,>16.010,99.990,-0.020,0.287,g
2460633.50839,2024-11-19.0091206,bo,1.55,16.184,>16.184,99.990,-0.827,0.244,g
2460635.27516,2024-11-20.7759609,bo,1.74,16.396,>16.396,99.990,0.482,0.201,g
2460635.27639,2024-11-20.7771910,bo,1.74,16.486,>16.486,99.990,-0.255,0.185,g
2460635.27770,2024-11-20.7784986,bo,1.77,16.971,>16.971,99.990,0.338,0.118,g
2460635.52028,2024-11-21.0210891,bk,1.43,17.031,>17.031,99.990,0.103,0.112,g
2460635.52152,2024-11-21.0223214,bk,1.4,16.860,>16.860,99.990,0.266,0.131,g
2460635.52276,2024-11-21.0235545,bk,1.46,16.960,>16.960,99.990,0.213,0.119,g
2460638.26904,2024-11-23.7699475,bo,1.6,16.398,>16.398,99.990,0.196,0.200,g
2460638.51669,2024-11-24.0176123,bk,1.37,16.574,>16.574,99.990,0.494,0.170,g
2460638.51794,2024-11-24.0188512,bk,1.44,16.465,>16.465,99.990,0.231,0.188,g
2460638.51917,2024-11-24.0200916,bk,1.43,16.521,>16.521,99.990,0.137,0.179,g
2460638.58849,2024-11-24.0894024,bk,1.43,17.267,>17.267,99.990,0.270,0.090,g
2460638.58971,2024-11-24.0906296,bk,1.47,17.225,>17.225,99.990,0.317,0.094,g
2460638.59095,2024-11-24.0918723,bk,1.46,17.360,>17.360,99.990,0.203,0.083,g
2460639.26473,2024-11-24.7656655,bo,2.48,15.562,>15.562,99.990,-0.319,0.433,g
2460639.26598,2024-11-24.7669167,bo,2.5,15.681,>15.681,99.990,-0.186,0.388,g
2460639.46111,2024-11-24.9620622,bo,1.46,17.124,>17.124,99.990,0.012,0.103,g
2460639.46235,2024-11-24.9632959,bo,1.43,17.043,>17.043,99.990,-0.100,0.111,g
2460639.46359,2024-11-24.9645429,bo,1.48,17.133,>17.133,99.990,0.192,0.102,g
2460639.46620,2024-11-24.9671476,bp,1.59,99.990,99.990,99.990,99.990,99.990,g
2460639.52103,2024-11-25.0219818,bG,2.07,16.557,>16.557,99.990,-0.206,0.173,g
2460639.52229,2024-11-25.0232405,bG,2.03,16.736,>16.736,99.990,0.161,0.147,g
2460639.52355,2024-11-25.0245060,bG,2.03,16.741,>16.741,99.990,0.132,0.146,g
2460640.51402,2024-11-26.0150134,bk,1.51,15.992,>15.992,99.990,0.497,0.291,g
2460640.51528,2024-11-26.0162699,bk,1.46,16.148,>16.148,99.990,-0.519,0.252,g
2460640.51651,2024-11-26.0175056,bk,1.53,16.258,>16.258,99.990,0.276,0.228,g
2460641.51465,2024-11-27.0156785,bk,1.56,99.990,99.990,99.990,99.990,99.990,g
2460641.51588,2024-11-27.0169140,bk,1.47,16.256,>16.256,99.990,-0.214,0.228,g
2460641.51712,2024-11-27.0181436,bk,1.6,16.214,>16.214,99.990,-0.069,0.237,g
2460642.51527,2024-11-28.0163310,bk,1.54,15.997,>15.997,99.990,0.477,0.290,g
2460642.51650,2024-11-28.0175668,bk,1.57,16.110,>16.110,99.990,0.285,0.261,g
2460642.51774,2024-11-28.0188023,bk,1.49,16.172,>16.172,99.990,-0.175,0.247,g
2460642.61769,2024-11-28.1187648,bk,1.57,17.160,>17.160,99.990,0.107,0.099,g
2460642.61894,2024-11-28.1199991,bk,1.52,17.326,>17.326,99.990,0.071,0.085,g
2460642.62016,2024-11-28.1212217,bk,1.55,17.298,>17.298,99.990,0.095,0.087,g
2460642.71045,2024-11-28.2115122,bG,1.46,16.996,>16.996,99.990,0.222,0.116,g
2460643.51590,2024-11-29.0170017,bG,1.74,15.829,>15.829,99.990,-0.170,0.338,g
2460643.51717,2024-11-29.0182708,bG,1.6,16.187,>16.187,99.990,0.228,0.243,g
2460643.51845,2024-11-29.0195384,bG,1.68,16.291,>16.291,99.990,0.143,0.221,g
2460643.56250,2024-11-29.0635979,bG,1.52,16.893,>16.893,99.990,0.132,0.127,g
2460643.56375,2024-11-29.0648432,bG,1.52,17.059,>17.059,99.990,0.106,0.109,g
2460643.56500,2024-11-29.0661006,bG,1.55,16.938,>16.938,99.990,0.041,0.122,g
2460643.70731,2024-11-29.2084193,bG,1.41,16.996,>16.996,99.990,0.176,0.115,g
2460643.70857,2024-11-29.2096731,bG,1.47,17.074,>17.074,99.990,0.188,0.107,g
2460643.70985,2024-11-29.2109531,bG,1.46,17.017,>17.017,99.990,0.160,0.113,g
2460644.26673,2024-11-29.7678557,bo,1.75,15.843,>15.843,99.990,0.611,0.334,g
2460644.26796,2024-11-29.7690835,bo,1.61,15.847,>15.847,99.990,-1.199,0.333,g
2460644.26919,2024-11-29.7703146,bo,1.67,15.980,>15.980,99.990,-0.011,0.295,g
2460644.70407,2024-11-30.2052085,bG,1.44,16.931,>16.931,99.990,0.378,0.123,g
2460644.70532,2024-11-30.2064599,bG,1.51,17.030,>17.030,99.990,0.250,0.112,g
2460644.70657,2024-11-30.2077152,bG,1.43,16.929,>16.929,99.990,0.146,0.123,g
2460645.26737,2024-11-30.7685340,bo,1.59,15.784,>15.784,99.990,-0.327,0.353,g
2460645.26861,2024-11-30.7697642,bo,1.61,16.020,>16.020,99.990,0.187,0.284,g
2460645.26984,2024-11-30.7709954,bo,1.56,15.996,>15.996,99.990,0.237,0.290,g
2460645.53253,2024-12-01.0336974,bk,1.56,17.105,>17.105,99.990,0.213,0.105,g
2460645.53377,2024-12-01.0349436,bk,1.56,99.990,99.990,99.990,99.990,99.990,g
2460645.53501,2024-12-01.0361758,bk,1.54,17.067,>17.067,99.990,0.064,0.108,g
2460645.60429,2024-12-01.1054582,bk,1.5,17.240,>17.240,99.990,0.046,0.092,g
2460645.60553,2024-12-01.1066929,bk,1.55,17.232,>17.232,99.990,0.086,0.093,g
2460645.60679,2024-12-01.1079555,bk,1.55,17.279,>17.279,99.990,-0.015,0.089,g
2460646.52930,2024-12-02.0305067,bk,1.52,16.975,>16.975,99.990,0.217,0.118,g
2460646.53054,2024-12-02.0317450,bk,1.49,17.110,>17.110,99.990,-0.120,0.104,g
2460646.53177,2024-12-02.0329748,bk,1.51,17.235,>17.235,99.990,0.118,0.093,g
2460647.54131,2024-12-03.0425511,bk,1.61,17.359,>17.359,99.990,0.338,0.083,g
2460647.54254,2024-12-03.0437787,bk,1.7,17.294,>17.294,99.990,0.042,0.088,g
2460647.54376,2024-12-03.0450040,bk,1.61,17.159,>17.159,99.990,-0.052,0.099,g
2460650.55102,2024-12-06.0523569,bG,1.61,16.899,>16.899,99.990,0.071,0.126,g
2460650.55228,2024-12-06.0536225,bG,1.46,17.037,>17.037,99.990,0.277,0.111,g
2460650.55354,2024-12-06.0548780,bG,1.49,16.946,>16.946,99.990,0.285,0.121,g
2460652.52110,2024-12-08.0225041,bG,1.52,15.951,>15.951,99.990,0.158,0.303,g
2460652.52235,2024-12-08.0237546,bG,1.56,15.950,>15.950,99.990,0.188,0.303,g
2460652.52361,2024-12-08.0250105,bG,1.56,16.180,>16.180,99.990,-0.240,0.245,g
2460652.57166,2024-12-08.0730697,bG,1.44,16.785,>16.785,99.990,-0.112,0.140,g
2460652.57293,2024-12-08.0743402,bG,1.43,16.932,>16.932,99.990,0.093,0.123,g
2460652.57420,2024-12-08.0755994,bG,1.41,16.848,>16.848,99.990,0.213,0.132,g
2460652.64073,2024-12-08.1421353,bG,1.43,16.711,>16.711,99.990,0.147,0.150,g
2460652.64199,2024-12-08.1433929,bG,1.43,16.866,>16.866,99.990,0.357,0.130,g
2460652.64324,2024-12-08.1446471,bG,1.37,16.647,>16.647,99.990,-0.243,0.159,g
2460654.27656,2024-12-09.7780146,bo,2.25,14.905,>14.905,99.990,-1.015,0.793,g
2460654.27780,2024-12-09.7792554,bo,2.32,14.921,>14.921,99.990,-0.402,0.781,g
2460654.27904,2024-12-09.7805005,bo,2.28,15.126,>15.126,99.990,0.124,0.647,g
2460654.53772,2024-12-10.0391907,bk,1.41,16.680,>16.680,99.990,0.167,0.155,g
2460654.53896,2024-12-10.0404273,bk,1.43,16.844,>16.844,99.990,0.157,0.133,g
2460654.54019,2024-12-10.0416503,bk,1.5,16.691,>16.691,99.990,0.246,0.153,g
2460655.27704,2024-12-10.7785262,bo,2.5,15.702,>15.702,99.990,0.972,0.381,g
2460655.27827,2024-12-10.7797670,bo,2.47,99.990,99.990,99.990,99.990,99.990,g
2460656.54453,2024-12-12.0460603,bk,1.43,16.393,>16.393,99.990,-0.210,0.201,g
2460656.54578,2024-12-12.0473048,bk,1.51,16.543,>16.543,99.990,-0.003,0.175,g
2460656.54702,2024-12-12.0485443,bk,1.48,16.464,>16.464,99.990,0.436,0.189,g
2460657.52359,2024-12-13.0251474,bk,1.48,15.679,>15.679,99.990,-0.884,0.389,g
2460657.52484,2024-12-13.0263982,bk,1.45,15.782,>15.782,99.990,-0.406,0.353,g
2460657.52607,2024-12-13.0276292,bk,1.53,15.820,>15.820,99.990,-0.798,0.341,g
2460657.55404,2024-12-13.0555953,bk,1.45,16.275,>16.275,99.990,-0.071,0.224,g
2460657.55528,2024-12-13.0568358,bk,1.56,16.103,>16.103,99.990,-0.616,0.263,g
2460657.55652,2024-12-13.0580787,bk,1.52,16.287,>16.287,99.990,-0.461,0.222,g
2460658.31642,2024-12-13.8180071,bo,1.53,15.831,>15.831,99.990,-0.015,0.338,g
2460658.31766,2024-12-13.8192371,bo,1.59,15.941,>15.941,99.990,0.396,0.305,g
2460658.31889,2024-12-13.8204722,bo,1.53,15.913,>15.913,99.990,-0.471,0.313,g
2460659.28264,2024-12-14.7842526,bo,2.0,15.482,>15.482,99.990,0.470,0.466,g
2460659.28388,2024-12-14.7854924,bo,1.73,15.452,>15.452,99.990,-0.808,0.479,g
2460659.28514,2024-12-14.7867466,bo,1.62,15.593,>15.593,99.990,-1.162,0.421,g
2460659.52449,2024-12-15.0261170,bk,1.55,15.392,>15.392,99.990,0.469,0.506,g
2460659.52574,2024-12-15.0273524,bk,1.54,15.585,>15.585,99.990,-1.074,0.424,g
2460659.52696,2024-12-15.0285731,bk,1.41,15.633,>15.633,99.990,0.012,0.406,g
2460660.52491,2024-12-16.0265487,bk,1.6,15.781,>15.781,99.990,-0.313,0.354,g
2460660.52613,2024-12-16.0277726,bk,1.47,15.801,>15.801,99.990,1.291,0.347,g
2460660.52736,2024-12-16.0290034,bk,1.53,16.050,>16.050,99.990,-0.052,0.276,g
2460661.52531,2024-12-17.0269898,bk,1.5,15.611,>15.611,99.990,-0.657,0.414,g
2460661.52654,2024-12-17.0282101,bk,1.55,15.948,>15.948,99.990,1.205,0.303,g
2460661.52776,2024-12-17.0294343,bk,1.53,15.983,>15.983,99.990,-0.505,0.294,g
2460661.57860,2024-12-17.0802689,bk,1.42,16.482,>16.482,99.990,-0.284,0.185,g
2460661.57984,2024-12-17.0815115,bk,1.49,16.476,>16.476,99.990,-0.156,0.186,g
2460661.58106,2024-12-17.0827343,bk,1.42,16.498,>16.498,99.990,0.346,0.183,g
2460662.62439,2024-12-18.1260925,bk,1.5,16.472,>16.472,99.990,0.016,0.187,g
2460662.62562,2024-12-18.1273237,bk,1.55,16.328,>16.328,99.990,0.606,0.214,g
2460662.62686,2024-12-18.1285688,bk,1.55,16.723,>16.723,99.990,0.385,0.149,g
2460663.36411,2024-12-18.8658333,bo,2.47,16.564,>16.564,99.990,-0.436,0.172,g
2460663.37670,2024-12-18.8784254,bo,2.43,16.284,>16.284,99.990,-0.182,0.223,g
2460663.37794,2024-12-18.8796568,bo,2.39,16.296,>16.296,99.990,-0.629,0.220,g
2460663.37917,2024-12-18.8808947,bo,2.39,16.276,>16.276,99.990,-0.271,0.224,g
2460663.68107,2024-12-19.1828013,bG,1.58,16.326,>16.326,99.990,-0.057,0.214,g
2460663.68233,2024-12-19.1840600,bG,1.59,16.250,>16.250,99.990,-0.015,0.230,g
2460663.68359,2024-12-19.1853208,bG,1.64,16.248,>16.248,99.990,0.737,0.230,g
2460665.28180,2024-12-20.7835790,bo,1.66,15.950,>15.950,99.990,-0.052,0.303,g
2460665.28307,2024-12-20.7848457,bo,1.61,16.215,>16.215,99.990,-0.370,0.237,g
2460665.28431,2024-12-20.7860851,bo,1.62,16.309,>16.309,99.990,0.006,0.217,g
2460665.53437,2024-12-21.0361487,bk,1.4,16.624,>16.624,99.990,0.340,0.163,g
2460665.53561,2024-12-21.0373972,bk,1.45,16.785,>16.785,99.990,0.044,0.140,g
2460665.53687,2024-12-21.0386552,bk,1.44,16.890,>16.890,99.990,0.097,0.127,g
2460665.58012,2024-12-21.0819092,bk,1.46,17.370,>17.370,99.990,0.319,0.082,g
2460665.58135,2024-12-21.0831327,bk,1.44,17.259,>17.259,99.990,0.064,0.091,g
2460665.58258,2024-12-21.0843590,bk,1.44,17.380,>17.380,99.990,0.046,0.081,g
2460666.28177,2024-12-21.7835759,bo,2.16,15.942,>15.942,99.990,-0.584,0.305,g
2460666.28302,2024-12-21.7848177,bo,2.14,16.112,>16.112,99.990,0.046,0.261,g
2460666.28426,2024-12-21.7860574,bo,2.11,16.203,>16.203,99.990,-0.449,0.240,g
2460666.53474,2024-12-22.0365465,bG,2.22,16.423,>16.423,99.990,0.073,0.196,g
2460666.53599,2024-12-22.0377938,bG,2.21,16.423,>16.423,99.990,0.072,0.196,g
2460666.53725,2024-12-22.0390564,bG,2.21,16.631,>16.631,99.990,-0.051,0.162,g
2460667.28193,2024-12-22.7837528,bo,2.0,15.720,>15.720,99.990,0.868,0.374,g
2460667.28316,2024-12-22.7849851,bo,1.99,16.171,>16.171,99.990,-0.114,0.247,g
2460667.28440,2024-12-22.7862209,bo,1.8,16.050,>16.050,99.990,0.635,0.276,g
2460667.42592,2024-12-22.9277523,bo,1.46,17.260,>17.260,99.990,0.235,0.091,g
2460667.42716,2024-12-22.9289863,bo,1.48,17.044,>17.044,99.990,0.128,0.111,g
2460667.42839,2024-12-22.9302224,bo,1.39,17.040,>17.040,99.990,0.394,0.111,g
2460668.28229,2024-12-23.7841395,bo,1.51,15.977,>15.977,99.990,0.500,0.295,g
2460668.28354,2024-12-23.7853799,bo,1.44,16.134,>16.134,99.990,0.190,0.256,g
2460668.28477,2024-12-23.7866182,bo,1.49,16.138,>16.138,99.990,0.411,0.255,g
2460668.52766,2024-12-24.0295121,bk,1.55,15.818,>15.818,99.990,0.326,0.342,g
2460668.52889,2024-12-24.0307418,bk,1.52,15.944,>15.944,99.990,0.051,0.304,g
2460668.53013,2024-12-24.0319868,bk,1.52,16.139,>16.139,99.990,-0.210,0.254,g
2460669.27869,2024-12-24.7805590,bo,2.14,15.382,>15.382,99.990,1.678,0.511,g
2460669.27995,2024-12-24.7818193,bo,2.05,15.659,>15.659,99.990,-0.116,0.396,g
2460669.28119,2024-12-24.7830579,bo,2.04,15.926,>15.926,99.990,-0.495,0.310,g
2460669.62405,2024-12-25.1259277,bG,1.52,16.801,>16.801,99.990,0.427,0.138,g
2460669.62530,2024-12-25.1271793,bG,1.54,17.035,>17.035,99.990,-0.068,0.111,g
2460669.62656,2024-12-25.1284377,bG,1.62,16.919,>16.919,99.990,-0.139,0.124,g
2460672.28310,2024-12-27.7850413,bo,1.56,16.043,>16.043,99.990,-0.435,0.278,g
2460672.28434,2024-12-27.7862809,bo,1.64,16.163,>16.163,99.990,0.221,0.249,g
2460672.28558,2024-12-27.7875193,bo,1.6,16.129,>16.129,99.990,-0.175,0.257,g
2460672.53240,2024-12-28.0343484,bG,2.11,16.093,>16.093,99.990,0.277,0.265,g
2460672.53366,2024-12-28.0356070,bG,2.09,16.255,>16.255,99.990,0.305,0.229,g
2460672.53492,2024-12-28.0368674,bG,2.06,16.322,>16.322,99.990,-0.258,0.215,g
2460673.28330,2024-12-28.7852567,bo,2.09,15.931,>15.931,99.990,0.153,0.308,g
2460673.28454,2024-12-28.7864983,bo,2.04,16.030,>16.030,99.990,0.218,0.281,g
2460673.28581,2024-12-28.7877658,bo,2.05,16.157,>16.157,99.990,0.214,0.250,g
2460673.55773,2024-12-29.0597002,bG,1.76,16.973,>16.973,99.990,0.328,0.118,g
2460673.55898,2024-12-29.0609436,bG,1.74,16.888,>16.888,99.990,0.121,0.128,g
2460674.28340,2024-12-29.7853809,bo,1.75,15.800,>15.800,99.990,0.914,0.348,g
2460674.28464,2024-12-29.7866240,bo,1.75,16.039,>16.039,99.990,0.007,0.279,g
2460674.28586,2024-12-29.7878461,bo,1.69,16.284,>16.284,99.990,-0.087,0.222,g
2460675.54814,2024-12-31.0501475,bk,1.42,17.301,>17.301,99.990,-0.061,0.087,g
2460675.54936,2024-12-31.0513690,bk,1.42,99.990,99.990,99.990,99.990,99.990,g
2460675.55060,2024-12-31.0526032,bk,1.45,17.169,>17.169,99.990,0.130,0.098,g
2460676.28744,2024-12-31.7894646,bo,1.57,16.362,>16.362,99.990,-0.068,0.207,g
2460676.28992,2024-12-31.7919427,bo,1.51,16.415,>16.415,99.990,-0.119,0.197,g
2460676.37786,2024-12-31.8798812,bo,1.49,16.968,>16.968,99.990,0.119,0.119,g
2460676.37910,2024-12-31.8811209,bo,1.52,16.976,>16.976,99.990,-0.350,0.118,g
2460676.38033,2024-12-31.8823521,bo,1.48,16.861,>16.861,99.990,0.169,0.131,g
2460676.57669,2025-01-01.0787140,bG,1.63,17.044,>17.044,99.990,-0.042,0.111,g
2460676.57794,2025-01-01.0799701,bG,1.59,17.150,>17.150,99.990,0.192,0.100,g
2460676.57922,2025-01-01.0812471,bG,1.62,17.062,>17.062,99.990,-0.178,0.109,g
2460677.28014,2025-01-01.7821861,bo,2.12,15.635,>15.635,99.990,-0.582,0.405,g
2460677.28182,2025-01-01.7838510,bo,2.12,15.588,>15.588,99.990,-0.122,0.423,g
2460677.28304,2025-01-01.7850848,bo,2.1,15.778,15.778,0.219,1.773,0.355,g
2460677.39684,2025-01-01.8988927,bo,1.51,16.950,>16.950,99.990,0.016,0.121,g
2460677.39809,2025-01-01.9001244,bo,1.5,16.889,>16.889,99.990,0.052,0.128,g
2460677.39935,2025-01-01.9013942,bo,1.46,16.905,>16.905,99.990,0.036,0.126,g
2460681.38660,2025-01-05.8887173,bo,2.27,16.854,>16.854,99.990,0.202,0.132,g
2460681.38785,2025-01-05.8899546,bo,2.28,16.857,>16.857,99.990,0.214,0.131,g
2460681.38906,2025-01-05.8911763,bo,2.28,16.822,>16.822,99.990,-0.054,0.136,g
2460685.61855,2025-01-10.1207321,bG,1.46,16.390,>16.390,99.990,0.301,0.202,g
2460685.61982,2025-01-10.1219895,bG,1.54,16.344,>16.344,99.990,-0.074,0.211,g
2460685.62107,2025-01-10.1232493,bG,1.52,16.198,>16.198,99.990,0.523,0.241,g
2460686.54427,2025-01-11.0464567,bG,2.1,16.038,>16.038,99.990,-0.613,0.279,g
2460686.54552,2025-01-11.0477115,bG,2.08,16.012,>16.012,99.990,0.036,0.286,g
2460686.54678,2025-01-11.0489656,bG,2.07,16.197,>16.197,99.990,0.103,0.241,g
2460688.36588,2025-01-12.8680824,bo,1.63,15.581,>15.581,99.990,1.161,0.425,g
2460688.36713,2025-01-12.8693339,bo,1.63,15.561,>15.561,99.990,-0.006,0.433,g
2460688.36847,2025-01-12.8706707,bo,1.55,15.591,>15.591,99.990,-0.398,0.421,g
2460688.60168,2025-01-13.1038964,bG,1.54,15.037,>15.037,99.990,-1.101,0.702,g
2460688.60295,2025-01-13.1051600,bG,1.57,14.861,>14.861,99.990,-0.380,0.825,g
2460688.60421,2025-01-13.1064202,bG,1.55,14.613,>14.613,99.990,0.488,1.037,g
2460690.35384,2025-01-14.8560627,bo,2.0,15.477,>15.477,99.990,2.161,0.468,g
2460690.35613,2025-01-14.8583586,bo,2.31,99.990,99.990,99.990,99.990,99.990,g
2460690.60096,2025-01-15.1031945,bG,1.51,15.933,>15.933,99.990,0.525,0.307,g
2460690.60222,2025-01-15.1044565,bG,1.55,15.835,>15.835,99.990,-0.041,0.336,g
2460690.60346,2025-01-15.1056903,bG,1.57,15.897,>15.897,99.990,-0.206,0.318,g
2460692.33533,2025-01-16.8375795,bo,1.5,16.419,>16.419,99.990,0.270,0.196,g
2460692.33658,2025-01-16.8388276,bo,1.49,16.444,>16.444,99.990,-1.175,0.192,g
2460692.33783,2025-01-16.8400753,bo,1.47,16.397,>16.397,99.990,0.260,0.201,g
2460694.56250,2025-01-19.0647678,bk,1.46,17.257,>17.257,99.990,0.090,0.091,g
2460696.31812,2025-01-20.8204006,bo,1.54,17.111,>17.111,99.990,0.136,0.104,g
2460696.31941,2025-01-20.8216859,bo,1.5,17.286,>17.286,99.990,-0.159,0.088,g
2460696.32072,2025-01-20.8229994,bo,1.5,17.112,>17.112,99.990,-0.017,0.104,g
2460697.54174,2025-01-22.0440237,bk,1.46,16.900,>16.900,99.990,0.104,0.126,g
2460697.54298,2025-01-22.0452679,bk,1.39,17.093,>17.093,99.990,0.244,0.106,g
2460697.54423,2025-01-22.0465121,bk,1.45,17.147,>17.147,99.990,0.281,0.101,g
2460698.69849,2025-01-23.2007717,bH,1.45,99.990,99.990,99.990,99.990,99.990,g
2460698.77907,2025-01-23.2813611,bl,1.48,99.990,99.990,99.990,99.990,99.990,g
2460698.78154,2025-01-23.2838287,bk,1.97,99.990,99.990,99.990,99.990,99.990,g
2460700.29027,2025-01-24.7925641,bo,1.63,16.870,>16.870,99.990,-0.017,0.130,g
2460700.29150,2025-01-24.7937916,bo,1.59,16.831,>16.831,99.990,-0.274,0.135,g
2460700.29276,2025-01-24.7950616,bo,1.7,16.757,>16.757,99.990,-0.036,0.144,g
2460700.56748,2025-01-25.0697749,bG,1.79,17.147,>17.147,99.990,-0.163,0.101,g
2460700.56872,2025-01-25.0710173,bG,1.81,16.838,>16.838,99.990,0.106,0.134,g
2460700.56997,2025-01-25.0722643,bG,1.81,16.847,>16.847,99.990,0.211,0.132,g
2460701.31499,2025-01-25.8172912,bo,2.12,16.877,>16.877,99.990,0.102,0.129,g
2460701.31627,2025-01-25.8185681,bo,2.13,16.956,>16.956,99.990,0.347,0.120,g
2460701.31749,2025-01-25.8197910,bo,2.08,16.912,>16.912,99.990,-0.142,0.125,g
2460702.55144,2025-01-27.0537446,bG,2.05,16.873,>16.873,99.990,0.149,0.129,g
2460702.55395,2025-01-27.0562512,bG,2.07,16.823,>16.823,99.990,0.075,0.135,g
2460704.55848,2025-01-29.0607861,bG,2.11,16.821,>16.821,99.990,0.195,0.136,g
2460704.55976,2025-01-29.0620574,bG,2.11,17.000,>17.000,99.990,0.231,0.115,g
2460704.56101,2025-01-29.0633140,bG,2.1,16.938,>16.938,99.990,0.200,0.122,g
2460705.55337,2025-01-30.0556709,bk,1.34,99.990,99.990,99.990,99.990,99.990,g
2460706.31401,2025-01-30.8163100,bo,1.54,17.082,>17.082,99.990,0.289,0.107,g
2460706.31530,2025-01-30.8176056,bo,1.57,17.139,>17.139,99.990,0.215,0.101,g
2460706.31662,2025-01-30.8189197,bo,1.53,17.056,>17.056,99.990,0.017,0.109,g
2460706.53037,2025-01-31.0326601,bG,2.2,16.364,>16.364,99.990,-0.018,0.207,g
2460706.53162,2025-01-31.0339195,bG,2.18,16.598,>16.598,99.990,0.381,0.167,g
2460706.53287,2025-01-31.0351688,bG,2.17,16.579,>16.579,99.990,-0.072,0.170,g
2460707.52607,2025-02-01.0283690,bG,2.43,15.984,>15.984,99.990,0.521,0.294,g
2460707.52733,2025-02-01.0296251,bG,2.39,99.990,99.990,99.990,99.990,99.990,g
2460707.52857,2025-02-01.0308679,bG,2.37,16.225,>16.225,99.990,-0.068,0.235,g
2460708.30895,2025-02-01.8112466,bo,1.49,16.930,>16.930,99.990,0.304,0.123,g
2460708.31020,2025-02-01.8124920,bo,1.46,17.039,>17.039,99.990,0.364,0.111,g
2460708.31144,2025-02-01.8137349,bo,1.47,16.991,>16.991,99.990,0.057,0.116,g
2460708.52550,2025-02-02.0278018,bG,2.42,16.028,>16.028,99.990,-0.349,0.282,g
2460708.52676,2025-02-02.0290541,bG,2.41,15.948,>15.948,99.990,0.364,0.303,g
2460708.52802,2025-02-02.0303115,bG,2.4,16.186,>16.186,99.990,-0.259,0.243,g
2460709.29423,2025-02-02.7965240,bo,1.52,16.776,>16.776,99.990,-0.056,0.141,g
2460709.29546,2025-02-02.7977593,bo,1.5,17.034,>17.034,99.990,-0.117,0.112,g
2460709.29668,2025-02-02.7989802,bo,1.47,16.954,>16.954,99.990,0.085,0.120,g
2460709.52102,2025-02-03.0233113,bk,1.63,15.632,>15.632,99.990,-0.368,0.406,g
2460709.52227,2025-02-03.0245607,bk,1.5,15.864,>15.864,99.990,-1.077,0.328,g
2460709.52350,2025-02-03.0257964,bk,1.45,15.963,>15.963,99.990,-0.120,0.299,g
2460710.55467,2025-02-04.0569576,bG,1.66,99.990,99.990,99.990,99.990,99.990,g
2460710.55591,2025-02-04.0582046,bG,1.68,16.615,>16.615,99.990,0.298,0.164,g
2460710.55717,2025-02-04.0594511,bG,1.7,16.829,>16.829,99.990,0.091,0.135,g
2460712.27608,2025-02-05.7783658,bo,1.51,16.425,>16.425,99.990,0.187,0.195,g
2460712.27732,2025-02-05.7795966,bo,1.52,16.172,>16.172,99.990,0.311,0.247,g
2460712.27855,2025-02-05.7808300,bo,1.51,16.348,>16.348,99.990,-0.390,0.210,g
2460713.28354,2025-02-06.7858059,bo,1.45,16.271,>16.271,99.990,-0.329,0.225,g
2460713.53786,2025-02-07.0401243,bG,2.07,16.430,>16.430,99.990,0.048,0.195,g
2460713.53912,2025-02-07.0413886,bG,2.06,16.431,>16.431,99.990,-0.183,0.194,g
2460713.54037,2025-02-07.0426415,bG,2.06,16.436,>16.436,99.990,0.224,0.193,g
2460714.53738,2025-02-08.0396362,bG,2.26,16.184,>16.184,99.990,0.165,0.244,g
2460714.53863,2025-02-08.0408913,bG,2.24,16.055,>16.055,99.990,-0.346,0.275,g
2460714.53989,2025-02-08.0421534,bG,2.23,16.118,>16.118,99.990,0.112,0.259,g
2460715.51884,2025-02-09.0211018,bk,1.92,14.813,>14.813,99.990,0.875,0.863,g
2460717.28535,2025-02-10.7875944,bo,1.47,15.690,>15.690,99.990,0.543,0.385,g
2460717.28660,2025-02-10.7888447,bo,1.5,15.875,>15.875,99.990,0.753,0.324,g
2460717.28784,2025-02-10.7900869,bo,1.48,15.855,>15.855,99.990,0.648,0.331,g
2460718.27617,2025-02-11.7784075,bo,1.75,15.461,>15.461,99.990,0.199,0.475,g
2460718.27742,2025-02-11.7796482,bo,1.7,15.599,>15.599,99.990,-1.253,0.418,g
2460718.27866,2025-02-11.7808888,bo,1.77,15.529,>15.529,99.990,-0.633,0.446,g
2460719.52542,2025-02-13.0276456,bG,2.01,15.771,>15.771,99.990,-0.062,0.357,g
2460719.52667,2025-02-13.0288844,bG,2.02,15.746,>15.746,99.990,-0.020,0.365,g
2460719.52791,2025-02-13.0301384,bG,1.83,15.854,>15.854,99.990,0.293,0.331,g
2460721.26215,2025-02-14.7643516,bo,1.49,15.278,>15.278,99.990,1.805,0.562,g
2460721.52651,2025-02-15.0287072,bG,2.01,16.586,>16.586,99.990,-0.058,0.169,g
2460721.52778,2025-02-15.0299809,bG,1.99,16.763,>16.763,99.990,0.378,0.143,g
2460722.51276,2025-02-16.0149452,bG,2.25,15.526,>15.526,99.990,0.235,0.447,g
2460723.51341,2025-02-17.0155908,bG,2.08,15.657,>15.657,99.990,0.292,0.396,g
2460723.51467,2025-02-17.0168434,bG,2.06,15.878,>15.878,99.990,-0.881,0.323,g
2460725.51692,2025-02-19.0190699,bG,2.21,16.118,>16.118,99.990,-0.153,0.259,g
2460725.81901,2025-02-19.3211568,bH,1.5,99.990,99.990,99.990,99.990,99.990,g
2460729.25577,2025-02-22.7578513,bo,1.43,14.980,>14.980,99.990,-7.208,0.741,g
2460729.25700,2025-02-22.7590870,bo,1.61,15.309,14.889,0.150,4.022,0.547,g
2460729.25824,2025-02-22.7603314,bo,1.41,15.498,>15.498,99.990,0.866,0.459,g
2460731.66139,2025-02-25.1634314,bk,1.49,99.990,99.990,99.990,99.990,99.990,g
2460731.66388,2025-02-25.1659282,bk,1.53,99.990,99.990,99.990,99.990,99.990,g
2460731.76620,2025-02-25.2682406,bG,2.08,99.990,99.990,99.990,99.990,99.990,g
2460731.76620,2025-02-25.2682410,bH,2.18,99.990,99.990,99.990,99.990,99.990,g
2460781.78366,2025-04-16.2841674,bG,1.42,99.990,99.990,99.990,99.990,99.990,g
2460781.79280,2025-04-16.2933025,bG,1.46,99.990,99.990,99.990,99.990,99.990,g
2460807.67737,2025-05-12.1768524,bo,2.5,15.381,>15.381,99.990,0.851,0.511,g
2460813.68438,2025-05-18.1836333,bo,1.69,14.741,>14.741,99.990,-0.010,0.922,g
2460813.68627,2025-05-18.1855150,bo,1.57,14.197,>14.197,99.990,-5.637,1.522,g
2460817.56337,2025-05-22.0624766,bk,1.42,99.990,99.990,99.990,99.990,99.990,g
2460817.75451,2025-05-22.2536125,bk,1.48,99.990,99.990,99.990,99.990,99.990,g
2460819.67147,2025-05-24.1705048,bo,1.49,17.044,>17.044,99.990,-0.083,0.111,g
2460819.67270,2025-05-24.1717403,bo,1.52,16.931,>16.931,99.990,0.149,0.123,g
2460819.67394,2025-05-24.1729733,bo,1.51,16.930,>16.930,99.990,-0.010,0.123,g
2460830.72415,2025-06-04.2228043,bl,1.53,99.990,99.990,99.990,99.990,99.990,g
2460830.74635,2025-06-04.2450010,bG,1.43,99.990,99.990,99.990,99.990,99.990,g
2460830.74760,2025-06-04.24625,bG,1.45,99.990,99.990,99.990,99.990,99.990,g
2460830.77227,2025-06-04.2709215,bl,1.48,99.990,99.990,99.990,99.990,99.990,g
2460830.79865,2025-06-04.2973033,bG,1.42,99.990,99.990,99.990,99.990,99.990,g
2460830.81121,2025-06-04.3098657,bl,1.47,99.990,99.990,99.990,99.990,99.990,g
2460831.60981,2025-06-05.1084355,bo,1.5,17.163,>17.163,99.990,0.021,0.099,g
2460831.61108,2025-06-05.1097078,bo,1.5,17.116,>17.116,99.990,0.076,0.103,g
2460831.61231,2025-06-05.1109322,bo,1.5,16.951,>16.951,99.990,-0.124,0.120,g
2460831.63163,2025-06-05.1302521,bH,1.43,99.990,99.990,99.990,99.990,99.990,g
2460831.76242,2025-06-05.2610388,bH,1.53,99.990,99.990,99.990,99.990,99.990,g
2460831.82245,2025-06-05.3210599,bH,1.47,99.990,99.990,99.990,99.990,99.990,g
2460836.87504,2025-06-10.3735076,bG,1.52,15.956,>15.956,99.990,-0.543,0.301,g
2460836.87629,2025-06-10.3747502,bG,1.51,15.963,>15.963,99.990,0.549,0.299,g
2460836.87754,2025-06-10.3760040,bG,1.48,15.918,>15.918,99.990,0.268,0.312,g
2460837.59407,2025-06-11.0925109,bo,1.53,15.479,>15.479,99.990,-0.519,0.467,g
2460837.59530,2025-06-11.0937317,bo,1.63,15.465,>15.465,99.990,-2.060,0.473,g
2460837.59653,2025-06-11.0949673,bo,1.67,15.564,>15.564,99.990,-0.346,0.432,g
2460837.83403,2025-06-11.3324659,bk,1.61,15.479,>15.479,99.990,-0.504,0.467,g
2460837.83526,2025-06-11.3336914,bk,1.55,15.427,>15.427,99.990,-0.235,0.490,g
2460837.83650,2025-06-11.3349320,bk,1.44,15.483,>15.483,99.990,-0.649,0.466,g
2460844.81270,2025-06-18.3109297,bk,1.45,16.666,>16.666,99.990,0.077,0.157,g
2460844.81393,2025-06-18.3121723,bk,1.5,16.673,>16.673,99.990,0.185,0.156,g
2460844.81517,2025-06-18.3134105,bk,1.48,16.673,>16.673,99.990,-0.221,0.155,g
2460846.80097,2025-06-20.2991531,bk,1.47,17.065,>17.065,99.990,0.063,0.108,g
2460846.80220,2025-06-20.3003828,bk,1.49,16.940,>16.940,99.990,-0.192,0.122,g
2460846.80343,2025-06-20.3016129,bk,1.51,17.053,>17.053,99.990,-0.012,0.110,g
2460848.67913,2025-06-22.1772640,bo,1.59,17.145,>17.145,99.990,0.062,0.101,g
2460848.68038,2025-06-22.1785106,bo,1.54,17.042,>17.042,99.990,0.168,0.111,g
2460848.68166,2025-06-22.1797971,bo,1.56,17.047,>17.047,99.990,0.107,0.110,g
2460862.78591,2025-07-06.2837615,bk,1.63,16.489,>16.489,99.990,0.015,0.184,g
2460862.78715,2025-07-06.2850077,bk,1.57,16.539,>16.539,99.990,-0.064,0.176,g
2460862.78838,2025-07-06.2862350,bk,1.55,16.748,>16.748,99.990,0.155,0.145,g
2460863.81549,2025-07-07.3133259,bk,1.44,16.330,>16.330,99.990,0.664,0.213,g
2460863.81672,2025-07-07.3145521,bk,1.47,16.434,>16.434,99.990,-0.807,0.194,g
2460863.81795,2025-07-07.3157861,bk,1.49,16.496,>16.496,99.990,-0.679,0.183,g
2460864.81954,2025-07-08.3173606,bk,1.52,16.357,>16.357,99.990,0.136,0.208,g
2460864.82079,2025-07-08.3186041,bk,1.48,16.443,>16.443,99.990,0.107,0.192,g
2460864.82203,2025-07-08.3198387,bk,1.53,16.374,>16.374,99.990,0.358,0.205,g
2460865.86067,2025-07-09.3584716,bk,1.59,15.529,>15.529,99.990,0.546,0.446,g
2460865.86189,2025-07-09.3596956,bk,1.58,15.889,>15.889,99.990,0.065,0.320,g
2460865.86312,2025-07-09.3609218,bk,1.41,15.926,>15.926,99.990,-1.554,0.310,g
2460867.87646,2025-07-11.3742344,bk,1.5,15.747,>15.747,99.990,-0.587,0.365,g
2460867.87768,2025-07-11.3754575,bk,1.43,15.598,>15.598,99.990,-0.774,0.418,g
2460867.87892,2025-07-11.3766908,bk,1.44,15.857,>15.857,99.990,0.044,0.330,g
2460869.50072,2025-07-12.9984813,bo,1.55,15.559,>15.559,99.990,1.447,0.434,g
2460869.50195,2025-07-12.9997054,bo,1.55,14.743,>14.743,99.990,3.812,0.921,g
2460869.50325,2025-07-13.0010055,bo,1.65,15.036,>15.036,99.990,0.690,0.702,g
2460869.77598,2025-07-13.2737287,bk,1.6,16.068,>16.068,99.990,-0.338,0.272,g
2460869.77722,2025-07-13.2749659,bk,1.57,15.885,>15.885,99.990,-0.126,0.321,g
2460869.77844,2025-07-13.2761991,bk,1.62,16.038,>16.038,99.990,-1.067,0.279,g
2460870.73931,2025-07-14.2370427,bk,1.46,16.105,>16.105,99.990,-0.347,0.262,g
2460870.74054,2025-07-14.2382815,bk,1.47,16.091,>16.091,99.990,-0.361,0.266,g
2460870.74177,2025-07-14.2395071,bk,1.48,16.060,>16.060,99.990,0.129,0.274,g
2460872.73026,2025-07-16.2279798,bG,1.54,16.483,>16.483,99.990,0.479,0.185,g
2460872.73151,2025-07-16.2292241,bG,1.55,16.575,>16.575,99.990,0.237,0.170,g
2460872.73277,2025-07-16.2304898,bG,1.51,16.376,>16.376,99.990,-0.166,0.204,g
2460873.40077,2025-07-16.8984862,bo,1.53,99.990,99.990,99.990,99.990,99.990,g
2460873.40210,2025-07-16.8998133,bo,1.53,99.990,99.990,99.990,99.990,99.990,g
2460873.86446,2025-07-17.3621656,bk,1.44,16.914,>16.914,99.990,0.592,0.125,g
2460873.86570,2025-07-17.3634043,bk,1.4,16.829,>16.829,99.990,0.289,0.135,g
2460873.86693,2025-07-17.3646407,bk,1.55,16.882,>16.882,99.990,-0.085,0.128,g
2460874.83006,2025-07-18.3277613,bG,1.49,16.754,>16.754,99.990,0.323,0.144,g
2460874.83131,2025-07-18.3290140,bG,1.48,16.900,>16.900,99.990,0.026,0.126,g
2460874.83256,2025-07-18.3302600,bG,1.44,16.772,>16.772,99.990,-0.076,0.142,g
2460875.48460,2025-07-18.9822988,bo,1.55,17.234,>17.234,99.990,0.101,0.093,g
2460875.48584,2025-07-18.9835348,bo,1.5,17.201,>17.201,99.990,0.078,0.096,g
2460875.48711,2025-07-18.9848035,bo,1.51,17.092,>17.092,99.990,0.036,0.106,g
2460875.68190,2025-07-19.1795957,bo,1.5,16.933,>16.933,99.990,-0.245,0.122,g
2460875.68316,2025-07-19.1808517,bo,1.52,16.719,>16.719,99.990,0.048,0.149,g
2460875.68442,2025-07-19.1821148,bo,1.5,16.795,>16.795,99.990,-0.493,0.139,g
2460875.73657,2025-07-19.2342578,bk,1.49,17.239,>17.239,99.990,0.277,0.092,g
2460875.73780,2025-07-19.2354935,bk,1.45,17.223,>17.223,99.990,0.272,0.094,g
2460875.73904,2025-07-19.2367347,bk,1.46,17.315,>17.315,99.990,-0.029,0.086,g
2460876.86707,2025-07-20.3647625,bk,1.43,17.147,>17.147,99.990,0.175,0.101,g
2460876.86830,2025-07-20.3659818,bk,1.45,17.347,>17.347,99.990,-0.009,0.084,g
2460876.86953,2025-07-20.3672115,bk,1.38,17.077,>17.077,99.990,-0.108,0.107,g
2460884.48468,2025-07-27.9823313,bo,2.05,17.138,>17.138,99.990,0.384,0.101,g
2460884.48594,2025-07-27.9835906,bo,2.04,17.060,>17.060,99.990,0.090,0.109,g
2460884.48718,2025-07-27.9848297,bo,2.05,16.935,>16.935,99.990,0.047,0.122,g
2460885.80315,2025-07-29.3007974,bk,1.49,17.275,>17.275,99.990,-0.163,0.089,g
2460885.80437,2025-07-29.3020182,bk,1.45,17.318,17.059,0.173,0.545,0.086,g
2460885.80562,2025-07-29.3032582,bk,1.46,17.123,>17.123,99.990,0.280,0.103,g
2460889.44830,2025-08-01.9459437,bo,1.47,16.836,>16.836,99.990,-0.411,0.134,g
2460889.44956,2025-08-01.9471995,bo,1.55,16.750,>16.750,99.990,0.267,0.145,g
2460889.45080,2025-08-01.9484340,bo,1.52,16.942,>16.942,99.990,0.139,0.121,g
2460893.75773,2025-08-06.2553810,bk,1.47,16.255,>16.255,99.990,0.051,0.229,g
2460893.75896,2025-08-06.2566075,bk,1.47,16.272,>16.272,99.990,0.293,0.225,g
2460893.76018,2025-08-06.2578350,bk,1.47,16.304,>16.304,99.990,0.110,0.219,g
2460894.44142,2025-08-06.9390668,bo,1.55,15.813,>15.813,99.990,0.560,0.343,g
2460894.44268,2025-08-06.9403283,bo,1.41,15.828,>15.828,99.990,-0.919,0.339,g
2460894.44398,2025-08-06.9416370,bo,1.46,15.650,>15.650,99.990,-0.299,0.399,g
2460894.71961,2025-08-07.2172684,bG,1.47,16.065,>16.065,99.990,-0.167,0.272,g
2460894.72088,2025-08-07.2185315,bG,1.48,16.063,>16.063,99.990,0.092,0.273,g
2460894.72213,2025-08-07.2197840,bG,1.49,15.956,>15.956,99.990,-0.254,0.301,g
2460895.44435,2025-08-07.9420115,bo,1.61,14.018,>14.018,99.990,0.083,1.794,g
2460895.44560,2025-08-07.9432630,bo,1.46,13.950,>13.950,99.990,-9.018,1.912,g
2460895.44683,2025-08-07.9444942,bo,1.44,13.860,13.635,0.180,12.771,2.094,g
2460895.76523,2025-08-08.2628842,bG,1.53,15.813,>15.813,99.990,0.506,0.343,g
2460895.76650,2025-08-08.2641543,bG,1.51,15.927,>15.927,99.990,0.458,0.309,g
2460895.76776,2025-08-08.2654188,bG,1.49,15.823,>15.823,99.990,0.661,0.340,g
2460896.71643,2025-08-09.2140994,bG,1.53,15.610,>15.610,99.990,-0.070,0.414,g
2460896.71769,2025-08-09.2153569,bG,1.54,15.713,>15.713,99.990,-0.417,0.376,g
2460896.71895,2025-08-09.2166152,bG,1.5,15.633,>15.633,99.990,-0.465,0.405,g
2460900.41278,2025-08-12.9104679,bo,1.48,16.107,>16.107,99.990,0.803,0.262,g
2460900.41402,2025-08-12.9117122,bo,1.5,16.133,>16.133,99.990,-0.356,0.256,g
2460900.41526,2025-08-12.9129531,bo,1.51,16.100,>16.100,99.990,0.808,0.264,g
2460900.61306,2025-08-13.1107564,bo,1.43,16.202,>16.202,99.990,-0.026,0.240,g
2460900.61430,2025-08-13.1119956,bo,1.47,15.998,>15.998,99.990,0.816,0.290,g
2460900.61553,2025-08-13.1132267,bo,1.41,16.214,>16.214,99.990,-0.802,0.237,g
2460901.68496,2025-08-14.1826590,bG,1.54,16.570,>16.570,99.990,-0.053,0.171,g
2460901.68621,2025-08-14.1839141,bG,1.5,16.703,>16.703,99.990,0.148,0.151,g
2460901.68746,2025-08-14.1851621,bG,1.44,16.555,>16.555,99.990,-0.085,0.173,g
2460902.66335,2025-08-15.1610578,bk,1.5,17.214,>17.214,99.990,0.178,0.094,g
2460902.66457,2025-08-15.1622817,bk,1.47,17.312,>17.312,99.990,0.233,0.086,g
2460902.66580,2025-08-15.1635141,bk,1.47,17.130,>17.130,99.990,0.278,0.102,g
2460903.65512,2025-08-16.1528375,bG,1.57,16.820,>16.820,99.990,0.209,0.136,g
2460903.65637,2025-08-16.1540899,bG,1.49,16.974,>16.974,99.990,0.006,0.118,g
2460903.65761,2025-08-16.1553350,bG,1.5,16.953,>16.953,99.990,0.086,0.120,g
2460904.47047,2025-08-16.9682061,bo,1.47,17.157,>17.157,99.990,0.084,0.100,g
2460904.47172,2025-08-16.9694505,bo,1.42,17.191,>17.191,99.990,0.325,0.097,g
2460904.47296,2025-08-16.9706937,bo,1.46,17.109,>17.109,99.990,0.475,0.104,g
2460904.65474,2025-08-17.1524714,bk,1.64,17.131,>17.131,99.990,-0.102,0.102,g
2460904.65598,2025-08-17.1537129,bk,1.46,17.225,>17.225,99.990,0.210,0.094,g
2460904.65721,2025-08-17.1549451,bk,1.53,17.258,>17.258,99.990,0.126,0.091,g
2460904.68749,2025-08-17.1852230,bo,2.27,14.878,>14.878,99.990,-5.065,0.815,g
2460904.68873,2025-08-17.1864587,bo,2.35,14.508,>14.508,99.990,-11.574,1.148,g
2460904.86106,2025-08-17.3587945,bG,1.47,16.793,>16.793,99.990,-0.044,0.139,g
2460904.86230,2025-08-17.3600401,bG,1.51,16.994,>16.994,99.990,0.281,0.116,g
2460904.86355,2025-08-17.3612913,bG,1.53,16.946,>16.946,99.990,0.138,0.121,g
2460905.44303,2025-08-17.9407763,bo,1.44,17.101,>17.101,99.990,0.059,0.105,g
2460905.44427,2025-08-17.9420115,bo,1.46,17.126,>17.126,99.990,0.124,0.103,g
2460905.44549,2025-08-17.9432412,bo,1.44,17.150,>17.150,99.990,-0.128,0.100,g
2460905.64167,2025-08-18.1394141,bG,1.53,16.892,>16.892,99.990,0.183,0.127,g
2460905.64291,2025-08-18.1406560,bG,1.48,16.828,>16.828,99.990,0.097,0.135,g
2460905.64416,2025-08-18.1419052,bG,1.55,16.833,>16.833,99.990,0.065,0.134,g
2460905.86761,2025-08-18.3653575,bG,1.55,16.959,>16.959,99.990,-0.097,0.119,g
2460905.86887,2025-08-18.3666091,bG,1.54,16.809,>16.809,99.990,0.177,0.137,g
2460905.87012,2025-08-18.3678664,bG,1.61,16.965,>16.965,99.990,0.085,0.119,g
2460906.51123,2025-08-19.0089792,bo,1.53,17.167,>17.167,99.990,0.032,0.099,g
2460906.51248,2025-08-19.0102407,bo,1.5,17.074,>17.074,99.990,0.130,0.108,g
2460906.51374,2025-08-19.0114928,bo,1.47,17.246,>17.246,99.990,-0.091,0.092,g
2460907.38286,2025-08-19.8806283,bo,1.45,17.060,>17.060,99.990,0.232,0.109,g
2460907.38409,2025-08-19.8818606,bo,1.45,17.169,>17.169,99.990,0.214,0.099,g
2460907.38535,2025-08-19.8831178,bo,1.44,17.118,>17.118,99.990,-0.071,0.103,g
2460908.38756,2025-08-20.8853369,bo,1.54,17.242,>17.242,99.990,0.129,0.092,g
2460911.62481,2025-08-24.1226346,bG,1.45,16.901,>16.901,99.990,-0.065,0.126,g
2460911.62606,2025-08-24.1238917,bG,1.55,17.138,>17.138,99.990,0.074,0.101,g
2460911.62731,2025-08-24.1251422,bG,1.49,16.996,>16.996,99.990,0.340,0.116,g
2460912.62421,2025-08-25.1220575,bk,1.65,17.253,>17.253,99.990,0.063,0.091,g
2460912.62543,2025-08-25.1232804,bk,1.58,17.225,>17.225,99.990,0.239,0.094,g
2460912.62669,2025-08-25.1245291,bk,1.66,17.206,>17.206,99.990,0.148,0.095,g
2460913.36634,2025-08-25.8641965,bo,1.54,16.836,>16.836,99.990,-0.070,0.134,g
2460913.36758,2025-08-25.8654383,bo,1.54,16.860,>16.860,99.990,-0.036,0.131,g
2460913.36883,2025-08-25.8666918,bo,1.52,16.900,>16.900,99.990,0.200,0.126,g
2460913.61750,2025-08-26.1153648,bk,1.53,17.280,>17.280,99.990,0.028,0.089,g
2460913.61873,2025-08-26.1165909,bk,1.45,17.304,>17.304,99.990,0.245,0.087,g
2460913.61996,2025-08-26.1178208,bk,1.48,17.195,>17.195,99.990,-0.051,0.096,g
2460914.80528,2025-08-27.3031543,bG,1.47,16.964,>16.964,99.990,0.422,0.119,g
2460914.80653,2025-08-27.3044094,bG,1.44,17.040,>17.040,99.990,0.073,0.111,g
2460914.80779,2025-08-27.3056694,bG,1.47,17.149,>17.149,99.990,-0.018,0.100,g
2460915.38593,2025-08-27.8838189,bo,1.54,16.622,>16.622,99.990,0.247,0.163,g
2460915.38719,2025-08-27.8850815,bo,1.49,16.343,>16.343,99.990,0.238,0.211,g
2460915.38843,2025-08-27.8863201,bo,1.55,16.545,>16.545,99.990,0.090,0.175,g
2460915.64696,2025-08-28.1448538,bk,1.52,17.242,>17.242,99.990,0.294,0.092,g
2460915.64820,2025-08-28.1460940,bk,1.48,17.195,>17.195,99.990,-0.021,0.096,g
2460915.64944,2025-08-28.1473315,bk,1.42,17.263,>17.263,99.990,0.206,0.090,g
2460915.89119,2025-08-28.3890896,bG,1.43,17.002,>17.002,99.990,0.106,0.115,g
2460915.89246,2025-08-28.3903508,bG,1.43,17.046,>17.046,99.990,-0.049,0.110,g
2460915.89370,2025-08-28.3916012,bG,1.46,16.962,>16.962,99.990,0.291,0.119,g
2460916.72376,2025-08-29.2216715,bk,1.54,17.190,>17.190,99.990,0.057,0.097,g
2460916.72499,2025-08-29.2229015,bk,1.47,17.251,>17.251,99.990,0.058,0.091,g
2460916.72622,2025-08-29.2241371,bk,1.52,17.347,>17.347,99.990,0.127,0.084,g
2460917.41401,2025-08-29.9119343,bo,1.46,16.908,>16.908,99.990,0.018,0.125,g
2460917.41524,2025-08-29.9131692,bo,1.5,16.892,>16.892,99.990,0.035,0.127,g
2460917.41659,2025-08-29.9145143,bo,1.5,16.986,>16.986,99.990,0.020,0.117,g
2460918.35296,2025-08-30.8508983,bo,1.46,16.533,>16.533,99.990,-0.115,0.177,g
2460918.35417,2025-08-30.8521204,bo,1.44,16.502,>16.502,99.990,-0.094,0.182,g
2460918.35541,2025-08-30.8533553,bo,1.47,16.432,>16.432,99.990,0.583,0.194,g
2460919.36872,2025-08-31.8666796,bo,1.5,16.493,>16.493,99.990,-0.523,0.184,g
2460919.36995,2025-08-31.8679084,bo,1.49,16.598,>16.598,99.990,-0.227,0.167,g
2460919.37119,2025-08-31.8691571,bo,1.56,16.472,>16.472,99.990,0.248,0.187,g
2460919.62135,2025-09-01.1193153,bk,1.53,16.543,>16.543,99.990,0.162,0.175,g
2460919.62257,2025-09-01.1205403,bk,1.53,16.555,>16.555,99.990,0.243,0.173,g
2460919.62380,2025-09-01.1217714,bk,1.47,16.587,>16.587,99.990,0.060,0.168,g
2460919.78564,2025-09-01.2836151,bG,1.5,16.887,>16.887,99.990,0.217,0.128,g
2460919.78690,2025-09-01.2848703,bG,1.49,16.981,>16.981,99.990,-0.042,0.117,g
2460919.78816,2025-09-01.2861309,bG,1.48,16.975,>16.975,99.990,0.137,0.118,g
2460920.45256,2025-09-01.9505445,bo,1.44,16.369,>16.369,99.990,-0.060,0.206,g
2460920.45380,2025-09-01.9517828,bo,1.54,16.135,>16.135,99.990,0.159,0.255,g
2460920.45503,2025-09-01.9530214,bo,1.44,16.332,>16.332,99.990,-0.433,0.213,g
2460921.35111,2025-09-02.8491131,bo,1.58,16.307,>16.307,99.990,0.005,0.218,g
2460921.35234,2025-09-02.8503537,bo,1.48,16.368,>16.368,99.990,0.009,0.206,g
2460921.35357,2025-09-02.8515708,bo,1.52,16.257,>16.257,99.990,0.310,0.228,g
2460921.61386,2025-09-03.111875,bG,1.51,16.280,>16.280,99.990,0.378,0.223,g
2460921.61512,2025-09-03.1131328,bG,1.51,16.190,>16.190,99.990,0.237,0.243,g
2460921.61637,2025-09-03.1143814,bG,1.49,16.135,>16.135,99.990,0.007,0.255,g
2460922.78547,2025-09-04.2835072,bG,1.49,16.278,>16.278,99.990,0.129,0.224,g
2460922.78672,2025-09-04.2847594,bG,1.53,16.342,>16.342,99.990,0.285,0.211,g
2460922.78798,2025-09-04.2860089,bG,1.41,16.262,>16.262,99.990,-0.334,0.227,g
2460923.59541,2025-09-05.0934582,bG,1.43,16.082,>16.082,99.990,0.526,0.268,g
2460923.59666,2025-09-05.0947222,bG,1.5,16.201,>16.201,99.990,0.107,0.240,g
2460923.59793,2025-09-05.0959802,bG,1.44,16.022,>16.022,99.990,0.023,0.283,g
2460923.81341,2025-09-05.3114668,bk,1.5,16.024,>16.024,99.990,-0.293,0.283,g
2460923.81464,2025-09-05.3126990,bk,1.58,15.920,>15.920,99.990,0.660,0.311,g
2460923.81586,2025-09-05.3139230,bk,1.48,16.139,>16.139,99.990,-0.232,0.254,g
2460924.58474,2025-09-06.0828255,bG,1.5,15.854,>15.854,99.990,0.387,0.331,g
2460924.58602,2025-09-06.0840957,bG,1.48,15.763,>15.763,99.990,-0.325,0.360,g
2460924.58727,2025-09-06.0853497,bG,1.5,15.895,>15.895,99.990,-0.217,0.319,g
2460924.78119,2025-09-06.2792663,bG,1.54,15.983,>15.983,99.990,0.327,0.294,g
2460924.78244,2025-09-06.2805237,bG,1.54,15.975,>15.975,99.990,-0.033,0.296,g
2460924.78369,2025-09-06.2817731,bG,1.51,16.096,>16.096,99.990,0.106,0.265,g
2460926.36371,2025-09-07.8618344,bo,1.61,15.175,>15.175,99.990,-2.049,0.618,g
2460926.36494,2025-09-07.8630702,bo,1.6,15.052,>15.052,99.990,-0.293,0.692,g
2460926.36620,2025-09-07.8643181,bo,1.5,15.194,>15.194,99.990,0.233,0.607,g
2460926.83223,2025-09-08.3303548,bG,1.47,15.813,>15.813,99.990,0.124,0.343,g
2460926.83348,2025-09-08.3316135,bG,1.54,15.804,>15.804,99.990,-0.511,0.346,g
2460926.83472,2025-09-08.3328548,bG,1.51,15.736,>15.736,99.990,-0.572,0.369,g
2460927.58069,2025-09-09.0788408,bk,1.5,99.990,99.990,99.990,99.990,99.990,g
2460927.58192,2025-09-09.0800718,bk,1.56,15.924,>15.924,99.990,-0.870,0.310,g
2460927.58315,2025-09-09.0813049,bk,1.6,15.824,>15.824,99.990,-0.240,0.340,g
2460927.84198,2025-09-09.3401297,bk,1.4,15.997,>15.997,99.990,0.325,0.290,g
2460927.84320,2025-09-09.3413597,bk,1.49,16.111,>16.111,99.990,0.065,0.261,g
2460927.84444,2025-09-09.3425964,bk,1.51,15.971,>15.971,99.990,0.497,0.297,g
2460928.52367,2025-09-10.0218518,bo,1.45,15.764,>15.764,99.990,1.568,0.359,g
2460928.52492,2025-09-10.0230972,bo,1.5,15.866,>15.866,99.990,0.070,0.327,g
2460928.52616,2025-09-10.0243373,bo,1.46,15.772,>15.772,99.990,-0.657,0.357,g
2460928.57017,2025-09-10.0683394,bo,1.52,15.663,>15.663,99.990,0.737,0.394,g
2460928.57140,2025-09-10.0695694,bo,1.5,15.645,>15.645,99.990,0.039,0.401,g
2460928.57264,2025-09-10.0708122,bo,1.46,15.768,>15.768,99.990,-0.181,0.358,g
2460928.79525,2025-09-10.2934302,bG,1.47,16.051,>16.051,99.990,-0.011,0.276,g
2460928.79652,2025-09-10.2947024,bG,1.44,16.006,>16.006,99.990,-0.503,0.287,g
2460928.79777,2025-09-10.2959491,bG,1.47,16.094,>16.094,99.990,0.150,0.265,g
2460929.38753,2025-09-10.8857224,bo,1.46,16.064,>16.064,99.990,0.141,0.273,g
2460929.38877,2025-09-10.8869655,bo,1.45,16.000,>16.000,99.990,-0.036,0.289,g
2460929.39001,2025-09-10.8882048,bo,1.38,15.976,>15.976,99.990,-0.074,0.296,g
2460929.57501,2025-09-11.0732040,bo,1.51,15.853,>15.853,99.990,0.722,0.331,g
2460929.57625,2025-09-11.0744468,bo,1.49,16.041,>16.041,99.990,-0.353,0.278,g
2460929.57749,2025-09-11.0756890,bo,1.5,15.867,>15.867,99.990,-0.459,0.327,g
2460929.60749,2025-09-11.1056939,bo,1.46,15.865,>15.865,99.990,-0.517,0.327,g
2460929.60872,2025-09-11.1069261,bo,1.57,15.785,>15.785,99.990,-0.443,0.353,g
2460929.60998,2025-09-11.1081761,bo,1.43,15.788,>15.788,99.990,0.400,0.352,g
2460929.71960,2025-09-11.2178042,bG,1.46,16.364,>16.364,99.990,-0.150,0.207,g
2460929.72087,2025-09-11.2190771,bG,1.47,16.356,>16.356,99.990,0.118,0.208,g
2460929.72211,2025-09-11.2203207,bG,1.49,16.506,>16.506,99.990,0.087,0.181,g
2460929.80954,2025-09-11.3077479,bG,1.46,16.389,>16.389,99.990,0.019,0.202,g
2460929.81080,2025-09-11.3090031,bG,1.51,16.421,>16.421,99.990,0.203,0.196,g
2460929.81206,2025-09-11.3102651,bG,1.43,16.415,>16.415,99.990,0.031,0.197,g
2460930.72938,2025-09-12.2276122,bG,1.62,16.614,>16.614,99.990,-0.016,0.164,g
2460930.73063,2025-09-12.2288663,bG,1.59,16.633,>16.633,99.990,0.011,0.161,g
2460930.73188,2025-09-12.2301131,bG,1.57,16.584,>16.584,99.990,-0.226,0.169,g
2460930.87156,2025-09-12.3697958,bG,1.47,16.600,>16.600,99.990,0.197,0.166,g
2460930.87283,2025-09-12.3710564,bG,1.44,16.612,>16.612,99.990,-0.187,0.165,g
2460930.87407,2025-09-12.3723079,bG,1.46,16.550,>16.550,99.990,0.167,0.174,g
2460931.45833,2025-09-12.9565827,bo,1.43,16.479,>16.479,99.990,0.174,0.186,g
2460931.45957,2025-09-12.9578206,bo,1.46,16.373,>16.373,99.990,0.558,0.205,g
2460931.46080,2025-09-12.9590480,bo,1.4,16.354,>16.354,99.990,-0.592,0.209,g
2460931.81591,2025-09-13.3141712,bG,1.51,16.717,>16.717,99.990,0.198,0.149,g
2460931.81717,2025-09-13.3154270,bG,1.48,16.618,>16.618,99.990,-0.021,0.164,g
2460931.81842,2025-09-13.3166778,bG,1.45,16.712,>16.712,99.990,0.236,0.150,g
2460932.33604,2025-09-13.8343162,bo,1.5,16.989,>16.989,99.990,0.198,0.116,g
2460932.33728,2025-09-13.8355543,bo,1.54,17.165,>17.165,99.990,-0.032,0.099,g
2460932.33851,2025-09-13.8367900,bo,1.57,16.931,>16.931,99.990,0.461,0.123,g
2460932.57840,2025-09-14.0766853,bk,1.44,17.059,>17.059,99.990,0.163,0.109,g
2460932.57967,2025-09-14.0779491,bk,1.46,17.134,>17.134,99.990,0.201,0.102,g
2460932.58091,2025-09-14.0791871,bk,1.5,17.047,>17.047,99.990,0.307,0.110,g
2460932.75607,2025-09-14.2543564,bk,1.5,16.915,>16.915,99.990,0.216,0.125,g
2460932.75731,2025-09-14.2555851,bk,1.47,16.971,>16.971,99.990,-0.094,0.118,g
2460932.75853,2025-09-14.2568197,bk,1.44,16.867,>16.867,99.990,0.051,0.130,g
2460933.38917,2025-09-14.8874747,bo,1.45,17.050,>17.050,99.990,-0.062,0.110,g
2460933.39040,2025-09-14.8887118,bo,1.44,17.049,>17.049,99.990,0.074,0.110,g
2460933.39165,2025-09-14.8899574,bo,1.44,17.194,>17.194,99.990,0.071,0.096,g
2460933.51947,2025-09-15.017775,bo,1.5,17.021,>17.021,99.990,0.395,0.113,g
2460933.52091,2025-09-15.0192103,bo,1.52,17.262,>17.262,99.990,0.126,0.090,g
2460933.52237,2025-09-15.0206859,bo,1.48,16.680,>16.680,99.990,0.222,0.155,g
2460933.89328,2025-09-15.3915986,bG,1.47,16.881,>16.881,99.990,0.128,0.128,g
2460933.89453,2025-09-15.3928555,bG,1.49,16.690,>16.690,99.990,0.130,0.153,g
2460933.89579,2025-09-15.3941075,bG,1.5,16.831,>16.831,99.990,0.047,0.135,g
2460934.68089,2025-09-16.1792344,bk,1.49,17.210,>17.210,99.990,-0.046,0.095,g
2460934.68212,2025-09-16.1804556,bk,1.56,17.621,>17.621,99.990,0.139,0.065,g
2460934.68335,2025-09-16.1816912,bk,1.47,17.155,>17.155,99.990,0.288,0.100,g
2460935.71399,2025-09-17.2123543,bk,1.58,17.260,>17.260,99.990,0.156,0.091,g
2460935.71521,2025-09-17.2135785,bk,1.54,17.198,>17.198,99.990,0.233,0.096,g
2460935.71643,2025-09-17.2148006,bk,1.54,17.205,>17.205,99.990,0.200,0.095,g
2460936.58197,2025-09-18.0803567,bk,1.45,17.049,>17.049,99.990,0.090,0.110,g
2460936.58321,2025-09-18.0816028,bk,1.48,17.232,>17.232,99.990,0.142,0.093,g
2460936.58444,2025-09-18.0828376,bk,1.45,17.285,>17.285,99.990,-0.055,0.089,g
2460937.54980,2025-09-19.0482237,bk,1.47,17.192,>17.192,99.990,0.170,0.096,g
2460937.55103,2025-09-19.0494546,bk,1.5,17.116,>17.116,99.990,0.265,0.103,g
2460937.55228,2025-09-19.0506995,bk,1.5,17.111,>17.111,99.990,0.215,0.104,g
2460938.78834,2025-09-20.2867898,bG,1.48,17.032,>17.032,99.990,0.183,0.112,g
2460938.78959,2025-09-20.2880466,bG,1.46,17.006,>17.006,99.990,0.248,0.115,g
2460938.79085,2025-09-20.2893076,bG,1.49,17.083,>17.083,99.990,0.104,0.107,g
2460939.75586,2025-09-21.2543501,bG,2.0,16.975,>16.975,99.990,0.366,0.118,g
2460939.75710,2025-09-21.2555913,bG,2.0,17.015,>17.015,99.990,-0.088,0.114,g
2460939.75834,2025-09-21.2568278,bG,1.78,16.872,>16.872,99.990,0.086,0.129,g
2460939.87467,2025-09-21.3731620,bk,1.51,17.268,>17.268,99.990,0.041,0.090,g
2460939.87589,2025-09-21.3743850,bk,1.51,17.231,>17.231,99.990,0.110,0.093,g
2460939.87714,2025-09-21.3756277,bk,1.51,17.155,>17.155,99.990,0.348,0.100,g
2460940.54371,2025-09-22.0422265,bG,1.53,16.899,>16.899,99.990,-0.046,0.126,g
2460940.54496,2025-09-22.0434784,bG,1.46,17.045,>17.045,99.990,0.101,0.110,g
2460940.54621,2025-09-22.0447221,bG,1.5,16.873,>16.873,99.990,-0.110,0.129,g
2460941.72760,2025-09-23.2261474,bk,1.46,17.208,>17.208,99.990,0.034,0.095,g
2460941.72882,2025-09-23.2273715,bk,1.49,17.239,>17.239,99.990,0.308,0.092,g
2460941.73006,2025-09-23.2286060,bk,1.42,17.064,>17.064,99.990,0.327,0.108,g
2460942.71967,2025-09-24.2182516,bG,1.65,17.081,>17.081,99.990,0.050,0.107,g
2460942.72093,2025-09-24.2195137,bG,1.65,17.056,>17.056,99.990,0.109,0.109,g
2460942.72219,2025-09-24.2207667,bG,1.7,16.923,>16.923,99.990,0.286,0.124,g
2460943.75510,2025-09-25.2537171,bG,1.5,17.025,>17.025,99.990,-0.093,0.112,g
2460943.75634,2025-09-25.2549640,bG,1.49,16.974,>16.974,99.990,0.022,0.118,g
2460943.75760,2025-09-25.2562170,bG,1.49,16.895,>16.895,99.990,0.151,0.127,g
2460945.55877,2025-09-27.0574480,bG,1.66,16.979,>16.979,99.990,-0.310,0.117,g
2460945.56003,2025-09-27.0587057,bG,1.67,16.860,>16.860,99.990,0.107,0.131,g
2460945.56127,2025-09-27.0599483,bG,1.68,16.828,>16.828,99.990,0.153,0.135,g
2460946.62908,2025-09-28.1277936,bk,1.55,17.028,>17.028,99.990,0.067,0.112,g
2460946.63031,2025-09-28.1290212,bk,1.54,17.070,>17.070,99.990,0.327,0.108,g
2460946.63154,2025-09-28.1302487,bk,1.47,17.020,>17.020,99.990,0.392,0.113,g
2460947.62573,2025-09-29.1244836,bk,1.42,16.927,>16.927,99.990,0.117,0.123,g
2460947.62696,2025-09-29.1257099,bk,1.48,16.808,>16.808,99.990,0.121,0.137,g
2460947.62821,2025-09-29.12695,bk,1.44,17.002,>17.002,99.990,0.006,0.115,g
2460948.55376,2025-09-30.0525355,bG,1.49,16.709,>16.709,99.990,0.013,0.150,g
2460948.55501,2025-09-30.0537896,bG,1.44,16.695,>16.695,99.990,0.082,0.152,g
2460948.55627,2025-09-30.0550483,bG,1.44,16.501,>16.501,99.990,0.101,0.182,g
2460949.52870,2025-10-01.0275040,bG,1.72,16.496,>16.496,99.990,-0.191,0.183,g
2460949.52996,2025-10-01.0287656,bG,1.65,16.243,>16.243,99.990,0.325,0.231,g
2460949.53122,2025-10-01.0300266,bG,1.7,16.384,>16.384,99.990,0.046,0.203,g
2460949.65495,2025-10-01.1537605,bk,1.46,16.542,>16.542,99.990,0.035,0.175,g
2460949.65617,2025-10-01.1549892,bk,1.39,16.836,>16.836,99.990,-0.315,0.134,g
2460949.65740,2025-10-01.1562200,bk,1.41,16.608,>16.608,99.990,-0.078,0.165,g
2460949.82179,2025-10-01.3206020,bG,1.51,16.969,>16.969,99.990,0.095,0.118,g
2460949.82304,2025-10-01.3218616,bG,1.48,16.876,>16.876,99.990,0.039,0.129,g
2460949.82429,2025-10-01.3231180,bG,1.49,17.037,>17.037,99.990,0.106,0.111,g
2460950.63867,2025-10-02.1375219,bk,1.44,16.647,>16.647,99.990,-0.106,0.159,g
2460950.63990,2025-10-02.1387530,bk,1.52,16.406,>16.406,99.990,-0.465,0.199,g
2460950.64112,2025-10-02.1399782,bk,1.47,16.479,>16.479,99.990,-0.242,0.186,g
2460950.72895,2025-10-02.2278041,bG,1.71,99.990,99.990,99.990,99.990,99.990,g
2460950.89420,2025-10-02.3930553,bl,1.55,99.990,99.990,99.990,99.990,99.990,g
2460951.55286,2025-10-03.0517418,bk,1.46,16.274,>16.274,99.990,-0.061,0.225,g
2460951.55409,2025-10-03.0529726,bk,1.5,16.480,>16.480,99.990,-0.413,0.186,g
2460951.55533,2025-10-03.0542076,bk,1.44,16.268,>16.268,99.990,0.199,0.226,g
2460952.54391,2025-10-04.0428295,bk,1.52,16.162,>16.162,99.990,-0.579,0.249,g
2460952.54516,2025-10-04.0440733,bk,1.42,16.210,>16.210,99.990,0.072,0.238,g
2460952.54639,2025-10-04.0453043,bk,1.48,16.173,>16.173,99.990,-0.326,0.247,g
2460953.56468,2025-10-05.0636326,bG,1.52,15.967,>15.967,99.990,0.175,0.298,g
2460953.56594,2025-10-05.0648903,bG,1.4,16.024,>16.024,99.990,-0.124,0.283,g
2460953.56720,2025-10-05.0661532,bG,1.47,15.972,>15.972,99.990,0.159,0.297,g
2460954.54908,2025-10-06.0480644,bk,1.49,15.886,>15.886,99.990,0.124,0.321,g
2460954.55031,2025-10-06.0493034,bk,1.59,15.852,>15.852,99.990,1.404,0.332,g
2460954.55154,2025-10-06.0505295,bk,1.6,15.805,>15.805,99.990,-1.045,0.346,g
2460955.68551,2025-10-07.1845483,bk,1.52,15.371,>15.371,99.990,0.530,0.516,g
2460955.68674,2025-10-07.1857707,bk,1.53,15.394,>15.394,99.990,0.209,0.505,g
2460955.68796,2025-10-07.1869958,bk,1.58,15.522,>15.522,99.990,1.016,0.449,g
2460956.52731,2025-10-08.0263694,bk,1.51,16.001,>16.001,99.990,-0.330,0.289,g
2460956.52855,2025-10-08.0276072,bk,1.5,15.971,>15.971,99.990,-0.353,0.297,g
2460956.52978,2025-10-08.0288442,bk,1.49,16.002,>16.002,99.990,-0.760,0.289,g
2460956.83296,2025-10-08.3320259,bk,1.51,15.787,15.737,0.210,1.841,0.352,g
2460956.83419,2025-10-08.3332615,bk,1.49,15.886,>15.886,99.990,1.019,0.321,g
2460956.83542,2025-10-08.3344900,bk,1.52,15.771,15.739,0.213,1.838,0.357,g
2460957.56616,2025-10-09.0652619,bG,1.71,16.281,>16.281,99.990,-0.286,0.223,g
2460957.56741,2025-10-09.0665059,bG,1.67,16.241,>16.241,99.990,-0.052,0.232,g
2460957.56866,2025-10-09.0677604,bG,1.65,16.241,>16.241,99.990,0.453,0.232,g
2460958.75767,2025-10-10.2568103,bk,1.45,16.401,>16.401,99.990,-0.844,0.200,g
2460958.75890,2025-10-10.2580377,bk,1.51,16.206,16.193,0.217,1.211,0.239,g
2460958.76012,2025-10-10.2592660,bk,1.51,16.113,>16.113,99.990,-0.742,0.260,g
2460959.81573,2025-10-11.3149168,bG,1.64,16.367,>16.367,99.990,-0.135,0.206,g
2460959.81698,2025-10-11.3161650,bG,1.6,16.452,>16.452,99.990,0.411,0.191,g
2460959.81822,2025-10-11.3174092,bG,1.57,16.310,>16.310,99.990,-0.308,0.217,g
2460960.64133,2025-10-12.1405469,bk,1.52,17.202,>17.202,99.990,0.012,0.096,g
2460960.64257,2025-10-12.1417815,bk,1.51,17.290,>17.290,99.990,0.074,0.088,g
2460960.64381,2025-10-12.1430196,bk,1.47,17.472,>17.472,99.990,-0.028,0.075,g
2460961.64401,2025-10-13.1432714,bG,1.54,17.375,>17.375,99.990,-0.034,0.081,g
2460961.64526,2025-10-13.1445174,bG,1.55,17.481,>17.481,99.990,0.065,0.074,g
2460961.64652,2025-10-13.1457707,bG,1.55,17.542,>17.542,99.990,0.057,0.070,g
2460962.65197,2025-10-14.1512612,bG,1.51,17.398,>17.398,99.990,0.008,0.080,g
2460962.65323,2025-10-14.1525211,bG,1.57,17.617,>17.617,99.990,0.191,0.065,g
2460962.65448,2025-10-14.1537728,bG,1.53,17.423,>17.423,99.990,0.012,0.078,g
2460963.55312,2025-10-15.0524380,bk,1.56,14.816,>14.816,99.990,-1.520,0.860,g
2460963.55435,2025-10-15.0536737,bk,1.53,15.357,>15.357,99.990,1.542,0.523,g
2460963.55557,2025-10-15.0549000,bk,1.61,15.141,>15.141,99.990,0.056,0.637,g
2460963.76332,2025-10-15.2626518,bk,1.56,16.367,>16.367,99.990,0.058,0.206,g
2460964.49136,2025-10-15.9907209,bo,1.99,17.379,>17.379,99.990,0.170,0.081,g
2460964.49260,2025-10-15.9919677,bo,2.01,17.136,>17.136,99.990,-0.043,0.102,g
2460964.49385,2025-10-15.9932165,bo,2.0,17.152,>17.152,99.990,0.043,0.100,g
2460965.38929,2025-10-16.8886881,bo,1.99,16.699,>16.699,99.990,-0.006,0.152,g
2460965.39052,2025-10-16.8899194,bo,2.03,17.172,>17.172,99.990,0.122,0.098,g
2460965.39176,2025-10-16.8911599,bo,2.04,17.163,>17.163,99.990,0.076,0.099,g
2460965.56807,2025-10-17.0674709,bH,1.68,99.990,99.990,99.990,99.990,99.990,g
2460965.83297,2025-10-17.3323821,bG,1.55,16.946,>16.946,99.990,0.095,0.121,g
2460965.83388,2025-10-17.3332900,bG,1.58,16.931,>16.931,99.990,-0.113,0.123,g
2460965.83479,2025-10-17.3341973,bG,1.54,17.157,>17.157,99.990,0.078,0.100,g
2460966.71592,2025-10-18.2153709,bl,2.02,99.990,99.990,99.990,99.990,99.990,g
2460966.76740,2025-10-18.2668440,bk,1.56,17.294,>17.294,99.990,0.189,0.088,g
2460966.76827,2025-10-18.2677270,bk,1.58,17.135,>17.135,99.990,0.302,0.102,g
2460966.76914,2025-10-18.2685950,bk,1.55,17.257,>17.257,99.990,-0.004,0.091,g
2460967.51856,2025-10-19.0180383,bG,2.23,16.893,>16.893,99.990,0.307,0.127,g
2460967.51946,2025-10-19.0189479,bG,2.21,17.147,>17.147,99.990,0.141,0.101,g
2460967.52038,2025-10-19.0198618,bG,2.2,17.022,>17.022,99.990,0.019,0.113,g
2460968.54644,2025-10-20.0459695,bk,1.54,99.990,99.990,99.990,99.990,99.990,g
2460968.54734,2025-10-20.0468650,bk,1.51,17.169,>17.169,99.990,0.138,0.099,g
2460968.54822,2025-10-20.0477417,bk,1.49,17.262,>17.262,99.990,0.087,0.090,g
2460969.38995,2025-10-20.8895070,bo,1.54,17.057,>17.057,99.990,0.151,0.109,g
2460969.39133,2025-10-20.8908881,bo,1.51,17.088,>17.088,99.990,0.072,0.106,g
2460969.39267,2025-10-20.8922282,bo,1.54,17.041,>17.041,99.990,0.022,0.111,g
2460969.54807,2025-10-21.0476287,bo,1.59,99.990,99.990,99.990,99.990,99.990,g
2460970.56624,2025-10-22.0658416,bo,1.65,17.252,>17.252,99.990,-2.267,0.092,g
2460970.56749,2025-10-22.0670954,bo,1.66,16.853,>16.853,99.990,0.288,0.132,g
2460970.56871,2025-10-22.0683104,bo,1.64,16.786,>16.786,99.990,0.068,0.140,g
2460971.62084,2025-10-23.1204836,bG,1.51,17.134,>17.134,99.990,0.036,0.102,g
2460971.62174,2025-10-23.1213807,bG,1.5,17.267,>17.267,99.990,0.132,0.090,g
2460971.62264,2025-10-23.1222888,bG,1.58,17.278,>17.278,99.990,0.198,0.089,g
2460972.28347,2025-10-23.7831445,bo,1.56,17.019,>17.019,99.990,-0.008,0.113,g
2460972.28482,2025-10-23.7844902,bo,1.55,16.879,>16.879,99.990,-0.084,0.129,g
2460972.28640,2025-10-23.7860634,bo,1.6,16.937,>16.937,99.990,0.135,0.122,g
2460972.46887,2025-10-23.9685532,bo,1.45,16.945,>16.945,99.990,0.111,0.121,g
2460972.47011,2025-10-23.9697914,bo,1.44,16.924,>16.924,99.990,0.052,0.123,g
2460972.47134,2025-10-23.9710174,bo,1.5,16.974,>16.974,99.990,0.086,0.118,g
2460972.72986,2025-10-24.2295437,bk,1.52,17.217,>17.217,99.990,0.163,0.094,g
2460972.73073,2025-10-24.2304224,bk,1.55,17.222,>17.222,99.990,0.395,0.094,g
2460972.73161,2025-10-24.2312986,bk,1.49,99.990,99.990,99.990,99.990,99.990,g
2460973.64156,2025-10-25.1412789,bG,1.52,17.064,>17.064,99.990,0.318,0.108,g
2460973.64246,2025-10-25.1421837,bG,1.58,17.096,>17.096,99.990,0.121,0.105,g
2460973.64336,2025-10-25.1430885,bG,1.47,17.173,>17.173,99.990,0.087,0.098,g
2460973.80011,2025-10-25.2998444,bG,1.6,17.123,>17.123,99.990,-0.035,0.103,g
2460973.80103,2025-10-25.3007540,bG,1.6,17.114,>17.114,99.990,0.237,0.104,g
2460973.80194,2025-10-25.3016682,bG,1.63,17.155,>17.155,99.990,0.392,0.100,g
2460974.64387,2025-10-26.1436394,bk,1.56,16.749,>16.749,99.990,0.304,0.145,g
2460974.64477,2025-10-26.1445392,bk,1.55,16.655,>16.655,99.990,0.086,0.158,g
2460974.64565,2025-10-26.1454177,bk,1.51,16.664,>16.664,99.990,0.189,0.157,g
2460975.57562,2025-10-27.0754288,bG,1.49,16.626,>16.626,99.990,0.375,0.162,g
2460975.57653,2025-10-27.0763315,bG,1.53,16.675,>16.675,99.990,0.009,0.155,g
2460975.57743,2025-10-27.0772376,bG,1.55,16.984,>16.984,99.990,0.180,0.117,g
2460976.31203,2025-10-27.8118660,bo,1.47,16.927,>16.927,99.990,0.264,0.123,g
2460976.31328,2025-10-27.8131054,bo,1.49,16.988,>16.988,99.990,-0.159,0.116,g
2460976.31452,2025-10-27.8143591,bo,1.47,16.946,>16.946,99.990,-0.160,0.121,g
2460976.50427,2025-10-28.0041158,bG,1.54,16.565,>16.565,99.990,0.237,0.172,g
2460976.50518,2025-10-28.0050184,bG,1.54,16.770,>16.770,99.990,0.264,0.142,g
2460976.50609,2025-10-28.0059236,bG,1.64,16.853,>16.853,99.990,0.147,0.132,g
2460977.51294,2025-10-29.0128143,bk,1.51,16.607,>16.607,99.990,0.009,0.165,g
2460977.51382,2025-10-29.0136909,bk,1.48,16.622,16.490,0.194,0.921,0.163,g
2460977.51469,2025-10-29.0145721,bk,1.54,16.484,>16.484,99.990,0.563,0.185,g
2460977.78560,2025-10-29.2854978,bk,1.47,17.280,>17.280,99.990,-0.001,0.089,g
2460977.78648,2025-10-29.2863717,bk,1.45,17.316,>17.316,99.990,0.084,0.086,g
2460977.78736,2025-10-29.2872596,bk,1.44,99.990,99.990,99.990,99.990,99.990,g
2460978.62767,2025-10-30.1275987,bG,1.47,16.689,>16.689,99.990,0.093,0.153,g
2460978.62858,2025-10-30.1285035,bG,1.46,16.821,>16.821,99.990,0.090,0.136,g
2460978.62949,2025-10-30.1294059,bG,1.59,16.834,>16.834,99.990,0.172,0.134,g
2460979.43732,2025-10-30.9372754,bo,2.42,16.139,>16.139,99.990,-0.728,0.254,g
2460979.43871,2025-10-30.9386711,bo,2.39,16.166,>16.166,99.990,0.397,0.248,g
2460979.44044,2025-10-30.9404052,bo,2.36,16.240,>16.240,99.990,-0.612,0.232,g
2460979.66089,2025-10-31.1608545,bk,1.53,16.484,>16.484,99.990,0.229,0.185,g
2460979.66176,2025-10-31.1617269,bk,1.53,16.463,>16.463,99.990,-0.016,0.189,g
2460979.66265,2025-10-31.1626127,bk,1.61,16.424,>16.424,99.990,0.353,0.196,g
2460980.60718,2025-11-01.1071864,bk,2.02,99.990,99.990,99.990,99.990,99.990,g
2460980.60807,2025-11-01.1080767,bk,2.11,99.990,99.990,99.990,99.990,99.990,g
2460980.60895,2025-11-01.1089568,bk,2.14,14.288,>14.288,99.990,-4.682,1.402,g
2460980.79106,2025-11-01.2910725,bk,2.18,16.582,>16.582,99.990,0.485,0.169,g
2460980.79195,2025-11-01.2919675,bk,2.16,16.831,>16.831,99.990,-0.114,0.134,g
2460980.79282,2025-11-01.2928313,bk,2.18,99.990,99.990,99.990,99.990,99.990,g
2460980.83425,2025-11-01.3342609,bG,1.64,99.990,99.990,99.990,99.990,99.990,g
2460981.51431,2025-11-02.0143547,bk,1.52,16.242,>16.242,99.990,0.519,0.231,g
2460981.51522,2025-11-02.0152604,bk,1.56,16.337,>16.337,99.990,-0.823,0.212,g
2460981.51609,2025-11-02.0161320,bk,1.59,16.255,>16.255,99.990,-0.013,0.229,g
2460983.34132,2025-11-03.8414385,bo,2.01,15.629,>15.629,99.990,-0.230,0.407,g
2460983.34264,2025-11-03.8427597,bo,2.02,15.802,>15.802,99.990,0.611,0.347,g
2460983.34387,2025-11-03.8439908,bo,2.03,15.875,>15.875,99.990,-0.516,0.324,g
2460983.60583,2025-11-04.1059622,bk,2.19,15.773,>15.773,99.990,1.251,0.356,g
2460983.60672,2025-11-04.1068489,bk,2.18,15.868,>15.868,99.990,0.471,0.327,g
2460983.60762,2025-11-04.1077428,bk,2.14,15.936,15.819,0.197,1.707,0.307,g
2460984.56708,2025-11-05.0672415,bG,1.52,15.920,>15.920,99.990,0.082,0.311,g
2460984.56797,2025-11-05.0681408,bG,1.53,15.920,>15.920,99.990,-0.111,0.311,g
2460984.56889,2025-11-05.0690618,bG,1.63,16.004,>16.004,99.990,-0.020,0.288,g
2460984.72907,2025-11-05.2292373,bk,1.54,15.754,>15.754,99.990,-0.019,0.363,g
2460984.72996,2025-11-05.2301218,bk,1.63,15.941,>15.941,99.990,0.146,0.305,g
2460984.73083,2025-11-05.2310016,bk,1.57,15.720,>15.720,99.990,0.855,0.374,g
2460985.64587,2025-11-06.1460802,bG,1.5,15.965,>15.965,99.990,-0.276,0.299,g
2460985.64678,2025-11-06.1469850,bG,1.5,16.073,>16.073,99.990,-0.446,0.270,g
2460985.64769,2025-11-06.1478979,bG,1.55,16.027,>16.027,99.990,-0.304,0.282,g
2460986.65747,2025-11-07.1577207,bG,1.79,16.274,>16.274,99.990,0.017,0.225,g
2460986.65838,2025-11-07.1586291,bG,1.74,16.197,>16.197,99.990,0.027,0.241,g
2460986.65928,2025-11-07.1595261,bG,1.75,16.232,>16.232,99.990,-0.140,0.234,g
2460987.64330,2025-11-08.1435971,bG,1.48,16.474,>16.474,99.990,-0.129,0.187,g
2460987.64421,2025-11-08.1444991,bG,1.49,16.541,>16.541,99.990,0.209,0.176,g
2460987.64512,2025-11-08.1454113,bG,1.49,16.501,>16.501,99.990,0.171,0.182,g
2460989.67255,2025-11-10.1729234,bk,1.51,17.057,>17.057,99.990,0.018,0.109,g
2460989.67344,2025-11-10.1738137,bk,1.53,17.091,>17.091,99.990,0.050,0.106,g
2460989.67432,2025-11-10.1746937,bk,1.5,17.017,>17.017,99.990,0.061,0.113,g
2460990.60990,2025-11-11.1103119,bG,1.48,17.279,>17.279,99.990,0.193,0.089,g
2460990.61081,2025-11-11.1112121,bG,1.56,17.123,>17.123,99.990,0.367,0.103,g
2460990.61170,2025-11-11.1121134,bG,1.49,17.239,>17.239,99.990,0.136,0.092,g
2460991.41556,2025-11-11.9160039,bo,1.99,16.995,>16.995,99.990,0.340,0.116,g
2460991.41681,2025-11-11.9172430,bo,2.01,16.940,>16.940,99.990,-0.156,0.122,g
2460991.41804,2025-11-11.9184716,bo,2.01,17.141,>17.141,99.990,0.166,0.101,g
2460991.61277,2025-11-12.1132152,bk,1.63,17.158,>17.158,99.990,0.055,0.099,g
2460991.61365,2025-11-12.1141042,bk,1.62,17.402,>17.402,99.990,-0.071,0.079,g
2460991.61454,2025-11-12.1149916,bk,1.59,17.239,>17.239,99.990,0.255,0.092,g
2460992.55265,2025-11-13.0531339,bG,1.87,17.136,>17.136,99.990,0.113,0.102,g
2460992.55356,2025-11-13.0540489,bG,1.74,17.053,>17.053,99.990,0.212,0.110,g
2460992.55447,2025-11-13.0549574,bG,1.83,17.204,>17.204,99.990,-0.054,0.095,g
2460992.67839,2025-11-13.1788834,bk,1.5,17.054,>17.054,99.990,0.382,0.110,g
2460992.67928,2025-11-13.1797665,bk,1.57,17.167,>17.167,99.990,0.324,0.099,g
2460992.68017,2025-11-13.1806648,bk,1.46,17.189,>17.189,99.990,0.210,0.097,g
2460993.57224,2025-11-14.0727597,bk,1.59,17.182,>17.182,99.990,-0.024,0.097,g
2460993.57312,2025-11-14.0736452,bk,1.56,17.282,>17.282,99.990,0.349,0.089,g
2460993.57400,2025-11-14.0745207,bk,1.56,17.072,>17.072,99.990,0.104,0.108,g
2460994.58625,2025-11-15.0868223,bG,1.64,17.139,>17.139,99.990,0.270,0.101,g
2460994.58715,2025-11-15.0877129,bG,1.65,17.092,>17.092,99.990,0.146,0.106,g
2460994.58806,2025-11-15.0886217,bG,1.63,17.363,>17.363,99.990,0.301,0.082,g
2460994.68531,2025-11-15.1858802,bG,1.49,17.107,>17.107,99.990,0.078,0.104,g
2460994.68623,2025-11-15.1867958,bG,1.56,17.188,>17.188,99.990,0.070,0.097,g
2460994.68713,2025-11-15.1876988,bG,1.58,17.255,>17.255,99.990,-0.017,0.091,g
2460995.59355,2025-11-16.0941553,bG,1.48,17.249,>17.249,99.990,0.248,0.092,g
2460995.59445,2025-11-16.0950571,bG,1.46,17.111,>17.111,99.990,0.123,0.104,g
2460995.59537,2025-11-16.0959664,bG,1.49,17.124,>17.124,99.990,0.213,0.103,g
2460996.26945,2025-11-16.7700843,bo,2.3,16.738,>16.738,99.990,0.268,0.146,g
2460996.27073,2025-11-16.7713600,bo,2.29,16.658,>16.658,99.990,-0.081,0.158,g
2460996.27207,2025-11-16.7726954,bo,2.34,16.987,>16.987,99.990,-0.067,0.117,g
2460997.53088,2025-11-18.0315548,bk,2.03,99.990,99.990,99.990,99.990,99.990,g
2460998.26424,2025-11-18.7649429,bp,2.34,99.990,99.990,99.990,99.990,99.990,g
2460998.26548,2025-11-18.7661895,bp,2.3,99.990,99.990,99.990,99.990,99.990,g
2460998.51221,2025-11-19.0129261,bG,1.62,16.212,>16.212,99.990,-0.062,0.238,g
2460998.51311,2025-11-19.0138324,bG,1.63,16.506,>16.506,99.990,0.603,0.182,g
2460998.51403,2025-11-19.0147452,bG,1.44,16.502,>16.502,99.990,0.177,0.182,g
2460998.63436,2025-11-19.1350762,bG,1.54,17.182,>17.182,99.990,-0.056,0.097,g
2460998.63526,2025-11-19.1359766,bG,1.57,16.962,>16.962,99.990,0.249,0.119,g
2460998.63616,2025-11-19.1368840,bG,1.48,16.916,>16.916,99.990,0.039,0.124,g
2460998.76284,2025-11-19.2635664,bG,1.45,17.171,>17.171,99.990,0.094,0.098,g
2460998.76376,2025-11-19.2644917,bG,1.48,16.992,>16.992,99.990,0.166,0.116,g
2460998.76466,2025-11-19.2653892,bG,1.46,17.117,>17.117,99.990,0.401,0.103,g
2460999.66231,2025-11-20.1630670,bk,1.5,17.140,>17.140,99.990,-0.046,0.101,g
2460999.66319,2025-11-20.1639483,bk,1.49,17.184,>17.184,99.990,0.033,0.097,g
2460999.66406,2025-11-20.1648232,bk,1.49,17.372,>17.372,99.990,0.003,0.082,g
2461000.64126,2025-11-21.1420517,bG,1.51,17.045,>17.045,99.990,0.298,0.110,g
2461000.64216,2025-11-21.1429615,bG,1.51,17.023,>17.023,99.990,0.172,0.113,g
2461000.64308,2025-11-21.1438758,bG,1.54,17.158,>17.158,99.990,0.052,0.100,g
2461002.60936,2025-11-23.1102401,bG,1.5,17.161,>17.161,99.990,0.113,0.099,g
2461002.61027,2025-11-23.1111475,bG,1.45,17.160,>17.160,99.990,0.055,0.099,g
2461002.61118,2025-11-23.1120537,bG,1.41,17.294,>17.294,99.990,0.259,0.088,g
2461003.68415,2025-11-24.1850650,bG,1.47,17.257,>17.257,99.990,0.116,0.091,g
2461003.68505,2025-11-24.1859625,bG,1.45,17.195,>17.195,99.990,-0.149,0.096,g
2461003.68596,2025-11-24.1868753,bG,1.43,17.187,>17.187,99.990,-0.100,0.097,g
2461004.26352,2025-11-24.7644504,bo,1.69,15.903,>15.903,99.990,-1.743,0.316,g
2461004.26482,2025-11-24.7657509,bo,1.73,15.749,>15.749,99.990,-0.883,0.364,g
2461004.68320,2025-11-25.1841423,bG,1.43,17.136,>17.136,99.990,0.062,0.102,g
2461004.68411,2025-11-25.1850614,bG,1.47,17.211,>17.211,99.990,0.385,0.095,g
2461004.68501,2025-11-25.1859508,bG,1.42,17.289,>17.289,99.990,0.015,0.088,g
2461005.27009,2025-11-25.7710578,bo,1.59,16.133,>16.133,99.990,-0.536,0.256,g
2461005.70751,2025-11-26.2084979,bk,1.52,17.077,>17.077,99.990,0.436,0.107,g
2461005.70838,2025-11-26.2093696,bk,1.57,17.177,>17.177,99.990,-0.039,0.098,g
2461006.48721,2025-11-26.9882208,bo,1.49,99.990,99.990,99.990,99.990,99.990,g
2461006.48721,2025-11-26.9882210,bp,1.5,99.990,99.990,99.990,99.990,99.990,g
2461006.48845,2025-11-26.9894636,bo,1.51,99.990,99.990,99.990,99.990,99.990,g
2461006.63796,2025-11-27.1389813,bG,1.46,99.990,99.990,99.990,99.990,99.990,g
2461006.63888,2025-11-27.1398979,bG,1.42,99.990,99.990,99.990,99.990,99.990,g
2461006.69406,2025-11-27.1950917,bG,1.65,99.990,99.990,99.990,99.990,99.990,g
2461006.69497,2025-11-27.1959978,bG,1.7,17.227,>17.227,99.990,0.175,0.093,g
2461007.85218,2025-11-28.3532466,bH,1.57,99.990,99.990,99.990,99.990,99.990,g
2461007.85310,2025-11-28.3541626,bH,1.48,99.990,99.990,99.990,99.990,99.990,g
2461008.48376,2025-11-28.9848521,bp,1.53,99.990,99.990,99.990,99.990,99.990,g
2461008.65659,2025-11-29.1576763,bG,1.68,99.990,99.990,99.990,99.990,99.990,g
2461009.27087,2025-11-29.7719825,bo,2.14,15.658,>15.658,99.990,1.711,0.396,g
2461009.27213,2025-11-29.7732429,bo,2.13,15.855,>15.855,99.990,-0.957,0.331,g
2461009.27335,2025-11-29.7744637,bo,2.06,16.039,>16.039,99.990,-0.379,0.279,g
2461011.57048,2025-12-02.0716756,bG,1.43,16.429,>16.429,99.990,0.295,0.195,g
2461011.57140,2025-12-02.0725984,bG,1.42,16.432,>16.432,99.990,0.436,0.194,g
2461011.57230,2025-12-02.0734993,bG,1.43,16.396,>16.396,99.990,-0.099,0.201,g
2461013.29922,2025-12-03.8004696,bo,1.46,15.761,>15.761,99.990,0.057,0.360,g
2461013.30045,2025-12-03.8017068,bo,1.5,15.983,>15.983,99.990,0.377,0.294,g
2461013.30168,2025-12-03.8029378,bo,1.46,15.900,>15.900,99.990,0.688,0.317,g
2461016.68982,2025-12-07.1911869,bk,1.51,15.949,>15.949,99.990,-0.188,0.303,g
2461016.69070,2025-12-07.1920747,bk,1.53,16.008,>16.008,99.990,-0.132,0.287,g
2461016.69162,2025-12-07.1929875,bk,1.47,16.005,>16.005,99.990,0.398,0.288,g
2461017.55713,2025-12-08.0585236,bG,1.47,17.096,>17.096,99.990,0.200,0.105,g
2461017.55802,2025-12-08.0594206,bG,1.53,17.201,>17.201,99.990,0.043,0.096,g
2461017.55892,2025-12-08.0603173,bG,1.48,17.264,>17.264,99.990,-0.067,0.090,g
2461018.27885,2025-12-08.7802703,bp,1.76,99.990,99.990,99.990,99.990,99.990,g
2461018.56317,2025-12-09.0645974,bG,1.5,17.057,>17.057,99.990,0.243,0.109,g
2461018.56408,2025-12-09.0655085,bG,1.5,17.098,>17.098,99.990,0.084,0.105,g
2461018.56499,2025-12-09.0664228,bG,1.5,17.221,>17.221,99.990,-0.149,0.094,g
2461019.61087,2025-12-10.1123374,bk,1.54,17.087,>17.087,99.990,0.199,0.106,g
2461019.61175,2025-12-10.1132128,bk,1.59,17.182,>17.182,99.990,0.269,0.097,g
2461019.61266,2025-12-10.1141187,bk,1.56,17.326,>17.326,99.990,-0.064,0.085,g
2461020.56955,2025-12-11.0710427,bk,1.45,17.227,>17.227,99.990,0.151,0.093,g
2461020.57044,2025-12-11.0719295,bk,1.44,17.140,>17.140,99.990,0.247,0.101,g
2461020.57131,2025-12-11.0728011,bk,1.43,17.293,>17.293,99.990,0.247,0.088,g
2461021.61441,2025-12-12.1159311,bk,1.55,17.237,>17.237,99.990,-0.026,0.093,g
2461021.61529,2025-12-12.1168122,bk,1.51,17.103,>17.103,99.990,0.191,0.105,g
2461021.61617,2025-12-12.1176988,bk,1.52,17.093,>17.093,99.990,0.095,0.106,g
2461022.59572,2025-12-13.0972789,bG,1.48,17.237,>17.237,99.990,-0.006,0.092,g
2461022.59665,2025-12-13.0982016,bG,1.45,17.363,>17.363,99.990,-0.156,0.082,g
2461022.59755,2025-12-13.0991023,bG,1.44,17.242,>17.242,99.990,0.144,0.092,g
2461023.41099,2025-12-13.9125716,bo,1.46,17.038,>17.038,99.990,0.281,0.111,g
2461023.41222,2025-12-13.9138028,bo,1.46,16.931,>16.931,99.990,0.050,0.123,g
2461023.41345,2025-12-13.9150232,bo,1.42,17.041,>17.041,99.990,0.108,0.111,g
2461024.42646,2025-12-14.9280663,bo,1.57,16.993,>16.993,99.990,0.168,0.116,g
2461024.42768,2025-12-14.9292859,bo,1.66,16.985,>16.985,99.990,0.079,0.117,g
2461024.42892,2025-12-14.9305255,bo,1.6,16.936,>16.936,99.990,0.025,0.122,g
2461025.42800,2025-12-15.9296344,bo,1.57,16.990,>16.990,99.990,0.407,0.116,g
2461025.42923,2025-12-15.9308681,bo,1.54,16.892,>16.892,99.990,-0.035,0.127,g
2461025.43047,2025-12-15.9321018,bo,1.53,17.039,>17.039,99.990,-0.134,0.111,g
2461026.53637,2025-12-17.0380343,bG,1.44,17.164,>17.164,99.990,-0.119,0.099,g
2461026.53727,2025-12-17.0389324,bG,1.46,16.987,>16.987,99.990,-0.232,0.117,g
2461026.53818,2025-12-17.0398421,bG,1.42,17.018,>17.018,99.990,-0.048,0.113,g
2461027.55949,2025-12-18.0611880,bG,1.47,17.159,>17.159,99.990,0.097,0.099,g
2461027.56039,2025-12-18.0620790,bG,1.47,17.156,>17.156,99.990,0.063,0.100,g
2461027.56129,2025-12-18.0629778,bG,1.47,17.289,>17.289,99.990,0.111,0.088,g
2461027.66705,2025-12-18.1687474,bk,1.55,17.136,>17.136,99.990,0.026,0.102,g
2461027.66793,2025-12-18.1696225,bk,1.55,17.127,>17.127,99.990,0.141,0.102,g
2461027.66881,2025-12-18.1705049,bk,1.54,17.060,17.057,0.219,0.546,0.109,g
2461028.57600,2025-12-19.0777181,bG,1.46,17.324,>17.324,99.990,0.136,0.085,g
2461028.57692,2025-12-19.0786335,bG,1.45,17.239,>17.239,99.990,0.019,0.092,g
2461028.57781,2025-12-19.0795291,bG,1.49,17.117,>17.117,99.990,0.228,0.103,g
2461029.43215,2025-12-19.9338958,bo,1.52,16.999,>16.999,99.990,-0.144,0.115,g
2461029.43339,2025-12-19.9351434,bo,1.53,16.896,>16.896,99.990,-0.090,0.127,g
2461029.43464,2025-12-19.9363913,bo,1.55,16.898,>16.898,99.990,0.140,0.126,g
2461030.53234,2025-12-21.0341141,bG,1.64,16.562,>16.562,99.990,-0.058,0.172,g
2461030.53324,2025-12-21.0350203,bG,1.65,16.637,>16.637,99.990,0.106,0.161,g
2461030.53417,2025-12-21.0359395,bG,1.65,16.852,>16.852,99.990,-0.117,0.132,g
2461032.66084,2025-12-23.1626646,bG,1.47,17.116,>17.116,99.990,0.176,0.103,g
2461032.66175,2025-12-23.1635754,bG,1.45,99.990,99.990,99.990,99.990,99.990,g
2461032.66265,2025-12-23.1644782,bG,1.44,17.303,>17.303,99.990,0.058,0.087,g
2461033.54539,2025-12-24.0472420,bG,2.48,16.843,>16.843,99.990,-0.029,0.133,g
2461033.54629,2025-12-24.0481392,bG,2.42,17.004,>17.004,99.990,0.013,0.115,g
2461033.54721,2025-12-24.0490498,bG,2.43,16.868,>16.868,99.990,-0.015,0.130,g
2461033.66724,2025-12-24.1690886,bG,1.56,17.075,>17.075,99.990,-0.007,0.107,g
2461033.66814,2025-12-24.1699879,bG,1.59,17.007,>17.007,99.990,-0.030,0.114,g
2461033.66905,2025-12-24.1709019,bG,1.56,17.118,>17.118,99.990,0.027,0.103,g
2461034.59936,2025-12-25.1012314,bG,1.44,17.264,>17.264,99.990,0.111,0.090,g
2461034.60026,2025-12-25.1021328,bG,1.48,17.003,>17.003,99.990,0.010,0.115,g
2461034.60115,2025-12-25.1030273,bG,1.44,17.175,>17.175,99.990,-0.129,0.098,g
2461035.53380,2025-12-26.0356945,bG,1.55,16.411,>16.411,99.990,0.083,0.198,g
2461035.53471,2025-12-26.0365997,bG,1.53,16.420,>16.420,99.990,-0.002,0.196,g
2461035.53561,2025-12-26.0374988,bG,1.5,16.517,>16.517,99.990,0.416,0.180,g