HJD,UT Date,Camera,FWHM,Limit,mag,mag_err,flux(mJy),flux_err,Filter
2458818.91414,2019-12-01.4104043,bt,1.66,16.716,16.422,0.167,0.980,0.150,g
2458818.91535,2019-12-01.4116239,bt,1.61,16.756,16.539,0.179,0.880,0.144,g
2458818.91658,2019-12-01.4128420,bt,1.59,16.758,16.405,0.158,0.995,0.144,g
2458819.81979,2019-12-02.3160369,bt,1.50,17.343,16.362,0.089,1.036,0.084,g
2458819.82101,2019-12-02.3172561,bt,1.54,17.421,16.336,0.081,1.060,0.078,g
2458819.82222,2019-12-02.3184730,bt,1.53,17.366,16.357,0.086,1.040,0.082,g
2458820.90681,2019-12-03.4030429,bt,1.57,17.300,16.303,0.087,1.093,0.087,g
2458820.90804,2019-12-03.4042644,bt,1.55,17.220,16.341,0.097,1.056,0.094,g
2458820.90926,2019-12-03.4054848,bt,1.52,17.239,16.565,0.118,0.859,0.092,g
2458821.96299,2019-12-04.4592106,bD,1.45,17.557,16.508,0.083,0.905,0.069,g
2458825.00382,2019-12-07.4999916,bD,1.47,17.063,16.312,0.110,1.085,0.109,g
2458825.04694,2019-12-07.5431082,bD,1.45,17.527,16.481,0.084,0.928,0.071,g
2458825.97569,2019-12-08.4718503,bt,1.61,17.249,16.458,0.106,0.948,0.092,g
2458825.97689,2019-12-08.4730621,bt,1.62,17.153,16.726,0.148,0.740,0.100,g
2458825.97811,2019-12-08.4742804,bt,1.62,17.154,16.631,0.135,0.808,0.100,g
2458838.07799,2019-12-20.5741251,bD,1.53,16.243,16.005,0.176,1.438,0.231,g
2458838.07928,2019-12-20.5754092,bD,1.58,16.603,>16.603,99.990,0.573,0.166,g
2458838.08055,2019-12-20.5766829,bD,1.57,16.525,>16.525,99.990,0.576,0.178,g
2458840.71754,2019-12-23.2136891,bt,1.50,17.025,16.433,0.127,0.970,0.113,g
2458840.71875,2019-12-23.2148996,bt,1.51,16.962,16.361,0.126,1.037,0.119,g
2458840.71997,2019-12-23.2161217,bt,1.58,16.961,16.356,0.125,1.042,0.119,g
2458842.00075,2019-12-24.4969039,bD,1.46,17.564,16.419,0.076,0.983,0.069,g
2458842.00329,2019-12-24.4994488,bD,1.53,17.500,16.515,0.088,0.900,0.073,g
2458845.00325,2019-12-27.4994422,bD,1.60,17.585,16.718,0.098,0.747,0.067,g
2458845.00452,2019-12-27.5007172,bD,1.59,17.570,16.849,0.113,0.661,0.068,g
2458845.00580,2019-12-27.5019902,bD,1.59,17.670,16.649,0.085,0.795,0.062,g
2458847.84917,2019-12-30.3454011,bt,1.55,17.361,16.460,0.095,0.947,0.083,g
2458847.85038,2019-12-30.3466273,bt,1.65,17.245,16.274,0.089,1.124,0.092,g
2458847.85162,2019-12-30.3478591,bt,1.65,17.366,16.368,0.087,1.029,0.082,g
2458848.81866,2019-12-31.3149229,bD,2.26,17.076,15.896,0.074,1.591,0.108,g
2458848.81995,2019-12-31.3162020,bD,2.36,17.142,15.793,0.063,1.749,0.102,g
2458848.82123,2019-12-31.3174844,bD,2.35,17.031,15.951,0.081,1.512,0.112,g
2458849.85060,2020-01-01.3468675,bt,1.54,17.350,16.456,0.096,0.950,0.083,g
2458849.85184,2020-01-01.3481158,bt,1.51,17.308,16.412,0.096,0.989,0.087,g
2458849.85306,2020-01-01.3493318,bt,1.51,17.360,16.413,0.091,0.988,0.083,g
2458850.83936,2020-01-02.3356483,bt,1.65,17.314,16.372,0.092,1.025,0.086,g
2458850.84057,2020-01-02.3368601,bt,1.74,17.175,16.426,0.110,0.976,0.098,g
2458850.84179,2020-01-02.3380834,bt,1.59,17.064,16.464,0.126,0.943,0.109,g
2458853.81008,2020-01-05.3064244,bt,1.53,16.965,16.632,0.161,0.808,0.119,g
2458853.81130,2020-01-05.3076483,bt,1.58,16.953,16.328,0.123,1.069,0.120,g
2458853.81251,2020-01-05.3088680,bt,1.58,16.984,16.683,0.166,0.771,0.117,g
2458854.77703,2020-01-06.2734043,bt,1.46,16.578,>16.578,99.990,0.807,0.170,g
2458854.77826,2020-01-06.2746334,bt,1.47,16.744,16.708,0.212,0.753,0.146,g
2458856.84385,2020-01-08.3402870,bt,1.49,16.299,>16.299,99.990,0.745,0.219,g
2458856.84508,2020-01-08.3415079,bt,1.50,16.230,>16.230,99.990,0.690,0.234,g
2458856.84630,2020-01-08.3427266,bt,1.56,16.318,16.143,0.187,1.267,0.216,g
2458857.93435,2020-01-09.4308129,bD,2.15,16.120,15.838,0.169,1.678,0.259,g
2458857.93564,2020-01-09.4320974,bD,2.37,16.067,>16.067,99.990,1.015,0.272,g
2458857.93691,2020-01-09.4333747,bD,2.34,15.961,>15.961,99.990,1.416,0.300,g
2458858.86978,2020-01-10.3662656,bt,1.58,15.877,>15.877,99.990,0.743,0.324,g
2458858.87100,2020-01-10.3674848,bt,1.50,15.862,>15.862,99.990,0.481,0.328,g
2458858.87222,2020-01-10.3687070,bt,1.61,15.693,>15.693,99.990,0.151,0.384,g
2458861.59848,2020-01-13.0950479,bt,1.48,17.341,16.437,0.095,0.966,0.084,g
2458861.59970,2020-01-13.0962680,bt,1.49,17.381,16.540,0.101,0.879,0.081,g
2458861.60093,2020-01-13.0974937,bt,1.52,17.282,16.390,0.096,1.009,0.089,g
2458866.60775,2020-01-18.1044936,bt,1.58,17.376,16.424,0.091,0.979,0.082,g
2458866.60896,2020-01-18.1057092,bt,1.60,17.271,16.580,0.116,0.847,0.090,g
2458866.61018,2020-01-18.1069215,bt,1.54,17.370,16.508,0.099,0.905,0.082,g
2458903.84636,2020-02-24.3450568,bD,1.50,17.555,16.837,0.113,0.669,0.069,g
2458903.84762,2020-02-24.3463290,bD,1.43,17.502,16.446,0.083,0.959,0.073,g
2458903.84889,2020-02-24.3475944,bD,1.47,17.514,16.788,0.112,0.699,0.072,g
2458904.76968,2020-02-25.2684393,bt,1.78,17.278,16.321,0.091,1.076,0.089,g
2458904.77091,2020-02-25.2696658,bt,1.70,17.129,16.419,0.114,0.983,0.102,g
2458904.77213,2020-02-25.2708891,bt,1.67,17.070,16.521,0.132,0.895,0.108,g
2458905.62493,2020-02-26.1237435,bt,1.53,17.298,16.321,0.089,1.076,0.088,g
2458905.62615,2020-02-26.1249643,bt,1.52,17.365,16.488,0.098,0.923,0.082,g
2458905.62737,2020-02-26.1261784,bt,1.53,17.290,16.474,0.103,0.934,0.088,g
2458906.67946,2020-02-27.1783436,bt,1.46,17.271,16.518,0.109,0.897,0.090,g
2458906.68068,2020-02-27.1795590,bt,1.48,17.296,16.566,0.112,0.858,0.088,g
2458906.68190,2020-02-27.1807809,bt,1.50,17.293,16.474,0.103,0.935,0.088,g
2458907.71598,2020-02-28.2149246,bt,1.50,15.891,>15.891,99.990,0.465,0.320,g
2458907.71720,2020-02-28.2161467,bt,1.49,15.889,>15.889,99.990,0.821,0.320,g
2458907.71841,2020-02-28.2173626,bt,1.51,15.113,>15.113,99.990,1.488,0.655,g
2458911.83561,2020-03-03.3348324,bD,1.47,16.826,16.759,0.206,0.719,0.135,g
2458911.83688,2020-03-03.3361049,bD,1.49,16.877,16.736,0.193,0.734,0.129,g
2458911.83816,2020-03-03.3373821,bD,1.41,17.100,16.387,0.114,1.012,0.105,g
2458914.63051,2020-03-06.1299167,bt,1.48,14.965,>14.965,99.990,2.801,0.750,g
2458914.63172,2020-03-06.1311315,bt,1.48,15.048,>15.048,99.990,0.789,0.695,g
2458914.63294,2020-03-06.1323488,bt,1.45,14.854,>14.854,99.990,0.651,0.831,g
2458918.81353,2020-03-10.3132250,bD,1.57,16.192,>16.192,99.990,0.954,0.242,g
2458918.81482,2020-03-10.3145105,bD,1.50,16.181,>16.181,99.990,0.497,0.245,g
2458919.79422,2020-03-11.2939754,bD,1.44,16.473,>16.473,99.990,0.785,0.187,g
2458919.79680,2020-03-11.2965658,bD,1.50,16.563,16.494,0.206,0.917,0.172,g
2458920.68137,2020-03-12.1811839,bt,2.36,16.132,15.842,0.168,1.672,0.256,g
2458920.68258,2020-03-12.1824033,bt,2.00,16.368,16.262,0.199,1.135,0.206,g
2458920.68380,2020-03-12.1836214,bt,1.98,16.453,>16.453,99.990,0.703,0.191,g
2458922.82558,2020-03-14.3255479,bD,1.56,15.413,>15.413,99.990,0.317,0.496,g
2458922.82686,2020-03-14.3268333,bD,1.61,16.956,16.521,0.147,0.895,0.120,g
2458922.82815,2020-03-14.3281214,bD,1.64,16.748,16.702,0.210,0.757,0.145,g
2458929.77587,2020-03-21.2763090,bD,1.42,17.536,16.685,0.100,0.769,0.070,g
2458929.77715,2020-03-21.2775952,bD,1.48,17.575,16.541,0.084,0.879,0.068,g
2458929.77844,2020-03-21.2788851,bD,1.45,17.435,16.734,0.115,0.735,0.077,g
2458941.73619,2020-04-02.2374194,bD,1.51,16.712,16.376,0.161,1.022,0.150,g
2458941.73747,2020-04-02.2387078,bD,1.52,16.838,16.519,0.163,0.896,0.134,g
2458941.73876,2020-04-02.2399967,bD,1.46,16.936,16.504,0.147,0.909,0.122,g
2458958.61921,2020-04-19.1214732,bt,1.65,16.846,16.369,0.141,1.030,0.133,g
2458958.62042,2020-04-19.1226949,bt,1.60,17.019,16.484,0.134,0.926,0.113,g
2458958.62165,2020-04-19.1239229,bt,1.58,16.912,16.633,0.169,0.807,0.125,g
2458961.61696,2020-04-22.1193946,bt,1.54,17.130,16.490,0.121,0.921,0.102,g
2458961.61819,2020-04-22.1206216,bt,1.47,17.073,16.219,0.100,1.182,0.108,g
2458961.61941,2020-04-22.1218347,bt,1.50,17.128,16.561,0.130,0.863,0.102,g
2458963.61908,2020-04-24.1216146,bt,2.33,99.990,99.990,99.990,99.990,99.990,g
2458963.62031,2020-04-24.1228401,bt,2.30,99.990,99.990,99.990,99.990,99.990,g
2458965.61145,2020-04-26.1140912,bt,2.15,16.688,16.087,0.126,1.335,0.154,g
2458965.61266,2020-04-26.1153026,bt,2.13,16.784,16.001,0.106,1.445,0.141,g
2458965.61388,2020-04-26.1165185,bt,2.15,16.786,16.236,0.132,1.163,0.140,g
2458967.60125,2020-04-28.1039888,bt,2.47,99.990,99.990,99.990,99.990,99.990,g
2458967.60248,2020-04-28.1052165,bt,2.46,99.990,99.990,99.990,99.990,99.990,g
2458968.60551,2020-04-29.1082973,bt,2.05,15.748,15.649,0.200,1.997,0.365,g
2459059.12517,2020-07-28.6281784,bD,1.51,16.079,15.863,0.180,1.640,0.269,g
2459059.12646,2020-07-28.6294707,bD,1.62,15.946,>15.946,99.990,0.887,0.304,g
2459060.12496,2020-07-29.6279175,bD,1.56,16.159,>16.159,99.990,0.603,0.250,g
2459060.12624,2020-07-29.6292049,bD,1.48,16.151,16.124,0.214,1.289,0.252,g
2459061.12061,2020-07-30.6235251,bD,1.49,16.833,16.697,0.194,0.761,0.134,g
2459061.12189,2020-07-30.6248101,bD,1.48,16.754,16.592,0.189,0.838,0.144,g
2459061.12321,2020-07-30.6261292,bD,1.45,16.406,16.268,0.193,1.129,0.199,g
2459063.11597,2020-08-01.6187922,bD,1.47,17.149,16.480,0.118,0.929,0.100,g
2459063.11724,2020-08-01.6200686,bD,1.45,17.069,16.652,0.149,0.793,0.108,g
2459063.11852,2020-08-01.6213436,bD,1.46,17.130,16.422,0.114,0.981,0.102,g
2459065.96553,2020-08-04.4682232,bt,1.55,15.680,>15.680,99.990,0.498,0.388,g
2459065.96675,2020-08-04.4694421,bt,1.57,15.403,>15.403,99.990,0.317,0.501,g
2459065.96797,2020-08-04.4706570,bt,1.54,15.515,>15.515,99.990,-0.693,0.452,g
2459067.96051,2020-08-06.4631006,bt,1.50,16.244,>16.244,99.990,0.650,0.231,g
2459067.96172,2020-08-06.4643149,bt,1.51,15.968,>15.968,99.990,0.487,0.298,g
2459067.96294,2020-08-06.4655312,bt,1.50,16.054,>16.054,99.990,-0.069,0.275,g
2459069.95554,2020-08-08.4580248,bt,1.51,16.388,>16.388,99.990,0.436,0.202,g
2459069.95675,2020-08-08.4592420,bt,1.47,16.415,>16.415,99.990,0.629,0.197,g
2459069.95798,2020-08-08.4604625,bt,1.48,16.492,16.276,0.180,1.121,0.184,g
2459071.96167,2020-08-10.4640422,bt,1.49,16.620,15.960,0.119,1.499,0.163,g
2459071.96289,2020-08-10.4652585,bt,1.50,16.620,>16.620,99.990,0.804,0.163,g
2459071.96410,2020-08-10.4664725,bt,1.51,16.402,16.110,0.167,1.306,0.200,g
2459079.07881,2020-08-17.5807864,bD,1.47,17.579,16.561,0.086,0.862,0.068,g
2459079.08005,2020-08-17.5820304,bD,1.47,17.486,16.394,0.080,1.005,0.074,g
2459079.08129,2020-08-17.5832710,bD,1.51,17.537,16.367,0.074,1.031,0.070,g
2459084.06124,2020-08-22.5629245,bD,1.49,17.452,16.540,0.094,0.879,0.076,g
2459084.06249,2020-08-22.5641618,bD,1.51,17.381,16.483,0.096,0.926,0.081,g
2459084.06373,2020-08-22.5654024,bD,1.49,17.441,16.485,0.091,0.924,0.077,g
2459086.07674,2020-08-24.5782910,bD,1.76,16.395,16.298,0.200,1.099,0.201,g
2459086.07798,2020-08-24.5795280,bD,1.71,16.966,>16.966,99.990,0.580,0.119,g
2459086.07922,2020-08-24.5807707,bD,1.77,16.901,>16.901,99.990,0.547,0.126,g
2459089.06726,2020-08-27.5686201,bD,1.47,17.648,16.705,0.092,0.756,0.063,g
2459089.06850,2020-08-27.5698605,bD,1.48,17.519,16.597,0.094,0.833,0.071,g
2459089.06974,2020-08-27.5711025,bD,1.48,17.393,16.802,0.127,0.690,0.080,g
2459091.06252,2020-08-29.5637512,bD,1.48,17.517,16.477,0.084,0.932,0.072,g
2459091.06376,2020-08-29.5649943,bD,1.51,17.420,16.356,0.082,1.041,0.078,g
2459091.06500,2020-08-29.5662385,bD,1.47,17.424,16.617,0.104,0.819,0.078,g
2459094.03327,2020-09-01.5343133,bD,1.52,16.089,>16.089,99.990,0.688,0.266,g
2459094.03451,2020-09-01.5355472,bD,1.49,16.197,>16.197,99.990,0.556,0.241,g
2459094.03574,2020-09-01.5367877,bD,1.50,16.224,16.208,0.216,1.193,0.235,g
2459095.05267,2020-09-02.5536504,bD,1.54,16.224,16.201,0.215,1.201,0.235,g
2459095.05393,2020-09-02.5548991,bD,1.52,16.016,>16.016,99.990,1.007,0.285,g
2459095.05516,2020-09-02.5561353,bD,1.58,16.138,>16.138,99.990,0.958,0.255,g
2459096.03146,2020-09-03.5323653,bD,1.58,16.389,>16.389,99.990,0.686,0.202,g
2459096.03270,2020-09-03.5336127,bD,1.51,16.437,>16.437,99.990,0.366,0.193,g
2459096.03394,2020-09-03.5348533,bD,1.48,16.300,>16.300,99.990,0.655,0.219,g
2459098.02670,2020-09-05.5274770,bD,1.49,16.333,>16.333,99.990,0.716,0.213,g
2459098.02794,2020-09-05.5287196,bD,1.48,16.309,>16.309,99.990,0.769,0.218,g
2459098.02918,2020-09-05.5299604,bD,1.43,16.045,>16.045,99.990,0.710,0.277,g
2459102.03029,2020-09-09.5308030,bD,1.50,16.938,16.328,0.125,1.068,0.122,g
2459102.03153,2020-09-09.5320424,bD,1.45,17.054,16.418,0.122,0.984,0.110,g
2459102.03277,2020-09-09.5332806,bD,1.44,17.116,16.561,0.132,0.862,0.104,g
2459105.05626,2020-09-12.5565651,bD,1.49,17.380,16.764,0.124,0.716,0.081,g
2459105.05749,2020-09-12.5578057,bD,1.46,17.280,16.710,0.130,0.752,0.089,g
2459105.05873,2020-09-12.5590450,bD,1.47,17.382,16.548,0.102,0.872,0.081,g
2459109.01260,2020-09-16.5126449,bD,1.48,17.459,16.424,0.084,0.978,0.076,g
2459109.01384,2020-09-16.5138831,bD,1.43,17.468,16.600,0.098,0.832,0.075,g
2459109.01507,2020-09-16.5151210,bD,1.47,17.508,16.440,0.082,0.964,0.072,g
2459111.99992,2020-09-19.4997571,bD,1.60,16.582,>16.582,99.990,0.771,0.169,g
2459112.00115,2020-09-19.5009898,bD,1.53,16.208,>16.208,99.990,0.409,0.239,g
2459112.00239,2020-09-19.5022303,bD,1.49,15.733,>15.733,99.990,0.559,0.370,g
2459113.01156,2020-09-20.5113340,bD,1.49,16.311,>16.311,99.990,0.852,0.217,g
2459113.01279,2020-09-20.5125652,bD,1.57,16.712,>16.712,99.990,0.744,0.150,g
2459113.01403,2020-09-20.5138094,bD,1.53,16.502,16.407,0.201,0.994,0.182,g
2459113.98576,2020-09-21.4854623,bD,1.54,16.898,16.347,0.132,1.049,0.127,g
2459113.98700,2020-09-21.4867090,bD,1.51,17.228,16.444,0.106,0.960,0.093,g
2459113.98824,2020-09-21.4879509,bD,1.53,17.582,16.681,0.095,0.772,0.067,g
2459117.98478,2020-09-25.4842207,bD,1.63,17.446,16.383,0.082,1.016,0.076,g
2459117.98602,2020-09-25.4854611,bD,1.55,17.424,16.533,0.096,0.885,0.078,g
2459117.98726,2020-09-25.4867039,bD,1.58,17.471,16.324,0.076,1.073,0.075,g
2459121.04476,2020-09-28.5440013,bD,1.46,16.867,16.482,0.154,0.927,0.130,g
2459121.04600,2020-09-28.5452454,bD,1.52,16.899,16.551,0.159,0.870,0.126,g
2459121.04724,2020-09-28.5464873,bD,1.44,17.008,16.438,0.130,0.965,0.114,g
2459123.95394,2020-10-01.4529778,bD,1.48,16.115,>16.115,99.990,0.610,0.260,g
2459123.95518,2020-10-01.4542219,bD,1.43,16.066,>16.066,99.990,0.480,0.272,g
2459123.95642,2020-10-01.4554662,bD,1.49,16.124,>16.124,99.990,0.794,0.258,g
2459125.96983,2020-10-03.4687465,bD,1.60,16.233,>16.233,99.990,0.984,0.233,g
2459125.97109,2020-10-03.4699997,bD,1.67,16.240,>16.240,99.990,0.757,0.232,g
2459125.97233,2020-10-03.4712413,bD,1.57,16.369,16.321,0.210,1.075,0.206,g
2459127.95975,2020-10-05.4585372,bD,1.61,16.243,>16.243,99.990,0.601,0.231,g
2459127.96099,2020-10-05.4597769,bD,1.70,16.368,>16.368,99.990,0.752,0.206,g
2459127.96223,2020-10-05.4610164,bD,1.68,16.305,>16.305,99.990,0.970,0.218,g
2459132.05000,2020-10-09.5485296,bD,1.48,17.053,16.446,0.125,0.958,0.110,g
2459132.05124,2020-10-09.5497666,bD,1.45,17.048,16.471,0.129,0.937,0.110,g
2459132.05248,2020-10-09.5510094,bD,1.55,17.049,16.715,0.161,0.748,0.110,g
2459134.12667,2020-10-11.6250680,bD,1.49,17.349,16.680,0.118,0.773,0.083,g
2459134.12791,2020-10-11.6263030,bD,1.45,17.287,16.512,0.107,0.902,0.088,g
2459134.12914,2020-10-11.6275437,bD,1.46,17.339,16.865,0.142,0.652,0.084,g
2459135.94206,2020-10-13.4403417,bt,1.49,15.361,>15.361,99.990,-0.801,0.521,g
2459135.94327,2020-10-13.4415587,bt,1.45,15.346,>15.346,99.990,2.409,0.528,g
2459135.94449,2020-10-13.4427773,bt,1.47,15.241,>15.241,99.990,1.356,0.582,g
2459137.94128,2020-10-15.4394420,bD,2.08,17.376,16.471,0.095,0.937,0.081,g
2459137.94252,2020-10-15.4406804,bD,2.09,17.500,16.328,0.074,1.069,0.073,g
2459137.94376,2020-10-15.4419277,bD,2.09,17.464,16.475,0.088,0.933,0.075,g
2459139.85250,2020-10-17.3505493,bt,1.54,17.284,16.369,0.094,1.029,0.089,g
2459139.85370,2020-10-17.3517549,bt,1.58,17.250,16.208,0.084,1.194,0.092,g
2459139.85492,2020-10-17.3529719,bt,1.64,17.291,16.316,0.089,1.080,0.088,g
2459139.96295,2020-10-17.4609902,bt,1.53,17.277,16.539,0.111,0.880,0.089,g
2459139.96416,2020-10-17.4622120,bt,1.56,17.327,16.790,0.134,0.698,0.085,g
2459139.96539,2020-10-17.4634385,bt,1.56,17.438,16.542,0.096,0.877,0.077,g
2459143.05618,2020-10-20.5540508,bD,1.45,17.414,16.201,0.072,1.201,0.079,g
2459143.05743,2020-10-20.5552996,bD,1.46,17.458,16.618,0.101,0.818,0.076,g
2459143.05868,2020-10-20.5565473,bD,1.46,17.428,16.364,0.082,1.034,0.078,g
2459145.87190,2020-10-23.3696144,bt,1.59,17.320,16.454,0.099,0.952,0.086,g
2459145.87311,2020-10-23.3708263,bt,1.57,17.234,16.253,0.089,1.145,0.093,g
2459145.87433,2020-10-23.3720445,bt,1.54,17.280,16.420,0.099,0.982,0.089,g
2459147.77344,2020-10-25.2710474,bt,1.53,16.512,16.503,0.217,0.910,0.180,g
2459147.77466,2020-10-25.2722693,bt,1.46,16.474,16.402,0.205,0.998,0.187,g
2459156.05733,2020-11-02.5545276,bD,1.61,15.708,>15.708,99.990,0.896,0.378,g
2459156.05857,2020-11-02.5557723,bD,1.51,15.860,>15.860,99.990,1.578,0.329,g
2459156.05982,2020-11-02.5570164,bD,1.58,15.913,>15.913,99.990,1.008,0.313,g
2459158.88006,2020-11-05.3771185,bt,1.52,16.413,16.380,0.213,1.019,0.198,g
2459158.88127,2020-11-05.3783325,bt,1.47,16.463,>16.463,99.990,0.736,0.189,g
2459158.88249,2020-11-05.3795519,bt,1.50,16.548,16.147,0.152,1.263,0.175,g
2459159.90280,2020-11-06.3998253,bt,1.51,16.713,16.680,0.213,0.773,0.150,g
2459159.90403,2020-11-06.4010530,bt,1.45,16.900,16.567,0.162,0.857,0.126,g
2459159.90524,2020-11-06.4022711,bt,1.49,16.749,16.622,0.195,0.815,0.145,g
2459162.94814,2020-11-09.4450439,bt,1.50,14.620,>14.620,99.990,0.721,1.031,g
2459162.94936,2020-11-09.4462601,bt,1.48,14.706,>14.706,99.990,3.902,0.952,g
2459162.95058,2020-11-09.4474761,bt,1.47,13.968,>13.968,99.990,-0.538,1.878,g
2459164.87806,2020-11-11.3748784,bt,1.50,17.332,16.519,0.103,0.897,0.085,g
2459164.87929,2020-11-11.3761038,bt,1.52,17.340,16.456,0.097,0.950,0.084,g
2459164.88051,2020-11-11.3773326,bt,1.50,17.362,16.588,0.107,0.841,0.083,g
2459167.87182,2020-11-14.3685282,bD,1.61,17.332,16.381,0.091,1.017,0.085,g
2459167.87307,2020-11-14.3697733,bD,1.49,17.507,16.449,0.083,0.956,0.072,g
2459167.87431,2020-11-14.3710151,bD,1.59,17.393,16.420,0.089,0.982,0.080,g
2459172.83336,2020-11-19.3298997,bD,1.67,17.471,16.511,0.090,0.902,0.075,g
2459172.83460,2020-11-19.3311415,bD,1.74,17.406,16.547,0.099,0.873,0.079,g
2459173.83717,2020-11-20.3336743,bD,1.51,17.377,16.567,0.104,0.857,0.081,g
2459173.83841,2020-11-20.3349125,bD,1.50,17.453,16.494,0.090,0.918,0.076,g
2459173.83965,2020-11-20.3361541,bD,1.60,17.371,16.321,0.083,1.076,0.082,g
2459173.89800,2020-11-20.3945096,bD,2.12,17.424,16.388,0.084,1.011,0.078,g
2459173.89924,2020-11-20.3957511,bD,1.98,17.451,16.375,0.081,1.024,0.076,g
2459173.90049,2020-11-20.3970026,bD,1.96,17.401,16.569,0.102,0.856,0.080,g
2459179.06051,2020-11-25.5568822,bD,1.55,16.214,>16.214,99.990,1.055,0.237,g
2459179.06175,2020-11-25.5581240,bD,1.59,16.591,16.574,0.216,0.852,0.168,g
2459179.06299,2020-11-25.5593657,bD,1.55,16.883,16.393,0.140,1.006,0.128,g
2459179.97433,2020-11-26.4706774,bD,1.44,16.791,16.305,0.140,1.091,0.140,g
2459179.97558,2020-11-26.4719203,bD,1.41,16.837,>16.837,99.990,0.643,0.134,g
2459179.97682,2020-11-26.4731630,bD,1.46,16.816,16.335,0.141,1.062,0.136,g
2459182.03464,2020-11-28.5309398,bD,1.61,16.514,>16.514,99.990,0.679,0.180,g
2459182.03588,2020-11-28.5321815,bD,1.64,16.423,16.372,0.209,1.026,0.196,g
2459182.03712,2020-11-28.5334233,bD,1.64,16.576,16.435,0.193,0.968,0.170,g
2459186.04491,2020-12-02.5411510,bD,1.50,16.329,>16.329,99.990,0.998,0.214,g
2459186.04615,2020-12-02.5423928,bD,1.54,16.486,>16.486,99.990,0.584,0.185,g
2459186.04741,2020-12-02.5436359,bD,1.48,16.305,15.530,0.107,2.230,0.219,g
2459186.08308,2020-12-02.5793193,bD,1.47,16.314,>16.314,99.990,0.432,0.217,g
2459186.08434,2020-12-02.5805668,bD,1.54,16.425,16.346,0.204,1.051,0.196,g
2459186.08558,2020-12-02.5818098,bD,1.52,16.364,15.601,0.109,2.086,0.207,g
2459187.78719,2020-12-04.2834008,bD,1.45,17.344,16.365,0.089,1.033,0.084,g
2459187.78845,2020-12-04.2846504,bD,1.45,17.232,16.947,0.169,0.604,0.093,g
2459187.78969,2020-12-04.2858968,bD,1.50,17.286,16.675,0.125,0.776,0.089,g
2459187.87905,2020-12-04.3752513,bt,1.46,16.285,>16.285,99.990,1.039,0.223,g
2459187.88027,2020-12-04.3764694,bt,1.50,16.442,16.382,0.208,1.017,0.193,g
2459187.88149,2020-12-04.3776890,bt,1.47,16.260,>16.260,99.990,0.711,0.227,g
2459189.84791,2020-12-06.3440821,bD,1.46,17.528,16.555,0.089,0.866,0.071,g
2459189.84915,2020-12-06.3453275,bD,1.46,17.432,16.480,0.091,0.929,0.077,g
2459189.85039,2020-12-06.3465679,bD,1.46,17.504,16.677,0.102,0.775,0.072,g
2459191.92099,2020-12-08.4171405,bt,1.55,16.990,16.456,0.134,0.949,0.116,g
2459191.92223,2020-12-08.4183798,bt,1.53,17.093,16.481,0.125,0.928,0.106,g
2459191.92345,2020-12-08.4195982,bt,1.51,17.047,16.448,0.126,0.957,0.110,g
2459192.87702,2020-12-09.3731642,bt,1.50,17.176,16.505,0.118,0.907,0.098,g
2459192.87824,2020-12-09.3743886,bt,1.46,17.182,17.058,0.196,0.546,0.097,g
2459192.87946,2020-12-09.3756049,bt,1.48,17.077,16.300,0.107,1.097,0.107,g
2459193.79220,2020-12-10.2883412,bt,1.49,17.246,16.426,0.103,0.977,0.092,g
2459193.79343,2020-12-10.2895749,bt,1.46,99.990,99.990,99.990,99.990,99.990,g
2459193.79465,2020-12-10.2907946,bt,1.49,99.990,99.990,99.990,99.990,99.990,g
2459193.91712,2020-12-10.4132612,bt,1.44,17.199,16.501,0.115,0.912,0.096,g
2459193.91834,2020-12-10.4144935,bt,1.47,17.320,16.525,0.105,0.892,0.086,g
2459193.91957,2020-12-10.4157178,bt,1.46,17.290,16.530,0.109,0.887,0.088,g
2459195.79366,2020-12-12.2897839,bt,1.55,17.237,16.490,0.110,0.920,0.093,g
2459195.79488,2020-12-12.2910090,bt,1.49,17.276,16.394,0.097,1.005,0.089,g
2459195.79610,2020-12-12.2922262,bt,1.54,17.222,16.460,0.109,0.946,0.094,g
2459195.79732,2020-12-12.2934424,bt,1.52,17.351,16.649,0.115,0.795,0.083,g
2459195.79853,2020-12-12.2946609,bt,1.50,17.252,16.528,0.112,0.889,0.091,g
2459195.79976,2020-12-12.2958899,bt,1.48,17.286,16.417,0.098,0.985,0.089,g
2459198.83894,2020-12-15.3350724,bD,1.49,17.269,16.406,0.099,0.994,0.090,g
2459198.84019,2020-12-15.3363075,bD,1.46,17.527,16.381,0.076,1.017,0.071,g
2459198.84143,2020-12-15.3375515,bD,1.41,17.405,16.289,0.078,1.107,0.079,g
2459198.86555,2020-12-15.3616819,bD,1.50,17.231,16.554,0.117,0.868,0.093,g
2459198.86680,2020-12-15.3629263,bD,1.44,17.155,16.576,0.128,0.851,0.100,g
2459198.86805,2020-12-15.3641682,bD,1.43,17.204,16.636,0.130,0.805,0.095,g
2459203.91979,2020-12-20.4159244,bt,1.60,17.306,16.413,0.096,0.988,0.087,g
2459203.92104,2020-12-20.4171776,bt,1.62,17.280,16.444,0.101,0.961,0.089,g
2459203.92228,2020-12-20.4184134,bt,1.60,17.250,16.520,0.112,0.896,0.091,g
2459203.94658,2020-12-20.4427075,bt,1.60,17.300,16.614,0.116,0.821,0.087,g
2459203.94781,2020-12-20.4439401,bt,1.56,17.207,16.542,0.119,0.878,0.095,g
2459203.94904,2020-12-20.4451737,bt,1.53,17.211,16.360,0.100,1.037,0.095,g
2459205.89892,2020-12-22.3950662,bt,1.61,17.280,16.556,0.112,0.866,0.089,g
2459205.90015,2020-12-22.3962965,bt,1.53,17.254,16.409,0.100,0.992,0.091,g
2459205.90137,2020-12-22.3975146,bt,1.57,17.247,16.324,0.094,1.072,0.092,g
2459207.86569,2020-12-24.3618478,bD,1.50,16.800,16.639,0.189,0.802,0.138,g
2459207.86694,2020-12-24.3631064,bD,1.50,16.871,16.482,0.153,0.928,0.130,g
2459207.86818,2020-12-24.3643469,bD,1.47,16.987,16.643,0.160,0.800,0.116,g
2459208.92227,2020-12-25.4184517,bt,1.53,17.289,16.556,0.111,0.867,0.088,g
2459208.92350,2020-12-25.4196737,bt,1.54,17.154,16.222,0.093,1.178,0.100,g
2459208.92475,2020-12-25.4209239,bt,1.59,17.194,16.451,0.110,0.954,0.096,g
2459210.71532,2020-12-27.2115128,bt,1.69,16.394,>16.394,99.990,0.715,0.201,g
2459210.71653,2020-12-27.2127295,bt,1.58,16.337,16.220,0.197,1.181,0.212,g
2459210.71776,2020-12-27.2139563,bt,1.57,16.362,>16.362,99.990,0.438,0.207,g
2459213.90131,2020-12-30.3975581,bD,1.61,16.206,>16.206,99.990,0.452,0.239,g
2459213.90256,2020-12-30.3988013,bD,1.59,16.083,>16.083,99.990,1.069,0.268,g
2459213.90381,2020-12-30.4000549,bD,1.59,16.203,>16.203,99.990,1.160,0.240,g
2459214.93338,2020-12-31.4296518,bD,2.11,16.330,16.276,0.209,1.121,0.213,g
2459214.93463,2020-12-31.4308993,bD,2.02,16.150,>16.150,99.990,1.037,0.252,g
2459214.93589,2020-12-31.4321554,bD,2.28,15.908,>15.908,99.990,0.470,0.315,g
2459216.97399,2021-01-02.4702934,bD,1.66,16.451,>16.451,99.990,0.885,0.191,g
2459216.97523,2021-01-02.4715342,bD,1.67,16.542,16.138,0.151,1.273,0.176,g
2459216.97647,2021-01-02.4727745,bD,1.57,16.427,16.197,0.177,1.206,0.195,g
2459219.94197,2021-01-05.4383451,bD,1.49,17.189,16.425,0.109,0.977,0.097,g
2459219.94321,2021-01-05.4395880,bD,1.53,17.037,16.423,0.124,0.979,0.111,g
2459219.94445,2021-01-05.4408261,bD,1.46,17.106,16.333,0.107,1.064,0.104,g
2459219.96086,2021-01-05.4572309,bD,1.47,17.058,16.339,0.113,1.058,0.109,g
2459219.96210,2021-01-05.4584753,bD,1.45,17.197,16.647,0.132,0.797,0.096,g
2459219.96335,2021-01-05.4597171,bD,1.42,17.010,16.269,0.111,1.128,0.114,g
2459221.87126,2021-01-07.3676766,bD,1.50,17.469,16.418,0.083,0.983,0.075,g
2459221.87250,2021-01-07.3689204,bD,1.43,17.488,16.737,0.110,0.734,0.073,g
2459221.87374,2021-01-07.3701576,bD,1.48,17.478,16.404,0.081,0.996,0.074,g
2459222.82540,2021-01-08.3218576,bt,1.56,17.170,16.381,0.106,1.018,0.099,g
2459222.82663,2021-01-08.3230793,bt,1.52,17.251,16.874,0.155,0.646,0.091,g
2459222.82785,2021-01-08.3242987,bt,1.55,17.206,16.471,0.111,0.936,0.095,g
2459223.78951,2021-01-09.2859787,bt,1.49,17.247,16.335,0.095,1.061,0.092,g
2459223.79073,2021-01-09.2872181,bt,1.48,17.368,16.459,0.095,0.947,0.082,g
2459223.79196,2021-01-09.2884391,bt,1.44,17.206,16.508,0.115,0.905,0.095,g
2459226.96666,2021-01-12.4632273,bD,1.58,17.445,16.612,0.102,0.823,0.077,g
2459226.96791,2021-01-12.4644783,bD,1.51,17.437,16.384,0.083,1.014,0.077,g
2459226.96915,2021-01-12.4657284,bD,1.51,17.507,16.307,0.072,1.089,0.072,g
2459228.76980,2021-01-14.2664326,bt,1.54,17.347,16.402,0.092,0.998,0.084,g
2459228.77103,2021-01-14.2676629,bt,1.58,17.377,16.493,0.097,0.917,0.081,g
2459228.77225,2021-01-14.2688800,bt,1.53,17.272,16.386,0.097,1.013,0.090,g
2459228.81121,2021-01-14.3078355,bt,1.58,17.249,16.595,0.120,0.836,0.092,g
2459228.81243,2021-01-14.3090621,bt,1.62,17.228,16.153,0.081,1.256,0.093,g
2459228.81368,2021-01-14.3103130,bt,1.58,17.220,16.247,0.089,1.152,0.094,g
2459229.89053,2021-01-15.3872004,bt,1.61,17.133,16.434,0.115,0.970,0.102,g
2459229.89175,2021-01-15.3884247,bt,1.49,17.147,16.390,0.109,1.009,0.101,g
2459229.89300,2021-01-15.3896674,bt,1.48,17.091,16.417,0.118,0.985,0.106,g
2459230.88863,2021-01-16.3853344,bt,1.57,17.086,16.336,0.110,1.061,0.106,g
2459230.88984,2021-01-16.3865471,bt,1.60,17.332,16.354,0.089,1.044,0.085,g
2459230.89109,2021-01-16.3877950,bt,1.62,17.271,16.491,0.107,0.920,0.090,g
2459235.90587,2021-01-21.4027723,bD,1.48,17.158,16.637,0.136,0.804,0.100,g
2459235.90712,2021-01-21.4040180,bD,1.47,17.167,16.596,0.130,0.834,0.099,g
2459235.90837,2021-01-21.4052631,bD,1.45,16.923,16.668,0.173,0.781,0.124,g
2459243.83641,2021-01-29.3336546,bD,1.60,16.280,>16.280,99.990,0.837,0.223,g
2459243.83765,2021-01-29.3348972,bD,1.66,16.244,>16.244,99.990,0.786,0.231,g
2459243.83890,2021-01-29.3361473,bD,1.58,16.283,>16.283,99.990,0.943,0.223,g
2459244.76127,2021-01-30.2585703,bD,1.51,16.678,16.473,0.181,0.935,0.155,g
2459244.76254,2021-01-30.2598347,bD,1.48,16.568,16.472,0.201,0.936,0.171,g
2459244.76378,2021-01-30.2610825,bD,1.54,16.690,16.388,0.166,1.010,0.153,g
2459244.81163,2021-01-30.3089341,bt,1.97,15.484,>15.484,99.990,-0.212,0.465,g
2459244.81288,2021-01-30.3101809,bt,1.96,15.539,>15.539,99.990,0.664,0.442,g
2459244.81409,2021-01-30.3113957,bt,1.99,15.481,>15.481,99.990,1.522,0.466,g
2459245.82306,2021-01-31.3204145,bt,1.51,16.454,>16.454,99.990,0.907,0.190,g
2459245.82430,2021-01-31.3216456,bt,1.59,16.307,>16.307,99.990,0.948,0.218,g
2459245.82551,2021-01-31.3228640,bt,1.56,16.422,>16.422,99.990,0.888,0.196,g
2459251.86949,2021-02-06.3671570,bD,1.47,17.467,16.432,0.084,0.971,0.075,g
2459251.87074,2021-02-06.3684116,bD,1.53,17.538,16.513,0.085,0.902,0.070,g
2459251.87200,2021-02-06.3696626,bD,1.55,17.498,16.615,0.097,0.821,0.073,g
2459251.90342,2021-02-06.4010881,bD,1.51,17.377,16.306,0.082,1.091,0.081,g
2459251.90468,2021-02-06.4023442,bD,1.53,17.487,16.477,0.086,0.932,0.074,g
2459251.90592,2021-02-06.4035858,bD,1.53,17.422,16.558,0.099,0.865,0.078,g
2459252.80893,2021-02-07.3066454,bt,1.51,17.339,16.320,0.086,1.077,0.084,g
2459252.81015,2021-02-07.3078625,bt,1.52,17.382,16.633,0.110,0.807,0.081,g
2459252.81138,2021-02-07.3090910,bt,1.58,17.283,16.589,0.116,0.841,0.089,g
2459254.82515,2021-02-09.3229842,bt,1.50,14.629,>14.629,99.990,-1.175,1.022,g
2459254.82639,2021-02-09.3242274,bt,1.47,14.932,>14.932,99.990,1.101,0.773,g
2459254.82763,2021-02-09.3254700,bt,1.47,15.712,>15.712,99.990,0.195,0.377,g
2459256.75186,2021-02-11.2498001,bD,1.64,17.400,16.263,0.077,1.134,0.080,g
2459256.75311,2021-02-11.2510430,bD,1.70,17.524,16.464,0.082,0.943,0.071,g
2459256.75434,2021-02-11.2522822,bD,1.61,17.456,16.274,0.074,1.123,0.076,g
2459258.79996,2021-02-13.2980196,bD,1.55,17.480,16.511,0.090,0.903,0.074,g
2459258.80120,2021-02-13.2992604,bD,1.54,17.575,16.387,0.073,1.012,0.068,g
2459258.80246,2021-02-13.3005142,bD,1.54,17.443,16.377,0.082,1.021,0.077,g
2459265.74382,2021-02-20.2423032,bD,1.54,16.104,>16.104,99.990,1.083,0.263,g
2459265.74507,2021-02-20.2435577,bD,1.59,16.282,>16.282,99.990,0.544,0.223,g
2459265.74632,2021-02-20.2448097,bD,1.55,16.512,16.242,0.171,1.158,0.181,g
2459268.86799,2021-02-23.3666712,bD,1.66,16.400,>16.400,99.990,0.683,0.200,g
2459268.86923,2021-02-23.3679134,bD,1.65,16.482,16.067,0.150,1.360,0.186,g
2459268.87048,2021-02-23.3691609,bD,1.67,16.472,16.265,0.181,1.132,0.187,g
2459270.68080,2021-02-25.1796002,bt,1.49,16.460,15.945,0.137,1.521,0.189,g
2459270.68203,2021-02-25.1808288,bt,1.52,16.358,16.197,0.189,1.206,0.208,g
2459270.68324,2021-02-25.1820399,bt,1.47,16.226,>16.226,99.990,0.740,0.235,g
2459288.79371,2021-03-15.2937271,bD,1.47,17.463,16.519,0.092,0.896,0.075,g
2459288.79496,2021-03-15.2949774,bD,1.48,17.597,16.667,0.093,0.782,0.066,g
2459288.79621,2021-03-15.2962195,bD,1.51,17.558,16.495,0.082,0.916,0.069,g
2459292.77522,2021-03-19.2755061,bD,1.57,17.202,16.549,0.120,0.872,0.096,g
2459292.77647,2021-03-19.2767515,bD,1.53,17.215,16.196,0.086,1.207,0.095,g
2459292.77770,2021-03-19.2779908,bD,1.57,17.245,16.247,0.087,1.152,0.092,g
2459294.65592,2021-03-21.1563303,bt,1.49,16.714,16.665,0.210,0.783,0.150,g
2459294.65713,2021-03-21.1575451,bt,1.52,16.760,16.270,0.140,1.127,0.144,g
2459294.65836,2021-03-21.1587802,bt,1.54,16.667,16.448,0.179,0.956,0.156,g
2459294.66396,2021-03-21.1643719,bt,1.55,16.640,16.056,0.128,1.374,0.160,g
2459294.66519,2021-03-21.1656064,bt,1.52,16.703,16.410,0.167,0.991,0.151,g
2459294.66640,2021-03-21.1668192,bt,1.56,16.860,16.684,0.186,0.770,0.131,g
2459296.69605,2021-03-23.1965998,bt,2.48,99.990,99.990,99.990,99.990,99.990,g
2459296.69727,2021-03-23.1978289,bt,2.43,99.990,99.990,99.990,99.990,99.990,g
2459301.74246,2021-03-28.2433450,bD,2.04,16.236,>16.236,99.990,0.826,0.233,g
2459301.74369,2021-03-28.2445819,bD,1.63,16.288,16.059,0.178,1.369,0.222,g
2459301.74494,2021-03-28.2458271,bD,1.58,16.122,>16.122,99.990,1.110,0.259,g
2459304.75413,2021-03-31.2552163,bD,1.47,17.340,16.296,0.084,1.100,0.084,g
2459304.75537,2021-03-31.2564565,bD,1.46,17.440,16.462,0.089,0.945,0.077,g
2459304.75662,2021-03-31.2577104,bD,1.45,17.439,16.428,0.086,0.974,0.077,g
2459306.73570,2021-04-02.2369172,bD,1.51,17.199,16.335,0.099,1.061,0.096,g
2459306.73694,2021-04-02.2381603,bD,1.53,17.168,16.324,0.101,1.073,0.099,g
2459306.73819,2021-04-02.2394091,bD,1.54,17.178,16.184,0.088,1.220,0.098,g
2459310.74771,2021-04-06.2491865,bD,1.57,17.418,16.497,0.094,0.915,0.078,g
2459310.74895,2021-04-06.2504342,bD,1.49,17.323,16.699,0.123,0.759,0.086,g
2459310.75019,2021-04-06.2516737,bD,1.55,17.357,16.398,0.090,1.002,0.083,g
2459311.73654,2021-04-07.2380736,bD,1.56,16.278,>16.278,99.990,0.388,0.224,g
2459311.73779,2021-04-07.2393226,bD,1.66,16.477,>16.477,99.990,0.431,0.186,g
2459311.73903,2021-04-07.2405633,bD,1.52,16.608,16.211,0.152,1.190,0.165,g
2459314.72573,2021-04-10.2274534,bD,2.22,16.023,>16.023,99.990,1.024,0.283,g
2459314.72697,2021-04-10.2286961,bD,2.13,16.074,>16.074,99.990,0.971,0.270,g
2459314.72822,2021-04-10.2299437,bD,2.1,16.318,15.956,0.157,1.506,0.216,g
2459317.72651,2021-04-13.2284090,bD,1.57,15.989,>15.989,99.990,0.209,0.292,g
2459317.72775,2021-04-13.2296521,bD,1.53,16.161,>16.161,99.990,1.143,0.249,g
2459317.72899,2021-04-13.2308918,bD,1.48,16.304,>16.304,99.990,0.843,0.218,g
2459319.61074,2021-04-15.1127501,bt,1.64,17.114,16.321,0.105,1.076,0.104,g
2459319.61195,2021-04-15.1139685,bt,1.64,17.214,16.726,0.140,0.740,0.095,g
2459319.61318,2021-04-15.1151916,bt,1.61,17.109,16.391,0.113,1.008,0.104,g
2459320.63998,2021-04-16.1420643,bt,1.5,16.771,16.552,0.179,0.869,0.142,g
2459320.64122,2021-04-16.1433013,bt,1.48,16.635,16.450,0.185,0.956,0.161,g
2459320.64245,2021-04-16.1445288,bt,1.48,16.606,16.398,0.181,1.002,0.165,g
2459324.62858,2021-04-20.1308848,bt,1.51,16.650,16.497,0.190,0.915,0.159,g
2459324.62981,2021-04-20.1321149,bt,1.51,16.608,16.286,0.163,1.111,0.165,g
2459324.63103,2021-04-20.1333321,bt,1.49,16.685,16.368,0.164,1.029,0.154,g
2459328.61518,2021-04-24.1177072,bt,2.14,15.911,>15.911,99.990,1.216,0.314,g
2459328.61641,2021-04-24.1189331,bt,2.11,15.739,>15.739,99.990,1.186,0.368,g
2459328.61763,2021-04-24.1201526,bt,1.62,15.937,>15.937,99.990,0.961,0.306,g
2459332.60527,2021-04-28.1079945,bt,2.06,15.557,>15.557,99.990,1.688,0.435,g
2459332.60649,2021-04-28.1092200,bt,2.02,15.763,>15.763,99.990,1.128,0.360,g
2459332.60773,2021-04-28.1104548,bt,2.05,15.996,>15.996,99.990,1.091,0.290,g
2459422.11808,2021-07-26.6211902,bD,2.08,16.303,>16.303,99.990,0.739,0.219,g
2459422.11935,2021-07-26.6224518,bD,2.09,16.131,16.123,0.218,1.290,0.256,g
2459422.12062,2021-07-26.6237207,bD,2.11,16.194,>16.194,99.990,1.073,0.242,g
2459426.11679,2021-07-30.6197201,bD,1.46,16.669,16.558,0.198,0.865,0.156,g
2459426.11806,2021-07-30.6209840,bD,1.54,16.657,>16.657,99.990,0.739,0.158,g
2459426.11931,2021-07-30.6222425,bD,1.52,16.703,16.384,0.163,1.015,0.151,g
2459430.96208,2021-08-04.4647766,bt,1.51,16.154,16.061,0.201,1.366,0.251,g
2459430.96333,2021-08-04.4660252,bt,1.49,16.046,>16.046,99.990,0.496,0.277,g
2459430.96456,2021-08-04.4672657,bt,1.49,15.798,>15.798,99.990,0.500,0.348,g
2459431.95025,2021-08-05.4529011,bt,1.46,17.062,16.434,0.123,0.969,0.109,g
2459431.95150,2021-08-05.4541518,bt,1.48,16.850,16.210,0.121,1.191,0.132,g
2459431.95273,2021-08-05.4553840,bt,1.49,16.949,16.439,0.137,0.965,0.121,g
2459432.94969,2021-08-06.4522925,bt,1.5,16.956,16.565,0.153,0.859,0.120,g
2459432.95092,2021-08-06.4535273,bt,1.44,16.915,16.561,0.158,0.862,0.125,g
2459432.95216,2021-08-06.4547702,bt,1.52,17.051,16.691,0.157,0.765,0.110,g
2459433.94513,2021-08-07.4476798,bt,1.52,16.780,16.289,0.139,1.108,0.141,g
2459433.94637,2021-08-07.4489221,bt,1.54,16.868,16.805,0.207,0.689,0.130,g
2459433.94760,2021-08-07.4501579,bt,1.57,16.729,16.522,0.181,0.894,0.148,g
2459437.08930,2021-08-10.5916859,bD,1.51,17.380,16.628,0.110,0.811,0.081,g
2459437.09057,2021-08-10.5929568,bD,1.42,17.499,16.561,0.092,0.863,0.073,g
2459437.09185,2021-08-10.5942349,bD,1.51,17.490,16.641,0.100,0.801,0.073,g
2459439.08002,2021-08-12.5822959,bD,1.49,17.482,16.794,0.116,0.696,0.074,g
2459439.08129,2021-08-12.5835586,bD,1.47,17.565,16.666,0.096,0.783,0.069,g
2459439.08255,2021-08-12.5848229,bD,1.5,17.430,16.395,0.084,1.005,0.078,g
2459441.08250,2021-08-14.5846613,bD,1.5,17.401,16.349,0.083,1.048,0.080,g
2459441.08375,2021-08-14.5859180,bD,1.49,17.492,16.607,0.097,0.826,0.073,g
2459441.08504,2021-08-14.5871973,bD,1.5,17.482,16.496,0.088,0.915,0.074,g
2459444.09216,2021-08-17.5941520,bD,1.48,17.444,16.711,0.111,0.751,0.076,g
2459444.09344,2021-08-17.5954291,bD,1.48,17.377,16.350,0.085,1.047,0.081,g
2459444.09471,2021-08-17.5967001,bD,1.45,17.406,16.556,0.100,0.866,0.079,g
2459448.05281,2021-08-21.5545641,bD,1.53,16.151,16.054,0.201,1.376,0.252,g
2459448.05407,2021-08-21.5558293,bD,1.5,16.200,>16.200,99.990,0.545,0.240,g
2459448.05535,2021-08-21.5571026,bD,1.56,16.090,15.883,0.181,1.611,0.266,g
2459448.92496,2021-08-22.4266633,bt,2.02,14.229,>14.229,99.990,2.137,1.477,g
2459448.92621,2021-08-22.4279097,bt,1.93,14.681,>14.681,99.990,-4.938,0.977,g
2459448.92745,2021-08-22.4291491,bt,1.38,14.512,>14.512,99.990,2.631,1.139,g
2459451.94906,2021-08-25.4505745,bt,2.15,15.977,>15.977,99.990,0.977,0.295,g
2459453.04439,2021-08-26.5458337,bD,1.46,16.672,>16.672,99.990,0.774,0.156,g
2459453.04567,2021-08-26.5471149,bD,1.52,16.561,16.406,0.190,0.994,0.173,g
2459453.04692,2021-08-26.5483612,bD,1.43,16.550,16.307,0.175,1.089,0.174,g
2459453.92104,2021-08-27.4224246,bt,1.44,16.235,>16.235,99.990,0.959,0.233,g
2459453.92229,2021-08-27.4236770,bt,1.52,16.320,>16.320,99.990,0.563,0.215,g
2459453.92353,2021-08-27.4249212,bt,1.52,16.214,>16.214,99.990,1.050,0.237,g
2459455.10687,2021-08-28.6081876,bD,1.47,16.992,16.579,0.150,0.848,0.116,g
2459455.10814,2021-08-28.6094519,bD,1.47,17.033,16.334,0.115,1.062,0.112,g
2459455.10940,2021-08-28.6107162,bD,1.47,16.928,16.380,0.132,1.019,0.123,g
2459461.12282,2021-09-03.6237435,bD,1.7,17.423,16.600,0.103,0.832,0.078,g
2459461.12408,2021-09-03.6250089,bD,1.69,17.397,16.644,0.110,0.799,0.080,g
2459461.12536,2021-09-03.6262825,bD,1.74,17.242,16.309,0.093,1.087,0.092,g
2459462.02882,2021-09-04.5296880,bD,1.46,17.476,16.408,0.082,0.993,0.074,g
2459462.03009,2021-09-04.5309528,bD,1.45,17.477,16.486,0.088,0.924,0.074,g
2459462.03135,2021-09-04.5322187,bD,1.44,17.449,16.458,0.088,0.948,0.076,g
2459464.88547,2021-09-07.3861460,bt,1.48,17.177,16.295,0.097,1.101,0.098,g
2459464.88671,2021-09-07.3873844,bt,1.47,17.191,16.419,0.108,0.983,0.097,g
2459464.88796,2021-09-07.3886394,bt,1.51,17.136,16.298,0.101,1.098,0.102,g
2459465.87552,2021-09-08.3761298,bt,1.49,17.147,16.600,0.132,0.832,0.101,g
2459465.87675,2021-09-08.3773693,bt,1.47,17.061,16.492,0.130,0.919,0.109,g
2459465.87800,2021-09-08.3786179,bt,1.49,17.342,16.586,0.109,0.843,0.084,g
2459466.87496,2021-09-09.3755008,bt,1.51,17.107,16.715,0.153,0.748,0.104,g
2459466.87620,2021-09-09.3767391,bt,1.49,16.999,16.678,0.163,0.774,0.115,g
2459466.87743,2021-09-09.3779795,bt,1.45,17.077,16.722,0.158,0.743,0.107,g
2459467.89253,2021-09-10.3930067,bt,1.51,17.278,16.458,0.103,0.948,0.089,g
2459467.89379,2021-09-10.3942590,bt,1.55,17.161,16.609,0.132,0.825,0.099,g
2459467.89504,2021-09-10.3955100,bt,1.5,17.180,16.385,0.105,1.014,0.098,g
2459467.97943,2021-09-10.4799004,bt,1.46,16.885,16.593,0.167,0.837,0.128,g
2459467.98067,2021-09-10.4811390,bt,1.49,16.822,16.511,0.165,0.903,0.136,g
2459467.98191,2021-09-10.4823787,bt,1.45,16.834,16.487,0.159,0.923,0.134,g
2459473.01126,2021-09-15.5113974,bD,1.46,17.378,16.325,0.083,1.072,0.081,g
2459473.01254,2021-09-15.5126664,bD,1.53,17.511,16.446,0.082,0.958,0.072,g
2459473.01380,2021-09-15.5139293,bD,1.47,17.384,16.330,0.083,1.067,0.081,g
2459474.86568,2021-09-17.3656938,bt,1.45,16.695,16.375,0.163,1.023,0.153,g
2459474.86694,2021-09-17.3669476,bt,1.48,16.746,16.442,0.166,0.962,0.146,g
2459474.86817,2021-09-17.3681709,bt,1.48,16.637,16.449,0.184,0.956,0.161,g
2459476.04475,2021-09-18.5446755,bD,1.58,14.847,>14.847,99.990,2.267,0.836,g
2459476.04603,2021-09-18.5459486,bD,1.51,14.943,>14.943,99.990,-2.391,0.766,g
2459476.04728,2021-09-18.5472065,bD,1.5,14.590,>14.590,99.990,3.331,1.060,g
2459478.98637,2021-09-21.4860932,bD,1.47,16.089,>16.089,99.990,0.994,0.267,g
2459478.98763,2021-09-21.4873571,bD,1.54,16.097,>16.097,99.990,0.766,0.264,g
2459478.98889,2021-09-21.4886210,bD,1.51,16.016,>16.016,99.990,0.926,0.285,g
2459479.97814,2021-09-22.4777947,bD,1.48,16.291,16.169,0.196,1.237,0.221,g
2459479.97940,2021-09-22.4790574,bD,1.56,16.266,>16.266,99.990,0.650,0.226,g
2459479.98067,2021-09-22.4803224,bD,1.53,16.402,16.314,0.202,1.083,0.200,g
2459481.96671,2021-09-24.4662434,bD,1.67,16.380,>16.380,99.990,0.773,0.204,g
2459481.96799,2021-09-24.4675157,bD,1.77,16.460,16.386,0.205,1.014,0.189,g
2459481.96925,2021-09-24.4687807,bD,1.71,16.410,>16.410,99.990,0.913,0.198,g
2459485.97683,2021-09-28.4760903,bD,1.54,16.900,16.299,0.126,1.097,0.126,g
2459485.97809,2021-09-28.4773533,bD,1.56,16.846,16.238,0.125,1.161,0.133,g
2459485.97936,2021-09-28.4786159,bD,1.49,16.889,16.278,0.125,1.118,0.128,g
2459487.98143,2021-09-30.4805581,bD,1.5,17.220,16.389,0.102,1.010,0.094,g
2459487.98269,2021-09-30.4818126,bD,1.5,17.229,16.403,0.102,0.997,0.093,g
2459487.98395,2021-09-30.4830744,bD,1.57,17.130,16.379,0.110,1.019,0.102,g
2459492.94327,2021-10-05.4420831,bD,1.54,17.477,16.558,0.094,0.865,0.074,g
2459492.94453,2021-10-05.4433368,bD,1.52,17.236,16.528,0.114,0.889,0.093,g
2459492.94579,2021-10-05.4445984,bD,1.46,17.486,16.600,0.097,0.832,0.074,g
2459494.93629,2021-10-07.4349732,bD,1.71,17.299,16.383,0.094,1.016,0.087,g
2459494.93756,2021-10-07.4362415,bD,1.63,17.409,16.374,0.084,1.024,0.079,g
2459494.93884,2021-10-07.4375184,bD,1.58,17.486,16.291,0.073,1.105,0.074,g
2459494.95945,2021-10-07.4581280,bD,1.74,17.396,16.452,0.092,0.954,0.080,g
2459494.96072,2021-10-07.4593986,bD,1.74,17.437,16.323,0.078,1.073,0.077,g
2459494.96200,2021-10-07.4606721,bD,1.64,17.297,16.183,0.078,1.221,0.088,g
2459499.09182,2021-10-11.5902429,bD,1.45,17.085,16.845,0.176,0.664,0.106,g
2459500.92106,2021-10-13.4193611,bD,1.47,17.485,16.624,0.099,0.813,0.074,g
2459500.92232,2021-10-13.4206333,bD,1.44,17.365,16.330,0.084,1.066,0.082,g
2459500.92359,2021-10-13.4218961,bD,1.49,17.391,16.492,0.096,0.918,0.080,g
2459504.02408,2021-10-16.5222069,bD,1.49,17.096,16.606,0.140,0.827,0.105,g
2459504.02537,2021-10-16.5234875,bD,1.5,16.987,16.382,0.126,1.017,0.117,g
2459504.02664,2021-10-16.5247621,bD,1.5,17.077,16.444,0.122,0.960,0.107,g
2459506.93740,2021-10-19.4353543,bD,1.53,16.421,>16.421,99.990,0.653,0.196,g
2459506.93866,2021-10-19.4366079,bD,1.49,16.273,>16.273,99.990,0.901,0.225,g
2459506.93992,2021-10-19.4378753,bD,1.58,16.480,>16.480,99.990,0.661,0.186,g
2459506.99142,2021-10-19.4893678,bD,1.52,16.409,>16.409,99.990,0.671,0.198,g
2459506.99269,2021-10-19.4906351,bD,1.48,16.434,>16.434,99.990,0.675,0.194,g
2459506.99395,2021-10-19.4918945,bD,1.54,16.532,>16.532,99.990,0.772,0.177,g
2459508.76335,2021-10-21.2612046,bt,1.93,15.401,>15.401,99.990,1.362,0.502,g
2459508.76459,2021-10-21.2624373,bt,1.62,15.367,>15.367,99.990,1.245,0.518,g
2459508.76582,2021-10-21.2636663,bt,1.61,15.623,>15.623,99.990,1.113,0.409,g
2459510.97493,2021-10-23.4726489,bD,1.52,16.495,16.480,0.216,0.930,0.183,g
2459510.97618,2021-10-23.4739105,bD,1.57,16.387,>16.387,99.990,0.634,0.202,g
2459510.97743,2021-10-23.4751627,bD,1.62,16.448,>16.448,99.990,0.591,0.191,g
2459510.99415,2021-10-23.4918769,bD,1.51,16.412,16.381,0.213,1.018,0.198,g
2459510.99542,2021-10-23.4931395,bD,1.54,16.364,>16.364,99.990,1.014,0.207,g
2459510.99668,2021-10-23.4944047,bD,1.53,16.485,>16.485,99.990,0.601,0.185,g
2459513.87842,2021-10-26.3759812,bD,1.54,16.793,>16.793,99.990,0.635,0.139,g
2459513.87967,2021-10-26.3772336,bD,1.52,16.626,16.572,0.209,0.853,0.163,g
2459513.88093,2021-10-26.3785037,bD,1.56,16.691,>16.691,99.990,0.712,0.153,g
2459513.91602,2021-10-26.4135850,bD,1.48,16.648,16.632,0.216,0.807,0.159,g
2459513.91727,2021-10-26.4148387,bD,1.46,16.848,16.310,0.134,1.086,0.132,g
2459513.91853,2021-10-26.4160989,bD,1.5,16.761,16.598,0.189,0.833,0.143,g
2459515.99521,2021-10-28.4926740,bD,1.47,17.167,16.574,0.127,0.852,0.099,g
2459515.99649,2021-10-28.4939451,bD,1.43,17.156,16.606,0.132,0.827,0.100,g
2459515.99774,2021-10-28.4952079,bD,1.53,17.239,16.637,0.126,0.804,0.092,g
2459517.97118,2021-10-30.4685371,bt,1.45,17.036,16.322,0.113,1.075,0.111,g
2459517.97242,2021-10-30.4697793,bt,1.56,17.126,16.564,0.131,0.860,0.103,g
2459517.97366,2021-10-30.4710165,bt,1.49,17.139,16.138,0.087,1.273,0.101,g
2459520.88615,2021-11-02.3833682,bD,1.45,17.490,16.444,0.083,0.960,0.073,g
2459520.88741,2021-11-02.3846314,bD,1.47,17.474,16.385,0.080,1.014,0.074,g
2459520.88867,2021-11-02.3858848,bD,1.47,17.562,16.383,0.074,1.016,0.069,g
2459523.03300,2021-11-04.5301193,bD,1.77,17.445,16.221,0.071,1.179,0.077,g
2459523.03428,2021-11-04.5313914,bD,1.71,17.338,16.197,0.077,1.205,0.084,g
2459523.03553,2021-11-04.5326452,bD,1.68,17.470,16.250,0.071,1.148,0.075,g
2459524.97849,2021-11-06.4755232,bD,1.59,17.425,16.358,0.082,1.039,0.078,g
2459524.97977,2021-11-06.4767944,bD,1.55,17.489,16.293,0.073,1.103,0.073,g
2459524.98103,2021-11-06.4780621,bD,1.6,17.432,16.431,0.087,0.972,0.077,g
2459527.89270,2021-11-09.3896045,bD,1.49,17.383,16.455,0.093,0.951,0.081,g
2459527.89394,2021-11-09.3908567,bD,1.44,17.442,16.325,0.078,1.072,0.077,g
2459527.89521,2021-11-09.3921152,bD,1.5,17.432,16.443,0.088,0.961,0.077,g
2459527.93113,2021-11-09.4280307,bD,1.47,16.807,16.374,0.147,1.025,0.137,g
2459527.93238,2021-11-09.4292842,bD,1.5,16.133,>16.133,99.990,0.899,0.256,g
2459527.93363,2021-11-09.4305354,bD,1.47,15.619,>15.619,99.990,-0.188,0.411,g
2459529.96174,2021-11-11.4585637,bD,1.46,17.677,16.223,0.057,1.178,0.062,g
2459529.96300,2021-11-11.4598241,bD,1.56,17.504,16.405,0.080,0.995,0.072,g
2459529.96426,2021-11-11.4610775,bD,1.52,17.421,16.273,0.076,1.124,0.078,g
2459531.93268,2021-11-13.4294260,bD,1.61,15.152,>15.152,99.990,1.685,0.632,g
2459531.93393,2021-11-13.4306766,bD,1.58,15.708,>15.708,99.990,-0.466,0.378,g
2459531.93518,2021-11-13.4319399,bD,1.6,15.458,>15.458,99.990,1.030,0.476,g
2459532.83009,2021-11-14.3268020,bD,1.67,16.634,16.613,0.215,0.822,0.161,g
2459532.83135,2021-11-14.3280640,bD,1.63,16.663,16.426,0.176,0.976,0.157,g
2459532.83261,2021-11-14.3293290,bD,1.63,16.530,16.357,0.187,1.041,0.177,g
2459534.79776,2021-11-16.2944084,bt,1.51,16.534,16.061,0.142,1.367,0.177,g
2459534.79900,2021-11-16.2956465,bt,1.5,16.518,16.480,0.212,0.929,0.179,g
2459534.80023,2021-11-16.2968732,bt,1.53,16.452,>16.452,99.990,0.706,0.191,g
2459534.87010,2021-11-16.3667527,bt,1.54,16.506,16.229,0.170,1.170,0.182,g
2459534.87135,2021-11-16.3679957,bt,1.54,16.489,>16.489,99.990,0.511,0.184,g
2459534.87259,2021-11-16.3692351,bt,1.54,16.579,16.565,0.217,0.859,0.170,g
2459536.88714,2021-11-18.3837178,bt,2.01,14.772,>14.772,99.990,1.640,0.896,g
2459536.88963,2021-11-18.3862109,bt,1.57,14.801,>14.801,99.990,-0.969,0.872,g
2459537.96460,2021-11-19.4611421,bD,1.54,16.276,>16.276,99.990,0.217,0.224,g
2459537.96586,2021-11-19.4624062,bD,1.49,16.147,>16.147,99.990,0.835,0.253,g
2459537.96712,2021-11-19.4636641,bD,1.58,16.143,>16.143,99.990,1.046,0.253,g
2459538.11512,2021-11-19.6116597,bD,1.51,16.059,>16.059,99.990,0.774,0.274,g
2459538.11638,2021-11-19.6129238,bD,1.49,16.142,>16.142,99.990,1.132,0.254,g
2459538.11765,2021-11-19.6141885,bD,1.55,16.038,>16.038,99.990,1.181,0.279,g
2459538.87328,2021-11-20.3697988,bD,1.52,16.277,>16.277,99.990,0.773,0.224,g
2459538.87454,2021-11-20.3710640,bD,1.53,16.147,>16.147,99.990,0.760,0.252,g
2459538.87582,2021-11-20.3723421,bD,1.55,16.200,>16.200,99.990,0.582,0.240,g
2459538.94262,2021-11-20.4391392,bD,1.53,16.362,>16.362,99.990,0.859,0.207,g
2459538.94388,2021-11-20.4403925,bD,1.54,16.241,16.087,0.190,1.334,0.232,g
2459538.94515,2021-11-20.4416685,bD,1.65,16.198,>16.198,99.990,0.844,0.241,g
2459539.91368,2021-11-21.4101680,bt,1.47,14.896,>14.896,99.990,1.208,0.800,g
2459539.91492,2021-11-21.4114090,bt,1.49,15.166,>15.166,99.990,0.753,0.623,g
2459540.84429,2021-11-22.3407482,bt,1.6,15.334,>15.334,99.990,0.633,0.534,g
2459540.84553,2021-11-22.3419887,bt,1.61,15.074,>15.074,99.990,1.746,0.678,g
2459540.84676,2021-11-22.3432203,bt,1.42,14.970,>14.970,99.990,0.519,0.747,g
2459541.73753,2021-11-23.2339682,bt,1.51,16.431,16.255,0.187,1.143,0.194,g
2459541.73876,2021-11-23.2351946,bt,1.57,16.200,16.079,0.196,1.344,0.241,g
2459541.74000,2021-11-23.2364376,bt,1.59,16.186,>16.186,99.990,0.926,0.244,g
2459542.80157,2021-11-24.2979843,bt,2.01,15.492,>15.492,99.990,0.362,0.462,g
2459542.80281,2021-11-24.2992240,bt,2.0,14.411,>14.411,99.990,3.565,1.251,g
2459542.85740,2021-11-24.3538078,bt,1.53,14.878,>14.878,99.990,2.577,0.813,g
2459542.85863,2021-11-24.3550368,bt,1.54,15.245,>15.245,99.990,1.190,0.579,g
2459542.85986,2021-11-24.3562658,bt,1.53,15.528,>15.528,99.990,0.374,0.447,g
2459544.95277,2021-11-26.4491357,bD,1.44,17.254,16.345,0.095,1.051,0.091,g
2459544.95405,2021-11-26.4504077,bD,1.43,17.186,16.583,0.126,0.845,0.097,g
2459544.95531,2021-11-26.4516729,bD,1.42,17.097,16.571,0.135,0.855,0.105,g
2459568.86275,2021-12-20.3588827,bt,2.12,16.065,>16.065,99.990,0.150,0.272,g
2459568.86400,2021-12-20.3601326,bt,2.11,16.000,>16.000,99.990,0.971,0.289,g
2459568.86524,2021-12-20.3613803,bt,2.14,15.983,15.832,0.191,1.686,0.294,g
2459570.68429,2021-12-22.1804331,bt,1.55,16.377,>16.377,99.990,0.928,0.204,g
2459570.68554,2021-12-22.1816847,bt,1.57,16.352,>16.352,99.990,1.030,0.209,g
2459570.68677,2021-12-22.1829218,bt,1.6,16.498,16.286,0.181,1.110,0.183,g
2459575.78626,2021-12-27.2824553,bt,1.48,17.214,16.352,0.099,1.045,0.095,g
2459575.78749,2021-12-27.2836913,bt,1.51,17.298,16.542,0.109,0.877,0.088,g
2459575.78874,2021-12-27.2849368,bt,1.45,17.315,16.511,0.104,0.903,0.086,g
2459575.85714,2021-12-27.3533475,bt,1.48,16.965,16.316,0.120,1.081,0.119,g
2459575.85839,2021-12-27.3545935,bt,1.5,17.026,16.446,0.128,0.959,0.113,g
2459575.85964,2021-12-27.3558370,bt,1.57,17.084,16.546,0.133,0.875,0.107,g
2459579.58518,2021-12-31.0814384,bt,1.65,16.830,16.470,0.157,0.938,0.135,g
2459579.58642,2021-12-31.0826732,bt,1.61,16.816,16.145,0.118,1.265,0.137,g
2459579.58766,2021-12-31.0839152,bt,1.54,16.630,>16.630,99.990,0.643,0.162,g
2459584.91337,2022-01-05.4097371,bt,2.22,16.951,16.102,0.100,1.316,0.121,g
2459586.72223,2022-01-07.2186413,bD,1.97,17.345,16.238,0.079,1.161,0.084,g
2459586.72348,2022-01-07.2199010,bD,1.6,17.328,16.472,0.100,0.936,0.085,g
2459586.72475,2022-01-07.2211672,bD,1.59,17.329,16.917,0.150,0.621,0.085,g
2459587.87722,2022-01-08.3736646,bt,1.46,17.268,16.459,0.104,0.948,0.090,g
2459587.87847,2022-01-08.3749103,bt,1.52,17.318,16.604,0.113,0.829,0.086,g
2459587.87970,2022-01-08.3761451,bt,1.48,17.182,16.480,0.115,0.929,0.098,g
2459588.91235,2022-01-09.408825,bt,1.53,16.222,>16.222,99.990,0.427,0.236,g
2459588.91359,2022-01-09.4100645,bt,1.48,15.941,15.908,0.213,1.573,0.306,g
2459588.91483,2022-01-09.4113054,bt,1.52,15.211,>15.211,99.990,0.360,0.598,g
2459591.82443,2022-01-12.3209945,bD,1.51,16.772,16.281,0.140,1.115,0.142,g
2459591.82569,2022-01-12.3222577,bD,1.48,16.899,16.590,0.165,0.839,0.126,g
2459591.82695,2022-01-12.3235195,bD,1.47,16.686,16.549,0.193,0.872,0.154,g
2459592.80275,2022-01-13.2993444,bt,1.5,16.522,16.421,0.200,0.981,0.179,g
2459592.80398,2022-01-13.3005743,bt,1.53,16.559,16.386,0.187,1.013,0.173,g
2459592.80522,2022-01-13.3018054,bt,1.52,16.590,>16.590,99.990,0.520,0.168,g
2459594.84865,2022-01-15.3453193,bD,1.45,16.471,16.443,0.214,0.961,0.187,g
2459594.84991,2022-01-15.3465712,bD,1.46,16.496,16.340,0.190,1.056,0.183,g
2459594.85116,2022-01-15.3478225,bD,1.49,16.492,>16.492,99.990,0.905,0.184,g
2459594.87956,2022-01-15.3762252,bD,1.48,15.626,>15.626,99.990,0.337,0.408,g
2459594.88082,2022-01-15.3774773,bD,1.59,15.241,>15.241,99.990,0.792,0.581,g
2459594.88208,2022-01-15.3787394,bD,1.45,15.855,>15.855,99.990,0.180,0.330,g
2459596.71466,2022-01-17.2113916,bt,1.56,15.820,>15.820,99.990,0.890,0.341,g
2459596.71589,2022-01-17.2126216,bt,1.51,16.096,>16.096,99.990,1.206,0.265,g
2459596.71714,2022-01-17.2138689,bt,1.59,16.076,>16.076,99.990,1.097,0.270,g
2459596.74874,2022-01-17.2454699,bt,1.54,15.817,>15.817,99.990,-0.245,0.342,g
2459596.74997,2022-01-17.2467083,bt,1.42,15.773,>15.773,99.990,1.189,0.356,g
2459596.75119,2022-01-17.2479256,bt,1.54,15.954,15.890,0.207,1.599,0.302,g
2459598.74242,2022-01-19.2392255,bD,1.53,16.502,>16.502,99.990,0.691,0.182,g
2459598.74368,2022-01-19.2404912,bD,1.55,16.805,>16.805,99.990,0.580,0.138,g
2459598.74496,2022-01-19.2417628,bD,1.5,16.672,16.619,0.209,0.817,0.156,g
2459598.76182,2022-01-19.2586243,bD,1.48,16.554,16.279,0.170,1.119,0.174,g
2459598.76307,2022-01-19.2598790,bD,1.46,16.671,16.386,0.169,1.012,0.156,g
2459598.76433,2022-01-19.2611418,bD,1.48,16.493,>16.493,99.990,0.587,0.184,g
2459601.92476,2022-01-22.4216943,bD,2.24,16.525,15.918,0.125,1.559,0.179,g
2459601.92602,2022-01-22.4229452,bD,2.15,16.734,16.061,0.118,1.366,0.147,g
2459601.92728,2022-01-22.4242106,bD,2.15,16.708,15.789,0.094,1.755,0.151,g
2459602.74150,2022-01-23.2384665,bt,2.15,16.693,16.072,0.124,1.353,0.153,g
2459602.74274,2022-01-23.2397106,bt,2.16,16.762,16.105,0.120,1.312,0.143,g
2459602.74399,2022-01-23.2409596,bt,2.16,16.808,16.119,0.116,1.295,0.137,g
2459604.88428,2022-01-25.3813425,bD,1.5,17.466,16.593,0.098,0.837,0.075,g
2459604.88554,2022-01-25.3826067,bD,1.51,17.384,16.604,0.107,0.829,0.081,g
2459604.88681,2022-01-25.3838708,bD,1.53,17.509,16.726,0.106,0.741,0.072,g
2459605.83023,2022-01-26.3273245,bt,1.49,17.237,16.427,0.104,0.976,0.093,g
2459605.83146,2022-01-26.3285638,bt,1.52,17.224,16.329,0.096,1.068,0.094,g
2459605.83270,2022-01-26.3297962,bt,1.48,17.258,16.623,0.122,0.814,0.091,g
2459606.93987,2022-01-27.4370199,bD,1.46,17.541,16.487,0.083,0.923,0.070,g
2459606.94112,2022-01-27.4382817,bD,1.46,17.525,16.543,0.089,0.877,0.071,g
2459606.94239,2022-01-27.4395444,bD,1.47,17.461,16.444,0.086,0.961,0.075,g
2459608.83191,2022-01-29.3291609,bD,1.48,17.379,16.015,0.062,1.425,0.081,g
2459608.83318,2022-01-29.3304216,bD,1.5,17.387,16.183,0.072,1.222,0.081,g
2459608.83444,2022-01-29.3316880,bD,1.53,17.455,16.527,0.093,0.890,0.076,g
2459609.79740,2022-01-30.2946884,bt,1.5,17.326,16.500,0.102,0.912,0.085,g
2459609.79864,2022-01-30.2959254,bt,1.48,17.207,16.468,0.111,0.939,0.095,g
2459609.79988,2022-01-30.2971696,bt,1.51,17.249,16.608,0.121,0.826,0.092,g
2459616.89984,2022-02-06.3974990,bD,1.47,17.539,16.467,0.082,0.940,0.070,g
2459616.90110,2022-02-06.3987643,bD,1.51,17.494,16.376,0.078,1.023,0.073,g
2459616.90237,2022-02-06.4000285,bD,1.47,17.393,16.488,0.095,0.923,0.080,g
2459618.91091,2022-02-08.4086854,bD,1.52,17.020,16.498,0.135,0.914,0.113,g
2459618.91218,2022-02-08.4099423,bD,1.49,17.215,16.936,0.170,0.611,0.094,g
2459618.91344,2022-02-08.4112045,bD,1.59,17.134,16.699,0.147,0.759,0.102,g
2459620.86038,2022-02-10.3582644,bD,1.47,16.859,16.310,0.132,1.086,0.131,g
2459620.86164,2022-02-10.3595233,bD,1.48,16.869,16.221,0.121,1.179,0.130,g
2459620.86291,2022-02-10.3607932,bD,1.47,16.936,16.511,0.148,0.903,0.122,g
2459621.79049,2022-02-11.2884105,bt,1.48,16.570,16.429,0.193,0.974,0.171,g
2459621.79172,2022-02-11.2896520,bt,1.49,16.514,16.191,0.163,1.212,0.180,g
2459621.79296,2022-02-11.2908871,bt,1.5,16.544,>16.544,99.990,0.850,0.175,g
2459621.82232,2022-02-11.32025,bt,1.45,16.393,>16.393,99.990,0.629,0.201,g
2459621.82356,2022-02-11.3214956,bt,2.04,16.339,16.275,0.207,1.122,0.212,g
2459622.78430,2022-02-12.2822837,bt,1.64,16.238,16.124,0.198,1.289,0.232,g
2459622.78555,2022-02-12.2835387,bt,1.61,16.415,16.239,0.187,1.160,0.197,g
2459622.78682,2022-02-12.2848038,bt,1.57,16.405,>16.405,99.990,0.313,0.199,g
2459623.76712,2022-02-13.2651619,bt,1.47,16.333,>16.333,99.990,0.919,0.213,g
2459623.76836,2022-02-13.2664085,bt,1.54,16.476,>16.476,99.990,0.678,0.187,g
2459623.76962,2022-02-13.2676645,bt,1.53,16.455,16.351,0.199,1.046,0.190,g
2459623.80536,2022-02-13.3034083,bt,1.5,16.214,>16.214,99.990,1.047,0.237,g
2459623.80662,2022-02-13.3046594,bt,1.45,16.185,>16.185,99.990,0.774,0.244,g
2459623.80786,2022-02-13.3059069,bt,1.47,16.223,>16.223,99.990,1.137,0.236,g
2459624.76850,2022-02-14.2666021,bt,1.5,16.175,>16.175,99.990,0.598,0.246,g
2459624.76974,2022-02-14.2678438,bt,1.48,16.301,>16.301,99.990,0.156,0.219,g
2459624.77099,2022-02-14.2690915,bt,1.53,16.193,16.147,0.210,1.263,0.242,g
2459625.79401,2022-02-15.2921756,bt,1.57,16.165,>16.165,99.990,1.176,0.248,g
2459625.79524,2022-02-15.2934128,bt,1.5,16.214,16.139,0.205,1.272,0.238,g
2459625.79649,2022-02-15.2946560,bt,1.54,16.127,>16.127,99.990,1.134,0.257,g
2459627.75365,2022-02-17.2519386,bt,2.18,15.937,>15.937,99.990,0.793,0.306,g
2459627.80025,2022-02-17.2985412,bt,1.63,16.101,>16.101,99.990,0.977,0.263,g
2459627.80149,2022-02-17.2997761,bt,1.56,16.070,>16.070,99.990,1.054,0.271,g
2459627.80273,2022-02-17.3010157,bt,1.62,15.959,>15.959,99.990,1.414,0.300,g
2459628.79154,2022-02-18.2898918,bt,1.56,16.200,>16.200,99.990,0.110,0.240,g
2459628.79278,2022-02-18.2911322,bt,1.56,16.453,>16.453,99.990,0.940,0.191,g
2459628.79401,2022-02-18.2923613,bt,1.54,16.376,>16.376,99.990,0.566,0.205,g
2459631.75598,2022-02-21.2545077,bD,1.5,17.636,16.636,0.087,0.804,0.064,g
2459631.75724,2022-02-21.2557746,bD,1.53,17.490,16.413,0.081,0.989,0.073,g
2459631.75850,2022-02-21.2570402,bD,1.48,17.638,16.502,0.077,0.910,0.064,g
2459631.78660,2022-02-21.2851384,bD,1.51,17.417,16.316,0.079,1.080,0.079,g
2459631.78786,2022-02-21.2864037,bD,1.49,17.438,16.189,0.069,1.214,0.077,g
2459631.78913,2022-02-21.2876634,bD,1.49,17.409,16.346,0.082,1.051,0.079,g
2459633.77577,2022-02-23.2744335,bD,1.51,17.296,16.199,0.080,1.203,0.088,g
2459633.77704,2022-02-23.2757,bD,1.56,17.495,16.454,0.084,0.951,0.073,g
2459633.77830,2022-02-23.2769628,bD,1.49,17.413,16.526,0.097,0.890,0.079,g
2459633.83356,2022-02-23.3322271,bD,1.5,17.461,16.469,0.088,0.939,0.075,g
2459633.83482,2022-02-23.3334876,bD,1.53,17.293,16.267,0.085,1.130,0.088,g
2459633.83609,2022-02-23.3347550,bD,1.49,17.389,16.374,0.086,1.024,0.081,g
2459634.64726,2022-02-24.1459842,bt,1.71,17.227,16.284,0.092,1.113,0.094,g
2459634.64850,2022-02-24.1472215,bt,1.72,17.337,16.250,0.080,1.149,0.085,g
2459634.64974,2022-02-24.1484635,bt,1.73,17.276,16.201,0.081,1.201,0.089,g
2459634.68939,2022-02-24.1881141,bt,1.54,17.410,16.553,0.099,0.869,0.079,g
2459634.69063,2022-02-24.1893468,bt,1.55,17.376,16.594,0.106,0.837,0.081,g
2459634.69187,2022-02-24.1905971,bt,1.56,17.342,16.338,0.087,1.059,0.084,g
2459634.71614,2022-02-24.2148603,bt,1.52,17.330,16.423,0.095,0.979,0.085,g
2459634.71737,2022-02-24.2160928,bt,1.52,17.380,16.663,0.113,0.785,0.081,g
2459634.71861,2022-02-24.2173299,bt,1.58,17.348,16.400,0.091,1.000,0.084,g
2459636.80042,2022-02-26.2992850,bD,1.56,17.592,16.471,0.078,0.937,0.067,g
2459636.80168,2022-02-26.3005479,bD,1.62,17.414,16.383,0.085,1.015,0.079,g
2459636.80295,2022-02-26.3018109,bD,1.57,17.468,16.323,0.076,1.073,0.075,g
2459636.81994,2022-02-26.3187962,bD,1.55,17.413,16.636,0.107,0.805,0.079,g
2459636.82119,2022-02-26.3200581,bD,1.53,17.497,16.655,0.101,0.791,0.073,g
2459636.82247,2022-02-26.3213245,bD,1.52,17.522,16.294,0.071,1.102,0.071,g
2459638.84930,2022-02-28.3482940,bD,1.47,17.486,16.674,0.104,0.777,0.074,g
2459638.85055,2022-02-28.3495475,bD,1.45,17.447,16.434,0.086,0.970,0.076,g
2459638.85182,2022-02-28.3508107,bD,1.51,17.445,16.302,0.076,1.095,0.077,g
2459640.80268,2022-03-02.3018041,bD,1.46,17.492,16.346,0.076,1.050,0.073,g
2459640.80394,2022-03-02.3030631,bD,1.45,17.476,16.477,0.087,0.932,0.074,g
2459640.80521,2022-03-02.3043342,bD,1.46,17.459,16.471,0.088,0.937,0.076,g
2459642.71410,2022-03-04.2133471,bt,1.48,16.274,>16.274,99.990,0.705,0.225,g
2459642.71534,2022-03-04.2145888,bt,1.52,16.435,16.365,0.205,1.034,0.194,g
2459642.71656,2022-03-04.2158175,bt,1.55,15.075,>15.075,99.990,0.848,0.678,g
2459643.68809,2022-03-05.1874100,bt,1.65,17.320,16.314,0.087,1.082,0.086,g
2459643.68934,2022-03-05.1886555,bt,1.55,17.295,16.423,0.098,0.979,0.088,g
2459643.69056,2022-03-05.1898777,bt,1.59,17.303,16.518,0.106,0.898,0.087,g
2459643.71096,2022-03-05.2102746,bt,1.57,17.305,16.401,0.095,1.000,0.087,g
2459643.71220,2022-03-05.2115129,bt,1.67,17.289,16.305,0.088,1.092,0.088,g
2459643.71343,2022-03-05.2127420,bt,1.63,17.299,16.345,0.091,1.052,0.088,g
2459644.68840,2022-03-06.1877804,bt,1.48,17.296,16.445,0.100,0.960,0.088,g
2459644.68963,2022-03-06.1890164,bt,1.56,17.253,16.459,0.105,0.947,0.091,g
2459644.69087,2022-03-06.1902501,bt,1.55,17.392,16.529,0.099,0.888,0.080,g
2459644.74125,2022-03-06.2406425,bt,1.51,17.289,16.431,0.099,0.972,0.088,g
2459644.74251,2022-03-06.2418987,bt,1.49,17.299,16.479,0.103,0.930,0.088,g
2459644.74377,2022-03-06.24315,bt,1.46,17.357,16.429,0.093,0.974,0.083,g
2459645.74438,2022-03-07.2438362,bt,1.71,17.143,16.423,0.113,0.980,0.101,g
2459645.74563,2022-03-07.2450869,bt,1.72,17.092,16.106,0.088,1.311,0.106,g
2459645.74687,2022-03-07.2463299,bt,1.75,17.072,16.126,0.092,1.286,0.108,g
2459645.75212,2022-03-07.2515747,bt,1.7,17.261,16.478,0.106,0.931,0.091,g
2459645.75336,2022-03-07.2528223,bt,1.7,17.271,16.334,0.092,1.062,0.090,g
2459645.75463,2022-03-07.2540771,bt,1.66,17.141,16.293,0.100,1.103,0.101,g
2459647.69670,2022-03-09.1962893,bt,1.61,17.008,16.421,0.128,0.981,0.114,g
2459647.69794,2022-03-09.1975325,bt,1.6,17.194,16.297,0.096,1.099,0.096,g
2459647.69919,2022-03-09.1987675,bt,1.56,16.921,16.280,0.121,1.117,0.124,g
2459648.68982,2022-03-10.1894749,bt,1.54,16.975,16.628,0.159,0.810,0.118,g
2459648.69105,2022-03-10.1907060,bt,1.46,16.854,16.371,0.140,1.028,0.132,g
2459648.69229,2022-03-10.1919493,bt,1.5,16.833,16.499,0.161,0.912,0.134,g
2459650.77448,2022-03-12.2742693,bD,1.59,16.746,16.308,0.146,1.088,0.145,g
2459650.77574,2022-03-12.2755368,bD,1.52,16.881,16.650,0.177,0.794,0.129,g
2459650.77700,2022-03-12.2767976,bD,1.54,16.857,16.565,0.168,0.859,0.131,g
2459652.80355,2022-03-14.3034851,bD,1.5,16.540,>16.540,99.990,0.536,0.176,g
2459652.80482,2022-03-14.3047493,bD,1.52,16.548,16.160,0.153,1.248,0.175,g
2459652.80608,2022-03-14.3060134,bD,1.48,16.643,16.350,0.168,1.047,0.160,g
2459655.77502,2022-03-17.2751556,bD,1.5,15.480,>15.480,99.990,0.010,0.467,g
2459655.77627,2022-03-17.2764050,bD,1.5,15.746,>15.746,99.990,-0.497,0.365,g
2459655.77752,2022-03-17.2776584,bD,1.51,15.787,>15.787,99.990,1.210,0.352,g
2459656.79804,2022-03-18.2982549,bD,1.5,15.992,>15.992,99.990,-0.119,0.291,g
2459656.79932,2022-03-18.2995319,bD,1.58,16.020,>16.020,99.990,0.546,0.284,g
2459656.80058,2022-03-18.3007918,bD,1.56,15.897,>15.897,99.990,0.820,0.318,g
2459658.73385,2022-03-20.2341871,bD,1.74,17.319,16.624,0.116,0.813,0.086,g
2459658.73511,2022-03-20.2354501,bD,1.72,17.328,16.421,0.095,0.981,0.085,g
2459658.73636,2022-03-20.2367,bD,1.68,17.548,16.532,0.086,0.885,0.070,g
2459660.78326,2022-03-22.2837322,bD,1.48,17.192,16.217,0.089,1.183,0.097,g
2459660.78452,2022-03-22.2849954,bD,1.56,17.271,16.417,0.100,0.985,0.090,g
2459660.78579,2022-03-22.2862585,bD,1.57,17.102,15.520,0.051,2.249,0.105,g
2459664.76020,2022-03-26.2609440,bD,1.52,17.383,16.408,0.089,0.993,0.081,g
2459664.76144,2022-03-26.2621945,bD,1.53,17.337,16.509,0.102,0.904,0.084,g
2459664.76272,2022-03-26.2634626,bD,1.56,17.272,16.529,0.110,0.888,0.090,g
2459666.69702,2022-03-28.1978854,bt,1.49,17.208,16.741,0.142,0.731,0.095,g
2459667.74673,2022-03-29.247675,bD,1.56,14.421,>14.421,99.990,1.634,1.238,g
2459667.74800,2022-03-29.2489429,bD,1.54,13.607,>13.607,99.990,-0.027,2.619,g
2459667.74926,2022-03-29.2502000,bD,1.64,14.911,>14.911,99.990,0.250,0.788,g
2459669.74311,2022-03-31.2441802,bD,1.68,17.401,16.552,0.100,0.870,0.080,g
2459669.74437,2022-03-31.2454409,bD,1.6,17.515,16.676,0.101,0.776,0.072,g
2459669.74563,2022-03-31.2467053,bD,1.62,17.391,16.551,0.101,0.870,0.080,g
2459676.72892,2022-04-07.2304487,bD,1.57,16.335,>16.335,99.990,1.056,0.212,g
2459676.73020,2022-04-07.2317208,bD,1.65,16.592,16.328,0.172,1.068,0.168,g
2459676.73146,2022-04-07.2329862,bD,1.63,16.747,16.452,0.167,0.953,0.145,g
2459680.73356,2022-04-11.2353292,bD,2.08,16.476,>16.476,99.990,0.781,0.186,g
2459680.73481,2022-04-11.2365910,bD,2.05,16.581,16.460,0.196,0.947,0.169,g
2459680.73609,2022-04-11.2378587,bD,2.03,16.567,16.207,0.157,1.195,0.171,g
2459681.62061,2022-04-12.1224374,bt,1.65,16.539,>16.539,99.990,0.840,0.176,g
2459681.62184,2022-04-12.1236716,bt,1.61,16.497,>16.497,99.990,0.688,0.183,g
2459681.62307,2022-04-12.1249063,bt,1.65,16.457,16.268,0.184,1.129,0.190,g
2459687.63817,2022-04-18.1403556,bt,1.49,16.350,16.100,0.174,1.319,0.209,g
2459688.60463,2022-04-19.1068671,bt,2.26,99.990,99.990,99.990,99.990,99.990,g
2459688.60587,2022-04-19.1081033,bt,2.29,99.990,99.990,99.990,99.990,99.990,g
2459688.60711,2022-04-19.1093488,bt,2.31,99.990,99.990,99.990,99.990,99.990,g
2459690.62826,2022-04-21.1306072,bt,2.0,16.915,16.631,0.169,0.808,0.125,g
2459690.62950,2022-04-21.1318467,bt,2.01,16.932,15.976,0.091,1.479,0.123,g
2459692.60256,2022-04-23.1050153,bt,2.34,99.990,99.990,99.990,99.990,99.990,g
2459692.60379,2022-04-23.1062502,bt,2.36,99.990,99.990,99.990,99.990,99.990,g
2459692.60502,2022-04-23.1074799,bt,2.29,99.990,99.990,99.990,99.990,99.990,g
2459786.12224,2022-07-25.6254002,bD,1.54,16.072,>16.072,99.990,1.116,0.271,g
2459786.12350,2022-07-25.6266679,bD,1.63,15.896,>15.896,99.990,0.883,0.318,g
2459788.12168,2022-07-27.6247649,bD,1.51,16.431,16.340,0.202,1.058,0.195,g
2459788.12295,2022-07-27.6260288,bD,1.57,16.290,>16.290,99.990,0.865,0.221,g
2459788.12421,2022-07-27.6272870,bD,1.6,16.033,>16.033,99.990,0.445,0.280,g
2459792.96402,2022-08-01.4668776,bt,1.51,16.272,>16.272,99.990,0.672,0.225,g
2459792.96526,2022-08-01.4681263,bt,1.58,16.047,>16.047,99.990,0.293,0.277,g
2459792.96651,2022-08-01.4693752,bt,1.57,16.056,>16.056,99.990,0.589,0.275,g
2459803.08446,2022-08-11.5868028,bD,1.59,16.034,>16.034,99.990,0.308,0.280,g
2459803.08571,2022-08-11.5880593,bD,1.58,16.001,>16.001,99.990,0.687,0.289,g
2459803.08697,2022-08-11.5893230,bD,1.49,16.055,>16.055,99.990,0.751,0.275,g
2459804.08085,2022-08-12.5831378,bD,1.52,15.893,>15.893,99.990,0.752,0.319,g
2459804.08211,2022-08-12.5844017,bD,1.57,16.147,>16.147,99.990,0.468,0.252,g
2459804.08338,2022-08-12.5856658,bD,1.42,15.992,15.930,0.207,1.542,0.291,g
2459806.07520,2022-08-14.5773723,bD,1.44,16.538,>16.538,99.990,0.572,0.176,g
2459806.07645,2022-08-14.5786315,bD,1.44,16.433,>16.433,99.990,0.624,0.194,g
2459806.07772,2022-08-14.5798991,bD,1.45,16.281,16.110,0.187,1.306,0.223,g
2459810.07958,2022-08-18.5815333,bD,1.51,16.977,16.201,0.107,1.201,0.118,g
2459810.08086,2022-08-18.5828021,bD,1.5,16.932,16.367,0.130,1.031,0.123,g
2459814.10658,2022-08-22.6082837,bD,1.71,17.335,16.236,0.080,1.163,0.085,g
2459814.10784,2022-08-22.6095462,bD,1.78,17.172,16.380,0.106,1.018,0.098,g
2459814.10912,2022-08-22.6108247,bD,1.7,17.334,16.313,0.085,1.084,0.085,g
2459818.06518,2022-08-26.5666373,bD,1.47,17.403,16.379,0.085,1.020,0.080,g
2459818.06644,2022-08-26.5678989,bD,1.52,17.328,16.448,0.097,0.957,0.085,g
2459818.06769,2022-08-26.5691584,bD,1.48,17.339,16.529,0.104,0.888,0.084,g
2459820.04961,2022-08-28.5509445,bD,1.43,17.435,16.674,0.109,0.776,0.077,g
2459820.05086,2022-08-28.5521956,bD,1.46,17.432,16.581,0.100,0.846,0.077,g
2459820.05211,2022-08-28.5534443,bD,1.44,17.349,16.771,0.129,0.711,0.084,g
2459822.04594,2022-08-30.5471446,bD,1.47,17.513,16.777,0.111,0.707,0.072,g
2459822.04721,2022-08-30.5484091,bD,1.46,17.393,16.357,0.084,1.041,0.080,g
2459822.04846,2022-08-30.5496722,bD,1.46,17.414,16.437,0.089,0.966,0.079,g
2459824.04185,2022-09-01.5429254,bD,1.44,17.344,16.562,0.107,0.862,0.084,g
2459824.04310,2022-09-01.5441861,bD,1.43,17.410,16.458,0.091,0.948,0.079,g
2459824.04437,2022-09-01.5454489,bD,1.43,17.486,16.475,0.086,0.933,0.074,g
2459828.02744,2022-09-05.5282601,bD,1.53,17.322,16.440,0.097,0.964,0.086,g
2459828.02870,2022-09-05.5295149,bD,1.59,17.344,16.464,0.097,0.943,0.084,g
2459828.02994,2022-09-05.5307604,bD,1.53,17.377,16.538,0.101,0.881,0.081,g
2459828.93435,2022-09-06.4351165,bt,1.48,17.202,16.352,0.100,1.045,0.096,g
2459828.93559,2022-09-06.4363482,bt,1.52,17.341,16.742,0.126,0.730,0.084,g
2459828.93682,2022-09-06.4375858,bt,1.47,17.294,16.398,0.096,1.002,0.088,g
2459830.88433,2022-09-08.3849527,bt,1.59,16.080,>16.080,99.990,1.001,0.269,g
2459830.88557,2022-09-08.3861980,bt,1.53,16.113,>16.113,99.990,1.005,0.261,g
2459830.88682,2022-09-08.3874422,bt,1.5,16.212,>16.212,99.990,1.083,0.238,g
2459831.89143,2022-09-09.3919928,bt,1.54,13.842,>13.842,99.990,-5.038,2.114,g
2459831.89266,2022-09-09.3932290,bt,1.45,13.678,>13.678,99.990,5.381,2.461,g
2459831.89390,2022-09-09.3944674,bt,1.4,99.990,99.990,99.990,99.990,99.990,g
2459833.03905,2022-09-10.5395348,bD,1.59,16.070,>16.070,99.990,0.731,0.271,g
2459833.04032,2022-09-10.5408013,bD,1.53,16.029,>16.029,99.990,1.066,0.282,g
2459833.04158,2022-09-10.5420653,bD,1.54,16.087,>16.087,99.990,0.849,0.267,g
2459835.00950,2022-09-12.5098603,bD,1.52,14.984,>14.984,99.990,1.056,0.737,g
2459835.01078,2022-09-12.5111289,bD,1.48,14.122,>14.122,99.990,1.137,1.631,g
2459835.01203,2022-09-12.5123895,bD,1.53,15.014,>15.014,99.990,1.237,0.717,g
2459838.00222,2022-09-15.5023783,bD,1.5,16.651,>16.651,99.990,0.752,0.159,g
2459838.00349,2022-09-15.5036414,bD,1.48,16.816,16.695,0.196,0.762,0.136,g
2459838.00475,2022-09-15.5049046,bD,1.46,16.636,16.231,0.151,1.169,0.161,g
2459838.85328,2022-09-16.3533729,bt,1.48,16.684,>16.684,99.990,0.584,0.154,g
2459838.85451,2022-09-16.3546052,bt,1.48,16.542,16.008,0.134,1.435,0.176,g
2459838.85576,2022-09-16.3558541,bt,1.49,16.487,16.472,0.216,0.936,0.185,g
2459839.85643,2022-09-17.3564553,bt,1.48,16.787,16.297,0.140,1.099,0.140,g
2459839.85767,2022-09-17.3576949,bt,1.47,16.822,16.368,0.144,1.029,0.136,g
2459839.85892,2022-09-17.3589484,bt,1.51,16.829,16.476,0.159,0.932,0.135,g
2459842.13582,2022-09-19.6357009,bD,2.03,17.015,16.922,0.201,0.619,0.113,g
2459842.13709,2022-09-19.6369579,bD,2.02,16.924,16.325,0.126,1.071,0.123,g
2459842.13835,2022-09-19.6382234,bD,2.02,16.774,16.255,0.136,1.144,0.142,g
2459843.98783,2022-09-21.4875758,bD,1.51,17.379,16.646,0.111,0.797,0.081,g
2459843.98910,2022-09-21.4888482,bD,1.53,17.382,16.374,0.086,1.024,0.081,g
2459843.99035,2022-09-21.4901026,bD,1.47,17.376,16.640,0.111,0.802,0.081,g
2459844.84512,2022-09-22.3448063,bt,1.47,17.275,16.517,0.109,0.898,0.089,g
2459844.84637,2022-09-22.3460575,bt,1.44,17.230,16.382,0.100,1.017,0.093,g
2459844.84761,2022-09-22.3472945,bt,1.54,17.310,16.770,0.133,0.711,0.087,g
2459845.97410,2022-09-23.4737222,bD,1.44,17.158,16.672,0.140,0.778,0.100,g
2459845.97537,2022-09-23.4749864,bD,1.41,17.270,16.492,0.107,0.918,0.090,g
2459845.97662,2022-09-23.4762364,bD,1.43,17.243,16.556,0.116,0.866,0.092,g
2459846.92415,2022-09-24.4237012,bt,1.48,17.527,16.654,0.098,0.792,0.071,g
2459846.92539,2022-09-24.4249348,bt,1.54,17.354,16.632,0.113,0.807,0.083,g
2459846.92662,2022-09-24.4261695,bt,1.49,17.387,16.520,0.098,0.896,0.081,g
2459848.06124,2022-09-25.5607233,bD,1.46,17.338,16.521,0.103,0.895,0.084,g
2459848.06251,2022-09-25.5619861,bD,1.47,17.283,16.563,0.113,0.861,0.089,g
2459848.06378,2022-09-25.5632510,bD,1.46,17.152,16.498,0.120,0.914,0.100,g
2459849.83984,2022-09-27.3391988,bt,1.45,17.203,16.280,0.094,1.117,0.096,g
2459849.84109,2022-09-27.3404438,bt,1.44,17.215,16.403,0.104,0.998,0.095,g
2459849.84235,2022-09-27.3417006,bt,1.46,17.329,16.455,0.098,0.951,0.085,g
2459850.85038,2022-09-28.3496594,bt,1.55,17.258,16.565,0.116,0.859,0.091,g
2459850.85162,2022-09-28.3509082,bt,1.52,17.485,16.927,0.131,0.616,0.074,g
2459850.85287,2022-09-28.3521501,bt,1.57,17.300,16.410,0.096,0.992,0.087,g
2459851.87836,2022-09-29.3775924,bt,1.47,17.388,16.494,0.096,0.917,0.081,g
2459851.87963,2022-09-29.3788517,bt,1.44,17.458,16.717,0.111,0.747,0.076,g
2459851.88089,2022-09-29.3801144,bt,1.45,17.473,16.527,0.092,0.889,0.075,g
2459853.08783,2022-09-30.5869684,bD,1.46,17.378,16.393,0.088,1.006,0.081,g
2459853.08909,2022-09-30.5882291,bD,1.54,17.351,16.369,0.089,1.029,0.083,g
2459853.09035,2022-09-30.5894885,bD,1.49,17.385,16.370,0.086,1.029,0.081,g
2459853.91113,2022-10-01.4102163,bt,1.44,15.407,>15.407,99.990,1.129,0.500,g
2459853.91236,2022-10-01.4114431,bt,1.49,15.717,>15.717,99.990,0.527,0.375,g
2459853.91360,2022-10-01.4126849,bt,1.5,16.288,>16.288,99.990,0.951,0.222,g
2459854.94822,2022-10-02.4472351,bD,1.46,17.264,16.374,0.096,1.024,0.090,g
2459854.94947,2022-10-02.4484969,bD,1.49,17.407,16.672,0.111,0.778,0.079,g
2459854.95074,2022-10-02.4497599,bD,1.48,17.397,16.333,0.082,1.063,0.080,g
2459855.81446,2022-10-03.3134281,bt,1.51,17.261,16.720,0.133,0.745,0.091,g
2459855.81570,2022-10-03.3146601,bt,1.41,17.154,16.595,0.131,0.835,0.100,g
2459855.81693,2022-10-03.3158960,bt,1.51,17.169,16.511,0.119,0.903,0.099,g
2459860.94087,2022-10-08.4395034,bD,1.51,16.215,>16.215,99.990,0.337,0.237,g
2459860.94213,2022-10-08.4407626,bD,1.47,16.228,>16.228,99.990,0.890,0.234,g
2459860.94340,2022-10-08.4420375,bD,1.44,16.225,>16.225,99.990,0.554,0.235,g
2459864.77753,2022-10-12.2759255,bt,1.55,15.362,15.208,0.190,2.998,0.521,g
2459864.77879,2022-10-12.2771741,bt,1.54,15.164,>15.164,99.990,1.085,0.625,g
2459864.78004,2022-10-12.2784299,bt,1.59,15.386,>15.386,99.990,0.644,0.509,g
2459865.81713,2022-10-13.3154535,bt,1.52,15.760,>15.760,99.990,0.452,0.361,g
2459865.81837,2022-10-13.3166913,bt,1.53,15.583,15.390,0.184,2.535,0.425,g
2459865.81960,2022-10-13.3179266,bt,1.51,15.719,>15.719,99.990,0.565,0.374,g
2459866.83330,2022-10-14.3315634,bt,1.47,14.785,>14.785,99.990,2.322,0.886,g
2459866.83454,2022-10-14.3328027,bt,1.44,15.076,>15.076,99.990,-1.747,0.677,g
2459866.83577,2022-10-14.3340388,bt,1.59,15.507,>15.507,99.990,1.572,0.456,g
2459868.90852,2022-10-16.4066586,bD,1.47,16.807,16.605,0.182,0.827,0.138,g
2459868.90978,2022-10-16.4079239,bD,1.56,17.032,16.097,0.093,1.322,0.112,g
2459868.91105,2022-10-16.4091881,bD,1.49,16.788,16.375,0.150,1.023,0.140,g
2459871.90682,2022-10-19.4047937,bD,1.49,17.475,16.485,0.088,0.925,0.074,g
2459871.90809,2022-10-19.4060579,bD,1.54,17.389,16.605,0.106,0.828,0.080,g
2459871.90935,2022-10-19.4073223,bD,1.53,17.429,16.486,0.092,0.924,0.078,g
2459873.04097,2022-10-20.5388699,bD,1.46,17.287,16.566,0.113,0.859,0.088,g
2459873.04223,2022-10-20.5401350,bD,1.45,17.493,16.747,0.110,0.726,0.073,g
2459873.04349,2022-10-20.5413940,bD,1.51,17.418,16.577,0.101,0.850,0.078,g
2459874.09092,2022-10-21.5887628,bD,1.55,17.268,16.291,0.089,1.106,0.090,g
2459874.09217,2022-10-21.5900166,bD,1.52,17.262,16.173,0.080,1.232,0.091,g
2459874.09343,2022-10-21.5912782,bD,1.5,17.482,16.437,0.084,0.966,0.074,g
2459874.95263,2022-10-22.4504266,bt,1.52,17.206,16.558,0.121,0.865,0.095,g
2459874.95387,2022-10-22.4516674,bt,1.48,17.349,16.453,0.096,0.952,0.084,g
2459874.95511,2022-10-22.4529071,bt,1.48,17.276,16.668,0.125,0.781,0.089,g
2459876.94620,2022-10-24.4438883,bD,1.77,17.440,16.370,0.082,1.028,0.077,g
2459876.94747,2022-10-24.4451534,bD,1.97,17.382,16.414,0.090,0.988,0.081,g
2459876.94872,2022-10-24.4464025,bD,1.96,17.349,16.556,0.105,0.867,0.083,g
2459878.75321,2022-10-26.2507935,bt,1.52,17.234,16.442,0.105,0.963,0.093,g
2459878.75446,2022-10-26.2520434,bt,1.63,17.396,16.729,0.118,0.739,0.080,g
2459878.75571,2022-10-26.2532991,bt,1.56,17.267,16.655,0.125,0.791,0.090,g
2459882.86473,2022-10-30.3621076,bt,1.44,17.332,16.326,0.087,1.070,0.085,g
2459882.86599,2022-10-30.3633633,bt,1.5,17.405,16.491,0.094,0.919,0.079,g
2459882.86724,2022-10-30.3646192,bt,1.48,17.434,16.610,0.102,0.825,0.077,g
2459883.87538,2022-10-31.3727150,bt,1.49,15.478,>15.478,99.990,2.103,0.468,g
2459883.87661,2022-10-31.3739439,bt,1.59,15.102,>15.102,99.990,0.155,0.661,g
2459883.87785,2022-10-31.3751831,bt,1.51,15.188,>15.188,99.990,1.792,0.611,g
2459884.95087,2022-11-01.4481495,bt,1.49,17.297,16.449,0.100,0.956,0.088,g
2459884.95213,2022-11-01.4494018,bt,1.46,17.311,16.624,0.116,0.814,0.087,g
2459884.95338,2022-11-01.4506518,bt,1.48,17.233,16.319,0.094,1.078,0.093,g
2459885.93527,2022-11-02.4324981,bt,1.49,17.325,16.361,0.090,1.036,0.085,g
2459885.93650,2022-11-02.4337256,bt,1.47,17.229,16.412,0.103,0.989,0.093,g
2459885.93775,2022-11-02.4349767,bt,1.52,17.307,16.407,0.096,0.993,0.087,g
2459886.92861,2022-11-03.4257870,bt,1.5,17.393,16.636,0.109,0.805,0.080,g
2459886.92983,2022-11-03.4270180,bt,1.59,17.275,16.568,0.114,0.857,0.089,g
2459887.93057,2022-11-04.4277012,bt,1.51,17.268,16.331,0.092,1.066,0.090,g
2459887.93181,2022-11-04.4289430,bt,1.48,17.367,16.415,0.091,0.987,0.082,g
2459887.93305,2022-11-04.4301825,bt,1.54,17.359,16.620,0.111,0.817,0.083,g
2459889.94102,2022-11-06.4380650,bt,1.67,16.550,16.215,0.161,1.185,0.174,g
2459889.94226,2022-11-06.4393130,bt,1.6,16.621,>16.621,99.990,0.762,0.163,g
2459889.94349,2022-11-06.4405398,bt,1.6,16.540,16.190,0.159,1.213,0.176,g
2459890.92535,2022-11-07.42235,bt,1.45,16.226,>16.226,99.990,0.903,0.235,g
2459890.92658,2022-11-07.4235822,bt,1.54,16.241,>16.241,99.990,0.912,0.232,g
2459890.92785,2022-11-07.4248517,bt,1.5,16.164,>16.164,99.990,0.902,0.249,g
2459891.92511,2022-11-08.4220754,bt,1.48,15.157,>15.157,99.990,-0.575,0.629,g
2459891.92635,2022-11-08.4233168,bt,1.49,16.118,>16.118,99.990,0.484,0.259,g
2459891.92759,2022-11-08.4245563,bt,1.51,16.189,>16.189,99.990,0.665,0.243,g
2459893.69991,2022-11-10.1967899,bt,1.49,15.906,>15.906,99.990,0.830,0.315,g
2459893.70114,2022-11-10.1980270,bt,1.65,16.066,>16.066,99.990,1.172,0.272,g
2459893.70239,2022-11-10.1992796,bt,1.53,15.934,>15.934,99.990,0.824,0.307,g
2459894.71251,2022-11-11.2093575,bt,1.48,16.183,>16.183,99.990,0.839,0.244,g
2459894.71375,2022-11-11.2105931,bt,1.5,16.200,16.191,0.218,1.212,0.241,g
2459894.71499,2022-11-11.2118318,bt,1.47,16.215,>16.215,99.990,0.903,0.237,g
2459895.70061,2022-11-12.1974158,bt,1.66,15.919,>15.919,99.990,1.319,0.312,g
2459895.70185,2022-11-12.1986567,bt,1.56,16.356,16.147,0.181,1.263,0.208,g
2459895.70308,2022-11-12.1998878,bt,1.53,16.272,>16.272,99.990,0.910,0.225,g
2459897.70349,2022-11-14.2002166,bt,1.6,16.764,16.311,0.144,1.085,0.143,g
2459897.70474,2022-11-14.2014644,bt,1.51,16.808,16.723,0.203,0.743,0.137,g
2459897.70597,2022-11-14.2026990,bt,1.53,16.877,16.836,0.211,0.670,0.129,g
2459900.85651,2022-11-17.3531327,bD,1.51,17.418,16.506,0.094,0.908,0.078,g
2459900.85777,2022-11-17.3543967,bD,1.54,17.349,16.506,0.101,0.907,0.084,g
2459900.85904,2022-11-17.3556623,bD,1.59,17.365,16.401,0.090,0.999,0.082,g
2459906.84468,2022-11-23.3411158,bD,1.53,17.389,16.477,0.094,0.932,0.080,g
2459906.84593,2022-11-23.3423740,bD,1.58,17.415,16.463,0.091,0.944,0.079,g
2459906.84718,2022-11-23.3436261,bD,1.64,17.316,16.283,0.084,1.114,0.086,g
2459909.01174,2022-11-25.5081241,bD,1.62,17.388,16.200,0.073,1.202,0.081,g
2459909.01300,2022-11-25.5093848,bD,1.65,17.312,16.180,0.077,1.224,0.086,g
2459909.01427,2022-11-25.5106525,bD,1.58,17.313,16.114,0.072,1.301,0.086,g
2459909.03237,2022-11-25.5287565,bD,1.46,17.468,16.421,0.083,0.981,0.075,g
2459909.03363,2022-11-25.5300136,bD,1.47,17.402,16.431,0.090,0.972,0.080,g
2459909.03490,2022-11-25.5312835,bD,1.52,17.543,16.586,0.091,0.843,0.070,g
2459909.91596,2022-11-26.4123200,bD,1.52,17.372,16.493,0.097,0.919,0.082,g
2459909.91722,2022-11-26.4135853,bD,1.51,17.350,16.268,0.081,1.129,0.084,g
2459909.91849,2022-11-26.4148482,bD,1.48,17.405,16.484,0.094,0.926,0.079,g
2459909.96574,2022-11-26.4620982,bD,1.45,17.449,16.581,0.098,0.846,0.076,g
2459909.96700,2022-11-26.4633613,bD,1.45,17.382,16.371,0.086,1.028,0.081,g
2459909.96827,2022-11-26.4646243,bD,1.47,17.432,16.536,0.096,0.883,0.077,g
2459910.97301,2022-11-27.4693582,bD,1.51,99.990,99.990,99.990,99.990,99.990,g
2459915.02513,2022-12-01.5213880,bD,1.65,17.403,16.259,0.076,1.138,0.080,g
2459915.02639,2022-12-01.5226537,bD,1.69,17.389,16.452,0.092,0.953,0.081,g
2459915.02764,2022-12-01.5239048,bD,1.65,17.455,16.261,0.073,1.137,0.076,g
2459915.83806,2022-12-02.3343033,bD,1.46,16.767,16.429,0.161,0.974,0.143,g
2459915.83932,2022-12-02.3355671,bD,1.43,16.723,16.274,0.145,1.123,0.149,g
2459915.84058,2022-12-02.3368315,bD,1.43,16.734,16.519,0.180,0.896,0.147,g
2459916.78433,2022-12-03.2805541,bD,1.46,16.129,16.044,0.203,1.389,0.257,g
2459916.78560,2022-12-03.2818288,bD,1.53,15.653,>15.653,99.990,0.909,0.398,g
2459916.78687,2022-12-03.2830953,bD,1.59,15.769,>15.769,99.990,1.469,0.358,g
2459917.81985,2022-12-04.3160583,bD,1.63,16.418,16.289,0.195,1.108,0.197,g
2459917.82111,2022-12-04.3173214,bD,1.73,16.227,>16.227,99.990,1.163,0.235,g
2459917.82237,2022-12-04.3185840,bD,1.61,16.455,16.206,0.175,1.195,0.190,g
2459917.86119,2022-12-04.3573959,bD,1.53,16.742,16.680,0.207,0.773,0.146,g
2459917.86244,2022-12-04.3586517,bD,1.51,16.562,16.191,0.156,1.212,0.172,g
2459917.86369,2022-12-04.3599074,bD,1.49,16.557,16.412,0.192,0.989,0.173,g
2459923.95016,2022-12-10.4463062,bD,1.55,15.159,>15.159,99.990,1.762,0.627,g
2459926.64537,2022-12-13.1415038,bt,1.55,17.318,16.501,0.103,0.911,0.086,g
2459926.64660,2022-12-13.1427314,bt,1.57,17.321,16.752,0.130,0.723,0.086,g
2459926.64783,2022-12-13.1439592,bt,1.54,17.298,16.434,0.099,0.969,0.088,g
2459927.65829,2022-12-14.1544122,bt,1.64,17.189,16.421,0.108,0.981,0.097,g
2459927.65953,2022-12-14.1556530,bt,1.6,17.175,16.165,0.086,1.242,0.098,g
2459927.66078,2022-12-14.1569100,bt,1.7,17.198,16.270,0.093,1.127,0.096,g
2459927.67739,2022-12-14.1735143,bt,1.59,17.243,16.399,0.101,1.001,0.092,g
2459927.67862,2022-12-14.1747476,bt,1.58,17.311,16.330,0.089,1.066,0.087,g
2459927.67987,2022-12-14.1759917,bt,1.54,17.316,16.303,0.086,1.093,0.086,g
2459927.87640,2022-12-14.3725268,bt,1.62,15.875,>15.875,99.990,0.841,0.324,g
2459927.87765,2022-12-14.3737827,bt,1.58,16.286,15.998,0.168,1.449,0.222,g
2459927.87890,2022-12-14.3750268,bt,1.67,16.148,>16.148,99.990,0.715,0.252,g
2459928.63645,2022-12-15.1325766,bt,1.57,17.316,16.381,0.093,1.017,0.086,g
2459928.63768,2022-12-15.1338045,bt,1.6,17.254,16.360,0.096,1.038,0.091,g
2459928.63892,2022-12-15.1350488,bt,1.6,17.380,16.259,0.078,1.139,0.081,g
2459928.98361,2022-12-15.4797317,bD,1.56,17.190,16.956,0.177,0.600,0.097,g
2459928.98487,2022-12-15.4809957,bD,1.55,17.079,16.509,0.130,0.904,0.107,g
2459928.98612,2022-12-15.4822459,bD,1.54,17.089,16.575,0.136,0.852,0.106,g
2459929.59600,2022-12-16.0921289,bt,1.51,17.169,16.380,0.106,1.018,0.099,g
2459929.59724,2022-12-16.0933696,bt,1.52,17.275,16.383,0.096,1.015,0.089,g
2459929.59850,2022-12-16.0946255,bt,1.47,17.161,16.548,0.124,0.873,0.099,g
2459934.69627,2022-12-21.1924114,bt,1.51,16.766,>16.766,99.990,0.598,0.143,g
2459934.69750,2022-12-21.1936346,bt,1.54,16.721,16.498,0.178,0.914,0.149,g
2459934.69873,2022-12-21.1948664,bt,1.59,16.805,16.674,0.194,0.777,0.138,g
2459964.79244,2023-01-20.2892737,bD,1.48,17.443,16.441,0.087,0.963,0.077,g
2459964.79370,2023-01-20.2905420,bD,1.53,16.391,>16.391,99.990,0.299,0.202,g
2459964.79497,2023-01-20.2918018,bD,1.51,17.482,16.406,0.081,0.994,0.074,g
2459966.78573,2023-01-22.2826454,bD,1.43,17.540,16.437,0.079,0.967,0.070,g
2459966.78698,2023-01-22.2839025,bD,1.45,17.505,16.669,0.101,0.781,0.072,g
2459966.78825,2023-01-22.2851663,bD,1.45,17.493,16.516,0.089,0.899,0.073,g
2459966.93870,2023-01-22.4356133,bD,1.47,17.339,16.401,0.092,1.000,0.084,g
2459966.93996,2023-01-22.4368778,bD,1.47,17.436,16.398,0.084,1.002,0.077,g
2459966.94122,2023-01-22.4381429,bD,1.44,17.586,16.590,0.087,0.840,0.067,g
2459967.86591,2023-01-23.3628789,bt,1.6,17.172,16.731,0.146,0.738,0.098,g
2459967.86718,2023-01-23.3641336,bt,1.51,17.066,16.689,0.155,0.767,0.108,g
2459967.86843,2023-01-23.3653921,bt,1.52,17.144,16.524,0.124,0.893,0.101,g
2459969.85117,2023-01-25.3482119,bt,2.18,16.819,16.152,0.118,1.257,0.136,g
2459969.85240,2023-01-25.3494490,bt,2.16,16.827,16.156,0.118,1.253,0.135,g
2459969.85364,2023-01-25.3506910,bt,2.17,16.866,16.210,0.120,1.191,0.130,g
2459984.82585,2023-02-09.3236530,bt,1.73,16.095,15.777,0.163,1.776,0.265,g
2459984.82709,2023-02-09.3248934,bt,1.68,16.015,>16.015,99.990,1.182,0.285,g
2459984.82833,2023-02-09.3261343,bt,1.99,16.018,>16.018,99.990,1.298,0.284,g
2459995.76753,2023-02-20.2659943,bt,1.62,15.463,>15.463,99.990,0.688,0.474,g
2459995.76879,2023-02-20.2672413,bt,1.54,16.980,16.528,0.144,0.889,0.117,g
2459995.77004,2023-02-20.2684925,bt,1.55,16.930,16.335,0.127,1.062,0.123,g
2460019.80434,2023-03-16.3043995,bD,1.51,17.100,16.584,0.136,0.845,0.105,g
2460019.80560,2023-03-16.3056493,bD,1.5,17.311,16.578,0.112,0.849,0.087,g
2460019.80958,2023-03-16.3096271,bD,1.48,17.145,16.848,0.167,0.662,0.101,g
2460019.81869,2023-03-16.3187399,bD,1.45,14.428,>14.428,99.990,1.917,1.230,g
2460019.81995,2023-03-16.3200016,bD,1.45,14.684,>14.684,99.990,2.136,0.972,g
2460019.82120,2023-03-16.3212561,bD,1.42,15.112,>15.112,99.990,1.229,0.655,g
2460020.79041,2023-03-17.2905228,bD,1.64,99.990,99.990,99.990,99.990,99.990,g
2460020.79167,2023-03-17.2917856,bD,1.64,99.990,99.990,99.990,99.990,99.990,g
2460020.79293,2023-03-17.2930508,bD,1.63,14.071,>14.071,99.990,2.493,1.709,g
2460021.80175,2023-03-18.3019387,bD,1.54,17.219,16.555,0.119,0.867,0.094,g
2460021.80300,2023-03-18.3031938,bD,1.57,17.286,16.511,0.107,0.903,0.089,g
2460021.80426,2023-03-18.3044532,bD,1.58,17.239,16.414,0.102,0.987,0.092,g
2460028.76530,2023-03-25.2659554,bD,1.52,17.331,16.439,0.096,0.965,0.085,g
2460028.76655,2023-03-25.2672136,bD,1.46,17.302,16.360,0.092,1.037,0.087,g
2460028.76782,2023-03-25.2684765,bD,1.49,17.411,16.502,0.095,0.911,0.079,g
2460030.77745,2023-03-27.2782491,bD,1.51,17.083,16.478,0.126,0.931,0.107,g
2460030.77872,2023-03-27.2795107,bD,1.53,17.155,16.474,0.117,0.934,0.100,g
2460030.77997,2023-03-27.2807733,bD,1.47,17.159,16.669,0.140,0.781,0.099,g
2460035.74692,2023-04-01.2480380,bD,2.05,14.529,>14.529,99.990,1.270,1.121,g
2460035.74817,2023-04-01.2493017,bD,1.98,14.049,>14.049,99.990,-0.898,1.744,g
2460035.74944,2023-04-01.2505642,bD,2.03,14.495,>14.495,99.990,-3.153,1.157,g
2460041.75082,2023-04-07.2523358,bD,1.52,16.596,16.581,0.216,0.846,0.167,g
2460041.75210,2023-04-07.2536091,bD,1.52,16.492,>16.492,99.990,0.619,0.184,g
2460041.75338,2023-04-07.2548850,bD,1.59,16.472,>16.472,99.990,0.654,0.187,g
2460045.74219,2023-04-11.2439479,bD,1.76,99.990,99.990,99.990,99.990,99.990,g
2460045.74346,2023-04-11.2452134,bD,1.64,99.990,99.990,99.990,99.990,99.990,g
2460045.74471,2023-04-11.2464677,bD,1.78,99.990,99.990,99.990,99.990,99.990,g
2460046.72982,2023-04-12.2316413,bD,1.42,15.709,>15.709,99.990,0.497,0.378,g
2460046.73109,2023-04-12.2329100,bD,1.47,15.563,>15.563,99.990,0.990,0.433,g
2460046.73235,2023-04-12.2341716,bD,1.4,16.151,>16.151,99.990,0.764,0.252,g
2460153.12549,2023-07-27.6285776,bD,1.63,15.864,>15.864,99.990,0.917,0.328,g
2460154.12527,2023-07-28.6283208,bD,2.22,15.970,>15.970,99.990,0.785,0.297,g
2460154.12654,2023-07-28.6295803,bD,2.29,15.755,>15.755,99.990,1.160,0.362,g
2460155.11984,2023-07-29.6228431,bD,1.48,16.696,16.435,0.172,0.968,0.152,g
2460155.12108,2023-07-29.6240795,bD,1.47,16.706,>16.706,99.990,0.533,0.151,g
2460155.12233,2023-07-29.6253331,bD,1.47,16.462,16.442,0.215,0.963,0.189,g
2460172.08583,2023-08-15.5879631,bD,1.56,17.367,16.332,0.084,1.065,0.082,g
2460178.05828,2023-08-21.5600630,bD,1.47,17.420,16.357,0.082,1.040,0.078,g
2460178.05952,2023-08-21.5613074,bD,1.47,17.336,16.365,0.089,1.033,0.085,g
2460178.06077,2023-08-21.5625583,bD,1.49,17.338,16.598,0.111,0.833,0.084,g
2460179.06275,2023-08-22.5644677,bD,1.71,17.279,16.171,0.079,1.235,0.089,g
2460179.06402,2023-08-22.5657512,bD,1.74,17.128,16.174,0.091,1.232,0.102,g
2460179.06529,2023-08-22.5670084,bD,1.71,17.199,16.167,0.085,1.240,0.096,g
2460181.92186,2023-08-25.4233983,bt,1.5,16.779,>16.779,99.990,0.423,0.141,g
2460181.92337,2023-08-25.4249174,bt,1.49,16.936,16.315,0.124,1.082,0.122,g
2460181.92487,2023-08-25.4264225,bt,1.47,17.035,16.472,0.131,0.935,0.112,g
2460186.04126,2023-08-29.5425504,bD,1.57,16.178,>16.178,99.990,0.527,0.245,g
2460186.04250,2023-08-29.5437862,bD,1.5,16.249,>16.249,99.990,0.563,0.230,g
2460186.04376,2023-08-29.5450432,bD,1.49,16.248,>16.248,99.990,0.905,0.230,g
2460192.02543,2023-09-04.5263258,bD,1.5,16.730,16.660,0.206,0.787,0.148,g
2460192.02667,2023-09-04.5275747,bD,1.51,16.676,16.342,0.161,1.056,0.155,g
2460192.02792,2023-09-04.5288190,bD,1.49,16.658,16.235,0.148,1.164,0.158,g
2460199.12928,2023-09-11.6297122,bD,1.47,17.282,16.591,0.116,0.839,0.089,g
2460199.13053,2023-09-11.6309603,bD,1.45,17.267,16.522,0.110,0.894,0.090,g
2460199.13178,2023-09-11.6322001,bD,1.47,17.252,16.440,0.104,0.964,0.091,g
2460201.90983,2023-09-14.4100628,bt,1.54,17.450,16.811,0.122,0.685,0.076,g
2460201.91127,2023-09-14.4115194,bt,1.46,17.277,16.494,0.106,0.917,0.089,g
2460201.91274,2023-09-14.4129745,bt,1.46,17.297,16.569,0.112,0.856,0.088,g
2460203.00836,2023-09-15.5085268,bD,1.48,17.312,16.642,0.118,0.800,0.086,g
2460203.00960,2023-09-15.5097686,bD,1.52,17.468,16.572,0.096,0.854,0.075,g
2460203.01084,2023-09-15.5110104,bD,1.5,17.416,16.431,0.088,0.972,0.079,g
2460207.00742,2023-09-19.5073201,bD,1.52,17.355,16.618,0.111,0.818,0.083,g
2460207.00866,2023-09-19.5085598,bD,1.49,17.393,16.714,0.117,0.749,0.080,g
2460207.00992,2023-09-19.5098156,bD,1.56,17.339,16.380,0.090,1.019,0.084,g
2460210.85094,2023-09-23.3505789,bt,1.44,17.348,16.347,0.087,1.051,0.084,g
2460210.85245,2023-09-23.3520812,bt,1.51,17.175,16.788,0.153,0.700,0.098,g
2460210.85391,2023-09-23.3535479,bt,1.48,17.342,16.487,0.100,0.923,0.084,g
2460212.96538,2023-09-25.4648732,bD,1.47,16.643,16.438,0.182,0.966,0.160,g
2460212.96662,2023-09-25.4661243,bD,1.48,16.649,16.550,0.200,0.871,0.159,g
2460212.96787,2023-09-25.4673755,bD,1.52,16.705,16.703,0.219,0.757,0.151,g
2460216.08546,2023-09-28.5847524,bD,1.5,16.437,16.138,0.167,1.273,0.193,g
2460216.08671,2023-09-28.5859932,bD,1.51,16.452,>16.452,99.990,0.451,0.191,g
2460216.08796,2023-09-28.5872467,bD,1.58,16.420,>16.420,99.990,0.844,0.196,g
2460220.97986,2023-10-03.4788331,bD,1.49,16.528,16.484,0.211,0.926,0.178,g
2460220.98111,2023-10-03.4800804,bD,1.5,16.452,>16.452,99.990,0.851,0.191,g
2460220.98236,2023-10-03.4813258,bD,1.39,16.435,16.246,0.184,1.153,0.194,g
2460222.95611,2023-10-05.4549442,bD,1.48,16.712,16.333,0.155,1.064,0.150,g
2460222.95736,2023-10-05.4561929,bD,1.48,16.850,16.559,0.168,0.864,0.132,g
2460222.95861,2023-10-05.4574486,bD,1.52,16.851,16.826,0.214,0.676,0.132,g
2460225.07403,2023-10-07.5727402,bD,1.48,17.219,16.451,0.108,0.954,0.094,g
2460225.07528,2023-10-07.5739914,bD,1.48,17.194,16.685,0.137,0.770,0.096,g
2460225.07655,2023-10-07.5752564,bD,1.48,17.129,16.578,0.132,0.849,0.102,g
2460226.96440,2023-10-09.4629820,bD,1.45,17.311,16.311,0.087,1.085,0.087,g
2460226.96564,2023-10-09.4642283,bD,1.52,17.450,16.561,0.097,0.861,0.076,g
2460226.96688,2023-10-09.4654728,bD,1.45,17.255,16.646,0.125,0.798,0.091,g
2460227.91503,2023-10-10.4135500,bt,1.67,17.002,16.273,0.112,1.124,0.115,g
2460227.91625,2023-10-10.4147707,bt,1.68,16.967,16.478,0.140,0.931,0.119,g
2460227.91749,2023-10-10.4160054,bt,1.7,16.917,16.536,0.154,0.882,0.124,g
2460229.77718,2023-10-12.2755863,bt,1.54,17.193,16.591,0.126,0.839,0.096,g
2460229.77839,2023-10-12.2768060,bt,1.56,17.259,16.516,0.110,0.899,0.091,g
2460229.77962,2023-10-12.2780348,bt,1.55,17.101,16.584,0.136,0.844,0.105,g
2460230.79086,2023-10-13.2891990,bt,1.5,17.167,16.423,0.110,0.979,0.099,g
2460230.79207,2023-10-13.2904232,bt,1.51,17.133,16.477,0.120,0.932,0.102,g
2460230.79330,2023-10-13.2916484,bt,1.5,17.260,16.703,0.131,0.756,0.091,g
2460231.78507,2023-10-14.2833615,bt,1.47,17.090,16.444,0.121,0.960,0.106,g
2460231.78630,2023-10-14.2845949,bt,1.48,17.207,16.301,0.095,1.096,0.095,g
2460231.78754,2023-10-14.2858274,bt,1.47,17.260,16.393,0.099,1.006,0.091,g
2460231.98621,2023-10-14.4844840,bt,1.51,17.270,16.350,0.094,1.048,0.090,g
2460231.98743,2023-10-14.4857012,bt,1.49,17.310,16.463,0.100,0.944,0.087,g
2460231.98864,2023-10-14.4869196,bt,1.51,17.126,16.659,0.142,0.788,0.103,g
2460233.78433,2023-10-16.2824974,bt,1.52,17.159,16.521,0.122,0.895,0.099,g
2460233.78557,2023-10-16.2837309,bt,1.48,17.300,16.446,0.100,0.958,0.087,g
2460233.78679,2023-10-16.2849562,bt,1.45,17.176,16.635,0.133,0.806,0.098,g
2460234.78198,2023-10-17.2800912,bt,1.55,17.294,16.478,0.103,0.930,0.088,g
2460234.78322,2023-10-17.2813248,bt,1.57,17.111,16.381,0.112,1.018,0.104,g
2460234.78444,2023-10-17.2825490,bt,1.56,17.149,16.384,0.108,1.015,0.100,g
2460235.92507,2023-10-18.4231129,bD,1.5,17.453,16.419,0.084,0.982,0.076,g
2460235.92633,2023-10-18.4243619,bD,1.5,17.388,16.642,0.110,0.800,0.081,g
2460235.92757,2023-10-18.4256118,bD,1.56,17.351,16.703,0.121,0.756,0.083,g
2460236.95059,2023-10-19.4485648,bt,1.51,17.453,16.410,0.084,0.991,0.076,g
2460236.95180,2023-10-19.4497877,bt,1.56,17.234,16.380,0.100,1.019,0.093,g
2460236.95303,2023-10-19.4510177,bt,1.55,17.307,16.569,0.111,0.855,0.087,g
2460237.81437,2023-10-20.3122998,bt,1.49,17.267,16.499,0.108,0.913,0.090,g
2460237.81559,2023-10-20.3135216,bt,1.49,17.350,16.448,0.095,0.957,0.084,g
2460237.81682,2023-10-20.3147563,bt,1.47,17.291,16.394,0.096,1.006,0.088,g
2460239.94441,2023-10-22.4422211,bD,1.47,17.425,16.401,0.085,0.999,0.078,g
2460239.94565,2023-10-22.4434583,bD,1.42,17.473,16.355,0.078,1.042,0.075,g
2460239.94690,2023-10-22.4447177,bD,1.42,17.321,16.668,0.120,0.782,0.086,g
2460242.02473,2023-10-24.5224245,bD,1.62,17.373,16.304,0.082,1.092,0.082,g
2460242.02596,2023-10-24.5236603,bD,1.63,17.413,16.397,0.086,1.003,0.079,g
2460242.02723,2023-10-24.5249159,bD,1.6,17.431,16.389,0.084,1.010,0.077,g
2460243.74771,2023-10-26.2453179,bt,1.69,16.335,16.267,0.206,1.130,0.212,g
2460243.74893,2023-10-26.2465373,bt,1.61,16.473,>16.473,99.990,0.712,0.187,g
2460243.75016,2023-10-26.2477653,bt,1.66,16.276,16.151,0.195,1.258,0.224,g
2460244.75319,2023-10-27.2507370,bt,1.53,16.432,>16.432,99.990,0.295,0.194,g
2460244.75442,2023-10-27.2519650,bt,1.48,16.148,16.049,0.200,1.382,0.252,g
2460244.75563,2023-10-27.2531890,bt,1.44,16.245,>16.245,99.990,0.977,0.231,g
2460248.01594,2023-10-30.5133218,bD,1.5,16.341,16.162,0.186,1.245,0.211,g
2460248.01719,2023-10-30.5145753,bD,1.49,16.298,>16.298,99.990,0.840,0.220,g
2460248.01844,2023-10-30.5158157,bD,1.46,16.421,>16.421,99.990,0.575,0.196,g
2460249.80359,2023-11-01.3008796,bt,1.46,16.356,>16.356,99.990,0.850,0.208,g
2460249.80481,2023-11-01.3021085,bt,1.45,16.489,16.088,0.152,1.333,0.184,g
2460249.80604,2023-11-01.3033362,bt,1.46,16.350,>16.350,99.990,0.531,0.209,g
2460250.74131,2023-11-02.2385537,bt,1.47,16.360,>16.360,99.990,0.665,0.208,g
2460250.74253,2023-11-02.2397870,bt,1.5,16.580,>16.580,99.990,0.812,0.169,g
2460250.74376,2023-11-02.2410115,bt,1.5,16.589,16.531,0.208,0.886,0.168,g
2460252.99785,2023-11-04.4949944,bD,1.52,16.982,16.723,0.173,0.742,0.117,g
2460252.99910,2023-11-04.4962481,bD,1.49,16.996,16.385,0.125,1.014,0.116,g
2460253.00035,2023-11-04.4974875,bD,1.54,16.974,16.637,0.161,0.804,0.118,g
2460253.92256,2023-11-05.4196662,bt,1.46,16.933,16.813,0.196,0.684,0.122,g
2460253.92379,2023-11-05.4208846,bt,1.46,17.072,16.680,0.153,0.773,0.108,g
2460253.92502,2023-11-05.4221170,bt,1.51,17.187,16.506,0.117,0.906,0.097,g
2460255.71336,2023-11-07.2103791,bt,1.45,17.353,16.746,0.125,0.727,0.083,g
2460255.71459,2023-11-07.2116103,bt,1.47,17.207,16.674,0.134,0.776,0.095,g
2460255.71581,2023-11-07.2128265,bt,1.45,17.200,16.407,0.105,0.993,0.096,g
2460256.80708,2023-11-08.3040571,bt,1.46,17.301,16.353,0.091,1.044,0.087,g
2460256.80831,2023-11-08.3052883,bt,1.5,17.292,16.578,0.113,0.849,0.088,g
2460256.80954,2023-11-08.3065112,bt,1.52,17.287,16.578,0.114,0.849,0.088,g
2460258.96456,2023-11-10.4614467,bD,1.68,17.401,16.405,0.087,0.996,0.080,g
2460258.96580,2023-11-10.4626886,bD,1.6,17.422,16.542,0.097,0.877,0.078,g
2460258.96704,2023-11-10.4639304,bD,1.64,17.359,16.626,0.111,0.812,0.083,g
2460260.93450,2023-11-12.4313063,bD,1.73,17.415,16.369,0.084,1.028,0.079,g
2460260.93577,2023-11-12.4325806,bD,1.7,17.358,16.501,0.099,0.911,0.083,g
2460260.93702,2023-11-12.4338261,bD,1.64,17.380,16.527,0.100,0.889,0.081,g
2460263.87431,2023-11-15.3710094,bD,1.52,17.367,16.527,0.101,0.890,0.082,g
2460263.87556,2023-11-15.3722615,bD,1.64,17.174,16.295,0.097,1.102,0.098,g
2460263.87682,2023-11-15.3735138,bD,1.58,17.320,16.357,0.090,1.040,0.086,g
2460266.82402,2023-11-18.3206199,bD,1.49,17.300,16.588,0.114,0.841,0.087,g
2460266.82528,2023-11-18.3218780,bD,1.45,17.388,16.553,0.102,0.868,0.081,g
2460266.82654,2023-11-18.3231359,bD,1.48,17.283,16.418,0.099,0.984,0.089,g
2460267.79701,2023-11-19.2935773,bt,1.51,17.411,16.533,0.097,0.885,0.079,g
2460267.79825,2023-11-19.2948150,bt,1.48,17.350,16.634,0.113,0.806,0.083,g
2460267.79948,2023-11-19.2960473,bt,1.49,17.329,16.609,0.113,0.825,0.085,g
2460268.83224,2023-11-20.3287717,bt,1.54,17.153,16.416,0.111,0.986,0.100,g
2460268.83346,2023-11-20.3299982,bt,1.55,17.369,16.412,0.091,0.989,0.082,g
2460268.83469,2023-11-20.3312260,bt,1.5,17.237,16.430,0.104,0.973,0.093,g
2460270.91273,2023-11-22.4092041,bD,1.48,16.842,16.518,0.163,0.897,0.133,g
2460270.91398,2023-11-22.4104587,bD,1.55,16.784,>16.784,99.990,0.674,0.140,g
2460270.91524,2023-11-22.4117068,bD,1.51,16.869,16.686,0.185,0.769,0.130,g
2460271.98578,2023-11-23.4822306,bD,1.48,16.837,16.485,0.159,0.924,0.134,g
2460271.98705,2023-11-23.4834850,bD,1.44,16.815,>16.815,99.990,0.612,0.136,g
2460271.98829,2023-11-23.4847334,bD,1.44,16.688,16.500,0.184,0.912,0.153,g
2460273.05615,2023-11-24.5525613,bD,1.52,16.669,>16.669,99.990,0.679,0.156,g
2460273.05739,2023-11-24.5538057,bD,1.47,16.592,16.286,0.165,1.111,0.168,g
2460273.05863,2023-11-24.5550489,bD,1.51,16.674,16.290,0.154,1.108,0.155,g
2460282.76070,2023-12-04.2569166,bt,1.73,17.210,16.219,0.088,1.182,0.095,g
2460282.76193,2023-12-04.2581417,bt,1.71,17.089,16.473,0.124,0.935,0.106,g
2460282.76315,2023-12-04.2593765,bt,1.7,17.056,16.364,0.116,1.033,0.109,g
2460284.66741,2023-12-06.1636079,bt,1.51,17.147,16.621,0.135,0.816,0.101,g
2460284.66864,2023-12-06.1648356,bt,1.59,17.227,16.524,0.115,0.892,0.093,g
2460286.05277,2023-12-07.5489458,bD,1.45,17.316,16.347,0.090,1.051,0.086,g
2460286.05402,2023-12-07.5501994,bD,1.45,17.278,16.502,0.107,0.911,0.089,g
2460286.05527,2023-12-07.5514503,bD,1.42,17.316,16.599,0.113,0.832,0.086,g
2460286.62579,2023-12-08.1219604,bt,1.49,17.143,16.234,0.095,1.166,0.101,g
2460286.62703,2023-12-08.1232070,bt,1.48,17.335,16.351,0.088,1.046,0.085,g
2460286.62825,2023-12-08.1244231,bt,1.46,17.325,16.625,0.115,0.813,0.085,g
2460288.76178,2023-12-10.2579296,bD,1.46,17.425,16.519,0.095,0.896,0.078,g
2460288.76302,2023-12-10.2591724,bD,1.45,17.336,16.407,0.093,0.993,0.085,g
2460288.76427,2023-12-10.2604223,bD,1.46,17.410,16.356,0.083,1.042,0.079,g
2460289.63572,2023-12-11.1318731,bt,2.17,17.036,16.139,0.096,1.272,0.111,g
2460289.63695,2023-12-11.1330959,bt,2.17,17.132,16.193,0.092,1.210,0.102,g
2460289.63817,2023-12-11.1343181,bt,2.17,17.042,16.115,0.093,1.300,0.111,g
2460290.90983,2023-12-12.4059630,bD,1.53,17.422,16.579,0.101,0.848,0.078,g
2460290.91109,2023-12-12.4072222,bD,1.52,17.485,16.519,0.090,0.897,0.074,g
2460290.91234,2023-12-12.4084664,bD,1.5,17.431,16.527,0.095,0.889,0.077,g
2460291.88518,2023-12-13.3813101,bD,1.53,17.375,16.155,0.071,1.253,0.082,g
2460291.88643,2023-12-13.3825535,bD,1.59,17.499,16.388,0.079,1.010,0.073,g
2460291.88767,2023-12-13.3838049,bD,1.69,17.357,16.420,0.092,0.981,0.083,g
2460295.60974,2023-12-17.1058681,bt,1.72,17.352,16.250,0.079,1.148,0.083,g
2460295.61099,2023-12-17.1071063,bt,1.62,17.232,16.138,0.080,1.273,0.093,g
2460295.61220,2023-12-17.1083258,bt,1.98,17.257,16.463,0.105,0.943,0.091,g
2460300.91179,2023-12-22.4079376,bt,1.57,17.428,16.448,0.089,0.957,0.078,g
2460300.91302,2023-12-22.4091594,bt,1.5,17.415,16.441,0.089,0.963,0.079,g
2460300.91422,2023-12-22.4103744,bt,1.53,17.533,16.679,0.100,0.773,0.071,g
2460302.89145,2023-12-24.3876111,bD,1.6,16.468,>16.468,99.990,0.915,0.188,g
2460302.89271,2023-12-24.3888653,bD,1.57,16.412,>16.412,99.990,0.231,0.198,g
2460302.89394,2023-12-24.3901056,bD,1.53,16.393,>16.393,99.990,0.562,0.201,g
2460303.91367,2023-12-25.4098385,bD,1.51,16.255,>16.255,99.990,0.623,0.229,g
2460303.91491,2023-12-25.4110767,bD,1.56,16.344,16.107,0.176,1.310,0.211,g
2460303.91615,2023-12-25.4123230,bD,1.6,16.307,16.230,0.204,1.170,0.218,g
2460304.86866,2023-12-26.3648394,bD,1.63,15.960,>15.960,99.990,1.375,0.300,g
2460304.86990,2023-12-26.3660812,bD,1.76,16.099,>16.099,99.990,0.731,0.264,g
2460304.87114,2023-12-26.3673240,bD,1.63,16.055,16.041,0.217,1.392,0.275,g
2460305.68333,2023-12-27.1795201,bt,1.6,16.103,15.929,0.187,1.543,0.263,g
2460305.68455,2023-12-27.1807421,bt,1.68,16.068,>16.068,99.990,0.604,0.272,g
2460305.68580,2023-12-27.1819886,bt,1.67,16.087,>16.087,99.990,1.093,0.267,g
2460310.64615,2024-01-01.1424255,bt,1.56,17.278,16.188,0.080,1.215,0.089,g
2460310.64739,2024-01-01.1436548,bt,1.6,17.454,16.334,0.078,1.063,0.076,g
2460310.64861,2024-01-01.1448810,bt,1.56,17.261,16.547,0.114,0.873,0.091,g
2460311.78466,2024-01-02.2809461,bt,1.51,17.115,16.551,0.130,0.870,0.104,g
2460311.78588,2024-01-02.2821775,bt,1.53,17.222,16.522,0.115,0.894,0.094,g
2460311.78711,2024-01-02.2834013,bt,1.48,17.164,16.639,0.135,0.803,0.099,g
2460312.63152,2024-01-03.1278231,bt,1.58,17.201,16.142,0.083,1.268,0.096,g
2460312.63274,2024-01-03.1290406,bt,1.59,17.459,16.462,0.087,0.944,0.075,g
2460312.63396,2024-01-03.1302589,bt,1.53,17.318,16.365,0.091,1.033,0.086,g
2460313.97894,2024-01-04.4752709,bD,1.53,16.173,16.000,0.187,1.445,0.247,g
2460313.98019,2024-01-04.4765254,bD,1.48,16.447,16.411,0.212,0.989,0.192,g
2460313.98143,2024-01-04.4777718,bD,1.48,16.423,>16.423,99.990,0.714,0.196,g
2460314.86918,2024-01-05.3655461,bD,1.49,17.393,16.462,0.093,0.944,0.080,g
2460314.87044,2024-01-05.3667996,bD,1.5,17.426,16.584,0.101,0.844,0.078,g
2460314.87168,2024-01-05.3680401,bD,1.51,17.460,16.291,0.074,1.106,0.075,g
2460316.68604,2024-01-07.1824351,bt,1.49,17.494,16.572,0.094,0.854,0.073,g
2460316.68726,2024-01-07.1836605,bt,1.54,17.427,16.285,0.076,1.112,0.078,g
2460316.68850,2024-01-07.1848916,bt,1.49,17.477,16.211,0.068,1.190,0.074,g
2460317.99155,2024-01-08.4879796,bD,1.64,17.410,16.203,0.072,1.199,0.079,g
2460317.99279,2024-01-08.4892251,bD,1.64,17.251,16.181,0.082,1.224,0.092,g
2460317.99403,2024-01-08.4904621,bD,1.66,17.481,16.157,0.065,1.251,0.074,g
2460322.76318,2024-01-13.2597473,bt,1.48,17.530,16.572,0.091,0.853,0.071,g
2460322.76562,2024-01-13.2621924,bt,1.48,17.557,16.440,0.078,0.964,0.069,g
2460323.75961,2024-01-14.2562246,bt,1.42,17.388,16.409,0.089,0.991,0.081,g
2460323.76083,2024-01-14.2574398,bt,1.49,17.349,16.538,0.104,0.881,0.084,g
2460323.76205,2024-01-14.2586570,bt,1.47,17.478,16.493,0.088,0.918,0.074,g
2460334.73560,2024-01-25.2326371,bt,1.51,16.279,>16.279,99.990,0.522,0.224,g
2460334.73683,2024-01-25.2338657,bt,1.58,16.199,>16.199,99.990,1.004,0.241,g
2460334.73806,2024-01-25.2350924,bt,1.53,16.239,>16.239,99.990,1.112,0.232,g
2460335.75538,2024-01-26.2524584,bt,1.51,16.247,>16.247,99.990,0.483,0.230,g
2460335.75662,2024-01-26.2536946,bt,1.5,16.199,>16.199,99.990,0.906,0.241,g
2460335.75784,2024-01-26.2549118,bt,1.56,16.253,15.973,0.170,1.483,0.229,g
2460337.72177,2024-01-28.2189351,bt,1.49,16.693,>16.693,99.990,0.709,0.153,g
2460337.72299,2024-01-28.2201564,bt,1.45,16.538,>16.538,99.990,0.619,0.176,g
2460337.72420,2024-01-28.2213702,bt,1.48,16.620,16.597,0.215,0.834,0.163,g
2460338.61041,2024-01-29.1076211,bt,1.47,17.439,16.517,0.094,0.898,0.077,g
2460338.61165,2024-01-29.1088556,bt,1.49,17.376,16.439,0.092,0.964,0.081,g
2460338.61287,2024-01-29.1100802,bt,1.49,17.439,16.514,0.093,0.901,0.077,g
2460338.80496,2024-01-29.3021738,bt,1.48,16.680,16.469,0.180,0.939,0.155,g
2460338.80617,2024-01-29.3033943,bt,1.44,16.725,16.662,0.207,0.786,0.148,g
2460338.80739,2024-01-29.3046103,bt,1.48,16.733,>16.733,99.990,0.598,0.147,g
2460339.64065,2024-01-30.1379081,bt,1.5,16.850,16.232,0.124,1.167,0.132,g
2460339.64188,2024-01-30.1391336,bt,1.5,17.089,16.277,0.104,1.120,0.106,g
2460339.64310,2024-01-30.1403509,bt,1.49,17.104,16.311,0.105,1.085,0.105,g
2460339.82524,2024-01-30.3224974,bt,1.5,16.864,16.274,0.127,1.123,0.131,g
2460339.82645,2024-01-30.3237148,bt,1.5,16.818,16.669,0.191,0.781,0.136,g
2460339.82767,2024-01-30.3249311,bt,1.48,16.721,16.259,0.143,1.138,0.149,g
2460341.76870,2024-02-01.2660696,bt,1.6,17.216,16.532,0.117,0.886,0.094,g
2460341.76993,2024-02-01.2672959,bt,1.52,17.214,16.599,0.124,0.833,0.095,g
2460341.77115,2024-02-01.2685141,bt,1.58,17.274,16.712,0.131,0.750,0.089,g
2460342.73963,2024-02-02.2370417,bt,1.44,17.391,16.661,0.112,0.786,0.080,g
2460342.74084,2024-02-02.2382587,bt,1.42,17.382,16.654,0.112,0.791,0.081,g
2460342.74207,2024-02-02.2394818,bt,1.47,17.388,16.592,0.105,0.838,0.081,g
2460343.78714,2024-02-03.2846128,bt,1.51,17.391,16.388,0.087,1.011,0.080,g
2460343.78837,2024-02-03.2858403,bt,1.54,17.368,16.592,0.107,0.838,0.082,g
2460345.69565,2024-02-05.1932204,bt,1.5,17.440,16.418,0.085,0.984,0.077,g
2460345.69687,2024-02-05.1944376,bt,1.55,17.505,16.465,0.084,0.942,0.072,g
2460345.69810,2024-02-05.1956678,bt,1.52,17.370,16.250,0.078,1.148,0.082,g
2460346.71543,2024-02-06.2130550,bt,1.56,17.144,16.275,0.098,1.121,0.101,g
2460346.71666,2024-02-06.2142814,bt,1.5,17.196,16.773,0.148,0.709,0.096,g
2460346.71789,2024-02-06.2155092,bt,1.49,17.202,16.466,0.111,0.941,0.096,g
2460348.69717,2024-02-08.1948984,bt,1.56,17.262,16.322,0.092,1.075,0.090,g
2460348.69840,2024-02-08.1961275,bt,1.55,17.303,16.402,0.096,0.998,0.087,g
2460348.69963,2024-02-08.1973623,bt,1.59,17.389,16.344,0.084,1.053,0.080,g
2460353.67734,2024-02-13.1753464,bt,1.52,17.435,16.585,0.100,0.844,0.077,g
2460353.67858,2024-02-13.1765833,bt,1.46,17.479,16.367,0.079,1.031,0.074,g
2460353.67979,2024-02-13.1778075,bt,1.53,17.479,16.406,0.081,0.995,0.074,g
2460354.68931,2024-02-14.1873912,bt,1.52,17.355,16.508,0.100,0.905,0.083,g
2460354.69054,2024-02-14.1886190,bt,1.49,17.425,16.601,0.103,0.830,0.078,g
2460354.69177,2024-02-14.1898456,bt,1.43,17.504,16.468,0.084,0.939,0.072,g
2460358.79087,2024-02-18.2891923,bD,1.54,16.725,16.221,0.138,1.180,0.148,g
2460358.79211,2024-02-18.2904282,bD,1.53,16.673,16.467,0.181,0.941,0.156,g
2460358.79337,2024-02-18.2916840,bD,1.48,16.736,16.174,0.131,1.231,0.147,g
2460359.73265,2024-02-19.2310300,bt,1.59,16.725,>16.725,99.990,0.272,0.148,g
2460359.73388,2024-02-19.2322545,bt,1.55,16.568,>16.568,99.990,0.731,0.171,g
2460359.73510,2024-02-19.2334719,bt,1.53,16.672,16.537,0.194,0.882,0.156,g
2460360.74433,2024-02-20.2427715,bt,1.54,15.191,>15.191,99.990,1.359,0.609,g
2460360.74555,2024-02-20.2439991,bt,1.49,15.695,>15.695,99.990,0.496,0.383,g
2460360.74678,2024-02-20.2452201,bt,1.47,15.235,>15.235,99.990,1.281,0.585,g
2460362.85765,2024-02-22.3562247,bD,1.52,16.193,>16.193,99.990,1.005,0.242,g
2460362.85891,2024-02-22.3574758,bD,1.46,16.266,>16.266,99.990,0.504,0.226,g
2460362.86015,2024-02-22.3587259,bD,1.56,16.265,>16.265,99.990,0.963,0.227,g
2460364.67572,2024-02-24.1744093,bt,1.66,16.226,>16.226,99.990,0.826,0.235,g
2460364.67694,2024-02-24.1756265,bt,1.58,16.144,>16.144,99.990,0.656,0.253,g
2460364.67818,2024-02-24.1768706,bt,1.56,16.218,>16.218,99.990,0.795,0.236,g
2460366.73823,2024-02-26.2370532,bt,1.48,15.966,>15.966,99.990,0.908,0.298,g
2460366.73944,2024-02-26.2382668,bt,1.52,16.031,>16.031,99.990,0.952,0.281,g
2460366.74067,2024-02-26.2394853,bt,1.45,16.195,>16.195,99.990,0.612,0.242,g
2460370.84244,2024-03-01.3415322,bD,1.47,17.154,16.388,0.108,1.012,0.100,g
2460370.84370,2024-03-01.3427824,bD,1.53,17.298,16.669,0.123,0.781,0.088,g
2460370.84492,2024-03-01.3440184,bD,1.53,17.177,16.668,0.137,0.781,0.098,g
2460371.83499,2024-03-02.3341399,bD,1.51,17.299,16.491,0.104,0.920,0.087,g
2460371.83623,2024-03-02.3353854,bD,1.51,17.418,16.505,0.094,0.908,0.078,g
2460371.83746,2024-03-02.3366206,bD,1.48,17.335,16.698,0.122,0.760,0.085,g
2460382.82326,2024-03-13.3231593,bD,1.62,17.164,16.166,0.087,1.241,0.099,g
2460387.73712,2024-03-18.2373662,bD,1.59,16.755,16.412,0.160,0.989,0.144,g
2460387.73838,2024-03-18.2386101,bD,1.55,16.784,16.335,0.145,1.061,0.140,g
2460387.73962,2024-03-18.2398520,bD,1.56,16.764,16.280,0.140,1.116,0.143,g
2460388.74881,2024-03-19.2491070,bD,1.47,16.799,16.519,0.169,0.896,0.139,g
2460388.75005,2024-03-19.2503486,bD,1.47,16.828,16.553,0.170,0.868,0.135,g
2460388.75129,2024-03-19.2515913,bD,1.49,16.722,>16.722,99.990,0.642,0.149,g
2460389.76802,2024-03-20.2683984,bD,1.5,16.293,>16.293,99.990,0.436,0.221,g
2460389.76926,2024-03-20.2696355,bD,1.51,14.956,>14.956,99.990,0.053,0.756,g
2460390.74127,2024-03-21.2417087,bD,1.6,16.340,>16.340,99.990,0.999,0.212,g
2460390.74250,2024-03-21.2429481,bD,1.57,16.314,>16.314,99.990,1.020,0.216,g
2460390.74374,2024-03-21.2441907,bD,1.52,16.111,>16.111,99.990,1.117,0.261,g
2460391.76039,2024-03-22.2608968,bD,1.46,16.343,>16.343,99.990,1.021,0.211,g
2460391.76165,2024-03-22.2621513,bD,1.49,16.367,16.310,0.208,1.087,0.206,g
2460391.76289,2024-03-22.2633954,bD,1.46,16.493,>16.493,99.990,0.478,0.184,g
2460392.76064,2024-03-23.2612203,bD,1.63,16.114,>16.114,99.990,1.217,0.260,g
2460392.76188,2024-03-23.2624611,bD,1.65,16.384,>16.384,99.990,0.990,0.203,g
2460392.76311,2024-03-23.2636912,bD,1.65,16.227,>16.227,99.990,1.110,0.235,g
2460393.75703,2024-03-24.2576763,bD,1.6,16.388,16.139,0.175,1.272,0.202,g
2460393.75829,2024-03-24.2589321,bD,1.58,16.467,16.378,0.202,1.020,0.188,g
2460393.75955,2024-03-24.2601857,bD,1.56,16.211,>16.211,99.990,1.045,0.238,g
2460394.75339,2024-03-25.2541003,bD,1.59,16.384,>16.384,99.990,0.728,0.203,g
2460394.75464,2024-03-25.2553528,bD,1.59,16.100,>16.100,99.990,1.171,0.264,g
2460394.75590,2024-03-25.2566077,bD,1.65,16.034,>16.034,99.990,1.147,0.280,g
2460396.74614,2024-03-27.2469839,bD,1.49,17.275,16.697,0.129,0.761,0.089,g
2460396.74738,2024-03-27.2482291,bD,1.49,17.210,16.428,0.107,0.974,0.095,g
2460396.74863,2024-03-27.2494677,bD,1.51,17.352,16.432,0.094,0.972,0.083,g
2460397.74638,2024-03-28.2472997,bD,1.5,17.299,16.684,0.124,0.770,0.087,g
2460397.74764,2024-03-28.2485508,bD,1.55,17.327,16.423,0.095,0.979,0.085,g
2460397.74888,2024-03-28.2497880,bD,1.49,17.355,16.662,0.116,0.786,0.083,g
2460398.76348,2024-03-29.2644652,bD,1.51,17.189,16.275,0.094,1.122,0.097,g
2460398.76474,2024-03-29.2657091,bD,1.57,17.239,16.277,0.090,1.119,0.093,g
2460398.76598,2024-03-29.2669590,bD,1.58,17.225,16.224,0.087,1.176,0.094,g
2460399.75990,2024-03-30.2609453,bD,1.84,17.377,16.286,0.080,1.110,0.081,g
2460399.76116,2024-03-30.2621989,bD,1.73,17.284,16.454,0.102,0.951,0.089,g
2460399.76241,2024-03-30.2634476,bD,1.69,17.299,16.376,0.094,1.022,0.087,g
2460400.75620,2024-03-31.2573012,bD,1.49,17.279,16.368,0.095,1.030,0.089,g
2460400.75744,2024-03-31.2585429,bD,1.46,17.359,16.711,0.121,0.751,0.083,g
2460400.75868,2024-03-31.2597835,bD,1.44,17.315,16.584,0.112,0.844,0.086,g
2460401.75629,2024-04-01.2574662,bD,1.49,17.370,16.566,0.104,0.858,0.082,g
2460401.75753,2024-04-01.2587151,bD,1.53,17.243,16.495,0.110,0.916,0.092,g
2460401.75880,2024-04-01.2599722,bD,1.53,17.339,16.550,0.106,0.871,0.084,g
2460403.72834,2024-04-03.2296368,bD,2.11,16.536,16.415,0.196,0.986,0.176,g
2460403.72959,2024-04-03.2308914,bD,2.09,16.586,16.414,0.187,0.988,0.169,g
2460403.73083,2024-04-03.2321302,bD,2.13,16.804,16.191,0.125,1.212,0.138,g
2460404.72467,2024-04-04.2260348,bD,1.52,15.933,>15.933,99.990,0.388,0.308,g
2460404.72591,2024-04-04.2272741,bD,1.55,16.090,>16.090,99.990,0.535,0.266,g
2460404.72714,2024-04-04.2285065,bD,1.54,16.436,>16.436,99.990,0.569,0.194,g
2460405.76982,2024-04-05.2712494,bD,2.14,17.240,16.210,0.085,1.191,0.092,g
2460405.77107,2024-04-05.2725037,bD,2.14,17.184,16.370,0.103,1.029,0.097,g
2460405.77232,2024-04-05.2737559,bD,2.13,17.172,16.270,0.095,1.128,0.098,g
2460407.63996,2024-04-07.1415163,bt,1.55,16.992,16.667,0.162,0.781,0.116,g
2460407.64119,2024-04-07.1427403,bt,1.57,16.927,16.211,0.113,1.191,0.123,g
2460407.64241,2024-04-07.1439576,bt,1.62,17.058,16.319,0.111,1.077,0.109,g
2460408.64022,2024-04-08.1418296,bt,1.52,17.167,16.357,0.104,1.040,0.099,g
2460408.64144,2024-04-08.1430502,bt,1.5,17.192,16.426,0.108,0.976,0.097,g
2460408.64267,2024-04-08.1442746,bt,1.5,17.191,16.302,0.097,1.095,0.097,g
2460411.62683,2024-04-11.1286319,bt,1.48,17.315,16.477,0.101,0.932,0.086,g
2460411.62805,2024-04-11.1298479,bt,1.43,17.290,16.493,0.105,0.918,0.088,g
2460411.62929,2024-04-11.1310792,bt,1.47,17.343,16.512,0.102,0.902,0.084,g
2460416.61426,2024-04-16.1163509,bt,1.57,16.304,>16.304,99.990,0.790,0.218,g
2460416.61548,2024-04-16.1175671,bt,1.52,16.288,>16.288,99.990,0.710,0.222,g
2460416.61669,2024-04-16.1187903,bt,1.65,16.261,16.116,0.192,1.300,0.227,g
2460417.61093,2024-04-17.1130798,bt,1.54,16.193,>16.193,99.990,1.083,0.242,g
2460417.61214,2024-04-17.1142959,bt,1.58,16.300,>16.300,99.990,0.803,0.219,g
2460417.61337,2024-04-17.1155274,bt,1.56,16.099,>16.099,99.990,0.547,0.264,g
2460418.60757,2024-04-18.1097835,bt,1.55,16.556,16.416,0.193,0.986,0.173,g
2460418.60880,2024-04-18.1110076,bt,1.52,16.600,>16.600,99.990,0.679,0.166,g
2460418.61002,2024-04-18.1122251,bt,1.52,16.576,>16.576,99.990,0.627,0.170,g
2460419.60441,2024-04-19.1066790,bt,1.62,16.561,16.086,0.142,1.336,0.173,g
2460419.60563,2024-04-19.1079012,bt,1.66,16.417,>16.417,99.990,0.906,0.197,g
2460419.60686,2024-04-19.1091196,bt,1.65,16.476,16.025,0.145,1.413,0.187,g
2460423.59755,2024-04-23.1000254,bt,1.99,15.972,>15.972,99.990,1.082,0.297,g
2460428.60268,2024-04-28.1054201,bt,1.69,16.078,>16.078,99.990,1.275,0.269,g
2460428.60391,2024-04-28.1066412,bt,1.78,16.271,>16.271,99.990,0.805,0.225,g
2460428.60512,2024-04-28.1078611,bt,2.03,16.327,16.172,0.190,1.234,0.214,g
2460518.12173,2024-07-26.6248313,bD,1.67,16.145,15.637,0.137,2.018,0.253,g
2460518.12298,2024-07-26.6260778,bD,1.72,16.080,>16.080,99.990,1.130,0.269,g
2460518.12423,2024-07-26.6273298,bD,1.97,15.777,15.630,0.192,2.032,0.355,g
2460520.11736,2024-07-28.6203815,bD,1.5,16.562,>16.562,99.990,0.702,0.172,g
2460520.11863,2024-07-28.6216396,bD,1.63,16.508,16.097,0.150,1.323,0.181,g
2460520.11987,2024-07-28.6228836,bD,1.57,16.464,16.292,0.187,1.105,0.189,g
2460521.12356,2024-07-29.6265354,bD,1.5,16.182,>16.182,99.990,0.449,0.244,g
2460521.12483,2024-07-29.6277935,bD,1.5,16.159,>16.159,99.990,1.106,0.250,g
2460521.12607,2024-07-29.6290373,bD,1.54,15.853,>15.853,99.990,1.284,0.331,g
2460530.12498,2024-08-07.6275111,bD,1.56,16.475,16.294,0.186,1.103,0.187,g
2460530.12622,2024-08-07.6287549,bD,1.67,16.632,16.509,0.196,0.904,0.162,g
2460530.12746,2024-08-07.6299934,bD,1.69,16.439,>16.439,99.990,0.915,0.193,g
2460531.12459,2024-08-08.6270622,bD,1.61,16.766,>16.766,99.990,0.492,0.143,g
2460531.12584,2024-08-08.6283153,bD,1.6,16.581,16.336,0.175,1.061,0.169,g
2460531.12709,2024-08-08.6295699,bD,1.65,16.432,>16.432,99.990,0.737,0.194,g
2460537.12937,2024-08-14.6315210,bD,1.69,16.419,16.125,0.167,1.288,0.197,g
2460537.13062,2024-08-14.6327710,bD,1.6,16.373,>16.373,99.990,0.863,0.205,g
2460537.13185,2024-08-14.6340046,bD,1.63,16.046,16.040,0.218,1.393,0.277,g
2460545.06080,2024-08-22.5624825,bD,1.55,16.357,>16.357,99.990,0.678,0.208,g
2460545.06205,2024-08-22.5637322,bD,1.6,16.413,16.328,0.203,1.069,0.198,g
2460545.06330,2024-08-22.5649763,bD,1.59,16.486,>16.486,99.990,0.842,0.185,g
2460546.92656,2024-08-24.4281231,bt,1.54,16.509,>16.509,99.990,0.865,0.181,g
2460546.92778,2024-08-24.4293436,bt,1.47,16.709,>16.709,99.990,0.309,0.150,g
2460547.93220,2024-08-25.4336968,bt,1.56,16.694,>16.694,99.990,0.674,0.153,g
2460547.93341,2024-08-25.4349118,bt,1.56,16.678,>16.678,99.990,0.495,0.155,g
2460547.93463,2024-08-25.4361370,bt,1.54,16.673,16.186,0.140,1.218,0.156,g
2460555.03308,2024-09-01.5341291,bD,1.43,17.279,16.424,0.100,0.978,0.089,g
2460555.03433,2024-09-01.5353775,bD,1.47,17.246,16.587,0.119,0.842,0.092,g
2460555.03559,2024-09-01.5366341,bD,1.48,17.308,16.541,0.108,0.878,0.087,g
2460557.02489,2024-09-03.5258089,bD,1.57,17.336,16.720,0.124,0.744,0.085,g
2460557.02613,2024-09-03.5270479,bD,1.6,17.312,16.337,0.089,1.059,0.086,g
2460557.02737,2024-09-03.5282862,bD,1.57,17.207,16.523,0.117,0.893,0.095,g
2460559.05345,2024-09-05.5542376,bD,1.48,17.360,16.434,0.093,0.969,0.083,g
2460559.05470,2024-09-05.5554819,bD,1.48,17.273,16.571,0.115,0.854,0.090,g
2460559.05594,2024-09-05.5567295,bD,1.49,17.292,16.574,0.113,0.852,0.088,g
2460563.02607,2024-09-09.5265850,bD,1.48,17.360,16.344,0.086,1.054,0.083,g
2460563.02731,2024-09-09.5278243,bD,1.47,17.353,16.309,0.084,1.087,0.083,g
2460563.02855,2024-09-09.5290662,bD,1.51,17.375,16.421,0.091,0.981,0.082,g
2460566.01303,2024-09-12.5133542,bD,1.46,17.372,17.036,0.161,0.557,0.082,g
2460566.01430,2024-09-12.5146100,bD,1.44,17.301,16.453,0.100,0.952,0.087,g
2460566.01554,2024-09-12.5158578,bD,1.44,17.374,16.905,0.142,0.628,0.082,g
2460568.01900,2024-09-14.5191827,bD,1.49,17.105,16.541,0.130,0.878,0.105,g
2460568.02025,2024-09-14.5204293,bD,1.58,16.936,16.399,0.134,1.001,0.122,g
2460568.02149,2024-09-14.5216689,bD,1.54,17.003,16.139,0.099,1.272,0.115,g
2460571.88950,2024-09-18.3894230,bt,1.54,15.873,>15.873,99.990,0.700,0.325,g
2460575.98787,2024-09-22.4875177,bD,1.45,16.523,16.416,0.199,0.985,0.179,g
2460575.98910,2024-09-22.4887453,bD,1.46,16.630,16.549,0.204,0.872,0.162,g
2460575.99035,2024-09-22.4899893,bD,1.5,16.523,>16.523,99.990,0.714,0.179,g
2460578.98009,2024-09-25.4795394,bD,1.48,16.465,16.321,0.192,1.075,0.189,g
2460578.98135,2024-09-25.4807949,bD,1.47,16.655,16.266,0.153,1.131,0.158,g
2460578.98259,2024-09-25.4820343,bD,1.48,16.407,>16.407,99.990,0.887,0.199,g
2460581.95191,2024-09-28.4511575,bD,1.44,17.420,16.742,0.117,0.730,0.078,g
2460581.95315,2024-09-28.4523944,bD,1.51,17.464,16.743,0.113,0.729,0.075,g
2460581.95439,2024-09-28.4536381,bD,1.48,17.356,16.479,0.098,0.930,0.083,g
2460583.82731,2024-09-30.3264381,bt,1.48,17.414,16.763,0.120,0.716,0.079,g
2460583.82854,2024-09-30.3276694,bt,1.51,17.267,16.517,0.110,0.898,0.090,g
2460583.82979,2024-09-30.3289086,bt,1.45,17.287,16.465,0.103,0.942,0.088,g
2460584.97848,2024-10-01.4775341,bt,1.46,17.603,16.476,0.078,0.932,0.066,g
2460584.97972,2024-10-01.4787664,bt,1.45,17.469,16.450,0.086,0.956,0.075,g
2460584.98094,2024-10-01.4799939,bt,1.46,17.393,16.576,0.103,0.851,0.080,g
2460585.82081,2024-10-02.3197946,bt,1.52,17.169,16.396,0.107,1.004,0.099,g
2460585.82202,2024-10-02.3210200,bt,1.55,17.274,16.528,0.110,0.889,0.090,g
2460585.82326,2024-10-02.3222524,bt,1.51,17.278,16.562,0.113,0.861,0.089,g
2460586.94284,2024-10-03.4417660,bt,1.49,17.313,16.422,0.096,0.980,0.086,g
2460586.94407,2024-10-03.4429903,bt,1.44,17.309,16.356,0.091,1.041,0.087,g
2460586.94530,2024-10-03.4442226,bt,1.5,17.338,16.640,0.115,0.801,0.084,g
2460587.93646,2024-10-04.4353171,bt,1.45,17.322,16.478,0.101,0.931,0.086,g
2460587.93768,2024-10-04.4365447,bt,1.49,17.399,16.688,0.114,0.767,0.080,g
2460587.93891,2024-10-04.4377697,bt,1.48,17.361,16.639,0.113,0.803,0.083,g
2460589.95213,2024-10-06.4508574,bD,1.70,17.296,16.308,0.088,1.088,0.088,g
2460589.95338,2024-10-06.4521074,bD,1.67,17.275,16.576,0.115,0.850,0.089,g
2460589.95462,2024-10-06.4533502,bD,1.69,17.247,16.177,0.082,1.228,0.092,g
2460592.07719,2024-10-08.5757935,bD,1.49,17.373,16.805,0.130,0.689,0.082,g
2460592.07845,2024-10-08.5770447,bD,1.46,17.262,16.353,0.095,1.044,0.090,g
2460592.07970,2024-10-08.5782957,bD,1.50,17.306,16.702,0.126,0.757,0.087,g
2460594.09877,2024-10-10.5972343,bD,1.56,16.964,16.372,0.127,1.027,0.119,g
2460594.10001,2024-10-10.5984796,bD,1.69,17.118,16.109,0.086,1.307,0.103,g
2460594.10126,2024-10-10.5997295,bD,1.66,17.041,16.146,0.096,1.263,0.111,g
2460595.82209,2024-10-12.3204443,bt,1.46,17.231,16.577,0.120,0.850,0.093,g
2460595.82332,2024-10-12.3216756,bt,1.42,17.318,16.359,0.090,1.038,0.086,g
2460595.82453,2024-10-12.3228883,bt,1.5,17.248,16.215,0.085,1.185,0.092,g
2460596.98785,2024-10-13.4861436,bt,1.49,17.298,16.849,0.145,0.662,0.087,g
2460596.98909,2024-10-13.4873702,bt,1.47,17.248,16.352,0.096,1.045,0.092,g
2460596.99030,2024-10-13.4885908,bt,1.47,17.259,16.590,0.118,0.840,0.091,g
2460598.97077,2024-10-15.4689375,bt,1.46,17.311,16.350,0.090,1.048,0.087,g
2460598.97198,2024-10-15.4701549,bt,1.52,17.218,16.289,0.093,1.108,0.094,g
2460598.97319,2024-10-15.4713579,bt,1.45,17.309,16.412,0.096,0.989,0.087,g
2460602.04740,2024-10-18.5453912,bD,1.53,16.270,>16.270,99.990,0.821,0.226,g
2460602.04864,2024-10-18.5466317,bD,1.44,16.085,>16.085,99.990,0.409,0.267,g
2460608.05960,2024-10-24.5572606,bD,1.58,16.775,16.465,0.165,0.942,0.142,g
2460608.89048,2024-10-25.3880910,bD,1.44,17.134,16.654,0.141,0.792,0.102,g
2460608.89174,2024-10-25.3893454,bD,1.46,16.947,16.703,0.175,0.756,0.121,g
2460608.89299,2024-10-25.3905989,bD,1.50,16.376,16.279,0.200,1.118,0.204,g
2460613.97132,2024-10-30.4686662,bD,1.55,17.462,16.427,0.084,0.976,0.075,g
2460613.97256,2024-10-30.4699070,bD,1.61,17.500,16.321,0.074,1.075,0.073,g
2460613.97381,2024-10-30.4711629,bD,1.51,17.463,16.646,0.103,0.798,0.075,g
2460615.82910,2024-11-01.3263653,bt,1.48,17.335,16.459,0.098,0.947,0.085,g
2460615.83032,2024-11-01.3275858,bt,1.48,17.226,16.471,0.109,0.937,0.094,g
2460615.83155,2024-11-01.3288101,bt,1.46,17.322,16.742,0.128,0.730,0.086,g
2460618.73200,2024-11-04.2291267,bt,1.51,17.175,16.356,0.103,1.041,0.098,g
2460618.73322,2024-11-04.2303451,bt,1.51,17.066,16.406,0.119,0.994,0.108,g
2460618.73444,2024-11-04.2315625,bt,1.44,17.267,16.646,0.124,0.798,0.090,g
2460621.71639,2024-11-07.2133842,bt,1.53,17.345,16.527,0.103,0.889,0.084,g
2460621.71764,2024-11-07.2146307,bt,1.47,17.183,16.214,0.090,1.187,0.097,g
2460621.71887,2024-11-07.2158606,bt,1.48,17.249,16.832,0.149,0.671,0.092,g
2460624.96596,2024-11-10.4628234,bt,1.58,17.422,16.330,0.080,1.067,0.078,g
2460624.96719,2024-11-10.4640487,bt,1.59,17.550,16.505,0.084,0.908,0.069,g
2460624.96840,2024-11-10.4652587,bt,1.55,17.388,16.298,0.080,1.100,0.081,g
2460626.91197,2024-11-12.4087475,bt,1.48,17.080,16.445,0.122,0.959,0.107,g
2460626.91319,2024-11-12.4099695,bt,1.45,16.769,16.475,0.167,0.933,0.142,g
2460626.91442,2024-11-12.4111925,bt,1.47,16.983,16.617,0.156,0.820,0.117,g
2460627.70379,2024-11-13.2005385,bt,1.49,16.463,16.458,0.219,0.948,0.189,g
2460627.70502,2024-11-13.2017776,bt,1.5,16.375,16.222,0.190,1.178,0.205,g
2460627.70626,2024-11-13.2030099,bt,1.52,16.548,16.451,0.201,0.954,0.175,g
2460627.92460,2024-11-13.4213480,bt,1.52,16.779,16.633,0.192,0.807,0.141,g
2460627.92582,2024-11-13.4225640,bt,1.54,16.889,16.451,0.146,0.955,0.128,g
2460627.92706,2024-11-13.4237966,bt,1.55,16.900,16.368,0.134,1.030,0.126,g
2460628.69951,2024-11-14.1962241,bt,1.46,16.356,>16.356,99.990,0.700,0.208,g
2460628.70074,2024-11-14.1974576,bt,1.52,16.281,15.991,0.168,1.457,0.223,g
2460628.70196,2024-11-14.1986693,bt,1.55,16.120,>16.120,99.990,1.196,0.259,g
2460628.85734,2024-11-14.3540506,bt,1.53,16.418,>16.418,99.990,0.862,0.197,g
2460628.85856,2024-11-14.3552709,bt,1.51,16.327,>16.327,99.990,0.862,0.214,g
2460628.85978,2024-11-14.3564868,bt,1.53,16.471,16.254,0.179,1.145,0.187,g
2460629.69539,2024-11-15.1920657,bt,1.58,16.035,>16.035,99.990,0.740,0.280,g
2460629.69660,2024-11-15.1932876,bt,1.46,16.114,>16.114,99.990,1.114,0.260,g
2460629.69783,2024-11-15.1945071,bt,1.58,16.012,15.866,0.192,1.636,0.286,g
2460629.93946,2024-11-15.4361295,bt,1.59,16.042,>16.042,99.990,0.439,0.278,g
2460629.94070,2024-11-15.4373734,bt,1.65,16.041,>16.041,99.990,-0.012,0.278,g
2460629.94191,2024-11-15.4385836,bt,1.6,16.039,>16.039,99.990,1.185,0.279,g
2460630.93384,2024-11-16.4304769,bt,1.68,16.041,>16.041,99.990,0.771,0.278,g
2460630.93506,2024-11-16.4317047,bt,1.61,16.013,>16.013,99.990,0.598,0.286,g
2460630.93630,2024-11-16.4329337,bt,1.62,16.055,16.050,0.218,1.380,0.275,g
2460633.67437,2024-11-19.1709239,bt,1.53,16.498,16.033,0.143,1.403,0.183,g
2460633.67560,2024-11-19.1721490,bt,1.56,16.546,>16.546,99.990,0.682,0.175,g
2460633.67683,2024-11-19.1733752,bt,1.62,16.409,16.290,0.196,1.107,0.198,g
2460633.84940,2024-11-19.3459475,bt,1.5,16.558,>16.558,99.990,0.705,0.173,g
2460633.85063,2024-11-19.3471775,bt,1.53,16.708,>16.708,99.990,0.086,0.151,g
2460633.85186,2024-11-19.3484050,bt,1.54,16.543,16.326,0.179,1.071,0.175,g
2460634.75245,2024-11-20.2489700,bt,1.53,16.882,16.462,0.149,0.945,0.128,g
2460634.75367,2024-11-20.2501873,bt,1.54,16.785,16.340,0.146,1.057,0.140,g
2460634.75490,2024-11-20.2514216,bt,1.53,16.777,16.523,0.173,0.893,0.141,g
2460635.90134,2024-11-21.3978263,bt,1.48,16.866,16.491,0.155,0.920,0.130,g
2460635.90257,2024-11-21.3990483,bt,1.47,16.839,16.383,0.144,1.016,0.134,g
2460635.90380,2024-11-21.4002787,bt,1.53,16.936,16.494,0.146,0.917,0.122,g
2460636.77119,2024-11-22.2676446,bt,1.54,17.108,16.811,0.167,0.685,0.104,g
2460636.77241,2024-11-22.2688649,bt,1.5,17.038,16.916,0.196,0.621,0.111,g
2460636.77366,2024-11-22.2701167,bt,1.51,17.338,17.307,0.213,0.434,0.084,g
2460637.01639,2024-11-22.5128383,bt,1.5,16.861,16.413,0.145,0.988,0.131,g
2460637.01761,2024-11-22.5140689,bt,1.49,16.719,16.468,0.174,0.939,0.149,g
2460637.01885,2024-11-22.5153023,bt,1.51,16.760,16.334,0.148,1.063,0.144,g
2460637.77445,2024-11-23.2708792,bt,1.47,17.336,16.382,0.091,1.017,0.085,g
2460637.77567,2024-11-23.2721043,bt,1.47,17.337,16.997,0.160,0.577,0.084,g
2460637.77691,2024-11-23.2733466,bt,1.49,17.439,16.703,0.111,0.757,0.077,g
2460638.01010,2024-11-23.5065173,bt,1.56,17.087,16.525,0.131,0.891,0.106,g
2460638.01132,2024-11-23.5077399,bt,1.45,16.984,16.358,0.123,1.039,0.117,g
2460638.01255,2024-11-23.5089777,bt,1.51,16.890,>16.890,99.990,0.606,0.127,g
2460638.82020,2024-11-24.3166082,bt,1.46,17.142,16.268,0.098,1.129,0.101,g
2460638.82145,2024-11-24.3178497,bt,1.49,99.990,99.990,99.990,99.990,99.990,g
2460638.82268,2024-11-24.3190841,bt,1.47,17.076,17.048,0.214,0.551,0.107,g
2460639.95285,2024-11-25.4492259,bt,1.53,99.990,99.990,99.990,99.990,99.990,g
2460639.95409,2024-11-25.4504686,bt,1.53,16.609,>16.609,99.990,0.812,0.165,g
2460639.95533,2024-11-25.4516986,bt,1.55,16.640,16.405,0.176,0.996,0.160,g
2460641.90943,2024-11-27.4057671,bt,1.59,17.157,16.438,0.113,0.966,0.100,g
2460641.91066,2024-11-27.4069898,bt,1.61,17.183,16.494,0.116,0.917,0.097,g
2460641.91188,2024-11-27.4082100,bt,1.6,17.240,16.461,0.107,0.945,0.092,g
2460646.99194,2024-12-02.4881714,bt,1.66,17.305,16.362,0.092,1.035,0.087,g
2460646.99316,2024-12-02.4893966,bt,1.69,17.206,16.362,0.101,1.035,0.095,g
2460646.99441,2024-12-02.4906442,bt,1.68,17.212,16.291,0.094,1.106,0.095,g
2460653.74919,2024-12-09.2453446,bt,1.98,16.942,16.680,0.172,0.772,0.121,g
2460653.75042,2024-12-09.2465709,bt,1.99,17.071,16.246,0.102,1.153,0.108,g
2460653.75163,2024-12-09.2477878,bt,1.68,17.078,16.217,0.099,1.184,0.107,g
2460654.78594,2024-12-10.2820809,bt,2.07,16.960,16.175,0.106,1.231,0.120,g
2460654.78716,2024-12-10.2833072,bt,2.07,16.878,16.445,0.147,0.959,0.129,g
2460654.78838,2024-12-10.2845277,bt,2.06,16.844,16.364,0.141,1.033,0.133,g
2460654.93316,2024-12-10.4293071,bt,2.29,17.111,15.954,0.075,1.508,0.104,g
2460654.93438,2024-12-10.4305266,bt,2.31,17.095,16.108,0.088,1.309,0.106,g
2460654.93562,2024-12-10.4317623,bt,2.33,17.164,16.096,0.082,1.324,0.099,g
2460658.86108,2024-12-14.3572063,bt,1.63,16.096,>16.096,99.990,0.845,0.265,g
2460658.86231,2024-12-14.3584393,bt,1.5,16.031,>16.031,99.990,1.089,0.281,g
2460658.86353,2024-12-14.3596582,bt,1.62,16.088,>16.088,99.990,0.829,0.267,g
2460659.91722,2024-12-15.4133524,bt,1.64,15.625,>15.625,99.990,1.627,0.409,g
2460659.91846,2024-12-15.4145787,bt,1.58,15.823,15.772,0.209,1.782,0.341,g
2460659.91968,2024-12-15.4158038,bt,1.67,15.933,>15.933,99.990,1.206,0.308,g
2460660.74752,2024-12-16.2436480,bt,1.73,15.991,>15.991,99.990,1.172,0.292,g
2460660.74876,2024-12-16.2448833,bt,2.01,16.036,>16.036,99.990,0.350,0.280,g
2460660.74999,2024-12-16.2461144,bt,1.67,16.105,>16.105,99.990,0.431,0.262,g
2460661.83013,2024-12-17.3262564,bt,1.51,16.281,16.100,0.186,1.319,0.223,g
2460661.83136,2024-12-17.3274862,bt,1.45,16.459,>16.459,99.990,0.775,0.189,g
2460661.83258,2024-12-17.3287091,bt,1.48,16.322,>16.322,99.990,0.741,0.215,g
2460662.74926,2024-12-18.2453839,bt,1.6,16.386,>16.386,99.990,0.859,0.203,g
2460662.75046,2024-12-18.2465915,bt,1.66,16.458,16.452,0.218,0.953,0.190,g
2460662.75172,2024-12-18.2478476,bt,1.62,16.558,16.277,0.169,1.120,0.173,g
2460663.85475,2024-12-19.3508819,bt,1.48,16.630,16.584,0.210,0.844,0.162,g
2460663.85599,2024-12-19.3521190,bt,1.49,16.652,>16.652,99.990,0.492,0.159,g
2460663.85721,2024-12-19.3533381,bt,1.51,16.614,16.258,0.158,1.140,0.164,g
2460663.96229,2024-12-19.4584229,bD,1.49,16.784,16.485,0.167,0.925,0.141,g
2460663.96355,2024-12-19.4596809,bD,1.52,16.681,16.447,0.177,0.957,0.154,g
2460663.96480,2024-12-19.4609362,bD,1.53,16.736,16.543,0.184,0.876,0.147,g
2460664.72158,2024-12-20.2177184,bt,1.53,16.995,16.653,0.160,0.792,0.116,g
2460664.72281,2024-12-20.2189421,bt,1.54,17.094,16.567,0.135,0.858,0.106,g
2460664.72403,2024-12-20.2201729,bt,1.53,16.899,16.575,0.163,0.852,0.126,g
2460665.69894,2024-12-21.1950761,bt,1.49,17.410,16.229,0.074,1.170,0.079,g
2460665.70017,2024-12-21.1963142,bt,1.48,17.301,16.331,0.090,1.065,0.087,g
2460665.70141,2024-12-21.1975489,bt,1.48,17.295,16.532,0.108,0.886,0.088,g
2460666.66524,2024-12-22.1613870,bt,1.45,17.260,16.549,0.114,0.872,0.091,g
2460666.66647,2024-12-22.1626193,bt,1.48,17.338,16.833,0.138,0.672,0.084,g
2460666.66770,2024-12-22.1638525,bt,1.52,17.319,16.707,0.125,0.753,0.086,g
2460667.69692,2024-12-23.1930771,bt,1.57,17.298,16.283,0.086,1.114,0.088,g
2460667.69816,2024-12-23.1943150,bt,1.54,17.388,16.548,0.101,0.873,0.081,g
2460667.69939,2024-12-23.1955476,bt,1.51,17.406,16.442,0.090,0.963,0.079,g
2460667.89292,2024-12-23.3890746,bt,1.71,17.105,16.410,0.116,0.991,0.105,g
2460667.89414,2024-12-23.3902997,bt,1.66,17.061,16.276,0.106,1.122,0.109,g
2460667.89536,2024-12-23.3915292,bt,1.72,17.195,16.284,0.095,1.113,0.096,g
2460668.75899,2024-12-24.2551518,bt,1.47,17.384,16.779,0.125,0.706,0.081,g
2460668.76023,2024-12-24.2563899,bt,1.49,17.253,16.087,0.075,1.335,0.091,g
2460668.76145,2024-12-24.2576127,bt,1.56,17.336,16.629,0.114,0.810,0.085,g
2460669.94517,2024-12-25.4413489,bt,1.52,17.205,16.928,0.170,0.615,0.095,g
2460669.94641,2024-12-25.4425883,bt,1.56,17.255,16.546,0.114,0.875,0.091,g
2460669.94763,2024-12-25.4438168,bt,1.58,17.152,16.409,0.111,0.992,0.100,g
2460672.77624,2024-12-28.2724616,bt,1.61,17.425,16.236,0.073,1.163,0.078,g
2460672.77747,2024-12-28.2736809,bt,1.63,17.425,16.445,0.089,0.959,0.078,g
2460672.77869,2024-12-28.2749082,bt,1.61,17.447,16.374,0.081,1.024,0.076,g
2460672.93212,2024-12-28.4283329,bt,2.01,17.098,16.591,0.137,0.839,0.105,g
2460672.93334,2024-12-28.4295648,bt,1.98,17.115,16.158,0.091,1.250,0.104,g
2460672.93458,2024-12-28.4308019,bt,2.02,17.053,16.214,0.101,1.187,0.110,g
2460675.65716,2024-12-31.1534218,bt,1.57,17.309,16.650,0.119,0.794,0.087,g
2460675.65838,2024-12-31.1546490,bt,1.64,17.279,16.353,0.093,1.044,0.089,g
2460675.65962,2024-12-31.1558853,bt,1.52,17.382,16.598,0.106,0.834,0.081,g
2460675.92472,2024-12-31.4209843,bt,1.49,17.423,16.557,0.099,0.866,0.078,g
2460675.92595,2024-12-31.4222211,bt,1.54,17.290,16.556,0.111,0.866,0.088,g
2460675.92721,2024-12-31.4234803,bt,1.48,17.146,16.419,0.112,0.982,0.101,g
2460676.75610,2025-01-01.2523814,bt,1.51,17.243,16.382,0.099,1.017,0.092,g
2460676.75733,2025-01-01.2536186,bt,1.51,17.333,16.692,0.121,0.764,0.085,g
2460676.75856,2025-01-01.2548483,bt,1.52,17.375,16.447,0.093,0.958,0.082,g
2460680.71674,2025-01-05.2131097,bt,1.5,17.464,16.412,0.083,0.990,0.075,g
2460680.71797,2025-01-05.2143443,bt,1.53,17.419,16.302,0.078,1.094,0.078,g
2460680.71920,2025-01-05.2155706,bt,1.57,17.195,16.649,0.132,0.795,0.096,g
2460685.74641,2025-01-10.2429125,bD,1.52,16.249,>16.249,99.990,0.970,0.230,g
2460685.74767,2025-01-10.2441684,bD,1.58,16.350,>16.350,99.990,0.964,0.210,g
2460685.74892,2025-01-10.2454148,bD,1.58,16.213,>16.213,99.990,1.066,0.238,g
2460690.81354,2025-01-15.3102133,bD,1.61,16.156,>16.156,99.990,1.167,0.251,g
2460690.81479,2025-01-15.3114667,bD,1.7,16.173,16.104,0.206,1.313,0.247,g
2460690.81606,2025-01-15.3127283,bD,1.7,16.271,15.752,0.136,1.815,0.226,g
2460690.96499,2025-01-15.4616670,bD,1.98,15.997,>15.997,99.990,0.528,0.290,g
2460690.96625,2025-01-15.4629261,bD,1.72,99.990,99.990,99.990,99.990,99.990,g
2460690.96751,2025-01-15.4641798,bD,1.96,16.044,>16.044,99.990,1.065,0.278,g
2460692.95756,2025-01-17.4543037,bD,2.04,16.383,15.950,0.147,1.513,0.203,g
2460692.95881,2025-01-17.4555570,bD,2.12,16.397,16.041,0.158,1.392,0.201,g
2460692.96006,2025-01-17.4568084,bD,2.21,16.368,>16.368,99.990,1.028,0.206,g
2460694.77674,2025-01-19.2735509,bD,1.75,17.165,16.255,0.095,1.142,0.099,g
2460694.77800,2025-01-19.2748140,bD,1.72,17.235,16.144,0.080,1.266,0.093,g
2460694.77926,2025-01-19.2760814,bD,1.72,17.297,16.141,0.075,1.270,0.088,g
2460696.89999,2025-01-21.3968869,bD,1.61,16.074,>16.074,99.990,0.980,0.270,g
2460696.90125,2025-01-21.3981460,bD,1.64,16.681,16.248,0.147,1.150,0.155,g
2460696.90252,2025-01-21.3994136,bD,1.57,17.064,16.323,0.111,1.074,0.109,g
2460699.91907,2025-01-24.4160980,bD,2.47,17.125,15.889,0.071,1.601,0.103,g
2460699.92033,2025-01-24.4173622,bD,2.48,17.010,15.622,0.062,2.046,0.115,g
2460699.92158,2025-01-24.4186135,bD,2.46,17.050,15.690,0.064,1.923,0.111,g
2460700.74872,2025-01-25.2457858,bt,1.54,17.345,16.487,0.099,0.923,0.084,g
2460700.74994,2025-01-25.2470075,bt,1.57,17.291,16.419,0.098,0.982,0.088,g
2460700.75118,2025-01-25.2482407,bt,1.58,17.343,16.335,0.086,1.062,0.084,g
2460701.76036,2025-01-26.2574743,bt,1.53,17.371,16.543,0.102,0.877,0.082,g
2460701.76159,2025-01-26.2586994,bt,1.55,17.383,16.444,0.092,0.960,0.081,g
2460701.76282,2025-01-26.2599267,bt,1.49,17.307,16.381,0.093,1.018,0.087,g
2460704.92855,2025-01-29.4258085,bD,2.1,15.555,>15.555,99.990,0.478,0.435,g
2460704.92979,2025-01-29.4270550,bD,2.08,15.339,>15.339,99.990,1.309,0.532,g
2460704.93104,2025-01-29.4283087,bD,2.13,14.914,>14.914,99.990,0.483,0.786,g
2460709.75547,2025-02-03.2529762,bD,1.62,17.282,16.215,0.082,1.186,0.089,g
2460709.75673,2025-02-03.2542311,bD,2.0,17.143,16.118,0.085,1.298,0.101,g
2460709.75798,2025-02-03.2554790,bD,2.01,17.232,16.190,0.084,1.214,0.093,g
2460710.86593,2025-02-04.3634843,bD,2.48,99.990,99.990,99.990,99.990,99.990,g
2460710.86718,2025-02-04.3647415,bD,2.49,99.990,99.990,99.990,99.990,99.990,g
2460710.86843,2025-02-04.3659973,bD,2.47,16.915,15.917,0.087,1.560,0.125,g
2460711.75463,2025-02-05.2522379,bt,1.57,17.057,16.360,0.115,1.037,0.109,g
2460711.75586,2025-02-05.2534692,bt,1.57,16.957,16.290,0.119,1.107,0.120,g
2460711.75710,2025-02-05.2547050,bt,1.57,16.993,16.399,0.127,1.001,0.116,g
2460712.81300,2025-02-06.3106707,bD,2.32,16.269,>16.269,99.990,1.079,0.226,g
2460712.81428,2025-02-06.3119476,bD,2.22,99.990,99.990,99.990,99.990,99.990,g
2460712.81554,2025-02-06.3132094,bD,2.25,16.536,15.983,0.132,1.469,0.177,g
2460713.84271,2025-02-07.3404339,bD,2.26,16.164,15.819,0.160,1.709,0.249,g
2460713.84396,2025-02-07.3416885,bD,2.25,16.359,16.047,0.165,1.384,0.208,g
2460713.84522,2025-02-07.3429399,bD,2.2,16.306,15.849,0.144,1.661,0.218,g
2460715.93035,2025-02-09.4281842,bD,1.55,16.194,>16.194,99.990,0.969,0.242,g
2460715.93160,2025-02-09.4294412,bD,1.53,16.330,16.249,0.204,1.150,0.213,g
2460715.93287,2025-02-09.4307065,bD,1.5,16.191,15.851,0.160,1.658,0.243,g
2460717.77520,2025-02-11.2731517,bD,1.61,16.218,>16.218,99.990,1.022,0.236,g
2460718.78590,2025-02-12.2839026,bD,1.57,16.187,>16.187,99.990,0.569,0.243,g
2460718.78715,2025-02-12.2851571,bD,1.56,16.212,>16.212,99.990,0.976,0.238,g
2460718.78842,2025-02-12.2864256,bD,1.62,16.414,>16.414,99.990,0.603,0.197,g
2460720.84699,2025-02-14.3451107,bD,1.98,16.438,>16.438,99.990,0.908,0.193,g
2460720.84824,2025-02-14.3463746,bD,1.69,16.422,>16.422,99.990,0.876,0.196,g
2460720.84950,2025-02-14.3476238,bD,1.65,16.441,16.342,0.200,1.055,0.193,g
2460721.84745,2025-02-15.3456401,bD,1.65,16.840,16.783,0.208,0.703,0.133,g
2460721.84872,2025-02-15.3469028,bD,1.63,16.458,16.303,0.190,1.094,0.190,g
2460722.78668,2025-02-16.2849207,bt,2.25,16.329,16.284,0.210,1.113,0.214,g
2460722.78791,2025-02-16.2861585,bt,2.23,16.573,16.001,0.130,1.445,0.171,g
2460725.79260,2025-02-19.2910274,bD,1.61,17.141,16.223,0.094,1.177,0.101,g
2460727.81473,2025-02-21.3132762,bD,1.52,17.403,16.414,0.088,0.987,0.079,g
2460727.81599,2025-02-21.3145430,bD,1.53,17.520,16.297,0.071,1.099,0.071,g
2460727.81726,2025-02-21.3158052,bD,1.57,17.437,16.256,0.074,1.142,0.077,g
2460728.79509,2025-02-22.2937023,bD,1.53,17.452,16.478,0.089,0.931,0.076,g
2460728.79634,2025-02-22.2949547,bD,1.53,17.506,16.412,0.080,0.989,0.072,g
2460728.79760,2025-02-22.2962171,bD,1.56,17.560,16.359,0.072,1.039,0.069,g
2460730.77820,2025-02-24.2769361,bD,1.56,17.627,16.535,0.080,0.884,0.065,g
2460730.77945,2025-02-24.2781886,bD,1.6,17.752,16.352,0.060,1.046,0.058,g
2460730.78070,2025-02-24.2794428,bD,1.55,17.754,16.568,0.073,0.857,0.058,g
2460732.73050,2025-02-26.2293733,bt,1.51,17.275,16.499,0.107,0.913,0.089,g
2460732.73174,2025-02-26.2306104,bt,1.52,17.291,16.390,0.095,1.009,0.088,g
2460732.73296,2025-02-26.2318321,bt,1.47,17.219,16.423,0.105,0.979,0.094,g
2460737.81831,2025-03-03.3175081,bD,1.54,17.505,16.217,0.067,1.184,0.072,g
2460737.81956,2025-03-03.3187688,bD,1.57,17.370,16.429,0.092,0.974,0.082,g
2460737.82081,2025-03-03.3200232,bD,1.59,17.570,16.401,0.075,0.999,0.068,g
2460749.82565,2025-03-15.3256731,bD,1.98,16.139,>16.139,99.990,1.028,0.254,g
2460749.82690,2025-03-15.3269208,bD,1.99,16.126,>16.126,99.990,1.133,0.257,g
2460752.73739,2025-03-18.2376094,bD,1.55,17.453,16.215,0.070,1.186,0.076,g
2460752.73865,2025-03-18.2388704,bD,1.55,17.372,16.478,0.096,0.931,0.082,g
2460752.73989,2025-03-18.2401153,bD,1.54,17.524,16.467,0.083,0.941,0.071,g