2455260.62491 20.353 0.107 4.43 470.0
2455261.53973 20.441 0.115 4.44 430.0
2455262.60647 20.017 0.087 5.43 397.0
2455264.57016 20.398 0.098 4.29 407.0
2455265.50395 20.438 0.181 5.82 681.0
2455267.55022 20.358 0.138 4.65 600.0
2455268.62477 20.028 0.101 5.06 525.0
2455269.53415 19.869 0.087 5.36 528.0
2455271.54295 20.615 0.135 3.99 428.0
2455272.56012 20.407 0.138 6.14 358.0
2455273.53208 20.081 0.091 5.78 359.0
2455274.56324 20.158 0.095 4.25 479.0
2455276.54229 20.536 0.113 4.12 412.0
2455279.53045 20.828 0.263 6.58 500.0
2455281.50586 20.139 0.110 4.89 581.0
2455282.52458 20.371 0.114 3.93 674.0
2455283.54067 20.331 0.201 6.49 802.0
2455284.54401 20.628 0.175 4.20 874.0
2455285.54561 20.439 0.209 4.89 1132.0
2455287.53885 20.674 0.221 5.43 777.0
2455289.51512 19.930 0.100 6.24 419.0
2455292.55580 21.109 0.288 5.84 540.0
2455294.53859 20.086 0.101 4.61 557.0
2455297.50678 20.635 0.184 6.11 383.0
2455299.50424 20.073 0.105 5.17 543.0
2455307.49382 20.116 0.107 5.20 502.0
2455310.48457 20.161 0.163 6.25 738.0
2455315.48324 19.981 0.122 4.95 1142.0
2455323.46903 20.155 0.122 4.76 812.0
2455327.46258 20.148 0.122 4.81 878.0
2455335.45725 20.077 0.133 4.56 1228.0
2455343.48117 20.076 0.194 6.39 1414.0
2455429.93287 20.194 0.175 3.77 2546.0
2455430.88467 20.062 0.130 6.27 652.0
2455439.89410 20.533 0.165 5.52 555.0
2455444.87622 20.479 0.130 5.49 442.0
2455449.88091 20.255 0.092 5.20 332.0
2455451.88996 19.977 0.113 6.33 492.0
2455454.87567 20.098 0.078 5.02 322.0
2455456.90135 20.742 0.124 4.31 361.0
2455457.88371 20.340 0.077 3.68 307.0
2455461.89599 20.174 0.092 4.17 583.0
2455463.86103 20.175 0.103 5.03 535.0
2455467.83499 20.338 0.110 5.11 434.0
2455468.80899 20.580 0.146 5.44 448.0
2455470.78142 20.226 0.092 4.87 373.0
2455471.83168 20.462 0.106 4.62 380.0
2455476.78736 20.414 0.083 3.59 390.0
2455478.77611 20.162 0.067 3.96 320.0
2455480.78979 20.455 0.113 6.02 252.0
2455482.76602 20.241 0.107 6.51 269.0
2455483.76399 20.317 0.142 7.35 330.0
2455484.87347 20.335 0.089 4.52 347.0
2455486.77249 20.095 0.095 5.86 381.0
2455487.85147 20.213 0.073 3.38 464.0
2455488.84537 20.343 0.080 3.74 346.0
2455490.71162 20.209 0.115 4.70 691.0
2455491.73193 20.643 0.163 4.68 659.0
2455492.76544 20.189 0.099 4.03 736.0
2455493.78777 20.732 0.183 4.96 608.0
2455494.83250 20.078 0.100 4.66 695.0
2455495.78964 20.168 0.095 4.59 522.0
2455497.81763 20.784 0.194 6.10 410.0
2455499.72462 20.404 0.112 5.51 321.0
2455502.79478 20.213 0.072 3.76 350.0
2455503.75002 20.606 0.120 4.30 374.0
2455505.71969 20.263 0.116 5.25 508.0
2455506.73715 20.236 0.071 3.64 361.0
2455507.75528 20.239 0.064 3.58 256.0
2455509.66370 20.292 0.094 4.48 427.0
2455510.71961 20.168 0.085 5.00 307.0
2455511.69578 20.238 0.099 5.23 367.0
2455512.73885 20.556 0.111 4.89 296.0
2455513.70912 20.170 0.087 4.69 386.0
2455514.74166 20.229 0.073 3.91 340.0
2455515.65893 20.280 0.128 5.33 515.0
2455516.74449 20.512 0.108 3.78 361.0
2455517.65759 20.188 0.114 5.46 474.0
2455517.85853 20.627 0.143 4.24 605.0
2455518.75399 20.249 0.149 5.85 628.0
2455519.67752 20.199 0.182 7.02 687.0
2455521.69727 20.738 0.218 5.44 736.0
2455522.72241 20.132 0.131 4.58 1121.0
2455523.68710 20.436 0.132 4.75 536.0
2455524.69555 20.368 0.101 3.60 610.0
2455525.72862 20.389 0.087 3.35 470.0
2455526.68067 20.336 0.094 3.71 539.0
2455527.76141 20.292 0.087 4.33 372.0
2455528.70243 20.318 0.110 4.22 526.0
2455529.68276 20.277 0.100 5.02 365.0
2455530.68997 20.294 0.094 4.80 374.0
2455531.77315 20.216 0.067 3.98 320.0
2455532.68126 20.402 0.089 4.21 344.0
2455533.70460 20.530 0.132 5.81 313.0
2455534.73617 20.281 0.085 4.80 316.0
2455535.71295 20.219 0.085 4.95 320.0
2455536.71561 20.356 0.086 4.92 275.0
2455539.72586 20.264 0.086 4.39 344.0
2455540.80998 20.468 0.109 5.49 276.0
2455541.67618 20.615 0.147 5.77 313.0
2455542.73457 20.353 0.089 5.01 259.0
2455543.76609 19.948 0.103 7.44 312.0
2455544.75361 20.049 0.071 4.77 323.0
2455545.74288 20.546 0.129 5.57 339.0
2455546.69255 20.368 0.129 6.04 430.0
2455547.75233 20.096 0.098 5.40 457.0
2455548.71230 20.197 0.104 4.94 498.0
2455549.67684 20.435 0.138 5.03 567.0
2455550.73226 20.365 0.123 4.54 679.0
2455551.68278 20.528 0.161 4.47 829.0
2455553.73582 20.392 0.129 5.09 505.0
2455554.66915 20.233 0.119 5.45 502.0
2455556.68377 20.083 0.073 4.34 406.0
2455557.66492 20.494 0.116 4.70 406.0
2455558.66583 20.272 0.097 5.97 248.0
2455559.65601 20.284 0.136 6.71 372.0
2455560.64769 20.386 0.098 5.14 276.0
2455561.68126 20.481 0.135 6.01 363.0
2455562.70082 20.310 0.103 4.77 491.0
2455563.63480 20.481 0.138 5.85 416.0
2455565.66608 20.352 0.119 6.54 277.0
2455566.69337 20.196 0.088 4.42 473.0
2455568.71367 20.079 0.096 5.55 456.0
2455569.70822 20.405 0.123 6.40 295.0
2455570.74695 20.435 0.106 5.49 297.0
2455571.67880 20.418 0.110 5.65 270.0
2455572.79522 20.145 0.089 5.29 369.0
2455575.70028 20.206 0.101 5.34 379.0
2455576.67448 20.347 0.083 4.16 333.0
2455577.67605 20.239 0.110 5.28 454.0
2455578.68281 20.440 0.127 4.66 548.0
2455579.73317 20.189 0.134 5.13 873.0
2455580.67685 20.311 0.087 3.72 517.0
2455581.67931 20.188 0.120 5.07 739.0
2455582.68711 20.479 0.137 4.51 619.0
2455583.69389 20.219 0.078 3.85 486.0
2455584.67991 20.182 0.097 5.45 399.0
2455585.67977 20.229 0.103 4.74 521.0
2455586.64352 20.382 0.127 5.99 367.0
2455587.62564 20.022 0.080 5.91 298.0
2455588.72960 18.987 0.054 6.78 516.0
2455589.63566 20.432 0.093 5.12 273.0
2455590.61418 20.131 0.096 6.61 235.0
2455591.67301 20.300 0.074 4.30 279.0
2455592.65525 20.239 0.073 4.83 244.0
2455593.63821 20.230 0.084 4.82 325.0
2455594.65440 20.217 0.092 6.06 230.0
2455595.63304 20.122 0.078 5.19 298.0
2455596.69624 20.051 0.061 4.18 300.0
2455597.61367 20.640 0.143 5.25 368.0
2455598.67781 20.238 0.080 5.25 260.0
2455599.64362 20.460 0.128 5.18 391.0
2455600.67636 20.456 0.098 4.97 260.0
2455601.65597 20.490 0.093 4.93 249.0
2455602.65469 20.465 0.095 5.32 223.0
2455603.66345 20.226 0.101 6.00 321.0
2455604.66059 20.004 0.085 6.00 337.0
2455605.66569 20.418 0.084 3.92 381.0
2455606.67704 20.265 0.095 4.49 474.0
2455607.68847 20.284 0.131 5.23 593.0
2455608.67534 20.432 0.169 5.94 671.0
2455609.70705 20.121 0.115 5.09 777.0
2455611.63762 20.008 0.131 5.87 792.0
2455612.69014 20.322 0.153 5.50 760.0
2455613.65164 20.227 0.138 6.66 500.0
2455614.64527 20.176 0.099 4.77 507.0
2455615.63907 20.365 0.099 4.52 420.0
2455616.64781 20.293 0.109 5.16 382.0
2455619.63830 20.577 0.107 4.94 297.0
2455620.62366 20.299 0.136 7.16 334.0
2455622.63295 20.354 0.118 5.12 454.0
2455623.59586 20.237 0.097 5.18 388.0
2455624.53695 20.148 0.113 6.26 349.0
2455625.62860 20.221 0.096 4.97 356.0
2455626.58970 20.823 0.184 5.88 322.0
2455627.55442 20.238 0.086 5.10 288.0
2455629.59466 20.640 0.131 4.47 382.0
2455630.60609 20.254 0.115 4.75 487.0
2455632.55419 20.180 0.111 5.58 523.0
2455633.60320 20.416 0.107 4.60 426.0
2455634.56361 20.422 0.130 5.08 423.0
2455635.56792 20.174 0.114 6.09 446.0
2455638.57253 20.311 0.198 6.22 917.0
2455639.58277 20.689 0.261 6.01 846.0
2455640.52177 20.249 0.173 6.16 737.0
2455641.54943 20.354 0.137 5.13 552.0
2455642.49769 20.252 0.090 4.11 395.0
2455643.49546 20.634 0.170 5.50 511.0
2455644.49821 19.973 0.083 5.09 425.0
2455645.49692 19.922 0.122 7.05 508.0
2455646.50995 20.275 0.128 5.90 430.0
2455647.51189 20.040 0.080 4.87 376.0
2455648.51178 20.360 0.125 5.65 422.0
2455649.52733 20.625 0.167 5.59 502.0
2455650.50776 20.450 0.107 4.44 437.0
2455651.51370 20.056 0.070 4.58 355.0
2455652.50863 20.277 0.098 4.88 410.0
2455653.53872 20.446 0.115 4.46 404.0
2455654.54726 20.179 0.109 5.37 400.0
2455655.53842 20.286 0.103 5.36 387.0
2455656.54731 19.913 0.071 5.25 390.0
2455657.50726 20.297 0.128 5.77 492.0
2455659.50654 20.570 0.125 5.10 394.0
2455660.55195 20.292 0.106 5.38 381.0
2455664.48614 20.416 0.205 7.00 645.0
2455665.50138 20.313 0.169 6.24 697.0
2455667.48037 20.157 0.144 5.80 683.0
2455668.48590 20.108 0.125 5.54 671.0
2455669.47991 20.126 0.114 4.54 877.0
2455670.53141 20.376 0.159 5.05 776.0
2455671.48176 20.295 0.197 6.82 724.0
2455672.47624 20.155 0.116 5.13 655.0
2455674.48474 20.590 0.167 5.97 456.0
2455675.47761 20.277 0.164 6.80 552.0
2455676.53252 20.568 0.069 3.62 206.0
2455677.47433 20.364 0.112 4.41 556.0
2455678.50854 20.544 0.127 4.57 462.0
2455679.47620 20.488 0.141 5.30 448.0
2455680.52427 20.159 0.112 4.79 516.0
2455681.48730 20.300 0.131 6.31 406.0
2455682.48839 20.346 0.150 6.04 558.0
2455683.49291 20.377 0.147 4.74 806.0
2455684.49699 20.329 0.138 4.57 571.0
2455685.46954 20.331 0.164 5.68 626.0
2455686.47043 20.315 0.101 4.13 579.0
2455687.47117 20.569 0.194 6.22 586.0
2455691.46412 20.195 0.148 5.58 864.0
2455692.51198 20.155 0.173 6.99 1136.0
2455694.47720 20.396 0.182 5.12 897.0
2455695.46467 20.291 0.127 4.43 684.0
2455696.47357 20.545 0.244 6.04 817.0
2455697.46347 20.378 0.158 4.34 950.0
2455699.47301 19.758 0.139 6.75 1191.0
2455700.46460 20.388 0.193 6.26 813.0
2455702.46149 20.025 0.121 6.16 677.0
2455706.46037 20.720 0.243 6.01 987.0
2455709.44830 20.211 0.227 5.54 2149.0
2455783.93814 20.780 0.222 4.23 1236.0
2455795.92766 20.277 0.133 6.18 505.0
2455803.87297 20.354 0.101 5.16 374.0
2455805.83745 20.774 0.164 5.23 438.0
2455806.88844 20.398 0.103 5.13 340.0
2455809.84970 20.378 0.077 4.31 272.0
2455810.85281 20.226 0.108 5.58 424.0
2455812.84560 20.090 0.074 4.88 355.0
2455814.86242 20.540 0.160 5.71 534.0
2455815.87406 20.637 0.143 4.82 498.0
2455816.84818 20.172 0.146 6.43 656.0
2455817.84879 20.362 0.120 5.10 541.0
2455818.87790 20.393 0.119 4.71 565.0
2455819.83185 20.274 0.104 4.97 510.0
2455820.89930 20.285 0.099 4.90 437.0
2455822.81951 20.554 0.121 4.95 384.0
2455823.89439 20.264 0.106 6.00 345.0
2455824.81635 20.284 0.094 5.22 333.0
2455825.80461 20.281 0.088 5.10 325.0
2455826.85307 20.369 0.096 4.81 325.0
2455827.84706 20.278 0.081 4.46 327.0
2455828.87328 20.205 0.073 4.10 395.0
2455829.84667 20.312 0.069 4.31 281.0
2455830.83822 20.615 0.110 4.82 290.0
2455831.82988 20.105 0.058 4.18 290.0
2455832.81933 20.434 0.090 5.19 235.0
2455833.80366 20.285 0.102 5.83 319.0
2455834.80459 20.289 0.071 4.00 321.0
2455835.86450 20.551 0.124 5.75 272.0
2455836.76848 20.194 0.070 4.50 325.0
2455837.84985 20.248 0.090 5.00 368.0
2455839.83198 20.009 0.074 5.56 318.0
2455840.81496 20.174 0.075 4.33 371.0
2455841.81196 20.367 0.110 5.21 391.0
2455842.83014 20.208 0.132 6.72 422.0
2455843.84562 20.336 0.101 4.84 454.0
2455845.85988 20.163 0.163 7.43 575.0
2455846.82110 20.221 0.192 6.99 748.0
2455850.78492 20.516 0.116 4.83 444.0
2455851.79400 20.339 0.121 5.66 453.0
2455852.77772 20.035 0.126 7.71 370.0
2455853.84746 20.403 0.161 6.89 406.0
2455854.75277 20.413 0.107 5.09 371.0
2455855.82249 20.346 0.082 4.00 406.0
2455856.79406 20.139 0.140 7.48 456.0
2455857.77839 20.391 0.140 6.61 352.0
2455858.82827 20.066 0.130 7.67 400.0
2455859.79680 20.339 0.093 4.44 399.0
2455860.78185 20.206 0.091 5.07 365.0
2455861.79085 20.079 0.094 5.45 417.0
2455863.79278 20.265 0.084 4.66 364.0
2455864.70136 20.296 0.078 4.04 388.0
2455865.77092 20.243 0.096 4.57 451.0
2455866.79505 20.227 0.086 4.75 390.0
2455867.73395 20.725 0.135 4.85 391.0
2455868.83543 20.417 0.091 4.09 378.0
2455869.80093 20.278 0.077 4.19 374.0
2455870.74072 20.244 0.089 4.35 463.0
2455871.72681 20.165 0.076 4.28 413.0
2455872.73616 20.446 0.098 3.95 449.0
2455873.73138 20.254 0.111 4.35 680.0
2455874.76495 20.711 0.209 6.28 484.0
2455875.70089 20.270 0.123 5.24 611.0
2455878.73832 20.717 0.270 6.98 666.0
2455880.73736 20.847 0.206 5.19 592.0
2455880.78837 20.018 0.112 6.53 462.0
2455881.72396 20.002 0.073 4.45 456.0
2455882.75472 20.412 0.107 4.88 395.0
2455883.75869 20.902 0.218 6.01 470.0
2455885.68996 20.289 0.173 7.39 453.0
2455886.72604 20.420 0.181 7.07 485.0
2455887.79840 20.445 0.086 3.72 421.0
2455888.78706 20.464 0.132 5.28 477.0
2455889.82926 20.243 0.113 5.56 441.0
2455890.76280 20.341 0.089 4.47 386.0
2455891.72144 20.340 0.116 4.92 507.0
2455892.73920 20.113 0.094 5.22 440.0
2455893.75732 20.113 0.074 4.38 358.0
2455894.78074 20.351 0.097 5.19 349.0
2455895.79786 20.064 0.087 5.14 394.0
2455896.78090 20.735 0.143 4.96 377.0
2455897.72773 20.140 0.073 4.56 316.0
2455898.70991 20.178 0.093 4.95 427.0
2455899.76908 20.730 0.153 5.35 343.0
2455900.71871 20.314 0.095 5.01 337.0
2455901.76801 20.230 0.115 5.27 551.0
2455903.77443 20.582 0.155 5.09 582.0
2455904.74903 20.445 0.127 4.61 654.0
2455905.72309 20.044 0.095 4.20 755.0
2455906.73498 20.207 0.120 4.49 884.0
2455907.71134 20.874 0.197 4.66 588.0
2455908.73829 20.211 0.128 5.20 706.0
2455909.78288 20.095 0.101 4.96 614.0
2455910.69564 20.411 0.112 4.50 478.0
2455911.72749 20.319 0.089 4.31 387.0
2455912.74797 20.460 0.105 4.32 421.0
2455913.71990 20.366 0.089 4.61 308.0
2455914.74255 20.272 0.076 4.75 268.0
2455915.69956 20.451 0.091 4.90 252.0
2455916.75344 20.349 0.083 4.66 295.0
2455917.71708 20.199 0.080 5.10 286.0
2455922.73411 20.145 0.064 4.51 261.0
2455923.71034 20.516 0.086 4.22 266.0
2455924.69164 20.617 0.118 4.36 382.0
2455925.70569 20.374 0.128 6.16 374.0
2455926.71748 20.232 0.083 5.35 241.0
2455927.71648 20.425 0.120 5.13 376.0
2455929.69065 20.071 0.084 4.90 420.0
2455930.83580 19.941 0.072 5.63 263.0
2455931.65622 20.197 0.113 5.05 472.0
2455932.65364 20.302 0.107 4.14 562.0
2455933.70483 20.397 0.144 4.62 829.0
2455934.70088 20.159 0.093 4.54 566.0
2455936.64597 20.291 0.136 4.94 803.0
2455937.67574 20.393 0.104 3.82 570.0
2455938.67648 20.283 0.101 4.78 436.0
2455939.72028 20.120 0.092 3.83 686.0
2455940.75620 20.463 0.119 5.29 332.0
2455941.75615 20.266 0.118 5.01 596.0
2455942.78050 20.190 0.081 4.99 309.0
2455943.73800 20.212 0.097 4.45 495.0
2455944.73123 20.653 0.105 4.66 259.0
2455945.71154 20.273 0.075 4.06 360.0
2455946.65138 20.222 0.078 4.83 271.0
2455946.76774 19.977 0.080 5.15 350.0
2455947.71832 20.281 0.109 5.58 373.0
2455948.70714 20.567 0.130 5.70 292.0
2455949.72333 20.188 0.102 5.99 349.0
2455950.64432 20.266 0.085 5.51 256.0
2455951.66966 20.594 0.145 5.00 485.0
2455952.69429 20.212 0.073 5.41 206.0
2455953.69222 20.612 0.138 5.69 366.0
2455954.68977 20.289 0.064 4.09 232.0
2455955.71237 20.179 0.085 4.77 388.0
2455956.71244 20.238 0.072 4.13 284.0
2455958.72961 20.129 0.068 4.95 259.0
2455959.70160 20.272 0.089 4.95 321.0
2455960.70365 20.662 0.134 5.18 348.0
2455961.63538 20.369 0.088 4.14 422.0
2455962.63629 20.152 0.142 6.96 536.0
2455963.60300 19.978 0.128 5.58 965.0
2455964.61499 20.383 0.144 5.34 653.0
2455965.61392 20.269 0.112 3.94 741.0
2455967.63604 20.276 0.145 6.19 541.0
2455968.63613 20.525 0.136 5.45 426.0
2455969.61216 20.261 0.085 4.91 329.0
2455970.58966 20.192 0.074 4.28 324.0
2455971.68255 20.119 0.072 4.64 340.0
2455972.66895 20.522 0.099 4.15 334.0
2455973.65198 20.498 0.078 4.07 237.0
2455974.60704 20.160 0.094 6.21 242.0
2455976.64120 20.486 0.121 5.66 322.0
2455977.67474 20.366 0.108 5.01 371.0
2455978.65061 20.223 0.075 3.95 318.0
2455979.60137 20.204 0.091 5.49 310.0
2455980.61702 20.299 0.114 5.69 389.0
2455981.64049 20.348 0.099 4.59 338.0
2455982.64636 20.407 0.113 5.40 377.0
2455983.68905 20.286 0.080 4.82 333.0
2455984.62807 20.452 0.100 4.38 352.0
2455985.66041 20.434 0.107 5.03 359.0
2455986.59017 20.140 0.078 5.01 337.0
2455987.66564 20.047 0.084 5.26 415.0
2455988.63212 20.245 0.107 5.17 452.0
2455989.59608 20.073 0.080 4.79 377.0
2455990.58957 19.847 0.098 6.50 467.0
2455991.66461 20.599 0.197 5.73 664.0
2455992.62484 20.490 0.139 4.95 574.0
2455993.58174 20.377 0.120 4.81 565.0
2455994.58041 20.281 0.129 4.69 797.0
2455995.62811 20.346 0.156 5.02 822.0
2455996.59819 19.993 0.131 6.64 729.0
2455997.60036 20.609 0.181 5.65 570.0
2455998.59871 20.257 0.098 4.72 439.0
2455998.65912 20.075 0.096 5.21 501.0
2455999.63742 20.203 0.084 3.90 427.0
2456000.61481 20.277 0.098 4.79 399.0
2456002.57853 20.212 0.101 5.24 452.0
2456003.54463 20.269 0.134 6.65 387.0
2456004.58342 20.414 0.120 4.84 501.0
2456005.57089 20.635 0.156 5.29 433.0
2456006.57205 20.395 0.102 4.11 448.0
2456007.57038 20.298 0.086 4.28 392.0
2456009.54601 20.164 0.122 6.23 459.0
2456010.59804 20.344 0.146 6.05 531.0
2456011.56033 20.351 0.106 4.61 403.0
2456012.55942 20.165 0.116 5.94 453.0
2456013.54114 20.663 0.144 5.16 381.0
2456014.56012 20.432 0.124 6.13 350.0
2456015.55549 20.269 0.098 4.83 443.0
2456016.59611 20.336 0.092 4.12 468.0
2456017.55928 20.543 0.132 4.78 534.0
2456019.56127 20.536 0.156 6.20 408.0
2456020.58489 20.106 0.097 4.98 520.0
2456021.57297 20.495 0.164 5.70 634.0
2456022.58397 20.172 0.130 5.63 760.0
2456023.55852 20.334 0.116 4.20 752.0
2456024.58135 20.255 0.141 4.50 949.0
2456025.58138 20.340 0.183 6.31 793.0
2456026.52766 20.569 0.182 5.84 656.0
2456028.56440 20.700 0.207 6.62 518.0
2456032.50230 20.896 0.291 7.40 539.0
2456033.48986 20.654 0.241 7.12 549.0
2456034.49547 20.582 0.168 5.03 599.0
2456035.52086 20.141 0.103 5.56 413.0
2456036.49769 20.322 0.122 5.79 414.0
2456037.49738 20.886 0.299 6.66 570.0
2456038.48912 20.077 0.139 6.98 565.0
2456039.49578 20.289 0.159 6.37 627.0
2456040.49807 20.030 0.108 6.63 387.0
2456042.49571 20.327 0.173 7.18 563.0
2456047.47276 20.138 0.139 5.84 675.0
2456048.47149 20.202 0.139 5.62 724.0
2456049.49478 20.545 0.141 4.14 650.0
2456050.47038 20.170 0.142 5.29 754.0
2456052.48603 20.865 0.226 4.32 983.0
2456053.48267 20.792 0.233 3.94 1264.0
2456055.49170 20.274 0.135 4.44 762.0
2456056.47869 20.365 0.135 5.29 483.0
2456057.47457 20.871 0.186 4.43 501.0
2456058.47506 20.339 0.107 4.52 444.0
2456059.47588 20.248 0.124 5.73 504.0
2456060.47866 20.400 0.129 5.04 571.0
2456061.46977 20.610 0.203 5.88 661.0
2456062.46382 20.453 0.176 5.81 658.0
2456123.91316 20.486 0.115 5.55 327.0
2456137.91108 20.546 0.162 6.79 356.0
2456149.93468 20.143 0.150 6.45 718.0
2456165.91095 20.311 0.111 5.88 338.0
2456171.87675 20.029 0.079 4.42 569.0
2456174.90260 20.613 0.242 8.10 465.0
2456179.90273 20.219 0.131 6.20 508.0
2456180.85528 20.332 0.145 6.38 470.0
2456181.86950 20.161 0.072 4.78 291.0
2456182.87405 20.053 0.060 4.83 233.0
2456183.87574 20.153 0.062 4.47 233.0
2456184.90229 20.390 0.074 3.97 299.0
2456185.85200 20.617 0.097 4.16 325.0
2456186.85350 20.343 0.122 6.13 349.0
2456191.87906 20.114 0.061 4.44 266.0
2456193.86635 20.538 0.101 4.57 288.0
2456194.88332 20.631 0.108 4.59 294.0
2456196.87085 20.319 0.086 4.35 371.0
2456199.81983 19.898 0.094 6.17 459.0
2456202.82730 20.290 0.148 6.42 517.0
2456204.86239 20.101 0.068 4.13 400.0
2456207.87316 20.501 0.147 5.88 438.0
2456208.78735 20.123 0.085 5.67 301.0
2456210.87186 20.582 0.154 6.18 368.0
2456212.82463 20.283 0.100 5.03 438.0
2456214.87582 20.276 0.152 7.64 381.0
2456216.82249 20.158 0.072 4.58 353.0
2456219.80747 20.004 0.093 6.96 302.0
2456221.82076 20.196 0.111 6.23 387.0
2456222.82166 20.628 0.163 5.97 371.0
2456223.77872 20.461 0.113 5.11 386.0
2456224.84332 20.748 0.139 5.01 354.0
2456225.72632 20.676 0.197 6.57 414.0
2456226.73869 20.148 0.112 6.00 449.0
2456229.78328 20.909 0.215 4.80 641.0
2456230.72508 20.233 0.178 6.46 750.0
2456231.74991 20.314 0.124 4.98 583.0
2456232.81587 20.125 0.089 4.80 429.0
2456233.82241 20.334 0.096 4.72 410.0
2456234.82625 20.507 0.102 4.11 414.0
2456235.77365 19.972 0.064 4.26 390.0
2456236.79123 20.098 0.072 3.94 417.0
2456237.86724 20.552 0.145 4.35 614.0
2456238.82496 20.406 0.097 4.82 307.0
2456239.79897 20.227 0.084 4.75 341.0
2456240.84224 20.463 0.134 6.39 313.0
2456241.79590 20.625 0.127 5.38 318.0
2456242.83884 20.334 0.082 4.39 326.0
2456243.80720 20.182 0.076 4.20 402.0
2456244.74065 20.262 0.074 4.45 260.0
2456245.76450 20.285 0.083 4.20 342.0
2456248.78120 20.311 0.085 4.61 319.0
2456251.77181 20.190 0.070 4.36 307.0
2456254.78168 20.385 0.084 4.38 302.0
2456257.80951 20.104 0.117 6.44 444.0
2456262.73382 20.846 0.171 4.75 499.0
2456265.80539 20.570 0.119 5.11 333.0
2456270.82177 20.408 0.077 4.48 238.0
2456274.81338 20.166 0.080 4.77 307.0
2456278.76046 20.450 0.141 6.89 296.0
2456282.78331 20.286 0.097 5.57 301.0
2456286.71656 20.369 0.100 4.67 386.0
2456289.78588 20.084 0.095 3.83 805.0
2456294.80593 20.442 0.126 4.94 423.0
2456299.76433 20.568 0.140 4.77 454.0
2456306.70654 20.470 0.111 5.19 272.0
2456312.67886 20.440 0.115 5.01 401.0
2456317.68999 20.117 0.095 4.68 518.0
2456323.66324 20.424 0.089 4.64 292.0
2456329.62245 20.155 0.129 6.41 379.0
2456333.61283 20.357 0.123 6.45 276.0
2456340.62546 20.090 0.062 4.12 251.0
2456343.56926 20.736 0.155 4.89 355.0
2456347.59555 20.208 0.100 4.67 517.0
2456348.59256 20.121 0.110 5.79 482.0
2456350.63475 20.125 0.125 6.16 557.0
2456351.60295 20.287 0.111 5.11 487.0
2456352.61090 20.145 0.083 4.61 358.0
2456353.62275 20.147 0.087 4.70 403.0
2456354.58716 20.482 0.104 5.50 270.0
2456355.57536 20.577 0.104 4.47 305.0
2456356.61301 20.554 0.121 4.72 368.0
2456356.66086 20.449 0.103 4.72 348.0
2456357.63869 20.400 0.122 6.22 308.0
2456358.53617 20.001 0.091 6.28 350.0
2456363.53043 20.019 0.093 6.04 438.0
2456371.55484 20.672 0.156 4.90 516.0
2456378.53818 20.470 0.143 4.02 767.0
2456387.52832 20.729 0.153 5.41 380.0
2456396.53423 20.439 0.117 4.62 468.0
2456404.51943 20.358 0.143 4.77 549.0
2456414.46942 20.284 0.159 7.08 517.0
2456416.47971 20.237 0.121 5.99 416.0
2456416.49548 20.628 0.161 5.40 443.0
2456508.93500 20.308 0.182 7.42 560.0
2456520.88760 20.240 0.082 4.35 378.0
2456531.89870 20.196 0.089 5.25 366.0
2456547.86417 21.152 0.227 5.77 318.0
2456561.83222 20.300 0.102 5.64 301.0
2456571.83896 20.180 0.067 3.97 331.0
2456577.87950 20.364 0.079 4.24 325.0
2456583.78566 20.386 0.134 5.18 570.0
2456608.82589 20.313 0.082 4.62 340.0
2456612.76209 20.341 0.105 4.66 459.0
2456616.72393 20.271 0.098 4.57 462.0
2456622.77790 20.105 0.079 5.45 297.0
2456628.80484 20.189 0.082 5.02 302.0
2456638.73088 20.361 0.084 3.86 366.0
2456645.72881 20.325 0.105 4.36 518.0
2456649.73573 20.655 0.124 5.22 306.0
2456654.75585 20.132 0.068 5.01 236.0
2456658.76826 20.165 0.054 3.92 234.0
2456662.73434 20.121 0.084 5.38 328.0
2456667.79450 20.170 0.104 5.47 447.0
2456672.76921 20.317 0.147 5.90 622.0
2456680.76346 20.008 0.068 4.59 350.0
2456690.64610 20.169 0.074 5.34 241.0
2456697.70678 20.381 0.087 3.81 440.0
2456705.67002 20.529 0.167 5.79 550.0
2456712.63938 20.232 0.080 4.59 318.0
2456720.67883 20.260 0.104 5.51 362.0
2456736.60939 20.401 0.182 6.75 527.0
2456123.91316 20.486 0.115 5.55 327.0
2456137.91108 20.546 0.162 6.79 356.0
2456149.93468 20.143 0.150 6.45 718.0
2456165.91095 20.311 0.111 5.88 338.0
2456171.87675 20.029 0.079 4.42 569.0
2456174.90260 20.613 0.242 8.10 465.0
2456179.90273 20.219 0.131 6.20 508.0
2456180.85528 20.332 0.145 6.38 470.0
2456181.86950 20.161 0.072 4.78 291.0
2456182.87405 20.053 0.060 4.83 233.0
2456183.87574 20.153 0.062 4.47 233.0
2456184.90229 20.390 0.074 3.97 299.0
2456185.85200 20.617 0.097 4.16 325.0
2456186.85350 20.343 0.122 6.13 349.0
2456191.87906 20.114 0.061 4.44 266.0
2456193.86635 20.538 0.101 4.57 288.0
2456194.88332 20.631 0.108 4.59 294.0
2456196.87085 20.319 0.086 4.35 371.0
2456199.81983 19.898 0.094 6.17 459.0
2456202.82730 20.290 0.148 6.42 517.0
2456204.86239 20.101 0.068 4.13 400.0
2456207.87316 20.501 0.147 5.88 438.0
2456208.78735 20.123 0.085 5.67 301.0
2456210.87186 20.582 0.154 6.18 368.0
2456212.82463 20.283 0.100 5.03 438.0
2456214.87582 20.276 0.152 7.64 381.0
2456216.82249 20.158 0.072 4.58 353.0
2456219.80747 20.004 0.093 6.96 302.0
2456221.82076 20.196 0.111 6.23 387.0
2456222.82166 20.628 0.163 5.97 371.0
2456223.77872 20.461 0.113 5.11 386.0
2456224.84332 20.748 0.139 5.01 354.0
2456225.72632 20.676 0.197 6.57 414.0
2456226.73869 20.148 0.112 6.00 449.0
2456229.78328 20.909 0.215 4.80 641.0
2456230.72508 20.233 0.178 6.46 750.0
2456231.74991 20.314 0.124 4.98 583.0
2456232.81587 20.125 0.089 4.80 429.0
2456233.82241 20.334 0.096 4.72 410.0
2456234.82625 20.507 0.102 4.11 414.0
2456235.77365 19.972 0.064 4.26 390.0
2456236.79123 20.098 0.072 3.94 417.0
2456237.86724 20.552 0.145 4.35 614.0
2456238.82496 20.406 0.097 4.82 307.0
2456239.79897 20.227 0.084 4.75 341.0
2456240.84224 20.463 0.134 6.39 313.0
2456241.79590 20.625 0.127 5.38 318.0
2456242.83884 20.334 0.082 4.39 326.0
2456243.80720 20.182 0.076 4.20 402.0
2456244.74065 20.262 0.074 4.45 260.0
2456245.76450 20.285 0.083 4.20 342.0
2456248.78120 20.311 0.085 4.61 319.0
2456251.77181 20.190 0.070 4.36 307.0
2456254.78168 20.385 0.084 4.38 302.0
2456257.80951 20.104 0.117 6.44 444.0
2456262.73382 20.846 0.171 4.75 499.0
2456265.80539 20.570 0.119 5.11 333.0
2456270.82177 20.408 0.077 4.48 238.0
2456274.81338 20.166 0.080 4.77 307.0
2456278.76046 20.450 0.141 6.89 296.0
2456282.78331 20.286 0.097 5.57 301.0
2456286.71656 20.369 0.100 4.67 386.0
2456289.78588 20.084 0.095 3.83 805.0
2456294.80593 20.442 0.126 4.94 423.0
2456299.76433 20.568 0.140 4.77 454.0
2456306.70654 20.470 0.111 5.19 272.0
2456312.67886 20.440 0.115 5.01 401.0
2456317.68999 20.117 0.095 4.68 518.0
2456323.66324 20.424 0.089 4.64 292.0
2456329.62245 20.155 0.129 6.41 379.0
2456333.61283 20.357 0.123 6.45 276.0
2456340.62546 20.090 0.062 4.12 251.0
2456343.56926 20.736 0.155 4.89 355.0
2456347.59555 20.208 0.100 4.67 517.0
2456348.59256 20.121 0.110 5.79 482.0
2456350.63475 20.125 0.125 6.16 557.0
2456351.60295 20.287 0.111 5.11 487.0
2456352.61090 20.145 0.083 4.61 358.0
2456353.62275 20.147 0.087 4.70 403.0
2456354.58716 20.482 0.104 5.50 270.0
2456355.57536 20.577 0.104 4.47 305.0
2456356.61301 20.554 0.121 4.72 368.0
2456356.66086 20.449 0.103 4.72 348.0
2456357.63869 20.400 0.122 6.22 308.0
2456358.53617 20.001 0.091 6.28 350.0
2456363.53043 20.019 0.093 6.04 438.0
2456371.55484 20.672 0.156 4.90 516.0
2456378.53818 20.470 0.143 4.02 767.0
2456387.52832 20.729 0.153 5.41 380.0
2456396.53423 20.439 0.117 4.62 468.0
2456404.51943 20.358 0.143 4.77 549.0
2456414.46942 20.284 0.159 7.08 517.0
2456416.47971 20.237 0.121 5.99 416.0
2456416.49548 20.628 0.161 5.40 443.0
2456508.93500 20.308 0.182 7.42 560.0
2456520.88760 20.240 0.082 4.35 378.0
2456531.89870 20.196 0.089 5.25 366.0
2456547.86417 21.152 0.227 5.77 318.0
2456561.83222 20.300 0.102 5.64 301.0
2456571.83896 20.180 0.067 3.97 331.0
2456577.87950 20.364 0.079 4.24 325.0
2456583.78566 20.386 0.134 5.18 570.0
2456608.82589 20.313 0.082 4.62 340.0
2456612.76209 20.341 0.105 4.66 459.0
2456616.72393 20.271 0.098 4.57 462.0
2456622.77790 20.105 0.079 5.45 297.0
2456628.80484 20.189 0.082 5.02 302.0
2456638.73088 20.361 0.084 3.86 366.0
2456645.72881 20.325 0.105 4.36 518.0
2456649.73573 20.655 0.124 5.22 306.0
2456654.75585 20.132 0.068 5.01 236.0
2456658.76826 20.165 0.054 3.92 234.0
2456662.73434 20.121 0.084 5.38 328.0
2456667.79450 20.170 0.104 5.47 447.0
2456672.76921 20.317 0.147 5.90 622.0
2456680.76346 20.008 0.068 4.59 350.0
2456690.64610 20.169 0.074 5.34 241.0
2456697.70678 20.381 0.087 3.81 440.0
2456705.67002 20.529 0.167 5.79 550.0
2456712.63938 20.232 0.080 4.59 318.0
2456720.67883 20.260 0.104 5.51 362.0
2456736.60939 20.401 0.182 6.75 527.0
2456871.91898 20.125 0.102 5.72 472.0
2456887.91689 19.969 0.067 4.61 381.0
2456896.88765 20.017 0.107 6.69 433.0
2456907.86975 20.136 0.100 4.48 683.0
2456926.79944 20.193 0.087 5.08 366.0
2456932.80810 20.334 0.106 5.81 319.0
2456938.79352 20.485 0.155 4.92 700.0
2456942.79099 20.472 0.127 5.62 419.0
2456950.84178 20.281 0.081 4.29 387.0
2456956.84460 20.226 0.098 4.66 453.0
2456961.83919 20.084 0.090 4.97 471.0
2456967.71060 20.208 0.189 6.95 768.0
2456973.71607 20.149 0.100 5.60 390.0
2456980.75299 20.253 0.086 4.37 379.0
2456987.78395 20.216 0.115 6.27 375.0
2456992.75610 20.168 0.076 4.65 294.0
2456997.76188 20.098 0.112 5.05 702.0
2457002.70567 20.313 0.113 5.99 348.0
2457007.71698 20.467 0.130 5.45 382.0
2457013.67037 20.504 0.135 5.63 384.0
2457016.77589 20.107 0.073 4.57 318.0
2457020.77584 20.087 0.101 4.51 738.0
2457024.75595 19.980 0.094 6.13 428.0
2457028.70911 20.275 0.120 4.51 679.0
2457033.76318 20.438 0.119 4.61 513.0
2457037.73673 20.169 0.078 4.09 395.0
2457042.73430 20.284 0.070 4.76 201.0
2457046.73551 20.128 0.081 6.15 227.0
2457051.72605 20.298 0.085 3.89 422.0
2457056.66647 20.239 0.131 5.26 726.0
2457062.65818 20.260 0.110 5.52 425.0
2457069.65434 20.135 0.088 4.97 449.0
2457074.66551 20.228 0.109 6.15 366.0
2457080.58184 20.200 0.091 4.80 468.0
2457083.60857 20.267 0.105 5.03 496.0
2457086.61671 20.320 0.138 4.42 892.0
2457091.59756 20.139 0.092 4.95 433.0
2457103.56536 20.442 0.094 4.14 364.0
2457112.57794 20.270 0.139 5.56 603.0
2457115.57248 19.998 0.117 5.49 768.0
2457119.53259 20.219 0.150 5.99 628.0
2457126.52157 20.316 0.100 5.24 374.0
2457131.52613 20.392 0.151 5.24 608.0
2457134.49641 20.518 0.220 7.44 509.0
2457137.52631 20.203 0.114 5.28 561.0
2457143.49077 20.494 0.219 5.82 938.0
2457277.89812 20.683 0.178 6.71 377.0
2457287.89821 20.140 0.126 7.14 384.0
2457292.83079 20.320 0.174 6.54 741.0
2457294.79344 20.083 0.094 4.69 642.0
2457297.79270 20.311 0.151 6.87 477.0
2457304.87121 20.608 0.149 6.60 272.0
2457312.78949 20.611 0.147 6.15 370.0
2457319.76811 20.134 0.161 7.53 561.0
2457322.74086 20.236 0.172 6.59 796.0
2457327.84478 19.991 0.103 6.34 452.0
2457339.75486 20.381 0.087 4.41 349.0
2457345.71336 20.758 0.178 6.41 311.0
2457354.79020 20.319 0.121 4.97 581.0
2457361.81303 20.359 0.115 6.00 366.0
2457366.68559 20.757 0.161 5.42 360.0
2457373.83889 20.591 0.131 5.90 292.0
2457377.81080 20.389 0.111 5.21 398.0
2457382.70903 20.334 0.140 5.77 583.0
2457385.72245 20.158 0.097 5.90 371.0
2457390.74364 20.527 0.111 5.65 319.0
2457399.74888 19.986 0.112 7.39 395.0
2457404.73848 20.215 0.096 5.83 318.0
2457408.71160 20.416 0.132 4.84 686.0
2457410.71298 20.131 0.144 6.19 812.0
2457413.67574 20.481 0.178 6.85 514.0
2457416.68260 20.304 0.108 5.28 481.0
2457424.62501 20.304 0.085 4.84 293.0
2457427.65634 20.213 0.090 4.60 465.0
2457431.65044 20.324 0.094 4.36 507.0
2457435.64437 20.708 0.149 4.57 529.0
2457439.65057 20.127 0.104 4.99 628.0
2457443.62217 20.224 0.090 3.80 571.0
2457449.62790 20.459 0.149 5.97 409.0
2457453.60236 20.355 0.084 4.42 260.0
2457462.61686 20.208 0.076 4.28 360.0
2457466.56452 20.587 0.181 5.73 572.0
2457472.57132 20.213 0.148 6.19 665.0
2457476.52701 20.092 0.076 4.96 334.0
2457488.48085 20.085 0.098 5.59 447.0
2457499.50403 20.217 0.117 4.48 754.0
2457637.89406 16.662 0.006 5.83 354.0
2457645.85175 16.856 0.007 5.10 485.0
2457648.84628 16.933 0.008 5.51 631.0
2457651.85962 16.992 0.007 5.23 461.0
2457655.84450 17.054 0.007 4.82 355.0
2457659.88919 17.194 0.008 5.47 326.0
2457663.83190 17.258 0.007 4.57 318.0
2457667.86843 17.322 0.008 5.32 297.0
2457673.81096 17.435 0.008 5.11 352.0
2457684.83010 17.685 0.015 6.79 440.0
2457691.77528 17.760 0.010 5.14 250.0
2457700.77773 17.967 0.019 6.68 472.0
2457705.74398 18.078 0.020 5.34 667.0
2457709.70407 18.019 0.014 4.91 387.0
2457713.79724 18.232 0.020 5.71 458.0
2457719.76000 18.441 0.018 5.10 274.0
2457724.71703 18.399 0.024 6.40 321.0
2457733.79663 18.520 0.022 4.30 575.0
2457737.71823 18.614 0.026 4.14 644.0
2457741.79401 18.606 0.024 5.02 405.0
2457747.76999 18.698 0.026 5.38 358.0
2457750.74353 18.633 0.027 6.52 257.0
2457755.70405 18.753 0.034 7.53 226.0
2457760.70842 18.718 0.023 4.27 388.0
2457764.76143 19.027 0.043 4.89 741.0
2457769.72153 18.798 0.030 5.31 430.0
2457775.72358 18.801 0.030 6.70 222.0
2457783.61434 18.908 0.027 4.93 300.0
2457787.69298 19.049 0.029 4.80 277.0
2457792.58176 19.145 0.036 4.37 443.0
2457796.60867 19.298 0.045 4.33 569.0
2457801.62495 19.085 0.037 4.92 403.0
2457812.57100 19.460 0.078 7.45 407.0
2457818.52873 19.010 0.031 4.06 443.0
2457823.54448 19.026 0.053 5.57 715.0
2457828.51917 19.387 0.053 5.55 415.0
2457837.50164 19.200 0.048 5.97 459.0
2457846.48756 19.320 0.071 7.03 523.0
2457856.50392 19.345 0.069 6.15 677.0
2457870.47317 19.196 0.051 5.48 560.0
2458010.86056 19.615 0.083 7.99 329.0
2458018.88588 19.756 0.059 5.44 309.0
2458029.87315 20.169 0.087 4.95 399.0
2458064.81669 19.976 0.089 5.19 551.0
2458068.85324 19.830 0.051 3.98 366.0
2458075.72231 19.799 0.073 5.95 318.0
2458079.86124 19.728 0.104 5.56 956.0
2458085.83959 19.863 0.093 7.31 302.0
2458091.68724 19.952 0.133 6.18 909.0
2458096.75980 19.867 0.065 4.66 405.0
2458101.68445 19.825 0.061 5.22 381.0
2458109.71759 19.781 0.053 5.05 260.0
2458115.76154 20.007 0.062 4.74 273.0
2458128.68769 19.755 0.043 4.34 226.0
2458136.67751 19.967 0.071 4.40 466.0
2458142.67425 19.922 0.074 4.91 438.0
2458147.63831 20.003 0.097 5.77 512.0
2458153.61494 19.803 0.048 3.72 360.0
2458172.57182 19.792 0.082 5.60 455.0
2458176.56920 19.799 0.083 5.36 484.0
2458186.57929 19.739 0.069 6.28 311.0
2458197.51985 19.940 0.069 4.81 342.0
2458205.53696 19.865 0.102 5.92 616.0
2458209.53356 19.783 0.073 4.65 676.0
2458213.52325 19.684 0.083 6.08 443.0
2458220.53896 19.871 0.073 5.56 408.0
2458226.51583 19.706 0.093 6.50 527.0
2458230.51361 20.185 0.112 4.70 564.0
2458236.47407 19.779 0.087 4.90 893.0
2458357.85695 20.134 0.090 4.63 535.0
2458364.88406 20.006 0.064 4.63 303.0
2458371.81463 20.019 0.080 5.59 376.0
2458377.86734 20.103 0.117 7.54 340.0
2458393.84712 20.010 0.068 4.57 395.0
2458404.76098 19.914 0.075 6.11 310.0
2458408.79503 20.140 0.092 5.52 356.0
2458411.75377 20.451 0.141 5.74 477.0
2458415.73920 20.252 0.153 5.77 753.0
2458419.73590 20.382 0.144 6.11 499.0
2458423.74653 20.477 0.109 4.99 396.0
2458468.85568 20.289 0.112 4.53 656.0
2458469.78134 19.888 0.066 5.51 290.0
2458472.77955 20.225 0.094 4.15 596.0
2458475.69936 19.964 0.091 4.48 769.0
2458478.74699 19.993 0.083 5.58 460.0
2458481.72479 20.123 0.077 4.03 534.0
2458484.75199 20.182 0.087 4.67 454.0
2458488.74855 20.378 0.104 5.42 307.0
2458493.71063 20.092 0.095 6.82 326.0
2458499.74372 19.948 0.093 6.57 447.0
2458503.74535 19.813 0.110 6.43 764.0
2458513.74190 20.583 0.143 5.69 355.0
2458516.74844 20.070 0.083 6.37 250.0
2458518.58697 19.991 0.053 4.54 223.0
2458521.57466 20.181 0.073 4.85 267.0
2458525.64509 20.114 0.063 4.41 288.0
2458529.59750 20.279 0.083 4.42 345.0
2458536.65970 20.069 0.079 4.16 525.0
2458541.52143 20.335 0.121 5.75 326.0
2458545.57507 20.174 0.075 4.55 311.0
2458552.52120 20.346 0.134 6.22 453.0
2458559.52981 20.226 0.135 6.33 492.0
2458563.54097 19.968 0.097 4.61 716.0
2458568.53365 20.125 0.072 4.19 347.0
2458575.49206 19.998 0.101 6.21 410.0
2458582.49099 20.163 0.091 4.44 570.0
2458587.49912 19.771 0.088 6.21 458.0
2458602.47219 20.184 0.080 4.28 480.0
2458702.92242 20.107 0.089 6.21 298.0
2458711.91057 20.036 0.128 6.50 660.0
2458716.88380 20.100 0.075 4.27 472.0
2458720.90909 20.330 0.141 6.28 493.0
2458725.86106 20.184 0.112 6.69 329.0
2458728.85404 19.967 0.063 4.99 296.0
2458736.86399 20.348 0.131 6.28 422.0
2458739.85545 19.963 0.116 6.81 519.0
2458741.84701 20.108 0.129 6.71 557.0
2458747.87117 20.002 0.102 6.77 369.0
2458753.86746 20.499 0.158 6.79 365.0
2458758.86109 19.907 0.082 6.42 324.0
2458762.88355 20.348 0.111 5.73 315.0
2458766.88507 20.153 0.082 4.81 447.0
2458771.84694 20.137 0.172 7.75 667.0
2458774.80671 19.917 0.105 6.44 464.0
2458777.79191 20.186 0.123 7.07 369.0
2458781.82391 19.986 0.070 5.05 333.0
2458783.87304 20.046 0.079 5.15 393.0
2458785.73475 20.298 0.090 5.76 254.0
2458796.72071 19.883 0.075 4.95 568.0
2458799.72180 20.187 0.151 6.17 754.0
2458802.74153 20.307 0.104 4.95 532.0
2458805.75633 20.180 0.107 5.92 411.0
2458817.73746 20.272 0.091 4.69 389.0
2458823.69136 20.134 0.069 4.29 328.0
2458827.69602 19.971 0.081 4.95 476.0
2458830.69861 20.290 0.100 4.54 577.0
2458834.69135 20.847 0.167 5.21 367.0
2458838.71632 20.457 0.152 7.73 251.0
2458842.70661 20.444 0.074 4.26 214.0
2458846.66873 20.354 0.076 4.50 279.0
2458851.65875 20.251 0.076 4.80 290.0
2458857.70487 20.212 0.122 5.57 661.0
2458862.73402 20.016 0.129 7.25 473.0
2458870.60283 19.979 0.098 7.54 300.0
2458879.64299 20.355 0.099 5.43 292.0
2458889.57568 19.949 0.096 5.55 560.0
2458897.58903 20.118 0.073 4.95 319.0
2458904.56757 19.908 0.073 5.34 357.0
2458910.60230 19.962 0.087 6.74 301.0
2458916.56145 20.012 0.099 5.31 522.0
2458921.56450 19.631 0.055 5.45 360.0
2459804.92639 20.383 0.164 5.50 834.0
2459813.90229 20.385 0.111 5.78 322.0
2459819.85202 20.041 0.065 4.97 293.0
2459825.82496 20.793 0.216 7.46 343.0
2459834.89967 20.217 0.127 5.72 610.0
2459842.85442 20.452 0.164 7.50 327.0
2459847.84434 20.179 0.093 5.97 298.0
2459852.82572 20.258 0.078 5.06 274.0
2459855.81196 20.043 0.072 5.28 296.0
2459855.81711 20.165 0.081 5.42 289.0
2459856.79847 20.258 0.113 6.59 361.0
2459856.81371 20.416 0.106 5.64 338.0
2459856.82847 20.349 0.101 5.73 326.0
2459856.84244 20.619 0.155 6.64 324.0
2459858.74492 19.915 0.130 7.59 625.0
2459858.83785 19.834 0.064 4.87 467.0
2459858.85180 20.092 0.075 4.74 411.0
2459858.86604 20.208 0.077 4.48 424.0
2459858.88049 20.035 0.078 5.29 422.0
2459861.72921 19.760 0.097 5.67 1050.0
2459861.74371 20.024 0.124 5.58 1096.0
2459861.78775 19.963 0.094 4.97 818.0
2459861.80239 20.097 0.114 5.28 807.0
2459861.81691 19.947 0.093 5.07 781.0
2459861.83091 20.135 0.111 5.24 749.0
2459861.84507 20.156 0.106 4.96 753.0
2459861.86193 20.183 0.114 5.27 739.0
2459861.87600 20.214 0.116 4.99 780.0
2459862.73297 19.894 0.154 7.40 937.0
2459862.74765 19.920 0.121 6.04 917.0
2459862.76171 20.041 0.157 6.92 871.0
2459862.77565 19.800 0.119 6.86 842.0
2459862.78977 20.142 0.152 6.46 844.0
2459862.80444 19.873 0.113 6.30 807.0
2459862.81863 19.883 0.107 6.01 788.0
2459862.83257 20.215 0.159 6.46 800.0
2459862.84679 19.998 0.110 5.68 809.0
2459862.86069 19.857 0.098 5.61 815.0
2459862.87483 19.961 0.128 6.22 919.0
2459863.71026 20.061 0.141 6.79 793.0
2459863.72423 20.415 0.176 6.31 782.0
2459863.73841 20.524 0.228 6.88 782.0
2459863.75235 19.954 0.130 6.95 760.0
2459863.76695 20.147 0.150 6.75 728.0
2459863.78089 20.259 0.131 5.93 676.0
2459863.79508 20.159 0.115 5.65 672.0
2459863.80908 20.167 0.120 5.57 698.0
2459863.82324 19.845 0.094 5.68 704.0
2459863.83801 20.268 0.116 4.97 705.0
2459863.85252 20.089 0.096 4.88 683.0
2459863.86646 20.000 0.088 4.83 701.0
2459863.88066 20.141 0.132 5.20 1058.0
2459864.71017 20.053 0.115 5.62 826.0
2459864.72448 20.146 0.116 5.29 790.0
2459864.74108 20.262 0.120 5.10 715.0
2459864.75506 20.176 0.105 4.78 676.0
2459864.76931 20.754 0.196 5.10 774.0
2459865.71261 20.119 0.103 5.59 572.0
2459865.73248 20.331 0.123 5.65 563.0
2459865.74703 20.128 0.091 5.04 575.0
2459865.76104 20.246 0.093 4.75 543.0
2459865.77523 19.861 0.067 4.80 544.0
2459865.78931 20.158 0.081 4.25 545.0
2459865.82151 20.217 0.091 4.97 507.0
2459865.83553 20.240 0.085 4.39 523.0
2459865.84969 20.118 0.080 4.55 523.0
2459865.86372 20.304 0.091 4.41 531.0
2459865.87793 20.276 0.117 4.85 768.0
2459866.71239 19.976 0.082 4.87 572.0
2459866.72643 20.045 0.075 4.42 527.0
2459866.74074 20.066 0.072 4.30 519.0
2459866.75470 20.131 0.077 4.27 511.0
2459866.76892 19.949 0.065 4.20 501.0
2459866.78296 20.086 0.069 4.02 483.0
2459866.79706 20.135 0.072 4.02 475.0
2459866.81107 20.061 0.068 4.26 449.0
2459866.82566 20.079 0.074 4.67 452.0
2459866.83971 20.048 0.069 4.33 442.0
2459866.85421 20.349 0.091 4.62 452.0
2459866.86831 20.043 0.076 4.73 500.0
2459867.69831 20.026 0.064 4.63 354.0
2459867.71240 20.112 0.073 4.92 365.0
2459867.72658 20.081 0.070 4.95 357.0
2459867.74052 20.009 0.064 4.77 372.0
2459867.75476 20.150 0.069 4.70 353.0
2459867.76879 20.191 0.073 4.70 357.0
2459867.78308 19.947 0.061 4.26 392.0
2459867.79716 20.379 0.100 4.87 392.0
2459867.81185 19.993 0.074 5.12 386.0
2459867.82602 20.106 0.080 5.11 387.0
2459867.84035 20.157 0.089 5.34 388.0
2459867.85436 20.172 0.074 4.65 390.0
2459867.86856 19.949 0.059 4.40 441.0
2459868.69157 20.313 0.095 4.79 414.0
2459868.70566 20.772 0.150 5.15 425.0
2459868.71998 20.377 0.100 5.01 409.0
2459868.73398 20.377 0.091 4.56 384.0
2459868.74839 20.557 0.115 4.80 379.0
2459868.76244 20.233 0.078 4.46 359.0
2459868.77657 20.386 0.088 4.58 356.0
2459868.79056 20.246 0.086 4.95 377.0
2459868.80530 20.202 0.080 5.01 363.0
2459868.81924 20.240 0.078 4.68 361.0
2459868.85101 20.298 0.078 4.39 365.0
2459868.86502 20.278 0.074 4.14 392.0
2459868.87910 20.100 0.121 4.17 1458.0
2459869.69989 19.994 0.068 5.09 322.0
2459869.71378 20.273 0.088 5.25 324.0
2459869.72835 20.151 0.077 5.19 328.0
2459869.74234 20.134 0.082 5.38 374.0
2459869.75660 20.108 0.082 5.51 353.0
2459869.77058 20.108 0.079 5.28 360.0
2459869.78588 20.033 0.070 5.09 338.0
2459869.79981 20.383 0.102 5.30 341.0
2459869.81549 20.142 0.081 5.46 318.0
2459869.82947 20.237 0.091 5.53 344.0
2459869.84372 19.988 0.071 5.20 351.0
2459869.85770 20.262 0.096 5.64 326.0
2459869.87209 20.192 0.092 5.26 411.0
2459870.68900 19.994 0.075 5.85 327.0
2459870.70301 19.966 0.071 5.86 313.0
2459870.71718 20.054 0.068 5.32 305.0
2459870.73112 20.257 0.087 5.71 297.0
2459870.74534 20.001 0.066 5.61 276.0
2459870.75936 19.940 0.068 5.99 299.0
2459870.77369 20.046 0.069 5.34 315.0
2459870.78767 20.326 0.096 5.57 346.0
2459870.80226 20.197 0.087 5.42 364.0
2459870.81621 19.943 0.075 5.71 367.0
2459870.83048 19.941 0.070 5.47 361.0
2459870.84445 20.123 0.085 5.56 377.0
2459870.85870 20.136 0.083 5.43 373.0
2459870.87264 20.222 0.108 5.67 529.0
2459871.68888 19.989 0.128 7.74 463.0
2459871.70297 20.311 0.125 6.44 408.0
2459871.71710 20.235 0.105 6.03 399.0
2459871.73107 20.248 0.112 6.43 391.0
2459871.74517 19.941 0.082 6.23 392.0
2459871.75915 20.424 0.137 6.46 409.0
2459871.77355 20.116 0.105 6.49 424.0
2459871.78753 20.051 0.103 6.83 386.0
2459871.80745 20.088 0.113 7.15 388.0
2459871.82139 20.055 0.107 6.97 380.0
2459871.83799 20.041 0.102 6.72 375.0
2459871.85202 20.292 0.132 7.19 366.0
2459871.86614 20.068 0.112 6.96 425.0
2459872.69777 20.119 0.122 7.55 384.0
2459872.71175 20.736 0.180 6.69 378.0
2459872.72633 20.324 0.146 7.61 383.0
2459872.74037 20.278 0.165 8.48 369.0
2459872.75456 20.673 0.165 6.66 348.0
2459872.76859 20.178 0.132 7.93 341.0
2459872.78272 20.088 0.111 7.29 369.0
2459872.79670 20.349 0.130 6.96 354.0
2459872.81156 20.061 0.126 8.24 373.0
2459872.86329 20.358 0.169 7.87 441.0
2459873.67653 20.296 0.126 6.14 522.0
2459873.69133 20.021 0.085 5.12 499.0
2459873.70555 20.160 0.098 5.58 476.0
2459873.71955 19.960 0.075 5.69 415.0
2459873.74860 20.376 0.099 5.55 316.0
2459873.76264 19.996 0.066 5.32 283.0
2459873.78066 20.114 0.073 5.44 289.0
2459873.79470 20.432 0.100 5.22 311.0
2459873.80890 20.380 0.087 4.65 298.0
2459873.82295 20.177 0.077 5.21 303.0
2459873.83734 20.062 0.072 4.97 336.0
2459873.85138 20.442 0.094 4.84 357.0
2459873.86922 20.195 0.093 4.78 514.0
2459874.68512 20.038 0.071 5.19 337.0
2459874.69912 20.263 0.081 4.76 318.0
2459874.71331 20.186 0.071 4.91 282.0
2459874.72733 20.074 0.062 4.77 277.0
2459874.74161 20.130 0.063 4.65 277.0
2459874.75566 20.201 0.068 4.88 271.0
2459874.76991 20.153 0.060 4.44 266.0
2459874.78391 20.224 0.065 4.43 275.0
2459874.79869 19.977 0.055 4.75 295.0
2459874.81269 20.024 0.061 4.75 314.0
2459874.82685 19.946 0.056 4.80 301.0
2459874.84086 20.157 0.068 4.60 311.0
2459874.85526 20.189 0.071 5.01 297.0
2459874.86932 20.232 0.081 4.59 462.0
2459875.68619 20.265 0.105 5.46 468.0
2459875.70211 20.104 0.102 6.06 467.0
2459875.71637 20.241 0.103 5.78 421.0
2459875.73039 20.275 0.100 5.62 400.0
2459875.74474 20.387 0.113 5.90 380.0
2459875.75872 20.211 0.097 5.86 370.0
2459875.77294 20.167 0.091 5.74 383.0
2459875.78696 20.236 0.094 5.32 441.0
2459875.80189 20.239 0.101 5.95 391.0
2459875.81585 20.318 0.107 5.97 351.0
2459875.82993 20.396 0.107 5.46 363.0
2459875.87126 19.987 0.093 4.85 778.0
2459876.70747 20.232 0.095 5.84 363.0
2459876.72143 20.344 0.084 4.95 324.0
2459876.73589 20.421 0.092 4.87 329.0
2459876.74983 20.346 0.089 5.22 323.0
2459876.76403 20.355 0.089 5.12 334.0
2459876.77800 20.239 0.082 5.24 337.0
2459876.79249 20.312 0.081 4.89 329.0
2459876.80648 19.976 0.069 5.53 326.0
2459876.82141 20.230 0.082 5.34 320.0
2459876.83535 20.174 0.077 5.03 339.0
2459876.84984 20.214 0.073 4.48 349.0
2459876.86377 20.176 0.088 5.25 428.0
2459877.67448 20.052 0.103 6.24 496.0
2459877.68843 20.206 0.110 5.91 444.0
2459877.70258 20.056 0.089 5.90 381.0
2459877.71656 20.055 0.083 5.55 368.0
2459877.73083 20.597 0.140 5.92 358.0
2459877.74478 19.900 0.077 5.96 373.0
2459877.75905 19.962 0.085 6.28 367.0
2459877.77300 20.175 0.097 6.06 347.0
2459877.78784 19.930 0.081 5.79 390.0
2459877.80210 19.876 0.080 6.10 367.0
2459877.81622 20.460 0.136 6.14 396.0
2459878.68327 20.516 0.175 7.64 376.0
2459878.69756 19.778 0.084 7.12 373.0
2459878.71187 20.232 0.131 7.40 383.0
2459878.75640 20.333 0.154 7.77 409.0
2459878.77705 20.222 0.133 7.07 424.0
2459878.79105 20.213 0.141 7.65 410.0
2459878.80534 20.126 0.099 6.07 409.0
2459878.82220 19.999 0.090 6.15 412.0
2459878.83703 19.949 0.090 6.31 404.0
2459878.85104 20.077 0.112 6.98 415.0
2459878.86523 19.963 0.093 6.29 448.0
2459879.70080 20.066 0.081 6.17 317.0
2459879.71479 20.145 0.082 6.05 298.0
2459879.74376 19.874 0.072 6.49 314.0
2459879.75815 20.133 0.084 6.00 341.0
2459879.77252 20.489 0.116 5.76 364.0
2459879.78695 20.143 0.081 5.43 387.0
2459879.80192 20.276 0.088 5.31 352.0
2459879.81590 20.031 0.069 5.12 365.0
2459879.83016 20.249 0.079 5.04 352.0
2459879.84451 19.964 0.066 5.35 340.0
2459879.85884 19.943 0.060 4.75 375.0
2459880.65675 20.431 0.143 6.56 430.0
2459880.67081 20.152 0.090 5.73 388.0
2459880.68520 20.267 0.092 5.54 334.0
2459880.69931 20.294 0.105 6.03 350.0
2459880.71340 20.348 0.101 5.84 330.0
2459880.72758 20.197 0.076 5.07 314.0
2459880.74186 20.317 0.091 5.67 314.0
2459880.75659 20.203 0.084 5.47 314.0
2459880.77149 20.214 0.123 7.45 335.0
2459880.78551 20.112 0.092 6.22 347.0
2459880.79970 20.354 0.112 5.92 365.0
2459880.81377 20.134 0.087 5.55 373.0
2459880.82809 20.369 0.100 5.11 387.0
2459880.84220 20.333 0.103 5.58 354.0
2459880.85652 20.150 0.079 5.10 381.0
2459881.66595 19.997 0.087 5.47 513.0
2459881.68063 20.093 0.091 5.38 481.0
2459881.69505 20.141 0.085 4.94 439.0
2459881.70937 20.030 0.072 5.10 395.0
2459881.72417 20.004 0.065 4.90 367.0
2459881.73820 20.324 0.086 4.67 390.0
2459881.75254 20.449 0.104 4.98 394.0
2459881.76656 20.405 0.115 5.68 365.0
2459881.78154 20.448 0.107 5.31 400.0
2459881.79561 20.215 0.078 4.68 391.0
2459881.80986 19.909 0.068 5.03 446.0
2459881.82410 20.447 0.108 5.01 444.0
2459881.83833 20.303 0.093 4.90 446.0
2459881.85228 20.211 0.097 5.46 447.0
2459881.86654 20.641 0.146 4.70 612.0
2459882.67158 19.984 0.074 5.60 348.0
2459882.68558 20.147 0.076 5.05 316.0
2459882.69976 20.342 0.088 4.89 334.0
2459882.71373 20.096 0.073 5.04 330.0
2459882.74294 19.969 0.066 5.22 333.0
2459882.75763 20.213 0.075 4.84 324.0
2459882.77187 20.254 0.081 4.95 328.0
2459882.78619 20.020 0.070 5.23 337.0
2459882.80081 20.036 0.067 4.87 338.0
2459882.81479 20.019 0.065 4.60 346.0
2459883.67372 20.167 0.113 6.79 405.0
2459883.68770 20.010 0.104 7.06 403.0
2459883.70195 20.274 0.119 6.57 372.0
2459883.71591 20.264 0.122 6.75 363.0
2459883.73028 19.848 0.082 6.67 355.0
2459883.74427 20.085 0.101 6.62 358.0
2459883.75839 20.260 0.121 6.76 357.0
2459883.77238 19.897 0.089 6.87 362.0
2459883.78710 20.436 0.166 7.20 395.0
2459883.80416 20.435 0.136 6.12 393.0
2459883.81842 20.125 0.101 6.05 391.0
2459883.83247 20.453 0.122 5.57 373.0
2459883.84681 20.047 0.087 5.82 379.0
2459883.86082 20.374 0.135 5.80 535.0
2459884.66106 20.119 0.129 6.77 595.0
2459884.67501 20.489 0.163 6.30 591.0
2459884.68924 20.359 0.141 6.25 570.0
2459884.81417 20.220 0.094 5.53 389.0
2459884.82836 20.175 0.105 6.18 392.0
2459884.84241 20.428 0.111 5.43 404.0
2459884.85669 20.339 0.106 4.98 521.0
2459885.65400 20.063 0.110 6.48 535.0
2459885.66807 20.108 0.107 6.16 516.0
2459885.68233 20.270 0.117 5.95 505.0
2459885.69641 20.431 0.132 5.83 490.0
2459885.71089 20.296 0.118 5.99 470.0
2459885.72488 20.796 0.207 6.47 488.0
2459885.73914 20.012 0.091 6.06 458.0
2459885.75314 20.115 0.099 6.16 445.0
2459885.76810 20.423 0.137 6.59 402.0
2459885.78215 20.598 0.161 6.35 405.0
2459885.79631 20.250 0.116 6.31 421.0
2459885.81031 20.257 0.123 6.50 442.0
2459885.82454 20.109 0.101 6.08 453.0
2459885.83851 20.535 0.140 5.67 473.0
2459885.85270 20.286 0.121 5.83 535.0
2459886.70415 20.074 0.076 5.12 400.0
2459886.71805 19.898 0.063 4.92 400.0
2459886.73217 20.065 0.069 4.59 412.0
2459886.74703 20.173 0.077 4.63 411.0
2459886.76126 20.000 0.074 4.87 452.0
2459886.77607 19.808 0.060 4.91 410.0
2459886.79035 19.962 0.066 4.65 398.0
2459886.80431 19.928 0.061 4.48 382.0
2459886.81905 19.987 0.065 4.74 378.0
2459886.83354 20.236 0.090 5.13 399.0
2459886.84833 20.186 0.088 4.87 415.0
2459886.86226 20.154 0.108 4.52 843.0
2459887.66595 20.584 0.186 6.48 604.0
2459887.68031 20.234 0.112 5.40 574.0
2459887.69456 20.085 0.114 6.38 544.0
2459887.70855 20.232 0.113 5.75 524.0
2459887.72266 20.047 0.096 5.71 528.0
2459887.73669 20.130 0.097 5.22 526.0
2459887.75129 20.652 0.168 5.58 520.0
2459887.76531 19.887 0.083 5.37 528.0
2459887.78016 19.849 0.082 5.58 512.0
2459887.79412 20.127 0.093 4.89 493.0
2459887.80838 20.116 0.091 5.06 495.0
2459887.82246 20.054 0.077 4.74 445.0
2459887.83674 19.970 0.073 5.04 437.0
2459887.85130 19.934 0.069 4.95 468.0
2459888.65000 20.163 0.145 7.19 541.0
2459888.66430 20.236 0.130 6.54 520.0
2459888.67863 20.131 0.105 5.91 522.0
2459888.69311 19.990 0.103 6.25 533.0
2459888.70741 20.001 0.088 5.29 539.0
2459888.72138 20.196 0.118 6.00 543.0
2459888.73566 19.852 0.083 5.89 523.0
2459888.74964 20.008 0.098 5.75 536.0
2459888.76447 20.204 0.111 5.43 550.0
2459888.77849 20.071 0.095 5.08 547.0
2459888.79280 20.119 0.101 5.28 540.0
2459888.80692 19.954 0.084 5.25 526.0
2459888.82133 20.411 0.121 4.90 513.0
2459888.83537 20.343 0.108 4.97 464.0
2459888.84979 20.238 0.094 5.12 401.0
2459888.86435 20.210 0.134 4.87 1015.0
2459889.70765 20.287 0.133 5.48 715.0
2459889.72226 20.086 0.111 5.66 659.0
2459889.73647 20.191 0.117 5.39 656.0
2459889.75082 20.193 0.112 5.29 638.0
2459889.76494 20.000 0.096 5.31 645.0
2459889.77903 20.768 0.192 5.37 632.0
2459889.79359 20.374 0.127 5.11 628.0
2459889.80790 19.977 0.087 4.83 626.0
2459889.82293 20.310 0.121 4.97 646.0
2459889.83697 20.559 0.133 4.66 623.0
2459889.85124 20.347 0.109 4.46 623.0
2459893.65833 20.344 0.123 5.33 626.0
2459893.67232 20.154 0.100 5.23 592.0
2459893.68669 19.878 0.089 6.06 567.0
2459893.70066 19.901 0.080 5.46 565.0
2459893.71501 20.244 0.108 5.43 578.0
2459893.72912 20.361 0.135 5.83 573.0
2459893.74356 19.937 0.087 5.80 537.0
2459893.75772 20.128 0.097 5.54 519.0
2459893.77244 20.434 0.132 5.76 506.0
2459895.65023 19.651 0.084 6.40 664.0
2459895.66435 20.658 0.231 6.32 784.0
2459895.67863 20.792 0.276 6.52 904.0
2459895.69269 20.195 0.122 6.11 597.0
2459895.70712 19.928 0.124 6.05 1053.0
2459895.72119 20.210 0.145 6.24 765.0
2459895.73556 20.186 0.180 6.77 945.0
2459897.66618 20.211 0.115 6.50 421.0
2459897.68026 20.028 0.101 6.58 443.0
2459897.69460 20.371 0.133 6.42 426.0
2459897.70868 20.310 0.125 6.44 439.0
2459897.72297 20.195 0.097 5.68 448.0
2459897.73702 20.048 0.083 5.36 451.0
2459897.75128 20.300 0.123 6.08 470.0
2459897.76530 20.101 0.095 5.72 469.0
2459897.77954 20.115 0.090 5.30 467.0
2459897.79351 20.419 0.104 4.62 465.0
2459897.80820 20.353 0.090 4.54 451.0
2459897.82304 20.486 0.104 4.56 460.0
2459897.83729 20.219 0.087 4.72 467.0
2459897.85127 20.314 0.101 4.84 524.0
2459898.63710 20.257 0.092 5.08 444.0
2459898.65170 20.030 0.072 4.84 447.0
2459898.66676 20.050 0.071 4.91 442.0
2459898.68084 20.123 0.071 4.76 412.0
2459898.69512 20.175 0.075 4.62 442.0
2459898.70920 20.048 0.062 4.39 425.0
2459898.74238 20.048 0.068 4.51 464.0
2459898.75642 20.275 0.082 4.50 454.0
2459898.77078 20.295 0.086 4.35 478.0
2459898.79118 20.196 0.080 4.35 461.0
2459898.80734 19.969 0.059 3.96 443.0
2459898.82129 20.156 0.072 3.81 473.0
2459898.83567 20.209 0.080 4.12 512.0
2459898.84967 20.093 0.094 4.33 813.0
2459899.64839 20.119 0.087 5.78 383.0
2459899.66241 20.263 0.103 5.81 415.0
2459899.67657 20.081 0.093 5.85 443.0
2459899.69053 20.032 0.080 5.42 447.0
2459899.70482 19.981 0.078 5.40 440.0
2459899.71877 20.129 0.082 4.94 428.0
2459899.73310 20.010 0.074 4.76 456.0
2459899.74705 20.113 0.088 5.03 491.0
2459899.76134 20.274 0.088 4.38 446.0
2459899.77526 20.228 0.099 5.21 448.0
2459899.78952 20.137 0.080 4.57 437.0
2459899.80349 20.045 0.076 4.89 429.0
2459899.81784 19.856 0.058 4.11 447.0
2459899.83182 20.175 0.077 4.22 445.0
2459899.84607 19.953 0.070 4.22 564.0
2459900.63344 20.312 0.131 6.69 413.0
2459900.64745 20.191 0.099 6.13 374.0
2459900.66208 20.523 0.127 5.87 355.0
2459900.67601 20.401 0.095 5.11 335.0
2459900.69298 20.298 0.086 5.09 362.0
2459900.70697 20.344 0.097 5.29 375.0
2459900.72121 20.159 0.080 5.32 350.0
2459900.73519 20.045 0.076 5.52 355.0
2459900.74952 20.433 0.102 5.31 333.0
2459900.76348 20.102 0.067 4.57 347.0
2459900.77769 20.039 0.064 4.89 334.0
2459900.79170 20.324 0.087 4.97 330.0
2459900.80603 20.100 0.074 5.00 371.0
2459900.81999 20.148 0.076 4.94 368.0
2459900.83433 20.192 0.083 5.34 352.0
2459900.84825 20.250 0.091 5.23 385.0
2459900.86246 20.311 0.223 6.08 1512.0
2459901.63641 19.996 0.095 6.24 447.0
2459901.65042 20.232 0.108 5.96 441.0
2459901.66458 20.129 0.095 5.85 422.0
2459901.67868 20.046 0.078 5.40 384.0
2459901.69302 20.101 0.079 5.20 392.0
2459901.70705 20.138 0.076 4.81 371.0
2459901.72131 20.462 0.093 4.77 342.0
2459901.73532 20.418 0.091 4.80 322.0
2459901.74962 20.341 0.084 4.79 310.0
2459901.76364 20.219 0.079 5.00 309.0
2459901.77793 20.373 0.088 4.67 312.0
2459901.79239 20.070 0.071 4.86 323.0
2459901.80671 20.381 0.093 4.68 346.0
2459901.82075 20.318 0.087 4.92 314.0
2459901.83510 20.813 0.140 4.90 343.0
2459901.84921 20.378 0.105 5.13 412.0
2459902.62103 20.078 0.092 5.64 447.0
2459902.63514 20.022 0.090 6.07 450.0
2459902.64943 20.270 0.129 6.59 433.0
2459902.66339 20.450 0.135 6.16 434.0
2459902.67778 20.256 0.108 5.98 415.0
2459902.69177 19.927 0.071 5.32 420.0
2459902.70622 20.167 0.082 4.84 409.0
2459902.72031 19.989 0.075 5.20 395.0
2459902.73490 20.086 0.073 4.63 403.0
2459902.74903 20.207 0.087 4.77 404.0
2459902.76347 20.135 0.079 4.64 406.0
2459902.77744 20.209 0.085 4.99 378.0
2459902.79201 20.114 0.075 4.84 380.0
2459902.80609 20.077 0.076 5.03 380.0
2459902.83840 20.309 0.093 4.81 418.0
2459902.85238 19.983 0.073 4.41 506.0
2459903.62672 19.859 0.081 6.12 438.0
2459903.64077 20.083 0.088 5.40 463.0
2459903.65691 20.110 0.097 5.90 464.0
2459903.67092 20.154 0.092 5.34 462.0
2459903.68515 20.032 0.111 6.99 419.0
2459903.69911 20.144 0.092 5.36 452.0
2459903.71338 20.216 0.101 5.49 448.0
2459903.72732 19.923 0.078 5.20 492.0
2459903.74151 19.835 0.076 5.38 541.0
2459903.75554 20.161 0.094 4.81 506.0
2459903.76988 20.329 0.103 4.49 517.0
2459903.78384 20.011 0.081 4.96 473.0
2459903.79801 20.197 0.079 4.25 456.0
2459903.81201 20.161 0.101 5.44 471.0
2459903.82630 20.018 0.068 4.36 431.0
2459903.84034 19.916 0.066 4.56 421.0
2459903.85459 19.928 0.062 4.30 459.0
2459904.61456 20.420 0.125 5.94 394.0
2459904.62860 20.258 0.098 5.19 431.0
2459904.64293 20.113 0.084 5.38 388.0
2459904.65697 20.089 0.078 5.51 331.0
2459904.67631 20.258 0.092 5.45 335.0
2459904.69038 20.689 0.143 5.78 327.0
2459905.60601 19.951 0.074 4.94 411.0
2459905.61996 20.145 0.074 4.62 367.0
2459905.63436 20.295 0.086 4.85 369.0
2459905.64830 20.336 0.088 4.93 353.0
2459905.66247 20.595 0.106 4.57 343.0
2459905.67643 20.381 0.091 4.78 334.0
2459905.69072 20.419 0.100 5.04 344.0
2459905.70471 20.586 0.110 4.81 314.0
2459905.71896 20.530 0.105 5.01 299.0
2459905.73294 20.283 0.090 5.18 314.0
2459905.74717 20.343 0.100 5.37 324.0
2459905.76118 20.531 0.101 4.75 310.0
2459905.77547 20.372 0.081 4.47 285.0
2459905.78944 20.496 0.090 4.51 276.0
2459905.80359 20.250 0.078 4.65 296.0
2459905.81759 20.489 0.092 4.46 289.0
2459905.83187 20.254 0.077 4.77 269.0
2459905.84580 20.507 0.114 5.15 352.0
2459906.60719 20.221 0.111 5.42 505.0
2459906.62123 19.943 0.095 5.98 505.0
2459906.63616 19.908 0.088 5.61 505.0
2459906.65017 20.291 0.125 5.73 487.0
2459906.66447 20.114 0.107 5.80 479.0
2459906.67845 19.871 0.090 5.93 507.0
2459906.69286 20.060 0.106 5.97 492.0
2459906.70689 20.305 0.149 6.49 508.0
2459906.72157 20.511 0.149 5.91 462.0
2459906.73559 20.022 0.077 4.91 412.0
2459906.76739 20.110 0.069 4.22 369.0
2459906.78145 20.365 0.090 4.56 362.0
2459906.79569 19.973 0.064 4.28 389.0
2459906.80973 20.078 0.087 5.81 360.0
2459906.82409 20.155 0.094 5.87 351.0
2459906.83885 20.285 0.088 4.82 353.0
2459906.85322 20.062 0.130 5.99 822.0
2459907.60627 20.050 0.083 5.27 470.0
2459907.62031 20.035 0.081 5.03 483.0
2459907.63453 19.953 0.067 4.55 455.0
2459907.64858 20.214 0.094 5.14 448.0
2459907.66278 20.059 0.076 4.66 430.0
2459907.67685 20.058 0.072 4.68 414.0
2459907.69122 20.530 0.127 5.25 423.0
2459907.70531 20.184 0.083 4.86 412.0
2459907.71964 20.021 0.077 5.43 402.0
2459907.73376 20.279 0.085 4.76 379.0
2459907.74806 20.243 0.089 5.30 356.0
2459907.76210 19.998 0.081 6.05 332.0
2459907.78497 20.099 0.090 6.18 323.0
2459907.79969 20.077 0.084 5.78 339.0
2459907.81425 20.263 0.079 4.63 350.0
2459907.82827 19.911 0.063 5.08 345.0
2459907.84253 19.961 0.070 4.73 434.0
2459908.61103 20.549 0.177 6.60 508.0
2459908.62532 19.945 0.117 7.30 516.0
2459908.63929 20.423 0.146 6.00 534.0
2459908.65363 20.030 0.102 6.01 503.0
2459908.66755 19.978 0.080 5.46 470.0
2459908.68189 20.675 0.145 5.12 470.0
2459908.69586 20.166 0.096 5.39 459.0
2459908.70988 19.982 0.076 5.00 439.0
2459908.72390 20.308 0.101 4.97 430.0
2459908.73819 20.064 0.085 5.45 410.0
2459908.75221 20.194 0.089 5.06 402.0
2459908.76645 20.140 0.091 5.62 391.0
2459908.78041 20.201 0.086 5.05 388.0
2459908.79458 20.093 0.068 4.35 373.0
2459908.80859 19.944 0.065 4.82 385.0
2459908.82291 19.993 0.065 4.50 377.0
2459908.83693 20.122 0.076 4.77 371.0
2459908.85114 20.862 0.213 5.88 569.0
2459909.65391 20.508 0.155 6.64 413.0
2459909.72608 20.526 0.126 5.48 389.0
2459909.78344 20.241 0.077 4.79 346.0
2459909.79781 20.217 0.080 4.91 352.0
2459909.81201 20.063 0.060 4.08 371.0
2459909.82612 20.303 0.071 3.99 370.0
2459909.85077 20.099 0.083 4.96 487.0
2459910.59713 19.982 0.095 5.83 543.0
2459910.61113 19.906 0.084 5.79 498.0
2459910.62547 19.865 0.087 6.39 452.0
2459910.65823 20.306 0.129 7.01 398.0
2459910.67259 19.965 0.082 6.01 389.0
2459910.68660 20.144 0.087 5.77 355.0
2459910.70095 20.161 0.072 4.87 351.0
2459910.71499 20.097 0.067 4.85 319.0
2459910.72936 20.129 0.071 4.88 344.0
2459910.74332 20.323 0.081 4.81 334.0
2459910.76141 20.209 0.076 4.78 333.0
2459910.77537 20.321 0.076 4.57 311.0
2459910.78960 20.301 0.074 4.39 319.0
2459910.80364 20.445 0.094 4.94 316.0
2459910.83584 20.213 0.089 5.66 307.0
2459910.84996 20.066 0.081 5.18 432.0
2459911.60245 20.459 0.150 6.86 405.0
2459911.61712 20.175 0.105 6.32 376.0
2459911.63141 20.309 0.137 7.10 369.0
2459911.64540 20.131 0.114 7.64 318.0
2459911.65970 20.059 0.088 6.66 308.0
2459911.67381 20.109 0.092 6.37 316.0
2459911.68809 20.151 0.110 7.22 317.0
2459911.70208 20.048 0.087 6.32 328.0
2459911.72255 20.237 0.099 6.47 305.0
2459911.73664 19.922 0.046 4.29 255.0
2459911.75082 20.069 0.063 4.99 265.0
2459911.76498 20.101 0.055 4.33 267.0
2459911.77926 20.037 0.051 4.29 265.0
2459911.79333 20.010 0.053 4.37 283.0
2459911.80851 19.998 0.052 4.33 292.0
2459911.82389 20.005 0.055 4.75 265.0
2459911.83811 20.056 0.057 4.62 264.0
2459911.85251 20.017 0.086 5.63 483.0
2459912.60272 20.410 0.131 5.59 493.0
2459912.61674 20.295 0.095 4.81 475.0
2459912.63117 20.324 0.088 4.38 444.0
2459912.64524 20.218 0.076 4.46 413.0
2459912.65960 20.480 0.115 5.17 410.0
2459912.67366 20.261 0.079 4.60 383.0
2459912.68807 20.275 0.078 4.25 387.0
2459912.70212 20.326 0.102 5.32 368.0
2459912.71674 20.112 0.077 4.91 364.0
2459912.73082 20.111 0.081 4.93 366.0
2459912.74525 20.429 0.105 5.00 351.0
2459912.75924 20.132 0.084 5.14 333.0
2459912.77348 20.328 0.094 5.24 327.0
2459912.78747 20.388 0.093 4.74 338.0
2459912.80182 20.211 0.084 5.22 311.0
2459912.81583 19.997 0.089 6.38 319.0
2459912.83002 20.258 0.095 5.72 304.0
2459912.84392 19.945 0.071 5.32 327.0
2459912.85803 20.521 0.186 5.40 859.0
2459913.57944 20.201 0.092 4.95 424.0
2459913.59342 20.294 0.101 5.01 407.0
2459913.60782 20.228 0.099 5.42 406.0
2459913.62179 20.499 0.120 4.89 393.0
2459913.63761 20.387 0.107 4.90 383.0
2459913.65158 20.038 0.087 5.53 387.0
2459913.66594 20.177 0.085 4.66 378.0
2459913.67989 20.394 0.106 4.87 376.0
2459913.69416 20.556 0.113 4.39 376.0
2459913.70809 20.431 0.101 4.53 373.0
2459913.72229 20.396 0.095 4.33 368.0
2459913.73629 20.423 0.096 4.32 367.0
2459913.75087 20.479 0.111 4.84 379.0
2459913.76484 20.195 0.081 4.56 358.0
2459913.77928 20.433 0.108 5.23 324.0
2459913.79326 20.400 0.098 4.74 315.0
2459913.80745 19.927 0.071 5.20 340.0
2459913.82151 20.228 0.095 5.71 307.0
2459913.83575 20.607 0.129 5.41 324.0
2459914.62260 20.058 0.092 5.67 467.0
2459914.63658 20.172 0.103 5.75 466.0
2459914.65120 20.080 0.091 5.45 453.0
2459914.66520 20.121 0.097 5.90 459.0
2459914.68596 20.345 0.123 6.13 406.0
2459914.70088 20.035 0.087 5.79 392.0
2459914.71520 20.147 0.085 5.05 377.0
2459914.73173 20.229 0.088 4.74 387.0
2459914.75639 20.433 0.106 4.56 414.0
2459914.77040 20.159 0.085 4.88 411.0
2459914.78460 20.286 0.089 4.82 388.0
2459914.79927 20.259 0.082 4.49 372.0
2459914.81374 20.114 0.073 4.83 359.0
2459914.83319 20.379 0.092 4.68 356.0
2459914.85003 20.353 0.104 4.52 476.0
2459915.59118 20.171 0.123 6.48 506.0
2459915.60518 20.512 0.148 5.74 509.0
2459915.62067 20.507 0.133 5.20 502.0
2459915.63467 20.268 0.101 4.93 472.0
2459915.64908 20.249 0.128 6.46 471.0
2459915.66624 19.920 0.078 5.19 513.0
2459915.68040 19.855 0.077 5.42 482.0
2459915.69444 20.252 0.120 5.95 492.0
2459915.70895 19.884 0.085 5.98 485.0
2459915.72297 19.867 0.079 5.83 436.0
2459915.73752 20.225 0.102 5.21 463.0
2459915.75159 20.084 0.077 5.01 421.0
2459915.76688 20.093 0.064 4.46 341.0
2459915.78096 19.870 0.052 4.61 318.0
2459915.79579 20.180 0.074 4.86 335.0
2459915.80981 20.064 0.087 5.99 373.0
2459915.82556 20.043 0.058 4.35 334.0
2459915.84021 20.041 0.061 4.48 365.0
2459916.57714 20.517 0.144 4.77 709.0
2459916.59329 20.517 0.150 4.93 673.0
2459916.60754 20.188 0.099 4.47 637.0
2459916.62157 20.239 0.107 4.71 639.0
2459916.63590 20.771 0.175 4.54 666.0
2459916.65047 20.286 0.112 4.50 665.0
2459916.66553 20.455 0.135 4.76 661.0
2459916.68030 20.210 0.104 4.69 646.0
2459916.69666 20.417 0.118 4.13 632.0
2459916.71067 20.070 0.079 3.74 609.0
2459916.72591 20.080 0.074 3.54 589.0
2459916.73997 20.268 0.086 3.63 554.0
2459916.75518 20.140 0.071 3.49 525.0
2459916.76918 20.048 0.068 3.57 501.0
2459916.78393 20.305 0.075 3.61 431.0
2459916.80049 20.256 0.077 4.19 405.0
2459916.82317 20.087 0.064 3.59 416.0
2459916.83832 20.137 0.075 3.91 477.0
2459917.57519 20.423 0.129 4.98 602.0
2459917.59007 20.189 0.101 4.90 602.0
2459917.60426 20.145 0.112 5.74 597.0
2459917.61831 20.310 0.119 5.24 597.0
2459917.63266 20.292 0.108 4.64 593.0
2459917.65433 19.986 0.084 4.96 566.0
2459917.67012 20.249 0.094 4.22 557.0
2459917.68411 20.361 0.104 4.13 553.0
2459917.69862 20.288 0.099 4.82 518.0
2459917.71260 20.430 0.107 4.20 521.0
2459917.72895 20.352 0.093 3.94 528.0
2459917.74292 20.382 0.088 3.74 525.0
2459917.75809 20.315 0.084 3.84 493.0
2459917.77296 20.777 0.118 3.64 458.0
2459917.78924 20.252 0.069 3.60 453.0
2459917.80413 20.295 0.077 3.78 406.0
2459917.82780 20.206 0.070 4.04 365.0
2459917.84228 20.053 0.070 4.58 408.0
2459918.56682 19.981 0.107 6.23 600.0
2459918.58082 20.171 0.103 5.15 581.0
2459918.59532 20.416 0.157 6.09 553.0
2459918.61138 20.219 0.096 5.09 530.0
2459918.63472 20.109 0.083 4.57 541.0
2459918.64944 20.020 0.086 5.68 501.0
2459918.66376 20.161 0.097 5.57 493.0
2459918.67785 20.300 0.124 6.04 484.0
2459918.69222 20.157 0.101 5.60 494.0
2459918.70812 20.069 0.074 4.10 498.0
2459918.72364 20.088 0.080 4.40 497.0
2459918.73842 20.146 0.091 4.96 486.0
2459918.75338 20.127 0.081 4.44 497.0
2459918.76746 20.212 0.094 4.84 476.0
2459918.79030 20.145 0.078 4.23 495.0
2459918.79418 20.124 0.077 4.22 484.0
2459918.80865 20.159 0.076 4.04 456.0
2459918.83459 20.157 0.076 4.51 360.0
2459918.84863 20.220 0.103 4.62 642.0
2459919.58876 20.340 0.137 5.08 824.0
2459919.60316 20.399 0.146 5.29 766.0
2459919.61750 20.440 0.142 5.04 748.0
2459919.63152 20.091 0.115 5.54 777.0
2459919.64614 20.069 0.111 5.21 776.0
2459919.66012 20.140 0.101 4.89 734.0
2459919.67563 20.138 0.106 5.30 687.0
2459919.68973 20.290 0.120 5.19 713.0
2459919.72560 20.161 0.101 4.73 687.0
2459919.73964 20.372 0.128 4.91 697.0
2459919.75848 20.038 0.094 4.84 661.0
2459919.77351 19.870 0.087 5.43 663.0
2459919.78856 19.996 0.088 5.20 593.0
2459919.80396 20.351 0.118 5.35 560.0
2459919.82451 20.112 0.082 4.48 528.0
2459919.84018 19.837 0.069 5.05 501.0
2459920.57598 20.168 0.104 4.80 795.0
2459920.59082 20.603 0.163 5.18 825.0
2459920.60536 20.203 0.127 5.33 878.0
2459920.61979 20.116 0.103 4.85 834.0
2459920.63464 20.118 0.105 5.17 786.0
2459920.64919 20.255 0.132 5.54 788.0
2459920.66457 20.368 0.121 4.75 770.0
2459920.67869 19.988 0.088 4.90 757.0
2459920.69313 20.090 0.094 4.99 733.0
2459920.70851 20.420 0.134 4.36 949.0
2459920.72291 20.120 0.091 4.19 783.0
2459920.73911 20.145 0.120 5.50 759.0
2459920.75346 19.921 0.125 5.83 1029.0
2459921.61656 20.572 0.242 6.68 859.0
2459921.63050 20.135 0.107 4.83 826.0
2459921.64518 20.164 0.135 5.93 787.0
2459921.65915 20.001 0.087 4.58 784.0
2459921.67382 20.311 0.117 4.64 763.0
2459921.68784 20.505 0.133 4.38 753.0
2459921.70364 20.186 0.104 4.72 735.0
2459921.71792 20.333 0.141 5.27 740.0
2459921.73230 20.636 0.148 4.33 742.0
2459921.74627 20.334 0.117 4.59 743.0
2459921.76133 20.694 0.214 5.83 722.0
2459921.77528 20.484 0.142 4.92 710.0
2459921.79044 20.195 0.105 4.78 723.0
2459921.80444 19.994 0.113 5.86 768.0
2459921.81951 20.479 0.179 5.55 784.0
2459921.83581 20.328 0.149 5.59 823.0
2459921.85006 20.384 0.145 4.64 1100.0
2459922.59019 20.425 0.170 6.03 711.0
2459922.60417 19.629 0.094 6.43 809.0
2459922.66115 20.288 0.149 5.94 728.0
2459922.67515 20.218 0.126 5.41 761.0
2459923.57089 20.067 0.098 5.64 528.0
2459923.58610 19.922 0.087 5.59 559.0
2459923.60044 20.395 0.144 5.89 579.0
2459923.61537 20.056 0.083 4.72 584.0
2459923.63034 20.131 0.090 4.62 606.0
2459923.64522 19.991 0.076 4.45 606.0
2459923.66061 20.158 0.095 4.80 596.0
2459923.67457 20.004 0.091 5.31 600.0
2459923.68889 20.215 0.099 4.71 571.0
2459923.70350 20.178 0.137 6.51 547.0
2459923.77268 20.306 0.161 7.02 507.0
2459923.81798 20.222 0.130 6.19 524.0
2459923.83252 20.036 0.142 7.60 536.0
2459923.84652 19.924 0.089 5.36 655.0
2459924.56848 20.555 0.137 5.76 380.0
2459924.58245 20.185 0.086 4.86 434.0
2459924.61852 20.231 0.110 5.87 522.0
2459924.63252 20.662 0.180 6.04 557.0
2459924.64680 19.935 0.107 6.51 589.0
2459924.73996 19.908 0.102 5.76 733.0
2459924.75537 20.086 0.105 4.99 739.0
2459924.76932 20.441 0.177 5.80 869.0
2459925.56060 20.363 0.162 7.85 374.0
2459925.58445 20.207 0.090 5.51 325.0
2459925.59932 20.446 0.109 5.51 337.0
2459925.61484 20.514 0.136 5.98 371.0
2459925.62891 20.666 0.141 5.12 422.0
2459925.64329 20.907 0.189 5.38 446.0
2459925.65765 20.282 0.101 4.97 468.0
2459925.67161 20.304 0.112 5.14 504.0
2459925.68714 20.191 0.097 4.64 506.0
2459925.70169 20.138 0.087 4.52 492.0
2459925.71608 20.435 0.124 5.10 508.0
2459925.73007 20.026 0.097 5.80 520.0
2459925.74434 20.906 0.239 6.14 560.0
2459925.75833 20.006 0.108 6.29 560.0
2459925.78727 20.311 0.155 6.54 560.0
2459926.56798 19.938 0.119 7.81 422.0
2459926.58200 19.998 0.093 5.91 419.0
2459926.60646 20.091 0.118 7.02 408.0
2459926.62050 19.837 0.076 5.84 397.0
2459926.63547 20.529 0.140 5.76 427.0
2459926.65026 19.892 0.089 6.30 472.0
2459926.66515 20.026 0.086 5.27 492.0
2459926.67919 20.707 0.236 7.32 501.0
2459926.76805 20.339 0.151 6.73 476.0
2459926.78320 20.184 0.123 6.40 491.0
2459926.79778 19.926 0.107 7.38 452.0
2459927.55928 19.943 0.075 5.79 330.0
2459927.57393 20.013 0.072 5.47 321.0
2459927.58842 20.148 0.091 6.31 307.0
2459927.60495 20.171 0.080 5.64 298.0
2459927.62052 20.046 0.065 4.92 298.0
2459927.63658 20.117 0.072 5.27 292.0
2459927.65576 20.293 0.085 5.13 307.0
2459927.67076 20.005 0.063 4.72 315.0
2459927.68504 20.047 0.074 5.04 357.0
2459927.69898 20.005 0.068 4.75 369.0
2459927.71335 20.269 0.102 5.64 373.0
2459927.72797 19.773 0.068 6.05 351.0
2459927.74249 20.091 0.076 5.14 329.0
2459927.75703 19.670 0.048 4.81 335.0
2459927.77130 20.338 0.095 5.31 329.0
2459927.78594 19.892 0.065 5.50 326.0
2459928.55656 20.354 0.099 5.35 359.0
2459928.58296 20.208 0.078 5.09 317.0
2459928.59791 20.342 0.082 4.85 321.0
2459928.61183 20.402 0.082 4.69 314.0
2459928.62967 20.303 0.066 4.12 307.0
2459928.64903 20.124 0.057 4.07 319.0
2459928.66481 20.209 0.057 3.86 306.0
2459928.68056 20.324 0.071 4.34 308.0
2459928.69544 20.164 0.067 4.13 398.0
2459928.71031 20.265 0.074 3.97 443.0
2459928.72561 20.123 0.072 4.25 464.0
2459928.74465 20.233 0.070 3.92 395.0
2459928.77705 20.107 0.068 4.48 388.0
2459928.79105 20.187 0.093 5.50 392.0
2459928.80538 20.223 0.077 4.30 416.0
2459928.81931 20.403 0.107 5.23 406.0
2459928.83434 20.106 0.083 5.04 421.0
2459928.84833 20.094 0.117 5.83 619.0
2459929.54763 20.587 0.180 6.93 430.0
2459929.56162 20.234 0.128 7.25 371.0
2459929.62855 20.259 0.101 5.98 349.0
2459929.64772 20.359 0.136 7.01 313.0
2459929.66552 20.426 0.097 5.56 281.0
2459929.68000 20.432 0.103 5.68 298.0
2459929.71826 20.178 0.075 4.94 317.0
2459929.73448 20.457 0.101 5.19 315.0
2459929.74896 20.461 0.094 4.87 306.0
2459929.77049 20.404 0.095 5.28 305.0
2459929.80064 20.303 0.086 4.92 322.0
2459929.81500 20.402 0.097 4.75 349.0
2459929.83075 20.302 0.130 6.47 383.0
2459929.84532 20.441 0.148 5.59 553.0
2459930.54344 20.403 0.133 5.16 586.0
2459930.55745 20.119 0.086 5.34 405.0
2459930.57175 20.127 0.082 4.94 391.0
2459930.58608 20.156 0.105 6.01 430.0
2459930.60067 20.326 0.142 6.68 451.0
2459930.61466 19.979 0.094 6.48 410.0
2459930.62879 20.223 0.099 5.91 377.0
2459930.64275 20.242 0.095 5.44 395.0
2459930.65741 20.180 0.083 4.89 386.0
2459930.67145 19.989 0.081 5.77 376.0
2459930.68577 20.101 0.112 7.18 361.0
2459930.69984 20.110 0.105 6.83 351.0
2459930.71492 20.390 0.131 6.30 331.0
2459930.72891 20.167 0.089 5.50 350.0
2459930.74366 20.272 0.085 4.99 345.0
2459930.75901 20.083 0.096 5.87 378.0
2459930.78088 20.421 0.100 4.71 373.0
2459930.79593 20.085 0.075 4.59 377.0
2459930.83239 20.098 0.074 4.28 379.0
2459930.84642 19.990 0.085 5.00 548.0
2459931.54322 20.312 0.147 6.47 573.0
2459931.55733 20.064 0.101 6.53 426.0
2459931.57263 20.032 0.080 5.31 392.0
2459931.59350 19.952 0.072 5.36 406.0
2459931.61076 20.280 0.093 5.11 360.0
2459931.62482 20.019 0.074 5.28 349.0
2459931.64112 20.184 0.083 5.10 345.0
2459931.65512 19.888 0.062 4.88 338.0
2459931.66939 20.028 0.070 4.99 314.0
2459931.68340 19.908 0.056 4.70 285.0
2459931.69751 20.408 0.084 4.84 257.0
2459931.71477 20.087 0.066 5.12 261.0
2459931.73060 20.030 0.054 4.30 239.0
2459931.74454 19.945 0.054 4.89 234.0
2459931.75918 20.092 0.062 4.93 236.0
2459931.78305 20.028 0.063 5.48 240.0
2459931.79720 20.005 0.055 4.51 251.0
2459931.81121 19.928 0.052 4.66 244.0
2459931.82555 19.897 0.055 4.92 244.0
2459931.83954 20.069 0.076 5.92 265.0
2459931.85401 20.372 0.123 4.35 707.0
2459932.54500 20.442 0.162 6.61 463.0
2459932.55938 20.295 0.118 6.14 377.0
2459932.57614 20.282 0.113 5.96 390.0
2459932.59013 19.964 0.079 5.94 369.0
2459932.61214 20.232 0.085 5.51 295.0
2459932.62607 20.161 0.071 5.20 265.0
2459932.64048 20.199 0.086 5.70 295.0
2459932.65578 19.993 0.062 5.09 273.0
2459932.67021 20.199 0.081 5.61 271.0
2459932.68418 20.109 0.071 5.01 312.0
2459932.69906 20.174 0.080 5.23 326.0
2459932.71303 20.109 0.075 5.18 351.0
2459932.72767 20.487 0.114 5.34 365.0
2459932.74209 20.472 0.140 6.35 355.0
2459932.76085 20.309 0.110 5.98 323.0
2459932.77485 20.122 0.098 6.56 317.0
2459932.78897 19.946 0.069 5.46 331.0
2459932.80350 20.266 0.099 5.63 331.0
2459932.81805 19.988 0.072 5.30 369.0
2459932.83208 20.105 0.080 5.21 385.0
2459932.84638 20.104 0.099 5.45 577.0
2459933.54638 20.032 0.097 6.49 381.0
2459933.56037 20.257 0.125 7.21 316.0
2459933.57485 20.354 0.110 6.34 316.0
2459933.59089 20.395 0.109 5.72 335.0
2459933.60787 20.268 0.110 6.30 358.0
2459933.62181 20.323 0.122 6.58 361.0
2459933.63604 20.411 0.127 6.23 361.0
2459933.65005 20.450 0.147 6.91 361.0
2459933.66454 20.242 0.096 5.63 364.0
2459933.68056 20.232 0.094 5.63 341.0
2459933.71507 20.179 0.077 5.24 291.0
2459933.72976 20.204 0.078 5.08 281.0
2459933.74508 20.101 0.061 4.76 262.0
2459933.75903 20.103 0.059 4.65 258.0
2459933.81684 20.300 0.088 5.40 306.0
2459933.83088 20.049 0.075 5.45 324.0
2459933.84515 20.006 0.084 5.30 468.0
2459934.54298 19.963 0.102 6.60 464.0
2459934.55708 20.146 0.092 6.32 318.0
2459934.57323 20.256 0.079 5.28 289.0
2459934.58728 20.009 0.071 5.83 296.0
2459934.60212 19.993 0.062 4.86 305.0
2459934.61612 19.935 0.057 4.76 297.0
2459934.63490 19.918 0.060 5.14 290.0
2459934.64939 20.213 0.091 5.97 295.0
2459934.66343 20.069 0.073 5.20 308.0
2459934.67817 20.309 0.084 4.77 307.0
2459934.69218 20.038 0.066 4.83 318.0
2459934.70675 20.088 0.063 4.43 306.0
2459934.72078 19.921 0.053 4.41 291.0
2459934.73657 20.257 0.079 4.96 297.0
2459934.75390 20.334 0.074 4.30 292.0
2459934.78299 20.247 0.075 4.68 310.0
2459934.79823 20.117 0.056 3.85 289.0
2459934.81969 20.152 0.067 4.61 295.0
2459934.83374 20.448 0.088 4.39 302.0
2459934.84793 20.297 0.095 4.99 425.0
2459935.54526 20.145 0.099 5.13 559.0
2459935.55923 20.121 0.090 5.66 413.0
2459935.57351 20.385 0.120 6.08 389.0
2459935.58750 20.106 0.093 5.77 435.0
2459935.60185 20.137 0.092 6.01 369.0
2459935.61589 20.097 0.075 5.14 357.0
2459935.63098 19.991 0.066 4.80 349.0
2459935.64491 20.117 0.078 5.03 366.0
2459935.65950 19.832 0.060 5.13 324.0
2459935.67351 20.300 0.090 5.25 301.0
2459935.68789 19.870 0.063 5.50 293.0
2459935.70187 19.983 0.063 5.05 278.0
2459935.72175 20.146 0.067 4.93 272.0
2459935.73758 20.057 0.055 4.40 238.0
2459935.75271 20.041 0.054 4.45 236.0
2459935.76663 19.918 0.051 4.60 246.0
2459935.78163 20.028 0.064 4.89 293.0
2459935.79558 20.084 0.062 4.56 257.0
2459935.81065 20.005 0.060 4.78 273.0
2459935.82464 20.013 0.065 4.77 298.0
2459935.83921 20.279 0.078 4.45 313.0
2459935.85314 20.015 0.061 4.17 369.0
2459936.54529 20.286 0.133 6.48 508.0
2459936.55925 20.229 0.113 6.38 353.0
2459936.57376 20.100 0.079 5.37 348.0
2459936.58780 20.026 0.069 5.09 352.0
2459936.60300 20.009 0.064 5.03 316.0
2459936.61693 20.192 0.070 4.59 314.0
2459936.63139 20.211 0.078 4.92 327.0
2459936.64546 20.226 0.077 5.05 308.0
2459936.66103 20.201 0.085 5.38 320.0
2459936.67566 20.043 0.061 4.55 289.0
2459936.69003 20.181 0.070 4.81 264.0
2459936.70480 20.232 0.070 4.49 266.0
2459936.71920 20.372 0.076 4.32 276.0
2459936.73384 20.227 0.065 4.46 246.0
2459936.74992 20.439 0.090 5.35 237.0
2459936.76822 20.052 0.054 4.23 250.0
2459936.78263 19.938 0.054 4.58 252.0
2459936.79731 20.181 0.070 5.16 255.0
2459936.81176 20.067 0.059 4.38 259.0
2459936.82577 20.077 0.061 4.35 277.0
2459936.84026 20.073 0.066 4.77 286.0
2459936.85433 20.129 0.072 4.52 354.0
2459937.53911 20.272 0.209 6.72 1038.0
2459937.55390 20.790 0.192 6.60 367.0
2459937.56842 20.391 0.118 6.30 331.0
2459937.58238 20.579 0.116 5.56 336.0
2459937.59844 20.300 0.083 4.98 310.0
2459937.61244 20.335 0.088 5.18 300.0
2459937.63584 20.079 0.072 5.09 284.0
2459937.64983 20.466 0.096 5.00 277.0
2459937.67687 20.466 0.087 4.67 261.0
2459937.69154 20.519 0.083 4.43 239.0
2459937.70636 20.341 0.067 4.03 187.0
2459937.72041 20.374 0.072 4.17 250.0
2459937.73490 20.471 0.079 4.16 259.0
2459937.74898 20.451 0.075 4.00 267.0
2459937.76588 20.204 0.057 3.94 242.0
2459937.77987 20.330 0.065 3.80 246.0
2459937.79418 20.193 0.058 3.94 247.0
2459937.80870 19.916 0.047 4.24 254.0
2459937.82322 20.219 0.064 4.41 257.0
2459937.83727 20.086 0.052 4.02 270.0
2459937.85205 20.036 0.064 4.33 437.0
2459938.53997 20.061 0.138 6.22 961.0
2459938.55406 20.102 0.087 6.10 346.0
2459938.56915 20.287 0.087 5.45 298.0
2459938.58372 20.053 0.071 5.79 261.0
2459938.59810 20.186 0.080 5.77 268.0
2459938.61208 19.968 0.070 5.71 283.0
2459938.62651 20.053 0.071 5.56 275.0
2459938.64048 20.298 0.081 5.07 266.0
2459938.65477 20.190 0.069 4.84 265.0
2459938.66989 20.293 0.080 5.05 274.0
2459938.68413 20.312 0.074 4.82 262.0
2459938.69810 20.081 0.071 5.48 259.0
2459938.71275 20.134 0.081 6.08 253.0
2459938.72667 20.095 0.065 5.13 261.0
2459938.74102 20.295 0.092 5.78 268.0
2459938.75497 20.441 0.120 6.53 272.0
2459938.77001 20.036 0.081 6.43 271.0
2459938.78393 20.091 0.067 5.07 273.0
2459938.79857 20.267 0.109 6.89 273.0
2459938.81254 20.186 0.088 6.28 262.0
2459938.82693 20.011 0.074 5.94 271.0
2459938.84088 19.941 0.072 6.13 304.0
2459938.85506 19.938 0.116 6.32 744.0
2459939.54359 19.955 0.107 5.81 735.0
2459939.55786 20.337 0.135 6.60 440.0
2459939.57223 20.443 0.173 7.57 398.0
2459939.58620 19.935 0.097 7.12 377.0
2459939.60058 20.368 0.128 6.55 359.0
2459939.61451 20.028 0.086 6.22 339.0
2459939.62873 20.228 0.116 6.60 364.0
2459939.64268 20.096 0.101 6.81 322.0
2459939.65686 19.700 0.073 7.03 331.0
2459939.67088 19.854 0.064 5.61 323.0
2459939.68510 20.013 0.084 6.36 315.0
2459939.69908 20.059 0.096 6.66 318.0
2459939.71344 19.954 0.091 6.83 332.0
2459939.72848 19.946 0.088 6.61 337.0
2459939.74295 19.892 0.080 6.23 363.0
2459939.75691 20.049 0.083 5.81 357.0
2459939.77134 20.308 0.090 5.51 308.0
2459939.78531 20.120 0.095 6.30 349.0
2459939.80030 20.159 0.095 6.02 369.0
2459939.81428 20.097 0.093 6.26 345.0
2459939.82882 20.020 0.086 6.33 333.0
2459939.84279 20.362 0.129 6.95 341.0
2459939.85733 19.967 0.184 7.21 1326.0
2459940.55194 20.168 0.108 7.02 343.0
2459940.56589 20.587 0.118 5.78 280.0
2459940.58034 20.287 0.098 6.41 278.0
2459940.59484 19.988 0.079 6.28 278.0
2459940.60933 20.320 0.102 5.99 288.0
2459940.62342 20.324 0.098 5.75 287.0
2459940.63844 20.554 0.116 5.82 283.0
2459940.65292 20.093 0.079 5.95 268.0
2459940.66747 20.076 0.068 5.50 252.0
2459940.68233 20.141 0.064 4.75 258.0
2459940.69677 19.939 0.062 5.60 254.0
2459940.71078 20.061 0.064 5.46 231.0
2459940.72566 20.217 0.076 5.61 240.0
2459940.73967 20.077 0.067 5.74 229.0
2459940.75505 19.958 0.070 6.25 260.0
2459940.76913 19.826 0.067 6.53 262.0
2459940.78398 19.877 0.060 5.68 259.0
2459940.79807 19.873 0.063 5.88 276.0
2459940.81375 20.232 0.103 6.56 300.0
2459941.55597 20.345 0.159 7.76 379.0
2459941.57034 20.690 0.146 5.44 373.0
2459941.58491 20.297 0.094 5.25 354.0
2459941.59890 20.586 0.118 5.26 351.0
2459941.61329 20.504 0.116 5.46 338.0
2459941.62730 20.214 0.082 4.88 347.0
2459941.64311 20.171 0.074 4.44 369.0
2459941.65719 20.487 0.109 4.99 365.0
2459941.68971 20.324 0.079 4.34 350.0
2459941.70471 20.269 0.092 5.24 375.0
2459941.71937 20.561 0.154 6.29 390.0
2459941.73396 20.109 0.080 5.30 388.0
2459941.74891 20.354 0.095 4.85 384.0
2459941.76293 20.063 0.079 4.97 427.0
2459941.77719 20.161 0.091 4.99 498.0
2459941.79195 20.531 0.128 5.14 470.0
2459941.80652 20.266 0.097 4.56 499.0
2459941.82055 20.018 0.076 4.34 504.0
2459941.83497 20.069 0.073 4.14 470.0
2459941.84899 19.971 0.078 4.50 559.0
2459942.55542 20.015 0.117 7.80 354.0
2459942.56934 19.791 0.064 6.00 315.0
2459942.58347 20.327 0.111 6.41 313.0
2459942.59750 20.488 0.141 6.80 306.0
2459942.61178 20.061 0.071 5.36 291.0
2459942.62574 20.327 0.082 4.95 265.0
2459942.64028 20.161 0.066 4.95 253.0
2459942.65429 20.066 0.057 4.55 246.0
2459942.66930 20.142 0.060 4.66 234.0
2459942.68332 20.150 0.061 4.76 222.0
2459942.69763 20.134 0.060 4.60 225.0
2459942.71205 20.316 0.072 4.80 225.0
2459942.72647 20.219 0.062 4.37 239.0
2459942.74105 20.208 0.064 4.70 242.0
2459942.75574 20.260 0.063 4.33 233.0
2459942.76974 20.146 0.060 4.75 228.0
2459942.78486 20.223 0.070 4.79 244.0
2459942.79945 20.188 0.067 4.21 303.0
2459942.81401 20.421 0.101 5.36 316.0
2459942.82815 20.364 0.089 5.08 302.0
2459942.84258 20.262 0.083 4.86 340.0
2459942.85678 20.067 0.121 5.13 1062.0
2459943.54956 20.118 0.100 6.13 430.0
2459943.56426 19.925 0.065 5.55 331.0
2459943.58474 20.363 0.097 5.14 345.0
2459943.59870 19.832 0.055 4.94 341.0
2459943.61294 20.011 0.073 5.26 358.0
2459943.62697 19.991 0.071 5.23 353.0
2459943.64138 20.088 0.075 5.14 339.0
2459943.65541 20.105 0.073 4.87 329.0
2459943.66982 20.132 0.072 4.74 323.0
2459943.68451 20.111 0.082 5.53 325.0
2459943.69948 20.006 0.059 4.32 306.0
2459943.71343 20.134 0.070 4.97 290.0
2459943.72915 20.124 0.071 4.87 291.0
2459943.74316 20.206 0.078 4.85 313.0
2459943.75777 20.114 0.070 4.89 306.0
2459943.77188 19.948 0.057 4.73 306.0
2459943.78628 20.170 0.078 5.19 303.0
2459943.80078 20.011 0.063 4.97 281.0
2459943.81656 20.125 0.065 4.79 272.0
2459943.83052 20.184 0.073 5.04 285.0
2459943.84494 19.983 0.075 5.62 357.0
2459943.85895 20.741 0.272 5.25 1509.0
2459944.55499 20.764 0.260 7.78 454.0
2459944.58118 20.218 0.147 7.45 415.0
2459944.59544 20.489 0.176 7.03 411.0
2459944.60951 20.257 0.132 6.61 413.0
2459944.62397 20.022 0.088 5.53 400.0
2459944.63805 19.913 0.084 5.73 395.0
2459944.65267 20.133 0.096 5.66 410.0
2459944.66860 20.712 0.170 5.81 423.0
2459944.68289 20.444 0.155 6.35 431.0
2459944.69702 19.968 0.108 6.86 432.0
2459944.71196 20.219 0.119 6.50 391.0
2459944.72600 20.078 0.119 7.31 369.0
2459945.60854 20.933 0.244 7.11 401.0
2459945.62261 20.555 0.170 6.97 401.0
2459945.63704 20.178 0.122 7.12 378.0
2459945.65116 20.990 0.236 6.82 349.0
2459945.69497 20.445 0.137 7.18 297.0
2459945.73302 20.129 0.092 6.63 272.0
2459945.74838 20.036 0.071 6.13 236.0
2459945.78649 20.039 0.081 6.98 226.0
2459945.80524 20.260 0.105 7.30 223.0
2459945.83291 19.976 0.087 7.92 217.0
2459946.55077 20.062 0.116 6.67 508.0
2459946.56478 20.358 0.150 7.04 464.0
2459946.57891 20.247 0.113 5.86 446.0
2459946.59289 20.753 0.184 6.03 460.0
2459946.60716 20.074 0.106 6.27 470.0
2459946.62111 20.289 0.128 6.35 453.0
2459946.63533 19.914 0.076 5.50 438.0
2459946.64975 20.102 0.093 5.55 429.0
2459946.66413 20.158 0.087 5.14 420.0
2459946.67871 20.241 0.090 4.77 427.0
2459946.69376 20.072 0.076 4.76 440.0
2459946.70822 19.958 0.068 4.73 436.0
2459946.72634 20.244 0.100 5.63 427.0
2459946.74035 20.150 0.096 5.86 425.0
2459946.75475 20.028 0.085 5.84 417.0
2459946.76870 20.167 0.076 4.95 360.0
2459946.78328 20.195 0.085 5.47 343.0
2459946.79724 20.391 0.107 5.43 340.0
2459946.81283 20.752 0.155 5.57 328.0
2459946.82681 20.396 0.096 5.23 344.0
2459946.84128 20.383 0.103 5.02 383.0
2459947.54939 20.578 0.193 6.33 651.0
2459947.56337 20.004 0.096 5.79 510.0
2459947.57774 20.201 0.125 6.58 470.0
2459947.59171 19.948 0.092 5.88 500.0
2459947.60621 20.230 0.117 5.90 487.0
2459947.62022 20.034 0.094 5.83 456.0
2459947.63502 20.129 0.109 6.10 461.0
2459947.64900 20.257 0.103 5.29 442.0
2459947.66407 20.008 0.082 5.36 440.0
2459947.67809 20.084 0.101 5.93 450.0
2459947.69228 20.021 0.072 4.67 439.0
2459947.70682 20.382 0.105 5.04 434.0
2459947.72148 20.112 0.078 4.75 418.0
2459947.73552 20.039 0.077 5.01 424.0
2459947.75005 20.067 0.079 5.19 411.0
2459947.76411 20.146 0.085 5.22 397.0
2459947.77863 20.049 0.074 5.16 377.0
2459947.79286 20.271 0.082 5.19 307.0
2459947.80789 19.951 0.060 5.32 280.0
2459947.82192 20.021 0.062 5.30 259.0
2459947.83654 19.821 0.057 5.48 291.0
2459947.85070 20.058 0.081 5.57 377.0
2459948.54502 20.090 0.152 6.27 997.0
2459948.55897 20.370 0.141 5.84 625.0
2459948.57334 20.297 0.127 5.48 642.0
2459948.58730 20.424 0.126 5.10 610.0
2459948.60146 20.130 0.102 5.55 612.0
2459948.61621 19.884 0.072 4.80 613.0
2459948.63147 20.222 0.100 4.96 596.0
2459948.64546 20.139 0.095 5.04 588.0
2459948.66013 19.926 0.071 4.15 598.0
2459948.67417 19.858 0.061 4.12 535.0
2459948.68848 19.967 0.067 4.01 562.0
2459948.70252 20.145 0.075 3.95 534.0
2459948.71684 20.282 0.093 4.58 518.0
2459948.73125 20.132 0.086 4.71 519.0
2459948.74635 19.982 0.072 4.47 528.0
2459948.76033 20.167 0.091 4.67 594.0
2459948.77456 19.849 0.072 5.03 539.0
2459948.78857 20.085 0.081 4.75 531.0
2459948.80292 20.251 0.101 5.21 506.0
2459948.81695 20.312 0.122 6.04 480.0
2459948.83147 20.140 0.106 6.22 460.0
2459948.84555 20.053 0.109 6.42 545.0
2459949.55759 20.125 0.141 6.47 741.0
2459949.57199 20.083 0.130 6.40 711.0
2459949.61521 20.929 0.287 6.65 663.0
2459949.69516 19.828 0.140 6.58 1137.0
2459949.78779 19.755 0.104 5.31 1153.0
2459950.55090 20.084 0.143 6.80 692.0
2459950.56487 20.182 0.157 6.99 670.0
2459950.57908 19.948 0.121 6.81 657.0
2459950.59305 20.045 0.129 6.82 611.0
2459950.60725 20.945 0.258 6.19 607.0
2459950.62125 19.846 0.098 6.21 631.0
2459950.64110 20.337 0.151 6.03 660.0
2459950.65506 20.363 0.160 6.04 672.0
2459950.68658 20.571 0.179 5.92 673.0
2459950.70059 20.710 0.201 5.62 693.0
2459950.71503 19.963 0.110 5.97 740.0
2459950.72912 20.291 0.122 4.96 784.0
2459950.74435 20.826 0.219 5.27 867.0
2459951.57690 20.062 0.114 5.52 720.0
2459951.59083 20.036 0.110 5.40 732.0
2459951.60537 19.861 0.097 5.59 747.0
2459951.61934 20.180 0.119 5.02 742.0
2459951.63355 19.960 0.096 4.95 765.0
2459951.64752 20.287 0.124 4.62 774.0
2459951.66221 20.202 0.110 4.70 759.0
2459951.67619 20.112 0.099 4.62 734.0
2459951.69120 20.158 0.104 4.56 724.0
2459951.70515 19.996 0.094 4.51 894.0
2459951.71944 20.063 0.092 4.74 714.0
2459951.73342 19.933 0.073 4.48 704.0
2459951.74788 20.022 0.084 4.62 703.0
2459951.76191 20.081 0.093 4.82 711.0
2459951.77620 20.072 0.093 4.84 702.0
2459951.79023 20.160 0.096 4.59 693.0
2459951.80456 20.476 0.140 4.91 704.0
2459951.81865 19.792 0.076 4.86 740.0
2459951.83301 19.897 0.086 4.92 793.0
2459952.56503 20.415 0.191 7.26 565.0
2459952.57924 20.718 0.202 6.10 580.0
2459952.59331 20.190 0.114 5.63 564.0
2459952.60758 20.251 0.134 6.10 573.0
2459952.62160 19.767 0.085 6.03 578.0
2459952.63157 20.144 0.110 5.64 564.0
2459952.64416 20.316 0.129 5.70 574.0
2459952.65820 20.034 0.095 5.33 609.0
2459952.67255 20.207 0.110 5.13 625.0
2459952.68663 20.414 0.131 5.07 660.0
2459952.70115 19.784 0.080 5.21 676.0
2459952.71563 19.970 0.101 5.76 661.0
2459952.73062 20.253 0.116 5.02 683.0
2459952.74467 20.034 0.100 5.13 686.0
2459952.75989 20.221 0.126 5.90 664.0
2459952.77383 20.313 0.123 5.07 653.0
2459952.78819 20.252 0.140 6.26 676.0
2459952.80394 20.420 0.144 5.30 701.0
2459952.81829 20.385 0.145 5.47 690.0
2459953.54569 20.537 0.157 6.46 401.0
2459953.56015 20.377 0.114 5.73 364.0
2459953.57448 20.367 0.106 4.94 430.0
2459953.58852 20.617 0.130 4.93 445.0
2459953.60282 20.287 0.109 5.50 445.0
2459953.61687 20.373 0.111 5.05 449.0
2459953.63198 20.152 0.087 4.76 460.0
2459953.64600 20.235 0.090 4.39 468.0
2459953.66075 20.428 0.093 3.89 469.0
2459953.67819 20.282 0.090 4.40 475.0
2459953.69254 20.111 0.074 4.20 483.0
2459953.70668 19.986 0.064 4.12 501.0
2459953.72155 20.397 0.091 3.82 522.0
2459953.73570 20.580 0.117 4.14 562.0
2459953.75034 20.075 0.079 4.36 579.0
2459953.76443 20.423 0.110 4.18 583.0
2459953.77890 20.374 0.108 4.22 607.0
2459953.79297 20.133 0.088 4.01 638.0
2459953.80718 20.119 0.101 4.87 669.0
2459953.82117 20.489 0.135 4.35 730.0
2459954.54263 20.149 0.137 6.21 642.0
2459954.55662 20.087 0.104 5.86 500.0
2459954.57147 19.942 0.086 5.77 487.0
2459954.60308 20.176 0.103 4.97 569.0
2459954.61716 20.152 0.099 5.03 528.0
2459954.63115 19.853 0.073 5.04 477.0
2459954.64592 20.372 0.107 4.52 488.0
2459954.66059 20.394 0.095 4.05 496.0
2459954.67485 19.981 0.069 4.29 483.0
2459954.68882 20.279 0.110 5.18 538.0
2459954.70312 20.377 0.115 5.01 516.0
2459954.71714 19.850 0.085 5.97 483.0
2459954.73148 20.354 0.150 6.54 506.0
2459954.74544 19.943 0.115 7.32 498.0
2459954.76337 20.093 0.105 6.00 474.0
2459954.77729 19.965 0.076 4.87 479.0
2459954.79157 20.227 0.117 5.97 528.0
2459954.80554 20.645 0.163 5.58 551.0
2459954.81982 20.164 0.125 6.32 588.0
2459955.54170 20.097 0.104 5.32 647.0
2459955.55568 19.810 0.061 4.94 393.0
2459955.57002 20.164 0.075 4.77 366.0
2459955.58442 20.242 0.073 4.41 354.0
2459955.59866 19.983 0.059 4.40 361.0
2459955.61266 20.053 0.065 4.39 390.0
2459955.62853 20.185 0.070 4.12 391.0
2459955.64252 19.875 0.058 4.41 407.0
2459955.65684 19.928 0.062 4.33 402.0
2459955.67089 20.018 0.062 4.10 415.0
2459955.68528 20.030 0.064 4.07 419.0
2459955.69928 20.076 0.070 4.29 449.0
2459955.71472 20.358 0.091 4.39 436.0
2459955.72875 20.302 0.088 4.22 470.0
2459955.74312 20.023 0.065 4.18 479.0
2459955.75715 20.073 0.071 4.33 443.0
2459955.77149 20.229 0.078 4.16 481.0
2459955.78556 20.033 0.073 4.31 540.0
2459955.79986 20.193 0.087 4.36 551.0
2459955.81384 20.111 0.115 5.81 575.0
2459956.54531 20.201 0.092 4.61 554.0
2459956.55932 20.145 0.071 4.69 340.0
2459956.57395 20.230 0.077 5.06 321.0
2459956.58797 20.048 0.063 4.82 312.0
2459956.60284 20.032 0.062 4.86 319.0
2459956.61686 20.376 0.079 4.19 329.0
2459956.63112 20.189 0.075 4.44 360.0
2459956.64516 20.121 0.074 4.37 376.0
2459956.65956 19.952 0.061 4.32 375.0
2459956.67358 19.947 0.057 4.08 365.0
2459956.69205 20.151 0.068 4.19 350.0
2459956.70617 20.035 0.065 4.44 361.0
2459956.72049 19.973 0.061 4.11 372.0
2459956.73456 19.923 0.063 4.67 385.0
2459956.74952 20.015 0.071 4.45 401.0
2459956.76687 20.241 0.097 5.08 401.0
2459956.78125 20.375 0.104 4.48 430.0
2459956.79527 20.006 0.079 4.80 442.0
2459956.80964 19.927 0.074 4.95 452.0
2459956.82370 19.987 0.077 4.72 461.0
2459957.55914 20.112 0.089 6.00 294.0
2459957.57347 20.186 0.093 6.09 305.0
2459957.58756 20.121 0.083 5.97 293.0
2459957.60226 20.420 0.110 5.66 305.0
2459957.61637 20.501 0.118 5.89 293.0
2459957.63098 20.517 0.105 5.29 288.0
2459957.64506 19.974 0.064 5.02 291.0
2459957.66292 20.373 0.096 5.09 325.0
2459957.67696 20.351 0.082 4.35 320.0
2459957.69119 20.170 0.071 4.38 341.0
2459957.70517 20.170 0.072 4.48 335.0
2459957.71957 20.202 0.073 4.33 354.0
2459957.73354 20.221 0.087 4.96 356.0
2459957.74829 20.105 0.087 5.57 349.0
2459957.76221 20.057 0.072 4.70 373.0
2459957.77660 20.231 0.087 4.88 399.0
2459957.79054 20.043 0.074 4.56 451.0
2459957.80487 20.120 0.082 4.70 448.0
2459957.81886 20.163 0.108 6.07 467.0
2459958.54320 20.785 0.257 6.93 599.0
2459958.55716 20.246 0.094 5.87 318.0
2459958.57130 20.087 0.083 5.87 322.0
2459958.58532 20.082 0.074 5.39 314.0
2459958.59991 20.159 0.068 4.47 321.0
2459958.61388 20.150 0.070 4.75 318.0
2459958.64784 20.207 0.063 4.06 311.0
2459958.66215 20.111 0.059 3.91 324.0
2459958.67900 20.239 0.062 3.63 328.0
2459958.69304 20.378 0.074 3.66 310.0
2459958.70723 20.021 0.060 4.07 310.0
2459958.72122 20.246 0.074 4.55 309.0
2459958.73550 20.199 0.065 3.94 328.0
2459958.74950 20.286 0.073 4.01 345.0
2459958.76388 20.159 0.061 3.82 335.0
2459958.77785 20.496 0.078 3.69 345.0
2459958.79247 20.369 0.074 3.76 366.0
2459958.80649 20.463 0.083 3.75 384.0
2459958.82107 20.266 0.076 4.03 416.0
2459959.54704 20.133 0.115 6.38 422.0
2459959.56102 20.078 0.090 6.46 281.0
2459959.57529 20.030 0.066 5.26 269.0
2459959.58925 20.150 0.075 5.34 269.0
2459959.60415 19.975 0.059 4.87 251.0
2459959.61816 20.070 0.056 4.22 270.0
2459959.63243 20.025 0.061 4.51 281.0
2459959.64722 19.991 0.058 4.37 293.0
2459959.66176 19.997 0.062 4.45 329.0
2459959.67577 20.104 0.075 4.83 340.0
2459959.69224 20.333 0.104 5.36 357.0
2459959.70624 19.873 0.076 6.01 357.0
2459959.72065 20.458 0.121 5.37 366.0
2459959.73475 20.199 0.097 5.47 378.0
2459959.74892 20.178 0.088 4.89 390.0
2459959.76299 20.062 0.079 4.62 406.0
2459959.77963 20.099 0.073 4.13 443.0
2459959.79360 20.304 0.099 4.50 461.0
2459959.80837 20.083 0.085 4.87 490.0
2459959.82242 19.985 0.087 5.38 521.0
2459960.54506 20.273 0.096 5.07 434.0
2459960.55909 19.941 0.059 5.08 297.0
2459960.57340 20.309 0.083 4.96 308.0
2459960.58743 20.143 0.075 5.03 298.0
2459960.60244 20.230 0.068 4.28 271.0
2459960.61649 20.038 0.055 4.42 256.0
2459960.63200 20.008 0.050 3.89 245.0
2459960.64605 20.080 0.050 3.81 243.0
2459960.66326 20.398 0.065 3.77 249.0
2459960.67731 20.032 0.045 3.44 252.0
2459960.69156 20.028 0.047 3.68 252.0
2459960.70939 19.958 0.053 4.02 284.0
2459960.72361 20.217 0.073 4.35 314.0
2459960.74031 20.056 0.058 3.95 334.0
2459960.75466 20.267 0.074 3.93 354.0
2459960.76876 19.866 0.058 4.31 378.0
2459960.78318 20.049 0.066 4.09 405.0
2459960.79720 20.088 0.066 4.05 412.0
2459960.81181 20.107 0.078 4.54 470.0
2459961.53461 19.757 0.124 6.25 1099.0
2459961.54866 21.129 0.245 5.99 348.0
2459961.56292 20.392 0.117 5.85 319.0
2459961.57688 20.489 0.119 5.39 318.0
2459961.59100 20.269 0.095 5.44 304.0
2459961.60499 20.224 0.083 4.99 284.0
2459961.61933 20.285 0.088 5.07 280.0
2459961.63327 20.345 0.097 5.29 287.0
2459961.64749 20.174 0.092 5.67 314.0
2459961.66144 20.328 0.090 4.78 307.0
2459961.67643 20.331 0.102 5.55 328.0
2459961.69334 20.557 0.146 6.24 329.0
2459961.70953 20.108 0.099 6.48 319.0
2459961.72351 20.428 0.117 6.08 332.0
2459961.73793 20.263 0.117 6.55 350.0
2459961.76124 20.024 0.109 6.98 369.0
2459961.77565 20.584 0.206 7.34 419.0
2459962.55135 19.947 0.062 5.34 302.0
2459962.56528 20.284 0.073 4.77 290.0
2459962.58943 20.164 0.075 5.18 306.0
2459962.60339 20.146 0.093 6.28 305.0
2459962.61759 20.054 0.063 4.59 312.0
2459962.63157 20.242 0.082 5.13 324.0
2459962.64626 20.265 0.076 4.60 343.0
2459962.66015 20.162 0.074 4.81 346.0
2459962.67443 20.364 0.086 4.63 357.0
2459962.68837 20.240 0.088 5.16 393.0
2459962.72339 20.281 0.103 5.92 377.0
2459962.73735 20.233 0.087 4.90 408.0
2459962.75169 19.996 0.089 5.77 469.0
2459962.76579 19.925 0.089 5.96 481.0
2459962.77990 20.698 0.154 5.40 471.0
2459962.79386 20.220 0.104 5.21 538.0
2459962.80839 20.635 0.168 5.62 570.0
2459963.53437 20.002 0.116 5.02 1064.0
2459963.54835 19.863 0.065 5.26 343.0
2459963.56254 20.080 0.071 4.88 349.0
2459963.57656 19.925 0.056 4.68 340.0
2459963.59113 19.981 0.057 4.52 351.0
2459963.60509 20.070 0.062 4.26 349.0
2459963.61931 20.184 0.075 4.75 325.0
2459963.63453 20.156 0.063 4.20 297.0
2459963.64945 19.966 0.054 4.37 292.0
2459963.66993 20.148 0.063 4.20 294.0
2459963.68413 19.981 0.067 5.28 302.0
2459963.69814 20.087 0.082 5.70 333.0
2459963.71231 20.123 0.066 4.35 312.0
2459963.72631 20.053 0.081 5.38 350.0
2459963.74480 20.417 0.110 5.44 353.0
2459963.75877 19.942 0.085 6.18 373.0
2459963.77298 20.104 0.078 4.95 374.0
2459963.78703 19.954 0.077 5.33 416.0
2459963.80121 20.294 0.132 6.30 461.0
2459964.53694 20.203 0.141 5.37 1024.0
2459964.55100 20.073 0.089 5.64 435.0
2459964.56524 20.112 0.085 5.46 427.0
2459964.57929 19.950 0.069 5.14 396.0
2459964.59407 19.928 0.068 5.01 403.0
2459964.60806 20.117 0.088 5.50 396.0
2459964.62233 20.093 0.073 4.47 389.0
2459964.63962 20.212 0.072 4.21 384.0
2459964.65387 19.921 0.063 4.91 386.0
2459964.66794 20.235 0.079 4.49 403.0
2459964.68256 19.876 0.067 5.04 404.0
2459964.69676 20.087 0.077 5.00 394.0
2459964.71128 20.171 0.074 4.28 409.0
2459964.72527 19.779 0.054 4.29 437.0
2459964.74191 19.902 0.075 5.36 414.0
2459964.75596 20.461 0.121 4.84 411.0
2459964.77056 20.063 0.090 5.16 441.0
2459964.78456 20.084 0.100 5.55 465.0
2459964.80137 20.189 0.103 5.49 469.0
2460202.82689 20.321 0.117 6.52 310.0
2460202.83949 20.285 0.087 5.23 310.0
2460202.85247 20.680 0.138 5.77 311.0
2460202.86509 20.355 0.104 5.57 332.0
2460202.87799 20.194 0.086 5.46 326.0
2460202.89057 20.296 0.103 5.42 364.0
2460202.90336 20.113 0.096 5.36 489.0
2460203.83005 20.108 0.074 5.25 303.0
2460203.84265 20.192 0.077 5.20 298.0
2460203.85562 20.190 0.077 5.11 289.0
2460203.86827 20.238 0.075 4.81 278.0
2460203.88108 20.246 0.082 5.16 296.0
2460203.89372 20.208 0.076 4.65 313.0
2460203.90663 20.085 0.128 4.91 1035.0
2460204.84269 20.023 0.100 7.09 292.0
2460204.85528 20.008 0.090 6.73 277.0
2460204.86874 20.062 0.083 6.09 269.0
2460204.88139 19.893 0.072 6.10 272.0
2460204.89423 20.259 0.132 7.43 294.0
2460204.90682 20.156 0.184 6.51 1041.0
2460206.86421 20.310 0.143 6.60 473.0
2460206.87681 20.290 0.131 5.99 503.0
2460206.88976 20.454 0.151 6.15 489.0
2460206.90238 20.148 0.132 6.09 691.0
2460208.81230 20.053 0.094 6.31 356.0
2460208.82496 20.100 0.106 6.57 366.0
2460208.84046 20.145 0.107 6.46 364.0
2460208.85995 20.138 0.103 6.25 367.0
2460208.87287 20.003 0.114 7.53 371.0
2460208.89861 19.822 0.095 6.64 500.0
2460209.81579 19.947 0.108 7.66 303.0
2460209.82902 20.109 0.090 6.18 286.0
2460209.84162 20.203 0.121 7.19 299.0
2460209.86397 19.908 0.082 6.49 318.0
2460209.87689 20.242 0.106 6.24 325.0
2460209.88988 20.058 0.101 6.51 340.0
2460209.90267 19.974 0.154 6.75 936.0
2460210.77854 20.423 0.110 6.08 299.0
2460210.79125 20.318 0.116 6.54 300.0
2460210.80414 20.357 0.115 6.17 313.0
2460210.81678 20.865 0.196 6.42 335.0
2460210.82967 20.391 0.125 6.07 391.0
2460210.84229 20.334 0.113 5.78 401.0
2460210.85610 20.366 0.114 5.60 416.0
2460210.86870 20.216 0.100 5.62 393.0
2460210.88159 20.429 0.129 6.14 384.0
2460210.89429 20.275 0.107 5.59 432.0
2460211.78631 20.036 0.095 6.31 383.0
2460211.79961 20.258 0.105 5.96 350.0
2460211.81949 20.547 0.123 5.75 316.0
2460211.83210 20.307 0.096 5.65 304.0
2460211.84497 20.254 0.087 5.29 325.0
2460211.85756 20.220 0.088 5.39 328.0
2460211.87042 20.197 0.086 5.41 324.0
2460211.88306 20.280 0.093 5.41 317.0
2460211.89596 19.935 0.089 5.96 449.0
2460212.80347 20.095 0.107 6.34 429.0
2460212.81601 20.000 0.128 7.66 429.0
2460212.82888 20.098 0.099 5.94 409.0
2460212.84148 20.010 0.092 6.07 388.0
2460212.86333 19.980 0.085 5.62 383.0
2460212.87589 20.083 0.106 6.21 394.0
2460212.88864 20.155 0.109 5.94 431.0
2460212.90122 20.150 0.195 6.21 1287.0
2460213.82236 20.141 0.157 7.79 488.0
2460214.80225 20.138 0.181 8.14 577.0
2460214.81065 20.022 0.172 8.90 573.0
2460214.82607 20.458 0.225 7.92 559.0
2460214.83863 20.103 0.141 7.10 542.0
2460214.85170 20.190 0.140 6.67 527.0
2460214.86429 20.242 0.137 6.59 512.0
2460214.88945 20.214 0.143 6.96 500.0
2460215.80923 20.021 0.163 8.04 627.0
2460215.82180 20.656 0.247 6.97 620.0
2460215.83485 20.461 0.261 8.16 632.0
2460215.84744 20.196 0.140 6.24 630.0
2460215.86040 20.410 0.181 6.48 641.0
2460215.87295 20.365 0.180 6.81 636.0
2460216.78304 20.378 0.190 6.35 891.0
2460216.79567 20.064 0.170 7.23 853.0
2460216.80869 20.198 0.167 6.63 842.0
2460216.82171 19.877 0.123 6.50 837.0
2460216.83641 19.962 0.123 6.24 835.0
2460216.84981 20.110 0.151 6.43 826.0
2460216.86247 20.283 0.175 6.62 819.0
2460216.87528 20.233 0.152 6.03 833.0
2460216.88784 19.969 0.138 6.44 898.0
2460217.78230 20.361 0.167 6.06 728.0
2460217.79491 20.088 0.140 6.39 731.0
2460217.80783 20.056 0.119 5.89 701.0
2460217.82036 20.314 0.180 6.75 688.0
2460217.84617 20.116 0.157 7.17 657.0
2460217.85877 20.194 0.146 6.29 653.0
2460217.87160 20.182 0.132 6.08 624.0
2460217.88422 20.535 0.199 6.49 624.0
2460217.89703 20.375 0.256 5.76 1836.0
2460218.79392 20.660 0.206 6.27 625.0
2460218.80649 20.294 0.149 6.34 614.0
2460218.81950 20.183 0.126 6.03 596.0
2460218.83206 20.209 0.146 6.68 572.0
2460218.84493 20.107 0.115 6.19 543.0
2460218.85757 20.365 0.152 6.41 530.0
2460218.87050 20.142 0.137 6.99 506.0
2460219.79639 20.337 0.211 7.59 706.0
2460219.80897 20.300 0.173 7.53 548.0
2460219.82459 20.208 0.136 6.50 537.0
2460219.83720 20.297 0.151 6.78 509.0
2460219.85032 20.409 0.181 7.20 484.0
2460219.86301 20.127 0.118 6.43 479.0
2460219.87589 20.352 0.173 7.18 527.0
2460221.80392 20.148 0.117 6.09 501.0
2460221.81770 20.179 0.131 6.89 453.0
2460221.83434 20.070 0.088 5.45 416.0
2460221.84694 20.337 0.122 5.87 409.0
2460221.85964 20.136 0.113 6.47 401.0
2460221.87236 20.137 0.112 6.44 391.0
2460221.88504 20.134 0.139 7.02 513.0
2460222.78266 20.293 0.126 6.53 376.0
2460222.79532 20.358 0.131 6.42 362.0
2460222.81995 20.377 0.144 6.79 384.0
2460223.81384 20.202 0.149 7.65 383.0
2460223.82646 20.386 0.155 6.97 393.0
2460223.84011 20.692 0.212 6.87 419.0
2460223.85269 20.432 0.158 6.54 436.0
2460223.88020 20.740 0.283 7.53 501.0
2460224.76083 19.882 0.123 7.44 568.0
2460224.77356 19.878 0.137 8.07 591.0
2460224.78708 20.163 0.152 7.28 565.0
2460224.80279 20.295 0.155 7.06 478.0
2460224.81708 20.490 0.180 7.00 476.0
2460224.82969 20.113 0.132 7.07 475.0
2460224.86422 19.895 0.108 7.28 423.0
2460224.87746 20.429 0.168 7.29 408.0
2460225.75887 20.213 0.149 7.16 465.0
2460225.77149 20.090 0.109 6.33 462.0
2460225.78416 20.180 0.112 6.19 447.0
2460225.80475 20.298 0.134 6.37 450.0
2460225.81735 20.025 0.099 6.18 471.0
2460225.84939 20.007 0.096 6.03 484.0
2460225.86270 20.251 0.114 5.53 519.0
2460225.87571 20.512 0.191 6.80 541.0
2460226.73961 20.551 0.143 6.40 323.0
2460226.75221 20.432 0.114 5.80 323.0
2460226.77057 20.550 0.115 5.33 347.0
2460226.78317 20.312 0.100 5.58 361.0
2460226.79603 20.195 0.098 5.70 373.0
2460226.80870 20.234 0.099 5.78 361.0
2460226.82161 20.450 0.112 5.43 353.0
2460226.83422 20.214 0.115 6.46 368.0
2460226.84723 20.366 0.117 5.99 362.0
2460226.85978 20.267 0.097 5.47 375.0
2460226.87271 20.193 0.109 6.23 408.0
2460226.88531 20.253 0.139 5.64 737.0
2460227.76423 20.280 0.128 6.85 327.0
2460227.77684 20.124 0.097 6.19 329.0
2460227.78970 20.380 0.135 6.62 346.0
2460227.80225 20.567 0.139 6.01 332.0
2460227.81633 20.109 0.087 5.73 335.0
2460227.82889 20.066 0.081 5.54 337.0
2460227.84247 20.167 0.101 6.23 328.0
2460227.85508 20.516 0.126 5.72 331.0
2460227.86823 20.306 0.120 6.37 345.0
2460227.88087 20.349 0.135 5.69 513.0
2460228.76237 20.091 0.091 6.06 346.0
2460228.77500 20.303 0.123 6.61 344.0
2460228.79066 20.255 0.131 6.82 376.0
2460228.80330 20.067 0.097 6.25 366.0
2460228.81747 20.177 0.100 5.93 360.0
2460228.83010 20.257 0.109 6.02 372.0
2460228.84466 20.178 0.104 5.94 387.0
2460228.85727 20.075 0.120 7.13 386.0
2460228.87554 20.112 0.097 5.84 406.0
2460228.88819 19.895 0.120 5.86 964.0
2460229.74078 20.071 0.087 6.34 279.0
2460229.75334 19.951 0.076 6.17 278.0
2460229.76625 20.198 0.084 5.71 266.0
2460229.78044 20.101 0.074 5.47 276.0
2460229.79608 20.187 0.090 5.82 289.0
2460229.80873 20.063 0.082 6.02 278.0
2460229.82212 20.089 0.082 5.83 298.0
2460229.83554 19.933 0.072 5.84 308.0
2460229.84880 19.969 0.082 6.19 318.0
2460229.86138 20.059 0.083 5.93 325.0
2460229.87440 20.106 0.086 5.28 395.0
2460230.73558 20.408 0.132 6.11 407.0
2460230.74667 20.157 0.108 6.29 380.0
2460230.75929 20.129 0.091 5.44 382.0
2460230.78945 20.361 0.119 5.94 366.0
2460230.80217 20.054 0.087 5.78 371.0
2460230.81544 20.344 0.126 6.23 368.0
2460230.82817 20.186 0.101 6.06 349.0
2460230.84125 19.881 0.091 6.70 374.0
2460230.85396 20.120 0.113 6.67 374.0
2460230.86856 20.071 0.100 6.45 361.0
2460231.73916 20.292 0.093 5.41 332.0
2460231.75182 20.089 0.078 5.38 313.0
2460231.76792 20.400 0.098 5.15 318.0
2460231.78053 20.214 0.080 4.98 326.0
2460231.79348 20.421 0.108 5.32 346.0
2460231.80613 20.196 0.093 5.52 348.0
2460231.81912 20.367 0.121 5.77 374.0
2460231.83182 20.334 0.113 5.49 394.0
2460231.84502 20.137 0.089 5.00 431.0
2460231.85773 20.376 0.134 5.93 457.0
2460231.87061 20.378 0.117 5.12 492.0
2460231.88326 19.936 0.139 5.74 1198.0
2460232.71835 20.108 0.090 5.88 362.0
2460232.73094 20.175 0.094 5.79 355.0
2460232.74441 20.019 0.084 5.90 347.0
2460232.75701 19.943 0.087 6.48 356.0
2460232.76999 20.122 0.102 6.39 351.0
2460232.78264 20.090 0.087 5.62 355.0
2460232.79653 20.194 0.113 6.49 349.0
2460232.80912 20.288 0.102 5.72 347.0
2460232.82198 20.226 0.087 5.10 354.0
2460232.83456 20.080 0.078 5.29 350.0
2460232.84741 20.085 0.094 6.06 362.0
2460235.86974 20.142 0.124 6.96 407.0
2460237.71829 20.254 0.123 6.37 451.0
2460237.73092 20.127 0.107 5.94 477.0
2460237.74426 20.003 0.094 5.99 450.0
2460237.75477 20.180 0.105 5.88 425.0
2460237.76746 20.175 0.096 5.54 404.0
2460237.78117 20.037 0.101 6.40 405.0
2460237.79374 20.278 0.123 6.20 414.0
2460237.83567 19.972 0.075 5.06 424.0
2460237.84822 20.136 0.092 5.13 467.0
2460238.74755 20.133 0.109 6.32 415.0
2460238.76014 20.070 0.110 6.47 435.0
2460238.77317 20.267 0.119 5.89 435.0
2460238.78630 20.217 0.106 5.56 437.0
2460238.79924 20.162 0.111 6.02 460.0
2460238.81184 19.999 0.099 6.43 421.0
2460238.82554 20.068 0.113 6.44 462.0
2460238.83817 20.254 0.104 5.31 450.0
2460238.85106 20.302 0.135 5.91 526.0
2460238.86359 20.301 0.131 5.91 532.0
2460239.70018 20.163 0.114 6.01 509.0
2460239.71274 20.411 0.167 6.69 524.0
2460239.72573 20.694 0.248 7.53 467.0
2460239.73835 20.403 0.139 6.07 443.0
2460239.75131 20.295 0.104 5.46 404.0
2460239.76401 20.352 0.111 5.45 421.0
2460239.77697 20.391 0.113 5.56 408.0
2460239.79019 20.326 0.098 5.17 372.0
2460239.80309 20.514 0.119 5.31 399.0
2460239.81573 20.400 0.118 5.58 413.0
2460239.82918 20.374 0.110 5.19 442.0
2460239.84268 20.805 0.160 5.09 449.0
2460239.85547 20.217 0.098 5.14 457.0
2460240.84175 20.050 0.112 7.04 365.0
2460240.85437 20.117 0.101 6.14 358.0
2460240.86741 20.179 0.112 6.37 377.0
2460240.88004 20.230 0.194 6.74 903.0
2460241.74547 20.125 0.143 7.16 511.0
2460241.76130 20.250 0.148 6.53 580.0
2460241.77876 20.053 0.143 7.53 554.0
2460241.79479 20.171 0.137 6.93 489.0
2460241.80738 20.280 0.142 6.71 467.0
2460241.82020 20.193 0.124 6.66 423.0
2460242.72170 20.666 0.205 6.46 519.0
2460242.73426 20.742 0.216 6.45 516.0
2460242.74728 20.681 0.180 5.91 494.0
2460242.75988 20.276 0.118 5.69 483.0
2460242.77301 20.356 0.128 5.78 468.0
2460242.78565 20.167 0.104 5.68 467.0
2460242.79861 20.084 0.095 5.52 480.0
2460242.81129 20.265 0.108 5.59 449.0
2460242.82488 20.220 0.092 5.12 431.0
2460242.83747 20.152 0.083 5.27 355.0
2460242.85043 20.091 0.077 5.35 320.0
2460242.86308 20.247 0.089 5.32 339.0
2460243.71411 20.646 0.244 6.86 669.0
2460243.72671 20.310 0.168 6.43 704.0
2460243.73976 20.461 0.174 6.11 682.0
2460243.75236 20.447 0.178 6.15 675.0
2460243.76534 20.486 0.158 5.39 656.0
2460243.77794 20.252 0.134 5.72 634.0
2460243.79082 20.252 0.134 5.78 624.0
2460243.80337 20.133 0.125 6.14 591.0
2460243.81626 20.375 0.154 6.00 599.0
2460243.82885 20.376 0.153 6.13 589.0
2460243.84169 20.352 0.163 6.50 582.0
2460243.85422 20.100 0.107 5.67 544.0
2460243.86727 20.425 0.146 5.69 556.0
2460244.70842 20.228 0.180 6.85 785.0
2460244.72102 20.244 0.185 6.88 750.0
2460244.73383 19.857 0.120 6.46 776.0
2460244.74637 19.995 0.134 6.32 801.0
2460244.75928 20.136 0.157 6.53 766.0
2460244.77563 20.035 0.157 7.01 798.0
2460244.78842 20.260 0.164 6.12 785.0
2460244.80097 19.895 0.128 6.66 747.0
2460244.81558 20.165 0.144 6.10 715.0
2460244.82814 20.243 0.168 6.39 767.0
2460244.84156 20.180 0.165 6.47 798.0
2460244.85420 20.169 0.150 6.09 753.0
2460244.86712 20.276 0.180 6.73 762.0
2460245.74132 20.209 0.202 7.34 835.0
2460245.80104 20.305 0.223 7.30 874.0
2460245.81362 20.038 0.188 7.79 882.0
2460245.82915 19.934 0.121 5.86 908.0
2460245.84896 20.099 0.172 6.96 847.0
2460245.86152 20.011 0.129 5.98 838.0
2460247.60527 20.362 0.209 6.63 884.0
2460247.61789 19.939 0.131 6.28 890.0
2460247.63179 19.996 0.142 6.53 889.0
2460247.64443 20.311 0.188 6.52 893.0
2460247.65760 20.134 0.148 6.29 853.0
2460247.67024 20.549 0.216 6.47 824.0
2460247.68365 19.947 0.124 6.24 820.0
2460247.69620 20.579 0.210 6.14 795.0
2460247.71115 19.917 0.099 5.26 805.0
2460247.72379 20.236 0.149 5.89 799.0
2460247.73679 20.324 0.141 5.02 876.0
2460247.74937 20.434 0.149 5.09 783.0
2460247.76225 20.293 0.191 4.74 2013.0
2460248.74212 20.196 0.138 6.08 673.0
2460248.75579 20.022 0.125 6.32 650.0
2460248.76893 20.203 0.134 5.98 644.0
2460248.78157 20.262 0.151 6.33 642.0
2460248.79446 20.099 0.121 6.02 619.0
2460248.80717 20.066 0.121 6.28 617.0
2460248.82025 20.197 0.128 6.14 591.0
2460248.83292 20.078 0.122 6.26 622.0
2460248.84857 20.313 0.140 5.94 585.0
2460248.86119 20.210 0.125 6.03 588.0
2460248.87407 19.986 0.159 6.23 1347.0
2460250.72438 20.361 0.133 5.65 497.0
2460250.73709 20.272 0.123 5.67 467.0
2460250.75082 20.277 0.127 6.00 470.0
2460250.76348 20.217 0.117 5.67 495.0
2460250.77788 20.033 0.102 5.64 516.0
2460250.79052 20.433 0.166 6.26 533.0
2460250.80645 20.097 0.131 6.72 512.0
2460250.81913 20.719 0.261 7.55 471.0
2460250.83265 20.419 0.178 6.79 500.0
2460250.84533 20.144 0.132 6.57 507.0
2460250.85832 20.132 0.129 6.31 543.0
2460250.87103 20.100 0.162 6.45 846.0
2460251.74624 19.983 0.125 7.63 457.0
2460251.75893 20.289 0.168 7.58 472.0
2460251.77317 20.587 0.206 7.07 485.0
2460251.78588 20.181 0.146 7.43 464.0
2460251.79926 20.292 0.158 7.38 451.0
2460251.81186 20.213 0.173 8.17 466.0
2460251.82501 20.472 0.190 7.33 464.0
2460251.84158 20.062 0.132 7.64 442.0
2460251.85561 20.524 0.182 7.19 439.0
2460251.86830 19.910 0.165 7.69 968.0
2460252.68117 20.178 0.098 5.07 498.0
2460252.69374 20.365 0.113 5.07 493.0
2460252.70650 20.154 0.102 5.18 532.0
2460252.71904 20.145 0.102 5.02 540.0
2460252.74684 20.274 0.117 5.09 534.0
2460252.75941 20.122 0.095 4.89 532.0
2460252.77493 20.067 0.091 4.90 540.0
2460252.78755 20.119 0.100 5.13 540.0
2460252.80044 20.103 0.093 4.76 551.0
2460252.81298 20.236 0.110 4.98 561.0
2460252.82691 20.113 0.114 5.57 595.0
2460252.83954 20.399 0.169 6.02 604.0
2460252.85287 20.359 0.148 5.79 588.0
2460253.67620 20.151 0.150 7.72 455.0
2460253.68872 20.288 0.147 6.93 438.0
2460253.70220 19.929 0.093 6.39 407.0
2460253.71478 20.193 0.127 6.77 409.0
2460253.72809 20.247 0.119 6.12 413.0
2460253.74063 20.504 0.165 6.51 448.0
2460253.75419 20.227 0.134 6.58 467.0
2460253.76683 19.729 0.092 7.01 484.0
2460253.78010 20.030 0.121 6.92 501.0
2460253.79273 19.800 0.095 6.59 520.0
2460253.80626 20.141 0.127 6.43 560.0
2460253.81883 20.283 0.166 6.84 580.0
2460253.83259 20.088 0.142 7.33 530.0
2460253.84520 19.910 0.108 7.17 454.0
2460253.85801 20.096 0.133 6.68 585.0
2460254.69803 20.067 0.086 4.93 512.0
2460254.71071 20.319 0.111 5.04 508.0
2460254.72399 20.049 0.112 6.28 490.0
2460254.73667 20.114 0.107 5.79 501.0
2460254.74998 20.351 0.133 5.91 466.0
2460254.76258 20.027 0.085 5.55 432.0
2460254.77610 20.190 0.113 6.01 426.0
2460254.78884 20.095 0.109 6.44 412.0
2460254.80208 20.072 0.081 5.22 422.0
2460254.81471 20.332 0.139 6.59 420.0
2460254.82841 20.250 0.106 5.49 445.0
2460254.84111 20.213 0.120 6.09 476.0
2460254.85422 20.060 0.093 5.31 519.0
2460255.66949 20.307 0.118 6.08 368.0
2460255.68931 20.351 0.135 6.48 364.0
2460255.70196 20.476 0.121 5.46 354.0
2460255.71653 20.351 0.131 6.36 349.0
2460255.72918 20.290 0.124 6.33 347.0
2460255.74288 20.501 0.124 5.51 361.0
2460255.75545 20.381 0.110 5.42 378.0
2460255.76879 20.218 0.088 4.91 387.0
2460255.78141 20.283 0.091 4.92 394.0
2460255.79438 20.416 0.108 4.95 410.0
2460255.80699 20.670 0.147 5.27 421.0
2460255.82060 20.287 0.096 4.98 429.0
2460255.83338 20.451 0.112 5.05 419.0
2460255.84690 20.436 0.122 5.55 409.0
2460255.86131 20.267 0.134 5.50 677.0
2460256.69351 20.187 0.093 5.09 439.0
2460256.70613 20.413 0.115 5.10 440.0
2460256.71890 19.927 0.073 5.09 410.0
2460256.73152 20.071 0.093 5.62 402.0
2460256.74480 20.167 0.089 5.20 397.0
2460256.75741 20.091 0.076 4.63 386.0
2460256.77028 20.071 0.086 5.56 385.0
2460256.78297 20.492 0.144 6.12 382.0
2460256.79651 20.035 0.078 5.07 363.0
2460256.80927 20.182 0.091 5.33 370.0
2460256.82209 20.019 0.093 6.07 382.0
2460256.83475 20.124 0.115 6.38 431.0
2460256.84824 20.012 0.102 6.39 425.0
2460256.86089 20.108 0.140 6.98 544.0
2460259.66052 20.042 0.110 6.67 422.0
2460259.77558 20.152 0.116 6.67 365.0
2460259.78817 20.400 0.146 6.93 341.0
2460259.80345 20.000 0.083 5.86 337.0
2460259.81598 20.505 0.151 6.42 361.0
2460259.82931 20.363 0.114 5.81 355.0
2460259.84187 20.511 0.163 6.82 374.0
2460259.85474 20.172 0.106 5.85 415.0
2460260.65863 20.158 0.132 6.71 497.0
2460260.67123 20.175 0.123 6.17 488.0
2460260.68467 19.914 0.110 6.88 506.0
2460260.69725 20.299 0.149 6.50 484.0
2460260.71074 20.481 0.178 6.63 517.0
2460260.72336 20.128 0.117 6.12 488.0
2460260.73645 20.258 0.118 5.73 436.0
2460260.74910 19.920 0.096 6.10 444.0
2460260.76269 20.120 0.105 6.04 422.0
2460260.80574 20.184 0.093 5.30 376.0
2460260.81833 20.388 0.118 5.74 364.0
2460260.84481 20.107 0.092 6.01 330.0
2460260.85733 20.317 0.134 6.47 408.0
2460261.65756 20.044 0.098 6.11 399.0
2460261.67017 20.380 0.142 6.32 419.0
2460261.69225 20.007 0.102 6.17 444.0
2460261.70488 20.235 0.109 5.81 378.0
2460261.71907 20.069 0.101 6.45 364.0
2460261.73165 20.174 0.100 5.97 362.0
2460261.74766 20.216 0.096 5.60 334.0
2460261.76030 20.029 0.077 5.11 363.0
2460261.77348 20.100 0.090 5.46 379.0
2460261.78607 20.115 0.083 5.18 353.0
2460261.79981 19.988 0.080 5.59 354.0
2460261.81235 20.032 0.083 5.43 401.0
2460261.82531 20.343 0.105 5.40 371.0
2460261.83794 20.152 0.097 5.68 378.0
2460261.85172 20.220 0.103 5.64 399.0
2460261.86443 20.087 0.126 5.29 925.0
2460264.77502 20.093 0.097 5.92 379.0
2460264.78766 20.082 0.095 6.07 362.0
2460264.80277 20.330 0.112 5.93 345.0
2460264.81543 20.056 0.089 5.80 380.0
2460264.84187 19.934 0.077 5.56 348.0
2460264.85452 20.174 0.110 5.83 443.0
2460265.67544 20.315 0.155 6.35 582.0
2460265.68805 20.220 0.146 6.54 556.0
2460265.70079 20.105 0.121 6.08 550.0
2460265.71348 20.132 0.118 6.06 523.0
2460265.72728 20.293 0.121 5.39 511.0
2460265.73997 19.984 0.101 6.02 496.0
2460265.75330 20.056 0.095 5.45 475.0
2460265.76598 20.105 0.108 5.87 491.0
2460265.77881 20.351 0.147 6.24 520.0
2460265.79152 19.795 0.110 7.53 497.0
2460265.80525 19.950 0.098 6.31 462.0
2460265.81792 19.794 0.090 6.73 459.0
2460265.83689 20.257 0.135 6.76 401.0
2460265.84955 20.308 0.123 6.20 390.0
2460265.86268 20.207 0.172 6.04 980.0
2460266.63479 20.020 0.101 5.68 548.0
2460266.64751 20.609 0.176 5.76 559.0
2460266.66049 20.129 0.109 5.88 501.0
2460266.67394 20.182 0.110 5.59 513.0
2460266.68682 20.281 0.123 5.80 485.0
2460266.69947 20.322 0.118 5.35 492.0
2460266.71280 20.062 0.085 5.33 426.0
2460266.72550 20.149 0.113 6.20 417.0
2460266.73898 20.579 0.168 6.34 431.0
2460266.75163 20.158 0.098 5.56 430.0
2460266.77226 20.194 0.121 6.46 424.0
2460266.78483 20.120 0.107 6.16 411.0
2460266.79865 20.307 0.107 5.46 414.0
2460266.81118 20.340 0.130 6.20 433.0
2460266.82456 20.159 0.098 5.59 417.0
2460266.83714 20.235 0.104 5.65 416.0
2460266.85039 20.282 0.114 5.68 425.0
2460266.86301 19.972 0.129 6.34 787.0
2460267.63304 20.032 0.104 6.09 463.0
2460267.64562 20.290 0.155 6.92 466.0
2460267.65852 20.364 0.151 6.34 460.0
2460267.67108 20.254 0.128 6.43 424.0
2460267.68457 20.260 0.121 6.20 406.0
2460267.69717 20.440 0.117 5.31 383.0
2460267.70997 20.308 0.094 4.95 356.0
2460267.72249 20.257 0.094 5.24 351.0
2460267.73573 20.551 0.109 4.93 330.0
2460267.74835 20.360 0.095 5.06 344.0
2460267.76242 20.273 0.089 5.17 348.0
2460267.77499 20.428 0.100 5.21 321.0
2460267.78831 20.343 0.093 5.38 310.0
2460267.80092 20.638 0.128 5.68 320.0
2460267.81454 20.328 0.081 4.71 292.0
2460267.82708 20.171 0.077 4.95 299.0
2460267.84063 20.304 0.093 5.31 303.0
2460267.85323 20.339 0.093 4.86 369.0
2460268.65430 20.381 0.121 5.38 440.0
2460268.66700 20.139 0.109 5.59 482.0
2460268.68018 20.169 0.110 5.86 447.0
2460268.69283 20.232 0.099 4.97 447.0
2460268.70650 20.234 0.110 5.36 466.0
2460268.72226 20.126 0.086 4.83 433.0
2460268.73524 20.107 0.091 5.02 430.0
2460268.74783 20.181 0.089 4.86 419.0
2460268.76130 20.233 0.092 4.89 394.0
2460268.77400 20.126 0.085 5.30 352.0
2460268.78725 20.369 0.109 5.67 339.0
2460268.79984 20.127 0.080 5.21 319.0
2460268.81268 20.072 0.075 5.13 307.0
2460268.82536 19.971 0.075 5.34 323.0
2460268.83820 20.175 0.091 5.33 350.0
2460268.85086 20.191 0.106 5.55 420.0
2460269.61270 20.191 0.125 5.84 528.0
2460269.62533 20.141 0.101 5.32 482.0
2460269.63877 20.281 0.115 5.18 483.0
2460269.65146 20.226 0.123 5.98 462.0
2460269.66473 19.915 0.084 5.46 463.0
2460269.67734 20.218 0.102 5.12 451.0
2460269.69167 19.887 0.086 5.74 439.0
2460269.70438 20.032 0.088 5.33 427.0
2460269.71775 20.050 0.080 5.09 392.0
2460269.73048 19.989 0.083 5.50 374.0
2460269.74337 20.052 0.076 5.09 339.0
2460269.75607 20.067 0.075 5.05 318.0
2460269.76956 20.149 0.083 5.48 306.0
2460269.78230 20.106 0.076 5.22 300.0
2460269.79522 19.929 0.075 6.21 296.0
2460269.80846 20.022 0.073 5.18 326.0
2460269.82146 20.157 0.080 4.88 325.0
2460269.83419 20.154 0.084 5.26 326.0
2460269.84716 19.945 0.075 5.35 327.0
2460269.85991 20.071 0.140 5.83 868.0
2460270.63049 20.014 0.114 6.12 540.0
2460270.64320 20.242 0.119 5.38 522.0
2460270.65637 20.064 0.102 5.53 527.0
2460270.66900 20.346 0.125 5.45 514.0
2460270.68249 20.422 0.134 5.38 510.0
2460270.69515 20.102 0.103 5.40 510.0
2460270.70807 20.065 0.095 5.23 497.0
2460270.72070 20.198 0.102 5.23 471.0
2460270.73422 20.465 0.130 5.21 475.0
2460270.74682 20.093 0.094 5.21 464.0
2460270.76009 20.071 0.084 4.91 444.0
2460270.77274 20.284 0.099 4.95 399.0
2460270.78601 20.152 0.088 5.09 359.0
2460270.79857 20.169 0.082 4.88 340.0
2460270.81154 20.217 0.098 5.63 332.0
2460270.82414 20.137 0.079 4.98 315.0
2460270.83759 20.239 0.092 4.96 356.0
2460270.85014 20.110 0.094 5.26 423.0
2460271.62978 20.627 0.208 6.23 628.0
2460271.64283 20.654 0.206 5.76 640.0
2460271.65761 20.141 0.144 6.51 608.0
2460271.67157 20.514 0.173 5.65 620.0
2460271.68417 20.458 0.176 5.88 665.0
2460271.69748 20.261 0.142 5.72 646.0
2460271.71013 20.350 0.133 5.38 585.0
2460271.72349 20.424 0.138 5.37 554.0
2460271.73612 20.547 0.149 5.54 488.0
2460271.74898 20.422 0.154 6.29 473.0
2460271.76164 20.565 0.165 5.71 522.0
2460271.77506 20.750 0.217 6.38 502.0
2460271.78769 20.447 0.138 5.43 486.0
2460271.80041 20.543 0.139 5.23 473.0
2460271.81293 20.490 0.174 6.90 429.0
2460271.82607 20.466 0.147 6.04 446.0
2460271.83870 20.209 0.110 5.66 441.0
2460271.85173 20.553 0.156 5.33 526.0
2460272.67927 20.269 0.146 5.66 732.0
2460272.69187 20.142 0.122 5.42 691.0
2460272.70530 20.233 0.151 6.13 704.0
2460272.71792 20.365 0.197 6.87 699.0
2460272.73058 19.861 0.129 7.22 645.0
2460272.74321 20.153 0.129 6.16 559.0
2460272.75764 20.010 0.111 6.27 544.0
2460272.77027 20.334 0.146 6.36 499.0
2460272.78301 20.229 0.155 7.16 491.0
2460272.79560 20.247 0.118 5.95 443.0
2460272.81084 20.546 0.175 6.74 419.0
2460272.82349 20.402 0.139 6.69 342.0
2460272.83622 20.261 0.129 7.00 348.0
2460272.84895 20.128 0.130 7.73 365.0
2460273.67157 20.015 0.100 4.97 654.0
2460273.68576 19.860 0.081 4.98 635.0
2460273.69871 19.823 0.084 5.27 631.0
2460273.71197 20.108 0.108 5.07 646.0
2460273.72629 20.238 0.129 5.19 694.0
2460273.73892 20.100 0.132 5.69 746.0
2460273.75179 19.884 0.093 5.02 727.0
2460273.76566 20.214 0.129 5.27 693.0
2460273.77896 20.197 0.119 5.12 643.0
2460273.79315 20.134 0.117 5.31 623.0
2460273.80971 20.189 0.125 5.17 655.0
2460273.82316 20.291 0.152 5.79 652.0
2460273.84596 19.874 0.099 6.15 492.0
2460273.85856 19.884 0.135 6.75 769.0
2460274.62709 20.083 0.134 5.57 875.0
2460274.63973 20.230 0.153 5.52 823.0
2460274.65929 20.209 0.140 5.54 757.0
2460274.67185 20.135 0.139 5.59 786.0
2460274.68565 19.967 0.105 5.05 792.0
2460274.69831 20.203 0.133 5.26 798.0
2460274.71383 19.965 0.099 4.91 779.0
2460274.72713 19.977 0.098 4.71 745.0
2460274.74096 20.610 0.167 4.77 690.0
2460274.75368 20.098 0.102 4.72 666.0
2460274.76656 20.268 0.126 5.16 668.0
2460274.77919 20.222 0.114 4.71 685.0
2460274.79302 20.378 0.139 4.83 679.0
2460274.80562 19.993 0.107 5.30 693.0
2460274.81845 19.959 0.106 5.37 695.0
2460274.83110 20.203 0.130 5.32 699.0
2460274.84382 20.295 0.142 5.37 677.0
2460274.85643 20.034 0.150 6.27 929.0
2460275.63210 20.284 0.155 5.43 827.0
2460275.64468 20.348 0.168 5.60 808.0
2460275.65744 20.161 0.139 5.55 791.0
2460275.67002 20.686 0.224 5.58 800.0
2460275.68278 20.354 0.162 5.43 786.0
2460275.69536 20.255 0.161 6.00 777.0
2460275.73153 20.095 0.112 4.90 773.0
2460275.74411 20.415 0.141 4.63 750.0
2460275.75683 20.067 0.115 5.14 766.0
2460275.76939 20.104 0.125 5.44 733.0
2460275.78214 20.314 0.145 5.29 727.0
2460275.79469 20.006 0.106 5.19 717.0
2460275.80750 20.306 0.132 4.95 709.0
2460275.82007 20.426 0.147 4.89 714.0
2460275.83283 20.337 0.138 5.00 734.0
2460275.84538 19.942 0.113 5.61 792.0
2460275.85824 20.230 0.197 5.44 1551.0
2460276.60638 20.122 0.130 5.59 800.0
2460276.61894 20.042 0.114 5.19 835.0
2460276.63184 20.299 0.153 5.62 794.0
2460276.64441 20.007 0.099 4.89 771.0
2460276.65802 19.883 0.090 5.04 741.0
2460276.67060 20.288 0.126 4.89 730.0
2460276.68464 20.389 0.152 5.46 687.0
2460276.69721 20.100 0.118 5.37 697.0
2460276.71036 20.464 0.153 5.11 713.0
2460276.72684 20.166 0.121 5.30 687.0
2460276.74335 20.203 0.122 5.42 667.0
2460276.75600 20.422 0.166 5.88 680.0
2460276.76875 20.209 0.124 5.56 649.0
2460276.78177 20.307 0.135 5.38 664.0
2460276.79574 20.385 0.139 5.26 663.0
2460276.80836 20.226 0.118 5.18 651.0
2460276.82148 20.291 0.129 5.22 646.0
2460276.83407 20.213 0.139 5.92 622.0
2460276.84688 20.220 0.138 5.75 666.0
2460277.63423 20.071 0.113 5.65 634.0
2460277.64755 20.179 0.123 5.54 650.0
2460277.66044 20.269 0.132 5.37 676.0
2460277.67309 19.966 0.095 5.47 611.0
2460277.68615 19.951 0.090 5.12 614.0
2460277.69883 20.058 0.097 5.31 567.0
2460277.71192 20.085 0.094 4.96 548.0
2460277.72460 20.124 0.107 5.34 588.0
2460277.73593 19.982 0.087 4.81 602.0
2460277.74856 20.080 0.114 5.64 623.0
2460277.76156 20.129 0.104 4.96 624.0
2460277.77416 20.114 0.098 4.84 609.0
2460277.78750 20.332 0.133 5.28 615.0
2460277.80016 20.025 0.101 5.26 625.0
2460277.81322 20.043 0.111 5.55 653.0
2460277.82585 19.894 0.099 5.75 633.0
2460277.83883 20.114 0.120 5.79 608.0
2460277.85156 20.183 0.134 5.95 670.0
2460278.62886 19.958 0.102 5.76 569.0
2460278.64152 20.447 0.161 5.91 566.0
2460278.65432 20.365 0.147 5.93 538.0
2460278.66693 20.089 0.111 5.91 501.0
2460278.67981 19.888 0.106 6.62 501.0
2460278.69240 20.180 0.121 6.18 458.0
2460278.70806 20.040 0.107 6.15 469.0
2460278.72080 20.085 0.110 5.96 480.0
2460278.73384 20.226 0.118 5.51 500.0
2460278.74662 20.014 0.105 5.79 517.0
2460278.75955 20.098 0.108 5.52 529.0
2460278.77217 20.160 0.114 5.60 517.0
2460278.78637 19.975 0.108 6.18 565.0
2460278.79905 20.142 0.096 4.93 505.0
2460278.81240 20.188 0.110 5.10 564.0
2460278.82505 19.990 0.099 5.43 583.0
2460278.83782 20.103 0.116 5.60 606.0
2460278.85049 20.198 0.137 5.55 738.0
2460279.62917 20.629 0.178 5.99 476.0
2460279.64174 20.623 0.153 5.47 442.0
2460279.65452 20.353 0.119 5.47 420.0
2460279.66701 20.575 0.139 5.30 415.0
2460279.67969 20.326 0.114 5.31 430.0
2460279.69221 20.256 0.115 5.98 402.0
2460279.70497 20.410 0.119 5.28 431.0
2460279.71754 20.288 0.107 5.37 425.0
2460279.73072 20.731 0.147 4.86 421.0
2460279.74329 20.456 0.133 5.57 435.0
2460279.77632 20.378 0.129 5.68 457.0
2460279.78889 20.423 0.141 5.94 436.0
2460279.80215 20.508 0.146 5.66 445.0
2460279.81470 20.198 0.118 5.84 473.0
2460279.82750 20.132 0.119 5.88 525.0
2460279.84000 20.084 0.129 6.47 574.0
2460279.85287 20.411 0.204 6.59 737.0
2460280.62694 20.046 0.100 6.41 359.0
2460280.63950 20.155 0.099 5.93 367.0
2460280.65224 19.920 0.079 5.85 363.0
2460280.66486 20.218 0.112 5.74 442.0
2460280.67762 20.458 0.129 5.44 443.0
2460280.69017 20.288 0.096 4.84 425.0
2460280.70297 20.192 0.092 5.34 407.0
2460280.71557 20.359 0.121 5.95 390.0
2460280.72836 20.024 0.094 5.83 410.0
2460280.74103 20.413 0.164 6.90 431.0
2460280.75377 20.245 0.138 6.83 468.0
2460280.76638 20.195 0.120 6.21 461.0
2460280.77907 20.159 0.126 6.49 468.0
2460280.79168 19.982 0.109 6.61 481.0
2460280.80762 20.184 0.111 5.37 497.0
2460280.82026 20.571 0.168 5.89 493.0
2460280.83305 20.490 0.155 5.82 501.0
2460280.84562 20.539 0.199 6.66 547.0
2460280.85900 19.961 0.164 5.96 1396.0
2460281.63688 19.934 0.076 5.09 435.0
2460281.64959 20.059 0.082 5.04 400.0
2460281.66259 20.032 0.081 5.34 350.0
2460281.67521 20.140 0.096 5.83 341.0
2460281.68801 20.075 0.099 5.62 422.0
2460281.70066 20.143 0.114 6.34 407.0
2460281.71346 20.237 0.099 5.21 406.0
2460281.72607 20.061 0.092 5.38 406.0
2460281.73889 20.079 0.085 5.01 383.0
2460281.75159 20.182 0.088 4.99 359.0
2460281.77768 20.055 0.081 5.13 368.0
2460281.79033 20.182 0.094 5.11 396.0
2460281.80310 20.069 0.092 5.38 414.0
2460281.81569 20.164 0.091 5.13 399.0
2460281.82842 20.056 0.096 5.77 427.0
2460281.84111 20.052 0.087 4.93 475.0
2460282.63104 20.215 0.096 5.33 415.0
2460282.64377 20.125 0.084 5.09 380.0
2460282.65669 20.368 0.105 4.81 414.0
2460282.66934 20.084 0.081 4.97 403.0
2460282.68252 20.283 0.094 4.83 399.0
2460282.69518 20.269 0.100 5.15 410.0
2460282.70818 20.102 0.085 5.04 414.0
2460282.72083 20.151 0.090 5.06 417.0
2460282.73363 20.089 0.094 5.79 400.0
2460282.74627 20.040 0.083 5.32 389.0
2460282.75919 20.044 0.085 5.70 365.0
2460282.77193 20.095 0.093 5.86 370.0
2460282.78484 20.122 0.094 5.68 390.0
2460282.79800 20.078 0.089 5.26 430.0
2460282.81079 20.213 0.116 5.91 447.0
2460282.82345 20.002 0.103 6.25 448.0
2460282.83629 20.058 0.104 6.16 421.0
2460282.84898 20.370 0.135 5.68 516.0
2460283.62665 19.847 0.100 6.66 485.0
2460283.63930 20.545 0.157 5.96 435.0
2460283.65252 20.592 0.151 5.58 422.0
2460283.66512 20.911 0.219 5.95 440.0
2460283.67817 20.570 0.152 5.82 416.0
2460283.69074 20.451 0.121 5.29 415.0
2460283.70420 20.122 0.093 5.53 384.0
2460283.71677 20.613 0.125 4.99 378.0
2460283.72973 20.333 0.104 5.12 399.0
2460283.74240 20.557 0.121 4.95 371.0
2460283.75549 20.305 0.090 4.93 349.0
2460283.76803 20.236 0.101 5.78 348.0
2460283.78075 20.364 0.119 5.73 378.0
2460283.79343 20.478 0.123 5.59 365.0
2460283.80630 20.095 0.101 5.98 378.0
2460283.81955 20.185 0.109 5.97 401.0
2460283.83214 20.061 0.100 6.31 400.0
2460283.84472 20.177 0.123 6.31 439.0
2460283.85760 20.246 0.179 5.39 1313.0
2460284.61168 20.196 0.130 6.71 417.0
2460284.62430 20.090 0.101 6.01 398.0
2460284.63726 20.184 0.129 6.88 389.0
2460284.64986 20.234 0.114 5.99 365.0
2460284.66261 20.099 0.101 6.16 339.0
2460284.67527 20.109 0.087 5.41 336.0
2460284.68835 20.211 0.085 5.08 305.0
2460284.70097 20.158 0.080 5.12 290.0
2460284.71385 20.175 0.077 4.92 295.0
2460284.72639 20.233 0.082 4.81 309.0
2460284.73977 20.090 0.077 5.12 315.0
2460284.75235 20.084 0.076 5.00 320.0
2460284.76501 20.131 0.077 4.88 338.0
2460284.77753 20.301 0.086 4.80 317.0
2460284.79062 20.103 0.079 5.27 312.0
2460284.80321 20.049 0.080 5.56 311.0
2460284.81605 20.622 0.135 5.55 327.0
2460284.82864 20.334 0.129 6.67 353.0
2460284.84147 20.355 0.119 5.74 387.0
2460284.85590 20.139 0.140 6.02 733.0
2460285.62545 20.118 0.091 5.43 395.0
2460285.63805 20.141 0.081 4.97 375.0
2460285.65180 20.021 0.065 4.46 380.0
2460285.66441 20.117 0.075 4.78 397.0
2460285.74228 20.076 0.071 4.74 350.0
2460285.75497 20.014 0.076 5.28 349.0
2460285.76774 20.007 0.081 5.50 360.0
2460285.78032 20.021 0.072 4.77 373.0
2460285.79319 19.932 0.065 4.61 391.0
2460285.80574 20.225 0.096 5.09 409.0
2460285.81855 20.150 0.105 5.70 411.0
2460285.83116 20.210 0.103 5.47 417.0
2460285.84400 20.118 0.102 5.65 460.0
2460285.85660 20.275 0.174 5.30 1179.0
2460286.61307 20.147 0.095 5.73 358.0
2460286.62579 20.116 0.090 5.50 371.0
2460286.63861 20.351 0.094 4.89 359.0
2460286.65130 20.047 0.071 4.90 350.0
2460286.66567 19.872 0.071 5.48 351.0
2460286.68106 20.022 0.073 5.01 354.0
2460286.69383 20.107 0.078 4.79 379.0
2460286.70645 20.156 0.080 4.78 376.0
2460286.71946 20.226 0.088 5.22 331.0
2460286.73207 20.153 0.080 5.29 298.0
2460286.74902 20.115 0.078 5.04 317.0
2460286.76166 20.308 0.088 4.52 366.0
2460286.77692 20.228 0.086 4.76 355.0
2460286.78965 20.088 0.075 4.70 365.0
2460286.80235 20.099 0.082 4.99 380.0
2460286.81511 20.147 0.091 5.31 393.0
2460286.82798 20.218 0.089 4.71 418.0
2460286.84064 19.933 0.078 4.93 487.0
2460286.85342 20.024 0.119 5.33 849.0
2460287.60317 20.318 0.120 5.85 428.0
2460287.61583 20.478 0.134 5.97 402.0
2460287.62872 20.470 0.126 5.33 394.0
2460287.64132 20.427 0.118 5.43 365.0
2460287.65408 20.038 0.083 5.64 352.0
2460287.66663 20.368 0.117 5.69 360.0
2460287.67955 20.203 0.093 5.21 350.0
2460287.69214 20.227 0.098 5.33 355.0
2460287.70495 20.348 0.119 5.67 359.0
2460287.71753 20.293 0.107 5.55 341.0
2460287.73036 20.042 0.082 5.08 356.0
2460287.74298 20.093 0.091 5.31 367.0
2460287.75569 20.339 0.126 6.15 374.0
2460287.76827 20.333 0.117 5.83 357.0
2460287.78107 20.254 0.113 5.57 409.0
2460287.79362 20.411 0.125 5.48 405.0
2460287.80641 20.347 0.128 6.17 388.0
2460287.81897 20.223 0.121 6.37 383.0
2460287.83409 20.471 0.155 6.29 378.0
2460287.84666 20.239 0.139 6.73 430.0
2460288.60137 20.001 0.082 5.71 403.0
2460288.61395 20.264 0.111 5.83 408.0
2460288.62675 20.085 0.083 5.31 392.0
2460288.63933 20.128 0.095 5.94 385.0
2460288.65222 20.150 0.084 5.24 372.0
2460288.67667 20.258 0.094 5.27 373.0
2460288.68951 20.153 0.079 4.56 378.0
2460288.70212 19.921 0.072 5.23 367.0
2460288.71484 20.394 0.105 4.91 365.0
2460288.72743 20.163 0.087 5.33 349.0
2460288.73955 20.068 0.075 4.77 338.0
2460288.75220 20.231 0.088 4.78 350.0
2460288.76504 20.278 0.092 4.98 344.0
2460288.77770 20.204 0.079 4.61 342.0
2460288.79186 20.188 0.082 4.80 348.0
2460288.80507 20.200 0.085 4.94 336.0
2460288.81764 20.149 0.084 5.41 312.0
2460288.83022 20.214 0.084 5.14 313.0
2460288.84281 20.261 0.092 5.21 318.0
2460288.85552 19.842 0.095 4.81 928.0
2460289.64927 19.974 0.075 5.17 339.0
2460289.66186 20.228 0.087 5.15 315.0
2460289.67673 20.000 0.079 5.40 361.0
2460289.68934 20.154 0.079 4.77 354.0
2460289.70228 20.123 0.080 4.72 356.0
2460289.71494 20.021 0.075 4.91 367.0
2460289.72782 20.040 0.079 5.04 386.0
2460289.74050 20.035 0.099 5.84 406.0
2460289.75333 19.962 0.088 5.85 407.0
2460289.76602 19.857 0.081 5.88 395.0
2460289.81608 19.964 0.104 6.83 385.0
2460289.82867 20.214 0.133 6.87 369.0
2460289.84988 20.127 0.128 6.43 515.0
2460290.59473 20.143 0.081 5.09 387.0
2460290.60734 20.115 0.076 4.72 401.0
2460290.62036 20.268 0.087 4.82 384.0
2460290.63300 20.303 0.089 4.62 398.0
2460290.64585 20.180 0.089 5.05 394.0
2460290.65849 20.110 0.092 5.56 363.0
2460290.67131 20.154 0.087 5.36 350.0
2460290.68629 20.051 0.098 6.28 346.0
2460290.69912 20.046 0.078 5.43 339.0
2460290.71174 20.196 0.108 6.09 370.0
2460290.72453 20.242 0.091 5.28 351.0
2460290.73718 20.226 0.087 5.24 327.0
2460290.74998 20.184 0.082 5.08 336.0
2460290.76266 20.272 0.094 5.21 323.0
2460290.77562 20.071 0.082 5.11 386.0
2460290.78880 19.919 0.072 5.30 376.0
2460290.80168 20.193 0.104 5.88 379.0
2460290.81424 20.010 0.102 6.47 393.0
2460290.82781 20.190 0.123 6.42 437.0
2460290.84042 20.074 0.103 5.83 468.0
2460290.85614 19.999 0.136 6.09 854.0
2460291.63899 20.608 0.106 4.62 322.0
2460291.65157 20.290 0.087 4.76 355.0
2460291.67674 20.447 0.100 5.01 296.0
2460291.68932 20.243 0.076 4.82 278.0
2460291.70204 20.159 0.075 4.68 313.0
2460291.71459 20.207 0.080 4.83 321.0
2460291.72736 20.175 0.077 5.03 298.0
2460291.73997 20.204 0.089 5.44 333.0
2460291.75304 19.998 0.073 5.19 331.0
2460291.76570 20.323 0.096 5.06 341.0
2460291.77843 20.291 0.094 5.24 325.0
2460291.79291 20.290 0.097 5.17 342.0
2460291.80551 20.179 0.096 5.36 370.0
2460291.81808 19.821 0.074 5.45 442.0
2460291.83081 20.192 0.102 5.15 476.0
2460291.84342 20.482 0.131 5.25 421.0
2460291.85638 20.209 0.139 5.57 709.0
2460292.62113 20.147 0.091 5.46 404.0
2460292.63369 20.343 0.109 5.50 378.0
2460292.64661 20.260 0.116 6.28 357.0
2460292.65922 20.259 0.105 5.80 354.0
2460292.68010 20.206 0.126 6.44 405.0
2460292.71127 20.160 0.114 6.39 379.0
2460292.73262 20.223 0.104 5.91 355.0
2460292.74699 20.256 0.118 6.45 358.0
2460292.76419 20.441 0.115 5.33 355.0
2460293.64566 20.065 0.058 4.18 306.0
2460293.65824 20.044 0.059 4.09 333.0
2460293.67118 20.089 0.062 4.36 305.0
2460293.68380 20.272 0.083 4.82 349.0
2460293.69802 20.123 0.067 4.24 348.0
2460293.71297 20.113 0.068 4.36 327.0
2460293.72583 20.055 0.071 4.67 364.0
2460293.73838 20.080 0.075 4.73 351.0
2460293.75124 20.163 0.087 5.04 367.0
2460293.76383 20.348 0.109 5.22 422.0
2460293.77661 20.050 0.091 5.48 466.0
2460293.78918 19.964 0.085 5.17 519.0
2460293.80234 20.247 0.125 5.65 521.0
2460293.81484 20.142 0.096 5.04 507.0
2460293.82743 20.129 0.097 5.10 497.0
2460293.83999 20.381 0.124 5.30 514.0
2460293.85291 20.203 0.124 5.50 627.0
2460294.60183 20.118 0.087 5.21 401.0
2460294.61444 20.121 0.084 4.91 386.0
2460294.62724 20.183 0.086 4.72 372.0
2460294.64703 20.210 0.083 4.43 380.0
2460294.65991 20.208 0.084 4.21 417.0
2460294.67255 20.030 0.075 4.43 418.0
2460294.68564 20.236 0.092 4.58 424.0
2460294.69825 20.095 0.082 4.65 417.0
2460294.71116 20.076 0.087 4.88 439.0
2460294.72373 20.109 0.089 5.00 419.0
2460294.73839 20.079 0.081 4.72 374.0
2460294.75105 20.075 0.078 4.55 390.0
2460294.76394 20.058 0.094 5.29 413.0
2460294.77660 20.124 0.103 5.38 449.0
2460294.78948 20.165 0.113 5.25 502.0
2460294.80207 20.280 0.134 5.40 519.0
2460294.81486 20.146 0.128 5.69 562.0
2460294.82745 19.900 0.109 6.02 591.0
2460294.85000 20.300 0.168 6.06 675.0
2460295.64036 20.341 0.113 5.73 357.0
2460295.65297 20.606 0.191 7.14 375.0
2460295.67653 20.279 0.103 5.62 344.0
2460295.68928 20.217 0.085 4.96 338.0
2460295.70223 20.516 0.125 5.57 334.0
2460295.71495 20.419 0.117 5.59 346.0
2460295.72798 20.362 0.109 5.64 326.0
2460295.74065 20.421 0.113 5.65 333.0
2460295.75362 20.317 0.102 5.69 317.0
2460295.76631 20.386 0.094 5.11 308.0
2460295.77925 20.158 0.090 5.74 324.0
2460295.79189 20.406 0.135 6.43 359.0
2460295.80471 19.933 0.096 6.71 367.0
2460295.82895 20.245 0.123 6.69 337.0
2460295.84359 20.166 0.120 6.74 361.0
2460295.85638 20.366 0.133 5.81 500.0
2460296.64180 20.147 0.072 4.72 341.0
2460296.65439 20.159 0.069 4.68 313.0
2460296.66760 20.319 0.084 5.08 286.0
2460296.68018 20.387 0.087 4.91 291.0
2460296.69275 20.268 0.087 5.28 309.0
2460296.70531 20.202 0.069 4.81 268.0
2460296.71832 20.273 0.074 4.71 287.0
2460296.73093 20.172 0.067 4.95 236.0
2460296.74377 20.017 0.067 5.32 275.0
2460296.75697 20.078 0.067 5.19 251.0
2460296.76974 20.143 0.077 5.48 274.0
2460296.78234 20.302 0.090 5.26 307.0
2460296.79510 20.157 0.081 5.36 302.0
2460296.80769 20.072 0.086 6.15 301.0
2460296.82041 20.399 0.105 5.50 306.0
2460296.83299 20.307 0.103 5.88 307.0
2460296.84787 20.452 0.114 5.49 345.0
2460296.86043 20.169 0.145 5.30 996.0
2460297.64817 20.308 0.149 5.62 649.0
2460297.66079 20.267 0.143 5.67 649.0
2460297.67362 19.986 0.105 5.28 686.0
2460297.68621 19.905 0.082 4.87 571.0
2460297.69899 19.884 0.078 4.78 565.0
2460297.71158 20.097 0.104 5.24 582.0
2460297.72443 20.038 0.121 6.08 642.0
2460297.73713 20.105 0.102 5.04 610.0
2460297.74988 20.103 0.109 5.28 611.0
2460297.76254 20.242 0.132 5.96 557.0
2460297.77543 20.084 0.105 5.62 500.0
2460297.78803 19.881 0.086 5.58 479.0
2460297.80101 20.145 0.111 5.61 494.0
2460297.81364 20.013 0.111 6.29 513.0
2460297.82731 20.157 0.119 5.71 544.0
2460297.84002 20.011 0.112 6.33 527.0
2460297.85315 20.203 0.167 6.67 708.0
2460298.60551 19.946 0.092 6.24 391.0
2460298.61814 20.312 0.128 6.14 403.0
2460298.63097 20.009 0.093 6.03 394.0
2460298.64364 20.066 0.112 6.64 389.0
2460298.65656 20.045 0.105 6.63 365.0
2460298.66919 19.989 0.084 5.85 360.0
2460298.69962 20.039 0.079 5.33 350.0
2460298.71220 20.097 0.090 5.64 361.0
2460298.72500 20.053 0.074 5.19 325.0
2460298.73766 19.954 0.075 5.86 332.0
2460298.75045 20.000 0.084 5.95 362.0
2460298.76306 20.072 0.079 5.51 353.0
2460298.77602 20.035 0.087 5.76 378.0
2460298.78865 20.108 0.102 6.12 403.0
2460298.80142 20.144 0.099 5.65 413.0
2460298.81408 20.077 0.094 5.94 402.0
2460298.82734 20.021 0.091 5.87 431.0
2460298.83999 20.137 0.104 5.96 440.0
2460298.85274 20.098 0.117 5.83 624.0
2460299.60818 20.297 0.122 5.04 695.0
2460299.62080 20.610 0.184 5.64 678.0
2460299.63363 20.463 0.170 5.90 645.0
2460299.64630 20.302 0.136 5.60 613.0
2460299.65909 20.424 0.140 5.47 589.0
2460299.67174 20.092 0.103 5.42 597.0
2460299.68475 20.166 0.122 6.00 569.0
2460299.69742 20.172 0.121 6.11 558.0
2460299.71093 20.153 0.102 5.60 480.0
2460299.72360 20.308 0.113 5.63 438.0
2460299.73656 20.294 0.120 6.03 398.0
2460299.76149 20.362 0.124 6.28 377.0
2460299.77452 20.238 0.102 5.53 404.0
2460299.78713 20.058 0.094 5.94 420.0
2460299.80064 20.137 0.116 6.30 448.0
2460299.81316 20.423 0.133 5.63 449.0
2460299.82590 20.274 0.116 5.52 486.0
2460299.83842 20.008 0.113 6.47 512.0
2460299.85117 20.252 0.162 6.63 609.0
2460300.60572 20.355 0.123 5.58 453.0
2460300.61826 20.149 0.098 5.20 469.0
2460300.63150 20.174 0.098 4.96 506.0
2460300.64409 20.133 0.097 5.16 488.0
2460300.65686 20.193 0.100 5.23 465.0
2460300.66938 20.140 0.101 5.41 473.0
2460300.68259 20.373 0.117 5.53 422.0
2460300.69517 20.434 0.120 5.46 418.0
2460300.70791 20.020 0.089 5.80 411.0
2460300.72048 20.170 0.108 6.11 425.0
2460300.73326 20.466 0.154 6.26 459.0
2460300.74581 20.133 0.100 5.81 429.0
2460300.75907 20.271 0.103 5.63 353.0
2460300.77163 20.176 0.100 6.06 349.0
2460300.78445 20.122 0.105 6.44 365.0
2460300.79702 20.391 0.133 6.37 369.0
2460300.80975 20.377 0.127 6.16 377.0
2460300.82236 20.420 0.123 6.08 348.0
2460300.83522 20.586 0.167 6.48 369.0
2460300.84779 20.655 0.200 6.71 445.0
2460300.85840 20.372 0.232 7.02 914.0
2460301.57424 20.210 0.129 6.35 530.0
2460301.58692 20.191 0.120 6.14 516.0
2460301.60019 19.985 0.089 5.32 523.0
2460301.61273 20.036 0.102 5.73 509.0
2460301.62576 20.284 0.141 6.18 516.0
2460301.63843 20.105 0.100 5.35 507.0
2460301.65130 19.928 0.076 4.85 509.0
2460301.66390 20.097 0.093 5.16 508.0
2460301.69330 20.182 0.107 5.56 474.0
2460301.70593 20.091 0.108 6.29 467.0
2460301.71914 20.082 0.100 5.63 490.0
2460301.73176 19.974 0.081 5.25 461.0
2460301.74458 20.099 0.092 5.36 472.0
2460301.75718 20.138 0.104 5.65 490.0
2460301.77072 19.875 0.074 5.25 477.0
2460301.78326 20.086 0.092 5.40 461.0
2460301.79620 20.191 0.097 5.51 405.0
2460301.80880 20.206 0.107 5.38 444.0
2460301.82220 20.444 0.127 5.28 456.0
2460301.83486 19.938 0.084 5.63 444.0
2460301.84766 20.144 0.118 6.34 467.0
2460301.86030 19.910 0.113 5.48 926.0
2460302.62396 20.190 0.099 5.16 480.0
2460302.63658 20.087 0.098 5.39 539.0
2460302.64943 20.213 0.114 5.69 503.0
2460302.66211 19.887 0.092 6.09 496.0
2460302.67527 20.028 0.083 4.96 506.0
2460302.68787 20.333 0.119 5.31 533.0
2460302.70205 20.247 0.107 5.17 510.0
2460302.71474 19.884 0.072 4.63 489.0
2460302.72787 20.049 0.080 4.77 444.0
2460302.74056 19.967 0.083 5.63 441.0
2460302.75357 20.158 0.111 5.53 525.0
2460302.76623 19.954 0.090 5.35 502.0
2460302.77963 20.189 0.116 5.48 547.0
2460302.79224 20.240 0.126 5.78 529.0
2460302.80498 20.017 0.105 6.08 500.0
2460302.81765 20.101 0.097 5.60 375.0
2460302.83048 20.382 0.155 6.82 408.0
2460302.84316 19.938 0.089 5.69 423.0
2460302.85603 19.882 0.105 6.07 591.0
2460303.60834 20.247 0.094 4.74 535.0
2460303.62100 20.547 0.131 4.97 559.0
2460303.63407 20.264 0.113 5.16 575.0
2460303.64674 20.354 0.120 5.20 577.0
2460303.65964 20.527 0.148 5.42 597.0
2460303.67235 20.395 0.127 5.07 557.0
2460303.68592 20.599 0.154 5.48 548.0
2460303.69857 20.214 0.114 5.45 538.0
2460303.71180 20.223 0.120 6.00 531.0
2460303.72575 20.237 0.115 5.31 529.0
2460303.73902 20.370 0.134 5.56 532.0
2460305.71424 20.033 0.121 5.93 730.0
2460305.72677 20.030 0.124 6.13 750.0
2460305.73951 20.289 0.163 6.16 759.0
2460305.75991 20.202 0.123 5.34 728.0
2460305.77269 20.122 0.159 6.63 778.0
2460305.78530 20.188 0.136 5.59 827.0
2460305.79865 20.280 0.167 6.03 843.0
2460305.81122 19.964 0.107 5.44 819.0
2460305.82398 20.406 0.283 7.97 854.0
2460307.59880 20.527 0.142 5.36 563.0
2460308.58057 20.011 0.072 5.98 250.0
2460308.59528 20.588 0.148 6.40 336.0
2460308.61023 20.383 0.112 5.61 364.0
2460308.62284 20.083 0.081 5.46 358.0
2460308.63576 20.157 0.111 6.39 397.0
2460308.64835 20.290 0.108 5.93 366.0
2460308.65903 20.288 0.128 6.45 404.0
2460308.67160 20.292 0.123 6.25 414.0
2460308.68497 20.213 0.116 6.32 404.0
2460308.69925 20.478 0.155 6.73 454.0
2460308.72158 20.586 0.188 6.91 462.0
2460309.59463 20.126 0.076 4.88 354.0
2460309.60721 20.077 0.077 5.18 352.0
2460309.62020 19.943 0.085 6.19 374.0
2460309.63280 20.078 0.101 6.06 431.0
2460309.64568 20.073 0.115 6.70 450.0
2460309.65830 19.985 0.101 6.21 452.0
2460309.67162 20.109 0.112 6.51 423.0
2460309.68420 19.785 0.079 6.29 416.0
2460309.69701 20.111 0.121 6.84 417.0
2460309.70960 19.831 0.094 6.63 440.0
2460309.73629 20.220 0.159 7.34 459.0
2460309.76047 20.278 0.153 6.59 515.0
2460309.77680 20.694 0.274 7.45 537.0
2460309.78979 19.852 0.105 6.55 565.0
2460309.80273 20.189 0.135 6.54 537.0
2460309.81539 20.061 0.128 6.66 550.0
2460309.82808 19.964 0.116 6.92 536.0
2460310.57184 20.180 0.089 5.64 327.0
2460310.58442 20.235 0.081 5.17 300.0
2460310.59881 19.987 0.063 5.20 279.0
2460310.61147 20.050 0.068 5.16 299.0
2460310.62429 19.965 0.060 4.88 296.0
2460310.63687 20.090 0.067 4.64 334.0
2460310.65025 20.054 0.074 4.96 368.0
2460310.66287 20.122 0.079 4.77 412.0
2460310.67576 20.049 0.074 4.66 452.0
2460310.68837 20.217 0.082 4.58 444.0
2460310.70123 20.128 0.083 4.68 453.0
2460310.71385 20.108 0.087 4.81 493.0
2460310.72740 20.055 0.092 5.56 475.0
2460310.74001 20.165 0.096 5.02 496.0
2460310.75286 20.144 0.113 5.70 542.0
2460310.76552 20.013 0.088 5.05 553.0
2460310.77839 20.139 0.115 5.69 579.0
2460310.79101 20.105 0.104 5.29 585.0
2460310.80381 20.194 0.123 5.79 579.0
2460310.81640 20.179 0.123 5.96 581.0
2460311.57157 20.649 0.118 5.35 284.0
2460311.58448 20.331 0.084 4.96 305.0
2460311.59740 20.419 0.108 5.56 319.0
2460311.61041 20.304 0.089 5.26 322.0
2460311.62340 20.262 0.089 5.21 344.0
2460311.63639 20.351 0.095 5.07 335.0
2460311.64968 20.218 0.090 5.18 376.0
2460311.66224 20.515 0.118 5.30 366.0
2460311.67548 20.140 0.078 4.93 359.0
2460311.68809 20.269 0.092 4.74 443.0
2460311.70097 20.327 0.100 4.67 475.0
2460311.71351 20.420 0.099 4.50 415.0
2460311.72733 20.345 0.094 4.60 416.0
2460311.73989 20.179 0.082 4.62 418.0
2460311.75266 20.317 0.097 4.55 456.0
2460311.76519 20.041 0.078 4.71 470.0
2460311.77868 20.268 0.108 4.91 543.0
2460311.79414 19.963 0.084 4.97 537.0
2460311.80681 20.015 0.097 5.39 549.0
2460311.81939 20.032 0.103 5.47 573.0
2460312.59791 20.263 0.098 5.43 355.0
2460312.61083 20.311 0.099 5.15 365.0
2460312.62351 20.062 0.080 5.23 371.0
2460312.63609 20.263 0.091 4.94 370.0
2460312.64888 20.110 0.086 5.31 376.0
2460312.66181 20.144 0.081 4.98 348.0
2460312.67509 20.276 0.087 4.78 336.0
2460312.68765 20.336 0.095 5.16 327.0
2460312.70035 20.165 0.081 4.85 346.0
2460312.71293 20.162 0.088 5.21 356.0
2460312.72580 20.094 0.085 5.66 337.0
2460312.73838 20.167 0.094 5.40 360.0
2460312.75155 20.255 0.111 5.94 394.0
2460312.76413 20.307 0.113 5.32 436.0
2460312.77691 20.189 0.112 5.68 468.0
2460312.78954 20.412 0.134 5.52 439.0
2460312.80233 20.238 0.110 5.41 445.0
2460312.81486 20.344 0.124 5.51 464.0
2460313.57239 20.085 0.074 5.07 316.0
2460313.58504 20.052 0.075 5.05 316.0
2460313.59793 20.136 0.077 5.02 313.0
2460313.61054 20.053 0.070 4.99 296.0
2460313.62339 19.996 0.062 4.58 288.0
2460313.63600 20.099 0.068 4.59 299.0
2460313.64962 20.184 0.069 4.22 283.0
2460313.66248 19.998 0.071 5.37 291.0
2460313.67535 20.205 0.082 5.20 288.0
2460313.68789 20.001 0.068 4.83 301.0
2460313.70122 20.146 0.077 4.64 318.0
2460313.71376 20.157 0.082 4.78 353.0
2460313.72690 20.149 0.084 4.83 348.0
2460313.73948 20.103 0.077 4.73 346.0
2460313.75234 20.120 0.084 4.89 348.0
2460313.76529 19.976 0.074 4.86 371.0
2460313.77812 20.103 0.086 5.08 385.0
2460313.79065 19.999 0.077 4.89 401.0
2460313.80337 20.197 0.103 5.33 426.0
2460314.57045 20.174 0.082 4.42 451.0
2460314.58336 20.159 0.084 4.69 460.0
2460314.59617 20.131 0.080 4.64 464.0
2460314.60877 20.020 0.072 4.58 454.0
2460314.62159 20.113 0.077 4.54 462.0
2460314.63462 20.168 0.077 4.19 475.0
2460314.64818 20.216 0.088 4.36 491.0
2460314.66115 20.081 0.080 4.42 490.0
2460314.67404 20.162 0.098 5.17 554.0
2460314.68705 20.223 0.097 4.80 494.0
2460314.69993 20.312 0.111 5.18 453.0
2460314.71253 20.280 0.104 5.22 403.0
2460314.72590 20.045 0.082 4.84 410.0
2460314.73848 20.184 0.088 4.88 366.0
2460314.75128 19.976 0.074 4.90 372.0
2460314.76391 20.006 0.077 4.69 395.0
2460314.77674 20.030 0.085 5.08 404.0
2460314.78939 19.957 0.075 4.98 370.0
2460314.80229 20.033 0.087 5.16 411.0
2460314.81496 20.035 0.083 5.23 413.0
2460315.57089 20.169 0.091 6.05 293.0
2460315.58382 20.178 0.069 4.59 278.0
2460315.59674 20.349 0.086 4.83 274.0
2460315.60935 20.022 0.065 4.94 279.0
2460315.62222 20.118 0.069 4.72 274.0
2460315.63483 20.315 0.080 4.86 268.0
2460315.64830 20.131 0.063 4.38 266.0
2460315.66088 20.340 0.082 4.84 278.0
2460315.67364 20.176 0.072 4.94 277.0
2460315.68646 20.232 0.073 4.77 269.0
2460315.69917 20.216 0.074 4.93 274.0
2460315.71169 20.002 0.062 4.75 281.0
2460315.72803 20.224 0.078 4.85 305.0
2460315.74085 20.143 0.079 4.83 327.0
2460315.75368 20.109 0.076 5.07 325.0
2460315.76654 20.076 0.081 5.38 328.0
2460315.77926 20.241 0.092 5.08 357.0
2460315.79183 19.996 0.074 5.10 344.0
2460315.80454 20.090 0.078 4.92 361.0
2460316.54316 20.209 0.097 5.31 460.0
2460316.55568 20.157 0.083 5.27 349.0
2460316.56851 20.194 0.088 5.34 349.0
2460316.58137 20.108 0.082 5.24 354.0
2460316.59428 20.159 0.081 4.73 364.0
2460316.60689 20.281 0.095 5.12 366.0
2460316.62021 20.136 0.092 5.63 375.0
2460316.63278 20.331 0.110 5.52 391.0
2460316.64553 20.295 0.112 5.70 398.0
2460316.65808 20.314 0.109 5.44 395.0
2460316.67082 20.205 0.091 5.06 374.0
2460316.68341 20.268 0.094 5.05 370.0
2460316.69669 20.301 0.098 5.07 368.0
2460316.70928 20.594 0.117 5.02 339.0
2460316.72220 20.240 0.085 4.88 332.0
2460316.73480 20.237 0.093 5.33 335.0
2460316.74763 20.270 0.098 5.38 346.0
2460316.76024 20.349 0.107 5.31 348.0
2460316.77310 20.536 0.135 5.58 356.0
2460316.78573 20.471 0.139 6.18 363.0
2460316.79846 20.210 0.103 5.81 340.0
2460317.58718 19.938 0.086 6.68 278.0
2460317.60187 19.986 0.071 5.52 271.0
2460317.61461 20.050 0.071 5.31 259.0
2460317.62725 20.061 0.077 5.68 255.0
2460317.63994 20.165 0.102 6.59 260.0
2460317.66069 20.172 0.105 6.79 263.0
2460317.67412 19.931 0.083 6.88 270.0
2460317.68709 20.101 0.084 5.84 278.0
2460317.69996 20.106 0.080 5.87 260.0
2460317.71431 20.149 0.079 5.76 285.0
2460317.72830 20.335 0.116 6.41 287.0
2460317.74092 20.247 0.099 5.65 318.0
2460318.56788 20.183 0.099 5.57 403.0
2460318.58065 20.025 0.089 5.65 414.0
2460318.59338 20.181 0.096 5.29 406.0
2460318.60602 20.210 0.148 7.37 429.0
2460318.62794 20.234 0.123 6.35 408.0
2460318.64069 20.230 0.118 6.31 386.0
2460318.65714 19.976 0.082 5.95 352.0
2460318.66979 20.095 0.083 5.46 360.0
2460318.68281 20.036 0.080 5.55 347.0
2460318.69548 20.245 0.099 5.47 366.0
2460318.70904 20.136 0.095 5.68 413.0
2460318.72168 20.216 0.100 5.41 418.0
2460318.73533 20.087 0.093 5.44 442.0
2460318.74798 19.948 0.086 5.57 474.0
2460318.76096 19.663 0.097 7.27 511.0
2460318.77366 20.257 0.139 6.42 499.0
2460318.78676 20.068 0.107 5.91 486.0
2460318.79949 20.269 0.119 5.41 486.0
2460319.58503 20.316 0.107 5.44 333.0
2460319.59781 20.426 0.125 5.62 349.0
2460319.61071 20.525 0.126 5.09 356.0
2460319.62330 20.318 0.098 4.75 357.0
2460319.63634 20.169 0.092 4.87 384.0
2460319.64906 20.134 0.092 5.23 398.0
2460319.66245 20.371 0.105 4.99 380.0
2460319.67510 20.318 0.109 5.27 396.0
2460319.68812 20.197 0.090 4.82 380.0
2460319.70072 20.029 0.080 4.96 385.0
2460319.71363 20.198 0.103 5.53 411.0
2460319.72624 20.191 0.110 5.72 408.0
2460319.73895 20.190 0.110 5.77 431.0
2460319.75150 20.166 0.154 7.63 437.0
2460319.77368 20.135 0.115 6.11 466.0
2460319.78634 20.094 0.106 5.92 454.0
2460320.61389 20.139 0.081 4.71 405.0
2460320.62642 20.107 0.083 4.82 418.0
2460320.63920 20.115 0.087 4.88 438.0
2460320.65175 20.316 0.117 5.37 457.0
2460320.66471 20.287 0.124 5.90 449.0
2460320.67868 20.307 0.128 5.78 469.0
2460320.69169 20.115 0.099 5.28 461.0
2460320.70580 20.743 0.187 5.81 447.0
2460320.72054 20.435 0.146 6.13 423.0
2460320.73442 20.392 0.145 5.69 517.0
2460320.74772 20.373 0.132 5.42 522.0
2460320.76092 20.311 0.135 5.82 549.0
2460320.77355 20.452 0.134 5.21 528.0
2460320.78612 20.290 0.119 5.40 514.0
2460320.79901 20.126 0.103 5.08 596.0
2460321.58644 20.181 0.094 5.62 349.0
2460321.59900 20.175 0.099 5.89 335.0
2460321.61189 20.045 0.065 4.55 324.0
2460321.62450 19.977 0.065 4.69 338.0
2460321.63911 20.113 0.068 4.50 337.0
2460321.65173 20.045 0.073 4.92 364.0
2460321.66479 19.991 0.067 4.51 377.0
2460321.67740 20.139 0.079 4.76 386.0
2460321.69053 20.289 0.096 4.93 395.0
2460321.70312 20.044 0.090 5.36 420.0
2460321.71600 20.346 0.111 5.20 411.0
2460321.72860 20.036 0.083 5.41 383.0
2460321.74163 20.167 0.091 5.42 376.0
2460321.75421 20.082 0.089 5.48 382.0
2460321.76774 20.024 0.090 6.03 363.0
2460321.78034 20.103 0.095 6.18 339.0
2460321.79316 20.004 0.093 6.21 374.0
2460321.80576 20.246 0.097 5.39 367.0
2460322.57493 20.149 0.078 5.20 270.0
2460322.58758 19.965 0.064 4.77 287.0
2460322.60058 20.125 0.071 4.71 274.0
2460322.61320 20.026 0.076 5.22 309.0
2460322.62603 19.980 0.063 4.52 308.0
2460322.63874 19.988 0.062 4.44 312.0
2460322.65154 20.176 0.086 5.24 324.0
2460322.66419 20.058 0.070 4.59 350.0
2460322.67708 20.077 0.067 4.39 342.0
2460322.68970 20.088 0.069 4.35 359.0
2460322.70287 20.116 0.071 4.31 378.0
2460322.71554 20.038 0.072 4.61 391.0
2460322.72845 20.017 0.080 5.16 387.0
2460322.74112 20.030 0.076 5.11 347.0
2460322.75458 19.995 0.070 5.04 294.0
2460322.76720 20.289 0.093 5.22 272.0
2460322.78023 20.000 0.083 6.26 253.0
2460322.79285 20.151 0.093 6.07 240.0
2460323.58805 20.057 0.083 5.64 340.0
2460323.60068 20.187 0.100 5.73 364.0
2460323.61348 20.132 0.088 5.39 380.0
2460323.62612 20.298 0.082 4.53 365.0
2460323.63914 20.137 0.077 4.71 394.0
2460323.65233 20.229 0.082 4.71 373.0
2460323.66531 20.077 0.082 5.31 363.0
2460323.67805 20.163 0.082 5.05 333.0
2460323.69090 20.157 0.094 5.68 367.0
2460323.70357 19.874 0.092 6.71 379.0
2460323.71648 20.168 0.088 5.02 412.0
2460323.72909 20.068 0.090 5.49 438.0
2460323.74247 20.148 0.089 5.10 436.0
2460323.75504 19.940 0.072 5.02 445.0
2460323.76888 20.139 0.111 5.92 478.0
2460323.78318 20.130 0.104 5.62 507.0
2460324.61489 20.452 0.125 6.20 295.0
2460324.62741 20.639 0.198 7.67 298.0
2460324.64056 20.366 0.108 6.08 296.0
2460324.65314 20.405 0.109 5.60 313.0
2460324.66637 20.276 0.107 5.95 322.0
2460324.67894 20.468 0.134 6.27 337.0
2460324.69167 20.304 0.127 6.72 336.0
2460324.70529 20.639 0.174 6.93 349.0
2460324.71806 20.590 0.173 6.98 364.0
2460324.77228 20.437 0.172 7.45 367.0
2460324.79382 20.214 0.148 7.66 429.0
2460325.58374 20.061 0.070 4.91 346.0
2460325.59633 20.155 0.082 5.31 323.0
2460325.60951 20.201 0.085 5.33 322.0
2460325.62209 20.081 0.071 5.01 327.0
2460325.63504 20.140 0.075 5.07 322.0
2460325.64761 20.058 0.071 5.05 318.0
2460325.66543 20.332 0.081 4.73 298.0
2460325.67798 20.130 0.081 5.31 328.0
2460325.69128 20.232 0.087 5.46 300.0
2460325.70385 20.108 0.067 4.94 291.0
2460325.71868 20.060 0.072 4.87 331.0
2460325.73126 20.016 0.098 6.55 370.0
2460325.74400 20.116 0.101 5.97 376.0
2460325.76128 20.057 0.098 6.19 382.0
2460325.77409 20.030 0.099 6.21 382.0
2460325.78775 20.463 0.145 6.01 439.0
2460326.60929 20.047 0.074 4.95 340.0
2460326.62231 20.083 0.082 5.16 349.0
2460326.63536 20.117 0.078 4.95 330.0
2460326.64801 20.058 0.078 5.42 303.0
2460326.66101 20.070 0.073 5.34 274.0
2460326.67355 20.027 0.076 5.55 309.0
2460326.68624 20.046 0.070 5.05 283.0
2460326.69891 19.934 0.070 5.40 310.0
2460326.71175 20.079 0.081 5.31 330.0
2460326.72431 20.001 0.087 5.88 364.0
2460326.73716 20.173 0.103 5.80 369.0
2460326.74978 19.961 0.089 6.01 377.0
2460326.76278 19.977 0.094 5.94 420.0
2460326.77543 20.078 0.108 6.27 417.0
2460327.58541 20.335 0.125 6.55 330.0
2460327.59921 20.139 0.088 5.54 328.0
2460327.62473 20.379 0.114 5.50 365.0
2460327.63744 20.204 0.097 5.48 357.0
2460327.65022 19.880 0.079 5.68 382.0
2460327.66282 20.122 0.112 6.25 433.0
2460327.67572 20.136 0.110 6.49 371.0
2460327.68839 20.181 0.096 5.66 335.0
2460327.70125 20.164 0.091 5.69 303.0
2460327.71392 20.311 0.100 5.83 280.0
2460327.72727 20.111 0.084 5.70 285.0
2460327.75455 20.043 0.077 5.23 336.0
2460327.78120 20.313 0.103 5.25 358.0
2460327.79382 20.041 0.082 5.59 342.0
2460328.59587 20.091 0.094 5.73 374.0
2460328.60853 19.902 0.079 5.77 365.0
2460328.62141 20.192 0.083 4.75 365.0
2460328.63407 20.297 0.090 4.83 351.0
2460328.68229 20.401 0.118 5.77 358.0
2460328.69500 20.196 0.087 5.54 325.0
2460328.70789 20.126 0.086 5.86 303.0
2460328.72061 20.367 0.118 6.34 297.0
2460328.73875 20.396 0.110 5.75 302.0
2460328.75265 20.205 0.098 6.10 282.0
2460328.76552 20.164 0.105 6.72 308.0
2460328.77820 20.545 0.152 6.48 334.0
2460329.61609 20.066 0.091 5.58 402.0
2460329.62875 20.107 0.081 4.68 399.0
2460329.64160 19.896 0.079 5.57 404.0
2460329.65417 19.872 0.069 4.98 396.0
2460329.66713 20.204 0.111 5.96 388.0
2460329.67969 20.462 0.120 5.15 374.0
2460329.69257 19.867 0.066 4.99 381.0
2460329.70772 20.394 0.107 4.79 396.0
2460329.72321 20.302 0.108 5.44 386.0
2460329.73586 20.010 0.079 5.42 349.0
2460329.74899 20.382 0.108 5.49 333.0
2460329.76152 20.099 0.085 5.33 377.0
2460329.77433 20.148 0.089 5.44 373.0
2460329.78695 20.231 0.105 6.00 374.0
2460330.58446 19.896 0.065 4.33 438.0
2460330.59705 20.166 0.082 4.27 446.0
2460330.61029 20.152 0.097 5.15 469.0
2460330.62767 20.163 0.145 6.98 484.0
2460330.64066 20.080 0.108 5.92 493.0
2460330.65324 19.887 0.081 5.28 497.0
2460330.66626 20.072 0.097 5.49 495.0
2460330.67885 19.827 0.095 6.32 515.0
2460330.69193 20.356 0.137 5.61 523.0
2460330.70455 19.872 0.076 4.97 528.0
2460330.71782 20.013 0.087 5.16 505.0
2460330.73042 19.787 0.073 5.41 481.0
2460330.74316 20.113 0.097 5.35 469.0
2460330.75573 20.086 0.090 5.40 418.0
2460330.76868 20.009 0.083 5.62 369.0
2460331.57105 20.097 0.089 4.95 444.0
2460331.58364 20.182 0.087 4.40 439.0
2460331.59655 20.233 0.095 4.53 453.0
2460331.60915 20.379 0.115 4.87 463.0
2460331.62208 20.108 0.081 4.16 476.0
2460331.63522 20.079 0.086 4.44 492.0
2460331.64847 20.297 0.125 5.59 516.0
2460331.66106 20.053 0.092 5.11 505.0
2460331.67392 20.258 0.103 4.88 493.0
2460331.68650 20.003 0.085 5.22 487.0
2460331.69949 20.265 0.099 4.85 454.0
2460331.71214 20.254 0.102 5.00 479.0
2460331.72502 20.068 0.092 5.23 476.0
2460331.73772 20.058 0.086 4.96 452.0
2460331.75054 20.017 0.084 5.25 437.0
2460331.76320 20.303 0.124 6.06 420.0
2460332.60637 20.225 0.087 4.28 503.0
2460332.61900 20.421 0.108 4.54 509.0
2460332.63645 20.388 0.107 4.59 512.0
2460332.64906 20.332 0.096 4.40 520.0
2460332.66205 20.721 0.146 4.77 541.0
2460332.67630 20.499 0.118 4.48 538.0
2460332.68935 20.568 0.119 4.33 542.0
2460332.70197 20.554 0.124 4.45 580.0
2460332.71490 20.438 0.124 4.87 576.0
2460332.72761 20.073 0.093 5.02 589.0
2460332.74043 20.375 0.113 4.61 596.0
2460332.75314 20.176 0.114 5.45 610.0
2460333.57966 20.202 0.108 5.02 511.0
2460333.59234 20.093 0.090 4.65 509.0
2460333.60536 20.059 0.090 4.93 523.0
2460333.61798 20.042 0.087 4.89 522.0
2460333.63240 20.059 0.086 4.73 536.0
2460333.64512 20.178 0.105 5.08 543.0
2460333.67212 20.004 0.088 4.98 586.0
2460333.68714 20.193 0.102 4.64 593.0
2460333.70033 20.306 0.123 5.17 604.0
2460333.71291 20.226 0.118 4.77 631.0
2460333.72575 20.364 0.131 4.92 654.0
2460333.73837 20.260 0.126 4.99 681.0
2460333.75247 19.981 0.101 5.05 701.0
2460334.57355 19.957 0.097 5.61 605.0
2460334.58620 20.038 0.099 5.23 622.0
2460334.59915 19.880 0.087 5.01 643.0
2460334.61169 20.114 0.095 4.46 650.0
2460334.62812 20.203 0.109 4.69 662.0
2460334.64067 20.081 0.100 4.96 681.0
2460334.65412 20.112 0.112 5.07 694.0
2460334.66667 19.842 0.091 5.40 695.0
2460334.67951 20.211 0.115 4.76 719.0
2460334.69208 20.110 0.104 4.83 721.0
2460334.70479 20.125 0.111 4.95 745.0
2460334.71744 19.941 0.094 4.76 780.0
2460334.73032 19.978 0.105 5.14 826.0
2460334.74292 20.190 0.146 5.88 849.0
2460335.56224 20.514 0.163 5.54 594.0
2460335.57479 20.334 0.128 4.86 616.0
2460335.58752 19.980 0.096 5.02 633.0
2460335.60011 20.425 0.133 4.66 644.0
2460335.61295 20.191 0.118 5.13 644.0
2460335.62559 20.042 0.104 5.32 640.0
2460335.63846 20.243 0.133 5.58 653.0
2460335.65113 20.260 0.124 5.10 664.0
2460335.66415 20.127 0.104 4.86 675.0
2460335.67670 20.234 0.123 4.98 698.0
2460335.68949 19.994 0.101 5.17 699.0
2460335.70206 20.053 0.118 5.60 728.0
2460335.71498 20.043 0.111 5.25 739.0
2460335.72759 19.902 0.099 5.48 773.0
2460335.74039 20.131 0.124 5.32 783.0
2460335.75294 20.123 0.123 5.25 815.0
2460336.58534 20.070 0.113 5.55 613.0
2460336.59796 20.132 0.129 5.87 611.0
2460336.61121 20.265 0.128 5.52 612.0
2460336.62391 20.608 0.172 5.24 623.0
2460336.63665 20.562 0.155 4.95 624.0
2460336.64923 20.563 0.178 5.61 654.0
2460336.66224 20.347 0.121 4.57 678.0
2460336.67477 20.253 0.138 5.41 718.0
2460336.68757 20.203 0.117 4.79 730.0
2460336.70021 20.327 0.141 5.05 762.0
2460336.71619 20.282 0.127 4.66 780.0
2460336.72892 20.288 0.154 5.56 798.0
2460336.74244 20.167 0.141 5.52 820.0
2460336.75506 20.400 0.174 5.46 881.0
2460337.55790 20.124 0.097 5.82 355.0
2460337.57054 20.216 0.097 5.19 411.0
2460337.61459 19.994 0.075 4.53 487.0
2460337.63047 19.921 0.075 4.60 502.0
2460337.64836 20.065 0.093 5.01 529.0
2460337.66097 20.188 0.107 4.95 557.0
2460337.67372 20.019 0.096 5.11 576.0
2460337.68689 20.255 0.113 4.68 592.0
2460337.69963 20.321 0.123 4.76 622.0
2460337.71238 20.115 0.106 5.00 645.0
2460337.72529 20.403 0.141 5.20 650.0
2460337.73801 20.006 0.108 5.55 676.0
2460338.55888 19.936 0.068 5.15 356.0
2460338.57155 20.114 0.075 4.60 383.0
2460338.58438 20.200 0.082 4.31 444.0
2460338.59699 20.189 0.084 4.31 486.0
2460338.60983 20.101 0.077 4.12 511.0
2460338.62258 19.876 0.068 4.69 524.0
2460338.63550 20.217 0.093 4.70 506.0
2460338.64822 19.938 0.071 4.50 523.0
2460338.66116 20.290 0.101 4.60 560.0
2460338.67377 20.145 0.087 4.22 571.0
2460338.68715 19.963 0.075 4.31 553.0
2460338.69973 20.204 0.090 4.10 571.0
2460338.71287 20.080 0.088 4.53 581.0
2460338.72549 20.172 0.099 4.69 639.0
2460339.53837 20.363 0.124 5.83 359.0
2460339.55096 19.933 0.071 5.17 327.0
2460339.56383 20.085 0.085 5.22 348.0
2460339.57641 20.538 0.116 4.82 348.0
2460339.58930 20.132 0.090 5.26 381.0
2460339.60186 20.128 0.097 5.49 424.0
2460339.61471 20.115 0.086 4.79 469.0
2460339.62728 20.312 0.118 5.41 471.0
2460339.64033 20.061 0.097 5.64 476.0
2460339.65289 20.295 0.163 7.13 489.0
2460340.56161 20.323 0.122 6.39 335.0
2460340.57429 20.524 0.149 6.64 300.0
2460340.58715 20.472 0.139 6.71 269.0
2460340.59978 20.673 0.180 7.03 275.0
2460340.61265 20.579 0.150 6.35 328.0
2460340.62523 20.250 0.146 7.22 391.0
2460340.63819 20.471 0.147 6.24 418.0
2460340.65085 20.230 0.136 6.70 478.0
2460340.66380 20.038 0.108 6.18 479.0
2460340.67644 20.074 0.115 6.65 475.0
2460340.68957 20.248 0.146 6.86 464.0
2460340.70224 20.383 0.161 6.84 462.0
2460341.57300 20.238 0.081 4.91 326.0
2460341.58562 20.383 0.101 5.41 321.0
2460341.59841 20.336 0.116 6.25 325.0
2460341.61098 20.125 0.088 5.84 332.0
2460341.62411 20.109 0.102 6.12 385.0
2460341.63668 20.332 0.134 6.50 423.0
2460341.64959 20.048 0.115 6.80 414.0
2460341.66215 20.055 0.109 6.30 417.0
2460341.67545 20.151 0.099 5.77 402.0
2460341.68806 20.114 0.114 6.33 402.0
2460341.70126 20.546 0.202 7.39 414.0
2460342.59459 20.069 0.071 5.49 265.0
2460342.60722 20.070 0.069 5.63 246.0
2460342.62028 20.079 0.060 4.92 257.0
2460342.64050 19.963 0.059 4.93 299.0
2460342.65306 20.085 0.073 4.93 334.0
2460342.66637 20.142 0.072 4.64 352.0
2460342.67894 20.296 0.095 5.30 346.0
2460342.69198 20.079 0.069 4.55 370.0
2460342.70466 20.097 0.071 4.75 370.0
2460342.71779 20.094 0.073 4.63 389.0
2460342.73046 20.425 0.108 5.21 407.0
2460342.74314 20.068 0.105 6.28 414.0
2460342.75573 20.152 0.083 4.90 416.0
2460343.56739 20.174 0.108 6.01 381.0
2460343.57999 20.242 0.096 5.37 357.0
2460343.59300 20.344 0.108 5.94 324.0
2460343.60559 20.273 0.122 7.10 314.0
2460343.61846 20.142 0.102 6.79 301.0
2460343.63411 20.228 0.118 6.87 323.0
2460343.64726 20.348 0.149 7.37 347.0
2460343.66128 20.005 0.088 6.11 354.0
2460343.67424 20.048 0.097 5.92 395.0
2460343.68690 19.888 0.096 6.46 431.0
2460344.56777 20.651 0.155 6.39 284.0
2460344.58037 20.249 0.111 6.42 279.0
2460344.59631 20.382 0.118 6.49 270.0
2460345.55346 20.217 0.075 4.26 383.0
2460345.56644 20.009 0.079 5.29 375.0
2460345.57945 20.310 0.104 5.61 398.0
2460345.59303 19.946 0.085 5.85 387.0
2460345.60608 20.152 0.102 5.86 393.0
2460345.61917 20.148 0.094 5.43 404.0
2460345.64801 20.182 0.108 5.64 452.0
2460346.56495 20.288 0.098 5.20 347.0
2460346.57787 19.982 0.071 5.27 332.0
2460346.59091 20.011 0.089 6.30 342.0
2460346.60354 19.921 0.074 5.91 317.0
2460346.61668 19.919 0.068 5.60 301.0
2460346.62959 19.927 0.069 5.44 325.0
2460346.64253 20.150 0.108 6.57 339.0
2460346.65510 20.137 0.082 5.30 328.0
2460347.53569 20.310 0.119 6.31 339.0
2460347.54854 19.978 0.094 6.63 308.0
2460347.56553 20.245 0.090 5.50 290.0
2460347.57808 20.185 0.079 5.21 293.0
2460347.61571 19.929 0.068 5.72 265.0
2460347.63216 20.121 0.088 6.10 284.0
2460347.64584 19.938 0.067 5.33 319.0
2460347.65844 20.186 0.089 5.55 345.0
2460347.67133 20.052 0.075 5.22 362.0
2460347.68471 20.019 0.085 5.60 391.0
2460347.69773 20.279 0.090 4.77 374.0
2460347.71031 20.421 0.116 5.26 374.0
2460347.72304 20.141 0.086 5.10 371.0
2460347.73568 19.945 0.071 5.28 352.0
2460349.56849 20.087 0.065 4.47 307.0
2460349.58206 20.214 0.083 5.29 311.0
2460349.59603 20.267 0.083 5.02 306.0
2460349.60941 20.130 0.071 5.01 296.0
2460349.63842 20.403 0.091 4.92 314.0
2460349.65098 20.135 0.079 5.28 327.0
2460349.66397 20.161 0.080 4.98 338.0
2460349.67657 20.319 0.087 4.79 320.0
2460349.69201 20.081 0.072 5.24 313.0
2460349.70457 20.182 0.102 6.36 312.0
2460349.71754 19.965 0.074 5.70 316.0
2460349.73011 20.281 0.102 5.74 342.0
2460351.52573 20.009 0.073 4.77 410.0
2460351.53832 20.173 0.072 4.75 292.0
2460351.55143 20.294 0.083 4.85 297.0
2460351.56398 20.075 0.059 4.38 285.0
2460351.57700 20.092 0.060 4.66 268.0
2460351.58957 20.134 0.062 4.65 259.0
2460351.62092 20.020 0.054 4.41 259.0
2460351.63348 20.194 0.061 4.44 252.0
2460351.64625 20.254 0.071 4.82 264.0
2460351.65884 20.169 0.059 4.26 285.0
2460351.67194 19.993 0.051 4.08 312.0
2460351.68451 20.139 0.060 4.08 335.0
2460351.69756 20.153 0.069 4.34 361.0
2460351.71010 20.062 0.066 4.52 376.0
2460351.72300 20.178 0.072 4.28 388.0
2460351.73561 19.951 0.069 4.84 410.0
2460352.55977 20.387 0.080 4.48 295.0
2460352.57336 20.427 0.091 5.12 266.0
2460352.58633 20.194 0.081 5.63 260.0
2460352.59914 20.306 0.082 5.20 266.0
2460352.61194 20.320 0.078 5.03 266.0
2460352.62458 20.431 0.081 4.73 269.0
2460352.63741 20.394 0.091 5.11 298.0
2460352.65006 20.287 0.077 4.79 301.0
2460352.66283 20.395 0.086 4.89 293.0
2460352.67602 20.346 0.082 4.66 319.0
2460352.68890 20.322 0.077 4.62 304.0
2460352.70153 20.398 0.087 4.75 312.0
2460353.52263 20.037 0.106 5.09 792.0
2460353.53555 20.289 0.092 5.22 336.0
2460353.54846 20.122 0.078 5.56 279.0
2460353.56115 20.048 0.079 6.15 260.0
2460353.57425 20.195 0.089 6.18 271.0
2460353.58686 20.103 0.083 6.38 257.0
2460353.61742 20.111 0.088 6.00 304.0
2460353.63005 20.186 0.092 5.50 327.0
2460353.64304 20.181 0.093 5.82 327.0
2460353.65560 20.061 0.096 6.28 349.0
2460353.66866 20.125 0.095 5.93 365.0
2460353.68218 20.196 0.106 6.00 377.0
2460354.52113 20.052 0.092 4.58 606.0
2460354.53367 19.940 0.061 4.54 335.0
2460354.54674 20.121 0.078 5.23 318.0
2460354.56027 20.010 0.065 4.72 324.0
2460354.58066 20.061 0.087 5.72 337.0
2460354.59514 20.119 0.083 5.36 322.0
2460354.60813 20.202 0.083 5.16 297.0
2460354.62106 20.101 0.078 5.43 295.0
2460354.63421 20.186 0.095 6.11 303.0
2460354.64708 19.900 0.071 5.57 309.0
2460354.66022 20.178 0.089 5.69 309.0
2460354.67286 20.037 0.071 4.92 306.0
2460354.68586 19.961 0.063 4.81 305.0
2460354.69841 19.973 0.065 4.90 320.0
2460354.71348 19.977 0.071 5.24 357.0
2460354.72613 20.127 0.100 6.03 406.0
2460355.51920 20.111 0.105 4.49 879.0
2460355.53178 20.130 0.072 4.44 390.0
2460355.54480 20.212 0.074 4.63 343.0
2460355.56206 20.137 0.071 4.70 337.0
2460355.57537 20.171 0.071 4.47 330.0
2460355.59129 20.079 0.069 4.53 359.0
2460355.60487 20.072 0.071 4.57 370.0
2460355.61754 20.034 0.073 4.87 367.0
2460355.64551 20.102 0.078 4.87 386.0
2460355.65818 20.250 0.086 4.68 397.0
2460355.67103 20.095 0.075 4.61 396.0
2460355.68372 20.054 0.073 4.69 395.0
2460355.69656 20.023 0.064 4.32 379.0
2460355.70921 20.099 0.072 4.77 350.0
2460355.72218 19.972 0.078 5.64 356.0
2460355.73476 20.033 0.080 5.20 386.0
2460356.52237 20.562 0.241 5.64 1220.0
2460356.53504 20.529 0.132 5.55 415.0
2460356.54786 20.171 0.094 5.37 464.0
2460356.56086 20.563 0.122 4.94 456.0
2460356.57382 20.275 0.093 5.15 379.0
2460356.58655 20.187 0.080 5.14 322.0
2460356.60406 20.373 0.109 5.95 331.0
2460356.61677 20.471 0.109 5.19 350.0
2460356.62965 20.447 0.133 6.29 331.0
2460356.64231 20.431 0.107 5.45 328.0
2460356.65555 20.336 0.099 5.44 323.0
2460356.66828 20.347 0.094 5.03 314.0
2460356.68118 20.423 0.101 5.14 313.0
2460356.69374 20.395 0.099 5.24 322.0
2460356.70889 20.203 0.095 5.78 338.0
2460356.72163 20.156 0.085 5.36 332.0
2460357.52065 20.262 0.159 5.51 935.0
2460357.53328 20.044 0.099 6.46 397.0
2460357.54642 20.186 0.086 5.15 385.0
2460357.55956 20.292 0.114 6.17 359.0
2460357.57256 20.307 0.116 6.23 364.0
2460357.58529 20.136 0.083 5.29 361.0
2460357.61452 20.273 0.091 5.12 383.0
2460357.62716 20.057 0.076 5.02 364.0
2460357.64042 20.310 0.092 4.85 400.0
2460357.65305 20.158 0.074 4.53 390.0
2460357.66604 20.090 0.071 4.50 379.0
2460357.67874 20.169 0.083 4.89 377.0
2460357.69175 20.153 0.077 4.77 357.0
2460357.70452 20.149 0.090 5.25 379.0
2460357.71753 19.900 0.099 6.72 393.0
2460357.73246 20.062 0.117 6.81 383.0
2460358.51950 19.891 0.103 4.92 1080.0
2460358.53217 20.052 0.079 4.82 488.0
2460358.54502 20.236 0.099 5.23 448.0
2460358.55764 20.003 0.078 5.34 421.0
2460358.57309 20.029 0.082 5.51 416.0
2460358.58578 20.062 0.081 5.15 411.0
2460358.59865 20.010 0.077 5.22 410.0
2460358.61117 20.113 0.080 4.90 402.0
2460358.62407 19.952 0.078 5.55 393.0
2460358.63734 20.108 0.074 4.76 376.0
2460358.65024 20.044 0.072 4.85 368.0
2460358.66281 19.962 0.066 4.74 365.0
2460358.67587 20.106 0.086 5.34 376.0
2460358.68842 19.991 0.077 5.54 357.0
2460359.65047 19.998 0.101 6.28 440.0
2460359.66548 19.964 0.097 5.93 426.0
2460359.67835 19.941 0.095 5.90 431.0
2460359.69101 20.272 0.110 5.14 456.0
2460360.51890 20.477 0.151 4.92 594.0
2460360.53148 20.288 0.112 5.15 433.0
2460360.54449 20.390 0.141 5.88 430.0
2460360.55707 20.730 0.183 5.66 415.0
2460360.58338 20.415 0.146 5.86 450.0
2460360.59973 20.424 0.140 5.70 441.0
2460360.61297 20.212 0.121 6.14 439.0
2460360.62581 20.526 0.152 5.91 430.0
2460360.63864 20.126 0.115 6.31 437.0
2460360.65118 20.636 0.194 6.36 456.0
2460360.66399 20.234 0.120 5.31 587.0
2460360.67730 20.226 0.131 4.87 792.0
2460361.52246 19.996 0.146 5.31 1220.0
2460361.53503 20.216 0.135 5.92 529.0
2460361.54781 20.590 0.234 5.13 1149.0
2460361.56194 20.531 0.131 4.28 588.0
2460361.57503 19.982 0.089 4.52 644.0
2460361.58759 20.527 0.156 4.94 624.0
2460361.60066 20.191 0.104 4.57 593.0
2460361.61318 20.465 0.161 4.44 947.0
2460361.62641 20.033 0.126 5.37 871.0
2460362.56170 20.099 0.161 7.23 569.0
2460362.57779 20.245 0.181 7.02 601.0
2460362.59309 20.120 0.161 6.91 612.0
2460362.61021 20.160 0.179 7.41 602.0
2460362.62307 20.179 0.188 7.33 635.0
2460362.64736 20.245 0.169 6.66 647.0
2460362.66021 19.912 0.144 7.37 636.0
2460362.67286 20.061 0.165 7.50 663.0
2460364.53183 20.459 0.209 7.06 581.0
2460364.58260 20.675 0.186 5.54 581.0
2460364.59549 20.495 0.191 6.46 607.0
2460364.60819 20.188 0.137 6.13 614.0
2460364.62119 20.528 0.206 6.62 643.0
2460364.63371 20.756 0.271 6.86 672.0
2460365.53082 20.043 0.125 6.41 583.0
2460365.54339 20.284 0.130 5.47 589.0
2460365.55619 20.506 0.167 5.76 585.0
2460365.56876 20.525 0.204 6.56 605.0
2460365.58155 20.244 0.149 6.26 627.0
2460365.59409 20.018 0.114 5.86 629.0
2460365.62677 20.161 0.118 5.21 677.0
2460365.63935 20.110 0.115 5.39 700.0
2460365.65221 20.234 0.126 4.90 804.0
2460365.66480 20.168 0.149 6.21 764.0
2460366.51698 20.396 0.188 6.63 602.0
2460366.52964 19.944 0.133 7.13 589.0
2460366.54700 20.061 0.172 6.63 1002.0
2460366.61544 20.183 0.137 6.14 622.0
2460366.62824 19.972 0.112 5.84 674.0
2460366.64087 19.842 0.113 6.57 655.0
2460366.65370 20.219 0.151 6.25 656.0
2460366.66627 20.159 0.138 6.05 718.0
2460366.67968 20.234 0.160 6.31 764.0
2460366.69233 19.763 0.120 6.76 838.0
2460367.51471 20.444 0.267 8.14 587.0
2460367.56751 20.042 0.148 7.18 490.0
2460367.58023 20.079 0.157 7.23 523.0
2460367.60487 20.274 0.158 6.26 526.0
2460367.61758 19.898 0.127 6.69 543.0
2460367.63053 20.055 0.119 5.70 551.0
2460367.64312 20.386 0.189 6.62 557.0
2460367.65710 19.834 0.103 5.90 564.0
2460367.66976 20.042 0.128 6.08 581.0
2460367.68262 20.233 0.150 6.04 612.0
2460367.69515 20.474 0.243 7.37 639.0
2460368.50867 20.249 0.261 5.48 1845.0
2460368.52127 20.616 0.161 5.99 386.0
2460368.53422 20.077 0.110 6.55 363.0
2460368.54687 20.234 0.122 6.28 406.0
2460368.55992 20.274 0.126 6.11 438.0
2460368.57264 20.175 0.108 5.60 463.0
2460368.58578 20.679 0.228 6.92 465.0
2460368.59850 20.231 0.155 7.16 464.0
2460368.63144 19.957 0.107 6.50 486.0
2460368.64447 20.232 0.129 6.11 492.0
2460368.65704 20.159 0.134 6.30 527.0
2460368.67031 20.139 0.149 6.75 569.0
2460369.50989 20.110 0.157 5.60 1105.0
2460369.52264 20.275 0.091 4.96 330.0
2460369.55188 20.066 0.077 5.15 324.0
2460369.56467 20.406 0.107 5.08 371.0
2460369.57764 20.398 0.114 5.16 390.0
2460369.59027 20.284 0.099 4.76 410.0
2460369.60308 20.224 0.098 5.10 411.0
2460369.61575 20.365 0.116 5.56 407.0
2460369.62863 20.170 0.097 5.23 431.0
2460369.64126 20.475 0.130 5.00 437.0
2460369.65426 20.175 0.099 5.12 430.0
2460369.66684 20.302 0.116 5.52 446.0
2460370.50836 20.095 0.147 6.46 806.0
2460370.52274 20.126 0.091 5.21 374.0
2460370.53567 20.201 0.091 5.11 354.0
2460370.54822 19.970 0.080 5.47 364.0
2460370.56111 20.058 0.089 5.65 363.0
2460370.57425 20.120 0.091 5.60 373.0
2460370.58994 20.075 0.095 5.90 410.0
2460370.60251 20.075 0.098 5.81 451.0
2460370.61538 20.064 0.094 5.63 436.0
2460370.62798 19.893 0.088 5.90 444.0
2460370.64083 19.937 0.119 7.51 442.0
2460370.65344 19.958 0.088 5.98 441.0
2460370.66631 20.127 0.107 5.65 505.0
2460370.67888 19.970 0.091 5.64 518.0
2460371.50593 20.286 0.207 5.26 1615.0
2460371.52551 20.182 0.106 5.87 374.0
2460371.53853 20.270 0.132 6.97 357.0
2460371.55110 20.260 0.112 6.31 341.0
2460371.57467 20.235 0.101 5.53 339.0
2460371.59976 20.149 0.086 5.10 339.0
2460371.61234 20.106 0.091 5.82 384.0
2460371.62535 20.138 0.091 5.49 390.0
2460371.63797 19.948 0.077 5.06 405.0
2460371.65083 19.969 0.091 5.58 438.0
2460371.66345 19.805 0.076 5.49 471.0
2460372.52123 20.524 0.110 4.68 347.0
2460372.53407 20.527 0.119 5.28 344.0
2460372.54679 20.259 0.101 5.49 342.0
2460372.56244 20.563 0.147 6.21 333.0
2460372.57510 20.402 0.108 5.25 326.0
2460372.58792 20.510 0.131 5.63 317.0
2460372.60055 20.177 0.089 5.15 322.0
2460372.61328 20.200 0.090 5.23 328.0
2460372.62598 20.138 0.080 4.77 351.0
2460372.63884 20.343 0.100 4.96 358.0
2460372.65142 20.351 0.105 4.83 405.0
2460373.64574 20.151 0.074 4.41 398.0
2460373.65842 20.055 0.069 4.45 419.0
2460374.50720 19.914 0.135 6.05 915.0
2460374.51978 20.014 0.102 6.31 391.0
2460374.53277 20.016 0.103 6.49 366.0
2460374.54532 20.016 0.108 7.02 365.0
2460374.55827 20.148 0.108 6.27 348.0
2460374.57085 19.918 0.089 6.05 347.0
2460374.58392 20.095 0.112 6.74 349.0
2460374.59653 20.020 0.092 6.03 362.0
2460374.63426 20.194 0.099 5.08 423.0
2460374.64690 19.911 0.080 5.23 443.0
2460374.66048 19.824 0.080 5.32 536.0
2460374.67386 19.957 0.088 5.37 500.0
2460375.55571 20.039 0.097 6.19 354.0
2460375.56840 20.250 0.111 5.51 368.0
2460375.58896 20.173 0.110 5.81 395.0
2460375.60164 20.268 0.119 5.59 411.0
2460375.62518 19.976 0.087 5.35 429.0
2460375.63775 19.877 0.089 5.85 455.0
2460375.65074 20.209 0.110 5.05 454.0
2460375.66345 19.979 0.103 5.97 470.0
2460375.67641 20.022 0.098 5.49 483.0
2460375.68905 19.991 0.095 5.50 522.0
2460376.51123 20.367 0.153 6.55 427.0
2460376.52380 20.214 0.114 6.07 349.0
2460376.53751 20.282 0.111 5.49 356.0
2460376.55048 20.314 0.113 5.56 359.0
2460376.56349 20.400 0.123 5.56 363.0
2460376.57611 20.161 0.096 5.39 368.0
2460376.58897 20.037 0.097 5.95 395.0
2460376.60156 20.242 0.099 5.28 394.0
2460376.61439 20.016 0.082 5.23 405.0
2460376.62699 20.427 0.127 5.72 408.0
2460376.63979 20.180 0.109 5.78 436.0
2460377.50177 20.129 0.203 5.49 1788.0
2460377.51444 19.978 0.094 5.41 493.0
2460377.52737 20.080 0.099 5.34 458.0
2460377.54010 20.226 0.106 5.32 431.0
2460377.55297 20.148 0.115 5.98 454.0
2460377.56568 20.224 0.114 5.57 462.0
2460377.57859 20.102 0.103 5.55 455.0
2460377.59129 20.146 0.106 5.59 443.0
2460377.60420 20.268 0.116 5.64 420.0
2460377.61695 20.029 0.088 5.18 428.0
2460377.63003 20.197 0.103 5.45 435.0
2460377.64277 20.247 0.131 6.23 468.0
2460377.65585 20.443 0.138 5.52 494.0
2460377.66846 20.301 0.126 5.64 544.0
2460378.50200 19.747 0.124 5.72 1398.0
2460378.51466 20.454 0.140 5.92 450.0
2460378.52829 20.298 0.114 5.51 429.0
2460378.54091 20.174 0.098 5.65 413.0
2460378.57023 20.082 0.084 5.18 405.0
2460378.58282 20.064 0.088 5.54 393.0
2460378.59567 20.171 0.105 5.95 396.0
2460378.60828 20.049 0.103 6.32 397.0
2460378.62108 20.081 0.099 6.16 386.0
2460378.63358 19.942 0.105 7.01 389.0
2460378.64644 19.910 0.085 6.39 366.0
2460378.65907 19.981 0.087 5.96 378.0
2460379.50334 20.301 0.132 5.37 633.0
2460379.51645 20.274 0.103 5.33 415.0
2460379.52965 20.126 0.093 5.64 375.0
2460379.54227 20.103 0.094 5.60 394.0
2460379.56168 20.015 0.087 5.75 380.0
2460379.57429 20.240 0.093 5.03 372.0
2460379.59770 20.194 0.114 6.40 329.0
2460379.61027 20.077 0.090 5.97 304.0
2460379.62322 20.463 0.132 6.54 255.0
2460380.50146 20.310 0.174 5.33 935.0
2460380.51403 20.272 0.113 5.48 378.0
2460380.52705 20.333 0.121 5.73 371.0
2460380.53962 20.404 0.118 5.38 372.0
2460380.55296 20.378 0.126 5.49 382.0
2460380.56557 20.164 0.110 5.97 382.0
2460380.57848 20.765 0.185 5.78 390.0
2460380.59113 20.500 0.154 5.86 399.0
2460380.60398 20.145 0.112 6.07 399.0
2460380.61662 20.130 0.109 5.99 413.0
2460380.62951 20.142 0.115 6.18 418.0
2460380.64222 20.041 0.098 6.03 406.0
2460380.65510 20.167 0.116 6.40 416.0
2460380.66771 20.331 0.124 6.04 418.0
2460381.50015 20.701 0.273 5.25 1305.0
2460381.51282 20.212 0.103 5.02 441.0
2460381.52576 20.165 0.099 5.26 428.0
2460381.53842 20.164 0.096 5.19 416.0
2460381.55137 20.292 0.105 5.18 413.0
2460381.56706 20.196 0.090 4.99 401.0
2460381.58000 20.161 0.083 4.56 400.0
2460381.59268 20.235 0.093 4.99 397.0
2460381.60561 20.130 0.090 5.29 399.0
2460381.61823 20.223 0.081 4.55 383.0
2460381.63113 20.135 0.083 4.77 402.0
2460381.64385 20.315 0.127 6.16 419.0
2460382.50125 19.980 0.123 5.69 852.0
2460382.51397 20.249 0.105 5.80 376.0
2460382.52697 20.057 0.088 5.87 354.0
2460382.53960 20.093 0.085 5.41 361.0
2460382.55258 20.019 0.080 5.43 350.0
2460382.56521 19.954 0.080 5.62 367.0
2460382.59155 19.975 0.084 5.97 361.0
2460382.60425 20.016 0.074 5.11 359.0
2460382.61713 20.272 0.100 5.27 384.0
2460382.62981 20.027 0.074 4.92 386.0
2460382.64282 20.098 0.084 5.01 418.0
2460382.65555 19.977 0.084 5.23 438.0
2460383.49889 20.107 0.181 6.00 1287.0
2460383.52692 20.045 0.097 5.65 465.0
2460383.54837 19.873 0.109 6.86 457.0
2460383.56105 19.915 0.089 5.96 435.0
2460383.57392 20.161 0.120 6.42 423.0
2460383.58658 20.199 0.100 5.42 419.0
2460383.59944 19.997 0.101 6.28 425.0
2460383.61201 20.028 0.088 5.54 395.0
2460383.63524 20.101 0.107 5.98 442.0
2460383.64784 20.051 0.097 5.95 446.0
2460384.49568 20.258 0.169 4.44 1804.0
2460384.50875 20.323 0.103 4.96 440.0
2460384.52294 20.085 0.077 4.90 400.0
2460384.53550 20.402 0.117 5.42 414.0
2460384.55893 20.314 0.107 5.34 437.0
2460384.57149 20.312 0.108 5.29 447.0
2460384.58447 20.305 0.111 5.31 457.0
2460384.59703 20.026 0.083 5.16 466.0
2460384.60984 20.154 0.086 4.88 461.0
2460384.62249 20.252 0.096 4.89 455.0
2460384.63530 20.408 0.139 5.68 514.0
2460384.64789 20.198 0.098 5.02 509.0
2460385.50851 20.615 0.235 7.46 468.0
2460385.52146 20.313 0.115 5.41 450.0
2460385.53447 20.278 0.104 5.36 427.0
2460385.54734 20.288 0.095 4.85 416.0
2460385.56051 20.232 0.093 4.94 425.0
2460385.57330 20.318 0.090 4.52 437.0
2460385.58600 20.423 0.093 4.17 422.0
2460385.59901 20.402 0.098 4.40 452.0
2460385.61160 20.272 0.088 4.48 445.0
2460385.62453 20.374 0.095 4.32 419.0
2460385.63753 20.359 0.110 4.96 450.0
2460386.50166 20.044 0.095 5.19 618.0
2460386.52369 20.010 0.090 5.47 530.0
2460386.53759 20.066 0.090 4.99 518.0
2460386.55021 19.956 0.081 4.80 509.0
2460386.56455 20.116 0.096 4.98 507.0
2460386.57714 20.108 0.088 4.85 469.0
2460386.59180 20.150 0.088 4.67 450.0
2460386.60557 20.188 0.093 4.98 433.0
2460386.61984 20.061 0.089 5.36 430.0
2460386.63239 20.137 0.086 4.82 430.0
2460387.50658 20.006 0.097 6.01 423.0
2460387.51915 20.034 0.095 5.71 412.0
2460387.53462 20.032 0.086 5.01 408.0
2460387.54805 19.924 0.088 5.42 415.0
2460387.56093 20.001 0.087 5.33 401.0
2460387.57423 19.935 0.085 5.46 399.0
2460387.58791 20.033 0.095 5.84 389.0
2460387.60113 20.093 0.094 5.49 391.0
2460387.61409 20.105 0.105 5.80 404.0
2460387.62711 19.901 0.084 5.49 435.0
2460387.64011 20.168 0.111 5.72 460.0
2460388.50717 20.646 0.202 5.79 615.0
2460388.52111 20.553 0.190 5.96 565.0
2460388.53486 20.274 0.135 5.82 558.0
2460388.54742 20.279 0.127 5.38 551.0
2460388.56051 20.392 0.119 4.89 550.0
2460388.57373 20.196 0.097 4.74 513.0
2460388.58687 20.383 0.123 5.29 482.0
2460388.59955 20.259 0.111 5.19 483.0
2460388.61244 20.354 0.149 6.19 491.0
2460388.62509 20.102 0.111 5.89 487.0
2460389.50803 20.031 0.114 5.57 704.0
2460389.52058 20.224 0.123 5.39 628.0
2460389.53369 20.086 0.117 6.19 553.0
2460389.54633 20.382 0.121 4.98 534.0
2460389.55943 20.068 0.097 5.40 526.0
2460389.57212 20.420 0.121 4.71 542.0
2460389.58576 20.253 0.105 5.09 522.0
2460389.59846 20.389 0.121 4.96 524.0
2460390.51509 20.408 0.148 5.56 647.0
2460390.52769 20.003 0.100 5.24 716.0
2460390.54076 20.129 0.117 5.40 679.0
2460390.55332 20.215 0.140 6.22 593.0
2460390.56632 20.040 0.106 5.42 646.0
2460390.57892 20.256 0.130 5.52 636.0
2460390.59173 20.077 0.098 4.96 658.0
2460390.60431 20.296 0.135 5.45 631.0
2460391.49643 20.074 0.129 5.62 714.0
2460391.50979 20.503 0.166 5.31 603.0
2460391.52273 20.030 0.094 4.65 614.0
2460391.53534 20.129 0.101 4.56 622.0
2460391.54803 20.008 0.094 4.86 607.0
2460391.56056 20.174 0.101 4.54 621.0
2460391.57379 20.334 0.122 4.87 613.0
2460391.58768 20.210 0.104 4.70 606.0
2460392.49349 20.338 0.180 5.60 1027.0
2460392.50772 20.117 0.115 5.37 710.0
2460392.52060 20.144 0.132 5.89 728.0
2460392.53314 20.436 0.198 5.87 861.0
2460392.54851 20.067 0.090 4.38 750.0
2460392.56104 20.163 0.115 5.20 742.0
2460392.57381 19.988 0.098 5.09 754.0
2460392.58638 20.275 0.151 5.78 756.0
2460392.59988 20.213 0.206 7.79 776.0
2460392.61286 20.333 0.167 5.79 803.0
2460393.49611 20.277 0.178 6.52 852.0
2460393.50867 20.202 0.141 5.98 753.0
2460394.49970 20.055 0.110 5.06 773.0
2460394.51262 20.166 0.147 6.05 765.0
2460394.52538 20.076 0.133 5.95 761.0
2460394.53837 19.584 0.103 6.66 787.0
2460394.55115 19.879 0.124 6.31 813.0
2460394.56370 20.550 0.263 6.73 819.0
2460394.57658 20.046 0.189 7.42 856.0
2460395.50802 20.221 0.130 5.37 672.0
2460395.52063 20.023 0.110 5.47 691.0
2460395.53410 20.056 0.109 5.38 668.0
2460395.54666 20.026 0.096 4.60 690.0
2460395.55972 20.120 0.109 4.70 706.0
2460395.57382 19.772 0.085 5.23 729.0
2460395.59665 20.066 0.103 4.87 764.0
2460395.61016 20.036 0.090 4.39 792.0
2460396.49563 20.357 0.119 4.83 639.0
2460396.50920 20.296 0.109 4.63 625.0
2460396.53632 20.201 0.130 5.31 679.0
2460396.54886 20.289 0.150 5.70 674.0
2460396.56175 20.168 0.118 5.24 669.0
2460396.57434 20.380 0.147 5.26 667.0
2460396.58709 20.273 0.117 4.56 675.0
2460396.59974 20.150 0.119 4.89 694.0
2460397.50035 20.130 0.101 5.69 475.0
2460397.51686 20.305 0.117 5.18 523.0
2460397.52983 20.643 0.248 7.10 577.0
2460397.54245 20.227 0.120 5.39 594.0
2460397.55542 20.240 0.111 5.12 573.0
2460397.56801 20.174 0.122 5.65 588.0
2460397.58116 20.062 0.108 5.76 586.0
2460397.59377 19.980 0.115 6.30 629.0
2460398.50607 20.000 0.143 7.68 490.0
2460398.51866 20.085 0.135 6.65 511.0
2460398.54225 19.926 0.105 5.65 607.0
2460398.55495 20.543 0.182 5.81 588.0
2460398.56859 19.981 0.107 5.73 606.0
2460398.58125 20.202 0.126 5.62 613.0
2460398.59406 20.695 0.189 5.17 646.0
2460398.60667 19.981 0.105 5.49 676.0
2460399.49463 20.115 0.119 6.02 511.0
2460399.50732 20.181 0.117 5.88 462.0
2460399.52026 19.853 0.072 4.73 460.0
2460399.53297 20.352 0.120 5.37 424.0
2460399.54604 20.326 0.135 6.15 440.0
2460399.55875 20.215 0.119 5.65 485.0
2460399.57173 20.439 0.142 5.69 504.0
2460399.58434 20.149 0.111 5.94 514.0
2460400.49775 20.241 0.102 4.49 611.0
2460400.51036 20.312 0.108 4.41 612.0
2460400.54860 20.569 0.138 4.64 614.0
2460400.56121 20.121 0.090 4.58 575.0
2460400.57409 20.136 0.078 4.07 541.0
2460400.58670 20.112 0.094 5.17 519.0
2460400.59940 20.064 0.096 5.45 531.0
2460400.61224 20.247 0.113 5.48 502.0
2460401.49463 20.027 0.101 5.78 533.0
2460401.51167 20.442 0.118 4.77 536.0
2460401.52440 20.202 0.096 4.86 530.0
2460401.53700 20.167 0.083 4.36 517.0
2460401.55044 20.291 0.096 4.45 524.0
2460401.56300 20.407 0.116 4.89 517.0
2460401.57578 20.429 0.117 4.99 470.0
2460401.58839 20.251 0.096 4.94 463.0
2460401.60180 20.553 0.130 5.13 440.0
2460401.61440 20.372 0.102 4.80 442.0
2460402.49592 20.257 0.100 4.69 543.0
2460402.50848 19.920 0.077 4.92 527.0
2460402.52156 20.105 0.097 5.23 519.0
2460402.53415 20.083 0.082 4.60 512.0
2460402.54713 20.090 0.082 4.60 492.0
2460402.55974 20.061 0.076 4.57 442.0
2460402.57290 20.018 0.074 4.41 452.0
2460402.58561 20.063 0.088 4.89 463.0
2460403.49270 20.064 0.127 6.24 561.0
2460403.50594 19.822 0.086 5.34 548.0
2460403.51887 20.294 0.120 4.77 539.0
2460403.53247 20.156 0.100 4.61 534.0
2460403.54550 20.019 0.086 4.59 538.0
2460403.55814 20.047 0.086 4.52 548.0
2460403.57118 20.049 0.086 4.51 519.0
2460403.58376 20.162 0.101 5.06 518.0
2460403.59694 20.062 0.087 4.73 505.0
2460404.48691 21.061 0.245 5.07 610.0
2460404.49999 20.239 0.107 4.93 517.0
2460404.51302 20.307 0.115 5.18 510.0
2460404.52565 20.262 0.116 5.33 506.0
2460404.53836 20.403 0.111 4.80 466.0
2460404.55102 20.330 0.102 4.74 463.0
2460404.56378 20.168 0.086 4.62 458.0
2460404.57636 20.039 0.080 4.94 451.0
2460405.48534 20.391 0.189 6.74 670.0
2460405.49852 19.880 0.115 7.47 475.0
2460405.51155 19.988 0.096 6.09 463.0
2460405.52420 20.445 0.130 5.46 472.0
2460405.53691 19.901 0.091 6.05 476.0
2460405.54951 20.461 0.148 6.11 486.0
2460405.56237 20.323 0.173 7.24 525.0
2460405.57499 20.312 0.178 7.54 511.0
2460406.48723 20.638 0.262 7.38 642.0
2460406.50008 20.141 0.136 6.89 535.0
2460406.51401 19.869 0.103 6.88 515.0
2460406.52668 20.287 0.130 5.93 516.0
2460406.53962 19.961 0.100 6.14 525.0
2460406.55227 20.480 0.206 7.05 514.0
2460407.48642 20.090 0.113 5.37 664.0
2460407.49900 20.425 0.153 5.83 527.0
2460407.53167 20.093 0.122 6.38 560.0
2460407.54424 19.641 0.080 6.15 556.0
2460407.55947 19.949 0.097 5.81 554.0
2460407.57212 20.125 0.112 5.66 559.0
2460407.58586 20.054 0.109 5.73 578.0
2460407.59849 20.122 0.116 5.80 565.0
2460408.49710 20.016 0.080 4.62 512.0
2460408.50974 20.117 0.102 5.36 528.0
2460408.52262 20.051 0.091 5.01 536.0
2460408.53532 20.096 0.086 4.54 530.0
2460408.54866 19.903 0.077 4.78 562.0
2460408.56130 19.906 0.089 5.48 594.0
2460408.57404 19.978 0.094 5.07 603.0
2460408.58665 19.943 0.103 5.53 630.0
2460409.48035 20.206 0.150 5.42 893.0
2460409.49297 20.386 0.141 5.69 509.0
2460409.52695 20.903 0.246 5.76 522.0
2460409.53993 20.223 0.133 6.08 510.0
2460409.55281 20.268 0.120 5.20 512.0
2460409.56534 20.518 0.144 4.81 523.0
2460409.57847 20.445 0.135 5.20 526.0
2460409.59102 20.388 0.115 4.62 536.0
2460410.48051 20.076 0.139 6.28 770.0
2460410.49401 20.023 0.121 6.17 609.0
2460410.50678 20.245 0.121 5.17 627.0
2460410.51935 20.201 0.113 5.13 636.0
2460410.53248 20.236 0.119 4.98 689.0
2460410.54506 20.200 0.143 5.91 702.0
2460410.55782 19.981 0.139 6.68 683.0
2460410.57040 20.565 0.247 6.78 735.0
2460410.59577 20.197 0.164 6.51 765.0
2460411.50850 20.190 0.162 6.72 629.0
2460411.52105 20.154 0.143 6.28 601.0
2460411.53385 20.108 0.136 6.53 590.0
2460411.54644 20.283 0.160 6.36 603.0
2460411.55963 20.208 0.155 6.41 633.0
2460411.57223 20.130 0.140 6.38 652.0
2460417.47469 20.113 0.134 5.17 979.0
2460417.48762 20.439 0.157 5.80 614.0
2460417.51042 20.217 0.142 6.23 599.0
2460417.52301 20.506 0.158 5.48 593.0
2460417.53602 20.205 0.148 6.54 605.0
2460417.54861 20.248 0.155 6.58 600.0
2460417.56173 20.264 0.143 6.25 559.0
2460417.57432 20.479 0.198 7.15 521.0
2460418.49211 20.227 0.113 5.20 647.0
2460418.50466 20.333 0.126 5.17 637.0
2460418.51769 20.004 0.096 5.09 630.0
2460418.53027 20.040 0.100 5.27 642.0
2460418.54308 20.314 0.132 5.16 672.0
2460418.55566 20.136 0.106 4.77 673.0
2460418.56885 20.042 0.108 5.31 695.0
2460418.58169 19.976 0.107 5.61 734.0
2460419.47241 20.278 0.149 4.99 1110.0
2460419.48501 20.054 0.111 5.35 749.0
2460419.49813 20.134 0.122 5.40 743.0
2460419.51077 19.912 0.093 5.21 740.0
2460419.52365 19.963 0.093 5.23 649.0
2460419.53645 20.130 0.127 5.93 651.0
2460419.54962 20.211 0.123 5.23 696.0
2460419.56218 19.670 0.089 5.81 749.0
2460420.47033 20.018 0.111 4.64 1034.0
2460420.48345 20.257 0.121 5.21 633.0
2460420.49646 20.265 0.116 4.75 627.0
2460420.51013 20.121 0.105 4.86 639.0
2460420.52368 20.074 0.102 4.91 648.0
2460420.53661 20.086 0.095 4.55 668.0
2460420.54995 20.336 0.123 4.80 668.0
2460420.56259 20.548 0.148 4.74 678.0
2460423.47071 19.796 0.136 6.24 1267.0
2460423.48336 20.076 0.173 6.71 913.0
2460423.49619 20.168 0.164 6.34 909.0
2460423.50874 20.037 0.169 6.99 894.0
2460423.52208 19.942 0.147 6.63 924.0
2460424.47352 19.938 0.170 6.98 1154.0
2460424.48624 19.875 0.149 6.70 1090.0
2460424.49944 20.158 0.195 6.70 1148.0
2460424.51211 19.975 0.198 7.54 1141.0
2460424.52505 20.020 0.179 7.14 1072.0
2460424.53775 19.853 0.157 7.21 1042.0
2460425.47197 20.100 0.154 6.10 903.0
2460425.48454 20.606 0.212 5.76 746.0
2460425.49778 20.334 0.171 5.80 760.0
2460425.51080 20.086 0.139 5.77 787.0
2460425.52404 20.500 0.203 5.79 804.0
2460425.53665 20.217 0.155 5.67 841.0
2460425.54967 20.457 0.248 6.95 900.0
2460425.56224 20.305 0.191 6.37 920.0
2460427.47234 19.923 0.119 6.34 634.0
2460427.48494 20.041 0.111 6.02 502.0
2460427.50058 20.032 0.105 5.44 586.0
2460428.47085 20.386 0.159 5.84 692.0
2460432.47409 20.020 0.143 7.03 636.0
2460434.48842 20.265 0.173 6.91 701.0
2460436.49138 20.027 0.136 6.92 622.0
2460442.46873 19.939 0.168 7.54 825.0
2460456.46573 19.610 0.118 7.46 832.0
2460536.91274 21.128 0.292 6.40 511.0
2460557.89438 20.465 0.122 5.85 386.0
2460564.87246 20.258 0.102 5.49 366.0
2460567.85975 20.032 0.078 5.44 388.0
2460573.81956 20.304 0.111 5.50 578.0
2460585.86181 20.357 0.101 5.03 357.0
2460601.86222 20.118 0.122 5.73 731.0
2460610.79321 20.039 0.087 5.34 494.0
2460617.81352 20.243 0.101 5.20 452.0
2460623.85518 20.051 0.077 4.46 426.0
2460629.83741 20.138 0.101 4.57 702.0
2460635.65422 20.058 0.111 6.57 420.0
2460640.65083 19.988 0.077 5.58 370.0
2460644.81098 19.888 0.065 5.24 338.0
2460652.71103 20.020 0.108 6.50 427.0
2460657.80180 20.253 0.132 5.81 568.0
2460661.78952 20.159 0.100 4.62 625.0
2460666.82333 20.479 0.104 5.04 304.0
2460670.76595 20.495 0.102 5.55 242.0
2460674.70485 20.293 0.076 4.71 275.0
2460678.75406 20.443 0.116 5.32 347.0
2460683.63597 20.138 0.086 5.36 334.0
2460683.82194 20.106 0.077 4.79 345.0
2460689.74474 20.080 0.148 5.88 933.0
2460696.61398 20.191 0.067 4.49 259.0
2460703.61115 20.064 0.082 5.29 405.0
2460711.61288 20.081 0.069 4.97 281.0
2460727.65589 20.405 0.124 5.32 424.0
2460733.65624 20.017 0.082 5.16 477.0
2460741.54375 20.104 0.116 6.39 406.0
2460750.55469 20.364 0.192 6.81 630.0
2460781.53335 20.109 0.121 5.39 751.0
2460815.46851 19.931 0.110 5.59 743.0
2460818.46663 20.334 0.129 5.25 666.0
