HJD,UT Date,Camera,FWHM,Limit,mag,mag_err,flux(mJy),flux_err,Filter
2457113.58145,2015-04-01.0813087,be,1.52,15.573,12.380,0.012,42.837,0.467,V
2457113.58287,2015-04-01.0827339,be,1.56,15.526,12.345,0.012,44.265,0.485,V
2457114.57132,2015-04-02.0711640,be,1.58,15.528,12.278,0.011,47.064,0.491,V
2457114.57275,2015-04-02.0725915,be,1.59,15.524,12.261,0.011,47.797,0.495,V
2457115.56774,2015-04-03.0675649,be,1.52,15.573,12.637,0.015,33.825,0.461,V
2457115.56916,2015-04-03.0689866,be,1.49,15.508,12.641,0.016,33.707,0.489,V
2457116.57236,2015-04-04.0721767,be,1.52,15.488,12.903,0.020,26.482,0.495,V
2457116.57381,2015-04-04.0736275,be,1.52,15.530,12.890,0.019,26.800,0.476,V
2457117.56938,2015-04-05.0691788,be,1.58,15.441,12.288,0.012,46.619,0.528,V
2457117.57082,2015-04-05.0706180,be,1.51,15.406,12.314,0.013,45.541,0.543,V
2457118.56437,2015-04-06.0641582,be,1.56,15.409,11.927,0.009,65.014,0.554,V
2457118.56582,2015-04-06.0656071,be,1.58,15.338,11.921,0.010,65.366,0.596,V
2457121.55935,2015-04-09.0590921,be,1.43,15.427,11.732,0.007,77.769,0.547,V
2457121.56078,2015-04-09.0605238,be,1.47,15.442,11.757,0.007,76.030,0.537,V
2457124.52183,2015-04-12.0215319,be,1.74,15.646,12.312,0.010,45.596,0.437,V
2457126.52716,2015-04-14.0268335,be,1.52,15.799,12.633,0.012,33.919,0.376,V
2457126.52858,2015-04-14.0282581,be,1.49,15.840,12.643,0.011,33.636,0.362,V
2457129.53152,2015-04-17.0311568,be,1.39,15.843,12.786,0.013,29.470,0.361,V
2457129.53295,2015-04-17.0325835,be,1.39,15.875,12.804,0.013,28.994,0.353,V
2457130.52653,2015-04-18.0261508,be,1.47,15.828,12.798,0.013,29.144,0.363,V
2457130.52795,2015-04-18.0275723,be,1.43,15.879,12.815,0.013,28.710,0.349,V
2457131.51130,2015-04-19.0109120,be,1.48,15.479,11.845,0.008,70.119,0.518,V
2457131.51273,2015-04-19.0123376,be,1.45,15.481,11.850,0.008,69.767,0.523,V
2457132.52402,2015-04-20.0236127,be,1.43,15.159,11.279,0.007,118.124,0.781,V
2457132.52545,2015-04-20.0250381,be,1.41,15.195,11.269,0.007,119.166,0.726,V
2457133.52426,2015-04-21.0238402,be,1.59,15.452,11.757,0.008,76.054,0.541,V
2457133.52570,2015-04-21.0252776,be,1.48,15.447,11.781,0.007,74.421,0.533,V
2457135.50214,2015-04-23.0016932,be,1.43,15.645,12.277,0.010,47.131,0.435,V
2457135.50360,2015-04-23.0031590,be,1.43,15.635,12.270,0.010,47.442,0.438,V
2457136.52269,2015-04-24.0222335,be,1.49,15.678,12.337,0.010,44.579,0.424,V
2457136.52411,2015-04-24.0236515,be,1.46,15.628,12.312,0.010,45.605,0.441,V
2457137.51455,2015-04-25.0140824,be,1.57,15.619,12.431,0.012,40.889,0.450,V
2457138.51804,2015-04-26.0175649,be,2.02,15.675,12.481,0.011,39.062,0.423,V
2457138.51975,2015-04-26.0192728,be,2.01,15.481,12.465,0.014,39.597,0.507,V
2457139.51221,2015-04-27.0117120,be,1.53,15.758,12.591,0.012,35.256,0.392,V
2457139.51369,2015-04-27.0131956,be,1.52,15.683,12.573,0.012,35.862,0.417,V
2457140.51633,2015-04-28.0158199,be,1.79,15.681,12.577,0.012,35.743,0.419,V
2457140.51777,2015-04-28.0172581,be,1.77,15.684,12.594,0.013,35.185,0.419,V
2457144.49383,2015-05-01.9932758,be,1.61,15.200,12.650,0.022,33.408,0.655,V
2457144.49526,2015-05-01.9947037,be,1.61,15.093,12.659,0.023,33.153,0.719,V
2457145.49212,2015-05-02.9915560,be,2.19,15.462,12.683,0.017,32.413,0.507,V
2457145.49354,2015-05-02.9929721,be,2.22,15.466,12.682,0.017,32.442,0.509,V
2457146.48697,2015-05-03.9863925,be,1.63,15.584,12.803,0.017,29.023,0.460,V
2457146.48839,2015-05-03.9878171,be,1.62,15.448,12.763,0.018,30.113,0.517,V
2457148.46221,2015-05-05.9616135,be,1.47,15.862,12.898,0.014,26.591,0.354,V
2457148.46363,2015-05-05.9630287,be,1.44,15.873,12.860,0.014,27.521,0.349,V
2457153.45933,2015-05-10.9586754,be,1.79,15.790,12.979,0.016,24.673,0.375,V
2457153.46076,2015-05-10.9601111,be,1.82,15.845,12.957,0.015,25.175,0.357,V
2457155.45907,2015-05-12.9584071,be,1.57,15.908,13.054,0.016,23.036,0.337,V
2457155.46051,2015-05-12.9598429,be,1.56,15.894,13.052,0.016,23.081,0.342,V
2457156.45883,2015-05-13.9581497,be,1.62,15.849,12.965,0.015,24.998,0.357,V
2457156.46028,2015-05-13.9596025,be,1.58,15.892,12.957,0.015,25.194,0.342,V
2457158.45507,2015-05-15.9543747,be,1.54,15.813,12.994,0.016,24.358,0.371,V
2457158.45651,2015-05-15.9558116,be,1.50,15.812,12.952,0.016,25.299,0.370,V
2457160.44559,2015-05-17.9448747,be,1.92,14.982,13.234,0.044,19.512,0.783,V
2457160.44702,2015-05-17.9463027,be,1.72,15.169,13.100,0.033,22.066,0.661,V
2457161.44528,2015-05-18.9445506,be,1.81,15.050,12.981,0.033,24.628,0.740,V
2457161.44671,2015-05-18.9459888,be,1.69,15.167,12.958,0.029,25.158,0.663,V
2457223.92571,2015-07-20.4249163,bg,1.54,16.409,14.783,0.049,4.688,0.210,V
2457223.92712,2015-07-20.4263361,bg,1.52,16.394,14.767,0.049,4.756,0.213,V
2457223.94068,2015-07-20.4398939,be,1.79,16.192,14.730,0.057,4.919,0.256,V
2457223.94215,2015-07-20.4413644,be,1.88,16.167,14.801,0.062,4.607,0.262,V
2457228.91247,2015-07-25.4117148,bg,1.77,13.951,>13.951,99.990,4.597,2.017,V
2457228.91376,2015-07-25.4129994,bg,1.48,99.990,99.990,99.990,99.990,99.990,V
2457229.93443,2015-07-26.4336837,be,1.47,16.397,14.805,0.050,4.592,0.212,V
2457229.93572,2015-07-26.4349773,be,1.44,16.390,14.877,0.054,4.295,0.214,V
2457248.88705,2015-08-14.3864862,be,1.51,16.302,15.024,0.067,3.751,0.231,V
2457248.88835,2015-08-14.3877891,be,1.53,16.403,15.018,0.061,3.774,0.211,V
2457252.87384,2015-08-18.3733186,be,1.84,16.451,15.135,0.065,3.389,0.202,V
2457252.87513,2015-08-18.3746074,be,1.77,16.314,15.119,0.073,3.439,0.229,V
2457257.92534,2015-08-23.4248819,be,1.44,16.350,15.185,0.075,3.236,0.221,V
2457257.92664,2015-08-23.4261819,be,1.46,16.245,15.098,0.076,3.504,0.244,V
2457257.92794,2015-08-23.4274883,be,1.45,16.100,15.250,0.100,3.046,0.279,V
2457266.84475,2015-09-01.3444107,be,1.40,15.894,15.102,0.106,3.495,0.337,V
2457266.84604,2015-09-01.3457032,be,1.46,15.977,15.128,0.100,3.411,0.312,V
2457266.84733,2015-09-01.3469880,be,1.42,15.877,15.206,0.118,3.175,0.342,V
2457270.91711,2015-09-05.416825,be,1.54,15.870,14.870,0.087,4.321,0.344,V
2457270.91805,2015-09-05.4177658,be,1.64,15.580,14.883,0.115,4.272,0.450,V
2457270.91899,2015-09-05.4187057,be,1.64,15.662,14.973,0.116,3.930,0.417,V
2457273.89693,2015-09-08.3966930,be,1.56,16.421,15.145,0.068,3.355,0.207,V
2457273.89824,2015-09-08.3979930,be,1.48,16.403,15.058,0.063,3.634,0.211,V
2457273.89952,2015-09-08.3992797,be,1.47,16.339,15.138,0.072,3.378,0.224,V
2457277.90496,2015-09-12.4047739,bg,1.72,16.283,15.114,0.075,3.453,0.236,V
2457277.90591,2015-09-12.4057233,bg,1.75,16.152,15.303,0.100,2.900,0.266,V
2457277.90685,2015-09-12.4066631,bg,1.63,16.189,15.207,0.089,3.171,0.257,V
2457278.81186,2015-09-13.3116901,bg,1.36,16.381,15.077,0.066,3.575,0.215,V
2457278.81281,2015-09-13.3126393,bg,1.43,16.419,15.234,0.073,3.093,0.208,V
2457278.81379,2015-09-13.3136226,bg,1.35,16.268,15.313,0.091,2.875,0.239,V
2457282.79581,2015-09-17.2957017,bg,1.69,16.337,15.247,0.080,3.058,0.224,V
2457282.79677,2015-09-17.2966542,bg,1.67,16.262,15.202,0.082,3.187,0.240,V
2457282.79772,2015-09-17.2976052,bg,1.79,16.322,15.132,0.073,3.397,0.227,V
2457287.88357,2015-09-22.3835325,bg,1.50,16.472,15.339,0.077,2.808,0.198,V
2457287.88450,2015-09-22.3844591,bg,1.49,16.377,15.293,0.081,2.928,0.216,V
2457287.88543,2015-09-22.3853885,bg,1.51,16.492,15.528,0.090,2.358,0.194,V
2457290.83394,2015-09-25.3339495,bg,1.93,13.926,>13.926,99.990,1.587,2.064,V
2457290.83522,2015-09-25.3352238,bg,1.80,13.706,>13.706,99.990,0.828,2.527,V
2457290.83655,2015-09-25.3365614,bg,1.75,13.500,>13.500,99.990,1.559,3.055,V
2457291.86513,2015-09-26.3651548,bg,1.41,15.932,15.304,0.123,2.900,0.325,V
2457291.86642,2015-09-26.3664387,bg,1.40,16.059,15.051,0.087,3.661,0.290,V
2457293.77463,2015-09-28.2746812,bg,1.46,15.567,>15.567,99.990,2.001,0.455,V
2457293.77591,2015-09-28.2759561,bg,1.53,15.628,15.109,0.136,3.471,0.431,V
2457293.77719,2015-09-28.2772362,bg,1.46,15.386,15.380,0.218,2.703,0.538,V
2457294.78962,2015-09-29.2896862,bg,1.43,15.422,15.397,0.214,2.662,0.520,V
2457294.79088,2015-09-29.2909503,bg,1.47,15.657,15.415,0.175,2.618,0.419,V
2457294.79216,2015-09-29.2922280,bg,1.46,15.517,15.259,0.173,3.023,0.477,V
2457295.86691,2015-09-30.3669855,bg,1.38,15.620,15.368,0.174,2.733,0.434,V
2457295.86818,2015-09-30.3682583,bg,1.43,15.696,14.792,0.095,4.647,0.405,V
2457298.83301,2015-10-03.3331381,bg,1.40,15.953,15.700,0.173,2.014,0.319,V
2457298.83429,2015-10-03.3344149,bg,1.44,15.778,>15.778,99.990,1.678,0.375,V
2457298.83558,2015-10-03.3357013,bg,1.40,15.888,15.375,0.137,2.717,0.339,V
2457299.83366,2015-10-04.3338004,bg,1.40,15.704,>15.704,99.990,1.613,0.401,V
2457299.83494,2015-10-04.3350831,bg,1.38,15.520,>15.520,99.990,2.236,0.476,V
2457299.83623,2015-10-04.3363706,bg,1.46,15.303,>15.303,99.990,2.748,0.581,V
2457302.83094,2015-10-07.3311283,bg,1.52,16.372,15.515,0.099,2.387,0.217,V
2457302.83230,2015-10-07.3324863,bg,1.45,16.427,15.461,0.090,2.508,0.206,V
2457302.83373,2015-10-07.3339094,bg,1.60,16.418,15.428,0.088,2.586,0.208,V
2457306.83675,2015-10-11.3369924,bg,1.46,16.668,15.389,0.067,2.681,0.165,V
2457306.83804,2015-10-11.3382765,bg,1.52,16.626,15.437,0.073,2.565,0.172,V
2457306.83932,2015-10-11.3395659,bg,1.50,16.695,15.673,0.085,2.064,0.161,V
2457311.72605,2015-10-16.2263539,bg,1.63,16.735,15.513,0.071,2.391,0.155,V
2457311.72733,2015-10-16.2276432,bg,1.54,16.690,15.602,0.080,2.203,0.162,V
2457311.72863,2015-10-16.2289408,bg,1.57,16.641,15.546,0.080,2.320,0.169,V
2457318.79740,2015-10-23.2978079,bg,1.51,16.574,15.639,0.093,2.130,0.180,V
2457318.79868,2015-10-23.2990821,bg,1.48,16.534,15.520,0.086,2.377,0.187,V
2457318.80000,2015-10-23.3004070,bg,1.49,16.610,15.464,0.076,2.500,0.174,V
2457319.75633,2015-10-24.2567508,bg,1.49,16.158,15.442,0.113,2.555,0.264,V
2457319.75763,2015-10-24.2580491,bg,1.47,16.229,15.374,0.100,2.718,0.247,V
2457319.75891,2015-10-24.2593277,bg,1.47,16.264,15.648,0.124,2.111,0.240,V
2457325.70809,2015-10-30.2085790,bg,1.39,15.802,>15.802,99.990,0.948,0.367,V
2457325.70937,2015-10-30.2098651,bg,1.43,15.808,15.163,0.121,3.301,0.365,V
2457325.71067,2015-10-30.2111627,bg,1.39,15.805,>15.805,99.990,1.209,0.365,V
2457329.77695,2015-11-03.2774954,bg,1.55,16.415,15.432,0.089,2.575,0.209,V
2457329.77825,2015-11-03.2787932,bg,1.58,16.450,15.452,0.087,2.530,0.202,V
2457329.77968,2015-11-03.2802216,bg,1.51,16.353,15.792,0.131,1.851,0.221,V
2457333.81829,2015-11-07.3188739,bg,1.40,16.546,15.949,0.126,1.600,0.185,V
2457333.81957,2015-11-07.3201576,bg,1.39,16.692,15.541,0.076,2.331,0.162,V
2457333.82086,2015-11-07.3214481,bg,1.41,16.647,15.462,0.073,2.508,0.169,V
2457337.77962,2015-11-11.2802436,bg,1.55,16.650,15.876,0.107,1.711,0.168,V
2457337.78101,2015-11-11.2816329,bg,1.58,16.669,15.572,0.080,2.265,0.165,V
2457337.78238,2015-11-11.2830050,bg,1.73,16.711,15.475,0.070,2.478,0.159,V
2457340.76952,2015-11-14.2701800,bg,1.42,16.736,15.785,0.091,1.862,0.155,V
2457340.77080,2015-11-14.2714581,bg,1.46,16.624,15.722,0.095,1.973,0.172,V
2457340.77209,2015-11-14.2727456,bg,1.46,16.670,15.462,0.072,2.506,0.165,V
2457345.67522,2015-11-19.1759208,bg,1.39,16.534,15.527,0.087,2.361,0.187,V
2457345.67651,2015-11-19.1772099,bg,1.38,16.557,15.757,0.105,1.912,0.183,V
2457345.67781,2015-11-19.1785063,bg,1.41,16.588,15.747,0.101,1.927,0.178,V
2457348.74906,2015-11-22.2497843,bg,1.47,16.205,>16.205,99.990,1.260,0.253,V
2457348.75035,2015-11-22.2510807,bg,1.52,16.317,15.517,0.105,2.383,0.228,V
2457348.75165,2015-11-22.2523776,bg,1.54,16.193,16.049,0.192,1.460,0.256,V
2457353.80983,2015-11-27.3105910,bg,1.45,16.037,15.857,0.186,1.743,0.295,V
2457353.81111,2015-11-27.3118782,bg,1.42,16.002,15.604,0.152,2.199,0.305,V
2457353.81240,2015-11-27.3131599,bg,1.47,16.091,>16.091,99.990,0.431,0.281,V
2457355.71583,2015-11-29.2166047,bg,1.44,16.175,15.835,0.160,1.778,0.260,V
2457355.71711,2015-11-29.2178840,bg,1.45,16.201,15.630,0.130,2.147,0.254,V
2457355.71844,2015-11-29.2192177,bg,1.43,16.349,15.603,0.110,2.201,0.222,V
2457357.78085,2015-12-01.2816530,bg,1.67,16.452,15.533,0.094,2.348,0.202,V
2457357.78213,2015-12-01.2829200,bg,1.71,16.416,15.646,0.108,2.116,0.208,V
2457357.78345,2015-12-01.2842315,bg,1.73,16.375,15.629,0.110,2.151,0.216,V
2457360.65775,2015-12-04.1585559,bg,1.43,16.569,15.469,0.079,2.491,0.181,V
2457360.65905,2015-12-04.1598538,bg,1.42,16.685,15.615,0.082,2.178,0.163,V
2457360.66035,2015-12-04.1611495,bg,1.43,16.654,15.668,0.088,2.074,0.167,V
2457362.70856,2015-12-06.2093746,bg,1.49,16.747,15.842,0.095,1.765,0.154,V
2457362.70985,2015-12-06.2106629,bg,1.45,16.774,16.015,0.109,1.507,0.150,V
2457362.71114,2015-12-06.2119486,bg,1.45,16.687,15.789,0.096,1.856,0.162,V
2457364.65852,2015-12-08.1593365,bg,1.49,16.705,15.770,0.093,1.887,0.160,V
2457365.64324,2015-12-09.1440653,bg,1.73,16.641,15.707,0.093,2.002,0.169,V
2457365.64453,2015-12-09.1453577,bg,1.68,16.651,15.878,0.107,1.708,0.168,V
2457365.64582,2015-12-09.1466465,bg,1.74,16.648,15.985,0.119,1.548,0.168,V
2457370.71672,2015-12-14.2175650,bg,1.44,16.723,15.752,0.089,1.920,0.157,V
2457370.71801,2015-12-14.2188533,bg,1.45,16.705,15.808,0.096,1.822,0.160,V
2457370.71929,2015-12-14.2201281,bg,1.48,16.851,16.270,0.128,1.190,0.140,V
2457372.57026,2015-12-16.0711021,bg,1.50,16.407,15.951,0.144,1.598,0.210,V
2457372.57155,2015-12-16.0723914,bg,1.53,15.669,>15.669,99.990,1.035,0.414,V
2457372.57284,2015-12-16.0736811,bg,1.49,16.328,16.024,0.166,1.495,0.226,V
2457376.83661,2015-12-20.3374583,bg,1.45,16.779,15.697,0.081,2.018,0.149,V
2457376.83790,2015-12-20.3387508,bg,1.41,16.639,15.734,0.095,1.951,0.170,V
2457376.83919,2015-12-20.3400372,bg,1.42,16.684,15.921,0.108,1.644,0.163,V
2457377.63333,2015-12-21.1341782,bg,1.42,16.429,16.114,0.164,1.375,0.206,V
2457377.63462,2015-12-21.1354717,bg,1.38,16.400,15.952,0.145,1.596,0.211,V
2457377.63591,2015-12-21.1367565,bg,1.42,16.263,16.171,0.201,1.304,0.240,V
2457379.55992,2015-12-23.0607689,bg,1.45,16.142,15.551,0.127,2.310,0.268,V
2457379.56121,2015-12-23.0620594,bg,1.47,15.999,>15.999,99.990,1.255,0.306,V
2457379.56249,2015-12-23.0633457,bg,1.47,15.998,15.990,0.218,1.541,0.306,V
2457383.75538,2015-12-27.2562289,bg,1.42,16.065,15.673,0.153,2.063,0.288,V
2457383.75667,2015-12-27.2575194,bg,1.50,16.046,15.694,0.158,2.026,0.293,V
2457383.75795,2015-12-27.2588033,bg,1.47,16.267,15.734,0.134,1.953,0.239,V
2457385.75587,2015-12-29.2567208,bg,1.47,16.256,15.677,0.129,2.056,0.241,V
2457385.75716,2015-12-29.2580097,bg,1.43,16.387,16.346,0.211,1.111,0.214,V
2457385.75845,2015-12-29.2592953,bg,1.47,16.300,15.877,0.148,1.710,0.232,V
2457386.59246,2015-12-30.0933228,bg,1.44,16.668,15.925,0.110,1.637,0.165,V
2457386.59376,2015-12-30.0946037,bg,1.44,16.729,15.884,0.101,1.700,0.156,V
2457386.59505,2015-12-30.0958927,bg,1.43,16.754,15.793,0.090,1.849,0.153,V
2457388.75646,2016-01-01.2573047,bg,1.39,16.399,15.815,0.128,1.811,0.212,V
2457388.75775,2016-01-01.2585924,bg,1.39,16.459,16.230,0.178,1.236,0.200,V
2457388.75904,2016-01-01.2598803,bg,1.40,16.420,16.043,0.155,1.467,0.208,V
2457389.66635,2016-01-02.1671910,bg,1.39,16.641,16.071,0.130,1.430,0.169,V
2457389.66764,2016-01-02.1684783,bg,1.39,16.701,16.117,0.128,1.372,0.160,V
2457394.66356,2016-01-07.1643864,bg,1.40,16.728,15.964,0.108,1.579,0.156,V
2457394.66484,2016-01-07.1656651,bg,1.41,16.786,16.039,0.110,1.473,0.148,V
2457394.66613,2016-01-07.1669526,bg,1.39,16.763,16.032,0.112,1.483,0.151,V
2457396.75678,2016-01-09.2575959,bg,1.49,16.780,16.065,0.113,1.438,0.149,V
2457396.75805,2016-01-09.2588637,bg,1.61,16.656,16.225,0.147,1.242,0.167,V
2457396.75933,2016-01-09.2601479,bg,1.54,16.787,16.260,0.135,1.201,0.148,V
2457399.77611,2016-01-12.2769071,bg,1.53,16.666,16.217,0.145,1.251,0.165,V
2457399.77741,2016-01-12.2782137,bg,1.52,16.740,16.131,0.125,1.354,0.155,V
2457399.77869,2016-01-12.2794960,bg,1.48,16.793,15.967,0.102,1.574,0.147,V
2457401.69259,2016-01-14.1933854,bg,1.40,16.680,15.901,0.107,1.674,0.163,V
2457401.69388,2016-01-14.1946723,bg,1.40,16.631,15.705,0.093,2.005,0.171,V
2457401.69518,2016-01-14.1959729,bg,1.44,16.727,15.901,0.102,1.673,0.156,V
2457404.76358,2016-01-17.2643564,bg,1.43,16.621,16.008,0.125,1.516,0.172,V
2457404.76487,2016-01-17.2656453,bg,1.44,16.711,15.870,0.101,1.722,0.159,V
2457404.76616,2016-01-17.2669350,bg,1.42,16.689,15.895,0.105,1.682,0.162,V
2457405.63893,2016-01-18.1396986,bg,1.54,16.454,15.902,0.132,1.671,0.201,V
2457405.64022,2016-01-18.1409853,bg,1.47,16.402,15.932,0.142,1.626,0.211,V
2457405.64151,2016-01-18.1422792,bg,1.49,16.402,15.682,0.113,2.048,0.211,V
2457407.61927,2016-01-20.1200246,bg,1.45,16.309,15.575,0.112,2.257,0.230,V
2457407.62055,2016-01-20.1212998,bg,1.39,16.167,15.699,0.142,2.016,0.262,V
2457407.62184,2016-01-20.1225896,bg,1.42,16.279,15.924,0.158,1.638,0.236,V
2457410.74783,2016-01-23.2485571,bg,1.54,15.680,>15.680,99.990,1.574,0.410,V
2457412.73908,2016-01-25.2397943,bg,1.83,15.721,15.608,0.197,2.192,0.395,V
2457412.74037,2016-01-25.2410848,bg,1.74,15.763,>15.763,99.990,1.893,0.380,V
2457412.74170,2016-01-25.2424188,bg,1.74,15.763,15.658,0.199,2.092,0.380,V
2457413.65459,2016-01-26.1553026,bg,1.64,16.066,>16.066,99.990,1.331,0.287,V
2457413.65587,2016-01-26.1565811,bg,1.74,16.057,15.847,0.181,1.758,0.290,V
2457413.65716,2016-01-26.1578752,bg,1.79,15.909,15.901,0.218,1.673,0.332,V
2457416.72966,2016-01-29.2303454,bg,1.42,16.288,15.937,0.159,1.618,0.234,V
2457416.73094,2016-01-29.2316201,bg,1.50,16.287,15.904,0.154,1.668,0.235,V
2457416.73222,2016-01-29.2329070,bg,1.44,16.254,15.868,0.154,1.724,0.242,V
2457418.68329,2016-01-31.1839493,bg,1.43,16.528,15.813,0.113,1.815,0.188,V
2457418.68458,2016-01-31.1852386,bg,1.41,16.492,15.722,0.108,1.974,0.194,V
2457419.61763,2016-02-01.1182828,bg,1.50,16.703,15.958,0.110,1.587,0.160,V
2457419.61891,2016-02-01.1195630,bg,1.46,16.744,16.109,0.122,1.382,0.154,V
2457419.62020,2016-02-01.1208531,bg,1.59,16.686,15.913,0.107,1.656,0.162,V
2457421.60177,2016-02-03.1023997,bg,1.49,16.655,16.140,0.136,1.343,0.167,V
2457421.60305,2016-02-03.1036901,bg,1.51,16.689,16.064,0.123,1.440,0.162,V
2457421.60435,2016-02-03.1049796,bg,1.50,16.681,15.965,0.113,1.578,0.163,V
2457423.71115,2016-02-05.2117633,bg,1.41,16.283,16.013,0.171,1.509,0.235,V
2457423.71207,2016-02-05.2126885,bg,1.40,16.302,15.765,0.134,1.895,0.231,V
2457423.71302,2016-02-05.2136305,bg,1.44,16.304,15.981,0.163,1.554,0.231,V
2457425.70541,2016-02-07.2060010,bg,1.43,16.602,15.926,0.117,1.635,0.175,V
2457425.70668,2016-02-07.2072769,bg,1.47,16.659,16.281,0.155,1.179,0.167,V
2457425.70797,2016-02-07.2085592,bg,1.43,16.876,16.151,0.112,1.328,0.136,V
2457428.69716,2016-02-10.1977247,bg,1.43,16.666,16.171,0.139,1.305,0.165,V
2457429.69651,2016-02-11.1970606,bg,1.43,16.541,15.744,0.105,1.932,0.186,V
2457431.69177,2016-02-13.1922920,bg,1.44,16.702,15.928,0.107,1.632,0.160,V
2457431.69330,2016-02-13.1938209,bg,1.46,16.659,16.284,0.155,1.175,0.167,V
2457431.69461,2016-02-13.1951306,bg,1.47,16.633,15.958,0.118,1.588,0.171,V
2457433.68202,2016-02-15.1825234,bg,1.49,16.820,15.851,0.090,1.752,0.144,V
2457433.68331,2016-02-15.1838111,bg,1.51,16.783,16.158,0.123,1.320,0.149,V
2457433.68460,2016-02-15.1850996,bg,1.48,16.685,15.962,0.112,1.582,0.163,V
2457434.68139,2016-02-16.1818803,bg,1.40,16.481,15.992,0.140,1.539,0.196,V
2457434.68267,2016-02-16.1831584,bg,1.45,16.560,15.740,0.103,1.942,0.182,V
2457434.68395,2016-02-16.1844453,bg,1.42,16.566,16.262,0.166,1.200,0.181,V
2457435.67676,2016-02-17.1772405,bg,1.44,16.429,>16.429,99.990,0.933,0.206,V
2457435.67805,2016-02-17.1785245,bg,1.43,16.303,15.951,0.158,1.598,0.231,V
2457435.67934,2016-02-17.1798166,bg,1.48,16.408,15.879,0.135,1.708,0.210,V
2457438.67118,2016-02-20.1716197,bg,1.39,16.213,16.128,0.203,1.357,0.251,V
2457438.67247,2016-02-20.1729084,bg,1.42,16.158,16.069,0.202,1.434,0.264,V
2457438.67381,2016-02-20.1742515,bg,1.41,16.008,15.975,0.213,1.563,0.303,V
2457439.53496,2016-02-21.0353907,bg,1.53,15.931,>15.931,99.990,1.034,0.326,V
2457439.53625,2016-02-21.0366800,bg,1.47,15.889,>15.889,99.990,1.159,0.338,V
2457439.53754,2016-02-21.0379685,bg,1.50,15.933,>15.933,99.990,1.143,0.325,V
2457441.66047,2016-02-23.1608646,bg,1.43,15.883,>15.883,99.990,1.218,0.340,V
2457441.66174,2016-02-23.1621391,bg,1.40,15.773,>15.773,99.990,1.131,0.376,V
2457441.66302,2016-02-23.1634160,bg,1.44,15.844,>15.844,99.990,0.606,0.353,V
2457442.51703,2016-02-24.0174181,bg,1.51,16.145,>16.145,99.990,0.930,0.267,V
2457442.51842,2016-02-24.0188123,bg,1.53,16.078,15.858,0.179,1.740,0.284,V
2457442.51972,2016-02-24.0201104,bg,1.54,16.032,>16.032,99.990,1.180,0.296,V
2457445.64959,2016-02-27.1499369,bg,1.44,16.405,16.202,0.182,1.268,0.210,V
2457445.65088,2016-02-27.1512281,bg,1.42,16.335,>16.335,99.990,0.963,0.224,V
2457445.65218,2016-02-27.1525228,bg,1.40,16.220,16.094,0.195,1.401,0.249,V
2457447.64405,2016-02-29.1443673,bg,1.45,16.554,15.947,0.125,1.604,0.183,V
2457447.64534,2016-02-29.1456577,bg,1.42,16.540,16.046,0.139,1.464,0.186,V
2457447.64662,2016-02-29.1469434,bg,1.46,16.534,16.462,0.205,0.998,0.187,V
2457451.63463,2016-03-04.1348865,bg,2.03,16.679,16.332,0.159,1.125,0.163,V
2457451.63591,2016-03-04.1361770,bg,2.01,16.709,16.144,0.130,1.338,0.159,V
2457451.63721,2016-03-04.1374737,bg,1.96,16.790,16.202,0.127,1.268,0.148,V
2457453.62635,2016-03-06.1265795,bg,1.66,16.511,16.059,0.145,1.446,0.191,V
2457453.62765,2016-03-06.1278842,bg,1.63,16.526,16.223,0.166,1.244,0.188,V
2457453.62894,2016-03-06.1291673,bg,1.63,16.591,16.194,0.152,1.277,0.177,V
2457458.60156,2016-03-11.1017261,bg,1.43,16.605,16.199,0.151,1.271,0.175,V
2457458.60285,2016-03-11.1030119,bg,1.43,16.578,15.908,0.118,1.662,0.179,V
2457458.60413,2016-03-11.1042874,bg,1.44,16.682,15.817,0.099,1.807,0.163,V
2457461.53288,2016-03-14.0330012,bf,1.44,16.437,16.007,0.147,1.518,0.204,V
2457461.54071,2016-03-14.0408324,bg,1.40,16.501,16.154,0.159,1.325,0.193,V
2457461.54200,2016-03-14.0421185,bg,1.40,16.533,16.117,0.149,1.371,0.187,V
2457461.54329,2016-03-14.0434099,bg,1.37,16.560,16.415,0.192,1.043,0.182,V
2457465.59135,2016-03-18.0914090,bg,1.35,15.232,>15.232,99.990,0.153,0.620,V
2457465.59289,2016-03-18.0929490,bg,1.38,15.239,>15.239,99.990,1.126,0.616,V
2457465.59419,2016-03-18.0942527,bg,1.37,15.278,>15.278,99.990,2.409,0.594,V
2457466.59207,2016-03-19.0921122,bg,1.46,15.288,>15.288,99.990,1.108,0.589,V
2457466.59302,2016-03-19.0930604,bg,1.37,15.087,>15.087,99.990,1.568,0.708,V
2457466.59398,2016-03-19.0940216,bg,1.37,15.189,>15.189,99.990,1.788,0.645,V
2457467.56351,2016-03-20.0635423,bg,1.57,16.186,15.642,0.133,2.124,0.257,V
2457467.56480,2016-03-20.0648282,bg,1.56,16.147,15.758,0.153,1.909,0.267,V
2457467.56613,2016-03-20.0661616,bg,1.50,16.233,16.041,0.184,1.470,0.246,V
2457469.58659,2016-03-22.0865899,bg,2.00,99.990,99.990,99.990,99.990,99.990,V
2457469.58789,2016-03-22.0878861,bg,2.04,15.700,>15.700,99.990,1.924,0.403,V
2457469.58918,2016-03-22.0891776,bg,2.02,15.889,>15.889,99.990,0.906,0.338,V
2457473.56660,2016-03-26.0665413,bg,1.49,16.381,16.167,0.180,1.309,0.215,V
2457473.56789,2016-03-26.0678290,bg,1.45,16.270,16.022,0.174,1.497,0.238,V
2457473.56917,2016-03-26.0691136,bg,1.50,16.197,>16.197,99.990,0.928,0.255,V
2457475.48967,2016-03-27.9895846,bg,1.83,16.541,16.142,0.152,1.340,0.186,V
2457475.49096,2016-03-27.9908642,bg,1.92,16.536,15.970,0.130,1.569,0.186,V
2457475.49224,2016-03-27.9921518,bg,1.93,16.534,16.020,0.136,1.500,0.187,V
2457479.54942,2016-04-01.0492709,bg,1.54,99.990,99.990,99.990,99.990,99.990,V
2457479.55072,2016-04-01.0505696,bg,1.57,99.990,99.990,99.990,99.990,99.990,V
2457479.55201,2016-04-01.0518605,bg,1.52,99.990,99.990,99.990,99.990,99.990,V
2457485.53278,2016-04-07.0325473,bg,1.37,16.602,16.024,0.129,1.495,0.175,V
2457485.53407,2016-04-07.0338334,bg,1.40,16.758,16.022,0.111,1.497,0.152,V
2457485.53537,2016-04-07.0351364,bg,1.40,99.990,99.990,99.990,99.990,99.990,V
2457589.94147,2016-07-20.4406910,bg,1.40,15.736,>15.736,99.990,1.635,0.389,V
2457589.94276,2016-07-20.4419796,bg,1.40,15.816,>15.816,99.990,1.408,0.362,V
2457589.94405,2016-07-20.4432692,bg,1.37,15.687,>15.687,99.990,0.791,0.408,V
2457592.93859,2016-07-23.4378320,bg,1.56,16.065,>16.065,99.990,1.187,0.288,V
2457592.93988,2016-07-23.4391157,bg,1.44,16.015,>16.015,99.990,1.293,0.301,V
2457592.94117,2016-07-23.4404070,bg,1.47,16.021,>16.021,99.990,1.031,0.300,V
2457598.92494,2016-07-29.4242209,bg,1.43,16.409,>16.409,99.990,0.886,0.210,V
2457598.92624,2016-07-29.4255245,bg,1.45,16.283,15.969,0.164,1.572,0.235,V
2457598.92752,2016-07-29.4268085,bg,1.50,16.623,>16.623,99.990,0.781,0.172,V
2457605.91140,2016-08-05.4107537,bg,1.35,16.739,16.511,0.178,0.953,0.155,V
2457605.91269,2016-08-05.4120390,bg,1.39,16.784,16.528,0.173,0.939,0.148,V
2457605.91398,2016-08-05.4133281,bg,1.37,16.829,16.279,0.132,1.181,0.142,V
2457608.90465,2016-08-08.4040298,bg,1.45,16.720,16.366,0.158,1.091,0.157,V
2457608.90594,2016-08-08.4053166,bg,1.48,16.537,16.259,0.170,1.203,0.186,V
2457608.90722,2016-08-08.4066033,bg,1.41,16.725,16.566,0.189,0.907,0.157,V
2457610.90510,2016-08-10.4044990,bg,1.58,16.743,16.281,0.143,1.180,0.154,V
2457610.90639,2016-08-10.4057922,bg,1.54,16.667,16.333,0.161,1.123,0.165,V
2457610.90768,2016-08-10.4070822,bg,1.57,16.725,16.702,0.215,0.800,0.157,V
2457612.89146,2016-08-12.3908787,bg,1.65,16.621,16.287,0.161,1.172,0.172,V
2457612.89274,2016-08-12.3921613,bg,1.58,16.603,16.489,0.197,0.974,0.175,V
2457614.89223,2016-08-14.3916763,bg,1.38,16.505,16.347,0.189,1.109,0.192,V
2457614.89352,2016-08-14.3929628,bg,1.39,16.638,16.388,0.174,1.069,0.170,V
2457617.87766,2016-08-17.3771424,bg,1.47,16.040,>16.040,99.990,0.661,0.295,V
2457617.87896,2016-08-17.3784355,bg,1.50,15.994,>15.994,99.990,0.558,0.307,V
2457617.88024,2016-08-17.3797179,bg,1.50,15.983,>15.983,99.990,0.933,0.310,V
2457621.87492,2016-08-21.3744497,bg,1.42,16.138,>16.138,99.990,0.811,0.269,V
2457621.87624,2016-08-21.3757633,bg,1.39,16.152,16.084,0.206,1.414,0.266,V
2457621.87752,2016-08-21.3770472,bg,1.36,16.079,>16.079,99.990,0.833,0.284,V
2457624.86438,2016-08-24.3639490,bg,1.45,16.422,>16.422,99.990,0.939,0.207,V
2457624.86567,2016-08-24.3652384,bg,1.42,16.383,16.375,0.218,1.081,0.215,V
2457624.86695,2016-08-24.3665145,bg,1.42,16.436,16.272,0.188,1.189,0.204,V
2457629.85177,2016-08-29.3514041,bg,1.38,16.746,16.727,0.215,0.782,0.154,V
2457629.85307,2016-08-29.3526988,bg,1.38,16.667,16.567,0.200,0.906,0.165,V
2457629.85435,2016-08-29.3539887,bg,1.38,99.990,99.990,99.990,99.990,99.990,V
2457633.83356,2016-09-02.3332425,bg,1.48,16.739,16.504,0.177,0.960,0.155,V
2457633.83485,2016-09-02.3345317,bg,1.47,99.990,99.990,99.990,99.990,99.990,V
2457633.83612,2016-09-02.3358093,bg,1.48,99.990,99.990,99.990,99.990,99.990,V
2457636.86848,2016-09-05.3682053,bg,1.56,99.990,99.990,99.990,99.990,99.990,V
2457636.86977,2016-09-05.3694927,bg,1.56,99.990,99.990,99.990,99.990,99.990,V
2457636.87105,2016-09-05.3707805,bg,1.56,99.990,99.990,99.990,99.990,99.990,V
2457639.81988,2016-09-08.3196474,bg,1.43,16.621,>16.621,99.990,0.857,0.172,V
2457639.82118,2016-09-08.3209498,bg,1.42,16.717,16.567,0.191,0.906,0.158,V
2457639.82247,2016-09-08.3222415,bg,1.40,16.464,>16.464,99.990,0.885,0.199,V
2457642.84060,2016-09-11.3404094,bg,1.41,16.573,16.365,0.181,1.092,0.180,V
2457642.84189,2016-09-11.3416980,bg,1.40,16.348,>16.348,99.990,0.719,0.222,V
2457642.84317,2016-09-11.3429814,bg,1.38,16.244,16.167,0.204,1.310,0.244,V
2457645.80011,2016-09-14.2999628,bg,1.55,16.115,>16.115,99.990,1.029,0.275,V
2457645.80140,2016-09-14.3012607,bg,1.46,16.073,>16.073,99.990,1.009,0.286,V
2457645.80270,2016-09-14.3025592,bg,1.48,16.104,>16.104,99.990,0.954,0.277,V
2457649.80151,2016-09-18.3014218,bg,1.56,16.031,>16.031,99.990,1.085,0.297,V
2457649.80280,2016-09-18.3027115,bg,1.55,15.878,>15.878,99.990,1.249,0.342,V
2457649.80409,2016-09-18.3040013,bg,1.55,15.969,>15.969,99.990,1.196,0.314,V
2457651.79423,2016-09-20.2941752,bg,1.49,16.064,>16.064,99.990,1.334,0.288,V
2457651.79552,2016-09-20.2954625,bg,1.49,16.056,15.891,0.188,1.689,0.290,V
2457651.79681,2016-09-20.2967524,bg,1.40,15.856,>15.856,99.990,1.054,0.349,V
2457654.78149,2016-09-23.2814738,bg,1.38,16.520,>16.520,99.990,0.907,0.189,V
2457655.77689,2016-09-24.2768910,bg,1.37,16.589,16.396,0.183,1.060,0.178,V
2457655.77817,2016-09-24.2781780,bg,1.39,16.582,>16.582,99.990,0.669,0.179,V
2457655.77946,2016-09-24.2794650,bg,1.42,16.585,16.302,0.169,1.156,0.178,V
2457658.77489,2016-09-27.2749390,bg,1.46,16.716,16.288,0.148,1.171,0.158,V
2457658.77618,2016-09-27.2762265,bg,1.42,16.671,16.479,0.184,0.983,0.165,V
2457658.77747,2016-09-27.2775134,bg,1.46,16.532,15.973,0.131,1.567,0.187,V
2457661.75665,2016-09-30.2567420,bg,1.43,99.990,99.990,99.990,99.990,99.990,V
2457661.75795,2016-09-30.2580412,bg,1.45,99.990,99.990,99.990,99.990,99.990,V
2457661.75924,2016-09-30.2593306,bg,1.44,99.990,99.990,99.990,99.990,99.990,V
2457662.76528,2016-10-01.2653804,bg,1.42,99.990,99.990,99.990,99.990,99.990,V
2457662.76656,2016-10-01.2666684,bg,1.36,16.800,16.486,0.164,0.976,0.146,V
2457662.76785,2016-10-01.2679579,bg,1.39,99.990,99.990,99.990,99.990,99.990,V
2457666.74466,2016-10-05.2448187,bg,1.37,16.566,16.115,0.145,1.374,0.181,V
2457668.73757,2016-10-07.2377621,bg,1.42,16.572,16.331,0.175,1.127,0.180,V
2457668.73892,2016-10-07.2391084,bg,1.40,16.708,16.404,0.166,1.053,0.159,V
2457668.74020,2016-10-07.2403958,bg,1.39,16.764,16.363,0.151,1.093,0.151,V
2457671.73902,2016-10-10.2392597,bg,1.43,16.623,16.340,0.169,1.117,0.172,V
2457671.74032,2016-10-10.2405592,bg,1.38,16.462,>16.462,99.990,0.919,0.200,V
2457671.74161,2016-10-10.2418480,bg,1.40,16.543,>16.543,99.990,0.908,0.185,V
2457682.80064,2016-10-21.3010246,bg,1.39,15.802,>15.802,99.990,1.330,0.366,V
2457682.80193,2016-10-21.3023195,bg,1.35,15.646,>15.646,99.990,1.204,0.423,V
2457682.80324,2016-10-21.3036223,bg,1.37,15.638,>15.638,99.990,1.283,0.426,V
2457683.86294,2016-10-22.3633379,bg,1.48,16.495,16.162,0.161,1.316,0.194,V
2457683.86532,2016-10-22.3657269,bg,1.46,16.578,16.372,0.181,1.085,0.179,V
2457683.87945,2016-10-22.3798509,bg,1.46,15.691,>15.691,99.990,1.168,0.406,V
2457684.85531,2016-10-23.3557274,bg,1.81,16.516,16.230,0.168,1.236,0.190,V
2457684.85660,2016-10-23.3570196,bg,1.83,16.553,16.232,0.163,1.233,0.184,V
2457684.85789,2016-10-23.3583096,bg,1.97,99.990,99.990,99.990,99.990,99.990,V
2457687.68639,2016-10-26.1868399,bg,1.48,16.681,16.238,0.146,1.227,0.163,V
2457687.68769,2016-10-26.1881394,bg,1.46,16.554,>16.554,99.990,0.853,0.183,V
2457687.68899,2016-10-26.1894410,bg,1.44,16.708,16.229,0.141,1.237,0.159,V
2457690.70381,2016-10-29.2042937,bg,1.39,16.676,16.049,0.123,1.460,0.164,V
2457690.70513,2016-10-29.2056177,bg,1.42,16.659,16.515,0.192,0.951,0.167,V
2457690.70642,2016-10-29.2069089,bg,1.40,16.707,16.597,0.198,0.881,0.159,V
2457695.82804,2016-11-03.3285923,bg,1.38,16.689,16.410,0.169,1.047,0.162,V
2457695.82933,2016-11-03.3298806,bg,1.38,16.695,16.491,0.182,0.971,0.161,V
2457695.83064,2016-11-03.3311899,bg,1.39,16.722,16.532,0.184,0.935,0.157,V
2457699.66273,2016-11-07.1633187,bg,1.42,16.438,>16.438,99.990,0.961,0.204,V
2457699.66405,2016-11-07.1646415,bg,1.40,16.629,15.938,0.116,1.616,0.171,V
2457699.66535,2016-11-07.1659427,bg,1.41,16.501,15.830,0.118,1.786,0.193,V
2457700.78569,2016-11-08.2862981,bg,1.45,16.640,>16.640,99.990,0.746,0.169,V
2457700.78699,2016-11-08.2875880,bg,1.43,99.990,99.990,99.990,99.990,99.990,V
2457700.78828,2016-11-08.2888862,bg,1.43,16.718,16.171,0.132,1.305,0.158,V
2457703.75402,2016-11-11.2546523,bg,1.35,16.169,>16.169,99.990,1.044,0.261,V
2457703.75531,2016-11-11.2559429,bg,1.36,15.950,>15.950,99.990,0.888,0.320,V
2457703.75661,2016-11-11.2572442,bg,1.35,99.990,99.990,99.990,99.990,99.990,V
2457707.72738,2016-11-15.2280498,bg,1.95,15.644,>15.644,99.990,0.425,0.424,V
2457709.74216,2016-11-17.2428537,bg,1.42,16.191,>16.191,99.990,0.361,0.256,V
2457709.74345,2016-11-17.2441392,bg,1.49,16.133,16.052,0.203,1.456,0.270,V
2457709.74474,2016-11-17.2454326,bg,1.45,16.063,>16.063,99.990,1.408,0.288,V
2457711.72164,2016-11-19.2223466,bg,1.48,16.324,>16.324,99.990,1.120,0.227,V
2457711.72294,2016-11-19.2236444,bg,1.48,16.415,>16.415,99.990,0.710,0.208,V
2457711.72423,2016-11-19.2249319,bg,1.46,16.420,16.283,0.193,1.176,0.208,V
2457713.61613,2016-11-21.1168484,bg,1.70,16.671,16.533,0.193,0.934,0.165,V
2457713.61741,2016-11-21.1181368,bg,1.64,99.990,99.990,99.990,99.990,99.990,V
2457713.61871,2016-11-21.1194268,bg,1.58,99.990,99.990,99.990,99.990,99.990,V
2457717.74758,2016-11-25.2483326,bg,1.51,16.706,16.252,0.144,1.211,0.160,V
2457717.74887,2016-11-25.2496203,bg,1.44,16.587,16.419,0.188,1.038,0.178,V
2457717.75015,2016-11-25.2509025,bg,1.42,16.569,16.548,0.215,0.922,0.181,V
2457719.80631,2016-11-27.3070784,bg,1.46,99.990,99.990,99.990,99.990,99.990,V
2457719.80761,2016-11-27.3083810,bg,1.44,16.701,16.450,0.174,1.009,0.160,V
2457719.80891,2016-11-27.3096785,bg,1.45,16.629,>16.629,99.990,0.683,0.171,V
2457722.63537,2016-11-30.1361516,bg,1.46,16.601,16.581,0.215,0.894,0.176,V
2457722.63667,2016-11-30.1374547,bg,1.53,16.596,16.235,0.157,1.230,0.176,V
2457722.63795,2016-11-30.1387373,bg,1.49,16.831,16.392,0.146,1.065,0.142,V
2457728.61096,2016-12-06.1117780,bg,1.59,16.706,16.482,0.178,0.980,0.159,V
2457728.61229,2016-12-06.1131034,bg,1.61,16.540,16.230,0.165,1.236,0.186,V
2457728.61357,2016-12-06.1143800,bg,1.55,16.453,>16.453,99.990,0.739,0.201,V
2457730.78564,2016-12-08.2864633,bg,1.59,99.990,99.990,99.990,99.990,99.990,V
2457730.78693,2016-12-08.2877543,bg,1.51,16.475,16.442,0.212,1.017,0.197,V
2457730.78822,2016-12-08.2890437,bg,1.44,16.536,16.179,0.158,1.296,0.186,V
2457738.75575,2016-12-16.2565931,bg,1.49,15.909,>15.909,99.990,1.279,0.332,V
2457738.75705,2016-12-16.2578937,bg,1.45,15.932,>15.932,99.990,1.195,0.325,V
2457738.75833,2016-12-16.2591793,bg,1.48,15.955,>15.955,99.990,0.534,0.318,V
2457740.70536,2016-12-18.2062109,bg,1.38,16.350,>16.350,99.990,0.824,0.221,V
2457741.74929,2016-12-19.2501359,bg,1.43,16.215,>16.215,99.990,1.096,0.251,V
2457741.75057,2016-12-19.2514217,bg,1.44,16.431,16.326,0.199,1.131,0.205,V
2457741.75186,2016-12-19.2527138,bg,1.48,16.341,>16.341,99.990,0.808,0.223,V
2457743.69794,2016-12-21.1987906,bg,1.43,16.836,16.354,0.140,1.103,0.141,V
2457743.69923,2016-12-21.2000842,bg,1.39,16.642,16.381,0.172,1.075,0.169,V
2457743.70053,2016-12-21.2013821,bg,1.43,16.614,16.444,0.187,1.015,0.173,V
2457747.82472,2016-12-25.3255675,bg,1.36,16.548,16.532,0.216,0.935,0.184,V
2457747.82599,2016-12-25.3268451,bg,1.36,16.561,16.245,0.164,1.218,0.182,V
2457747.82728,2016-12-25.3281346,bg,1.35,16.664,16.502,0.189,0.962,0.166,V
2457751.55771,2016-12-29.0585603,bg,1.93,16.503,16.270,0.177,1.191,0.192,V
2457751.55900,2016-12-29.0598442,bg,1.87,16.504,>16.504,99.990,0.899,0.192,V
2457751.56029,2016-12-29.0611326,bg,1.86,16.476,16.448,0.214,1.010,0.197,V
2457754.69679,2017-01-01.1976324,bg,1.57,99.990,99.990,99.990,99.990,99.990,V
2457754.69807,2017-01-01.1989090,bg,1.56,99.990,99.990,99.990,99.990,99.990,V
2457754.69936,2017-01-01.2001980,bg,1.55,16.652,>16.652,99.990,0.809,0.168,V
2457757.70511,2017-01-04.2059396,bg,1.44,16.727,16.318,0.150,1.139,0.156,V
2457757.70639,2017-01-04.2072268,bg,1.43,16.701,16.546,0.190,0.924,0.160,V
2457757.70767,2017-01-04.2084998,bg,1.40,16.773,16.516,0.173,0.949,0.150,V
2457759.53069,2017-01-06.0315148,bg,1.51,14.588,>14.588,99.990,0.755,1.121,V
2457759.53197,2017-01-06.0327931,bg,1.61,15.218,>15.218,99.990,1.515,0.628,V
2457759.53327,2017-01-06.0340910,bg,1.55,14.987,>14.987,99.990,0.969,0.777,V
2457761.55844,2017-01-08.0592585,bg,1.38,16.166,15.993,0.187,1.537,0.262,V
2457761.55974,2017-01-08.0605589,bg,1.37,16.289,>16.289,99.990,0.995,0.234,V
2457761.56102,2017-01-08.0618336,bg,1.39,16.098,>16.098,99.990,0.591,0.279,V
2457763.60159,2017-01-10.1024019,bg,1.40,16.077,>16.077,99.990,0.807,0.285,V
2457763.60287,2017-01-10.1036850,bg,1.38,16.175,>16.175,99.990,0.611,0.260,V
2457763.60417,2017-01-10.1049839,bg,1.40,16.139,>16.139,99.990,1.078,0.269,V
2457765.76047,2017-01-12.2612645,bg,1.38,15.619,>15.619,99.990,1.095,0.434,V
2457765.76175,2017-01-12.2625510,bg,1.40,15.576,>15.576,99.990,1.984,0.451,V
2457765.76305,2017-01-12.2638493,bg,1.40,15.637,>15.637,99.990,0.123,0.427,V
2457767.65580,2017-01-14.1565854,bg,1.38,15.933,>15.933,99.990,0.608,0.325,V
2457767.65709,2017-01-14.1578756,bg,1.36,15.912,>15.912,99.990,1.176,0.331,V
2457767.65837,2017-01-14.1591619,bg,1.34,16.086,>16.086,99.990,1.233,0.282,V
2457770.74522,2017-01-17.2459883,bg,1.45,99.990,99.990,99.990,99.990,99.990,V
2457770.74652,2017-01-17.2472879,bg,1.43,16.181,>16.181,99.990,0.813,0.259,V
2457770.74780,2017-01-17.2485717,bg,1.40,16.231,>16.231,99.990,1.037,0.247,V
2457771.63566,2017-01-18.1364261,bg,1.34,99.990,99.990,99.990,99.990,99.990,V
2457771.63693,2017-01-18.1376928,bg,1.36,99.990,99.990,99.990,99.990,99.990,V
2457771.63822,2017-01-18.1389832,bg,1.36,16.712,16.640,0.205,0.847,0.159,V
2457774.65319,2017-01-21.1539343,bg,1.37,99.990,99.990,99.990,99.990,99.990,V
2457774.65448,2017-01-21.1552248,bg,1.36,99.990,99.990,99.990,99.990,99.990,V
2457774.65577,2017-01-21.1565070,bg,1.34,99.990,99.990,99.990,99.990,99.990,V
2457778.56624,2017-01-25.0669523,bg,1.40,16.399,>16.399,99.990,0.952,0.211,V
2457778.56753,2017-01-25.0682388,bg,1.40,16.416,16.241,0.187,1.223,0.208,V
2457778.56882,2017-01-25.0695331,bg,1.39,99.990,99.990,99.990,99.990,99.990,V
2457780.64221,2017-01-27.1428981,bg,1.38,99.990,99.990,99.990,99.990,99.990,V
2457780.64351,2017-01-27.1442055,bg,1.38,16.586,16.563,0.215,0.909,0.178,V
2457780.64481,2017-01-27.1455034,bg,1.36,16.501,16.428,0.205,1.030,0.192,V
2457782.71384,2017-01-29.2145177,bg,1.39,99.990,99.990,99.990,99.990,99.990,V
2457782.71514,2017-01-29.2158186,bg,1.38,16.551,16.310,0.175,1.148,0.184,V
2457782.71646,2017-01-29.2171322,bg,1.40,16.439,>16.439,99.990,0.987,0.204,V
2457784.66319,2017-01-31.16385,bg,1.41,99.990,99.990,99.990,99.990,99.990,V
2457784.66450,2017-01-31.1651541,bg,1.41,99.990,99.990,99.990,99.990,99.990,V
2457784.66581,2017-01-31.1664649,bg,1.43,99.990,99.990,99.990,99.990,99.990,V
2457787.61441,2017-02-03.1150347,bg,1.39,99.990,99.990,99.990,99.990,99.990,V
2457787.61572,2017-02-03.1163462,bg,1.39,16.321,>16.321,99.990,0.725,0.227,V
2457787.61703,2017-02-03.1176550,bg,1.40,16.421,>16.421,99.990,0.979,0.207,V
2457791.59246,2017-02-07.0930445,bg,1.37,16.227,16.114,0.198,1.375,0.248,V
2457791.59376,2017-02-07.0943418,bg,1.39,16.164,>16.164,99.990,0.819,0.263,V
2457791.59508,2017-02-07.0956681,bg,1.37,16.237,>16.237,99.990,0.512,0.246,V
2457795.61730,2017-02-11.1178348,bg,1.57,15.660,>15.660,99.990,0.410,0.418,V
2457795.61864,2017-02-11.1191824,bg,1.57,15.450,>15.450,99.990,0.235,0.507,V
2457795.61994,2017-02-11.1204829,bg,1.60,15.464,>15.464,99.990,1.942,0.500,V
2457797.60458,2017-02-13.1050965,bg,1.42,15.978,>15.978,99.990,0.534,0.312,V
2457797.60589,2017-02-13.1064060,bg,1.37,16.161,>16.161,99.990,0.884,0.263,V
2457797.60719,2017-02-13.1077049,bg,1.45,16.028,>16.028,99.990,1.430,0.298,V
2457799.67011,2017-02-15.1705973,bg,1.35,16.157,>16.157,99.990,0.561,0.264,V
2457799.67141,2017-02-15.1718979,bg,1.37,16.110,16.091,0.215,1.405,0.276,V
2457799.67270,2017-02-15.1731972,bg,1.37,16.076,15.788,0.168,1.857,0.285,V
2457800.59416,2017-02-16.0946434,bg,1.45,16.596,16.161,0.147,1.316,0.176,V
2457800.59547,2017-02-16.0959497,bg,1.38,99.990,99.990,99.990,99.990,99.990,V
2457800.59678,2017-02-16.0972635,bg,1.41,16.685,16.259,0.148,1.203,0.163,V
2457803.57637,2017-02-19.0768094,bg,1.45,99.990,99.990,99.990,99.990,99.990,V
2457803.57768,2017-02-19.0781240,bg,1.43,99.990,99.990,99.990,99.990,99.990,V
2457803.57898,2017-02-19.0794268,bg,1.42,99.990,99.990,99.990,99.990,99.990,V
2457806.62929,2017-02-22.1296917,bg,1.35,99.990,99.990,99.990,99.990,99.990,V
2457806.63062,2017-02-22.1310196,bg,1.37,16.636,16.536,0.200,0.933,0.170,V
2457806.63192,2017-02-22.1323203,bg,1.40,99.990,99.990,99.990,99.990,99.990,V
2457808.63762,2017-02-24.1379939,bg,1.44,99.990,99.990,99.990,99.990,99.990,V
2457808.63892,2017-02-24.1392971,bg,1.39,99.990,99.990,99.990,99.990,99.990,V
2457808.64022,2017-02-24.1405936,bg,1.41,16.608,>16.608,99.990,0.714,0.175,V
2457816.63109,2017-03-04.1313540,bg,1.49,99.990,99.990,99.990,99.990,99.990,V
2457816.63238,2017-03-04.1326512,bg,1.52,99.990,99.990,99.990,99.990,99.990,V
2457816.63369,2017-03-04.1339540,bg,1.49,16.638,>16.638,99.990,0.808,0.170,V
2457818.58869,2017-03-06.0889291,bg,1.41,16.236,>16.236,99.990,0.766,0.246,V
2457818.59003,2017-03-06.0902708,bg,1.40,16.212,16.164,0.210,1.313,0.251,V
2457818.59133,2017-03-06.0915699,bg,1.40,16.396,>16.396,99.990,0.930,0.212,V
2457822.61491,2017-03-10.1150863,bg,1.46,16.051,>16.051,99.990,1.064,0.291,V
2457822.61618,2017-03-10.1163655,bg,1.47,15.962,>15.962,99.990,1.297,0.316,V
2457822.61748,2017-03-10.1176586,bg,1.43,16.020,>16.020,99.990,0.908,0.300,V
2457824.60061,2017-03-12.1007622,bg,1.36,15.808,>15.808,99.990,0.928,0.365,V
2457824.60192,2017-03-12.1020702,bg,1.38,15.796,>15.796,99.990,0.583,0.369,V
2457824.60323,2017-03-12.1033826,bg,1.37,15.705,>15.705,99.990,1.403,0.401,V
2457826.54564,2017-03-14.0457675,bg,1.47,15.843,>15.843,99.990,1.267,0.353,V
2457826.54694,2017-03-14.0470620,bg,1.42,15.925,>15.925,99.990,1.085,0.327,V
2457826.54824,2017-03-14.0483622,bg,1.45,15.954,>15.954,99.990,0.759,0.319,V
2457828.59977,2017-03-16.0998557,bg,1.39,16.076,>16.076,99.990,1.264,0.285,V
2457828.60106,2017-03-16.1011575,bg,1.37,16.296,>16.296,99.990,0.424,0.233,V
2457828.60237,2017-03-16.1024614,bg,1.41,16.206,15.869,0.161,1.723,0.253,V
2457830.56202,2017-03-18.0620829,bg,1.34,99.990,99.990,99.990,99.990,99.990,V
2457830.56333,2017-03-18.0633959,bg,1.38,99.990,99.990,99.990,99.990,99.990,V
2457830.56464,2017-03-18.0647035,bg,1.38,99.990,99.990,99.990,99.990,99.990,V
2457833.58900,2017-03-21.0890128,bg,1.35,99.990,99.990,99.990,99.990,99.990,V
2457833.59031,2017-03-21.0903259,bg,1.41,99.990,99.990,99.990,99.990,99.990,V
2457833.59163,2017-03-21.0916450,bg,1.38,99.990,99.990,99.990,99.990,99.990,V
2457835.58135,2017-03-23.0813379,bg,1.41,99.990,99.990,99.990,99.990,99.990,V
2457835.58265,2017-03-23.0826385,bg,1.40,99.990,99.990,99.990,99.990,99.990,V
2457835.58395,2017-03-23.0839328,bg,1.46,99.990,99.990,99.990,99.990,99.990,V
2457840.57160,2017-03-28.0715113,bg,1.39,99.990,99.990,99.990,99.990,99.990,V
2457840.57307,2017-03-28.0729863,bg,1.40,99.990,99.990,99.990,99.990,99.990,V
2457840.57454,2017-03-28.0744476,bg,1.36,16.636,16.443,0.183,1.016,0.170,V
2457844.55024,2017-04-01.0500969,bg,1.44,99.990,99.990,99.990,99.990,99.990,V
2457844.55155,2017-04-01.0514057,bg,1.41,99.990,99.990,99.990,99.990,99.990,V
2457844.55287,2017-04-01.0527261,bg,1.41,99.990,99.990,99.990,99.990,99.990,V
2457845.52088,2017-04-02.0207184,bg,1.47,16.507,>16.507,99.990,0.712,0.191,V
2457845.52219,2017-04-02.0220255,bg,1.43,16.611,16.376,0.177,1.080,0.174,V
2457845.52349,2017-04-02.0233281,bg,1.43,99.990,99.990,99.990,99.990,99.990,V
2457846.54500,2017-04-03.0448274,bg,1.39,16.384,16.314,0.205,1.143,0.214,V
2457846.54630,2017-04-03.0461246,bg,1.39,16.405,16.222,0.185,1.245,0.210,V
2457846.54761,2017-04-03.0474332,bg,1.39,16.601,16.150,0.145,1.331,0.176,V
2457847.57063,2017-04-04.0704406,bg,1.37,16.353,>16.353,99.990,0.877,0.221,V
2457847.57194,2017-04-04.0717553,bg,1.38,16.320,>16.320,99.990,0.956,0.227,V
2457848.53137,2017-04-05.0311679,bg,1.43,16.214,>16.214,99.990,0.856,0.251,V
2457848.53268,2017-04-05.0324783,bg,1.42,16.249,16.239,0.217,1.226,0.243,V
2457848.53399,2017-04-05.0337929,bg,1.42,16.334,>16.334,99.990,0.708,0.224,V
2457850.53632,2017-04-07.0360910,bg,1.41,16.137,>16.137,99.990,1.325,0.269,V
2457850.53762,2017-04-07.0373929,bg,1.44,16.158,>16.158,99.990,1.032,0.264,V
2457850.53892,2017-04-07.0386950,bg,1.45,16.076,>16.076,99.990,0.717,0.285,V
2457851.53087,2017-04-08.0306211,bg,1.54,16.023,>16.023,99.990,0.375,0.299,V
2457851.53213,2017-04-08.0318818,bg,1.55,16.098,>16.098,99.990,0.449,0.279,V
2457851.53339,2017-04-08.0331421,bg,1.62,16.143,>16.143,99.990,0.616,0.268,V
2457852.52682,2017-04-09.0265604,bg,1.80,15.929,>15.929,99.990,0.758,0.326,V
2457852.52809,2017-04-09.0278232,bg,1.69,15.950,>15.950,99.990,1.357,0.320,V
2457852.52935,2017-04-09.0290883,bg,1.73,15.943,>15.943,99.990,0.956,0.322,V
2457853.52543,2017-04-10.0251590,bg,1.68,15.871,>15.871,99.990,1.122,0.344,V
2457853.52671,2017-04-10.0264289,bg,1.74,15.846,>15.846,99.990,1.193,0.352,V
2457853.52797,2017-04-10.0276956,bg,1.78,15.949,>15.949,99.990,1.013,0.320,V
2457855.52040,2017-04-12.0201021,bg,1.51,16.011,>16.011,99.990,1.409,0.302,V
2457855.52167,2017-04-12.0213706,bg,1.50,15.915,>15.915,99.990,0.758,0.330,V
2457855.52294,2017-04-12.0226326,bg,1.52,15.829,>15.829,99.990,0.919,0.357,V
2457863.49520,2017-04-19.9947899,bg,1.37,99.990,99.990,99.990,99.990,99.990,V
2457863.49647,2017-04-19.9960633,bg,1.36,99.990,99.990,99.990,99.990,99.990,V
2457863.49775,2017-04-19.9973331,bg,1.39,99.990,99.990,99.990,99.990,99.990,V
2457864.49037,2017-04-20.9899487,bg,1.47,16.525,>16.525,99.990,0.849,0.188,V
2457864.49163,2017-04-20.9912085,bg,1.52,16.584,16.226,0.157,1.241,0.178,V
2457864.49290,2017-04-20.9924708,bg,1.46,16.648,16.587,0.207,0.889,0.168,V
2457865.48937,2017-04-21.9889406,bg,1.64,16.430,16.387,0.211,1.070,0.206,V
2457865.49062,2017-04-21.9901854,bg,1.71,16.590,16.441,0.191,1.017,0.177,V
2457865.49186,2017-04-21.9914261,bg,1.68,16.608,16.311,0.167,1.147,0.175,V
2457866.48569,2017-04-22.9852372,bg,1.62,16.587,16.299,0.168,1.160,0.178,V
2457866.48695,2017-04-22.9864988,bg,1.66,16.519,16.302,0.180,1.156,0.189,V
2457866.48821,2017-04-22.9877671,bg,1.62,16.510,>16.510,99.990,0.954,0.191,V
2457867.46186,2017-04-23.9614026,bg,1.99,15.593,>15.593,99.990,-0.174,0.444,V
2457867.46313,2017-04-23.9626659,bg,1.87,15.811,>15.811,99.990,0.405,0.363,V
2457867.46440,2017-04-23.9639405,bg,1.97,15.960,>15.960,99.990,0.908,0.317,V
2457869.47620,2017-04-25.9757157,bg,1.37,99.990,99.990,99.990,99.990,99.990,V
2457869.47747,2017-04-25.9769858,bg,1.35,99.990,99.990,99.990,99.990,99.990,V
2457869.47876,2017-04-25.9782703,bg,1.37,16.735,16.522,0.180,0.944,0.155,V
2457870.46003,2017-04-26.9595280,bg,1.66,15.704,>15.704,99.990,1.395,0.401,V
2457870.46129,2017-04-26.9607917,bg,1.65,15.872,>15.872,99.990,1.613,0.344,V
2457870.46255,2017-04-26.9620565,bg,1.57,15.947,>15.947,99.990,0.591,0.321,V
2457871.47122,2017-04-27.9707061,bg,1.63,16.450,16.170,0.169,1.305,0.202,V
2457871.47248,2017-04-27.9719689,bg,1.55,16.449,16.327,0.196,1.130,0.202,V
2457871.47374,2017-04-27.9732292,bg,1.57,16.642,>16.642,99.990,0.635,0.169,V
2457874.46157,2017-04-30.9610271,bg,2.01,16.081,>16.081,99.990,1.309,0.284,V
2457874.46284,2017-04-30.9622891,bg,1.96,16.080,15.956,0.196,1.590,0.284,V
2457874.46417,2017-04-30.9636228,bg,1.94,16.128,>16.128,99.990,0.910,0.271,V
2457956.93777,2017-07-22.4370004,bg,1.47,16.587,>16.587,99.990,0.665,0.178,V
2457956.93903,2017-07-22.4382620,bg,1.44,16.319,>16.319,99.990,0.925,0.228,V
2457956.94030,2017-07-22.4395243,bg,1.49,16.343,>16.343,99.990,0.996,0.223,V
2457958.93066,2017-07-24.4299069,bg,1.46,16.578,16.529,0.210,0.938,0.179,V
2457958.93193,2017-07-24.4311736,bg,1.43,16.570,16.413,0.190,1.043,0.181,V
2457958.93319,2017-07-24.4324363,bg,1.45,16.504,16.214,0.168,1.253,0.192,V
2457961.92794,2017-07-27.4272091,bg,1.69,15.219,>15.219,99.990,2.195,0.627,V
2457961.92921,2017-07-27.4284766,bg,1.64,15.420,>15.420,99.990,0.455,0.521,V
2457961.93047,2017-07-27.4297407,bg,1.56,14.961,>14.961,99.990,1.493,0.795,V
2457963.91691,2017-07-29.4161915,bg,1.65,14.938,>14.938,99.990,1.082,0.812,V
2457963.91817,2017-07-29.4174607,bg,1.58,16.316,>16.316,99.990,0.912,0.228,V
2457963.91943,2017-07-29.4187232,bg,1.53,15.376,>15.376,99.990,1.052,0.543,V
2457969.92682,2017-08-04.4261562,bg,1.53,16.653,16.649,0.218,0.840,0.167,V
2457969.92808,2017-08-04.4274223,bg,1.55,16.608,>16.608,99.990,0.668,0.174,V
2457969.92935,2017-08-04.4286843,bg,1.53,16.562,16.323,0.176,1.134,0.182,V
2457971.90729,2017-08-06.4066475,bg,1.41,16.119,>16.119,99.990,0.255,0.274,V
2457971.90855,2017-08-06.4079126,bg,1.46,16.092,>16.092,99.990,1.155,0.281,V
2457971.90983,2017-08-06.4091804,bg,1.51,15.991,>15.991,99.990,0.440,0.308,V
2457979.88763,2017-08-14.3870731,bg,1.43,16.540,>16.540,99.990,0.722,0.186,V
2457979.88891,2017-08-14.3883490,bg,1.36,16.468,>16.468,99.990,0.800,0.199,V
2457979.89017,2017-08-14.3896123,bg,1.42,16.366,16.341,0.214,1.116,0.218,V
2457982.88471,2017-08-17.3841962,bg,1.37,16.505,16.194,0.165,1.277,0.192,V
2457982.88599,2017-08-17.3854636,bg,1.43,16.508,16.472,0.212,0.989,0.191,V
2457982.88725,2017-08-17.3867266,bg,1.39,16.589,>16.589,99.990,0.860,0.178,V
2457985.89498,2017-08-20.3945017,bg,1.44,16.580,>16.580,99.990,0.812,0.179,V
2457994.85105,2017-08-29.3506854,bg,1.75,99.990,99.990,99.990,99.990,99.990,V
2457994.85233,2017-08-29.3519615,bg,1.76,99.990,99.990,99.990,99.990,99.990,V
2457994.85359,2017-08-29.3532232,bg,1.78,99.990,99.990,99.990,99.990,99.990,V
2457998.83691,2017-09-02.3365915,bg,1.50,15.778,>15.778,99.990,0.641,0.375,V
2457998.83818,2017-09-02.3378659,bg,1.52,15.746,>15.746,99.990,0.784,0.386,V
2457998.83946,2017-09-02.3391403,bg,1.46,16.001,>16.001,99.990,0.980,0.305,V
2458003.83542,2017-09-07.3351680,bg,1.37,15.898,15.686,0.180,2.040,0.336,V
2458003.83670,2017-09-07.3364561,bg,1.44,15.902,>15.902,99.990,0.453,0.334,V
2458003.83798,2017-09-07.3377267,bg,1.38,15.788,>15.788,99.990,1.345,0.371,V
2458010.90745,2017-09-14.4073033,bg,1.43,16.202,>16.202,99.990,1.046,0.254,V
2458010.90871,2017-09-14.4085629,bg,1.44,16.104,>16.104,99.990,0.910,0.278,V
2458010.90997,2017-09-14.4098281,bg,1.42,16.221,>16.221,99.990,0.883,0.249,V
2458011.80533,2017-09-15.3051986,bg,1.65,16.548,16.494,0.208,0.969,0.184,V
2458011.80660,2017-09-15.3064685,bg,1.57,16.579,>16.579,99.990,0.531,0.179,V
2458011.80786,2017-09-15.3077314,bg,1.62,16.558,>16.558,99.990,0.869,0.183,V
2458014.78972,2017-09-18.2896290,bg,1.53,16.667,16.252,0.149,1.211,0.165,V
2458014.79099,2017-09-18.2909033,bg,1.51,16.558,>16.558,99.990,0.898,0.183,V
2458014.79226,2017-09-18.2921695,bg,1.48,16.642,16.166,0.141,1.311,0.169,V
2458019.78233,2017-09-23.2823217,bg,1.48,16.712,16.392,0.163,1.065,0.159,V
2458021.77558,2017-09-25.2755914,bg,1.53,16.531,16.152,0.154,1.328,0.187,V
2458021.77685,2017-09-25.2768587,bg,1.57,16.516,>16.516,99.990,0.611,0.190,V
2458021.77811,2017-09-25.2781243,bg,1.57,16.562,16.262,0.166,1.199,0.182,V
2458026.77287,2017-09-30.2729532,bg,1.72,99.990,99.990,99.990,99.990,99.990,V
2458028.75388,2017-10-02.2540001,bg,1.46,16.093,>16.093,99.990,0.771,0.280,V
2458028.75515,2017-10-02.2552645,bg,1.39,16.111,>16.111,99.990,1.318,0.276,V
2458028.75641,2017-10-02.2565299,bg,1.39,16.129,>16.129,99.990,0.955,0.271,V
2458029.78595,2017-10-03.2860935,bk,2.23,16.332,>16.332,99.990,0.757,0.213,g
2458029.78717,2017-10-03.2873061,bk,2.17,16.632,>16.632,99.990,0.725,0.161,g
2458029.78839,2017-10-03.2885283,bk,2.19,16.297,>16.297,99.990,0.795,0.220,g
2458030.75023,2017-10-04.2503775,bg,1.37,13.591,>13.591,99.990,-2.703,2.810,V
2458030.75149,2017-10-04.2516402,bg,1.42,99.990,99.990,99.990,99.990,99.990,V
2458030.75276,2017-10-04.2529075,bg,1.48,99.990,99.990,99.990,99.990,99.990,V
2458030.77960,2017-10-04.2797523,bk,1.59,15.846,>15.846,99.990,-0.095,0.333,g
2458030.78081,2017-10-04.2809685,bk,1.67,15.633,>15.633,99.990,0.528,0.405,g
2458030.78204,2017-10-04.2821884,bk,1.63,15.539,>15.539,99.990,0.725,0.442,g
2458032.75504,2017-10-06.2552247,bg,1.40,15.741,>15.741,99.990,1.308,0.388,V
2458032.75632,2017-10-06.2564979,bg,1.43,15.692,>15.692,99.990,0.800,0.406,V
2458032.75758,2017-10-06.2577623,bg,1.41,15.911,>15.911,99.990,0.722,0.332,V
2458032.87323,2017-10-06.3734046,bk,1.7,16.213,>16.213,99.990,0.652,0.238,g
2458032.87444,2017-10-06.3746196,bk,1.67,16.067,>16.067,99.990,0.938,0.272,g
2458032.87566,2017-10-06.3758380,bk,1.64,16.191,>16.191,99.990,0.127,0.242,g
2458034.74555,2017-10-08.2457575,bg,1.54,16.044,15.933,0.198,1.625,0.293,V
2458034.74682,2017-10-08.2470229,bg,1.47,16.064,16.062,0.219,1.443,0.288,V
2458036.83249,2017-10-10.3327284,bg,1.63,16.143,>16.143,99.990,0.717,0.268,V
2458036.83374,2017-10-10.3339873,bg,1.63,16.102,>16.102,99.990,0.984,0.278,V
2458036.83502,2017-10-10.3352561,bg,1.56,16.119,>16.119,99.990,1.302,0.274,V
2458037.82636,2017-10-11.3266192,bg,1.67,16.291,>16.291,99.990,0.618,0.234,V
2458037.82764,2017-10-11.3278831,bg,1.76,16.332,16.303,0.213,1.156,0.225,V
2458037.82890,2017-10-11.3291508,bg,1.78,16.264,>16.264,99.990,0.896,0.240,V
2458040.75896,2017-10-14.2592459,bg,2.25,16.349,16.155,0.183,1.324,0.221,V
2458040.76023,2017-10-14.2605188,bg,2.22,16.418,16.137,0.169,1.346,0.208,V
2458040.76150,2017-10-14.2617870,bg,2.24,16.488,>16.488,99.990,0.970,0.195,V
2458044.71663,2017-10-18.2169792,bg,2.37,16.133,>16.133,99.990,0.889,0.270,V
2458044.71916,2017-10-18.2195083,bg,2.48,16.188,>16.188,99.990,0.995,0.257,V
2458045.70913,2017-10-19.2094861,bg,1.65,16.554,>16.554,99.990,0.679,0.183,V
2458045.71041,2017-10-19.2107625,bg,1.62,16.392,>16.392,99.990,0.559,0.213,V
2458046.70582,2017-10-20.2061915,bg,1.57,16.597,>16.597,99.990,0.373,0.176,V
2458046.70708,2017-10-20.2074605,bg,1.69,16.604,16.101,0.138,1.392,0.175,V
2458046.70836,2017-10-20.2087363,bg,1.68,16.684,>16.684,99.990,0.640,0.163,V
2458047.71038,2017-10-21.2107708,bg,1.49,16.214,>16.214,99.990,1.184,0.251,V
2458047.71165,2017-10-21.2120325,bg,1.48,16.165,>16.165,99.990,0.546,0.262,V
2458048.73694,2017-10-22.2373398,bg,1.57,16.477,16.289,0.184,1.171,0.197,V
2458048.73820,2017-10-22.2386047,bg,1.59,16.523,16.075,0.145,1.426,0.189,V
2458048.73947,2017-10-22.2398710,bg,1.62,16.432,16.230,0.182,1.236,0.205,V
2458058.70598,2017-11-01.2064991,bk,2.14,16.561,>16.561,99.990,0.592,0.172,g
2458058.70720,2017-11-01.2077204,bk,2.15,16.528,16.387,0.193,1.012,0.178,g
2458058.70843,2017-11-01.2089579,bk,2.16,16.483,>16.483,99.990,0.389,0.185,g
2458074.75718,2017-11-17.2578650,bg,1.40,16.594,>16.594,99.990,0.876,0.177,V
2458074.75844,2017-11-17.2591285,bg,1.40,16.669,>16.669,99.990,0.505,0.165,V
2458074.75971,2017-11-17.2603937,bg,1.41,99.990,99.990,99.990,99.990,99.990,V
2458076.62829,2017-11-19.1290070,bg,1.40,16.581,16.535,0.210,0.933,0.179,V
2458076.62957,2017-11-19.1302745,bg,1.38,99.990,99.990,99.990,99.990,99.990,V
2458076.63083,2017-11-19.1315377,bg,1.37,16.468,>16.468,99.990,0.619,0.199,V
2458079.61127,2017-11-22.1119978,bg,1.35,16.427,>16.427,99.990,0.973,0.206,V
2458079.61254,2017-11-22.1132665,bg,1.38,16.482,>16.482,99.990,0.912,0.196,V
2458079.61381,2017-11-22.1145354,bg,1.40,16.387,>16.387,99.990,1.062,0.214,V
2458080.67350,2017-11-23.1742334,bg,1.41,16.556,16.405,0.191,1.052,0.183,V
2458080.67477,2017-11-23.1755077,bg,1.44,16.712,16.343,0.156,1.115,0.159,V
2458080.67604,2017-11-23.1767709,bg,1.40,16.653,16.431,0.179,1.026,0.167,V
2458082.79662,2017-11-25.2973680,bg,1.39,16.532,16.291,0.176,1.167,0.187,V
2458082.79788,2017-11-25.2986261,bg,1.38,16.601,16.393,0.181,1.063,0.176,V
2458082.79914,2017-11-25.2998905,bg,1.34,16.573,16.435,0.193,1.023,0.180,V
2458084.67692,2017-11-27.1776894,bg,1.39,16.446,16.245,0.182,1.219,0.203,V
2458084.67819,2017-11-27.1789538,bg,1.36,16.377,>16.377,99.990,1.073,0.216,V
2458084.67946,2017-11-27.1802231,bg,1.36,16.375,>16.375,99.990,0.890,0.216,V
2458085.36492,2017-11-27.8656879,bo,1.67,17.125,16.529,0.127,0.888,0.103,g
2458085.36613,2017-11-27.8668971,bo,1.57,16.828,16.741,0.202,0.730,0.135,g
2458085.36734,2017-11-27.8681107,bo,1.68,16.912,16.657,0.173,0.789,0.125,g
2458085.61533,2017-11-28.1161081,bk,1.49,16.761,16.504,0.173,0.909,0.144,g
2458085.61655,2017-11-28.1173228,bk,1.53,16.832,>16.832,99.990,0.607,0.134,g
2458085.61777,2017-11-28.1185412,bk,1.48,16.774,16.391,0.154,1.008,0.142,g
2458086.49149,2017-11-28.9922663,bo,1.53,17.039,>17.039,99.990,0.545,0.111,g
2458086.49270,2017-11-28.9934791,bo,1.59,16.912,>16.912,99.990,0.545,0.125,g
2458086.49391,2017-11-28.9946861,bo,1.57,99.990,99.990,99.990,99.990,99.990,g
2458086.74547,2017-11-29.2462517,bg,1.46,16.282,>16.282,99.990,0.964,0.236,V
2458086.74550,2017-11-29.2462813,bk,1.61,16.972,16.652,0.163,0.793,0.118,g
2458086.74672,2017-11-29.2475013,bk,1.62,16.912,16.591,0.163,0.839,0.125,g
2458086.74674,2017-11-29.2475157,bg,1.39,16.305,>16.305,99.990,0.553,0.231,V
2458086.74800,2017-11-29.2487773,bg,1.44,16.258,>16.258,99.990,0.443,0.241,V
2458086.77991,2017-11-29.2806947,bk,1.69,17.302,16.545,0.109,0.875,0.087,g
2458086.78113,2017-11-29.2819119,bk,1.62,17.242,16.633,0.125,0.807,0.092,g
2458086.78235,2017-11-29.2831303,bk,1.64,17.293,16.690,0.126,0.765,0.088,g
2458087.48873,2017-11-29.9895140,bo,1.60,16.738,>16.738,99.990,0.568,0.146,g
2458087.48998,2017-11-29.9907619,bo,1.56,16.833,16.637,0.183,0.804,0.134,g
2458087.49119,2017-11-29.9919722,bo,1.57,16.714,16.651,0.207,0.794,0.150,g
2458087.74262,2017-11-30.2434068,bg,1.47,16.228,>16.228,99.990,0.846,0.248,V
2458087.74275,2017-11-30.2435358,bk,1.46,16.649,16.608,0.211,0.826,0.159,g
2458087.74389,2017-11-30.2446740,bg,1.43,16.189,>16.189,99.990,0.739,0.257,V
2458087.74398,2017-11-30.2447670,bk,1.42,16.724,>16.724,99.990,0.538,0.148,g
2458087.74517,2017-11-30.2459523,bg,1.45,16.094,>16.094,99.990,1.244,0.280,V
2458087.74520,2017-11-30.2459795,bk,1.44,16.621,>16.621,99.990,0.796,0.163,g
2458087.78053,2017-11-30.2813189,bk,1.48,17.016,>17.016,99.990,0.442,0.113,g
2458087.78176,2017-11-30.2825398,bk,1.43,16.890,>16.890,99.990,0.429,0.127,g
2458087.78296,2017-11-30.2837443,bk,1.43,16.822,16.614,0.181,0.821,0.136,g
2458088.48597,2017-11-30.9867616,bo,1.73,16.377,>16.377,99.990,0.449,0.204,g
2458088.48718,2017-11-30.9879682,bo,1.76,16.396,>16.396,99.990,0.670,0.201,g
2458088.48838,2017-11-30.9891725,bo,1.65,16.493,>16.493,99.990,0.579,0.184,g
2458088.67651,2017-12-01.1772996,bk,1.52,16.443,>16.443,99.990,0.715,0.192,g
2458088.67774,2017-12-01.1785287,bk,1.49,16.404,>16.404,99.990,0.404,0.199,g
2458088.67896,2017-12-01.1797468,bk,1.55,16.436,>16.436,99.990,0.818,0.194,g
2458088.73990,2017-12-01.2406923,bg,1.37,16.010,>16.010,99.990,0.594,0.303,V
2458088.73998,2017-12-01.2407645,bk,1.62,16.581,16.353,0.178,1.044,0.169,g
2458088.74118,2017-12-01.2419631,bg,1.35,16.090,>16.090,99.990,0.540,0.281,V
2458088.74120,2017-12-01.2419817,bk,1.56,16.511,>16.511,99.990,0.226,0.181,g
2458088.74241,2017-12-01.2431993,bk,1.6,16.540,>16.540,99.990,0.772,0.176,g
2458088.74243,2017-12-01.2432273,bg,1.38,15.889,>15.889,99.990,1.362,0.339,V
2458089.48354,2017-12-01.9843364,bo,1.57,16.313,>16.313,99.990,0.781,0.217,g
2458089.48475,2017-12-01.9855399,bo,1.57,16.213,>16.213,99.990,0.508,0.238,g
2458089.48595,2017-12-01.9867456,bo,1.59,16.303,>16.303,99.990,0.822,0.219,g
2458089.70388,2017-12-02.2046785,bk,1.47,16.296,>16.296,99.990,0.777,0.220,g
2458089.70510,2017-12-02.2058946,bk,1.44,16.107,>16.107,99.990,0.587,0.262,g
2458089.70632,2017-12-02.2071130,bk,1.48,16.231,>16.231,99.990,0.475,0.234,g
2458089.73844,2017-12-02.2392365,bg,1.47,15.226,>15.226,99.990,-0.551,0.623,V
2458089.73846,2017-12-02.2392543,bk,1.52,15.626,>15.626,99.990,0.075,0.408,g
2458089.73968,2017-12-02.2404730,bk,1.49,15.760,>15.760,99.990,1.695,0.361,g
2458089.73970,2017-12-02.2405046,bg,1.44,15.365,>15.365,99.990,1.673,0.548,V
2458090.48077,2017-12-02.9815672,bo,1.51,16.208,>16.208,99.990,0.802,0.239,g
2458090.48198,2017-12-02.9827780,bo,1.59,16.154,>16.154,99.990,0.500,0.251,g
2458090.48318,2017-12-02.9839791,bo,1.64,16.153,>16.153,99.990,1.049,0.251,g
2458090.73437,2017-12-03.2351795,bg,1.54,15.646,>15.646,99.990,1.956,0.423,V
2458090.73443,2017-12-03.2352355,bk,1.99,16.011,>16.011,99.990,1.372,0.286,g
2458090.73564,2017-12-03.2364387,bg,1.51,15.627,>15.627,99.990,0.162,0.431,V
2458090.73565,2017-12-03.2364565,bk,1.97,15.992,>15.992,99.990,0.243,0.291,g
2458090.73687,2017-12-03.2376763,bk,1.77,16.044,>16.044,99.990,0.586,0.278,g
2458090.73691,2017-12-03.2377166,bg,1.48,15.602,>15.602,99.990,1.405,0.441,V
2458091.47803,2017-12-03.9788423,bo,1.54,16.030,>16.030,99.990,1.007,0.281,g
2458091.47924,2017-12-03.9800493,bo,1.50,16.049,>16.049,99.990,0.371,0.276,g
2458091.48045,2017-12-03.9812635,bo,1.55,16.087,>16.087,99.990,0.606,0.267,g
2458091.73165,2017-12-04.2324512,bg,1.40,15.808,>15.808,99.990,1.128,0.365,V
2458091.73176,2017-12-04.2325706,bk,1.57,16.077,>16.077,99.990,0.306,0.269,g
2458091.73291,2017-12-04.2337187,bg,1.39,15.685,>15.685,99.990,0.618,0.408,V
2458091.73298,2017-12-04.2337901,bk,1.5,16.035,>16.035,99.990,0.958,0.280,g
2458091.73417,2017-12-04.2349819,bg,1.39,15.735,>15.735,99.990,1.262,0.390,V
2458091.73420,2017-12-04.2350041,bk,1.56,16.060,>16.060,99.990,0.628,0.274,g
2458091.75628,2017-12-04.2570907,bk,1.48,16.370,>16.370,99.990,-0.049,0.206,g
2458091.75750,2017-12-04.2583078,bk,1.54,16.088,>16.088,99.990,1.087,0.267,g
2458091.75871,2017-12-04.2595275,bk,1.51,16.095,>16.095,99.990,0.689,0.265,g
2458091.83630,2017-12-04.3371090,bg,1.44,15.797,>15.797,99.990,0.516,0.368,V
2458091.83756,2017-12-04.3383711,bg,1.39,15.706,>15.706,99.990,1.749,0.400,V
2458091.83884,2017-12-04.3396429,bg,1.49,15.688,>15.688,99.990,1.889,0.407,V
2458092.72887,2017-12-05.2296741,bg,1.46,15.834,>15.834,99.990,1.310,0.356,V
2458092.72900,2017-12-05.2298148,bk,1.46,16.213,15.990,0.179,1.458,0.238,g
2458092.73012,2017-12-05.2309331,bg,1.43,16.013,>16.013,99.990,0.977,0.302,V
2458092.73022,2017-12-05.2310310,bk,1.49,16.377,>16.377,99.990,-0.037,0.204,g
2458092.73139,2017-12-05.2322062,bg,1.42,16.018,>16.018,99.990,1.071,0.300,V
2458092.73144,2017-12-05.2322537,bk,1.48,16.449,>16.449,99.990,0.231,0.191,g
2458094.65617,2017-12-07.1569837,bg,1.43,16.287,>16.287,99.990,1.109,0.234,V
2458094.65743,2017-12-07.1582487,bg,1.43,16.264,16.239,0.214,1.225,0.240,V
2458094.72341,2017-12-07.2242299,bg,1.40,16.157,16.025,0.194,1.492,0.264,V
2458094.72351,2017-12-07.2243217,bk,1.47,16.752,16.745,0.218,0.728,0.145,g
2458094.72471,2017-12-07.2255274,bk,1.48,16.637,>16.637,99.990,0.390,0.161,g
2458094.72472,2017-12-07.2255430,bg,1.44,16.223,>16.223,99.990,1.210,0.249,V
2458094.72593,2017-12-07.2267481,bk,1.42,16.696,>16.696,99.990,0.530,0.152,g
2458094.72599,2017-12-07.2268076,bg,1.40,16.227,>16.227,99.990,1.030,0.248,V
2458094.83021,2017-12-07.3310288,bk,1.43,16.670,>16.670,99.990,0.540,0.156,g
2458094.83143,2017-12-07.3322402,bk,1.44,16.677,16.347,0.162,1.050,0.155,g
2458094.83265,2017-12-07.3334646,bk,1.43,16.629,>16.629,99.990,0.486,0.162,g
2458095.46705,2017-12-07.9678716,bo,2.39,16.240,>16.240,99.990,0.932,0.232,g
2458095.46825,2017-12-07.9690835,bo,2.37,16.466,>16.466,99.990,0.565,0.188,g
2458095.46947,2017-12-07.9702930,bo,2.35,16.441,16.386,0.209,1.013,0.193,g
2458095.72066,2017-12-08.2214886,bg,1.36,16.278,>16.278,99.990,1.048,0.236,V
2458095.72073,2017-12-08.2215563,bk,1.5,16.804,>16.804,99.990,0.501,0.138,g
2458095.72192,2017-12-08.2227457,bg,1.39,16.444,>16.444,99.990,0.918,0.203,V
2458095.72194,2017-12-08.2227656,bk,1.48,16.960,>16.960,99.990,0.522,0.119,g
2458095.72316,2017-12-08.2239842,bk,1.42,16.734,>16.734,99.990,0.415,0.147,g
2458095.72319,2017-12-08.2240179,bg,1.37,16.372,16.306,0.206,1.152,0.217,V
2458095.84564,2017-12-08.3464609,bk,1.45,16.727,16.359,0.156,1.039,0.148,g
2458095.84685,2017-12-08.3476723,bk,1.45,16.740,16.655,0.203,0.791,0.146,g
2458095.84807,2017-12-08.3488906,bk,1.44,16.658,>16.658,99.990,0.734,0.158,g
2458096.46422,2017-12-08.9650478,bo,1.52,16.892,16.703,0.184,0.756,0.127,g
2458096.46543,2017-12-08.9662559,bo,1.55,16.846,>16.846,99.990,0.649,0.133,g
2458096.46665,2017-12-08.9674729,bo,1.59,16.891,16.599,0.167,0.832,0.127,g
2458096.71784,2017-12-09.2186631,bg,1.42,16.395,16.013,0.154,1.509,0.212,V
2458096.71799,2017-12-09.2188162,bk,1.46,16.978,16.535,0.146,0.883,0.117,g
2458096.71911,2017-12-09.2199304,bg,1.42,16.365,>16.365,99.990,1.060,0.218,V
2458096.71921,2017-12-09.2200362,bk,1.44,17.044,16.632,0.150,0.808,0.111,g
2458096.72037,2017-12-09.2211929,bg,1.43,16.420,16.397,0.215,1.059,0.208,V
2458096.72043,2017-12-09.2212570,bk,1.46,17.115,16.602,0.137,0.830,0.104,g
2458096.79371,2017-12-09.2945353,bg,1.41,16.295,16.177,0.196,1.298,0.233,V
2458096.79498,2017-12-09.2958043,bg,1.39,16.257,16.152,0.199,1.328,0.241,V
2458096.79624,2017-12-09.2970699,bg,1.40,16.345,>16.345,99.990,1.093,0.222,V
2458096.85371,2017-12-09.3545363,bk,1.5,16.438,>16.438,99.990,0.749,0.193,g
2458096.85923,2017-12-09.3600561,bk,1.45,15.867,>15.867,99.990,-0.380,0.327,g
2458097.46149,2017-12-09.9623245,bo,1.62,17.145,16.491,0.120,0.920,0.101,g
2458097.46271,2017-12-09.9635418,bo,1.60,99.990,99.990,99.990,99.990,99.990,g
2458097.46392,2017-12-09.9647559,bo,1.62,17.156,16.875,0.169,0.646,0.100,g
2458097.71524,2017-12-10.2160730,bk,1.49,17.368,16.400,0.090,1.000,0.082,g
2458097.71544,2017-12-10.2162696,bg,1.44,16.515,16.424,0.201,1.034,0.190,V
2458097.71648,2017-12-10.2173052,bk,1.48,17.184,16.892,0.168,0.635,0.097,g
2458097.71672,2017-12-10.2175434,bg,1.48,16.641,16.601,0.211,0.878,0.169,V
2458097.71769,2017-12-10.2185165,bk,1.42,17.447,16.419,0.085,0.983,0.076,g
2458097.71797,2017-12-10.2188087,bg,1.47,16.389,>16.389,99.990,0.960,0.213,V
2458097.81344,2017-12-10.3142667,bg,1.42,16.418,16.363,0.208,1.093,0.208,V
2458097.81471,2017-12-10.3155396,bg,1.43,16.409,16.165,0.175,1.312,0.210,V
2458097.81597,2017-12-10.3168024,bg,1.44,16.448,>16.448,99.990,0.858,0.202,V
2458097.84672,2017-12-10.3475511,bk,1.49,16.883,>16.883,99.990,0.616,0.128,g
2458097.84793,2017-12-10.3487623,bk,1.42,16.728,16.661,0.206,0.786,0.148,g
2458097.84915,2017-12-10.3499831,bk,1.45,16.700,>16.700,99.990,0.598,0.152,g
2458099.70971,2017-12-12.2105509,bk,1.57,17.616,17.191,0.148,0.483,0.065,g
2458099.70994,2017-12-12.2107768,bg,1.44,16.598,>16.598,99.990,0.597,0.176,V
2458099.71092,2017-12-12.2117589,bk,1.61,17.418,16.951,0.142,0.602,0.078,g
2458099.71120,2017-12-12.2120390,bg,1.44,16.548,16.450,0.200,1.009,0.184,V
2458099.71214,2017-12-12.2129797,bk,1.56,17.396,17.021,0.155,0.564,0.080,g
2458099.71247,2017-12-12.2133038,bg,1.44,16.593,16.548,0.210,0.922,0.177,V
2458099.82111,2017-12-12.3219542,bk,1.44,16.822,16.813,0.217,0.683,0.136,g
2458099.82233,2017-12-12.3231672,bk,1.39,15.410,>15.410,99.990,1.162,0.498,g
2458099.82355,2017-12-12.3243914,bk,1.43,15.454,>15.454,99.990,0.283,0.478,g
2458099.82614,2017-12-12.3269721,bg,1.44,15.470,>15.470,99.990,1.323,0.498,V
2458099.82739,2017-12-12.3282315,bg,1.48,99.990,99.990,99.990,99.990,99.990,V
2458100.45323,2017-12-12.9540715,bo,1.43,17.458,16.501,0.091,0.911,0.075,g
2458100.45445,2017-12-12.9552821,bo,1.44,17.348,16.607,0.111,0.826,0.084,g
2458100.45565,2017-12-12.9564916,bo,1.50,17.366,16.788,0.129,0.700,0.082,g
2458100.61311,2017-12-13.1139552,bg,1.47,15.614,>15.614,99.990,0.666,0.436,V
2458100.61438,2017-12-13.1152209,bg,1.48,15.826,>15.826,99.990,0.625,0.359,V
2458100.61565,2017-12-13.1164859,bg,1.45,15.859,>15.859,99.990,1.062,0.348,V
2458101.70273,2017-12-14.2035699,bk,1.47,17.281,16.652,0.123,0.793,0.089,g
2458101.70395,2017-12-14.2047872,bk,1.47,17.427,16.921,0.138,0.619,0.078,g
2458101.70516,2017-12-14.2060054,bk,1.48,17.409,16.696,0.114,0.762,0.079,g
2458101.75675,2017-12-14.2575885,bg,1.59,16.500,15.980,0.136,1.555,0.193,V
2458101.75801,2017-12-14.2588547,bg,1.59,16.662,16.528,0.194,0.939,0.166,V
2458101.75928,2017-12-14.2601202,bg,1.53,16.495,>16.495,99.990,0.894,0.194,V
2458103.68561,2017-12-16.1864571,bk,1.58,17.351,16.814,0.134,0.683,0.083,g
2458103.68682,2017-12-16.1876709,bk,1.61,17.257,16.970,0.168,0.592,0.091,g
2458103.68804,2017-12-16.1888913,bk,1.56,17.275,16.790,0.140,0.698,0.089,g
2458104.68194,2017-12-17.1827912,bk,1.55,17.326,16.832,0.139,0.672,0.085,g
2458104.68317,2017-12-17.1840160,bk,1.53,17.293,16.883,0.150,0.641,0.088,g
2458104.68438,2017-12-17.1852312,bk,1.53,17.226,16.857,0.156,0.656,0.093,g
2458105.80306,2017-12-18.3039025,bg,1.46,16.531,16.384,0.191,1.073,0.187,V
2458105.80431,2017-12-18.3051664,bg,1.47,16.408,16.298,0.198,1.161,0.210,V
2458105.80558,2017-12-18.3064292,bg,1.47,99.990,99.990,99.990,99.990,99.990,V
2458105.81153,2017-12-18.3123785,bk,1.46,17.477,16.752,0.112,0.723,0.074,g
2458105.81275,2017-12-18.3135961,bk,1.43,17.359,17.079,0.169,0.535,0.083,g
2458105.81396,2017-12-18.3148127,bk,1.40,17.362,16.689,0.118,0.767,0.082,g
2458107.43410,2017-12-19.9349491,bo,1.57,17.473,16.913,0.131,0.623,0.074,g
2458107.43530,2017-12-19.9361484,bo,1.52,17.315,16.543,0.107,0.877,0.086,g
2458107.43651,2017-12-19.9373596,bo,1.51,17.470,16.866,0.126,0.651,0.075,g
2458107.54215,2017-12-20.0430034,bk,1.42,17.121,16.524,0.126,0.892,0.103,g
2458107.54338,2017-12-20.0442284,bk,1.42,17.290,16.821,0.142,0.679,0.088,g
2458107.54459,2017-12-20.0454436,bk,1.41,17.225,16.694,0.134,0.763,0.094,g
2458107.68802,2017-12-20.1888732,bk,1.44,17.440,16.848,0.127,0.662,0.077,g
2458107.68807,2017-12-20.188925,bg,1.48,16.721,16.574,0.191,0.900,0.157,V
2458107.68924,2017-12-20.1900870,bk,1.46,17.354,16.543,0.104,0.877,0.083,g
2458107.68950,2017-12-20.1903481,bg,1.45,16.566,16.227,0.160,1.240,0.181,V
2458107.69046,2017-12-20.1913101,bk,1.44,17.413,16.612,0.105,0.823,0.079,g
2458107.69090,2017-12-20.1917476,bg,1.47,16.425,16.349,0.204,1.107,0.207,V
2458108.43129,2017-12-20.9321436,bo,1.57,17.362,16.517,0.101,0.898,0.082,g
2458108.43251,2017-12-20.9333658,bo,1.72,17.319,16.572,0.110,0.853,0.086,g
2458108.43373,2017-12-20.9345803,bo,1.70,17.405,16.861,0.133,0.654,0.079,g
2458108.54247,2017-12-21.0433178,bk,1.54,17.054,16.765,0.168,0.715,0.109,g
2458108.54369,2017-12-21.0445439,bk,1.58,17.192,16.724,0.142,0.741,0.096,g
2458108.54491,2017-12-21.0457615,bk,1.58,17.377,17.014,0.157,0.568,0.081,g
2458108.68529,2017-12-21.1861417,bk,2.01,17.397,16.952,0.145,0.602,0.080,g
2458108.68571,2017-12-21.1865652,bg,1.40,16.508,16.355,0.190,1.102,0.191,V
2458108.68651,2017-12-21.1873658,bk,2.0,17.385,16.702,0.117,0.758,0.081,g
2458108.68714,2017-12-21.1879945,bg,1.38,16.729,16.424,0.166,1.033,0.156,V
2458108.68774,2017-12-21.1885836,bk,2.0,17.457,17.053,0.151,0.548,0.076,g
2458109.68255,2017-12-22.1834047,bk,1.67,17.336,16.896,0.146,0.633,0.084,g
2458109.68274,2017-12-22.1835912,bg,1.48,16.666,16.336,0.162,1.121,0.165,V
2458109.68376,2017-12-22.1846162,bk,1.65,17.393,16.796,0.126,0.695,0.080,g
2458109.68414,2017-12-22.1849918,bg,1.43,16.585,16.368,0.179,1.088,0.178,V
2458109.68499,2017-12-22.1858403,bk,1.64,17.336,16.792,0.133,0.697,0.084,g
2458110.67984,2017-12-23.1806961,bk,1.66,17.280,16.440,0.101,0.964,0.089,g
2458110.68107,2017-12-23.1819192,bk,1.63,17.363,16.716,0.121,0.747,0.082,g
2458110.68229,2017-12-23.1831460,bk,1.66,17.315,16.594,0.113,0.837,0.086,g
2458111.67706,2017-12-24.1779061,bk,1.8,17.422,16.988,0.147,0.582,0.078,g
2458111.67827,2017-12-24.1791219,bk,1.73,17.422,16.609,0.104,0.825,0.078,g
2458111.67851,2017-12-24.1793643,bg,1.45,16.648,16.180,0.142,1.294,0.168,V
2458111.67949,2017-12-24.1803402,bk,1.72,17.484,16.795,0.116,0.695,0.074,g
2458112.42063,2017-12-24.9214862,bo,1.47,17.422,16.750,0.118,0.725,0.078,g
2458112.42186,2017-12-24.9227149,bo,1.49,17.327,16.895,0.147,0.634,0.085,g
2458112.42308,2017-12-24.9239312,bo,1.52,17.365,16.730,0.122,0.738,0.082,g
2458112.67434,2017-12-25.1751934,bk,1.53,17.312,16.592,0.113,0.838,0.086,g
2458112.67557,2017-12-25.1764190,bk,1.49,17.348,16.778,0.130,0.706,0.084,g
2458112.67678,2017-12-25.1776375,bk,1.53,17.317,16.729,0.127,0.739,0.086,g
2458113.41786,2017-12-25.9187062,bo,1.49,17.270,16.788,0.141,0.699,0.090,g
2458113.41907,2017-12-25.9199233,bo,1.49,17.307,16.836,0.142,0.669,0.087,g
2458113.42029,2017-12-25.9211386,bo,1.47,17.370,16.688,0.117,0.767,0.082,g
2458113.67155,2017-12-26.1723980,bk,1.61,17.222,16.723,0.138,0.743,0.094,g
2458113.67277,2017-12-26.1736167,bk,1.62,17.372,16.586,0.106,0.843,0.082,g
2458113.67398,2017-12-26.1748324,bk,1.56,17.160,16.586,0.129,0.843,0.099,g
2458114.66886,2017-12-27.1697105,bk,1.69,17.198,16.653,0.133,0.792,0.096,g
2458114.67008,2017-12-27.1709314,bk,1.77,17.119,16.695,0.148,0.762,0.103,g
2458114.67130,2017-12-27.1721508,bk,1.67,16.963,16.845,0.197,0.664,0.119,g
2458115.41238,2017-12-27.9132303,bo,1.93,16.842,>16.842,99.990,0.620,0.133,g
2458115.41359,2017-12-27.9144379,bo,1.51,17.097,16.709,0.154,0.752,0.105,g
2458115.41480,2017-12-27.9156539,bo,1.49,17.022,>17.022,99.990,0.527,0.113,g
2458115.66612,2017-12-28.1669680,bk,1.44,16.962,16.767,0.183,0.713,0.119,g
2458115.66734,2017-12-28.1681912,bk,1.43,16.947,>16.947,99.990,0.330,0.121,g
2458115.66856,2017-12-28.1694101,bk,1.45,16.933,16.629,0.166,0.810,0.122,g
2458116.41092,2017-12-28.9117638,bo,1.62,16.753,16.285,0.142,1.112,0.144,g
2458116.41224,2017-12-28.9130840,bo,1.63,16.553,>16.553,99.990,0.739,0.174,g
2458116.66336,2017-12-29.1641995,bk,1.49,16.702,16.678,0.214,0.774,0.151,g
2458116.66340,2017-12-29.1642472,bg,1.35,16.213,>16.213,99.990,1.215,0.251,V
2458116.66458,2017-12-29.1654204,bk,1.48,16.639,16.543,0.201,0.876,0.161,g
2458116.66480,2017-12-29.1656429,bg,1.37,16.078,>16.078,99.990,1.254,0.284,V
2458116.66579,2017-12-29.1666377,bk,1.44,16.727,>16.727,99.990,0.721,0.148,g
2458116.66617,2017-12-29.1670135,bg,1.38,16.175,>16.175,99.990,1.182,0.260,V
2458116.81365,2017-12-29.3144916,bg,1.49,99.990,99.990,99.990,99.990,99.990,V
2458116.81505,2017-12-29.3158939,bg,1.53,99.990,99.990,99.990,99.990,99.990,V
2458117.40693,2017-12-29.9077836,bo,1.46,16.444,>16.444,99.990,0.958,0.192,g
2458117.40816,2017-12-29.9090113,bo,1.50,16.458,>16.458,99.990,0.653,0.190,g
2458117.40936,2017-12-29.9102172,bo,1.50,16.179,>16.179,99.990,0.199,0.245,g
2458117.66061,2017-12-30.1614523,bg,1.41,15.982,>15.982,99.990,0.542,0.311,V
2458117.66204,2017-12-30.1628836,bg,1.44,16.085,>16.085,99.990,0.859,0.282,V
2458117.66339,2017-12-30.1642402,bg,1.37,16.070,>16.070,99.990,0.665,0.286,V
2458118.40411,2017-12-30.90495,bo,1.55,16.607,>16.607,99.990,0.752,0.165,g
2458118.40533,2017-12-30.9061706,bo,1.60,16.454,>16.454,99.990,0.766,0.190,g
2458118.40653,2017-12-30.9073756,bo,1.53,16.339,>16.339,99.990,0.761,0.212,g
2458118.65782,2017-12-31.1586662,bg,1.41,15.927,>15.927,99.990,0.691,0.327,V
2458118.65786,2017-12-31.1586975,bk,1.57,16.356,>16.356,99.990,0.557,0.208,g
2458118.65907,2017-12-31.1599140,bk,1.58,16.344,>16.344,99.990,0.421,0.211,g
2458118.65919,2017-12-31.1600335,bg,1.39,15.948,>15.948,99.990,0.607,0.320,V
2458118.66029,2017-12-31.1611307,bk,1.57,16.327,16.325,0.219,1.072,0.214,g
2458118.66054,2017-12-31.1613841,bg,1.43,15.858,>15.858,99.990,0.809,0.348,V
2458119.65510,2018-01-01.1559456,bg,1.50,15.719,>15.719,99.990,0.265,0.396,V
2458119.65514,2018-01-01.1559813,bk,1.71,16.144,>16.144,99.990,0.405,0.253,g
2458119.65635,2018-01-01.1571951,bk,1.78,16.111,>16.111,99.990,0.552,0.261,g
2458119.65645,2018-01-01.1572930,bg,1.55,15.812,>15.812,99.990,1.239,0.363,V
2458119.65757,2018-01-01.1584134,bk,1.78,16.004,>16.004,99.990,0.483,0.288,g
2458119.65787,2018-01-01.1587115,bg,1.53,15.815,>15.815,99.990,0.345,0.362,V
2458120.65234,2018-01-02.1531753,bg,1.48,15.643,>15.643,99.990,1.022,0.424,V
2458120.65238,2018-01-02.1532188,bk,1.98,15.818,>15.818,99.990,0.104,0.342,g
2458120.65361,2018-01-02.15445,bk,1.72,16.056,>16.056,99.990,0.577,0.275,g
2458120.65366,2018-01-02.1544973,bg,1.47,15.519,>15.519,99.990,1.576,0.476,V
2458120.65482,2018-01-02.1556687,bk,1.72,16.082,>16.082,99.990,0.244,0.268,g
2458120.65503,2018-01-02.1558653,bg,1.47,15.566,>15.566,99.990,0.469,0.455,V
2458121.64962,2018-01-03.1504519,bk,1.70,16.081,>16.081,99.990,0.754,0.268,g
2458121.64966,2018-01-03.1504940,bg,1.44,15.951,>15.951,99.990,1.445,0.320,V
2458121.65083,2018-01-03.1516678,bk,1.7,16.093,>16.093,99.990,0.605,0.265,g
2458121.65103,2018-01-03.1518665,bg,1.52,15.813,>15.813,99.990,1.133,0.363,V
2458121.65205,2018-01-03.1528881,bk,1.72,16.084,>16.084,99.990,1.259,0.268,g
2458121.65238,2018-01-03.1532190,bg,1.46,15.856,>15.856,99.990,0.739,0.349,V
2458122.39315,2018-01-03.8939821,bo,2.10,16.311,16.060,0.174,1.368,0.217,g
2458122.39436,2018-01-03.8951912,bo,2.08,16.195,>16.195,99.990,-0.133,0.242,g
2458122.39556,2018-01-03.8963966,bo,2.09,16.259,>16.259,99.990,0.361,0.228,g
2458122.60616,2018-01-04.1070011,bg,1.40,16.164,16.100,0.207,1.393,0.263,V
2458122.60753,2018-01-04.1083648,bg,1.38,16.041,>16.041,99.990,0.809,0.294,V
2458122.60899,2018-01-04.1098232,bg,1.37,16.146,>16.146,99.990,0.897,0.267,V
2458122.64690,2018-01-04.1477332,bg,1.48,15.885,>15.885,99.990,0.712,0.340,V
2458122.64828,2018-01-04.1491149,bg,1.42,15.954,>15.954,99.990,1.071,0.319,V
2458122.64962,2018-01-04.1504629,bg,1.39,16.056,>16.056,99.990,1.122,0.290,V
2458123.39054,2018-01-04.8913753,bo,1.66,15.111,>15.111,99.990,2.548,0.656,g
2458123.39188,2018-01-04.8927085,bo,1.50,16.216,>16.216,99.990,0.632,0.237,g
2458123.39311,2018-01-04.8939424,bo,1.57,14.687,>14.687,99.990,-0.066,0.969,g
2458123.64417,2018-01-05.1449961,bg,1.36,16.182,>16.182,99.990,0.503,0.258,V
2458123.64447,2018-01-05.1453017,bk,2.25,16.783,>16.783,99.990,0.650,0.141,g
2458123.64544,2018-01-05.1462678,bg,1.39,16.094,16.090,0.218,1.406,0.280,V
2458123.64571,2018-01-05.1465375,bk,2.23,16.615,>16.615,99.990,0.607,0.164,g
2458123.64671,2018-01-05.1475378,bg,1.38,16.147,>16.147,99.990,0.693,0.267,V
2458123.64693,2018-01-05.1477537,bk,2.25,16.546,>16.546,99.990,0.558,0.175,g
2458123.66507,2018-01-05.1658997,bg,1.44,16.150,>16.150,99.990,0.930,0.266,V
2458123.66634,2018-01-05.1671737,bg,1.44,16.177,>16.177,99.990,0.901,0.259,V
2458123.66762,2018-01-05.1684468,bg,1.44,16.121,>16.121,99.990,0.838,0.273,V
2458124.38766,2018-01-05.8884872,bo,1.66,16.790,>16.790,99.990,0.631,0.140,g
2458124.38888,2018-01-05.8897086,bo,1.63,16.641,>16.641,99.990,0.683,0.160,g
2458124.39011,2018-01-05.8909346,bo,1.68,16.894,>16.894,99.990,0.630,0.127,g
2458124.64169,2018-01-06.1425118,bk,1.57,17.021,>17.021,99.990,0.475,0.113,g
2458124.64180,2018-01-06.1426244,bg,1.42,16.390,>16.390,99.990,0.903,0.213,V
2458124.64291,2018-01-06.1437340,bk,1.55,17.024,16.843,0.185,0.665,0.113,g
2458124.64307,2018-01-06.1438962,bg,1.38,16.467,>16.467,99.990,0.887,0.199,V
2458124.64412,2018-01-06.1449503,bk,1.53,16.941,16.462,0.141,0.944,0.122,g
2458124.64434,2018-01-06.1451702,bg,1.38,16.368,>16.368,99.990,0.591,0.218,V
2458124.64960,2018-01-06.1504288,bg,1.35,16.381,16.182,0.182,1.292,0.215,V
2458124.65103,2018-01-06.1518564,bg,1.35,16.407,16.042,0.157,1.469,0.210,V
2458124.65230,2018-01-06.1531251,bg,1.40,16.269,>16.269,99.990,0.926,0.238,V
2458125.38488,2018-01-06.8857162,bo,1.54,99.990,99.990,99.990,99.990,99.990,g
2458125.38610,2018-01-06.8869241,bo,1.54,99.990,99.990,99.990,99.990,99.990,g
2458125.38732,2018-01-06.8881442,bo,1.50,99.990,99.990,99.990,99.990,99.990,g
2458125.45067,2018-01-06.9514900,bo,1.55,16.911,16.524,0.154,0.892,0.125,g
2458125.45189,2018-01-06.9527155,bo,1.53,16.830,16.796,0.212,0.695,0.135,g
2458125.45323,2018-01-06.9540571,bo,1.57,16.880,16.785,0.201,0.701,0.129,g
2458125.63893,2018-01-07.1397469,bk,1.50,17.343,16.767,0.129,0.713,0.084,g
2458125.63901,2018-01-07.1398344,bg,1.34,16.622,16.364,0.173,1.092,0.172,V
2458125.64014,2018-01-07.1409643,bk,1.51,17.354,16.536,0.103,0.883,0.083,g
2458125.64027,2018-01-07.1411008,bg,1.39,16.651,16.400,0.174,1.057,0.168,V
2458125.64136,2018-01-07.1421840,bk,1.48,17.311,16.765,0.132,0.715,0.086,g
2458125.64156,2018-01-07.1423906,bg,1.36,16.586,16.567,0.215,0.906,0.178,V
2458125.64939,2018-01-07.1502109,bg,1.39,16.531,16.152,0.155,1.328,0.187,V
2458125.65065,2018-01-07.1514744,bg,1.38,16.462,>16.462,99.990,0.811,0.200,V
2458125.65191,2018-01-07.1527430,bg,1.38,16.478,16.071,0.150,1.431,0.197,V
2458127.52933,2018-01-09.0301461,bo,1.64,99.990,99.990,99.990,99.990,99.990,g
2458127.53055,2018-01-09.0313662,bo,1.61,99.990,99.990,99.990,99.990,99.990,g
2458127.53176,2018-01-09.0325722,bo,1.54,99.990,99.990,99.990,99.990,99.990,g
2458128.51876,2018-01-10.0195726,bo,1.50,99.990,99.990,99.990,99.990,99.990,g
2458128.52008,2018-01-10.0208887,bo,1.48,99.990,99.990,99.990,99.990,99.990,g
2458128.52136,2018-01-10.0221747,bo,1.46,17.228,17.181,0.210,0.487,0.093,g
2458128.65102,2018-01-10.1518299,bg,1.41,16.495,>16.495,99.990,0.963,0.194,V
2458128.65230,2018-01-10.1531077,bg,1.41,16.714,16.414,0.166,1.044,0.158,V
2458128.65357,2018-01-10.1543854,bg,1.38,16.550,16.445,0.199,1.014,0.184,V
2458129.50318,2018-01-11.0039900,bo,1.56,99.990,99.990,99.990,99.990,99.990,g
2458129.50440,2018-01-11.0052087,bo,1.56,99.990,99.990,99.990,99.990,99.990,g
2458129.50563,2018-01-11.0064359,bo,1.55,17.312,16.679,0.122,0.773,0.086,g
2458129.66244,2018-01-11.1632394,bg,1.40,16.542,>16.542,99.990,0.836,0.185,V
2458129.66370,2018-01-11.1644989,bg,1.39,16.538,>16.538,99.990,0.868,0.186,V
2458129.66498,2018-01-11.1657795,bg,1.37,16.454,>16.454,99.990,0.742,0.201,V
2458130.44776,2018-01-11.9485621,bo,1.54,17.441,16.888,0.132,0.638,0.077,g
2458130.44899,2018-01-11.9497894,bo,1.49,17.341,17.003,0.161,0.574,0.084,g
2458130.45021,2018-01-11.9510075,bo,1.50,17.419,16.876,0.133,0.645,0.078,g
2458131.43437,2018-01-12.9351622,bo,1.47,17.320,17.025,0.167,0.563,0.086,g
2458131.43559,2018-01-12.9363797,bo,1.42,17.395,16.835,0.131,0.670,0.080,g
2458131.43681,2018-01-12.9375994,bo,1.45,17.411,16.832,0.128,0.672,0.079,g
2458134.66856,2018-01-16.1693322,bg,1.34,99.990,99.990,99.990,99.990,99.990,V
2458134.66982,2018-01-16.1705976,bg,1.36,16.623,>16.623,99.990,0.848,0.172,V
2458134.67109,2018-01-16.1718707,bg,1.37,16.529,16.070,0.144,1.432,0.188,V
2458135.61148,2018-01-17.1122534,bk,1.46,17.228,16.622,0.125,0.815,0.093,g
2458135.61160,2018-01-17.1123721,bg,1.42,16.553,>16.553,99.990,0.859,0.184,V
2458135.61271,2018-01-17.1134790,bk,1.47,17.280,16.881,0.152,0.642,0.089,g
2458135.61288,2018-01-17.1136512,bg,1.45,16.428,16.258,0.187,1.204,0.206,V
2458135.61393,2018-01-17.1147045,bk,1.44,17.318,16.754,0.130,0.722,0.086,g
2458135.61415,2018-01-17.1149179,bg,1.45,16.552,16.292,0.173,1.167,0.184,V
2458136.35487,2018-01-17.8556418,bo,1.54,15.462,>15.462,99.990,0.743,0.475,g
2458136.35609,2018-01-17.8568493,bo,1.51,16.476,>16.476,99.990,0.384,0.187,g
2458136.35731,2018-01-17.8580761,bo,1.47,15.886,>15.886,99.990,1.421,0.321,g
2458136.60869,2018-01-18.1094490,bk,1.44,17.356,16.685,0.118,0.769,0.083,g
2458136.60879,2018-01-18.1095583,bg,1.41,16.544,16.322,0.179,1.135,0.185,V
2458136.60990,2018-01-18.1106700,bk,1.42,17.385,16.559,0.102,0.865,0.081,g
2458136.61007,2018-01-18.1108325,bg,1.44,16.704,16.466,0.176,0.994,0.160,V
2458136.61112,2018-01-18.1118858,bk,1.44,17.336,16.847,0.140,0.663,0.084,g
2458136.61133,2018-01-18.1120969,bg,1.42,16.466,>16.466,99.990,0.888,0.199,V
2458136.69936,2018-01-18.2001178,bg,1.37,16.608,>16.608,99.990,0.796,0.175,V
2458136.70063,2018-01-18.2013903,bg,1.37,16.666,16.395,0.171,1.061,0.165,V
2458136.70190,2018-01-18.2026659,bg,1.37,16.574,16.262,0.164,1.199,0.180,V
2458137.60598,2018-01-19.1067354,bg,1.49,16.549,16.122,0.148,1.364,0.184,V
2458137.60600,2018-01-19.1067630,bk,1.43,17.443,17.042,0.151,0.554,0.077,g
2458137.60722,2018-01-19.1079756,bk,1.46,17.269,16.720,0.132,0.745,0.090,g
2458137.60724,2018-01-19.1080016,bg,1.47,16.758,16.640,0.197,0.847,0.152,V
2458137.60844,2018-01-19.1091932,bk,1.48,17.361,16.823,0.133,0.677,0.083,g
2458137.60851,2018-01-19.1092733,bg,1.49,16.562,16.454,0.198,1.005,0.182,V
2458137.65258,2018-01-19.1533395,bg,1.45,16.561,16.161,0.151,1.317,0.182,V
2458137.65385,2018-01-19.1546034,bg,1.45,16.585,16.553,0.213,0.918,0.178,V
2458137.65511,2018-01-19.1558699,bg,1.42,16.687,>16.687,99.990,0.630,0.162,V
2458138.60325,2018-01-20.1040049,bk,1.44,17.319,16.638,0.117,0.803,0.086,g
2458138.60328,2018-01-20.1040273,bg,1.51,16.505,>16.505,99.990,0.949,0.192,V
2458138.60447,2018-01-20.1052221,bk,1.42,17.445,16.682,0.108,0.772,0.076,g
2458138.60454,2018-01-20.1052951,bg,1.52,16.469,>16.469,99.990,0.919,0.198,V
2458138.60569,2018-01-20.1064383,bk,1.45,17.391,16.808,0.128,0.687,0.080,g
2458138.69470,2018-01-20.1954438,bg,1.41,16.474,16.159,0.164,1.319,0.197,V
2458138.69596,2018-01-20.1967096,bg,1.41,16.703,16.023,0.117,1.496,0.160,V
2458138.69722,2018-01-20.1979673,bg,1.41,16.641,16.378,0.172,1.078,0.169,V
2458139.60048,2018-01-21.1012265,bk,1.41,17.391,16.771,0.124,0.711,0.080,g
2458139.60052,2018-01-21.1012621,bg,1.40,16.445,16.280,0.188,1.181,0.203,V
2458139.60170,2018-01-21.1024459,bk,1.45,17.368,16.708,0.119,0.754,0.082,g
2458139.60178,2018-01-21.1025216,bg,1.42,16.611,>16.611,99.990,0.755,0.174,V
2458139.60292,2018-01-21.1036624,bk,1.43,17.414,16.817,0.127,0.681,0.079,g
2458139.60304,2018-01-21.1037849,bg,1.43,16.568,>16.568,99.990,0.890,0.181,V
2458139.64720,2018-01-21.1479400,bg,1.38,16.533,>16.533,99.990,0.318,0.187,V
2458139.64846,2018-01-21.1492032,bg,1.43,16.642,16.310,0.161,1.148,0.169,V
2458139.64974,2018-01-21.1504796,bg,1.38,16.661,>16.661,99.990,0.404,0.166,V
2458140.59781,2018-01-22.0985454,bg,1.40,16.493,16.489,0.218,0.974,0.194,V
2458140.59811,2018-01-22.0988423,bk,1.43,17.193,16.597,0.127,0.834,0.096,g
2458140.59907,2018-01-22.0998111,bg,1.40,16.364,16.094,0.171,1.401,0.218,V
2458140.59932,2018-01-22.1000525,bk,1.45,17.268,16.831,0.146,0.673,0.090,g
2458140.60035,2018-01-22.1010835,bg,1.41,16.589,16.434,0.190,1.024,0.178,V
2458140.60054,2018-01-22.1012726,bk,1.5,17.258,16.728,0.134,0.739,0.091,g
2458140.68634,2018-01-22.1870728,bg,1.37,16.550,16.340,0.181,1.117,0.184,V
2458140.68760,2018-01-22.1883412,bg,1.39,16.478,16.115,0.157,1.373,0.197,V
2458140.68895,2018-01-22.1896877,bg,1.37,16.668,16.545,0.196,0.924,0.165,V
2458141.34157,2018-01-22.8423004,bo,2.31,17.229,16.760,0.142,0.718,0.093,g
2458141.34280,2018-01-22.8435331,bo,2.35,99.990,99.990,99.990,99.990,99.990,g
2458141.34411,2018-01-22.8448408,bo,2.31,17.204,16.922,0.169,0.619,0.095,g
2458141.59502,2018-01-23.0957480,bk,1.43,17.185,16.725,0.143,0.741,0.097,g
2458141.59541,2018-01-23.0961428,bg,1.49,16.486,>16.486,99.990,0.795,0.195,V
2458141.59623,2018-01-23.0969616,bk,1.44,17.172,16.894,0.169,0.635,0.098,g
2458141.59669,2018-01-23.0974153,bg,1.47,16.462,16.324,0.193,1.133,0.200,V
2458141.59745,2018-01-23.0981788,bk,1.42,17.217,16.491,0.112,0.919,0.094,g
2458141.59796,2018-01-23.0986901,bg,1.49,16.642,>16.642,99.990,0.595,0.169,V
2458141.63166,2018-01-23.1323914,bg,1.44,16.681,16.281,0.152,1.179,0.163,V
2458141.63292,2018-01-23.13365,bg,1.40,16.635,16.233,0.151,1.232,0.170,V
2458141.63419,2018-01-23.1349157,bg,1.44,16.626,16.448,0.186,1.012,0.172,V
2458142.33886,2018-01-23.8395819,bo,2.32,17.084,16.709,0.155,0.753,0.107,g
2458142.34006,2018-01-23.8407864,bo,2.27,17.164,16.671,0.139,0.779,0.099,g
2458142.34128,2018-01-23.8420037,bo,2.31,99.990,99.990,99.990,99.990,99.990,g
2458142.59240,2018-01-24.0931248,bk,1.45,17.044,>17.044,99.990,0.440,0.110,g
2458142.59264,2018-01-24.0933603,bg,1.53,16.409,>16.409,99.990,0.870,0.210,V
2458142.59362,2018-01-24.0943395,bk,1.46,17.025,16.465,0.131,0.942,0.113,g
2458142.59391,2018-01-24.0946371,bg,1.54,16.369,16.297,0.205,1.162,0.218,V
2458142.59484,2018-01-24.0955577,bk,1.44,17.072,>17.072,99.990,0.468,0.108,g
2458142.59518,2018-01-24.0959011,bg,1.50,16.444,>16.444,99.990,0.779,0.203,V
2458142.66272,2018-01-24.1634407,bg,1.47,16.552,16.351,0.182,1.105,0.184,V
2458142.66399,2018-01-24.1647099,bg,1.41,16.606,>16.606,99.990,0.685,0.175,V
2458143.58996,2018-01-25.0906762,bg,1.58,16.319,>16.319,99.990,0.866,0.228,V
2458143.58997,2018-01-25.0906925,bk,1.47,16.916,16.669,0.175,0.781,0.124,g
2458143.59120,2018-01-25.0919170,bk,1.48,17.111,>17.111,99.990,0.488,0.104,g
2458143.59123,2018-01-25.0919406,bg,1.56,16.212,15.980,0.177,1.556,0.251,V
2458143.59242,2018-01-25.0931335,bk,1.47,17.053,16.699,0.158,0.759,0.110,g
2458143.59249,2018-01-25.0932059,bg,1.60,16.376,>16.376,99.990,0.751,0.216,V
2458143.66984,2018-01-25.1705557,bg,1.49,16.460,16.313,0.191,1.145,0.200,V
2458143.67112,2018-01-25.1718269,bg,1.48,99.990,99.990,99.990,99.990,99.990,V
2458143.67238,2018-01-25.1730918,bg,1.53,16.529,16.143,0.154,1.338,0.188,V
2458144.58717,2018-01-26.087875,bg,1.53,16.182,>16.182,99.990,1.199,0.258,V
2458144.58724,2018-01-26.0879483,bk,1.44,16.814,16.810,0.218,0.686,0.137,g
2458144.58845,2018-01-26.0891497,bg,1.54,16.256,>16.256,99.990,0.682,0.241,V
2458144.58847,2018-01-26.0891679,bk,1.42,17.015,16.607,0.151,0.826,0.114,g
2458144.58968,2018-01-26.0903850,bk,1.45,16.887,>16.887,99.990,0.569,0.128,g
2458144.58971,2018-01-26.0904160,bg,1.49,16.315,>16.315,99.990,0.908,0.229,V
2458144.68903,2018-01-26.1897362,bg,1.50,16.396,>16.396,99.990,0.727,0.212,V
2458144.69030,2018-01-26.1910082,bg,1.50,16.409,>16.409,99.990,0.951,0.210,V
2458144.69158,2018-01-26.1922821,bg,1.49,16.265,>16.265,99.990,0.944,0.239,V
2458145.33063,2018-01-26.8313280,bo,2.00,16.643,16.539,0.199,0.879,0.160,g
2458145.33186,2018-01-26.8325509,bo,2.02,16.660,>16.660,99.990,0.745,0.157,g
2458145.33307,2018-01-26.8337686,bo,2.01,16.552,16.442,0.198,0.962,0.174,g
2458145.58443,2018-01-27.0851277,bg,1.47,16.301,>16.301,99.990,0.382,0.231,V
2458145.58445,2018-01-27.0851431,bk,1.42,16.975,>16.975,99.990,0.571,0.118,g
2458145.58567,2018-01-27.0863626,bk,1.48,16.678,>16.678,99.990,0.713,0.155,g
2458145.58570,2018-01-27.0863921,bg,1.51,16.194,>16.194,99.990,0.821,0.256,V
2458145.58689,2018-01-27.0875878,bk,1.42,16.810,>16.810,99.990,0.587,0.137,g
2458145.58697,2018-01-27.0876714,bg,1.45,16.215,>16.215,99.990,0.939,0.251,V
2458145.61423,2018-01-27.1149217,bg,1.43,16.221,>16.221,99.990,0.963,0.249,V
2458145.61550,2018-01-27.1161971,bg,1.49,16.170,>16.170,99.990,0.815,0.261,V
2458145.61677,2018-01-27.1174732,bg,1.45,16.311,>16.311,99.990,0.883,0.229,V
2458146.32790,2018-01-27.8285892,bo,1.72,16.676,>16.676,99.990,0.488,0.155,g
2458146.32911,2018-01-27.8297964,bo,1.71,16.616,>16.616,99.990,0.370,0.164,g
2458146.33031,2018-01-27.8310037,bo,1.76,16.484,>16.484,99.990,0.447,0.185,g
2458146.58171,2018-01-28.0823952,bg,1.65,15.963,15.935,0.214,1.621,0.316,V
2458146.58176,2018-01-28.0824457,bk,1.44,16.541,16.284,0.173,1.112,0.176,g
2458146.58299,2018-01-28.0836737,bk,1.42,16.414,>16.414,99.990,0.539,0.197,g
2458146.58299,2018-01-28.0836793,bg,1.77,15.956,>15.956,99.990,1.257,0.318,V
2458146.58421,2018-01-28.0848921,bk,1.46,16.418,>16.418,99.990,0.924,0.197,g
2458146.58425,2018-01-28.0849375,bg,1.71,15.999,>15.999,99.990,0.964,0.306,V
2458146.73358,2018-01-28.2342703,bg,1.68,16.044,>16.044,99.990,0.315,0.293,V
2458146.73485,2018-01-28.2355399,bg,1.68,16.016,>16.016,99.990,0.831,0.301,V
2458146.73613,2018-01-28.2368185,bg,1.72,16.085,>16.085,99.990,0.917,0.283,V
2458147.32531,2018-01-28.8259872,bo,2.28,16.284,>16.284,99.990,0.793,0.223,g
2458147.32656,2018-01-28.8272415,bo,2.31,16.431,>16.431,99.990,0.823,0.194,g
2458147.32779,2018-01-28.8284699,bo,2.29,16.268,>16.268,99.990,0.601,0.226,g
2458147.57891,2018-01-29.0795957,bg,1.66,16.033,>16.033,99.990,0.923,0.296,V
2458147.57901,2018-01-29.0796883,bk,1.46,16.388,>16.388,99.990,0.619,0.202,g
2458147.58019,2018-01-29.0808671,bg,1.83,15.873,>15.873,99.990,0.957,0.343,V
2458147.58024,2018-01-29.0809138,bk,1.49,16.457,>16.457,99.990,0.576,0.190,g
2458147.58145,2018-01-29.0821320,bg,1.75,15.829,>15.829,99.990,0.459,0.358,V
2458147.58146,2018-01-29.0821348,bk,1.53,16.449,>16.449,99.990,0.806,0.191,g
2458147.68766,2018-01-29.1883327,bg,1.55,15.788,>15.788,99.990,0.504,0.371,V
2458147.68893,2018-01-29.1896075,bg,1.63,16.087,>16.087,99.990,1.261,0.282,V
2458147.69022,2018-01-29.1908946,bg,1.59,15.869,>15.869,99.990,1.494,0.345,V
2458148.32243,2018-01-29.8231065,bo,2.21,99.990,99.990,99.990,99.990,99.990,g
2458148.32365,2018-01-29.8243231,bo,2.09,15.915,>15.915,99.990,1.018,0.313,g
2458148.32486,2018-01-29.8255311,bo,2.04,13.990,>13.990,99.990,3.845,1.841,g
2458148.57622,2018-01-30.0768877,bg,1.44,15.795,>15.795,99.990,0.453,0.369,V
2458148.57633,2018-01-30.0770006,bk,1.48,16.270,>16.270,99.990,0.299,0.225,g
2458148.57747,2018-01-30.0781453,bg,1.42,15.923,>15.923,99.990,0.668,0.328,V
2458148.57755,2018-01-30.0782204,bk,1.47,16.181,16.178,0.219,1.227,0.245,g
2458148.57874,2018-01-30.0794129,bg,1.38,15.844,>15.844,99.990,1.042,0.353,V
2458148.57879,2018-01-30.0794581,bk,1.45,16.288,>16.288,99.990,0.657,0.222,g
2458148.63585,2018-01-30.1365175,bg,1.39,15.886,>15.886,99.990,0.225,0.339,V
2458148.63712,2018-01-30.1377878,bg,1.39,15.802,>15.802,99.990,0.866,0.367,V
2458148.63839,2018-01-30.1390616,bg,1.42,15.942,>15.942,99.990,0.843,0.322,V
2458149.57351,2018-01-31.0741711,bg,1.38,15.685,>15.685,99.990,1.236,0.408,V
2458149.57356,2018-01-31.0742275,bk,1.41,15.960,>15.960,99.990,0.861,0.300,g
2458149.57478,2018-01-31.0754425,bk,1.47,16.108,>16.108,99.990,-0.006,0.262,g
2458149.57482,2018-01-31.0754785,bg,1.39,15.654,>15.654,99.990,0.414,0.420,V
2458149.57601,2018-01-31.0766690,bk,1.45,16.088,>16.088,99.990,0.700,0.267,g
2458149.57609,2018-01-31.0767553,bg,1.41,15.726,>15.726,99.990,0.981,0.393,V
2458149.66722,2018-01-31.1678841,bg,1.42,15.568,>15.568,99.990,0.677,0.455,V
2458149.66850,2018-01-31.1691570,bg,1.41,15.354,>15.354,99.990,-0.523,0.554,V
2458149.66978,2018-01-31.1704384,bg,1.42,15.554,>15.554,99.990,0.145,0.461,V
2458150.31704,2018-01-31.8176962,bo,1.56,16.079,>16.079,99.990,0.346,0.269,g
2458150.31826,2018-01-31.8189079,bo,1.51,15.997,>15.997,99.990,1.042,0.290,g
2458150.31948,2018-01-31.8201340,bo,1.54,16.137,>16.137,99.990,0.638,0.255,g
2458150.57074,2018-02-01.0713880,bg,1.42,15.769,>15.769,99.990,0.128,0.378,V
2458150.57088,2018-02-01.0715340,bk,1.49,15.941,>15.941,99.990,1.038,0.305,g
2458150.57200,2018-02-01.0726572,bg,1.41,15.611,>15.611,99.990,1.017,0.437,V
2458150.57210,2018-02-01.0727516,bk,1.44,16.022,>16.022,99.990,0.768,0.283,g
2458150.57327,2018-02-01.0739263,bg,1.44,15.785,>15.785,99.990,0.811,0.372,V
2458150.57332,2018-02-01.0739712,bk,1.46,16.057,>16.057,99.990,0.662,0.274,g
2458150.64750,2018-02-01.1481471,bg,1.42,15.567,>15.567,99.990,0.431,0.455,V
2458150.64877,2018-02-01.1494239,bg,1.35,15.662,>15.662,99.990,0.616,0.417,V
2458150.65005,2018-02-01.1506942,bg,1.39,15.542,>15.542,99.990,0.989,0.466,V
2458151.31420,2018-02-01.8148425,bo,1.65,16.392,>16.392,99.990,0.715,0.201,g
2458151.31547,2018-02-01.8161105,bo,1.56,16.486,>16.486,99.990,0.693,0.185,g
2458151.31669,2018-02-01.8173290,bo,1.58,16.364,>16.364,99.990,0.843,0.207,g
2458151.56798,2018-02-02.0686275,bg,1.47,16.033,>16.033,99.990,1.246,0.296,V
2458151.56816,2018-02-02.0687997,bk,1.52,16.429,>16.429,99.990,0.527,0.195,g
2458151.56927,2018-02-02.0699146,bg,1.45,15.885,>15.885,99.990,0.886,0.340,V
2458151.56937,2018-02-02.0700155,bk,1.48,16.354,16.309,0.210,1.088,0.209,g
2458151.57053,2018-02-02.0711782,bg,1.45,15.873,>15.873,99.990,0.829,0.343,V
2458151.57061,2018-02-02.0712454,bk,1.5,16.366,>16.366,99.990,0.737,0.206,g
2458151.57317,2018-02-02.0738085,bg,1.53,15.985,>15.985,99.990,1.323,0.310,V
2458151.57444,2018-02-02.0750822,bg,1.41,15.869,>15.869,99.990,1.686,0.345,V
2458151.57572,2018-02-02.0763614,bg,1.47,15.980,>15.980,99.990,0.810,0.311,V
2458152.31144,2018-02-02.8120706,bo,1.57,16.866,>16.866,99.990,0.501,0.130,g
2458152.31267,2018-02-02.8132967,bo,1.50,16.874,16.451,0.149,0.954,0.129,g
2458152.31389,2018-02-02.8145166,bo,1.49,16.896,16.818,0.204,0.680,0.127,g
2458152.56522,2018-02-03.0658542,bg,1.44,16.390,>16.390,99.990,0.954,0.213,V
2458152.56535,2018-02-03.0659824,bk,1.54,17.174,16.889,0.169,0.638,0.098,g
2458152.56650,2018-02-03.0671346,bg,1.44,16.345,>16.345,99.990,0.856,0.222,V
2458152.56656,2018-02-03.0671939,bk,1.54,16.909,16.510,0.152,0.903,0.125,g
2458152.56778,2018-02-03.0684081,bg,1.44,16.298,>16.298,99.990,1.047,0.232,V
2458152.56778,2018-02-03.0684113,bk,1.53,17.013,16.600,0.150,0.832,0.114,g
2458152.59514,2018-02-03.0957680,bg,1.39,16.137,>16.137,99.990,0.960,0.269,V
2458152.59640,2018-02-03.0970321,bg,1.43,16.032,>16.032,99.990,0.866,0.297,V
2458152.59767,2018-02-03.0982966,bg,1.38,16.059,>16.059,99.990,0.926,0.289,V
2458153.30865,2018-02-03.8092796,bo,1.72,17.435,16.705,0.112,0.755,0.077,g
2458153.30987,2018-02-03.8104961,bo,1.74,17.255,16.556,0.115,0.866,0.091,g
2458153.31109,2018-02-03.8117127,bo,1.66,17.275,16.731,0.133,0.737,0.089,g
2458153.56252,2018-02-04.0631396,bg,1.41,16.469,16.465,0.218,0.996,0.198,V
2458153.56263,2018-02-04.0632515,bk,1.45,17.299,16.668,0.123,0.781,0.087,g
2458153.56379,2018-02-04.0644178,bg,1.44,16.595,>16.595,99.990,0.819,0.177,V
2458153.56386,2018-02-04.0644758,bk,1.45,17.287,16.800,0.140,0.692,0.088,g
2458153.56507,2018-02-04.0656905,bg,1.42,16.591,>16.591,99.990,0.680,0.177,V
2458153.56508,2018-02-04.0656988,bk,1.44,17.242,16.930,0.164,0.614,0.092,g
2458154.30594,2018-02-04.8065517,bo,2.19,17.307,16.725,0.128,0.741,0.087,g
2458154.30718,2018-02-04.8077894,bo,2.18,17.340,16.878,0.143,0.644,0.084,g
2458154.30839,2018-02-04.8090001,bo,2.17,17.337,16.939,0.152,0.609,0.084,g
2458155.30355,2018-02-05.8041562,bo,1.56,17.349,16.774,0.129,0.708,0.083,g
2458155.30483,2018-02-05.8054319,bo,1.49,17.371,16.687,0.117,0.768,0.082,g
2458158.63253,2018-02-09.1330995,bg,1.34,16.491,16.236,0.173,1.228,0.194,V
2458158.63380,2018-02-09.1343697,bg,1.36,16.470,16.138,0.161,1.345,0.198,V
2458158.63508,2018-02-09.1356473,bg,1.36,16.570,16.544,0.214,0.925,0.181,V
2458161.56407,2018-02-12.0646091,bg,1.39,16.537,16.370,0.188,1.086,0.186,V
2458161.56534,2018-02-12.0658800,bg,1.41,16.570,16.353,0.179,1.103,0.181,V
2458161.56662,2018-02-12.0671578,bg,1.36,16.477,>16.477,99.990,0.795,0.197,V
2458163.60936,2018-02-14.1098645,bg,1.39,16.511,16.464,0.210,0.996,0.191,V
2458163.61063,2018-02-14.1111418,bg,1.38,16.572,16.521,0.209,0.945,0.180,V
2458163.61190,2018-02-14.1124104,bg,1.40,16.402,>16.402,99.990,0.688,0.211,V
2458165.60757,2018-02-16.1080665,bg,1.35,16.584,>16.584,99.990,0.752,0.178,V
2458165.60886,2018-02-16.1093517,bg,1.38,16.530,>16.530,99.990,0.752,0.187,V
2458165.61014,2018-02-16.1106275,bg,1.34,16.530,>16.530,99.990,0.910,0.188,V
2458166.67928,2018-02-17.1797484,bg,1.35,15.821,>15.821,99.990,0.880,0.360,V
2458166.68056,2018-02-17.1810306,bg,1.39,15.962,>15.962,99.990,0.816,0.316,V
2458166.68183,2018-02-17.1823074,bg,1.37,16.156,16.156,0.219,1.324,0.265,V
2458168.62691,2018-02-19.1273590,bk,1.44,17.225,16.975,0.174,0.589,0.094,g
2458168.62814,2018-02-19.1285809,bk,1.41,17.173,16.701,0.142,0.758,0.098,g
2458168.62935,2018-02-19.1297967,bk,1.46,17.200,16.556,0.121,0.867,0.096,g
2458170.64715,2018-02-21.1475800,bg,1.44,16.518,16.503,0.216,0.961,0.190,V
2458170.64843,2018-02-21.1488527,bg,1.42,16.491,>16.491,99.990,0.872,0.194,V
2458171.57639,2018-02-22.0767983,bg,1.36,16.510,>16.510,99.990,0.798,0.191,V
2458171.57767,2018-02-22.0780751,bg,1.38,16.387,15.938,0.145,1.616,0.214,V
2458171.57894,2018-02-22.0793456,bg,1.37,16.484,>16.484,99.990,0.748,0.196,V
2458173.65948,2018-02-24.1598633,bg,1.40,16.272,>16.272,99.990,0.959,0.238,V
2458173.66076,2018-02-24.1611430,bg,1.37,16.286,>16.286,99.990,0.627,0.235,V
2458173.66204,2018-02-24.1624241,bg,1.37,16.314,>16.314,99.990,0.753,0.229,V
2458175.59652,2018-02-26.0968795,bg,1.45,16.066,>16.066,99.990,1.080,0.287,V
2458175.59780,2018-02-26.0981547,bg,1.36,16.233,16.127,0.199,1.358,0.247,V
2458175.59908,2018-02-26.0994278,bg,1.45,16.109,15.637,0.142,2.133,0.276,V
2458177.64578,2018-02-28.1461114,bg,1.50,14.673,>14.673,99.990,1.405,1.037,V
2458178.51242,2018-03-01.0127284,bk,2.05,16.012,>16.012,99.990,1.126,0.286,g
2458178.51363,2018-03-01.0139457,bk,2.03,16.206,>16.206,99.990,0.101,0.239,g
2458178.51485,2018-03-01.0151644,bk,2.03,16.123,16.033,0.202,1.402,0.258,g
2458179.58560,2018-03-02.0858969,bg,1.38,15.545,>15.545,99.990,0.927,0.465,V
2458179.58686,2018-03-02.0871648,bg,1.41,15.578,>15.578,99.990,1.353,0.451,V
2458179.58813,2018-03-02.0884284,bg,1.36,15.513,>15.513,99.990,1.708,0.479,V
2458181.54704,2018-03-04.0473037,bk,1.47,16.805,>16.805,99.990,0.522,0.138,g
2458181.54826,2018-03-04.0485261,bk,1.47,16.627,16.538,0.202,0.880,0.162,g
2458181.54947,2018-03-04.0497418,bk,1.5,16.602,>16.602,99.990,0.524,0.166,g
2458182.51318,2018-03-05.0134434,bg,1.39,16.434,>16.434,99.990,0.989,0.205,V
2458182.51445,2018-03-05.0147096,bg,1.46,16.482,>16.482,99.990,0.905,0.196,V
2458182.51573,2018-03-05.0159856,bg,1.39,16.560,>16.560,99.990,0.708,0.182,V
2458184.50737,2018-03-07.0076011,bk,2.31,16.679,>16.679,99.990,0.478,0.155,g
2458184.50859,2018-03-07.0088223,bk,2.31,16.709,>16.709,99.990,0.661,0.151,g
2458184.50981,2018-03-07.0100383,bk,2.28,16.740,>16.740,99.990,0.552,0.146,g
2458185.61464,2018-03-08.1148541,bk,1.41,17.283,16.843,0.146,0.664,0.089,g
2458185.61586,2018-03-08.1160774,bk,1.45,17.109,16.589,0.136,0.840,0.104,g
2458185.61709,2018-03-08.1172981,bk,1.44,17.356,16.833,0.135,0.671,0.083,g
2458187.52057,2018-03-10.0207603,bg,1.36,16.568,>16.568,99.990,0.856,0.181,V
2458187.52185,2018-03-10.0220353,bg,1.39,16.527,16.359,0.188,1.097,0.188,V
2458187.52312,2018-03-10.0233105,bg,1.38,16.505,16.210,0.167,1.259,0.192,V
2458188.60083,2018-03-11.1010031,bk,1.47,17.283,16.789,0.139,0.698,0.089,g
2458188.60205,2018-03-11.1022192,bk,1.5,17.243,16.587,0.120,0.842,0.092,g
2458188.60327,2018-03-11.1034376,bk,1.46,17.233,16.719,0.136,0.745,0.093,g
2458190.59086,2018-03-13.0909947,bk,1.53,17.302,16.889,0.150,0.637,0.087,g
2458190.59207,2018-03-13.0922138,bk,1.51,17.264,16.887,0.155,0.639,0.090,g
2458190.59330,2018-03-13.0934328,bk,1.49,17.237,17.116,0.196,0.517,0.093,g
2458191.58354,2018-03-14.0836692,bg,1.32,16.589,>16.589,99.990,0.835,0.178,V
2458191.58481,2018-03-14.0849351,bg,1.38,16.747,16.532,0.180,0.936,0.154,V
2458191.58608,2018-03-14.0862115,bg,1.38,16.427,>16.427,99.990,0.687,0.206,V
2458192.60147,2018-03-15.1015837,bg,1.38,16.431,>16.431,99.990,0.961,0.205,V
2458192.60274,2018-03-15.1028511,bg,1.42,16.549,16.300,0.174,1.158,0.184,V
2458192.60402,2018-03-15.1041297,bg,1.40,16.491,>16.491,99.990,0.968,0.194,V
2458193.59672,2018-03-16.0968187,bg,1.42,16.506,>16.506,99.990,0.900,0.192,V
2458193.59799,2018-03-16.0980877,bg,1.41,16.394,16.049,0.159,1.459,0.213,V
2458193.59926,2018-03-16.0993620,bg,1.40,16.597,16.506,0.202,0.958,0.176,V
2458194.57272,2018-03-17.0728012,bg,1.42,16.518,16.454,0.206,1.006,0.190,V
2458194.57400,2018-03-17.0740812,bg,1.40,16.399,16.387,0.217,1.069,0.212,V
2458194.57528,2018-03-17.0753637,bg,1.43,16.520,16.287,0.177,1.172,0.189,V
2458195.57979,2018-03-18.0798530,bg,1.66,16.505,16.323,0.185,1.135,0.192,V
2458195.58105,2018-03-18.0811141,bg,1.67,16.512,15.978,0.134,1.558,0.191,V
2458195.58231,2018-03-18.0823803,bg,1.60,16.488,>16.488,99.990,0.741,0.195,V
2458196.59081,2018-03-19.0908568,bg,1.57,16.617,16.504,0.198,0.960,0.173,V
2458196.59207,2018-03-19.0921196,bg,1.52,16.465,16.323,0.192,1.135,0.199,V
2458196.59335,2018-03-19.0933976,bg,1.53,16.439,16.325,0.197,1.132,0.204,V
2458197.58638,2018-03-20.0864148,bg,1.41,16.465,>16.465,99.990,0.981,0.199,V
2458197.58766,2018-03-20.0876916,bg,1.50,16.501,16.407,0.201,1.051,0.193,V
2458197.58893,2018-03-20.0889660,bg,1.43,16.602,>16.602,99.990,0.777,0.175,V
2458198.56920,2018-03-21.0692238,bk,1.41,17.254,16.781,0.142,0.704,0.091,g
2458198.57042,2018-03-21.0704457,bk,1.49,17.294,16.739,0.131,0.732,0.088,g
2458198.57165,2018-03-21.0716736,bk,1.45,17.245,16.547,0.115,0.873,0.092,g
2458200.57619,2018-03-23.0761853,bk,1.43,17.210,17.118,0.201,0.516,0.095,g
2458200.57741,2018-03-23.0774038,bk,1.51,17.139,16.904,0.176,0.629,0.101,g
2458200.57863,2018-03-23.0786200,bk,1.47,17.129,16.821,0.165,0.679,0.102,g
2458202.56610,2018-03-25.0660613,bg,1.56,16.273,>16.273,99.990,1.146,0.238,V
2458202.56738,2018-03-25.0673390,bg,1.61,16.274,>16.274,99.990,0.894,0.237,V
2458202.56864,2018-03-25.0686049,bg,1.51,16.355,>16.355,99.990,0.462,0.220,V
2458205.56230,2018-03-28.0622194,bk,1.4,16.490,>16.490,99.990,0.439,0.184,g
2458205.56353,2018-03-28.0634423,bk,1.44,16.345,>16.345,99.990,0.494,0.210,g
2458205.56475,2018-03-28.0646680,bk,1.49,16.511,>16.511,99.990,0.503,0.181,g
2458207.56137,2018-03-30.0612616,bg,1.43,15.709,>15.709,99.990,0.584,0.399,V
2458207.56265,2018-03-30.0625449,bg,1.38,15.842,>15.842,99.990,1.407,0.353,V
2458207.56393,2018-03-30.0638238,bg,1.39,15.894,>15.894,99.990,0.625,0.337,V
2458208.57051,2018-03-31.0703878,bg,1.37,15.519,>15.519,99.990,0.792,0.476,V
2458208.57180,2018-03-31.0716761,bg,1.32,15.498,>15.498,99.990,0.586,0.485,V
2458208.57306,2018-03-31.0729460,bg,1.40,15.679,>15.679,99.990,0.759,0.411,V
2458209.55608,2018-04-01.0559408,bg,1.49,15.825,>15.825,99.990,0.504,0.359,V
2458209.55735,2018-04-01.0572071,bg,1.47,15.717,>15.717,99.990,0.274,0.397,V
2458209.55863,2018-04-01.0584849,bg,1.45,15.797,>15.797,99.990,1.016,0.368,V
2458210.55211,2018-04-02.0519547,bg,1.39,15.641,>15.641,99.990,-0.213,0.425,V
2458210.55338,2018-04-02.0532268,bg,1.40,15.603,>15.603,99.990,0.883,0.440,V
2458210.55466,2018-04-02.0545020,bg,1.39,15.735,>15.735,99.990,0.388,0.390,V
2458211.55075,2018-04-03.0505781,bg,1.47,16.029,>16.029,99.990,1.154,0.297,V
2458211.55201,2018-04-03.0518403,bg,1.48,16.140,>16.140,99.990,1.252,0.269,V
2458211.55328,2018-04-03.0531160,bg,1.45,16.042,>16.042,99.990,0.960,0.294,V
2458212.54648,2018-04-04.0462962,bg,1.46,16.344,>16.344,99.990,1.058,0.223,V
2458212.54776,2018-04-04.0475724,bg,1.43,16.247,>16.247,99.990,0.903,0.243,V
2458212.54904,2018-04-04.0488484,bg,1.42,16.309,>16.309,99.990,0.827,0.230,V
2458213.53316,2018-04-05.0329585,bg,1.36,16.360,16.077,0.169,1.423,0.219,V
2458213.53443,2018-04-05.0342256,bg,1.34,16.459,>16.459,99.990,0.982,0.200,V
2458213.53569,2018-04-05.0354902,bg,1.35,16.516,>16.516,99.990,0.789,0.190,V
2458214.50844,2018-04-06.0082298,bk,1.51,99.990,99.990,99.990,99.990,99.990,g
2458214.50967,2018-04-06.0094531,bk,1.56,17.164,16.681,0.140,0.772,0.099,g
2458214.51089,2018-04-06.0106797,bk,1.5,17.187,16.541,0.121,0.878,0.097,g
2458215.48162,2018-04-06.9813902,bk,1.56,16.866,16.531,0.161,0.886,0.130,g
2458215.48285,2018-04-06.9826144,bk,1.6,16.904,16.801,0.199,0.692,0.126,g
2458215.48406,2018-04-06.9838378,bk,1.54,16.974,16.850,0.195,0.661,0.118,g
2458216.48442,2018-04-07.9841795,bk,1.78,17.059,16.691,0.156,0.765,0.109,g
2458216.48564,2018-04-07.9854002,bk,1.65,17.092,16.561,0.134,0.862,0.106,g
2458216.48686,2018-04-07.9866167,bk,1.66,17.170,16.806,0.157,0.688,0.098,g
2458217.52472,2018-04-09.0244672,bk,1.51,17.179,16.865,0.164,0.652,0.098,g
2458217.52594,2018-04-09.0256798,bk,1.57,17.342,16.841,0.138,0.666,0.084,g
2458217.52716,2018-04-09.0269004,bk,1.59,17.218,17.005,0.180,0.573,0.094,g
2458220.52101,2018-04-12.0207137,bg,1.36,16.506,>16.506,99.990,0.795,0.192,V
2458221.52649,2018-04-13.0261804,bk,1.7,17.196,16.606,0.127,0.827,0.096,g
2458221.52772,2018-04-13.0274015,bk,1.71,17.131,16.996,0.193,0.578,0.102,g
2458221.52893,2018-04-13.0286187,bk,1.70,17.162,16.746,0.149,0.727,0.099,g
2458222.52242,2018-04-14.0220934,bg,1.44,16.672,16.500,0.187,0.963,0.164,V
2458222.52369,2018-04-14.0233591,bg,1.43,16.571,>16.571,99.990,0.900,0.181,V
2458222.52496,2018-04-14.0246310,bg,1.46,16.600,16.238,0.157,1.226,0.176,V
2458223.51653,2018-04-15.0161898,bk,1.54,17.157,16.752,0.151,0.723,0.100,g
2458223.51775,2018-04-15.0174026,bk,1.55,17.273,16.476,0.105,0.932,0.090,g
2458223.51896,2018-04-15.0186189,bk,1.52,17.412,17.035,0.155,0.558,0.079,g
2458224.51347,2018-04-16.0131263,bg,1.73,16.437,16.275,0.189,1.185,0.204,V
2458224.51475,2018-04-16.0143988,bg,1.69,16.493,>16.493,99.990,0.801,0.194,V
2458224.51601,2018-04-16.0156553,bg,1.73,16.451,>16.451,99.990,0.755,0.202,V
2458225.50102,2018-04-17.0006570,bg,1.38,16.168,>16.168,99.990,0.701,0.262,V
2458225.50357,2018-04-17.0032031,bg,1.40,16.286,>16.286,99.990,1.082,0.235,V
2458226.50036,2018-04-17.9999758,bg,1.38,16.364,>16.364,99.990,0.956,0.219,V
2458226.50163,2018-04-18.0012512,bg,1.38,16.120,>16.120,99.990,0.857,0.274,V
2458226.50291,2018-04-18.0025282,bg,1.40,16.272,>16.272,99.990,1.031,0.238,V
2458227.48022,2018-04-18.9798292,bk,1.57,17.224,16.950,0.170,0.602,0.094,g
2458227.48145,2018-04-18.9810491,bk,1.55,17.109,16.619,0.139,0.817,0.104,g
2458228.50256,2018-04-20.0021576,bg,1.41,16.412,16.263,0.191,1.199,0.209,V
2458228.50384,2018-04-20.0034304,bg,1.44,16.351,16.140,0.181,1.342,0.221,V
2458228.50511,2018-04-20.0047018,bg,1.46,16.320,16.018,0.166,1.502,0.228,V
2458229.49066,2018-04-20.9902458,bg,1.40,16.310,>16.310,99.990,0.606,0.230,V
2458229.49194,2018-04-20.9915211,bg,1.39,16.532,>16.532,99.990,0.826,0.187,V
2458229.49322,2018-04-20.9927980,bg,1.38,16.278,16.060,0.179,1.445,0.236,V
2458231.47507,2018-04-22.9746255,bg,1.38,16.181,>16.181,99.990,0.917,0.258,V
2458232.47378,2018-04-23.9733196,bg,1.39,15.808,>15.808,99.990,1.200,0.365,V
2458232.47505,2018-04-23.9745936,bg,1.38,15.659,>15.659,99.990,1.442,0.418,V
2458232.47631,2018-04-23.9758486,bg,1.40,15.701,>15.701,99.990,0.935,0.402,V
2458235.47581,2018-04-26.9753148,bg,1.86,13.932,>13.932,99.990,-2.915,2.053,V
2458235.47709,2018-04-26.9765944,bg,1.40,99.990,99.990,99.990,99.990,99.990,V
2458236.45959,2018-04-27.9590854,bk,2.1,15.628,>15.628,99.990,0.540,0.407,g
2458236.46082,2018-04-27.9603133,bk,2.06,15.826,>15.826,99.990,1.034,0.339,g
2458236.46204,2018-04-27.9615305,bk,2.03,15.987,>15.987,99.990,0.812,0.293,g
2458237.47069,2018-04-28.9701733,bg,1.57,99.990,99.990,99.990,99.990,99.990,V
2458237.47198,2018-04-28.9714538,bg,1.41,99.990,99.990,99.990,99.990,99.990,V
2458237.47325,2018-04-28.9727335,bg,1.38,99.990,99.990,99.990,99.990,99.990,V
2458238.46595,2018-04-29.9654277,bk,1.7,16.120,>16.120,99.990,0.557,0.259,g
2458238.46717,2018-04-29.9666377,bk,1.52,16.166,>16.166,99.990,0.049,0.248,g
2458238.46839,2018-04-29.9678605,bk,1.62,16.111,>16.111,99.990,0.585,0.261,g
2458241.45682,2018-05-02.9562516,bg,1.45,15.659,>15.659,99.990,0.552,0.418,V
2458241.45809,2018-05-02.9575207,bg,1.43,15.755,>15.755,99.990,1.296,0.383,V
2458241.45936,2018-05-02.9587968,bg,1.42,15.964,>15.964,99.990,1.211,0.316,V
2458319.93991,2018-07-20.4391162,bk,1.68,16.659,>16.659,99.990,0.546,0.158,g
2458319.94112,2018-07-20.4403299,bk,1.69,16.714,>16.714,99.990,0.615,0.150,g
2458319.94234,2018-07-20.4415482,bk,1.66,16.548,>16.548,99.990,0.440,0.175,g
2458320.94388,2018-07-21.4431127,bk,1.56,16.445,16.416,0.214,0.986,0.192,g
2458320.94510,2018-07-21.4443275,bk,1.59,16.158,>16.158,99.990,0.833,0.250,g
2458320.94633,2018-07-21.4455509,bk,1.59,16.178,>16.178,99.990,0.432,0.245,g
2458321.93788,2018-07-22.4371086,bg,1.66,14.590,>14.590,99.990,1.421,1.120,V
2458321.93921,2018-07-22.4384366,bg,1.57,14.400,>14.400,99.990,2.093,1.334,V
2458321.94049,2018-07-22.4397165,bg,1.74,14.643,>14.643,99.990,-0.113,1.066,V
2458322.93429,2018-07-23.4335297,bg,1.42,14.861,>14.861,99.990,1.172,0.872,V
2458322.93555,2018-07-23.4347962,bg,1.45,14.935,>14.935,99.990,2.466,0.815,V
2458322.93683,2018-07-23.4360703,bg,1.47,15.225,>15.225,99.990,1.504,0.624,V
2458323.93070,2018-07-24.4299445,bg,1.69,16.252,16.063,0.184,1.442,0.243,V
2458323.93198,2018-07-24.4312199,bg,1.68,16.319,>16.319,99.990,0.839,0.228,V
2458323.93324,2018-07-24.4324832,bg,1.63,16.272,>16.272,99.990,0.617,0.238,V
2458334.92288,2018-08-04.4222166,bg,1.41,16.287,>16.287,99.990,0.738,0.235,V
2458334.92414,2018-08-04.4234803,bg,1.46,16.092,>16.092,99.990,0.764,0.281,V
2458334.92542,2018-08-04.4247567,bg,1.42,16.229,>16.229,99.990,0.997,0.248,V
2458339.90752,2018-08-09.4069078,bg,1.74,16.323,>16.323,99.990,1.129,0.227,V
2458339.90879,2018-08-09.4081782,bg,1.67,16.407,>16.407,99.990,0.241,0.210,V
2458339.91006,2018-08-09.4094438,bg,1.71,16.383,>16.383,99.990,0.744,0.215,V
2458340.91152,2018-08-10.4109121,bk,1.43,17.378,16.513,0.099,0.902,0.081,g
2458340.91273,2018-08-10.4121199,bk,1.47,17.331,16.939,0.153,0.609,0.085,g
2458340.91394,2018-08-10.4133385,bk,1.46,17.198,16.709,0.140,0.753,0.096,g
2458344.90285,2018-08-14.4022832,bg,1.47,16.398,15.929,0.142,1.631,0.212,V
2458344.90411,2018-08-14.4035484,bg,1.45,16.359,16.241,0.197,1.223,0.220,V
2458345.89112,2018-08-15.3905697,bg,1.42,16.346,>16.346,99.990,0.528,0.222,V
2458345.89238,2018-08-15.3918337,bg,1.39,99.990,99.990,99.990,99.990,99.990,V
2458345.89365,2018-08-15.3931067,bg,1.39,16.294,15.997,0.167,1.531,0.233,V
2458347.89421,2018-08-17.3936821,bk,1.48,17.216,16.804,0.150,0.690,0.094,g
2458347.89543,2018-08-17.3949005,bk,1.43,17.347,16.685,0.119,0.769,0.084,g
2458347.89665,2018-08-17.3961190,bk,1.48,17.286,16.767,0.136,0.714,0.088,g
2458353.87035,2018-08-23.3699021,bk,1.61,16.453,>16.453,99.990,0.404,0.190,g
2458353.87157,2018-08-23.3711219,bk,1.65,16.210,>16.210,99.990,-0.163,0.238,g
2458353.87279,2018-08-23.3723358,bk,1.65,15.969,>15.969,99.990,-0.014,0.297,g
2458354.86711,2018-08-24.3666739,bg,1.80,15.780,>15.780,99.990,0.626,0.374,V
2458354.86839,2018-08-24.3679494,bg,1.73,15.805,>15.805,99.990,1.486,0.366,V
2458354.86965,2018-08-24.3692153,bg,1.70,15.859,>15.859,99.990,1.042,0.348,V
2458356.86107,2018-08-26.3606546,bg,1.68,15.490,>15.490,99.990,0.551,0.489,V
2458356.86234,2018-08-26.3619283,bg,1.66,15.572,>15.572,99.990,1.676,0.453,V
2458358.86009,2018-08-28.3597016,bk,1.58,16.162,>16.162,99.990,0.569,0.249,g
2458358.86131,2018-08-28.3609210,bk,1.54,16.126,>16.126,99.990,0.729,0.257,g
2458358.86252,2018-08-28.3621385,bk,1.56,16.270,>16.270,99.990,0.457,0.226,g
2458359.85421,2018-08-29.3538312,bg,1.51,15.782,>15.782,99.990,0.253,0.373,V
2458359.85548,2018-08-29.3551055,bg,1.44,15.732,>15.732,99.990,-0.529,0.391,V
2458359.85676,2018-08-29.3563785,bg,1.41,15.812,>15.812,99.990,0.833,0.363,V
2458360.86531,2018-08-30.3649494,bk,1.43,16.476,16.461,0.216,0.945,0.187,g
2458360.86653,2018-08-30.3661702,bk,1.51,16.510,>16.510,99.990,0.894,0.181,g
2458360.86774,2018-08-30.3673890,bk,1.51,16.457,>16.457,99.990,0.888,0.190,g
2458362.86595,2018-09-01.3656074,bk,2.44,16.525,>16.525,99.990,0.612,0.178,g
2458362.86716,2018-09-01.3668246,bk,2.47,16.536,>16.536,99.990,0.724,0.177,g
2458362.86838,2018-09-01.3680418,bk,2.43,16.565,>16.565,99.990,0.534,0.172,g
2458366.89555,2018-09-05.3952717,bk,1.53,17.112,16.548,0.130,0.873,0.104,g
2458366.89677,2018-09-05.3964902,bk,1.5,17.310,16.722,0.128,0.743,0.087,g
2458366.89799,2018-09-05.3977031,bk,1.54,17.126,>17.126,99.990,0.491,0.102,g
2458367.69169,2018-09-06.3308175,bg,1.50,99.990,99.990,99.990,99.990,99.990,V
2458367.69169,2018-09-06.3295472,bg,1.50,99.990,99.990,99.990,99.990,99.990,V
2458367.69169,2018-09-06.3320836,bg,1.48,99.990,99.990,99.990,99.990,99.990,V
2458368.83018,2018-09-07.3299240,bk,1.5,17.148,16.548,0.126,0.872,0.100,g
2458368.83140,2018-09-07.3311436,bk,1.46,17.156,16.601,0.131,0.831,0.100,g
2458368.83262,2018-09-07.3323631,bk,1.51,17.173,16.949,0.178,0.603,0.098,g
2458370.82394,2018-09-09.3237228,bg,1.79,16.236,>16.236,99.990,0.927,0.246,V
2458370.82521,2018-09-09.3249913,bg,1.69,16.264,>16.264,99.990,0.858,0.240,V
2458371.82054,2018-09-10.3203307,bg,1.55,16.261,>16.261,99.990,0.658,0.240,V
2458371.82182,2018-09-10.3216086,bg,1.52,16.269,>16.269,99.990,0.882,0.238,V
2458371.82308,2018-09-10.3228741,bg,1.54,16.260,16.144,0.197,1.338,0.240,V
2458372.81574,2018-09-11.3155512,bk,1.47,17.133,>17.133,99.990,0.457,0.102,g
2458372.81696,2018-09-11.3167689,bk,1.42,17.062,16.643,0.149,0.799,0.109,g
2458372.81818,2018-09-11.3179850,bk,1.43,17.210,17.150,0.207,0.501,0.095,g
2458373.81724,2018-09-12.3170531,bg,1.86,99.990,99.990,99.990,99.990,99.990,V
2458373.81978,2018-09-12.3195939,bg,1.67,99.990,99.990,99.990,99.990,99.990,V
2458375.61621,2018-09-14.1160515,bo,1.45,99.990,99.990,99.990,99.990,99.990,g
2458375.61740,2018-09-14.1172561,bo,1.44,17.296,16.968,0.162,0.593,0.088,g
2458375.61862,2018-09-14.1184724,bo,1.45,99.990,99.990,99.990,99.990,99.990,g
2458375.81047,2018-09-14.3103210,bg,1.49,16.201,>16.201,99.990,1.176,0.254,V
2458375.81174,2018-09-14.3115884,bg,1.51,16.280,>16.280,99.990,0.732,0.236,V
2458375.81302,2018-09-14.3128645,bg,1.51,99.990,99.990,99.990,99.990,99.990,V
2458377.80267,2018-09-16.3025532,bk,1.7,17.141,16.353,0.106,1.044,0.101,g
2458377.80390,2018-09-16.3037766,bk,1.72,17.212,16.855,0.158,0.658,0.095,g
2458377.80511,2018-09-16.3049900,bk,1.71,17.158,16.846,0.164,0.663,0.100,g
2458380.79686,2018-09-19.2967767,bg,1.55,16.259,>16.259,99.990,0.985,0.241,V
2458380.79811,2018-09-19.2980363,bg,1.55,16.209,>16.209,99.990,0.781,0.252,V
2458380.79947,2018-09-19.2993916,bg,1.50,16.406,>16.406,99.990,0.965,0.210,V
2458382.80057,2018-09-21.3005228,bk,1.5,16.581,>16.581,99.990,0.835,0.169,g
2458382.80180,2018-09-21.3017422,bk,1.51,16.547,>16.547,99.990,0.540,0.175,g
2458382.80302,2018-09-21.3029706,bk,1.44,16.551,>16.551,99.990,0.267,0.174,g
2458384.78612,2018-09-23.2860942,bk,1.55,16.270,>16.270,99.990,0.711,0.225,g
2458384.78732,2018-09-23.2873049,bk,1.58,16.210,>16.210,99.990,0.287,0.238,g
2458384.78854,2018-09-23.2885223,bk,1.57,16.171,>16.171,99.990,1.178,0.247,g
2458385.78403,2018-09-24.2840281,bg,1.48,15.630,>15.630,99.990,0.748,0.429,V
2458385.78531,2018-09-24.2853093,bg,1.58,15.691,>15.691,99.990,1.016,0.406,V
2458385.78661,2018-09-24.2866010,bg,1.47,15.623,>15.623,99.990,1.424,0.432,V
2458390.82884,2018-09-29.3289094,bk,1.71,15.215,>15.215,99.990,0.021,0.596,g
2458390.83006,2018-09-29.3301266,bk,1.71,15.165,>15.165,99.990,2.797,0.624,g
2458390.83126,2018-09-29.3313392,bk,1.65,14.456,>14.456,99.990,2.802,1.198,g
2458392.57277,2018-10-01.0728677,bo,1.44,16.660,>16.660,99.990,0.299,0.157,g
2458392.57398,2018-10-01.0740759,bo,1.44,16.737,>16.737,99.990,0.448,0.147,g
2458392.57518,2018-10-01.0752784,bo,1.47,16.667,16.654,0.217,0.791,0.156,g
2458393.52341,2018-10-02.0235196,bo,2.11,99.990,99.990,99.990,99.990,99.990,g
2458393.52484,2018-10-02.0249491,bo,2.12,99.990,99.990,99.990,99.990,99.990,g
2458393.85128,2018-10-02.3514,bG,1.49,17.046,16.922,0.196,0.618,0.110,g
2458393.85255,2018-10-02.3526627,bG,1.46,16.998,>16.998,99.990,0.455,0.115,g
2458393.85382,2018-10-02.3539423,bG,1.44,16.954,16.630,0.163,0.809,0.120,g
2458394.83329,2018-10-03.3334217,bG,1.50,16.635,16.622,0.217,0.815,0.161,g
2458394.83456,2018-10-03.3346937,bG,1.50,16.759,>16.759,99.990,0.551,0.144,g
2458395.84398,2018-10-04.3441170,bk,1.48,99.990,99.990,99.990,99.990,99.990,g
2458395.84518,2018-10-04.3453300,bk,1.47,99.990,99.990,99.990,99.990,99.990,g
2458395.84641,2018-10-04.3465519,bk,1.49,99.990,99.990,99.990,99.990,99.990,g
2458396.54743,2018-10-05.0475782,bo,1.49,17.235,16.763,0.142,0.716,0.093,g
2458396.54864,2018-10-05.0487984,bo,1.48,17.352,16.829,0.135,0.674,0.083,g
2458396.54988,2018-10-05.0500276,bo,1.43,17.215,17.049,0.188,0.550,0.094,g
2458397.83450,2018-10-06.3346748,bk,1.55,17.363,16.896,0.143,0.633,0.082,g
2458397.83572,2018-10-06.3358966,bk,1.55,17.128,16.677,0.144,0.775,0.102,g
2458398.74780,2018-10-07.2479776,bG,1.41,17.310,16.841,0.142,0.666,0.087,g
2458398.74906,2018-10-07.2492436,bG,1.41,17.300,16.517,0.106,0.898,0.087,g
2458398.75034,2018-10-07.2505218,bG,1.44,17.357,16.750,0.125,0.725,0.083,g
2458401.73765,2018-10-10.2378746,bG,1.43,15.888,>15.888,99.990,0.132,0.321,g
2458401.73892,2018-10-10.2391432,bG,1.43,15.325,>15.325,99.990,-0.201,0.538,g
2458401.74020,2018-10-10.2404208,bG,1.47,14.412,>14.412,99.990,1.371,1.248,g
2458403.85971,2018-10-12.3599613,bG,1.99,99.990,99.990,99.990,99.990,99.990,g
2458404.85198,2018-10-13.3522498,bG,1.67,99.990,99.990,99.990,99.990,99.990,g
2458404.85326,2018-10-13.3535319,bG,1.60,99.990,99.990,99.990,99.990,99.990,g
2458404.85452,2018-10-13.3547956,bG,1.67,99.990,99.990,99.990,99.990,99.990,g
2458405.83848,2018-10-14.3387666,bG,2.35,99.990,99.990,99.990,99.990,99.990,g
2458405.83978,2018-10-14.3400679,bG,2.34,99.990,99.990,99.990,99.990,99.990,g
2458406.83526,2018-10-15.3355655,bG,1.41,17.315,16.836,0.141,0.669,0.086,g
2458406.83653,2018-10-15.3368303,bG,1.45,17.305,17.196,0.198,0.480,0.087,g
2458406.83779,2018-10-15.3380931,bG,1.40,17.286,16.895,0.153,0.634,0.088,g
2458409.49247,2018-10-17.9928040,bo,1.42,99.990,99.990,99.990,99.990,99.990,g
2458409.49368,2018-10-17.9940098,bo,1.46,99.990,99.990,99.990,99.990,99.990,g
2458409.49489,2018-10-17.9952285,bo,1.39,99.990,99.990,99.990,99.990,99.990,g
2458409.71477,2018-10-18.2151096,bG,1.51,16.881,>16.881,99.990,0.345,0.128,g
2458409.71603,2018-10-18.2163768,bG,1.47,16.882,16.743,0.193,0.729,0.128,g
2458410.70643,2018-10-19.2067771,bk,1.47,16.650,16.632,0.216,0.808,0.159,g
2458410.70764,2018-10-19.2079910,bk,1.46,16.668,>16.668,99.990,0.194,0.156,g
2458410.70886,2018-10-19.2092083,bk,1.44,16.594,>16.594,99.990,0.268,0.167,g
2458411.71149,2018-10-20.2118560,bG,1.53,16.634,>16.634,99.990,0.682,0.161,g
2458411.71277,2018-10-20.2131346,bG,1.50,16.638,>16.638,99.990,-0.012,0.161,g
2458411.71404,2018-10-20.2144071,bG,1.52,16.591,16.416,0.186,0.985,0.168,g
2458412.72003,2018-10-21.2204162,bG,1.45,16.583,>16.583,99.990,0.312,0.169,g
2458412.72130,2018-10-21.2216809,bG,1.46,16.623,>16.623,99.990,0.670,0.163,g
2458412.72256,2018-10-21.2229435,bG,1.44,16.495,>16.495,99.990,0.514,0.183,g
2458413.69642,2018-10-22.1968122,bk,1.46,16.184,>16.184,99.990,0.297,0.244,g
2458413.69763,2018-10-22.1980285,bk,1.45,16.265,>16.265,99.990,1.061,0.227,g
2458413.69885,2018-10-22.1992474,bk,1.45,16.216,>16.216,99.990,0.312,0.237,g
2458414.54106,2018-10-23.0414660,bo,1.52,16.073,>16.073,99.990,0.524,0.270,g
2458414.54233,2018-10-23.0427406,bo,1.54,16.333,>16.333,99.990,1.016,0.213,g
2458414.54355,2018-10-23.0439510,bo,1.53,16.275,>16.275,99.990,0.729,0.224,g
2458414.84985,2018-10-23.3502678,bk,1.44,16.262,>16.262,99.990,0.521,0.227,g
2458414.85108,2018-10-23.3514949,bk,1.46,16.310,>16.310,99.990,0.589,0.217,g
2458414.85230,2018-10-23.3527115,bk,1.44,16.374,>16.374,99.990,0.606,0.205,g
2458416.83501,2018-10-25.3354464,bk,1.53,15.738,>15.738,99.990,-0.116,0.368,g
2458416.83624,2018-10-25.3366675,bk,1.45,15.859,>15.859,99.990,0.486,0.329,g
2458416.83745,2018-10-25.3378851,bk,1.52,15.875,>15.875,99.990,1.081,0.324,g
2458417.53731,2018-10-26.0377543,bo,1.45,15.978,>15.978,99.990,0.328,0.295,g
2458417.53852,2018-10-26.0389592,bo,1.46,15.907,>15.907,99.990,0.839,0.315,g
2458417.53972,2018-10-26.0401693,bo,1.44,15.999,>15.999,99.990,0.801,0.289,g
2458417.82156,2018-10-26.3220064,bG,1.49,16.284,>16.284,99.990,0.604,0.223,g
2458417.82283,2018-10-26.3232753,bG,1.46,16.221,16.126,0.201,1.286,0.236,g
2458417.82411,2018-10-26.3245625,bG,1.47,16.374,>16.374,99.990,0.740,0.205,g
2458418.54675,2018-10-27.0472057,bo,1.49,16.212,>16.212,99.990,0.861,0.238,g
2458418.54797,2018-10-27.0484210,bo,1.48,16.202,>16.202,99.990,0.714,0.240,g
2458418.54918,2018-10-27.0496361,bo,1.51,16.269,>16.269,99.990,0.797,0.226,g
2458419.48628,2018-10-27.9867413,bo,1.64,16.265,>16.265,99.990,0.901,0.227,g
2458419.48749,2018-10-27.9879601,bo,1.66,16.241,>16.241,99.990,0.995,0.232,g
2458419.48871,2018-10-27.9891787,bo,1.69,16.123,>16.123,99.990,0.771,0.258,g
2458419.82284,2018-10-28.3233136,bG,1.49,16.052,>16.052,99.990,1.336,0.276,g
2458419.82412,2018-10-28.3245870,bG,1.55,15.951,>15.951,99.990,0.353,0.302,g
2458419.82538,2018-10-28.3258535,bG,1.49,15.859,>15.859,99.990,0.063,0.329,g
2458422.83388,2018-10-31.3343917,bG,1.43,16.475,>16.475,99.990,0.880,0.187,g
2458422.83516,2018-10-31.3356653,bG,1.46,16.531,16.520,0.217,0.895,0.177,g
2458422.83643,2018-10-31.3369361,bG,1.46,16.871,16.611,0.173,0.823,0.130,g
2458423.76612,2018-11-01.2666331,bk,1.42,15.861,>15.861,99.990,0.302,0.329,g
2458423.76733,2018-11-01.2678526,bk,1.38,15.889,>15.889,99.990,0.687,0.320,g
2458423.76855,2018-11-01.2690759,bk,1.45,15.961,>15.961,99.990,0.410,0.300,g
2458424.49085,2018-11-01.9913799,bo,1.73,17.371,17.023,0.159,0.564,0.082,g
2458424.49206,2018-11-01.9925884,bo,1.94,17.255,16.786,0.142,0.701,0.091,g
2458424.49327,2018-11-01.9938050,bo,1.64,17.223,16.629,0.127,0.810,0.094,g
2458424.81445,2018-11-02.3149805,bG,1.55,17.141,16.448,0.116,0.957,0.101,g
2458424.81571,2018-11-02.3162400,bG,1.48,17.171,16.513,0.119,0.901,0.098,g
2458424.81698,2018-11-02.3175136,bG,1.55,17.254,16.756,0.138,0.721,0.091,g
2458425.72663,2018-11-03.2271730,bk,1.41,17.145,16.760,0.154,0.718,0.101,g
2458425.72785,2018-11-03.2283912,bk,1.44,17.329,16.651,0.117,0.793,0.085,g
2458425.72906,2018-11-03.2296120,bk,1.47,17.319,16.868,0.145,0.649,0.086,g
2458427.78717,2018-11-05.2877373,bk,1.44,17.257,16.535,0.113,0.883,0.091,g
2458427.78838,2018-11-05.2889548,bk,1.44,17.272,16.949,0.163,0.603,0.090,g
2458427.78961,2018-11-05.2901800,bk,1.43,17.238,16.930,0.165,0.614,0.092,g
2458429.79528,2018-11-07.2958644,bG,2.02,17.111,16.837,0.170,0.668,0.104,g
2458429.79654,2018-11-07.2971271,bG,2.03,17.092,16.602,0.140,0.830,0.106,g
2458429.79781,2018-11-07.2983924,bG,2.06,17.084,16.689,0.152,0.767,0.107,g
2458432.70988,2018-11-10.2104953,bG,1.44,99.990,99.990,99.990,99.990,99.990,g
2458432.71115,2018-11-10.2117618,bG,1.46,99.990,99.990,99.990,99.990,99.990,g
2458432.71242,2018-11-10.2130363,bG,1.46,99.990,99.990,99.990,99.990,99.990,g
2458432.86241,2018-11-10.3630331,bk,1.52,16.370,>16.370,99.990,0.847,0.206,g
2458432.86362,2018-11-10.3642428,bk,1.45,16.012,>16.012,99.990,0.561,0.286,g
2458432.86485,2018-11-10.3654643,bk,1.47,16.084,>16.084,99.990,0.680,0.268,g
2458433.77162,2018-11-11.2722518,bG,1.45,15.434,>15.434,99.990,0.021,0.487,g
2458433.77288,2018-11-11.2735121,bG,1.43,15.849,>15.849,99.990,1.028,0.332,g
2458436.76223,2018-11-14.2628934,bG,2.46,16.994,16.562,0.147,0.861,0.116,g
2458436.76350,2018-11-14.2641578,bG,2.50,17.105,>17.105,99.990,0.516,0.104,g
2458436.76481,2018-11-14.2654734,bG,2.50,17.155,17.122,0.212,0.515,0.100,g
2458437.59307,2018-11-15.0937314,bo,1.52,16.973,16.852,0.196,0.660,0.118,g
2458437.59427,2018-11-15.0949366,bo,1.50,16.869,>16.869,99.990,0.444,0.130,g
2458437.59547,2018-11-15.0961406,bo,1.56,16.878,>16.878,99.990,0.550,0.129,g
2458437.64704,2018-11-15.1476978,bk,1.46,16.931,16.729,0.182,0.739,0.123,g
2458437.64825,2018-11-15.1489166,bk,1.45,17.007,16.814,0.184,0.683,0.114,g
2458437.64947,2018-11-15.1501349,bk,1.47,16.954,16.653,0.166,0.792,0.120,g
2458438.54704,2018-11-16.0477146,bo,1.52,17.100,16.874,0.178,0.647,0.105,g
2458438.54825,2018-11-16.0489187,bo,1.55,17.184,17.061,0.196,0.544,0.097,g
2458438.54945,2018-11-16.0501238,bo,1.56,17.013,16.702,0.165,0.757,0.114,g
2458438.63630,2018-11-16.1369736,bG,1.45,16.892,16.841,0.209,0.667,0.127,g
2458438.63757,2018-11-16.1382532,bG,1.44,16.861,16.805,0.208,0.688,0.131,g
2458438.63884,2018-11-16.1395173,bG,1.45,16.883,>16.883,99.990,0.530,0.128,g
2458438.81693,2018-11-16.3176098,bG,1.72,17.209,16.889,0.163,0.637,0.095,g
2458438.81822,2018-11-16.3188943,bG,1.71,17.194,16.773,0.149,0.709,0.096,g
2458439.64563,2018-11-17.1463070,bG,1.47,16.853,>16.853,99.990,0.648,0.132,g
2458439.64688,2018-11-17.1475725,bG,1.53,16.789,16.483,0.165,0.926,0.140,g
2458439.81706,2018-11-17.3177532,bk,1.41,17.117,16.647,0.142,0.797,0.103,g
2458439.81829,2018-11-17.3189774,bk,1.43,17.166,>17.166,99.990,0.461,0.099,g
2458440.65231,2018-11-18.1530053,bG,1.48,16.671,>16.671,99.990,0.231,0.156,g
2458440.65358,2018-11-18.1542778,bG,1.43,16.716,16.390,0.162,1.009,0.149,g
2458440.65485,2018-11-18.1555461,bG,1.43,16.786,16.648,0.193,0.796,0.140,g
2458440.82444,2018-11-18.3251320,bk,1.51,17.149,16.845,0.165,0.664,0.100,g
2458440.82565,2018-11-18.3263476,bk,1.5,17.193,17.074,0.196,0.538,0.096,g
2458440.82687,2018-11-18.3275645,bk,1.57,17.232,16.792,0.146,0.697,0.093,g
2458441.46480,2018-11-18.9654987,bo,1.51,15.417,>15.417,99.990,-0.201,0.495,g
2458441.46602,2018-11-18.9667151,bo,1.47,15.624,>15.624,99.990,0.652,0.409,g
2458441.46723,2018-11-18.9679267,bo,1.52,15.606,>15.606,99.990,0.859,0.416,g
2458441.75406,2018-11-19.2547627,bG,1.48,16.659,>16.659,99.990,0.598,0.158,g
2458441.75533,2018-11-19.2560331,bG,1.52,16.653,>16.653,99.990,0.699,0.158,g
2458441.75660,2018-11-19.2572968,bG,1.43,16.759,>16.759,99.990,0.716,0.144,g
2458443.64695,2018-11-21.1476664,bG,1.45,16.291,>16.291,99.990,0.876,0.221,g
2458443.64822,2018-11-21.1489355,bG,1.44,16.297,>16.297,99.990,0.859,0.220,g
2458443.64948,2018-11-21.1502,bG,1.47,16.242,>16.242,99.990,0.359,0.231,g
2458444.75049,2018-11-22.2512244,bk,1.43,16.076,>16.076,99.990,0.994,0.269,g
2458444.75171,2018-11-22.2524363,bk,1.48,16.104,>16.104,99.990,0.967,0.263,g
2458444.75292,2018-11-22.2536603,bk,1.46,16.121,>16.121,99.990,1.076,0.259,g
2458445.64591,2018-11-23.1466402,bk,1.71,15.825,>15.825,99.990,0.243,0.340,g
2458445.64712,2018-11-23.1478606,bk,1.62,15.902,>15.902,99.990,0.859,0.316,g
2458445.64835,2018-11-23.1490766,bk,1.72,15.919,>15.919,99.990,0.362,0.312,g
2458446.53918,2018-11-24.0399208,bo,1.43,16.210,>16.210,99.990,0.278,0.238,g
2458446.54039,2018-11-24.0411297,bo,1.42,16.064,>16.064,99.990,1.251,0.273,g
2458446.54161,2018-11-24.0423456,bo,1.43,16.060,>16.060,99.990,0.478,0.273,g
2458446.76112,2018-11-24.2618618,bG,1.49,16.206,>16.206,99.990,0.857,0.239,g
2458446.76240,2018-11-24.2631530,bG,1.48,16.193,>16.193,99.990,0.565,0.242,g
2458446.76369,2018-11-24.2644328,bG,1.49,16.333,>16.333,99.990,0.556,0.213,g
2458447.53657,2018-11-25.0373222,bo,1.41,16.165,>16.165,99.990,0.790,0.248,g
2458447.53779,2018-11-25.0385406,bo,1.48,16.258,>16.258,99.990,0.498,0.228,g
2458447.53900,2018-11-25.0397567,bo,1.43,16.266,>16.266,99.990,0.532,0.226,g
2458447.72009,2018-11-25.2208380,bG,1.49,16.341,>16.341,99.990,1.001,0.211,g
2458447.72135,2018-11-25.2221053,bG,1.48,16.496,>16.496,99.990,0.775,0.183,g
2458447.72263,2018-11-25.2233762,bG,1.49,16.310,>16.310,99.990,0.522,0.217,g
2458448.78474,2018-11-26.2854979,bG,1.49,16.544,>16.544,99.990,0.772,0.175,g
2458448.78601,2018-11-26.2867693,bG,1.49,16.542,>16.542,99.990,0.635,0.176,g
2458448.78729,2018-11-26.2880466,bG,1.52,16.473,>16.473,99.990,0.714,0.187,g
2458449.77647,2018-11-27.2772400,bk,1.42,16.656,>16.656,99.990,0.514,0.158,g
2458449.77769,2018-11-27.2784527,bk,1.38,16.556,>16.556,99.990,0.866,0.173,g
2458449.77890,2018-11-27.2796730,bk,1.4,16.501,16.495,0.218,0.916,0.182,g
2458450.63018,2018-11-28.1309554,bk,1.4,17.185,16.905,0.169,0.628,0.097,g
2458450.63140,2018-11-28.1321699,bk,1.47,17.169,16.692,0.141,0.765,0.099,g
2458450.63262,2018-11-28.1333843,bk,1.5,17.218,16.835,0.154,0.670,0.094,g
2458450.81567,2018-11-28.3164446,bk,1.45,16.620,16.580,0.211,0.847,0.163,g
2458450.81690,2018-11-28.3176663,bk,1.44,16.647,16.612,0.212,0.823,0.159,g
2458450.81813,2018-11-28.3188946,bk,1.44,16.728,>16.728,99.990,0.625,0.148,g
2458451.44794,2018-11-28.9487215,bo,1.53,17.188,16.691,0.139,0.765,0.097,g
2458451.44915,2018-11-28.9499291,bo,1.63,17.141,16.703,0.146,0.756,0.101,g
2458451.45037,2018-11-28.9511504,bo,1.54,17.045,16.886,0.189,0.639,0.110,g
2458451.62804,2018-11-29.1288245,bk,1.47,17.267,16.704,0.130,0.756,0.090,g
2458451.62927,2018-11-29.1300453,bk,1.48,17.170,16.582,0.127,0.846,0.098,g
2458451.63049,2018-11-29.1312613,bk,1.48,17.310,16.906,0.151,0.628,0.087,g
2458451.81377,2018-11-29.3145503,bG,1.38,16.919,16.724,0.183,0.742,0.124,g
2458451.81504,2018-11-29.3158219,bG,1.40,17.107,16.981,0.195,0.585,0.104,g
2458451.81631,2018-11-29.3170857,bG,1.40,16.951,>16.951,99.990,0.579,0.120,g
2458452.37743,2018-11-29.8782150,bo,1.43,17.314,16.710,0.126,0.752,0.086,g
2458452.37864,2018-11-29.8794269,bo,1.43,17.357,16.607,0.110,0.826,0.083,g
2458452.37985,2018-11-29.8806355,bo,1.47,99.990,99.990,99.990,99.990,99.990,g
2458452.77671,2018-11-30.2774865,bk,1.43,16.981,16.979,0.219,0.587,0.117,g
2458452.77792,2018-11-30.2787118,bk,1.4,17.022,16.677,0.160,0.775,0.113,g
2458452.77915,2018-11-30.2799428,bk,1.42,17.039,16.840,0.182,0.667,0.111,g
2458453.39573,2018-11-30.8965174,bo,1.44,17.190,>17.190,99.990,0.436,0.097,g
2458453.39696,2018-11-30.8977482,bo,1.41,16.997,>16.997,99.990,0.551,0.115,g
2458453.39818,2018-11-30.8989615,bo,1.43,99.990,99.990,99.990,99.990,99.990,g
2458453.78125,2018-12-01.2820310,bG,1.47,17.225,16.990,0.177,0.581,0.094,g
2458453.78250,2018-12-01.2832885,bG,1.47,17.078,16.712,0.156,0.750,0.107,g
2458453.78375,2018-12-01.2845427,bG,1.49,17.252,16.875,0.155,0.646,0.091,g
2458454.72790,2018-12-02.2286871,bG,1.39,17.389,16.737,0.120,0.733,0.080,g
2458454.72916,2018-12-02.2299511,bG,1.39,17.243,16.797,0.145,0.694,0.092,g
2458454.73045,2018-12-02.2312361,bG,1.42,99.990,99.990,99.990,99.990,99.990,g
2458455.66419,2018-12-03.1649979,bk,1.45,17.228,16.897,0.162,0.633,0.093,g
2458455.66542,2018-12-03.1662193,bk,1.44,17.307,16.894,0.150,0.635,0.087,g
2458455.66664,2018-12-03.1674359,bk,1.42,17.207,16.606,0.126,0.827,0.095,g
2458456.74286,2018-12-04.2436672,bk,1.53,17.365,16.935,0.147,0.611,0.082,g
2458456.74531,2018-12-04.2461124,bk,1.55,17.122,16.592,0.134,0.838,0.103,g
2458457.69530,2018-12-05.1961134,bk,1.48,17.141,16.571,0.129,0.854,0.101,g
2458457.69652,2018-12-05.1973244,bk,1.48,17.108,16.634,0.141,0.807,0.104,g
2458457.69774,2018-12-05.1985435,bk,1.4,17.097,16.704,0.152,0.756,0.105,g
2458458.71405,2018-12-06.2148634,bk,1.44,17.219,16.877,0.160,0.645,0.094,g
2458458.71527,2018-12-06.2160821,bk,1.43,17.167,16.458,0.114,0.949,0.099,g
2458458.71649,2018-12-06.2172988,bk,1.40,17.297,17.276,0.215,0.446,0.088,g
2458459.71620,2018-12-07.2170164,bk,1.47,17.148,16.591,0.131,0.839,0.100,g
2458459.71742,2018-12-07.2182413,bk,1.42,17.107,16.698,0.150,0.761,0.104,g
2458459.71864,2018-12-07.2194555,bk,1.43,17.144,16.599,0.133,0.832,0.101,g
2458460.57578,2018-12-08.0766018,bG,1.46,17.086,>17.086,99.990,0.527,0.106,g
2458460.57705,2018-12-08.0778710,bG,1.45,17.269,16.794,0.141,0.696,0.090,g
2458460.57832,2018-12-08.0791394,bG,1.46,17.245,16.835,0.150,0.669,0.092,g
2458462.75560,2018-12-10.2564356,bG,1.45,17.240,17.150,0.202,0.501,0.092,g
2458462.75688,2018-12-10.2577049,bG,1.42,17.277,16.746,0.134,0.727,0.089,g
2458462.75813,2018-12-10.2589651,bG,1.44,17.276,16.922,0.158,0.618,0.089,g
2458465.66697,2018-12-13.1678063,bG,1.41,17.401,16.722,0.117,0.743,0.080,g
2458465.66823,2018-12-13.1690743,bG,1.43,17.278,16.935,0.160,0.611,0.089,g
2458465.66951,2018-12-13.1703479,bG,1.39,17.297,16.941,0.158,0.608,0.088,g
2458466.66525,2018-12-14.1660865,bG,1.45,17.154,16.592,0.131,0.838,0.100,g
2458466.66653,2018-12-14.1673657,bG,1.44,17.208,16.979,0.178,0.586,0.095,g
2458466.66779,2018-12-14.1686290,bG,1.46,17.287,16.872,0.149,0.648,0.088,g
2458467.55215,2018-12-15.0529957,bG,1.54,16.074,>16.074,99.990,0.777,0.270,g
2458467.55343,2018-12-15.0542660,bG,1.50,16.047,>16.047,99.990,1.101,0.277,g
2458467.55469,2018-12-15.0555377,bG,1.47,16.339,>16.339,99.990,0.358,0.212,g
2458467.74789,2018-12-15.2487374,bk,1.41,17.068,16.672,0.152,0.779,0.108,g
2458467.74912,2018-12-15.2499614,bk,1.41,17.113,16.638,0.141,0.804,0.104,g
2458467.75033,2018-12-15.2511781,bk,1.42,17.243,17.036,0.181,0.557,0.092,g
2458468.56263,2018-12-16.0634709,bk,1.46,16.786,16.737,0.210,0.733,0.140,g
2458468.56384,2018-12-16.0646818,bk,1.45,16.734,>16.734,99.990,0.724,0.147,g
2458468.56506,2018-12-16.0658987,bk,1.42,16.731,16.721,0.217,0.744,0.147,g
2458468.80439,2018-12-16.3052304,bk,1.54,17.025,16.950,0.204,0.603,0.112,g
2458468.80561,2018-12-16.3064518,bk,1.54,17.113,16.517,0.127,0.898,0.104,g
2458468.80683,2018-12-16.3076702,bk,1.58,17.062,16.872,0.184,0.647,0.109,g
2458469.54926,2018-12-17.0501061,bG,1.64,16.576,>16.576,99.990,0.544,0.170,g
2458469.55052,2018-12-17.0513682,bG,1.54,16.666,>16.666,99.990,0.492,0.157,g
2458469.55180,2018-12-17.0526451,bG,1.61,16.661,16.607,0.209,0.826,0.157,g
2458470.49522,2018-12-17.9960660,bo,1.43,99.990,99.990,99.990,99.990,99.990,g
2458471.53464,2018-12-19.0355019,bG,1.49,16.304,>16.304,99.990,0.436,0.219,g
2458471.53592,2018-12-19.0367762,bG,1.54,16.319,>16.319,99.990,0.144,0.215,g
2458471.53719,2018-12-19.0380422,bG,1.55,16.358,>16.358,99.990,0.811,0.208,g
2458471.80554,2018-12-19.3063875,bG,1.41,17.212,17.067,0.192,0.541,0.095,g
2458471.80680,2018-12-19.3076570,bG,1.42,17.251,17.053,0.183,0.548,0.091,g
2458471.80808,2018-12-19.3089325,bG,1.40,17.162,16.653,0.137,0.792,0.099,g
2458472.53110,2018-12-20.0319487,bG,1.71,15.868,>15.868,99.990,0.857,0.326,g
2458472.53238,2018-12-20.0332274,bG,1.73,16.142,>16.142,99.990,0.613,0.254,g
2458472.53366,2018-12-20.0345081,bG,1.69,16.076,>16.076,99.990,0.043,0.269,g
2458472.76020,2018-12-20.2610497,bG,1.47,16.477,>16.477,99.990,0.430,0.186,g
2458472.76146,2018-12-20.2623118,bG,1.56,16.492,16.419,0.205,0.982,0.184,g
2458472.76272,2018-12-20.2635751,bG,1.58,16.450,>16.450,99.990,0.478,0.191,g
2458473.62031,2018-12-21.1211614,bk,1.47,16.152,>16.152,99.990,0.115,0.251,g
2458473.62151,2018-12-21.1223736,bk,1.48,16.151,>16.151,99.990,0.670,0.252,g
2458473.62273,2018-12-21.1235903,bk,1.52,16.185,>16.185,99.990,0.294,0.244,g
2458474.74665,2018-12-22.2475025,bk,1.48,15.862,>15.862,99.990,0.323,0.328,g
2458474.74786,2018-12-22.2487150,bk,1.42,15.968,>15.968,99.990,0.590,0.298,g
2458474.74908,2018-12-22.2499355,bk,1.46,15.969,>15.969,99.990,0.523,0.297,g
2458475.71359,2018-12-23.2144439,bk,1.43,16.024,>16.024,99.990,-0.053,0.283,g
2458475.71481,2018-12-23.2156620,bk,1.42,16.093,>16.093,99.990,0.728,0.265,g
2458475.71602,2018-12-23.2168802,bk,1.42,16.015,>16.015,99.990,1.143,0.285,g
2458476.66932,2018-12-24.1701793,bk,1.53,16.122,>16.122,99.990,0.566,0.258,g
2458476.67054,2018-12-24.1713962,bk,1.43,16.118,>16.118,99.990,0.166,0.259,g
2458476.67175,2018-12-24.1726129,bk,1.46,16.355,>16.355,99.990,0.931,0.208,g
2458477.71837,2018-12-25.2192245,bG,1.44,16.489,>16.489,99.990,0.374,0.184,g
2458477.71964,2018-12-25.2204920,bG,1.44,16.483,>16.483,99.990,0.487,0.185,g
2458477.72090,2018-12-25.2217603,bG,1.41,16.358,>16.358,99.990,1.026,0.208,g
2458478.43903,2018-12-25.9398810,bo,1.45,16.518,>16.518,99.990,0.491,0.179,g
2458478.44023,2018-12-25.9410887,bo,1.43,16.426,>16.426,99.990,0.856,0.195,g
2458478.44144,2018-12-25.9422905,bo,1.47,16.406,>16.406,99.990,0.581,0.199,g
2458478.57363,2018-12-26.0744767,bk,1.47,17.174,16.919,0.173,0.620,0.098,g
2458478.57485,2018-12-26.0756990,bk,1.41,17.101,16.672,0.148,0.778,0.105,g
2458478.57607,2018-12-26.0769193,bk,1.47,17.227,16.940,0.168,0.608,0.093,g
2458478.78133,2018-12-26.2821756,bk,1.42,16.501,>16.501,99.990,0.223,0.182,g
2458478.78376,2018-12-26.2846103,bk,1.5,16.450,>16.450,99.990,0.766,0.191,g
2458479.68767,2018-12-27.1885151,bG,1.41,16.836,16.669,0.188,0.781,0.134,g
2458479.68894,2018-12-27.1897887,bG,1.41,16.848,>16.848,99.990,0.596,0.132,g
2458479.69021,2018-12-27.1910620,bG,1.46,16.871,>16.871,99.990,0.593,0.130,g
2458480.54809,2018-12-28.0489445,bk,1.55,17.147,16.683,0.143,0.770,0.101,g
2458480.54932,2018-12-28.0501715,bk,1.6,17.251,16.648,0.126,0.795,0.091,g
2458480.55054,2018-12-28.0513858,bk,1.61,17.072,16.850,0.179,0.661,0.108,g
2458480.73136,2018-12-28.2322175,bk,2.47,16.629,>16.629,99.990,0.542,0.162,g
2458481.56593,2018-12-29.0667782,bk,2.01,17.292,16.989,0.166,0.581,0.088,g
2458481.56715,2018-12-29.0680031,bk,2.02,17.158,16.982,0.186,0.585,0.099,g
2458481.56837,2018-12-29.0692175,bk,2.0,17.046,>17.046,99.990,0.538,0.110,g
2458482.32560,2018-12-29.8264579,bo,1.44,99.990,99.990,99.990,99.990,99.990,g
2458482.32681,2018-12-29.8276643,bo,1.47,17.184,16.468,0.113,0.940,0.097,g
2458482.32803,2018-12-29.8288811,bo,1.49,17.326,16.644,0.117,0.799,0.085,g
2458484.76422,2019-01-01.2650560,bk,2.42,17.057,16.782,0.170,0.704,0.109,g
2458484.76543,2019-01-01.2662658,bk,2.39,16.971,16.598,0.155,0.833,0.118,g
2458484.76664,2019-01-01.2674837,bk,2.39,16.905,16.643,0.172,0.800,0.126,g
2458485.70740,2019-01-02.2082365,bG,1.45,17.273,16.837,0.146,0.669,0.089,g
2458485.70866,2019-01-02.2095050,bG,1.40,17.210,>17.210,99.990,0.396,0.095,g
2458485.70994,2019-01-02.2107789,bG,1.45,17.123,16.446,0.117,0.958,0.103,g
2458486.72018,2019-01-03.2210165,bG,1.44,17.293,>17.293,99.990,0.426,0.088,g
2458486.72155,2019-01-03.2223910,bG,1.40,17.271,17.102,0.188,0.524,0.090,g
2458486.72283,2019-01-03.2236600,bG,1.42,17.252,16.758,0.139,0.719,0.091,g
2458487.70862,2019-01-04.2094657,bk,1.43,17.241,17.014,0.178,0.568,0.092,g
2458487.70985,2019-01-04.2106846,bk,1.44,17.264,16.947,0.164,0.605,0.090,g
2458487.71106,2019-01-04.2118988,bk,1.42,17.187,16.758,0.148,0.719,0.097,g
2458488.72373,2019-01-05.2245542,bk,1.42,17.144,16.773,0.156,0.709,0.101,g
2458488.72496,2019-01-05.2257829,bk,1.46,17.312,16.799,0.137,0.693,0.086,g
2458488.72618,2019-01-05.2270056,bk,1.44,17.112,16.607,0.138,0.827,0.104,g
2458489.70911,2019-01-06.2099340,bk,1.43,17.152,16.704,0.145,0.756,0.100,g
2458489.71033,2019-01-06.2111543,bk,1.46,17.198,16.716,0.141,0.747,0.096,g
2458489.71154,2019-01-06.2123783,bk,1.46,17.065,16.611,0.144,0.823,0.108,g
2458490.69691,2019-01-07.1977362,bk,1.52,17.274,16.571,0.115,0.854,0.089,g
2458490.69813,2019-01-07.1989565,bk,1.54,17.225,16.577,0.121,0.850,0.094,g
2458490.69935,2019-01-07.2001771,bk,1.56,17.094,16.821,0.171,0.678,0.106,g
2458491.78053,2019-01-08.2813468,bG,1.43,99.990,99.990,99.990,99.990,99.990,g
2458491.78179,2019-01-08.2826097,bG,1.44,99.990,99.990,99.990,99.990,99.990,g
2458492.70898,2019-01-09.2097942,bk,1.42,17.162,16.930,0.177,0.614,0.099,g
2458492.71020,2019-01-09.2110201,bk,1.46,17.100,16.759,0.160,0.719,0.105,g
2458492.71142,2019-01-09.2122304,bk,1.47,17.202,16.672,0.134,0.778,0.096,g
2458493.60832,2019-01-10.1091239,bG,1.48,99.990,99.990,99.990,99.990,99.990,g
2458493.60959,2019-01-10.1103983,bG,1.51,99.990,99.990,99.990,99.990,99.990,g
2458493.61086,2019-01-10.1116651,bG,1.51,99.990,99.990,99.990,99.990,99.990,g
2458494.78223,2019-01-11.2830306,bk,1.44,17.134,16.714,0.149,0.749,0.102,g
2458494.78344,2019-01-11.2842471,bk,1.4,17.248,16.836,0.150,0.669,0.092,g
2458494.78466,2019-01-11.2854629,bk,1.38,17.223,16.997,0.178,0.577,0.094,g
2458495.73999,2019-01-12.2407899,bG,1.51,99.990,99.990,99.990,99.990,99.990,g
2458495.74126,2019-01-12.2420656,bG,1.43,17.194,16.689,0.137,0.767,0.096,g
2458495.74256,2019-01-12.2433587,bG,1.43,17.079,16.713,0.156,0.749,0.107,g
2458497.70853,2019-01-14.2093155,bG,1.43,17.172,16.634,0.134,0.806,0.098,g
2458497.70979,2019-01-14.2105744,bG,1.43,17.258,16.801,0.144,0.691,0.091,g
2458497.71106,2019-01-14.2118488,bG,1.39,17.187,16.639,0.132,0.802,0.097,g
2458498.62233,2019-01-15.1231156,bk,2.06,16.701,>16.701,99.990,0.664,0.152,g
2458498.62354,2019-01-15.1243300,bk,2.06,16.697,>16.697,99.990,0.699,0.152,g
2458498.62476,2019-01-15.1255489,bk,2.11,16.658,>16.658,99.990,0.646,0.158,g
2458499.74391,2019-01-16.2446932,bG,1.41,17.230,16.851,0.154,0.660,0.093,g
2458499.74517,2019-01-16.2459596,bG,1.42,17.135,16.711,0.148,0.751,0.102,g
2458499.74645,2019-01-16.2472334,bG,1.44,17.172,16.984,0.184,0.584,0.098,g
2458500.71250,2019-01-17.2132690,bG,1.48,16.682,>16.682,99.990,0.724,0.154,g
2458500.71377,2019-01-17.2145396,bG,1.42,16.799,>16.799,99.990,0.353,0.139,g
2458500.71504,2019-01-17.2158094,bG,1.40,16.631,>16.631,99.990,0.487,0.162,g
2458502.75451,2019-01-19.2552657,bG,1.45,16.216,>16.216,99.990,0.803,0.237,g
2458502.75579,2019-01-19.2565487,bG,1.45,16.461,>16.461,99.990,0.628,0.189,g
2458503.75799,2019-01-20.2587437,bG,1.46,15.996,>15.996,99.990,0.526,0.290,g
2458503.75926,2019-01-20.2600091,bG,1.48,16.024,>16.024,99.990,1.024,0.283,g
2458503.76053,2019-01-20.2612734,bG,1.49,16.094,>16.094,99.990,0.800,0.265,g
2458506.64737,2019-01-23.1481074,bG,1.48,16.402,>16.402,99.990,0.695,0.200,g
2458506.64865,2019-01-23.1493825,bG,1.44,16.265,>16.265,99.990,0.876,0.227,g
2458506.64992,2019-01-23.1506508,bG,1.39,16.369,>16.369,99.990,0.616,0.206,g
2458507.55351,2019-01-24.0542451,bk,1.46,17.062,16.770,0.167,0.711,0.109,g
2458507.55473,2019-01-24.0554621,bk,1.41,17.133,16.585,0.132,0.843,0.102,g
2458507.55595,2019-01-24.0566775,bk,1.46,17.067,16.889,0.186,0.637,0.108,g
2458507.74824,2019-01-24.2489620,bG,1.43,16.350,>16.350,99.990,0.630,0.210,g
2458507.74953,2019-01-24.2502480,bG,1.40,16.334,>16.334,99.990,0.768,0.213,g
2458507.75080,2019-01-24.2515221,bG,1.42,16.416,>16.416,99.990,0.656,0.197,g
2458508.36894,2019-01-24.8696657,bo,1.54,99.990,99.990,99.990,99.990,99.990,g
2458508.37016,2019-01-24.8708741,bo,1.55,16.823,16.511,0.164,0.903,0.136,g
2458508.37136,2019-01-24.8720806,bo,1.56,16.791,16.552,0.176,0.869,0.140,g
2458508.71243,2019-01-25.2131548,bk,1.55,16.308,>16.308,99.990,0.304,0.218,g
2458508.71365,2019-01-25.2143662,bk,1.46,16.486,>16.486,99.990,0.887,0.185,g
2458508.71487,2019-01-25.2155887,bk,1.51,16.286,>16.286,99.990,0.657,0.222,g
2458509.37661,2019-01-25.8773197,bo,1.45,17.232,17.045,0.184,0.552,0.093,g
2458509.37783,2019-01-25.8785376,bo,1.50,17.117,16.745,0.155,0.728,0.103,g
2458509.37903,2019-01-25.8797427,bo,1.48,17.109,16.871,0.176,0.648,0.104,g
2458509.54996,2019-01-26.0506708,bG,2.17,17.045,16.924,0.196,0.617,0.110,g
2458509.55126,2019-01-26.0519620,bG,2.14,17.206,16.944,0.172,0.606,0.095,g
2458509.55252,2019-01-26.053225,bG,2.15,17.042,16.375,0.118,1.023,0.111,g
2458509.74080,2019-01-26.2415027,bG,1.53,16.702,>16.702,99.990,0.662,0.151,g
2458509.74206,2019-01-26.2427714,bG,1.59,16.638,>16.638,99.990,0.469,0.161,g
2458509.74344,2019-01-26.2441464,bG,1.51,16.571,>16.571,99.990,0.476,0.171,g
2458510.35061,2019-01-26.8513146,bo,1.50,17.266,16.564,0.115,0.860,0.090,g
2458510.35187,2019-01-26.8525722,bo,1.44,17.311,16.690,0.124,0.766,0.086,g
2458510.35310,2019-01-26.8538078,bo,1.49,17.391,16.652,0.111,0.793,0.080,g
2458510.72874,2019-01-27.2294384,bG,1.48,16.779,16.673,0.199,0.777,0.141,g
2458510.73002,2019-01-27.2307157,bG,1.44,16.730,16.529,0.182,0.888,0.148,g
2458510.73130,2019-01-27.2319901,bG,1.44,16.717,>16.717,99.990,0.655,0.149,g
2458511.39043,2019-01-27.8911231,bo,1.51,17.139,16.396,0.111,1.003,0.101,g
2458511.39164,2019-01-27.8923313,bo,1.50,17.236,16.983,0.174,0.584,0.093,g
2458511.39290,2019-01-27.8935942,bo,1.48,17.246,17.014,0.177,0.568,0.092,g
2458511.73091,2019-01-28.2315944,bk,1.48,16.873,16.868,0.218,0.650,0.129,g
2458511.73212,2019-01-28.2328170,bk,1.5,16.872,16.287,0.128,1.110,0.130,g
2458511.73334,2019-01-28.2340325,bk,1.47,16.857,>16.857,99.990,0.552,0.131,g
2458512.37518,2019-01-28.8758556,bo,1.43,17.231,16.413,0.103,0.988,0.093,g
2458512.37638,2019-01-28.8770597,bo,1.45,17.299,16.701,0.126,0.758,0.087,g
2458512.37760,2019-01-28.8782777,bo,1.43,17.254,16.536,0.113,0.882,0.091,g
2458512.72796,2019-01-29.2286378,bG,1.39,16.971,16.561,0.150,0.863,0.118,g
2458512.72923,2019-01-29.2299106,bG,1.39,17.085,16.770,0.164,0.711,0.106,g
2458512.73049,2019-01-29.2311748,bG,1.46,16.933,16.843,0.202,0.665,0.122,g
2458513.36070,2019-01-29.8613769,bo,1.41,17.254,16.900,0.158,0.631,0.091,g
2458513.36191,2019-01-29.8625878,bo,1.43,17.381,16.959,0.149,0.597,0.081,g
2458513.36314,2019-01-29.8638064,bo,1.39,17.189,16.982,0.181,0.585,0.097,g
2458513.72172,2019-01-30.2223967,bk,1.4,99.990,99.990,99.990,99.990,99.990,g
2458513.72294,2019-01-30.2236086,bk,1.39,17.078,17.028,0.209,0.561,0.107,g
2458513.72415,2019-01-30.2248240,bk,1.4,99.990,99.990,99.990,99.990,99.990,g
2458514.68858,2019-01-31.1892350,bk,1.47,99.990,99.990,99.990,99.990,99.990,g
2458514.68978,2019-01-31.1904483,bk,1.56,99.990,99.990,99.990,99.990,99.990,g
2458514.69100,2019-01-31.1916618,bk,1.47,99.990,99.990,99.990,99.990,99.990,g
2458515.62086,2019-02-01.1215070,bk,1.47,17.031,16.955,0.204,0.600,0.112,g
2458515.62207,2019-02-01.1227331,bk,1.46,17.062,16.944,0.197,0.606,0.109,g
2458515.62330,2019-02-01.1239583,bk,1.45,17.065,16.516,0.132,0.899,0.108,g
2458516.68045,2019-02-02.1810886,bk,1.42,17.057,16.950,0.198,0.603,0.109,g
2458516.68167,2019-02-02.1823125,bk,1.44,16.941,16.845,0.200,0.664,0.122,g
2458516.68289,2019-02-02.1835314,bk,1.41,99.990,99.990,99.990,99.990,99.990,g
2458517.72042,2019-02-03.2210594,bG,1.48,17.194,16.644,0.132,0.799,0.096,g
2458517.72170,2019-02-03.2223289,bG,1.48,17.160,16.988,0.187,0.582,0.099,g
2458517.72304,2019-02-03.2236807,bG,1.45,17.243,17.043,0.182,0.553,0.092,g
2458518.61582,2019-02-04.1164377,bk,1.46,17.178,16.709,0.142,0.752,0.098,g
2458518.61703,2019-02-04.1176571,bk,1.41,17.070,16.602,0.142,0.830,0.108,g
2458518.61825,2019-02-04.1188717,bk,1.44,17.220,16.861,0.157,0.654,0.094,g
2458519.71627,2019-02-05.2168751,bG,1.46,17.258,16.747,0.137,0.726,0.091,g
2458519.71754,2019-02-05.2181435,bG,1.44,17.183,16.857,0.162,0.656,0.097,g
2458519.71880,2019-02-05.2194069,bG,1.44,17.141,16.349,0.106,1.048,0.101,g
2458520.67898,2019-02-06.1795775,bG,1.43,17.267,16.639,0.123,0.802,0.090,g
2458520.68025,2019-02-06.1808451,bG,1.43,17.157,16.908,0.174,0.626,0.100,g
2458520.68151,2019-02-06.1821084,bG,1.44,17.120,16.642,0.141,0.800,0.103,g
2458522.66522,2019-02-08.1658062,bk,1.53,17.065,16.951,0.197,0.602,0.108,g
2458522.66644,2019-02-08.1670217,bk,1.48,16.802,>16.802,99.990,0.685,0.138,g
2458522.66766,2019-02-08.1682370,bk,1.53,16.833,>16.833,99.990,0.503,0.134,g
2458523.60533,2019-02-09.1058973,bG,1.44,17.262,16.846,0.149,0.663,0.090,g
2458523.60661,2019-02-09.1071782,bG,1.45,17.095,16.665,0.147,0.784,0.105,g
2458523.60789,2019-02-09.1084525,bG,1.37,17.177,17.102,0.205,0.524,0.098,g
2458525.59575,2019-02-11.0962929,bG,1.41,16.856,16.679,0.186,0.773,0.131,g
2458525.59703,2019-02-11.0975733,bG,1.42,16.961,16.442,0.136,0.962,0.119,g
2458525.59830,2019-02-11.0988450,bG,1.40,17.007,>17.007,99.990,0.559,0.114,g
2458526.62256,2019-02-12.1231034,bG,1.39,16.778,>16.778,99.990,0.659,0.141,g
2458526.62385,2019-02-12.1243847,bG,1.42,16.905,>16.905,99.990,0.491,0.126,g
2458526.62512,2019-02-12.1256577,bG,1.41,16.964,>16.964,99.990,0.526,0.119,g
2458527.63352,2019-02-13.1340445,bG,1.52,16.898,16.673,0.178,0.778,0.126,g
2458527.63479,2019-02-13.1353070,bG,1.45,16.841,16.715,0.195,0.748,0.133,g
2458527.63605,2019-02-13.1365694,bG,1.46,16.924,16.531,0.153,0.886,0.123,g
2458530.67466,2019-02-16.1751400,bk,1.45,16.420,>16.420,99.990,0.218,0.196,g
2458530.67588,2019-02-16.1763625,bk,1.47,16.487,>16.487,99.990,0.681,0.185,g
2458530.67709,2019-02-16.1775803,bk,1.47,16.367,>16.367,99.990,0.971,0.206,g
2458531.64471,2019-02-17.1451839,bk,1.42,16.379,>16.379,99.990,0.786,0.204,g
2458531.64592,2019-02-17.1464,bk,1.48,16.220,>16.220,99.990,0.404,0.236,g
2458531.64715,2019-02-17.1476211,bk,1.38,16.269,>16.269,99.990,0.663,0.226,g
2458532.57644,2019-02-18.0768978,bk,1.49,16.325,>16.325,99.990,0.870,0.214,g
2458532.57765,2019-02-18.0781165,bk,1.42,16.055,>16.055,99.990,0.396,0.275,g
2458532.57887,2019-02-18.0793356,bk,1.43,16.150,>16.150,99.990,0.930,0.252,g
2458533.64221,2019-02-19.1426586,bk,1.41,15.901,>15.901,99.990,0.982,0.317,g
2458533.64343,2019-02-19.1438791,bk,1.50,15.870,>15.870,99.990,0.575,0.326,g
2458533.64465,2019-02-19.1450927,bk,1.51,15.859,>15.859,99.990,0.535,0.329,g
2458534.60463,2019-02-20.1050699,bG,1.47,16.051,>16.051,99.990,1.326,0.276,g
2458534.60590,2019-02-20.1063349,bG,1.48,15.929,>15.929,99.990,0.568,0.309,g
2458534.60718,2019-02-20.1076138,bG,1.47,16.127,>16.127,99.990,0.470,0.257,g
2458535.27455,2019-02-20.7749795,bo,1.61,14.332,>14.332,99.990,1.760,1.344,g
2458535.27576,2019-02-20.7761907,bo,1.64,16.012,>16.012,99.990,0.550,0.286,g
2458535.27698,2019-02-20.7774053,bo,1.51,16.602,16.186,0.149,1.217,0.166,g
2458535.65971,2019-02-21.1601414,bk,1.51,16.026,>16.026,99.990,0.164,0.282,g
2458535.66094,2019-02-21.1613641,bk,1.44,16.009,>16.009,99.990,0.320,0.287,g
2458535.66216,2019-02-21.1625833,bk,1.4,16.042,>16.042,99.990,0.395,0.278,g
2458536.66534,2019-02-22.1657474,bG,1.47,16.293,>16.293,99.990,0.429,0.221,g
2458536.66662,2019-02-22.1670232,bG,1.49,16.397,>16.397,99.990,0.641,0.201,g
2458536.66789,2019-02-22.1683018,bG,1.50,16.112,>16.112,99.990,0.387,0.261,g
2458537.33419,2019-02-22.8345892,bo,1.42,16.768,>16.768,99.990,0.290,0.142,g
2458537.33544,2019-02-22.8358328,bo,1.43,16.736,16.716,0.215,0.748,0.147,g
2458537.33664,2019-02-22.8370429,bo,1.50,16.787,16.767,0.215,0.713,0.140,g
2458537.66117,2019-02-23.1615628,bG,1.50,16.472,>16.472,99.990,0.821,0.187,g
2458537.66244,2019-02-23.1628390,bG,1.48,16.419,>16.419,99.990,0.627,0.196,g
2458537.66371,2019-02-23.1641040,bG,1.46,16.395,>16.395,99.990,0.799,0.201,g
2458538.26812,2019-02-23.7685128,bo,1.58,17.001,16.583,0.149,0.845,0.115,g
2458538.26934,2019-02-23.7697285,bo,1.57,17.014,16.713,0.166,0.750,0.114,g
2458538.27056,2019-02-23.7709476,bo,1.55,16.952,16.826,0.195,0.675,0.120,g
2458538.65686,2019-02-24.1572520,bG,1.41,16.655,>16.655,99.990,0.529,0.158,g
2458538.65813,2019-02-24.1585179,bG,1.43,16.625,>16.625,99.990,0.789,0.163,g
2458538.65939,2019-02-24.1597805,bG,1.46,16.689,>16.689,99.990,0.744,0.153,g
2458539.27095,2019-02-24.7713246,bo,1.62,17.178,>17.178,99.990,0.467,0.098,g
2458539.27218,2019-02-24.7725494,bo,1.64,17.232,17.047,0.185,0.551,0.093,g
2458539.27341,2019-02-24.7737783,bo,1.63,17.383,16.923,0.144,0.618,0.081,g
2458539.65627,2019-02-25.1566369,bG,1.44,16.886,>16.886,99.990,0.589,0.128,g
2458539.65754,2019-02-25.1579118,bG,1.42,16.796,>16.796,99.990,0.629,0.139,g
2458539.65881,2019-02-25.1591839,bG,1.44,16.830,16.675,0.190,0.776,0.135,g
2458540.65508,2019-02-26.1554351,bG,1.44,17.171,16.765,0.151,0.714,0.098,g
2458540.65636,2019-02-26.1567109,bG,1.45,17.158,16.826,0.161,0.676,0.100,g
2458540.65763,2019-02-26.1579803,bG,1.41,17.261,16.894,0.156,0.634,0.091,g
2458542.64587,2019-02-28.1461952,bG,1.40,17.216,17.183,0.213,0.486,0.094,g
2458542.64716,2019-02-28.1474828,bG,1.41,17.163,17.111,0.209,0.520,0.099,g
2458542.64843,2019-02-28.1487567,bG,1.40,17.210,16.690,0.136,0.766,0.095,g
2458543.59856,2019-03-01.0988800,bk,1.39,17.050,16.776,0.170,0.708,0.110,g
2458543.59979,2019-03-01.1001046,bk,1.4,17.288,16.866,0.149,0.651,0.088,g
2458543.60100,2019-03-01.1013262,bk,1.45,17.170,>17.170,99.990,0.477,0.098,g
2458544.63664,2019-03-02.1369451,bG,1.44,17.084,16.423,0.119,0.979,0.107,g
2458544.63792,2019-03-02.1382214,bG,1.46,17.099,16.752,0.159,0.723,0.105,g
2458544.63919,2019-03-02.1394871,bG,1.37,17.266,16.720,0.132,0.745,0.090,g
2458545.63547,2019-03-03.1357582,bG,1.43,16.923,16.770,0.190,0.711,0.124,g
2458545.63674,2019-03-03.1370219,bG,1.42,16.932,>16.932,99.990,0.574,0.123,g
2458545.63801,2019-03-03.1382986,bG,1.41,17.066,16.675,0.153,0.776,0.108,g
2458546.37596,2019-03-03.8762409,bo,1.39,99.990,99.990,99.990,99.990,99.990,g
2458546.37716,2019-03-03.8774429,bo,1.40,99.990,99.990,99.990,99.990,99.990,g
2458546.37837,2019-03-03.8786490,bo,1.41,17.375,16.931,0.146,0.613,0.081,g
2458546.63493,2019-03-04.1352023,bG,1.43,17.035,>17.035,99.990,0.525,0.111,g
2458546.63620,2019-03-04.1364787,bG,1.44,17.128,16.883,0.175,0.641,0.102,g
2458546.63747,2019-03-04.1377420,bG,1.41,17.114,16.927,0.184,0.616,0.104,g
2458547.62826,2019-03-05.1285214,bk,1.48,17.140,17.039,0.200,0.555,0.101,g
2458547.62947,2019-03-05.1297398,bk,1.44,17.161,17.098,0.207,0.526,0.099,g
2458547.63071,2019-03-05.1309706,bk,1.46,17.044,>17.044,99.990,0.440,0.111,g
2458548.62891,2019-03-06.1291489,bG,1.44,17.173,16.585,0.128,0.843,0.098,g
2458548.63023,2019-03-06.1304714,bG,1.43,17.134,16.643,0.139,0.800,0.102,g
2458548.63154,2019-03-06.1317903,bG,1.44,17.192,16.822,0.156,0.678,0.096,g
2458549.60069,2019-03-07.1009135,bG,1.45,17.195,>17.195,99.990,0.401,0.096,g
2458549.60195,2019-03-07.1021818,bG,1.44,17.056,16.515,0.133,0.899,0.109,g
2458549.60323,2019-03-07.1034538,bG,1.44,17.127,16.719,0.150,0.746,0.102,g
2458550.62257,2019-03-08.1227876,bk,1.46,17.007,16.485,0.135,0.925,0.114,g
2458550.62379,2019-03-08.1240042,bk,1.43,17.182,16.670,0.137,0.780,0.097,g
2458550.62501,2019-03-08.1252271,bk,1.46,17.151,16.785,0.157,0.701,0.100,g
2458551.61857,2019-03-09.1187707,bG,1.46,99.990,99.990,99.990,99.990,99.990,g
2458551.61986,2019-03-09.1200612,bG,1.44,17.104,17.069,0.212,0.540,0.105,g
2458551.62114,2019-03-09.1213393,bG,1.46,99.990,99.990,99.990,99.990,99.990,g
2458552.61786,2019-03-10.1180496,bG,1.45,99.990,99.990,99.990,99.990,99.990,g
2458552.61913,2019-03-10.1193149,bG,1.45,99.990,99.990,99.990,99.990,99.990,g
2458552.62039,2019-03-10.1205780,bG,1.47,99.990,99.990,99.990,99.990,99.990,g
2458554.56185,2019-03-12.0620053,bG,1.42,17.126,16.719,0.151,0.745,0.103,g
2458554.56312,2019-03-12.0632810,bG,1.46,17.066,16.696,0.156,0.762,0.108,g
2458554.56440,2019-03-12.0645545,bG,1.44,17.108,16.926,0.185,0.616,0.104,g
2458556.60704,2019-03-14.1071725,bG,1.49,16.839,>16.839,99.990,0.570,0.134,g
2458556.60832,2019-03-14.1084460,bG,1.39,17.022,16.747,0.170,0.727,0.113,g
2458556.60959,2019-03-14.1097266,bG,1.41,16.936,16.596,0.160,0.835,0.122,g
2458557.59353,2019-03-15.0936473,bk,1.43,16.646,16.393,0.174,1.007,0.160,g
2458557.59475,2019-03-15.0948688,bk,1.44,16.554,>16.554,99.990,0.629,0.174,g
2458557.59597,2019-03-15.0960857,bk,1.47,16.727,>16.727,99.990,0.589,0.148,g
2458558.59254,2019-03-16.0926445,bk,1.43,16.667,>16.667,99.990,0.505,0.156,g
2458558.59376,2019-03-16.0938648,bk,1.43,16.658,>16.658,99.990,0.529,0.158,g
2458558.59498,2019-03-16.0950803,bk,1.45,16.540,>16.540,99.990,0.682,0.176,g
2458559.54679,2019-03-17.0468826,bk,1.5,16.417,>16.417,99.990,0.783,0.197,g
2458559.54802,2019-03-17.0481060,bk,1.54,16.437,>16.437,99.990,0.413,0.193,g
2458559.54924,2019-03-17.0493193,bk,1.51,16.434,>16.434,99.990,0.862,0.194,g
2458560.56938,2019-03-18.0694554,bk,1.49,16.301,>16.301,99.990,0.808,0.219,g
2458560.57060,2019-03-18.0706758,bk,1.5,16.321,16.235,0.203,1.164,0.215,g
2458560.57182,2019-03-18.0718960,bk,1.49,16.315,>16.315,99.990,0.326,0.216,g
2458561.58999,2019-03-19.0900444,bk,2.23,16.133,>16.133,99.990,0.700,0.256,g
2458561.59121,2019-03-19.0912680,bk,2.23,16.093,>16.093,99.990,0.025,0.265,g
2458561.59244,2019-03-19.0924885,bk,2.25,16.046,>16.046,99.990,0.637,0.277,g
2458562.53296,2019-03-20.0330003,bk,1.47,16.079,>16.079,99.990,0.957,0.269,g
2458562.53419,2019-03-20.0342309,bk,1.52,16.229,>16.229,99.990,0.554,0.234,g
2458562.53541,2019-03-20.0354487,bk,1.52,15.935,>15.935,99.990,0.531,0.307,g
2458563.58511,2019-03-21.0851370,bG,1.46,15.951,>15.951,99.990,0.654,0.303,g
2458563.58638,2019-03-21.0864004,bG,1.43,15.891,>15.891,99.990,0.568,0.320,g
2458563.58765,2019-03-21.087675,bG,1.46,16.023,>16.023,99.990,0.878,0.283,g
2458564.58313,2019-03-22.0831343,bk,1.43,16.035,>16.035,99.990,0.775,0.280,g
2458564.58434,2019-03-22.0843510,bk,1.5,16.034,>16.034,99.990,0.490,0.280,g
2458564.58556,2019-03-22.0855712,bk,1.49,15.973,>15.973,99.990,0.645,0.296,g
2458565.33439,2019-03-22.8343843,bo,1.61,14.444,>14.444,99.990,0.777,1.212,g
2458565.33560,2019-03-22.8355944,bo,1.58,14.248,>14.248,99.990,-1.078,1.451,g
2458565.57983,2019-03-23.0798259,bG,1.41,16.279,>16.279,99.990,0.851,0.224,g
2458565.58110,2019-03-23.0810944,bG,1.40,16.415,>16.415,99.990,0.334,0.197,g
2458565.58238,2019-03-23.0823777,bG,1.35,16.274,>16.274,99.990,0.991,0.225,g
2458566.57834,2019-03-24.0783170,bk,1.43,16.483,>16.483,99.990,0.388,0.185,g
2458566.57955,2019-03-24.0795339,bk,1.46,16.450,>16.450,99.990,0.752,0.191,g
2458566.58077,2019-03-24.0807493,bk,1.46,16.484,16.327,0.190,1.069,0.185,g
2458567.56939,2019-03-25.0693655,bk,1.45,17.075,>17.075,99.990,0.532,0.107,g
2458567.57062,2019-03-25.0705835,bk,1.44,16.948,>16.948,99.990,0.572,0.121,g
2458567.57184,2019-03-25.0718016,bk,1.42,17.009,16.935,0.205,0.611,0.114,g
2458569.54566,2019-03-27.0456011,bk,1.54,17.122,>17.122,99.990,0.498,0.103,g
2458569.54689,2019-03-27.0468291,bk,1.55,17.091,16.866,0.178,0.651,0.106,g
2458569.54810,2019-03-27.0480420,bk,1.52,17.094,16.933,0.189,0.612,0.106,g
2458570.60798,2019-03-28.1079087,bG,1.44,17.132,16.832,0.166,0.672,0.102,g
2458570.60926,2019-03-28.1091797,bG,1.45,17.042,16.524,0.136,0.892,0.111,g
2458570.61053,2019-03-28.1104462,bG,1.43,17.253,16.992,0.172,0.580,0.091,g
2458571.60993,2019-03-29.1098368,bG,1.45,17.072,16.957,0.197,0.599,0.108,g
2458571.61120,2019-03-29.1111056,bG,1.39,15.965,>15.965,99.990,1.421,0.299,g
2458571.61249,2019-03-29.1123876,bG,1.44,16.208,>16.208,99.990,0.221,0.239,g
2458572.60506,2019-03-30.1049452,bG,1.43,17.046,16.731,0.164,0.737,0.110,g
2458572.60632,2019-03-30.1062142,bG,1.45,17.040,16.882,0.189,0.642,0.111,g
2458572.60759,2019-03-30.1074868,bG,1.48,17.010,16.717,0.167,0.747,0.114,g
2458574.59913,2019-04-01.0989922,bG,1.46,17.120,16.792,0.162,0.697,0.103,g
2458574.60040,2019-04-01.1002628,bG,1.43,17.071,16.453,0.124,0.952,0.108,g
2458574.60167,2019-04-01.1015306,bG,1.43,17.061,16.803,0.173,0.690,0.109,g
2458576.34573,2019-04-02.8455637,bo,1.64,16.998,16.904,0.201,0.629,0.115,g
2458576.34693,2019-04-02.8467692,bo,1.69,16.884,>16.884,99.990,0.623,0.128,g
2458576.34814,2019-04-02.8479736,bo,1.84,17.009,16.896,0.198,0.633,0.114,g
2458577.34138,2019-04-03.8412028,bo,1.52,99.990,99.990,99.990,99.990,99.990,g
2458577.34260,2019-04-03.8424223,bo,1.53,15.947,>15.947,99.990,0.705,0.304,g
2458577.34382,2019-04-03.8436371,bo,1.54,15.565,>15.565,99.990,-0.250,0.432,g
2458578.59294,2019-04-05.0927446,bG,1.42,17.139,16.722,0.149,0.744,0.101,g
2458578.59423,2019-04-05.0940287,bG,1.48,17.081,16.828,0.174,0.674,0.107,g
2458578.59549,2019-04-05.0952938,bG,1.46,16.980,16.890,0.202,0.637,0.117,g
2458579.32835,2019-04-05.8281449,bo,1.52,17.243,17.198,0.210,0.480,0.092,g
2458579.32956,2019-04-05.8293512,bo,1.54,17.259,16.605,0.120,0.828,0.091,g
2458579.33077,2019-04-05.8305590,bo,1.50,17.129,16.339,0.106,1.058,0.102,g
2458579.57548,2019-04-06.0752687,bk,1.43,16.931,16.593,0.160,0.837,0.123,g
2458579.57670,2019-04-06.0764880,bk,1.48,16.963,16.822,0.192,0.678,0.119,g
2458580.32882,2019-04-06.8285916,bo,1.47,17.245,16.689,0.131,0.766,0.092,g
2458580.33002,2019-04-06.8298062,bo,1.46,17.231,16.651,0.128,0.794,0.093,g
2458580.33123,2019-04-06.8310123,bo,1.53,17.161,16.846,0.164,0.663,0.099,g
2458581.34180,2019-04-07.8415688,bo,1.48,17.171,16.894,0.170,0.634,0.098,g
2458581.34301,2019-04-07.8427738,bo,1.45,17.271,16.777,0.139,0.707,0.090,g
2458581.57447,2019-04-08.0742300,bG,1.43,17.144,16.937,0.181,0.610,0.101,g
2458581.57574,2019-04-08.0754975,bG,1.40,17.067,16.536,0.134,0.882,0.108,g
2458583.22560,2019-04-09.7253421,bo,2.40,16.718,>16.718,99.990,0.620,0.149,g
2458583.22682,2019-04-09.7265611,bo,2.42,16.875,>16.875,99.990,0.473,0.129,g
2458583.22806,2019-04-09.7277927,bo,1.75,16.841,>16.841,99.990,0.544,0.133,g
2458584.23083,2019-04-10.7305538,bo,1.57,16.934,16.676,0.173,0.775,0.122,g
2458584.23203,2019-04-10.7317600,bo,1.58,16.992,>16.992,99.990,0.525,0.116,g
2458584.50979,2019-04-11.0095050,bG,1.44,17.020,>17.020,99.990,0.473,0.113,g
2458584.51106,2019-04-11.0107755,bG,1.44,16.934,16.729,0.182,0.738,0.122,g
2458584.51233,2019-04-11.0120446,bG,1.44,17.000,>17.000,99.990,0.435,0.115,g
2458586.31766,2019-04-12.8173571,bo,1.43,16.832,>16.832,99.990,0.494,0.134,g
2458586.31888,2019-04-12.8185744,bo,1.43,16.971,>16.971,99.990,0.566,0.118,g
2458586.32010,2019-04-12.8197937,bo,1.45,16.792,16.757,0.212,0.720,0.139,g
2458586.57459,2019-04-13.0742795,bG,1.43,16.704,>16.704,99.990,0.640,0.151,g
2458586.57585,2019-04-13.0755430,bG,1.44,16.772,>16.772,99.990,0.599,0.142,g
2458587.48007,2019-04-13.9797476,bk,1.55,16.513,>16.513,99.990,0.717,0.180,g
2458587.48129,2019-04-13.9809656,bk,1.53,16.483,>16.483,99.990,0.880,0.185,g
2458587.48251,2019-04-13.9821812,bk,1.60,16.634,16.609,0.214,0.825,0.161,g
2458591.30396,2019-04-17.8035821,bo,1.56,15.965,>15.965,99.990,0.707,0.299,g
2458591.30518,2019-04-17.8048002,bo,1.47,16.326,>16.326,99.990,0.306,0.214,g
2458591.30638,2019-04-17.8060068,bo,1.61,16.018,>16.018,99.990,0.192,0.284,g
2458591.50103,2019-04-18.0006576,bG,1.49,16.359,>16.359,99.990,0.447,0.208,g
2458591.50230,2019-04-18.0019236,bG,1.44,16.219,>16.219,99.990,0.338,0.236,g
2458591.50358,2019-04-18.0031968,bG,1.47,16.145,>16.145,99.990,0.865,0.253,g
2458594.28329,2019-04-20.7828679,bo,1.58,14.076,>14.076,99.990,2.007,1.702,g
2458594.28449,2019-04-20.7840766,bo,1.84,13.984,>13.984,99.990,-4.189,1.852,g
2458594.28570,2019-04-20.7852782,bo,1.44,14.100,>14.100,99.990,1.469,1.664,g
2458595.54473,2019-04-22.0443006,bG,1.43,16.575,>16.575,99.990,0.506,0.170,g
2458595.54600,2019-04-22.0455675,bG,1.44,16.415,>16.415,99.990,0.709,0.197,g
2458595.54728,2019-04-22.0468495,bG,1.42,16.512,>16.512,99.990,0.183,0.180,g
2458596.49016,2019-04-22.9897166,bG,1.52,99.990,99.990,99.990,99.990,99.990,g
2458596.49143,2019-04-22.9909936,bG,1.58,99.990,99.990,99.990,99.990,99.990,g
2458596.49272,2019-04-22.9922707,bG,1.56,99.990,99.990,99.990,99.990,99.990,g
2458597.53198,2019-04-24.0315341,bG,1.46,14.837,>14.837,99.990,1.807,0.844,g
2458597.53327,2019-04-24.0328221,bG,1.55,99.990,99.990,99.990,99.990,99.990,g
2458597.53455,2019-04-24.0340944,bG,1.56,99.990,99.990,99.990,99.990,99.990,g
2458599.27185,2019-04-25.7713662,bo,1.44,17.231,16.785,0.145,0.702,0.093,g
2458599.27305,2019-04-25.7725741,bo,1.46,17.152,16.729,0.148,0.738,0.100,g
2458599.27425,2019-04-25.7737748,bo,1.47,17.119,16.922,0.183,0.618,0.103,g
2458600.52653,2019-04-27.0260287,bG,1.54,17.085,16.776,0.165,0.707,0.106,g
2458600.52779,2019-04-27.0272957,bG,1.45,16.978,16.874,0.199,0.647,0.117,g
2458600.52905,2019-04-27.0285615,bG,1.52,17.087,16.809,0.170,0.686,0.106,g
2458602.21829,2019-04-28.7177734,bo,1.51,17.229,16.896,0.161,0.633,0.093,g
2458602.21952,2019-04-28.7190042,bo,1.51,17.132,16.840,0.167,0.667,0.102,g
2458602.22072,2019-04-28.7202048,bo,1.46,17.198,16.749,0.145,0.726,0.096,g
2458602.51768,2019-04-29.0171570,bG,1.43,17.204,16.486,0.113,0.924,0.095,g
2458602.51894,2019-04-29.0184206,bG,1.43,17.251,16.660,0.127,0.787,0.091,g
2458602.52021,2019-04-29.0196907,bG,1.45,17.102,16.876,0.178,0.645,0.105,g
2458604.20977,2019-04-30.7092361,bo,1.51,16.819,16.799,0.215,0.693,0.136,g
2458604.21099,2019-04-30.7104524,bo,1.46,16.796,>16.796,99.990,0.654,0.139,g
2458604.21220,2019-04-30.7116613,bo,1.46,16.939,16.676,0.172,0.776,0.122,g
2458604.51676,2019-05-01.0162200,bG,1.42,17.150,17.005,0.192,0.573,0.100,g
2458604.51804,2019-05-01.0175017,bG,1.43,17.086,16.710,0.155,0.751,0.106,g
2458604.51931,2019-05-01.0187699,bG,1.43,17.156,16.528,0.123,0.889,0.100,g
2458605.48488,2019-05-01.9843317,bG,1.45,17.019,16.863,0.190,0.653,0.113,g
2458605.48616,2019-05-01.9856003,bG,1.45,16.941,>16.941,99.990,0.585,0.122,g
2458605.48741,2019-05-01.9868620,bG,1.44,17.028,>17.028,99.990,0.560,0.112,g
2458608.49855,2019-05-04.9979627,bG,1.39,17.083,16.813,0.171,0.684,0.107,g
2458608.49982,2019-05-04.9992282,bG,1.44,16.990,16.851,0.193,0.660,0.116,g
2458608.50110,2019-05-05.0005098,bG,1.43,16.943,16.922,0.215,0.618,0.121,g
2458610.23602,2019-05-06.7354214,bo,1.49,13.617,>13.617,99.990,-6.040,2.597,g
2458610.23724,2019-05-06.7366384,bo,1.52,99.990,99.990,99.990,99.990,99.990,g
2458610.23846,2019-05-06.7378518,bo,1.56,99.990,99.990,99.990,99.990,99.990,g
2458611.48931,2019-05-07.9886995,bG,1.44,16.915,16.532,0.154,0.886,0.124,g
2458611.49059,2019-05-07.9899746,bG,1.43,16.453,>16.453,99.990,0.196,0.191,g
2458611.49185,2019-05-07.9912353,bG,1.41,17.077,16.776,0.166,0.707,0.107,g
2458613.48326,2019-05-09.9826241,bk,1.5,16.837,16.778,0.208,0.706,0.134,g
2458613.48448,2019-05-09.9838422,bk,1.47,16.872,>16.872,99.990,0.547,0.130,g
2458614.47912,2019-05-10.9784653,bk,1.48,16.723,16.616,0.199,0.819,0.149,g
2458614.48034,2019-05-10.9796824,bk,1.5,16.799,>16.799,99.990,0.443,0.139,g
2458614.48155,2019-05-10.9809027,bk,1.56,16.769,>16.769,99.990,0.622,0.142,g
2458616.22976,2019-05-12.7290900,bo,1.48,16.224,>16.224,99.990,0.205,0.235,g
2458616.23097,2019-05-12.7303050,bo,1.48,16.304,>16.304,99.990,0.404,0.218,g
2458616.23218,2019-05-12.7315138,bo,1.44,16.490,>16.490,99.990,0.278,0.184,g
2458617.21807,2019-05-13.7173975,bo,1.48,15.304,>15.304,99.990,-0.269,0.549,g
2458617.21929,2019-05-13.7186193,bo,1.44,16.170,>16.170,99.990,0.054,0.247,g
2458617.22052,2019-05-13.7198495,bo,1.42,16.209,>16.209,99.990,0.317,0.239,g
2458618.47847,2019-05-14.9777792,bG,1.49,16.360,>16.360,99.990,0.754,0.207,g
2458618.47974,2019-05-14.9790451,bG,1.43,16.375,>16.375,99.990,0.630,0.205,g
2458618.48100,2019-05-14.9803152,bG,1.50,16.511,16.450,0.207,0.955,0.181,g
2458619.46613,2019-05-15.9654400,bk,1.53,16.160,>16.160,99.990,0.789,0.249,g
2458619.46735,2019-05-15.9666556,bk,1.55,16.177,>16.177,99.990,0.418,0.246,g
2458620.21351,2019-05-16.7128146,bo,1.53,16.229,>16.229,99.990,1.109,0.234,g
2458620.21476,2019-05-16.7140599,bo,1.59,16.295,>16.295,99.990,0.893,0.220,g
2458620.21596,2019-05-16.7152622,bo,1.60,16.073,>16.073,99.990,0.603,0.270,g
2458621.46232,2019-05-17.9616070,bG,1.63,13.926,>13.926,99.990,5.746,1.954,g
2458621.46359,2019-05-17.9628811,bG,1.99,13.593,>13.593,99.990,-3.098,2.654,g
2458621.46487,2019-05-17.9641572,bG,1.54,99.990,99.990,99.990,99.990,99.990,g
2458622.20496,2019-05-18.7042412,bo,1.67,16.001,>16.001,99.990,0.093,0.289,g
2458622.20616,2019-05-18.7054428,bo,1.78,15.956,>15.956,99.990,0.963,0.301,g
2458622.20737,2019-05-18.7066528,bo,1.73,15.995,>15.995,99.990,0.266,0.290,g
2458622.46574,2019-05-18.9650162,bG,2.03,15.850,>15.850,99.990,1.034,0.332,g
2458622.46701,2019-05-18.9662928,bG,2.02,15.839,>15.839,99.990,0.562,0.335,g
2458622.46827,2019-05-18.9675600,bG,1.59,15.933,>15.933,99.990,0.397,0.308,g
2458623.20836,2019-05-19.7076331,bo,1.51,16.371,>16.371,99.990,0.645,0.205,g
2458623.46551,2019-05-19.9647775,bG,1.38,14.463,>14.463,99.990,3.259,1.191,g
2458623.46679,2019-05-19.9660642,bG,1.40,14.070,>14.070,99.990,-2.306,1.711,g
2458623.46807,2019-05-19.9673454,bG,1.45,13.672,>13.672,99.990,-2.357,2.468,g
2458624.45768,2019-05-20.9569368,bG,1.48,16.857,16.773,0.203,0.709,0.131,g
2458624.45895,2019-05-20.9582156,bG,1.44,16.859,>16.859,99.990,0.573,0.131,g
2458624.46022,2019-05-20.9594769,bG,1.46,16.859,>16.859,99.990,0.596,0.131,g
2458625.44942,2019-05-21.9486731,bG,1.75,15.899,>15.899,99.990,0.116,0.317,g
2458625.45069,2019-05-21.9499388,bG,1.75,15.948,>15.948,99.990,-0.182,0.303,g
2458625.45195,2019-05-21.9511998,bG,1.70,16.170,>16.170,99.990,0.808,0.247,g
2458626.44916,2019-05-22.9484061,bG,1.88,15.889,>15.889,99.990,0.505,0.320,g
2458626.45044,2019-05-22.9496841,bG,1.78,16.054,>16.054,99.990,0.431,0.275,g
2458626.45170,2019-05-22.9509467,bG,1.74,16.156,>16.156,99.990,0.476,0.250,g
2458627.44893,2019-05-23.9481719,bG,2.50,15.880,>15.880,99.990,0.306,0.323,g
2458627.45019,2019-05-23.9494369,bG,2.43,16.024,>16.024,99.990,0.496,0.283,g
2458627.45147,2019-05-23.9507114,bG,2.48,16.142,>16.142,99.990,0.285,0.254,g
2458629.19175,2019-05-25.6909714,bo,2.04,13.664,>13.664,99.990,-6.128,2.488,g
2458629.19295,2019-05-25.6921789,bo,2.07,99.990,99.990,99.990,99.990,99.990,g
2458629.19416,2019-05-25.6933863,bo,2.00,13.600,>13.600,99.990,2.551,2.638,g
2458629.45617,2019-05-25.9553960,bG,2.18,99.990,99.990,99.990,99.990,99.990,g
2458688.92224,2019-07-24.4214791,bG,1.44,16.802,16.686,0.197,0.769,0.138,g
2458688.92351,2019-07-24.4227490,bG,1.46,16.850,>16.850,99.990,0.559,0.132,g
2458688.92478,2019-07-24.4240210,bG,1.42,16.692,16.666,0.214,0.783,0.153,g
2458693.65049,2019-07-29.1497712,bo,1.50,16.944,16.915,0.213,0.623,0.121,g
2458693.65170,2019-07-29.1509787,bo,1.50,16.775,>16.775,99.990,0.696,0.142,g
2458693.65293,2019-07-29.1522017,bo,1.57,16.921,>16.921,99.990,0.336,0.124,g
2458693.93522,2019-07-29.4344998,bk,1.53,16.781,16.472,0.165,0.936,0.141,g
2458693.93645,2019-07-29.4357260,bk,1.49,16.846,>16.846,99.990,0.633,0.133,g
2458693.93767,2019-07-29.4369616,bk,1.50,16.735,16.505,0.178,0.907,0.147,g
2458695.93962,2019-07-31.4389210,bk,1.43,16.350,>16.350,99.990,0.675,0.210,g
2458695.94085,2019-07-31.4401415,bk,1.46,16.193,>16.193,99.990,0.219,0.242,g
2458695.94206,2019-07-31.4413629,bk,1.44,16.085,>16.085,99.990,0.308,0.267,g
2458697.66616,2019-08-02.1654685,bo,1.46,99.990,99.990,99.990,99.990,99.990,g
2458697.66737,2019-08-02.1666811,bo,1.44,17.060,16.760,0.166,0.718,0.109,g
2458697.66859,2019-08-02.1679136,bo,1.48,99.990,99.990,99.990,99.990,99.990,g
2458697.93198,2019-08-02.4312997,bk,1.52,16.901,16.896,0.218,0.634,0.126,g
2458697.93321,2019-08-02.4325210,bk,1.52,16.752,>16.752,99.990,0.670,0.145,g
2458697.93442,2019-08-02.4337357,bk,1.48,16.783,16.577,0.181,0.849,0.141,g
2458698.91140,2019-08-03.4107292,bk,1.48,17.030,16.904,0.195,0.629,0.112,g
2458698.91263,2019-08-03.4119521,bk,1.42,17.001,16.919,0.203,0.620,0.115,g
2458698.91385,2019-08-03.4131728,bk,1.44,17.091,16.754,0.161,0.721,0.106,g
2458699.92025,2019-08-04.4195870,bk,1.44,17.025,16.591,0.147,0.839,0.112,g
2458699.92148,2019-08-04.4208108,bk,1.49,17.005,>17.005,99.990,0.500,0.115,g
2458699.92268,2019-08-04.4220255,bk,1.43,17.053,>17.053,99.990,0.498,0.110,g
2458700.92283,2019-08-05.4221711,bG,1.44,17.287,16.829,0.144,0.674,0.088,g
2458700.92410,2019-08-05.4234408,bG,1.41,17.174,>17.174,99.990,0.449,0.098,g
2458700.92537,2019-08-05.4247123,bG,1.42,17.084,16.858,0.178,0.656,0.107,g
2458703.91947,2019-08-08.4188392,bk,1.41,16.981,16.571,0.150,0.854,0.117,g
2458703.92068,2019-08-08.4200534,bk,1.51,16.992,>16.992,99.990,0.542,0.116,g
2458703.92189,2019-08-08.4212692,bk,1.46,17.060,>17.060,99.990,0.498,0.109,g
2458709.89518,2019-08-14.3946219,bG,1.53,15.968,>15.968,99.990,1.056,0.298,g
2458709.89646,2019-08-14.3958906,bG,1.52,15.880,>15.880,99.990,0.526,0.323,g
2458709.89772,2019-08-14.3971577,bG,1.45,15.787,>15.787,99.990,0.954,0.352,g
2458711.89545,2019-08-16.3949146,bk,1.62,15.789,>15.789,99.990,0.059,0.351,g
2458711.89667,2019-08-16.3961375,bk,1.63,15.910,>15.910,99.990,0.492,0.314,g
2458711.89789,2019-08-16.3973521,bk,1.62,15.694,>15.694,99.990,0.957,0.383,g
2458712.88804,2019-08-17.3875120,bk,1.51,16.038,>16.038,99.990,1.176,0.279,g
2458712.88925,2019-08-17.3887291,bk,1.55,16.052,>16.052,99.990,0.245,0.276,g
2458712.89047,2019-08-17.3899496,bk,1.51,16.117,>16.117,99.990,0.480,0.260,g
2458713.88589,2019-08-18.3853768,bG,1.48,16.277,>16.277,99.990,0.202,0.224,g
2458713.88717,2019-08-18.3866496,bG,1.46,16.360,16.351,0.217,1.046,0.208,g
2458713.88844,2019-08-18.3879234,bG,1.48,16.327,16.272,0.208,1.126,0.214,g
2458714.88219,2019-08-19.3816877,bG,1.20,99.990,99.990,99.990,99.990,99.990,g
2458714.88346,2019-08-19.3829601,bG,1.50,99.990,99.990,99.990,99.990,99.990,g
2458714.88474,2019-08-19.3842328,bG,1.70,99.990,99.990,99.990,99.990,99.990,g
2458714.90027,2019-08-19.3997665,bk,1.45,15.791,>15.791,99.990,0.026,0.351,g
2458714.90148,2019-08-19.4009760,bk,1.48,16.210,>16.210,99.990,0.555,0.238,g
2458714.90269,2019-08-19.4021942,bk,1.42,16.442,>16.442,99.990,0.600,0.192,g
2458715.87872,2019-08-20.3782224,bG,1.56,16.728,>16.728,99.990,0.507,0.148,g
2458715.88000,2019-08-20.3795094,bG,1.56,16.468,>16.468,99.990,0.687,0.188,g
2458715.88127,2019-08-20.3807777,bG,1.54,16.458,>16.458,99.990,0.681,0.190,g
2458716.89762,2019-08-21.3971372,bG,1.51,16.619,>16.619,99.990,0.583,0.163,g
2458716.89889,2019-08-21.3984002,bG,1.49,16.739,>16.739,99.990,0.702,0.146,g
2458716.90016,2019-08-21.3996743,bG,1.48,16.747,16.491,0.173,0.920,0.145,g
2458719.90486,2019-08-24.4044138,bG,1.51,16.985,16.958,0.214,0.598,0.117,g
2458720.57894,2019-08-25.0784996,bo,1.53,16.838,16.652,0.185,0.793,0.134,g
2458720.58014,2019-08-25.0797024,bo,1.45,16.996,16.867,0.195,0.650,0.115,g
2458720.58137,2019-08-25.0809344,bo,1.47,16.882,>16.882,99.990,0.535,0.128,g
2458721.58973,2019-08-26.0893064,bo,1.72,16.993,16.662,0.161,0.786,0.116,g
2458721.59105,2019-08-26.0906278,bo,1.66,99.990,99.990,99.990,99.990,99.990,g
2458721.59282,2019-08-26.0924,bo,1.68,17.022,16.818,0.182,0.680,0.113,g
2458722.88133,2019-08-27.3809307,bG,1.46,17.122,16.812,0.165,0.685,0.103,g
2458722.88261,2019-08-27.3822055,bG,1.46,17.012,16.793,0.179,0.697,0.114,g
2458722.88389,2019-08-27.3834797,bG,1.45,17.149,16.792,0.158,0.697,0.100,g
2458723.88035,2019-08-28.3799642,bk,1.43,16.786,>16.786,99.990,0.499,0.140,g
2458723.88158,2019-08-28.3811890,bk,1.45,16.834,>16.834,99.990,0.467,0.134,g
2458723.88280,2019-08-28.3824127,bk,1.44,16.854,16.649,0.181,0.796,0.132,g
2458728.88995,2019-09-02.3896246,bk,1.49,17.092,16.991,0.200,0.580,0.106,g
2458728.89119,2019-09-02.3908645,bk,1.43,16.975,>16.975,99.990,0.575,0.118,g
2458728.89240,2019-09-02.3920807,bk,1.38,16.937,16.821,0.197,0.679,0.122,g
2458728.90787,2019-09-02.4075418,bk,1.42,16.675,>16.675,99.990,0.635,0.155,g
2458729.58510,2019-09-03.0847846,bo,1.51,17.250,16.821,0.148,0.679,0.091,g
2458729.58630,2019-09-03.0859891,bo,1.51,17.284,16.879,0.151,0.643,0.089,g
2458729.58751,2019-09-03.0871965,bo,1.47,17.146,16.962,0.185,0.596,0.101,g
2458729.90124,2019-09-03.4009337,bk,1.5,15.352,>15.352,99.990,0.263,0.525,g
2458729.90246,2019-09-03.4021508,bk,1.42,15.274,>15.274,99.990,1.950,0.564,g
2458729.90367,2019-09-03.4033662,bk,1.43,15.388,>15.388,99.990,0.988,0.508,g
2458730.59729,2019-09-04.0969930,bo,1.46,99.990,99.990,99.990,99.990,99.990,g
2458730.59852,2019-09-04.0982186,bo,1.42,99.990,99.990,99.990,99.990,99.990,g
2458730.59972,2019-09-04.0994292,bo,1.43,99.990,99.990,99.990,99.990,99.990,g
2458730.89774,2019-09-04.3974372,bk,1.49,17.042,16.831,0.180,0.673,0.111,g
2458730.89894,2019-09-04.3986436,bk,1.43,16.909,16.860,0.209,0.654,0.125,g
2458730.90014,2019-09-04.3998497,bk,1.4,17.006,16.840,0.188,0.667,0.114,g
2458738.81721,2019-09-12.3170210,bG,1.52,16.159,>16.159,99.990,0.075,0.250,g
2458738.81848,2019-09-12.3182972,bG,1.49,16.245,16.226,0.215,1.175,0.231,g
2458738.81976,2019-09-12.3195724,bG,1.62,16.199,>16.199,99.990,0.892,0.241,g
2458739.81401,2019-09-13.3138359,bk,1.54,15.334,>15.334,99.990,0.999,0.534,g
2458739.81524,2019-09-13.3150703,bk,1.50,15.474,>15.474,99.990,0.468,0.469,g
2458739.81648,2019-09-13.3163010,bk,1.54,15.644,>15.644,99.990,0.856,0.401,g
2458740.81162,2019-09-14.3114591,bG,1.61,15.840,>15.840,99.990,0.333,0.335,g
2458740.81290,2019-09-14.3127375,bG,1.60,15.773,>15.773,99.990,-0.013,0.356,g
2458740.81416,2019-09-14.3140075,bG,1.56,15.824,>15.824,99.990,0.429,0.340,g
2458741.78344,2019-09-15.2833043,bk,1.64,15.923,>15.923,99.990,0.983,0.310,g
2458741.78466,2019-09-15.2845243,bk,1.68,16.036,>16.036,99.990,0.411,0.280,g
2458741.78589,2019-09-15.2857537,bk,1.57,15.947,>15.947,99.990,0.212,0.304,g
2458742.81899,2019-09-16.3188660,bk,1.61,16.072,>16.072,99.990,0.666,0.271,g
2458742.82022,2019-09-16.3200884,bk,1.55,16.160,>16.160,99.990,0.475,0.250,g
2458742.82143,2019-09-16.3213030,bk,1.62,16.035,>16.035,99.990,0.278,0.280,g
2458743.56111,2019-09-17.0609928,bo,1.50,16.158,16.133,0.214,1.278,0.250,g
2458743.56233,2019-09-17.0622096,bo,1.43,16.181,>16.181,99.990,0.281,0.245,g
2458743.56355,2019-09-17.0634288,bo,1.45,16.051,>16.051,99.990,1.153,0.276,g
2458743.85441,2019-09-17.3542991,bG,1.58,16.329,>16.329,99.990,0.586,0.214,g
2458743.85570,2019-09-17.3555881,bG,1.60,16.145,>16.145,99.990,0.719,0.253,g
2458743.85698,2019-09-17.3568741,bG,1.58,16.281,>16.281,99.990,1.050,0.223,g
2458744.61902,2019-09-18.1189239,bo,1.55,16.366,>16.366,99.990,0.954,0.206,g
2458744.62023,2019-09-18.1201313,bo,1.59,16.513,>16.513,99.990,0.756,0.180,g
2458744.62144,2019-09-18.1213406,bo,1.53,16.301,>16.301,99.990,0.662,0.219,g
2458744.83915,2019-09-18.3390533,bG,1.47,16.495,>16.495,99.990,0.633,0.183,g
2458744.84043,2019-09-18.3403303,bG,1.43,16.441,>16.441,99.990,0.871,0.193,g
2458744.84170,2019-09-18.3416049,bG,1.47,16.643,>16.643,99.990,0.697,0.160,g
2458745.83180,2019-09-19.3317163,bG,1.52,16.507,16.435,0.205,0.968,0.181,g
2458745.83309,2019-09-19.3330069,bG,1.47,16.499,>16.499,99.990,0.078,0.183,g
2458745.83438,2019-09-19.3342923,bG,1.45,16.621,16.603,0.216,0.829,0.163,g
2458746.87376,2019-09-20.3736938,bk,1.52,16.678,>16.678,99.990,0.772,0.155,g
2458746.87498,2019-09-20.3749142,bk,1.47,16.707,>16.707,99.990,0.423,0.151,g
2458746.87620,2019-09-20.3761311,bk,1.47,16.609,>16.609,99.990,0.583,0.165,g
2458747.84365,2019-09-21.3435986,bk,1.52,16.687,>16.687,99.990,0.624,0.154,g
2458747.84486,2019-09-21.3448135,bk,1.55,16.622,>16.622,99.990,0.570,0.163,g
2458747.84609,2019-09-21.3460410,bk,1.54,16.766,16.729,0.212,0.738,0.143,g
2458748.81456,2019-09-22.3145206,bk,1.47,16.871,16.807,0.207,0.687,0.130,g
2458748.81578,2019-09-22.3157413,bk,1.44,16.745,>16.745,99.990,0.602,0.146,g
2458748.81698,2019-09-22.3169520,bk,1.47,16.783,16.533,0.174,0.885,0.141,g
2458749.79909,2019-09-23.2990702,bk,1.48,16.968,>16.968,99.990,0.468,0.119,g
2458749.80031,2019-09-23.3002880,bk,1.43,16.898,16.591,0.165,0.839,0.126,g
2458749.80152,2019-09-23.3015082,bk,1.45,16.881,>16.881,99.990,0.556,0.128,g
2458750.81555,2019-09-24.3155443,bG,1.47,17.081,17.002,0.204,0.574,0.107,g
2458750.81685,2019-09-24.3168351,bG,1.41,17.134,16.827,0.165,0.675,0.102,g
2458750.81814,2019-09-24.3181314,bG,1.44,17.143,16.812,0.162,0.684,0.101,g
2458754.49719,2019-09-27.9972370,bo,1.45,17.021,16.715,0.165,0.748,0.113,g
2458757.82987,2019-10-01.3299628,bG,1.40,15.582,>15.582,99.990,0.025,0.425,g
2458757.83114,2019-10-01.3312372,bG,1.49,15.067,>15.067,99.990,-1.485,0.683,g
2458757.83240,2019-10-01.3325030,bG,1.44,15.155,>15.155,99.990,-0.453,0.630,g
2458758.77238,2019-10-02.2724951,bk,1.44,17.041,>17.041,99.990,0.477,0.111,g
2458758.77359,2019-10-02.2737049,bk,1.47,16.920,>16.920,99.990,0.607,0.124,g
2458758.77481,2019-10-02.2749216,bk,1.46,17.001,16.906,0.201,0.627,0.115,g
2458760.52009,2019-10-04.0202289,bo,1.46,16.734,>16.734,99.990,0.666,0.147,g
2458760.52130,2019-10-04.0214366,bo,1.43,16.911,>16.911,99.990,0.616,0.125,g
2458760.52250,2019-10-04.0226408,bo,1.51,16.874,>16.874,99.990,0.590,0.129,g
2458761.80030,2019-10-05.3004527,bk,1.49,17.052,16.649,0.151,0.795,0.110,g
2458761.80152,2019-10-05.3016699,bk,1.43,16.998,16.782,0.180,0.703,0.115,g
2458761.80273,2019-10-05.3028883,bk,1.44,17.001,16.826,0.186,0.676,0.115,g
2458762.81572,2019-10-06.3158971,bk,1.43,17.035,16.876,0.189,0.646,0.111,g
2458762.81694,2019-10-06.3171105,bk,1.4,17.042,>17.042,99.990,0.350,0.111,g
2458762.81816,2019-10-06.3183273,bk,1.46,17.127,17.017,0.198,0.567,0.102,g
2458763.80495,2019-10-07.3051341,bk,1.4,17.142,16.790,0.158,0.698,0.101,g
2458763.80616,2019-10-07.3063531,bk,1.44,17.043,16.472,0.129,0.936,0.111,g
2458763.82629,2019-10-07.3264678,bk,1.41,17.037,16.482,0.131,0.927,0.111,g
2458764.74451,2019-10-08.2447099,bk,1.4,16.487,>16.487,99.990,0.430,0.185,g
2458764.74572,2019-10-08.2459208,bk,1.44,16.657,16.512,0.192,0.902,0.158,g
2458764.74695,2019-10-08.2471400,bk,1.48,16.476,>16.476,99.990,0.379,0.187,g
2458765.74106,2019-10-09.2412761,bk,1.45,16.404,>16.404,99.990,0.075,0.199,g
2458765.74227,2019-10-09.2424944,bk,1.42,16.495,>16.495,99.990,0.879,0.183,g
2458765.74349,2019-10-09.2437111,bk,1.46,16.447,>16.447,99.990,0.765,0.192,g
2458766.80253,2019-10-10.3027592,bk,1.44,16.426,>16.426,99.990,0.642,0.195,g
2458766.80375,2019-10-10.3039781,bk,1.48,16.214,>16.214,99.990,0.842,0.237,g
2458766.80497,2019-10-10.3051986,bk,1.47,16.188,>16.188,99.990,0.699,0.243,g
2458767.74200,2019-10-11.2422458,bk,1.69,16.133,>16.133,99.990,0.096,0.256,g
2458767.74323,2019-10-11.2434732,bk,1.68,16.136,>16.136,99.990,0.675,0.255,g
2458767.74445,2019-10-11.2446832,bk,1.66,16.110,>16.110,99.990,0.999,0.261,g
2458768.51670,2019-10-12.0169520,bo,1.49,15.287,>15.287,99.990,0.684,0.557,g
2458768.51791,2019-10-12.0181715,bo,1.49,15.322,>15.322,99.990,0.382,0.540,g
2458768.51913,2019-10-12.0193861,bo,1.41,15.025,>15.025,99.990,0.225,0.710,g
2458769.57371,2019-10-13.0739800,bo,1.48,16.056,>16.056,99.990,0.397,0.275,g
2458769.57493,2019-10-13.0751980,bo,1.54,15.923,>15.923,99.990,0.396,0.310,g
2458769.57615,2019-10-13.0764159,bo,1.55,16.034,>16.034,99.990,1.136,0.280,g
2458771.59425,2019-10-15.0945489,bo,1.64,16.119,>16.119,99.990,0.880,0.259,g
2458771.59547,2019-10-15.0957640,bo,1.58,16.283,>16.283,99.990,0.816,0.223,g
2458771.59667,2019-10-15.0969715,bo,1.56,16.236,>16.236,99.990,0.072,0.233,g
2458772.53359,2019-10-16.0338990,bo,1.46,16.269,>16.269,99.990,0.701,0.226,g
2458772.53480,2019-10-16.0351086,bo,1.47,16.347,>16.347,99.990,0.466,0.210,g
2458772.53601,2019-10-16.0363243,bo,1.45,16.257,>16.257,99.990,0.517,0.228,g
2458772.79894,2019-10-16.2992497,bG,1.42,16.216,>16.216,99.990,0.352,0.237,g
2458773.70313,2019-10-17.2034495,bG,1.54,16.419,>16.419,99.990,0.301,0.197,g
2458773.83087,2019-10-17.3311954,bk,1.54,16.273,16.111,0.189,1.306,0.225,g
2458773.83209,2019-10-17.3324174,bk,1.62,16.256,>16.256,99.990,0.659,0.228,g
2458773.83331,2019-10-17.3336337,bk,1.6,16.167,>16.167,99.990,0.583,0.248,g
2458774.86151,2019-10-18.3618552,bG,1.41,16.524,>16.524,99.990,0.355,0.178,g
2458774.86277,2019-10-18.3631200,bG,1.40,16.497,>16.497,99.990,0.878,0.183,g
2458774.86405,2019-10-18.3643863,bG,1.43,16.437,>16.437,99.990,0.614,0.193,g
2458775.85768,2019-10-19.3580325,bG,1.44,16.803,>16.803,99.990,0.283,0.138,g
2458775.85894,2019-10-19.3592972,bG,1.48,16.615,>16.615,99.990,0.762,0.164,g
2458775.86021,2019-10-19.3605611,bG,1.47,16.587,>16.587,99.990,0.630,0.168,g
2458776.78963,2019-10-20.2899996,bG,1.42,16.842,>16.842,99.990,0.474,0.133,g
2458776.79091,2019-10-20.2912800,bG,1.47,16.692,16.678,0.217,0.774,0.153,g
2458776.79218,2019-10-20.2925502,bG,1.41,16.707,>16.707,99.990,0.678,0.151,g
2458777.81770,2019-10-21.3180834,bG,1.44,16.798,16.534,0.172,0.884,0.139,g
2458777.81898,2019-10-21.3193554,bG,1.44,16.865,16.509,0.158,0.905,0.130,g
2458777.82025,2019-10-21.3206297,bG,1.42,16.830,16.649,0.186,0.795,0.135,g
2458777.84495,2019-10-21.3453309,bk,1.45,16.832,>16.832,99.990,0.407,0.134,g
2458778.75111,2019-10-22.2515070,bk,1.48,16.008,>16.008,99.990,0.400,0.287,g
2458778.75233,2019-10-22.2527238,bk,1.45,16.154,15.988,0.188,1.460,0.251,g
2458778.75355,2019-10-22.2539406,bk,1.45,16.101,>16.101,99.990,-0.215,0.264,g
2458780.67996,2019-10-24.1803769,bG,1.64,14.926,>14.926,99.990,-1.490,0.778,g
2458780.73834,2019-10-24.2387527,bG,1.46,15.338,>15.338,99.990,1.246,0.532,g
2458780.73962,2019-10-24.2400349,bG,1.51,15.193,>15.193,99.990,1.506,0.608,g
2458780.74089,2019-10-24.2413107,bG,1.48,14.883,>14.883,99.990,1.074,0.809,g
2458781.76512,2019-10-25.2655627,bk,1.41,17.066,16.545,0.136,0.875,0.108,g
2458781.76636,2019-10-25.2667946,bk,1.41,17.078,16.841,0.176,0.666,0.107,g
2458781.76758,2019-10-25.2680206,bk,1.43,17.009,16.958,0.209,0.598,0.114,g
2458782.79525,2019-10-26.2957005,bk,1.45,17.074,17.054,0.215,0.548,0.107,g
2458782.79647,2019-10-26.2969090,bk,1.48,17.007,16.536,0.142,0.883,0.114,g
2458782.79767,2019-10-26.2981166,bk,1.48,16.996,16.674,0.163,0.778,0.116,g
2458783.80794,2019-10-27.3083916,bk,1.41,17.002,16.657,0.159,0.789,0.115,g
2458783.80916,2019-10-27.3096093,bk,1.43,16.991,16.841,0.191,0.666,0.116,g
2458783.81037,2019-10-27.3108261,bk,1.41,16.995,16.771,0.178,0.711,0.116,g
2458785.72138,2019-10-29.2218616,bk,1.44,17.020,16.967,0.209,0.593,0.113,g
2458785.72260,2019-10-29.2230765,bk,1.45,17.085,17.036,0.210,0.557,0.106,g
2458786.71745,2019-10-30.2179447,bG,1.42,15.982,>15.982,99.990,1.051,0.294,g
2458786.71872,2019-10-30.2192232,bG,1.42,16.016,>16.016,99.990,0.628,0.285,g
2458786.72000,2019-10-30.2204917,bG,1.42,16.342,>16.342,99.990,0.270,0.211,g
2458787.72276,2019-10-31.2232709,bk,1.56,15.854,>15.854,99.990,0.870,0.331,g
2458787.72398,2019-10-31.2244878,bk,1.54,15.752,>15.752,99.990,1.194,0.364,g
2458787.76742,2019-10-31.2679290,bk,1.48,15.713,>15.713,99.990,-0.095,0.377,g
2458788.51659,2019-11-01.0171042,bo,1.52,17.246,16.774,0.142,0.709,0.092,g
2458788.73129,2019-11-01.2318094,bk,1.52,15.208,>15.208,99.990,-0.462,0.600,g
2458788.73251,2019-11-01.2330283,bk,1.64,14.433,>14.433,99.990,0.734,1.224,g
2458788.73374,2019-11-01.2342557,bk,1.64,14.623,>14.623,99.990,-0.800,1.028,g
2458789.76995,2019-11-02.2704770,bG,1.49,16.045,>16.045,99.990,0.629,0.277,g
2458789.77124,2019-11-02.2717657,bG,1.44,16.385,>16.385,99.990,0.394,0.203,g
2458789.77251,2019-11-02.2730429,bG,1.47,15.438,>15.438,99.990,-0.989,0.486,g
2458790.66658,2019-11-03.1671199,bk,1.61,14.667,>14.667,99.990,1.267,0.988,g
2458790.66779,2019-11-03.1683285,bk,1.7,14.902,>14.902,99.990,-0.706,0.795,g
2458790.66899,2019-11-03.1695324,bk,1.68,14.489,>14.489,99.990,-0.877,1.163,g
2458791.72212,2019-11-04.2226699,bk,1.43,16.938,16.785,0.190,0.702,0.122,g
2458791.72334,2019-11-04.2238914,bk,1.48,16.858,16.818,0.211,0.681,0.131,g
2458791.72455,2019-11-04.2251083,bk,1.44,16.877,16.744,0.194,0.728,0.129,g
2458792.43298,2019-11-04.9335393,bo,1.48,16.409,>16.409,99.990,0.934,0.198,g
2458792.43419,2019-11-04.9347469,bo,1.46,16.508,>16.508,99.990,0.366,0.181,g
2458792.85384,2019-11-05.3544065,bk,1.44,16.876,16.507,0.156,0.906,0.129,g
2458793.50639,2019-11-06.0069587,bo,1.49,16.865,16.409,0.144,0.992,0.130,g
2458793.50797,2019-11-06.0085400,bo,1.52,16.937,>16.937,99.990,0.550,0.122,g
2458793.50940,2019-11-06.0099745,bo,1.51,16.935,>16.935,99.990,0.562,0.122,g
2458793.80250,2019-11-06.3030719,bk,1.5,17.117,16.639,0.141,0.802,0.103,g
2458793.80371,2019-11-06.3042875,bk,1.45,16.996,16.934,0.207,0.611,0.116,g
2458793.80493,2019-11-06.3055062,bk,1.4,17.051,16.894,0.190,0.634,0.110,g
2458794.66339,2019-11-07.1639770,bG,1.48,16.392,>16.392,99.990,0.917,0.201,g
2458794.66467,2019-11-07.1652570,bG,1.39,16.487,>16.487,99.990,0.881,0.185,g
2458794.66594,2019-11-07.1665368,bG,1.42,16.481,>16.481,99.990,0.765,0.186,g
2458794.84440,2019-11-07.3449821,bk,1.47,17.018,16.998,0.215,0.577,0.113,g
2458794.84561,2019-11-07.3461978,bk,1.45,16.958,16.869,0.202,0.649,0.120,g
2458794.84684,2019-11-07.3474356,bk,1.49,16.918,16.490,0.148,0.920,0.124,g
2458795.70174,2019-11-08.2023321,bk,1.49,16.443,>16.443,99.990,0.820,0.192,g
2458795.70296,2019-11-08.2035586,bk,1.47,16.373,>16.373,99.990,0.574,0.205,g
2458795.70420,2019-11-08.2047907,bk,1.46,16.502,>16.502,99.990,0.687,0.182,g
2458796.43251,2019-11-08.9331114,bo,1.54,16.357,>16.357,99.990,0.625,0.208,g
2458796.43373,2019-11-08.9343306,bo,1.52,16.431,15.989,0.146,1.461,0.194,g
2458796.43495,2019-11-08.9355520,bo,1.54,16.334,>16.334,99.990,0.374,0.212,g
2458796.86507,2019-11-09.3656743,bk,1.5,15.607,>15.607,99.990,0.906,0.415,g
2458796.86629,2019-11-09.3668981,bk,1.48,15.892,>15.892,99.990,1.117,0.319,g
2458797.74823,2019-11-10.2488504,bk,1.53,16.137,>16.137,99.990,0.492,0.255,g
2458797.74945,2019-11-10.2500696,bk,1.52,16.141,>16.141,99.990,0.860,0.254,g
2458797.75067,2019-11-10.2512843,bk,1.5,16.120,>16.120,99.990,0.860,0.259,g
2458798.72976,2019-11-11.2303825,bk,1.49,15.889,>15.889,99.990,0.161,0.320,g
2458798.73097,2019-11-11.2316013,bk,1.47,15.957,>15.957,99.990,1.262,0.301,g
2458799.74326,2019-11-12.2439013,bk,1.43,15.755,>15.755,99.990,1.144,0.362,g
2458799.74449,2019-11-12.2451274,bk,1.51,15.954,>15.954,99.990,0.143,0.302,g
2458799.74571,2019-11-12.2463439,bk,1.55,15.749,>15.749,99.990,1.220,0.364,g
2458800.72883,2019-11-13.2294859,bG,1.47,15.959,>15.959,99.990,1.032,0.300,g
2458800.73015,2019-11-13.2308023,bG,1.51,15.885,>15.885,99.990,1.044,0.322,g
2458800.73143,2019-11-13.2320775,bG,1.46,16.022,>16.022,99.990,0.046,0.283,g
2458801.72889,2019-11-14.2295520,bG,1.46,16.011,>16.011,99.990,0.693,0.286,g
2458801.73017,2019-11-14.2308309,bG,1.47,15.971,>15.971,99.990,0.419,0.297,g
2458801.73145,2019-11-14.2321061,bG,1.51,16.108,>16.108,99.990,0.463,0.262,g
2458802.77075,2019-11-15.2714143,bk,1.43,16.016,>16.016,99.990,0.222,0.285,g
2458802.77197,2019-11-15.2726319,bk,1.48,16.062,>16.062,99.990,0.187,0.273,g
2458802.77320,2019-11-15.2738650,bk,1.43,16.159,>16.159,99.990,0.853,0.250,g
2458802.77710,2019-11-15.2777703,bG,1.46,16.103,>16.103,99.990,0.143,0.263,g
2458803.83857,2019-11-16.3392487,bk,1.52,16.291,>16.291,99.990,0.588,0.221,g
2458803.83978,2019-11-16.3404640,bk,1.47,16.291,>16.291,99.990,0.212,0.221,g
2458803.84100,2019-11-16.3416814,bk,1.55,16.579,>16.579,99.990,0.345,0.170,g
2458804.81881,2019-11-17.3194879,bG,1.41,16.406,>16.406,99.990,0.690,0.199,g
2458805.83799,2019-11-18.3386797,bG,1.42,16.520,16.487,0.213,0.923,0.179,g
2458805.83926,2019-11-18.3399495,bG,1.46,16.524,>16.524,99.990,0.447,0.178,g
2458805.84052,2019-11-18.3412123,bG,1.47,16.612,>16.612,99.990,0.671,0.165,g
2458807.78052,2019-11-20.2812379,bk,1.41,16.880,>16.880,99.990,0.604,0.129,g
2458807.78186,2019-11-20.2825726,bG,1.41,17.010,16.523,0.140,0.893,0.114,g
2458807.78313,2019-11-20.2838387,bG,1.43,16.851,>16.851,99.990,0.547,0.132,g
2458807.78440,2019-11-20.2851054,bG,1.39,16.930,16.753,0.186,0.722,0.123,g
2458808.80489,2019-11-21.3056003,bk,1.53,16.871,>16.871,99.990,0.492,0.130,g
2458808.80610,2019-11-21.3068204,bk,1.56,16.886,>16.886,99.990,0.635,0.128,g
2458808.80732,2019-11-21.3080388,bk,1.59,16.760,>16.760,99.990,0.574,0.144,g
2458809.78804,2019-11-22.2887600,bG,1.45,17.113,16.548,0.130,0.873,0.104,g
2458809.78930,2019-11-22.2900263,bG,1.51,16.896,16.657,0.176,0.790,0.127,g
2458809.79058,2019-11-22.2913003,bG,1.51,16.826,>16.826,99.990,0.574,0.135,g
2458810.82943,2019-11-23.3301645,bG,1.41,17.088,16.450,0.122,0.955,0.106,g
2458810.83070,2019-11-23.3314346,bG,1.46,17.212,17.029,0.185,0.560,0.095,g
2458811.36770,2019-11-23.8684403,bo,1.48,99.990,99.990,99.990,99.990,99.990,g
2458811.36892,2019-11-23.8696561,bo,1.56,17.079,16.695,0.154,0.762,0.107,g
2458811.37014,2019-11-23.8708729,bo,1.53,99.990,99.990,99.990,99.990,99.990,g
2458811.80034,2019-11-24.3010812,bG,1.40,99.990,99.990,99.990,99.990,99.990,g
2458811.80161,2019-11-24.3023501,bG,1.40,17.176,16.852,0.163,0.660,0.098,g
2458811.80288,2019-11-24.3036232,bG,1.41,99.990,99.990,99.990,99.990,99.990,g
2458812.42108,2019-11-24.9218340,bo,1.43,17.168,17.001,0.188,0.575,0.099,g
2458812.42230,2019-11-24.9230517,bo,1.46,99.990,99.990,99.990,99.990,99.990,g
2458812.42352,2019-11-24.9242701,bo,1.48,17.239,16.976,0.172,0.588,0.092,g
2458815.71497,2019-11-28.2157318,bk,1.46,16.925,>16.925,99.990,0.363,0.123,g
2458815.71619,2019-11-28.2169637,bk,1.45,16.905,>16.905,99.990,0.516,0.126,g
2458815.71741,2019-11-28.2181842,bk,1.4,16.898,16.736,0.189,0.734,0.126,g
2458816.75404,2019-11-29.2548112,bG,1.38,17.067,16.933,0.194,0.612,0.108,g
2458816.75530,2019-11-29.2560754,bG,1.41,17.193,17.013,0.186,0.569,0.096,g
2458816.75658,2019-11-29.2573501,bG,1.46,17.025,16.562,0.143,0.861,0.112,g
2458817.75098,2019-11-30.2517621,bG,1.51,17.012,16.559,0.144,0.864,0.114,g
2458817.75227,2019-11-30.2530446,bG,1.52,17.150,>17.150,99.990,0.386,0.100,g
2458817.75354,2019-11-30.2543223,bG,1.55,17.146,16.832,0.164,0.672,0.101,g
2458819.71152,2019-12-02.2123135,bk,1.51,17.069,16.920,0.191,0.619,0.108,g
2458819.71273,2019-12-02.2135224,bk,1.49,16.947,16.713,0.176,0.750,0.121,g
2458819.71395,2019-12-02.2147438,bk,1.53,17.042,16.792,0.174,0.697,0.111,g
2458820.66409,2019-12-03.1648891,bk,1.48,16.872,>16.872,99.990,0.581,0.129,g
2458820.73794,2019-12-03.2387384,bk,1.51,17.082,17.023,0.207,0.564,0.107,g
2458820.73916,2019-12-03.2399541,bk,1.49,16.861,16.773,0.202,0.709,0.131,g
2458820.74037,2019-12-03.2411731,bk,1.44,16.935,>16.935,99.990,0.427,0.122,g
2458822.75357,2019-12-05.2543743,bk,1.44,16.964,16.897,0.206,0.633,0.119,g
2458822.75479,2019-12-05.2555971,bk,1.42,16.937,16.926,0.217,0.616,0.122,g
2458822.75600,2019-12-05.2568118,bk,1.48,16.975,>16.975,99.990,0.567,0.118,g
2458822.79028,2019-12-05.2910865,bk,1.43,17.020,17.004,0.216,0.573,0.113,g
2458822.79151,2019-12-05.2923151,bk,1.47,16.980,16.667,0.164,0.782,0.117,g
2458822.79273,2019-12-05.2935355,bk,1.42,16.999,>16.999,99.990,0.412,0.115,g
2458823.58408,2019-12-06.0848915,bG,1.45,16.595,>16.595,99.990,0.654,0.167,g
2458823.58536,2019-12-06.0861679,bG,1.45,16.525,>16.525,99.990,0.424,0.178,g
2458823.58662,2019-12-06.0874353,bG,1.46,16.541,>16.541,99.990,0.770,0.176,g
2458823.78390,2019-12-06.2847078,bk,1.43,17.001,16.792,0.181,0.697,0.115,g
2458823.78512,2019-12-06.2859362,bk,1.44,16.925,16.667,0.173,0.782,0.123,g
2458823.78634,2019-12-06.2871628,bk,1.45,16.978,>16.978,99.990,0.382,0.117,g
2458824.62130,2019-12-07.1221192,bG,1.57,16.481,>16.481,99.990,0.802,0.186,g
2458824.62259,2019-12-07.1234059,bG,1.46,16.594,>16.594,99.990,0.645,0.167,g
2458824.79302,2019-12-07.2938368,bk,1.46,16.980,>16.980,99.990,0.369,0.117,g
2458824.79424,2019-12-07.2950585,bk,1.44,16.926,16.902,0.214,0.630,0.123,g
2458824.79547,2019-12-07.2962849,bk,1.47,16.954,16.553,0.151,0.869,0.120,g
2458825.78271,2019-12-08.2835350,bG,1.42,16.696,>16.696,99.990,0.543,0.152,g
2458825.78397,2019-12-08.2847995,bG,1.47,16.789,>16.789,99.990,0.582,0.140,g
2458825.78525,2019-12-08.2860733,bG,1.44,16.653,>16.653,99.990,0.468,0.158,g
2458826.74063,2019-12-09.2414627,bG,1.48,16.308,16.148,0.189,1.262,0.218,g
2458826.74191,2019-12-09.2427429,bG,1.46,16.321,>16.321,99.990,0.565,0.215,g
2458826.74319,2019-12-09.2440149,bG,1.45,16.343,>16.343,99.990,0.439,0.211,g
2458827.66951,2019-12-10.1703353,bk,1.44,16.131,>16.131,99.990,0.941,0.256,g
2458827.67073,2019-12-10.1715521,bk,1.51,16.164,>16.164,99.990,0.516,0.249,g
2458827.67194,2019-12-10.1727697,bk,1.44,16.086,15.917,0.188,1.561,0.267,g
2458828.81013,2019-12-11.3109657,bk,1.55,16.128,>16.128,99.990,1.267,0.257,g
2458828.81136,2019-12-11.3121858,bk,1.61,16.032,>16.032,99.990,0.138,0.281,g
2458828.81257,2019-12-11.3134072,bk,1.57,15.959,>15.959,99.990,-0.031,0.300,g
2458829.67060,2019-12-12.1714282,bk,1.45,15.667,>15.667,99.990,0.135,0.393,g
2458829.67182,2019-12-12.1726474,bk,1.46,15.643,>15.643,99.990,0.516,0.401,g
2458829.67304,2019-12-12.1738798,bk,1.48,15.658,>15.658,99.990,1.085,0.396,g
2458831.55097,2019-12-14.0518150,bo,1.49,15.889,>15.889,99.990,0.626,0.320,g
2458831.55219,2019-12-14.0530380,bo,1.44,15.890,>15.890,99.990,0.570,0.320,g
2458831.55341,2019-12-14.0542526,bo,1.42,15.967,>15.967,99.990,0.870,0.298,g
2458831.85399,2019-12-14.3548311,bG,1.48,15.914,>15.914,99.990,0.421,0.313,g
2458831.85527,2019-12-14.3561079,bG,1.40,15.826,>15.826,99.990,0.712,0.339,g
2458831.85654,2019-12-14.3573776,bG,1.48,15.880,>15.880,99.990,0.170,0.323,g
2458832.79696,2019-12-15.2978099,bk,2.32,16.116,>16.116,99.990,1.162,0.260,g
2458832.79819,2019-12-15.2990295,bk,2.3,16.008,>16.008,99.990,0.932,0.287,g
2458832.79941,2019-12-15.30025,bk,2.29,16.090,>16.090,99.990,0.482,0.266,g
2458833.65718,2019-12-16.1580251,bk,1.44,16.460,>16.460,99.990,0.596,0.189,g
2458833.65840,2019-12-16.1592488,bk,1.46,16.692,16.619,0.205,0.817,0.153,g
2458833.65962,2019-12-16.1604658,bk,1.47,16.437,>16.437,99.990,0.391,0.193,g
2458833.83082,2019-12-16.3316747,bk,1.51,16.315,>16.315,99.990,0.405,0.216,g
2458833.83205,2019-12-16.3328952,bk,1.59,16.117,>16.117,99.990,0.167,0.259,g
2458833.83327,2019-12-16.3341096,bk,1.52,16.267,>16.267,99.990,0.903,0.226,g
2458834.58566,2019-12-17.0865086,bo,1.49,16.363,>16.363,99.990,0.378,0.207,g
2458834.58689,2019-12-17.0877350,bo,1.52,16.252,>16.252,99.990,1.014,0.229,g
2458834.68871,2019-12-17.1895538,bG,1.41,16.680,>16.680,99.990,0.258,0.155,g
2458834.68998,2019-12-17.1908208,bG,1.50,16.812,16.465,0.159,0.942,0.137,g
2458834.85452,2019-12-17.3553734,bk,1.51,15.835,>15.835,99.990,0.420,0.337,g
2458834.85575,2019-12-17.3565940,bk,1.48,15.772,>15.772,99.990,1.032,0.357,g
2458834.85696,2019-12-17.3578101,bk,1.51,15.857,>15.857,99.990,1.410,0.330,g
2458835.62831,2019-12-18.1291677,bG,1.42,17.102,16.713,0.153,0.749,0.105,g
2458835.84798,2019-12-18.3488307,bG,1.41,16.416,>16.416,99.990,0.940,0.197,g
2458835.84924,2019-12-18.3500944,bG,1.45,16.390,>16.390,99.990,0.632,0.202,g
2458835.85052,2019-12-18.3513700,bG,1.47,16.263,>16.263,99.990,1.115,0.227,g
2458836.65812,2019-12-19.1589733,bk,1.5,17.215,16.858,0.158,0.656,0.094,g
2458836.65935,2019-12-19.1601959,bk,1.43,16.974,16.756,0.179,0.720,0.118,g
2458836.66057,2019-12-19.1614144,bk,1.46,16.975,16.820,0.190,0.679,0.118,g
2458836.83112,2019-12-19.3319718,bG,1.43,16.843,>16.843,99.990,0.450,0.133,g
2458836.83240,2019-12-19.3332437,bG,1.44,17.035,16.838,0.183,0.668,0.111,g
2458837.32217,2019-12-19.8230226,bo,1.62,17.271,17.102,0.187,0.524,0.090,g
2458837.32344,2019-12-19.8242903,bo,1.66,17.164,16.846,0.163,0.663,0.099,g
2458837.76144,2019-12-20.2622864,bk,1.51,16.866,>16.866,99.990,0.320,0.130,g
2458837.76266,2019-12-20.2635105,bk,1.51,16.803,16.431,0.156,0.972,0.138,g
2458837.76389,2019-12-20.2647321,bk,1.52,16.984,>16.984,99.990,0.359,0.117,g
2458838.53815,2019-12-21.0390011,bo,1.54,99.990,99.990,99.990,99.990,99.990,g
2458838.53935,2019-12-21.0402077,bo,1.53,17.006,16.909,0.201,0.626,0.115,g
2458838.54058,2019-12-21.0414293,bo,1.49,99.990,99.990,99.990,99.990,99.990,g
2458838.67841,2019-12-21.1792631,bk,1.44,16.896,>16.896,99.990,0.489,0.127,g
2458838.67963,2019-12-21.1804790,bk,1.43,16.957,16.472,0.140,0.936,0.120,g
2458838.68085,2019-12-21.1816972,bk,1.42,17.024,16.499,0.135,0.912,0.113,g
2458839.37181,2019-12-21.8726590,bo,1.58,17.150,16.775,0.155,0.708,0.100,g
2458839.37302,2019-12-21.8738809,bo,1.54,17.093,17.086,0.218,0.532,0.106,g
2458839.37424,2019-12-21.8750950,bo,1.57,17.254,16.631,0.123,0.809,0.091,g
2458839.83405,2019-12-22.3349,bG,1.41,16.972,16.719,0.173,0.746,0.118,g
2458839.83659,2019-12-22.3374377,bG,1.44,16.967,16.616,0.159,0.820,0.119,g
2458840.34608,2019-12-22.8469383,bo,1.48,17.152,16.769,0.154,0.712,0.100,g
2458840.34730,2019-12-22.8481562,bo,1.44,17.247,16.879,0.156,0.643,0.092,g
2458840.34852,2019-12-22.8493673,bo,1.43,17.121,16.975,0.192,0.589,0.103,g
2458840.78164,2019-12-23.2824944,bk,1.42,17.045,16.633,0.150,0.807,0.110,g
2458840.78285,2019-12-23.2837150,bk,1.41,17.033,16.765,0.171,0.715,0.112,g
2458840.78406,2019-12-23.2849192,bk,1.46,16.970,>16.970,99.990,0.564,0.118,g
2458841.36503,2019-12-23.8658788,bo,1.49,17.152,17.056,0.201,0.546,0.100,g
2458841.36623,2019-12-23.8670923,bo,1.44,17.194,16.878,0.164,0.644,0.096,g
2458841.36746,2019-12-23.8683129,bo,1.41,17.138,16.654,0.140,0.792,0.101,g
2458841.73964,2019-12-24.2404916,bk,1.7,17.047,>17.047,99.990,0.456,0.110,g
2458841.74087,2019-12-24.2417199,bk,1.72,16.916,16.824,0.201,0.676,0.124,g
2458841.74208,2019-12-24.2429324,bk,1.69,17.005,16.711,0.167,0.751,0.115,g
2458842.71163,2019-12-25.2124814,bk,1.68,17.145,16.806,0.160,0.688,0.101,g
2458842.71286,2019-12-25.2137069,bk,2.05,16.831,16.540,0.168,0.879,0.135,g
2458842.71408,2019-12-25.2149265,bk,2.07,17.040,16.842,0.183,0.666,0.111,g
2458843.79261,2019-12-26.2934571,bG,1.41,17.148,16.722,0.148,0.744,0.100,g
2458843.79388,2019-12-26.2947248,bG,1.39,16.972,16.789,0.185,0.699,0.118,g
2458843.79515,2019-12-26.2959920,bG,1.45,17.108,>17.108,99.990,0.488,0.104,g
2458844.71243,2019-12-27.2132812,bk,1.47,17.042,16.551,0.139,0.870,0.111,g
2458844.71365,2019-12-27.2144972,bk,1.43,17.019,16.768,0.174,0.713,0.113,g
2458844.71488,2019-12-27.2157295,bk,1.41,16.897,16.727,0.187,0.740,0.127,g
2458846.76417,2019-12-29.2650118,bG,1.41,17.133,16.575,0.131,0.851,0.102,g
2458846.76544,2019-12-29.2662865,bG,1.46,16.908,16.742,0.188,0.730,0.125,g
2458846.76670,2019-12-29.2675523,bG,1.45,16.931,16.519,0.150,0.896,0.123,g
2458847.71746,2019-12-30.2183068,bk,1.43,17.025,>17.025,99.990,0.523,0.112,g
2458847.74611,2019-12-30.2469545,bG,1.46,17.115,16.691,0.148,0.765,0.104,g
2458847.74737,2019-12-30.2482225,bG,1.48,17.064,>17.064,99.990,0.518,0.109,g
2458847.74866,2019-12-30.2495015,bG,1.46,17.101,16.757,0.160,0.719,0.105,g
2458849.58985,2020-01-01.0907042,bk,1.46,16.825,>16.825,99.990,0.656,0.135,g
2458849.59108,2020-01-01.0919261,bk,1.43,16.973,16.849,0.196,0.661,0.118,g
2458849.59230,2020-01-01.0931429,bk,1.45,16.760,>16.760,99.990,0.701,0.144,g
2458849.77559,2020-01-01.2764305,bk,1.44,16.849,>16.849,99.990,0.393,0.132,g
2458849.77680,2020-01-01.2776497,bk,1.48,16.969,16.499,0.142,0.912,0.118,g
2458849.77802,2020-01-01.2788701,bk,1.49,16.858,16.498,0.157,0.914,0.131,g
2458850.78024,2020-01-02.2810843,bG,1.42,17.146,>17.146,99.990,0.449,0.101,g
2458850.78154,2020-01-02.2823773,bG,1.41,17.073,>17.073,99.990,0.521,0.108,g
2458850.78283,2020-01-02.2836711,bG,1.44,17.056,16.738,0.163,0.732,0.109,g
2458851.62877,2020-01-03.1296122,bk,1.41,16.660,16.455,0.181,0.951,0.157,g
2458851.62999,2020-01-03.1308315,bk,1.46,16.713,>16.713,99.990,0.459,0.150,g
2458851.63120,2020-01-03.1320464,bk,1.42,16.773,>16.773,99.990,0.516,0.142,g
2458852.56039,2020-01-04.0612295,bk,1.42,16.539,>16.539,99.990,0.494,0.176,g
2458852.56161,2020-01-04.0624465,bk,1.42,16.630,>16.630,99.990,0.231,0.162,g
2458852.56284,2020-01-04.0636715,bk,1.38,16.625,>16.625,99.990,0.764,0.163,g
2458852.75452,2020-01-04.2553519,bG,1.45,17.071,16.958,0.197,0.598,0.108,g
2458852.75579,2020-01-04.2566270,bG,1.44,17.120,17.084,0.212,0.533,0.103,g
2458852.75709,2020-01-04.2579234,bG,1.42,17.025,16.382,0.121,1.017,0.112,g
2458853.56580,2020-01-05.0666238,bG,1.77,16.611,>16.611,99.990,0.650,0.165,g
2458853.56707,2020-01-05.0678997,bG,1.83,16.569,>16.569,99.990,0.430,0.171,g
2458853.56833,2020-01-05.0691635,bG,1.75,16.357,>16.357,99.990,0.300,0.208,g
2458853.78734,2020-01-05.2881770,bk,1.48,16.830,>16.830,99.990,0.655,0.135,g
2458853.78857,2020-01-05.2894011,bk,1.46,16.966,16.950,0.216,0.602,0.119,g
2458853.78978,2020-01-05.2906168,bk,1.45,16.861,16.705,0.190,0.755,0.131,g
2458854.54177,2020-01-06.0426059,bk,1.47,15.954,>15.954,99.990,1.171,0.302,g
2458854.54300,2020-01-06.0438359,bk,1.5,16.082,>16.082,99.990,0.158,0.268,g
2458854.54422,2020-01-06.0450509,bk,1.45,16.087,>16.087,99.990,1.224,0.267,g
2458854.76127,2020-01-06.2620975,bG,1.41,16.727,16.567,0.189,0.858,0.148,g
2458854.76253,2020-01-06.2633582,bG,1.42,16.841,>16.841,99.990,0.630,0.133,g
2458854.76381,2020-01-06.2646391,bG,1.48,99.990,99.990,99.990,99.990,99.990,g
2458855.61667,2020-01-07.1174924,bk,1.43,15.801,>15.801,99.990,0.512,0.347,g
2458855.61790,2020-01-07.1187236,bk,1.43,15.725,>15.725,99.990,1.075,0.372,g
2458855.61913,2020-01-07.1199523,bk,1.4,15.897,>15.897,99.990,0.546,0.318,g
2458855.79934,2020-01-07.3001571,bG,1.49,16.826,>16.826,99.990,0.578,0.135,g
2458857.77982,2020-01-09.2806450,bk,1.45,15.922,>15.922,99.990,0.444,0.311,g
2458857.78106,2020-01-09.2818762,bk,1.62,15.961,>15.961,99.990,0.207,0.300,g
2458857.78228,2020-01-09.2830993,bk,1.57,15.849,>15.849,99.990,0.512,0.332,g
2458858.71812,2020-01-10.2189267,bG,1.49,15.946,>15.946,99.990,0.494,0.304,g
2458859.38518,2020-01-10.8859905,bo,1.52,15.783,>15.783,99.990,-0.025,0.353,g
2458859.51144,2020-01-11.0122513,bo,1.50,15.536,>15.536,99.990,0.974,0.443,g
2458859.51265,2020-01-11.0134603,bo,1.52,15.482,>15.482,99.990,-0.273,0.466,g
2458859.51387,2020-01-11.0146753,bo,1.51,15.485,>15.485,99.990,0.576,0.465,g
2458859.76103,2020-01-11.2618341,bk,1.55,15.689,>15.689,99.990,-0.475,0.385,g
2458859.76224,2020-01-11.2630465,bk,1.52,15.693,>15.693,99.990,-0.285,0.384,g
2458859.76346,2020-01-11.2642646,bk,1.56,15.569,>15.569,99.990,0.214,0.430,g
2458860.77271,2020-01-12.2735090,bG,1.45,16.040,>16.040,99.990,0.814,0.279,g
2458860.77399,2020-01-12.2747856,bG,1.46,15.839,>15.839,99.990,1.079,0.335,g
2458860.77526,2020-01-12.2760589,bG,1.45,15.857,>15.857,99.990,0.069,0.330,g
2458862.59652,2020-01-14.0973063,bG,1.49,17.182,17.093,0.202,0.528,0.097,g
2458862.59780,2020-01-14.0985896,bG,1.49,17.050,17.013,0.212,0.569,0.110,g
2458862.59908,2020-01-14.0998714,bG,1.47,17.079,16.954,0.195,0.600,0.107,g
2458862.78022,2020-01-14.2810123,bG,1.46,15.980,>15.980,99.990,0.834,0.294,g
2458862.78149,2020-01-14.2822773,bG,1.49,15.629,>15.629,99.990,0.038,0.407,g
2458862.78276,2020-01-14.2835461,bG,1.47,15.712,>15.712,99.990,0.573,0.377,g
2458863.48015,2020-01-14.9809480,bo,1.58,16.331,>16.331,99.990,0.212,0.213,g
2458863.48137,2020-01-14.9821667,bo,1.55,16.343,>16.343,99.990,0.011,0.211,g
2458863.57863,2020-01-15.0794115,bk,1.52,17.005,16.600,0.151,0.832,0.115,g
2458863.57984,2020-01-15.0806306,bk,1.56,16.925,16.623,0.166,0.814,0.123,g
2458863.58107,2020-01-15.0818496,bk,1.51,16.951,16.582,0.156,0.845,0.120,g
2458863.77526,2020-01-15.2760497,bG,1.43,16.389,>16.389,99.990,0.306,0.202,g
2458863.77654,2020-01-15.2773251,bG,1.42,16.379,>16.379,99.990,0.738,0.204,g
2458863.77782,2020-01-15.2786039,bG,1.45,16.355,>16.355,99.990,0.256,0.208,g
2458864.58573,2020-01-16.0865049,bk,1.49,16.960,16.652,0.165,0.793,0.119,g
2458864.58694,2020-01-16.0877196,bk,1.51,16.858,15.852,0.087,1.657,0.131,g
2458864.58816,2020-01-16.0889369,bk,1.54,16.949,16.454,0.139,0.952,0.121,g
2458864.77100,2020-01-16.2717778,bG,1.46,16.477,>16.477,99.990,0.634,0.186,g
2458864.77229,2020-01-16.2730719,bG,1.42,16.464,>16.464,99.990,0.597,0.188,g
2458864.77357,2020-01-16.2743464,bG,1.41,16.471,>16.471,99.990,0.773,0.187,g
2458865.48780,2020-01-16.9885790,bo,1.46,16.622,>16.622,99.990,0.521,0.163,g
2458865.48903,2020-01-16.9898050,bo,1.46,16.582,>16.582,99.990,0.509,0.169,g
2458865.49025,2020-01-16.9910182,bo,1.51,16.728,>16.728,99.990,0.731,0.148,g
2458865.56691,2020-01-17.0676865,bk,1.49,15.353,>15.353,99.990,1.316,0.525,g
2458865.56814,2020-01-17.0689164,bk,1.51,15.438,>15.438,99.990,0.848,0.485,g
2458865.56936,2020-01-17.0701341,bk,1.49,15.563,>15.563,99.990,-0.313,0.432,g
2458865.78187,2020-01-17.2826421,bG,1.43,16.449,>16.449,99.990,0.422,0.191,g
2458865.78314,2020-01-17.2839091,bG,1.41,16.453,>16.453,99.990,0.538,0.190,g
2458866.57425,2020-01-18.0750222,bk,1.43,16.872,>16.872,99.990,0.593,0.130,g
2458866.57548,2020-01-18.0762464,bk,1.39,16.921,>16.921,99.990,0.555,0.124,g
2458866.57669,2020-01-18.0774646,bk,1.43,16.939,16.802,0.193,0.690,0.122,g
2458868.75811,2020-01-20.2588608,bG,1.45,16.930,16.590,0.160,0.839,0.123,g
2458868.75937,2020-01-20.2601251,bG,1.47,16.888,16.708,0.186,0.753,0.128,g
2458868.76065,2020-01-20.2613983,bG,1.44,16.821,16.810,0.217,0.685,0.136,g
2458870.75449,2020-01-22.2552289,bG,1.45,16.703,>16.703,99.990,0.648,0.151,g
2458870.75576,2020-01-22.2564949,bG,1.42,16.776,>16.776,99.990,0.571,0.141,g
2458870.75702,2020-01-22.2577598,bG,1.42,16.794,16.667,0.195,0.782,0.139,g
2458871.75387,2020-01-23.2545965,bG,1.40,16.886,16.466,0.149,0.941,0.128,g
2458871.75516,2020-01-23.2558866,bG,1.43,16.938,16.874,0.207,0.646,0.122,g
2458871.75643,2020-01-23.2571607,bG,1.43,16.752,>16.752,99.990,0.397,0.145,g
2458873.47151,2020-01-24.9722289,bo,1.53,16.687,16.551,0.193,0.870,0.154,g
2458873.47273,2020-01-24.9734449,bo,1.58,15.915,>15.915,99.990,1.130,0.313,g
2458873.47394,2020-01-24.9746596,bo,1.53,16.277,>16.277,99.990,0.619,0.224,g
2458875.44662,2020-01-26.9473245,bo,1.43,17.014,16.829,0.185,0.673,0.114,g
2458875.44783,2020-01-26.9485311,bo,1.47,17.027,16.447,0.128,0.958,0.112,g
2458875.44905,2020-01-26.9497493,bo,1.47,17.113,17.105,0.218,0.522,0.104,g
2458875.74100,2020-01-27.2416979,bG,1.47,16.913,>16.913,99.990,0.579,0.125,g
2458875.74228,2020-01-27.2429785,bG,1.42,16.972,>16.972,99.990,0.498,0.118,g
2458875.74355,2020-01-27.2442468,bG,1.42,99.990,99.990,99.990,99.990,99.990,g
2458876.44974,2020-01-27.9504271,bo,1.51,17.073,>17.073,99.990,0.478,0.108,g
2458876.45096,2020-01-27.9516476,bo,1.46,17.041,16.943,0.200,0.606,0.111,g
2458876.45218,2020-01-27.9528658,bo,1.48,17.189,17.036,0.190,0.556,0.097,g
2458877.45742,2020-01-28.9581054,bo,1.57,17.197,16.727,0.142,0.740,0.096,g
2458877.45865,2020-01-28.9593284,bo,1.52,17.157,16.836,0.163,0.669,0.100,g
2458877.45986,2020-01-28.9605396,bo,1.58,17.140,16.941,0.182,0.608,0.101,g
2458877.75087,2020-01-29.2515461,bG,1.50,16.144,>16.144,99.990,-0.032,0.253,g
2458877.75343,2020-01-29.2541171,bG,1.46,16.346,>16.346,99.990,0.273,0.210,g
2458878.46655,2020-01-29.9672187,bo,1.46,17.130,17.058,0.205,0.546,0.102,g
2458878.46776,2020-01-29.9684335,bo,1.46,17.062,16.651,0.150,0.793,0.109,g
2458878.46898,2020-01-29.9696543,bo,1.50,99.990,99.990,99.990,99.990,99.990,g
2458878.73258,2020-01-30.2332586,bG,1.45,99.990,99.990,99.990,99.990,99.990,g
2458878.73387,2020-01-30.2345395,bG,1.42,16.875,>16.875,99.990,0.519,0.129,g
2458878.73515,2020-01-30.2358221,bG,1.48,99.990,99.990,99.990,99.990,99.990,g
2458879.46593,2020-01-30.9665929,bo,1.41,17.118,>17.118,99.990,0.393,0.103,g
2458879.46715,2020-01-30.9678148,bo,1.46,17.067,17.026,0.211,0.562,0.108,g
2458879.46837,2020-01-30.9690343,bo,1.47,16.905,>16.905,99.990,0.494,0.126,g
2458879.73203,2020-01-31.2326892,bG,1.43,16.836,15.301,0.053,2.753,0.134,g
2458879.73330,2020-01-31.2339650,bG,1.48,17.033,17.000,0.213,0.575,0.112,g
2458879.73459,2020-01-31.2352521,bG,1.42,16.984,>16.984,99.990,0.576,0.117,g
2458880.46907,2020-01-31.9697261,bo,1.69,99.990,99.990,99.990,99.990,99.990,g
2458880.47151,2020-01-31.9721638,bo,1.62,99.990,99.990,99.990,99.990,99.990,g
2458880.72746,2020-02-01.2281123,bG,1.44,16.934,16.689,0.175,0.767,0.122,g
2458880.72872,2020-02-01.2293783,bG,1.41,16.793,16.624,0.188,0.813,0.139,g
2458880.72999,2020-02-01.2306424,bG,1.44,16.857,>16.857,99.990,0.633,0.131,g
2458881.72349,2020-02-02.2241331,bG,1.41,17.052,16.929,0.196,0.614,0.110,g
2458881.72477,2020-02-02.2254107,bG,1.43,17.044,16.860,0.185,0.654,0.111,g
2458881.72604,2020-02-02.2266879,bG,1.40,16.948,16.751,0.183,0.724,0.121,g
2458882.29111,2020-02-02.7917479,bo,1.58,16.547,>16.547,99.990,0.868,0.175,g
2458882.29233,2020-02-02.7929674,bo,1.49,16.487,>16.487,99.990,0.786,0.185,g
2458882.29356,2020-02-02.7941928,bo,1.50,16.482,16.302,0.186,1.094,0.185,g
2458882.72302,2020-02-03.2236473,bG,1.46,17.007,16.733,0.170,0.736,0.114,g
2458882.72432,2020-02-03.2249488,bG,1.43,17.032,16.638,0.152,0.803,0.112,g
2458882.72559,2020-02-03.2262224,bG,1.47,17.114,17.110,0.218,0.520,0.104,g
2458883.27833,2020-02-03.7789587,bo,1.67,16.001,>16.001,99.990,0.028,0.289,g
2458883.71782,2020-02-04.2184432,bG,1.46,16.761,>16.761,99.990,0.445,0.143,g
2458883.71909,2020-02-04.2197185,bG,1.45,16.828,>16.828,99.990,0.657,0.135,g
2458883.72038,2020-02-04.2210027,bG,1.48,16.824,>16.824,99.990,0.478,0.135,g
2458884.71766,2020-02-05.2182789,bG,1.48,16.335,>16.335,99.990,0.539,0.212,g
2458884.71895,2020-02-05.2195615,bG,1.47,16.588,>16.588,99.990,0.762,0.168,g
2458884.72023,2020-02-05.2208370,bG,1.46,16.470,>16.470,99.990,0.469,0.188,g
2458885.31045,2020-02-05.8110579,bo,1.48,16.377,>16.377,99.990,0.775,0.204,g
2458885.31196,2020-02-05.8125668,bo,1.49,16.150,16.096,0.209,1.323,0.252,g
2458885.31320,2020-02-05.8138084,bo,1.44,16.206,>16.206,99.990,1.078,0.239,g
2458885.70902,2020-02-06.2096209,bG,1.45,16.342,>16.342,99.990,0.813,0.211,g
2458885.71029,2020-02-06.2108907,bG,1.48,16.187,>16.187,99.990,1.050,0.243,g
2458885.71157,2020-02-06.2121726,bG,1.47,16.131,>16.131,99.990,0.410,0.256,g
2458886.71282,2020-02-07.2134174,bG,1.46,16.109,>16.109,99.990,0.593,0.262,g
2458886.71410,2020-02-07.2146952,bG,1.47,16.005,>16.005,99.990,0.373,0.288,g
2458886.71538,2020-02-07.2159678,bG,1.49,15.970,>15.970,99.990,0.830,0.297,g
2458887.70824,2020-02-08.2088243,bG,1.47,15.988,>15.988,99.990,-0.362,0.292,g
2458887.70952,2020-02-08.2101001,bG,1.46,15.833,>15.833,99.990,0.315,0.337,g
2458887.71079,2020-02-08.211375,bG,1.42,15.899,>15.899,99.990,0.429,0.317,g
2458888.42042,2020-02-08.9209980,bo,1.50,15.636,>15.636,99.990,1.032,0.404,g
2458888.42164,2020-02-08.9222152,bo,1.52,15.665,>15.665,99.990,0.897,0.394,g
2458888.42284,2020-02-08.9234209,bo,1.46,15.564,>15.564,99.990,1.532,0.432,g
2458888.70775,2020-02-09.2083190,bG,1.46,15.594,>15.594,99.990,0.385,0.420,g
2458888.70904,2020-02-09.2096077,bG,1.47,15.690,>15.690,99.990,0.809,0.385,g
2458888.71031,2020-02-09.2108876,bG,1.43,15.700,>15.700,99.990,0.878,0.381,g
2458889.42941,2020-02-09.9299715,bo,1.51,15.512,>15.512,99.990,0.107,0.453,g
2458889.43063,2020-02-09.9311969,bo,1.52,15.598,>15.598,99.990,0.278,0.419,g
2458889.43186,2020-02-09.9324150,bo,1.47,15.611,>15.611,99.990,1.096,0.414,g
2458889.69880,2020-02-10.1993649,bG,1.44,15.896,>15.896,99.990,1.192,0.318,g
2458889.70009,2020-02-10.20065,bG,1.51,15.668,>15.668,99.990,1.061,0.392,g
2458889.70137,2020-02-10.2019310,bG,1.46,16.045,>16.045,99.990,0.341,0.277,g
2458890.42794,2020-02-10.9284901,bo,1.47,15.875,>15.875,99.990,1.040,0.324,g
2458890.42915,2020-02-10.9297130,bo,1.50,15.769,>15.769,99.990,0.623,0.358,g
2458890.43036,2020-02-10.9309196,bo,1.55,15.905,>15.905,99.990,0.377,0.316,g
2458890.69771,2020-02-11.1982587,bG,1.47,16.132,>16.132,99.990,0.917,0.256,g
2458890.69900,2020-02-11.1995469,bG,1.45,16.094,>16.094,99.990,0.395,0.265,g
2458890.70028,2020-02-11.2008262,bG,1.45,16.006,>16.006,99.990,0.076,0.287,g
2458891.42252,2020-02-11.9230583,bo,1.43,16.137,>16.137,99.990,0.241,0.255,g
2458891.42374,2020-02-11.9242731,bo,1.49,16.177,>16.177,99.990,0.983,0.246,g
2458891.42496,2020-02-11.9254915,bo,1.46,16.190,>16.190,99.990,0.359,0.243,g
2458891.69310,2020-02-12.1936354,bG,1.43,16.117,>16.117,99.990,0.575,0.259,g
2458891.69566,2020-02-12.1961929,bG,1.39,15.744,>15.744,99.990,0.586,0.366,g
2458892.69924,2020-02-13.1997586,bG,1.48,15.480,>15.480,99.990,-0.292,0.467,g
2458892.70050,2020-02-13.2010288,bG,1.47,16.037,>16.037,99.990,0.176,0.279,g
2458892.70178,2020-02-13.2023063,bG,1.39,16.196,>16.196,99.990,0.363,0.241,g
2458893.41740,2020-02-13.9179211,bo,1.41,16.625,>16.625,99.990,0.180,0.163,g
2458893.41862,2020-02-13.9191451,bo,1.41,16.672,>16.672,99.990,0.762,0.156,g
2458893.41984,2020-02-13.9203612,bo,1.43,16.481,>16.481,99.990,0.607,0.186,g
2458893.68778,2020-02-14.1882938,bG,1.46,16.573,>16.573,99.990,0.831,0.171,g
2458893.68905,2020-02-14.1895677,bG,1.45,16.648,>16.648,99.990,0.735,0.159,g
2458893.69032,2020-02-14.1908318,bG,1.48,16.445,>16.445,99.990,0.727,0.192,g
2458894.41671,2020-02-14.9172068,bo,1.45,16.722,>16.722,99.990,0.556,0.149,g
2458894.41792,2020-02-14.9184207,bo,1.40,16.745,>16.745,99.990,0.444,0.146,g
2458894.41913,2020-02-14.9196368,bo,1.43,16.716,>16.716,99.990,0.711,0.150,g
2458894.68422,2020-02-15.1847140,bG,1.48,16.662,>16.662,99.990,0.513,0.157,g
2458894.68549,2020-02-15.1859938,bG,1.43,16.634,>16.634,99.990,0.500,0.161,g
2458894.68677,2020-02-15.1872736,bG,1.43,16.683,>16.683,99.990,0.743,0.154,g
2458896.43272,2020-02-16.9331971,bo,1.46,16.550,16.495,0.208,0.916,0.174,g
2458896.43402,2020-02-16.9344964,bo,1.49,16.455,>16.455,99.990,0.283,0.190,g
2458896.43524,2020-02-16.9357219,bo,1.48,16.421,>16.421,99.990,0.596,0.196,g
2458897.40743,2020-02-17.9078976,bo,1.58,17.047,16.935,0.197,0.611,0.110,g
2458897.40867,2020-02-17.9091344,bo,1.53,17.050,16.795,0.173,0.695,0.110,g
2458897.40987,2020-02-17.9103506,bo,1.56,17.117,16.992,0.195,0.580,0.103,g
2458897.67769,2020-02-18.1781561,bG,1.46,16.971,16.567,0.151,0.857,0.118,g
2458897.67897,2020-02-18.1794313,bG,1.43,16.991,16.562,0.147,0.862,0.116,g
2458897.68023,2020-02-18.1806944,bG,1.47,16.996,16.789,0.181,0.699,0.116,g
2458898.70843,2020-02-19.2088747,bG,1.44,16.999,16.730,0.171,0.738,0.115,g
2458898.70971,2020-02-19.2101579,bG,1.40,17.059,>17.059,99.990,0.414,0.109,g
2458898.71098,2020-02-19.2114306,bG,1.42,16.993,16.716,0.170,0.748,0.116,g
2458899.71677,2020-02-20.2172057,bG,1.45,16.965,16.854,0.198,0.659,0.119,g
2458900.56917,2020-02-21.0695914,bk,1.49,16.978,16.595,0.154,0.836,0.117,g
2458900.57038,2020-02-21.0708106,bk,1.55,16.859,16.658,0.182,0.788,0.131,g
2458902.53587,2020-02-23.0362651,bk,1.45,16.854,16.546,0.165,0.874,0.132,g
2458902.53708,2020-02-23.0374857,bk,1.47,16.834,16.462,0.156,0.945,0.134,g
2458902.53831,2020-02-23.0387072,bk,1.53,16.912,16.529,0.154,0.888,0.125,g
2458904.31551,2020-02-24.8158884,bo,1.43,17.127,16.822,0.165,0.678,0.102,g
2458904.31673,2020-02-24.8171010,bo,1.45,17.032,16.981,0.209,0.586,0.112,g
2458904.31794,2020-02-24.8183178,bo,1.46,17.135,16.879,0.173,0.643,0.102,g
2458904.69647,2020-02-25.1968446,bG,1.48,17.031,>17.031,99.990,0.555,0.112,g
2458904.69775,2020-02-25.1981243,bG,1.43,17.029,>17.029,99.990,0.388,0.112,g
2458904.69902,2020-02-25.1993988,bG,1.42,16.973,16.624,0.159,0.813,0.118,g
2458905.68865,2020-02-26.1890055,bG,1.41,17.006,16.650,0.158,0.794,0.114,g
2458905.68991,2020-02-26.1902711,bG,1.45,17.171,16.953,0.180,0.601,0.098,g
2458905.69120,2020-02-26.1915560,bG,1.47,16.953,16.606,0.159,0.827,0.120,g
2458906.65266,2020-02-27.1530032,bG,1.42,17.133,16.919,0.180,0.620,0.102,g
2458906.65391,2020-02-27.1542584,bG,1.41,17.089,>17.089,99.990,0.443,0.106,g
2458906.65518,2020-02-27.1555351,bG,1.47,16.932,16.805,0.195,0.689,0.123,g
2458907.59095,2020-02-28.0912760,bk,1.43,16.990,16.858,0.194,0.656,0.116,g
2458907.59217,2020-02-28.0925033,bk,1.47,16.988,16.822,0.188,0.678,0.116,g
2458907.59339,2020-02-28.0937273,bk,1.4,16.990,16.920,0.205,0.620,0.116,g
2458908.57829,2020-02-29.0786104,bG,1.48,17.102,16.952,0.191,0.601,0.105,g
2458908.57956,2020-02-29.0798818,bG,1.48,16.976,16.800,0.186,0.692,0.118,g
2458908.58085,2020-02-29.0811681,bG,1.47,16.805,15.537,0.068,2.215,0.138,g
2458909.57512,2020-03-01.0754350,bG,1.43,16.904,>16.904,99.990,0.533,0.126,g
2458909.57640,2020-03-01.0767064,bG,1.47,16.937,>16.937,99.990,0.506,0.122,g
2458909.57767,2020-03-01.0779806,bG,1.43,16.878,16.645,0.177,0.798,0.129,g
2458910.58177,2020-03-02.0820561,bG,1.47,16.769,16.410,0.157,0.991,0.142,g
2458910.58303,2020-03-02.0833283,bG,1.49,16.853,16.681,0.187,0.772,0.132,g
2458910.58433,2020-03-02.0846178,bG,1.45,16.830,16.713,0.197,0.750,0.135,g
2458911.57879,2020-03-03.0790658,bk,1.43,16.639,16.281,0.158,1.116,0.161,g
2458911.58001,2020-03-03.0802921,bk,1.42,16.704,>16.704,99.990,0.691,0.151,g
2458911.58124,2020-03-03.0815148,bk,1.43,16.660,>16.660,99.990,0.577,0.157,g
2458912.57186,2020-03-04.0721228,bG,1.44,16.717,16.601,0.197,0.831,0.149,g
2458912.57314,2020-03-04.0733995,bG,1.44,16.679,16.640,0.211,0.802,0.155,g
2458912.57441,2020-03-04.0746724,bG,1.45,16.755,>16.755,99.990,0.644,0.144,g
2458913.60619,2020-03-05.1064414,bG,1.42,16.462,16.351,0.198,1.046,0.189,g
2458913.60746,2020-03-05.1077082,bG,1.44,16.505,>16.505,99.990,0.487,0.182,g
2458913.60873,2020-03-05.1089825,bG,1.45,16.458,>16.458,99.990,0.658,0.190,g
2458914.63295,2020-03-06.1331805,bG,1.46,15.440,>15.440,99.990,0.097,0.484,g
2458914.63422,2020-03-06.1344518,bG,1.50,14.904,>14.904,99.990,-0.643,0.794,g
2458914.63549,2020-03-06.1357261,bG,1.40,99.990,99.990,99.990,99.990,99.990,g
2458915.62576,2020-03-07.1259821,bG,1.54,16.177,>16.177,99.990,0.879,0.246,g
2458915.62704,2020-03-07.1272583,bG,1.47,16.168,>16.168,99.990,0.725,0.248,g
2458915.62830,2020-03-07.1285218,bG,1.49,16.172,>16.172,99.990,0.820,0.247,g
2458917.66201,2020-03-09.1622012,bG,1.45,15.691,>15.691,99.990,0.789,0.384,g
2458917.66330,2020-03-09.1634828,bG,1.42,15.637,>15.637,99.990,0.927,0.404,g
2458917.66457,2020-03-09.1647553,bG,1.50,15.635,>15.635,99.990,1.116,0.404,g
2458918.57253,2020-03-10.0727071,bk,1.52,15.586,>15.586,99.990,0.534,0.423,g
2458918.57376,2020-03-10.0739333,bk,1.42,15.633,>15.633,99.990,-0.702,0.405,g
2458918.57498,2020-03-10.0751547,bk,1.51,15.700,>15.700,99.990,0.968,0.381,g
2458920.65969,2020-03-12.1598336,bG,1.44,16.014,>16.014,99.990,0.462,0.285,g
2458920.66096,2020-03-12.1611098,bG,1.45,15.926,>15.926,99.990,0.676,0.310,g
2458921.65223,2020-03-13.1523613,bG,1.46,16.425,>16.425,99.990,0.875,0.196,g
2458921.65351,2020-03-13.1536435,bG,1.41,16.269,>16.269,99.990,0.270,0.226,g
2458921.65478,2020-03-13.1549118,bG,1.42,16.451,>16.451,99.990,0.355,0.191,g
2458922.55188,2020-03-14.0520031,bG,1.55,17.082,>17.082,99.990,0.466,0.107,g
2458922.55316,2020-03-14.0532800,bG,1.50,17.076,16.687,0.153,0.768,0.107,g
2458922.55443,2020-03-14.0545444,bG,1.56,17.087,>17.087,99.990,0.530,0.106,g
2458923.62397,2020-03-15.1240649,bk,1.46,16.928,>16.928,99.990,0.411,0.123,g
2458923.62519,2020-03-15.1252856,bk,1.48,16.818,>16.818,99.990,0.672,0.136,g
2458923.62641,2020-03-15.1265155,bk,1.52,16.707,>16.707,99.990,0.598,0.151,g
2458926.29868,2020-03-17.7987385,bo,1.47,16.909,>16.909,99.990,0.561,0.125,g
2458926.29990,2020-03-17.7999582,bo,1.44,17.154,>17.154,99.990,0.440,0.100,g
2458926.30111,2020-03-17.8011728,bo,1.43,17.108,16.723,0.154,0.743,0.104,g
2458928.37325,2020-03-19.8732762,bo,1.51,99.990,99.990,99.990,99.990,99.990,g
2458928.37447,2020-03-19.8744994,bo,1.51,17.015,16.727,0.168,0.739,0.114,g
2458928.37569,2020-03-19.8757202,bo,1.49,99.990,99.990,99.990,99.990,99.990,g
2458933.31228,2020-03-24.8122340,bo,1.40,17.062,16.837,0.178,0.669,0.109,g
2458933.31349,2020-03-24.8134511,bo,1.45,17.095,17.077,0.215,0.536,0.105,g
2458933.31473,2020-03-24.8146811,bo,1.43,17.111,16.859,0.174,0.656,0.104,g
2458976.24683,2020-05-06.7462221,bo,1.41,15.775,15.571,0.182,2.147,0.356,g
2458976.24805,2020-05-06.7474428,bo,1.54,15.738,>15.738,99.990,0.794,0.368,g
2458976.24927,2020-05-06.7486561,bo,1.59,15.694,>15.694,99.990,1.487,0.383,g
2458980.23396,2020-05-10.7333031,bo,1.44,17.013,>17.013,99.990,0.479,0.114,g
2458980.23517,2020-05-10.7345131,bo,1.42,99.990,99.990,99.990,99.990,99.990,g
2458980.23639,2020-05-10.7357303,bo,1.43,17.097,16.953,0.192,0.601,0.105,g
2458985.23532,2020-05-15.7346218,bo,1.53,17.133,>17.133,99.990,0.406,0.102,g
2458985.23654,2020-05-15.7358326,bo,1.50,17.029,16.919,0.198,0.620,0.112,g
2458985.23776,2020-05-15.7370593,bo,1.52,17.042,>17.042,99.990,0.342,0.111,g
2458986.23470,2020-05-16.7339869,bo,1.50,17.027,16.747,0.169,0.726,0.112,g
2459047.67490,2020-07-17.1740907,bo,1.61,99.990,99.990,99.990,99.990,99.990,g
2459047.67612,2020-07-17.1753134,bo,1.54,16.982,16.867,0.197,0.651,0.117,g
2459047.67736,2020-07-17.1765494,bo,1.60,99.990,99.990,99.990,99.990,99.990,g
2459049.67541,2020-07-19.1746130,bo,1.48,16.904,>16.904,99.990,0.313,0.126,g
2459049.67684,2020-07-19.1760413,bo,1.52,17.035,16.912,0.196,0.624,0.111,g
2459049.67812,2020-07-19.1773273,bo,1.55,17.021,16.624,0.152,0.814,0.113,g
2459050.68205,2020-07-20.1812613,bo,1.54,16.918,16.864,0.209,0.653,0.124,g
2459050.68352,2020-07-20.1827395,bo,1.54,16.880,16.408,0.142,0.993,0.129,g
2459050.68477,2020-07-20.1839871,bo,1.52,16.860,16.648,0.180,0.796,0.131,g
2459052.66161,2020-07-22.1608366,bo,1.49,17.111,16.851,0.172,0.660,0.104,g
2459052.66284,2020-07-22.1620667,bo,1.51,16.984,16.541,0.146,0.878,0.117,g
2459052.66404,2020-07-22.1632746,bo,1.50,17.052,>17.052,99.990,0.528,0.110,g
2459053.66574,2020-07-23.1649790,bo,1.52,17.030,>17.030,99.990,0.465,0.112,g
2459053.66698,2020-07-23.1662079,bo,1.50,17.040,>17.040,99.990,0.493,0.111,g
2459053.66820,2020-07-23.1674344,bo,1.52,17.048,16.969,0.204,0.592,0.110,g
2459068.63869,2020-08-07.1380616,bo,1.53,16.173,>16.173,99.990,0.830,0.247,g
2459068.63991,2020-08-07.1392693,bo,1.47,16.246,>16.246,99.990,0.047,0.230,g
2459068.64113,2020-08-07.1404957,bo,1.46,16.151,>16.151,99.990,0.050,0.252,g
2459075.61626,2020-08-14.1157026,bo,1.44,16.962,>16.962,99.990,0.577,0.119,g
2459075.61748,2020-08-14.1169207,bo,1.47,16.931,16.737,0.183,0.734,0.123,g
2459075.61870,2020-08-14.1181356,bo,1.45,16.893,>16.893,99.990,0.592,0.127,g
2459078.61289,2020-08-17.1123670,bo,1.50,16.818,16.683,0.193,0.771,0.136,g
2459078.61411,2020-08-17.1135866,bo,1.45,16.539,>16.539,99.990,0.769,0.176,g
2459078.61533,2020-08-17.1148048,bo,1.47,15.680,>15.680,99.990,0.262,0.388,g
2459083.59911,2020-08-22.0986423,bo,1.46,17.100,17.055,0.210,0.547,0.105,g
2459083.60032,2020-08-22.0998584,bo,1.45,17.175,16.890,0.169,0.636,0.098,g
2459083.60154,2020-08-22.1010754,bo,1.43,17.140,16.893,0.175,0.635,0.101,g
2459084.59285,2020-08-23.0923969,bo,1.52,17.081,>17.081,99.990,0.514,0.107,g
2459085.59178,2020-08-24.0913400,bo,1.48,15.285,>15.285,99.990,0.263,0.559,g
2459085.59300,2020-08-24.0925575,bo,1.47,15.802,>15.802,99.990,0.208,0.347,g
2459085.59422,2020-08-24.0937800,bo,1.47,16.723,>16.723,99.990,0.555,0.149,g
2459086.58912,2020-08-25.0886899,bo,1.49,17.113,17.051,0.207,0.549,0.104,g
2459086.59033,2020-08-25.0899070,bo,1.45,17.095,16.739,0.158,0.732,0.106,g
2459086.59155,2020-08-25.0911266,bo,1.48,17.059,16.867,0.183,0.651,0.109,g
2459092.59672,2020-08-31.0963709,bo,1.47,16.094,>16.094,99.990,0.717,0.265,g
2459092.59793,2020-08-31.0975843,bo,1.47,15.987,>15.987,99.990,0.168,0.293,g
2459092.59915,2020-08-31.0988040,bo,1.46,15.998,15.938,0.207,1.531,0.290,g
2459096.56262,2020-09-04.0623245,bo,1.50,15.928,>15.928,99.990,0.688,0.309,g
2459096.56384,2020-09-04.0635549,bo,1.48,15.948,>15.948,99.990,1.065,0.303,g
2459096.56506,2020-09-04.0647789,bo,1.50,15.987,>15.987,99.990,0.561,0.293,g
2459100.55299,2020-09-08.0527670,bo,1.48,16.443,>16.443,99.990,0.759,0.192,g
2459100.55423,2020-09-08.0539990,bo,1.55,16.318,>16.318,99.990,0.566,0.216,g
2459100.55546,2020-09-08.0552253,bo,1.50,16.311,>16.311,99.990,0.739,0.217,g
2459101.57257,2020-09-09.0723525,bo,1.46,16.595,>16.595,99.990,0.371,0.167,g
2459103.54260,2020-09-11.0424103,bo,1.62,16.451,>16.451,99.990,0.670,0.191,g
2459103.54383,2020-09-11.0436402,bo,1.56,16.443,>16.443,99.990,0.810,0.192,g
2459103.54507,2020-09-11.0448714,bo,1.65,16.388,>16.388,99.990,0.763,0.202,g
2459108.52531,2020-09-16.0251849,bo,1.53,17.057,>17.057,99.990,0.355,0.109,g
2459108.52652,2020-09-16.0264016,bo,1.50,17.053,16.977,0.204,0.588,0.110,g
2459108.52774,2020-09-16.0276166,bo,1.60,17.046,16.866,0.186,0.651,0.110,g
2459110.52028,2020-09-18.0201829,bo,1.45,16.947,>16.947,99.990,0.387,0.121,g
2459110.52149,2020-09-18.0213986,bo,1.46,16.841,16.739,0.200,0.732,0.133,g
2459110.52272,2020-09-18.0226224,bo,1.42,16.978,16.907,0.206,0.626,0.117,g
2459111.54624,2020-09-19.0461712,bo,1.51,17.051,16.649,0.151,0.794,0.110,g
2459111.54748,2020-09-19.0473989,bo,1.50,16.984,>16.984,99.990,0.525,0.117,g
2459111.54870,2020-09-19.0486163,bo,1.50,16.926,16.692,0.177,0.764,0.123,g
2459112.51816,2020-09-20.0180917,bo,1.45,16.952,16.838,0.197,0.668,0.120,g
2459112.51946,2020-09-20.0193958,bo,1.47,16.911,16.823,0.202,0.678,0.125,g
2459112.52067,2020-09-20.0206049,bo,1.45,16.976,16.788,0.184,0.700,0.118,g
2459114.51090,2020-09-22.0108758,bo,1.58,17.046,16.662,0.154,0.786,0.110,g
2459114.51212,2020-09-22.0120906,bo,1.52,16.933,>16.933,99.990,0.513,0.122,g
2459114.51334,2020-09-22.0133065,bo,1.54,16.966,16.892,0.205,0.635,0.119,g
2459115.53692,2020-09-23.0369047,bo,1.42,17.064,17.036,0.213,0.557,0.108,g
2459115.53815,2020-09-23.0381320,bo,1.45,17.005,>17.005,99.990,0.455,0.115,g
2459115.53936,2020-09-23.0393401,bo,1.42,16.989,16.921,0.206,0.619,0.116,g
2459116.50406,2020-09-24.0040530,bo,1.53,17.078,>17.078,99.990,0.517,0.107,g
2459116.50527,2020-09-24.0052712,bo,1.53,16.934,16.743,0.184,0.729,0.122,g
2459116.50650,2020-09-24.0064939,bo,1.50,16.938,16.589,0.159,0.841,0.122,g
2459117.51730,2020-09-25.0173059,bo,1.52,16.897,16.713,0.185,0.749,0.127,g
2459117.51851,2020-09-25.0185219,bo,1.52,16.987,>16.987,99.990,0.431,0.116,g
2459117.51973,2020-09-25.0197380,bo,1.54,16.908,>16.908,99.990,0.457,0.125,g
2459120.49145,2020-09-27.9915063,bo,1.42,16.205,>16.205,99.990,0.732,0.239,g
2459120.49269,2020-09-27.9927412,bo,1.46,16.240,>16.240,99.990,-0.080,0.232,g
2459120.49391,2020-09-27.9939642,bo,1.44,16.297,>16.297,99.990,0.790,0.220,g
2459121.49011,2020-09-28.9901868,bo,1.41,15.975,>15.975,99.990,0.446,0.296,g
2459121.49133,2020-09-28.9914026,bo,1.46,15.944,>15.944,99.990,0.823,0.304,g
2459121.49254,2020-09-28.9926137,bo,1.46,15.966,>15.966,99.990,-0.106,0.298,g
2459122.48841,2020-09-29.9884954,bo,1.47,15.866,>15.866,99.990,-0.069,0.327,g
2459122.48962,2020-09-29.9897129,bo,1.49,16.062,>16.062,99.990,1.021,0.273,g
2459122.49084,2020-09-29.9909356,bo,1.54,16.016,>16.016,99.990,0.686,0.285,g
2459127.46989,2020-10-04.9700622,bo,1.46,16.200,>16.200,99.990,0.735,0.241,g
2459127.47111,2020-10-04.9712804,bo,1.49,15.973,>15.973,99.990,0.455,0.296,g
2459127.47233,2020-10-04.9724961,bo,1.46,16.153,>16.153,99.990,0.741,0.251,g
2459128.47004,2020-10-05.9702127,bo,1.49,16.070,>16.070,99.990,0.732,0.271,g
2459128.47127,2020-10-05.9714406,bo,1.42,16.070,>16.070,99.990,0.492,0.271,g
2459128.47250,2020-10-05.9726684,bo,1.51,16.110,>16.110,99.990,0.414,0.261,g
2459129.62478,2020-10-07.1249770,bo,1.47,16.307,>16.307,99.990,0.653,0.218,g
2459129.62599,2020-10-07.1261835,bo,1.46,16.237,>16.237,99.990,0.457,0.232,g
2459129.62721,2020-10-07.1273959,bo,1.45,16.193,>16.193,99.990,0.324,0.242,g
2459130.61040,2020-10-08.1106028,bo,1.44,16.542,>16.542,99.990,0.662,0.175,g
2459130.61165,2020-10-08.1118624,bo,1.49,16.535,16.510,0.214,0.904,0.177,g
2459130.61287,2020-10-08.1130806,bo,1.48,16.610,>16.610,99.990,0.237,0.165,g
2459134.45794,2020-10-11.9582020,bo,1.64,16.977,>16.977,99.990,0.521,0.118,g
2459134.45915,2020-10-11.9594074,bo,1.61,16.990,>16.990,99.990,0.563,0.116,g
2459134.46036,2020-10-11.9606247,bo,1.73,16.927,16.668,0.173,0.782,0.123,g
2459135.45711,2020-10-12.9573869,bo,1.45,16.783,>16.783,99.990,0.446,0.141,g
2459135.45833,2020-10-12.9586042,bo,1.51,16.703,>16.703,99.990,0.624,0.151,g
2459135.45955,2020-10-12.9598201,bo,1.45,16.810,>16.810,99.990,0.682,0.137,g
2459137.44926,2020-10-14.9495649,bo,1.45,17.013,16.861,0.190,0.654,0.114,g
2459137.45046,2020-10-14.9507738,bo,1.45,16.933,>16.933,99.990,0.570,0.122,g
2459137.45169,2020-10-14.9519934,bo,1.46,16.972,16.673,0.166,0.778,0.118,g
2459138.55233,2020-10-16.0526394,bo,1.60,17.012,16.909,0.199,0.626,0.114,g
2459138.55355,2020-10-16.0538685,bo,1.64,17.019,>17.019,99.990,0.466,0.113,g
2459138.55477,2020-10-16.0550880,bo,1.62,17.012,>17.012,99.990,0.533,0.114,g
2459138.62422,2020-10-16.1245393,bo,1.98,16.114,>16.114,99.990,0.381,0.260,g
2459138.62543,2020-10-16.1257503,bo,1.72,15.901,>15.901,99.990,0.753,0.317,g
2459138.62665,2020-10-16.1269662,bo,1.74,15.613,>15.613,99.990,0.308,0.413,g
2459141.42560,2020-10-18.9259568,bo,1.48,14.753,>14.753,99.990,-0.334,0.911,g
2459141.42682,2020-10-18.9271752,bo,1.44,15.044,>15.044,99.990,-0.149,0.697,g
2459141.42805,2020-10-18.9284016,bo,1.47,15.803,>15.803,99.990,1.077,0.347,g
2459141.57661,2020-10-19.0769729,bo,1.43,17.071,>17.071,99.990,0.498,0.108,g
2459141.57784,2020-10-19.0782015,bo,1.45,17.039,16.724,0.164,0.742,0.111,g
2459141.57906,2020-10-19.0794164,bo,1.45,16.931,16.660,0.171,0.787,0.123,g
2459142.79384,2020-10-20.2942172,bk,1.43,99.990,99.990,99.990,99.990,99.990,g
2459142.79506,2020-10-20.2954424,bk,1.45,16.956,16.721,0.176,0.744,0.120,g
2459142.79628,2020-10-20.2966618,bk,1.44,99.990,99.990,99.990,99.990,99.990,g
2459144.74164,2020-10-22.2420371,bk,1.42,16.966,16.547,0.149,0.874,0.119,g
2459144.74286,2020-10-22.2432532,bk,1.43,99.990,99.990,99.990,99.990,99.990,g
2459144.74407,2020-10-22.2444667,bk,1.44,99.990,99.990,99.990,99.990,99.990,g
2459146.66120,2020-10-24.1616297,bG,1.44,16.674,>16.674,99.990,0.494,0.155,g
2459146.66249,2020-10-24.1629167,bG,1.43,16.551,>16.551,99.990,-0.027,0.174,g
2459146.66377,2020-10-24.1642062,bG,1.45,16.613,16.487,0.195,0.923,0.164,g
2459147.65201,2020-10-25.1524486,bG,1.45,16.446,>16.446,99.990,0.615,0.192,g
2459147.65330,2020-10-25.1537320,bG,1.40,16.518,>16.518,99.990,0.685,0.179,g
2459147.65459,2020-10-25.1550284,bG,1.45,16.775,>16.775,99.990,0.295,0.142,g
2459149.66034,2020-10-27.1608096,bG,1.51,16.358,>16.358,99.990,0.696,0.208,g
2459149.66165,2020-10-27.1621114,bG,1.49,16.401,>16.401,99.990,0.609,0.200,g
2459149.66294,2020-10-27.1633975,bG,1.49,16.274,>16.274,99.990,0.107,0.225,g
2459151.83305,2020-10-29.3335393,bG,1.42,16.418,>16.418,99.990,0.615,0.197,g
2459151.83433,2020-10-29.3348192,bG,1.40,16.362,>16.362,99.990,0.679,0.207,g
2459151.83563,2020-10-29.3361153,bG,1.44,16.379,>16.379,99.990,0.453,0.204,g
2459152.83366,2020-10-30.3341582,bG,1.42,16.326,>16.326,99.990,0.301,0.214,g
2459152.83495,2020-10-30.3354533,bG,1.43,16.234,>16.234,99.990,0.360,0.233,g
2459152.83625,2020-10-30.3367509,bG,1.51,16.201,>16.201,99.990,0.635,0.240,g
2459153.68369,2020-10-31.1841953,bk,1.56,15.807,>15.807,99.990,0.106,0.345,g
2459153.68491,2020-10-31.1854194,bk,1.53,15.755,>15.755,99.990,0.696,0.362,g
2459153.68613,2020-10-31.1866469,bk,1.57,15.694,>15.694,99.990,0.952,0.383,g
2459153.84161,2020-10-31.3421258,bk,1.49,15.870,>15.870,99.990,1.215,0.326,g
2459153.84284,2020-10-31.3433535,bk,1.47,15.955,>15.955,99.990,0.264,0.301,g
2459153.84406,2020-10-31.3445707,bk,1.44,15.920,>15.920,99.990,0.677,0.311,g
2459155.78487,2020-11-02.2854106,bG,1.44,16.082,>16.082,99.990,0.427,0.268,g
2459155.78616,2020-11-02.2866974,bG,1.45,16.147,>16.147,99.990,0.570,0.252,g
2459155.78746,2020-11-02.2879995,bG,1.44,16.130,>16.130,99.990,0.120,0.257,g
2459156.73998,2020-11-03.2405287,bG,1.44,16.261,16.088,0.187,1.332,0.227,g
2459156.74127,2020-11-03.2418130,bG,1.48,16.308,>16.308,99.990,0.481,0.218,g
2459156.74256,2020-11-03.2431032,bG,1.46,16.417,>16.417,99.990,0.774,0.197,g
2459157.84857,2020-11-04.3491322,bG,1.58,16.252,>16.252,99.990,0.382,0.229,g
2459157.84986,2020-11-04.3504237,bG,1.66,16.202,>16.202,99.990,0.310,0.240,g
2459157.85118,2020-11-04.3517413,bG,1.71,16.271,>16.271,99.990,0.460,0.225,g
2459164.66409,2020-11-11.1647296,bk,1.48,99.990,99.990,99.990,99.990,99.990,g
2459164.66532,2020-11-11.1659584,bk,1.46,16.867,16.788,0.204,0.699,0.130,g
2459164.66655,2020-11-11.1671872,bk,1.44,16.881,>16.881,99.990,0.455,0.128,g
2459165.61341,2020-11-12.1140523,bG,1.46,16.864,16.563,0.166,0.860,0.130,g
2459165.61470,2020-11-12.1153435,bG,1.40,16.978,>16.978,99.990,0.498,0.117,g
2459165.61600,2020-11-12.1166413,bG,1.42,17.020,16.935,0.203,0.611,0.113,g
2459165.65070,2020-11-12.1513415,bG,1.44,17.036,16.890,0.192,0.637,0.111,g
2459165.65198,2020-11-12.1526269,bG,1.41,17.007,>17.007,99.990,0.477,0.114,g
2459165.65327,2020-11-12.1539099,bG,1.41,99.990,99.990,99.990,99.990,99.990,g
2459165.70344,2020-11-12.2040780,bk,1.53,99.990,99.990,99.990,99.990,99.990,g
2459165.70468,2020-11-12.2053196,bk,1.5,99.990,99.990,99.990,99.990,99.990,g
2459165.70591,2020-11-12.2065496,bk,1.51,99.990,99.990,99.990,99.990,99.990,g
2459165.77418,2020-11-12.2748171,bk,1.58,16.938,16.651,0.168,0.793,0.122,g
2459165.77540,2020-11-12.2760437,bk,1.55,99.990,99.990,99.990,99.990,99.990,g
2459165.77662,2020-11-12.2772620,bk,1.62,99.990,99.990,99.990,99.990,99.990,g
2459166.68477,2020-11-13.1854164,bk,1.45,99.990,99.990,99.990,99.990,99.990,g
2459166.68599,2020-11-13.1866384,bk,1.45,99.990,99.990,99.990,99.990,99.990,g
2459166.68721,2020-11-13.1878577,bk,1.43,99.990,99.990,99.990,99.990,99.990,g
2459166.70789,2020-11-13.2085383,bk,1.52,99.990,99.990,99.990,99.990,99.990,g
2459166.70911,2020-11-13.2097553,bk,1.5,16.999,16.817,0.185,0.681,0.115,g
2459166.71033,2020-11-13.2109873,bk,1.48,99.990,99.990,99.990,99.990,99.990,g
2459166.85363,2020-11-13.3542798,bk,1.51,14.725,>14.725,99.990,-0.830,0.935,g
2459166.85484,2020-11-13.3554989,bk,1.55,14.565,>14.565,99.990,0.580,1.084,g
2459166.85607,2020-11-13.3567232,bk,1.47,15.425,>15.425,99.990,0.383,0.491,g
2459167.35198,2020-11-13.8526378,bo,1.45,99.990,99.990,99.990,99.990,99.990,g
2459167.35322,2020-11-13.8538783,bo,1.48,99.990,99.990,99.990,99.990,99.990,g
2459167.35444,2020-11-13.8550989,bo,1.50,99.990,99.990,99.990,99.990,99.990,g
2459167.59810,2020-11-14.0987601,bk,1.56,99.990,99.990,99.990,99.990,99.990,g
2459167.59932,2020-11-14.0999877,bk,1.59,17.011,16.974,0.212,0.590,0.114,g
2459167.60054,2020-11-14.1012084,bk,1.61,99.990,99.990,99.990,99.990,99.990,g
2459169.66138,2020-11-16.1620622,bG,1.43,99.990,99.990,99.990,99.990,99.990,g
2459169.66268,2020-11-16.1633626,bG,1.44,99.990,99.990,99.990,99.990,99.990,g
2459169.66397,2020-11-16.1646490,bG,1.43,99.990,99.990,99.990,99.990,99.990,g
2459169.67993,2020-11-16.1806098,bk,1.47,16.991,16.693,0.167,0.764,0.116,g
2459169.68116,2020-11-16.1818377,bk,1.48,17.031,>17.031,99.990,0.413,0.112,g
2459169.68238,2020-11-16.1830640,bk,1.46,99.990,99.990,99.990,99.990,99.990,g
2459170.45639,2020-11-16.9570723,bo,1.47,17.057,16.953,0.199,0.601,0.109,g
2459170.45759,2020-11-16.9582885,bo,1.53,17.013,>17.013,99.990,0.428,0.114,g
2459170.45881,2020-11-16.9595041,bo,1.53,17.078,>17.078,99.990,0.475,0.107,g
2459176.56885,2020-11-23.0695876,bk,1.51,16.469,>16.469,99.990,0.501,0.188,g
2459176.57008,2020-11-23.0708203,bk,1.52,16.544,>16.544,99.990,0.402,0.175,g
2459176.57131,2020-11-23.0720479,bk,1.5,16.564,>16.564,99.990,0.437,0.172,g
2459177.57866,2020-11-24.0794075,bG,1.45,16.440,>16.440,99.990,0.331,0.193,g
2459177.57995,2020-11-24.0806944,bG,1.44,16.558,>16.558,99.990,0.712,0.173,g
2459177.58124,2020-11-24.0819798,bG,1.47,16.520,>16.520,99.990,0.333,0.179,g
2459178.56304,2020-11-25.0637864,bG,1.48,16.353,>16.353,99.990,0.194,0.209,g
2459178.56432,2020-11-25.0650732,bG,1.43,16.390,>16.390,99.990,0.719,0.202,g
2459178.56561,2020-11-25.0663606,bG,1.46,16.459,>16.459,99.990,0.785,0.189,g
2459179.54842,2020-11-26.0491818,bk,1.48,16.159,>16.159,99.990,1.085,0.250,g
2459179.54964,2020-11-26.0504028,bk,1.49,16.163,>16.163,99.990,1.080,0.249,g
2459179.55088,2020-11-26.0516399,bk,1.39,16.148,>16.148,99.990,0.278,0.252,g
2459180.55234,2020-11-27.0531152,bk,1.59,16.122,>16.122,99.990,0.574,0.258,g
2459180.55357,2020-11-27.0543430,bk,1.53,16.206,>16.206,99.990,0.617,0.239,g
2459180.55479,2020-11-27.0555627,bk,1.57,16.047,>16.047,99.990,1.261,0.277,g
2459184.31999,2020-11-30.8207811,bo,1.48,15.864,>15.864,99.990,0.690,0.328,g
2459184.32122,2020-11-30.8220113,bo,1.59,15.832,>15.832,99.990,0.422,0.338,g
2459185.54086,2020-12-02.0416545,bk,1.65,16.622,>16.622,99.990,0.683,0.163,g
2459185.54209,2020-12-02.0428775,bk,1.65,16.509,>16.509,99.990,0.866,0.181,g
2459185.54330,2020-12-02.0440949,bk,1.61,16.546,>16.546,99.990,0.602,0.175,g
2459186.45742,2020-12-02.9582162,bo,1.46,16.276,>16.276,99.990,0.309,0.224,g
2459186.45864,2020-12-02.9594376,bo,1.46,16.156,>16.156,99.990,0.621,0.250,g
2459186.45987,2020-12-02.9606630,bo,1.45,16.090,>16.090,99.990,0.995,0.266,g
2459186.82235,2020-12-03.3231567,bG,1.48,16.272,>16.272,99.990,0.708,0.225,g
2459186.82366,2020-12-03.3244612,bG,1.47,16.431,>16.431,99.990,0.279,0.194,g
2459186.82495,2020-12-03.3257523,bG,1.49,16.341,>16.341,99.990,0.413,0.211,g
2459187.41336,2020-12-03.9141589,bo,1.48,16.332,>16.332,99.990,0.429,0.213,g
2459187.41456,2020-12-03.9153656,bo,1.44,16.255,>16.255,99.990,1.017,0.229,g
2459187.41580,2020-12-03.9165967,bo,1.44,16.236,>16.236,99.990,0.560,0.233,g
2459187.46610,2020-12-03.9668989,bo,1.46,16.245,>16.245,99.990,0.745,0.231,g
2459187.46732,2020-12-03.9681293,bo,1.51,16.310,>16.310,99.990,0.806,0.217,g
2459187.46854,2020-12-03.9693487,bo,1.48,16.317,>16.317,99.990,0.442,0.216,g
2459187.65555,2020-12-04.1563587,bk,1.52,16.514,>16.514,99.990,0.436,0.180,g
2459187.65678,2020-12-04.1575878,bk,1.44,16.427,>16.427,99.990,0.709,0.195,g
2459187.65801,2020-12-04.1588168,bk,1.49,16.456,>16.456,99.990,0.642,0.190,g
2459188.35309,2020-12-04.8538924,bo,1.55,16.880,>16.880,99.990,0.478,0.128,g
2459188.35600,2020-12-04.8568026,bo,1.53,17.092,16.815,0.170,0.682,0.106,g
2459189.83970,2020-12-06.3405199,bG,1.51,16.488,>16.488,99.990,0.754,0.185,g
2459189.84100,2020-12-06.3418214,bG,1.54,16.369,16.330,0.211,1.067,0.206,g
2459189.84230,2020-12-06.3431128,bG,1.55,16.615,16.577,0.212,0.850,0.164,g
2459190.76477,2020-12-07.2655925,bG,1.45,16.717,>16.717,99.990,0.544,0.149,g
2459190.76608,2020-12-07.2668995,bG,1.41,16.691,16.592,0.200,0.838,0.153,g
2459190.76737,2020-12-07.2681895,bG,1.42,16.757,16.718,0.212,0.746,0.144,g
2459190.79537,2020-12-07.2961917,bk,1.45,16.763,>16.763,99.990,0.498,0.143,g
2459191.46050,2020-12-07.9613163,bo,1.46,16.846,>16.846,99.990,0.663,0.133,g
2459191.46179,2020-12-07.9626094,bo,1.47,99.990,99.990,99.990,99.990,99.990,g
2459191.46301,2020-12-07.9638312,bo,1.44,99.990,99.990,99.990,99.990,99.990,g
2459192.30626,2020-12-08.8070886,bo,1.44,99.990,99.990,99.990,99.990,99.990,g
2459192.30748,2020-12-08.8083091,bo,1.46,17.148,16.953,0.183,0.601,0.100,g
2459192.30870,2020-12-08.8095274,bo,1.43,17.038,16.832,0.181,0.672,0.111,g
2459192.37395,2020-12-08.8747812,bo,1.44,17.073,16.685,0.153,0.769,0.108,g
2459192.37518,2020-12-08.8760042,bo,1.50,16.981,16.749,0.177,0.725,0.117,g
2459192.37639,2020-12-08.8772180,bo,1.48,17.032,>17.032,99.990,0.456,0.112,g
2459192.84009,2020-12-09.3409150,bk,1.45,16.692,>16.692,99.990,0.644,0.153,g
2459192.84131,2020-12-09.3421369,bk,1.47,16.659,>16.659,99.990,0.532,0.158,g
2459192.84252,2020-12-09.3433539,bk,1.48,16.587,>16.587,99.990,0.548,0.168,g
2459193.53398,2020-12-10.0348040,bk,1.48,16.457,>16.457,99.990,0.306,0.190,g
2459193.53520,2020-12-10.0360328,bk,1.46,16.725,16.466,0.173,0.941,0.148,g
2459193.53642,2020-12-10.0372496,bk,1.44,16.645,16.607,0.212,0.827,0.160,g
2459194.32419,2020-12-10.8250236,bo,1.56,16.988,16.930,0.208,0.614,0.116,g
2459194.32541,2020-12-10.8262429,bo,1.58,16.957,16.750,0.181,0.725,0.120,g
2459194.32663,2020-12-10.8274621,bo,1.53,16.915,16.816,0.200,0.682,0.125,g
2459194.58466,2020-12-11.0854990,bG,1.48,16.911,16.670,0.175,0.780,0.125,g
2459194.58597,2020-12-11.0867984,bG,1.50,16.966,16.944,0.215,0.606,0.119,g
2459194.58726,2020-12-11.0880947,bG,1.47,17.110,>17.110,99.990,0.461,0.104,g
2459194.62448,2020-12-11.1253125,bG,1.47,16.946,16.585,0.157,0.843,0.121,g
2459194.62576,2020-12-11.1265997,bG,1.44,16.971,16.735,0.176,0.734,0.118,g
2459194.62705,2020-12-11.1278855,bG,1.42,16.990,>16.990,99.990,0.497,0.116,g
2459195.54000,2020-12-12.0408332,bG,1.41,16.841,16.561,0.169,0.863,0.133,g
2459195.54130,2020-12-12.0421364,bG,1.40,16.815,16.370,0.145,1.028,0.136,g
2459195.54261,2020-12-12.0434453,bG,1.45,16.816,>16.816,99.990,0.681,0.136,g
2459195.84918,2020-12-12.3500121,bk,1.51,16.525,>16.525,99.990,0.530,0.178,g
2459195.85040,2020-12-12.3512445,bk,1.48,16.367,>16.367,99.990,0.870,0.206,g
2459195.85162,2020-12-12.3524637,bk,1.46,16.301,>16.301,99.990,0.497,0.219,g
2459196.64523,2020-12-13.1460658,bk,1.48,16.990,16.791,0.182,0.698,0.116,g
2459196.64647,2020-12-13.1473097,bk,1.46,16.963,>16.963,99.990,0.491,0.119,g
2459196.64769,2020-12-13.1485341,bk,1.46,16.882,>16.882,99.990,0.557,0.128,g
2459198.58339,2020-12-15.0842293,bG,1.45,17.204,>17.204,99.990,0.394,0.095,g
2459198.58469,2020-12-15.0855256,bG,1.41,16.986,16.893,0.201,0.635,0.117,g
2459198.58599,2020-12-15.0868267,bG,1.40,17.045,16.633,0.150,0.807,0.110,g
2459199.28429,2020-12-15.7851417,bo,1.71,16.272,>16.272,99.990,0.814,0.225,g
2459199.28553,2020-12-15.7863825,bo,1.67,16.485,>16.485,99.990,0.846,0.185,g
2459199.28677,2020-12-15.7876216,bo,1.69,16.489,>16.489,99.990,0.545,0.184,g
2459199.55393,2020-12-16.0547697,bG,1.73,16.956,>16.956,99.990,0.409,0.120,g
2459199.55521,2020-12-16.0560626,bG,1.74,16.899,16.829,0.205,0.674,0.126,g
2459199.55650,2020-12-16.0573506,bG,1.67,16.938,>16.938,99.990,0.511,0.122,g
2459199.57131,2020-12-16.0721660,bG,1.69,17.047,>17.047,99.990,0.413,0.110,g
2459199.57261,2020-12-16.0734657,bG,1.66,16.927,>16.927,99.990,0.546,0.123,g
2459199.57390,2020-12-16.0747517,bG,1.68,17.130,>17.130,99.990,0.407,0.102,g
2459200.44164,2020-12-16.9424797,bo,1.46,17.036,16.903,0.194,0.630,0.111,g
2459200.44286,2020-12-16.9437026,bo,1.46,17.044,16.858,0.185,0.656,0.111,g
2459200.44410,2020-12-16.9449399,bo,1.46,99.990,99.990,99.990,99.990,99.990,g
2459200.83811,2020-12-17.3389625,bG,1.49,16.978,16.961,0.216,0.597,0.117,g
2459200.83940,2020-12-17.3402453,bG,1.51,16.922,16.886,0.212,0.639,0.124,g
2459200.84071,2020-12-17.3415568,bG,1.56,16.928,>16.928,99.990,0.492,0.123,g
2459201.34181,2020-12-17.8426678,bo,1.49,17.001,>17.001,99.990,0.487,0.115,g
2459201.34303,2020-12-17.8438843,bo,1.45,16.995,16.626,0.156,0.812,0.116,g
2459201.34426,2020-12-17.8451128,bo,1.48,16.990,16.816,0.187,0.681,0.116,g
2459201.38746,2020-12-17.8883149,bo,1.54,17.050,>17.050,99.990,0.441,0.110,g
2459201.38870,2020-12-17.8895540,bo,1.51,17.054,16.686,0.156,0.768,0.110,g
2459201.38998,2020-12-17.8908342,bo,1.54,17.013,16.933,0.204,0.612,0.114,g
2459201.85405,2020-12-18.3549093,bG,1.44,16.258,>16.258,99.990,0.630,0.228,g
2459201.85536,2020-12-18.3562123,bG,1.42,16.154,>16.154,99.990,0.579,0.251,g
2459201.85666,2020-12-18.3575092,bG,1.46,16.014,>16.014,99.990,0.494,0.285,g
2459202.33459,2020-12-18.8354396,bo,1.55,16.797,16.541,0.173,0.878,0.139,g
2459202.33705,2020-12-18.8378975,bo,1.43,16.895,>16.895,99.990,0.624,0.127,g
2459202.58055,2020-12-19.0813940,bG,1.49,16.938,16.683,0.173,0.771,0.122,g
2459202.58184,2020-12-19.0827006,bG,1.45,16.949,>16.949,99.990,0.527,0.121,g
2459202.58314,2020-12-19.0839973,bG,1.49,17.030,>17.030,99.990,0.394,0.112,g
2459203.43283,2020-12-19.9336810,bo,1.53,17.014,>17.014,99.990,0.468,0.114,g
2459203.43406,2020-12-19.9349156,bo,1.58,99.990,99.990,99.990,99.990,99.990,g
2459203.43528,2020-12-19.9361282,bo,1.56,16.982,>16.982,99.990,0.431,0.117,g
2459203.48169,2020-12-19.9825375,bo,1.60,16.888,16.775,0.197,0.708,0.128,g
2459203.48291,2020-12-19.9837594,bo,1.58,16.879,16.767,0.197,0.714,0.129,g
2459203.48413,2020-12-19.9849872,bo,1.59,17.044,16.754,0.168,0.722,0.110,g
2459203.82649,2020-12-20.3273376,bk,1.51,16.884,>16.884,99.990,0.572,0.128,g
2459203.82771,2020-12-20.3285557,bk,1.49,16.956,16.724,0.177,0.742,0.120,g
2459203.82893,2020-12-20.3297788,bk,1.48,17.008,16.782,0.178,0.703,0.114,g
2459204.78307,2020-12-21.2839196,bk,1.42,16.940,16.913,0.214,0.623,0.122,g
2459204.78429,2020-12-21.2851402,bk,1.45,17.060,>17.060,99.990,0.520,0.109,g
2459204.78551,2020-12-21.2863574,bk,1.47,17.086,16.823,0.172,0.677,0.106,g
2459204.82684,2020-12-21.3276923,bk,1.49,17.021,16.575,0.145,0.851,0.113,g
2459204.82807,2020-12-21.3289190,bk,1.48,16.936,>16.936,99.990,0.147,0.122,g
2459204.82930,2020-12-21.3301512,bk,1.51,17.017,16.697,0.163,0.761,0.113,g
2459205.56033,2020-12-22.0611842,bG,1.43,16.737,>16.737,99.990,0.480,0.147,g
2459205.56166,2020-12-22.0625040,bG,1.43,16.807,>16.807,99.990,0.395,0.137,g
2459205.56295,2020-12-22.0638067,bG,1.43,16.891,>16.891,99.990,0.423,0.127,g
2459206.44437,2020-12-22.9452194,bo,1.48,99.990,99.990,99.990,99.990,99.990,g
2459206.44560,2020-12-22.9464444,bo,1.46,99.990,99.990,99.990,99.990,99.990,g
2459206.44683,2020-12-22.9476759,bo,1.47,99.990,99.990,99.990,99.990,99.990,g
2459206.82382,2020-12-23.3246717,bk,1.51,16.865,16.541,0.162,0.879,0.130,g
2459206.82503,2020-12-23.3258851,bk,1.48,16.981,16.819,0.189,0.680,0.117,g
2459206.82626,2020-12-23.3271046,bk,1.5,16.923,16.623,0.166,0.814,0.124,g
2459207.56815,2020-12-24.0689976,bG,1.80,16.418,>16.418,99.990,0.277,0.197,g
2459207.56949,2020-12-24.0703403,bG,1.77,16.525,>16.525,99.990,0.284,0.178,g
2459207.57079,2020-12-24.0716392,bG,1.74,16.409,>16.409,99.990,0.468,0.198,g
2459208.54014,2020-12-25.0409942,bk,1.52,16.144,>16.144,99.990,0.541,0.253,g
2459208.54137,2020-12-25.0422255,bk,1.53,16.293,>16.293,99.990,0.504,0.221,g
2459208.54261,2020-12-25.0434531,bk,1.58,16.085,>16.085,99.990,0.194,0.267,g
2459208.83663,2020-12-25.3374853,bG,1.48,16.897,16.770,0.195,0.711,0.127,g
2459208.83791,2020-12-25.3387658,bG,1.47,16.972,16.669,0.166,0.781,0.118,g
2459208.83920,2020-12-25.3400494,bG,1.48,16.850,>16.850,99.990,0.438,0.132,g
2459209.40546,2020-12-25.9063150,bo,1.49,16.200,>16.200,99.990,0.299,0.240,g
2459209.40669,2020-12-25.9075475,bo,1.46,16.388,>16.388,99.990,0.871,0.202,g
2459209.40792,2020-12-25.9087704,bo,1.50,16.402,>16.402,99.990,0.389,0.200,g
2459209.44997,2020-12-25.9508304,bo,1.44,16.528,>16.528,99.990,0.764,0.178,g
2459209.45121,2020-12-25.9520626,bo,1.79,16.211,>16.211,99.990,0.845,0.238,g
2459209.45244,2020-12-25.9532928,bo,1.53,16.440,>16.440,99.990,0.786,0.193,g
2459209.46878,2020-12-25.9696350,bo,1.41,16.417,>16.417,99.990,0.695,0.197,g
2459209.47002,2020-12-25.9708655,bo,1.42,16.300,>16.300,99.990,0.562,0.219,g
2459209.47124,2020-12-25.9720934,bo,1.46,16.195,>16.195,99.990,0.578,0.241,g
2459210.40676,2020-12-26.9076083,bo,1.45,16.133,>16.133,99.990,0.760,0.256,g
2459210.40816,2020-12-26.9090130,bo,1.54,16.120,>16.120,99.990,0.638,0.259,g
2459210.40966,2020-12-26.9105041,bo,1.56,16.136,>16.136,99.990,0.641,0.255,g
2459210.54604,2020-12-27.0468884,bo,1.56,99.990,99.990,99.990,99.990,99.990,g
2459210.54727,2020-12-27.0481137,bo,1.52,99.990,99.990,99.990,99.990,99.990,g
2459210.54849,2020-12-27.0493401,bo,1.50,99.990,99.990,99.990,99.990,99.990,g
2459211.59346,2020-12-28.0943072,bk,1.56,15.965,>15.965,99.990,0.660,0.298,g
2459211.59468,2020-12-28.0955277,bk,1.62,16.079,>16.079,99.990,0.478,0.269,g
2459211.59592,2020-12-28.0967706,bk,1.73,16.137,>16.137,99.990,0.473,0.255,g
2459212.36073,2020-12-28.8615768,bo,1.42,15.984,>15.984,99.990,0.782,0.293,g
2459212.36218,2020-12-28.8630284,bo,1.46,16.023,>16.023,99.990,0.071,0.283,g
2459212.36347,2020-12-28.8643126,bo,1.47,15.952,>15.952,99.990,0.877,0.302,g
2459212.38397,2020-12-28.8848145,bo,1.47,15.945,>15.945,99.990,0.919,0.304,g
2459212.38518,2020-12-28.8860331,bo,1.45,15.774,>15.774,99.990,0.887,0.356,g
2459212.38641,2020-12-28.8872564,bo,1.50,15.933,>15.933,99.990,1.180,0.308,g
2459212.65085,2020-12-29.1516967,bk,1.67,15.855,>15.855,99.990,0.866,0.330,g
2459212.65209,2020-12-29.1529380,bk,1.69,15.926,>15.926,99.990,0.665,0.309,g
2459212.65332,2020-12-29.1541633,bk,1.72,15.752,>15.752,99.990,0.859,0.363,g
2459212.71475,2020-12-29.2155931,bk,1.47,15.965,>15.965,99.990,-0.737,0.299,g
2459212.71598,2020-12-29.2168187,bk,1.41,15.860,>15.860,99.990,0.910,0.329,g
2459212.71721,2020-12-29.2180568,bk,1.45,15.863,>15.863,99.990,0.226,0.328,g
2459213.34893,2020-12-29.8497781,bo,1.49,15.684,>15.684,99.990,1.055,0.387,g
2459213.35021,2020-12-29.8510490,bo,1.57,15.938,>15.938,99.990,-0.546,0.306,g
2459213.35146,2020-12-29.8523032,bo,1.52,15.782,>15.782,99.990,1.301,0.353,g
2459213.39874,2020-12-29.8995815,bo,1.51,15.707,>15.707,99.990,1.162,0.379,g
2459213.39997,2020-12-29.9008079,bo,1.51,15.762,>15.762,99.990,0.592,0.360,g
2459213.40119,2020-12-29.9020359,bo,1.50,15.793,>15.793,99.990,0.911,0.350,g
2459213.60187,2020-12-30.1027158,bk,1.49,15.594,>15.594,99.990,-0.560,0.420,g
2459213.60310,2020-12-30.1039398,bk,1.48,15.844,>15.844,99.990,0.582,0.334,g
2459213.60433,2020-12-30.1051782,bk,1.5,15.621,>15.621,99.990,0.386,0.410,g
2459214.30037,2020-12-30.8012130,bo,2.11,15.897,>15.897,99.990,0.114,0.318,g
2459214.30159,2020-12-30.8024270,bo,2.05,15.829,>15.829,99.990,0.438,0.339,g
2459214.30281,2020-12-30.8036476,bo,2.08,15.854,>15.854,99.990,1.351,0.331,g
2459214.57580,2020-12-31.0766390,bG,1.40,16.057,>16.057,99.990,1.032,0.274,g
2459214.57710,2020-12-31.0779376,bG,1.42,16.121,>16.121,99.990,0.722,0.259,g
2459214.57841,2020-12-31.0792497,bG,1.42,15.986,>15.986,99.990,0.674,0.293,g
2459215.40155,2020-12-31.9023976,bo,1.98,16.021,>16.021,99.990,0.464,0.284,g
2459215.40279,2020-12-31.9036383,bo,1.97,15.906,>15.906,99.990,-0.087,0.315,g
2459215.40402,2020-12-31.9048659,bo,1.94,15.981,>15.981,99.990,1.268,0.294,g
2459215.47959,2020-12-31.9804325,bo,1.46,16.090,>16.090,99.990,0.500,0.266,g
2459216.36760,2021-01-01.8684384,bo,1.51,16.359,>16.359,99.990,0.151,0.208,g
2459216.36883,2021-01-01.8696685,bo,1.50,16.334,>16.334,99.990,0.598,0.212,g
2459216.37008,2021-01-01.8709192,bo,1.60,16.170,>16.170,99.990,0.658,0.247,g
2459216.60473,2021-01-02.1055615,bG,1.49,16.643,16.602,0.211,0.830,0.160,g
2459216.60603,2021-01-02.1068743,bG,1.53,16.685,>16.685,99.990,0.458,0.154,g
2459216.60732,2021-01-02.1081541,bG,1.53,16.540,>16.540,99.990,0.731,0.176,g
2459217.33346,2021-01-02.8343033,bo,1.49,99.990,99.990,99.990,99.990,99.990,g
2459217.33469,2021-01-02.8355309,bo,1.53,17.018,16.606,0.150,0.827,0.113,g
2459217.33592,2021-01-02.8367562,bo,1.54,99.990,99.990,99.990,99.990,99.990,g
2459217.58735,2021-01-03.0881885,bk,1.62,16.949,16.580,0.156,0.847,0.121,g
2459217.58859,2021-01-03.0894293,bk,1.61,17.020,>17.020,99.990,0.490,0.113,g
2459217.58982,2021-01-03.0906574,bk,1.65,16.897,>16.897,99.990,0.630,0.127,g
2459219.57703,2021-01-05.0778569,bo,1.40,16.481,>16.481,99.990,0.766,0.186,g
2459219.57825,2021-01-05.0790837,bo,1.45,16.481,>16.481,99.990,0.623,0.186,g
2459219.57948,2021-01-05.0803120,bo,1.50,16.439,>16.439,99.990,0.781,0.193,g
2459220.39375,2021-01-05.8945722,bo,1.53,17.040,>17.040,99.990,0.328,0.111,g
2459220.39498,2021-01-05.8958060,bo,1.47,16.941,16.891,0.209,0.637,0.122,g
2459220.39621,2021-01-05.8970324,bo,1.52,16.972,>16.972,99.990,0.406,0.118,g
2459220.60374,2021-01-06.1045640,bG,1.44,16.894,16.878,0.216,0.644,0.127,g
2459220.60503,2021-01-06.1058561,bG,1.43,16.975,16.896,0.204,0.634,0.118,g
2459220.60633,2021-01-06.1071532,bG,1.41,16.870,16.688,0.185,0.767,0.130,g
2459221.35655,2021-01-06.8573728,bo,1.43,99.990,99.990,99.990,99.990,99.990,g
2459221.35776,2021-01-06.8585900,bo,1.44,16.928,>16.928,99.990,0.534,0.123,g
2459221.35899,2021-01-06.8598237,bo,1.44,17.009,>17.009,99.990,0.566,0.114,g
2459221.36457,2021-01-06.8653997,bo,1.47,16.979,16.849,0.194,0.661,0.117,g
2459221.36580,2021-01-06.8666232,bo,1.43,17.012,16.891,0.196,0.636,0.114,g
2459221.36702,2021-01-06.8678415,bo,1.44,17.013,16.607,0.151,0.826,0.114,g
2459221.60796,2021-01-07.1087842,bG,1.42,17.021,>17.021,99.990,0.537,0.113,g
2459221.60926,2021-01-07.1100806,bG,1.44,16.946,>16.946,99.990,0.489,0.121,g
2459221.61057,2021-01-07.1113875,bG,1.44,17.039,16.577,0.143,0.850,0.111,g
2459222.35707,2021-01-07.8578848,bo,1.42,17.114,>17.114,99.990,0.504,0.104,g
2459222.35832,2021-01-07.8591336,bo,1.43,16.997,16.920,0.204,0.620,0.115,g
2459222.35957,2021-01-07.8603906,bo,1.45,17.207,>17.207,99.990,0.391,0.095,g
2459222.38721,2021-01-07.8880232,bo,1.45,17.063,16.719,0.160,0.746,0.109,g
2459222.38844,2021-01-07.8892532,bo,1.44,17.005,16.878,0.195,0.644,0.115,g
2459222.38966,2021-01-07.8904788,bo,1.47,17.060,>17.060,99.990,0.544,0.109,g
2459225.81836,2021-01-11.3191608,bG,1.54,16.910,16.766,0.192,0.714,0.125,g
2459225.81967,2021-01-11.3204701,bG,1.56,17.021,16.880,0.192,0.643,0.113,g
2459225.82098,2021-01-11.3217817,bG,1.55,17.083,16.974,0.198,0.590,0.107,g
2459226.31460,2021-01-11.8153918,bo,1.46,17.038,16.965,0.205,0.595,0.111,g
2459226.31582,2021-01-11.8166218,bo,1.46,16.998,16.675,0.163,0.776,0.115,g
2459226.31704,2021-01-11.8178400,bo,1.40,16.997,16.894,0.199,0.635,0.115,g
2459226.56289,2021-01-12.0636877,bk,1.48,17.101,>17.101,99.990,0.508,0.105,g
2459226.56411,2021-01-12.0649216,bk,1.5,16.963,>16.963,99.990,0.402,0.119,g
2459226.56536,2021-01-12.0661606,bk,1.49,16.986,16.832,0.190,0.672,0.117,g
2459227.55296,2021-01-13.0537461,bk,1.6,16.924,16.495,0.148,0.916,0.123,g
2459227.55418,2021-01-13.0549762,bk,1.64,16.946,16.821,0.195,0.678,0.121,g
2459227.55542,2021-01-13.0562076,bk,1.57,17.005,>17.005,99.990,0.556,0.115,g
2459227.81428,2021-01-13.3150643,bG,1.45,16.935,16.533,0.151,0.885,0.122,g
2459227.81556,2021-01-13.3163559,bG,1.47,16.928,16.785,0.192,0.701,0.123,g
2459227.81686,2021-01-13.3176461,bG,1.40,17.106,>17.106,99.990,0.490,0.104,g
2459228.53160,2021-01-14.0323850,bo,1.48,16.916,>16.916,99.990,0.471,0.124,g
2459228.53283,2021-01-14.0336182,bo,1.40,16.877,>16.877,99.990,0.387,0.129,g
2459228.53406,2021-01-14.0348422,bo,1.40,17.147,17.102,0.210,0.524,0.101,g
2459228.60548,2021-01-14.1062771,bk,1.46,17.015,17.010,0.218,0.570,0.114,g
2459228.60671,2021-01-14.1075045,bk,1.5,17.106,>17.106,99.990,0.501,0.104,g
2459228.60794,2021-01-14.1087312,bk,1.46,17.018,>17.018,99.990,0.502,0.113,g
2459229.41030,2021-01-14.9110789,bo,1.42,16.907,16.905,0.219,0.628,0.125,g
2459229.41152,2021-01-14.9123004,bo,1.44,16.995,>16.995,99.990,0.436,0.116,g
2459229.41274,2021-01-14.9135236,bo,1.46,17.080,>17.080,99.990,0.365,0.107,g
2459230.34458,2021-01-15.8453657,bo,1.67,17.055,16.765,0.168,0.715,0.109,g
2459230.34643,2021-01-15.8472046,bo,1.67,16.828,16.759,0.205,0.719,0.135,g
2459230.34792,2021-01-15.8487005,bo,1.66,16.844,16.385,0.143,1.014,0.133,g
2459230.55211,2021-01-16.0528806,bk,1.49,16.842,16.674,0.188,0.777,0.133,g
2459230.55334,2021-01-16.0541070,bk,1.46,16.929,16.791,0.193,0.698,0.123,g
2459230.55456,2021-01-16.0553362,bk,1.51,16.966,16.813,0.190,0.684,0.119,g
2459231.46693,2021-01-16.9677083,bo,1.61,16.948,16.936,0.217,0.610,0.121,g
2459231.46816,2021-01-16.9689317,bo,1.57,17.031,>17.031,99.990,0.380,0.112,g
2459231.46939,2021-01-16.9701606,bo,1.54,16.933,>16.933,99.990,0.599,0.122,g
2459231.55577,2021-01-17.0565468,bk,1.55,16.915,16.884,0.213,0.640,0.124,g
2459231.55701,2021-01-17.0577864,bk,1.44,16.956,16.696,0.172,0.761,0.120,g
2459231.55824,2021-01-17.0590221,bk,1.49,17.018,16.979,0.211,0.587,0.113,g
2459233.29031,2021-01-18.7910664,bo,1.69,16.557,>16.557,99.990,0.627,0.173,g
2459233.29153,2021-01-18.7922952,bo,1.67,16.482,>16.482,99.990,0.717,0.185,g
2459233.29276,2021-01-18.7935137,bo,1.63,16.549,>16.549,99.990,0.754,0.174,g
2459233.54085,2021-01-19.0416020,bo,1.46,17.121,17.098,0.215,0.526,0.103,g
2459233.54206,2021-01-19.0428177,bo,1.47,17.000,16.785,0.180,0.702,0.115,g
2459233.54329,2021-01-19.0440480,bo,1.46,17.022,16.661,0.157,0.786,0.113,g
2459234.38415,2021-01-19.8848946,bo,1.48,16.787,>16.787,99.990,0.466,0.140,g
2459234.38537,2021-01-19.8861160,bo,1.43,16.810,16.780,0.213,0.705,0.137,g
2459234.38659,2021-01-19.8873342,bo,1.47,16.811,16.738,0.205,0.733,0.137,g
2459235.37221,2021-01-20.8729502,bo,1.47,16.795,>16.795,99.990,0.326,0.139,g
2459235.37344,2021-01-20.8741861,bo,1.43,16.747,16.730,0.216,0.738,0.145,g
2459235.37469,2021-01-20.8754268,bo,1.46,16.717,>16.717,99.990,0.463,0.149,g
2459236.51089,2021-01-22.0116290,bo,1.58,16.813,>16.813,99.990,0.496,0.137,g
2459236.51212,2021-01-22.0128600,bo,1.62,17.015,>17.015,99.990,0.515,0.114,g
2459236.51335,2021-01-22.0140854,bo,1.64,99.990,99.990,99.990,99.990,99.990,g
2459237.35868,2021-01-22.8594091,bo,1.42,16.591,>16.591,99.990,0.441,0.168,g
2459237.35991,2021-01-22.8606369,bo,1.44,16.459,>16.459,99.990,0.858,0.189,g
2459237.36113,2021-01-22.8618636,bo,1.43,16.527,16.373,0.190,1.025,0.178,g
2459240.32181,2021-01-25.8225148,bo,1.49,16.153,>16.153,99.990,0.376,0.251,g
2459240.32303,2021-01-25.8237375,bo,1.49,16.116,>16.116,99.990,0.548,0.260,g
2459240.32426,2021-01-25.8249642,bo,1.43,16.117,>16.117,99.990,1.219,0.260,g
2459240.48374,2021-01-25.9844497,bo,1.49,16.153,>16.153,99.990,-0.763,0.251,g
2459240.48497,2021-01-25.9856707,bo,1.45,16.154,>16.154,99.990,0.039,0.251,g
2459240.48619,2021-01-25.9868902,bo,1.49,16.185,>16.185,99.990,0.795,0.244,g
2459240.51387,2021-01-26.0145745,bo,1.42,16.222,>16.222,99.990,-1.559,0.236,g
2459240.51510,2021-01-26.0158045,bo,1.58,16.194,>16.194,99.990,0.426,0.242,g
2459240.51632,2021-01-26.0170274,bo,1.58,16.175,>16.175,99.990,0.714,0.246,g
2459242.35418,2021-01-27.8548795,bo,1.53,15.811,>15.811,99.990,0.501,0.344,g
2459242.35541,2021-01-27.8561084,bo,1.50,15.784,>15.784,99.990,0.040,0.353,g
2459242.35664,2021-01-27.8573293,bo,1.46,15.876,>15.876,99.990,0.358,0.324,g
2459242.37666,2021-01-27.8773469,bo,1.52,15.742,>15.742,99.990,-0.599,0.367,g
2459242.37789,2021-01-27.8785819,bo,1.52,16.052,>16.052,99.990,-0.282,0.276,g
2459242.37913,2021-01-27.8798211,bo,1.57,15.749,>15.749,99.990,0.682,0.364,g
2459242.77810,2021-01-28.2787887,bG,1.49,15.809,>15.809,99.990,0.405,0.345,g
2459243.64074,2021-01-29.1414142,bk,1.5,15.759,>15.759,99.990,0.063,0.361,g
2459243.64197,2021-01-29.14265,bk,1.57,15.677,>15.677,99.990,0.211,0.389,g
2459243.64320,2021-01-29.1438774,bk,1.54,15.996,>15.996,99.990,0.609,0.290,g
2459243.66895,2021-01-29.1696305,bk,1.57,15.713,>15.713,99.990,0.138,0.376,g
2459243.67018,2021-01-29.1708606,bk,1.63,15.614,>15.614,99.990,0.357,0.413,g
2459243.67142,2021-01-29.1720978,bk,1.64,15.706,>15.706,99.990,0.738,0.379,g
2459244.43543,2021-01-29.9360954,bo,1.50,15.772,>15.772,99.990,0.172,0.357,g
2459244.43665,2021-01-29.9373173,bo,1.55,15.779,>15.779,99.990,1.059,0.354,g
2459244.43787,2021-01-29.9385427,bo,1.52,15.878,>15.878,99.990,-0.101,0.324,g
2459245.34600,2021-01-30.8466600,bo,1.51,16.125,>16.125,99.990,0.475,0.258,g
2459245.34723,2021-01-30.8478961,bo,1.43,16.365,>16.365,99.990,0.725,0.207,g
2459245.34845,2021-01-30.8491133,bo,1.49,16.130,>16.130,99.990,0.579,0.257,g
2459247.75924,2021-02-02.2598673,bG,1.49,16.348,>16.348,99.990,0.347,0.210,g
2459247.76051,2021-02-02.2611508,bG,1.46,16.372,>16.372,99.990,0.770,0.205,g
2459247.76181,2021-02-02.2624401,bG,1.48,16.374,>16.374,99.990,0.324,0.205,g
2459248.42619,2021-02-02.9268188,bo,1.53,16.398,>16.398,99.990,0.555,0.200,g
2459248.42785,2021-02-02.9284774,bo,1.45,16.434,>16.434,99.990,0.594,0.194,g
2459248.42918,2021-02-02.9298093,bo,1.45,16.296,>16.296,99.990,0.669,0.220,g
2459248.46182,2021-02-02.9624519,bo,1.49,16.372,>16.372,99.990,0.520,0.205,g
2459248.46310,2021-02-02.9637303,bo,1.50,16.295,>16.295,99.990,0.500,0.220,g
2459248.46436,2021-02-02.9649822,bo,1.44,16.391,>16.391,99.990,0.752,0.202,g
2459248.63368,2021-02-03.1343017,bG,1.44,16.923,>16.923,99.990,0.459,0.124,g
2459248.63496,2021-02-03.1355886,bG,1.46,16.943,16.500,0.146,0.913,0.121,g
2459248.63626,2021-02-03.1368909,bG,1.45,16.829,16.762,0.206,0.717,0.135,g
2459249.45739,2021-02-03.9580031,bo,1.50,16.578,>16.578,99.990,0.306,0.170,g
2459249.45861,2021-02-03.9592252,bo,1.43,16.522,>16.522,99.990,0.242,0.179,g
2459249.45984,2021-02-03.9604541,bo,1.47,16.588,>16.588,99.990,0.679,0.168,g
2459249.57880,2021-02-04.0794246,bk,1.45,17.036,16.732,0.165,0.737,0.111,g
2459249.58004,2021-02-04.0806583,bk,1.45,16.935,>16.935,99.990,0.376,0.122,g
2459249.58127,2021-02-04.0818916,bk,1.45,17.048,16.567,0.141,0.858,0.110,g
2459251.46205,2021-02-05.9626524,bo,1.53,16.710,>16.710,99.990,0.568,0.150,g
2459251.46327,2021-02-05.9638662,bo,1.54,16.795,>16.795,99.990,0.598,0.139,g
2459251.46449,2021-02-05.9650848,bo,1.52,17.000,16.634,0.156,0.806,0.115,g
2459251.75137,2021-02-06.2519583,bG,1.43,16.906,>16.906,99.990,0.553,0.125,g
2459251.75268,2021-02-06.2532702,bG,1.41,16.772,16.674,0.200,0.777,0.142,g
2459252.28069,2021-02-06.7812791,bo,1.65,16.766,>16.766,99.990,0.581,0.143,g
2459252.28191,2021-02-06.7824975,bo,1.66,16.757,>16.757,99.990,0.329,0.144,g
2459252.28315,2021-02-06.7837393,bo,1.66,16.800,16.784,0.216,0.702,0.138,g
2459252.43024,2021-02-06.9308258,bo,1.47,16.936,>16.936,99.990,0.586,0.122,g
2459252.43147,2021-02-06.9320568,bo,1.48,16.804,16.529,0.170,0.888,0.138,g
2459252.43270,2021-02-06.9332844,bo,1.51,16.939,>16.939,99.990,0.551,0.122,g
2459252.75052,2021-02-07.2510983,bG,1.47,17.061,16.984,0.204,0.584,0.109,g
2459254.54694,2021-02-09.0474989,bG,1.52,16.924,16.762,0.189,0.716,0.123,g
2459254.54822,2021-02-09.0487891,bG,1.51,17.059,16.995,0.207,0.578,0.109,g
2459254.54951,2021-02-09.0500731,bG,1.53,17.064,>17.064,99.990,0.456,0.108,g
2459255.49320,2021-02-09.9937528,bo,1.47,16.984,>16.984,99.990,0.445,0.117,g
2459255.49444,2021-02-09.9949863,bo,1.50,16.849,>16.849,99.990,0.636,0.132,g
2459255.49566,2021-02-09.9962128,bo,1.48,17.026,>17.026,99.990,0.302,0.112,g
2459256.46367,2021-02-10.9642246,bo,1.46,99.990,99.990,99.990,99.990,99.990,g
2459256.46491,2021-02-10.9654557,bo,1.43,16.520,>16.520,99.990,0.685,0.179,g
2459256.46614,2021-02-10.9666857,bo,1.42,99.990,99.990,99.990,99.990,99.990,g
2459258.68681,2021-02-13.1873238,bk,1.46,16.989,16.916,0.205,0.622,0.116,g
2459258.68803,2021-02-13.1885564,bk,1.46,17.010,>17.010,99.990,0.524,0.114,g
2459258.68927,2021-02-13.1897934,bk,1.5,16.929,>16.929,99.990,0.516,0.123,g
2459259.34555,2021-02-13.8460591,bo,1.44,17.071,>17.071,99.990,0.436,0.108,g
2459259.34677,2021-02-13.8472763,bo,1.44,17.031,16.829,0.182,0.674,0.112,g
2459259.34800,2021-02-13.8485043,bo,1.46,17.089,16.651,0.146,0.794,0.106,g
2459261.52663,2021-02-16.0271111,bG,1.85,16.808,16.596,0.180,0.834,0.137,g
2459261.52791,2021-02-16.0283951,bG,1.81,16.753,>16.753,99.990,0.656,0.144,g
2459261.52922,2021-02-16.0297054,bG,1.80,16.819,16.752,0.206,0.723,0.136,g
2459262.33816,2021-02-16.8386295,bo,1.52,17.028,>17.028,99.990,0.450,0.112,g
2459262.33939,2021-02-16.8398596,bo,1.47,17.015,16.875,0.193,0.645,0.114,g
2459262.34060,2021-02-16.8410776,bo,1.45,17.011,16.986,0.214,0.583,0.114,g
2459262.39635,2021-02-16.8968218,bo,1.48,17.000,>17.000,99.990,0.506,0.115,g
2459262.39757,2021-02-16.8980461,bo,1.50,17.150,>17.150,99.990,0.371,0.100,g
2459262.39880,2021-02-16.8992645,bo,1.41,17.027,16.695,0.161,0.763,0.112,g
2459262.43810,2021-02-16.9385701,bo,1.58,16.966,>16.966,99.990,0.480,0.119,g
2459264.52442,2021-02-19.0248637,bG,1.43,16.602,>16.602,99.990,0.457,0.166,g
2459264.52573,2021-02-19.0261694,bG,1.45,16.706,>16.706,99.990,0.216,0.151,g
2459264.52703,2021-02-19.0274695,bG,1.43,16.759,>16.759,99.990,0.673,0.144,g
2459265.42546,2021-02-19.9258862,bo,1.43,17.177,17.056,0.196,0.546,0.098,g
2459265.42668,2021-02-19.9271069,bo,1.42,17.072,16.762,0.165,0.717,0.108,g
2459265.42790,2021-02-19.9283335,bo,1.46,17.164,>17.164,99.990,0.336,0.099,g
2459266.29936,2021-02-20.7997878,bo,1.43,99.990,99.990,99.990,99.990,99.990,g
2459266.30060,2021-02-20.8010296,bo,1.42,99.990,99.990,99.990,99.990,99.990,g
2459266.30183,2021-02-20.8022562,bo,1.44,16.638,>16.638,99.990,0.663,0.161,g
2459268.34167,2021-02-22.8420633,bo,1.44,16.259,>16.259,99.990,0.626,0.228,g
2459268.34289,2021-02-22.8432813,bo,1.47,16.451,>16.451,99.990,0.448,0.191,g
2459268.34411,2021-02-22.8444975,bo,1.46,16.329,>16.329,99.990,0.565,0.214,g
2459268.67152,2021-02-23.1719091,bk,1.54,16.203,>16.203,99.990,0.473,0.240,g
2459268.67276,2021-02-23.1731447,bk,1.53,16.247,>16.247,99.990,0.726,0.230,g
2459268.67399,2021-02-23.1743795,bk,1.55,16.116,>16.116,99.990,0.370,0.260,g
2459269.38507,2021-02-23.8854460,bo,1.45,16.069,>16.069,99.990,0.840,0.271,g
2459269.38628,2021-02-23.8866623,bo,1.50,16.151,>16.151,99.990,0.686,0.252,g
2459269.38750,2021-02-23.8878826,bo,1.45,16.177,>16.177,99.990,0.405,0.246,g
2459271.68925,2021-02-26.1895975,bG,1.43,99.990,99.990,99.990,99.990,99.990,g
2459271.69056,2021-02-26.1909096,bG,1.93,99.990,99.990,99.990,99.990,99.990,g
2459273.64944,2021-02-28.1497600,bG,1.49,15.964,>15.964,99.990,1.007,0.299,g
2459273.65073,2021-02-28.1510589,bG,1.46,15.834,>15.834,99.990,0.764,0.337,g
2459273.65203,2021-02-28.1523565,bG,1.51,15.962,>15.962,99.990,0.444,0.299,g
2459275.54543,2021-03-02.0457325,bk,1.44,17.044,16.815,0.178,0.683,0.111,g
2459275.54668,2021-03-02.0469709,bk,1.44,16.884,16.444,0.146,0.961,0.128,g
2459275.54790,2021-03-02.0481984,bk,1.46,16.827,>16.827,99.990,0.602,0.135,g
2459276.26944,2021-03-02.7697181,bo,1.53,16.903,16.788,0.197,0.700,0.126,g
2459276.27067,2021-03-02.7709493,bo,1.46,16.950,16.723,0.178,0.743,0.121,g
2459276.27190,2021-03-02.7721805,bo,1.46,16.932,16.439,0.139,0.965,0.123,g
2459276.68159,2021-03-03.1818680,bG,1.44,16.228,>16.228,99.990,0.809,0.234,g
2459276.68289,2021-03-03.1831664,bG,1.48,16.188,>16.188,99.990,0.943,0.243,g
2459276.68419,2021-03-03.1844709,bG,1.41,16.381,>16.381,99.990,0.849,0.204,g
2459277.42262,2021-03-03.9228863,bo,1.43,16.336,>16.336,99.990,0.673,0.212,g
2459277.42385,2021-03-03.9241150,bo,1.46,16.357,>16.357,99.990,0.269,0.208,g
2459277.42508,2021-03-03.9253437,bo,1.45,16.413,16.339,0.205,1.058,0.198,g
2459277.58911,2021-03-04.0893751,bk,1.47,16.961,16.863,0.200,0.653,0.119,g
2459277.59034,2021-03-04.0906118,bk,1.47,17.018,>17.018,99.990,0.530,0.113,g
2459277.59157,2021-03-04.0918431,bk,1.49,17.004,>17.004,99.990,0.495,0.115,g
2459278.26021,2021-03-04.7604694,bo,1.72,16.606,16.600,0.218,0.831,0.165,g
2459278.26144,2021-03-04.7616947,bo,1.69,16.859,>16.859,99.990,0.489,0.131,g
2459278.26266,2021-03-04.7629283,bo,1.68,16.741,>16.741,99.990,0.478,0.146,g
2459278.67597,2021-03-05.1762173,bG,1.44,16.660,>16.660,99.990,0.468,0.157,g
2459278.67725,2021-03-05.1774993,bG,1.44,16.488,>16.488,99.990,0.643,0.184,g
2459278.67855,2021-03-05.1787968,bG,1.43,16.654,>16.654,99.990,0.596,0.158,g
2459279.28152,2021-03-05.7817644,bo,1.47,16.994,>16.994,99.990,0.417,0.116,g
2459279.28275,2021-03-05.7829935,bo,1.44,17.034,16.686,0.159,0.769,0.112,g
2459279.28397,2021-03-05.7842223,bo,1.45,16.955,>16.955,99.990,0.492,0.120,g
2459279.37489,2021-03-05.8751344,bo,1.45,16.974,16.942,0.213,0.607,0.118,g
2459279.37611,2021-03-05.8763609,bo,1.39,17.020,16.564,0.144,0.860,0.113,g
2459279.37734,2021-03-05.8775900,bo,1.39,16.971,>16.971,99.990,0.443,0.118,g
2459279.53445,2021-03-06.0346835,bk,1.45,17.060,>17.060,99.990,0.510,0.109,g
2459279.53568,2021-03-06.0359210,bk,1.48,16.995,>16.995,99.990,0.562,0.116,g
2459279.53691,2021-03-06.0371475,bk,1.45,17.136,16.796,0.160,0.694,0.102,g
2459279.55725,2021-03-06.0574899,bk,1.46,16.984,>16.984,99.990,0.538,0.117,g
2459279.55848,2021-03-06.0587177,bk,1.45,16.981,>16.981,99.990,0.437,0.117,g
2459279.55971,2021-03-06.0599465,bk,1.48,16.912,>16.912,99.990,0.520,0.125,g
2459280.41469,2021-03-06.9149170,bo,1.48,16.949,16.863,0.202,0.653,0.121,g
2459280.41592,2021-03-06.9161460,bo,1.47,17.007,>17.007,99.990,0.464,0.114,g
2459280.41716,2021-03-06.9173807,bo,1.44,17.017,16.977,0.211,0.588,0.113,g
2459281.63124,2021-03-08.1314499,bk,1.4,16.967,>16.967,99.990,0.416,0.119,g
2459281.63247,2021-03-08.1326821,bk,1.45,16.912,16.774,0.193,0.709,0.125,g
2459281.63370,2021-03-08.1339050,bk,1.49,17.105,16.731,0.155,0.737,0.105,g
2459282.28692,2021-03-08.7871136,bo,1.36,99.990,99.990,99.990,99.990,99.990,g
2459282.28816,2021-03-08.7883543,bo,1.41,14.343,>14.343,99.990,-3.217,1.330,g
2459282.28940,2021-03-08.7895952,bo,1.54,13.382,>13.382,99.990,1.728,3.222,g
2459282.36081,2021-03-08.8610106,bo,1.45,99.990,99.990,99.990,99.990,99.990,g
2459282.36203,2021-03-08.8622254,bo,1.44,99.990,99.990,99.990,99.990,99.990,g
2459282.65896,2021-03-09.1591524,bG,1.44,16.989,16.869,0.196,0.649,0.116,g
2459282.66025,2021-03-09.1604358,bG,1.43,17.070,>17.070,99.990,0.485,0.108,g
2459282.66153,2021-03-09.1617276,bG,1.41,17.020,>17.020,99.990,0.521,0.113,g
2459284.50476,2021-03-11.0049319,bG,2.27,16.394,>16.394,99.990,0.623,0.201,g
2459284.50606,2021-03-11.0062282,bG,2.27,16.759,>16.759,99.990,0.516,0.144,g
2459284.50736,2021-03-11.0075293,bG,2.25,16.658,>16.658,99.990,0.616,0.158,g
2459287.64682,2021-03-14.1469387,bG,1.80,16.957,>16.957,99.990,0.552,0.120,g
2459287.64812,2021-03-14.1482439,bG,1.81,16.833,>16.833,99.990,0.670,0.134,g
2459287.64945,2021-03-14.1495696,bG,1.79,16.798,>16.798,99.990,0.419,0.139,g
2459288.64834,2021-03-15.1484476,bG,2.02,99.990,99.990,99.990,99.990,99.990,g
2459288.64965,2021-03-15.1497584,bG,2.00,17.022,>17.022,99.990,0.282,0.113,g
2459288.65094,2021-03-15.1510423,bG,2.00,99.990,99.990,99.990,99.990,99.990,g
2459291.24467,2021-03-17.7447418,bo,1.73,16.511,>16.511,99.990,0.777,0.181,g
2459291.24589,2021-03-17.7459613,bo,1.75,16.629,>16.629,99.990,0.440,0.162,g
2459291.24713,2021-03-17.7471925,bo,1.73,16.572,>16.572,99.990,0.338,0.171,g
2459292.50833,2021-03-19.0083802,bk,1.52,16.736,>16.736,99.990,0.486,0.147,g
2459292.50956,2021-03-19.0096115,bk,1.48,16.783,>16.783,99.990,0.636,0.141,g
2459292.51077,2021-03-19.0108288,bk,1.47,16.910,>16.910,99.990,0.357,0.125,g
2459293.53298,2021-03-20.0330157,bG,1.58,16.793,16.613,0.186,0.822,0.139,g
2459293.53427,2021-03-20.0343046,bG,1.58,16.700,>16.700,99.990,0.566,0.152,g
2459293.53557,2021-03-20.0356012,bG,1.59,16.717,>16.717,99.990,0.547,0.149,g
2459294.34390,2021-03-20.8439200,bo,1.46,16.819,16.774,0.210,0.709,0.136,g
2459294.34512,2021-03-20.8451394,bo,1.48,16.874,16.650,0.178,0.795,0.129,g
2459294.34635,2021-03-20.8463695,bo,1.44,16.897,>16.897,99.990,0.602,0.127,g
2459294.38084,2021-03-20.8808590,bo,1.48,16.895,16.726,0.187,0.741,0.127,g
2459294.38206,2021-03-20.8820774,bo,1.49,16.892,>16.892,99.990,0.581,0.127,g
2459294.38328,2021-03-20.8833040,bo,1.51,17.108,>17.108,99.990,0.481,0.104,g
2459296.24774,2021-03-22.7477314,bo,1.85,16.443,>16.443,99.990,0.611,0.192,g
2459296.24896,2021-03-22.7489506,bo,1.79,16.468,16.307,0.189,1.089,0.188,g
2459296.25019,2021-03-22.7501809,bo,1.8,16.624,>16.624,99.990,0.161,0.163,g
2459296.58832,2021-03-23.0883055,bk,1.47,16.643,>16.643,99.990,0.375,0.160,g
2459296.58956,2021-03-23.0895486,bk,1.46,16.401,>16.401,99.990,0.821,0.200,g
2459296.59081,2021-03-23.0907986,bk,1.44,16.525,>16.525,99.990,0.278,0.178,g
2459296.62994,2021-03-23.1299234,bG,1.41,16.798,>16.798,99.990,-1.429,0.139,g
2459296.63124,2021-03-23.1312214,bG,1.42,16.460,>16.460,99.990,0.765,0.189,g
2459297.58052,2021-03-24.0804872,bk,1.49,16.556,>16.556,99.990,0.296,0.173,g
2459297.58173,2021-03-24.0817032,bk,1.47,16.198,>16.198,99.990,1.023,0.241,g
2459297.58296,2021-03-24.0829333,bk,1.47,16.290,16.278,0.217,1.118,0.221,g
2459298.35942,2021-03-24.8593818,bo,1.55,16.122,>16.122,99.990,1.219,0.258,g
2459298.36065,2021-03-24.8606119,bo,1.58,16.272,>16.272,99.990,0.207,0.225,g
2459298.36188,2021-03-24.8618407,bo,1.56,16.206,>16.206,99.990,0.294,0.239,g
2459299.62102,2021-03-26.1209589,bG,1.44,16.138,>16.138,99.990,1.020,0.255,g
2459299.62231,2021-03-26.1222488,bG,1.46,16.068,>16.068,99.990,0.982,0.272,g
2459300.61576,2021-03-27.1156825,bG,1.47,16.101,>16.101,99.990,0.940,0.264,g
2459300.61707,2021-03-27.1169938,bG,1.48,15.962,>15.962,99.990,0.596,0.299,g
2459300.61836,2021-03-27.1182848,bG,1.43,15.889,>15.889,99.990,0.356,0.320,g
2459303.60928,2021-03-30.1091549,bG,1.5,15.659,>15.659,99.990,0.154,0.396,g
2459303.61058,2021-03-30.1104581,bG,1.46,15.801,>15.801,99.990,-0.167,0.347,g
2459303.61191,2021-03-30.1117878,bG,1.49,15.753,>15.753,99.990,0.548,0.363,g
2459305.32933,2021-03-31.8291951,bo,1.43,15.507,>15.507,99.990,0.829,0.455,g
2459305.33056,2021-03-31.8304274,bo,1.39,15.643,>15.643,99.990,1.548,0.402,g
2459305.33180,2021-03-31.8316589,bo,1.39,15.704,>15.704,99.990,1.146,0.380,g
2459305.35972,2021-03-31.8595809,bo,1.44,15.822,>15.822,99.990,0.670,0.340,g
2459305.36095,2021-03-31.8608006,bo,1.49,15.897,>15.897,99.990,0.260,0.318,g
2459306.60212,2021-04-02.1019644,bG,1.49,16.547,>16.547,99.990,0.643,0.175,g
2459306.60341,2021-04-02.1032459,bG,1.48,16.513,>16.513,99.990,0.749,0.180,g
2459308.58508,2021-04-04.0848846,bG,1.44,16.213,>16.213,99.990,1.034,0.238,g
2459308.58638,2021-04-04.0861829,bG,1.39,16.190,>16.190,99.990,0.820,0.243,g
2459308.58767,2021-04-04.0874807,bG,1.4,16.169,>16.169,99.990,0.718,0.247,g
2459310.52008,2021-04-06.0198695,bk,1.43,16.880,16.864,0.216,0.653,0.129,g
2459310.52131,2021-04-06.0210901,bk,1.47,17.125,>17.125,99.990,0.480,0.103,g
2459310.52253,2021-04-06.0223163,bk,1.44,16.956,16.538,0.149,0.881,0.120,g
2459311.53707,2021-04-07.0368435,bG,1.45,16.916,>16.916,99.990,0.531,0.124,g
2459311.53834,2021-04-07.0381115,bG,1.45,16.895,16.809,0.202,0.686,0.127,g
2459311.53961,2021-04-07.0393737,bG,1.43,17.030,16.565,0.143,0.859,0.112,g
2459312.58424,2021-04-08.0839877,bG,1.49,16.962,>16.962,99.990,0.483,0.119,g
2459312.58551,2021-04-08.0852638,bG,1.41,17.049,16.900,0.191,0.631,0.110,g
2459312.58679,2021-04-08.0865393,bG,1.46,16.864,16.722,0.192,0.743,0.130,g
2459313.53806,2021-04-09.0377978,bG,1.42,17.015,>17.015,99.990,0.564,0.113,g
2459313.53935,2021-04-09.0390888,bG,1.45,17.034,16.703,0.162,0.756,0.112,g
2459313.54064,2021-04-09.0403784,bG,1.45,17.045,16.944,0.200,0.606,0.110,g
2459315.24129,2021-04-10.7409981,bo,1.57,16.907,>16.907,99.990,0.614,0.125,g
2459315.24274,2021-04-10.7424527,bo,1.59,16.897,>16.897,99.990,0.534,0.127,g
2459315.24397,2021-04-10.7436864,bo,1.66,16.936,16.719,0.180,0.745,0.122,g
2459317.48803,2021-04-12.9877078,bG,1.67,16.837,>16.837,99.990,0.572,0.134,g
2459317.48930,2021-04-12.9889837,bG,1.6,16.858,16.698,0.189,0.760,0.131,g
2459317.49058,2021-04-12.9902567,bG,1.6,16.819,>16.819,99.990,0.610,0.136,g
2459321.21152,2021-04-16.7111598,bo,2.04,15.615,>15.615,99.990,1.953,0.412,g
2459321.21276,2021-04-16.7123974,bo,2.0,15.662,>15.662,99.990,0.190,0.395,g
2459321.21399,2021-04-16.7136278,bo,1.99,15.934,>15.934,99.990,0.285,0.307,g
2459321.49048,2021-04-16.9901120,bG,1.48,15.382,>15.382,99.990,-0.408,0.511,g
2459321.49177,2021-04-16.9913983,bG,1.56,15.595,>15.595,99.990,0.002,0.420,g
2459321.49305,2021-04-16.9926783,bG,1.55,14.711,>14.711,99.990,0.448,0.947,g
2459322.31229,2021-04-17.8119019,bo,1.44,16.759,>16.759,99.990,0.517,0.144,g
2459322.31352,2021-04-17.8131355,bo,1.41,16.788,>16.788,99.990,0.389,0.140,g
2459322.31473,2021-04-17.8143495,bo,1.43,16.879,16.570,0.165,0.855,0.129,g
2459323.51689,2021-04-19.0164901,bk,1.51,16.840,16.767,0.205,0.713,0.133,g
2459323.51812,2021-04-19.0177212,bk,1.49,16.658,>16.658,99.990,0.405,0.158,g
2459323.51936,2021-04-19.0189629,bk,1.45,16.747,>16.747,99.990,0.691,0.145,g
2459325.30225,2021-04-20.8018305,bo,1.46,16.309,>16.309,99.990,0.432,0.218,g
2459325.30348,2021-04-20.8030562,bo,1.5,16.366,>16.366,99.990,0.552,0.206,g
2459325.30470,2021-04-20.8042748,bo,1.43,16.319,>16.319,99.990,0.785,0.216,g
2459327.29756,2021-04-22.7971182,bo,1.45,16.132,>16.132,99.990,1.196,0.256,g
2459327.29879,2021-04-22.7983450,bo,1.5,15.914,>15.914,99.990,0.982,0.313,g
2459327.30001,2021-04-22.7995589,bo,1.44,16.111,>16.111,99.990,0.466,0.261,g
2459328.54450,2021-04-24.0440311,bG,1.46,16.092,>16.092,99.990,0.266,0.266,g
2459329.53582,2021-04-25.0353487,bG,1.42,15.963,>15.963,99.990,0.807,0.299,g
2459329.53710,2021-04-25.0366241,bG,1.47,16.005,>16.005,99.990,0.565,0.288,g
2459329.53838,2021-04-25.0378997,bG,1.42,16.060,>16.060,99.990,0.083,0.273,g
2459331.52630,2021-04-27.0258004,bG,1.45,15.719,>15.719,99.990,0.708,0.374,g
2459331.52758,2021-04-27.0270828,bG,1.50,15.682,>15.682,99.990,1.050,0.387,g
2459331.52886,2021-04-27.0283598,bG,1.52,15.734,>15.734,99.990,0.050,0.369,g
2459332.23415,2021-04-27.7336413,bo,1.48,15.773,>15.773,99.990,1.250,0.356,g
2459332.23539,2021-04-27.7348807,bo,1.49,15.637,>15.637,99.990,0.530,0.404,g
2459332.23661,2021-04-27.7360980,bo,1.41,15.825,>15.825,99.990,1.012,0.340,g
2459333.52477,2021-04-29.0242484,bG,1.44,16.215,>16.215,99.990,0.131,0.237,g
2459333.52607,2021-04-29.0255387,bG,1.45,16.186,>16.186,99.990,0.634,0.244,g
2459333.52734,2021-04-29.0268140,bG,1.45,16.035,>16.035,99.990,1.079,0.280,g
2459334.46626,2021-04-29.9657297,bG,1.65,16.745,16.720,0.214,0.744,0.146,g
2459334.46755,2021-04-29.9670173,bG,1.63,16.667,>16.667,99.990,0.554,0.156,g
2459334.46884,2021-04-29.9683087,bG,1.64,16.762,16.747,0.216,0.726,0.143,g
2459337.50511,2021-05-03.0045406,bG,1.45,16.594,>16.594,99.990,0.804,0.167,g
2459337.50641,2021-05-03.0058399,bG,1.42,16.561,16.555,0.218,0.867,0.172,g
2459337.50770,2021-05-03.0071252,bG,1.41,16.687,>16.687,99.990,0.738,0.154,g
2459338.51377,2021-05-04.0131855,bG,1.46,16.888,16.703,0.185,0.757,0.128,g
2459338.51503,2021-05-04.0144476,bG,1.42,16.862,>16.862,99.990,0.561,0.131,g
2459338.51630,2021-05-04.0157218,bG,1.39,16.957,16.665,0.167,0.783,0.120,g
2459340.25597,2021-05-05.7553686,bo,1.46,17.007,>17.007,99.990,0.315,0.114,g
2459340.25720,2021-05-05.7565944,bo,1.47,16.962,>16.962,99.990,0.594,0.119,g
2459340.25843,2021-05-05.7578222,bo,1.43,16.989,16.623,0.156,0.814,0.116,g
2459342.50125,2021-05-08.0006265,bG,1.52,16.959,>16.959,99.990,0.464,0.120,g
2459342.50253,2021-05-08.0019133,bG,1.5,16.975,>16.975,99.990,0.569,0.118,g
2459342.50382,2021-05-08.0031899,bG,1.57,17.024,>17.024,99.990,0.537,0.113,g
2459344.45481,2021-05-09.9541633,bk,2.44,99.990,99.990,99.990,99.990,99.990,g
2459344.45603,2021-05-09.9553868,bk,1.58,99.990,99.990,99.990,99.990,99.990,g
2459345.19678,2021-05-10.6961325,bo,2.48,15.614,>15.614,99.990,0.923,0.413,g
2459346.47246,2021-05-11.9717938,bG,1.60,16.926,>16.926,99.990,0.526,0.123,g
2459346.47374,2021-05-11.9730739,bG,1.63,16.888,16.850,0.212,0.661,0.128,g
2459346.47503,2021-05-11.9743592,bG,1.62,16.934,16.847,0.202,0.663,0.122,g
2459348.22626,2021-05-13.7255740,bo,1.52,16.988,>16.988,99.990,0.402,0.116,g
2459348.22751,2021-05-13.7268300,bo,1.44,16.951,>16.951,99.990,0.554,0.120,g
2459348.22878,2021-05-13.7281021,bo,1.47,16.929,>16.929,99.990,0.582,0.123,g
2459349.48256,2021-05-14.9818687,bG,1.46,17.037,16.716,0.163,0.748,0.111,g
2459349.48384,2021-05-14.9831432,bG,1.48,16.811,16.785,0.214,0.702,0.137,g
2459349.48512,2021-05-14.9844276,bG,1.43,16.929,>16.929,99.990,0.462,0.123,g
2459351.45464,2021-05-16.9539359,bG,2.00,16.256,>16.256,99.990,0.504,0.228,g
2459351.45594,2021-05-16.9552221,bG,1.89,16.363,>16.363,99.990,0.618,0.207,g
2459351.45720,2021-05-16.9564954,bG,1.85,16.367,>16.367,99.990,0.722,0.206,g
2459352.47678,2021-05-17.9760616,bG,1.43,16.651,>16.651,99.990,0.537,0.159,g
2459352.47806,2021-05-17.9773445,bG,1.46,16.524,>16.524,99.990,0.616,0.178,g
2459352.47935,2021-05-17.9786339,bG,1.43,16.687,16.598,0.202,0.833,0.154,g
2459353.47002,2021-05-18.9692960,bG,1.9,16.430,>16.430,99.990,0.672,0.195,g
2459353.47130,2021-05-18.9705791,bG,1.53,16.597,>16.597,99.990,0.458,0.167,g
2459353.47260,2021-05-18.9718687,bG,1.64,16.605,>16.605,99.990,0.424,0.166,g
2459356.46503,2021-05-21.9642800,bG,1.42,16.360,>16.360,99.990,0.776,0.208,g
2459356.46629,2021-05-21.9655421,bG,1.43,15.888,>15.888,99.990,0.976,0.321,g
2459356.46757,2021-05-21.9668171,bG,1.49,15.555,>15.555,99.990,0.625,0.436,g
2459357.46075,2021-05-22.9599864,bG,1.68,16.282,>16.282,99.990,0.510,0.223,g
2459357.46204,2021-05-22.9612806,bG,1.59,16.122,>16.122,99.990,-0.160,0.258,g
2459357.46332,2021-05-22.9625645,bG,1.67,16.206,>16.206,99.990,0.273,0.239,g
2459359.20767,2021-05-24.7068942,bo,1.56,14.622,>14.622,99.990,3.374,1.029,g
2459359.20890,2021-05-24.7081299,bo,1.37,14.774,>14.774,99.990,-0.755,0.894,g
2459359.21017,2021-05-24.7093966,bo,1.46,14.785,>14.785,99.990,-0.851,0.885,g
2459359.45395,2021-05-24.9531774,bG,2.08,15.896,>15.896,99.990,1.353,0.318,g
2459359.45524,2021-05-24.9544620,bG,2.06,15.857,>15.857,99.990,0.397,0.330,g
2459359.45653,2021-05-24.9557521,bG,1.68,15.696,>15.696,99.990,1.166,0.382,g
2459360.45638,2021-05-25.9556101,bG,1.7,15.667,>15.667,99.990,0.707,0.393,g
2459360.45766,2021-05-25.9568861,bG,1.77,15.639,>15.639,99.990,0.790,0.403,g
2459361.19892,2021-05-26.6981393,bo,1.65,15.508,>15.508,99.990,1.345,0.455,g
2459361.20018,2021-05-26.6993952,bo,1.76,15.507,>15.507,99.990,-0.502,0.455,g
2459361.20140,2021-05-26.7006217,bo,1.65,15.528,>15.528,99.990,0.137,0.447,g
2459402.94981,2021-07-07.4489583,bG,1.53,15.644,>15.644,99.990,0.259,0.401,g
2459403.94610,2021-07-08.4452535,bG,1.46,16.132,>16.132,99.990,0.616,0.256,g
2459403.94738,2021-07-08.4465409,bG,1.46,15.919,>15.919,99.990,0.663,0.311,g
2459408.93221,2021-07-13.4313878,bG,1.53,16.821,>16.821,99.990,0.464,0.136,g
2459408.93351,2021-07-13.4326909,bG,1.58,16.822,>16.822,99.990,0.549,0.136,g
2459409.93118,2021-07-14.4303618,bk,1.49,16.869,16.837,0.213,0.668,0.130,g
2459409.93242,2021-07-14.4316021,bk,1.46,17.021,>17.021,99.990,0.454,0.113,g
2459409.93366,2021-07-14.4328432,bk,1.46,16.833,16.568,0.172,0.856,0.134,g
2459411.92035,2021-07-16.4195399,bk,1.51,16.910,>16.910,99.990,0.378,0.125,g
2459411.92159,2021-07-16.4207804,bk,1.47,16.945,>16.945,99.990,0.504,0.121,g
2459411.92285,2021-07-16.4220351,bk,1.46,16.938,16.848,0.202,0.662,0.122,g
2459413.67199,2021-07-18.1711972,bo,1.49,16.942,>16.942,99.990,0.459,0.121,g
2459413.67328,2021-07-18.1724736,bo,1.54,16.974,16.609,0.156,0.825,0.118,g
2459413.67456,2021-07-18.1737620,bo,1.52,16.732,>16.732,99.990,0.585,0.147,g
2459425.93052,2021-07-30.4298059,bG,1.56,16.500,>16.500,99.990,0.591,0.182,g
2459425.93182,2021-07-30.4311046,bG,1.48,16.494,>16.494,99.990,0.843,0.183,g
2459425.93311,2021-07-30.4324011,bG,1.49,16.560,16.485,0.205,0.924,0.173,g
2459428.89419,2021-08-02.3935081,bk,1.47,16.760,>16.760,99.990,0.443,0.144,g
2459428.89545,2021-08-02.3947682,bk,1.44,16.720,>16.720,99.990,0.605,0.149,g
2459428.89671,2021-08-02.3960217,bk,1.48,16.903,16.860,0.211,0.655,0.126,g
2459429.89585,2021-08-03.3951796,bG,1.56,16.736,>16.736,99.990,0.655,0.147,g
2459429.89717,2021-08-03.3964896,bG,1.52,16.770,16.494,0.170,0.918,0.142,g
2459430.63466,2021-08-04.1339903,bo,1.43,16.663,>16.663,99.990,0.553,0.157,g
2459430.63590,2021-08-04.1352394,bo,1.45,16.711,16.657,0.208,0.790,0.150,g
2459430.63715,2021-08-04.1364898,bo,1.49,16.620,16.515,0.199,0.900,0.163,g
2459431.63473,2021-08-05.1340721,bo,1.49,16.898,>16.898,99.990,0.139,0.126,g
2459431.63597,2021-08-05.1353115,bo,1.43,16.968,16.658,0.165,0.788,0.119,g
2459431.63721,2021-08-05.1365579,bo,1.49,16.890,>16.890,99.990,0.581,0.127,g
2459431.88755,2021-08-05.3868916,bk,1.51,16.899,16.588,0.165,0.841,0.126,g
2459431.88879,2021-08-05.3881321,bk,1.43,17.039,16.627,0.150,0.811,0.111,g
2459431.89003,2021-08-05.3893729,bk,1.46,16.962,16.712,0.174,0.751,0.119,g
2459432.88390,2021-08-06.3832519,bk,1.48,16.883,16.773,0.198,0.709,0.128,g
2459432.88514,2021-08-06.3844927,bk,1.49,16.941,>16.941,99.990,0.404,0.122,g
2459432.88637,2021-08-06.3857334,bk,1.5,16.850,>16.850,99.990,0.479,0.132,g
2459433.88134,2021-08-07.3807094,bG,1.45,17.037,>17.037,99.990,0.404,0.111,g
2459433.88264,2021-08-07.3820041,bG,1.44,16.893,16.712,0.185,0.751,0.127,g
2459433.88396,2021-08-07.3833210,bG,1.46,16.926,>16.926,99.990,0.480,0.123,g
2459436.61780,2021-08-10.1171936,bo,1.46,16.963,16.947,0.216,0.604,0.119,g
2459436.61903,2021-08-10.1184287,bo,1.43,16.866,16.537,0.162,0.882,0.130,g
2459436.62028,2021-08-10.1196717,bo,1.42,16.952,>16.952,99.990,0.432,0.120,g
2459437.61886,2021-08-11.1182712,bo,1.56,16.939,>16.939,99.990,0.579,0.122,g
2459437.62011,2021-08-11.1195129,bo,1.56,16.956,16.952,0.218,0.601,0.120,g
2459437.62135,2021-08-11.1207548,bo,1.61,16.941,>16.941,99.990,0.540,0.121,g
2459438.86692,2021-08-12.3663422,bk,1.49,17.043,>17.043,99.990,0.336,0.111,g
2459438.86817,2021-08-12.3675923,bk,1.51,16.826,16.548,0.170,0.873,0.135,g
2459438.86942,2021-08-12.3688436,bk,1.48,17.031,>17.031,99.990,0.480,0.112,g
2459439.86759,2021-08-13.3670174,bG,1.49,17.278,16.960,0.163,0.597,0.089,g
2459439.86890,2021-08-13.3683351,bG,1.48,16.918,16.721,0.183,0.744,0.124,g
2459439.87021,2021-08-13.3696366,bG,1.47,16.902,16.722,0.186,0.744,0.126,g
2459440.90169,2021-08-14.4011312,bk,1.47,17.003,16.776,0.178,0.707,0.115,g
2459440.90293,2021-08-14.4023793,bk,1.52,17.051,17.039,0.217,0.555,0.110,g
2459440.90417,2021-08-14.4036234,bk,1.51,17.025,>17.025,99.990,0.516,0.112,g
2459443.85516,2021-08-17.3546303,bG,1.73,16.855,16.589,0.172,0.840,0.132,g
2459443.85644,2021-08-17.3559142,bG,1.72,16.821,16.788,0.213,0.700,0.136,g
2459443.85775,2021-08-17.3572285,bG,1.71,16.853,16.743,0.198,0.729,0.132,g
2459444.89174,2021-08-18.3912320,bk,1.54,16.970,>16.970,99.990,0.237,0.118,g
2459444.89299,2021-08-18.3924833,bk,1.5,16.913,16.441,0.142,0.963,0.125,g
2459444.89425,2021-08-18.3937344,bk,1.49,16.948,16.780,0.188,0.705,0.121,g
2459447.84449,2021-08-21.3440273,bG,1.47,15.829,>15.829,99.990,-0.014,0.338,g
2459447.84580,2021-08-21.3453309,bG,1.47,15.747,>15.747,99.990,0.671,0.365,g
2459447.84710,2021-08-21.3466293,bG,1.44,15.846,>15.846,99.990,0.652,0.333,g
2459452.91347,2021-08-26.4130668,bG,1.42,16.330,>16.330,99.990,0.703,0.213,g
2459452.91478,2021-08-26.4143763,bG,1.47,16.377,>16.377,99.990,0.679,0.204,g
2459452.91607,2021-08-26.4156619,bG,1.44,16.194,>16.194,99.990,0.802,0.242,g
2459453.85318,2021-08-27.3527857,bk,1.45,16.374,>16.374,99.990,0.450,0.205,g
2459453.85444,2021-08-27.3540392,bk,1.44,16.350,>16.350,99.990,0.491,0.209,g
2459453.85566,2021-08-27.3552694,bk,1.44,16.213,>16.213,99.990,0.471,0.238,g
2459454.85459,2021-08-28.3542163,bG,1.42,15.182,>15.182,99.990,0.306,0.614,g
2459454.85590,2021-08-28.3555233,bG,1.47,15.310,>15.310,99.990,0.742,0.546,g
2459454.85720,2021-08-28.3568222,bG,1.45,15.821,>15.821,99.990,0.267,0.341,g
2459455.81858,2021-08-29.3182082,bk,1.44,16.518,>16.518,99.990,0.695,0.179,g
2459455.81983,2021-08-29.3194523,bk,1.43,16.757,16.600,0.190,0.831,0.144,g
2459455.82107,2021-08-29.3207032,bk,1.44,16.533,>16.533,99.990,0.754,0.177,g
2459457.81445,2021-08-31.3141081,bG,1.55,16.840,>16.840,99.990,0.509,0.133,g
2459457.81575,2021-08-31.3154094,bG,1.56,16.559,>16.559,99.990,0.763,0.173,g
2459457.81706,2021-08-31.3167107,bG,1.51,16.679,>16.679,99.990,0.569,0.155,g
2459460.81902,2021-09-03.3187172,bG,1.48,16.988,16.834,0.190,0.671,0.116,g
2459460.82031,2021-09-03.3200141,bG,1.5,16.856,>16.856,99.990,0.545,0.131,g
2459460.82161,2021-09-03.3213050,bG,1.48,16.934,>16.934,99.990,0.377,0.122,g
2459463.87575,2021-09-06.3754947,bG,1.46,16.149,>16.149,99.990,0.767,0.252,g
2459463.87706,2021-09-06.3768041,bG,1.47,15.926,>15.926,99.990,1.070,0.310,g
2459463.87837,2021-09-06.3781149,bG,1.43,16.278,>16.278,99.990,0.198,0.224,g
2459463.88862,2021-09-06.3883684,bk,1.44,16.860,>16.860,99.990,0.377,0.131,g
2459463.88987,2021-09-06.3896149,bk,1.47,16.474,>16.474,99.990,0.347,0.187,g
2459463.89110,2021-09-06.3908460,bk,1.43,16.378,>16.378,99.990,0.358,0.204,g
2459465.56455,2021-09-08.0643190,bo,1.46,16.885,16.569,0.164,0.856,0.128,g
2459465.56581,2021-09-08.0655716,bo,1.45,16.910,>16.910,99.990,0.588,0.125,g
2459465.56705,2021-09-08.0668097,bo,1.45,16.993,>16.993,99.990,0.458,0.116,g
2459465.88930,2021-09-08.3890671,bG,1.56,16.933,16.613,0.163,0.822,0.123,g
2459465.89060,2021-09-08.3903659,bG,1.66,16.854,>16.854,99.990,0.488,0.132,g
2459465.89191,2021-09-08.3916760,bG,1.65,16.809,16.635,0.187,0.805,0.137,g
2459466.78946,2021-09-09.2892383,bG,1.52,16.922,16.708,0.180,0.753,0.124,g
2459466.79077,2021-09-09.2905408,bG,1.56,16.914,>16.914,99.990,0.516,0.125,g
2459466.79207,2021-09-09.2918520,bG,1.52,16.906,16.662,0.175,0.785,0.126,g
2459467.81629,2021-09-10.3160898,bk,1.48,16.937,>16.937,99.990,0.530,0.122,g
2459467.81753,2021-09-10.3173303,bk,1.53,16.940,16.682,0.173,0.771,0.122,g
2459467.81878,2021-09-10.3185778,bk,1.5,17.051,>17.051,99.990,0.459,0.110,g
2459471.78142,2021-09-14.2812726,bG,1.49,16.987,>16.987,99.990,0.534,0.116,g
2459471.78272,2021-09-14.2825733,bG,1.43,16.842,16.698,0.192,0.761,0.133,g
2459471.78404,2021-09-14.2838956,bG,1.49,16.910,>16.910,99.990,0.538,0.125,g
2459472.77575,2021-09-15.2756222,bk,1.56,16.627,>16.627,99.990,0.340,0.162,g
2459472.77700,2021-09-15.2768699,bk,1.61,16.612,>16.612,99.990,0.781,0.165,g
2459472.77825,2021-09-15.2781164,bk,1.61,16.770,>16.770,99.990,0.647,0.142,g
2459472.80236,2021-09-15.3022283,bk,1.5,16.880,>16.880,99.990,0.564,0.129,g
2459472.80360,2021-09-15.3034674,bk,1.51,16.940,>16.940,99.990,0.503,0.122,g
2459472.80485,2021-09-15.3047232,bk,1.45,16.828,>16.828,99.990,0.593,0.135,g
2459472.85692,2021-09-15.3567811,bG,1.49,16.927,16.514,0.150,0.900,0.123,g
2459472.85821,2021-09-15.3580776,bG,1.46,16.926,>16.926,99.990,0.554,0.123,g
2459472.85951,2021-09-15.3593771,bG,1.45,16.871,16.793,0.204,0.697,0.130,g
2459474.76489,2021-09-17.2647909,bG,1.46,16.103,>16.103,99.990,0.333,0.263,g
2459474.76620,2021-09-17.2661011,bG,1.41,16.016,>16.016,99.990,0.583,0.285,g
2459474.76752,2021-09-17.2674184,bG,1.45,16.042,>16.042,99.990,0.563,0.278,g
2459475.77490,2021-09-18.2748162,bG,1.38,16.099,>16.099,99.990,0.464,0.264,g
2459475.77622,2021-09-18.2761369,bG,1.42,15.956,>15.956,99.990,1.140,0.301,g
2459475.77752,2021-09-18.2774298,bG,1.48,16.038,>16.038,99.990,0.497,0.279,g
2459478.74438,2021-09-21.2443310,bk,1.53,15.593,>15.593,99.990,0.809,0.421,g
2459478.74564,2021-09-21.2455936,bk,1.52,15.682,>15.682,99.990,0.662,0.388,g
2459478.74689,2021-09-21.2468516,bk,1.56,15.631,>15.631,99.990,-0.100,0.406,g
2459479.77553,2021-09-22.2755018,bk,1.44,15.834,>15.834,99.990,0.685,0.337,g
2459479.77677,2021-09-22.2767437,bk,1.5,15.887,>15.887,99.990,0.511,0.321,g
2459479.77801,2021-09-22.2779831,bk,1.49,15.758,>15.758,99.990,0.738,0.361,g
2459479.79021,2021-09-22.2901732,bG,1.54,15.763,>15.763,99.990,0.495,0.360,g
2459479.79149,2021-09-22.2914648,bG,1.52,15.772,>15.772,99.990,0.001,0.357,g
2459479.79279,2021-09-22.2927666,bG,1.46,15.857,>15.857,99.990,1.062,0.330,g
2459481.51251,2021-09-24.0125062,bo,1.45,15.723,>15.723,99.990,0.446,0.373,g
2459481.51376,2021-09-24.0137633,bo,1.44,15.785,>15.785,99.990,1.328,0.353,g
2459481.51501,2021-09-24.0150119,bo,1.43,15.561,>15.561,99.990,0.200,0.433,g
2459483.49409,2021-09-25.9941206,bo,1.76,16.010,>16.010,99.990,0.428,0.287,g
2459483.53824,2021-09-26.0382603,bo,1.45,16.059,>16.059,99.990,0.316,0.274,g
2459483.53948,2021-09-26.0395056,bo,1.46,16.019,>16.019,99.990,-0.236,0.284,g
2459483.54075,2021-09-26.0407781,bo,1.45,16.098,>16.098,99.990,0.911,0.264,g
2459485.73319,2021-09-28.2332491,bG,1.47,15.945,>15.945,99.990,-0.146,0.304,g
2459485.73451,2021-09-28.2345707,bG,1.47,16.232,>16.232,99.990,0.910,0.233,g
2459485.73582,2021-09-28.2358717,bG,1.49,16.243,>16.243,99.990,0.817,0.231,g
2459486.73135,2021-09-29.2314290,bG,1.48,16.485,>16.485,99.990,0.456,0.185,g
2459486.73264,2021-09-29.2327181,bG,1.4,16.867,16.848,0.215,0.662,0.130,g
2459486.73395,2021-09-29.2340284,bG,1.43,16.981,16.713,0.171,0.749,0.117,g
2459486.74731,2021-09-29.2473843,bG,1.45,16.843,>16.843,99.990,0.615,0.133,g
2459486.74861,2021-09-29.2486848,bG,1.43,16.859,16.605,0.173,0.828,0.131,g
2459486.74992,2021-09-29.2499973,bG,1.50,16.964,16.887,0.204,0.639,0.119,g
2459488.72704,2021-10-01.2271370,bG,1.44,16.772,16.693,0.204,0.763,0.142,g
2459488.72834,2021-10-01.2284391,bG,1.49,16.891,16.745,0.192,0.728,0.127,g
2459488.72963,2021-10-01.2297356,bG,1.46,16.862,>16.862,99.990,0.630,0.131,g
2459488.75112,2021-10-01.2512229,bk,1.46,16.845,16.671,0.187,0.779,0.133,g
2459488.75236,2021-10-01.2524640,bk,1.52,16.817,16.726,0.201,0.741,0.136,g
2459488.75360,2021-10-01.2537057,bk,1.49,16.899,16.599,0.166,0.833,0.126,g
2459489.81394,2021-10-02.3140640,bG,1.45,16.968,16.841,0.195,0.666,0.119,g
2459489.81524,2021-10-02.3153637,bG,1.46,16.816,16.642,0.187,0.800,0.136,g
2459489.81655,2021-10-02.3166664,bG,1.46,16.876,>16.876,99.990,0.344,0.129,g
2459492.85799,2021-10-05.3581538,bG,1.45,16.873,>16.873,99.990,0.485,0.129,g
2459492.85927,2021-10-05.3594371,bG,1.48,16.844,>16.844,99.990,0.664,0.133,g
2459492.86056,2021-10-05.3607181,bG,1.46,16.935,>16.935,99.990,0.568,0.122,g
2459494.71550,2021-10-07.2156921,bG,1.45,16.608,>16.608,99.990,0.464,0.165,g
2459494.71680,2021-10-07.2169927,bG,1.45,16.174,>16.174,99.990,0.145,0.246,g
2459494.71811,2021-10-07.2183008,bG,1.45,16.414,>16.414,99.990,0.914,0.198,g
2459496.69457,2021-10-09.1947965,bG,1.69,16.865,>16.865,99.990,0.320,0.130,g
2459496.69587,2021-10-09.1960944,bG,1.61,16.965,16.729,0.176,0.739,0.119,g
2459496.69717,2021-10-09.1973936,bG,1.65,16.799,16.656,0.192,0.790,0.139,g
2459496.69941,2021-10-09.1996270,bk,1.63,16.832,16.791,0.211,0.698,0.134,g
2459496.70065,2021-10-09.2008674,bk,1.63,16.824,16.789,0.212,0.699,0.135,g
2459496.70189,2021-10-09.2021141,bk,1.59,16.841,>16.841,99.990,0.565,0.133,g
2459497.69849,2021-10-10.1987305,bk,1.51,16.804,16.666,0.193,0.783,0.138,g
2459497.69973,2021-10-10.1999700,bk,1.48,16.932,16.892,0.211,0.636,0.123,g
2459497.70097,2021-10-10.2012120,bk,1.50,16.872,>16.872,99.990,0.583,0.130,g
2459497.76030,2021-10-10.2605363,bG,1.5,16.923,>16.923,99.990,0.514,0.124,g
2459497.76160,2021-10-10.2618350,bG,1.49,16.809,>16.809,99.990,0.629,0.137,g
2459497.76288,2021-10-10.2631221,bG,1.47,16.839,>16.839,99.990,0.607,0.134,g
2459499.69859,2021-10-12.1988620,bG,1.47,15.469,>15.469,99.990,0.246,0.471,g
2459499.69990,2021-10-12.2001621,bG,1.48,15.605,>15.605,99.990,0.840,0.416,g
2459499.70119,2021-10-12.2014524,bG,1.49,15.688,>15.688,99.990,1.059,0.385,g
2459500.44500,2021-10-12.9452758,bo,1.42,14.207,>14.207,99.990,-1.560,1.508,g
2459500.44626,2021-10-12.9465324,bo,1.63,99.990,99.990,99.990,99.990,99.990,g
2459500.44750,2021-10-12.9477798,bo,1.51,99.990,99.990,99.990,99.990,99.990,g
2459500.67654,2021-10-13.1768244,bk,1.48,16.704,>16.704,99.990,0.465,0.151,g
2459500.67779,2021-10-13.1780638,bk,1.49,16.555,>16.555,99.990,0.726,0.173,g
2459500.67904,2021-10-13.1793127,bk,1.49,16.462,>16.462,99.990,0.755,0.189,g
2459501.76999,2021-10-14.2702835,bk,1.59,16.677,>16.677,99.990,0.713,0.155,g
2459501.77123,2021-10-14.2715241,bk,1.62,16.868,>16.868,99.990,0.505,0.130,g
2459501.77247,2021-10-14.2727649,bk,1.56,16.786,>16.786,99.990,0.227,0.140,g
2459502.75031,2021-10-15.2506181,bk,1.5,16.406,>16.406,99.990,0.744,0.199,g
2459502.75155,2021-10-15.2518600,bk,1.52,16.366,>16.366,99.990,0.234,0.206,g
2459502.75280,2021-10-15.2531019,bk,1.5,16.444,>16.444,99.990,0.619,0.192,g
2459503.74305,2021-10-16.2433740,bk,1.47,16.315,>16.315,99.990,-0.037,0.216,g
2459503.74430,2021-10-16.2446265,bk,1.48,16.210,>16.210,99.990,0.559,0.238,g
2459503.74555,2021-10-16.2458787,bk,1.47,16.139,>16.139,99.990,0.766,0.254,g
2459503.75572,2021-10-16.2560372,bG,1.42,16.332,>16.332,99.990,0.642,0.213,g
2459503.75702,2021-10-16.2573349,bG,1.47,16.269,>16.269,99.990,1.040,0.226,g
2459504.77426,2021-10-17.2745871,bk,1.52,16.086,>16.086,99.990,1.028,0.267,g
2459504.77550,2021-10-17.2758334,bk,1.46,16.363,>16.363,99.990,0.458,0.207,g
2459504.77675,2021-10-17.2770857,bk,1.46,16.328,>16.328,99.990,0.193,0.214,g
2459504.79707,2021-10-17.2974078,bk,1.47,16.057,>16.057,99.990,0.553,0.274,g
2459504.79832,2021-10-17.2986486,bk,1.46,16.225,>16.225,99.990,0.416,0.235,g
2459504.79957,2021-10-17.2999008,bk,1.47,16.104,>16.104,99.990,0.270,0.263,g
2459506.67453,2021-10-19.1748902,bG,1.46,15.857,>15.857,99.990,0.573,0.330,g
2459506.67584,2021-10-19.1762056,bG,1.52,15.743,>15.743,99.990,1.307,0.366,g
2459506.67714,2021-10-19.1775049,bG,1.47,15.798,>15.798,99.990,0.983,0.348,g
2459507.69558,2021-10-20.1959532,bk,1.56,15.458,>15.458,99.990,-0.387,0.476,g
2459507.69683,2021-10-20.1972069,bk,1.49,15.575,>15.575,99.990,1.128,0.428,g
2459507.69810,2021-10-20.1984659,bk,1.48,15.696,>15.696,99.990,0.954,0.382,g
2459507.71859,2021-10-20.2189576,bk,1.55,15.605,>15.605,99.990,-0.903,0.416,g
2459507.71984,2021-10-20.2202109,bk,1.52,15.834,>15.834,99.990,0.360,0.337,g
2459507.72107,2021-10-20.2214490,bk,1.54,15.602,>15.602,99.990,0.236,0.417,g
2459508.78523,2021-10-21.2856131,bG,1.5,15.825,>15.825,99.990,-0.168,0.340,g
2459508.78653,2021-10-21.2869144,bG,1.45,16.007,>16.007,99.990,0.835,0.287,g
2459508.78784,2021-10-21.2882285,bG,1.43,15.863,>15.863,99.990,0.305,0.328,g
2459508.81292,2021-10-21.3133012,bG,1.46,15.775,>15.775,99.990,0.530,0.356,g
2459508.81420,2021-10-21.3145887,bG,1.47,15.897,>15.897,99.990,0.260,0.318,g
2459508.81550,2021-10-21.3158866,bG,1.45,15.969,>15.969,99.990,0.927,0.297,g
2459509.69001,2021-10-22.1904125,bk,1.53,15.735,>15.735,99.990,1.192,0.369,g
2459509.69126,2021-10-22.1916604,bk,1.54,15.874,>15.874,99.990,0.193,0.325,g
2459509.69251,2021-10-22.1929148,bk,1.50,15.935,>15.935,99.990,1.173,0.307,g
2459509.75918,2021-10-22.2595827,bG,1.49,15.969,>15.969,99.990,1.056,0.298,g
2459509.76048,2021-10-22.2608839,bG,1.54,16.016,>16.016,99.990,0.505,0.285,g
2459509.76177,2021-10-22.2621777,bG,1.48,16.077,>16.077,99.990,0.515,0.269,g
2459510.66491,2021-10-23.1653182,bG,1.54,15.927,>15.927,99.990,0.439,0.309,g
2459510.66620,2021-10-23.1666115,bG,1.55,15.921,>15.921,99.990,0.706,0.311,g
2459510.66751,2021-10-23.1679219,bG,1.47,15.958,>15.958,99.990,0.309,0.301,g
2459510.71460,2021-10-23.2150096,bk,1.43,16.033,>16.033,99.990,0.954,0.280,g
2459510.71584,2021-10-23.2162534,bk,1.49,16.019,>16.019,99.990,0.751,0.284,g
2459510.71709,2021-10-23.2175034,bk,1.49,15.988,>15.988,99.990,0.222,0.292,g
2459511.66004,2021-10-24.1604746,bG,1.45,16.128,>16.128,99.990,0.232,0.257,g
2459511.66134,2021-10-24.1617682,bG,1.45,16.250,>16.250,99.990,0.931,0.230,g
2459511.66265,2021-10-24.1630789,bG,1.42,16.265,>16.265,99.990,0.440,0.226,g
2459511.71305,2021-10-24.2134859,bG,1.48,16.362,>16.362,99.990,0.906,0.207,g
2459511.71435,2021-10-24.2147812,bG,1.45,16.406,>16.406,99.990,0.139,0.199,g
2459511.71566,2021-10-24.2160895,bG,1.46,16.197,>16.197,99.990,0.842,0.241,g
2459513.65329,2021-10-26.1537379,bG,1.45,16.714,>16.714,99.990,0.282,0.150,g
2459513.65460,2021-10-26.1550563,bG,1.48,16.774,16.702,0.205,0.757,0.142,g
2459513.65590,2021-10-26.1563550,bG,1.44,16.754,>16.754,99.990,0.423,0.144,g
2459514.64786,2021-10-27.1483248,bG,1.48,17.027,16.954,0.205,0.601,0.112,g
2459514.64916,2021-10-27.1496156,bG,1.45,16.930,>16.930,99.990,0.454,0.123,g
2459514.65044,2021-10-27.1509116,bG,1.45,16.938,>16.938,99.990,0.515,0.122,g
2459514.68367,2021-10-27.1841380,bG,1.43,16.761,>16.761,99.990,0.481,0.143,g
2459514.68497,2021-10-27.1854321,bG,1.45,16.918,>16.918,99.990,0.429,0.124,g
2459514.68628,2021-10-27.1867391,bG,1.42,16.870,>16.870,99.990,0.608,0.130,g
2459515.67226,2021-10-28.1727449,bG,1.42,16.996,>16.996,99.990,0.399,0.116,g
2459515.67358,2021-10-28.1740576,bG,1.46,16.866,>16.866,99.990,0.549,0.130,g
2459515.67489,2021-10-28.1753637,bG,1.49,16.814,>16.814,99.990,0.682,0.137,g
2459516.66317,2021-10-29.1636572,bk,1.56,14.383,>14.383,99.990,-0.694,1.282,g
2459516.66441,2021-10-29.1648981,bk,1.49,15.192,>15.192,99.990,0.066,0.608,g
2459516.66565,2021-10-29.1661387,bk,1.54,16.199,>16.199,99.990,0.436,0.241,g
2459516.69301,2021-10-29.1935056,bG,1.41,15.820,>15.820,99.990,0.126,0.341,g
2459516.69431,2021-10-29.1948062,bG,1.43,16.151,>16.151,99.990,-0.170,0.251,g
2459516.69562,2021-10-29.1961081,bG,1.43,15.840,>15.840,99.990,0.101,0.335,g
2459518.63625,2021-10-31.1367667,bG,1.44,16.914,>16.914,99.990,0.416,0.125,g
2459518.63755,2021-10-31.1380583,bG,1.42,17.017,16.838,0.186,0.668,0.113,g
2459518.63885,2021-10-31.1393577,bG,1.43,16.734,>16.734,99.990,0.601,0.147,g
2459520.66371,2021-11-02.1642471,bk,1.72,16.632,>16.632,99.990,0.508,0.162,g
2459520.66494,2021-11-02.1654854,bk,1.68,16.832,>16.832,99.990,0.587,0.134,g
2459520.66618,2021-11-02.1667248,bk,1.69,16.905,>16.905,99.990,0.536,0.126,g
2459521.75722,2021-11-03.2577637,bk,1.5,16.856,16.848,0.218,0.662,0.131,g
2459521.75847,2021-11-03.2590127,bk,1.5,17.013,16.768,0.175,0.713,0.114,g
2459521.75973,2021-11-03.2602767,bk,1.44,16.960,16.883,0.204,0.641,0.119,g
2459522.62659,2021-11-04.1271440,bG,1.45,16.944,16.887,0.208,0.639,0.121,g
2459522.62789,2021-11-04.1284465,bG,1.46,16.833,>16.833,99.990,0.502,0.134,g
2459522.62919,2021-11-04.1297400,bG,1.42,17.043,16.840,0.182,0.666,0.111,g
2459523.37104,2021-11-04.8716078,bo,1.45,16.534,>16.534,99.990,0.705,0.177,g
2459523.37229,2021-11-04.8728625,bo,1.48,16.582,>16.582,99.990,0.515,0.169,g
2459523.37354,2021-11-04.8741123,bo,1.49,16.683,>16.683,99.990,0.703,0.154,g
2459524.61442,2021-11-06.1149995,bG,1.43,16.852,>16.852,99.990,0.627,0.132,g
2459524.74749,2021-11-06.2480771,bk,1.46,17.024,16.830,0.183,0.673,0.113,g
2459524.74873,2021-11-06.2493130,bk,1.42,16.897,16.713,0.185,0.750,0.127,g
2459524.74997,2021-11-06.2505574,bk,1.49,17.031,16.413,0.124,0.988,0.112,g
2459525.61009,2021-11-07.1106880,bk,1.47,16.857,16.854,0.218,0.659,0.131,g
2459525.61133,2021-11-07.1119287,bk,1.53,16.812,>16.812,99.990,0.553,0.137,g
2459525.61257,2021-11-07.1131670,bk,1.47,16.748,>16.748,99.990,0.606,0.145,g
2459525.63032,2021-11-07.1309055,bG,1.54,16.849,>16.849,99.990,0.571,0.132,g
2459525.63161,2021-11-07.1322023,bG,1.55,16.885,>16.885,99.990,0.551,0.128,g
2459525.63291,2021-11-07.1334998,bG,1.59,16.766,>16.766,99.990,0.649,0.143,g
2459525.69170,2021-11-07.1922957,bG,1.48,16.595,>16.595,99.990,0.677,0.167,g
2459525.69300,2021-11-07.1935894,bG,1.48,16.723,>16.723,99.990,0.655,0.149,g
2459525.69428,2021-11-07.1948725,bG,1.46,16.809,16.606,0.182,0.827,0.137,g
2459527.61136,2021-11-09.1119746,bk,1.66,16.685,>16.685,99.990,0.594,0.154,g
2459527.61260,2021-11-09.1132153,bk,1.7,16.635,>16.635,99.990,0.587,0.161,g
2459527.61384,2021-11-09.1144562,bk,1.62,16.861,>16.861,99.990,0.427,0.131,g
2459528.60457,2021-11-10.1051878,bG,1.44,16.642,16.611,0.213,0.823,0.160,g
2459528.60588,2021-11-10.1064990,bG,1.43,16.600,>16.600,99.990,0.434,0.166,g
2459528.60719,2021-11-10.1078129,bG,1.44,16.697,>16.697,99.990,0.648,0.152,g
2459529.77229,2021-11-11.2729303,bk,1.49,16.982,16.926,0.208,0.616,0.117,g
2459529.77354,2021-11-11.2741813,bk,1.48,16.917,>16.917,99.990,0.601,0.124,g
2459529.77478,2021-11-11.2754164,bk,1.48,16.958,16.790,0.188,0.699,0.120,g
2459529.82093,2021-11-11.3215690,bk,1.46,16.907,16.784,0.196,0.702,0.125,g
2459529.82217,2021-11-11.3228071,bk,1.43,16.904,16.664,0.176,0.784,0.126,g
2459529.82341,2021-11-11.3240502,bk,1.41,16.994,>16.994,99.990,0.571,0.116,g
2459530.70953,2021-11-12.2101839,bk,1.64,16.571,>16.571,99.990,0.634,0.171,g
2459530.71078,2021-11-12.2114212,bk,1.65,16.650,16.628,0.215,0.810,0.159,g
2459530.71203,2021-11-12.2126664,bk,1.62,16.409,>16.409,99.990,0.529,0.198,g
2459530.74971,2021-11-12.2503521,bG,1.44,16.863,16.551,0.164,0.870,0.131,g
2459530.75100,2021-11-12.2516378,bG,1.44,16.784,>16.784,99.990,0.526,0.140,g
2459530.75230,2021-11-12.2529364,bG,1.43,16.827,16.661,0.188,0.786,0.135,g
2459531.76225,2021-11-13.2629109,bG,1.45,16.770,>16.770,99.990,0.579,0.142,g
2459531.76355,2021-11-13.2642122,bG,1.42,16.705,>16.705,99.990,0.545,0.151,g
2459531.76485,2021-11-13.2655019,bG,1.41,16.761,>16.761,99.990,0.378,0.143,g
2459531.77616,2021-11-13.2768172,bG,1.48,16.794,>16.794,99.990,0.428,0.139,g
2459531.77745,2021-11-13.2780998,bG,1.43,16.991,>16.991,99.990,0.429,0.116,g
2459531.77874,2021-11-13.2793979,bG,1.42,16.855,>16.855,99.990,0.512,0.131,g
2459532.79594,2021-11-14.2966038,bk,1.46,16.745,>16.745,99.990,0.189,0.146,g
2459532.79718,2021-11-14.2978466,bk,1.49,16.744,>16.744,99.990,0.514,0.146,g
2459532.79844,2021-11-14.2990989,bk,1.48,16.796,>16.796,99.990,0.549,0.139,g
2459532.83379,2021-11-14.3344622,bk,1.46,16.909,>16.909,99.990,0.341,0.125,g
2459532.83503,2021-11-14.3357026,bk,1.47,16.814,>16.814,99.990,0.664,0.137,g
2459532.83627,2021-11-14.3369421,bk,1.46,16.815,16.650,0.188,0.794,0.137,g
2459534.69163,2021-11-16.1923127,bk,1.49,16.074,>16.074,99.990,0.318,0.270,g
2459534.69288,2021-11-16.1935649,bk,1.5,16.027,>16.027,99.990,-0.238,0.282,g
2459534.72133,2021-11-16.2220124,bk,1.38,16.091,>16.091,99.990,0.036,0.266,g
2459534.72257,2021-11-16.2232531,bk,1.49,16.123,>16.123,99.990,0.302,0.258,g
2459534.72381,2021-11-16.2244938,bk,1.4,16.007,>16.007,99.990,0.544,0.287,g
2459534.73649,2021-11-16.2371773,bk,1.47,16.229,>16.229,99.990,0.570,0.234,g
2459534.73773,2021-11-16.2384089,bk,1.51,16.094,>16.094,99.990,-0.383,0.265,g
2459534.73898,2021-11-16.2396613,bk,1.48,16.236,>16.236,99.990,0.151,0.233,g
2459535.70603,2021-11-17.2067237,bG,1.47,16.075,>16.075,99.990,0.936,0.270,g
2459535.70733,2021-11-17.2080203,bG,1.41,15.939,>15.939,99.990,0.669,0.306,g
2459535.70864,2021-11-17.2093318,bG,1.47,16.142,>16.142,99.990,0.436,0.254,g
2459536.76579,2021-11-18.2664909,bk,1.58,15.945,>15.945,99.990,0.324,0.304,g
2459536.76704,2021-11-18.2677453,bk,1.52,15.866,>15.866,99.990,0.699,0.327,g
2459536.76828,2021-11-18.2689861,bk,1.5,15.840,>15.840,99.990,0.370,0.335,g
2459536.78481,2021-11-18.2855126,bk,1.5,16.017,>16.017,99.990,0.053,0.285,g
2459536.78606,2021-11-18.2867590,bk,1.49,15.937,>15.937,99.990,0.936,0.306,g
2459536.78729,2021-11-18.2879959,bk,1.47,15.883,>15.883,99.990,0.736,0.322,g
2459537.72692,2021-11-19.2276324,bk,1.63,15.681,>15.681,99.990,-0.035,0.388,g
2459537.72817,2021-11-19.2288798,bk,1.64,15.709,>15.709,99.990,0.524,0.378,g
2459537.76973,2021-11-19.2704357,bG,1.44,15.724,>15.724,99.990,0.278,0.373,g
2459537.77103,2021-11-19.2717340,bG,1.45,15.727,>15.727,99.990,-0.230,0.372,g
2459537.77233,2021-11-19.2730332,bG,1.43,16.075,>16.075,99.990,0.568,0.270,g
2459538.69061,2021-11-20.1913192,bG,1.47,15.765,>15.765,99.990,0.496,0.359,g
2459538.69188,2021-11-20.1926026,bG,1.46,15.849,>15.849,99.990,0.081,0.332,g
2459538.69614,2021-11-20.1968571,bG,1.49,15.841,>15.841,99.990,0.997,0.335,g
2459539.73873,2021-11-21.2394530,bG,1.46,15.996,>15.996,99.990,0.779,0.290,g
2459539.74003,2021-11-21.2407505,bG,1.49,15.987,>15.987,99.990,1.281,0.293,g
2459539.74131,2021-11-21.2420334,bG,1.45,16.055,>16.055,99.990,1.001,0.275,g
2459541.58405,2021-11-23.0847903,bk,1.6,15.742,>15.742,99.990,0.128,0.367,g
2459541.58530,2021-11-23.0860394,bk,1.6,15.602,>15.602,99.990,0.585,0.417,g
2459541.58656,2021-11-23.0872964,bk,1.67,15.991,>15.991,99.990,0.707,0.292,g
2459541.63367,2021-11-23.1344089,bk,1.48,14.569,>14.569,99.990,2.666,1.080,g
2459541.63492,2021-11-23.1356534,bk,1.47,14.751,>14.751,99.990,-3.329,0.914,g
2459541.63616,2021-11-23.1368960,bk,1.46,15.061,>15.061,99.990,2.680,0.687,g
2459541.67545,2021-11-23.1761949,bk,1.47,15.645,>15.645,99.990,1.004,0.401,g
2459541.67670,2021-11-23.1774384,bk,1.44,15.818,>15.818,99.990,0.482,0.342,g
2459541.67794,2021-11-23.1786807,bk,1.47,15.800,>15.800,99.990,1.009,0.348,g
2459541.70610,2021-11-23.2068299,bk,1.42,15.346,>15.346,99.990,1.839,0.528,g
2459541.70734,2021-11-23.2080706,bk,1.44,15.172,>15.172,99.990,-0.588,0.620,g
2459541.70858,2021-11-23.2093181,bk,1.44,15.180,>15.180,99.990,-0.092,0.615,g
2459542.56609,2021-11-24.0668292,bk,1.51,16.890,16.802,0.202,0.691,0.127,g
2459542.56732,2021-11-24.0680675,bk,1.52,16.891,16.529,0.157,0.888,0.127,g
2459542.56857,2021-11-24.0693115,bk,1.52,16.936,16.853,0.203,0.659,0.122,g
2459543.56300,2021-11-25.0637555,bG,1.47,16.837,>16.837,99.990,0.498,0.134,g
2459543.56429,2021-11-25.0650392,bG,1.48,16.774,>16.774,99.990,0.692,0.142,g
2459543.56558,2021-11-25.0663375,bG,1.41,17.015,>17.015,99.990,0.497,0.113,g
2459547.72396,2021-11-29.2247431,bG,1.42,16.948,16.797,0.191,0.693,0.121,g
2459547.72526,2021-11-29.2260402,bG,1.42,16.919,>16.919,99.990,0.579,0.124,g
2459547.72654,2021-11-29.2273233,bG,1.42,16.919,16.629,0.168,0.810,0.124,g
2459547.76516,2021-11-29.2659457,bG,1.44,16.960,16.715,0.175,0.748,0.119,g
2459547.76646,2021-11-29.2672424,bG,1.46,16.971,16.844,0.195,0.664,0.118,g
2459547.76776,2021-11-29.2685403,bG,1.4,16.954,16.507,0.145,0.906,0.120,g
2459548.81545,2021-11-30.3162324,bG,1.43,17.082,16.771,0.165,0.711,0.107,g
2459548.81675,2021-11-30.3175275,bG,1.4,16.833,>16.833,99.990,0.458,0.134,g
2459548.81803,2021-11-30.3188157,bG,1.42,16.919,>16.919,99.990,0.587,0.124,g
2459550.58245,2021-12-02.0832436,bk,1.71,16.854,>16.854,99.990,0.546,0.132,g
2459550.58372,2021-12-02.0845091,bk,1.71,16.876,16.395,0.141,1.004,0.129,g
2459550.58496,2021-12-02.0857590,bk,1.67,16.758,>16.758,99.990,0.478,0.144,g
2459555.58644,2021-12-07.0872625,bG,1.52,16.808,>16.808,99.990,0.543,0.137,g
2459555.58773,2021-12-07.0885472,bG,1.51,16.763,>16.763,99.990,0.694,0.143,g
2459555.58901,2021-12-07.0898408,bG,1.5,16.912,>16.912,99.990,0.612,0.125,g
2459556.84100,2021-12-08.3418298,bG,1.44,16.893,16.636,0.173,0.805,0.127,g
2459556.84230,2021-12-08.3431329,bG,1.39,16.816,>16.816,99.990,0.646,0.136,g
2459556.84361,2021-12-08.3444429,bG,1.43,16.819,16.458,0.157,0.948,0.136,g
2459558.57414,2021-12-10.0749694,bG,1.54,16.675,>16.675,99.990,0.536,0.155,g
2459558.57544,2021-12-10.0762641,bG,1.53,16.591,>16.591,99.990,0.462,0.168,g
2459558.57674,2021-12-10.0775664,bG,1.52,16.727,>16.727,99.990,0.575,0.148,g
2459559.65211,2021-12-11.1529498,bk,1.6,16.472,>16.472,99.990,0.846,0.187,g
2459559.65335,2021-12-11.1541871,bk,1.63,16.598,16.529,0.206,0.888,0.167,g
2459559.65460,2021-12-11.1554425,bk,1.61,16.540,>16.540,99.990,0.758,0.176,g
2459560.67246,2021-12-12.1733009,bk,1.64,16.623,>16.623,99.990,0.555,0.163,g
2459560.67371,2021-12-12.1745517,bk,1.71,16.463,16.362,0.200,1.035,0.189,g
2459560.67497,2021-12-12.1758101,bk,1.69,16.466,>16.466,99.990,0.616,0.188,g
2459562.64259,2021-12-14.1434373,bk,1.53,16.416,>16.416,99.990,0.929,0.197,g
2459562.64384,2021-12-14.1446815,bk,1.54,16.230,>16.230,99.990,1.073,0.234,g
2459562.64508,2021-12-14.1459269,bk,1.54,16.203,>16.203,99.990,0.647,0.240,g
2459562.66177,2021-12-14.1626135,bG,1.45,16.417,>16.417,99.990,0.763,0.197,g
2459562.66306,2021-12-14.1639046,bG,1.46,16.445,>16.445,99.990,0.279,0.192,g
2459562.66437,2021-12-14.1652179,bG,1.43,16.544,>16.544,99.990,0.151,0.175,g
2459563.63151,2021-12-15.1323570,bk,1.52,16.083,>16.083,99.990,0.583,0.268,g
2459563.63278,2021-12-15.1336248,bk,1.53,16.197,>16.197,99.990,0.537,0.241,g
2459563.63402,2021-12-15.1348620,bk,1.54,16.057,>16.057,99.990,1.030,0.274,g
2459564.63527,2021-12-16.1361236,bk,1.61,16.072,>16.072,99.990,0.867,0.271,g
2459564.63652,2021-12-16.1373656,bk,1.59,16.205,>16.205,99.990,0.818,0.239,g
2459564.63776,2021-12-16.1386065,bk,1.61,16.146,>16.146,99.990,0.444,0.253,g
2459564.65351,2021-12-16.1543496,bG,1.47,16.172,>16.172,99.990,0.671,0.247,g
2459564.65479,2021-12-16.1556362,bG,1.46,16.133,>16.133,99.990,0.211,0.256,g
2459564.65609,2021-12-16.1569347,bG,1.45,16.212,15.881,0.162,1.613,0.238,g
2459565.59420,2021-12-17.0950494,bG,1.69,16.115,16.088,0.214,1.333,0.260,g
2459565.59549,2021-12-17.0963464,bG,1.76,15.934,>15.934,99.990,0.338,0.307,g
2459565.59679,2021-12-17.0976380,bG,1.66,16.043,>16.043,99.990,1.149,0.278,g
2459565.62117,2021-12-17.1220174,bk,2.07,15.889,>15.889,99.990,0.795,0.320,g
2459565.62241,2021-12-17.1232592,bk,2.07,15.920,>15.920,99.990,-0.526,0.311,g
2459565.62366,2021-12-17.1245069,bk,2.09,15.825,>15.825,99.990,0.258,0.340,g
2459566.62387,2021-12-18.1247251,bk,1.52,15.868,>15.868,99.990,1.058,0.326,g
2459566.62512,2021-12-18.1259726,bk,1.6,15.965,>15.965,99.990,1.260,0.299,g
2459566.62638,2021-12-18.1272328,bk,1.64,15.763,>15.763,99.990,1.275,0.360,g
2459570.75253,2021-12-22.2533896,bk,1.65,15.988,>15.988,99.990,-0.144,0.292,g
2459570.75379,2021-12-22.2546487,bk,1.69,16.008,>16.008,99.990,0.767,0.287,g
2459570.75503,2021-12-22.2558846,bk,1.63,16.016,>16.016,99.990,0.424,0.285,g
2459572.58960,2021-12-24.0904586,bk,1.44,16.788,16.730,0.208,0.738,0.140,g
2459572.59084,2021-12-24.0917026,bk,1.42,16.819,>16.819,99.990,0.652,0.136,g
2459572.59211,2021-12-24.0929560,bk,1.43,16.973,16.887,0.203,0.638,0.118,g
2459572.61261,2021-12-24.1134641,bk,1.46,16.814,>16.814,99.990,0.543,0.137,g
2459572.61386,2021-12-24.1147166,bk,1.47,17.074,17.003,0.205,0.574,0.108,g
2459572.61511,2021-12-24.1159597,bk,1.47,17.159,>17.159,99.990,0.429,0.099,g
2459574.37346,2021-12-25.8743155,bo,1.49,16.787,16.753,0.212,0.723,0.140,g
2459574.37470,2021-12-25.8755563,bo,1.47,15.761,>15.761,99.990,0.536,0.360,g
2459574.37595,2021-12-25.8768039,bo,1.5,15.403,>15.403,99.990,0.170,0.501,g
2459578.69010,2021-12-30.1909472,bk,1.55,16.816,>16.816,99.990,0.673,0.136,g
2459578.69134,2021-12-30.1921900,bk,1.56,16.845,16.577,0.171,0.850,0.133,g
2459578.69258,2021-12-30.1934309,bk,1.54,16.895,>16.895,99.990,0.478,0.127,g
2459579.69308,2021-12-31.1939270,bG,1.51,16.835,16.534,0.166,0.884,0.134,g
2459579.69438,2021-12-31.1952248,bG,1.52,16.955,16.714,0.175,0.749,0.120,g
2459579.69569,2021-12-31.1965347,bG,1.48,16.897,15.863,0.084,1.639,0.127,g
2459580.71705,2022-01-01.2178869,bk,1.46,16.828,>16.828,99.990,0.603,0.135,g
2459580.71830,2022-01-01.2191394,bk,1.46,16.707,>16.707,99.990,0.612,0.151,g
2459580.71954,2022-01-01.2203905,bk,1.48,16.821,16.782,0.211,0.703,0.136,g
2459581.77016,2022-01-02.2709965,bk,1.45,16.867,16.639,0.178,0.803,0.130,g
2459581.77140,2022-01-02.2722384,bk,1.45,16.990,>16.990,99.990,0.535,0.116,g
2459581.77264,2022-01-02.2734872,bk,1.49,16.837,>16.837,99.990,0.455,0.134,g
2459583.59129,2022-01-04.0921224,bk,1.44,16.831,16.602,0.177,0.830,0.134,g
2459583.59253,2022-01-04.0933690,bk,1.45,16.977,16.521,0.144,0.895,0.118,g
2459583.59377,2022-01-04.0946025,bk,1.49,16.883,>16.883,99.990,0.607,0.128,g
2459584.55767,2022-01-05.0585054,bk,1.68,16.767,16.757,0.217,0.720,0.143,g
2459584.55893,2022-01-05.0597590,bk,2.13,16.740,16.719,0.215,0.746,0.146,g
2459584.56020,2022-01-05.0610357,bk,2.11,16.863,>16.863,99.990,0.484,0.131,g
2459587.32451,2022-01-07.8253326,bo,1.56,16.601,>16.601,99.990,0.601,0.166,g
2459587.32579,2022-01-07.8266143,bo,1.5,16.640,>16.640,99.990,0.607,0.160,g
2459587.32708,2022-01-07.8279039,bo,1.56,16.655,>16.655,99.990,0.604,0.158,g
2459587.53085,2022-01-08.0316645,bk,1.55,15.482,>15.482,99.990,-0.048,0.466,g
2459587.53209,2022-01-08.0329156,bk,1.59,15.697,>15.697,99.990,1.000,0.382,g
2459587.53334,2022-01-08.0341634,bk,1.52,15.667,>15.667,99.990,0.453,0.393,g
2459589.53850,2022-01-10.0393120,bk,1.42,16.258,>16.258,99.990,0.911,0.228,g
2459589.53974,2022-01-10.0405498,bk,1.45,16.079,>16.079,99.990,1.048,0.269,g
2459589.54098,2022-01-10.0417950,bk,1.45,16.057,>16.057,99.990,0.436,0.274,g
2459591.38022,2022-01-11.8810250,bo,1.48,16.407,>16.407,99.990,0.267,0.199,g
2459591.38147,2022-01-11.8822657,bo,1.47,16.389,>16.389,99.990,0.644,0.202,g
2459591.38287,2022-01-11.8836715,bo,1.49,16.409,>16.409,99.990,0.805,0.198,g
2459591.42037,2022-01-11.9211670,bo,1.51,16.498,>16.498,99.990,0.157,0.183,g
2459591.42175,2022-01-11.9225506,bo,1.5,16.290,>16.290,99.990,0.550,0.221,g
2459591.42315,2022-01-11.9239576,bo,1.51,16.381,>16.381,99.990,0.793,0.204,g
2459592.59942,2022-01-13.1002202,bG,1.44,16.302,>16.302,99.990,0.689,0.219,g
2459592.60069,2022-01-13.1014966,bG,1.44,16.129,>16.129,99.990,0.664,0.257,g
2459592.60198,2022-01-13.1027778,bG,1.43,16.094,>16.094,99.990,0.794,0.265,g
2459592.63468,2022-01-13.1354818,bG,1.45,16.260,>16.260,99.990,0.051,0.228,g
2459592.63597,2022-01-13.1367700,bG,1.37,16.161,>16.161,99.990,0.721,0.249,g
2459592.63725,2022-01-13.1380396,bG,1.44,16.298,16.137,0.189,1.274,0.220,g
2459595.80058,2022-01-16.3013612,bG,1.43,15.833,>15.833,99.990,0.018,0.337,g
2459595.80188,2022-01-16.3026517,bG,1.4,15.883,>15.883,99.990,1.039,0.322,g
2459595.80317,2022-01-16.3039456,bG,1.47,16.120,>16.120,99.990,0.987,0.259,g
2459597.69013,2022-01-18.1908959,bG,1.48,15.788,>15.788,99.990,0.530,0.351,g
2459597.69142,2022-01-18.1921837,bG,1.42,15.632,>15.632,99.990,0.799,0.406,g
2459597.69273,2022-01-18.1934944,bG,1.49,15.702,>15.702,99.990,0.783,0.381,g
2459598.66200,2022-01-19.1627648,bk,1.53,15.795,>15.795,99.990,1.599,0.349,g
2459598.66325,2022-01-19.1640186,bk,1.47,15.762,>15.762,99.990,-0.702,0.360,g
2459598.66451,2022-01-19.1652619,bk,1.52,15.861,>15.861,99.990,0.258,0.329,g
2459598.71614,2022-01-19.2169032,bG,1.51,15.770,>15.770,99.990,0.636,0.357,g
2459598.71744,2022-01-19.2182008,bG,1.45,15.965,15.939,0.214,1.529,0.299,g
2459598.71873,2022-01-19.2195,bG,1.49,15.893,>15.893,99.990,0.224,0.319,g
2459599.64384,2022-01-20.1445890,bG,1.46,15.971,>15.971,99.990,1.049,0.297,g
2459599.64514,2022-01-20.1458942,bG,1.48,15.978,>15.978,99.990,0.375,0.295,g
2459599.64643,2022-01-20.1471905,bG,1.48,15.643,>15.643,99.990,0.764,0.402,g
2459600.28992,2022-01-20.7906737,bo,1.47,16.565,>16.565,99.990,0.291,0.172,g
2459600.29117,2022-01-20.7919247,bo,1.42,16.675,>16.675,99.990,0.568,0.155,g
2459600.29243,2022-01-20.7931736,bo,1.45,16.652,>16.652,99.990,0.775,0.159,g
2459602.53388,2022-01-23.0346067,bo,1.44,15.889,>15.889,99.990,-0.461,0.320,g
2459602.53510,2022-01-23.0358353,bo,1.5,16.032,>16.032,99.990,0.376,0.281,g
2459602.53635,2022-01-23.0370763,bo,1.48,16.134,>16.134,99.990,0.136,0.255,g
2459604.52778,2022-01-25.0284962,bo,1.43,16.138,>16.138,99.990,0.380,0.255,g
2459604.52901,2022-01-25.0297288,bo,1.45,16.122,>16.122,99.990,0.563,0.258,g
2459604.53024,2022-01-25.0309586,bo,1.41,16.212,>16.212,99.990,0.527,0.238,g
2459609.28228,2022-01-29.7829618,bo,1.75,16.319,>16.319,99.990,0.557,0.216,g
2459609.28352,2022-01-29.7842035,bo,1.75,16.361,>16.361,99.990,0.568,0.207,g
2459609.28477,2022-01-29.7854458,bo,1.72,16.511,>16.511,99.990,0.582,0.181,g
2459609.69949,2022-01-30.2001642,bG,1.47,16.968,>16.968,99.990,0.567,0.119,g
2459609.70080,2022-01-30.2014653,bG,1.47,16.880,>16.880,99.990,0.387,0.129,g
2459609.70210,2022-01-30.2027631,bG,1.47,17.149,16.674,0.141,0.777,0.100,g
2459610.68013,2022-01-31.1807957,bk,1.43,16.887,>16.887,99.990,0.525,0.128,g
2459610.68137,2022-01-31.1820331,bk,1.46,16.746,>16.746,99.990,0.251,0.145,g
2459610.68261,2022-01-31.1832769,bk,1.46,16.821,>16.821,99.990,0.605,0.136,g
2459611.66812,2022-02-01.1687670,bk,1.47,16.848,>16.848,99.990,0.491,0.132,g
2459611.66937,2022-02-01.1700202,bk,1.43,16.837,>16.837,99.990,0.466,0.134,g
2459611.67062,2022-02-01.1712717,bk,1.44,16.809,>16.809,99.990,0.488,0.137,g
2459612.46035,2022-02-01.9609995,bo,1.72,16.361,>16.361,99.990,0.899,0.207,g
2459612.66556,2022-02-02.1662001,bk,1.42,16.737,16.173,0.130,1.233,0.147,g
2459612.66681,2022-02-02.1674495,bk,1.43,16.741,>16.741,99.990,0.210,0.146,g
2459613.72221,2022-02-03.2228431,bG,1.46,16.839,16.390,0.145,1.009,0.134,g
2459613.72352,2022-02-03.2241460,bG,1.48,16.875,>16.875,99.990,0.442,0.129,g
2459613.72479,2022-02-03.2254300,bG,1.43,16.709,>16.709,99.990,0.617,0.151,g
2459614.71776,2022-02-04.2183797,bG,1.42,16.836,16.750,0.202,0.725,0.134,g
2459614.71906,2022-02-04.2196719,bG,1.46,16.811,>16.811,99.990,0.618,0.137,g
2459614.72036,2022-02-04.2209755,bG,1.46,16.821,>16.821,99.990,0.566,0.136,g
2459616.59263,2022-02-06.0932388,bk,1.43,16.909,>16.909,99.990,0.408,0.125,g
2459616.59389,2022-02-06.0944840,bk,1.48,16.741,16.513,0.178,0.901,0.146,g
2459616.59513,2022-02-06.0957246,bk,1.5,16.808,>16.808,99.990,0.405,0.137,g
2459616.61540,2022-02-06.1160020,bG,1.43,16.993,>16.993,99.990,0.530,0.116,g
2459616.61670,2022-02-06.1172986,bG,1.4,16.906,>16.906,99.990,0.392,0.126,g
2459616.61800,2022-02-06.1186042,bG,1.46,16.815,16.742,0.205,0.730,0.136,g
2459619.32279,2022-02-08.8233706,bo,1.48,16.607,>16.607,99.990,0.738,0.165,g
2459619.32409,2022-02-08.8246613,bo,1.45,16.617,>16.617,99.990,0.486,0.164,g
2459619.32533,2022-02-08.8259069,bo,1.48,16.559,>16.559,99.990,0.676,0.173,g
2459619.53489,2022-02-09.0354562,bk,1.51,16.528,>16.528,99.990,0.280,0.178,g
2459619.53613,2022-02-09.0367040,bk,1.46,16.416,>16.416,99.990,0.377,0.197,g
2459619.53737,2022-02-09.0379456,bk,1.42,16.507,>16.507,99.990,0.472,0.181,g
2459620.53454,2022-02-10.0350973,bk,1.48,16.567,>16.567,99.990,0.309,0.171,g
2459620.53578,2022-02-10.0363428,bk,1.49,16.400,>16.400,99.990,0.686,0.200,g
2459620.53702,2022-02-10.0375797,bk,1.47,16.371,>16.371,99.990,0.471,0.205,g
2459621.56762,2022-02-11.0681583,bG,1.47,16.527,>16.527,99.990,0.367,0.178,g
2459621.56890,2022-02-11.0694440,bG,1.47,16.417,>16.417,99.990,0.214,0.197,g
2459621.57020,2022-02-11.0707456,bG,1.46,16.517,16.492,0.214,0.919,0.180,g
2459623.52465,2022-02-13.0251778,bG,1.63,16.072,>16.072,99.990,0.886,0.271,g
2459623.52595,2022-02-13.0264725,bG,1.71,16.000,>16.000,99.990,0.422,0.289,g
2459623.52722,2022-02-13.0277513,bG,1.46,15.939,>15.939,99.990,0.710,0.306,g
2459624.57275,2022-02-14.0732682,bk,1.54,15.993,>15.993,99.990,0.844,0.291,g
2459624.57400,2022-02-14.0745157,bk,1.54,15.872,>15.872,99.990,1.076,0.325,g
2459624.57526,2022-02-14.0757680,bk,1.55,15.853,>15.853,99.990,0.622,0.331,g
2459627.39575,2022-02-16.8962313,bo,1.5,15.488,>15.488,99.990,0.156,0.463,g
2459627.39699,2022-02-16.8974673,bo,1.42,15.626,>15.626,99.990,-0.066,0.408,g
2459627.39823,2022-02-16.8987068,bo,1.51,15.526,>15.526,99.990,1.065,0.448,g
2459628.71242,2022-02-18.2128762,bG,1.51,15.824,>15.824,99.990,0.753,0.340,g
2459628.71370,2022-02-18.2141671,bG,1.58,15.907,>15.907,99.990,0.856,0.315,g
2459628.71500,2022-02-18.2154649,bG,1.55,15.779,>15.779,99.990,0.365,0.354,g
2459629.59587,2022-02-19.0963263,bG,1.43,16.123,>16.123,99.990,0.732,0.258,g
2459629.59717,2022-02-19.0976211,bG,1.44,16.204,>16.204,99.990,0.909,0.239,g
2459629.59847,2022-02-19.0989224,bG,1.45,16.233,>16.233,99.990,0.050,0.233,g
2459629.66095,2022-02-19.1613956,bk,1.43,15.941,>15.941,99.990,0.512,0.305,g
2459629.66219,2022-02-19.1626336,bk,1.47,15.905,>15.905,99.990,0.370,0.316,g
2459629.66344,2022-02-19.1638881,bk,1.49,15.940,15.902,0.212,1.582,0.306,g
2459630.57702,2022-02-20.0774587,bG,1.49,16.454,>16.454,99.990,0.562,0.190,g
2459630.57831,2022-02-20.0787493,bG,1.46,16.512,>16.512,99.990,0.748,0.180,g
2459630.57960,2022-02-20.0800387,bG,1.48,16.503,>16.503,99.990,0.706,0.182,g
2459630.60082,2022-02-20.1012572,bG,1.44,16.446,>16.446,99.990,0.347,0.192,g
2459630.60212,2022-02-20.1025561,bG,1.42,16.404,>16.404,99.990,0.891,0.199,g
2459630.60341,2022-02-20.1038440,bG,1.43,16.354,>16.354,99.990,0.860,0.209,g
2459631.60198,2022-02-21.1024017,bk,1.43,16.359,>16.359,99.990,0.745,0.208,g
2459631.60322,2022-02-21.1036412,bk,1.42,16.393,>16.393,99.990,0.324,0.201,g
2459631.60446,2022-02-21.1048842,bk,1.47,16.331,>16.331,99.990,0.289,0.213,g
2459634.45951,2022-02-23.9598980,bo,1.43,16.515,>16.515,99.990,0.789,0.180,g
2459634.64971,2022-02-24.1500916,bG,1.49,16.910,>16.910,99.990,0.477,0.125,g
2459634.65101,2022-02-24.1513923,bG,1.42,16.921,16.905,0.216,0.628,0.124,g
2459634.65230,2022-02-24.1526763,bG,1.46,16.855,>16.855,99.990,0.434,0.132,g
2459635.70172,2022-02-25.2020979,bG,1.43,16.773,>16.773,99.990,0.582,0.142,g
2459635.70302,2022-02-25.2033954,bG,1.46,16.928,>16.928,99.990,0.386,0.123,g
2459638.30351,2022-02-27.8038478,bo,1.46,16.802,>16.802,99.990,0.601,0.138,g
2459638.30477,2022-02-27.8051038,bo,1.43,16.931,>16.931,99.990,0.483,0.123,g
2459638.30601,2022-02-27.8063387,bo,1.44,16.841,16.800,0.211,0.692,0.133,g
2459638.54170,2022-02-28.0420315,bk,1.47,16.775,>16.775,99.990,0.623,0.142,g
2459638.54294,2022-02-28.0432732,bk,1.47,16.871,>16.871,99.990,0.412,0.130,g
2459638.54418,2022-02-28.0445136,bk,1.48,16.806,16.613,0.183,0.822,0.138,g
2459639.61027,2022-03-01.1105788,bk,1.5,16.815,>16.815,99.990,0.586,0.136,g
2459639.61149,2022-03-01.1118072,bk,1.49,16.677,>16.677,99.990,0.498,0.155,g
2459639.61274,2022-03-01.1130559,bk,1.53,16.704,>16.704,99.990,0.460,0.151,g
2459643.41868,2022-03-04.9189468,bo,1.55,16.706,16.537,0.187,0.882,0.151,g
2459643.41994,2022-03-04.9202021,bo,1.56,16.717,>16.717,99.990,0.365,0.149,g
2459643.42118,2022-03-04.9214355,bo,1.53,16.680,16.652,0.213,0.793,0.155,g
2459645.56043,2022-03-07.0606526,bk,1.43,17.217,16.933,0.169,0.612,0.094,g
2459645.56167,2022-03-07.0618943,bk,1.47,17.112,16.821,0.168,0.679,0.104,g
2459645.56291,2022-03-07.0631364,bk,1.5,17.122,16.765,0.158,0.715,0.103,g
2459646.59055,2022-03-08.0907608,bk,1.46,17.157,16.729,0.148,0.739,0.100,g
2459646.59179,2022-03-08.0920039,bk,1.43,17.358,17.237,0.196,0.463,0.083,g
2459646.59302,2022-03-08.0932341,bk,1.43,17.139,16.833,0.165,0.671,0.101,g
2459647.64147,2022-03-09.1416693,bG,1.45,17.071,16.781,0.168,0.704,0.108,g
2459647.64277,2022-03-09.1429672,bG,1.45,17.128,16.679,0.145,0.773,0.102,g
2459647.64408,2022-03-09.1442770,bG,1.42,17.133,>17.133,99.990,0.409,0.102,g
2459648.60006,2022-03-10.1002452,bk,2.15,16.949,>16.949,99.990,0.332,0.121,g
2459648.60130,2022-03-10.1014880,bk,2.16,16.795,>16.795,99.990,0.659,0.139,g
2459648.60254,2022-03-10.1027275,bk,2.18,16.977,16.596,0.154,0.835,0.118,g
2459648.63404,2022-03-10.1342263,bG,1.41,17.058,16.710,0.159,0.752,0.109,g
2459648.63535,2022-03-10.1355300,bG,1.42,17.080,16.826,0.173,0.676,0.107,g
2459648.63663,2022-03-10.1368184,bG,1.4,17.160,>17.160,99.990,0.481,0.099,g
2459649.58388,2022-03-11.0840497,bk,1.46,16.897,>16.897,99.990,0.606,0.127,g
2459649.58512,2022-03-11.0852939,bk,1.5,16.841,>16.841,99.990,0.565,0.133,g
2459649.58637,2022-03-11.0865425,bk,1.42,16.806,>16.806,99.990,0.599,0.138,g
2459649.64520,2022-03-11.1453684,bG,1.46,16.919,16.866,0.209,0.651,0.124,g
2459649.64649,2022-03-11.1466578,bG,1.45,16.977,>16.977,99.990,0.526,0.118,g
2459649.64779,2022-03-11.1479534,bG,1.46,16.903,>16.903,99.990,0.545,0.126,g
2459650.64150,2022-03-12.1416593,bk,1.57,16.652,>16.652,99.990,0.269,0.159,g
2459650.64274,2022-03-12.1429015,bk,1.48,16.598,>16.598,99.990,0.605,0.167,g
2459650.64399,2022-03-12.1441502,bk,2.09,16.449,>16.449,99.990,0.252,0.191,g
2459651.59975,2022-03-13.0998934,bG,1.45,16.619,>16.619,99.990,0.368,0.164,g
2459651.60105,2022-03-13.1011859,bG,1.41,16.703,16.467,0.176,0.941,0.151,g
2459651.60233,2022-03-13.1024781,bG,1.45,16.710,>16.710,99.990,0.418,0.150,g
2459652.59357,2022-03-14.0936981,bk,1.54,16.471,>16.471,99.990,0.235,0.187,g
2459652.59482,2022-03-14.0949531,bk,1.47,16.452,>16.452,99.990,0.751,0.191,g
2459652.59608,2022-03-14.0962004,bk,1.55,16.313,>16.313,99.990,0.833,0.217,g
2459652.62035,2022-03-14.1204787,bk,1.54,16.407,>16.407,99.990,0.717,0.199,g
2459652.62159,2022-03-14.1217207,bk,1.49,16.385,16.169,0.180,1.237,0.203,g
2459652.62282,2022-03-14.1229497,bk,1.54,16.465,>16.465,99.990,0.229,0.188,g
2459653.61321,2022-03-15.1133305,bG,1.47,16.394,>16.394,99.990,0.326,0.201,g
2459653.61450,2022-03-15.1146202,bG,1.44,16.301,>16.301,99.990,0.902,0.219,g
2459653.61581,2022-03-15.1159187,bG,1.45,16.337,>16.337,99.990,0.819,0.212,g
2459656.39962,2022-03-17.8996865,bo,1.47,15.556,>15.556,99.990,1.496,0.435,g
2459658.63567,2022-03-20.1357090,bG,1.4,16.245,>16.245,99.990,0.293,0.231,g
2459658.63696,2022-03-20.1369924,bG,1.41,16.170,>16.170,99.990,0.391,0.247,g
2459658.63826,2022-03-20.1382964,bG,1.41,16.341,>16.341,99.990,0.743,0.211,g
2459659.61782,2022-03-21.1178444,bk,1.48,16.197,15.980,0.179,1.472,0.241,g
2459659.61906,2022-03-21.1190864,bk,1.47,16.212,>16.212,99.990,-0.024,0.238,g
2459660.63329,2022-03-22.1332997,bG,1.41,16.584,>16.584,99.990,0.270,0.169,g
2459660.63458,2022-03-22.1345971,bG,1.43,16.472,>16.472,99.990,0.919,0.187,g
2459666.57293,2022-03-28.0728523,bk,1.47,17.184,17.142,0.211,0.505,0.097,g
2459666.57418,2022-03-28.0741034,bk,1.44,17.188,16.598,0.127,0.833,0.097,g
2459666.57543,2022-03-28.0753568,bk,1.44,17.162,16.710,0.145,0.751,0.099,g
2459668.61340,2022-03-30.1132975,bG,2.02,17.050,17.013,0.212,0.569,0.110,g
2459669.59237,2022-03-31.0922547,bG,1.43,17.110,16.743,0.156,0.729,0.104,g
2459669.59367,2022-03-31.0935467,bG,1.45,17.131,16.970,0.189,0.592,0.102,g
2459669.59496,2022-03-31.0948325,bG,1.47,17.082,16.875,0.181,0.646,0.107,g
2459670.51836,2022-04-01.0182223,bG,1.42,17.180,16.815,0.157,0.682,0.098,g
2459670.51967,2022-04-01.0195291,bG,1.44,17.125,16.968,0.190,0.593,0.103,g
2459670.52097,2022-04-01.0208340,bG,1.43,17.126,16.718,0.150,0.746,0.102,g
2459670.52193,2022-04-01.0217939,bk,1.42,17.113,17.042,0.205,0.554,0.104,g
2459670.52318,2022-04-01.0230405,bk,1.46,17.145,16.831,0.164,0.672,0.101,g
2459670.52441,2022-04-01.0242739,bk,1.44,17.177,17.007,0.187,0.572,0.098,g
2459671.48981,2022-04-01.9896625,bk,1.54,17.129,>17.129,99.990,0.493,0.102,g
2459671.49105,2022-04-01.9909040,bk,1.51,17.112,16.981,0.194,0.585,0.104,g
2459671.49230,2022-04-01.9921574,bk,1.54,17.296,16.927,0.156,0.615,0.088,g
2459673.34765,2022-04-03.8474650,bo,1.49,16.839,16.495,0.160,0.917,0.134,g
2459673.34889,2022-04-03.8487081,bo,1.52,16.849,>16.849,99.990,0.498,0.132,g
2459673.35013,2022-04-03.8499464,bo,1.51,16.800,>16.800,99.990,0.557,0.138,g
2459677.22267,2022-04-07.7224356,bo,1.5,16.079,>16.079,99.990,0.778,0.269,g
2459677.22394,2022-04-07.7237032,bo,1.47,16.267,>16.267,99.990,0.575,0.226,g
2459677.22522,2022-04-07.7249803,bo,1.5,16.299,>16.299,99.990,0.601,0.220,g
2459678.53580,2022-04-09.0355474,bG,1.51,16.938,16.784,0.190,0.702,0.122,g
2459678.53710,2022-04-09.0368453,bG,1.5,16.836,>16.836,99.990,0.545,0.134,g
2459678.53842,2022-04-09.0381702,bG,1.49,16.851,16.623,0.178,0.814,0.132,g
2459679.57422,2022-04-10.0739565,bG,1.48,16.784,16.761,0.215,0.717,0.140,g
2459679.57552,2022-04-10.0752541,bG,1.48,16.815,>16.815,99.990,0.436,0.136,g
2459679.57682,2022-04-10.0765526,bG,1.46,16.895,16.779,0.197,0.706,0.127,g
2459680.51273,2022-04-11.0124526,bk,1.46,16.670,>16.670,99.990,0.431,0.156,g
2459680.51398,2022-04-11.0136956,bk,1.43,16.712,>16.712,99.990,0.345,0.150,g
2459680.51523,2022-04-11.0149467,bk,1.47,16.618,>16.618,99.990,0.678,0.164,g
2459682.57522,2022-04-13.0749067,bG,1.45,16.337,>16.337,99.990,0.433,0.212,g
2459684.55966,2022-04-15.0593238,bG,1.62,16.180,>16.180,99.990,0.271,0.245,g
2459684.56096,2022-04-15.0606270,bG,1.55,16.104,>16.104,99.990,0.254,0.263,g
2459684.56226,2022-04-15.0619219,bG,1.59,16.083,>16.083,99.990,0.635,0.268,g
2459685.56688,2022-04-16.0665350,bG,1.43,15.884,>15.884,99.990,0.503,0.322,g
2459688.55262,2022-04-19.0522246,bG,1.46,16.327,>16.327,99.990,-0.952,0.214,g
2459688.55392,2022-04-19.0535234,bG,1.45,16.401,>16.401,99.990,0.759,0.200,g
2459688.55520,2022-04-19.0548107,bG,1.47,16.318,>16.318,99.990,0.409,0.216,g
2459691.49294,2022-04-21.9925,bk,1.45,17.112,17.044,0.206,0.553,0.104,g
2459691.49416,2022-04-21.9937392,bk,1.5,17.110,16.736,0.155,0.733,0.104,g
2459691.49541,2022-04-21.9949781,bk,1.49,17.229,16.860,0.156,0.655,0.093,g
2459692.54659,2022-04-23.0461502,bG,1.4,17.132,16.977,0.190,0.588,0.102,g
2459692.54788,2022-04-23.0474406,bG,1.28,16.883,>16.883,99.990,0.397,0.128,g
2459693.54539,2022-04-24.0449340,bG,1.41,17.145,16.994,0.191,0.579,0.101,g
2459694.53955,2022-04-25.0390781,bG,1.4,17.042,>17.042,99.990,0.550,0.111,g
2459694.54085,2022-04-25.0403740,bG,1.44,16.996,16.843,0.190,0.665,0.116,g
2459694.54213,2022-04-25.0416643,bG,1.44,16.953,>16.953,99.990,0.523,0.120,g
2459696.27374,2022-04-26.7732504,bo,1.58,16.861,>16.861,99.990,0.551,0.131,g
2459696.27498,2022-04-26.7744946,bo,1.6,16.758,>16.758,99.990,0.573,0.144,g
2459696.27622,2022-04-26.7757305,bo,1.51,16.775,>16.775,99.990,0.657,0.142,g
2459697.28691,2022-04-27.7864010,bo,1.49,16.760,16.412,0.159,0.989,0.144,g
2459697.28815,2022-04-27.7876429,bo,1.5,16.807,>16.807,99.990,0.484,0.137,g
2459698.52995,2022-04-29.0294310,bG,1.46,17.106,16.543,0.131,0.876,0.104,g
2459698.53125,2022-04-29.0307290,bG,1.42,17.141,16.876,0.172,0.645,0.101,g
2459699.51868,2022-04-30.0181468,bG,1.42,17.203,16.726,0.141,0.741,0.095,g
2459699.51997,2022-04-30.0194392,bG,1.41,17.159,16.774,0.154,0.708,0.099,g
2459699.52126,2022-04-30.0207288,bG,1.44,17.240,>17.240,99.990,0.431,0.092,g
2459701.27176,2022-05-01.7712065,bo,1.46,16.935,>16.935,99.990,0.451,0.122,g
2459701.27300,2022-05-01.7724460,bo,1.49,16.797,>16.797,99.990,0.399,0.139,g
2459701.27424,2022-05-01.7736937,bo,1.48,16.788,16.436,0.158,0.967,0.140,g
2459702.51899,2022-05-03.0184278,bG,1.52,17.148,>17.148,99.990,0.301,0.100,g
2459702.52029,2022-05-03.0197298,bG,1.51,17.089,>17.089,99.990,0.481,0.106,g
2459703.23840,2022-05-03.7378253,bo,1.45,16.737,>16.737,99.990,0.712,0.147,g
2459703.23963,2022-05-03.7390563,bo,1.45,17.026,16.792,0.177,0.697,0.112,g
2459703.24086,2022-05-03.7402876,bo,1.43,16.737,>16.737,99.990,0.439,0.147,g
2459704.50926,2022-05-05.0086765,bG,1.45,17.120,16.864,0.173,0.652,0.103,g
2459704.51056,2022-05-05.0099731,bG,1.37,17.141,>17.141,99.990,0.471,0.101,g
2459704.51185,2022-05-05.0112635,bG,1.43,17.156,17.004,0.191,0.573,0.100,g
2459706.47035,2022-05-06.9697456,bk,1.72,16.671,>16.671,99.990,0.403,0.156,g
2459706.47160,2022-05-06.9709929,bk,1.69,16.902,>16.902,99.990,0.558,0.126,g
2459706.47284,2022-05-06.9722273,bk,1.64,16.780,>16.780,99.990,0.563,0.141,g
2459709.47625,2022-05-09.9756093,bk,1.46,15.893,>15.893,99.990,1.285,0.319,g
2459709.47748,2022-05-09.9768439,bk,1.51,15.910,>15.910,99.990,0.981,0.314,g
2459709.47873,2022-05-09.9780868,bk,1.48,15.938,>15.938,99.990,-0.437,0.306,g
2459711.23425,2022-05-11.7335938,bo,1.44,15.992,15.914,0.204,1.565,0.291,g
2459711.23549,2022-05-11.7348358,bo,1.44,16.032,>16.032,99.990,0.873,0.281,g
2459711.23672,2022-05-11.7360706,bo,1.47,16.076,>16.076,99.990,0.785,0.269,g
2459713.48477,2022-05-13.9840885,bG,1.51,16.201,>16.201,99.990,0.753,0.240,g
2459713.48608,2022-05-13.9853996,bG,1.41,16.164,>16.164,99.990,0.485,0.249,g
2459713.48737,2022-05-13.9866987,bG,1.48,16.299,>16.299,99.990,0.972,0.220,g
2459715.23279,2022-05-15.7320965,bo,1.54,15.330,>15.330,99.990,-0.724,0.536,g
2459715.23405,2022-05-15.7333524,bo,1.5,15.337,>15.337,99.990,-0.645,0.532,g
2459715.23531,2022-05-15.7346214,bo,1.47,15.542,>15.542,99.990,-0.124,0.441,g
2459716.47154,2022-05-16.9708325,bG,1.57,16.307,>16.307,99.990,0.594,0.218,g
2459716.47285,2022-05-16.9721366,bG,1.48,16.187,>16.187,99.990,0.874,0.243,g
2459716.47414,2022-05-16.9734430,bG,1.5,16.445,>16.445,99.990,0.670,0.192,g
2459718.46844,2022-05-18.9677289,bG,1.42,16.070,>16.070,99.990,-3.752,0.273,g
2459718.46974,2022-05-18.9690277,bG,1.43,15.030,>15.030,99.990,0.847,0.707,g
2459718.47105,2022-05-18.9703263,bG,1.52,14.497,>14.497,99.990,1.419,1.154,g
2459719.46736,2022-05-19.9666368,bG,1.63,17.029,16.880,0.191,0.643,0.112,g
2459719.46867,2022-05-19.9679418,bG,1.61,17.079,16.728,0.159,0.739,0.107,g
2459719.46996,2022-05-19.9692324,bG,1.61,17.007,>17.007,99.990,0.532,0.114,g
2459723.21272,2022-05-23.7119593,bo,1.65,16.138,>16.138,99.990,0.738,0.255,g
2459723.21396,2022-05-23.7131996,bo,1.58,16.290,>16.290,99.990,0.700,0.221,g
2459723.21529,2022-05-23.7145304,bo,1.51,16.165,>16.165,99.990,0.482,0.248,g
2459724.20795,2022-05-24.7071857,bo,1.49,16.854,>16.854,99.990,0.369,0.132,g
2459724.20920,2022-05-24.7084361,bo,1.54,16.630,>16.630,99.990,0.413,0.162,g
2459725.45655,2022-05-25.9557835,bG,1.67,16.744,>16.744,99.990,0.607,0.146,g
2459725.45785,2022-05-25.9570799,bG,1.66,16.843,>16.843,99.990,0.646,0.133,g
2459726.45217,2022-05-26.9513986,bG,1.47,16.493,>16.493,99.990,0.708,0.184,g
2459726.45350,2022-05-26.9527106,bG,1.45,16.956,>16.956,99.990,0.459,0.120,g
2459726.45478,2022-05-26.9540072,bG,1.49,16.811,16.688,0.196,0.767,0.137,g
2459728.19865,2022-05-28.6978605,bo,1.63,14.214,>14.214,99.990,0.557,1.498,g
2459728.19996,2022-05-28.6991657,bo,1.54,16.359,>16.359,99.990,0.318,0.208,g
2459728.20124,2022-05-28.7004570,bo,1.59,16.489,>16.489,99.990,-0.075,0.184,g
2459730.19081,2022-05-30.6900070,bo,2.18,15.304,>15.304,99.990,0.880,0.549,g
2459730.19205,2022-05-30.6912379,bo,2.15,15.547,>15.547,99.990,-0.334,0.439,g
2459730.19328,2022-05-30.6924704,bo,2.11,15.577,>15.577,99.990,0.208,0.427,g
2459731.19060,2022-05-31.6897968,bo,2.5,15.224,>15.224,99.990,1.983,0.591,g
2459772.93505,2022-07-12.4342271,bG,1.45,16.584,>16.584,99.990,0.622,0.169,g
2459772.93635,2022-07-12.4355252,bG,1.47,16.794,>16.794,99.990,0.170,0.139,g
2459772.93765,2022-07-12.4368228,bG,1.46,16.653,>16.653,99.990,0.586,0.158,g
2459782.66854,2022-07-22.1677671,bo,1.51,16.388,>16.388,99.990,0.227,0.202,g
2459782.66983,2022-07-22.1690592,bo,1.55,16.540,>16.540,99.990,0.476,0.176,g
2459782.67125,2022-07-22.1704755,bo,1.57,16.516,>16.516,99.990,0.546,0.180,g
2459785.91952,2022-07-25.4187708,bG,1.53,17.082,16.750,0.161,0.725,0.107,g
2459785.92081,2022-07-25.4200554,bG,1.57,17.066,16.926,0.192,0.616,0.108,g
2459785.92208,2022-07-25.4213315,bG,1.5,17.111,16.939,0.187,0.609,0.104,g
2459787.67097,2022-07-27.1702339,bo,1.47,16.629,>16.629,99.990,0.354,0.162,g
2459787.67223,2022-07-27.1714899,bo,1.5,16.802,>16.802,99.990,0.677,0.138,g
2459787.67347,2022-07-27.1727376,bo,1.49,16.636,>16.636,99.990,0.627,0.161,g
2459792.93071,2022-08-01.4300180,bG,1.45,16.937,>16.937,99.990,0.524,0.122,g
2459792.93201,2022-08-01.4313130,bG,1.52,16.740,>16.740,99.990,0.466,0.146,g
2459792.93331,2022-08-01.4326152,bG,1.48,16.550,>16.550,99.990,0.524,0.174,g
2459796.63507,2022-08-05.1344140,bo,1.47,16.778,>16.778,99.990,0.696,0.141,g
2459796.63632,2022-08-05.1356636,bo,1.51,16.775,16.693,0.203,0.764,0.142,g
2459796.63760,2022-08-05.13695,bo,1.50,16.813,>16.813,99.990,0.429,0.137,g
2459797.63537,2022-08-06.1347163,bo,1.48,16.796,16.775,0.215,0.708,0.139,g
2459797.63663,2022-08-06.1359886,bo,1.46,16.629,>16.629,99.990,0.486,0.162,g
2459797.63789,2022-08-06.1372444,bo,1.45,16.698,>16.698,99.990,0.504,0.152,g
2459797.68811,2022-08-06.1874644,bo,1.48,15.563,>15.563,99.990,0.658,0.433,g
2459798.68473,2022-08-07.1840901,bo,1.56,15.860,>15.860,99.990,1.071,0.329,g
2459798.68597,2022-08-07.1853331,bo,1.49,15.621,>15.621,99.990,1.379,0.410,g
2459798.68721,2022-08-07.1865680,bo,1.54,15.317,>15.317,99.990,1.092,0.542,g
2459799.89230,2022-08-08.3916712,bk,1.52,17.118,16.698,0.149,0.760,0.103,g
2459799.89354,2022-08-08.3929153,bk,1.50,17.082,16.639,0.146,0.803,0.107,g
2459799.89479,2022-08-08.3941675,bk,1.51,17.099,16.762,0.161,0.716,0.105,g
2459800.87736,2022-08-09.3767472,bk,1.46,16.720,>16.720,99.990,0.697,0.149,g
2459800.87860,2022-08-09.3779880,bk,1.51,16.767,>16.767,99.990,0.312,0.143,g
2459800.87984,2022-08-09.3792270,bk,1.51,16.731,>16.731,99.990,0.436,0.147,g
2459801.87453,2022-08-10.3739368,bG,1.48,15.458,>15.458,99.990,1.197,0.477,g
2459801.87583,2022-08-10.3752289,bG,1.53,15.161,>15.161,99.990,1.522,0.626,g
2459801.87714,2022-08-10.3765420,bG,1.45,14.451,>14.451,99.990,-1.807,1.204,g
2459802.87084,2022-08-11.3702505,bG,1.53,14.691,>14.691,99.990,3.388,0.965,g
2459803.86734,2022-08-12.3667498,bG,1.56,15.735,>15.735,99.990,1.069,0.369,g
2459803.86862,2022-08-12.3680443,bG,1.52,15.812,>15.812,99.990,1.072,0.344,g
2459803.86992,2022-08-12.3693331,bG,1.49,15.607,>15.607,99.990,0.367,0.415,g
2459804.86742,2022-08-13.3668577,bG,1.57,16.013,>16.013,99.990,0.307,0.286,g
2459804.86872,2022-08-13.3681458,bG,1.60,15.941,>15.941,99.990,0.372,0.305,g
2459804.87001,2022-08-13.3694399,bG,1.5,15.916,>15.916,99.990,0.682,0.312,g
2459805.89161,2022-08-14.3910540,bk,1.49,16.040,>16.040,99.990,0.558,0.279,g
2459805.89287,2022-08-14.3923099,bk,1.58,15.954,>15.954,99.990,1.077,0.302,g
2459805.89412,2022-08-14.3935633,bk,1.53,15.956,>15.956,99.990,0.363,0.301,g
2459806.85353,2022-08-15.3529868,bk,1.49,15.785,>15.785,99.990,0.397,0.352,g
2459806.85478,2022-08-15.3542318,bk,1.47,15.836,>15.836,99.990,0.854,0.336,g
2459806.85602,2022-08-15.3554697,bk,1.54,15.664,>15.664,99.990,0.516,0.394,g
2459807.83986,2022-08-16.3393229,bk,1.49,16.254,>16.254,99.990,0.054,0.229,g
2459807.84109,2022-08-16.3405563,bk,1.54,16.391,>16.391,99.990,0.885,0.202,g
2459807.84233,2022-08-16.3417910,bk,1.49,16.459,>16.459,99.990,-0.012,0.189,g
2459809.85170,2022-08-18.3511840,bG,1.45,16.751,>16.751,99.990,0.721,0.145,g
2459809.85299,2022-08-18.3524861,bG,1.47,16.760,16.537,0.178,0.882,0.144,g
2459809.85428,2022-08-18.3537714,bG,1.41,16.757,16.672,0.203,0.779,0.144,g
2459810.84382,2022-08-19.3433177,bk,1.5,17.047,>17.047,99.990,0.406,0.110,g
2459810.84507,2022-08-19.3445734,bk,1.44,16.771,16.676,0.201,0.775,0.142,g
2459810.84633,2022-08-19.3458211,bk,1.43,16.837,>16.837,99.990,0.201,0.134,g
2459812.84660,2022-08-21.3461187,bG,1.61,14.329,>14.329,99.990,-0.547,1.348,g
2459812.84788,2022-08-21.3474076,bG,1.54,13.673,>13.673,99.990,7.107,2.465,g
2459812.84917,2022-08-21.3486947,bG,1.51,99.990,99.990,99.990,99.990,99.990,g
2459813.59229,2022-08-22.0918201,bo,1.46,16.840,>16.840,99.990,0.588,0.133,g
2459813.59354,2022-08-22.0930733,bo,1.42,16.748,>16.748,99.990,0.408,0.145,g
2459813.59480,2022-08-22.0943247,bo,1.45,16.751,>16.751,99.990,0.387,0.145,g
2459813.92399,2022-08-22.4235388,bG,1.47,16.875,16.631,0.175,0.809,0.129,g
2459813.92529,2022-08-22.4248339,bG,1.44,16.726,>16.726,99.990,0.190,0.148,g
2459813.92658,2022-08-22.4261124,bG,1.49,16.381,>16.381,99.990,0.554,0.204,g
2459814.86297,2022-08-23.3625140,bk,1.44,17.154,16.632,0.135,0.807,0.100,g
2459814.86421,2022-08-23.3637557,bk,1.43,17.140,16.699,0.146,0.759,0.101,g
2459814.86545,2022-08-23.3649974,bk,1.46,17.151,16.762,0.153,0.717,0.100,g
2459815.85011,2022-08-24.3496681,bk,1.54,17.123,17.039,0.203,0.555,0.103,g
2459815.85134,2022-08-24.3509025,bk,1.61,17.093,16.367,0.112,1.031,0.106,g
2459815.85259,2022-08-24.3521464,bk,1.6,17.156,16.605,0.132,0.828,0.100,g
2459816.91201,2022-08-25.4115819,bG,1.44,17.143,>17.143,99.990,0.461,0.101,g
2459816.91330,2022-08-25.4128710,bG,1.47,17.222,16.851,0.156,0.660,0.094,g
2459816.91460,2022-08-25.4141759,bG,1.48,17.122,16.850,0.171,0.660,0.103,g
2459818.82669,2022-08-27.3262962,bG,1.46,17.108,16.753,0.158,0.723,0.104,g
2459818.82798,2022-08-27.3275829,bG,1.42,17.141,17.099,0.211,0.526,0.101,g
2459818.82926,2022-08-27.3288684,bG,1.43,17.151,16.846,0.165,0.664,0.100,g
2459819.84783,2022-08-28.3474452,bk,1.48,17.172,16.653,0.136,0.792,0.098,g
2459819.84907,2022-08-28.3486799,bk,1.51,17.153,16.972,0.185,0.590,0.100,g
2459819.85032,2022-08-28.3499297,bk,1.47,17.029,16.934,0.201,0.611,0.112,g
2459821.82135,2022-08-30.3209896,bG,1.54,17.139,16.789,0.159,0.699,0.101,g
2459822.81769,2022-08-31.3173457,bG,1.48,17.286,17.189,0.201,0.484,0.088,g
2459822.81899,2022-08-31.3186407,bG,1.44,17.089,>17.089,99.990,0.519,0.106,g
2459822.82028,2022-08-31.3199268,bG,1.43,17.064,>17.064,99.990,0.437,0.108,g
2459824.81356,2022-09-02.3132501,bk,1.54,17.025,16.605,0.149,0.828,0.113,g
2459824.81482,2022-09-02.3145018,bk,1.5,17.070,>17.070,99.990,0.435,0.108,g
2459824.81606,2022-09-02.3157416,bk,1.57,17.072,16.619,0.144,0.817,0.108,g
2459825.82927,2022-09-03.3289601,bk,1.45,17.023,>17.023,99.990,0.563,0.113,g
2459825.83052,2022-09-03.3302194,bk,1.51,16.983,>16.983,99.990,0.412,0.117,g
2459825.83176,2022-09-03.3314578,bk,1.43,17.070,16.653,0.149,0.793,0.108,g
2459826.80654,2022-09-04.3062459,bk,1.47,17.205,>17.205,99.990,0.437,0.095,g
2459826.80778,2022-09-04.3074946,bk,1.52,17.218,>17.218,99.990,0.460,0.094,g
2459826.80904,2022-09-04.3087468,bk,1.51,17.047,>17.047,99.990,0.337,0.110,g
2459827.81964,2022-09-05.3193623,bG,1.46,17.216,>17.216,99.990,0.461,0.094,g
2459827.82095,2022-09-05.3206712,bG,1.45,17.281,>17.281,99.990,0.390,0.089,g
2459827.82223,2022-09-05.3219553,bG,1.44,17.181,17.136,0.210,0.507,0.097,g
2459828.81870,2022-09-06.3184401,bk,1.48,16.828,>16.828,99.990,0.622,0.135,g
2459828.81995,2022-09-06.3196913,bk,1.51,16.690,>16.690,99.990,0.640,0.153,g
2459828.82119,2022-09-06.3209331,bk,1.45,16.630,>16.630,99.990,0.505,0.162,g
2459829.58131,2022-09-07.0810658,bo,1.63,16.054,>16.054,99.990,-0.038,0.275,g
2459829.58258,2022-09-07.0823290,bo,1.68,15.992,>15.992,99.990,0.698,0.291,g
2459829.58383,2022-09-07.0835730,bo,1.61,16.145,>16.145,99.990,0.247,0.253,g
2459831.79329,2022-09-09.2930626,bG,1.61,15.840,>15.840,99.990,0.272,0.335,g
2459831.79457,2022-09-09.2943468,bG,1.56,15.896,>15.896,99.990,0.592,0.318,g
2459831.79586,2022-09-09.2956322,bG,1.58,15.822,>15.822,99.990,1.283,0.341,g
2459833.52377,2022-09-11.0235689,bo,1.5,14.657,>14.657,99.990,-3.639,0.996,g
2459833.77609,2022-09-11.2759,bk,2.09,15.150,>15.150,99.990,1.156,0.632,g
2459833.77735,2022-09-11.2771510,bk,2.12,15.405,>15.405,99.990,-1.259,0.500,g
2459833.77861,2022-09-11.2784104,bk,2.19,15.259,>15.259,99.990,-0.420,0.572,g
2459834.80931,2022-09-12.3091288,bG,1.68,16.200,>16.200,99.990,-0.105,0.241,g
2459834.81060,2022-09-12.3104171,bG,1.72,15.987,>15.987,99.990,0.210,0.293,g
2459834.81190,2022-09-12.311725,bG,1.77,15.995,>15.995,99.990,0.653,0.290,g
2459835.78175,2022-09-13.2815846,bG,1.46,15.899,>15.899,99.990,0.052,0.317,g
2459835.78305,2022-09-13.2828861,bG,1.47,15.899,>15.899,99.990,0.899,0.317,g
2459835.78432,2022-09-13.2841652,bG,1.48,15.968,>15.968,99.990,0.118,0.298,g
2459836.77956,2022-09-14.2794195,bG,1.50,16.233,>16.233,99.990,0.726,0.233,g
2459836.78085,2022-09-14.2807034,bG,1.46,16.313,>16.313,99.990,1.040,0.217,g
2459836.78215,2022-09-14.2820024,bG,1.45,16.249,>16.249,99.990,0.578,0.230,g
2459837.77758,2022-09-15.2774476,bG,1.42,16.656,16.518,0.193,0.897,0.158,g
2459837.77889,2022-09-15.2787483,bG,1.43,16.554,>16.554,99.990,0.300,0.174,g
2459837.78019,2022-09-15.2800483,bG,1.47,16.708,>16.708,99.990,0.160,0.151,g
2459838.77777,2022-09-16.2776453,bG,1.48,14.267,>14.267,99.990,1.915,1.426,g
2459838.77907,2022-09-16.2789450,bG,1.48,14.252,>14.252,99.990,-0.534,1.446,g
2459838.78036,2022-09-16.2802305,bG,1.54,13.981,>13.981,99.990,-0.552,1.857,g
2459839.77424,2022-09-17.2741277,bG,1.66,99.990,99.990,99.990,99.990,99.990,g
2459839.77552,2022-09-17.2754201,bG,1.51,99.990,99.990,99.990,99.990,99.990,g
2459840.76675,2022-09-18.2666565,bG,1.42,17.116,17.031,0.203,0.559,0.103,g
2459840.76804,2022-09-18.2679531,bG,1.52,16.987,16.462,0.135,0.944,0.116,g
2459840.76935,2022-09-18.2692568,bG,1.49,17.033,>17.033,99.990,0.414,0.112,g
2459841.80468,2022-09-19.3046065,bG,1.42,17.015,16.820,0.183,0.679,0.114,g
2459841.80598,2022-09-19.3059082,bG,1.45,16.930,>16.930,99.990,0.518,0.123,g
2459841.80727,2022-09-19.3071905,bG,1.44,16.962,16.932,0.213,0.612,0.119,g
2459842.88062,2022-09-20.3805571,bG,1.5,16.936,16.400,0.134,1.000,0.122,g
2459842.88191,2022-09-20.3818447,bG,1.49,16.994,16.899,0.201,0.632,0.116,g
2459842.90184,2022-09-20.4017766,bG,1.49,16.638,>16.638,99.990,0.420,0.161,g
2459843.77417,2022-09-21.2741231,bk,1.47,17.002,>17.002,99.990,0.448,0.115,g
2459843.77541,2022-09-21.2753653,bk,1.47,17.041,>17.041,99.990,0.488,0.111,g
2459843.77666,2022-09-21.2766143,bk,1.46,17.114,>17.114,99.990,0.342,0.104,g
2459844.77896,2022-09-22.2789237,bk,1.44,17.010,>17.010,99.990,0.564,0.114,g
2459844.78020,2022-09-22.2801679,bk,1.44,17.063,>17.063,99.990,0.514,0.109,g
2459844.78144,2022-09-22.2814096,bk,1.41,17.117,16.964,0.190,0.595,0.103,g
2459845.78422,2022-09-23.2842101,bk,1.49,17.076,16.658,0.149,0.789,0.107,g
2459845.78547,2022-09-23.2854589,bk,1.47,17.097,>17.097,99.990,0.321,0.105,g
2459845.78671,2022-09-23.2867019,bk,1.44,17.032,16.906,0.195,0.627,0.112,g
2459846.76835,2022-09-24.2683407,bk,1.47,17.006,16.786,0.179,0.701,0.114,g
2459846.76959,2022-09-24.2695809,bk,1.47,17.080,>17.080,99.990,0.367,0.107,g
2459846.77084,2022-09-24.2708391,bk,1.42,17.361,>17.361,99.990,0.407,0.083,g
2459847.80659,2022-09-25.3066047,bk,1.44,17.041,>17.041,99.990,0.516,0.111,g
2459847.80785,2022-09-25.3078650,bk,1.41,17.051,16.719,0.161,0.745,0.110,g
2459847.80909,2022-09-25.3091064,bk,1.47,17.009,16.753,0.173,0.722,0.114,g
2459848.81840,2022-09-26.3184337,bk,1.45,16.361,>16.361,99.990,0.349,0.207,g
2459848.81965,2022-09-26.3196827,bk,1.42,16.336,>16.336,99.990,0.266,0.212,g
2459848.82089,2022-09-26.3209231,bk,1.42,16.352,16.038,0.164,1.396,0.209,g
2459849.58255,2022-09-27.0825869,bo,1.45,16.801,>16.801,99.990,0.629,0.138,g
2459849.58379,2022-09-27.0838287,bo,1.41,16.735,>16.735,99.990,0.725,0.147,g
2459849.58504,2022-09-27.0850775,bo,1.43,16.745,16.655,0.202,0.791,0.146,g
2459850.89411,2022-09-28.3941784,bk,1.57,14.654,>14.654,99.990,-0.296,0.999,g
2459850.89535,2022-09-28.3954177,bk,1.5,99.990,99.990,99.990,99.990,99.990,g
2459851.48082,2022-09-28.9808858,bo,1.44,15.278,>15.278,99.990,0.489,0.562,g
2459851.48206,2022-09-28.9821291,bo,1.45,14.472,>14.472,99.990,0.575,1.181,g
2459851.48331,2022-09-28.9833817,bo,1.43,14.446,>14.446,99.990,-0.342,1.209,g
2459851.72646,2022-09-29.2265297,bG,1.51,17.170,>17.170,99.990,0.479,0.098,g
2459851.72775,2022-09-29.2278164,bG,1.47,17.067,16.870,0.183,0.649,0.108,g
2459851.72904,2022-09-29.2291039,bG,1.5,17.163,16.897,0.171,0.633,0.099,g
2459852.76647,2022-09-30.2665611,bk,1.47,17.129,>17.129,99.990,0.395,0.102,g
2459852.76774,2022-09-30.2678188,bk,1.47,17.021,16.743,0.170,0.729,0.113,g
2459852.76898,2022-09-30.2690688,bk,1.47,17.199,16.815,0.154,0.683,0.096,g
2459854.60340,2022-10-02.1035116,bo,1.55,16.684,>16.684,99.990,0.526,0.154,g
2459854.60464,2022-10-02.1047458,bo,1.59,16.626,>16.626,99.990,0.638,0.162,g
2459854.60588,2022-10-02.1059856,bo,1.57,16.843,>16.843,99.990,0.561,0.133,g
2459855.71796,2022-10-03.2180854,bk,1.46,16.840,>16.840,99.990,0.528,0.133,g
2459855.71920,2022-10-03.2193282,bk,1.46,16.889,>16.889,99.990,0.576,0.127,g
2459855.72044,2022-10-03.2205711,bk,1.47,16.854,16.603,0.174,0.830,0.132,g
2459857.46776,2022-10-04.9679170,bo,1.46,15.985,>15.985,99.990,1.012,0.293,g
2459857.47025,2022-10-04.9703993,bo,1.49,16.147,>16.147,99.990,0.838,0.252,g
2459858.71652,2022-10-06.2166951,bG,1.44,16.159,>16.159,99.990,0.395,0.250,g
2459858.71784,2022-10-06.2180079,bG,1.44,16.385,>16.385,99.990,0.240,0.203,g
2459858.71913,2022-10-06.2193045,bG,1.38,16.219,>16.219,99.990,0.603,0.236,g
2459859.75430,2022-10-07.2544807,bk,1.5,16.103,>16.103,99.990,0.562,0.263,g
2459859.75553,2022-10-07.2557167,bk,1.6,16.059,>16.059,99.990,0.144,0.274,g
2459859.75679,2022-10-07.2569680,bk,1.45,15.947,>15.947,99.990,1.347,0.304,g
2459860.72054,2022-10-08.2207394,bk,1.49,15.957,>15.957,99.990,0.079,0.301,g
2459860.72177,2022-10-08.2219743,bk,1.51,15.943,>15.943,99.990,-0.137,0.305,g
2459860.72301,2022-10-08.2232160,bk,1.42,15.738,>15.738,99.990,0.315,0.368,g
2459861.76474,2022-10-09.2649515,bG,1.44,15.935,>15.935,99.990,0.358,0.307,g
2459861.76603,2022-10-09.2662458,bG,1.53,16.073,>16.073,99.990,0.134,0.270,g
2459861.76733,2022-10-09.2675416,bG,1.44,15.883,>15.883,99.990,0.734,0.322,g
2459862.76711,2022-10-10.2673513,bG,1.48,15.815,>15.815,99.990,1.058,0.343,g
2459862.76843,2022-10-10.2686556,bG,1.49,15.876,>15.876,99.990,0.575,0.324,g
2459862.76972,2022-10-10.2699576,bG,1.4,15.768,>15.768,99.990,0.439,0.358,g
2459863.77801,2022-10-11.2782541,bk,1.5,15.945,>15.945,99.990,0.330,0.304,g
2459863.77924,2022-10-11.2794879,bk,1.57,15.998,>15.998,99.990,0.491,0.290,g
2459863.78048,2022-10-11.2807251,bk,1.48,16.018,>16.018,99.990,-0.384,0.284,g
2459864.78100,2022-10-12.2812690,bk,1.55,16.220,>16.220,99.990,0.951,0.236,g
2459864.78224,2022-10-12.2825063,bk,1.49,16.070,>16.070,99.990,0.256,0.271,g
2459864.78350,2022-10-12.2837527,bk,1.56,16.185,>16.185,99.990,0.189,0.244,g
2459865.78269,2022-10-13.2829576,bk,1.6,16.319,>16.319,99.990,0.419,0.216,g
2459865.78394,2022-10-13.2842076,bk,1.52,16.252,>16.252,99.990,0.529,0.229,g
2459865.78519,2022-10-13.2854609,bk,1.48,16.352,>16.352,99.990,0.961,0.209,g
2459866.70455,2022-10-14.2048313,bG,1.4,16.513,16.496,0.216,0.915,0.180,g
2459866.70583,2022-10-14.2061199,bG,1.44,16.497,>16.497,99.990,0.454,0.183,g
2459866.70713,2022-10-14.2074175,bG,1.45,16.407,>16.407,99.990,0.744,0.199,g
2459867.69591,2022-10-15.1962079,bG,1.41,16.669,>16.669,99.990,0.192,0.156,g
2459867.69721,2022-10-15.1975124,bG,1.43,16.729,>16.729,99.990,0.315,0.148,g
2459867.69849,2022-10-15.1987952,bG,1.42,16.658,16.405,0.174,0.995,0.158,g
2459868.68983,2022-10-16.1901434,bk,1.46,17.074,>17.074,99.990,0.355,0.108,g
2459868.69107,2022-10-16.1913866,bk,1.48,16.977,16.898,0.204,0.632,0.118,g
2459868.69230,2022-10-16.1926222,bk,1.38,17.126,16.961,0.188,0.596,0.102,g
2459869.69061,2022-10-17.1909394,bk,1.43,17.042,16.641,0.151,0.801,0.111,g
2459869.69187,2022-10-17.1921976,bk,1.47,17.179,>17.179,99.990,0.265,0.098,g
2459869.69311,2022-10-17.1934454,bk,1.44,17.065,16.662,0.151,0.786,0.108,g
2459870.68515,2022-10-18.1854918,bG,1.46,17.118,16.961,0.190,0.596,0.103,g
2459870.68644,2022-10-18.1867796,bG,1.5,17.063,16.781,0.169,0.704,0.109,g
2459870.68774,2022-10-18.1880815,bG,1.47,17.149,16.988,0.189,0.582,0.100,g
2459871.68134,2022-10-19.1816931,bG,1.51,17.047,>17.047,99.990,0.502,0.110,g
2459871.68261,2022-10-19.1829652,bG,1.53,17.001,16.689,0.164,0.767,0.115,g
2459871.68390,2022-10-19.1842638,bG,1.57,17.043,16.806,0.176,0.688,0.111,g
2459872.70210,2022-10-20.2024745,bG,1.53,17.063,>17.063,99.990,0.522,0.109,g
2459872.70341,2022-10-20.2037812,bG,1.52,17.107,>17.107,99.990,0.426,0.104,g
2459872.70471,2022-10-20.2050813,bG,1.47,17.147,16.980,0.188,0.586,0.101,g
2459872.81801,2022-10-20.3183873,bk,1.4,17.080,16.862,0.179,0.654,0.107,g
2459872.81926,2022-10-20.3196329,bk,1.44,17.074,17.026,0.210,0.562,0.108,g
2459872.82051,2022-10-20.3208771,bk,1.44,17.182,16.903,0.169,0.629,0.097,g
2459873.87356,2022-10-21.3739438,bk,1.46,16.539,16.351,0.184,1.047,0.176,g
2459873.87480,2022-10-21.3751834,bk,1.47,16.466,>16.466,99.990,-0.157,0.188,g
2459873.87605,2022-10-21.3764347,bk,1.47,16.426,>16.426,99.990,-0.125,0.195,g
2459875.66028,2022-10-23.1606908,bG,1.51,17.085,>17.085,99.990,0.444,0.106,g
2459875.66156,2022-10-23.1619658,bG,1.46,17.063,16.967,0.201,0.593,0.109,g
2459875.66285,2022-10-23.1632618,bG,1.47,17.037,16.713,0.163,0.750,0.111,g
2459876.65722,2022-10-24.1576376,bG,1.45,17.298,>17.298,99.990,0.316,0.087,g
2459876.65851,2022-10-24.1589241,bG,1.42,16.992,16.934,0.208,0.611,0.116,g
2459876.65981,2022-10-24.1602244,bG,1.45,17.157,17.108,0.210,0.521,0.100,g
2459877.66366,2022-10-25.1640888,bk,1.6,17.148,17.034,0.197,0.558,0.100,g
2459877.66490,2022-10-25.1653307,bk,1.62,17.013,16.836,0.186,0.669,0.114,g
2459877.66614,2022-10-25.1665714,bk,1.62,17.026,>17.026,99.990,0.450,0.112,g
2459878.68130,2022-10-26.1817564,bk,1.69,17.214,17.134,0.204,0.509,0.095,g
2459878.68254,2022-10-26.1829969,bk,1.7,16.995,16.887,0.198,0.638,0.116,g
2459878.68380,2022-10-26.1842434,bk,1.72,17.148,16.748,0.152,0.725,0.100,g
2459879.65808,2022-10-27.1585454,bG,1.42,17.096,>17.096,99.990,0.462,0.105,g
2459879.65938,2022-10-27.1598431,bG,1.45,17.087,17.035,0.209,0.557,0.106,g
2459879.66068,2022-10-27.1611386,bG,1.42,17.188,16.947,0.175,0.605,0.097,g
2459880.66577,2022-10-28.1662418,bk,1.42,17.182,16.968,0.180,0.592,0.097,g
2459880.66701,2022-10-28.1674824,bk,1.43,17.066,16.806,0.172,0.688,0.108,g
2459880.66825,2022-10-28.1687217,bk,1.48,17.139,>17.139,99.990,0.485,0.101,g
2459880.73873,2022-10-28.2392018,bG,1.48,17.265,16.759,0.138,0.718,0.090,g
2459880.74001,2022-10-28.2404831,bG,1.44,17.203,17.109,0.201,0.520,0.095,g
2459880.74130,2022-10-28.2417755,bG,1.42,17.197,16.756,0.146,0.720,0.096,g
2459881.76637,2022-10-29.2668613,bk,1.48,17.069,>17.069,99.990,0.499,0.108,g
2459881.76761,2022-10-29.2680978,bk,1.41,17.173,16.836,0.161,0.669,0.098,g
2459881.76885,2022-10-29.2693416,bk,1.47,17.347,>17.347,99.990,0.331,0.084,g
2459882.68116,2022-10-30.1816563,bG,1.40,17.287,17.075,0.180,0.537,0.088,g
2459883.67932,2022-10-31.1798348,bk,1.51,16.890,>16.890,99.990,0.521,0.127,g
2459883.68057,2022-10-31.1810859,bk,1.49,17.084,16.788,0.167,0.700,0.107,g
2459883.68183,2022-10-31.1823317,bk,1.48,16.800,>16.800,99.990,0.668,0.138,g
2459884.74040,2022-11-01.2409188,bk,1.50,16.929,16.222,0.114,1.179,0.123,g
2459884.74165,2022-11-01.2421701,bk,1.48,17.208,16.637,0.130,0.803,0.095,g
2459884.74289,2022-11-01.2434112,bk,1.54,17.010,16.921,0.202,0.619,0.114,g
2459885.76089,2022-11-02.2614291,bk,1.53,16.877,>16.877,99.990,0.621,0.129,g
2459885.76215,2022-11-02.2626789,bk,1.44,17.040,16.894,0.192,0.634,0.111,g
2459885.76339,2022-11-02.2639208,bk,1.41,17.117,>17.117,99.990,0.352,0.103,g
2459886.77711,2022-11-03.2776534,bk,1.47,16.843,16.496,0.159,0.915,0.133,g
2459886.77836,2022-11-03.2788996,bk,1.43,17.097,17.036,0.208,0.557,0.105,g
2459886.77961,2022-11-03.2801533,bk,1.46,16.943,16.725,0.179,0.741,0.121,g
2459887.76482,2022-11-04.2653754,bk,1.53,16.555,>16.555,99.990,0.558,0.173,g
2459887.76606,2022-11-04.2666181,bk,1.55,16.685,>16.685,99.990,0.689,0.154,g
2459887.76730,2022-11-04.2678657,bk,1.55,16.491,>16.491,99.990,0.201,0.184,g
2459888.77456,2022-11-05.2751290,bk,1.61,16.180,15.996,0.185,1.451,0.245,g
2459888.77580,2022-11-05.2763664,bk,1.59,16.309,16.229,0.204,1.170,0.217,g
2459888.77705,2022-11-05.2776244,bk,1.63,16.205,>16.205,99.990,0.868,0.239,g
2459889.76669,2022-11-06.2672700,bk,1.47,16.155,>16.155,99.990,1.149,0.251,g
2459889.76793,2022-11-06.2685104,bk,1.49,16.141,>16.141,99.990,-0.113,0.254,g
2459889.76918,2022-11-06.2697568,bk,1.44,16.110,>16.110,99.990,0.282,0.261,g
2459890.77996,2022-11-07.2805563,bG,1.58,99.990,99.990,99.990,99.990,99.990,g
2459890.78256,2022-11-07.2831526,bG,1.51,14.389,>14.389,99.990,-2.422,1.275,g
2459891.78461,2022-11-08.2852033,bG,1.52,14.975,>14.975,99.990,2.693,0.743,g
2459893.76881,2022-11-10.2694355,bk,2.01,15.112,>15.112,99.990,2.332,0.655,g
2459893.77007,2022-11-10.2706864,bk,2.0,15.185,>15.185,99.990,2.227,0.612,g
2459893.77132,2022-11-10.2719422,bk,1.64,15.297,>15.297,99.990,-0.680,0.553,g
2459894.70338,2022-11-11.2040109,bG,1.34,99.990,99.990,99.990,99.990,99.990,g
2459894.70468,2022-11-11.2053090,bG,1.59,99.990,99.990,99.990,99.990,99.990,g
2459894.70596,2022-11-11.2065922,bG,1.79,99.990,99.990,99.990,99.990,99.990,g
2459897.54523,2022-11-14.0458953,bo,1.44,16.338,>16.338,99.990,0.581,0.212,g
2459897.54647,2022-11-14.0471348,bo,1.43,16.234,>16.234,99.990,0.713,0.233,g
2459897.54771,2022-11-14.0483671,bo,1.46,16.179,>16.179,99.990,0.475,0.245,g
2459898.59240,2022-11-15.0930667,bG,1.7,17.007,>17.007,99.990,0.490,0.114,g
2459898.59370,2022-11-15.0943693,bG,1.66,17.051,16.894,0.190,0.635,0.110,g
2459898.59500,2022-11-15.0956605,bG,1.64,17.036,>17.036,99.990,0.438,0.111,g
2459898.68217,2022-11-15.1828395,bk,1.42,17.033,16.663,0.156,0.785,0.112,g
2459898.68341,2022-11-15.1840800,bk,1.41,17.145,16.815,0.162,0.682,0.101,g
2459898.68467,2022-11-15.1853359,bk,1.41,17.127,16.901,0.178,0.630,0.102,g
2459899.67760,2022-11-16.1782795,bk,1.55,17.134,17.066,0.206,0.542,0.102,g
2459899.67886,2022-11-16.1795317,bk,1.54,17.125,16.695,0.147,0.762,0.103,g
2459899.68012,2022-11-16.1807894,bk,1.47,17.128,16.786,0.160,0.701,0.102,g
2459899.68520,2022-11-16.1858733,bk,1.51,17.049,16.739,0.165,0.732,0.110,g
2459899.68645,2022-11-16.1871327,bk,1.52,17.119,16.728,0.153,0.740,0.103,g
2459899.68769,2022-11-16.1883685,bk,1.53,17.042,16.665,0.155,0.784,0.111,g
2459900.62697,2022-11-17.1276628,bG,1.48,17.083,16.870,0.180,0.649,0.107,g
2459900.62828,2022-11-17.1289699,bG,1.46,17.131,16.872,0.173,0.647,0.102,g
2459900.62958,2022-11-17.1302697,bG,1.44,17.076,>17.076,99.990,0.431,0.107,g
2459901.75421,2022-11-18.2549027,bk,1.46,17.298,16.814,0.140,0.683,0.087,g
2459901.75544,2022-11-18.2561387,bk,1.43,17.035,16.612,0.148,0.822,0.111,g
2459901.75668,2022-11-18.2573806,bk,1.45,17.183,16.653,0.135,0.792,0.097,g
2459902.73341,2022-11-19.2341152,bk,1.53,17.137,16.972,0.188,0.590,0.102,g
2459902.73465,2022-11-19.2353548,bk,1.54,17.122,16.994,0.195,0.579,0.103,g
2459902.73589,2022-11-19.2366027,bk,1.49,17.252,17.006,0.175,0.572,0.091,g
2459903.67857,2022-11-20.1792900,bk,1.45,17.093,16.869,0.178,0.649,0.106,g
2459903.67981,2022-11-20.1805318,bk,1.45,17.240,16.779,0.143,0.706,0.092,g
2459903.68107,2022-11-20.1817773,bk,1.48,17.133,>17.133,99.990,0.463,0.102,g
2459904.71335,2022-11-21.2140759,bk,1.47,17.188,16.987,0.182,0.582,0.097,g
2459904.71461,2022-11-21.2153274,bk,1.49,17.114,16.810,0.166,0.686,0.104,g
2459904.71585,2022-11-21.2165694,bk,1.46,17.232,16.775,0.144,0.708,0.093,g
2459906.63042,2022-11-23.1311486,bk,1.47,17.115,16.757,0.158,0.720,0.104,g
2459906.63166,2022-11-23.1323989,bk,1.49,17.208,>17.208,99.990,0.458,0.095,g
2459906.63292,2022-11-23.1336596,bk,1.49,17.219,>17.219,99.990,0.262,0.094,g
2459906.64951,2022-11-23.1502504,bk,1.46,17.114,16.822,0.167,0.678,0.104,g
2459906.65076,2022-11-23.1514936,bk,1.49,17.090,17.057,0.213,0.546,0.106,g
2459906.65200,2022-11-23.1527427,bk,1.52,17.195,17.122,0.205,0.515,0.096,g
2459909.72038,2022-11-26.2211328,bk,1.46,15.238,>15.238,99.990,-0.925,0.583,g
2459909.72163,2022-11-26.2223890,bk,1.49,15.142,>15.142,99.990,-0.391,0.637,g
2459909.72287,2022-11-26.2236271,bk,1.53,15.175,>15.175,99.990,0.951,0.618,g
2459910.41185,2022-11-26.9126134,bo,1.58,16.819,16.803,0.216,0.690,0.136,g
2459910.41390,2022-11-26.9146636,bo,1.53,16.726,>16.726,99.990,0.594,0.148,g
2459910.83561,2022-11-27.3363745,bk,1.49,17.104,16.854,0.174,0.658,0.105,g
2459910.83687,2022-11-27.3376339,bk,1.42,17.190,16.929,0.172,0.614,0.097,g
2459910.83811,2022-11-27.3388790,bk,1.42,17.146,>17.146,99.990,0.289,0.101,g
2459912.80921,2022-11-29.3099896,bG,1.41,17.095,16.668,0.148,0.782,0.105,g
2459912.81050,2022-11-29.3112754,bG,1.39,17.141,>17.141,99.990,0.367,0.101,g
2459912.81180,2022-11-29.3125753,bG,1.41,17.167,17.139,0.214,0.506,0.099,g
2459913.59580,2022-11-30.0965804,bk,1.54,16.741,>16.741,99.990,0.685,0.146,g
2459913.59705,2022-11-30.0978356,bk,1.61,16.720,>16.720,99.990,0.324,0.149,g
2459914.58607,2022-12-01.0868625,bk,1.42,16.719,16.697,0.215,0.761,0.149,g
2459914.58731,2022-12-01.0881087,bk,1.5,16.279,>16.279,99.990,0.890,0.224,g
2459914.58857,2022-12-01.0893621,bk,1.44,16.012,>16.012,99.990,0.849,0.286,g
2459914.61677,2022-12-01.1175634,bk,1.44,16.659,16.244,0.150,1.154,0.158,g
2459914.61803,2022-12-01.1188131,bk,1.49,15.699,>15.699,99.990,1.101,0.382,g
2459914.61927,2022-12-01.1200535,bk,1.46,16.002,>16.002,99.990,0.497,0.289,g
2459915.80710,2022-12-02.3078944,bG,1.41,17.233,16.605,0.123,0.828,0.093,g
2459915.80839,2022-12-02.3091907,bG,1.39,17.120,16.655,0.143,0.791,0.103,g
2459915.80969,2022-12-02.3104859,bG,1.44,17.068,>17.068,99.990,0.359,0.108,g
2459916.73052,2022-12-03.2313265,bk,1.43,16.559,>16.559,99.990,0.308,0.173,g
2459916.73177,2022-12-03.2325730,bk,1.43,16.560,16.348,0.180,1.049,0.173,g
2459916.73299,2022-12-03.2338009,bk,1.41,16.663,>16.663,99.990,0.484,0.157,g
2459916.77254,2022-12-03.2733429,bk,1.46,17.071,16.865,0.182,0.651,0.108,g
2459916.77379,2022-12-03.2745916,bk,1.42,16.898,16.434,0.143,0.969,0.126,g
2459916.77504,2022-12-03.2758326,bk,1.44,16.998,16.582,0.149,0.846,0.115,g
2459918.64276,2022-12-05.1435815,bG,1.43,16.290,>16.290,99.990,0.359,0.221,g
2459918.64405,2022-12-05.1448653,bG,1.41,16.431,>16.431,99.990,0.617,0.194,g
2459918.64535,2022-12-05.1461642,bG,1.45,16.270,>16.270,99.990,0.392,0.225,g
2459920.82415,2022-12-07.3249681,bk,1.62,16.021,>16.021,99.990,-0.041,0.284,g
2459920.82539,2022-12-07.3262099,bk,1.53,15.990,>15.990,99.990,1.131,0.292,g
2459920.82662,2022-12-07.3274379,bk,1.55,16.031,>16.031,99.990,0.487,0.281,g
2459922.67954,2022-12-09.1803684,bG,1.5,15.724,>15.724,99.990,-0.180,0.373,g
2459922.68085,2022-12-09.1816773,bG,1.47,15.889,>15.889,99.990,0.704,0.320,g
2459922.68214,2022-12-09.1829637,bG,1.53,16.022,>16.022,99.990,1.140,0.283,g
2459923.65900,2022-12-10.1598331,bk,1.48,16.047,>16.047,99.990,0.932,0.277,g
2459923.66025,2022-12-10.1610840,bk,1.5,16.159,>16.159,99.990,-0.165,0.250,g
2459923.66149,2022-12-10.1623270,bk,1.52,16.228,>16.228,99.990,-0.336,0.234,g
2459926.64906,2022-12-13.1498938,bG,1.51,17.115,>17.115,99.990,0.183,0.103,g
2459926.65034,2022-12-13.1511819,bG,1.48,16.929,>16.929,99.990,0.493,0.123,g
2459926.65163,2022-12-13.1524716,bG,1.5,16.863,16.655,0.181,0.791,0.131,g
2459927.72694,2022-12-14.2277834,bk,1.54,16.634,>16.634,99.990,0.687,0.161,g
2459927.72817,2022-12-14.2290121,bk,1.51,16.709,>16.709,99.990,0.294,0.150,g
2459927.72941,2022-12-14.2302527,bk,1.53,16.615,>16.615,99.990,0.667,0.164,g
2459927.75552,2022-12-14.2563710,bk,1.66,16.546,16.211,0.161,1.190,0.175,g
2459927.75677,2022-12-14.2576119,bk,1.72,16.590,>16.590,99.990,0.626,0.168,g
2459927.75802,2022-12-14.2588630,bk,1.67,16.557,>16.557,99.990,0.603,0.173,g
2459928.75053,2022-12-15.2513718,bk,1.47,16.927,>16.927,99.990,0.456,0.123,g
2459928.75179,2022-12-15.2526356,bk,1.39,16.866,>16.866,99.990,0.339,0.130,g
2459928.75305,2022-12-15.2538877,bk,1.39,16.756,>16.756,99.990,0.571,0.144,g
2459929.75029,2022-12-16.2511387,bG,1.46,16.947,16.715,0.177,0.749,0.121,g
2459929.75160,2022-12-16.2524523,bG,1.43,17.087,16.941,0.192,0.608,0.106,g
2459929.75289,2022-12-16.2537379,bG,1.43,16.842,16.568,0.170,0.857,0.133,g
2459930.73416,2022-12-17.2350104,bk,1.42,16.988,>16.988,99.990,0.437,0.116,g
2459930.73540,2022-12-17.2362524,bk,1.46,16.890,>16.890,99.990,0.413,0.127,g
2459930.73665,2022-12-17.2375002,bk,1.48,17.064,>17.064,99.990,0.440,0.109,g
2459931.75057,2022-12-18.2514256,bG,1.49,17.263,17.083,0.186,0.533,0.090,g
2459931.75186,2022-12-18.2527094,bG,1.42,17.104,16.849,0.173,0.662,0.105,g
2459931.75315,2022-12-18.2540006,bG,1.42,17.149,16.803,0.159,0.690,0.100,g
2459933.66386,2022-12-20.1647140,bk,1.51,17.110,17.063,0.210,0.543,0.104,g
2459933.66511,2022-12-20.1659585,bk,1.51,17.252,>17.252,99.990,0.417,0.091,g
2459933.66635,2022-12-20.1672082,bk,1.48,17.073,16.745,0.162,0.728,0.108,g
2459933.70552,2022-12-20.2063751,bk,1.44,17.088,>17.088,99.990,0.469,0.106,g
2459933.70676,2022-12-20.2076215,bk,1.43,17.235,16.992,0.175,0.580,0.093,g
2459933.70799,2022-12-20.2088518,bk,1.44,17.145,16.785,0.157,0.702,0.101,g
2459934.74771,2022-12-21.2485679,bG,1.56,17.156,16.785,0.156,0.702,0.100,g
2459934.74901,2022-12-21.2498650,bG,1.59,17.074,17.033,0.211,0.558,0.108,g
2459934.75030,2022-12-21.2511600,bG,1.54,17.054,>17.054,99.990,0.400,0.109,g
2459936.60916,2022-12-23.1100145,bG,1.57,17.194,>17.194,99.990,0.473,0.096,g
2459936.61047,2022-12-23.1113241,bG,1.6,17.062,>17.062,99.990,0.451,0.109,g
2459936.61178,2022-12-23.1126385,bG,1.55,17.188,16.658,0.134,0.789,0.097,g
2459936.63288,2022-12-23.1337371,bG,1.5,17.171,16.984,0.184,0.584,0.098,g
2459936.63419,2022-12-23.1350442,bG,1.56,17.204,17.166,0.212,0.494,0.095,g
2459936.63548,2022-12-23.1363293,bG,1.48,17.211,16.775,0.147,0.708,0.095,g
2459936.66943,2022-12-23.1702891,bk,1.43,17.131,16.853,0.170,0.659,0.102,g
2459936.67066,2022-12-23.1715165,bk,1.40,17.216,16.801,0.149,0.691,0.094,g
2459938.35859,2022-12-24.8594432,bo,2.18,15.990,>15.990,99.990,0.430,0.292,g
2459938.35983,2022-12-24.8606817,bo,2.23,16.407,>16.407,99.990,0.499,0.199,g
2459938.36108,2022-12-24.8619283,bo,2.24,16.521,>16.521,99.990,0.437,0.179,g
2459938.76867,2022-12-25.2695228,bk,1.4,17.133,16.891,0.175,0.636,0.102,g
2459938.76994,2022-12-25.2707914,bk,1.45,17.272,17.055,0.180,0.547,0.090,g
2459938.77119,2022-12-25.2720436,bk,1.43,17.134,16.641,0.139,0.800,0.102,g
2459939.29544,2022-12-25.7963027,bo,1.62,16.564,>16.564,99.990,0.740,0.172,g
2459939.29668,2022-12-25.7975410,bo,1.58,16.703,>16.703,99.990,0.475,0.151,g
2459939.29792,2022-12-25.7987829,bo,1.63,16.673,>16.673,99.990,0.513,0.156,g
2459939.76428,2022-12-26.2651346,bk,1.42,17.100,16.493,0.125,0.918,0.105,g
2459939.76553,2022-12-26.2663835,bk,1.44,17.125,16.906,0.179,0.628,0.103,g
2459939.76678,2022-12-26.2676299,bk,1.42,17.079,>17.079,99.990,0.483,0.107,g
2459943.76455,2022-12-30.2654085,bk,1.42,17.042,16.851,0.184,0.660,0.111,g
2459943.76581,2022-12-30.2666537,bk,1.48,17.041,16.910,0.194,0.625,0.111,g
2459943.76705,2022-12-30.2679011,bk,1.45,17.064,>17.064,99.990,0.280,0.109,g
2459944.55828,2022-12-31.0591221,bG,1.68,16.620,>16.620,99.990,0.534,0.163,g
2459944.55957,2022-12-31.0604149,bG,1.67,16.527,>16.527,99.990,0.274,0.178,g
2459944.56086,2022-12-31.0617081,bG,1.61,16.785,16.695,0.202,0.762,0.140,g
2459945.78907,2023-01-01.2899060,bk,1.52,17.010,>17.010,99.990,0.449,0.114,g
2459945.79031,2023-01-01.2911478,bk,1.49,17.051,16.776,0.170,0.707,0.110,g
2459945.79155,2023-01-01.2923883,bk,1.48,17.143,16.745,0.152,0.727,0.101,g
2459945.83379,2023-01-01.3346346,bG,1.48,17.080,16.781,0.166,0.704,0.107,g
2459945.83509,2023-01-01.3359347,bG,1.48,16.996,16.957,0.211,0.599,0.116,g
2459945.83639,2023-01-01.3372282,bG,1.5,17.099,16.876,0.178,0.645,0.105,g
2459947.76580,2023-01-03.2666373,bk,1.44,16.548,>16.548,99.990,0.595,0.174,g
2459947.76703,2023-01-03.2678743,bk,1.46,16.573,>16.573,99.990,0.822,0.171,g
2459947.76828,2023-01-03.2691172,bk,1.46,16.609,>16.609,99.990,0.752,0.165,g
2459949.65140,2023-01-05.1522420,bG,1.62,16.152,16.137,0.217,1.274,0.251,g
2459949.65271,2023-01-05.1535424,bG,1.55,16.078,>16.078,99.990,0.844,0.269,g
2459949.65399,2023-01-05.1548266,bG,1.56,16.115,>16.115,99.990,0.696,0.260,g
2459949.66366,2023-01-05.1644932,bk,1.43,16.007,>16.007,99.990,0.946,0.287,g
2459949.66490,2023-01-05.1657306,bk,1.51,15.954,>15.954,99.990,-0.233,0.302,g
2459949.66614,2023-01-05.1669678,bk,1.5,15.912,>15.912,99.990,-0.324,0.313,g
2459951.56128,2023-01-07.0621103,bk,1.55,15.776,>15.776,99.990,0.296,0.355,g
2459951.56252,2023-01-07.0633473,bk,1.54,15.744,>15.744,99.990,1.089,0.366,g
2459951.56376,2023-01-07.0645902,bk,1.55,15.847,>15.847,99.990,0.002,0.333,g
2459953.77874,2023-01-09.2795657,bk,1.47,15.887,>15.887,99.990,0.879,0.321,g
2459953.78000,2023-01-09.2808121,bk,1.45,15.901,>15.901,99.990,-0.394,0.317,g
2459953.78124,2023-01-09.2820574,bk,1.46,15.942,>15.942,99.990,0.424,0.305,g
2459955.28546,2023-01-10.7862702,bo,1.59,15.578,>15.578,99.990,-0.115,0.426,g
2459955.28671,2023-01-10.7875206,bo,1.53,15.422,>15.422,99.990,0.555,0.492,g
2459955.28829,2023-01-10.7891024,bo,1.62,14.901,>14.901,99.990,-0.066,0.796,g
2459957.39694,2023-01-12.8977406,bo,1.51,16.728,>16.728,99.990,0.521,0.148,g
2459957.39819,2023-01-12.8989864,bo,1.47,16.833,>16.833,99.990,0.315,0.134,g
2459957.39944,2023-01-12.9002387,bo,1.53,16.793,>16.793,99.990,0.428,0.139,g
2459957.42275,2023-01-12.9235565,bo,1.48,16.543,>16.543,99.990,0.154,0.175,g
2459957.42398,2023-01-12.9247853,bo,1.51,16.535,>16.535,99.990,0.574,0.177,g
2459957.42522,2023-01-12.9260263,bo,1.48,16.520,>16.520,99.990,0.510,0.179,g
2459958.76172,2023-01-14.2625128,bk,1.45,16.714,16.500,0.180,0.912,0.150,g
2459958.76296,2023-01-14.2637616,bk,1.47,16.698,>16.698,99.990,0.094,0.152,g
2459958.76420,2023-01-14.2650010,bk,1.46,16.688,>16.688,99.990,0.710,0.153,g
2459962.36457,2023-01-17.8653493,bo,1.61,16.867,16.764,0.199,0.715,0.130,g
2459962.36705,2023-01-17.8678314,bo,1.62,16.931,>16.931,99.990,0.546,0.123,g
2459962.50874,2023-01-18.0095040,bo,1.59,17.000,16.797,0.182,0.694,0.115,g
2459962.50998,2023-01-18.0107452,bo,1.55,16.768,>16.768,99.990,0.503,0.143,g
2459962.51122,2023-01-18.0119859,bo,1.56,16.785,>16.785,99.990,0.489,0.140,g
2459962.72165,2023-01-18.2224201,bG,1.58,17.204,17.111,0.201,0.519,0.095,g
2459962.72295,2023-01-18.2237164,bG,1.58,17.069,16.908,0.189,0.626,0.108,g
2459962.72427,2023-01-18.2250418,bG,1.59,17.080,17.010,0.206,0.570,0.107,g
2459963.79904,2023-01-19.2998011,bG,1.51,16.942,16.892,0.209,0.636,0.121,g
2459963.80032,2023-01-19.3010871,bG,1.55,17.115,16.937,0.186,0.609,0.104,g
2459963.80161,2023-01-19.3023776,bG,1.56,17.132,>17.132,99.990,0.450,0.102,g
2459965.78241,2023-01-21.2831655,bG,1.5,17.138,16.949,0.184,0.603,0.101,g
2459965.78371,2023-01-21.2844619,bG,1.53,17.059,16.958,0.200,0.598,0.109,g
2459965.78501,2023-01-21.2857545,bG,1.53,17.136,>17.136,99.990,0.438,0.102,g
2459970.78291,2023-01-26.2836166,bG,1.59,17.248,16.975,0.170,0.589,0.092,g
2459970.78421,2023-01-26.2849144,bG,1.5,16.971,16.971,0.219,0.591,0.118,g
2459972.29289,2023-01-27.7935843,bo,1.5,16.832,>16.832,99.990,0.392,0.134,g
2459972.29415,2023-01-27.7948417,bo,1.50,16.837,16.598,0.176,0.833,0.134,g
2459972.74245,2023-01-28.2431452,bk,1.57,17.121,16.819,0.166,0.680,0.103,g
2459972.74371,2023-01-28.2443952,bk,1.63,17.126,>17.126,99.990,0.484,0.102,g
2459972.74495,2023-01-28.2456372,bk,1.6,17.205,17.110,0.201,0.520,0.095,g
2459973.69839,2023-01-29.1990673,bG,1.61,17.030,16.828,0.182,0.674,0.112,g
2459973.69967,2023-01-29.2003489,bG,1.64,17.112,16.812,0.166,0.684,0.104,g
2459973.70097,2023-01-29.2016521,bG,1.61,17.118,>17.118,99.990,0.429,0.103,g
2459974.54826,2023-01-30.0489451,bk,1.59,16.532,>16.532,99.990,0.667,0.177,g
2459974.54952,2023-01-30.0501903,bk,1.49,16.595,16.448,0.191,0.957,0.167,g
2459974.55076,2023-01-30.0514310,bk,1.57,16.493,>16.493,99.990,0.400,0.184,g
2459975.48691,2023-01-30.9875760,bo,1.56,17.087,>17.087,99.990,0.385,0.106,g
2459975.48815,2023-01-30.9888166,bo,1.58,17.135,>17.135,99.990,0.366,0.102,g
2459975.48938,2023-01-30.9900491,bo,1.63,17.214,16.965,0.174,0.595,0.095,g
2459975.51850,2023-01-31.0191620,bo,1.62,17.074,>17.074,99.990,0.510,0.108,g
2459975.51974,2023-01-31.0204037,bo,1.65,17.086,17.054,0.213,0.547,0.106,g
2459975.52099,2023-01-31.0216513,bo,1.65,17.151,16.987,0.189,0.582,0.100,g
2459975.55119,2023-01-31.0518494,bk,1.54,16.407,>16.407,99.990,0.303,0.199,g
2459975.55244,2023-01-31.0531017,bk,1.59,16.490,>16.490,99.990,0.817,0.184,g
2459975.55368,2023-01-31.0543390,bk,1.58,16.400,>16.400,99.990,0.628,0.200,g
2459977.59702,2023-02-02.0976681,bG,1.75,16.279,>16.279,99.990,0.673,0.224,g
2459977.59833,2023-02-02.0989780,bG,1.78,16.336,>16.336,99.990,0.368,0.212,g
2459977.59964,2023-02-02.1002868,bG,1.73,16.250,>16.250,99.990,0.431,0.230,g
2459978.57257,2023-02-03.0731987,bk,1.54,16.045,>16.045,99.990,0.464,0.277,g
2459978.57380,2023-02-03.0744289,bk,1.6,16.127,>16.127,99.990,-0.256,0.257,g
2459978.57503,2023-02-03.0756671,bk,1.67,16.108,>16.108,99.990,-0.248,0.262,g
2459979.39925,2023-02-03.8998765,bo,1.5,16.045,>16.045,99.990,0.246,0.277,g
2459979.40050,2023-02-03.9011229,bo,1.5,16.007,>16.007,99.990,0.116,0.287,g
2459979.40173,2023-02-03.9023591,bo,1.5,15.876,>15.876,99.990,0.748,0.324,g
2459979.67222,2023-02-04.1728444,bk,2.18,14.745,>14.745,99.990,0.639,0.918,g
2459979.67345,2023-02-04.1740748,bk,2.09,14.287,>14.287,99.990,3.243,1.401,g
2459979.67468,2023-02-04.1753041,bk,2.19,14.069,>14.069,99.990,0.658,1.711,g
2459980.46360,2023-02-04.9642261,bo,1.46,15.938,>15.938,99.990,0.145,0.306,g
2459980.46486,2023-02-04.9654761,bo,1.44,15.715,>15.715,99.990,-0.170,0.376,g
2459980.46611,2023-02-04.9667307,bo,1.5,15.777,>15.777,99.990,0.864,0.355,g
2459980.71897,2023-02-05.2195892,bk,1.54,15.237,>15.237,99.990,-1.918,0.584,g
2459980.72022,2023-02-05.2208356,bk,1.6,15.657,>15.657,99.990,0.729,0.397,g
2459980.72146,2023-02-05.2220751,bk,1.63,15.303,>15.303,99.990,-0.390,0.549,g
2459981.73565,2023-02-06.2362572,bG,1.64,15.820,>15.820,99.990,-0.009,0.341,g
2459981.73695,2023-02-06.2375570,bG,1.81,15.671,>15.671,99.990,0.167,0.391,g
2459981.73825,2023-02-06.2388576,bG,1.69,15.694,>15.694,99.990,-0.368,0.383,g
2459982.46516,2023-02-06.9657577,bo,1.43,15.843,>15.843,99.990,0.920,0.334,g
2459982.46642,2023-02-06.9670199,bo,1.56,15.867,>15.867,99.990,0.942,0.327,g
2459982.46768,2023-02-06.9682663,bo,1.52,15.959,>15.959,99.990,0.643,0.300,g
2459983.36353,2023-02-07.8641240,bo,1.55,16.040,>16.040,99.990,0.679,0.279,g
2459983.36484,2023-02-07.8654256,bo,1.52,16.084,>16.084,99.990,-0.035,0.268,g
2459983.36614,2023-02-07.8667287,bo,1.59,15.973,>15.973,99.990,0.330,0.296,g
2459984.70181,2023-02-09.2023807,bk,1.59,16.069,>16.069,99.990,0.907,0.271,g
2459984.70306,2023-02-09.2036293,bk,1.65,16.042,>16.042,99.990,0.443,0.278,g
2459984.70430,2023-02-09.2048739,bk,1.75,16.115,>16.115,99.990,-0.129,0.260,g
2459985.29066,2023-02-09.7912245,bo,1.46,17.153,>17.153,99.990,0.466,0.100,g
2459985.29190,2023-02-09.7924677,bo,1.41,17.133,>17.133,99.990,0.460,0.102,g
2459985.29316,2023-02-09.7937282,bo,1.45,17.149,16.770,0.154,0.711,0.100,g
2459985.65948,2023-02-10.1600462,bk,2.01,16.182,>16.182,99.990,0.129,0.244,g
2459985.66071,2023-02-10.1612740,bk,1.99,16.288,>16.288,99.990,0.298,0.222,g
2459985.66197,2023-02-10.1625312,bk,2.00,16.218,>16.218,99.990,0.480,0.237,g
2459986.39975,2023-02-10.9002975,bo,1.48,16.699,>16.699,99.990,0.497,0.152,g
2459986.40099,2023-02-10.9015392,bo,1.46,16.594,16.374,0.179,1.024,0.167,g
2459986.40223,2023-02-10.9027799,bo,1.46,16.460,>16.460,99.990,0.817,0.189,g
2459987.39477,2023-02-11.8953028,bo,1.49,16.450,>16.450,99.990,0.885,0.191,g
2459987.39599,2023-02-11.8965391,bo,1.49,16.530,>16.530,99.990,0.245,0.177,g
2459987.39725,2023-02-11.8977811,bo,1.44,16.367,>16.367,99.990,0.831,0.206,g
2459987.61603,2023-02-12.1165637,bk,1.65,16.854,>16.854,99.990,0.423,0.132,g
2459987.61727,2023-02-12.1178055,bk,1.6,16.772,16.565,0.181,0.860,0.142,g
2459987.61850,2023-02-12.1190401,bk,1.64,16.885,>16.885,99.990,0.254,0.128,g
2459988.33751,2023-02-12.8380390,bo,1.46,17.169,16.779,0.153,0.706,0.098,g
2459988.33875,2023-02-12.8392810,bo,1.48,17.187,>17.187,99.990,0.448,0.097,g
2459988.33999,2023-02-12.8405207,bo,1.4,17.131,16.882,0.174,0.642,0.102,g
2459988.36021,2023-02-12.8607391,bo,1.42,17.105,16.863,0.175,0.653,0.105,g
2459988.36145,2023-02-12.8619785,bo,1.42,17.213,16.716,0.139,0.748,0.095,g
2459988.36269,2023-02-12.8632180,bo,1.41,17.198,16.498,0.115,0.914,0.096,g
2459988.62921,2023-02-13.1297299,bG,1.71,16.898,16.844,0.208,0.664,0.126,g
2459988.63051,2023-02-13.1310315,bG,1.67,17.034,16.813,0.179,0.684,0.112,g
2459988.63180,2023-02-13.1323246,bG,1.67,17.096,17.094,0.219,0.528,0.105,g
2459988.65312,2023-02-13.1536462,bG,1.59,17.051,>17.051,99.990,0.522,0.110,g
2459988.65442,2023-02-13.1549372,bG,1.63,16.951,16.836,0.197,0.669,0.120,g
2459988.65572,2023-02-13.1562460,bG,1.62,17.077,>17.077,99.990,0.452,0.107,g
2459990.27941,2023-02-14.7799196,bo,1.55,17.084,>17.084,99.990,0.376,0.107,g
2459990.28065,2023-02-14.7811601,bo,1.57,17.136,16.937,0.182,0.610,0.102,g
2459990.28189,2023-02-14.7824018,bo,1.56,17.112,16.725,0.154,0.741,0.104,g
2459990.44639,2023-02-14.9468899,bo,1.5,16.971,16.906,0.206,0.628,0.118,g
2459990.44763,2023-02-14.9481398,bo,1.43,17.115,16.847,0.171,0.662,0.104,g
2459990.44888,2023-02-14.9493924,bo,1.48,17.103,17.013,0.202,0.568,0.105,g
2459990.72577,2023-02-15.2262728,bG,1.63,16.832,16.829,0.219,0.674,0.134,g
2459990.72707,2023-02-15.2275699,bG,1.66,16.821,>16.821,99.990,0.483,0.136,g
2459990.72835,2023-02-15.2288590,bG,1.62,17.081,16.878,0.182,0.644,0.107,g
2459993.54426,2023-02-18.0447204,bG,2.0,17.028,16.984,0.210,0.584,0.112,g
2459993.54555,2023-02-18.0460099,bG,1.89,16.950,16.855,0.201,0.658,0.120,g
2459993.54683,2023-02-18.0472923,bG,1.83,16.885,16.854,0.213,0.658,0.128,g
2459996.71231,2023-02-21.2127363,bG,1.56,16.893,16.759,0.194,0.718,0.127,g
2459996.71362,2023-02-21.2140403,bG,1.6,16.875,>16.875,99.990,0.623,0.129,g
2459997.43800,2023-02-21.9384174,bo,1.56,17.074,16.821,0.174,0.679,0.108,g
2459997.43924,2023-02-21.9396559,bo,1.57,17.113,>17.113,99.990,0.444,0.104,g
2459997.44049,2023-02-21.9409012,bo,1.68,17.059,16.813,0.175,0.684,0.109,g
2459997.69334,2023-02-22.1937506,bG,1.53,17.043,>17.043,99.990,0.492,0.111,g
2459998.46320,2023-02-22.9636016,bo,2.46,16.771,>16.771,99.990,0.479,0.142,g
2459999.45812,2023-02-23.9585053,bo,1.45,17.005,16.728,0.170,0.739,0.115,g
2459999.45936,2023-02-23.9597402,bo,1.45,16.995,>16.995,99.990,0.447,0.116,g
2460000.44227,2023-02-24.9426443,bo,1.51,17.009,16.798,0.180,0.693,0.114,g
2460000.44352,2023-02-24.9438886,bo,1.53,17.195,16.897,0.167,0.633,0.096,g
2460000.44475,2023-02-24.9451260,bo,1.54,17.070,16.983,0.202,0.584,0.108,g
2460001.53400,2023-02-26.0343702,bG,1.81,16.853,>16.853,99.990,0.528,0.132,g
2460001.53530,2023-02-26.0356650,bG,1.78,16.843,>16.843,99.990,0.604,0.133,g
2460001.53660,2023-02-26.0369663,bG,1.78,16.994,16.636,0.158,0.804,0.116,g
2460002.41664,2023-02-26.9169892,bo,1.42,17.110,>17.110,99.990,0.484,0.104,g
2460002.41788,2023-02-26.9182284,bo,1.46,17.011,16.737,0.170,0.733,0.114,g
2460002.41911,2023-02-26.9194657,bo,1.44,17.060,17.023,0.212,0.563,0.109,g
2460003.36954,2023-02-27.8698788,bo,1.48,16.829,>16.829,99.990,0.465,0.135,g
2460003.37081,2023-02-27.8711395,bo,1.46,16.820,>16.820,99.990,0.462,0.136,g
2460003.37205,2023-02-27.8723850,bo,1.42,16.721,>16.721,99.990,0.657,0.149,g
2460003.38733,2023-02-27.8876655,bo,1.46,16.895,>16.895,99.990,0.532,0.127,g
2460003.38857,2023-02-27.8889098,bo,1.45,16.887,>16.887,99.990,0.469,0.128,g
2460003.38982,2023-02-27.8901598,bo,1.41,16.959,16.433,0.135,0.970,0.120,g
2460005.43876,2023-03-01.9390696,bo,1.47,99.990,99.990,99.990,99.990,99.990,g
2460005.44001,2023-03-01.9403159,bo,1.44,99.990,99.990,99.990,99.990,99.990,g
2460005.44124,2023-03-01.9415459,bo,1.41,14.963,>14.963,99.990,1.860,0.752,g
2460006.44065,2023-03-02.9409466,bo,1.51,16.200,>16.200,99.990,0.673,0.240,g
2460006.64054,2023-03-03.1408295,bk,1.63,16.057,>16.057,99.990,-0.237,0.274,g
2460006.64179,2023-03-03.1420827,bk,1.6,16.199,>16.199,99.990,1.075,0.241,g
2460006.64304,2023-03-03.1433313,bk,1.59,16.202,>16.202,99.990,0.611,0.240,g
2460008.63044,2023-03-05.1306989,bk,1.58,15.883,>15.883,99.990,0.173,0.322,g
2460008.63169,2023-03-05.1319538,bk,1.62,15.859,>15.859,99.990,-0.545,0.329,g
2460008.63293,2023-03-05.1331917,bk,1.57,15.939,>15.939,99.990,-0.090,0.306,g
2460009.67933,2023-03-06.1795811,bG,1.64,15.809,>15.809,99.990,1.376,0.345,g
2460011.67197,2023-03-08.1721871,bG,1.68,15.754,>15.754,99.990,0.384,0.363,g
2460011.67328,2023-03-08.1734978,bG,1.54,15.884,>15.884,99.990,0.763,0.322,g
2460012.41163,2023-03-08.9118437,bo,1.64,15.694,>15.694,99.990,0.212,0.383,g
2460012.41288,2023-03-08.9130866,bo,1.67,15.921,>15.921,99.990,0.327,0.311,g
2460012.41412,2023-03-08.9143297,bo,1.66,15.789,15.638,0.191,2.018,0.351,g
2460013.28290,2023-03-09.7830922,bo,1.51,16.491,>16.491,99.990,0.200,0.184,g
2460013.28413,2023-03-09.7843224,bo,1.49,16.378,>16.378,99.990,0.657,0.204,g
2460013.28537,2023-03-09.7855678,bo,1.48,16.348,>16.348,99.990,0.582,0.210,g
2460013.65458,2023-03-10.1547784,bG,1.54,16.309,>16.309,99.990,0.773,0.217,g
2460013.65590,2023-03-10.1560967,bG,1.57,16.249,>16.249,99.990,0.721,0.230,g
2460013.65720,2023-03-10.1573895,bG,1.54,16.170,>16.170,99.990,0.667,0.247,g
2460014.40063,2023-03-10.9008121,bo,1.62,16.122,>16.122,99.990,0.446,0.258,g
2460014.40193,2023-03-10.9021136,bo,1.64,16.253,>16.253,99.990,-0.019,0.229,g
2460014.40333,2023-03-10.9035099,bo,1.65,16.213,>16.213,99.990,0.486,0.238,g
2460014.63723,2023-03-11.1374098,bk,1.51,16.143,>16.143,99.990,0.742,0.253,g
2460014.63848,2023-03-11.1386603,bk,1.46,16.106,>16.106,99.990,0.552,0.262,g
2460014.63972,2023-03-11.1399008,bk,1.51,16.034,>16.034,99.990,0.651,0.280,g
2460016.65925,2023-03-13.1593881,bG,1.49,16.571,>16.571,99.990,0.520,0.171,g
2460018.65394,2023-03-15.1540611,bG,1.56,17.010,>17.010,99.990,0.432,0.114,g
2460019.64648,2023-03-16.1465934,bG,1.65,16.924,16.545,0.154,0.875,0.123,g
2460019.64777,2023-03-16.1478755,bG,1.64,17.090,16.934,0.190,0.612,0.106,g
2460019.64906,2023-03-16.1491678,bG,1.66,17.025,16.791,0.177,0.698,0.113,g
2460020.64714,2023-03-17.1472214,bG,1.57,17.052,16.633,0.149,0.807,0.110,g
2460020.64842,2023-03-17.1485107,bG,1.57,17.083,16.645,0.146,0.798,0.107,g
2460021.53259,2023-03-18.0326570,bk,1.54,17.143,17.025,0.197,0.562,0.101,g
2460021.53383,2023-03-18.0338988,bk,1.6,17.097,16.924,0.187,0.617,0.105,g
2460021.53506,2023-03-18.0351354,bk,1.63,16.999,>16.999,99.990,0.321,0.115,g
2460021.60850,2023-03-18.1085718,bk,1.56,17.030,>17.030,99.990,0.493,0.112,g
2460021.60975,2023-03-18.1098182,bk,1.58,16.939,>16.939,99.990,0.303,0.122,g
2460021.61099,2023-03-18.1110637,bk,1.56,17.027,>17.027,99.990,0.382,0.112,g
2460022.63788,2023-03-19.1379383,bG,1.62,16.948,16.729,0.179,0.738,0.121,g
2460022.63917,2023-03-19.1392269,bG,1.65,17.109,>17.109,99.990,0.440,0.104,g
2460022.64045,2023-03-19.1405104,bG,1.61,17.153,>17.153,99.990,0.398,0.100,g
2460023.59517,2023-03-20.0952065,bk,1.62,16.931,16.893,0.212,0.635,0.123,g
2460023.59642,2023-03-20.0964592,bk,1.58,16.960,16.940,0.215,0.608,0.119,g
2460023.59767,2023-03-20.0977106,bk,1.55,17.176,16.862,0.164,0.653,0.098,g
2460024.63531,2023-03-21.1353403,bG,1.57,17.098,16.812,0.168,0.684,0.105,g
2460024.63661,2023-03-21.1366452,bG,1.58,16.948,16.928,0.215,0.615,0.121,g
2460024.63790,2023-03-21.1379231,bG,1.59,16.916,>16.916,99.990,0.509,0.124,g
2460026.25868,2023-03-22.7586832,bo,1.44,16.532,>16.532,99.990,0.557,0.177,g
2460026.25992,2023-03-22.7599195,bo,1.46,16.169,>16.169,99.990,0.123,0.247,g
2460026.26141,2023-03-22.7614078,bo,1.48,15.558,>15.558,99.990,1.174,0.434,g
2460026.49425,2023-03-22.9942464,bk,2.23,16.459,>16.459,99.990,0.908,0.189,g
2460026.49549,2023-03-22.9954839,bk,2.11,16.581,>16.581,99.990,0.164,0.169,g
2460026.49673,2023-03-22.9967284,bk,2.1,16.802,>16.802,99.990,0.423,0.138,g
2460027.62264,2023-03-24.1226200,bG,1.76,16.959,16.879,0.204,0.643,0.120,g
2460027.62393,2023-03-24.1239114,bG,1.73,16.905,16.712,0.184,0.750,0.126,g
2460027.62521,2023-03-24.1251945,bG,1.73,17.017,16.583,0.147,0.845,0.113,g
2460028.56943,2023-03-25.0694092,bk,2.15,16.769,>16.769,99.990,0.553,0.142,g
2460028.57068,2023-03-25.0706498,bk,2.18,16.939,>16.939,99.990,0.359,0.122,g
2460028.57192,2023-03-25.0718879,bk,2.18,16.966,16.605,0.157,0.828,0.119,g
2460029.62470,2023-03-26.1246488,bG,1.57,16.957,16.598,0.157,0.833,0.120,g
2460030.57030,2023-03-27.0702368,bk,1.51,17.013,16.653,0.157,0.793,0.114,g
2460030.57154,2023-03-27.0714760,bk,1.52,16.836,>16.836,99.990,0.626,0.134,g
2460030.57278,2023-03-27.0727215,bk,1.53,17.077,>17.077,99.990,0.475,0.107,g
2460031.29442,2023-03-27.7943446,bo,1.59,17.069,>17.069,99.990,0.421,0.108,g
2460031.29576,2023-03-27.7956866,bo,1.62,17.004,16.780,0.178,0.705,0.115,g
2460031.29704,2023-03-27.7969675,bo,1.6,17.095,>17.095,99.990,0.509,0.105,g
2460031.32740,2023-03-27.8273333,bo,1.65,16.883,>16.883,99.990,0.529,0.128,g
2460031.32877,2023-03-27.8286917,bo,1.64,16.919,16.655,0.172,0.791,0.124,g
2460031.33027,2023-03-27.8302082,bo,1.68,17.110,>17.110,99.990,0.444,0.104,g
2460034.30410,2023-03-30.8039877,bo,1.99,16.588,>16.588,99.990,0.698,0.168,g
2460034.30534,2023-03-30.8052188,bo,1.7,16.522,>16.522,99.990,0.304,0.179,g
2460034.30658,2023-03-30.8064701,bo,2.0,16.688,>16.688,99.990,0.663,0.153,g
2460035.29881,2023-03-31.7986811,bo,1.66,16.569,>16.569,99.990,0.701,0.171,g
2460035.30007,2023-03-31.7999381,bo,1.56,16.386,>16.386,99.990,1.002,0.203,g
2460035.30131,2023-03-31.8011763,bo,1.59,16.503,>16.503,99.990,0.657,0.182,g
2460036.31029,2023-04-01.8101502,bo,1.45,16.193,>16.193,99.990,0.858,0.242,g
2460036.31153,2023-04-01.8113834,bo,1.43,16.290,>16.290,99.990,0.266,0.221,g
2460036.31308,2023-04-01.8129296,bo,1.41,16.232,>16.232,99.990,0.361,0.234,g
2460036.35823,2023-04-01.8580775,bo,1.42,16.281,>16.281,99.990,0.770,0.223,g
2460036.35948,2023-04-01.8593337,bo,1.47,16.283,>16.283,99.990,0.738,0.223,g
2460038.59898,2023-04-04.0988040,bG,1.42,15.522,>15.522,99.990,0.850,0.449,g
2460038.60028,2023-04-04.1001021,bG,1.36,15.448,>15.448,99.990,0.204,0.481,g
2460039.31790,2023-04-04.8177126,bo,1.5,15.823,>15.823,99.990,0.590,0.340,g
2460039.31924,2023-04-04.8190420,bo,1.44,15.790,>15.790,99.990,0.027,0.351,g
2460039.32046,2023-04-04.8202755,bo,1.46,15.945,>15.945,99.990,0.421,0.304,g
2460040.58872,2023-04-06.0885158,bG,1.38,15.807,>15.807,99.990,0.726,0.345,g
2460040.59002,2023-04-06.0898076,bG,1.55,15.680,>15.680,99.990,-0.032,0.388,g
2460040.59132,2023-04-06.0911118,bG,1.46,15.663,>15.663,99.990,0.243,0.394,g
2460041.23521,2023-04-06.7349932,bo,2.05,15.879,>15.879,99.990,-0.222,0.323,g
2460041.23648,2023-04-06.7362584,bo,2.03,15.846,15.801,0.210,1.736,0.333,g
2460041.23772,2023-04-06.7375002,bo,1.59,16.022,>16.022,99.990,-0.305,0.283,g
2460042.30106,2023-04-07.8008293,bo,1.42,16.049,>16.049,99.990,0.449,0.276,g
2460042.30229,2023-04-07.8020585,bo,1.43,15.944,>15.944,99.990,0.463,0.304,g
2460042.30353,2023-04-07.8032982,bo,1.48,15.969,>15.969,99.990,0.692,0.297,g
2460043.24114,2023-04-08.7408901,bo,1.43,16.996,>16.996,99.990,0.296,0.115,g
2460043.24239,2023-04-08.7421405,bo,1.49,16.881,>16.881,99.990,0.504,0.128,g
2460043.24364,2023-04-08.7433966,bo,1.44,16.816,>16.816,99.990,0.376,0.136,g
2460043.58150,2023-04-09.0812450,bG,1.59,16.207,>16.207,99.990,0.371,0.239,g
2460043.58279,2023-04-09.0825356,bG,1.52,16.278,>16.278,99.990,0.115,0.224,g
2460043.58406,2023-04-09.0838173,bG,1.47,16.269,>16.269,99.990,0.691,0.226,g
2460044.27703,2023-04-09.7767673,bo,1.5,16.862,16.536,0.162,0.882,0.131,g
2460044.27828,2023-04-09.7780150,bo,1.48,16.666,>16.666,99.990,0.334,0.157,g
2460044.27953,2023-04-09.7792652,bo,1.53,16.804,>16.804,99.990,0.449,0.138,g
2460044.32814,2023-04-09.8278721,bo,1.45,16.206,>16.206,99.990,0.831,0.239,g
2460044.32936,2023-04-09.8290997,bo,1.47,16.232,>16.232,99.990,0.393,0.234,g
2460044.33061,2023-04-09.8303403,bo,1.48,16.199,>16.199,99.990,0.669,0.241,g
2460044.58181,2023-04-10.0815498,bG,1.44,16.515,>16.515,99.990,0.799,0.180,g
2460044.58310,2023-04-10.0828399,bG,1.45,16.480,>16.480,99.990,0.797,0.186,g
2460045.27024,2023-04-10.7699687,bo,1.46,17.104,16.792,0.164,0.697,0.105,g
2460045.27157,2023-04-10.7712892,bo,1.49,17.137,16.854,0.169,0.658,0.101,g
2460045.27282,2023-04-10.7725429,bo,1.45,17.167,16.861,0.165,0.654,0.099,g
2460045.57976,2023-04-11.0794784,bG,1.45,16.858,>16.858,99.990,0.399,0.131,g
2460045.58105,2023-04-11.0807761,bG,1.45,16.870,>16.870,99.990,0.555,0.130,g
2460046.26605,2023-04-11.7657614,bo,1.57,17.223,16.948,0.170,0.604,0.094,g
2460046.26730,2023-04-11.7670129,bo,1.56,17.098,>17.098,99.990,0.513,0.105,g
2460046.26854,2023-04-11.7682525,bo,1.53,17.182,>17.182,99.990,0.472,0.097,g
2460046.57794,2023-04-12.0776457,bG,1.61,17.021,16.983,0.212,0.584,0.113,g
2460047.57374,2023-04-13.0734403,bG,1.39,17.002,16.602,0.152,0.830,0.115,g
2460047.57504,2023-04-13.0747361,bG,1.43,17.266,16.546,0.113,0.874,0.090,g
2460048.57096,2023-04-14.0706365,bG,1.41,17.088,16.933,0.190,0.612,0.106,g
2460048.57225,2023-04-14.0719333,bG,1.43,16.984,16.751,0.177,0.724,0.117,g
2460049.27338,2023-04-14.7730506,bo,1.8,17.097,17.042,0.209,0.553,0.105,g
2460049.27464,2023-04-14.7743020,bo,1.61,17.010,16.728,0.169,0.739,0.114,g
2460049.27588,2023-04-14.7755444,bo,1.61,17.140,16.721,0.149,0.745,0.101,g
2460051.51632,2023-04-17.0159592,bk,1.46,17.030,16.710,0.163,0.752,0.112,g
2460051.51754,2023-04-17.0171836,bk,1.41,17.008,>17.008,99.990,0.508,0.114,g
2460051.51879,2023-04-17.0184278,bk,1.5,17.016,16.520,0.139,0.895,0.113,g
2460052.51186,2023-04-18.0114878,bk,1.5,17.088,>17.088,99.990,0.406,0.106,g
2460052.51312,2023-04-18.0127402,bk,1.44,17.254,>17.254,99.990,0.342,0.091,g
2460052.51437,2023-04-18.0139917,bk,1.47,17.021,16.645,0.155,0.798,0.113,g
2460054.30477,2023-04-19.8043629,bo,1.6,16.914,>16.914,99.990,0.545,0.125,g
2460054.55462,2023-04-20.0542168,bG,1.48,17.068,16.998,0.206,0.576,0.108,g
2460054.55592,2023-04-20.0555234,bG,1.49,17.085,17.036,0.209,0.557,0.106,g
2460056.55095,2023-04-22.0505236,bG,2.12,17.043,16.565,0.141,0.858,0.111,g
2460057.54548,2023-04-23.0450395,bG,1.44,17.028,16.976,0.209,0.588,0.112,g
2460057.54676,2023-04-23.0463195,bG,1.44,17.055,16.622,0.147,0.815,0.109,g
2460057.54806,2023-04-23.0476171,bG,1.44,16.926,16.896,0.213,0.633,0.123,g
2460059.54059,2023-04-25.0401251,bG,1.48,17.010,16.610,0.152,0.824,0.114,g
2460059.54187,2023-04-25.0414094,bG,1.47,17.064,16.763,0.166,0.716,0.109,g
2460059.54316,2023-04-25.0426980,bG,2.31,16.948,>16.948,99.990,0.415,0.121,g
2460060.46869,2023-04-25.9682159,bk,2.01,16.491,>16.491,99.990,0.536,0.184,g
2460060.46993,2023-04-25.9694483,bk,1.97,16.592,>16.592,99.990,0.283,0.168,g
2460060.47117,2023-04-25.9706974,bk,1.99,16.681,>16.681,99.990,0.640,0.154,g
2460062.48574,2023-04-27.9852349,bG,1.48,16.854,>16.854,99.990,0.461,0.132,g
2460062.48703,2023-04-27.9865293,bG,1.49,16.823,>16.823,99.990,0.630,0.135,g
2460062.48832,2023-04-27.9878146,bG,1.47,16.801,16.722,0.204,0.744,0.138,g
2460064.21312,2023-04-29.7125907,bo,1.74,16.333,>16.333,99.990,0.691,0.213,g
2460064.21435,2023-04-29.7138280,bo,1.72,16.325,>16.325,99.990,0.409,0.214,g
2460064.21559,2023-04-29.7150614,bo,1.75,16.456,>16.456,99.990,0.526,0.190,g
2460064.51815,2023-04-30.0176192,bG,1.42,16.716,16.700,0.216,0.758,0.149,g
2460064.51943,2023-04-30.0189093,bG,1.42,16.551,>16.551,99.990,0.383,0.174,g
2460064.52072,2023-04-30.0202011,bG,1.43,16.495,>16.495,99.990,0.806,0.183,g
2460065.52471,2023-05-01.0241730,bG,1.43,16.397,>16.397,99.990,0.841,0.201,g
2460065.52599,2023-05-01.0254556,bG,1.46,16.423,>16.423,99.990,0.660,0.196,g
2460066.24978,2023-05-01.7492384,bo,1.5,16.212,16.155,0.208,1.253,0.238,g
2460066.25103,2023-05-01.7504840,bo,1.43,16.260,>16.260,99.990,-0.165,0.228,g
2460066.25228,2023-05-01.7517340,bo,1.41,16.296,>16.296,99.990,0.463,0.220,g
2460067.51908,2023-05-03.0185109,bG,1.5,16.235,>16.235,99.990,0.653,0.233,g
2460067.52036,2023-05-03.0198078,bG,1.46,16.255,>16.255,99.990,0.171,0.229,g
2460067.52166,2023-05-03.0211041,bG,2.33,16.033,>16.033,99.990,0.447,0.280,g
2460069.21535,2023-05-04.7147690,bo,1.58,15.678,>15.678,99.990,0.307,0.389,g
2460069.21658,2023-05-04.7160039,bo,1.53,15.783,>15.783,99.990,0.250,0.353,g
2460069.51421,2023-05-05.0136224,bG,1.49,15.920,>15.920,99.990,1.061,0.311,g
2460069.51549,2023-05-05.0149041,bG,1.48,15.962,>15.962,99.990,0.717,0.299,g
2460071.25434,2023-05-06.7537417,bo,1.51,15.863,>15.863,99.990,1.400,0.328,g
2460071.25558,2023-05-06.7549835,bo,1.49,15.855,>15.855,99.990,1.307,0.331,g
2460071.25684,2023-05-06.7562398,bo,1.54,15.697,>15.697,99.990,0.720,0.382,g
2460073.20932,2023-05-08.7086934,bo,1.73,16.950,>16.950,99.990,0.581,0.120,g
2460073.21056,2023-05-08.7099350,bo,1.72,16.842,>16.842,99.990,0.364,0.133,g
2460073.21180,2023-05-08.7111769,bo,1.67,16.895,16.693,0.182,0.764,0.127,g
2460074.50108,2023-05-10.0004369,bG,1.47,17.215,16.753,0.143,0.722,0.094,g
2460074.50239,2023-05-10.00175,bG,1.44,17.100,17.066,0.212,0.541,0.105,g
2460134.94588,2023-07-09.4450435,bG,2.35,99.990,99.990,99.990,99.990,99.990,g
2460134.94848,2023-07-09.4476384,bG,1.72,99.990,99.990,99.990,99.990,99.990,g
2460138.94650,2023-07-13.4456716,bG,1.48,16.206,>16.206,99.990,0.735,0.239,g
2460138.94781,2023-07-13.4469814,bG,1.44,15.998,>15.998,99.990,0.965,0.290,g
2460138.94912,2023-07-13.4482935,bG,1.47,15.949,>15.949,99.990,0.987,0.303,g
2460139.94604,2023-07-14.4452193,bk,2.13,15.594,>15.594,99.990,1.215,0.420,g
2460139.94730,2023-07-14.4464738,bk,2.26,15.552,>15.552,99.990,0.010,0.437,g
2460139.94854,2023-07-14.4477134,bk,2.31,15.285,>15.285,99.990,-2.858,0.559,g
2460141.92523,2023-07-16.4244193,bG,1.47,17.126,16.950,0.186,0.603,0.103,g
2460141.92650,2023-07-16.4256953,bG,1.5,17.034,16.874,0.189,0.646,0.112,g
2460142.92328,2023-07-17.4224688,bG,1.42,17.045,16.740,0.165,0.732,0.110,g
2460142.92455,2023-07-17.4237435,bG,1.45,17.071,>17.071,99.990,0.469,0.108,g
2460142.92583,2023-07-17.4250195,bG,1.45,16.950,16.836,0.197,0.670,0.121,g
2460145.91377,2023-07-20.4129917,bG,1.48,17.013,16.869,0.192,0.650,0.114,g
2460145.91504,2023-07-20.4142548,bG,1.45,17.219,17.174,0.210,0.490,0.094,g
2460145.91631,2023-07-20.4155291,bG,1.41,17.059,17.028,0.213,0.561,0.109,g
2460158.90148,2023-08-02.4007960,bG,1.48,15.858,>15.858,99.990,0.388,0.330,g
2460158.90278,2023-08-02.4020967,bG,1.54,15.874,>15.874,99.990,1.386,0.325,g
2460158.90409,2023-08-02.4034064,bG,1.47,15.830,>15.830,99.990,0.353,0.338,g
2460158.93912,2023-08-02.4384390,bG,1.54,15.753,>15.753,99.990,0.713,0.363,g
2460158.94042,2023-08-02.4397432,bG,1.59,15.687,>15.687,99.990,0.191,0.386,g
2460158.94173,2023-08-02.4410496,bG,1.54,15.602,>15.602,99.990,0.618,0.417,g
2460159.68139,2023-08-03.1807048,bo,1.55,15.702,>15.702,99.990,1.256,0.380,g
2460159.88736,2023-08-03.3866895,bk,1.57,15.677,>15.677,99.990,0.031,0.389,g
2460159.88859,2023-08-03.3879208,bk,1.59,15.646,>15.646,99.990,-0.073,0.401,g
2460159.88982,2023-08-03.3891509,bk,1.61,15.558,>15.558,99.990,1.901,0.434,g
2460163.63012,2023-08-07.1294829,bo,1.5,16.644,>16.644,99.990,0.079,0.160,g
2460163.63138,2023-08-07.1307468,bo,1.49,16.476,>16.476,99.990,0.396,0.186,g
2460163.63262,2023-08-07.1319900,bo,1.49,16.548,>16.548,99.990,0.829,0.175,g
2460164.67963,2023-08-08.1790006,bo,1.49,16.336,>16.336,99.990,0.443,0.212,g
2460164.68087,2023-08-08.1802410,bo,1.47,16.201,>16.201,99.990,0.347,0.240,g
2460164.68210,2023-08-08.1814754,bo,1.51,16.084,>16.084,99.990,-1.563,0.268,g
2460167.62158,2023-08-11.1209936,bo,1.62,16.675,>16.675,99.990,0.618,0.155,g
2460167.62283,2023-08-11.1222249,bo,1.59,16.716,>16.716,99.990,0.452,0.149,g
2460167.62404,2023-08-11.1234495,bo,1.57,16.734,>16.734,99.990,0.241,0.147,g
2460172.60858,2023-08-16.1080296,bo,1.55,16.852,16.747,0.199,0.727,0.132,g
2460172.60979,2023-08-16.1092571,bo,1.51,16.828,>16.828,99.990,0.643,0.135,g
2460172.61103,2023-08-16.1104880,bo,1.56,16.935,>16.935,99.990,0.366,0.122,g
2460173.61553,2023-08-17.1149921,bo,1.50,17.046,16.706,0.160,0.754,0.110,g
2460173.61677,2023-08-17.1162313,bo,1.5,16.949,16.934,0.216,0.612,0.121,g
2460173.61801,2023-08-17.1174712,bo,1.5,17.025,>17.025,99.990,0.442,0.112,g
2460175.60966,2023-08-19.1091568,bo,1.59,17.014,>17.014,99.990,0.174,0.114,g
2460175.61090,2023-08-19.1103976,bo,1.67,17.053,17.049,0.218,0.550,0.110,g
2460175.61212,2023-08-19.1116103,bo,1.7,17.021,>17.021,99.990,0.453,0.113,g
2460183.57872,2023-08-27.0783212,bo,1.46,16.571,>16.571,99.990,0.541,0.171,g
2460183.57995,2023-08-27.0795504,bo,1.45,16.691,>16.691,99.990,0.170,0.153,g
2460183.58118,2023-08-27.0807701,bo,1.49,16.844,16.645,0.183,0.798,0.133,g
2460184.60829,2023-08-28.1078939,bo,1.47,16.261,>16.261,99.990,0.390,0.227,g
2460184.60953,2023-08-28.1091299,bo,1.42,16.358,16.272,0.203,1.125,0.208,g
2460184.61077,2023-08-28.1103730,bo,1.49,16.459,>16.459,99.990,0.525,0.189,g
2460185.57187,2023-08-29.0714966,bo,1.52,15.498,>15.498,99.990,1.091,0.459,g
2460185.57317,2023-08-29.0727890,bo,1.55,15.748,>15.748,99.990,0.001,0.365,g
2460185.57456,2023-08-29.0741785,bo,1.52,15.769,>15.769,99.990,0.398,0.358,g
2460191.55172,2023-09-04.0514211,bo,1.54,16.116,>16.116,99.990,0.482,0.260,g
2460191.55296,2023-09-04.0526699,bo,1.48,15.967,>15.967,99.990,0.342,0.298,g
2460191.55422,2023-09-04.0539120,bo,1.5,16.028,>16.028,99.990,0.313,0.282,g
2460199.56543,2023-09-12.0652432,bo,1.37,16.906,>16.906,99.990,0.596,0.125,g
2460199.56666,2023-09-12.0664711,bo,1.41,17.045,16.831,0.180,0.672,0.110,g
2460199.56789,2023-09-12.0676981,bo,1.48,17.132,16.911,0.179,0.625,0.102,g
2460200.52732,2023-09-13.0271479,bo,1.52,17.064,16.954,0.198,0.600,0.109,g
2460200.52855,2023-09-13.0283738,bo,1.49,16.973,>16.973,99.990,0.373,0.118,g
2460200.53001,2023-09-13.0298384,bo,1.53,17.043,16.994,0.209,0.579,0.111,g
2460208.53411,2023-09-21.0340510,bo,1.4,16.939,>16.939,99.990,0.539,0.122,g
2460210.53667,2023-09-23.0366454,bo,1.49,16.997,16.709,0.168,0.753,0.115,g
2460210.53790,2023-09-23.0378723,bo,1.46,16.884,>16.884,99.990,0.638,0.128,g
2460210.53914,2023-09-23.0391155,bo,1.46,16.844,16.593,0.174,0.837,0.133,g
2460215.48124,2023-09-27.9812950,bo,1.58,15.596,>15.596,99.990,1.328,0.420,g
2460215.48248,2023-09-27.9825359,bo,1.51,15.761,>15.761,99.990,-0.131,0.360,g
2460216.73313,2023-09-29.2331947,bk,2.06,13.514,>13.514,99.990,-0.179,2.853,g
2460216.73434,2023-09-29.2344107,bk,2.06,13.447,>13.447,99.990,-8.318,3.041,g
2460217.72935,2023-09-30.2294346,bk,1.9,14.013,>14.013,99.990,2.635,1.802,g
2460217.73059,2023-09-30.2306726,bk,1.9,13.947,>13.947,99.990,-6.790,1.920,g
2460217.73182,2023-09-30.2319108,bk,2.05,14.033,>14.033,99.990,-3.187,1.770,g
2460218.77422,2023-10-01.2743196,bk,1.54,14.723,14.665,0.208,4.944,0.939,g
2460218.77545,2023-10-01.2755508,bk,1.49,14.375,>14.375,99.990,0.553,1.291,g
2460218.77668,2023-10-01.2767796,bk,1.66,14.922,>14.922,99.990,-1.386,0.781,g
2460219.77305,2023-10-02.2731689,bk,1.6,16.115,>16.115,99.990,0.549,0.260,g
2460219.77428,2023-10-02.2743984,bk,1.67,16.235,>16.235,99.990,0.504,0.233,g
2460219.77552,2023-10-02.2756337,bk,1.65,16.265,>16.265,99.990,0.545,0.227,g
2460221.48073,2023-10-03.9808606,bo,1.57,16.200,>16.200,99.990,-0.065,0.240,g
2460221.48197,2023-10-03.9821037,bo,1.58,15.929,>15.929,99.990,0.869,0.309,g
2460221.48321,2023-10-03.9833453,bo,1.64,15.938,>15.938,99.990,0.652,0.306,g
2460222.55761,2023-10-05.0577559,bo,1.49,15.931,>15.931,99.990,0.937,0.308,g
2460222.55886,2023-10-05.0590177,bo,1.53,16.103,15.937,0.188,1.532,0.263,g
2460222.56009,2023-10-05.0602421,bo,1.51,15.978,>15.978,99.990,0.732,0.295,g
2460223.73324,2023-10-06.2334053,bG,1.46,16.999,>16.999,99.990,0.413,0.115,g
2460223.73451,2023-10-06.2346820,bG,1.5,17.010,>17.010,99.990,0.422,0.114,g
2460223.73579,2023-10-06.2359578,bG,1.48,17.266,17.263,0.219,0.451,0.090,g
2460223.86977,2023-10-06.3699417,bk,1.49,16.977,>16.977,99.990,0.364,0.118,g
2460223.87100,2023-10-06.3711693,bk,1.47,16.944,16.494,0.145,0.917,0.121,g
2460223.87223,2023-10-06.3723936,bk,1.46,16.789,16.749,0.211,0.725,0.140,g
2460224.72745,2023-10-07.2276388,bk,1.52,16.995,16.565,0.147,0.859,0.116,g
2460224.72871,2023-10-07.2288875,bk,1.55,17.012,>17.012,99.990,0.535,0.114,g
2460224.72994,2023-10-07.2301199,bk,1.56,16.959,16.579,0.154,0.848,0.120,g
2460225.75549,2023-10-08.2556880,bk,1.59,17.194,17.141,0.209,0.505,0.096,g
2460225.75672,2023-10-08.2569216,bk,1.57,17.048,>17.048,99.990,0.430,0.110,g
2460225.75795,2023-10-08.2581538,bk,1.54,17.125,16.741,0.154,0.731,0.103,g
2460226.76713,2023-10-09.2673415,bG,1.49,16.995,16.823,0.187,0.677,0.116,g
2460226.76840,2023-10-09.2686153,bG,1.5,17.072,>17.072,99.990,0.245,0.108,g
2460226.76969,2023-10-09.2699039,bG,1.46,17.143,>17.143,99.990,0.426,0.101,g
2460227.78852,2023-10-10.2887496,bG,1.46,17.127,16.873,0.173,0.647,0.102,g
2460227.78981,2023-10-10.2900378,bG,1.45,17.045,16.764,0.169,0.715,0.110,g
2460227.79107,2023-10-10.2913091,bG,1.47,17.079,>17.079,99.990,0.531,0.107,g
2460228.70772,2023-10-11.2079616,bG,1.51,17.028,>17.028,99.990,0.452,0.112,g
2460228.70899,2023-10-11.2092395,bG,1.49,17.053,17.030,0.215,0.559,0.110,g
2460228.71028,2023-10-11.2105170,bG,1.51,17.189,>17.189,99.990,0.461,0.097,g
2460229.79289,2023-10-12.2931567,bk,1.48,17.122,>17.122,99.990,0.433,0.103,g
2460229.79413,2023-10-12.2943864,bk,1.5,17.216,>17.216,99.990,0.389,0.094,g
2460229.79536,2023-10-12.2956238,bk,1.46,17.205,16.829,0.155,0.674,0.095,g
2460230.79067,2023-10-13.2909403,bk,1.46,17.114,16.662,0.145,0.785,0.104,g
2460230.79188,2023-10-13.2921609,bk,1.46,17.069,16.839,0.177,0.668,0.108,g
2460230.79311,2023-10-13.2933790,bk,1.46,17.130,16.739,0.153,0.732,0.102,g
2460232.70883,2023-10-15.2091355,bk,1.48,17.105,16.732,0.155,0.736,0.105,g
2460232.71006,2023-10-15.2103644,bk,1.48,17.069,16.790,0.170,0.698,0.108,g
2460232.71129,2023-10-15.2115931,bk,1.5,17.357,16.770,0.128,0.712,0.083,g
2460234.47881,2023-10-16.9791340,bo,1.49,16.956,16.704,0.174,0.755,0.120,g
2460234.48004,2023-10-16.9803621,bo,1.47,17.001,16.609,0.153,0.826,0.115,g
2460234.48129,2023-10-16.9816062,bo,1.52,17.100,16.808,0.167,0.687,0.105,g
2460235.67186,2023-10-18.1722042,bk,2.1,16.956,>16.956,99.990,0.577,0.120,g
2460235.67310,2023-10-18.1734364,bk,2.1,16.969,16.404,0.130,0.996,0.118,g
2460235.67433,2023-10-18.1746733,bk,2.13,17.069,>17.069,99.990,0.499,0.108,g
2460236.83643,2023-10-19.3367885,bG,1.41,17.089,16.998,0.202,0.576,0.106,g
2460236.83772,2023-10-19.3380766,bG,1.45,17.124,16.945,0.186,0.605,0.103,g
2460236.83899,2023-10-19.3393434,bG,1.43,17.049,16.883,0.188,0.641,0.110,g
2460237.75754,2023-10-20.2579101,bk,1.45,17.034,16.940,0.201,0.608,0.112,g
2460237.75878,2023-10-20.2591432,bk,1.48,15.764,>15.764,99.990,1.003,0.360,g
2460237.76000,2023-10-20.2603697,bk,1.45,17.045,>17.045,99.990,0.493,0.110,g
2460238.68972,2023-10-21.1901013,bk,1.48,14.190,>14.190,99.990,0.202,1.532,g
2460238.69096,2023-10-21.1913351,bk,1.18,99.990,99.990,99.990,99.990,99.990,g
2460239.67068,2023-10-22.1710831,bG,1.45,16.684,16.410,0.170,0.990,0.154,g
2460239.67196,2023-10-22.1723491,bG,1.52,16.766,>16.766,99.990,0.475,0.143,g
2460239.67324,2023-10-22.1736229,bG,1.42,16.731,>16.731,99.990,0.410,0.147,g
2460240.73272,2023-10-23.2331293,bG,1.5,16.736,>16.736,99.990,0.571,0.147,g
2460240.73399,2023-10-23.2344031,bG,1.53,16.716,>16.716,99.990,0.701,0.149,g
2460240.73528,2023-10-23.2356899,bG,1.49,16.837,>16.837,99.990,0.559,0.134,g
2460243.40040,2023-10-25.9008319,bo,1.5,15.969,>15.969,99.990,0.887,0.297,g
2460243.40162,2023-10-25.9020709,bo,1.48,15.988,>15.988,99.990,0.900,0.292,g
2460243.40286,2023-10-25.9033047,bo,1.52,16.146,>16.146,99.990,0.718,0.253,g
2460244.65229,2023-10-27.1527509,bG,1.47,15.984,>15.984,99.990,0.324,0.293,g
2460244.65357,2023-10-27.1540304,bG,1.54,15.938,>15.938,99.990,-0.068,0.306,g
2460244.65485,2023-10-27.1553111,bG,1.45,16.054,>16.054,99.990,0.379,0.275,g
2460245.67895,2023-10-28.1794190,bk,1.52,15.837,>15.837,99.990,0.013,0.336,g
2460245.68018,2023-10-28.1806481,bk,1.55,15.836,>15.836,99.990,0.282,0.336,g
2460245.68141,2023-10-28.1818769,bk,1.51,15.901,>15.901,99.990,1.199,0.317,g
2460247.65136,2023-10-30.1518549,bG,1.45,16.067,>16.067,99.990,0.795,0.272,g
2460247.65267,2023-10-30.1531548,bG,1.49,16.037,>16.037,99.990,0.777,0.279,g
2460247.65394,2023-10-30.1544306,bG,1.47,15.963,>15.963,99.990,0.400,0.299,g
2460248.65690,2023-10-31.1574040,bG,1.43,16.260,>16.260,99.990,0.698,0.228,g
2460248.65818,2023-10-31.1586848,bG,1.49,16.494,>16.494,99.990,0.594,0.183,g
2460248.65946,2023-10-31.1599596,bG,1.42,16.229,>16.229,99.990,0.845,0.234,g
2460249.39311,2023-10-31.8936281,bo,1.51,15.844,>15.844,99.990,1.127,0.334,g
2460249.39434,2023-10-31.8948582,bo,1.55,15.943,>15.943,99.990,1.057,0.305,g
2460249.39557,2023-10-31.8960849,bo,1.52,15.918,>15.918,99.990,0.708,0.312,g
2460251.76375,2023-11-03.2642976,bk,1.5,16.831,16.378,0.144,1.021,0.134,g
2460251.76499,2023-11-03.2655298,bk,1.51,16.718,>16.718,99.990,0.437,0.149,g
2460251.76621,2023-11-03.2667563,bk,1.51,16.607,>16.607,99.990,0.510,0.165,g
2460253.43602,2023-11-04.9365737,bo,1.46,17.065,16.905,0.189,0.628,0.108,g
2460253.43726,2023-11-04.9378156,bo,1.41,16.954,16.641,0.164,0.801,0.120,g
2460253.43850,2023-11-04.9390564,bo,1.42,16.996,16.932,0.207,0.612,0.116,g
2460254.70000,2023-11-06.2005692,bG,1.42,17.036,16.844,0.184,0.664,0.111,g
2460254.70221,2023-11-06.2027814,bG,1.41,17.066,16.542,0.135,0.877,0.108,g
2460254.70420,2023-11-06.2047675,bG,1.47,17.065,16.987,0.204,0.582,0.108,g
2460256.64243,2023-11-08.1430246,bG,1.46,17.029,16.901,0.195,0.630,0.112,g
2460256.64442,2023-11-08.1450128,bG,1.44,16.939,16.672,0.171,0.778,0.122,g
2460257.64326,2023-11-09.1438622,bG,1.46,17.062,16.836,0.178,0.669,0.109,g
2460257.64525,2023-11-09.1458560,bG,1.44,17.078,17.047,0.213,0.551,0.107,g
2460259.40262,2023-11-10.9032438,bo,1.51,17.086,17.006,0.204,0.573,0.106,g
2460259.40387,2023-11-10.9044997,bo,1.5,16.989,16.843,0.191,0.665,0.116,g
2460259.40511,2023-11-10.9057405,bo,1.55,16.908,16.749,0.189,0.725,0.125,g
2460260.62676,2023-11-12.1274013,bk,1.49,17.038,>17.038,99.990,0.533,0.111,g
2460260.62799,2023-11-12.1286243,bk,1.53,17.063,16.904,0.189,0.628,0.109,g
2460260.62922,2023-11-12.1298567,bk,1.55,17.014,16.907,0.199,0.627,0.114,g
2460261.74542,2023-11-13.2460761,bk,1.51,17.201,16.889,0.164,0.638,0.096,g
2460261.74666,2023-11-13.2473120,bk,1.48,17.123,>17.123,99.990,0.442,0.103,g
2460261.74789,2023-11-13.2485418,bk,1.53,17.115,16.896,0.179,0.633,0.104,g
2460261.79167,2023-11-13.2923208,bG,1.4,17.167,16.827,0.160,0.675,0.099,g
2460261.79368,2023-11-13.2943256,bG,1.43,17.179,17.008,0.187,0.571,0.098,g
2460261.79570,2023-11-13.2963513,bG,1.4,17.195,16.982,0.180,0.585,0.096,g
2460262.75353,2023-11-14.2541913,bk,1.5,17.072,16.602,0.142,0.830,0.108,g
2460263.61061,2023-11-15.1112841,bG,1.47,17.078,16.729,0.159,0.739,0.107,g
2460263.61262,2023-11-15.1132810,bG,1.44,17.085,16.887,0.183,0.638,0.106,g
2460263.61460,2023-11-15.1152716,bG,1.45,17.103,16.799,0.166,0.692,0.105,g
2460263.77118,2023-11-15.2718481,bk,1.5,15.863,>15.863,99.990,0.991,0.328,g
2460263.77240,2023-11-15.2730782,bk,1.48,16.314,>16.314,99.990,0.642,0.217,g
2460263.77363,2023-11-15.2743033,bk,1.43,16.129,>16.129,99.990,0.793,0.257,g
2460264.62096,2023-11-16.1216422,bG,1.43,17.138,16.863,0.170,0.653,0.101,g
2460264.62226,2023-11-16.1229325,bG,1.46,17.155,16.884,0.171,0.641,0.100,g
2460264.62352,2023-11-16.1242071,bG,1.43,17.091,16.852,0.176,0.660,0.106,g
2460265.62111,2023-11-17.1218009,bG,1.47,17.140,16.950,0.184,0.603,0.101,g
2460265.62240,2023-11-17.1230824,bG,1.41,16.991,16.907,0.203,0.627,0.116,g
2460265.62368,2023-11-17.1243565,bG,1.44,17.056,>17.056,99.990,0.439,0.109,g
2460267.77256,2023-11-19.2732592,bk,1.69,17.188,17.153,0.212,0.500,0.097,g
2460267.77379,2023-11-19.2744937,bk,1.69,17.243,>17.243,99.990,0.455,0.092,g
2460267.77501,2023-11-19.2757168,bk,1.7,17.182,17.074,0.198,0.538,0.097,g
2460268.77498,2023-11-20.2756997,bk,1.46,17.112,>17.112,99.990,0.191,0.104,g
2460268.77621,2023-11-20.2769238,bk,1.45,17.164,16.770,0.153,0.711,0.099,g
2460268.77743,2023-11-20.2781396,bk,1.44,17.192,16.922,0.171,0.618,0.096,g
2460270.57188,2023-11-22.0726079,bG,1.47,16.471,16.408,0.207,0.993,0.187,g
2460270.57315,2023-11-22.0738814,bG,1.43,16.411,>16.411,99.990,0.752,0.198,g
2460270.57443,2023-11-22.0751565,bG,1.5,16.603,>16.603,99.990,0.276,0.166,g
2460272.56570,2023-11-24.0664415,bG,1.52,16.218,>16.218,99.990,0.749,0.237,g
2460272.56700,2023-11-24.0677341,bG,1.54,16.161,>16.161,99.990,0.923,0.249,g
2460272.56826,2023-11-24.0690033,bG,1.52,16.183,>16.183,99.990,0.880,0.244,g
2460274.53346,2023-11-26.0342238,bo,1.51,15.789,15.521,0.171,2.248,0.351,g
2460274.56470,2023-11-26.0654629,bG,1.44,16.073,15.890,0.185,1.599,0.270,g
2460274.56598,2023-11-26.0667321,bG,1.46,16.003,>16.003,99.990,0.602,0.288,g
2460274.56725,2023-11-26.0680081,bG,1.51,15.950,>15.950,99.990,0.606,0.303,g
2460274.78467,2023-11-26.2854315,bG,1.44,16.063,>16.063,99.990,0.488,0.273,g
2460274.78595,2023-11-26.2867065,bG,1.47,16.221,>16.221,99.990,0.656,0.236,g
2460274.78721,2023-11-26.2879733,bG,1.42,16.201,>16.201,99.990,0.527,0.240,g
2460276.73136,2023-11-28.2321271,bk,1.47,16.020,>16.020,99.990,0.375,0.284,g
2460276.73259,2023-11-28.2333559,bk,1.47,16.086,>16.086,99.990,-0.291,0.267,g
2460276.73383,2023-11-28.2345987,bk,1.5,15.963,>15.963,99.990,0.475,0.299,g
2460277.75604,2023-11-29.2568188,bk,1.63,16.212,>16.212,99.990,0.406,0.238,g
2460277.75726,2023-11-29.2580434,bk,1.62,16.248,>16.248,99.990,1.017,0.230,g
2460277.75848,2023-11-29.2592606,bk,1.58,16.210,>16.210,99.990,0.986,0.238,g
2460280.79895,2023-12-02.2997474,bk,1.49,16.628,>16.628,99.990,0.619,0.162,g
2460280.80018,2023-12-02.3009761,bk,1.44,16.625,>16.625,99.990,0.372,0.163,g
2460280.80143,2023-12-02.3022224,bk,1.47,16.648,>16.648,99.990,0.569,0.159,g
2460283.63224,2023-12-05.1330501,bk,1.45,17.155,16.912,0.175,0.624,0.100,g
2460283.63348,2023-12-05.1342895,bk,1.47,17.163,16.637,0.135,0.804,0.099,g
2460283.63471,2023-12-05.1355209,bk,1.51,17.231,17.123,0.199,0.514,0.093,g
2460284.63667,2023-12-06.1374780,bk,1.49,17.196,16.959,0.176,0.598,0.096,g
2460284.63791,2023-12-06.1387162,bk,1.53,17.158,16.838,0.163,0.668,0.100,g
2460284.63913,2023-12-06.1399449,bk,1.51,17.111,16.851,0.172,0.660,0.104,g
2460286.72600,2023-12-08.2268190,bk,1.49,17.326,17.059,0.171,0.545,0.085,g
2460286.72724,2023-12-08.2280608,bk,1.49,17.295,>17.295,99.990,0.378,0.088,g
2460286.72848,2023-12-08.2293015,bk,1.47,17.225,17.088,0.193,0.530,0.094,g
2460287.81346,2023-12-09.3142814,bk,1.45,17.137,16.752,0.154,0.723,0.102,g
2460287.81469,2023-12-09.3155090,bk,1.46,17.333,16.867,0.143,0.650,0.085,g
2460287.81590,2023-12-09.3167342,bk,1.48,17.206,>17.206,99.990,0.375,0.095,g
2460289.69708,2023-12-11.1979077,bk,1.43,99.990,99.990,99.990,99.990,99.990,g
2460289.69829,2023-12-11.1991349,bk,1.46,17.324,16.883,0.146,0.640,0.085,g
2460289.69952,2023-12-11.2003628,bk,1.43,17.155,>17.155,99.990,0.364,0.100,g
2460290.42115,2023-12-11.9219795,bo,1.74,16.667,>16.667,99.990,0.366,0.156,g
2460290.42238,2023-12-11.9232140,bo,1.54,16.671,>16.671,99.990,0.255,0.156,g
2460290.42362,2023-12-11.9244533,bo,1.63,16.841,>16.841,99.990,0.518,0.133,g
2460291.69434,2023-12-13.1951796,bk,1.48,17.112,16.914,0.183,0.623,0.104,g
2460291.69558,2023-12-13.1964204,bk,1.5,17.192,17.125,0.206,0.513,0.096,g
2460291.69681,2023-12-13.1976456,bk,1.43,17.120,16.677,0.146,0.775,0.103,g
2460294.34149,2023-12-15.8423471,bo,1.57,16.651,16.444,0.181,0.961,0.159,g
2460294.34274,2023-12-15.8435854,bo,1.53,16.726,>16.726,99.990,0.593,0.148,g
2460294.34399,2023-12-15.8448305,bo,1.5,16.690,>16.690,99.990,0.318,0.153,g
2460297.72304,2023-12-19.2238965,bk,1.42,17.267,16.772,0.139,0.710,0.090,g
2460297.72427,2023-12-19.2251252,bk,1.43,17.059,16.952,0.199,0.602,0.109,g
2460297.72550,2023-12-19.2263540,bk,1.45,17.171,>17.171,99.990,0.319,0.098,g
2460298.69676,2023-12-20.1976162,bk,1.46,17.002,16.797,0.182,0.694,0.115,g
2460298.69799,2023-12-20.1988437,bk,1.49,16.998,16.886,0.198,0.639,0.115,g
2460298.69922,2023-12-20.2000759,bk,1.54,17.092,>17.092,99.990,0.519,0.106,g
2460299.69376,2023-12-21.1946104,bk,1.42,16.660,16.546,0.197,0.874,0.157,g
2460299.69497,2023-12-21.1958261,bk,1.48,16.804,>16.804,99.990,0.285,0.138,g
2460299.69619,2023-12-21.1970423,bk,1.45,16.754,>16.754,99.990,0.618,0.144,g
2460300.70499,2023-12-22.2058429,bk,1.5,16.611,>16.611,99.990,0.332,0.165,g
2460300.70621,2023-12-22.2070658,bk,1.43,16.697,>16.697,99.990,0.120,0.152,g
2460300.70745,2023-12-22.2083016,bk,1.46,16.655,>16.655,99.990,0.784,0.158,g
2460301.71914,2023-12-23.2199966,bG,1.43,16.504,>16.504,99.990,0.597,0.182,g
2460301.72042,2023-12-23.2212775,bG,1.44,16.550,>16.550,99.990,0.382,0.174,g
2460301.72172,2023-12-23.2225725,bG,1.43,16.407,>16.407,99.990,0.509,0.199,g
2460301.83101,2023-12-23.3318663,bk,1.55,16.957,>16.957,99.990,0.483,0.120,g
2460301.83224,2023-12-23.3330967,bk,1.57,17.126,>17.126,99.990,0.481,0.103,g
2460301.83348,2023-12-23.3343299,bk,1.53,17.135,17.015,0.196,0.567,0.102,g
2460302.79108,2023-12-24.2919383,bk,1.5,16.597,>16.597,99.990,0.252,0.167,g
2460302.79231,2023-12-24.2931658,bk,1.51,16.669,>16.669,99.990,0.495,0.156,g
2460302.79354,2023-12-24.2943949,bk,1.46,16.643,>16.643,99.990,0.680,0.160,g
2460303.83181,2023-12-25.3326621,bk,1.65,16.493,>16.493,99.990,0.636,0.184,g
2460303.83303,2023-12-25.3338930,bk,2.0,16.261,>16.261,99.990,0.616,0.227,g
2460303.83428,2023-12-25.3351298,bk,1.83,15.778,>15.778,99.990,0.563,0.355,g
2460305.75505,2023-12-27.2559009,bk,1.55,15.705,>15.705,99.990,-0.633,0.379,g
2460305.75628,2023-12-27.2571298,bk,1.5,15.690,>15.690,99.990,1.920,0.385,g
2460305.75750,2023-12-27.2583505,bk,1.51,16.011,>16.011,99.990,0.389,0.286,g
2460311.30896,2024-01-01.8098065,bo,1.51,16.824,>16.824,99.990,0.606,0.135,g
2460311.31020,2024-01-01.8110488,bo,1.48,16.876,>16.876,99.990,0.286,0.129,g
2460311.31143,2024-01-01.8122785,bo,1.46,16.841,>16.841,99.990,0.360,0.133,g
2460312.67667,2024-01-03.1775089,bk,1.45,17.044,16.921,0.196,0.619,0.111,g
2460312.67790,2024-01-03.1787387,bk,1.43,17.095,>17.095,99.990,0.509,0.106,g
2460312.67913,2024-01-03.1799665,bk,1.46,17.123,>17.123,99.990,0.495,0.103,g
2460313.66654,2024-01-04.1673701,bG,1.42,17.104,16.766,0.160,0.714,0.105,g
2460313.66780,2024-01-04.1686425,bG,1.44,17.107,16.873,0.177,0.647,0.104,g
2460313.66908,2024-01-04.1699171,bG,1.47,17.204,17.056,0.191,0.547,0.095,g
2460313.67034,2024-01-04.1711803,bG,1.44,17.181,17.009,0.187,0.571,0.097,g
2460313.67161,2024-01-04.1724491,bG,1.41,17.228,>17.228,99.990,0.465,0.093,g
2460313.67291,2024-01-04.1737464,bG,1.48,17.129,>17.129,99.990,0.450,0.102,g
2460314.53549,2024-01-05.0363210,bo,1.49,16.536,>16.536,99.990,0.646,0.176,g
2460314.53672,2024-01-05.0375510,bo,1.48,16.411,>16.411,99.990,0.697,0.198,g
2460314.53794,2024-01-05.0387820,bo,1.49,16.510,>16.510,99.990,0.385,0.181,g
2460315.75178,2024-01-06.2526134,bG,1.46,17.061,16.946,0.197,0.605,0.109,g
2460315.75306,2024-01-06.2538921,bG,1.47,17.038,>17.038,99.990,0.508,0.111,g
2460315.75433,2024-01-06.2551615,bG,1.49,17.019,>17.019,99.990,0.518,0.113,g
2460316.82238,2024-01-07.3232116,bG,1.63,17.009,>17.009,99.990,0.260,0.114,g
2460316.82366,2024-01-07.3244913,bG,1.62,17.172,16.903,0.171,0.629,0.098,g
2460316.82493,2024-01-07.3257630,bG,1.65,17.072,16.950,0.196,0.602,0.108,g
2460319.56654,2024-01-10.0673561,bk,1.45,17.125,17.077,0.210,0.536,0.103,g
2460319.56777,2024-01-10.0685839,bk,1.5,17.155,16.748,0.151,0.726,0.100,g
2460319.56900,2024-01-10.0698138,bk,1.53,17.166,>17.166,99.990,0.384,0.099,g
2460321.75912,2024-01-12.2599218,bG,1.4,17.189,>17.189,99.990,0.467,0.097,g
2460322.46389,2024-01-12.9646981,bo,1.49,16.762,>16.762,99.990,0.636,0.143,g
2460322.46513,2024-01-12.9659372,bo,1.44,16.725,>16.725,99.990,0.454,0.148,g
2460322.46638,2024-01-12.9671887,bo,1.47,16.770,>16.770,99.990,0.598,0.142,g
2460322.77890,2024-01-13.2796909,bG,1.64,17.185,17.102,0.203,0.524,0.097,g
2460322.78017,2024-01-13.2809599,bG,1.66,17.140,16.664,0.141,0.784,0.101,g
2460322.78144,2024-01-13.2822368,bG,1.65,17.128,>17.128,99.990,0.387,0.102,g
2460324.77467,2024-01-15.2754577,bG,1.47,17.098,>17.098,99.990,0.491,0.105,g
2460324.77594,2024-01-15.2767326,bG,1.5,17.100,16.975,0.195,0.589,0.105,g
2460324.77722,2024-01-15.2780078,bG,1.51,17.198,17.009,0.184,0.571,0.096,g
2460325.30650,2024-01-15.8072854,bo,1.52,16.624,>16.624,99.990,0.480,0.163,g
2460325.30773,2024-01-15.8085165,bo,1.45,16.727,>16.727,99.990,0.465,0.148,g
2460325.30896,2024-01-15.8097467,bo,1.49,16.759,>16.759,99.990,0.688,0.144,g
2460325.77071,2024-01-16.2714954,bG,1.49,16.995,16.777,0.179,0.706,0.116,g
2460325.77198,2024-01-16.2727612,bG,1.51,16.990,>16.990,99.990,0.546,0.116,g
2460325.77327,2024-01-16.2740489,bG,1.50,17.113,16.759,0.158,0.718,0.104,g
2460326.77049,2024-01-17.2712638,bG,1.58,17.177,17.168,0.217,0.493,0.098,g
2460326.77178,2024-01-17.2725517,bG,1.53,16.973,>16.973,99.990,0.556,0.118,g
2460326.77305,2024-01-17.2738276,bG,1.56,17.078,16.946,0.194,0.605,0.107,g
2460327.76633,2024-01-18.2670968,bG,1.43,17.019,>17.019,99.990,0.550,0.113,g
2460327.76760,2024-01-18.2683645,bG,1.43,17.036,16.657,0.155,0.789,0.111,g
2460327.76888,2024-01-18.2696523,bG,1.45,17.279,16.799,0.141,0.692,0.089,g
2460328.55167,2024-01-19.0524332,bk,1.47,16.655,>16.655,99.990,0.548,0.158,g
2460328.55291,2024-01-19.0536737,bk,1.44,16.688,>16.688,99.990,0.511,0.153,g
2460328.55413,2024-01-19.0549005,bk,1.48,16.694,>16.694,99.990,0.508,0.153,g
2460328.76221,2024-01-19.2629642,bG,1.39,17.076,16.909,0.188,0.626,0.107,g
2460328.76348,2024-01-19.2642387,bG,1.45,17.029,>17.029,99.990,0.401,0.112,g
2460328.76477,2024-01-19.2655267,bG,1.42,17.150,16.709,0.146,0.752,0.100,g
2460329.57376,2024-01-20.0745145,bk,1.44,16.648,>16.648,99.990,0.607,0.159,g
2460329.57498,2024-01-20.0757384,bk,1.49,16.508,>16.508,99.990,0.676,0.181,g
2460329.57622,2024-01-20.0769707,bk,1.45,16.521,>16.521,99.990,0.586,0.179,g
2460329.76185,2024-01-20.2626046,bG,1.4,17.122,>17.122,99.990,0.334,0.103,g
2460329.76312,2024-01-20.2638792,bG,1.43,17.057,>17.057,99.990,0.390,0.109,g
2460329.76439,2024-01-20.2651542,bG,1.37,17.090,16.775,0.164,0.708,0.106,g
2460330.52856,2024-01-21.0293128,bk,1.56,15.457,>15.457,99.990,0.708,0.477,g
2460330.52979,2024-01-21.0305370,bk,1.56,15.818,>15.818,99.990,0.119,0.342,g
2460330.53101,2024-01-21.0317564,bk,1.49,15.839,>15.839,99.990,1.119,0.335,g
2460330.75756,2024-01-21.2583039,bG,1.47,17.141,16.689,0.144,0.767,0.101,g
2460330.75885,2024-01-21.2595928,bG,1.46,17.079,16.538,0.133,0.881,0.107,g
2460330.76013,2024-01-21.2608761,bG,1.49,17.163,16.958,0.181,0.598,0.099,g
2460331.74931,2024-01-22.2500523,bG,1.44,16.508,>16.508,99.990,0.284,0.181,g
2460331.75058,2024-01-22.2513214,bG,1.49,16.420,>16.420,99.990,0.779,0.196,g
2460331.75185,2024-01-22.2525891,bG,1.51,16.572,>16.572,99.990,0.828,0.171,g
2460332.74849,2024-01-23.2492231,bG,1.41,16.351,>16.351,99.990,0.495,0.209,g
2460332.74976,2024-01-23.2504994,bG,1.46,16.268,>16.268,99.990,0.585,0.226,g
2460332.75103,2024-01-23.2517672,bG,1.45,16.315,>16.315,99.990,0.807,0.216,g
2460333.75010,2024-01-24.2508276,bG,1.38,16.181,>16.181,99.990,0.049,0.245,g
2460333.75137,2024-01-24.2520932,bG,1.48,16.153,>16.153,99.990,0.555,0.251,g
2460333.75262,2024-01-24.2533533,bG,1.43,16.162,>16.162,99.990,0.506,0.249,g
2460334.30914,2024-01-24.8098624,bo,1.5,15.607,>15.607,99.990,0.661,0.415,g
2460334.31039,2024-01-24.8111099,bo,1.43,15.766,>15.766,99.990,0.592,0.359,g
2460334.31169,2024-01-24.8124143,bo,1.43,15.638,>15.638,99.990,-0.630,0.403,g
2460336.56661,2024-01-27.0673168,bk,1.51,16.360,>16.360,99.990,0.611,0.208,g
2460336.56783,2024-01-27.0685364,bk,1.52,16.188,16.185,0.218,1.220,0.243,g
2460336.56907,2024-01-27.0697734,bk,1.49,16.194,>16.194,99.990,0.310,0.242,g
2460337.74232,2024-01-28.2430077,bG,1.44,16.133,>16.133,99.990,0.551,0.256,g
2460337.74359,2024-01-28.2442831,bG,1.45,16.135,>16.135,99.990,0.249,0.255,g
2460337.74486,2024-01-28.2455526,bG,1.47,16.186,>16.186,99.990,0.781,0.244,g
2460338.54786,2024-01-29.0485450,bk,1.47,17.080,>17.080,99.990,0.435,0.107,g
2460338.54909,2024-01-29.0497758,bk,1.51,17.089,>17.089,99.990,0.463,0.106,g
2460338.55031,2024-01-29.051,bk,1.54,17.114,16.876,0.176,0.645,0.104,g
2460338.73514,2024-01-29.2358253,bG,1.51,16.295,>16.295,99.990,0.083,0.220,g
2460338.73640,2024-01-29.2370937,bG,1.53,16.204,>16.204,99.990,0.560,0.240,g
2460338.73768,2024-01-29.2383685,bG,1.53,16.242,>16.242,99.990,1.023,0.231,g
2460339.54369,2024-01-30.0443670,bk,1.46,17.162,16.957,0.182,0.599,0.099,g
2460339.54492,2024-01-30.0455973,bk,1.43,17.078,16.838,0.176,0.668,0.107,g
2460339.54615,2024-01-30.0468260,bk,1.41,17.080,>17.080,99.990,0.532,0.107,g
2460339.73099,2024-01-30.2316611,bG,1.49,16.379,>16.379,99.990,0.971,0.204,g
2460339.73227,2024-01-30.2329398,bG,1.48,16.413,>16.413,99.990,0.776,0.198,g
2460339.73354,2024-01-30.2342134,bG,1.51,16.455,>16.455,99.990,0.531,0.190,g
2460340.73034,2024-01-31.2310085,bG,1.52,16.513,>16.513,99.990,0.700,0.180,g
2460340.73162,2024-01-31.2322833,bG,1.47,16.636,>16.636,99.990,0.636,0.161,g
2460340.73290,2024-01-31.2335594,bG,1.5,16.563,>16.563,99.990,0.625,0.172,g
2460341.28499,2024-01-31.7856516,bo,1.84,16.365,>16.365,99.990,0.546,0.207,g
2460341.28623,2024-01-31.7868864,bo,1.83,16.629,>16.629,99.990,0.754,0.162,g
2460341.28746,2024-01-31.7881152,bo,1.78,16.469,>16.469,99.990,0.866,0.188,g
2460341.72667,2024-02-01.2273259,bG,1.47,16.780,16.548,0.177,0.873,0.141,g
2460341.72794,2024-02-01.2286020,bG,1.5,16.757,>16.757,99.990,0.593,0.144,g
2460341.72921,2024-02-01.2298618,bG,1.47,16.544,>16.544,99.990,0.557,0.175,g
2460346.71278,2024-02-06.2133778,bG,1.42,16.922,16.914,0.217,0.623,0.124,g
2460346.71403,2024-02-06.2146394,bG,1.44,16.728,16.602,0.195,0.830,0.148,g
2460346.71530,2024-02-06.2159086,bG,1.41,16.823,>16.823,99.990,0.427,0.135,g
2460350.69838,2024-02-10.1989446,bG,1.43,17.057,>17.057,99.990,0.492,0.109,g
2460350.69965,2024-02-10.2002056,bG,1.47,16.940,16.796,0.192,0.694,0.122,g
2460350.70091,2024-02-10.2014733,bG,1.49,17.068,>17.068,99.990,0.465,0.108,g
2460351.69716,2024-02-11.1977104,bG,1.47,17.098,16.595,0.138,0.836,0.105,g
2460351.69845,2024-02-11.1990018,bG,1.43,17.219,17.024,0.183,0.563,0.094,g
2460352.69311,2024-02-12.1936431,bG,1.42,17.124,17.101,0.215,0.525,0.103,g
2460352.69438,2024-02-12.1949170,bG,1.47,17.164,16.578,0.128,0.848,0.099,g
2460352.69566,2024-02-12.1961942,bG,1.46,17.152,17.009,0.192,0.571,0.100,g
2460353.69266,2024-02-13.1931840,bG,1.43,17.087,>17.087,99.990,0.417,0.106,g
2460353.69393,2024-02-13.1944603,bG,1.45,17.152,16.697,0.144,0.761,0.100,g
2460353.69521,2024-02-13.1957295,bG,1.43,17.124,16.671,0.144,0.779,0.103,g
2460354.68820,2024-02-14.1887152,bG,1.41,17.041,>17.041,99.990,0.509,0.111,g
2460354.68948,2024-02-14.1899950,bG,1.41,17.173,17.141,0.213,0.506,0.098,g
2460354.69074,2024-02-14.1912619,bG,1.42,17.136,17.061,0.205,0.544,0.102,g
2460355.68350,2024-02-15.1840027,bG,1.43,17.121,>17.121,99.990,0.405,0.103,g
2460355.68477,2024-02-15.1852762,bG,1.47,17.064,16.760,0.166,0.718,0.109,g
2460355.68604,2024-02-15.1865403,bG,1.45,17.099,>17.099,99.990,0.395,0.105,g
2460357.35687,2024-02-16.8573518,bo,1.46,16.621,>16.621,99.990,0.534,0.163,g
2460357.35811,2024-02-16.8585913,bo,1.44,16.649,>16.649,99.990,0.366,0.159,g
2460357.35934,2024-02-16.8598236,bo,1.44,16.670,>16.670,99.990,0.367,0.156,g
2460358.70119,2024-02-18.2016574,bk,1.43,17.096,>17.096,99.990,0.473,0.105,g
2460358.70242,2024-02-18.2028861,bk,1.46,17.069,>17.069,99.990,0.520,0.108,g
2460358.70365,2024-02-18.2041128,bk,1.43,17.013,16.940,0.205,0.608,0.114,g
2460360.33323,2024-02-19.8336714,bo,1.42,15.964,>15.964,99.990,0.371,0.299,g
2460360.33446,2024-02-19.8349040,bo,1.47,15.836,>15.836,99.990,0.008,0.336,g
2460360.33570,2024-02-19.8361436,bo,1.44,15.985,>15.985,99.990,-1.343,0.293,g
2460362.36976,2024-02-21.8701805,bo,1.51,15.767,>15.767,99.990,0.935,0.358,g
2460362.37102,2024-02-21.8714318,bo,1.44,15.796,>15.796,99.990,-0.208,0.349,g
2460362.37226,2024-02-21.8726782,bo,1.45,15.793,>15.793,99.990,0.208,0.350,g
2460363.61192,2024-02-23.1123313,bk,1.57,15.837,>15.837,99.990,0.420,0.336,g
2460364.37494,2024-02-23.8753332,bo,1.46,15.381,>15.381,99.990,-4.120,0.512,g
2460364.37625,2024-02-23.8766407,bo,1.5,15.247,>15.247,99.990,-3.763,0.578,g
2460364.37750,2024-02-23.8778886,bo,1.52,15.187,>15.187,99.990,1.410,0.611,g
2460365.36935,2024-02-24.8697307,bo,1.55,14.855,>14.855,99.990,2.813,0.830,g
2460365.37058,2024-02-24.8709584,bo,1.49,14.602,>14.602,99.990,-2.241,1.048,g
2460365.37182,2024-02-24.8722023,bo,1.59,14.977,>14.977,99.990,-2.378,0.742,g
2460365.59283,2024-02-25.0932075,bk,1.49,15.710,>15.710,99.990,0.578,0.378,g
2460365.59405,2024-02-25.0944285,bk,1.45,15.617,>15.617,99.990,-1.301,0.411,g
2460365.59528,2024-02-25.0956559,bk,1.55,15.643,>15.643,99.990,0.811,0.402,g
2460365.66193,2024-02-25.1623054,bG,1.53,15.158,>15.158,99.990,0.515,0.628,g
2460365.66320,2024-02-25.1635805,bG,1.45,15.159,>15.159,99.990,-0.301,0.628,g
2460365.66450,2024-02-25.1648717,bG,1.58,15.366,>15.366,99.990,-0.197,0.518,g
2460366.64753,2024-02-26.1478947,bk,1.5,15.902,>15.902,99.990,0.762,0.317,g
2460366.64877,2024-02-26.1491353,bk,1.5,16.043,>16.043,99.990,0.035,0.278,g
2460366.65001,2024-02-26.1503678,bk,1.46,15.847,>15.847,99.990,0.344,0.333,g
2460369.37635,2024-02-28.8766746,bo,1.47,15.942,>15.942,99.990,-3.844,0.306,g
2460369.37760,2024-02-28.8779269,bo,1.49,15.205,>15.205,99.990,1.378,0.601,g
2460369.37883,2024-02-28.8791609,bo,1.47,15.572,>15.572,99.990,-2.561,0.429,g
2460369.64136,2024-02-29.141675,bG,1.43,16.561,>16.561,99.990,0.698,0.172,g
2460369.64264,2024-02-29.1429510,bG,1.42,16.479,>16.479,99.990,0.583,0.186,g
2460369.64392,2024-02-29.1442378,bG,1.44,16.548,>16.548,99.990,0.474,0.175,g
2460370.36024,2024-02-29.8605520,bo,1.51,15.494,>15.494,99.990,-0.575,0.461,g
2460370.36154,2024-02-29.8618501,bo,1.44,15.637,>15.637,99.990,-1.222,0.404,g
2460370.36282,2024-02-29.8631390,bo,1.48,15.505,>15.505,99.990,-0.898,0.456,g
2460370.64066,2024-03-01.1409708,bG,1.41,16.709,16.420,0.168,0.982,0.150,g
2460370.64193,2024-03-01.1422339,bG,1.4,16.748,>16.748,99.990,0.574,0.145,g
2460370.64319,2024-03-01.1434968,bG,1.46,16.788,>16.788,99.990,0.410,0.140,g
2460371.38866,2024-03-01.8889563,bo,1.47,15.708,>15.708,99.990,0.818,0.378,g
2460371.38989,2024-03-01.8901827,bo,1.41,15.946,>15.946,99.990,1.065,0.304,g
2460371.39112,2024-03-01.8914093,bo,1.44,15.903,>15.903,99.990,-1.067,0.316,g
2460371.63594,2024-03-02.1362401,bG,1.45,16.863,16.751,0.198,0.724,0.131,g
2460371.63722,2024-03-02.1375184,bG,1.41,16.817,>16.817,99.990,0.555,0.136,g
2460371.63861,2024-03-02.1389091,bG,1.43,16.704,>16.704,99.990,0.544,0.151,g
2460372.37031,2024-03-02.8705918,bo,1.53,16.547,>16.547,99.990,-0.163,0.175,g
2460372.37154,2024-03-02.8718270,bo,1.52,16.529,>16.529,99.990,0.481,0.178,g
2460372.37278,2024-03-02.8730612,bo,1.51,16.510,>16.510,99.990,0.619,0.181,g
2460372.63489,2024-03-03.1351662,bG,1.44,16.988,>16.988,99.990,0.539,0.116,g
2460372.63617,2024-03-03.1364496,bG,1.42,16.999,16.952,0.210,0.601,0.115,g
2460372.63745,2024-03-03.1377281,bG,1.42,17.125,>17.125,99.990,0.469,0.103,g
2460373.64095,2024-03-04.1412194,bG,1.43,17.181,>17.181,99.990,0.319,0.097,g
2460373.64225,2024-03-04.1425107,bG,1.43,17.129,>17.129,99.990,0.328,0.102,g
2460373.64350,2024-03-04.1437689,bG,1.41,17.013,>17.013,99.990,0.389,0.114,g
2460374.62958,2024-03-05.1298320,bG,1.41,17.172,>17.172,99.990,0.316,0.098,g
2460374.63085,2024-03-05.1311020,bG,1.41,17.121,17.047,0.205,0.551,0.103,g
2460374.63212,2024-03-05.1323695,bG,1.46,17.096,17.048,0.209,0.551,0.105,g
2460375.36011,2024-03-05.8603546,bo,1.43,16.709,16.592,0.197,0.838,0.151,g
2460375.36135,2024-03-05.8616,bo,1.44,16.747,>16.747,99.990,-0.095,0.145,g
2460375.36258,2024-03-05.8628254,bo,1.49,16.890,>16.890,99.990,-0.029,0.127,g
2460375.62543,2024-03-06.1256684,bG,1.43,17.031,16.788,0.175,0.700,0.112,g
2460375.62670,2024-03-06.1269443,bG,1.43,17.021,16.777,0.175,0.707,0.113,g
2460375.62798,2024-03-06.1282156,bG,1.44,17.036,16.924,0.198,0.617,0.111,g
2460376.37704,2024-03-06.8772736,bo,1.43,16.744,16.590,0.190,0.840,0.146,g
2460376.37827,2024-03-06.8785003,bo,1.46,16.797,>16.797,99.990,-0.178,0.139,g
2460376.37949,2024-03-06.8797199,bo,1.43,16.734,>16.734,99.990,0.100,0.147,g
2460378.35764,2024-03-08.8578375,bo,1.46,16.733,>16.733,99.990,0.689,0.147,g
2460378.35887,2024-03-08.8590667,bo,1.45,16.723,>16.723,99.990,0.314,0.149,g
2460378.36010,2024-03-08.8603033,bo,1.44,16.757,>16.757,99.990,0.194,0.144,g
2460379.34005,2024-03-09.8402355,bo,1.42,16.660,16.435,0.178,0.968,0.157,g
2460379.34127,2024-03-09.8414526,bo,1.4,16.720,>16.720,99.990,0.284,0.149,g
2460379.34249,2024-03-09.8426700,bo,1.44,16.674,16.211,0.143,1.191,0.155,g
2460380.34013,2024-03-10.8402957,bo,1.47,16.807,>16.807,99.990,0.038,0.138,g
2460380.34135,2024-03-10.8415116,bo,1.48,16.702,>16.702,99.990,0.466,0.151,g
2460380.34256,2024-03-10.8427359,bo,1.47,16.750,>16.750,99.990,0.304,0.145,g
2460381.33492,2024-03-11.8350790,bo,1.45,16.785,16.610,0.187,0.824,0.140,g
2460381.33616,2024-03-11.8363101,bo,1.48,16.771,>16.771,99.990,0.157,0.142,g
2460381.33739,2024-03-11.8375414,bo,1.43,16.951,>16.951,99.990,0.016,0.120,g
2460383.34048,2024-03-13.8406017,bo,1.5,16.689,>16.689,99.990,0.468,0.153,g
2460383.34171,2024-03-13.8418341,bo,1.43,16.613,>16.613,99.990,0.242,0.164,g
2460383.34295,2024-03-13.8430783,bo,1.48,16.729,>16.729,99.990,0.480,0.148,g
2460384.33693,2024-03-14.8370373,bo,1.47,16.636,>16.636,99.990,0.177,0.161,g
2460384.33815,2024-03-14.8382664,bo,1.45,16.655,16.514,0.193,0.900,0.158,g
2460384.33939,2024-03-14.8395065,bo,1.44,16.682,>16.682,99.990,-0.227,0.154,g
2460384.66078,2024-03-15.1608829,bH,1.39,99.990,99.990,99.990,99.990,99.990,g
2460384.66202,2024-03-15.1621263,bH,1.42,99.990,99.990,99.990,99.990,99.990,g
2460384.66327,2024-03-15.1633781,bH,1.38,99.990,99.990,99.990,99.990,99.990,g
2460385.34833,2024-03-15.8484289,bo,2.02,16.786,>16.786,99.990,0.438,0.140,g
2460385.34957,2024-03-15.8496696,bo,1.99,16.938,>16.938,99.990,0.418,0.122,g
2460386.33190,2024-03-16.8319833,bo,1.46,16.212,>16.212,99.990,-0.371,0.238,g
2460386.33315,2024-03-16.8332324,bo,1.5,16.437,>16.437,99.990,0.149,0.193,g
2460386.33438,2024-03-16.8344577,bo,1.52,16.179,16.121,0.208,1.293,0.245,g
2460386.60661,2024-03-17.1066885,bG,1.46,16.667,>16.667,99.990,0.659,0.157,g
2460386.60785,2024-03-17.1079275,bG,1.46,16.786,16.706,0.204,0.755,0.140,g
2460386.60910,2024-03-17.1091738,bG,1.45,16.634,>16.634,99.990,0.699,0.161,g
2460388.58418,2024-03-19.0842270,bG,1.45,16.609,>16.609,99.990,0.594,0.165,g
2460388.58543,2024-03-19.0854755,bG,1.43,16.395,>16.395,99.990,0.477,0.201,g
2460388.58668,2024-03-19.0867261,bG,1.47,16.410,>16.410,99.990,0.640,0.198,g
2460389.24121,2024-03-19.7412461,bo,2.18,14.361,>14.361,99.990,-4.273,1.309,g
2460389.58379,2024-03-20.0838171,bG,1.46,16.160,>16.160,99.990,0.824,0.250,g
2460389.58504,2024-03-20.0850622,bG,1.46,16.164,>16.164,99.990,0.347,0.249,g
2460389.58628,2024-03-20.0863148,bG,1.41,16.283,>16.283,99.990,0.417,0.223,g
2460390.59552,2024-03-21.0955464,bG,1.49,16.219,>16.219,99.990,0.344,0.236,g
2460390.59677,2024-03-21.0967920,bG,1.45,16.164,>16.164,99.990,0.279,0.249,g
2460390.59801,2024-03-21.0980318,bG,1.42,16.215,>16.215,99.990,0.881,0.237,g
2460391.31943,2024-03-21.8194372,bo,1.54,14.607,>14.607,99.990,-3.193,1.043,g
2460391.32067,2024-03-21.8206778,bo,1.47,15.333,>15.333,99.990,1.892,0.535,g
2460391.32192,2024-03-21.8219224,bo,1.45,15.529,>15.529,99.990,-4.919,0.447,g
2460392.57315,2024-03-23.0731425,bG,1.52,15.960,>15.960,99.990,0.875,0.300,g
2460392.57440,2024-03-23.0743834,bG,1.49,16.007,>16.007,99.990,1.130,0.287,g
2460392.57564,2024-03-23.0756255,bG,1.44,16.050,>16.050,99.990,1.002,0.276,g
2460393.56841,2024-03-24.0683938,bG,1.51,16.028,>16.028,99.990,0.417,0.282,g
2460393.56967,2024-03-24.0696348,bG,1.49,15.964,>15.964,99.990,0.855,0.299,g
2460393.57091,2024-03-24.0708760,bG,1.45,15.928,>15.928,99.990,0.314,0.309,g
2460394.31162,2024-03-24.8115872,bo,1.55,14.975,>14.975,99.990,-14.568,0.776,g
2460394.31287,2024-03-24.8128315,bo,1.61,15.256,>15.256,99.990,0.843,0.574,g
2460394.31410,2024-03-24.8140628,bo,1.67,15.507,>15.507,99.990,0.886,0.455,g
2460394.56763,2024-03-25.0675810,bG,2.07,15.835,>15.835,99.990,1.346,0.337,g
2460394.56886,2024-03-25.0688107,bG,1.93,15.769,>15.769,99.990,0.918,0.358,g
2460394.57010,2024-03-25.0700592,bG,1.94,15.708,>15.708,99.990,1.049,0.378,g
2460395.56276,2024-03-26.0627049,bG,1.45,15.946,>15.946,99.990,0.366,0.304,g
2460395.56401,2024-03-26.0639550,bG,1.56,15.946,>15.946,99.990,0.501,0.304,g
2460395.56525,2024-03-26.0651974,bG,1.5,15.841,>15.841,99.990,-0.240,0.335,g
2460396.30356,2024-03-26.8034950,bo,1.52,15.577,>15.577,99.990,-8.543,0.433,g
2460396.30479,2024-03-26.8047271,bo,1.53,15.260,15.145,0.198,3.177,0.572,g
2460396.30603,2024-03-26.8059653,bo,1.6,15.328,>15.328,99.990,-8.000,0.542,g
2460396.56186,2024-03-27.0617856,bG,1.47,16.142,>16.142,99.990,0.980,0.254,g
2460396.56311,2024-03-27.0630384,bG,1.5,15.997,>15.997,99.990,0.157,0.290,g
2460396.56435,2024-03-27.0642805,bG,1.53,16.068,>16.068,99.990,0.417,0.271,g
2460397.55742,2024-03-28.0573359,bG,1.44,16.137,>16.137,99.990,0.576,0.255,g
2460397.55866,2024-03-28.0585714,bG,1.44,16.290,>16.290,99.990,1.002,0.222,g
2460397.55989,2024-03-28.0598,bG,1.48,16.222,>16.222,99.990,0.665,0.236,g
2460398.29810,2024-03-28.7980021,bo,1.50,15.051,14.493,0.131,5.791,0.694,g
2460398.29933,2024-03-28.7992326,bo,1.46,15.982,>15.982,99.990,-3.525,0.295,g
2460398.30056,2024-03-28.8004646,bo,1.51,15.270,>15.270,99.990,-2.657,0.567,g
2460399.29755,2024-03-29.7974445,bo,1.46,15.848,>15.848,99.990,1.265,0.333,g
2460399.29878,2024-03-29.7986700,bo,1.47,15.759,>15.759,99.990,-1.845,0.361,g
2460399.30001,2024-03-29.7999,bo,1.5,15.458,>15.458,99.990,-1.345,0.477,g
2460399.55215,2024-03-30.0520336,bG,1.4,16.753,>16.753,99.990,0.691,0.145,g
2460399.55339,2024-03-30.0532751,bG,1.42,16.665,16.560,0.199,0.863,0.157,g
2460399.55464,2024-03-30.0545247,bG,1.42,16.687,>16.687,99.990,0.747,0.154,g
2460400.31035,2024-03-30.8102246,bo,1.42,16.560,>16.560,99.990,0.778,0.173,g
2460400.31158,2024-03-30.8114535,bo,1.45,16.495,>16.495,99.990,-0.174,0.183,g
2460400.31282,2024-03-30.8126910,bo,1.42,16.506,>16.506,99.990,-0.180,0.181,g
2460400.55122,2024-03-31.0510890,bG,1.49,16.835,>16.835,99.990,0.661,0.134,g
2460400.55248,2024-03-31.0523538,bG,1.44,16.902,>16.902,99.990,0.549,0.126,g
2460400.55374,2024-03-31.0536150,bG,1.43,16.914,>16.914,99.990,0.316,0.125,g
2460401.54673,2024-04-01.0465881,bG,1.41,16.764,16.628,0.193,0.810,0.143,g
2460401.54797,2024-04-01.0478306,bG,1.44,16.922,>16.922,99.990,0.398,0.124,g
2460401.54921,2024-04-01.0490753,bG,1.41,16.829,>16.829,99.990,0.504,0.135,g
2460402.28906,2024-04-01.7889008,bo,1.52,16.678,16.677,0.219,0.775,0.155,g
2460402.29027,2024-04-01.7901180,bo,1.49,16.554,>16.554,99.990,0.496,0.174,g
2460402.29151,2024-04-01.7913597,bo,1.51,16.654,>16.654,99.990,-0.038,0.158,g
2460402.54572,2024-04-02.0455694,bG,1.48,16.793,>16.793,99.990,0.436,0.139,g
2460402.54696,2024-04-02.0468081,bG,1.44,16.895,16.864,0.213,0.652,0.127,g
2460402.54819,2024-04-02.0480377,bG,1.42,16.933,>16.933,99.990,0.369,0.122,g
2460403.30388,2024-04-02.8037122,bo,1.43,16.651,>16.651,99.990,0.516,0.159,g
2460403.30511,2024-04-02.8049402,bo,1.43,16.698,>16.698,99.990,0.303,0.152,g
2460403.30634,2024-04-02.8061690,bo,1.46,16.801,>16.801,99.990,-0.094,0.138,g
2460403.54133,2024-04-03.0411559,bG,1.43,16.899,16.793,0.199,0.697,0.126,g
2460403.54258,2024-04-03.0424101,bG,1.43,16.859,>16.859,99.990,0.473,0.131,g
2460403.54382,2024-04-03.0436457,bG,1.42,16.745,>16.745,99.990,0.641,0.146,g
2460404.28168,2024-04-03.7815016,bo,1.44,16.879,16.756,0.196,0.720,0.129,g
2460404.28291,2024-04-03.7827328,bo,1.45,16.800,>16.800,99.990,0.360,0.138,g
2460404.28413,2024-04-03.7839501,bo,1.43,16.791,>16.791,99.990,0.661,0.140,g
2460404.54046,2024-04-04.0402628,bG,1.47,16.970,>16.970,99.990,0.543,0.118,g
2460404.54170,2024-04-04.0415041,bG,1.43,16.830,>16.830,99.990,0.505,0.135,g
2460404.54293,2024-04-04.0427386,bG,1.45,16.866,>16.866,99.990,0.644,0.130,g
2460405.28147,2024-04-04.7812734,bo,1.44,16.662,>16.662,99.990,0.314,0.157,g
2460405.28272,2024-04-04.7825172,bo,1.42,16.746,16.730,0.216,0.737,0.145,g
2460405.28394,2024-04-04.7837473,bo,1.43,16.812,16.603,0.181,0.830,0.137,g
2460405.53581,2024-04-05.0355998,bG,1.41,16.979,>16.979,99.990,0.465,0.117,g
2460405.53705,2024-04-05.0368403,bG,1.4,16.891,>16.891,99.990,0.377,0.127,g
2460405.53829,2024-04-05.0380769,bG,1.41,16.965,16.823,0.192,0.677,0.119,g
2460406.53487,2024-04-06.0346432,bG,1.51,16.935,>16.935,99.990,0.532,0.122,g
2460406.53611,2024-04-06.0358857,bG,1.47,16.816,>16.816,99.990,0.572,0.136,g
2460406.53735,2024-04-06.0371274,bG,1.54,16.920,16.735,0.185,0.734,0.124,g
2460409.52508,2024-04-09.0248108,bG,1.39,16.756,>16.756,99.990,0.469,0.144,g
2460409.52633,2024-04-09.0260615,bG,1.41,16.911,16.670,0.176,0.780,0.125,g
2460409.52757,2024-04-09.0273047,bG,1.42,16.903,>16.903,99.990,0.558,0.126,g
2460410.52433,2024-04-10.0240559,bG,1.45,16.864,>16.864,99.990,0.436,0.130,g
2460410.52557,2024-04-10.0252979,bG,1.42,16.843,16.771,0.205,0.710,0.133,g
2460410.52680,2024-04-10.0265335,bG,1.41,16.884,>16.884,99.990,0.447,0.128,g
2460411.51827,2024-04-11.0179795,bG,1.68,16.859,>16.859,99.990,0.643,0.131,g
2460411.51950,2024-04-11.0192067,bG,1.63,16.780,16.604,0.186,0.829,0.141,g
2460411.52074,2024-04-11.0204502,bG,1.61,16.798,16.542,0.173,0.877,0.139,g
2460412.24917,2024-04-11.7488760,bo,1.49,16.638,15.694,0.092,1.917,0.161,g
2460412.25042,2024-04-11.7501230,bo,1.49,16.768,>16.768,99.990,0.611,0.142,g
2460412.25165,2024-04-11.7513541,bo,1.48,16.748,>16.748,99.990,0.652,0.145,g
2460412.51936,2024-04-12.0190616,bG,1.41,16.866,16.564,0.166,0.860,0.130,g
2460412.52060,2024-04-12.0203064,bG,1.41,16.886,16.792,0.201,0.697,0.128,g
2460412.52186,2024-04-12.0215481,bG,1.42,16.965,>16.965,99.990,0.266,0.119,g
2460413.54409,2024-04-13.0437678,bG,1.56,15.578,>15.578,99.990,0.694,0.426,g
2460413.54533,2024-04-13.0450053,bG,1.60,16.626,>16.626,99.990,0.531,0.162,g
2460416.50663,2024-04-16.0062722,bG,1.51,16.725,>16.725,99.990,0.721,0.148,g
2460416.50787,2024-04-16.0075140,bG,1.5,16.637,>16.637,99.990,0.557,0.161,g
2460416.50912,2024-04-16.0087612,bG,1.54,16.705,>16.705,99.990,0.677,0.151,g
2460417.52172,2024-04-17.0213473,bG,1.44,16.496,>16.496,99.990,0.561,0.183,g
2460417.52296,2024-04-17.0225935,bG,1.42,16.686,16.368,0.164,1.030,0.154,g
2460417.52421,2024-04-17.0238410,bG,1.45,16.542,>16.542,99.990,0.421,0.175,g
2460418.24060,2024-04-17.7402178,bo,1.5,16.185,>16.185,99.990,-0.184,0.244,g
2460418.24184,2024-04-17.7414615,bo,1.53,16.169,>16.169,99.990,0.523,0.247,g
2460418.24307,2024-04-17.7426869,bo,1.54,16.116,>16.116,99.990,0.283,0.260,g
2460418.49594,2024-04-17.9955542,bG,1.81,16.392,>16.392,99.990,0.710,0.202,g
2460418.49718,2024-04-17.9967908,bG,1.80,16.420,>16.420,99.990,0.343,0.196,g
2460418.49842,2024-04-17.9980371,bG,2.02,16.498,>16.498,99.990,0.328,0.183,g
2460419.23983,2024-04-18.7394302,bo,1.62,16.011,>16.011,99.990,0.895,0.286,g
2460419.24107,2024-04-18.7406681,bo,1.65,16.047,>16.047,99.990,0.866,0.277,g
2460419.24230,2024-04-18.7418971,bo,1.54,16.052,>16.052,99.990,1.088,0.276,g
2460419.49528,2024-04-18.9948824,bG,1.69,16.381,>16.381,99.990,-0.098,0.204,g
2460419.49652,2024-04-18.9961259,bG,1.73,16.357,>16.357,99.990,1.013,0.208,g
2460419.49777,2024-04-18.9973741,bG,1.74,16.419,>16.419,99.990,0.520,0.197,g
2460420.23927,2024-04-19.7388625,bo,1.62,15.945,>15.945,99.990,0.641,0.304,g
2460420.24049,2024-04-19.7400903,bo,1.62,15.966,15.770,0.183,1.788,0.298,g
2460420.24173,2024-04-19.7413263,bo,1.65,15.978,>15.978,99.990,-0.485,0.295,g
2460420.51287,2024-04-20.0124539,bG,1.47,16.153,>16.153,99.990,0.616,0.251,g
2460420.51412,2024-04-20.0137087,bG,1.52,16.374,>16.374,99.990,0.415,0.205,g
2460420.51536,2024-04-20.0149534,bG,1.5,16.370,>16.370,99.990,0.351,0.206,g
2460421.26548,2024-04-20.7650606,bo,1.66,15.752,>15.752,99.990,0.633,0.363,g
2460421.26673,2024-04-20.7663171,bo,1.6,15.678,>15.678,99.990,1.059,0.389,g
2460421.26799,2024-04-20.7675607,bo,1.59,15.712,>15.712,99.990,1.352,0.377,g
2460422.48576,2024-04-21.9853297,bG,1.55,14.654,>14.654,99.990,0.651,0.999,g
2460422.48701,2024-04-21.9865732,bG,1.53,14.892,>14.892,99.990,-0.428,0.802,g
2460422.48826,2024-04-21.9878237,bG,1.53,14.851,>14.851,99.990,0.173,0.833,g
2460423.50214,2024-04-23.0016898,bG,1.47,16.027,>16.027,99.990,0.632,0.282,g
2460423.50338,2024-04-23.0029311,bG,1.44,15.921,>15.921,99.990,0.558,0.311,g
2460423.50462,2024-04-23.0041643,bG,1.45,15.839,>15.839,99.990,0.778,0.335,g
2460424.22885,2024-04-23.7283953,bo,1.41,15.378,>15.378,99.990,0.043,0.513,g
2460424.23009,2024-04-23.7296315,bo,1.43,15.447,>15.447,99.990,0.595,0.481,g
2460424.23133,2024-04-23.7308767,bo,1.45,15.271,>15.271,99.990,-1.069,0.566,g
2460425.22458,2024-04-24.7241135,bo,1.68,15.672,>15.672,99.990,1.107,0.391,g
2460425.22582,2024-04-24.7253517,bo,1.67,15.926,>15.926,99.990,0.540,0.310,g
2460425.22706,2024-04-24.7265982,bo,1.64,15.731,>15.731,99.990,1.093,0.370,g
2460427.53534,2024-04-27.0348428,bG,1.43,14.862,>14.862,99.990,0.378,0.824,g
2460428.50095,2024-04-28.0004424,bk,1.39,17.113,>17.113,99.990,0.297,0.104,g
2460428.50218,2024-04-28.0016725,bk,1.41,17.067,16.995,0.205,0.578,0.108,g
2460428.50342,2024-04-28.0029144,bk,1.44,16.790,16.608,0.185,0.826,0.140,g
2460432.26550,2024-05-01.7649468,bo,1.98,16.677,>16.677,99.990,0.602,0.155,g
2460432.26679,2024-05-01.7662302,bo,1.97,16.631,>16.631,99.990,0.118,0.162,g
2460432.26803,2024-05-01.7674743,bo,1.96,16.623,>16.623,99.990,0.320,0.163,g
2460436.25004,2024-05-05.7494359,bo,1.71,16.551,>16.551,99.990,0.847,0.174,g
2460436.25130,2024-05-05.7507015,bo,1.66,16.649,>16.649,99.990,0.445,0.159,g
2460436.25287,2024-05-05.7522611,bo,1.7,16.637,>16.637,99.990,0.501,0.161,g
2460437.46973,2024-05-06.9691122,bk,1.47,17.104,17.010,0.201,0.570,0.105,g
2460437.47095,2024-05-06.9703408,bk,1.44,17.085,16.828,0.173,0.675,0.106,g
2460437.47218,2024-05-06.9715723,bk,1.45,17.081,>17.081,99.990,0.511,0.107,g
2460440.23210,2024-05-09.7314593,bo,1.47,16.911,>16.911,99.990,0.549,0.125,g
2460440.23331,2024-05-09.7326777,bo,1.49,16.970,>16.970,99.990,0.433,0.118,g
2460440.23454,2024-05-09.7338998,bo,1.49,16.877,16.674,0.182,0.777,0.129,g
2460441.48568,2024-05-10.9850357,bG,1.46,16.540,>16.540,99.990,0.761,0.176,g
2460441.48692,2024-05-10.9862704,bG,1.47,16.443,>16.443,99.990,0.378,0.192,g
2460441.48815,2024-05-10.9874997,bG,1.44,16.699,>16.699,99.990,0.607,0.152,g
2460443.21082,2024-05-12.7101476,bo,1.69,16.685,>16.685,99.990,0.398,0.154,g
2460443.21207,2024-05-12.7113965,bo,1.65,16.756,>16.756,99.990,0.383,0.144,g
2460443.21330,2024-05-12.7126278,bo,1.58,16.696,16.326,0.156,1.070,0.152,g
2460448.23085,2024-05-17.7301321,bo,1.67,15.721,>15.721,99.990,0.069,0.374,g
2460448.23209,2024-05-17.7313707,bo,1.67,15.760,>15.760,99.990,0.020,0.361,g
2460449.21748,2024-05-18.7167600,bo,1.5,16.143,>16.143,99.990,0.210,0.253,g
2460449.21893,2024-05-18.7182107,bo,1.51,16.062,>16.062,99.990,0.303,0.273,g
2460449.22031,2024-05-18.7195908,bo,1.52,16.032,>16.032,99.990,0.335,0.281,g
2460450.46752,2024-05-19.9667932,bG,1.89,16.160,>16.160,99.990,0.747,0.249,g
2460450.46878,2024-05-19.9680437,bG,1.66,16.170,>16.170,99.990,1.062,0.247,g
2460450.47002,2024-05-19.9692832,bG,1.69,16.217,>16.217,99.990,0.505,0.237,g
2460454.45965,2024-05-23.9588824,bG,1.72,15.760,>15.760,99.990,1.240,0.361,g
2460454.46089,2024-05-23.9601230,bG,1.7,15.845,>15.845,99.990,0.860,0.333,g
2460456.45211,2024-05-25.9513416,bG,1.48,13.876,>13.876,99.990,4.184,2.045,g
2460456.45338,2024-05-25.9525949,bG,1.50,14.114,>14.114,99.990,-0.547,1.642,g
2460456.45462,2024-05-25.9538370,bG,1.51,13.978,>13.978,99.990,-2.028,1.862,g
2460457.45191,2024-05-26.9511167,bG,2.04,16.215,>16.215,99.990,0.161,0.237,g
2460457.45315,2024-05-26.9523589,bG,2.02,16.310,>16.310,99.990,-0.027,0.217,g
2460458.44797,2024-05-27.9471896,bG,2.03,15.723,15.532,0.184,2.224,0.373,g
2460458.44922,2024-05-27.9484297,bG,2.04,15.919,>15.919,99.990,-0.352,0.312,g
2460458.45046,2024-05-27.9496704,bG,2.04,15.983,>15.983,99.990,0.744,0.294,g
2460499.94815,2024-07-08.4473120,bG,1.38,15.798,>15.798,99.990,0.912,0.348,g
2460499.94941,2024-07-08.4485679,bG,1.51,15.686,>15.686,99.990,0.387,0.386,g
2460500.94486,2024-07-09.4440148,bG,1.47,16.187,>16.187,99.990,0.583,0.243,g
2460500.94611,2024-07-09.4452655,bG,1.48,16.019,>16.019,99.990,0.720,0.284,g
2460500.94735,2024-07-09.4465093,bG,1.49,15.888,>15.888,99.990,0.479,0.320,g
2460503.93425,2024-07-12.4334204,bG,1.54,16.643,>16.643,99.990,0.725,0.160,g
2460503.93550,2024-07-12.4346711,bG,1.55,16.654,>16.654,99.990,0.474,0.158,g
2460503.93675,2024-07-12.4359221,bG,1.54,16.589,>16.589,99.990,0.712,0.168,g
2460506.92751,2024-07-15.4267071,bG,1.65,16.727,>16.727,99.990,0.365,0.148,g
2460506.92875,2024-07-15.4279432,bG,1.68,16.765,>16.765,99.990,0.588,0.143,g
2460506.92998,2024-07-15.4291739,bG,1.64,16.741,>16.741,99.990,0.463,0.146,g
2460508.92061,2024-07-17.4198113,bk,1.41,17.189,17.133,0.208,0.509,0.097,g
2460508.92185,2024-07-17.4210517,bk,1.47,17.292,16.874,0.149,0.646,0.088,g
2460508.92309,2024-07-17.4222944,bk,1.47,17.342,16.931,0.150,0.613,0.084,g
2460510.91749,2024-07-19.4167,bG,1.44,16.544,>16.544,99.990,0.418,0.175,g
2460510.91874,2024-07-19.4179498,bG,1.49,16.464,>16.464,99.990,0.546,0.189,g
2460510.91999,2024-07-19.4192093,bG,1.46,16.606,>16.606,99.990,0.442,0.165,g
2460524.66703,2024-08-02.1663518,bo,1.47,16.903,>16.903,99.990,0.554,0.126,g
2460524.66826,2024-08-02.1675783,bo,1.43,16.936,>16.936,99.990,0.568,0.122,g
2460524.66950,2024-08-02.1688189,bo,1.42,16.843,16.819,0.214,0.680,0.133,g
2460535.90139,2024-08-13.4008196,bk,1.52,17.174,>17.174,99.990,0.323,0.098,g
2460536.93690,2024-08-14.4363557,bk,1.66,15.341,>15.341,99.990,0.584,0.530,g
2460539.88885,2024-08-17.3883341,bG,1.58,99.990,99.990,99.990,99.990,99.990,g
2460539.89010,2024-08-17.3895901,bG,1.48,99.990,99.990,99.990,99.990,99.990,g
2460541.88972,2024-08-19.3892263,bk,2.08,15.353,>15.353,99.990,-0.821,0.525,g
2460541.89095,2024-08-19.3904550,bk,1.47,15.327,15.219,0.199,2.966,0.538,g
2460541.89218,2024-08-19.3916815,bk,1.55,15.334,>15.334,99.990,-1.107,0.534,g
2460545.58354,2024-08-23.0830952,bo,1.67,15.892,>15.892,99.990,0.476,0.319,g
2460545.58494,2024-08-23.0844879,bo,1.69,15.879,>15.879,99.990,0.545,0.323,g
2460545.58619,2024-08-23.0857446,bo,1.62,15.948,>15.948,99.990,0.313,0.303,g
2460546.83706,2024-08-24.3366212,bk,1.61,16.518,>16.518,99.990,0.517,0.179,g
2460546.83828,2024-08-24.3378454,bk,1.69,16.512,>16.512,99.990,0.853,0.180,g
2460546.83953,2024-08-24.3390929,bk,1.73,16.426,>16.426,99.990,0.345,0.195,g
2460547.87805,2024-08-25.3776317,bk,1.52,16.700,16.449,0.174,0.956,0.152,g
2460547.87930,2024-08-25.3788853,bk,1.51,16.666,>16.666,99.990,0.694,0.157,g
2460548.82485,2024-08-26.3244405,bk,1.48,16.739,16.379,0.157,1.019,0.146,g
2460548.82608,2024-08-26.3256766,bk,1.53,16.807,>16.807,99.990,0.683,0.137,g
2460548.82732,2024-08-26.3269160,bk,1.51,16.821,16.790,0.213,0.698,0.136,g
2460549.82866,2024-08-27.3282652,bG,1.5,16.698,>16.698,99.990,0.595,0.152,g
2460549.82989,2024-08-27.3294944,bG,1.51,16.629,>16.629,99.990,0.401,0.162,g
2460549.83116,2024-08-27.3307655,bG,1.54,16.740,>16.740,99.990,0.422,0.146,g
2460553.55393,2024-08-31.0535864,bo,1.72,16.845,>16.845,99.990,0.515,0.133,g
2460553.55531,2024-08-31.0549655,bo,1.73,16.790,>16.790,99.990,0.400,0.140,g
2460553.55660,2024-08-31.0562630,bo,1.74,16.785,>16.785,99.990,0.624,0.140,g
2460554.81014,2024-09-01.3098111,bG,1.56,16.679,>16.679,99.990,0.548,0.155,g
2460554.81139,2024-09-01.3110598,bG,1.56,16.755,>16.755,99.990,0.570,0.144,g
2460554.81263,2024-09-01.3123057,bG,1.63,16.887,>16.887,99.990,0.317,0.128,g
2460555.80266,2024-09-02.3023504,bG,1.42,16.797,>16.797,99.990,0.537,0.139,g
2460555.80392,2024-09-02.3036011,bG,1.51,16.692,16.446,0.175,0.958,0.153,g
2460555.80517,2024-09-02.3048564,bG,1.47,16.698,>16.698,99.990,0.217,0.152,g
2460556.87063,2024-09-03.3703358,bk,1.47,17.170,16.853,0.164,0.659,0.098,g
2460556.87187,2024-09-03.3715637,bk,1.46,17.093,16.954,0.193,0.601,0.106,g
2460556.87310,2024-09-03.3728009,bk,1.52,17.133,>17.133,99.990,0.377,0.102,g
2460558.78692,2024-09-05.2866542,bG,1.47,16.750,16.467,0.169,0.940,0.145,g
2460558.78817,2024-09-05.2878988,bG,1.48,16.829,>16.829,99.990,0.565,0.135,g
2460558.78941,2024-09-05.2891480,bG,1.41,16.756,16.467,0.168,0.941,0.144,g
2460560.82661,2024-09-07.3263729,bG,1.46,16.903,16.835,0.206,0.670,0.126,g
2460560.82787,2024-09-07.3276314,bG,1.44,16.866,>16.866,99.990,0.445,0.130,g
2460560.82913,2024-09-07.3288898,bG,1.45,16.741,>16.741,99.990,0.419,0.146,g
2460564.79021,2024-09-11.2900179,bG,1.44,16.606,>16.606,99.990,0.443,0.165,g
2460564.79144,2024-09-11.2912553,bG,1.47,16.602,>16.602,99.990,0.431,0.166,g
2460564.79270,2024-09-11.2925186,bG,1.46,16.598,>16.598,99.990,0.652,0.167,g
2460566.77358,2024-09-13.2734202,bG,1.46,16.423,>16.423,99.990,0.567,0.196,g
2460566.77486,2024-09-13.2747034,bG,1.45,16.431,>16.431,99.990,0.178,0.194,g
2460566.77612,2024-09-13.2759658,bG,1.46,16.353,>16.353,99.990,0.829,0.209,g
2460567.76506,2024-09-14.2649175,bG,1.64,16.282,>16.282,99.990,1.086,0.223,g
2460567.76630,2024-09-14.2661608,bG,1.62,16.213,>16.213,99.990,-0.423,0.238,g
2460568.78615,2024-09-15.2860275,bG,1.46,16.069,>16.069,99.990,0.563,0.271,g
2460568.78739,2024-09-15.2872662,bG,1.48,16.201,>16.201,99.990,0.912,0.240,g
2460568.78865,2024-09-15.2885214,bG,1.47,16.114,>16.114,99.990,0.598,0.260,g
2460568.91186,2024-09-15.4117356,bk,1.52,15.551,>15.551,99.990,1.170,0.437,g
2460569.77711,2024-09-16.2769887,bG,1.5,15.951,>15.951,99.990,0.494,0.302,g
2460569.77835,2024-09-16.2782378,bG,1.46,16.074,>16.074,99.990,0.469,0.270,g
2460569.77960,2024-09-16.2794821,bG,1.49,15.807,>15.807,99.990,0.276,0.345,g
2460572.85489,2024-09-19.3548212,bk,1.45,15.853,>15.853,99.990,-0.632,0.331,g
2460572.85612,2024-09-19.3560534,bk,1.46,15.631,>15.631,99.990,1.060,0.406,g
2460572.85735,2024-09-19.3572869,bk,1.47,15.679,15.647,0.213,2.001,0.389,g
2460577.75711,2024-09-24.2571107,bG,1.53,16.527,>16.527,99.990,0.657,0.178,g
2460577.75835,2024-09-24.2583549,bG,1.53,16.545,>16.545,99.990,0.828,0.175,g
2460577.75960,2024-09-24.2596055,bG,1.50,16.641,>16.641,99.990,0.633,0.160,g
2460578.72893,2024-09-25.2289414,bk,1.71,17.070,16.886,0.185,0.639,0.108,g
2460578.73015,2024-09-25.2301773,bk,1.67,17.040,16.973,0.206,0.590,0.111,g
2460578.73140,2024-09-25.2314271,bk,1.64,17.121,16.949,0.187,0.603,0.103,g
2460579.74294,2024-09-26.2429814,bG,1.43,16.694,16.511,0.185,0.902,0.153,g
2460579.74420,2024-09-26.2442423,bG,1.45,16.686,>16.686,99.990,0.513,0.154,g
2460579.74546,2024-09-26.2454949,bG,1.43,16.744,>16.744,99.990,0.471,0.146,g
2460580.59970,2024-09-27.0997515,bo,1.44,16.612,16.390,0.179,1.009,0.165,g
2460580.60095,2024-09-27.1009956,bo,1.43,16.662,>16.662,99.990,0.565,0.157,g
2460580.60219,2024-09-27.1022362,bo,1.42,16.605,>16.605,99.990,0.475,0.166,g
2460581.82595,2024-09-28.3260093,bk,1.48,17.105,16.952,0.190,0.602,0.105,g
2460581.82718,2024-09-28.3272429,bk,1.48,17.129,>17.129,99.990,0.489,0.102,g
2460581.82842,2024-09-28.3284893,bG,1.44,16.845,>16.845,99.990,0.475,0.133,g
2460581.82842,2024-09-28.3284826,bk,1.44,17.269,17.086,0.185,0.532,0.090,g
2460581.82968,2024-09-28.3297471,bG,1.46,16.872,>16.872,99.990,0.525,0.129,g
2460581.83095,2024-09-28.3310093,bG,1.44,16.961,>16.961,99.990,0.427,0.119,g
2460583.72278,2024-09-30.2228643,bG,1.44,16.774,>16.774,99.990,0.519,0.142,g
2460583.72404,2024-09-30.2241405,bG,1.45,16.858,16.819,0.212,0.680,0.131,g
2460583.72530,2024-09-30.2253918,bG,1.45,16.738,>16.738,99.990,0.573,0.147,g
2460584.78990,2024-10-01.2900119,bk,1.46,17.134,>17.134,99.990,0.412,0.102,g
2460584.79114,2024-10-01.2912491,bk,1.45,17.223,17.113,0.198,0.519,0.094,g
2460584.79237,2024-10-01.2924782,bk,1.41,17.056,16.875,0.185,0.646,0.109,g
2460585.84050,2024-10-02.3406223,bk,1.55,17.181,16.803,0.155,0.690,0.097,g
2460585.84173,2024-10-02.3418607,bk,1.51,17.281,17.176,0.199,0.489,0.089,g
2460585.84297,2024-10-02.3431020,bk,1.49,17.148,16.765,0.154,0.714,0.100,g
2460587.50126,2024-10-04.0014125,bo,1.44,16.805,>16.805,99.990,-0.092,0.138,g
2460587.50250,2024-10-04.0026461,bo,1.44,16.701,>16.701,99.990,0.071,0.152,g
2460587.50373,2024-10-04.0038811,bo,1.44,16.634,>16.634,99.990,0.407,0.161,g
2460592.45719,2024-10-08.9574081,bo,1.46,16.608,>16.608,99.990,0.484,0.165,g
2460592.45843,2024-10-08.9586528,bo,1.50,16.566,16.553,0.217,0.868,0.172,g
2460592.45967,2024-10-08.9598954,bo,1.49,16.399,>16.399,99.990,0.777,0.200,g
2460595.45162,2024-10-11.9518834,bo,1.47,16.067,>16.067,99.990,-0.355,0.272,g
2460596.44262,2024-10-12.9428969,bo,1.48,15.737,>15.737,99.990,1.069,0.368,g
2460599.43378,2024-10-15.9340937,bo,1.54,15.202,>15.202,99.990,2.934,0.603,g
2460599.43625,2024-10-15.9365703,bo,1.49,15.083,>15.083,99.990,2.327,0.673,g
2460599.46905,2024-10-15.9693730,bo,1.54,15.191,>15.191,99.990,1.591,0.609,g
2460599.47028,2024-10-15.9706017,bo,1.51,15.191,>15.191,99.990,-0.437,0.609,g
2460599.47154,2024-10-15.9718574,bo,1.60,15.182,>15.182,99.990,1.264,0.614,g
2460599.67571,2024-10-16.1760356,bG,1.49,15.601,>15.601,99.990,0.592,0.418,g
2460599.67699,2024-10-16.1773118,bG,1.56,15.734,>15.734,99.990,0.651,0.369,g
2460599.67825,2024-10-16.1785701,bG,1.58,15.783,>15.783,99.990,0.956,0.353,g
2460600.47094,2024-10-16.9712708,bo,1.67,15.103,>15.103,99.990,-5.161,0.661,g
2460600.71414,2024-10-17.2144747,bG,1.47,15.602,>15.602,99.990,0.851,0.417,g
2460600.71541,2024-10-17.2157391,bG,1.55,15.631,>15.631,99.990,0.398,0.406,g
2460600.71664,2024-10-17.2169766,bG,1.54,15.569,>15.569,99.990,0.102,0.430,g
2460601.79488,2024-10-18.2952344,bk,1.57,15.957,>15.957,99.990,0.600,0.301,g
2460601.79612,2024-10-18.2964718,bk,1.50,15.851,>15.851,99.990,-0.037,0.332,g
2460601.79735,2024-10-18.2977049,bk,1.45,15.802,>15.802,99.990,0.623,0.347,g
2460602.66443,2024-10-19.1647865,bG,1.47,15.781,>15.781,99.990,0.644,0.354,g
2460602.66567,2024-10-19.1660379,bG,1.49,15.966,>15.966,99.990,0.277,0.298,g
2460602.66694,2024-10-19.1673060,bG,1.43,15.969,>15.969,99.990,0.390,0.298,g
2460603.66498,2024-10-20.1653505,bG,1.43,16.201,>16.201,99.990,0.134,0.240,g
2460603.66623,2024-10-20.1666070,bG,1.43,16.085,>16.085,99.990,0.461,0.267,g
2460603.83052,2024-10-20.3309026,bG,1.49,16.179,>16.179,99.990,0.036,0.245,g
2460603.83304,2024-10-20.3334150,bG,1.48,16.110,16.098,0.217,1.320,0.261,g
2460604.87117,2024-10-21.3715650,bG,1.52,16.250,>16.250,99.990,0.639,0.230,g
2460604.87242,2024-10-21.3728131,bG,1.73,16.207,>16.207,99.990,0.495,0.239,g
2460606.41503,2024-10-22.9154496,bo,1.40,17.012,>17.012,99.990,0.386,0.114,g
2460606.41628,2024-10-22.9166935,bo,1.42,16.999,>16.999,99.990,0.488,0.115,g
2460606.41752,2024-10-22.9179396,bo,1.39,17.042,16.962,0.204,0.596,0.111,g
2460606.87103,2024-10-23.3714458,bk,1.74,16.332,>16.332,99.990,0.624,0.213,g
2460606.87226,2024-10-23.3726819,bk,1.73,16.369,16.091,0.170,1.330,0.206,g
2460606.87349,2024-10-23.3739039,bk,1.99,16.211,16.123,0.202,1.291,0.238,g
2460607.44291,2024-10-23.9433450,bo,1.41,16.860,16.793,0.206,0.697,0.131,g
2460607.44415,2024-10-23.9445770,bo,1.43,17.080,17.004,0.204,0.573,0.107,g
2460607.44539,2024-10-23.9458140,bo,1.43,17.019,>17.019,99.990,0.478,0.113,g
2460607.86779,2024-10-24.3682179,bk,1.48,16.682,16.302,0.155,1.094,0.154,g
2460607.86902,2024-10-24.3694538,bk,1.42,16.628,>16.628,99.990,0.557,0.162,g
2460607.87024,2024-10-24.3706729,bk,1.45,16.560,>16.560,99.990,0.542,0.173,g
2460608.66385,2024-10-25.1642969,bk,1.51,17.173,>17.173,99.990,0.458,0.098,g
2460608.66509,2024-10-25.1655265,bk,1.49,17.081,16.682,0.152,0.771,0.107,g
2460608.66633,2024-10-25.1667728,bk,1.55,17.159,>17.159,99.990,0.447,0.099,g
2460609.66459,2024-10-26.1650459,bG,1.41,16.922,16.608,0.164,0.825,0.124,g
2460609.66585,2024-10-26.1663108,bG,1.46,16.821,16.783,0.212,0.702,0.136,g
2460609.66711,2024-10-26.1675622,bG,1.45,16.721,16.449,0.171,0.956,0.149,g
2460610.65521,2024-10-27.1556732,bG,1.52,16.653,>16.653,99.990,0.661,0.159,g
2460610.65646,2024-10-27.1569258,bG,1.47,16.763,>16.763,99.990,0.559,0.143,g
2460610.65770,2024-10-27.1581693,bG,1.54,16.778,>16.778,99.990,0.659,0.141,g
2460611.66321,2024-10-28.1636891,bG,1.57,16.751,>16.751,99.990,0.604,0.145,g
2460611.66445,2024-10-28.1649291,bG,1.52,16.760,16.574,0.185,0.852,0.144,g
2460611.66573,2024-10-28.1662004,bG,1.53,16.927,16.873,0.209,0.646,0.123,g
2460611.79275,2024-10-28.2932366,bk,1.49,17.090,17.029,0.207,0.560,0.106,g
2460611.79399,2024-10-28.2944688,bk,1.45,17.198,17.101,0.200,0.524,0.096,g
2460611.79525,2024-10-28.2957233,bk,1.47,17.084,>17.084,99.990,0.426,0.107,g
2460612.65326,2024-10-29.1537491,bG,1.45,16.682,>16.682,99.990,0.698,0.154,g
2460612.65452,2024-10-29.1550101,bG,1.43,16.773,>16.773,99.990,0.448,0.142,g
2460612.65577,2024-10-29.1562567,bG,1.44,16.668,16.667,0.219,0.782,0.156,g
2460613.65370,2024-10-30.1542028,bG,1.47,16.766,>16.766,99.990,0.505,0.143,g
2460613.65620,2024-10-30.1567105,bG,1.45,16.705,16.598,0.199,0.833,0.151,g
2460614.73979,2024-10-31.2403069,bG,1.42,16.753,16.729,0.214,0.739,0.144,g
2460614.74104,2024-10-31.2415630,bG,1.47,16.804,16.784,0.215,0.702,0.138,g
2460614.74228,2024-10-31.2427996,bG,1.44,16.878,16.841,0.212,0.666,0.129,g
2460615.39600,2024-10-31.8965225,bo,1.46,16.856,>16.856,99.990,0.644,0.131,g
2460615.39726,2024-10-31.8977745,bo,1.44,17.091,>17.091,99.990,0.500,0.106,g
2460615.39849,2024-10-31.8990127,bo,1.49,17.015,>17.015,99.990,0.549,0.114,g
2460615.64128,2024-11-01.1418114,bk,1.53,17.180,16.947,0.177,0.604,0.098,g
2460615.64253,2024-11-01.1430533,bk,1.54,17.035,>17.035,99.990,0.470,0.111,g
2460615.64380,2024-11-01.1443184,bk,1.48,17.073,>17.073,99.990,0.466,0.108,g
2460618.45357,2024-11-03.9541312,bo,1.42,16.310,>16.310,99.990,0.232,0.217,g
2460618.45482,2024-11-03.9553725,bo,1.42,15.545,>15.545,99.990,1.175,0.440,g
2460618.45608,2024-11-03.9566460,bo,1.48,15.999,>15.999,99.990,0.421,0.289,g
2460618.64467,2024-11-04.1452347,bG,1.51,16.884,>16.884,99.990,0.432,0.128,g
2460618.64592,2024-11-04.1464804,bG,1.47,99.990,99.990,99.990,99.990,99.990,g
2460618.64717,2024-11-04.1477342,bG,1.46,99.990,99.990,99.990,99.990,99.990,g
2460621.48919,2024-11-06.9897887,bo,1.69,16.975,>16.975,99.990,0.459,0.118,g
2460621.49057,2024-11-06.9911618,bo,1.61,17.221,>17.221,99.990,0.389,0.094,g
2460621.49198,2024-11-06.9925747,bo,1.61,16.987,16.860,0.195,0.655,0.117,g
2460622.45793,2024-11-07.9585361,bo,1.59,16.833,16.691,0.192,0.765,0.134,g
2460622.45916,2024-11-07.9597625,bo,1.69,16.491,>16.491,99.990,-0.035,0.184,g
2460622.46040,2024-11-07.9610054,bo,1.69,16.307,>16.307,99.990,0.541,0.218,g
2460623.47877,2024-11-08.9793896,bo,1.65,16.891,>16.891,99.990,0.484,0.127,g
2460632.42497,2024-11-17.9256715,bo,1.55,16.016,>16.016,99.990,0.153,0.285,g
2460632.42622,2024-11-17.9269167,bo,1.63,15.978,>15.978,99.990,0.436,0.295,g
2460632.42744,2024-11-17.9281319,bo,1.64,15.981,>15.981,99.990,-0.701,0.294,g
2460643.59206,2024-11-29.0928421,bk,1.65,17.077,>17.077,99.990,0.183,0.107,g
2460643.59329,2024-11-29.0940730,bk,1.74,17.114,16.973,0.193,0.590,0.104,g
2460643.59455,2024-11-29.0953322,bk,1.69,17.145,16.962,0.185,0.596,0.101,g
2460645.57480,2024-12-01.0756013,bk,1.63,17.056,17.025,0.213,0.562,0.109,g
2460645.57603,2024-12-01.0768300,bk,1.72,17.217,16.822,0.152,0.678,0.094,g
2460645.57727,2024-12-01.0780704,bk,1.71,17.080,>17.080,99.990,0.493,0.107,g
2460650.53970,2024-12-06.0405219,bk,1.99,16.894,>16.894,99.990,0.482,0.127,g
2460650.54094,2024-12-06.0417577,bk,2.03,17.006,16.372,0.122,1.026,0.115,g
2460650.54217,2024-12-06.0429814,bk,2.03,16.975,16.765,0.181,0.715,0.118,g
2460652.45266,2024-12-07.9534924,bo,1.51,17.253,17.014,0.176,0.568,0.091,g
2460652.45391,2024-12-07.9547369,bo,1.52,17.064,>17.064,99.990,0.443,0.109,g
2460652.45515,2024-12-07.9559799,bo,1.48,17.182,17.029,0.190,0.560,0.097,g
2460653.46133,2024-12-08.9621667,bo,1.48,17.156,>17.156,99.990,0.472,0.100,g
2460653.46256,2024-12-08.9633863,bo,1.52,17.079,16.846,0.177,0.663,0.107,g
2460653.46380,2024-12-08.9646280,bo,1.49,17.198,>17.198,99.990,0.428,0.096,g
2460653.65693,2024-12-09.1577599,bG,1.45,16.588,>16.588,99.990,0.746,0.168,g
2460653.65819,2024-12-09.1590165,bG,1.46,16.598,>16.598,99.990,0.716,0.167,g
2460653.65943,2024-12-09.1602623,bG,1.44,16.730,>16.730,99.990,0.547,0.148,g
2460654.48050,2024-12-09.9813283,bo,1.44,16.041,>16.041,99.990,0.899,0.279,g
2460654.48175,2024-12-09.9825876,bo,1.45,16.283,>16.283,99.990,0.186,0.223,g
2460654.48300,2024-12-09.9838373,bo,1.45,16.528,>16.528,99.990,0.802,0.178,g
2460656.52382,2024-12-12.0246658,bk,1.55,15.630,>15.630,99.990,0.441,0.406,g
2460656.54388,2024-12-12.0447234,bk,1.49,99.990,99.990,99.990,99.990,99.990,g
2460658.28300,2024-12-13.7838505,bo,1.56,15.455,15.205,0.174,3.005,0.478,g
2460658.28425,2024-12-13.7850958,bo,1.69,15.449,>15.449,99.990,1.153,0.480,g
2460658.28549,2024-12-13.7863390,bo,1.53,15.502,>15.502,99.990,-1.656,0.458,g
2460658.57838,2024-12-14.0792236,bo,2.06,16.532,>16.532,99.990,0.643,0.177,g
2460658.57962,2024-12-14.0804704,bo,2.06,16.537,>16.537,99.990,0.038,0.176,g
2460658.58086,2024-12-14.0817115,bo,2.04,16.603,>16.603,99.990,0.266,0.166,g
2460658.61349,2024-12-14.1143337,bk,1.64,16.028,>16.028,99.990,0.148,0.282,g
2460658.61473,2024-12-14.1155784,bk,1.72,15.887,>15.887,99.990,0.998,0.321,g
2460658.61598,2024-12-14.1168244,bk,1.66,15.817,>15.817,99.990,1.697,0.342,g
2460659.36681,2024-12-14.8676564,bo,1.41,15.480,>15.480,99.990,0.519,0.467,g
2460659.36804,2024-12-14.8688864,bo,1.45,15.458,14.609,0.100,5.208,0.477,g
2460659.36928,2024-12-14.8701223,bo,1.45,15.759,>15.759,99.990,0.258,0.361,g
2460662.62254,2024-12-18.1233922,bG,1.47,16.252,>16.252,99.990,0.560,0.229,g
2460662.62380,2024-12-18.1246518,bG,1.46,16.528,16.416,0.198,0.985,0.178,g
2460662.62506,2024-12-18.1259116,bG,1.5,16.422,>16.422,99.990,0.728,0.196,g
2460663.52567,2024-12-19.0265219,bo,2.04,16.022,>16.022,99.990,0.808,0.283,g
2460663.52689,2024-12-19.0277416,bo,2.05,16.049,>16.049,99.990,0.674,0.276,g
2460663.52813,2024-12-19.0289914,bo,2.05,16.182,>16.182,99.990,-0.190,0.244,g
2460664.56905,2024-12-20.0698995,bG,2.04,16.997,>16.997,99.990,0.347,0.115,g
2460664.57031,2024-12-20.0711660,bG,2.06,16.866,16.621,0.175,0.816,0.130,g
2460664.57157,2024-12-20.0724210,bG,2.04,16.875,>16.875,99.990,0.571,0.129,g
2460666.33723,2024-12-21.8380853,bo,1.46,17.099,>17.099,99.990,0.463,0.105,g
2460666.33847,2024-12-21.8393260,bo,1.5,17.096,16.955,0.193,0.600,0.105,g
2460666.33972,2024-12-21.8405697,bo,1.47,17.105,16.839,0.172,0.668,0.105,g
2460667.48329,2024-12-22.9841497,bo,1.43,16.746,16.711,0.212,0.751,0.146,g
2460667.48452,2024-12-22.9853799,bo,1.44,16.800,16.799,0.219,0.693,0.138,g
2460667.48576,2024-12-22.9866089,bo,1.44,16.717,16.644,0.205,0.799,0.149,g
2460669.44187,2024-12-24.9427280,bo,1.47,17.141,>17.141,99.990,0.384,0.101,g
2460669.44310,2024-12-24.9439520,bo,1.47,16.971,>16.971,99.990,0.577,0.118,g
2460669.44433,2024-12-24.9451824,bo,1.45,16.962,>16.962,99.990,0.501,0.119,g
2460669.61740,2024-12-25.1182547,bG,1.56,16.892,>16.892,99.990,0.583,0.127,g
2460669.61864,2024-12-25.1194965,bG,1.57,16.806,>16.806,99.990,0.566,0.138,g
2460669.61990,2024-12-25.1207528,bG,1.59,17.076,16.702,0.155,0.758,0.107,g
2460675.55483,2024-12-31.0556797,bG,1.74,16.860,>16.860,99.990,0.653,0.131,g
2460675.55608,2024-12-31.0569287,bG,1.81,16.674,16.514,0.189,0.901,0.155,g
2460675.55734,2024-12-31.0581895,bG,1.78,16.846,>16.846,99.990,0.565,0.133,g
2460676.39420,2024-12-31.8950457,bo,1.47,16.980,>16.980,99.990,0.540,0.117,g
2460676.39544,2024-12-31.8962853,bo,1.46,16.871,16.534,0.161,0.884,0.130,g
2460676.39669,2024-12-31.8975320,bo,1.41,16.932,16.900,0.213,0.631,0.123,g
2460678.45539,2025-01-02.9562306,bo,1.65,16.911,>16.911,99.990,0.270,0.125,g
2460678.45663,2025-01-02.9574702,bo,1.57,17.151,>17.151,99.990,0.119,0.100,g
2460678.45786,2025-01-02.9587016,bo,1.62,16.821,16.765,0.208,0.715,0.136,g
2460683.54222,2025-01-08.0430365,bG,2.01,16.266,>16.266,99.990,0.772,0.226,g
2460683.54348,2025-01-08.0442994,bG,2.05,16.219,>16.219,99.990,0.572,0.236,g
2460683.54473,2025-01-08.0455555,bG,2.05,16.372,>16.372,99.990,0.619,0.205,g
2460683.75740,2025-01-08.2582204,bG,1.56,17.105,>17.105,99.990,0.432,0.105,g
2460684.67240,2025-01-09.1732221,bk,1.65,16.574,>16.574,99.990,0.389,0.170,g
2460684.67365,2025-01-09.1744662,bk,1.63,16.532,>16.532,99.990,0.789,0.177,g
2460684.67487,2025-01-09.1756878,bk,1.62,16.650,16.452,0.183,0.953,0.159,g
2460687.37067,2025-01-11.8714734,bo,1.56,15.983,>15.983,99.990,1.006,0.294,g
2460687.37190,2025-01-11.8727025,bo,1.64,15.965,>15.965,99.990,0.265,0.299,g
2460687.37316,2025-01-11.8739601,bo,1.63,15.906,>15.906,99.990,-2.089,0.315,g
2460687.77209,2025-01-12.2728847,bk,1.47,16.007,>16.007,99.990,0.990,0.287,g
2460687.77331,2025-01-12.2741105,bk,1.55,16.057,>16.057,99.990,-0.165,0.274,g
2460687.77455,2025-01-12.27535,bk,1.56,15.923,>15.923,99.990,0.181,0.310,g
2460689.29616,2025-01-13.7969495,bo,1.5,15.917,>15.917,99.990,-0.131,0.312,g
2460689.29787,2025-01-13.7986696,bo,1.46,15.864,>15.864,99.990,0.579,0.328,g
2460689.30045,2025-01-13.8012427,bo,1.55,15.815,>15.815,99.990,1.174,0.343,g
2460689.77999,2025-01-14.2807703,bk,1.54,15.537,>15.537,99.990,0.959,0.443,g
2460689.78125,2025-01-14.2820315,bk,1.56,99.990,99.990,99.990,99.990,99.990,g
2460689.78247,2025-01-14.2832564,bk,1.56,15.599,>15.599,99.990,0.824,0.418,g
2460690.79501,2025-01-15.2957968,bk,1.59,15.765,>15.765,99.990,-0.108,0.359,g
2460691.65527,2025-01-16.1560512,bG,1.6,15.894,>15.894,99.990,0.067,0.319,g
2460691.65652,2025-01-16.1573001,bG,1.61,16.161,>16.161,99.990,0.349,0.249,g
2460691.65779,2025-01-16.1585609,bG,1.61,16.124,>16.124,99.990,0.567,0.258,g
2460692.57495,2025-01-17.0757216,bG,1.65,16.851,16.842,0.218,0.665,0.132,g
2460692.57620,2025-01-17.0769743,bG,1.65,16.812,>16.812,99.990,0.355,0.137,g
2460692.57745,2025-01-17.0782229,bG,1.66,16.728,>16.728,99.990,0.507,0.148,g
2460692.77935,2025-01-17.2801188,bk,1.54,16.121,16.064,0.208,1.363,0.259,g
2460692.78058,2025-01-17.2813453,bk,1.48,16.184,>16.184,99.990,-3.511,0.245,g
2460692.78180,2025-01-17.2825695,bk,1.46,15.930,14.852,0.081,4.163,0.309,g
2460693.63669,2025-01-18.1374506,bk,1.52,16.629,16.423,0.181,0.979,0.162,g
2460694.70352,2025-01-19.2042726,bk,1.48,99.990,99.990,99.990,99.990,99.990,g
2460694.70475,2025-01-19.2055096,bk,1.51,16.692,16.538,0.190,0.881,0.153,g
2460694.70599,2025-01-19.2067466,bk,1.5,16.707,>16.707,99.990,0.456,0.151,g
2460695.37453,2025-01-19.8752854,bo,1.62,16.902,>16.902,99.990,0.559,0.126,g
2460695.37578,2025-01-19.8765285,bo,1.6,16.864,>16.864,99.990,0.537,0.130,g
2460695.37702,2025-01-19.8777708,bo,1.62,17.036,16.709,0.162,0.753,0.111,g
2460695.69163,2025-01-20.1923824,bk,1.48,16.902,>16.902,99.990,0.619,0.126,g
2460696.70695,2025-01-21.2076960,bG,1.42,16.764,>16.764,99.990,0.495,0.143,g
2460697.77052,2025-01-22.2712603,bk,1.49,16.989,16.938,0.209,0.609,0.116,g
2460698.74890,2025-01-23.2496247,bG,1.41,16.697,>16.697,99.990,0.621,0.152,g
2460698.75017,2025-01-23.2508974,bG,1.43,16.731,>16.731,99.990,0.597,0.147,g
2460700.65358,2025-01-25.1542844,bG,1.63,16.912,16.632,0.169,0.808,0.125,g
2460701.58099,2025-01-26.0816947,bG,2.04,16.981,16.913,0.206,0.623,0.117,g
2460707.35728,2025-01-31.8579318,bo,1.63,17.054,17.002,0.209,0.575,0.110,g
2460707.35852,2025-01-31.8591723,bo,1.61,17.077,>17.077,99.990,0.457,0.107,g
2460707.35975,2025-01-31.8604013,bo,1.65,17.070,>17.070,99.990,0.243,0.108,g
2460708.53072,2025-02-02.0313649,bk,1.42,16.601,>16.601,99.990,0.649,0.166,g
2460708.53195,2025-02-02.0325923,bk,1.41,16.787,>16.787,99.990,0.645,0.140,g
2460708.53319,2025-02-02.0338306,bk,1.43,16.848,>16.848,99.990,0.638,0.132,g
2460709.67983,2025-02-03.1804597,bk,1.47,17.018,>17.018,99.990,0.487,0.113,g
2460709.68108,2025-02-03.1817092,bk,1.46,17.062,16.679,0.154,0.774,0.109,g
2460709.68231,2025-02-03.1829429,bk,1.45,17.131,16.920,0.181,0.619,0.102,g
2460710.62403,2025-02-04.1246502,bk,1.44,17.070,16.627,0.146,0.811,0.108,g
2460710.62525,2025-02-04.1258759,bk,1.47,17.172,16.958,0.180,0.598,0.098,g
2460710.62646,2025-02-04.1270894,bk,1.47,17.153,>17.153,99.990,0.416,0.100,g
2460711.59799,2025-02-05.0985990,bG,1.79,16.731,16.579,0.191,0.848,0.148,g
2460711.59925,2025-02-05.0998631,bG,1.79,16.674,>16.674,99.990,0.489,0.155,g
2460711.60050,2025-02-05.1011130,bG,1.76,16.619,>16.619,99.990,0.638,0.164,g
2460712.60042,2025-02-06.1010207,bk,1.44,16.714,>16.714,99.990,0.611,0.150,g
2460712.60164,2025-02-06.1022478,bk,1.45,16.744,>16.744,99.990,0.568,0.146,g
2460712.60289,2025-02-06.1034907,bk,1.45,16.731,>16.731,99.990,0.234,0.147,g
2460713.58080,2025-02-07.0813835,bk,1.51,16.576,>16.576,99.990,0.613,0.170,g
2460713.58203,2025-02-07.0826206,bk,1.53,99.990,99.990,99.990,99.990,99.990,g
2460713.58327,2025-02-07.0838626,bk,1.47,16.687,>16.687,99.990,0.625,0.154,g
2460714.57751,2025-02-08.0780869,bG,2.08,16.212,>16.212,99.990,1.002,0.238,g
2460714.57876,2025-02-08.0793346,bG,2.1,16.284,>16.284,99.990,1.062,0.223,g
2460714.58001,2025-02-08.0805917,bG,2.11,16.212,>16.212,99.990,0.781,0.238,g
2460714.70732,2025-02-08.2078964,bG,1.61,16.349,>16.349,99.990,0.730,0.210,g
2460714.70858,2025-02-08.2091574,bG,1.6,16.317,>16.317,99.990,0.426,0.216,g
2460714.70988,2025-02-08.2104550,bG,1.65,16.346,>16.346,99.990,0.572,0.210,g
2460717.32414,2025-02-10.8246894,bo,1.52,16.026,>16.026,99.990,1.081,0.282,g
2460717.32569,2025-02-10.8262324,bo,1.5,16.013,>16.013,99.990,0.229,0.286,g
2460717.32702,2025-02-10.8275715,bo,1.52,16.025,>16.025,99.990,-0.147,0.283,g
2460718.71876,2025-02-12.2192829,bG,1.42,15.767,>15.767,99.990,-0.124,0.358,g
2460718.72001,2025-02-12.2205436,bG,1.46,15.618,>15.618,99.990,0.755,0.411,g
2460718.72127,2025-02-12.2218034,bG,1.47,15.548,>15.548,99.990,0.594,0.438,g
2460719.62692,2025-02-13.1274378,bG,1.57,15.886,>15.886,99.990,0.426,0.321,g
2460719.62816,2025-02-13.1286914,bG,1.53,15.735,>15.735,99.990,0.417,0.369,g
2460719.62943,2025-02-13.1299450,bG,1.55,16.054,>16.054,99.990,0.432,0.275,g
2460720.69020,2025-02-14.1907008,bG,1.46,15.992,>15.992,99.990,1.176,0.291,g
2460720.69145,2025-02-14.1919586,bG,1.5,15.980,>15.980,99.990,0.391,0.295,g
2460720.69270,2025-02-14.1932079,bG,1.54,16.069,>16.069,99.990,0.264,0.271,g
2460721.59610,2025-02-15.0966026,bk,1.46,16.247,>16.247,99.990,0.589,0.230,g
2460722.68363,2025-02-16.1841077,bk,1.48,16.366,>16.366,99.990,0.433,0.206,g
2460723.70480,2025-02-17.2052751,bG,1.49,16.361,>16.361,99.990,0.778,0.207,g
2460723.70605,2025-02-17.2065274,bG,1.46,16.283,>16.283,99.990,0.615,0.223,g
2460723.70731,2025-02-17.2077818,bG,1.48,16.347,>16.347,99.990,0.671,0.210,g
2460728.46263,2025-02-21.9630407,bo,1.5,16.847,>16.847,99.990,0.441,0.132,g
2460728.46387,2025-02-21.9642822,bo,1.52,16.677,>16.677,99.990,0.447,0.155,g
2460729.39313,2025-02-22.8935311,bo,1.46,16.990,16.485,0.138,0.924,0.116,g
2460729.39441,2025-02-22.8948163,bo,1.47,17.080,>17.080,99.990,0.433,0.107,g
2460729.39570,2025-02-22.8961049,bo,1.45,17.086,16.770,0.164,0.711,0.106,g
2460732.53732,2025-02-26.0376697,bk,1.44,17.313,17.132,0.186,0.509,0.086,g
2460732.53854,2025-02-26.0388986,bk,1.49,17.100,16.799,0.166,0.693,0.105,g
2460732.53979,2025-02-26.0401425,bk,1.43,17.248,16.845,0.151,0.664,0.092,g
2460733.29964,2025-02-26.7999810,bo,1.43,17.051,>17.051,99.990,0.387,0.110,g
2460733.30088,2025-02-26.8012277,bo,1.45,17.006,16.945,0.207,0.605,0.115,g
2460733.30213,2025-02-26.8024802,bo,1.42,17.062,>17.062,99.990,0.425,0.109,g
2460736.63807,2025-03-02.1383690,bG,1.51,16.847,>16.847,99.990,0.552,0.133,g
2460736.63932,2025-03-02.1396217,bG,1.55,16.758,>16.758,99.990,0.446,0.144,g
2460736.64059,2025-03-02.1408850,bG,1.57,16.658,>16.658,99.990,0.689,0.158,g
2460738.56285,2025-03-04.0631179,bG,1.7,16.841,>16.841,99.990,0.641,0.133,g
2460738.56409,2025-03-04.0643667,bG,1.71,17.581,>17.581,99.990,-3.683,0.068,g
2460738.56536,2025-03-04.0656348,bG,1.7,16.971,>16.971,99.990,0.248,0.118,g
2460740.38430,2025-03-05.8845482,bo,1.42,17.091,16.863,0.178,0.653,0.106,g
2460740.38555,2025-03-05.8857938,bo,1.46,16.990,16.761,0.177,0.717,0.116,g
2460740.38678,2025-03-05.8870251,bo,1.48,17.063,>17.063,99.990,0.481,0.109,g
2460741.52991,2025-03-07.0301415,bk,1.44,16.730,>16.730,99.990,0.457,0.148,g
2460741.53114,2025-03-07.0313753,bk,1.41,16.724,>16.724,99.990,0.655,0.148,g
2460741.53238,2025-03-07.0326043,bk,1.44,16.804,16.803,0.219,0.690,0.138,g
2460742.57355,2025-03-08.0737642,bk,1.48,16.532,>16.532,99.990,0.728,0.177,g
2460742.57477,2025-03-08.0749813,bk,1.44,16.507,15.858,0.121,1.647,0.181,g
2460742.57599,2025-03-08.0762067,bk,1.46,16.581,>16.581,99.990,0.699,0.169,g
2460743.55452,2025-03-09.0547181,bk,1.42,16.557,>16.557,99.990,0.644,0.173,g
2460743.55574,2025-03-09.0559412,bk,1.49,16.528,>16.528,99.990,0.804,0.178,g
2460743.55697,2025-03-09.0571711,bk,1.45,16.501,>16.501,99.990,0.712,0.182,g
2460746.63042,2025-03-12.1305740,bG,1.56,16.032,>16.032,99.990,0.682,0.281,g
2460746.63168,2025-03-12.1318418,bG,1.58,15.918,>15.918,99.990,0.628,0.312,g
2460746.63295,2025-03-12.1331028,bG,1.53,15.932,>15.932,99.990,0.541,0.308,g
2460747.55149,2025-03-13.0516284,bG,1.73,15.861,>15.861,99.990,0.650,0.329,g
2460747.55276,2025-03-13.0528954,bG,1.81,16.061,>16.061,99.990,0.494,0.273,g
2460747.55400,2025-03-13.0541495,bG,1.83,15.845,>15.845,99.990,1.289,0.333,g
2460751.59722,2025-03-17.0973031,bk,1.52,16.234,>16.234,99.990,0.517,0.233,g
2460751.59846,2025-03-17.0985407,bk,1.47,16.269,>16.269,99.990,0.862,0.226,g
2460751.59970,2025-03-17.0997800,bk,1.45,16.176,>16.176,99.990,0.974,0.246,g
2460752.63973,2025-03-18.1397957,bG,1.58,16.251,>16.251,99.990,0.520,0.229,g
2460752.64100,2025-03-18.1410640,bG,1.55,16.267,16.264,0.219,1.134,0.226,g
2460752.64225,2025-03-18.1423211,bG,1.56,99.990,99.990,99.990,99.990,99.990,g
2460755.63509,2025-03-21.1351103,bG,1.53,16.729,16.509,0.179,0.905,0.148,g
2460755.63635,2025-03-21.1363629,bG,1.55,16.663,16.587,0.204,0.842,0.157,g
2460756.63326,2025-03-22.1332673,bG,1.62,16.817,>16.817,99.990,0.256,0.136,g
2460758.62620,2025-03-24.1261759,bG,1.47,16.793,>16.793,99.990,0.565,0.139,g
2460758.62745,2025-03-24.1274246,bG,1.51,16.799,16.603,0.183,0.830,0.139,g
2460758.62871,2025-03-24.1286868,bG,1.48,16.934,>16.934,99.990,0.448,0.122,g
2460763.54932,2025-03-29.0492190,bk,1.54,16.998,16.899,0.200,0.632,0.115,g
2460763.55054,2025-03-29.0504406,bk,1.49,16.983,>16.983,99.990,0.513,0.117,g
2460763.55177,2025-03-29.0516728,bk,1.5,16.940,>16.940,99.990,0.357,0.122,g
2460764.56240,2025-03-30.0622837,bG,1.47,16.680,>16.680,99.990,0.686,0.155,g
2460764.56365,2025-03-30.0635395,bG,1.5,16.832,>16.832,99.990,0.438,0.134,g
2460764.56492,2025-03-30.0648072,bG,1.48,16.895,16.315,0.129,1.081,0.127,g
2460768.56038,2025-04-03.0602113,bk,1.51,17.084,16.695,0.153,0.762,0.107,g
2460768.56161,2025-04-03.0614387,bk,1.49,16.969,>16.969,99.990,0.402,0.118,g
2460768.56284,2025-04-03.0626782,bk,1.55,17.072,>17.072,99.990,0.512,0.108,g
2460769.59361,2025-04-04.0934259,bG,1.55,16.703,>16.703,99.990,0.191,0.151,g
2460769.59487,2025-04-04.0946892,bG,1.56,16.669,>16.669,99.990,0.405,0.156,g
2460769.59612,2025-04-04.0959368,bG,1.54,16.733,>16.733,99.990,0.679,0.147,g
2460774.53762,2025-04-09.0373609,bk,1.48,16.287,>16.287,99.990,0.833,0.222,g
2460774.53886,2025-04-09.0386001,bk,1.51,16.376,>16.376,99.990,0.196,0.205,g
2460774.54010,2025-04-09.0398465,bk,1.49,16.382,>16.382,99.990,0.783,0.203,g
2460781.51639,2025-04-16.0160333,bk,1.54,16.356,>16.356,99.990,0.262,0.208,g
2460781.51761,2025-04-16.0172599,bk,1.56,16.506,>16.506,99.990,0.869,0.181,g
2460781.51884,2025-04-16.0184932,bk,1.6,16.494,>16.494,99.990,0.434,0.183,g
2460791.49871,2025-04-25.9982244,bG,1.41,16.824,>16.824,99.990,0.522,0.135,g
2460791.49996,2025-04-25.9994699,bG,1.4,16.849,>16.849,99.990,0.555,0.132,g
2460791.50122,2025-04-26.0007356,bG,1.43,16.801,>16.801,99.990,0.623,0.138,g
2460794.51267,2025-04-29.0121474,bG,1.45,16.793,>16.793,99.990,0.679,0.139,g
2460794.51392,2025-04-29.0134009,bG,1.45,16.845,16.511,0.161,0.903,0.133,g
2460794.51518,2025-04-29.0146641,bG,1.5,16.764,>16.764,99.990,0.619,0.143,g
2460797.47918,2025-05-01.9786239,bk,1.46,16.990,16.896,0.201,0.633,0.116,g
2460797.48043,2025-05-01.9798692,bk,1.46,17.008,>17.008,99.990,0.465,0.114,g
2460797.48165,2025-05-01.9810987,bk,1.52,16.942,>16.942,99.990,0.319,0.121,g
2460798.48327,2025-05-02.9827107,bk,1.49,16.866,16.739,0.195,0.732,0.130,g
2460798.48454,2025-05-02.9839671,bk,1.5,16.976,16.953,0.215,0.601,0.118,g
2460798.48576,2025-05-02.9851981,bk,1.47,16.945,16.713,0.177,0.749,0.121,g
2460823.19741,2025-05-27.6966262,bo,1.67,16.334,>16.334,99.990,0.711,0.213,g