HJD,UT Date,Camera,FWHM,Limit,mag,mag_err,flux(mJy),flux_err,Filter
2458697.66223,2019-08-02.1617760,bm,1.47,15.222,11.355,0.008,104.198,0.795,g
2458697.66345,2019-08-02.1629918,bm,1.50,15.224,11.350,0.008,104.713,0.792,g
2458697.66467,2019-08-02.1642112,bm,1.54,15.245,11.358,0.008,104.016,0.803,g
2458703.89772,2019-08-08.3972585,bE,1.50,15.547,12.037,0.010,55.624,0.518,g
2458707.88719,2019-08-12.3867385,bE,1.60,15.693,12.495,0.012,36.474,0.423,g
2458707.88846,2019-08-12.3880120,bE,1.58,15.710,12.505,0.012,36.154,0.420,g
2458707.88972,2019-08-12.3892740,bE,1.51,15.759,12.486,0.012,36.788,0.398,g
2458709.87955,2019-08-14.3791071,bE,1.51,15.505,12.577,0.016,33.836,0.496,g
2458709.88082,2019-08-14.3803763,bE,1.58,15.512,12.578,0.016,33.787,0.489,g
2458709.88219,2019-08-14.3817423,bE,1.43,15.467,12.548,0.016,34.745,0.509,g
2458711.87317,2019-08-16.3727343,bE,1.47,15.442,12.571,0.017,33.999,0.519,g
2458711.87444,2019-08-16.3740012,bE,1.41,15.527,12.598,0.016,33.155,0.481,g
2458711.87570,2019-08-16.3752642,bE,1.54,15.351,12.624,0.019,32.392,0.558,g
2458712.86986,2019-08-17.3694256,bE,1.61,15.561,12.660,0.016,31.335,0.466,g
2458712.87112,2019-08-17.3706960,bE,1.49,15.530,12.628,0.016,32.262,0.477,g
2458712.87240,2019-08-17.3719712,bE,1.58,15.587,12.630,0.015,32.212,0.455,g
2458713.87029,2019-08-18.3698586,bE,1.52,15.740,12.944,0.018,24.116,0.386,g
2458713.87157,2019-08-18.3711372,bE,1.49,15.671,12.954,0.019,23.897,0.409,g
2458713.87284,2019-08-18.3724098,bE,1.51,15.653,12.971,0.019,23.548,0.415,g
2458714.86658,2019-08-19.3661554,bE,1.44,14.219,12.699,0.056,30.234,1.560,g
2458714.86786,2019-08-19.3674291,bE,1.45,99.990,99.990,99.990,99.990,99.990,g
2458714.86912,2019-08-19.3686954,bE,1.49,99.990,99.990,99.990,99.990,99.990,g
2458719.84943,2019-08-24.3490216,bE,1.51,15.773,13.147,0.020,20.009,0.370,g
2458719.85071,2019-08-24.3502918,bE,1.45,15.781,13.153,0.020,19.904,0.368,g
2458719.85198,2019-08-24.3515674,bE,1.48,15.820,13.152,0.020,19.921,0.355,g
2458720.56263,2019-08-25.0622125,bm,1.57,15.682,12.992,0.019,23.080,0.401,g
2458720.56386,2019-08-25.0634497,bm,1.60,15.721,12.959,0.018,23.797,0.392,g
2458720.56512,2019-08-25.0647045,bm,1.55,15.764,12.988,0.018,23.165,0.375,g
2458721.91835,2019-08-26.4179447,bE,1.39,15.816,13.380,0.024,16.158,0.351,g
2458721.91963,2019-08-26.4192255,bE,1.56,15.772,13.381,0.024,16.132,0.364,g
2458721.92089,2019-08-26.4204868,bE,1.49,15.750,13.382,0.026,16.118,0.374,g
2458722.91885,2019-08-27.4184487,bE,1.47,15.736,13.293,0.024,17.498,0.379,g
2458722.92012,2019-08-27.4197168,bE,1.51,15.828,13.321,0.023,17.045,0.349,g
2458722.92138,2019-08-27.4209799,bE,1.47,15.827,13.282,0.022,17.662,0.352,g
2458724.60932,2019-08-29.1089199,bm,1.51,99.990,99.990,99.990,99.990,99.990,g
2458725.60291,2019-08-30.1025164,bm,1.53,99.990,99.990,99.990,99.990,99.990,g
2458725.60411,2019-08-30.1037210,bm,1.53,99.990,99.990,99.990,99.990,99.990,g
2458725.60532,2019-08-30.1049280,bm,1.54,99.990,99.990,99.990,99.990,99.990,g
2458725.61012,2019-08-30.1097297,bm,1.51,99.990,99.990,99.990,99.990,99.990,g
2458725.91940,2019-08-30.4190034,bi,1.44,15.751,13.326,0.024,16.970,0.373,g
2458725.92062,2019-08-30.4202228,bi,1.47,15.751,13.324,0.024,16.998,0.373,g
2458725.92183,2019-08-30.4214400,bi,1.45,15.670,13.328,0.025,16.933,0.399,g
2458727.61519,2019-09-01.1148135,bm,1.48,15.832,13.791,0.033,11.059,0.342,g
2458727.61641,2019-09-01.1160237,bm,1.50,99.990,99.990,99.990,99.990,99.990,g
2458727.61762,2019-09-01.1172399,bm,1.51,15.822,13.809,0.034,10.872,0.345,g
2458727.91141,2019-09-01.4110237,bi,1.45,15.898,13.844,0.033,10.535,0.321,g
2458727.91262,2019-09-01.4122440,bi,1.46,15.937,13.846,0.032,10.507,0.310,g
2458727.91384,2019-09-01.4134587,bi,1.45,15.881,13.866,0.034,10.318,0.326,g
2458728.63480,2019-09-02.1344222,bm,1.47,15.869,13.811,0.034,10.861,0.332,g
2458728.63602,2019-09-02.1356415,bm,1.46,15.899,13.782,0.031,11.156,0.321,g
2458728.63724,2019-09-02.1368590,bm,1.50,15.863,13.810,0.033,10.871,0.332,g
2458728.90916,2019-09-02.4087824,bi,1.42,15.794,13.814,0.035,10.819,0.353,g
2458728.91038,2019-09-02.4100017,bi,1.43,15.811,13.846,0.036,10.509,0.348,g
2458728.91160,2019-09-02.4112190,bi,1.40,15.901,13.891,0.034,10.085,0.321,g
2458729.82166,2019-09-03.3212858,bE,1.60,14.125,13.764,0.158,11.334,1.634,g
2458729.82293,2019-09-03.3225518,bE,1.58,14.209,13.803,0.152,10.935,1.512,g
2458729.82420,2019-09-03.3238263,bE,1.49,14.692,13.837,0.100,10.605,0.970,g
2458729.91640,2019-09-03.4160290,bi,1.38,14.772,13.838,0.094,10.592,0.904,g
2458729.91762,2019-09-03.4172474,bi,1.33,14.607,13.962,0.121,9.447,1.046,g
2458729.91884,2019-09-03.4184622,bi,1.50,13.985,>13.985,99.990,9.002,1.852,g
2458730.56676,2019-09-04.0663871,bm,1.52,15.818,13.832,0.035,10.640,0.345,g
2458730.56798,2019-09-04.0676046,bm,1.52,15.760,13.807,0.036,10.890,0.365,g
2458730.56918,2019-09-04.0688111,bm,1.53,15.845,13.841,0.035,10.561,0.338,g
2458730.91229,2019-09-04.4119168,bi,1.43,15.876,13.831,0.033,10.652,0.329,g
2458730.91350,2019-09-04.4131269,bi,1.46,15.787,13.862,0.037,10.364,0.355,g
2458730.91470,2019-09-04.4143297,bi,1.40,15.787,13.840,0.036,10.569,0.356,g
2458733.56050,2019-09-07.0601402,bm,1.55,15.929,13.930,0.035,9.732,0.313,g
2458733.56171,2019-09-07.0613549,bm,1.48,15.859,13.986,0.039,9.239,0.333,g
2458733.56293,2019-09-07.0625747,bm,1.54,15.899,13.971,0.037,9.370,0.320,g
2458733.90710,2019-09-07.4067407,bE,1.56,15.392,13.996,0.060,9.150,0.508,g
2458733.90836,2019-09-07.4080085,bE,1.50,15.058,13.861,0.074,10.369,0.694,g
2458734.55781,2019-09-08.0574541,bm,1.48,15.851,14.026,0.041,8.907,0.334,g
2458734.55904,2019-09-08.0586861,bm,1.51,15.926,13.976,0.036,9.325,0.313,g
2458734.56030,2019-09-08.0599510,bm,1.43,15.874,14.018,0.040,8.968,0.328,g
2458734.91496,2019-09-08.4146079,bi,1.43,15.682,14.016,0.047,8.988,0.390,g
2458734.91616,2019-09-08.4158215,bi,1.47,15.759,14.004,0.044,9.088,0.364,g
2458734.91739,2019-09-08.4170358,bi,1.41,15.684,13.987,0.046,9.230,0.390,g
2458735.55393,2019-09-09.0535809,bm,1.51,15.724,13.994,0.044,9.170,0.375,g
2458735.55513,2019-09-09.0547909,bm,1.57,15.714,13.987,0.045,9.227,0.380,g
2458735.55635,2019-09-09.0560078,bm,1.53,15.683,13.908,0.043,9.922,0.391,g
2458736.55042,2019-09-10.0500833,bm,1.54,15.552,14.085,0.057,8.438,0.439,g
2458736.55165,2019-09-10.0513134,bm,1.51,15.561,13.989,0.053,9.207,0.438,g
2458736.55295,2019-09-10.0526068,bm,1.56,15.491,14.012,0.056,9.024,0.465,g
2458741.82762,2019-09-15.3273100,bE,1.58,15.785,14.353,0.059,6.590,0.354,g
2458741.82890,2019-09-15.3285894,bE,1.54,15.743,14.316,0.059,6.816,0.368,g
2458741.91262,2019-09-15.4123104,bE,1.56,15.787,14.141,0.048,8.007,0.354,g
2458742.53445,2019-09-16.0341537,bm,1.60,15.503,14.232,0.068,7.366,0.459,g
2458742.53567,2019-09-16.0353670,bm,1.42,15.490,14.130,0.063,8.090,0.465,g
2458742.53688,2019-09-16.0365839,bm,1.40,15.692,14.266,0.059,7.136,0.386,g
2458742.80792,2019-09-16.3076157,bi,1.46,15.732,14.175,0.052,7.769,0.372,g
2458742.80914,2019-09-16.3088396,bi,1.55,15.847,14.201,0.048,7.577,0.335,g
2458742.81035,2019-09-16.3100542,bi,1.42,15.823,14.197,0.049,7.607,0.343,g
2458743.53539,2019-09-17.0350850,bm,1.54,15.781,14.192,0.051,7.647,0.356,g
2458743.53659,2019-09-17.0362923,bm,1.48,15.632,14.272,0.063,7.102,0.407,g
2458743.53781,2019-09-17.0375032,bm,1.56,15.657,14.226,0.059,7.406,0.399,g
2458743.83001,2019-09-17.3297138,bE,1.58,15.809,14.298,0.054,6.933,0.346,g
2458744.64524,2019-09-18.1449458,bm,1.59,15.941,14.454,0.056,6.004,0.307,g
2458744.64644,2019-09-18.1461468,bm,1.61,15.846,14.440,0.060,6.082,0.335,g
2458744.64765,2019-09-18.1473523,bm,1.60,15.925,14.382,0.053,6.414,0.311,g
2458744.84720,2019-09-18.3469065,bE,1.54,15.832,14.504,0.065,5.732,0.339,g
2458744.84847,2019-09-18.3481803,bE,1.51,15.975,14.458,0.054,5.982,0.297,g
2458744.84974,2019-09-18.3494540,bE,1.61,15.848,14.447,0.060,6.042,0.334,g
2458747.51675,2019-09-21.0164769,bm,1.61,15.770,14.952,0.103,3.795,0.358,g
2458747.51797,2019-09-21.0176893,bm,1.55,15.870,14.942,0.093,3.829,0.326,g
2458747.51918,2019-09-21.0189004,bm,1.45,15.883,14.887,0.088,4.028,0.323,g
2458747.83649,2019-09-21.3362120,bi,1.45,16.128,14.913,0.072,3.936,0.257,g
2458747.83772,2019-09-21.3374460,bi,1.40,15.817,14.981,0.101,3.695,0.343,g
2458747.83894,2019-09-21.3386704,bi,1.40,15.966,14.825,0.077,4.267,0.299,g
2458749.77656,2019-09-23.2763079,bi,1.41,16.064,14.723,0.064,4.688,0.273,g
2458749.77778,2019-09-23.2775262,bi,1.44,15.917,14.827,0.080,4.259,0.313,g
2458749.77901,2019-09-23.2787444,bi,1.45,15.998,14.790,0.072,4.407,0.291,g
2458749.87385,2019-09-23.3735900,bE,1.52,15.969,14.794,0.074,4.391,0.298,g
2458750.87553,2019-09-24.3752716,bi,1.47,15.935,15.036,0.096,3.512,0.307,g
2458750.87674,2019-09-24.3764908,bi,1.45,15.879,15.112,0.108,3.276,0.323,g
2458750.87796,2019-09-24.3777092,bi,1.43,15.906,15.030,0.098,3.533,0.316,g
2458752.80101,2019-09-26.3007681,bE,1.51,16.026,15.175,0.100,3.092,0.283,g
2458752.80229,2019-09-26.30205,bE,1.57,15.973,15.098,0.098,3.317,0.297,g
2458752.80355,2019-09-26.3033114,bE,1.49,15.955,15.208,0.110,2.998,0.302,g
2458754.79793,2019-09-28.2977047,bE,1.50,16.115,15.530,0.128,2.228,0.260,g
2458754.79920,2019-09-28.2989706,bE,1.57,16.058,15.629,0.148,2.035,0.274,g
2458754.80047,2019-09-28.3002391,bE,1.41,16.085,15.590,0.139,2.107,0.268,g
2458755.74161,2019-09-29.2413846,bE,1.43,15.932,15.738,0.183,1.840,0.308,g
2458755.74288,2019-09-29.2426606,bE,1.49,15.991,15.689,0.166,1.926,0.292,g
2458755.74416,2019-09-29.2439380,bE,1.46,16.014,15.588,0.148,2.111,0.286,g
2458758.75405,2019-10-02.2538458,bE,1.52,16.030,16.011,0.216,1.431,0.281,g
2458758.75533,2019-10-02.2551322,bE,1.58,15.981,>15.981,99.990,0.885,0.294,g
2458758.75661,2019-10-02.2564071,bE,1.58,16.010,>16.010,99.990,1.028,0.287,g
2458761.79426,2019-10-05.2940819,bE,1.46,16.084,>16.084,99.990,0.994,0.268,g
2458762.82857,2019-10-06.3283987,bE,1.54,16.000,>16.000,99.990,0.884,0.289,g
2458762.82982,2019-10-06.3296553,bE,1.51,16.018,>16.018,99.990,0.797,0.284,g
2458762.83108,2019-10-06.3309209,bE,1.45,15.992,>15.992,99.990,0.714,0.291,g
2458764.53361,2019-10-08.0334545,bm,1.52,15.904,>15.904,99.990,0.439,0.316,g
2458764.53483,2019-10-08.0346703,bm,1.52,16.096,>16.096,99.990,0.441,0.265,g
2458764.53603,2019-10-08.0358731,bm,1.56,15.905,>15.905,99.990,0.136,0.315,g
2458764.73055,2019-10-08.2303998,bE,1.52,15.962,>15.962,99.990,0.487,0.299,g
2458764.73182,2019-10-08.2316623,bE,1.52,16.068,>16.068,99.990,0.728,0.272,g
2458764.73309,2019-10-08.2329327,bE,1.48,15.967,>15.967,99.990,0.522,0.298,g
2458765.54599,2019-10-09.0458418,bm,1.56,15.929,>15.929,99.990,0.311,0.309,g
2458765.54720,2019-10-09.0470473,bm,1.48,15.838,>15.838,99.990,0.298,0.336,g
2458765.54840,2019-10-09.0482490,bm,1.48,15.887,>15.887,99.990,0.481,0.321,g
2458765.73107,2019-10-09.2309217,bE,1.49,15.920,>15.920,99.990,-0.046,0.311,g
2458765.73235,2019-10-09.2322013,bE,1.49,15.958,>15.958,99.990,0.077,0.301,g
2458765.73362,2019-10-09.2334690,bE,1.57,15.855,>15.855,99.990,-0.082,0.330,g
2458766.72715,2019-10-10.2270113,bi,1.57,15.519,>15.519,99.990,0.695,0.450,g
2458766.72836,2019-10-10.2282236,bi,1.49,15.503,>15.503,99.990,0.025,0.457,g
2458766.72958,2019-10-10.2294405,bi,1.46,15.700,>15.700,99.990,-0.062,0.381,g
2458767.72174,2019-10-11.2216005,bE,1.61,15.185,>15.185,99.990,0.190,0.612,g
2458767.72300,2019-10-11.2228620,bE,1.56,14.906,>14.906,99.990,-1.370,0.792,g
2458768.57707,2019-10-12.0769458,bm,1.57,15.010,>15.010,99.990,0.675,0.719,g
2458768.57829,2019-10-12.0781599,bm,1.57,14.966,>14.966,99.990,-0.892,0.749,g
2458768.57950,2019-10-12.0793688,bm,1.51,15.104,>15.104,99.990,2.673,0.660,g
2458768.58800,2019-10-12.0878716,bm,1.63,14.655,>14.655,99.990,-3.743,0.998,g
2458769.53996,2019-10-13.0398394,bm,1.98,15.831,>15.831,99.990,0.397,0.338,g
2458769.54116,2019-10-13.0410435,bm,1.62,15.808,>15.808,99.990,-0.369,0.345,g
2458769.54237,2019-10-13.0422513,bm,1.63,15.893,>15.893,99.990,0.246,0.319,g
2458770.45334,2019-10-13.9532311,bm,1.54,15.742,>15.742,99.990,-0.624,0.367,g
2458770.45457,2019-10-13.9544561,bm,1.54,15.604,>15.604,99.990,0.915,0.416,g
2458770.45578,2019-10-13.9556657,bm,1.52,15.661,>15.661,99.990,-0.023,0.395,g
2458771.49887,2019-10-14.9987618,bm,1.65,15.804,>15.804,99.990,0.121,0.346,g
2458771.50007,2019-10-14.9999673,bm,1.59,15.712,>15.712,99.990,0.327,0.377,g
2458771.50129,2019-10-15.0011822,bm,1.63,15.678,>15.678,99.990,0.237,0.389,g
2458771.82656,2019-10-15.3264538,bi,1.47,15.646,>15.646,99.990,0.267,0.401,g
2458771.82777,2019-10-15.3276743,bi,1.53,15.754,>15.754,99.990,0.218,0.363,g
2458771.82899,2019-10-15.3288879,bi,1.49,15.946,>15.946,99.990,0.212,0.304,g
2458772.53035,2019-10-16.0302490,bm,1.54,15.844,>15.844,99.990,0.036,0.334,g
2458772.53156,2019-10-16.0314625,bm,1.55,15.855,>15.855,99.990,0.778,0.330,g
2458772.53276,2019-10-16.0326609,bm,1.55,15.785,>15.785,99.990,0.156,0.353,g
2458772.79044,2019-10-16.2903461,bi,1.58,15.902,>15.902,99.990,0.217,0.317,g
2458772.79287,2019-10-16.2927803,bi,1.47,15.909,>15.909,99.990,0.050,0.314,g
2458773.43591,2019-10-16.9358200,bm,1.57,15.869,>15.869,99.990,0.285,0.326,g
2458773.43712,2019-10-16.9370302,bm,1.55,15.873,>15.873,99.990,-0.070,0.325,g
2458773.43834,2019-10-16.9382491,bm,1.51,15.906,>15.906,99.990,0.413,0.315,g
2458773.74471,2019-10-17.2446209,bi,1.64,15.920,>15.920,99.990,0.385,0.311,g
2458773.74594,2019-10-17.2458541,bi,1.97,15.886,>15.886,99.990,0.199,0.321,g
2458773.74716,2019-10-17.2470748,bi,1.69,15.920,>15.920,99.990,0.302,0.311,g
2458774.81210,2019-10-18.3120215,bE,1.57,16.010,>16.010,99.990,0.439,0.287,g
2458774.81339,2019-10-18.3133118,bE,1.47,15.870,>15.870,99.990,0.326,0.326,g
2458774.81465,2019-10-18.3145733,bE,1.47,16.064,>16.064,99.990,0.349,0.273,g
2458775.83097,2019-10-19.3308990,bi,1.49,15.969,>15.969,99.990,0.624,0.298,g
2458775.83218,2019-10-19.3321232,bi,1.46,15.986,>15.986,99.990,0.423,0.293,g
2458775.83340,2019-10-19.3333344,bi,1.44,15.842,>15.842,99.990,0.340,0.334,g
2458776.42603,2019-10-19.9259590,bm,1.51,99.990,99.990,99.990,99.990,99.990,g
2458776.75564,2019-10-20.2555732,bi,1.45,15.893,>15.893,99.990,0.448,0.319,g
2458776.75685,2019-10-20.2567834,bi,1.43,15.913,>15.913,99.990,0.400,0.313,g
2458776.75807,2019-10-20.2580017,bi,1.48,15.897,>15.897,99.990,0.164,0.318,g
2458777.76739,2019-10-21.2673387,bi,1.50,15.981,>15.981,99.990,0.465,0.294,g
2458777.76861,2019-10-21.2685550,bi,1.41,16.141,>16.141,99.990,0.213,0.254,g
2458777.76983,2019-10-21.2697710,bi,1.42,15.961,>15.961,99.990,0.573,0.300,g
2458778.74044,2019-10-22.2403930,bi,1.52,15.771,>15.771,99.990,0.282,0.357,g
2458778.74166,2019-10-22.2416070,bi,1.51,15.804,>15.804,99.990,1.105,0.346,g
2458778.74287,2019-10-22.2428277,bi,1.49,15.780,>15.780,99.990,0.124,0.354,g
2458781.72384,2019-10-25.2238136,bi,1.45,15.981,>15.981,99.990,0.170,0.294,g
2458781.72506,2019-10-25.2250317,bi,1.45,15.982,>15.982,99.990,0.482,0.294,g
2458781.72627,2019-10-25.2262486,bi,1.46,15.951,>15.951,99.990,0.226,0.303,g
2458782.78085,2019-10-26.2808372,bi,1.45,16.008,>16.008,99.990,0.601,0.287,g
2458782.78205,2019-10-26.2820413,bi,1.37,16.129,>16.129,99.990,0.662,0.257,g
2458782.78327,2019-10-26.2832534,bi,1.44,16.038,>16.038,99.990,0.352,0.279,g
2458783.78895,2019-10-27.2889482,bi,1.40,15.948,>15.948,99.990,0.353,0.303,g
2458783.79018,2019-10-27.2901687,bi,1.43,15.861,>15.861,99.990,0.356,0.329,g
2458783.79140,2019-10-27.2913871,bi,1.42,15.794,>15.794,99.990,0.087,0.349,g
2458784.79700,2019-10-28.2970081,bi,1.40,99.990,99.990,99.990,99.990,99.990,g
2458784.79822,2019-10-28.2982215,bi,1.41,99.990,99.990,99.990,99.990,99.990,g
2458784.79943,2019-10-28.2994436,bi,1.42,99.990,99.990,99.990,99.990,99.990,g
2458785.74876,2019-10-29.2487753,bi,1.49,16.103,>16.103,99.990,0.436,0.263,g
2458785.74999,2019-10-29.2499971,bi,1.41,15.963,>15.963,99.990,0.117,0.299,g
2458785.75121,2019-10-29.2512199,bi,1.46,16.140,>16.140,99.990,0.222,0.254,g
2458786.72698,2019-10-30.2269937,bE,1.48,15.949,>15.949,99.990,0.423,0.303,g
2458786.72826,2019-10-30.2282832,bE,1.53,15.752,>15.752,99.990,0.642,0.363,g
2458786.72956,2019-10-30.2295712,bE,1.45,15.715,>15.715,99.990,-0.142,0.376,g
2458789.64413,2019-11-02.1441692,bE,1.41,15.966,>15.966,99.990,0.411,0.298,g
2458789.81088,2019-11-02.3109226,bi,1.44,15.562,>15.562,99.990,-0.445,0.433,g
2458790.64589,2019-11-03.1459369,bE,1.46,14.201,>14.201,99.990,4.838,1.518,g
2458790.64724,2019-11-03.1472907,bE,1.49,14.898,>14.898,99.990,-0.948,0.798,g
2458790.64850,2019-11-03.1485525,bE,1.46,15.077,>15.077,99.990,-0.444,0.676,g
2458791.62717,2019-11-04.1272289,bE,1.52,16.066,>16.066,99.990,0.174,0.272,g
2458791.62846,2019-11-04.1285137,bE,1.48,15.957,>15.957,99.990,0.221,0.301,g
2458791.62973,2019-11-04.1297859,bE,1.42,16.018,>16.018,99.990,0.324,0.284,g
2458792.41486,2019-11-04.9149207,bm,1.41,14.632,>14.632,99.990,-2.622,1.019,g
2458792.41609,2019-11-04.9161508,bm,1.42,14.952,>14.952,99.990,-0.646,0.759,g
2458792.41731,2019-11-04.9173672,bm,1.48,15.216,>15.216,99.990,-0.264,0.595,g
2458792.53493,2019-11-05.0349858,bm,1.49,16.064,>16.064,99.990,0.183,0.272,g
2458792.53614,2019-11-05.0362018,bm,1.51,16.011,>16.011,99.990,0.272,0.286,g
2458792.53735,2019-11-05.0374188,bm,1.53,15.989,>15.989,99.990,0.233,0.292,g
2458793.64815,2019-11-06.1482262,bE,1.51,15.864,>15.864,99.990,0.190,0.328,g
2458793.64942,2019-11-06.1494961,bE,1.52,15.990,>15.990,99.990,0.303,0.292,g
2458793.65069,2019-11-06.1507630,bE,1.49,15.997,>15.997,99.990,0.249,0.290,g
2458793.81839,2019-11-06.3184657,bi,1.45,15.912,>15.912,99.990,0.470,0.314,g
2458793.81961,2019-11-06.3196846,bi,1.45,15.993,>15.993,99.990,0.359,0.291,g
2458793.82083,2019-11-06.3209005,bi,1.42,16.067,>16.067,99.990,0.052,0.272,g
2458794.66727,2019-11-07.1673508,bi,1.43,15.872,>15.872,99.990,0.043,0.325,g
2458794.66849,2019-11-07.1685688,bi,1.44,15.918,>15.918,99.990,0.779,0.312,g
2458794.66971,2019-11-07.1697878,bi,1.48,15.886,>15.886,99.990,0.065,0.321,g
2458794.85023,2019-11-07.3503140,bE,1.46,16.020,>16.020,99.990,0.381,0.284,g
2458794.85151,2019-11-07.3515868,bE,1.46,15.948,>15.948,99.990,0.303,0.303,g
2458794.85277,2019-11-07.3528506,bE,1.47,16.043,>16.043,99.990,0.456,0.278,g
2458795.43527,2019-11-07.9353481,bm,1.64,15.920,>15.920,99.990,0.156,0.311,g
2458795.43648,2019-11-07.9365660,bm,1.67,15.906,>15.906,99.990,0.089,0.315,g
2458795.67665,2019-11-08.1767384,bE,1.60,15.927,>15.927,99.990,0.150,0.309,g
2458795.67792,2019-11-08.1780081,bE,1.49,15.867,>15.867,99.990,0.287,0.327,g
2458795.67920,2019-11-08.1792853,bE,1.46,15.913,>15.913,99.990,0.597,0.313,g
2458796.83891,2019-11-09.3390115,bi,1.39,16.032,>16.032,99.990,0.489,0.281,g
2458796.84015,2019-11-09.3402412,bi,1.48,15.946,>15.946,99.990,0.237,0.304,g
2458796.84136,2019-11-09.3414606,bi,1.45,15.891,>15.891,99.990,0.458,0.320,g
2458797.74133,2019-11-10.2414296,bi,1.44,15.778,>15.778,99.990,0.438,0.355,g
2458797.74255,2019-11-10.2426476,bi,1.43,15.823,>15.823,99.990,0.458,0.340,g
2458797.74376,2019-11-10.2438660,bi,1.42,15.796,>15.796,99.990,0.496,0.349,g
2458798.71906,2019-11-11.2191689,bi,1.48,15.857,>15.857,99.990,0.031,0.330,g
2458798.72028,2019-11-11.2203930,bi,1.46,15.688,>15.688,99.990,-0.105,0.385,g
2458798.72150,2019-11-11.2216085,bi,1.41,15.824,>15.824,99.990,0.744,0.340,g
2458799.75109,2019-11-12.2512111,bE,1.49,15.804,>15.804,99.990,0.517,0.346,g
2458799.75236,2019-11-12.2524783,bE,1.48,15.770,>15.770,99.990,0.308,0.357,g
2458799.75363,2019-11-12.2537476,bE,1.47,15.780,>15.780,99.990,0.645,0.354,g
2458799.77564,2019-11-12.2757626,bE,1.56,15.708,>15.708,99.990,0.130,0.378,g
2458800.76702,2019-11-13.2671452,bE,1.46,15.842,>15.842,99.990,0.709,0.334,g
2458800.76830,2019-11-13.2684193,bE,1.43,15.841,>15.841,99.990,0.528,0.335,g
2458800.76956,2019-11-13.2696861,bE,1.45,15.860,>15.860,99.990,-0.029,0.329,g
2458801.70194,2019-11-14.2020752,bE,1.50,15.834,>15.834,99.990,0.192,0.337,g
2458801.70322,2019-11-14.2033585,bE,1.57,15.830,>15.830,99.990,-0.083,0.338,g
2458801.70449,2019-11-14.2046248,bE,1.56,15.852,>15.852,99.990,0.424,0.331,g
2458802.85966,2019-11-15.3598020,bE,1.53,15.774,>15.774,99.990,0.313,0.356,g
2458803.75985,2019-11-16.2599981,bi,1.70,15.854,>15.854,99.990,0.265,0.331,g
2458803.76107,2019-11-16.2612196,bi,1.62,15.910,>15.910,99.990,0.332,0.314,g
2458803.76231,2019-11-16.2624567,bi,1.51,15.977,>15.977,99.990,-0.037,0.295,g
2458804.77591,2019-11-17.2760686,bi,1.34,15.893,>15.893,99.990,0.379,0.319,g
2458804.77715,2019-11-17.2773077,bi,1.44,15.714,>15.714,99.990,0.382,0.376,g
2458804.77905,2019-11-17.2792078,bE,1.54,16.128,>16.128,99.990,-0.013,0.257,g
2458805.81834,2019-11-18.3185137,bi,1.49,99.990,99.990,99.990,99.990,99.990,g
2458805.81956,2019-11-18.3197261,bi,1.39,15.988,>15.988,99.990,0.472,0.292,g
2458806.64449,2019-11-19.1446587,bi,1.50,15.973,>15.973,99.990,0.342,0.296,g
2458806.64570,2019-11-19.1458714,bi,1.40,16.079,>16.079,99.990,0.054,0.269,g
2458806.64693,2019-11-19.1470965,bi,1.44,15.920,>15.920,99.990,0.324,0.311,g
2458806.73872,2019-11-19.2388906,bE,1.47,16.098,>16.098,99.990,0.442,0.264,g
2458806.84931,2019-11-19.3494865,bi,1.67,16.120,>16.120,99.990,0.418,0.259,g
2458806.85054,2019-11-19.3507085,bi,1.61,16.053,>16.053,99.990,0.056,0.275,g
2458806.85176,2019-11-19.3519268,bi,1.60,15.996,>15.996,99.990,0.387,0.290,g
2458807.73275,2019-11-20.2329259,bi,1.45,15.930,>15.930,99.990,0.420,0.308,g
2458807.73397,2019-11-20.2341449,bi,1.50,15.945,>15.945,99.990,0.451,0.304,g
2458807.73518,2019-11-20.2353594,bi,1.41,15.937,>15.937,99.990,0.408,0.306,g
2458807.82271,2019-11-20.3228895,bE,1.48,16.053,>16.053,99.990,0.303,0.275,g
2458810.80986,2019-11-23.3100594,bi,1.46,15.988,>15.988,99.990,0.423,0.292,g
2458810.81108,2019-11-23.3112833,bi,1.41,15.991,>15.991,99.990,0.201,0.291,g
2458810.81230,2019-11-23.3124989,bi,1.45,15.980,>15.980,99.990,0.486,0.295,g
2458811.71491,2019-11-24.2151212,bE,1.43,16.028,>16.028,99.990,0.377,0.282,g
2458811.71618,2019-11-24.2163925,bE,1.52,16.084,>16.084,99.990,0.358,0.268,g
2458811.71747,2019-11-24.2176753,bE,1.41,16.068,>16.068,99.990,0.207,0.272,g
2458812.56845,2019-11-25.0686615,bE,1.51,16.017,>16.017,99.990,0.315,0.285,g
2458812.56972,2019-11-25.0699347,bE,1.57,15.994,>15.994,99.990,0.191,0.291,g
2458812.57099,2019-11-25.0712057,bE,1.49,16.051,>16.051,99.990,0.262,0.276,g
2458813.77845,2019-11-26.2786697,bi,1.45,15.893,>15.893,99.990,0.352,0.319,g
2458813.77966,2019-11-26.2798866,bi,1.44,15.914,>15.914,99.990,0.298,0.313,g
2458813.78088,2019-11-26.2811049,bi,1.50,15.943,>15.943,99.990,0.582,0.305,g
2458814.36808,2019-11-26.8682995,bm,1.53,16.023,>16.023,99.990,0.409,0.283,g
2458814.78577,2019-11-27.2859939,bE,1.51,16.068,>16.068,99.990,0.054,0.272,g
2458814.78703,2019-11-27.2872625,bE,1.48,16.056,>16.056,99.990,0.376,0.274,g
2458814.78831,2019-11-27.2885369,bE,1.56,16.076,>16.076,99.990,0.350,0.270,g
2458814.78959,2019-11-27.2898128,bE,1.51,15.967,>15.967,99.990,0.266,0.298,g
2458815.36963,2019-11-27.8698740,bm,1.49,16.060,>16.060,99.990,0.075,0.274,g
2458815.61980,2019-11-28.1200459,bE,1.62,15.952,>15.952,99.990,0.440,0.302,g
2458815.73045,2019-11-28.2306881,bE,1.56,15.943,>15.943,99.990,0.142,0.305,g
2458815.73172,2019-11-28.2319549,bE,1.48,15.988,>15.988,99.990,0.310,0.292,g
2458815.73299,2019-11-28.2332311,bE,1.50,15.945,>15.945,99.990,0.457,0.304,g
2458816.79235,2019-11-29.2925906,bE,1.51,15.943,>15.943,99.990,0.289,0.305,g
2458816.79363,2019-11-29.2938663,bE,1.48,15.978,>15.978,99.990,0.182,0.295,g
2458816.79489,2019-11-29.2951290,bE,1.53,15.970,>15.970,99.990,0.388,0.297,g
2458817.31904,2019-11-29.8192886,bm,1.56,15.990,>15.990,99.990,0.251,0.292,g
2458817.32024,2019-11-29.8204938,bm,1.59,15.909,>15.909,99.990,0.420,0.314,g
2458817.32145,2019-11-29.8216934,bm,1.57,16.035,>16.035,99.990,0.225,0.280,g
2458817.74473,2019-11-30.2449739,bE,1.50,16.034,>16.034,99.990,0.474,0.280,g
2458818.32357,2019-11-30.8238243,bm,1.55,15.994,>15.994,99.990,0.243,0.291,g
2458818.32479,2019-11-30.8250425,bm,1.50,15.942,>15.942,99.990,0.392,0.305,g
2458818.32601,2019-11-30.8262575,bm,1.49,15.956,>15.956,99.990,0.300,0.301,g
2458819.32431,2019-12-01.8245707,bm,1.53,16.046,>16.046,99.990,0.342,0.277,g
2458819.32553,2019-12-01.8257879,bm,1.55,15.994,>15.994,99.990,0.482,0.291,g
2458819.32675,2019-12-01.8270035,bm,1.45,16.064,>16.064,99.990,0.619,0.273,g
2458819.68950,2019-12-02.1897653,bi,1.40,16.025,>16.025,99.990,0.613,0.282,g
2458819.69073,2019-12-02.1909868,bi,1.38,16.006,>16.006,99.990,0.530,0.287,g
2458819.69194,2019-12-02.1922023,bi,1.43,16.034,>16.034,99.990,0.544,0.280,g
2458820.32742,2019-12-02.8276861,bm,1.46,99.990,99.990,99.990,99.990,99.990,g
2458820.32861,2019-12-02.8288834,bm,1.51,99.990,99.990,99.990,99.990,99.990,g
2458820.73105,2019-12-03.2313172,bi,1.45,16.018,>16.018,99.990,0.402,0.284,g
2458820.73226,2019-12-03.2325344,bi,1.47,16.129,>16.129,99.990,0.416,0.257,g
2458820.73349,2019-12-03.2337608,bi,1.46,15.944,>15.944,99.990,0.314,0.304,g
2458821.37449,2019-12-03.8747582,bm,2.29,99.990,99.990,99.990,99.990,99.990,g
2458822.70293,2019-12-05.2032103,bi,1.53,15.929,>15.929,99.990,0.288,0.309,g
2458822.70414,2019-12-05.2044289,bi,1.41,15.948,>15.948,99.990,0.558,0.303,g
2458822.70536,2019-12-05.2056490,bi,1.46,16.059,>16.059,99.990,0.557,0.274,g
2458823.60902,2019-12-06.1093031,bE,1.56,15.910,>15.910,99.990,-0.082,0.314,g
2458823.61030,2019-12-06.1105820,bE,1.56,16.043,>16.043,99.990,0.457,0.278,g
2458823.61156,2019-12-06.1118538,bE,1.49,16.015,>16.015,99.990,0.318,0.285,g
2458823.79663,2019-12-06.2969108,bE,1.47,16.062,>16.062,99.990,0.347,0.273,g
2458823.79790,2019-12-06.2981806,bE,1.56,15.969,>15.969,99.990,0.217,0.297,g
2458823.79917,2019-12-06.2994561,bE,1.52,16.056,>16.056,99.990,0.341,0.275,g
2458824.75175,2019-12-07.2520450,bi,1.35,15.916,>15.916,99.990,0.104,0.312,g
2458824.75298,2019-12-07.2532725,bi,1.50,15.909,>15.909,99.990,0.380,0.314,g
2458824.75421,2019-12-07.2545,bi,1.50,15.893,>15.893,99.990,0.075,0.319,g
2458825.31734,2019-12-07.8176304,bm,1.51,15.797,>15.797,99.990,0.365,0.348,g
2458825.31856,2019-12-07.8188564,bm,1.50,15.861,>15.861,99.990,0.273,0.329,g
2458825.31980,2019-12-07.8200967,bm,1.46,15.898,>15.898,99.990,-0.044,0.318,g
2458825.58533,2019-12-08.0856251,bi,1.44,15.868,>15.868,99.990,-0.053,0.326,g
2458825.58656,2019-12-08.0868538,bi,1.40,15.851,>15.851,99.990,0.337,0.332,g
2458825.58777,2019-12-08.0880709,bi,1.45,15.941,>15.941,99.990,0.284,0.305,g
2458826.31828,2019-12-08.8185787,bm,1.61,15.148,>15.148,99.990,1.384,0.634,g
2458826.31967,2019-12-08.8199655,bm,1.71,14.689,>14.689,99.990,0.022,0.967,g
2458826.32132,2019-12-08.8216162,bm,1.58,14.080,>14.080,99.990,2.295,1.696,g
2458826.67319,2019-12-09.1735018,bi,1.36,15.940,>15.940,99.990,1.058,0.306,g
2458826.67441,2019-12-09.1747165,bi,1.40,16.099,>16.099,99.990,0.381,0.264,g
2458826.67563,2019-12-09.1759310,bi,1.52,15.907,>15.907,99.990,0.428,0.315,g
2458826.83482,2019-12-09.3351238,bE,1.50,16.164,>16.164,99.990,0.353,0.248,g
2458826.84363,2019-12-09.3439396,bi,1.44,15.945,>15.945,99.990,0.399,0.304,g
2458826.84486,2019-12-09.3451628,bi,1.46,15.943,>15.943,99.990,0.441,0.305,g
2458826.84609,2019-12-09.3463947,bi,1.41,16.104,>16.104,99.990,0.616,0.263,g
2458827.68184,2019-12-10.1821517,bE,1.48,15.910,>15.910,99.990,0.145,0.314,g
2458827.68311,2019-12-10.1834202,bE,1.51,15.954,>15.954,99.990,0.451,0.302,g
2458827.68438,2019-12-10.1846939,bE,1.49,15.887,>15.887,99.990,0.183,0.321,g
2458828.79422,2019-12-11.2945353,bi,1.46,15.728,>15.728,99.990,0.186,0.371,g
2458828.84085,2019-12-11.3411673,bi,1.42,15.728,>15.728,99.990,0.623,0.371,g
2458828.84207,2019-12-11.3423901,bi,1.47,15.727,>15.727,99.990,0.409,0.372,g
2458829.32283,2019-12-11.8231467,bm,1.60,15.675,>15.675,99.990,0.510,0.390,g
2458829.32404,2019-12-11.8243577,bm,1.55,15.606,>15.606,99.990,0.244,0.416,g
2458829.32526,2019-12-11.8255751,bm,1.50,15.746,>15.746,99.990,0.813,0.365,g
2458829.51984,2019-12-12.0201579,bm,1.55,15.691,>15.691,99.990,-0.026,0.384,g
2458829.52106,2019-12-12.0213781,bm,1.59,15.536,>15.536,99.990,0.463,0.443,g
2458829.52227,2019-12-12.0225903,bm,1.55,15.621,>15.621,99.990,1.074,0.410,g
2458829.62816,2019-12-12.1284836,bi,1.57,15.617,>15.617,99.990,-0.090,0.411,g
2458830.76604,2019-12-13.2663703,bi,1.40,15.770,>15.770,99.990,0.794,0.357,g
2458830.76725,2019-12-13.2675819,bi,1.57,15.858,>15.858,99.990,1.017,0.329,g
2458830.76847,2019-12-13.2687998,bi,1.50,15.696,>15.696,99.990,0.426,0.382,g
2458831.79705,2019-12-14.2973831,bi,1.42,15.830,>15.830,99.990,0.078,0.338,g
2458831.79827,2019-12-14.2986049,bi,1.45,15.767,>15.767,99.990,0.384,0.358,g
2458831.79950,2019-12-14.2998361,bi,1.47,16.040,>16.040,99.990,0.022,0.279,g
2458832.68019,2019-12-15.1805296,bi,1.52,15.789,>15.789,99.990,0.636,0.351,g
2458832.68141,2019-12-15.1817491,bi,1.41,15.741,>15.741,99.990,0.603,0.367,g
2458832.68263,2019-12-15.1829697,bi,1.46,15.718,>15.718,99.990,0.244,0.375,g
2458833.32108,2019-12-15.8214259,bm,1.49,16.051,>16.051,99.990,0.271,0.276,g
2458833.32231,2019-12-15.8226454,bm,1.55,15.984,>15.984,99.990,0.217,0.293,g
2458833.32351,2019-12-15.8238603,bm,1.51,15.972,>15.972,99.990,0.465,0.297,g
2458833.55948,2019-12-16.0598228,bi,1.47,15.966,>15.966,99.990,0.120,0.298,g
2458833.56071,2019-12-16.0610515,bi,1.41,15.936,>15.936,99.990,0.219,0.307,g
2458833.56193,2019-12-16.0622719,bi,1.44,15.865,>15.865,99.990,0.188,0.327,g
2458833.80168,2019-12-16.3020224,bi,1.38,15.805,>15.805,99.990,0.577,0.346,g
2458833.80289,2019-12-16.3032358,bi,1.45,15.757,>15.757,99.990,-0.092,0.362,g
2458833.80411,2019-12-16.3044542,bi,1.50,15.796,>15.796,99.990,0.021,0.349,g
2458834.32170,2019-12-16.8220459,bm,1.45,15.934,>15.934,99.990,0.381,0.307,g
2458834.32291,2019-12-16.8232619,bm,1.50,15.995,>15.995,99.990,0.281,0.290,g
2458834.32413,2019-12-16.8244802,bm,1.50,16.115,>16.115,99.990,0.527,0.260,g
2458834.56471,2019-12-17.0650570,bi,1.46,15.935,>15.935,99.990,0.424,0.307,g
2458834.56593,2019-12-17.0662752,bi,1.46,16.057,>16.057,99.990,0.171,0.274,g
2458834.77557,2019-12-17.2759219,bi,1.40,15.989,>15.989,99.990,0.172,0.292,g
2458834.77679,2019-12-17.2771438,bi,1.44,15.830,>15.830,99.990,0.147,0.338,g
2458834.77801,2019-12-17.2783583,bi,1.45,16.054,>16.054,99.990,0.546,0.275,g
2458835.55651,2019-12-18.0568660,bi,1.50,15.991,>15.991,99.990,0.500,0.291,g
2458835.55774,2019-12-18.0580983,bi,1.42,15.993,>15.993,99.990,0.355,0.291,g
2458835.55897,2019-12-18.0593260,bi,1.44,16.004,>16.004,99.990,0.444,0.288,g
2458835.76459,2019-12-18.2649532,bi,1.46,15.850,>15.850,99.990,0.691,0.332,g
2458835.76583,2019-12-18.2661874,bi,1.47,15.936,>15.936,99.990,0.424,0.307,g
2458835.76705,2019-12-18.2674145,bi,1.41,15.894,>15.894,99.990,0.212,0.319,g
2458836.74969,2019-12-19.2500584,bi,1.41,15.892,>15.892,99.990,0.604,0.319,g
2458836.75092,2019-12-19.2512790,bi,1.46,15.927,>15.927,99.990,0.302,0.309,g
2458836.75213,2019-12-19.2524940,bi,1.41,15.908,>15.908,99.990,0.385,0.315,g
2458837.76058,2019-12-20.26095,bE,1.51,16.041,>16.041,99.990,0.381,0.278,g
2458837.76185,2019-12-20.2622131,bE,1.53,16.003,>16.003,99.990,0.113,0.288,g
2458837.76311,2019-12-20.2634788,bE,1.47,16.073,>16.073,99.990,0.278,0.270,g
2458838.54949,2019-12-21.0498569,bm,1.48,16.171,>16.171,99.990,0.610,0.247,g
2458838.73172,2019-12-21.2320998,bi,1.46,15.909,>15.909,99.990,0.507,0.314,g
2458838.73417,2019-12-21.2345366,bi,1.43,16.059,>16.059,99.990,0.469,0.274,g
2458839.32741,2019-12-21.8277827,bm,1.58,16.071,>16.071,99.990,0.496,0.271,g
2458839.32862,2019-12-21.8289884,bm,1.56,16.090,>16.090,99.990,0.306,0.266,g
2458839.32985,2019-12-21.8302204,bm,1.56,16.071,>16.071,99.990,0.416,0.271,g
2458840.32384,2019-12-22.8242096,bm,1.49,16.053,>16.053,99.990,0.289,0.275,g
2458840.32506,2019-12-22.8254299,bm,1.59,16.045,>16.045,99.990,0.285,0.277,g
2458840.32628,2019-12-22.8266560,bm,1.48,16.044,>16.044,99.990,0.873,0.278,g
2458840.71993,2019-12-23.2203040,bi,1.53,16.067,>16.067,99.990,0.449,0.272,g
2458840.72113,2019-12-23.2215081,bi,1.51,16.180,>16.180,99.990,0.578,0.245,g
2458840.72234,2019-12-23.2227166,bi,1.45,15.984,>15.984,99.990,0.538,0.293,g
2458841.72161,2019-12-24.2219983,bE,1.49,16.047,>16.047,99.990,0.308,0.277,g
2458841.72290,2019-12-24.2232817,bE,1.49,16.021,>16.021,99.990,0.136,0.284,g
2458841.72418,2019-12-24.2245615,bE,1.48,15.948,>15.948,99.990,0.461,0.303,g
2458842.33516,2019-12-24.8355458,bm,1.54,16.166,>16.166,99.990,0.291,0.248,g
2458842.33643,2019-12-24.8368186,bm,1.60,16.140,>16.140,99.990,0.177,0.254,g
2458842.33765,2019-12-24.8380393,bm,1.63,16.014,>16.014,99.990,-0.049,0.285,g
2458842.66144,2019-12-25.1618241,bE,1.45,16.059,>16.059,99.990,0.195,0.274,g
2458842.66271,2019-12-25.1630982,bE,1.52,16.010,>16.010,99.990,0.315,0.287,g
2458842.66397,2019-12-25.1643604,bE,1.46,16.088,>16.088,99.990,0.293,0.267,g
2458843.63896,2019-12-26.1393525,bE,1.56,15.978,>15.978,99.990,0.299,0.295,g
2458843.64023,2019-12-26.1406263,bE,1.51,16.128,>16.128,99.990,0.249,0.257,g
2458843.64151,2019-12-26.1418998,bE,1.55,16.030,>16.030,99.990,0.514,0.281,g
2458844.71308,2019-12-27.2134731,bE,1.52,16.116,>16.116,99.990,0.345,0.260,g
2458844.71434,2019-12-27.2147387,bE,1.48,16.026,>16.026,99.990,0.300,0.282,g
2458844.71560,2019-12-27.2159986,bE,1.50,16.007,>16.007,99.990,0.272,0.287,g
2458846.74231,2019-12-29.2427150,bE,1.48,16.096,>16.096,99.990,0.280,0.265,g
2458846.74360,2019-12-29.2440042,bE,1.49,15.986,>15.986,99.990,0.135,0.293,g
2458846.74490,2019-12-29.2453004,bE,1.48,16.004,>16.004,99.990,0.434,0.288,g
2458847.32643,2019-12-29.8268283,bm,2.10,16.210,>16.210,99.990,0.031,0.238,g
2458847.32763,2019-12-29.8280342,bm,2.09,16.155,>16.155,99.990,0.098,0.251,g
2458847.32884,2019-12-29.8292410,bm,1.59,16.181,>16.181,99.990,0.032,0.245,g
2458847.71105,2019-12-30.2114530,bi,1.43,15.887,>15.887,99.990,0.422,0.321,g
2458847.71227,2019-12-30.2126781,bi,1.37,15.949,>15.949,99.990,0.390,0.303,g
2458847.71349,2019-12-30.2138937,bi,1.42,15.924,>15.924,99.990,0.118,0.310,g
2458849.32670,2019-12-31.8271050,bm,1.48,16.067,>16.067,99.990,0.610,0.272,g
2458849.32792,2019-12-31.8283270,bm,1.56,16.026,>16.026,99.990,0.291,0.282,g
2458849.32913,2019-12-31.8295456,bm,1.46,15.962,>15.962,99.990,0.397,0.299,g
2458849.76486,2020-01-01.2652681,bi,1.41,15.998,>15.998,99.990,0.297,0.290,g
2458849.76608,2020-01-01.2664888,bi,1.46,16.027,>16.027,99.990,0.029,0.282,g
2458849.76729,2020-01-01.2677021,bi,1.43,15.910,>15.910,99.990,0.343,0.314,g
2458850.77294,2020-01-02.2733609,bE,1.41,16.015,>16.015,99.990,0.301,0.285,g
2458850.77421,2020-01-02.2746285,bE,1.45,16.001,>16.001,99.990,0.359,0.289,g
2458850.77548,2020-01-02.2758925,bE,1.57,15.966,>15.966,99.990,0.449,0.298,g
2458851.33772,2020-01-02.8381386,bm,1.49,15.989,>15.989,99.990,0.012,0.292,g
2458851.33895,2020-01-02.8393678,bm,1.49,15.951,>15.951,99.990,0.261,0.302,g
2458851.34018,2020-01-02.8405951,bm,1.48,16.091,>16.091,99.990,0.501,0.266,g
2458852.41632,2020-01-03.9167431,bm,1.55,15.896,>15.896,99.990,0.450,0.318,g
2458852.41754,2020-01-03.9179605,bm,1.55,15.863,>15.863,99.990,0.174,0.328,g
2458852.41875,2020-01-03.9191755,bm,1.55,15.887,>15.887,99.990,0.178,0.321,g
2458852.56835,2020-01-04.0687739,bi,1.39,15.881,>15.881,99.990,0.616,0.323,g
2458852.57078,2020-01-04.0712061,bi,1.45,16.019,>16.019,99.990,0.107,0.284,g
2458852.78386,2020-01-04.2842840,bi,1.40,15.949,>15.949,99.990,0.431,0.303,g
2458852.78508,2020-01-04.2854988,bi,1.43,15.967,>15.967,99.990,0.400,0.298,g
2458852.78630,2020-01-04.286725,bi,1.45,15.897,>15.897,99.990,0.495,0.318,g
2458853.57967,2020-01-05.0801,bi,1.39,15.896,>15.896,99.990,0.340,0.318,g
2458853.58090,2020-01-05.0813247,bi,1.39,15.837,>15.837,99.990,0.444,0.336,g
2458853.58212,2020-01-05.0825449,bi,1.43,16.064,>16.064,99.990,0.641,0.273,g
2458853.81106,2020-01-05.3114871,bE,1.46,16.184,>16.184,99.990,0.245,0.244,g
2458853.81234,2020-01-05.3127662,bE,1.47,16.076,>16.076,99.990,0.306,0.270,g
2458853.81362,2020-01-05.3140458,bE,1.49,15.927,>15.927,99.990,0.173,0.309,g
2458854.76151,2020-01-06.2619326,bi,1.44,15.849,>15.849,99.990,0.410,0.332,g
2458854.76273,2020-01-06.2631555,bi,1.46,15.823,>15.823,99.990,0.489,0.340,g
2458854.76395,2020-01-06.2643781,bi,1.50,15.813,>15.813,99.990,0.142,0.344,g
2458855.33864,2020-01-06.8390736,bm,1.51,15.539,>15.539,99.990,-0.208,0.442,g
2458855.33986,2020-01-06.8402912,bm,1.52,15.752,>15.752,99.990,-0.436,0.363,g
2458855.34107,2020-01-06.8414998,bm,1.54,15.807,>15.807,99.990,0.393,0.345,g
2458855.63191,2020-01-07.1323457,bi,1.41,15.746,>15.746,99.990,0.304,0.365,g
2458855.63314,2020-01-07.1335651,bi,1.42,15.525,>15.525,99.990,0.857,0.448,g
2458855.80343,2020-01-07.3038543,bE,1.48,15.859,>15.859,99.990,0.151,0.329,g
2458855.80470,2020-01-07.3051269,bE,1.45,15.969,>15.969,99.990,0.270,0.297,g
2458855.80597,2020-01-07.3064034,bE,1.44,16.010,>16.010,99.990,0.516,0.286,g
2458856.33400,2020-01-07.8344332,bm,1.51,15.877,>15.877,99.990,0.280,0.324,g
2458856.33522,2020-01-07.8356516,bm,1.57,15.824,>15.824,99.990,0.227,0.340,g
2458856.33652,2020-01-07.8369471,bm,1.50,15.922,>15.922,99.990,-0.055,0.311,g
2458856.53105,2020-01-08.0314813,bi,2.05,15.387,>15.387,99.990,-0.307,0.508,g
2458856.53227,2020-01-08.0326984,bi,2.05,15.379,>15.379,99.990,0.185,0.512,g
2458856.53348,2020-01-08.0339153,bi,2.01,15.477,>15.477,99.990,-0.514,0.468,g
2458856.80187,2020-01-08.3023033,bE,1.48,15.792,>15.792,99.990,0.293,0.350,g
2458857.32822,2020-01-08.8286564,bm,1.50,15.787,>15.787,99.990,-0.481,0.352,g
2458857.32945,2020-01-08.8298804,bm,1.55,15.719,>15.719,99.990,0.310,0.375,g
2458857.33069,2020-01-08.8311259,bm,1.51,15.923,>15.923,99.990,0.462,0.310,g
2458857.79515,2020-01-09.2955839,bi,1.48,15.781,>15.781,99.990,0.058,0.354,g
2458857.79637,2020-01-09.2968045,bi,1.44,15.754,>15.754,99.990,0.722,0.363,g
2458857.79759,2020-01-09.2980226,bi,1.41,15.648,>15.648,99.990,1.089,0.400,g
2458858.32606,2020-01-09.8264993,bm,1.47,15.403,>15.403,99.990,-1.398,0.502,g
2458858.32726,2020-01-09.8277078,bm,1.52,15.680,>15.680,99.990,0.612,0.388,g
2458858.32849,2020-01-09.8289391,bm,1.65,15.744,>15.744,99.990,0.396,0.366,g
2458858.75668,2020-01-10.2571137,bi,1.60,15.586,>15.586,99.990,0.320,0.423,g
2458858.75789,2020-01-10.2583276,bi,1.53,15.667,>15.667,99.990,0.755,0.393,g
2458859.32604,2020-01-10.8264737,bm,1.51,15.669,>15.669,99.990,0.087,0.392,g
2458859.32725,2020-01-10.8276841,bm,1.52,15.610,>15.610,99.990,-0.383,0.414,g
2458859.32846,2020-01-10.8289,bm,1.54,15.583,>15.583,99.990,0.121,0.424,g
2458859.66366,2020-01-11.1641063,bE,1.53,15.291,>15.291,99.990,0.855,0.555,g
2458859.66504,2020-01-11.1654796,bE,1.67,15.609,>15.609,99.990,-0.095,0.414,g
2458859.66635,2020-01-11.1667883,bE,1.49,15.608,>15.608,99.990,-0.379,0.415,g
2458860.33029,2020-01-11.8307244,bm,1.46,15.727,>15.727,99.990,0.021,0.372,g
2458860.33150,2020-01-11.8319414,bm,1.56,15.809,>15.809,99.990,0.796,0.345,g
2458860.33272,2020-01-11.8331599,bm,1.55,15.738,>15.738,99.990,-0.046,0.368,g
2458860.39002,2020-01-11.8904616,bm,1.50,15.786,>15.786,99.990,0.482,0.352,g
2458860.39124,2020-01-11.8916775,bm,1.52,15.711,>15.711,99.990,-0.211,0.377,g
2458860.39246,2020-01-11.8928944,bm,1.56,15.734,>15.734,99.990,0.125,0.369,g
2458860.51038,2020-01-12.0108197,bm,1.51,15.719,>15.719,99.990,0.236,0.375,g
2458860.59438,2020-01-12.0948138,bi,1.48,15.713,>15.713,99.990,0.163,0.377,g
2458860.59560,2020-01-12.0960417,bi,1.46,15.803,>15.803,99.990,0.292,0.346,g
2458860.59682,2020-01-12.0972597,bi,1.53,15.761,>15.761,99.990,0.466,0.360,g
2458860.78862,2020-01-12.2890670,bE,1.44,15.808,>15.808,99.990,0.501,0.345,g
2458860.78989,2020-01-12.2903314,bE,1.46,15.776,>15.776,99.990,0.344,0.355,g
2458860.79119,2020-01-12.2916267,bE,1.57,15.706,>15.706,99.990,0.008,0.379,g
2458861.32584,2020-01-12.8262815,bm,1.52,15.829,>15.829,99.990,0.669,0.338,g
2458861.32704,2020-01-12.8274868,bm,1.51,16.001,>16.001,99.990,0.058,0.289,g
2458861.32826,2020-01-12.8286991,bm,1.47,15.839,>15.839,99.990,0.126,0.335,g
2458861.61635,2020-01-13.1167928,bi,1.48,16.031,>16.031,99.990,0.292,0.281,g
2458861.61879,2020-01-13.1192398,bi,1.51,15.944,>15.944,99.990,0.214,0.305,g
2458861.78870,2020-01-13.2891387,bi,1.39,15.801,>15.801,99.990,-0.083,0.347,g
2458861.78991,2020-01-13.2903533,bi,1.47,15.698,>15.698,99.990,0.225,0.382,g
2458861.79113,2020-01-13.2915706,bi,1.41,15.757,>15.757,99.990,0.292,0.361,g
2458862.60682,2020-01-14.1072732,bi,1.50,15.930,>15.930,99.990,0.461,0.308,g
2458862.60928,2020-01-14.1097193,bi,1.48,15.966,>15.966,99.990,0.305,0.298,g
2458862.78332,2020-01-14.2837635,bi,1.43,15.831,>15.831,99.990,0.673,0.338,g
2458862.78454,2020-01-14.2849810,bi,1.45,15.803,>15.803,99.990,0.614,0.347,g
2458862.78576,2020-01-14.2862011,bi,1.49,15.701,>15.701,99.990,0.058,0.381,g
2458863.33177,2020-01-14.8322168,bm,1.46,16.005,>16.005,99.990,0.426,0.288,g
2458863.33300,2020-01-14.8334408,bm,1.53,16.078,>16.078,99.990,0.452,0.269,g
2458863.33422,2020-01-14.8346635,bm,1.53,16.050,>16.050,99.990,0.371,0.276,g
2458863.51812,2020-01-15.0185638,bm,1.56,16.017,>16.017,99.990,-1.289,0.285,g
2458863.51937,2020-01-15.0198125,bm,1.63,15.894,>15.894,99.990,0.300,0.319,g
2458863.58462,2020-01-15.0850646,bE,1.55,16.024,>16.024,99.990,0.324,0.283,g
2458863.58588,2020-01-15.0863314,bE,1.48,15.968,>15.968,99.990,0.310,0.298,g
2458863.58715,2020-01-15.0875938,bE,1.47,16.124,>16.124,99.990,0.188,0.258,g
2458863.77672,2020-01-15.2771697,bi,1.44,15.725,>15.725,99.990,0.415,0.373,g
2458863.77794,2020-01-15.2783915,bi,1.38,15.922,>15.922,99.990,0.303,0.311,g
2458863.77917,2020-01-15.2796179,bi,1.38,15.792,>15.792,99.990,-0.262,0.350,g
2458864.59994,2020-01-16.1003890,bE,1.53,16.084,>16.084,99.990,0.386,0.268,g
2458864.60121,2020-01-16.1016565,bE,1.53,16.008,>16.008,99.990,0.092,0.287,g
2458864.60247,2020-01-16.1029187,bE,1.56,16.104,>16.104,99.990,0.544,0.263,g
2458864.78309,2020-01-16.2835398,bE,1.49,16.055,>16.055,99.990,0.083,0.275,g
2458864.78438,2020-01-16.2848223,bE,1.44,15.877,>15.877,99.990,-0.058,0.324,g
2458864.78567,2020-01-16.2861163,bE,1.43,15.988,>15.988,99.990,0.494,0.292,g
2458865.56867,2020-01-17.0691152,bE,1.61,15.940,>15.940,99.990,0.033,0.305,g
2458865.56996,2020-01-17.0704065,bE,1.62,15.822,>15.822,99.990,0.187,0.341,g
2458865.57122,2020-01-17.0716737,bE,1.63,15.805,>15.805,99.990,0.181,0.346,g
2458866.58953,2020-01-18.0899737,bi,1.49,16.016,>16.016,99.990,0.436,0.285,g
2458866.59075,2020-01-18.0912030,bi,1.47,16.043,>16.043,99.990,0.303,0.278,g
2458866.59198,2020-01-18.0924293,bi,1.52,15.996,>15.996,99.990,0.546,0.290,g
2458867.57443,2020-01-19.0748789,bi,1.44,15.718,>15.718,99.990,0.490,0.375,g
2458867.57564,2020-01-19.0760995,bi,1.41,15.611,>15.611,99.990,1.013,0.414,g
2458867.57687,2020-01-19.0773285,bi,1.43,14.916,>14.916,99.990,0.281,0.785,g
2458868.76484,2020-01-20.2652937,bi,1.42,15.897,>15.897,99.990,0.540,0.318,g
2458868.76606,2020-01-20.2665097,bi,1.39,16.038,>16.038,99.990,0.428,0.279,g
2458868.76727,2020-01-20.2677322,bi,1.42,15.915,>15.915,99.990,0.346,0.313,g
2458869.76083,2020-01-21.2612883,bi,1.35,15.916,>15.916,99.990,0.518,0.312,g
2458869.76206,2020-01-21.2625148,bi,1.37,15.902,>15.902,99.990,0.203,0.316,g
2458869.76328,2020-01-21.2637399,bi,1.46,15.889,>15.889,99.990,0.413,0.320,g
2458870.76170,2020-01-22.2621465,bi,1.37,15.948,>15.948,99.990,0.131,0.303,g
2458870.76292,2020-01-22.2633708,bi,1.45,15.995,>15.995,99.990,0.654,0.290,g
2458870.76414,2020-01-22.2645950,bi,1.41,15.973,>15.973,99.990,0.144,0.297,g
2458871.76127,2020-01-23.2617194,bi,1.45,15.908,>15.908,99.990,0.420,0.315,g
2458871.76248,2020-01-23.2629365,bi,1.38,15.979,>15.979,99.990,0.504,0.295,g
2458871.76371,2020-01-23.2641628,bi,1.39,15.945,>15.945,99.990,0.652,0.304,g
2458875.74319,2020-01-27.2436430,bi,1.41,15.826,>15.826,99.990,0.569,0.339,g
2458875.74441,2020-01-27.2448673,bi,1.36,15.857,>15.857,99.990,0.595,0.330,g
2458875.74564,2020-01-27.2460947,bi,1.41,15.985,>15.985,99.990,0.568,0.293,g
2458877.74978,2020-01-29.2502406,bi,1.37,15.805,>15.805,99.990,0.227,0.346,g
2458877.75100,2020-01-29.2514616,bi,1.44,15.772,>15.772,99.990,0.269,0.357,g
2458877.75222,2020-01-29.2526766,bi,1.43,15.872,>15.872,99.990,0.278,0.325,g
2458878.73630,2020-01-30.2367468,bi,1.35,15.875,>15.875,99.990,0.159,0.324,g
2458878.73751,2020-01-30.2379667,bi,1.45,16.030,>16.030,99.990,0.260,0.281,g
2458879.73087,2020-01-31.2313192,bi,1.41,16.022,>16.022,99.990,0.532,0.283,g
2458879.73210,2020-01-31.2325462,bi,1.45,15.918,>15.918,99.990,0.723,0.312,g
2458879.73332,2020-01-31.2337716,bi,1.45,16.026,>16.026,99.990,0.512,0.282,g
2458880.73924,2020-02-01.2396922,bE,1.45,15.966,>15.966,99.990,0.289,0.298,g
2458880.74053,2020-02-01.2409848,bE,1.47,16.067,>16.067,99.990,0.363,0.272,g
2458880.74181,2020-02-01.2422598,bE,1.52,15.974,>15.974,99.990,0.158,0.296,g
2458881.72547,2020-02-02.2259204,bi,1.35,15.932,>15.932,99.990,0.587,0.308,g
2458881.72670,2020-02-02.2271483,bi,1.40,15.970,>15.970,99.990,0.280,0.297,g
2458881.72793,2020-02-02.2283770,bi,1.44,15.901,>15.901,99.990,0.473,0.317,g
2458882.72165,2020-02-03.2221019,bi,1.56,15.956,>15.956,99.990,0.449,0.301,g
2458882.72288,2020-02-03.2233224,bi,1.49,15.960,>15.960,99.990,0.434,0.300,g
2458882.72410,2020-02-03.2245524,bi,1.43,15.865,>15.865,99.990,0.539,0.327,g
2458883.72088,2020-02-04.2213237,bi,1.40,15.842,>15.842,99.990,0.237,0.334,g
2458883.72210,2020-02-04.2225445,bi,1.46,15.907,>15.907,99.990,0.626,0.315,g
2458883.72331,2020-02-04.2237607,bi,1.44,16.028,>16.028,99.990,0.621,0.282,g
2458884.71678,2020-02-05.2172243,bi,1.44,15.820,>15.820,99.990,0.192,0.341,g
2458884.71800,2020-02-05.2184414,bi,1.49,15.787,>15.787,99.990,0.449,0.352,g
2458884.71922,2020-02-05.2196692,bi,1.50,15.785,>15.785,99.990,0.367,0.352,g
2458885.72481,2020-02-06.2252531,bE,1.51,15.900,>15.900,99.990,0.379,0.317,g
2458885.72609,2020-02-06.2265348,bE,1.51,15.790,>15.790,99.990,0.211,0.351,g
2458885.72737,2020-02-06.2278114,bE,1.45,15.840,>15.840,99.990,0.460,0.335,g
2458886.71178,2020-02-07.2122219,bi,1.41,15.721,>15.721,99.990,0.258,0.374,g
2458886.71423,2020-02-07.2146857,bi,1.49,15.601,>15.601,99.990,0.341,0.418,g
2458887.70801,2020-02-08.2084533,bi,1.51,15.706,>15.706,99.990,0.097,0.379,g
2458887.70925,2020-02-08.2096877,bi,1.52,15.722,>15.722,99.990,0.928,0.374,g
2458887.71048,2020-02-08.2109192,bi,1.42,15.610,>15.610,99.990,0.392,0.414,g
2458888.70349,2020-02-09.2039259,bi,1.42,15.530,>15.530,99.990,-0.552,0.446,g
2458888.70471,2020-02-09.2051489,bi,1.46,15.743,>15.743,99.990,-0.029,0.366,g
2458888.70593,2020-02-09.2063696,bi,1.44,15.445,>15.445,99.990,0.680,0.482,g
2458889.70323,2020-02-10.2036607,bi,1.46,15.548,>15.548,99.990,0.867,0.438,g
2458889.70444,2020-02-10.2048781,bi,1.53,15.635,>15.635,99.990,0.455,0.405,g
2458889.70566,2020-02-10.2060947,bi,1.55,15.595,>15.595,99.990,0.133,0.420,g
2458890.70176,2020-02-11.2021936,bi,1.45,15.775,>15.775,99.990,0.372,0.356,g
2458890.70298,2020-02-11.2034119,bi,1.44,15.884,>15.884,99.990,0.178,0.322,g
2458890.70421,2020-02-11.2046407,bi,1.40,15.752,>15.752,99.990,0.511,0.363,g
2458891.69713,2020-02-12.1975677,bi,1.47,15.738,>15.738,99.990,0.536,0.368,g
2458891.69836,2020-02-12.1987896,bi,1.47,15.523,>15.523,99.990,0.459,0.448,g
2458891.69959,2020-02-12.2000172,bi,1.54,15.380,>15.380,99.990,-0.637,0.512,g
2458892.70494,2020-02-13.2053644,bi,1.39,15.731,>15.731,99.990,0.029,0.371,g
2458892.70615,2020-02-13.2065850,bi,1.46,15.659,>15.659,99.990,0.951,0.396,g
2458892.70738,2020-02-13.2078128,bi,1.46,15.660,>15.660,99.990,0.120,0.396,g
2458893.68836,2020-02-14.1887827,bi,1.43,15.916,>15.916,99.990,0.666,0.312,g
2458893.68958,2020-02-14.1900057,bi,1.41,15.905,>15.905,99.990,0.406,0.316,g
2458893.69081,2020-02-14.1912348,bi,1.48,15.934,>15.934,99.990,0.759,0.307,g
2458894.68798,2020-02-15.1884006,bi,1.41,15.829,>15.829,99.990,0.172,0.338,g
2458894.68919,2020-02-15.1896156,bi,1.37,15.937,>15.937,99.990,0.400,0.306,g
2458894.69042,2020-02-15.1908454,bi,1.44,15.874,>15.874,99.990,0.400,0.325,g
2458897.67868,2020-02-18.1790908,bi,1.43,15.949,>15.949,99.990,0.389,0.303,g
2458897.67991,2020-02-18.1803206,bi,1.46,15.889,>15.889,99.990,0.196,0.320,g
2458897.68112,2020-02-18.1815400,bi,1.44,15.971,>15.971,99.990,0.377,0.297,g
2458898.28465,2020-02-18.7850688,bm,1.96,16.072,>16.072,99.990,0.055,0.270,g
2458898.28587,2020-02-18.7862812,bm,1.97,16.064,>16.064,99.990,0.254,0.273,g
2458898.28708,2020-02-18.7874982,bm,1.68,16.082,>16.082,99.990,0.174,0.268,g
2458898.52035,2020-02-19.0207596,bi,1.51,16.085,>16.085,99.990,0.670,0.267,g
2458898.52157,2020-02-19.0219807,bi,1.55,16.015,>16.015,99.990,0.122,0.285,g
2458898.52279,2020-02-19.0232062,bi,1.49,16.005,>16.005,99.990,0.064,0.288,g
2458898.61602,2020-02-19.1164329,bE,1.47,16.231,>16.231,99.990,0.349,0.234,g
2458898.61729,2020-02-19.1177027,bE,1.55,16.003,>16.003,99.990,0.485,0.288,g
2458898.61857,2020-02-19.1189788,bE,1.48,16.022,>16.022,99.990,0.324,0.283,g
2458898.64929,2020-02-19.1497019,bi,1.41,15.951,>15.951,99.990,0.411,0.302,g
2458898.65051,2020-02-19.1509215,bi,1.46,15.873,>15.873,99.990,0.227,0.325,g
2458898.65174,2020-02-19.1521515,bi,1.41,15.984,>15.984,99.990,0.600,0.293,g
2458899.51592,2020-02-20.0163296,bi,1.55,15.933,>15.933,99.990,-0.071,0.308,g
2458899.51714,2020-02-20.0175502,bi,1.50,15.996,>15.996,99.990,0.169,0.290,g
2458899.51837,2020-02-20.0187814,bi,1.53,15.972,>15.972,99.990,0.535,0.297,g
2458903.27041,2020-02-23.7708040,bm,1.54,16.058,>16.058,99.990,0.835,0.274,g
2458903.27162,2020-02-23.7720141,bm,1.50,99.990,99.990,99.990,99.990,99.990,g
2458903.27286,2020-02-23.7732510,bm,1.49,15.868,>15.868,99.990,0.175,0.326,g
2458903.44534,2020-02-23.9457380,bm,1.61,15.952,>15.952,99.990,0.254,0.302,g
2458903.44657,2020-02-23.9469586,bm,1.59,16.110,>16.110,99.990,0.452,0.261,g
2458903.44778,2020-02-23.9481771,bm,1.63,16.088,>16.088,99.990,0.196,0.267,g
2458903.63748,2020-02-24.1378805,bE,1.49,16.038,>16.038,99.990,0.584,0.279,g
2458903.63875,2020-02-24.1391505,bE,1.42,15.965,>15.965,99.990,0.177,0.299,g
2458903.64003,2020-02-24.1404217,bE,1.44,15.980,>15.980,99.990,0.585,0.294,g
2458904.27341,2020-02-24.7738003,bm,2.06,99.990,99.990,99.990,99.990,99.990,g
2458904.27463,2020-02-24.7750224,bm,2.07,99.990,99.990,99.990,99.990,99.990,g
2458904.27585,2020-02-24.7762430,bm,2.06,16.158,>16.158,99.990,-0.003,0.250,g
2458904.44604,2020-02-24.9464256,bm,2.05,99.990,99.990,99.990,99.990,99.990,g
2458904.60234,2020-02-25.1027295,bE,1.50,16.027,>16.027,99.990,0.650,0.282,g
2458904.60361,2020-02-25.1040006,bE,1.47,15.964,>15.964,99.990,0.341,0.299,g
2458904.60489,2020-02-25.1052738,bE,1.53,15.959,>15.959,99.990,0.377,0.300,g
2458905.25965,2020-02-25.7600296,bm,2.20,99.990,99.990,99.990,99.990,99.990,g
2458905.26089,2020-02-25.7612762,bm,2.16,16.046,>16.046,99.990,0.356,0.277,g
2458905.26220,2020-02-25.7625803,bm,1.63,15.993,>15.993,99.990,0.243,0.291,g
2458905.51649,2020-02-26.0168728,bi,1.51,16.000,>16.000,99.990,0.381,0.289,g
2458905.51770,2020-02-26.0180947,bi,1.50,15.930,>15.930,99.990,0.413,0.308,g
2458905.51892,2020-02-26.0193128,bi,1.45,15.971,>15.971,99.990,0.559,0.297,g
2458906.26462,2020-02-26.7649980,bm,1.53,99.990,99.990,99.990,99.990,99.990,g
2458908.26319,2020-02-28.7635665,bm,1.51,15.983,>15.983,99.990,0.524,0.294,g
2458908.26446,2020-02-28.7648353,bm,1.58,99.990,99.990,99.990,99.990,99.990,g
2458908.26568,2020-02-28.7660523,bm,1.51,16.054,>16.054,99.990,0.406,0.275,g
2458908.51314,2020-02-29.0135153,bi,2.26,16.188,>16.188,99.990,0.192,0.243,g
2458908.51436,2020-02-29.0147337,bi,2.25,16.066,>16.066,99.990,-0.106,0.272,g
2458908.51559,2020-02-29.0159651,bi,2.21,16.162,>16.162,99.990,0.162,0.249,g
2458909.26695,2020-02-29.7673137,bm,1.64,16.153,>16.153,99.990,0.335,0.251,g
2458909.26817,2020-02-29.7685435,bm,1.94,16.153,>16.153,99.990,0.152,0.251,g
2458909.26939,2020-02-29.7697582,bm,1.68,16.040,>16.040,99.990,0.033,0.279,g
2458909.39754,2020-02-29.8979084,bm,1.57,99.990,99.990,99.990,99.990,99.990,g
2458909.39875,2020-02-29.8991246,bm,1.52,99.990,99.990,99.990,99.990,99.990,g
2458909.39997,2020-02-29.9003302,bm,1.55,99.990,99.990,99.990,99.990,99.990,g
2458909.65130,2020-03-01.1516616,bi,1.46,15.955,>15.955,99.990,0.596,0.301,g
2458909.65252,2020-03-01.1528813,bi,1.43,16.074,>16.074,99.990,0.254,0.270,g
2458909.65375,2020-03-01.1541165,bi,1.44,15.984,>15.984,99.990,0.466,0.293,g
2458910.30910,2020-03-01.8094583,bm,2.01,16.045,>16.045,99.990,0.089,0.277,g
2458910.31031,2020-03-01.8106767,bm,1.96,16.012,>16.012,99.990,0.050,0.286,g
2458910.31156,2020-03-01.8119218,bm,1.96,16.171,>16.171,99.990,0.182,0.247,g
2458910.66405,2020-03-02.1644091,bE,1.46,16.015,>16.015,99.990,0.109,0.285,g
2458910.66534,2020-03-02.1657009,bE,1.49,16.020,>16.020,99.990,0.300,0.284,g
2458910.66661,2020-03-02.1669774,bE,1.44,16.127,>16.127,99.990,0.384,0.257,g
2458911.25773,2020-03-02.7580853,bm,1.44,15.825,>15.825,99.990,0.963,0.340,g
2458911.25894,2020-03-02.7592956,bm,1.52,15.898,>15.898,99.990,0.092,0.318,g
2458911.26015,2020-03-02.7605116,bm,1.46,15.886,>15.886,99.990,0.395,0.321,g
2458911.40756,2020-03-02.9079140,bm,1.46,15.909,>15.909,99.990,0.150,0.314,g
2458911.40878,2020-03-02.9091344,bm,1.47,16.026,>16.026,99.990,0.433,0.282,g
2458911.40999,2020-03-02.9103494,bm,1.58,15.907,>15.907,99.990,0.318,0.315,g
2458911.60074,2020-03-03.1010960,bE,1.54,16.088,>16.088,99.990,0.347,0.267,g
2458911.60202,2020-03-03.1023770,bE,1.49,16.066,>16.066,99.990,0.363,0.272,g
2458911.60329,2020-03-03.1036501,bE,1.53,15.997,>15.997,99.990,0.323,0.290,g
2458912.33886,2020-03-03.8392162,bm,1.56,15.992,>15.992,99.990,0.214,0.291,g
2458912.34008,2020-03-03.8404324,bm,1.47,15.852,>15.852,99.990,0.492,0.331,g
2458912.34130,2020-03-03.8416506,bm,1.50,15.976,>15.976,99.990,0.607,0.296,g
2458912.50968,2020-03-04.0100344,bE,1.48,16.053,>16.053,99.990,0.271,0.275,g
2458912.51096,2020-03-04.0113072,bE,1.45,15.941,>15.941,99.990,0.251,0.305,g
2458912.51223,2020-03-04.0125866,bE,1.48,16.046,>16.046,99.990,0.298,0.277,g
2458914.61331,2020-03-06.1136584,bE,1.53,15.758,>15.758,99.990,0.235,0.361,g
2458914.61460,2020-03-06.1149373,bE,1.59,15.829,>15.829,99.990,0.104,0.338,g
2458914.61586,2020-03-06.1162055,bE,1.46,15.888,>15.888,99.990,0.503,0.320,g
2458915.25415,2020-03-06.7544873,bm,1.75,15.449,>15.449,99.990,0.265,0.480,g
2458915.25537,2020-03-06.7557023,bm,1.73,15.613,>15.613,99.990,0.419,0.413,g
2458915.25657,2020-03-06.7569103,bm,1.67,15.619,>15.619,99.990,0.080,0.411,g
2458915.39233,2020-03-06.8926648,bm,1.56,15.335,>15.335,99.990,-0.630,0.534,g
2458915.49926,2020-03-06.9996005,bE,1.59,15.620,>15.620,99.990,-0.504,0.410,g
2458915.50054,2020-03-07.0008832,bE,1.54,15.849,>15.849,99.990,0.124,0.332,g
2458915.50182,2020-03-07.0021590,bE,1.49,15.776,>15.776,99.990,0.042,0.355,g
2458918.24775,2020-03-09.7480664,bm,2.05,15.053,>15.053,99.990,-16.617,0.708,g
2458918.50796,2020-03-10.0082818,bi,2.29,15.793,>15.793,99.990,0.547,0.350,g
2458918.50919,2020-03-10.0095105,bi,2.23,15.660,>15.660,99.990,0.243,0.395,g
2458918.51041,2020-03-10.0107309,bi,2.23,15.673,>15.673,99.990,-0.456,0.391,g
2458919.29585,2020-03-10.7961674,bm,1.56,15.766,>15.766,99.990,0.743,0.359,g
2458919.29707,2020-03-10.7973836,bm,1.58,15.703,>15.703,99.990,0.478,0.380,g
2458919.29828,2020-03-10.7985951,bm,1.54,15.853,>15.853,99.990,-0.011,0.331,g
2458919.50337,2020-03-11.0036843,bi,2.28,16.187,>16.187,99.990,-0.095,0.243,g
2458919.50460,2020-03-11.0049096,bi,2.26,16.101,>16.101,99.990,0.008,0.264,g
2458919.50582,2020-03-11.0061384,bi,2.19,16.094,>16.094,99.990,0.833,0.265,g
2458919.58973,2020-03-11.0900418,bi,1.41,15.653,>15.653,99.990,0.096,0.398,g
2458919.59095,2020-03-11.0912687,bi,1.48,15.692,>15.692,99.990,1.189,0.384,g
2458919.59218,2020-03-11.0924958,bi,1.44,15.731,>15.731,99.990,0.147,0.370,g
2458920.50253,2020-03-12.0028347,bi,1.48,15.817,>15.817,99.990,0.331,0.342,g
2458920.50376,2020-03-12.0040700,bi,1.41,15.894,>15.894,99.990,0.509,0.319,g
2458920.50498,2020-03-12.0052909,bi,1.55,15.855,>15.855,99.990,0.624,0.330,g
2458921.26694,2020-03-12.7672390,bm,1.56,99.990,99.990,99.990,99.990,99.990,g
2458921.26815,2020-03-12.7684570,bm,1.65,16.125,>16.125,99.990,0.080,0.258,g
2458921.49810,2020-03-12.9984086,bE,2.18,16.081,>16.081,99.990,0.254,0.268,g
2458921.49937,2020-03-12.9996768,bE,2.17,16.232,>16.232,99.990,-0.011,0.234,g
2458921.50066,2020-03-13.0009626,bE,2.16,16.065,>16.065,99.990,0.204,0.272,g
2458922.24406,2020-03-13.7443545,bm,2.11,15.928,>15.928,99.990,0.303,0.309,g
2458922.24528,2020-03-13.7455766,bm,2.10,15.955,>15.955,99.990,0.382,0.301,g
2458922.24653,2020-03-13.7468258,bm,2.08,16.042,>16.042,99.990,0.112,0.278,g
2458922.37997,2020-03-13.8802694,bm,1.51,16.053,>16.053,99.990,0.510,0.275,g
2458922.38118,2020-03-13.8814762,bm,1.49,15.912,>15.912,99.990,0.547,0.314,g
2458923.23940,2020-03-14.7396908,bm,1.56,15.826,>15.826,99.990,-4.159,0.340,g
2458923.24062,2020-03-14.7409187,bm,1.59,15.868,>15.868,99.990,-1.204,0.326,g
2458923.24184,2020-03-14.7421365,bm,1.63,15.794,>15.794,99.990,0.429,0.349,g
2458923.37704,2020-03-14.8773346,bm,1.98,15.906,>15.906,99.990,0.685,0.315,g
2458923.37826,2020-03-14.8785554,bm,1.65,15.953,>15.953,99.990,0.817,0.302,g
2458923.37948,2020-03-14.8797717,bm,1.47,99.990,99.990,99.990,99.990,99.990,g
2458923.49243,2020-03-14.9927287,bi,2.47,14.898,>14.898,99.990,-0.195,0.797,g
2458923.49367,2020-03-14.9939607,bi,2.50,15.231,>15.231,99.990,-0.300,0.587,g
2458923.56655,2020-03-15.0668427,bE,1.45,15.944,>15.944,99.990,0.182,0.304,g
2458923.56782,2020-03-15.0681217,bE,1.50,16.032,>16.032,99.990,0.375,0.281,g
2458923.56911,2020-03-15.0693994,bE,1.52,15.960,>15.960,99.990,0.362,0.300,g
2458924.23859,2020-03-15.7388819,bm,1.53,15.238,>15.238,99.990,-0.264,0.583,g
2458924.23985,2020-03-15.7401437,bm,1.62,15.465,>15.465,99.990,-6.215,0.475,g
2458924.24126,2020-03-15.7415554,bm,1.59,15.784,>15.784,99.990,0.162,0.353,g
2458924.49158,2020-03-15.9918673,bi,2.13,15.593,>15.593,99.990,0.355,0.421,g
2458924.49280,2020-03-15.9930928,bi,2.10,15.841,>15.841,99.990,0.573,0.335,g
2458924.49403,2020-03-15.9943140,bi,2.07,15.999,>15.999,99.990,0.105,0.289,g
2458924.56564,2020-03-16.0659219,bE,1.59,16.086,>16.086,99.990,0.269,0.267,g
2458924.56693,2020-03-16.0672225,bE,1.55,16.087,>16.087,99.990,0.393,0.267,g
2458924.56820,2020-03-16.0684865,bE,1.58,16.007,>16.007,99.990,0.412,0.287,g
2458925.23754,2020-03-16.7378217,bm,2.01,15.540,>15.540,99.990,0.808,0.442,g
2458925.23876,2020-03-16.7390424,bm,1.59,15.805,>15.805,99.990,0.292,0.346,g
2458925.23999,2020-03-16.7402701,bm,1.51,15.912,>15.912,99.990,0.421,0.314,g
2458926.24547,2020-03-17.7457476,bm,2.09,16.106,>16.106,99.990,0.224,0.262,g
2458926.24672,2020-03-17.7469950,bm,2.07,16.012,>16.012,99.990,0.217,0.286,g
2458927.23571,2020-03-18.7359887,bm,2.11,15.655,>15.655,99.990,-1.361,0.397,g
2458927.23694,2020-03-18.7372093,bm,2.05,15.765,>15.765,99.990,-2.301,0.359,g
2458927.23814,2020-03-18.7384230,bm,2.05,16.001,>16.001,99.990,0.992,0.289,g
2458927.37374,2020-03-18.8740119,bm,1.56,99.990,99.990,99.990,99.990,99.990,g
2458927.37496,2020-03-18.8752266,bm,1.59,99.990,99.990,99.990,99.990,99.990,g
2458927.37617,2020-03-18.8764540,bm,1.56,99.990,99.990,99.990,99.990,99.990,g
2458928.23882,2020-03-19.7390820,bm,2.20,15.984,>15.984,99.990,0.097,0.293,g
2458928.24004,2020-03-19.7403015,bm,2.12,15.921,>15.921,99.990,0.015,0.311,g
2458928.24126,2020-03-19.7415196,bm,2.17,16.078,>16.078,99.990,0.429,0.269,g
2458929.23388,2020-03-20.7341326,bm,1.49,15.656,>15.656,99.990,0.091,0.397,g
2458929.23508,2020-03-20.7353372,bm,1.64,15.768,>15.768,99.990,0.850,0.358,g
2458929.23632,2020-03-20.7365768,bm,1.58,15.736,>15.736,99.990,0.628,0.369,g
2458931.36582,2020-03-22.8660631,bm,1.52,99.990,99.990,99.990,99.990,99.990,g
2458931.36705,2020-03-22.8672896,bm,1.49,15.915,>15.915,99.990,0.069,0.313,g
2458931.36828,2020-03-22.8685177,bm,1.50,99.990,99.990,99.990,99.990,99.990,g
2458932.23859,2020-03-23.7388230,bm,2.26,99.990,99.990,99.990,99.990,99.990,g
2458932.23980,2020-03-23.7400408,bm,2.26,16.152,>16.152,99.990,0.245,0.251,g
2458932.24101,2020-03-23.7412554,bm,2.25,16.244,>16.244,99.990,0.242,0.231,g
2458933.23403,2020-03-24.7342568,bm,2.28,99.990,99.990,99.990,99.990,99.990,g
2458933.23523,2020-03-24.7354613,bm,2.29,99.990,99.990,99.990,99.990,99.990,g
2458933.23644,2020-03-24.7366715,bm,2.37,99.990,99.990,99.990,99.990,99.990,g
2458976.20181,2020-05-06.7017193,bm,1.96,15.041,>15.041,99.990,-1.883,0.699,g
2458976.20304,2020-05-06.7029459,bm,1.99,15.368,>15.368,99.990,0.546,0.517,g
2458976.20424,2020-05-06.7041513,bm,1.55,15.124,>15.124,99.990,0.614,0.648,g
2458978.22682,2020-05-08.7267056,bm,1.61,15.704,>15.704,99.990,0.612,0.380,g
2458978.22925,2020-05-08.7291400,bm,1.48,15.797,>15.797,99.990,0.188,0.349,g
2458979.20770,2020-05-09.7075811,bm,1.57,15.984,>15.984,99.990,0.390,0.293,g
2458979.20892,2020-05-09.7087973,bm,1.56,16.029,>16.029,99.990,0.542,0.281,g
2458979.21014,2020-05-09.7100215,bm,1.60,16.048,>16.048,99.990,0.193,0.277,g
2458980.19616,2020-05-10.6960343,bm,1.61,15.323,>15.323,99.990,0.609,0.539,g
2458980.19739,2020-05-10.6972598,bm,1.68,15.468,>15.468,99.990,0.379,0.472,g
2458980.19861,2020-05-10.6984785,bm,1.57,15.622,>15.622,99.990,1.649,0.410,g
2458981.19963,2020-05-11.6994894,bm,1.67,15.218,>15.218,99.990,-0.664,0.594,g
2458981.20083,2020-05-11.7006935,bm,1.67,15.380,>15.380,99.990,0.828,0.512,g
2458981.20207,2020-05-11.7019313,bm,1.61,15.412,>15.412,99.990,0.958,0.497,g
2458983.21330,2020-05-13.7131483,bm,1.50,16.006,>16.006,99.990,0.526,0.287,g
2458983.21452,2020-05-13.7143689,bm,1.52,16.101,>16.101,99.990,0.447,0.263,g
2458983.21573,2020-05-13.7155744,bm,1.52,15.987,>15.987,99.990,0.481,0.293,g
2459046.66644,2020-07-16.1659851,bm,1.48,15.997,>15.997,99.990,0.799,0.290,g
2459046.66766,2020-07-16.1672057,bm,1.63,15.924,>15.924,99.990,0.561,0.310,g
2459046.66889,2020-07-16.1684322,bm,1.56,16.111,>16.111,99.990,0.266,0.261,g
2459048.67202,2020-07-18.1715663,bm,2.05,16.085,>16.085,99.990,0.153,0.267,g
2459048.67342,2020-07-18.1729592,bm,2.06,16.141,>16.141,99.990,0.478,0.254,g
2459048.67466,2020-07-18.1742019,bm,2.08,16.062,>16.062,99.990,0.366,0.273,g
2459049.66268,2020-07-19.1622195,bm,2.00,16.112,>16.112,99.990,0.726,0.261,g
2459052.65761,2020-07-22.1571408,bm,1.53,15.954,>15.954,99.990,0.453,0.302,g
2459052.65883,2020-07-22.1583686,bm,1.49,15.909,>15.909,99.990,0.618,0.315,g
2459052.66006,2020-07-22.1595959,bm,1.53,15.950,>15.950,99.990,0.496,0.303,g
2459064.62730,2020-08-03.1268418,bm,1.61,15.489,>15.489,99.990,0.177,0.463,g
2459064.63030,2020-08-03.1298427,bm,1.57,15.673,>15.673,99.990,0.551,0.391,g
2459068.63477,2020-08-07.1343107,bm,2.37,16.056,>16.056,99.990,0.414,0.275,g
2459068.63599,2020-08-07.1355280,bm,2.35,15.819,>15.819,99.990,0.096,0.342,g
2459068.63723,2020-08-07.1367686,bm,2.36,15.749,>15.749,99.990,0.363,0.364,g
2459069.63145,2020-08-08.1309969,bm,2.28,15.856,>15.856,99.990,-0.005,0.330,g
2459069.63272,2020-08-08.1322706,bm,2.26,15.899,>15.899,99.990,0.300,0.317,g
2459069.63400,2020-08-08.1335449,bm,2.22,15.845,>15.845,99.990,0.029,0.333,g
2459075.60782,2020-08-14.1073765,bm,2.01,16.081,>16.081,99.990,0.381,0.268,g
2459075.60904,2020-08-14.1085936,bm,2.01,16.363,>16.363,99.990,-0.040,0.207,g
2459075.61026,2020-08-14.1098215,bm,2.02,15.986,>15.986,99.990,0.138,0.293,g
2459083.58791,2020-08-22.0874944,bm,2.03,16.075,>16.075,99.990,0.284,0.270,g
2459083.58914,2020-08-22.0887162,bm,2.02,16.121,>16.121,99.990,0.242,0.259,g
2459083.59036,2020-08-22.0899405,bm,2.01,16.141,>16.141,99.990,0.328,0.254,g
2459085.58807,2020-08-24.0876520,bm,1.53,15.953,>15.953,99.990,0.636,0.302,g
2459085.58930,2020-08-24.0888810,bm,1.54,16.149,>16.149,99.990,0.627,0.252,g
2459085.59051,2020-08-24.0901,bm,1.49,15.788,>15.788,99.990,0.621,0.352,g
2459086.58543,2020-08-25.0850222,bm,1.47,15.974,>15.974,99.990,0.247,0.296,g
2459086.58665,2020-08-25.0862348,bm,1.51,16.040,>16.040,99.990,0.502,0.279,g
2459086.58786,2020-08-25.0874540,bm,1.53,16.017,>16.017,99.990,0.568,0.285,g
2459092.56807,2020-08-31.0676885,bm,2.05,15.763,>15.763,99.990,0.134,0.360,g
2459093.56905,2020-09-01.0686690,bm,1.42,99.990,99.990,99.990,99.990,99.990,g
2459096.55158,2020-09-04.0512181,bm,2.12,15.191,>15.191,99.990,0.364,0.609,g
2459096.55279,2020-09-04.0524251,bm,1.96,15.651,>15.651,99.990,0.438,0.399,g
2459096.55401,2020-09-04.0536388,bm,1.61,15.562,>15.562,99.990,0.152,0.433,g
2459100.54560,2020-09-08.0452641,bm,1.55,15.893,>15.893,99.990,0.137,0.319,g
2459100.54683,2020-09-08.0464846,bm,1.56,15.851,>15.851,99.990,0.396,0.332,g
2459100.54805,2020-09-08.0477030,bm,1.58,15.824,>15.824,99.990,0.224,0.340,g
2459101.54984,2020-09-09.0494995,bm,1.62,15.957,>15.957,99.990,0.442,0.301,g
2459101.55107,2020-09-09.050725,bm,1.57,15.944,>15.944,99.990,-0.024,0.305,g
2459101.55228,2020-09-09.0519409,bm,1.47,15.948,>15.948,99.990,0.113,0.303,g
2459103.53905,2020-09-11.0387252,bm,1.99,15.963,>15.963,99.990,0.346,0.299,g
2459103.54027,2020-09-11.0399427,bm,1.63,16.022,>16.022,99.990,0.311,0.283,g
2459103.54150,2020-09-11.0411693,bm,1.69,15.871,>15.871,99.990,0.290,0.325,g
2459104.52798,2020-09-12.0276530,bm,1.54,15.984,>15.984,99.990,0.780,0.293,g
2459104.52920,2020-09-12.0288726,bm,1.57,15.959,>15.959,99.990,0.137,0.300,g
2459104.53043,2020-09-12.0300986,bm,1.49,15.978,>15.978,99.990,0.402,0.295,g
2459108.51800,2020-09-16.0176961,bm,2.25,16.024,>16.024,99.990,-0.023,0.283,g
2459108.51922,2020-09-16.0189134,bm,2.28,15.969,>15.969,99.990,-0.010,0.298,g
2459108.52043,2020-09-16.0201259,bm,2.29,16.021,>16.021,99.990,0.246,0.284,g
2459110.50549,2020-09-18.0051968,bm,1.45,99.990,99.990,99.990,99.990,99.990,g
2459110.50673,2020-09-18.0064350,bm,1.59,99.990,99.990,99.990,99.990,99.990,g
2459110.50794,2020-09-18.0076512,bm,1.55,99.990,99.990,99.990,99.990,99.990,g
2459111.53083,2020-09-19.0305421,bm,2.49,15.983,>15.983,99.990,0.300,0.294,g
2459111.53204,2020-09-19.0317590,bm,2.50,16.050,>16.050,99.990,-0.026,0.276,g
2459111.53327,2020-09-19.0329855,bm,2.48,99.990,99.990,99.990,99.990,99.990,g
2459112.51462,2020-09-20.0143445,bm,1.53,15.923,>15.923,99.990,0.696,0.310,g
2459112.51583,2020-09-20.0155642,bm,1.56,16.013,>16.013,99.990,0.727,0.286,g
2459112.51706,2020-09-20.0167892,bm,1.51,99.990,99.990,99.990,99.990,99.990,g
2459114.50002,2020-09-21.9997596,bm,1.57,16.108,>16.108,99.990,0.491,0.262,g
2459114.50124,2020-09-22.0009756,bm,1.54,15.933,>15.933,99.990,0.399,0.307,g
2459114.50246,2020-09-22.0021905,bm,1.59,16.103,>16.103,99.990,0.398,0.263,g
2459115.51801,2020-09-23.0177530,bm,1.46,15.929,>15.929,99.990,0.583,0.309,g
2459115.51922,2020-09-23.0189668,bm,1.50,16.040,>16.040,99.990,0.553,0.279,g
2459115.52046,2020-09-23.0201958,bm,1.38,16.071,>16.071,99.990,0.473,0.271,g
2459116.49304,2020-09-23.9927906,bm,1.48,15.944,>15.944,99.990,0.539,0.304,g
2459116.49426,2020-09-23.9940131,bm,1.44,15.949,>15.949,99.990,0.505,0.303,g
2459116.49548,2020-09-23.9952371,bm,1.51,15.979,>15.979,99.990,0.476,0.295,g
2459120.48058,2020-09-27.9803563,bm,2.25,15.878,>15.878,99.990,-0.339,0.324,g
2459120.48179,2020-09-27.9815714,bm,2.24,15.942,>15.942,99.990,-0.197,0.305,g
2459120.48302,2020-09-27.9828016,bm,2.24,15.849,>15.849,99.990,0.384,0.332,g
2459121.48672,2020-09-28.9864991,bm,2.13,15.829,>15.829,99.990,0.088,0.338,g
2459121.48795,2020-09-28.9877295,bm,2.10,15.817,>15.817,99.990,-0.207,0.342,g
2459121.48916,2020-09-28.9889445,bm,2.14,15.926,>15.926,99.990,-0.566,0.309,g
2459122.47741,2020-09-29.9772113,bm,2.12,15.749,>15.749,99.990,0.162,0.364,g
2459122.47864,2020-09-29.9784324,bm,2.03,15.800,>15.800,99.990,0.243,0.348,g
2459122.47986,2020-09-29.9796488,bm,2.05,15.920,>15.920,99.990,0.115,0.311,g
2459127.45877,2020-10-04.9585962,bm,1.45,15.718,>15.718,99.990,0.350,0.375,g
2459127.45998,2020-10-04.9598040,bm,1.53,15.923,>15.923,99.990,0.652,0.310,g
2459127.46120,2020-10-04.9610303,bm,1.53,15.695,>15.695,99.990,0.281,0.383,g
2459128.47409,2020-10-05.9739192,bm,1.52,15.823,>15.823,99.990,0.494,0.340,g
2459128.47530,2020-10-05.9751383,bm,1.55,15.743,>15.743,99.990,0.370,0.366,g
2459128.47653,2020-10-05.9763623,bm,1.59,15.833,>15.833,99.990,0.509,0.337,g
2459129.62145,2020-10-07.1212990,bm,1.51,15.820,>15.820,99.990,0.483,0.341,g
2459129.62267,2020-10-07.1225130,bm,1.51,15.858,>15.858,99.990,0.467,0.329,g
2459129.62389,2020-10-07.1237340,bm,1.54,15.988,>15.988,99.990,0.164,0.292,g
2459130.58802,2020-10-08.0878642,bm,1.53,15.986,>15.986,99.990,0.215,0.293,g
2459130.58927,2020-10-08.0891143,bm,1.51,16.072,>16.072,99.990,0.490,0.270,g
2459130.59057,2020-10-08.0904122,bm,1.50,15.854,>15.854,99.990,0.576,0.331,g
2459134.45448,2020-10-11.9543512,bm,2.11,16.027,>16.027,99.990,0.422,0.282,g
2459134.45569,2020-10-11.9555699,bm,2.16,16.083,>16.083,99.990,0.467,0.268,g
2459134.45692,2020-10-11.9567957,bm,2.16,16.118,>16.118,99.990,-0.222,0.259,g
2459135.44950,2020-10-12.9493885,bm,1.47,15.839,>15.839,99.990,0.498,0.335,g
2459135.45074,2020-10-12.9506259,bm,1.53,15.982,>15.982,99.990,0.414,0.294,g
2459135.45197,2020-10-12.9518582,bm,1.53,15.920,>15.920,99.990,0.259,0.311,g
2459137.44598,2020-10-14.9458821,bm,1.46,15.972,>15.972,99.990,0.578,0.297,g
2459137.44721,2020-10-14.9471134,bm,1.47,15.970,>15.970,99.990,0.507,0.297,g
2459137.44843,2020-10-14.9483283,bm,1.45,15.903,>15.903,99.990,0.346,0.316,g
2459138.62097,2020-10-16.1208776,bm,1.71,15.988,>15.988,99.990,0.502,0.292,g
2459138.62218,2020-10-16.1220981,bm,1.55,15.771,>15.771,99.990,0.347,0.357,g
2459138.62340,2020-10-16.1233107,bm,1.97,16.009,>16.009,99.990,-0.665,0.287,g
2459141.46384,2020-10-18.9637745,bm,1.61,99.990,99.990,99.990,99.990,99.990,g
2459141.53183,2020-10-19.0317656,bm,1.52,16.109,>16.109,99.990,0.341,0.261,g
2459141.53305,2020-10-19.0329878,bm,1.52,15.939,>15.939,99.990,0.461,0.306,g
2459141.53428,2020-10-19.0342182,bm,1.54,16.069,>16.069,99.990,0.442,0.271,g
2459145.48110,2020-10-22.9810577,bm,1.55,14.902,>14.902,99.990,-1.773,0.795,g
2459145.48231,2020-10-22.9822784,bm,1.75,99.990,99.990,99.990,99.990,99.990,g
2459146.42514,2020-10-23.9251153,bm,1.58,15.823,>15.823,99.990,0.333,0.340,g
2459146.42637,2020-10-23.9263348,bm,1.47,15.723,>15.723,99.990,0.908,0.373,g
2459146.42757,2020-10-23.9275439,bm,1.50,15.784,>15.784,99.990,0.283,0.353,g
2459146.84700,2020-10-24.3469759,bE,1.49,16.001,>16.001,99.990,0.408,0.289,g
2459147.64856,2020-10-25.1485461,bE,1.57,16.020,>16.020,99.990,0.408,0.284,g
2459147.64986,2020-10-25.1498444,bE,1.49,16.061,>16.061,99.990,0.744,0.273,g
2459147.65115,2020-10-25.1511365,bE,1.47,15.922,>15.922,99.990,0.647,0.311,g
2459148.63535,2020-10-26.1353365,bE,1.55,15.845,>15.845,99.990,0.181,0.333,g
2459148.63664,2020-10-26.1366278,bE,1.52,15.795,>15.795,99.990,0.415,0.349,g
2459148.63794,2020-10-26.1379289,bE,1.48,15.830,>15.830,99.990,0.553,0.338,g
2459149.64066,2020-10-27.1406622,bi,1.46,15.835,>15.835,99.990,0.138,0.337,g
2459149.64189,2020-10-27.1418912,bi,1.39,15.914,>15.914,99.990,0.775,0.313,g
2459149.64310,2020-10-27.1431084,bi,1.42,15.777,>15.777,99.990,0.700,0.355,g
2459153.69678,2020-10-31.1968108,bE,1.46,15.793,>15.793,99.990,0.754,0.350,g
2459153.69808,2020-10-31.1981112,bE,1.53,15.789,>15.789,99.990,0.272,0.351,g
2459153.69939,2020-10-31.1994128,bE,1.51,15.907,>15.907,99.990,0.922,0.315,g
2459155.72352,2020-11-02.2235640,bi,1.45,15.756,>15.756,99.990,0.801,0.362,g
2459155.72474,2020-11-02.2247891,bi,1.46,15.784,>15.784,99.990,0.189,0.353,g
2459155.72597,2020-11-02.2260174,bi,1.46,15.807,>15.807,99.990,0.655,0.345,g
2459156.73876,2020-11-03.2388151,bi,1.49,15.885,>15.885,99.990,0.779,0.321,g
2459156.73998,2020-11-03.2400381,bi,1.46,15.979,>15.979,99.990,0.946,0.295,g
2459156.74122,2020-11-03.2412788,bi,1.52,15.874,>15.874,99.990,0.476,0.325,g
2459163.50496,2020-11-10.0050715,bm,1.54,15.936,>15.936,99.990,-0.041,0.307,g
2459163.50621,2020-11-10.0063240,bm,1.54,15.985,>15.985,99.990,0.545,0.293,g
2459163.50743,2020-11-10.0075390,bm,1.50,16.124,>16.124,99.990,0.389,0.258,g
2459164.35808,2020-11-10.8582009,bm,1.71,16.034,>16.034,99.990,0.411,0.280,g
2459164.35931,2020-11-10.8594178,bm,1.56,16.028,>16.028,99.990,0.174,0.282,g
2459164.36051,2020-11-10.8606268,bm,1.61,15.915,>15.915,99.990,0.347,0.313,g
2459165.60616,2020-11-12.1062899,bE,1.53,16.007,>16.007,99.990,0.393,0.287,g
2459165.60745,2020-11-12.1075755,bE,1.48,16.115,>16.115,99.990,0.317,0.260,g
2459165.60874,2020-11-12.1088609,bE,1.52,16.028,>16.028,99.990,0.329,0.282,g
2459166.60411,2020-11-13.1042402,bE,1.51,15.987,>15.987,99.990,0.576,0.293,g
2459166.60541,2020-11-13.1055388,bE,1.51,15.972,>15.972,99.990,0.444,0.297,g
2459166.63902,2020-11-13.1391508,bi,1.40,15.967,>15.967,99.990,0.441,0.298,g
2459166.64025,2020-11-13.1403806,bi,1.51,16.047,>16.047,99.990,0.306,0.277,g
2459166.64148,2020-11-13.1416085,bi,1.50,16.007,>16.007,99.990,0.599,0.287,g
2459168.84818,2020-11-15.3483280,bi,1.47,15.933,>15.933,99.990,0.259,0.308,g
2459168.84940,2020-11-15.3495475,bi,1.42,15.979,>15.979,99.990,0.387,0.295,g
2459168.85063,2020-11-15.3507790,bi,1.46,16.089,>16.089,99.990,0.839,0.266,g
2459169.35114,2020-11-15.8512896,bm,1.48,15.985,>15.985,99.990,-0.023,0.293,g
2459169.35237,2020-11-15.8525140,bm,1.49,15.981,>15.981,99.990,0.505,0.294,g
2459169.35364,2020-11-15.8537900,bm,1.56,16.024,>16.024,99.990,0.433,0.283,g
2459170.82142,2020-11-17.3215821,bE,1.55,15.949,>15.949,99.990,0.239,0.303,g
2459170.82270,2020-11-17.3228609,bE,1.52,15.926,>15.926,99.990,0.421,0.310,g
2459170.82399,2020-11-17.3241474,bE,1.58,15.990,>15.990,99.990,0.277,0.292,g
2459171.67923,2020-11-18.1794003,bE,1.48,16.071,>16.071,99.990,0.434,0.271,g
2459171.68052,2020-11-18.1806869,bE,1.56,16.038,>16.038,99.990,0.475,0.279,g
2459171.68180,2020-11-18.1819747,bE,1.49,16.079,>16.079,99.990,0.541,0.269,g
2459171.68351,2020-11-18.1836842,bi,1.43,15.957,>15.957,99.990,0.455,0.301,g
2459171.68474,2020-11-18.1849037,bi,1.46,16.040,>16.040,99.990,0.254,0.279,g
2459171.68596,2020-11-18.1861290,bi,1.39,16.007,>16.007,99.990,0.309,0.287,g
2459172.68797,2020-11-19.1881420,bi,1.49,16.037,>16.037,99.990,0.262,0.279,g
2459172.68920,2020-11-19.1893709,bi,1.51,15.982,>15.982,99.990,0.364,0.294,g
2459172.69041,2020-11-19.1905965,bi,1.47,16.039,>16.039,99.990,0.441,0.279,g
2459175.55849,2020-11-22.0586878,bE,1.52,15.917,>15.917,99.990,0.600,0.312,g
2459175.55978,2020-11-22.0599791,bE,1.43,15.970,>15.970,99.990,0.305,0.297,g
2459177.55927,2020-11-24.0594798,bE,1.47,16.136,>16.136,99.990,0.743,0.255,g
2459177.56055,2020-11-24.0607693,bE,1.53,16.058,>16.058,99.990,0.189,0.274,g
2459177.56185,2020-11-24.0620563,bE,1.56,15.977,>15.977,99.990,0.479,0.295,g
2459178.55966,2020-11-25.0598810,bE,1.60,15.905,>15.905,99.990,0.307,0.316,g
2459178.56095,2020-11-25.0611638,bE,1.58,15.999,>15.999,99.990,0.180,0.289,g
2459178.56224,2020-11-25.0624644,bE,1.53,15.890,>15.890,99.990,0.048,0.320,g
2459180.64039,2020-11-27.1406164,bi,1.40,15.805,>15.805,99.990,0.402,0.346,g
2459180.64161,2020-11-27.1418398,bi,1.50,15.825,>15.825,99.990,0.498,0.340,g
2459180.64283,2020-11-27.1430574,bi,1.43,15.790,>15.790,99.990,0.432,0.351,g
2459181.37551,2020-11-27.8757498,bm,1.61,15.707,>15.707,99.990,0.306,0.379,g
2459181.37674,2020-11-27.8769790,bm,1.59,15.851,>15.851,99.990,0.473,0.332,g
2459181.37796,2020-11-27.8781964,bm,1.68,15.838,>15.838,99.990,0.460,0.336,g
2459181.42462,2020-11-27.9248545,bm,1.58,15.863,>15.863,99.990,0.687,0.328,g
2459181.42705,2020-11-27.9272947,bm,1.61,15.745,>15.745,99.990,0.673,0.366,g
2459181.85311,2020-11-28.3533587,bi,1.54,15.841,>15.841,99.990,0.405,0.335,g
2459181.85434,2020-11-28.3545891,bi,1.47,15.822,>15.822,99.990,0.812,0.341,g
2459181.85556,2020-11-28.3558061,bi,1.48,15.892,>15.892,99.990,0.417,0.319,g
2459182.65619,2020-11-29.1564445,bi,1.52,15.891,>15.891,99.990,0.280,0.320,g
2459182.65742,2020-11-29.1576737,bi,1.52,15.687,>15.687,99.990,0.423,0.386,g
2459182.65864,2020-11-29.1588886,bi,1.48,15.782,>15.782,99.990,0.799,0.354,g
2459184.46332,2020-11-30.9635774,bm,1.54,15.733,>15.733,99.990,0.306,0.370,g
2459184.46454,2020-11-30.9647982,bm,1.56,15.545,>15.545,99.990,1.123,0.440,g
2459184.46577,2020-11-30.9660262,bm,1.50,15.697,>15.697,99.990,0.644,0.382,g
2459185.53353,2020-12-02.0338,bi,1.63,15.991,>15.991,99.990,0.279,0.292,g
2459185.53476,2020-12-02.0350230,bi,1.69,16.054,>16.054,99.990,0.280,0.275,g
2459185.53599,2020-12-02.0362487,bi,1.59,16.012,>16.012,99.990,0.421,0.286,g
2459185.85950,2020-12-02.3597668,bi,1.52,15.633,>15.633,99.990,0.397,0.405,g
2459186.47657,2020-12-02.9768443,bm,1.40,15.832,>15.832,99.990,0.885,0.337,g
2459186.47779,2020-12-02.9780598,bm,1.47,15.875,>15.875,99.990,0.297,0.325,g
2459186.47902,2020-12-02.9792887,bm,1.43,15.837,>15.837,99.990,0.541,0.336,g
2459186.51781,2020-12-03.0180875,bm,1.58,15.684,>15.684,99.990,0.369,0.387,g
2459186.51903,2020-12-03.0193082,bm,1.50,15.749,>15.749,99.990,0.569,0.364,g
2459186.52026,2020-12-03.0205372,bm,1.53,15.773,>15.773,99.990,0.426,0.356,g
2459186.81897,2020-12-03.3192386,bE,1.49,15.833,>15.833,99.990,0.449,0.337,g
2459186.82028,2020-12-03.3205494,bE,1.50,16.024,>16.024,99.990,0.556,0.283,g
2459186.82158,2020-12-03.3218526,bE,1.44,15.834,>15.834,99.990,0.514,0.337,g
2459187.36944,2020-12-03.8697208,bm,1.46,15.988,>15.988,99.990,0.719,0.292,g
2459187.37068,2020-12-03.8709615,bm,1.55,15.798,>15.798,99.990,0.517,0.348,g
2459187.37190,2020-12-03.8721914,bm,1.49,15.844,>15.844,99.990,0.918,0.334,g
2459187.39632,2020-12-03.8965997,bm,1.55,15.899,>15.899,99.990,0.510,0.317,g
2459187.39755,2020-12-03.8978275,bm,1.48,15.782,>15.782,99.990,0.165,0.353,g
2459187.39876,2020-12-03.8990457,bm,1.52,15.829,>15.829,99.990,0.614,0.338,g
2459187.61909,2020-12-04.1193629,bE,1.58,16.003,>16.003,99.990,0.390,0.288,g
2459187.62038,2020-12-04.1206579,bE,1.46,15.956,>15.956,99.990,0.388,0.301,g
2459187.62167,2020-12-04.1219465,bE,1.42,16.048,>16.048,99.990,0.747,0.277,g
2459188.78486,2020-12-05.2851429,bE,1.52,16.039,>16.039,99.990,0.465,0.279,g
2459188.78614,2020-12-05.2864298,bE,1.47,15.930,>15.930,99.990,0.781,0.308,g
2459188.78745,2020-12-05.2877493,bE,1.49,15.888,>15.888,99.990,0.361,0.321,g
2459189.32046,2020-12-05.8207506,bm,1.53,16.035,>16.035,99.990,0.200,0.280,g
2459189.32168,2020-12-05.8219620,bm,1.51,15.979,>15.979,99.990,0.427,0.295,g
2459189.32291,2020-12-05.8231936,bm,1.43,16.056,>16.056,99.990,0.349,0.275,g
2459189.47459,2020-12-05.9748743,bm,1.60,15.969,>15.969,99.990,0.340,0.297,g
2459189.47580,2020-12-05.9760947,bm,1.56,16.031,>16.031,99.990,0.248,0.281,g
2459189.47703,2020-12-05.9773238,bm,1.52,15.799,>15.799,99.990,0.668,0.348,g
2459189.52150,2020-12-06.0217905,bm,1.55,15.861,>15.861,99.990,0.438,0.329,g
2459189.52932,2020-12-06.0296097,bE,1.97,16.017,>16.017,99.990,0.436,0.285,g
2459189.53061,2020-12-06.0309008,bE,1.70,16.003,>16.003,99.990,0.044,0.288,g
2459189.53190,2020-12-06.0321839,bE,1.67,15.976,>15.976,99.990,0.433,0.296,g
2459190.83426,2020-12-07.3345614,bE,1.52,16.003,>16.003,99.990,0.092,0.288,g
2459190.83557,2020-12-07.3358607,bE,1.55,15.991,>15.991,99.990,0.325,0.292,g
2459190.83686,2020-12-07.3371590,bE,1.51,15.988,>15.988,99.990,0.303,0.292,g
2459191.33703,2020-12-07.8373329,bm,1.52,16.020,>16.020,99.990,0.361,0.284,g
2459191.33826,2020-12-07.8385616,bm,1.54,16.076,>16.076,99.990,0.422,0.270,g
2459191.33949,2020-12-07.8397907,bm,1.57,16.086,>16.086,99.990,0.488,0.267,g
2459191.36694,2020-12-07.8672351,bm,1.51,15.996,>15.996,99.990,0.700,0.290,g
2459191.36815,2020-12-07.8684454,bm,1.47,16.006,>16.006,99.990,0.367,0.287,g
2459191.36936,2020-12-07.8696646,bm,1.45,15.996,>15.996,99.990,0.288,0.290,g
2459191.41179,2020-12-07.9120856,bm,1.50,16.048,>16.048,99.990,0.649,0.277,g
2459191.41300,2020-12-07.9133083,bm,1.49,16.003,>16.003,99.990,0.581,0.288,g
2459191.41424,2020-12-07.9145366,bm,1.52,15.913,>15.913,99.990,0.383,0.313,g
2459191.45322,2020-12-07.9535180,bm,1.51,15.443,>15.443,99.990,-0.496,0.483,g
2459191.45450,2020-12-07.9547986,bm,1.55,15.681,>15.681,99.990,0.212,0.388,g
2459191.45586,2020-12-07.9561571,bm,1.49,15.926,>15.926,99.990,0.867,0.309,g
2459192.47216,2020-12-08.9724759,bm,1.60,15.988,>15.988,99.990,0.358,0.292,g
2459192.47341,2020-12-08.9737130,bm,1.55,99.990,99.990,99.990,99.990,99.990,g
2459192.47462,2020-12-08.9749245,bm,1.60,16.020,>16.020,99.990,0.546,0.284,g
2459192.82929,2020-12-09.3296001,bi,1.51,16.071,>16.071,99.990,0.707,0.271,g
2459192.83052,2020-12-09.3308289,bi,1.51,15.890,>15.890,99.990,0.353,0.320,g
2459192.83174,2020-12-09.3320497,bi,1.49,15.920,>15.920,99.990,0.417,0.311,g
2459193.56070,2020-12-10.0610182,bi,2.20,16.143,>16.143,99.990,0.346,0.253,g
2459193.56193,2020-12-10.0622510,bi,2.19,16.224,>16.224,99.990,0.302,0.235,g
2459193.56316,2020-12-10.0634739,bi,2.20,16.137,>16.137,99.990,0.344,0.255,g
2459194.32839,2020-12-10.8287075,bm,1.52,16.192,>16.192,99.990,0.305,0.242,g
2459194.32962,2020-12-10.8299363,bm,1.51,99.990,99.990,99.990,99.990,99.990,g
2459194.33085,2020-12-10.8311662,bm,1.49,16.052,>16.052,99.990,0.201,0.276,g
2459194.57732,2020-12-11.0776434,bE,1.50,16.019,>16.019,99.990,0.521,0.284,g
2459194.57861,2020-12-11.0789234,bE,1.43,16.047,>16.047,99.990,0.437,0.277,g
2459194.57989,2020-12-11.0802113,bE,1.51,16.064,>16.064,99.990,0.522,0.273,g
2459194.61788,2020-12-11.1182046,bi,1.39,15.883,>15.883,99.990,0.576,0.322,g
2459194.61910,2020-12-11.1194240,bi,1.43,16.043,>16.043,99.990,0.372,0.278,g
2459194.62032,2020-12-11.1206446,bi,1.43,15.986,>15.986,99.990,0.682,0.293,g
2459195.30917,2020-12-11.8094893,bm,1.63,15.923,>15.923,99.990,0.532,0.310,g
2459195.31040,2020-12-11.8107172,bm,1.66,15.889,>15.889,99.990,0.260,0.320,g
2459195.31162,2020-12-11.8119495,bm,1.61,14.948,>14.948,99.990,-1.282,0.762,g
2459195.53967,2020-12-12.0399965,bi,1.44,16.033,>16.033,99.990,0.357,0.280,g
2459195.54089,2020-12-12.0412164,bi,1.48,15.942,>15.942,99.990,0.483,0.305,g
2459195.54212,2020-12-12.0424451,bi,1.48,16.045,>16.045,99.990,0.339,0.277,g
2459195.84895,2020-12-12.3492833,bE,1.50,16.067,>16.067,99.990,0.423,0.272,g
2459195.85024,2020-12-12.3505680,bE,1.52,15.938,>15.938,99.990,0.330,0.306,g
2459195.85153,2020-12-12.3518568,bE,1.46,15.799,>15.799,99.990,0.287,0.348,g
2459196.64741,2020-12-13.1477533,bE,1.49,16.009,>16.009,99.990,0.284,0.287,g
2459196.64871,2020-12-13.1490530,bE,1.54,16.079,>16.079,99.990,0.767,0.269,g
2459196.65000,2020-12-13.1503366,bE,1.51,16.054,>16.054,99.990,0.561,0.275,g
2459197.63430,2020-12-14.1346348,bi,1.47,15.942,>15.942,99.990,0.322,0.305,g
2459197.63552,2020-12-14.1358556,bi,1.36,15.962,>15.962,99.990,0.640,0.299,g
2459197.63675,2020-12-14.1370842,bi,1.49,16.094,>16.094,99.990,0.701,0.265,g
2459198.31163,2020-12-14.8119729,bm,2.27,16.168,>16.168,99.990,0.032,0.248,g
2459198.31286,2020-12-14.8132028,bm,2.25,99.990,99.990,99.990,99.990,99.990,g
2459198.31410,2020-12-14.8144337,bm,2.23,16.114,>16.114,99.990,0.311,0.260,g
2459198.77547,2020-12-15.2758087,bi,1.47,15.850,>15.850,99.990,0.688,0.332,g
2459198.77671,2020-12-15.2770482,bi,1.42,15.916,>15.916,99.990,0.421,0.312,g
2459198.77793,2020-12-15.2782722,bi,1.37,15.926,>15.926,99.990,0.356,0.309,g
2459198.78697,2020-12-15.2873190,bi,1.42,15.988,>15.988,99.990,0.543,0.292,g
2459198.78823,2020-12-15.2885690,bi,1.41,15.897,>15.897,99.990,0.539,0.318,g
2459198.78947,2020-12-15.2898072,bi,1.39,15.928,>15.928,99.990,0.515,0.309,g
2459199.46606,2020-12-15.9664130,bm,1.50,16.117,>16.117,99.990,0.308,0.260,g
2459199.46730,2020-12-15.9676557,bm,1.53,15.938,>15.938,99.990,0.289,0.306,g
2459199.46853,2020-12-15.9688835,bm,1.54,16.081,>16.081,99.990,0.259,0.268,g
2459199.49879,2020-12-15.9991445,bm,1.51,16.090,>16.090,99.990,0.397,0.266,g
2459199.50003,2020-12-16.0003737,bm,1.46,16.071,>16.071,99.990,0.621,0.271,g
2459199.50125,2020-12-16.0016052,bm,1.59,16.024,>16.024,99.990,0.359,0.283,g
2459200.35624,2020-12-16.8565847,bm,1.54,15.930,>15.930,99.990,0.316,0.308,g
2459200.35748,2020-12-16.8578252,bm,1.47,16.015,>16.015,99.990,0.577,0.285,g
2459200.35870,2020-12-16.8590494,bm,1.50,16.061,>16.061,99.990,0.442,0.273,g
2459200.38992,2020-12-16.8902631,bm,1.55,15.978,>15.978,99.990,0.235,0.295,g
2459200.39114,2020-12-16.8914907,bm,1.46,16.088,>16.088,99.990,0.504,0.267,g
2459200.39239,2020-12-16.8927408,bm,1.48,15.943,>15.943,99.990,0.249,0.305,g
2459200.41607,2020-12-16.9164168,bm,1.50,15.911,>15.911,99.990,0.396,0.314,g
2459200.41729,2020-12-16.9176399,bm,1.50,16.089,>16.089,99.990,0.546,0.266,g
2459200.41853,2020-12-16.9188798,bm,1.49,99.990,99.990,99.990,99.990,99.990,g
2459200.83712,2020-12-17.3374677,bi,1.40,15.971,>15.971,99.990,0.349,0.297,g
2459200.83834,2020-12-17.3386991,bi,1.46,15.937,>15.937,99.990,0.351,0.306,g
2459200.83957,2020-12-17.3399202,bi,1.44,15.981,>15.981,99.990,0.447,0.294,g
2459201.38030,2020-12-17.8806590,bm,1.47,99.990,99.990,99.990,99.990,99.990,g
2459201.38156,2020-12-17.8819098,bm,1.53,16.122,>16.122,99.990,0.318,0.258,g
2459201.38284,2020-12-17.8831902,bm,1.54,99.990,99.990,99.990,99.990,99.990,g
2459201.84548,2020-12-18.3458381,bi,1.44,15.965,>15.965,99.990,0.513,0.299,g
2459201.84671,2020-12-18.3470709,bi,1.45,15.930,>15.930,99.990,0.389,0.308,g
2459201.84795,2020-12-18.3483059,bi,1.37,16.105,>16.105,99.990,0.077,0.262,g
2459202.35015,2020-12-18.8505153,bm,1.51,16.070,>16.070,99.990,0.436,0.271,g
2459202.35138,2020-12-18.8517390,bm,1.47,15.942,>15.942,99.990,0.234,0.305,g
2459202.35261,2020-12-18.8529749,bm,1.51,15.955,>15.955,99.990,0.661,0.301,g
2459202.60282,2020-12-19.1031822,bi,1.38,15.902,>15.902,99.990,0.403,0.317,g
2459202.60406,2020-12-19.1044204,bi,1.46,16.078,>16.078,99.990,0.563,0.269,g
2459202.60529,2020-12-19.1056483,bi,1.45,15.996,>15.996,99.990,0.410,0.290,g
2459203.50463,2020-12-20.0049968,bm,1.55,16.015,>16.015,99.990,0.364,0.285,g
2459203.50586,2020-12-20.0062269,bm,1.64,16.054,>16.054,99.990,0.540,0.275,g
2459203.50707,2020-12-20.0074429,bm,1.55,15.958,>15.958,99.990,0.560,0.301,g
2459204.56748,2020-12-21.0678491,bE,1.54,16.102,>16.102,99.990,0.490,0.263,g
2459204.56877,2020-12-21.0691423,bE,1.52,15.995,>15.995,99.990,0.397,0.290,g
2459204.57007,2020-12-21.0704491,bE,1.52,15.982,>15.982,99.990,0.425,0.294,g
2459204.61498,2020-12-21.1153487,bE,1.46,16.052,>16.052,99.990,0.399,0.276,g
2459204.61626,2020-12-21.1166331,bE,1.48,16.007,>16.007,99.990,0.334,0.287,g
2459204.61758,2020-12-21.1179457,bE,1.49,16.018,>16.018,99.990,0.374,0.284,g
2459204.64054,2020-12-21.1409130,bi,1.44,15.994,>15.994,99.990,0.562,0.291,g
2459204.64177,2020-12-21.1421434,bi,1.42,15.854,>15.854,99.990,0.339,0.331,g
2459204.64301,2020-12-21.1433803,bi,1.44,15.951,>15.951,99.990,0.614,0.302,g
2459206.28352,2020-12-22.7838944,bm,1.42,15.820,>15.820,99.990,0.169,0.341,g
2459206.28475,2020-12-22.7851256,bm,1.61,15.701,>15.701,99.990,-0.387,0.381,g
2459206.28598,2020-12-22.7863568,bm,1.53,15.818,>15.818,99.990,0.797,0.342,g
2459206.38133,2020-12-22.8817047,bm,1.53,15.929,>15.929,99.990,0.360,0.309,g
2459206.38257,2020-12-22.8829465,bm,1.53,15.927,>15.927,99.990,0.278,0.309,g
2459206.38381,2020-12-22.8841908,bm,1.48,15.964,>15.964,99.990,0.453,0.299,g
2459207.59269,2020-12-24.0930826,bE,1.52,15.895,>15.895,99.990,0.190,0.319,g
2459207.59400,2020-12-24.0943848,bE,1.52,15.893,>15.893,99.990,0.339,0.319,g
2459207.59529,2020-12-24.0956707,bE,1.52,15.899,>15.899,99.990,0.251,0.317,g
2459208.52963,2020-12-25.0300216,bE,1.55,15.739,>15.739,99.990,-0.776,0.368,g
2459208.53095,2020-12-25.0313334,bE,1.45,15.634,>15.634,99.990,0.856,0.405,g
2459208.53224,2020-12-25.0326251,bE,1.53,15.682,>15.682,99.990,0.703,0.388,g
2459208.70211,2020-12-25.2024982,bi,1.39,15.919,>15.919,99.990,0.479,0.311,g
2459208.70334,2020-12-25.2037260,bi,1.47,15.886,>15.886,99.990,0.795,0.321,g
2459208.70455,2020-12-25.2049429,bi,1.54,15.920,>15.920,99.990,0.335,0.311,g
2459208.72455,2020-12-25.2249386,bi,1.47,15.839,>15.839,99.990,0.631,0.335,g
2459208.72578,2020-12-25.2261686,bi,1.49,15.783,>15.783,99.990,0.181,0.353,g
2459208.72702,2020-12-25.2274091,bi,1.41,15.819,>15.819,99.990,0.357,0.342,g
2459209.58628,2020-12-26.0866670,bi,1.51,15.978,>15.978,99.990,-0.024,0.295,g
2459209.58750,2020-12-26.0878969,bi,1.62,15.967,>15.967,99.990,0.351,0.298,g
2459209.58873,2020-12-26.0891259,bi,1.53,15.890,>15.890,99.990,0.323,0.320,g
2459211.84577,2020-12-28.3461717,bE,1.55,16.027,>16.027,99.990,0.506,0.282,g
2459211.84706,2020-12-28.3474615,bE,1.41,16.066,>16.066,99.990,0.358,0.272,g
2459211.84836,2020-12-28.3487590,bE,1.46,16.000,>16.000,99.990,0.467,0.289,g
2459212.39178,2020-12-28.8921886,bm,1.54,15.815,>15.815,99.990,0.656,0.343,g
2459212.39301,2020-12-28.8934163,bm,1.57,15.736,>15.736,99.990,0.201,0.369,g
2459212.39431,2020-12-28.8947181,bm,1.52,15.828,>15.828,99.990,0.233,0.339,g
2459212.43043,2020-12-28.9308350,bm,1.41,15.909,>15.909,99.990,0.467,0.315,g
2459212.43183,2020-12-28.9322317,bm,1.50,15.629,>15.629,99.990,0.462,0.407,g
2459212.43305,2020-12-28.9334488,bm,1.55,15.733,>15.733,99.990,0.656,0.370,g
2459213.31510,2020-12-29.8155086,bm,1.51,15.710,>15.710,99.990,-0.150,0.378,g
2459213.31633,2020-12-29.8167327,bm,1.45,15.720,>15.720,99.990,0.154,0.374,g
2459213.31755,2020-12-29.8179560,bm,1.54,15.541,>15.541,99.990,0.616,0.441,g
2459213.55346,2020-12-30.0538672,bi,2.31,15.627,>15.627,99.990,0.186,0.408,g
2459213.55469,2020-12-30.0550950,bi,2.34,15.663,>15.663,99.990,-0.139,0.394,g
2459213.55592,2020-12-30.0563231,bi,2.24,15.525,>15.525,99.990,0.591,0.448,g
2459213.82217,2020-12-30.3225752,bE,1.57,15.654,>15.654,99.990,0.303,0.398,g
2459213.82346,2020-12-30.3238671,bE,1.50,15.666,>15.666,99.990,0.817,0.393,g
2459213.82476,2020-12-30.3251643,bE,1.55,15.715,>15.715,99.990,0.509,0.376,g
2459214.32307,2020-12-30.8234881,bm,2.24,15.689,>15.689,99.990,0.196,0.385,g
2459214.32429,2020-12-30.8247105,bm,2.20,15.825,>15.825,99.990,0.165,0.340,g
2459214.32552,2020-12-30.8259336,bm,2.23,15.688,>15.688,99.990,-0.334,0.385,g
2459214.39833,2020-12-30.8987510,bm,1.62,15.781,>15.781,99.990,0.651,0.354,g
2459214.39957,2020-12-30.8999846,bm,1.59,15.773,>15.773,99.990,0.095,0.356,g
2459214.40079,2020-12-30.9012098,bm,1.55,15.707,>15.707,99.990,0.102,0.379,g
2459214.64613,2020-12-31.1465424,bi,1.48,15.885,>15.885,99.990,0.793,0.321,g
2459214.64737,2020-12-31.1477820,bi,1.51,15.731,>15.731,99.990,-0.252,0.370,g
2459214.64861,2020-12-31.1490208,bi,1.44,15.771,>15.771,99.990,0.569,0.357,g
2459215.55241,2021-01-01.0528278,bE,1.45,15.916,>15.916,99.990,0.294,0.312,g
2459215.55371,2021-01-01.0541226,bE,1.46,16.012,>16.012,99.990,0.543,0.286,g
2459215.55499,2021-01-01.0554083,bE,1.43,15.991,>15.991,99.990,0.504,0.292,g
2459216.35955,2021-01-01.8599597,bm,1.63,15.919,>15.919,99.990,-0.617,0.312,g
2459216.36102,2021-01-01.8614300,bm,1.58,15.920,>15.920,99.990,0.590,0.311,g
2459216.36249,2021-01-01.8629060,bm,1.61,15.857,>15.857,99.990,0.253,0.330,g
2459216.60106,2021-01-02.1014739,bE,1.46,15.970,>15.970,99.990,0.398,0.297,g
2459216.60235,2021-01-02.1027637,bE,1.53,15.885,>15.885,99.990,0.752,0.321,g
2459216.60364,2021-01-02.1040526,bE,1.48,16.066,>16.066,99.990,0.355,0.272,g
2459217.36387,2021-01-02.8642876,bm,1.52,16.077,>16.077,99.990,0.753,0.269,g
2459217.36510,2021-01-02.8655178,bm,1.52,16.053,>16.053,99.990,0.528,0.275,g
2459217.36632,2021-01-02.8667388,bm,1.46,15.921,>15.921,99.990,0.205,0.311,g
2459217.37128,2021-01-02.8717035,bm,1.52,15.917,>15.917,99.990,0.556,0.312,g
2459217.37250,2021-01-02.8729195,bm,1.53,16.078,>16.078,99.990,0.535,0.269,g
2459217.37373,2021-01-02.8741506,bm,1.58,15.965,>15.965,99.990,0.111,0.299,g
2459217.61424,2021-01-03.1146674,bi,1.43,15.910,>15.910,99.990,0.748,0.314,g
2459217.61547,2021-01-03.1158973,bi,1.42,16.039,>16.039,99.990,0.502,0.279,g
2459217.61670,2021-01-03.1171206,bi,1.46,15.858,>15.858,99.990,0.397,0.329,g
2459218.82751,2021-01-04.3279321,bE,1.59,15.954,>15.954,99.990,0.355,0.302,g
2459218.82881,2021-01-04.3292302,bE,1.51,15.889,>15.889,99.990,0.635,0.320,g
2459218.83010,2021-01-04.3305280,bE,1.61,16.163,>16.163,99.990,-0.166,0.249,g
2459219.48738,2021-01-04.9878060,bm,1.49,15.982,>15.982,99.990,0.005,0.294,g
2459219.48860,2021-01-04.9890256,bm,1.54,15.906,>15.906,99.990,0.470,0.315,g
2459219.48982,2021-01-04.9902461,bm,1.47,15.940,>15.940,99.990,0.534,0.306,g
2459219.77716,2021-01-05.2775873,bE,1.49,16.002,>16.002,99.990,0.277,0.289,g
2459219.77849,2021-01-05.2789114,bE,1.45,15.940,>15.940,99.990,0.578,0.306,g
2459219.77979,2021-01-05.2802192,bE,1.51,15.911,>15.911,99.990,0.133,0.314,g
2459220.67490,2021-01-06.1753313,bi,1.42,15.968,>15.968,99.990,0.543,0.298,g
2459220.67613,2021-01-06.1765576,bi,1.45,15.901,>15.901,99.990,0.759,0.317,g
2459220.67737,2021-01-06.1777969,bi,1.36,15.925,>15.925,99.990,0.638,0.310,g
2459221.39865,2021-01-06.8990868,bm,1.54,15.936,>15.936,99.990,0.063,0.307,g
2459221.39989,2021-01-06.9003192,bm,1.60,99.990,99.990,99.990,99.990,99.990,g
2459221.40111,2021-01-06.9015435,bm,1.47,99.990,99.990,99.990,99.990,99.990,g
2459221.43225,2021-01-06.9326837,bm,1.47,99.990,99.990,99.990,99.990,99.990,g
2459221.43347,2021-01-06.9339059,bm,1.46,99.990,99.990,99.990,99.990,99.990,g
2459221.43474,2021-01-06.9351687,bm,1.53,99.990,99.990,99.990,99.990,99.990,g
2459221.49249,2021-01-06.9929253,bm,1.55,15.947,>15.947,99.990,0.249,0.304,g
2459221.49373,2021-01-06.9941658,bm,1.56,16.063,>16.063,99.990,0.526,0.273,g
2459221.49496,2021-01-06.9953947,bm,1.55,15.873,>15.873,99.990,0.610,0.325,g
2459222.32714,2021-01-07.8275741,bm,1.56,99.990,99.990,99.990,99.990,99.990,g
2459222.32840,2021-01-07.8288310,bm,1.52,16.085,>16.085,99.990,0.584,0.267,g
2459222.32962,2021-01-07.8300516,bm,1.52,99.990,99.990,99.990,99.990,99.990,g
2459222.55740,2021-01-08.0578395,bi,2.44,16.222,>16.222,99.990,0.151,0.236,g
2459222.55863,2021-01-08.0590693,bi,2.01,16.151,>16.151,99.990,0.302,0.252,g
2459222.55986,2021-01-08.0602937,bi,1.66,16.206,>16.206,99.990,0.428,0.239,g
2459223.32313,2021-01-08.8235759,bm,1.49,15.982,>15.982,99.990,0.520,0.294,g
2459223.32436,2021-01-08.8247952,bm,1.50,15.999,>15.999,99.990,0.405,0.289,g
2459223.32558,2021-01-08.8260203,bm,1.50,16.042,>16.042,99.990,0.397,0.278,g
2459223.56142,2021-01-09.0618531,bi,1.38,15.922,>15.922,99.990,0.455,0.311,g
2459223.56265,2021-01-09.0630814,bi,1.44,15.951,>15.951,99.990,0.491,0.302,g
2459223.56388,2021-01-09.0643120,bi,1.45,15.826,>15.826,99.990,0.408,0.340,g
2459224.61724,2021-01-10.1176775,bi,1.56,15.966,>15.966,99.990,0.317,0.298,g
2459224.61847,2021-01-10.1189028,bi,1.48,15.931,>15.931,99.990,0.662,0.308,g
2459224.61970,2021-01-10.1201329,bi,1.55,15.957,>15.957,99.990,0.450,0.301,g
2459225.81197,2021-01-11.3124090,bE,1.50,16.074,>16.074,99.990,0.676,0.270,g
2459226.36090,2021-01-11.8613392,bm,1.50,16.101,>16.101,99.990,0.967,0.264,g
2459226.36213,2021-01-11.8625708,bm,1.49,16.004,>16.004,99.990,0.171,0.288,g
2459226.36336,2021-01-11.8637993,bm,1.50,15.936,>15.936,99.990,0.374,0.307,g
2459228.33110,2021-01-13.8315427,bm,1.49,15.961,>15.961,99.990,0.392,0.300,g
2459228.33243,2021-01-13.8328712,bm,1.49,16.146,>16.146,99.990,0.611,0.253,g
2459228.33369,2021-01-13.8341399,bm,1.46,15.950,>15.950,99.990,0.122,0.303,g
2459228.56801,2021-01-14.0684553,bi,1.45,15.870,>15.870,99.990,0.248,0.326,g
2459228.56924,2021-01-14.0696840,bi,1.41,16.023,>16.023,99.990,0.482,0.283,g
2459228.57047,2021-01-14.0709121,bi,1.45,15.973,>15.973,99.990,0.525,0.296,g
2459229.50526,2021-01-15.0057075,bm,1.48,16.093,>16.093,99.990,0.516,0.265,g
2459229.50650,2021-01-15.0069504,bm,1.54,16.013,>16.013,99.990,0.414,0.286,g
2459229.50773,2021-01-15.0081761,bm,1.53,16.087,>16.087,99.990,0.295,0.267,g
2459229.54157,2021-01-15.0420175,bi,2.40,16.038,>16.038,99.990,0.373,0.279,g
2459229.54280,2021-01-15.0432446,bi,2.41,16.186,>16.186,99.990,0.127,0.244,g
2459229.54403,2021-01-15.0444723,bi,2.42,16.215,>16.215,99.990,0.156,0.237,g
2459231.42981,2021-01-16.9302533,bm,1.55,16.056,>16.056,99.990,0.121,0.275,g
2459231.43103,2021-01-16.9314788,bm,1.54,15.986,>15.986,99.990,0.323,0.293,g
2459231.43227,2021-01-16.9327137,bm,1.54,15.986,>15.986,99.990,-0.041,0.293,g
2459233.31321,2021-01-18.8136648,bm,1.53,15.986,>15.986,99.990,0.242,0.293,g
2459233.31444,2021-01-18.8148913,bm,1.47,16.016,>16.016,99.990,0.556,0.285,g
2459233.31566,2021-01-18.8161082,bm,1.46,16.002,>16.002,99.990,0.422,0.289,g
2459233.45852,2021-01-18.9589791,bm,1.49,16.045,>16.045,99.990,0.411,0.277,g
2459233.45976,2021-01-18.9602119,bm,1.47,99.990,99.990,99.990,99.990,99.990,g
2459233.46099,2021-01-18.9614434,bm,1.52,16.073,>16.073,99.990,0.603,0.270,g
2459233.51471,2021-01-19.0151577,bm,1.49,16.007,>16.007,99.990,0.479,0.287,g
2459233.51592,2021-01-19.0163749,bm,1.48,15.989,>15.989,99.990,0.517,0.292,g
2459233.51715,2021-01-19.0176049,bm,1.56,15.910,>15.910,99.990,0.430,0.314,g
2459234.56488,2021-01-20.0653332,bE,2.24,16.138,>16.138,99.990,0.125,0.255,g
2459234.56617,2021-01-20.0666212,bE,2.20,16.196,>16.196,99.990,0.213,0.241,g
2459234.56748,2021-01-20.0679368,bE,2.21,16.211,>16.211,99.990,-0.050,0.238,g
2459235.43222,2021-01-20.9326710,bm,1.43,15.973,>15.973,99.990,0.275,0.296,g
2459235.43345,2021-01-20.9339018,bm,1.48,15.991,>15.991,99.990,0.692,0.291,g
2459235.43467,2021-01-20.9351222,bm,1.49,99.990,99.990,99.990,99.990,99.990,g
2459240.28549,2021-01-25.7859436,bm,1.98,15.783,>15.783,99.990,0.055,0.353,g
2459240.28673,2021-01-25.7871771,bm,1.96,15.852,>15.852,99.990,0.785,0.331,g
2459240.28795,2021-01-25.7884049,bm,1.95,15.854,>15.854,99.990,0.438,0.331,g
2459240.52575,2021-01-26.0262026,bm,1.53,15.720,>15.720,99.990,0.087,0.374,g
2459242.35814,2021-01-27.8585938,bm,1.52,15.759,>15.759,99.990,0.148,0.361,g
2459242.35940,2021-01-27.8598474,bm,1.99,15.796,>15.796,99.990,0.204,0.349,g
2459242.36063,2021-01-27.8610785,bm,1.97,15.853,>15.853,99.990,0.275,0.331,g
2459242.76246,2021-01-28.2629178,bE,1.50,15.864,>15.864,99.990,0.173,0.328,g
2459242.76377,2021-01-28.2642226,bE,1.51,15.803,>15.803,99.990,0.280,0.347,g
2459242.76507,2021-01-28.2655188,bE,1.53,15.717,>15.717,99.990,0.207,0.375,g
2459243.44757,2021-01-28.9480241,bm,1.65,15.626,>15.626,99.990,0.906,0.408,g
2459243.44880,2021-01-28.9492545,bm,1.58,15.672,>15.672,99.990,0.613,0.391,g
2459243.45002,2021-01-28.9504706,bm,1.56,15.474,>15.474,99.990,-0.284,0.469,g
2459244.44681,2021-01-29.9472608,bm,2.00,15.679,>15.679,99.990,0.636,0.388,g
2459244.44803,2021-01-29.9484762,bm,2.00,15.576,>15.576,99.990,0.160,0.427,g
2459244.44925,2021-01-29.9496991,bm,1.68,15.542,>15.542,99.990,0.244,0.441,g
2459245.35373,2021-01-30.8541847,bm,1.56,15.851,>15.851,99.990,-0.085,0.332,g
2459245.35496,2021-01-30.8554123,bm,1.51,15.916,>15.916,99.990,0.360,0.312,g
2459245.35617,2021-01-30.8566260,bm,1.51,15.812,>15.812,99.990,0.233,0.344,g
2459248.33251,2021-02-02.8329590,bm,1.52,16.025,>16.025,99.990,0.484,0.283,g
2459248.33374,2021-02-02.8341822,bm,1.56,16.023,>16.023,99.990,0.539,0.283,g
2459248.33496,2021-02-02.8354125,bm,1.54,16.184,>16.184,99.990,0.388,0.244,g
2459248.64588,2021-02-03.1463239,bE,1.54,16.250,>16.250,99.990,0.375,0.230,g
2459248.64716,2021-02-03.1476072,bE,1.56,16.066,>16.066,99.990,0.314,0.272,g
2459248.64847,2021-02-03.1489129,bE,1.57,16.029,>16.029,99.990,0.189,0.282,g
2459250.42778,2021-02-04.9282280,bm,1.55,15.907,>15.907,99.990,0.555,0.315,g
2459250.42902,2021-02-04.9294590,bm,1.50,15.915,>15.915,99.990,0.402,0.313,g
2459250.43024,2021-02-04.9306842,bm,1.58,99.990,99.990,99.990,99.990,99.990,g
2459251.69984,2021-02-06.2002793,bE,1.50,16.094,>16.094,99.990,0.464,0.265,g
2459251.70113,2021-02-06.2015754,bE,1.46,15.995,>15.995,99.990,0.501,0.290,g
2459251.70244,2021-02-06.2028859,bE,1.54,15.954,>15.954,99.990,0.396,0.302,g
2459252.41921,2021-02-06.9196525,bm,1.52,99.990,99.990,99.990,99.990,99.990,g
2459252.42042,2021-02-06.9208663,bm,1.55,99.990,99.990,99.990,99.990,99.990,g
2459252.42166,2021-02-06.9220951,bm,1.57,99.990,99.990,99.990,99.990,99.990,g
2459252.73088,2021-02-07.2313179,bE,1.44,16.005,>16.005,99.990,0.439,0.288,g
2459252.73217,2021-02-07.2326078,bE,1.45,16.148,>16.148,99.990,0.470,0.252,g
2459252.73348,2021-02-07.2339194,bE,1.45,15.948,>15.948,99.990,0.349,0.303,g
2459253.48180,2021-02-07.9822386,bm,1.59,16.060,>16.060,99.990,0.376,0.274,g
2459253.48303,2021-02-07.9834664,bm,1.57,15.917,>15.917,99.990,0.474,0.312,g
2459253.48425,2021-02-07.9846934,bm,1.49,16.151,>16.151,99.990,0.186,0.252,g
2459254.44399,2021-02-08.9444324,bm,1.48,99.990,99.990,99.990,99.990,99.990,g
2459254.44522,2021-02-08.9456535,bm,1.57,15.933,>15.933,99.990,0.265,0.307,g
2459254.44644,2021-02-08.9468732,bm,1.52,99.990,99.990,99.990,99.990,99.990,g
2459255.48200,2021-02-09.9824377,bm,1.51,16.048,>16.048,99.990,0.431,0.277,g
2459255.48324,2021-02-09.9836702,bm,1.48,16.006,>16.006,99.990,0.439,0.287,g
2459255.48447,2021-02-09.9849001,bm,1.56,15.987,>15.987,99.990,0.353,0.293,g
2459256.47972,2021-02-10.9801493,bm,1.53,15.891,>15.891,99.990,0.480,0.320,g
2459256.48095,2021-02-10.9813817,bm,1.53,15.839,>15.839,99.990,0.349,0.335,g
2459256.48219,2021-02-10.9826236,bm,1.50,15.829,>15.829,99.990,0.231,0.338,g
2459256.53312,2021-02-11.0335531,bi,1.54,16.126,>16.126,99.990,0.421,0.257,g
2459256.53434,2021-02-11.0347782,bi,1.48,16.252,>16.252,99.990,0.441,0.229,g
2459256.53558,2021-02-11.0360097,bi,1.52,15.995,>15.995,99.990,0.209,0.290,g
2459257.68807,2021-02-12.1884983,bi,1.46,15.913,>15.913,99.990,0.664,0.313,g
2459257.68929,2021-02-12.1897215,bi,1.38,15.955,>15.955,99.990,0.453,0.301,g
2459257.69054,2021-02-12.1909677,bi,1.42,15.995,>15.995,99.990,0.669,0.290,g
2459258.34288,2021-02-12.8433126,bm,1.53,15.677,>15.677,99.990,-0.652,0.389,g
2459258.34410,2021-02-12.8445324,bm,1.57,15.618,>15.618,99.990,0.175,0.411,g
2459258.34533,2021-02-12.8457586,bm,1.51,15.832,>15.832,99.990,0.191,0.338,g
2459258.40705,2021-02-12.9074741,bm,1.60,15.964,>15.964,99.990,0.335,0.299,g
2459258.40828,2021-02-12.9087042,bm,1.54,16.081,>16.081,99.990,0.400,0.268,g
2459258.40950,2021-02-12.9099261,bm,1.48,16.135,>16.135,99.990,0.416,0.255,g
2459259.40606,2021-02-13.9064833,bm,1.58,15.975,>15.975,99.990,0.594,0.296,g
2459259.40729,2021-02-13.9077144,bm,1.59,15.915,>15.915,99.990,0.068,0.313,g
2459259.40852,2021-02-13.9089430,bm,1.54,16.003,>16.003,99.990,0.269,0.288,g
2459259.70271,2021-02-14.2031395,bE,1.49,15.957,>15.957,99.990,0.343,0.301,g
2459259.70401,2021-02-14.2044303,bE,1.51,16.025,>16.025,99.990,0.591,0.282,g
2459259.70530,2021-02-14.2057290,bE,1.49,16.055,>16.055,99.990,0.379,0.275,g
2459261.31392,2021-02-15.8143431,bm,2.02,16.191,>16.191,99.990,0.307,0.242,g
2459261.31518,2021-02-15.8156026,bm,2.01,15.996,>15.996,99.990,0.386,0.290,g
2459261.31646,2021-02-15.8168785,bm,2.03,15.986,>15.986,99.990,0.440,0.293,g
2459261.53338,2021-02-16.0337986,bi,1.70,16.091,>16.091,99.990,0.452,0.266,g
2459261.53461,2021-02-16.0350247,bi,1.71,16.201,>16.201,99.990,0.254,0.240,g
2459261.53584,2021-02-16.0362592,bi,1.68,16.158,>16.158,99.990,0.397,0.250,g
2459262.42320,2021-02-16.9236122,bm,1.58,16.356,>16.356,99.990,0.651,0.208,g
2459262.42443,2021-02-16.9248528,bm,2.06,15.959,>15.959,99.990,0.388,0.300,g
2459262.42567,2021-02-16.9260864,bm,2.00,15.922,>15.922,99.990,0.439,0.311,g
2459262.70961,2021-02-17.2100223,bE,1.51,15.988,>15.988,99.990,0.272,0.292,g
2459262.71090,2021-02-17.2113188,bE,1.47,16.060,>16.060,99.990,0.574,0.274,g
2459262.71219,2021-02-17.2126108,bE,1.55,15.991,>15.991,99.990,0.218,0.292,g
2459263.70021,2021-02-18.2006275,bE,1.45,16.085,>16.085,99.990,0.286,0.267,g
2459263.70150,2021-02-18.2019237,bE,1.49,16.084,>16.084,99.990,0.387,0.268,g
2459263.70280,2021-02-18.2032221,bE,1.48,16.099,>16.099,99.990,0.736,0.264,g
2459265.29360,2021-02-19.7940011,bm,1.51,15.901,>15.901,99.990,0.482,0.317,g
2459265.29483,2021-02-19.7952370,bm,1.43,16.102,>16.102,99.990,0.759,0.263,g
2459265.29607,2021-02-19.7964707,bm,1.53,15.963,>15.963,99.990,0.481,0.299,g
2459266.53139,2021-02-21.0317936,bE,1.51,15.933,>15.933,99.990,0.253,0.307,g
2459266.53267,2021-02-21.0330744,bE,1.45,16.078,>16.078,99.990,0.558,0.269,g
2459266.53396,2021-02-21.0343626,bE,1.44,15.894,>15.894,99.990,0.357,0.319,g
2459267.41306,2021-02-21.9134587,bm,2.09,99.990,99.990,99.990,99.990,99.990,g
2459267.41428,2021-02-21.9146770,bm,2.11,99.990,99.990,99.990,99.990,99.990,g
2459267.41552,2021-02-21.9159165,bm,2.10,99.990,99.990,99.990,99.990,99.990,g
2459269.63709,2021-02-24.1374854,bE,1.45,15.863,>15.863,99.990,0.448,0.328,g
2459269.63841,2021-02-24.1387995,bE,1.53,15.812,>15.812,99.990,0.537,0.344,g
2459269.63972,2021-02-24.1401093,bE,1.55,15.851,>15.851,99.990,-0.186,0.332,g
2459270.57685,2021-02-25.0772327,bE,1.45,15.830,>15.830,99.990,-0.106,0.338,g
2459270.57815,2021-02-25.0785378,bE,1.43,15.759,>15.759,99.990,-0.400,0.361,g
2459270.57946,2021-02-25.0798444,bE,1.55,15.944,>15.944,99.990,0.258,0.304,g
2459271.33903,2021-02-25.8394094,bm,1.65,15.670,>15.670,99.990,0.125,0.392,g
2459271.34026,2021-02-25.8406467,bm,1.52,15.642,>15.642,99.990,-0.027,0.402,g
2459271.34150,2021-02-25.8418788,bm,1.52,15.905,>15.905,99.990,0.280,0.316,g
2459271.37057,2021-02-25.8709552,bm,2.09,15.869,>15.869,99.990,0.220,0.326,g
2459271.37180,2021-02-25.8721805,bm,2.05,15.767,>15.767,99.990,-0.233,0.358,g
2459271.37304,2021-02-25.8734201,bm,2.07,15.665,>15.665,99.990,0.743,0.394,g
2459272.30172,2021-02-26.8021028,bm,1.41,15.742,>15.742,99.990,0.839,0.367,g
2459272.30297,2021-02-26.8033431,bm,1.55,15.900,>15.900,99.990,-0.117,0.317,g
2459272.30420,2021-02-26.8045751,bm,1.46,15.694,>15.694,99.990,0.473,0.383,g
2459272.33801,2021-02-26.8383924,bm,1.63,15.748,>15.748,99.990,0.067,0.365,g
2459272.33924,2021-02-26.8396216,bm,1.58,15.613,>15.613,99.990,0.428,0.413,g
2459272.34047,2021-02-26.8408506,bm,1.61,15.717,>15.717,99.990,1.002,0.375,g
2459272.37845,2021-02-26.8788322,bm,1.60,15.615,>15.615,99.990,0.520,0.412,g
2459272.37969,2021-02-26.8800681,bm,1.68,15.666,>15.666,99.990,0.529,0.393,g
2459272.38091,2021-02-26.8812900,bm,1.64,15.692,>15.692,99.990,0.437,0.384,g
2459273.25329,2021-02-27.7536575,bm,1.96,15.597,>15.597,99.990,-0.498,0.419,g
2459273.25450,2021-02-27.7548776,bm,1.95,15.702,>15.702,99.990,0.004,0.380,g
2459273.25572,2021-02-27.7560885,bm,1.72,15.663,>15.663,99.990,0.898,0.394,g
2459275.54910,2021-03-02.0494613,bi,1.48,15.906,>15.906,99.990,0.289,0.315,g
2459275.55034,2021-03-02.0507056,bi,1.45,15.924,>15.924,99.990,0.479,0.310,g
2459275.55156,2021-03-02.0519277,bi,1.43,15.980,>15.980,99.990,0.618,0.294,g
2459276.27680,2021-03-02.7771591,bm,1.48,15.949,>15.949,99.990,0.677,0.303,g
2459276.27803,2021-03-02.7783879,bm,1.48,16.011,>16.011,99.990,0.600,0.286,g
2459276.27925,2021-03-02.7796087,bm,1.49,15.969,>15.969,99.990,0.275,0.297,g
2459278.30174,2021-03-04.8020913,bm,1.55,16.014,>16.014,99.990,0.395,0.285,g
2459278.30296,2021-03-04.8033097,bm,1.49,16.026,>16.026,99.990,0.504,0.282,g
2459278.30419,2021-03-04.8045412,bm,1.49,16.006,>16.006,99.990,0.449,0.288,g
2459279.29687,2021-03-05.7972194,bm,1.53,15.982,>15.982,99.990,0.563,0.294,g
2459279.29809,2021-03-05.7984403,bm,1.49,15.977,>15.977,99.990,0.422,0.295,g
2459279.29931,2021-03-05.7996528,bm,1.49,15.975,>15.975,99.990,0.589,0.296,g
2459279.36364,2021-03-05.8639934,bm,1.63,15.978,>15.978,99.990,0.482,0.295,g
2459279.36487,2021-03-05.8652196,bm,1.60,15.957,>15.957,99.990,0.349,0.301,g
2459279.36609,2021-03-05.8664418,bm,1.56,15.973,>15.973,99.990,0.458,0.296,g
2459280.65593,2021-03-07.1562697,bE,1.51,16.023,>16.023,99.990,0.434,0.283,g
2459280.65721,2021-03-07.1575462,bE,1.52,16.163,>16.163,99.990,0.438,0.249,g
2459280.65850,2021-03-07.1588371,bE,1.49,16.053,>16.053,99.990,0.530,0.275,g
2459281.65205,2021-03-08.1523895,bE,1.50,15.976,>15.976,99.990,0.291,0.295,g
2459281.65334,2021-03-08.1536730,bE,1.54,16.009,>16.009,99.990,0.501,0.287,g
2459281.65464,2021-03-08.1549714,bE,1.47,16.040,>16.040,99.990,0.442,0.279,g
2459282.29441,2021-03-08.7947376,bm,1.63,99.990,99.990,99.990,99.990,99.990,g
2459282.29687,2021-03-08.7971976,bm,1.57,99.990,99.990,99.990,99.990,99.990,g
2459282.36314,2021-03-08.8634686,bm,1.52,15.139,>15.139,99.990,0.341,0.639,g
2459282.36437,2021-03-08.8646974,bm,1.73,14.899,>14.899,99.990,1.402,0.798,g
2459282.36560,2021-03-08.8659263,bm,1.67,15.914,>15.914,99.990,0.548,0.313,g
2459282.65491,2021-03-09.1552331,bE,1.48,16.023,>16.023,99.990,0.561,0.283,g
2459282.65621,2021-03-09.1565438,bE,1.49,15.977,>15.977,99.990,0.235,0.295,g
2459282.65750,2021-03-09.1578337,bE,1.51,15.999,>15.999,99.990,0.498,0.289,g
2459283.65382,2021-03-10.1541432,bE,1.52,15.896,>15.896,99.990,0.436,0.318,g
2459283.65510,2021-03-10.1554260,bE,2.20,16.083,>16.083,99.990,0.164,0.268,g
2459284.64512,2021-03-11.1454394,bE,1.46,15.880,>15.880,99.990,0.620,0.323,g
2459284.64641,2021-03-11.1467307,bE,1.39,15.902,>15.902,99.990,0.240,0.317,g
2459284.64771,2021-03-11.1480285,bE,1.49,15.881,>15.881,99.990,0.534,0.323,g
2459286.33566,2021-03-12.8359671,bm,1.64,16.176,>16.176,99.990,0.699,0.246,g
2459286.33688,2021-03-12.8371831,bm,1.53,16.369,>16.369,99.990,0.344,0.206,g
2459286.33811,2021-03-12.8384120,bm,1.56,16.062,>16.062,99.990,0.436,0.273,g
2459287.63478,2021-03-14.1350767,bE,1.55,16.134,>16.134,99.990,0.097,0.256,g
2459287.63607,2021-03-14.1363734,bE,1.54,16.043,>16.043,99.990,0.297,0.278,g
2459287.63736,2021-03-14.1376600,bE,1.60,16.019,>16.019,99.990,0.439,0.284,g
2459289.24501,2021-03-15.7453,bm,2.02,15.981,>15.981,99.990,0.297,0.294,g
2459289.24624,2021-03-15.7465314,bm,1.59,15.908,>15.908,99.990,0.546,0.315,g
2459289.24746,2021-03-15.7477556,bm,1.51,15.921,>15.921,99.990,0.493,0.311,g
2459290.36556,2021-03-16.8658431,bm,2.04,99.990,99.990,99.990,99.990,99.990,g
2459290.36679,2021-03-16.8670675,bm,2.06,99.990,99.990,99.990,99.990,99.990,g
2459290.36801,2021-03-16.8682916,bm,2.08,99.990,99.990,99.990,99.990,99.990,g
2459292.24021,2021-03-18.7404856,bm,1.51,15.708,>15.708,99.990,0.372,0.378,g
2459292.24263,2021-03-18.7429079,bm,1.57,15.905,>15.905,99.990,0.356,0.315,g
2459292.52310,2021-03-19.0233712,bi,1.46,15.952,>15.952,99.990,0.442,0.302,g
2459292.52434,2021-03-19.0246062,bi,1.49,15.932,>15.932,99.990,0.649,0.308,g
2459292.52556,2021-03-19.0258350,bi,1.41,15.941,>15.941,99.990,0.629,0.305,g
2459293.54476,2021-03-20.0450179,bE,1.5,15.974,>15.974,99.990,0.453,0.296,g
2459293.54605,2021-03-20.0463162,bE,1.54,16.074,>16.074,99.990,0.474,0.270,g
2459293.54735,2021-03-20.0476137,bE,1.47,15.951,>15.951,99.990,0.408,0.302,g
2459294.37722,2021-03-20.8774811,bm,2.17,16.019,>16.019,99.990,-0.113,0.284,g
2459294.37844,2021-03-20.8786996,bm,2.19,15.936,>15.936,99.990,0.344,0.307,g
2459294.53232,2021-03-21.0325865,bi,1.46,15.848,>15.848,99.990,0.529,0.332,g
2459294.53354,2021-03-21.0338039,bi,1.43,16.044,>16.044,99.990,0.106,0.278,g
2459294.53477,2021-03-21.0350328,bi,1.46,15.850,>15.850,99.990,0.634,0.332,g
2459295.37038,2021-03-21.8706270,bm,1.99,99.990,99.990,99.990,99.990,99.990,g
2459295.37160,2021-03-21.8718548,bm,2.01,15.972,>15.972,99.990,0.358,0.297,g
2459295.37282,2021-03-21.8730732,bm,2.0,99.990,99.990,99.990,99.990,99.990,g
2459296.49758,2021-03-22.9978318,bE,1.56,15.988,>15.988,99.990,0.373,0.292,g
2459296.49888,2021-03-22.9991256,bE,1.55,15.974,>15.974,99.990,0.212,0.296,g
2459296.50017,2021-03-23.0004131,bE,1.56,15.952,>15.952,99.990,-0.085,0.302,g
2459297.57642,2021-03-24.0766626,bE,1.49,16.112,>16.112,99.990,0.342,0.261,g
2459297.57771,2021-03-24.0779526,bE,1.54,15.877,>15.877,99.990,0.293,0.324,g
2459297.57901,2021-03-24.0792486,bE,1.52,15.984,>15.984,99.990,0.260,0.293,g
2459298.36288,2021-03-24.8631052,bm,1.68,15.899,>15.899,99.990,0.506,0.317,g
2459298.36410,2021-03-24.8643327,bm,1.66,15.907,>15.907,99.990,0.188,0.315,g
2459298.36532,2021-03-24.8655579,bm,1.55,16.003,>16.003,99.990,0.349,0.288,g
2459300.60073,2021-03-27.1009469,bE,1.56,15.709,>15.709,99.990,0.715,0.378,g
2459300.60203,2021-03-27.1022503,bE,1.49,15.796,>15.796,99.990,-0.015,0.349,g
2459300.60332,2021-03-27.1035434,bE,1.49,15.838,>15.838,99.990,0.448,0.336,g
2459301.59949,2021-03-28.0997043,bE,1.49,15.648,>15.648,99.990,-0.162,0.400,g
2459301.60079,2021-03-28.1010018,bE,1.54,15.639,>15.639,99.990,0.452,0.403,g
2459301.60208,2021-03-28.1022910,bE,1.53,15.812,>15.812,99.990,0.909,0.344,g
2459305.24837,2021-03-31.7485535,bm,1.47,15.944,>15.944,99.990,0.470,0.304,g
2459305.24960,2021-03-31.7497812,bm,1.46,16.003,>16.003,99.990,0.594,0.288,g
2459305.25082,2021-03-31.7510034,bm,1.48,16.002,>16.002,99.990,0.205,0.289,g
2459306.56206,2021-04-02.0622393,bE,1.45,16.083,>16.083,99.990,0.338,0.268,g
2459306.56335,2021-04-02.0635255,bE,1.56,15.977,>15.977,99.990,0.274,0.295,g
2459306.56465,2021-04-02.0648263,bE,1.56,15.950,>15.950,99.990,0.287,0.303,g
2459308.25347,2021-04-03.7536263,bm,1.52,15.984,>15.984,99.990,0.282,0.293,g
2459308.25468,2021-04-03.7548449,bm,1.56,16.051,>16.051,99.990,0.132,0.276,g
2459308.25591,2021-04-03.7560692,bm,1.56,15.976,>15.976,99.990,0.452,0.296,g
2459309.57659,2021-04-05.0767375,bE,1.58,16.054,>16.054,99.990,0.138,0.275,g
2459309.57790,2021-04-05.0780452,bE,1.53,16.043,>16.043,99.990,0.508,0.278,g
2459309.57921,2021-04-05.0793609,bE,1.53,15.978,>15.978,99.990,0.503,0.295,g
2459311.57559,2021-04-07.0757354,bE,1.58,16.035,>16.035,99.990,0.553,0.280,g
2459311.57685,2021-04-07.0769916,bE,1.5,15.915,>15.915,99.990,0.386,0.313,g
2459311.57812,2021-04-07.0782541,bE,1.51,16.027,>16.027,99.990,0.478,0.282,g
2459312.56831,2021-04-08.0684454,bE,1.4,15.975,>15.975,99.990,0.290,0.296,g
2459312.56959,2021-04-08.0697218,bE,1.48,16.092,>16.092,99.990,0.467,0.266,g
2459312.57087,2021-04-08.0710034,bE,1.46,16.100,>16.100,99.990,0.448,0.264,g
2459313.50889,2021-04-09.0090134,bi,1.46,15.882,>15.882,99.990,0.540,0.322,g
2459313.51011,2021-04-09.0102340,bi,1.45,15.958,>15.958,99.990,0.395,0.301,g
2459313.51133,2021-04-09.0114534,bi,1.42,16.038,>16.038,99.990,0.312,0.279,g
2459315.22749,2021-04-10.7275967,bm,1.53,15.944,>15.944,99.990,0.186,0.304,g
2459315.22949,2021-04-10.7295966,bm,1.63,16.075,>16.075,99.990,0.555,0.270,g
2459316.31748,2021-04-11.8175792,bm,1.58,15.871,>15.871,99.990,0.151,0.326,g
2459316.31871,2021-04-11.8188037,bm,1.56,15.879,>15.879,99.990,0.348,0.323,g
2459317.24177,2021-04-12.7418621,bm,1.55,16.057,>16.057,99.990,0.172,0.274,g
2459317.24299,2021-04-12.7430851,bm,1.49,15.871,>15.871,99.990,0.662,0.325,g
2459317.24421,2021-04-12.7443060,bm,1.55,15.876,>15.876,99.990,0.446,0.324,g
2459319.30662,2021-04-14.8066997,bm,1.55,15.885,>15.885,99.990,0.432,0.322,g
2459319.30786,2021-04-14.8079417,bm,1.54,15.989,>15.989,99.990,0.327,0.292,g
2459319.30909,2021-04-14.8091762,bm,1.55,16.029,>16.029,99.990,0.430,0.281,g
2459320.29926,2021-04-15.7993325,bm,1.58,16.054,>16.054,99.990,0.023,0.275,g
2459320.30049,2021-04-15.8005619,bm,1.56,15.905,>15.905,99.990,0.305,0.316,g
2459320.30172,2021-04-15.8017881,bm,1.47,16.017,>16.017,99.990,0.389,0.285,g
2459321.48051,2021-04-16.9805655,bi,1.44,15.729,>15.729,99.990,-0.003,0.371,g
2459321.48173,2021-04-16.9817934,bi,1.43,15.997,>15.997,99.990,0.594,0.290,g
2459321.48296,2021-04-16.9830214,bi,1.38,15.944,>15.944,99.990,0.554,0.304,g
2459323.29807,2021-04-18.7981136,bm,1.51,16.016,>16.016,99.990,0.610,0.285,g
2459323.29929,2021-04-18.7993403,bm,1.49,15.885,>15.885,99.990,0.731,0.321,g
2459323.48136,2021-04-18.9814083,bi,1.48,15.922,>15.922,99.990,0.279,0.311,g
2459323.48259,2021-04-18.9826361,bi,1.46,16.164,>16.164,99.990,0.556,0.249,g
2459323.48383,2021-04-18.9838756,bi,1.47,15.934,>15.934,99.990,0.024,0.307,g
2459324.49740,2021-04-19.9974412,bi,1.48,15.997,>15.997,99.990,0.646,0.290,g
2459324.49863,2021-04-19.9986747,bi,1.48,15.956,>15.956,99.990,0.317,0.301,g
2459324.49987,2021-04-19.9999060,bi,1.52,15.945,>15.945,99.990,0.665,0.304,g
2459326.28267,2021-04-21.7826885,bm,1.6,15.695,>15.695,99.990,0.465,0.383,g
2459326.28390,2021-04-21.7839189,bm,1.53,15.498,>15.498,99.990,-0.135,0.459,g
2459326.28514,2021-04-21.7851586,bm,1.47,14.343,>14.343,99.990,-3.366,1.331,g
2459326.51999,2021-04-22.0200152,bi,1.5,15.814,>15.814,99.990,0.174,0.343,g
2459326.52122,2021-04-22.0212406,bi,1.45,15.692,>15.692,99.990,0.179,0.384,g
2459326.52244,2021-04-22.0224614,bi,1.45,15.822,>15.822,99.990,0.261,0.341,g
2459328.28139,2021-04-23.7813969,bm,1.57,15.778,>15.778,99.990,0.003,0.355,g
2459328.28260,2021-04-23.7826094,bm,1.61,15.732,>15.732,99.990,0.366,0.370,g
2459328.28382,2021-04-23.7838340,bm,1.6,15.833,>15.833,99.990,0.337,0.337,g
2459329.52857,2021-04-25.0285682,bE,1.53,15.752,>15.752,99.990,0.294,0.363,g
2459329.52985,2021-04-25.0298454,bE,2.34,15.599,>15.599,99.990,0.154,0.418,g
2459331.52318,2021-04-27.0231687,bE,1.55,15.745,>15.745,99.990,0.275,0.366,g
2459331.52447,2021-04-27.0244555,bE,2.42,99.990,99.990,99.990,99.990,99.990,g
2459332.26421,2021-04-27.7641878,bm,2.06,15.478,>15.478,99.990,0.907,0.468,g
2459332.26544,2021-04-27.7654168,bm,2.06,15.531,>15.531,99.990,0.133,0.445,g
2459332.26667,2021-04-27.7666449,bm,2.08,15.683,>15.683,99.990,1.073,0.387,g
2459332.51806,2021-04-28.0180373,bE,1.58,15.725,>15.725,99.990,-0.481,0.373,g
2459332.51935,2021-04-28.0193278,bE,1.52,15.711,>15.711,99.990,-0.349,0.377,g
2459332.52064,2021-04-28.0206071,bE,1.6,15.760,>15.760,99.990,0.091,0.360,g
2459333.24036,2021-04-28.7403335,bm,1.57,15.736,>15.736,99.990,0.238,0.369,g
2459333.24160,2021-04-28.7415645,bm,1.59,15.308,>15.308,99.990,-0.041,0.547,g
2459333.24282,2021-04-28.7427971,bm,1.52,14.860,>14.860,99.990,-1.214,0.826,g
2459334.47321,2021-04-29.9731738,bi,2.07,16.037,>16.037,99.990,0.168,0.279,g
2459334.47445,2021-04-29.9744111,bi,2.04,16.038,>16.038,99.990,0.160,0.279,g
2459334.47568,2021-04-29.9756410,bi,2.03,16.197,>16.197,99.990,0.303,0.241,g
2459336.50397,2021-05-02.0039190,bE,1.43,15.864,>15.864,99.990,0.245,0.328,g
2459336.50528,2021-05-02.0052231,bE,1.48,15.939,>15.939,99.990,0.465,0.306,g
2459336.50656,2021-05-02.0064993,bE,1.48,16.008,>16.008,99.990,0.041,0.287,g
2459337.25991,2021-05-02.7598479,bm,1.48,15.971,>15.971,99.990,0.418,0.297,g
2459337.26114,2021-05-02.7610814,bm,1.52,15.979,>15.979,99.990,0.692,0.295,g
2459337.47901,2021-05-02.9789417,bi,1.51,15.947,>15.947,99.990,0.511,0.303,g
2459337.48024,2021-05-02.9801707,bi,1.47,15.926,>15.926,99.990,0.336,0.310,g
2459337.48147,2021-05-02.9813997,bi,1.4,15.989,>15.989,99.990,0.291,0.292,g
2459339.45913,2021-05-04.9590483,bi,2.0,15.901,>15.901,99.990,0.170,0.317,g
2459339.46037,2021-05-04.9602877,bi,1.75,15.868,>15.868,99.990,-0.012,0.327,g
2459339.46160,2021-05-04.9615192,bi,1.77,15.902,>15.902,99.990,-0.091,0.317,g
2459340.49633,2021-05-05.9962439,bE,1.51,16.003,>16.003,99.990,0.518,0.288,g
2459340.49761,2021-05-05.9975185,bE,1.51,16.038,>16.038,99.990,0.371,0.279,g
2459340.49888,2021-05-05.9987891,bE,1.52,16.115,>16.115,99.990,0.586,0.260,g
2459342.46179,2021-05-07.9616843,bE,1.56,15.986,>15.986,99.990,0.428,0.293,g
2459342.46307,2021-05-07.9629635,bE,1.53,15.983,>15.983,99.990,0.300,0.294,g
2459342.46435,2021-05-07.9642466,bE,1.52,15.964,>15.964,99.990,0.116,0.299,g
2459344.24166,2021-05-09.7415466,bm,1.55,16.053,>16.053,99.990,0.473,0.275,g
2459344.24290,2021-05-09.7427790,bm,2.24,15.924,>15.924,99.990,0.007,0.310,g
2459344.48438,2021-05-09.9842626,bE,1.47,16.065,>16.065,99.990,0.337,0.272,g
2459344.48568,2021-05-09.9855608,bE,1.49,15.989,>15.989,99.990,0.735,0.292,g
2459344.48695,2021-05-09.9868358,bE,1.44,15.771,>15.771,99.990,0.393,0.357,g
2459346.19952,2021-05-11.6993868,bm,1.59,15.866,>15.866,99.990,0.657,0.327,g
2459346.20074,2021-05-11.7006125,bm,1.47,15.904,>15.904,99.990,0.800,0.316,g
2459346.20197,2021-05-11.7018449,bm,1.48,16.016,>16.016,99.990,0.512,0.285,g
2459348.21437,2021-05-13.7142225,bm,1.47,15.964,>15.964,99.990,0.428,0.299,g
2459348.21559,2021-05-13.7154409,bm,1.48,16.026,>16.026,99.990,0.566,0.282,g
2459348.21680,2021-05-13.7166593,bm,1.47,16.010,>16.010,99.990,0.205,0.286,g
2459349.47006,2021-05-14.9699122,bE,1.52,16.007,>16.007,99.990,0.473,0.287,g
2459349.47137,2021-05-14.9712112,bE,1.52,15.924,>15.924,99.990,0.352,0.310,g
2459349.47264,2021-05-14.9724858,bE,1.53,15.992,>15.992,99.990,0.228,0.291,g
2459351.46207,2021-05-16.9619002,bE,1.58,16.122,>16.122,99.990,0.266,0.258,g
2459351.46336,2021-05-16.9631907,bE,1.56,16.122,>16.122,99.990,0.388,0.258,g
2459351.46464,2021-05-16.9644746,bE,1.53,15.944,>15.944,99.990,0.314,0.304,g
2459352.46693,2021-05-17.9667503,bE,1.6,16.032,>16.032,99.990,0.115,0.281,g
2459353.21187,2021-05-18.7116858,bm,1.45,15.938,>15.938,99.990,0.455,0.306,g
2459353.21309,2021-05-18.7129126,bm,1.56,15.899,>15.899,99.990,0.378,0.317,g
2459353.21433,2021-05-18.7141450,bm,1.5,15.924,>15.924,99.990,0.441,0.310,g
2459357.20322,2021-05-22.7030048,bm,2.26,15.736,>15.736,99.990,0.300,0.369,g
2459357.20444,2021-05-22.7042231,bm,2.24,15.739,>15.739,99.990,-0.311,0.368,g
2459357.20566,2021-05-22.7054510,bm,2.24,15.766,>15.766,99.990,0.206,0.359,g
2459358.19543,2021-05-23.6952057,bm,1.49,15.557,>15.557,99.990,-0.740,0.435,g
2459358.19672,2021-05-23.6965040,bm,1.57,15.741,>15.741,99.990,0.232,0.367,g
2459358.19794,2021-05-23.6977200,bm,1.44,15.657,>15.657,99.990,-0.543,0.397,g
2459359.44806,2021-05-24.9478336,bE,2.24,15.484,>15.484,99.990,-0.175,0.465,g
2459360.19112,2021-05-25.6909015,bm,2.01,15.408,>15.408,99.990,-1.875,0.499,g
2459360.19243,2021-05-25.6921987,bm,1.99,15.224,>15.224,99.990,0.121,0.591,g
2459360.19366,2021-05-25.6934266,bm,2.0,15.520,>15.520,99.990,-0.648,0.450,g
2459361.19087,2021-05-26.6906409,bm,1.57,15.406,>15.406,99.990,0.549,0.500,g
2459361.19210,2021-05-26.6918664,bm,1.58,15.360,>15.360,99.990,-1.135,0.521,g
2459361.19334,2021-05-26.6931027,bm,1.52,15.481,>15.481,99.990,-0.319,0.466,g
2459399.94686,2021-07-04.4464268,bi,1.47,15.366,>15.366,99.990,-0.540,0.519,g
2459399.94810,2021-07-04.4476699,bi,1.55,15.542,>15.542,99.990,1.200,0.441,g
2459399.94934,2021-07-04.4489121,bi,1.47,15.263,>15.263,99.990,0.617,0.570,g
2459400.94716,2021-07-05.4467260,bi,1.59,15.693,>15.693,99.990,0.446,0.384,g
2459400.94840,2021-07-05.4479679,bi,1.52,15.565,>15.565,99.990,-0.161,0.431,g
2459400.94966,2021-07-05.4492214,bi,1.46,15.585,>15.585,99.990,0.184,0.424,g
2459402.94547,2021-07-07.4450398,bE,1.47,15.804,>15.804,99.990,0.167,0.346,g
2459402.94678,2021-07-07.4463375,bE,1.52,15.704,>15.704,99.990,-0.028,0.380,g
2459402.94806,2021-07-07.4476193,bE,1.55,15.792,>15.792,99.990,0.294,0.350,g
2459403.94775,2021-07-08.4473041,bi,1.45,15.598,>15.598,99.990,0.186,0.419,g
2459403.94900,2021-07-08.4485590,bi,1.53,15.717,>15.717,99.990,-0.194,0.375,g
2459404.94172,2021-07-09.4412746,bE,1.53,16.100,>16.100,99.990,0.328,0.264,g
2459404.94301,2021-07-09.4425686,bE,1.63,16.030,>16.030,99.990,0.533,0.281,g
2459404.94431,2021-07-09.4438606,bE,1.58,15.948,>15.948,99.990,0.571,0.303,g
2459406.91857,2021-07-11.4181201,bi,1.33,15.629,>15.629,99.990,0.959,0.407,g
2459406.91981,2021-07-11.4193549,bi,1.38,15.664,>15.664,99.990,0.794,0.394,g
2459406.92106,2021-07-11.4206134,bi,1.43,15.835,>15.835,99.990,0.548,0.337,g
2459407.92682,2021-07-12.4263709,bE,1.59,16.055,>16.055,99.990,0.371,0.275,g
2459407.92812,2021-07-12.4276695,bE,1.62,15.941,>15.941,99.990,0.296,0.305,g
2459407.92942,2021-07-12.4289715,bE,1.58,16.063,>16.063,99.990,0.299,0.273,g
2459408.93024,2021-07-13.4297847,bi,1.49,15.952,>15.952,99.990,0.445,0.302,g
2459408.93149,2021-07-13.4310418,bi,1.46,16.031,>16.031,99.990,0.461,0.281,g
2459408.93275,2021-07-13.4322988,bi,1.44,15.914,>15.914,99.990,0.483,0.313,g
2459409.92757,2021-07-14.4271138,bE,1.51,15.939,>15.939,99.990,0.557,0.306,g
2459409.92887,2021-07-14.4284114,bE,1.53,16.017,>16.017,99.990,0.317,0.285,g
2459409.93016,2021-07-14.4297048,bE,1.53,16.057,>16.057,99.990,0.460,0.274,g
2459410.92775,2021-07-15.4272942,bE,1.51,15.951,>15.951,99.990,0.543,0.302,g
2459410.92904,2021-07-15.4285807,bE,1.51,16.102,>16.102,99.990,0.576,0.263,g
2459410.93033,2021-07-15.4298756,bE,1.48,99.990,99.990,99.990,99.990,99.990,g
2459411.92024,2021-07-16.4197880,bE,1.48,16.113,>16.113,99.990,0.242,0.261,g
2459411.92154,2021-07-16.4210878,bE,1.53,16.041,>16.041,99.990,0.105,0.278,g
2459411.92284,2021-07-16.4223869,bE,1.48,16.111,>16.111,99.990,0.218,0.261,g
2459412.92056,2021-07-17.4201043,bE,1.5,16.155,>16.155,99.990,0.289,0.251,g
2459412.92186,2021-07-17.4214054,bE,1.44,16.011,>16.011,99.990,0.337,0.286,g
2459412.92317,2021-07-17.4227162,bE,1.44,16.042,>16.042,99.990,0.507,0.278,g
2459413.91293,2021-07-18.4124701,bE,1.55,16.159,>16.159,99.990,0.297,0.250,g
2459413.91423,2021-07-18.4137664,bE,1.52,15.912,>15.912,99.990,0.217,0.313,g
2459413.91554,2021-07-18.4150771,bE,1.52,16.087,>16.087,99.990,0.437,0.267,g
2459417.94265,2021-07-22.4421876,bE,1.47,15.901,>15.901,99.990,0.356,0.317,g
2459417.94395,2021-07-22.4434894,bE,1.54,15.876,>15.876,99.990,0.464,0.324,g
2459417.94524,2021-07-22.4447810,bE,1.48,15.949,>15.949,99.990,0.511,0.303,g
2459423.93290,2021-07-28.4324302,bE,2.0,15.922,>15.922,99.990,-0.146,0.311,g
2459423.93420,2021-07-28.4337355,bE,2.01,15.963,>15.963,99.990,0.430,0.299,g
2459423.93549,2021-07-28.4350230,bE,2.03,15.918,>15.918,99.990,0.615,0.312,g
2459424.67570,2021-07-29.1752365,bm,2.21,15.813,>15.813,99.990,-0.053,0.343,g
2459424.67700,2021-07-29.1765325,bm,2.22,15.851,>15.851,99.990,0.325,0.332,g
2459424.67824,2021-07-29.1777756,bm,2.24,15.785,>15.785,99.990,-0.208,0.352,g
2459424.92872,2021-07-29.4282541,bE,1.5,15.897,>15.897,99.990,-0.029,0.318,g
2459424.93002,2021-07-29.4295564,bE,1.55,16.034,>16.034,99.990,0.368,0.280,g
2459424.93133,2021-07-29.4308648,bE,1.44,15.828,>15.828,99.990,0.323,0.339,g
2459425.89420,2021-07-30.3937334,bE,1.49,15.913,>15.913,99.990,0.318,0.313,g
2459425.89549,2021-07-30.3950280,bE,1.45,15.998,>15.998,99.990,0.634,0.290,g
2459426.89058,2021-07-31.3901203,bE,1.47,15.992,>15.992,99.990,0.466,0.291,g
2459426.89187,2021-07-31.3914065,bE,1.46,16.170,>16.170,99.990,0.288,0.247,g
2459426.89316,2021-07-31.3926968,bE,1.52,16.004,>16.004,99.990,0.455,0.288,g
2459427.89096,2021-08-01.3905005,bE,1.53,16.053,>16.053,99.990,0.252,0.275,g
2459427.89226,2021-08-01.3918009,bE,1.5,15.986,>15.986,99.990,0.318,0.293,g
2459427.89356,2021-08-01.3930988,bE,1.55,16.027,>16.027,99.990,0.487,0.282,g
2459428.88565,2021-08-02.3851935,bE,1.41,15.905,>15.905,99.990,0.098,0.315,g
2459428.88696,2021-08-02.3864912,bE,1.5,16.004,>16.004,99.990,0.381,0.288,g
2459428.88826,2021-08-02.3877996,bE,1.53,15.990,>15.990,99.990,0.543,0.292,g
2459429.88366,2021-08-03.3832006,bE,1.54,16.069,>16.069,99.990,0.856,0.271,g
2459429.88496,2021-08-03.3845039,bE,1.5,15.991,>15.991,99.990,0.575,0.292,g
2459429.88626,2021-08-03.3857989,bE,1.51,15.998,>15.998,99.990,0.432,0.290,g
2459430.63823,2021-08-04.1377687,bm,2.18,16.088,>16.088,99.990,0.386,0.267,g
2459430.63948,2021-08-04.1390201,bm,2.19,16.086,>16.086,99.990,0.098,0.267,g
2459430.64071,2021-08-04.1402491,bm,2.16,15.957,>15.957,99.990,0.204,0.301,g
2459430.88821,2021-08-04.3877469,bE,1.47,15.965,>15.965,99.990,0.440,0.299,g
2459430.88950,2021-08-04.3890403,bE,1.43,16.070,>16.070,99.990,0.182,0.271,g
2459430.89080,2021-08-04.3903379,bE,1.52,16.031,>16.031,99.990,0.380,0.281,g
2459431.88836,2021-08-05.3879068,bE,1.48,16.056,>16.056,99.990,0.439,0.275,g
2459431.88968,2021-08-05.3892167,bE,1.48,16.053,>16.053,99.990,0.472,0.275,g
2459431.89097,2021-08-05.3905143,bE,1.53,15.974,>15.974,99.990,0.292,0.296,g
2459432.88097,2021-08-06.3805178,bE,1.53,16.052,>16.052,99.990,0.344,0.276,g
2459432.88228,2021-08-06.3818282,bE,1.48,15.991,>15.991,99.990,0.589,0.292,g
2459432.88358,2021-08-06.3831267,bE,1.5,16.074,>16.074,99.990,0.529,0.270,g
2459433.60687,2021-08-07.1064115,bm,2.14,16.004,>16.004,99.990,0.095,0.288,g
2459433.60811,2021-08-07.1076557,bm,2.16,16.114,>16.114,99.990,0.054,0.260,g
2459433.60935,2021-08-07.1088944,bm,2.15,16.086,>16.086,99.990,0.390,0.267,g
2459433.86927,2021-08-07.3688136,bE,1.5,16.047,>16.047,99.990,0.588,0.277,g
2459433.87056,2021-08-07.3701071,bE,1.54,16.149,>16.149,99.990,0.332,0.252,g
2459433.87187,2021-08-07.3714130,bE,1.43,16.012,>16.012,99.990,0.345,0.286,g
2459433.93526,2021-08-07.4348035,bi,1.56,15.997,>15.997,99.990,0.271,0.290,g
2459433.93650,2021-08-07.4360464,bi,1.66,15.787,>15.787,99.990,0.552,0.352,g
2459433.93775,2021-08-07.4372940,bi,1.62,15.797,>15.797,99.990,0.847,0.349,g
2459434.61015,2021-08-08.1096964,bm,1.61,16.085,>16.085,99.990,-0.012,0.267,g
2459435.86612,2021-08-09.3656653,bE,1.48,16.040,>16.040,99.990,0.422,0.279,g
2459435.86742,2021-08-09.3669685,bE,1.6,15.973,>15.973,99.990,0.298,0.297,g
2459435.86873,2021-08-09.3682763,bE,1.46,16.099,>16.099,99.990,0.602,0.264,g
2459436.87461,2021-08-10.3741596,bE,1.48,16.078,>16.078,99.990,0.548,0.269,g
2459436.87592,2021-08-10.3754721,bE,1.55,16.011,>16.011,99.990,0.512,0.286,g
2459436.87721,2021-08-10.3767643,bE,1.47,15.939,>15.939,99.990,0.460,0.306,g
2459437.60704,2021-08-11.1066027,bm,2.27,16.037,>16.037,99.990,0.350,0.279,g
2459437.60830,2021-08-11.1078526,bm,2.27,16.118,>16.118,99.990,0.204,0.259,g
2459437.60957,2021-08-11.1091275,bm,2.27,16.064,>16.064,99.990,0.440,0.273,g
2459437.86547,2021-08-11.3650239,bE,1.57,16.166,>16.166,99.990,0.250,0.248,g
2459437.86677,2021-08-11.3663231,bE,1.49,16.096,>16.096,99.990,0.443,0.265,g
2459437.86806,2021-08-11.3676156,bE,1.5,16.144,>16.144,99.990,0.728,0.253,g
2459438.86712,2021-08-12.3666667,bE,1.49,16.055,>16.055,99.990,0.561,0.275,g
2459438.86841,2021-08-12.3679707,bE,1.47,16.054,>16.054,99.990,0.519,0.275,g
2459438.86972,2021-08-12.3692751,bE,1.48,15.990,>15.990,99.990,0.533,0.292,g
2459439.86353,2021-08-13.3630844,bE,1.47,16.097,>16.097,99.990,0.301,0.264,g
2459439.86483,2021-08-13.3643854,bE,1.44,16.038,>16.038,99.990,0.146,0.279,g
2459439.86614,2021-08-13.3656912,bE,1.47,15.955,>15.955,99.990,0.402,0.301,g
2459440.86384,2021-08-14.3634012,bE,1.53,16.031,>16.031,99.990,0.736,0.281,g
2459440.86514,2021-08-14.3646965,bE,1.49,16.025,>16.025,99.990,0.481,0.283,g
2459440.86643,2021-08-14.3659887,bE,1.47,16.145,>16.145,99.990,0.614,0.253,g
2459442.85856,2021-08-16.3581186,bE,1.52,16.158,>16.158,99.990,0.477,0.250,g
2459443.84314,2021-08-17.3427079,bE,1.53,16.024,>16.024,99.990,0.171,0.283,g
2459443.84444,2021-08-17.3440084,bE,1.47,16.118,>16.118,99.990,0.629,0.259,g
2459443.84574,2021-08-17.3453085,bE,1.52,16.022,>16.022,99.990,0.316,0.283,g
2459444.83947,2021-08-18.3390386,bE,1.51,15.980,>15.980,99.990,0.510,0.295,g
2459444.84075,2021-08-18.3403217,bE,1.5,15.937,>15.937,99.990,0.457,0.306,g
2459444.84205,2021-08-18.3416196,bE,1.44,16.075,>16.075,99.990,0.525,0.270,g
2459447.83251,2021-08-21.3320880,bE,1.5,15.764,>15.764,99.990,0.273,0.359,g
2459447.83380,2021-08-21.3333723,bE,1.54,15.656,>15.656,99.990,0.082,0.397,g
2459447.83511,2021-08-21.3346843,bE,1.48,15.785,>15.785,99.990,-0.183,0.352,g
2459448.82623,2021-08-22.3258234,bi,1.54,15.559,>15.559,99.990,0.932,0.434,g
2459448.82748,2021-08-22.3270627,bi,1.5,15.515,>15.515,99.990,0.536,0.452,g
2459448.82872,2021-08-22.3283021,bi,1.5,15.502,>15.502,99.990,0.400,0.457,g
2459449.58862,2021-08-23.0881998,bm,2.48,15.377,>15.377,99.990,-0.752,0.513,g
2459449.58986,2021-08-23.0894384,bm,2.49,15.261,>15.261,99.990,-0.203,0.571,g
2459449.59111,2021-08-23.0906957,bm,2.49,15.221,>15.221,99.990,0.863,0.593,g
2459453.82667,2021-08-27.3262648,bE,1.5,15.952,>15.952,99.990,0.144,0.302,g
2459453.82798,2021-08-27.3275729,bE,1.47,15.946,>15.946,99.990,-0.147,0.304,g
2459453.82926,2021-08-27.3288577,bE,1.55,15.942,>15.942,99.990,0.408,0.305,g
2459454.82701,2021-08-28.3266155,bE,1.52,15.537,>15.537,99.990,-0.141,0.443,g
2459454.82830,2021-08-28.3279056,bE,1.59,99.990,99.990,99.990,99.990,99.990,g
2459454.82960,2021-08-28.3292070,bE,1.58,14.934,>14.934,99.990,-0.393,0.772,g
2459455.82169,2021-08-29.3213031,bE,1.48,15.983,>15.983,99.990,0.451,0.294,g
2459456.63819,2021-08-30.1377932,bm,1.6,16.005,>16.005,99.990,0.084,0.288,g
2459456.63974,2021-08-30.1393468,bm,1.6,16.042,>16.042,99.990,0.461,0.278,g
2459456.64138,2021-08-30.1409861,bm,1.57,15.857,>15.857,99.990,0.119,0.330,g
2459457.80248,2021-08-31.3020923,bE,1.55,16.055,>16.055,99.990,0.314,0.275,g
2459457.80379,2021-08-31.3034005,bE,1.5,15.977,>15.977,99.990,0.645,0.295,g
2459457.80509,2021-08-31.3047077,bE,1.48,16.015,>16.015,99.990,0.496,0.285,g
2459457.92108,2021-08-31.4206997,bi,1.45,15.817,>15.817,99.990,0.163,0.342,g
2459457.92231,2021-08-31.4219288,bi,1.39,15.596,>15.596,99.990,0.105,0.420,g
2459457.92355,2021-08-31.4231697,bi,1.44,15.593,>15.593,99.990,0.178,0.421,g
2459458.54685,2021-09-01.0464625,bm,2.15,16.096,>16.096,99.990,0.188,0.265,g
2459458.54810,2021-09-01.0477114,bm,2.14,16.036,>16.036,99.990,-0.029,0.280,g
2459458.54934,2021-09-01.0489546,bm,2.16,16.072,>16.072,99.990,0.454,0.271,g
2459459.55865,2021-09-02.0582806,bm,1.62,16.055,>16.055,99.990,0.340,0.275,g
2459459.55991,2021-09-02.0595344,bm,1.6,15.949,>15.949,99.990,0.681,0.303,g
2459459.56115,2021-09-02.0607741,bm,1.59,16.036,>16.036,99.990,0.572,0.280,g
2459459.81179,2021-09-02.3114112,bE,1.55,15.992,>15.992,99.990,0.415,0.291,g
2459459.81309,2021-09-02.3127086,bE,1.5,15.953,>15.953,99.990,0.571,0.302,g
2459459.81438,2021-09-02.3140069,bE,1.49,16.067,>16.067,99.990,0.341,0.272,g
2459460.81120,2021-09-03.3108325,bE,1.53,16.005,>16.005,99.990,0.428,0.288,g
2459460.81251,2021-09-03.3121333,bE,1.44,16.079,>16.079,99.990,0.587,0.269,g
2459460.81381,2021-09-03.3134365,bE,1.51,15.970,>15.970,99.990,0.434,0.297,g
2459461.80745,2021-09-04.3070892,bE,1.48,16.236,>16.236,99.990,0.328,0.233,g
2459461.80877,2021-09-04.3084013,bE,1.49,15.939,>15.939,99.990,0.221,0.306,g
2459461.81007,2021-09-04.3097048,bE,1.48,16.182,>16.182,99.990,0.276,0.245,g
2459462.55277,2021-09-05.0524170,bm,1.57,16.014,>16.014,99.990,0.604,0.286,g
2459462.55404,2021-09-05.0536834,bm,1.61,16.068,>16.068,99.990,0.563,0.272,g
2459462.55527,2021-09-05.0549184,bm,1.6,15.938,>15.938,99.990,0.539,0.306,g
2459462.86751,2021-09-05.3671488,bE,1.49,15.997,>15.997,99.990,0.262,0.290,g
2459462.86880,2021-09-05.3684447,bE,1.5,15.923,>15.923,99.990,0.320,0.310,g
2459462.87010,2021-09-05.3697356,bE,1.51,16.103,>16.103,99.990,0.526,0.263,g
2459463.78847,2021-09-06.2881153,bE,1.49,15.877,>15.877,99.990,0.060,0.324,g
2459463.78976,2021-09-06.2894059,bE,1.5,15.400,>15.400,99.990,0.240,0.502,g
2459463.79107,2021-09-06.2907131,bE,1.47,15.915,>15.915,99.990,0.305,0.313,g
2459463.90778,2021-09-06.4074241,bi,1.49,15.773,>15.773,99.990,0.434,0.356,g
2459463.90903,2021-09-06.4086802,bi,1.37,15.877,>15.877,99.990,0.483,0.324,g
2459463.91028,2021-09-06.4099282,bi,1.43,15.889,>15.889,99.990,0.271,0.320,g
2459465.78937,2021-09-08.2890200,bE,1.63,16.119,>16.119,99.990,0.423,0.259,g
2459465.79066,2021-09-08.2903120,bE,1.62,16.013,>16.013,99.990,0.858,0.286,g
2459465.79195,2021-09-08.2916072,bE,1.64,16.133,>16.133,99.990,0.279,0.256,g
2459465.86686,2021-09-08.3665163,bE,1.59,16.018,>16.018,99.990,0.255,0.284,g
2459466.52227,2021-09-09.0219384,bm,1.56,15.879,>15.879,99.990,0.626,0.323,g
2459466.52350,2021-09-09.0231648,bm,1.57,16.013,>16.013,99.990,0.381,0.286,g
2459466.52474,2021-09-09.0243995,bm,1.54,15.984,>15.984,99.990,0.506,0.293,g
2459466.78121,2021-09-09.2808677,bi,1.5,15.862,>15.862,99.990,0.317,0.328,g
2459466.78244,2021-09-09.2820921,bi,1.5,15.994,>15.994,99.990,0.753,0.291,g
2459466.78368,2021-09-09.2833361,bi,1.48,16.078,>16.078,99.990,0.534,0.269,g
2459466.86341,2021-09-09.3630677,bE,1.48,15.973,>15.973,99.990,0.399,0.296,g
2459466.86471,2021-09-09.3643696,bE,1.49,15.970,>15.970,99.990,0.227,0.297,g
2459466.86600,2021-09-09.3656640,bE,1.44,16.034,>16.034,99.990,0.451,0.280,g
2459467.52770,2021-09-10.0273562,bm,2.08,16.109,>16.109,99.990,0.587,0.261,g
2459467.52967,2021-09-10.0293363,bm,2.08,15.725,>15.725,99.990,0.255,0.372,g
2459467.59750,2021-09-10.0971634,bm,2.11,16.113,>16.113,99.990,0.242,0.260,g
2459467.59893,2021-09-10.0985871,bm,2.06,16.042,>16.042,99.990,0.383,0.278,g
2459467.60016,2021-09-10.0998266,bm,2.08,16.038,>16.038,99.990,0.091,0.279,g
2459467.90216,2021-09-10.4018295,bE,1.49,16.072,>16.072,99.990,0.215,0.271,g
2459467.90345,2021-09-10.4031158,bE,1.51,15.985,>15.985,99.990,0.512,0.293,g
2459467.90473,2021-09-10.4043961,bE,1.54,16.024,>16.024,99.990,0.472,0.283,g
2459468.78265,2021-09-11.2823179,bE,1.47,15.597,>15.597,99.990,-0.097,0.419,g
2459468.78394,2021-09-11.2836168,bE,1.48,15.726,>15.726,99.990,0.492,0.372,g
2459470.77723,2021-09-13.2769050,bE,1.48,16.043,>16.043,99.990,0.502,0.278,g
2459470.77854,2021-09-13.2782166,bE,1.54,16.106,>16.106,99.990,0.367,0.262,g
2459470.77982,2021-09-13.2795015,bE,1.49,15.983,>15.983,99.990,0.027,0.294,g
2459471.76549,2021-09-14.2651773,bE,1.5,16.044,>16.044,99.990,0.177,0.278,g
2459471.76678,2021-09-14.2664689,bE,1.48,16.192,>16.192,99.990,0.400,0.242,g
2459471.76808,2021-09-14.2677633,bE,1.51,16.015,>16.015,99.990,0.347,0.285,g
2459472.77795,2021-09-15.2776475,bE,1.46,15.900,>15.900,99.990,0.244,0.317,g
2459472.77925,2021-09-15.2789456,bE,1.61,16.070,>16.070,99.990,0.318,0.271,g
2459472.78055,2021-09-15.2802440,bE,1.49,15.941,>15.941,99.990,0.496,0.305,g
2459473.77106,2021-09-16.2707538,bE,1.43,15.978,>15.978,99.990,0.566,0.295,g
2459473.77237,2021-09-16.2720675,bE,1.46,15.854,>15.854,99.990,0.246,0.331,g
2459473.77366,2021-09-16.2733619,bE,1.51,15.902,>15.902,99.990,0.295,0.316,g
2459474.76116,2021-09-17.2608687,bE,1.46,15.897,>15.897,99.990,0.358,0.318,g
2459474.76246,2021-09-17.2621699,bE,1.49,15.926,>15.926,99.990,0.688,0.310,g
2459474.76377,2021-09-17.2634755,bE,1.58,15.951,>15.951,99.990,1.076,0.302,g
2459475.50077,2021-09-18.0004842,bm,2.01,15.773,>15.773,99.990,-0.048,0.356,g
2459475.50202,2021-09-18.0017428,bm,2.02,15.796,>15.796,99.990,0.481,0.349,g
2459475.50328,2021-09-18.0029938,bm,2.0,15.846,>15.846,99.990,-0.242,0.333,g
2459475.65423,2021-09-18.1539351,bm,2.17,15.681,>15.681,99.990,0.382,0.388,g
2459475.65548,2021-09-18.1551886,bm,2.18,15.394,>15.394,99.990,0.539,0.505,g
2459475.65673,2021-09-18.1564482,bm,2.18,15.267,>15.267,99.990,0.705,0.568,g
2459475.90456,2021-09-18.4042687,bi,1.48,15.747,>15.747,99.990,0.102,0.365,g
2459475.90580,2021-09-18.4055160,bi,1.43,15.757,>15.757,99.990,0.735,0.362,g
2459475.90705,2021-09-18.4067673,bi,1.44,15.668,>15.668,99.990,-0.053,0.393,g
2459476.49750,2021-09-18.9972145,bm,1.58,15.630,>15.630,99.990,0.445,0.406,g
2459476.49874,2021-09-18.9984550,bm,1.54,15.641,>15.641,99.990,-0.572,0.402,g
2459476.49999,2021-09-18.9997015,bm,1.48,15.574,>15.574,99.990,0.713,0.428,g
2459476.63034,2021-09-19.1300559,bm,1.48,15.716,>15.716,99.990,0.351,0.376,g
2459476.63171,2021-09-19.1314195,bm,1.52,15.737,>15.737,99.990,0.223,0.368,g
2459476.65392,2021-09-19.1536378,bm,1.59,15.638,>15.638,99.990,0.834,0.403,g
2459477.73618,2021-09-20.2359042,bi,1.52,15.502,>15.502,99.990,0.057,0.457,g
2459477.73742,2021-09-20.2371413,bi,1.45,15.533,>15.533,99.990,0.710,0.445,g
2459477.73868,2021-09-20.2384050,bi,1.47,15.516,>15.516,99.990,0.205,0.452,g
2459478.52832,2021-09-21.0280497,bm,2.26,15.453,>15.453,99.990,0.505,0.478,g
2459478.52958,2021-09-21.0293011,bm,2.3,15.371,>15.371,99.990,0.308,0.516,g
2459478.53082,2021-09-21.0305438,bm,2.33,15.398,>15.398,99.990,-0.842,0.503,g
2459478.82258,2021-09-21.3223192,bE,1.48,15.731,>15.731,99.990,-0.097,0.371,g
2459478.82389,2021-09-21.3236269,bE,1.53,15.812,>15.812,99.990,-0.033,0.344,g
2459478.82520,2021-09-21.3249353,bE,1.51,15.722,>15.722,99.990,0.064,0.373,g
2459480.74239,2021-09-23.2421335,bE,1.49,15.939,>15.939,99.990,0.312,0.306,g
2459480.74368,2021-09-23.2434278,bE,1.59,15.754,>15.754,99.990,0.463,0.363,g
2459480.74498,2021-09-23.2447289,bE,1.57,15.917,>15.917,99.990,0.009,0.312,g
2459481.75345,2021-09-24.2532015,bE,1.45,15.973,>15.973,99.990,0.427,0.296,g
2459481.75474,2021-09-24.2544871,bE,1.4,15.922,>15.922,99.990,0.448,0.311,g
2459481.75603,2021-09-24.2557788,bE,1.53,15.892,>15.892,99.990,0.077,0.319,g
2459482.76989,2021-09-25.2696449,bE,1.47,15.873,>15.873,99.990,0.576,0.325,g
2459482.77118,2021-09-25.2709356,bE,1.49,15.855,>15.855,99.990,0.406,0.330,g
2459482.77248,2021-09-25.2722350,bE,1.51,15.943,>15.943,99.990,0.627,0.305,g
2459483.48654,2021-09-25.9863016,bm,2.01,16.027,>16.027,99.990,0.233,0.282,g
2459483.48779,2021-09-25.9875504,bm,2.02,15.832,>15.832,99.990,0.117,0.337,g
2459483.48904,2021-09-25.9887982,bm,2.01,15.873,>15.873,99.990,-0.366,0.325,g
2459483.55779,2021-09-26.0575552,bm,1.99,15.862,>15.862,99.990,-0.111,0.328,g
2459483.55903,2021-09-26.0587981,bm,1.95,15.804,>15.804,99.990,0.039,0.346,g
2459483.56028,2021-09-26.0600377,bm,1.99,15.854,>15.854,99.990,-0.000,0.331,g
2459483.74577,2021-09-26.2455276,bE,1.43,16.104,>16.104,99.990,0.464,0.263,g
2459483.74706,2021-09-26.2468197,bE,1.43,16.008,>16.008,99.990,0.314,0.287,g
2459483.74836,2021-09-26.2481170,bE,1.47,15.875,>15.875,99.990,0.441,0.324,g
2459484.72743,2021-09-27.2271960,bi,1.5,15.897,>15.897,99.990,0.299,0.318,g
2459484.72868,2021-09-27.2284519,bi,1.56,16.040,>16.040,99.990,0.700,0.279,g
2459484.72992,2021-09-27.2296913,bi,1.49,15.815,>15.815,99.990,0.432,0.343,g
2459485.72138,2021-09-28.2211623,bE,1.55,16.025,>16.025,99.990,0.569,0.282,g
2459485.72270,2021-09-28.2224736,bE,1.46,15.942,>15.942,99.990,0.216,0.305,g
2459485.72401,2021-09-28.2237886,bE,1.51,15.907,>15.907,99.990,0.113,0.315,g
2459485.75403,2021-09-28.2538049,bE,1.53,16.015,>16.015,99.990,0.132,0.285,g
2459485.75533,2021-09-28.2551060,bE,1.5,16.026,>16.026,99.990,0.333,0.282,g
2459485.75663,2021-09-28.2564092,bE,1.51,16.003,>16.003,99.990,0.353,0.288,g
2459486.46035,2021-09-28.9601299,bm,1.5,16.118,>16.118,99.990,0.147,0.259,g
2459486.46159,2021-09-28.9613693,bm,1.49,15.965,>15.965,99.990,0.180,0.299,g
2459486.46283,2021-09-28.9626185,bm,1.6,15.881,>15.881,99.990,0.610,0.322,g
2459486.71165,2021-09-29.2114363,bE,1.44,15.972,>15.972,99.990,0.078,0.297,g
2459486.71295,2021-09-29.2127350,bE,1.44,16.055,>16.055,99.990,0.506,0.275,g
2459486.71427,2021-09-29.2140467,bE,1.42,16.007,>16.007,99.990,0.391,0.287,g
2459488.73126,2021-10-01.2310596,bE,1.48,15.972,>15.972,99.990,0.537,0.297,g
2459488.73256,2021-10-01.2323611,bE,1.36,15.974,>15.974,99.990,0.270,0.296,g
2459488.73386,2021-10-01.2336592,bE,1.45,16.097,>16.097,99.990,0.527,0.264,g
2459489.70645,2021-10-02.2062534,bE,1.5,15.980,>15.980,99.990,0.560,0.295,g
2459489.70775,2021-10-02.2075570,bE,1.47,16.061,>16.061,99.990,0.352,0.273,g
2459489.70905,2021-10-02.2088521,bE,1.49,15.965,>15.965,99.990,0.260,0.299,g
2459490.72230,2021-10-03.2221184,bE,1.52,16.036,>16.036,99.990,0.353,0.280,g
2459490.72361,2021-10-03.2234189,bE,1.52,16.034,>16.034,99.990,0.575,0.280,g
2459490.72489,2021-10-03.2247035,bE,1.48,16.031,>16.031,99.990,0.106,0.281,g
2459491.71828,2021-10-04.2181010,bE,1.56,16.066,>16.066,99.990,0.020,0.272,g
2459491.71958,2021-10-04.2193996,bE,1.56,16.131,>16.131,99.990,0.414,0.256,g
2459491.72088,2021-10-04.2206984,bE,1.51,16.050,>16.050,99.990,0.334,0.276,g
2459492.74149,2021-10-05.2413129,bE,1.5,16.016,>16.016,99.990,0.517,0.285,g
2459492.74277,2021-10-05.2426023,bE,1.51,15.960,>15.960,99.990,0.459,0.300,g
2459492.74407,2021-10-05.2438978,bE,1.43,16.007,>16.007,99.990,0.523,0.287,g
2459493.53582,2021-10-06.0356599,bm,1.58,16.100,>16.100,99.990,0.540,0.264,g
2459493.53706,2021-10-06.0369027,bm,1.49,15.953,>15.953,99.990,0.612,0.302,g
2459493.53831,2021-10-06.0381388,bm,1.53,15.974,>15.974,99.990,0.727,0.296,g
2459493.72614,2021-10-06.2259704,bE,1.59,16.197,>16.197,99.990,0.356,0.241,g
2459493.72743,2021-10-06.2272667,bE,1.49,15.966,>15.966,99.990,0.566,0.298,g
2459493.72873,2021-10-06.2285642,bE,1.56,15.990,>15.990,99.990,0.270,0.292,g
2459493.74619,2021-10-06.2460252,bE,1.47,16.100,>16.100,99.990,0.539,0.264,g
2459493.74749,2021-10-06.2473262,bE,1.54,16.004,>16.004,99.990,0.517,0.288,g
2459493.74880,2021-10-06.2486324,bE,1.43,15.956,>15.956,99.990,0.492,0.301,g
2459494.44973,2021-10-06.9495680,bm,1.63,15.990,>15.990,99.990,0.161,0.292,g
2459494.45104,2021-10-06.9508833,bm,1.68,16.096,>16.096,99.990,0.551,0.265,g
2459494.45236,2021-10-06.9521990,bm,1.69,15.947,>15.947,99.990,0.439,0.304,g
2459494.52895,2021-10-07.0287878,bm,1.57,16.080,>16.080,99.990,0.330,0.269,g
2459494.53018,2021-10-07.0300229,bm,1.54,16.085,>16.085,99.990,0.397,0.267,g
2459494.53144,2021-10-07.0312790,bm,1.57,15.896,>15.896,99.990,0.254,0.318,g
2459494.61786,2021-10-07.1177126,bm,1.6,15.935,>15.935,99.990,0.143,0.307,g
2459494.62035,2021-10-07.1201900,bm,1.62,15.950,>15.950,99.990,0.359,0.303,g
2459495.43859,2021-10-07.9384371,bm,1.55,15.992,>15.992,99.990,0.371,0.291,g
2459495.43983,2021-10-07.9396804,bm,1.57,15.936,>15.936,99.990,0.123,0.307,g
2459495.44107,2021-10-07.9409214,bm,1.51,15.956,>15.956,99.990,0.356,0.301,g
2459495.58250,2021-10-08.0823501,bm,1.51,15.944,>15.944,99.990,0.429,0.304,g
2459495.58373,2021-10-08.0835828,bm,1.5,16.007,>16.007,99.990,0.459,0.287,g
2459496.44350,2021-10-08.9433592,bm,1.51,15.947,>15.947,99.990,0.588,0.304,g
2459496.44476,2021-10-08.9446093,bm,1.47,16.032,>16.032,99.990,0.289,0.281,g
2459496.44600,2021-10-08.9458559,bm,1.58,16.144,>16.144,99.990,0.268,0.253,g
2459496.81843,2021-10-09.3182839,bi,1.44,15.892,>15.892,99.990,0.584,0.319,g
2459496.81967,2021-10-09.3195199,bi,1.42,15.860,>15.860,99.990,0.113,0.329,g
2459496.82091,2021-10-09.3207642,bi,1.42,16.035,>16.035,99.990,0.593,0.280,g
2459497.70037,2021-10-10.2002354,bE,1.49,16.021,>16.021,99.990,0.409,0.283,g
2459497.70168,2021-10-10.2015466,bE,1.43,15.885,>15.885,99.990,0.318,0.321,g
2459497.70297,2021-10-10.2028331,bE,1.48,15.920,>15.920,99.990,0.295,0.311,g
2459498.68429,2021-10-11.1841738,bi,1.43,15.954,>15.954,99.990,0.475,0.302,g
2459498.68555,2021-10-11.1854166,bi,1.38,16.009,>16.009,99.990,0.493,0.287,g
2459498.68679,2021-10-11.1866643,bi,1.41,15.982,>15.982,99.990,0.406,0.294,g
2459499.48641,2021-10-11.9862936,bm,2.37,99.990,99.990,99.990,99.990,99.990,g
2459499.48765,2021-10-11.9875355,bm,2.36,99.990,99.990,99.990,99.990,99.990,g
2459499.48892,2021-10-11.9888009,bm,2.34,99.990,99.990,99.990,99.990,99.990,g
2459499.70290,2021-10-12.2027869,bE,1.47,15.630,>15.630,99.990,-0.249,0.406,g
2459499.70420,2021-10-12.2040842,bE,1.48,15.891,>15.891,99.990,0.143,0.320,g
2459499.70549,2021-10-12.2053701,bE,1.48,16.002,>16.002,99.990,0.251,0.289,g
2459500.43375,2021-10-12.9336432,bm,2.37,99.990,99.990,99.990,99.990,99.990,g
2459500.43500,2021-10-12.9348829,bm,2.37,99.990,99.990,99.990,99.990,99.990,g
2459500.43629,2021-10-12.9361826,bm,2.37,99.990,99.990,99.990,99.990,99.990,g
2459500.49899,2021-10-12.9988802,bm,2.12,15.477,>15.477,99.990,-0.589,0.468,g
2459500.50023,2021-10-13.0001185,bm,2.11,15.625,>15.625,99.990,-0.468,0.408,g
2459500.50149,2021-10-13.0013791,bm,2.13,15.430,>15.430,99.990,-0.231,0.489,g
2459500.68400,2021-10-13.1838854,bE,1.48,16.151,>16.151,99.990,0.218,0.252,g
2459500.68529,2021-10-13.1851827,bE,1.52,15.887,>15.887,99.990,0.259,0.321,g
2459500.68659,2021-10-13.1864771,bE,1.51,16.005,>16.005,99.990,0.395,0.288,g
2459502.42026,2021-10-14.9201598,bm,1.57,14.965,>14.965,99.990,-0.227,0.750,g
2459502.42150,2021-10-14.9213995,bm,1.59,15.442,>15.442,99.990,-0.722,0.483,g
2459502.42276,2021-10-14.9226545,bm,1.59,15.660,>15.660,99.990,-0.151,0.396,g
2459502.48974,2021-10-14.9896348,bm,1.53,15.334,>15.334,99.990,1.268,0.534,g
2459502.49104,2021-10-14.9909365,bm,1.52,15.384,>15.384,99.990,-0.308,0.510,g
2459502.49230,2021-10-14.9922005,bm,1.58,15.616,>15.616,99.990,0.027,0.412,g
2459502.54584,2021-10-15.0457412,bm,1.61,15.951,>15.951,99.990,0.570,0.303,g
2459502.67546,2021-10-15.1753653,bE,1.44,15.976,>15.976,99.990,0.647,0.296,g
2459502.67676,2021-10-15.1766635,bE,1.47,15.859,>15.859,99.990,0.249,0.329,g
2459502.67806,2021-10-15.1779637,bE,1.53,16.019,>16.019,99.990,0.501,0.284,g
2459503.68122,2021-10-16.1811232,bE,1.45,15.827,>15.827,99.990,0.269,0.339,g
2459503.68250,2021-10-16.1824101,bE,1.48,15.841,>15.841,99.990,0.168,0.335,g
2459503.68381,2021-10-16.1837199,bE,1.56,15.975,>15.975,99.990,0.320,0.296,g
2459504.67247,2021-10-17.1723866,bE,1.5,15.795,>15.795,99.990,0.157,0.349,g
2459504.67378,2021-10-17.1736936,bE,1.47,15.812,>15.812,99.990,0.422,0.344,g
2459504.67508,2021-10-17.1749980,bE,1.52,15.811,>15.811,99.990,0.284,0.344,g
2459505.67228,2021-10-18.1722054,bE,1.46,15.686,>15.686,99.990,0.369,0.386,g
2459505.67358,2021-10-18.1734993,bE,1.51,15.802,>15.802,99.990,0.392,0.347,g
2459505.67487,2021-10-18.1747927,bE,1.56,15.892,>15.892,99.990,-0.123,0.319,g
2459506.46649,2021-10-18.9664243,bm,1.55,15.734,>15.734,99.990,0.658,0.369,g
2459506.46773,2021-10-18.9676542,bm,1.53,15.662,>15.662,99.990,0.084,0.395,g
2459506.46897,2021-10-18.9688984,bm,1.54,15.753,>15.753,99.990,0.401,0.363,g
2459506.72611,2021-10-19.2260528,bi,1.41,15.525,>15.525,99.990,0.055,0.448,g
2459506.72738,2021-10-19.2273099,bi,1.43,15.681,>15.681,99.990,0.024,0.388,g
2459506.72861,2021-10-19.2285483,bi,1.39,15.678,>15.678,99.990,0.436,0.389,g
2459506.77187,2021-10-19.2718083,bi,1.47,15.687,>15.687,99.990,0.818,0.386,g
2459506.77312,2021-10-19.2730597,bi,1.52,15.617,>15.617,99.990,0.745,0.412,g
2459506.77437,2021-10-19.2743005,bi,1.5,15.701,>15.701,99.990,0.142,0.381,g
2459508.76965,2021-10-21.2696050,bE,1.48,15.804,>15.804,99.990,0.484,0.346,g
2459508.77095,2021-10-21.2708975,bE,1.49,15.732,>15.732,99.990,0.182,0.370,g
2459508.77225,2021-10-21.2721990,bE,1.6,15.747,>15.747,99.990,0.894,0.365,g
2459509.75175,2021-10-22.2517059,bE,1.48,15.875,>15.875,99.990,0.617,0.324,g
2459509.75303,2021-10-22.2530042,bE,1.58,15.709,>15.709,99.990,0.066,0.378,g
2459509.75433,2021-10-22.2542966,bE,1.56,15.728,>15.728,99.990,0.268,0.371,g
2459510.64143,2021-10-23.1413945,bE,1.55,15.879,>15.879,99.990,0.306,0.323,g
2459510.64273,2021-10-23.1426920,bE,1.52,15.876,>15.876,99.990,-0.051,0.324,g
2459510.64402,2021-10-23.1439879,bE,1.56,15.844,>15.844,99.990,0.625,0.334,g
2459511.40254,2021-10-23.9025151,bm,1.73,15.923,>15.923,99.990,0.492,0.310,g
2459511.40378,2021-10-23.9037543,bm,1.55,15.815,>15.815,99.990,0.439,0.343,g
2459511.40502,2021-10-23.9050033,bm,1.63,15.863,>15.863,99.990,0.109,0.328,g
2459511.69048,2021-10-24.1904568,bE,1.47,15.900,>15.900,99.990,0.288,0.317,g
2459511.69178,2021-10-24.1917521,bE,1.49,16.044,>16.044,99.990,0.356,0.278,g
2459511.69308,2021-10-24.1930498,bE,1.57,15.898,>15.898,99.990,0.755,0.318,g
2459511.80105,2021-10-24.3010192,bE,1.41,15.961,>15.961,99.990,0.358,0.300,g
2459511.80233,2021-10-24.3023075,bE,1.51,15.889,>15.889,99.990,0.100,0.320,g
2459511.80363,2021-10-24.3036079,bE,1.45,16.018,>16.018,99.990,0.525,0.284,g
2459512.64011,2021-10-25.1400901,bE,1.45,15.899,>15.899,99.990,0.516,0.317,g
2459512.64141,2021-10-25.1413858,bE,1.48,16.000,>16.000,99.990,0.578,0.289,g
2459512.64270,2021-10-25.1426774,bE,1.48,15.850,>15.850,99.990,0.484,0.332,g
2459512.69163,2021-10-25.1916108,bE,1.44,15.910,>15.910,99.990,0.589,0.314,g
2459512.69292,2021-10-25.1929026,bE,1.47,15.946,>15.946,99.990,0.521,0.304,g
2459512.69423,2021-10-25.1942053,bE,1.5,15.954,>15.954,99.990,0.493,0.302,g
2459513.64177,2021-10-26.1417567,bE,1.51,15.990,>15.990,99.990,0.558,0.292,g
2459513.64308,2021-10-26.1430644,bE,1.44,16.067,>16.067,99.990,0.236,0.272,g
2459513.64438,2021-10-26.1443651,bE,1.43,16.108,>16.108,99.990,0.638,0.262,g
2459513.85536,2021-10-26.3553535,bE,1.55,15.989,>15.989,99.990,0.035,0.292,g
2459513.85665,2021-10-26.3566421,bE,1.42,15.930,>15.930,99.990,0.158,0.308,g
2459513.85795,2021-10-26.3579371,bE,1.52,15.913,>15.913,99.990,0.074,0.313,g
2459514.63363,2021-10-27.1336236,bE,1.51,15.957,>15.957,99.990,0.320,0.301,g
2459514.63490,2021-10-27.1348993,bE,1.44,15.935,>15.935,99.990,0.512,0.307,g
2459514.63621,2021-10-27.1362109,bE,1.48,16.094,>16.094,99.990,0.481,0.265,g
2459514.86977,2021-10-27.3697693,bi,1.51,15.737,>15.737,99.990,0.897,0.369,g
2459514.87102,2021-10-27.3710216,bi,1.55,15.765,>15.765,99.990,0.720,0.359,g
2459514.87228,2021-10-27.3722728,bi,1.51,15.715,>15.715,99.990,0.064,0.376,g
2459515.63257,2021-10-28.1325739,bE,1.45,16.014,>16.014,99.990,0.357,0.285,g
2459515.63386,2021-10-28.1338679,bE,1.51,16.061,>16.061,99.990,0.597,0.273,g
2459515.63516,2021-10-28.1351715,bE,1.51,15.983,>15.983,99.990,0.451,0.294,g
2459516.62598,2021-10-29.1259964,bE,1.5,15.966,>15.966,99.990,0.484,0.298,g
2459516.62728,2021-10-29.1272969,bE,1.52,16.062,>16.062,99.990,0.142,0.273,g
2459516.84900,2021-10-29.3490157,bi,1.38,14.024,>14.024,99.990,1.704,1.784,g
2459516.85025,2021-10-29.3502643,bi,1.39,14.744,>14.744,99.990,0.212,0.919,g
2459516.85149,2021-10-29.3515086,bi,1.45,14.848,>14.848,99.990,0.825,0.836,g
2459517.62992,2021-10-30.1299439,bE,1.46,16.069,>16.069,99.990,0.131,0.271,g
2459517.63122,2021-10-30.1312402,bE,1.49,16.162,>16.162,99.990,0.466,0.249,g
2459517.63251,2021-10-30.1325388,bE,1.46,16.091,>16.091,99.990,0.262,0.266,g
2459518.62862,2021-10-31.1286476,bE,1.42,16.104,>16.104,99.990,0.520,0.263,g
2459518.62992,2021-10-31.1299495,bE,1.49,15.947,>15.947,99.990,0.466,0.304,g
2459518.63123,2021-10-31.1312556,bE,1.48,16.021,>16.021,99.990,0.263,0.284,g
2459521.61466,2021-11-03.1147109,bE,1.51,15.925,>15.925,99.990,0.243,0.310,g
2459521.61597,2021-11-03.1160159,bE,1.5,15.962,>15.962,99.990,0.197,0.299,g
2459521.61726,2021-11-03.1173134,bE,1.45,15.931,>15.931,99.990,0.278,0.308,g
2459522.52579,2021-11-04.0258457,bm,1.59,15.997,>15.997,99.990,0.483,0.290,g
2459522.52702,2021-11-04.0270806,bm,1.45,16.082,>16.082,99.990,0.437,0.268,g
2459522.52832,2021-11-04.0283810,bm,1.57,15.932,>15.932,99.990,0.389,0.308,g
2459522.70103,2021-11-04.2010951,bi,1.39,16.215,>16.215,99.990,0.273,0.237,g
2459522.70227,2021-11-04.2023365,bi,1.42,15.932,>15.932,99.990,0.748,0.308,g
2459522.70350,2021-11-04.2035702,bi,1.42,15.992,>15.992,99.990,0.521,0.291,g
2459522.71992,2021-11-04.2199827,bi,1.39,15.964,>15.964,99.990,0.367,0.299,g
2459522.72115,2021-11-04.2212129,bi,1.44,15.910,>15.910,99.990,0.124,0.314,g
2459522.72240,2021-11-04.2224652,bi,1.51,15.829,>15.829,99.990,0.252,0.339,g
2459523.72503,2021-11-05.2251045,bE,1.51,15.909,>15.909,99.990,0.321,0.315,g
2459523.72634,2021-11-05.2264054,bE,1.53,16.004,>16.004,99.990,0.536,0.288,g
2459523.72763,2021-11-05.2276987,bE,1.52,16.039,>16.039,99.990,0.447,0.279,g
2459525.60717,2021-11-07.1072527,bE,1.54,16.064,>16.064,99.990,0.522,0.273,g
2459525.60846,2021-11-07.1085495,bE,1.46,16.103,>16.103,99.990,0.427,0.263,g
2459525.60976,2021-11-07.1098532,bE,1.44,16.140,>16.140,99.990,0.298,0.254,g
2459525.86300,2021-11-07.3630878,bE,1.52,15.845,>15.845,99.990,0.191,0.334,g
2459525.86430,2021-11-07.3643870,bE,1.52,15.912,>15.912,99.990,0.072,0.313,g
2459525.86558,2021-11-07.3656722,bE,1.51,15.794,>15.794,99.990,0.142,0.350,g
2459526.59736,2021-11-08.0974505,bi,1.41,15.926,>15.926,99.990,0.504,0.309,g
2459526.59984,2021-11-08.0999317,bi,1.44,15.966,>15.966,99.990,0.324,0.298,g
2459527.61033,2021-11-09.1104283,bE,1.52,16.013,>16.013,99.990,0.451,0.286,g
2459527.61163,2021-11-09.1117303,bE,1.53,15.942,>15.942,99.990,0.547,0.305,g
2459527.61292,2021-11-09.1130252,bE,1.5,16.070,>16.070,99.990,0.374,0.271,g
2459527.67688,2021-11-09.1769884,bi,1.47,15.978,>15.978,99.990,0.429,0.295,g
2459527.67814,2021-11-09.1782327,bi,1.39,15.976,>15.976,99.990,0.628,0.296,g
2459527.67938,2021-11-09.1794827,bi,1.44,15.910,>15.910,99.990,0.482,0.314,g
2459528.49954,2021-11-09.9996442,bm,1.59,16.075,>16.075,99.990,0.387,0.270,g
2459528.50080,2021-11-10.0008998,bm,1.57,16.086,>16.086,99.990,0.547,0.267,g
2459528.50204,2021-11-10.0021465,bm,1.53,16.022,>16.022,99.990,0.404,0.283,g
2459528.65487,2021-11-10.1549765,bi,1.42,15.959,>15.959,99.990,0.414,0.300,g
2459528.65611,2021-11-10.1562135,bi,1.47,16.017,>16.017,99.990,0.605,0.285,g
2459528.65737,2021-11-10.1574734,bi,1.52,15.893,>15.893,99.990,0.215,0.319,g
2459528.85627,2021-11-10.3563765,bi,1.47,15.815,>15.815,99.990,0.048,0.343,g
2459528.85752,2021-11-10.3576246,bi,1.48,15.814,>15.814,99.990,0.524,0.343,g
2459528.85876,2021-11-10.3588652,bi,1.57,15.986,>15.986,99.990,-0.105,0.293,g
2459529.52457,2021-11-11.0246854,bm,1.6,16.026,>16.026,99.990,0.506,0.282,g
2459529.52580,2021-11-11.0259120,bm,1.55,16.116,>16.116,99.990,0.468,0.260,g
2459529.52704,2021-11-11.0271545,bm,1.59,16.167,>16.167,99.990,0.116,0.248,g
2459529.61537,2021-11-11.1154869,bi,1.42,16.013,>16.013,99.990,0.308,0.286,g
2459529.61662,2021-11-11.1167381,bi,1.42,15.956,>15.956,99.990,0.232,0.301,g
2459529.61786,2021-11-11.1179741,bi,1.4,15.791,>15.791,99.990,0.405,0.351,g
2459529.72544,2021-11-11.2255600,bi,1.41,16.011,>16.011,99.990,0.537,0.286,g
2459529.72668,2021-11-11.2268045,bi,1.47,15.953,>15.953,99.990,0.420,0.302,g
2459529.72795,2021-11-11.2280605,bi,1.44,15.986,>15.986,99.990,0.358,0.293,g
2459530.34047,2021-11-11.8405980,bm,2.11,15.893,>15.893,99.990,0.056,0.319,g
2459530.34171,2021-11-11.8418315,bm,2.12,16.336,>16.336,99.990,0.015,0.212,g
2459530.34295,2021-11-11.8430805,bm,2.13,16.061,>16.061,99.990,0.129,0.273,g
2459530.59256,2021-11-12.0926754,bi,1.39,15.789,>15.789,99.990,0.520,0.351,g
2459530.59380,2021-11-12.0939174,bi,1.38,15.761,>15.761,99.990,0.090,0.360,g
2459530.59504,2021-11-12.0951615,bi,1.43,15.893,>15.893,99.990,0.338,0.319,g
2459530.86552,2021-11-12.3656380,bi,1.43,15.641,>15.641,99.990,0.070,0.402,g
2459531.33840,2021-11-12.8385310,bm,2.05,15.872,>15.872,99.990,0.202,0.325,g
2459531.33965,2021-11-12.8397752,bm,2.03,15.875,>15.875,99.990,0.721,0.324,g
2459531.34088,2021-11-12.8410101,bm,2.03,15.834,>15.834,99.990,0.222,0.337,g
2459531.61530,2021-11-13.1154317,bi,1.45,15.843,>15.843,99.990,0.644,0.334,g
2459531.61655,2021-11-13.1166736,bi,1.51,15.888,>15.888,99.990,0.627,0.320,g
2459531.61779,2021-11-13.1179178,bi,1.44,15.847,>15.847,99.990,0.479,0.333,g
2459531.86198,2021-11-13.3621039,bi,1.5,15.665,>15.665,99.990,0.264,0.394,g
2459531.86323,2021-11-13.3633577,bi,1.45,15.641,>15.641,99.990,0.609,0.403,g
2459531.86447,2021-11-13.3645971,bi,1.52,15.568,>15.568,99.990,0.445,0.430,g
2459532.33913,2021-11-13.8392564,bm,2.33,99.990,99.990,99.990,99.990,99.990,g
2459532.34035,2021-11-13.8404853,bm,2.32,15.170,>15.170,99.990,-0.202,0.621,g
2459532.34159,2021-11-13.8417263,bm,2.33,15.436,>15.436,99.990,0.572,0.486,g
2459532.59027,2021-11-14.0904078,bE,1.49,15.843,>15.843,99.990,0.394,0.334,g
2459532.59157,2021-11-14.0917096,bE,1.43,15.983,>15.983,99.990,0.316,0.294,g
2459532.59287,2021-11-14.0930086,bE,1.49,15.888,>15.888,99.990,0.388,0.321,g
2459533.59954,2021-11-15.0996921,bE,1.44,15.909,>15.909,99.990,0.483,0.314,g
2459533.60085,2021-11-15.1009923,bE,1.55,15.951,>15.951,99.990,0.496,0.302,g
2459533.60214,2021-11-15.1022880,bE,1.53,15.908,>15.908,99.990,0.536,0.315,g
2459533.84806,2021-11-15.3482159,bi,1.43,15.849,>15.849,99.990,0.703,0.332,g
2459533.84930,2021-11-15.3494556,bi,1.45,15.966,>15.966,99.990,0.541,0.298,g
2459533.85056,2021-11-15.3507006,bi,1.49,15.900,>15.900,99.990,0.470,0.317,g
2459534.46667,2021-11-15.9668291,bm,1.74,15.118,>15.118,99.990,-1.476,0.652,g
2459534.46791,2021-11-15.9680703,bm,1.73,15.324,>15.324,99.990,1.788,0.539,g
2459534.46916,2021-11-15.9693121,bm,1.7,15.054,>15.054,99.990,0.534,0.691,g
2459535.45403,2021-11-16.9541920,bm,1.57,15.746,>15.746,99.990,0.893,0.365,g
2459535.45527,2021-11-16.9554348,bm,1.53,15.905,>15.905,99.990,0.302,0.316,g
2459535.45651,2021-11-16.9566718,bm,1.47,15.853,>15.853,99.990,0.553,0.331,g
2459535.57457,2021-11-17.0747344,bm,1.41,15.826,>15.826,99.990,0.392,0.339,g
2459535.57581,2021-11-17.0759762,bm,1.53,15.735,>15.735,99.990,0.277,0.369,g
2459535.57705,2021-11-17.0772148,bm,1.45,15.940,>15.940,99.990,0.459,0.305,g
2459535.84964,2021-11-17.3498010,bi,1.41,15.769,>15.769,99.990,0.297,0.358,g
2459535.85087,2021-11-17.3510300,bi,1.49,15.822,>15.822,99.990,0.128,0.341,g
2459535.85211,2021-11-17.3522717,bi,1.49,15.872,>15.872,99.990,0.264,0.325,g
2459536.62549,2021-11-18.1256609,bE,1.49,15.711,>15.711,99.990,-0.100,0.377,g
2459536.62679,2021-11-18.1269648,bE,1.57,15.782,>15.782,99.990,0.592,0.353,g
2459536.62809,2021-11-18.1282613,bE,1.44,15.836,>15.836,99.990,0.492,0.336,g
2459537.33119,2021-11-18.8313719,bm,1.53,15.525,>15.525,99.990,-0.078,0.448,g
2459537.33244,2021-11-18.8326148,bm,1.56,15.576,>15.576,99.990,0.352,0.427,g
2459537.33368,2021-11-18.8338521,bm,1.53,15.722,>15.722,99.990,0.333,0.373,g
2459537.40210,2021-11-18.9022781,bm,1.6,15.728,>15.728,99.990,0.225,0.371,g
2459537.40334,2021-11-18.9035202,bm,1.43,15.646,>15.646,99.990,-0.733,0.401,g
2459537.40458,2021-11-18.9047597,bm,1.48,15.830,>15.830,99.990,-0.600,0.338,g
2459537.47207,2021-11-18.9722490,bm,1.48,15.854,>15.854,99.990,0.425,0.331,g
2459537.47330,2021-11-18.9734800,bm,1.52,15.649,>15.649,99.990,-0.029,0.400,g
2459537.47454,2021-11-18.9747188,bm,1.47,15.808,>15.808,99.990,0.113,0.345,g
2459537.62721,2021-11-19.1273802,bE,1.47,15.540,>15.540,99.990,-0.033,0.442,g
2459537.62851,2021-11-19.1286864,bE,1.51,15.633,>15.633,99.990,0.324,0.405,g
2459537.62981,2021-11-19.1299861,bE,1.57,15.721,>15.721,99.990,0.406,0.374,g
2459537.85470,2021-11-19.3548767,bi,1.49,15.910,>15.910,99.990,0.245,0.314,g
2459537.85595,2021-11-19.3561268,bi,1.46,15.808,>15.808,99.990,-0.026,0.345,g
2459537.85719,2021-11-19.3573697,bi,1.47,15.790,>15.790,99.990,0.294,0.351,g
2459538.32407,2021-11-19.8242471,bm,1.65,15.585,>15.585,99.990,-0.397,0.424,g
2459538.32532,2021-11-19.8254973,bm,1.62,15.531,>15.531,99.990,0.613,0.445,g
2459538.32659,2021-11-19.8267651,bm,1.58,15.528,>15.528,99.990,0.353,0.446,g
2459538.34977,2021-11-19.8499502,bm,1.52,15.772,>15.772,99.990,0.317,0.357,g
2459538.35102,2021-11-19.8511996,bm,1.5,15.757,>15.757,99.990,0.479,0.362,g
2459538.35227,2021-11-19.8524457,bm,1.51,15.589,>15.589,99.990,0.063,0.422,g
2459538.49512,2021-11-19.9952994,bm,1.53,15.686,>15.686,99.990,-0.392,0.386,g
2459538.49636,2021-11-19.9965414,bm,1.5,15.568,>15.568,99.990,0.443,0.430,g
2459538.49760,2021-11-19.9977774,bm,1.52,15.801,>15.801,99.990,0.217,0.347,g
2459538.67524,2021-11-20.1754184,bE,1.46,15.838,>15.838,99.990,0.360,0.336,g
2459538.67653,2021-11-20.1767099,bE,1.52,15.851,>15.851,99.990,0.013,0.332,g
2459538.67782,2021-11-20.1780021,bE,1.61,15.890,>15.890,99.990,0.214,0.320,g
2459539.32035,2021-11-20.8205362,bm,2.09,14.868,>14.868,99.990,1.340,0.820,g
2459539.32160,2021-11-20.8217826,bm,2.0,99.990,99.990,99.990,99.990,99.990,g
2459539.32290,2021-11-20.8230809,bm,2.13,15.338,>15.338,99.990,0.969,0.532,g
2459539.69192,2021-11-21.1921063,bE,1.54,16.001,>16.001,99.990,-0.001,0.289,g
2459539.69322,2021-11-21.1934107,bE,1.53,15.750,>15.750,99.990,0.131,0.364,g
2459539.69452,2021-11-21.1947078,bE,1.53,15.800,>15.800,99.990,0.480,0.347,g
2459540.57684,2021-11-22.0770405,bi,1.47,16.034,>16.034,99.990,0.765,0.280,g
2459540.57809,2021-11-22.0782871,bi,1.54,15.863,>15.863,99.990,0.345,0.328,g
2459540.57932,2021-11-22.0795229,bi,1.5,15.868,>15.868,99.990,0.419,0.326,g
2459540.60678,2021-11-22.1069781,bi,1.55,15.840,>15.840,99.990,-0.381,0.335,g
2459540.60802,2021-11-22.1082199,bi,1.46,16.038,>16.038,99.990,0.607,0.279,g
2459540.60926,2021-11-22.1094605,bi,1.53,15.843,>15.843,99.990,0.099,0.334,g
2459540.83807,2021-11-22.3382681,bi,1.5,15.696,>15.696,99.990,0.920,0.382,g
2459540.83931,2021-11-22.3395097,bi,1.45,15.812,>15.812,99.990,0.609,0.344,g
2459540.84057,2021-11-22.3407752,bi,1.41,15.664,>15.664,99.990,-0.072,0.394,g
2459540.84986,2021-11-22.3500611,bi,1.47,15.750,>15.750,99.990,0.433,0.364,g
2459540.85109,2021-11-22.3512949,bi,1.36,15.922,>15.922,99.990,0.113,0.311,g
2459540.85233,2021-11-22.3525340,bi,1.41,15.663,>15.663,99.990,0.690,0.394,g
2459541.64347,2021-11-23.1436703,bE,1.46,15.463,>15.463,99.990,-0.308,0.474,g
2459541.64477,2021-11-23.1449693,bE,1.51,15.535,15.276,0.173,2.817,0.444,g
2459541.64605,2021-11-23.1462524,bE,1.56,15.545,>15.545,99.990,0.509,0.440,g
2459542.58864,2021-11-24.0888519,bE,1.51,15.966,>15.966,99.990,0.308,0.298,g
2459542.58995,2021-11-24.0901549,bE,1.56,16.103,>16.103,99.990,0.345,0.263,g
2459542.59125,2021-11-24.0914594,bE,1.52,16.074,>16.074,99.990,0.338,0.270,g
2459542.63515,2021-11-24.1353599,bi,1.47,15.856,>15.856,99.990,0.294,0.330,g
2459542.63640,2021-11-24.1366158,bi,1.49,15.835,>15.835,99.990,0.197,0.337,g
2459542.63764,2021-11-24.1378506,bi,1.43,15.916,>15.916,99.990,0.647,0.312,g
2459542.64673,2021-11-24.1469398,bi,1.42,16.038,>16.038,99.990,0.516,0.279,g
2459542.64797,2021-11-24.1481804,bi,1.41,15.963,>15.963,99.990,0.433,0.299,g
2459542.64921,2021-11-24.1494195,bi,1.47,15.880,>15.880,99.990,0.181,0.323,g
2459543.68260,2021-11-25.1828259,bi,1.4,15.888,>15.888,99.990,0.761,0.321,g
2459543.68386,2021-11-25.1840805,bi,1.43,16.008,>16.008,99.990,0.417,0.287,g
2459543.68511,2021-11-25.1853282,bi,1.44,15.868,>15.868,99.990,0.592,0.327,g
2459543.69034,2021-11-25.1905598,bi,1.41,15.830,>15.830,99.990,0.459,0.338,g
2459543.69159,2021-11-25.1918100,bi,1.41,15.934,>15.934,99.990,0.649,0.307,g
2459543.69284,2021-11-25.1930638,bi,1.44,15.867,>15.867,99.990,0.444,0.327,g
2459546.85306,2021-11-28.3532942,bi,1.38,15.807,>15.807,99.990,0.079,0.345,g
2459546.85429,2021-11-28.3545327,bi,1.47,15.984,>15.984,99.990,0.105,0.293,g
2459546.85556,2021-11-28.3557980,bi,1.47,15.953,>15.953,99.990,0.294,0.302,g
2459548.33857,2021-11-29.8388185,bm,1.52,16.035,>16.035,99.990,0.455,0.280,g
2459548.33986,2021-11-29.8401034,bm,1.58,15.980,>15.980,99.990,0.209,0.294,g
2459548.34109,2021-11-29.8413454,bm,1.51,16.165,>16.165,99.990,0.253,0.248,g
2459548.60044,2021-11-30.1006868,bE,1.68,16.102,>16.102,99.990,0.307,0.263,g
2459548.60172,2021-11-30.1019692,bE,1.64,16.181,>16.181,99.990,0.427,0.245,g
2459548.60302,2021-11-30.1032689,bE,1.59,16.029,>16.029,99.990,0.369,0.282,g
2459548.65632,2021-11-30.1565695,bE,1.46,16.016,>16.016,99.990,0.424,0.285,g
2459548.65762,2021-11-30.1578711,bE,1.53,15.963,>15.963,99.990,0.424,0.299,g
2459548.65891,2021-11-30.1591577,bE,1.42,15.999,>15.999,99.990,0.451,0.290,g
2459549.52391,2021-12-01.0241700,bm,1.52,15.934,>15.934,99.990,0.073,0.307,g
2459549.52515,2021-12-01.0254083,bm,1.54,16.025,>16.025,99.990,0.869,0.282,g
2459549.52639,2021-12-01.0266571,bm,1.52,15.948,>15.948,99.990,0.607,0.303,g
2459549.53589,2021-12-01.0361434,bE,1.72,16.043,>16.043,99.990,-0.084,0.278,g
2459549.53718,2021-12-01.0374409,bE,1.6,16.129,>16.129,99.990,0.198,0.257,g
2459549.53849,2021-12-01.0387434,bE,1.55,16.144,>16.144,99.990,0.356,0.253,g
2459549.85123,2021-12-01.3514962,bi,1.54,15.860,>15.860,99.990,0.418,0.329,g
2459549.85247,2021-12-01.3527342,bi,1.6,15.857,>15.857,99.990,0.103,0.330,g
2459549.85371,2021-12-01.3539809,bi,1.54,15.846,>15.846,99.990,0.049,0.333,g
2459550.33747,2021-12-01.8377290,bm,1.55,16.055,>16.055,99.990,0.214,0.275,g
2459550.33870,2021-12-01.8389660,bm,1.51,16.045,>16.045,99.990,0.501,0.277,g
2459550.33996,2021-12-01.8402231,bm,1.53,15.997,>15.997,99.990,0.260,0.290,g
2459550.47115,2021-12-01.9714136,bm,1.49,15.813,>15.813,99.990,0.339,0.344,g
2459550.47240,2021-12-01.9726563,bm,1.49,15.721,>15.721,99.990,0.899,0.374,g
2459550.47364,2021-12-01.9738959,bm,1.55,15.776,>15.776,99.990,0.376,0.355,g
2459550.61751,2021-12-02.1177731,bE,1.48,16.049,>16.049,99.990,0.160,0.276,g
2459550.61882,2021-12-02.1190888,bE,1.52,15.980,>15.980,99.990,0.568,0.295,g
2459550.62013,2021-12-02.1203878,bE,1.54,16.161,>16.161,99.990,0.225,0.249,g
2459551.29625,2021-12-02.7965181,bm,1.57,15.608,>15.608,99.990,-1.245,0.415,g
2459551.29749,2021-12-02.7977586,bm,1.56,15.291,>15.291,99.990,-0.173,0.556,g
2459551.29874,2021-12-02.7990087,bm,1.55,15.609,>15.609,99.990,0.025,0.415,g
2459551.62694,2021-12-03.1272162,bE,1.49,16.008,>16.008,99.990,0.558,0.287,g
2459551.62825,2021-12-03.1285142,bE,1.53,16.078,>16.078,99.990,0.398,0.269,g
2459551.62954,2021-12-03.1298130,bE,1.47,15.981,>15.981,99.990,0.098,0.294,g
2459552.65332,2021-12-04.1536071,bi,1.35,16.048,>16.048,99.990,0.518,0.277,g
2459552.65456,2021-12-04.1548465,bi,1.51,15.863,>15.863,99.990,0.653,0.328,g
2459552.65580,2021-12-04.1560887,bi,1.41,15.997,>15.997,99.990,0.664,0.290,g
2459552.84694,2021-12-04.3472216,bE,1.48,15.996,>15.996,99.990,0.504,0.290,g
2459552.84822,2021-12-04.3485076,bE,1.51,15.998,>15.998,99.990,0.381,0.290,g
2459552.84954,2021-12-04.3498226,bE,1.5,16.004,>16.004,99.990,0.092,0.288,g
2459553.57794,2021-12-05.0782208,bE,1.55,16.156,>16.156,99.990,0.318,0.250,g
2459553.57923,2021-12-05.0795077,bE,1.46,15.997,>15.997,99.990,0.321,0.290,g
2459553.58052,2021-12-05.0808059,bE,1.54,16.067,>16.067,99.990,0.427,0.272,g
2459553.78233,2021-12-05.2826076,bE,1.46,15.956,>15.956,99.990,0.488,0.301,g
2459553.78361,2021-12-05.2838959,bE,1.49,15.864,>15.864,99.990,0.393,0.328,g
2459553.78491,2021-12-05.2851910,bE,1.48,16.090,>16.090,99.990,0.478,0.266,g
2459554.71906,2021-12-06.2193466,bi,1.47,15.870,>15.870,99.990,0.395,0.326,g
2459554.72030,2021-12-06.2205859,bi,1.39,15.947,>15.947,99.990,0.393,0.303,g
2459554.72155,2021-12-06.2218381,bi,1.37,15.880,>15.880,99.990,0.427,0.323,g
2459555.57099,2021-12-07.0712857,bE,1.53,16.135,>16.135,99.990,0.398,0.255,g
2459555.57230,2021-12-07.0725943,bE,1.53,16.099,>16.099,99.990,0.133,0.264,g
2459555.57362,2021-12-07.0739149,bE,1.49,16.099,>16.099,99.990,0.641,0.264,g
2459555.84490,2021-12-07.3451907,bE,1.48,15.882,>15.882,99.990,0.347,0.322,g
2459555.84619,2021-12-07.3464895,bE,1.51,16.049,>16.049,99.990,0.565,0.276,g
2459555.84749,2021-12-07.3477916,bE,1.5,15.955,>15.955,99.990,0.482,0.301,g
2459556.54516,2021-12-08.0454649,bi,2.1,16.162,>16.162,99.990,0.157,0.249,g
2459556.54640,2021-12-08.0467112,bi,2.09,16.116,>16.116,99.990,0.154,0.260,g
2459556.54765,2021-12-08.0479532,bi,2.06,16.081,>16.081,99.990,-0.036,0.268,g
2459556.69663,2021-12-08.1969297,bE,1.51,16.004,>16.004,99.990,0.484,0.288,g
2459556.69794,2021-12-08.1982401,bE,1.58,15.949,>15.949,99.990,0.446,0.303,g
2459556.69922,2021-12-08.1995256,bE,1.54,16.086,>16.086,99.990,0.388,0.267,g
2459557.28100,2021-12-08.7813171,bm,2.46,99.990,99.990,99.990,99.990,99.990,g
2459557.28225,2021-12-08.7825568,bm,2.43,99.990,99.990,99.990,99.990,99.990,g
2459557.28349,2021-12-08.7837972,bm,2.4,15.828,>15.828,99.990,0.636,0.339,g
2459557.78114,2021-12-09.2814489,bE,1.51,15.962,>15.962,99.990,0.340,0.299,g
2459557.78245,2021-12-09.2827579,bE,1.51,16.018,>16.018,99.990,0.480,0.284,g
2459557.78377,2021-12-09.2840725,bE,1.51,15.993,>15.993,99.990,0.357,0.291,g
2459559.27434,2021-12-10.7746576,bm,2.5,99.990,99.990,99.990,99.990,99.990,g
2459559.27561,2021-12-10.7759239,bm,2.48,99.990,99.990,99.990,99.990,99.990,g
2459559.27692,2021-12-10.7772336,bm,2.46,99.990,99.990,99.990,99.990,99.990,g
2459559.56160,2021-12-11.0619152,bE,1.55,15.962,>15.962,99.990,0.629,0.299,g
2459559.56289,2021-12-11.0632100,bE,1.51,15.933,>15.933,99.990,0.436,0.307,g
2459559.56419,2021-12-11.0645118,bE,1.51,15.997,>15.997,99.990,0.521,0.290,g
2459559.72056,2021-12-11.2208788,bE,1.45,16.018,>16.018,99.990,0.390,0.284,g
2459559.72188,2021-12-11.2221924,bE,1.4,15.896,>15.896,99.990,0.676,0.318,g
2459559.72317,2021-12-11.2234848,bE,1.49,16.026,>16.026,99.990,0.323,0.282,g
2459560.27490,2021-12-11.7752251,bm,2.39,99.990,99.990,99.990,99.990,99.990,g
2459560.27618,2021-12-11.7765042,bm,2.4,99.990,99.990,99.990,99.990,99.990,g
2459560.27748,2021-12-11.7777988,bm,2.36,99.990,99.990,99.990,99.990,99.990,g
2459560.42296,2021-12-11.9232879,bm,1.52,15.889,>15.889,99.990,0.303,0.320,g
2459560.42420,2021-12-11.9245253,bm,1.56,16.066,>16.066,99.990,0.134,0.272,g
2459560.42544,2021-12-11.9257694,bm,1.58,16.037,>16.037,99.990,0.733,0.279,g
2459560.61780,2021-12-12.1181184,bE,1.49,15.932,>15.932,99.990,0.389,0.308,g
2459560.61909,2021-12-12.1194155,bE,1.51,16.039,>16.039,99.990,0.378,0.279,g
2459560.62039,2021-12-12.1207118,bE,1.49,16.017,>16.017,99.990,0.563,0.285,g
2459560.85001,2021-12-12.3503351,bi,1.45,15.812,>15.812,99.990,0.231,0.344,g
2459560.85125,2021-12-12.3515746,bi,1.42,15.698,>15.698,99.990,0.523,0.382,g
2459560.85250,2021-12-12.3528282,bi,1.43,15.697,>15.697,99.990,-0.054,0.382,g
2459561.60279,2021-12-13.1031204,bE,1.48,16.186,>16.186,99.990,0.581,0.244,g
2459561.60406,2021-12-13.1043935,bE,1.52,16.111,>16.111,99.990,0.103,0.261,g
2459561.60534,2021-12-13.1056697,bE,1.45,16.055,>16.055,99.990,0.597,0.275,g
2459561.64197,2021-12-13.1422974,bE,1.5,15.857,>15.857,99.990,0.497,0.330,g
2459561.64326,2021-12-13.1435935,bE,1.44,15.836,>15.836,99.990,0.497,0.336,g
2459561.64456,2021-12-13.1448901,bE,1.54,15.889,>15.889,99.990,0.303,0.320,g
2459563.37040,2021-12-14.8707387,bm,2.02,15.799,>15.799,99.990,0.107,0.348,g
2459563.37164,2021-12-14.8719795,bm,1.98,15.848,>15.848,99.990,-0.099,0.333,g
2459563.37290,2021-12-14.8732328,bm,2.0,15.867,>15.867,99.990,-0.063,0.327,g
2459563.61296,2021-12-15.1133042,bE,1.43,16.002,>16.002,99.990,0.182,0.289,g
2459563.61425,2021-12-15.1145951,bE,1.46,16.040,>16.040,99.990,0.307,0.279,g
2459563.61554,2021-12-15.1158870,bE,1.48,15.913,>15.913,99.990,0.373,0.313,g
2459563.83687,2021-12-15.3372247,bE,1.55,16.022,>16.022,99.990,0.262,0.283,g
2459563.83817,2021-12-15.3385177,bE,1.52,15.886,>15.886,99.990,0.253,0.321,g
2459563.83947,2021-12-15.3398166,bE,1.5,15.954,>15.954,99.990,0.497,0.302,g
2459564.30799,2021-12-15.8083385,bm,2.08,15.770,>15.770,99.990,-0.115,0.357,g
2459564.30924,2021-12-15.8095839,bm,2.01,15.765,>15.765,99.990,-0.174,0.359,g
2459564.31049,2021-12-15.8108394,bm,2.05,15.947,>15.947,99.990,-0.000,0.304,g
2459564.58711,2021-12-16.0874526,bi,1.46,15.886,>15.886,99.990,0.013,0.321,g
2459564.58834,2021-12-16.0886883,bi,1.44,15.789,>15.789,99.990,0.165,0.351,g
2459564.58958,2021-12-16.0899231,bi,1.45,15.627,>15.627,99.990,0.385,0.408,g
2459564.86001,2021-12-16.3603569,bi,1.43,15.425,>15.425,99.990,-0.344,0.491,g
2459565.65645,2021-12-17.1568033,bi,1.45,15.786,>15.786,99.990,0.028,0.352,g
2459565.65770,2021-12-17.1580546,bi,1.47,15.841,>15.841,99.990,0.183,0.335,g
2459565.65897,2021-12-17.1593222,bi,1.4,15.837,>15.837,99.990,0.272,0.336,g
2459565.86007,2021-12-17.3604247,bi,1.63,15.443,>15.443,99.990,0.403,0.483,g
2459567.75175,2021-12-19.2521180,bE,1.54,15.689,>15.689,99.990,-0.010,0.385,g
2459567.75306,2021-12-19.2534252,bE,1.58,15.732,>15.732,99.990,0.426,0.370,g
2459567.75436,2021-12-19.2547209,bE,1.55,15.715,>15.715,99.990,-0.415,0.376,g
2459568.58883,2021-12-20.0891899,bi,1.44,15.590,>15.590,99.990,0.496,0.422,g
2459568.59006,2021-12-20.0904270,bi,1.52,15.490,>15.490,99.990,0.455,0.462,g
2459568.59129,2021-12-20.0916562,bi,1.54,15.581,>15.581,99.990,1.051,0.425,g
2459569.55482,2021-12-21.0551910,bi,2.09,16.097,>16.097,99.990,-0.093,0.264,g
2459569.55607,2021-12-21.0564362,bi,2.09,16.062,>16.062,99.990,0.397,0.273,g
2459569.55731,2021-12-21.0576754,bi,2.03,16.104,>16.104,99.990,0.153,0.263,g
2459574.58757,2021-12-26.0879666,bm,1.58,15.520,>15.520,99.990,0.272,0.450,g
2459574.58883,2021-12-26.0892192,bm,1.61,15.669,>15.669,99.990,-0.917,0.392,g
2459574.59006,2021-12-26.0904540,bm,1.69,15.397,>15.397,99.990,1.523,0.504,g
2459575.31836,2021-12-26.8187584,bm,2.47,99.990,99.990,99.990,99.990,99.990,g
2459575.31959,2021-12-26.8199864,bm,2.42,99.990,99.990,99.990,99.990,99.990,g
2459575.32084,2021-12-26.8212388,bm,2.39,99.990,99.990,99.990,99.990,99.990,g
2459576.68685,2021-12-28.1872454,bE,1.46,16.110,>16.110,99.990,0.407,0.261,g
2459576.68815,2021-12-28.1885456,bE,1.52,15.995,>15.995,99.990,0.243,0.290,g
2459576.68944,2021-12-28.1898408,bE,1.49,16.043,>16.043,99.990,0.375,0.278,g
2459577.28208,2021-12-28.7824833,bm,2.0,14.899,>14.899,99.990,2.453,0.797,g
2459577.28376,2021-12-28.7841599,bm,2.07,15.320,>15.320,99.990,1.798,0.541,g
2459577.77902,2021-12-29.2794203,bE,1.48,16.035,>16.035,99.990,0.304,0.280,g
2459577.78031,2021-12-29.2807150,bE,1.45,16.108,>16.108,99.990,0.440,0.262,g
2459577.78161,2021-12-29.2820145,bE,1.54,15.928,>15.928,99.990,0.288,0.309,g
2459579.39941,2021-12-30.8998185,bm,1.56,16.007,>16.007,99.990,-0.528,0.287,g
2459579.40065,2021-12-30.9010591,bm,1.61,16.007,>16.007,99.990,0.535,0.287,g
2459579.40189,2021-12-30.9022989,bm,1.45,15.851,>15.851,99.990,0.080,0.332,g
2459579.52112,2021-12-31.0215298,bm,1.52,15.978,>15.978,99.990,0.103,0.295,g
2459579.52236,2021-12-31.0227743,bm,1.46,15.937,>15.937,99.990,0.380,0.306,g
2459579.52359,2021-12-31.0240090,bm,1.47,15.877,>15.877,99.990,0.179,0.324,g
2459579.69744,2021-12-31.1978521,bE,1.53,16.087,>16.087,99.990,0.427,0.267,g
2459579.69873,2021-12-31.1991409,bE,1.55,16.134,>16.134,99.990,0.359,0.255,g
2459579.70002,2021-12-31.2004251,bE,1.56,15.976,>15.976,99.990,0.320,0.296,g
2459580.28162,2021-12-31.7820376,bm,2.31,99.990,99.990,99.990,99.990,99.990,g
2459580.28330,2021-12-31.7837142,bm,2.34,99.990,99.990,99.990,99.990,99.990,g
2459580.28456,2021-12-31.7849655,bm,2.3,99.990,99.990,99.990,99.990,99.990,g
2459580.43748,2021-12-31.9378861,bm,1.53,15.997,>15.997,99.990,0.005,0.290,g
2459580.43871,2021-12-31.9391256,bm,1.51,15.918,>15.918,99.990,0.315,0.312,g
2459580.43997,2021-12-31.9403807,bm,1.6,16.132,>16.132,99.990,0.931,0.256,g
2459580.65152,2022-01-01.1519372,bE,1.52,15.979,>15.979,99.990,0.365,0.295,g
2459580.65282,2022-01-01.1532287,bE,1.42,15.997,>15.997,99.990,0.345,0.290,g
2459580.65411,2022-01-01.1545218,bE,1.48,15.911,>15.911,99.990,0.485,0.314,g
2459581.31799,2022-01-01.8183995,bm,1.67,16.112,>16.112,99.990,0.426,0.261,g
2459581.31922,2022-01-01.8196366,bm,1.63,16.032,>16.032,99.990,0.228,0.281,g
2459581.32052,2022-01-01.8209310,bm,1.58,16.013,>16.013,99.990,0.738,0.286,g
2459582.34615,2022-01-02.8465758,bm,2.0,15.911,>15.911,99.990,0.252,0.314,g
2459582.34739,2022-01-02.8478210,bm,1.99,16.060,>16.060,99.990,0.327,0.274,g
2459582.34864,2022-01-02.8490682,bm,1.98,15.951,>15.951,99.990,0.395,0.302,g
2459582.59507,2022-01-03.0954832,bi,1.46,15.880,>15.880,99.990,0.647,0.323,g
2459582.59631,2022-01-03.0967228,bi,1.43,15.913,>15.913,99.990,0.433,0.313,g
2459582.59754,2022-01-03.0979621,bi,1.44,15.978,>15.978,99.990,0.368,0.295,g
2459582.62553,2022-01-03.1259494,bi,1.43,16.021,>16.021,99.990,0.314,0.284,g
2459582.62678,2022-01-03.1271924,bi,1.47,15.962,>15.962,99.990,0.366,0.299,g
2459582.62802,2022-01-03.1284417,bi,1.44,15.970,>15.970,99.990,0.081,0.297,g
2459583.50343,2022-01-04.0038518,bm,1.57,16.061,>16.061,99.990,-0.187,0.273,g
2459583.50466,2022-01-04.0050805,bm,1.65,16.097,>16.097,99.990,0.393,0.264,g
2459583.50590,2022-01-04.0063209,bm,1.58,15.984,>15.984,99.990,-0.054,0.293,g
2459584.29388,2022-01-04.7942966,bm,2.5,99.990,99.990,99.990,99.990,99.990,g
2459584.71910,2022-01-05.2195238,bE,1.43,15.997,>15.997,99.990,0.316,0.290,g
2459584.72040,2022-01-05.2208252,bE,1.48,16.093,>16.093,99.990,0.369,0.265,g
2459584.72170,2022-01-05.2221255,bE,1.51,16.107,>16.107,99.990,0.381,0.262,g
2459585.68030,2022-01-06.1807290,bE,1.47,15.992,>15.992,99.990,0.353,0.291,g
2459585.68160,2022-01-06.1820284,bE,1.51,15.970,>15.970,99.990,0.394,0.297,g
2459585.68290,2022-01-06.1833277,bE,1.53,15.999,>15.999,99.990,0.463,0.289,g
2459586.65040,2022-01-07.1508320,bE,1.43,16.075,>16.075,99.990,0.528,0.270,g
2459586.65170,2022-01-07.1521292,bE,1.44,16.025,>16.025,99.990,0.416,0.283,g
2459586.65299,2022-01-07.1534204,bE,1.53,16.005,>16.005,99.990,0.400,0.288,g
2459589.54676,2022-01-10.0472003,bE,1.48,15.877,>15.877,99.990,0.097,0.324,g
2459589.54804,2022-01-10.048475,bE,1.46,15.958,>15.958,99.990,0.448,0.300,g
2459589.54932,2022-01-10.0497563,bE,1.45,15.970,>15.970,99.990,-0.137,0.297,g
2459589.60293,2022-01-10.1033670,bi,1.4,15.857,>15.857,99.990,0.279,0.330,g
2459589.60417,2022-01-10.1046121,bi,1.43,15.895,>15.895,99.990,0.241,0.319,g
2459589.60542,2022-01-10.1058539,bi,1.51,15.858,>15.858,99.990,0.935,0.330,g
2459589.62593,2022-01-10.1263653,bi,1.42,15.771,>15.771,99.990,0.670,0.357,g
2459589.62717,2022-01-10.1276118,bi,1.47,15.941,>15.941,99.990,0.291,0.305,g
2459589.62841,2022-01-10.1288443,bi,1.42,15.834,>15.834,99.990,0.472,0.337,g
2459591.58059,2022-01-12.0810351,bE,1.46,15.944,>15.944,99.990,0.435,0.304,g
2459591.58187,2022-01-12.0823135,bE,1.44,15.819,>15.819,99.990,0.506,0.341,g
2459591.58316,2022-01-12.0836037,bE,1.47,15.822,>15.822,99.990,0.560,0.341,g
2459593.67825,2022-01-14.1786990,bE,1.48,15.374,>15.374,99.990,0.849,0.515,g
2459593.67954,2022-01-14.1799881,bE,1.55,15.487,>15.487,99.990,0.661,0.464,g
2459593.68083,2022-01-14.1812712,bE,1.5,15.594,>15.594,99.990,0.673,0.420,g
2459595.69314,2022-01-16.1935915,bE,1.47,15.694,>15.694,99.990,0.354,0.383,g
2459595.69445,2022-01-16.1949038,bE,1.44,15.848,>15.848,99.990,0.343,0.333,g
2459595.69574,2022-01-16.1961997,bE,1.49,15.749,>15.749,99.990,0.104,0.364,g
2459596.31268,2022-01-16.8131354,bm,2.42,99.990,99.990,99.990,99.990,99.990,g
2459596.31393,2022-01-16.8143807,bm,2.41,99.990,99.990,99.990,99.990,99.990,g
2459596.31518,2022-01-16.8156332,bm,2.44,99.990,99.990,99.990,99.990,99.990,g
2459596.41297,2022-01-16.9134234,bm,2.07,15.589,>15.589,99.990,-0.155,0.422,g
2459596.41421,2022-01-16.9146642,bm,2.09,15.734,>15.734,99.990,-0.143,0.369,g
2459596.41546,2022-01-16.9159045,bm,2.12,15.693,>15.693,99.990,0.784,0.384,g
2459596.58732,2022-01-17.0877756,bE,1.44,15.746,>15.746,99.990,-0.029,0.365,g
2459596.58862,2022-01-17.0890763,bE,1.54,15.737,>15.737,99.990,0.813,0.368,g
2459596.58992,2022-01-17.0903709,bE,1.47,15.865,>15.865,99.990,-0.090,0.327,g
2459597.68637,2022-01-18.1868149,bE,1.46,15.600,>15.600,99.990,0.319,0.418,g
2459597.68767,2022-01-18.1881152,bE,1.45,15.754,>15.754,99.990,-0.145,0.363,g
2459597.68896,2022-01-18.1894119,bE,1.42,15.761,>15.761,99.990,0.023,0.360,g
2459598.31102,2022-01-18.8114702,bm,2.12,15.846,>15.846,99.990,0.059,0.333,g
2459598.31226,2022-01-18.8127121,bm,2.14,15.699,>15.699,99.990,0.017,0.382,g
2459598.31350,2022-01-18.8139517,bm,2.11,15.894,>15.894,99.990,0.868,0.319,g
2459598.54257,2022-01-19.0430231,bm,1.63,15.484,>15.484,99.990,-1.659,0.465,g
2459598.54382,2022-01-19.0442680,bm,1.58,15.602,>15.602,99.990,1.305,0.417,g
2459598.54507,2022-01-19.0455253,bm,1.59,15.567,>15.567,99.990,0.567,0.431,g
2459598.57478,2022-01-19.0752312,bi,1.48,15.562,>15.562,99.990,0.087,0.433,g
2459598.57603,2022-01-19.0764743,bi,1.46,15.581,>15.581,99.990,0.436,0.425,g
2459598.57726,2022-01-19.0777103,bi,1.45,15.685,>15.685,99.990,0.583,0.386,g
2459598.63562,2022-01-19.1360625,bi,1.48,15.693,>15.693,99.990,-0.160,0.384,g
2459598.63687,2022-01-19.1373157,bi,1.59,15.527,>15.527,99.990,-0.039,0.447,g
2459598.63811,2022-01-19.1385603,bi,1.53,15.612,>15.612,99.990,-0.069,0.413,g
2459600.43798,2022-01-20.9384275,bm,2.5,99.990,99.990,99.990,99.990,99.990,g
2459600.50911,2022-01-21.0095652,bm,2.32,99.990,99.990,99.990,99.990,99.990,g
2459600.51034,2022-01-21.0107966,bm,2.42,99.990,99.990,99.990,99.990,99.990,g
2459600.51157,2022-01-21.0120268,bm,2.3,99.990,99.990,99.990,99.990,99.990,g
2459600.59420,2022-01-21.0946526,bE,1.99,15.904,>15.904,99.990,0.362,0.316,g
2459600.59551,2022-01-21.0959636,bE,1.98,16.130,>16.130,99.990,0.105,0.257,g
2459600.59680,2022-01-21.0972469,bE,1.99,16.046,>16.046,99.990,-0.349,0.277,g
2459601.49646,2022-01-21.9969194,bm,2.23,99.990,99.990,99.990,99.990,99.990,g
2459601.49769,2022-01-21.9981511,bm,2.26,99.990,99.990,99.990,99.990,99.990,g
2459601.49896,2022-01-21.9994105,bm,2.23,99.990,99.990,99.990,99.990,99.990,g
2459601.56682,2022-01-22.0672745,bi,1.61,16.037,>16.037,99.990,0.317,0.279,g
2459601.56804,2022-01-22.0685035,bi,1.45,15.871,>15.871,99.990,0.831,0.326,g
2459601.56927,2022-01-22.0697325,bi,1.52,16.051,>16.051,99.990,0.540,0.276,g
2459602.56233,2022-01-23.0627833,bi,2.02,16.113,>16.113,99.990,0.375,0.260,g
2459602.56357,2022-01-23.0640251,bi,2.03,16.144,>16.144,99.990,0.083,0.253,g
2459602.56481,2022-01-23.0652645,bi,2.05,16.030,>16.030,99.990,0.668,0.281,g
2459603.63465,2022-01-24.1351028,bE,1.62,15.946,>15.946,99.990,0.173,0.304,g
2459603.63595,2022-01-24.1364011,bE,1.54,15.947,>15.947,99.990,0.271,0.303,g
2459603.63723,2022-01-24.1376858,bE,1.49,15.868,>15.868,99.990,0.429,0.327,g
2459604.28110,2022-01-24.7815549,bm,2.38,99.990,99.990,99.990,99.990,99.990,g
2459604.28234,2022-01-24.7827967,bm,2.32,99.990,99.990,99.990,99.990,99.990,g
2459604.28358,2022-01-24.7840398,bm,2.3,99.990,99.990,99.990,99.990,99.990,g
2459604.53505,2022-01-25.0355023,bE,1.43,15.843,>15.843,99.990,0.247,0.334,g
2459604.53633,2022-01-25.0367878,bE,1.51,15.899,>15.899,99.990,0.278,0.317,g
2459604.53764,2022-01-25.0380866,bE,1.4,15.878,>15.878,99.990,0.589,0.323,g
2459604.57730,2022-01-25.0777503,bE,1.49,16.066,>16.066,99.990,0.354,0.272,g
2459604.57861,2022-01-25.0790655,bE,1.47,16.021,>16.021,99.990,0.630,0.284,g
2459604.57990,2022-01-25.0803515,bE,1.48,16.017,>16.017,99.990,0.358,0.285,g
2459604.62283,2022-01-25.1232806,bi,1.46,15.900,>15.900,99.990,0.711,0.317,g
2459604.62407,2022-01-25.1245258,bi,1.34,15.907,>15.907,99.990,0.446,0.315,g
2459604.62531,2022-01-25.1257605,bi,1.41,15.902,>15.902,99.990,0.094,0.316,g
2459604.67264,2022-01-25.1730912,bi,1.44,15.976,>15.976,99.990,0.257,0.296,g
2459604.67387,2022-01-25.1743178,bi,1.44,15.907,>15.907,99.990,0.230,0.315,g
2459604.67510,2022-01-25.1755465,bi,1.43,15.817,>15.817,99.990,0.275,0.342,g
2459605.55036,2022-01-26.0508164,bi,1.44,15.907,>15.907,99.990,0.360,0.315,g
2459605.55162,2022-01-26.0520673,bi,1.48,15.832,>15.832,99.990,0.427,0.337,g
2459605.55286,2022-01-26.0533060,bi,1.4,15.891,>15.891,99.990,0.231,0.320,g
2459605.77158,2022-01-26.2720282,bE,1.5,15.868,>15.868,99.990,0.164,0.326,g
2459605.77288,2022-01-26.2733258,bE,1.5,16.024,>16.024,99.990,0.548,0.283,g
2459606.36991,2022-01-26.8703658,bm,2.49,99.990,99.990,99.990,99.990,99.990,g
2459606.37114,2022-01-26.8715991,bm,2.49,99.990,99.990,99.990,99.990,99.990,g
2459606.43300,2022-01-26.9334521,bm,2.34,99.990,99.990,99.990,99.990,99.990,g
2459606.43422,2022-01-26.9346870,bm,2.28,99.990,99.990,99.990,99.990,99.990,g
2459606.49680,2022-01-26.9972599,bm,2.21,16.061,>16.061,99.990,-0.054,0.273,g
2459606.49804,2022-01-26.9984912,bm,2.25,16.000,>16.000,99.990,0.085,0.289,g
2459606.49927,2022-01-26.9997270,bm,2.24,16.041,>16.041,99.990,-0.001,0.278,g
2459606.63338,2022-01-27.1338270,bE,1.52,16.054,>16.054,99.990,0.327,0.275,g
2459606.63466,2022-01-27.1351108,bE,1.49,16.124,>16.124,99.990,0.605,0.258,g
2459606.63595,2022-01-27.1363998,bE,1.42,15.970,>15.970,99.990,0.451,0.297,g
2459606.70904,2022-01-27.2094914,bE,1.5,16.023,>16.023,99.990,0.325,0.283,g
2459606.71032,2022-01-27.2107765,bE,1.46,16.034,>16.034,99.990,0.533,0.280,g
2459606.71161,2022-01-27.2120614,bE,1.52,15.920,>15.920,99.990,0.446,0.311,g
2459607.72915,2022-01-28.2295967,bE,1.5,16.056,>16.056,99.990,0.341,0.275,g
2459607.73043,2022-01-28.2308840,bE,1.55,15.987,>15.987,99.990,0.343,0.293,g
2459607.73173,2022-01-28.2321780,bE,1.44,16.065,>16.065,99.990,0.185,0.272,g
2459608.28427,2022-01-28.7847234,bm,2.48,99.990,99.990,99.990,99.990,99.990,g
2459608.28551,2022-01-28.7859593,bm,2.44,99.990,99.990,99.990,99.990,99.990,g
2459608.44473,2022-01-28.9451841,bm,1.66,16.152,>16.152,99.990,0.356,0.251,g
2459608.44598,2022-01-28.9464319,bm,1.6,16.315,>16.315,99.990,0.311,0.216,g
2459608.44724,2022-01-28.9476866,bm,1.63,16.040,>16.040,99.990,0.279,0.279,g
2459608.59067,2022-01-29.0911214,bE,1.56,16.201,>16.201,99.990,0.069,0.240,g
2459608.59196,2022-01-29.0924106,bE,1.52,16.010,>16.010,99.990,0.327,0.286,g
2459608.59325,2022-01-29.0936987,bE,1.49,16.099,>16.099,99.990,0.231,0.264,g
2459608.66403,2022-01-29.1644797,bE,1.45,15.961,>15.961,99.990,0.379,0.300,g
2459608.66531,2022-01-29.1657616,bE,1.44,15.954,>15.954,99.990,0.144,0.302,g
2459608.66660,2022-01-29.1670555,bE,1.5,16.137,>16.137,99.990,0.528,0.255,g
2459610.60203,2022-01-31.1024826,bE,1.6,16.071,>16.071,99.990,0.182,0.271,g
2459610.60332,2022-01-31.1037762,bE,1.51,15.955,>15.955,99.990,0.469,0.301,g
2459610.60463,2022-01-31.1050777,bE,1.49,16.064,>16.064,99.990,0.090,0.273,g
2459612.73378,2022-02-02.2342282,bi,1.49,15.692,>15.692,99.990,0.278,0.384,g
2459612.73501,2022-02-02.2354569,bi,1.41,15.947,>15.947,99.990,0.355,0.304,g
2459612.73625,2022-02-02.2367002,bi,1.47,15.931,>15.931,99.990,0.014,0.308,g
2459613.73022,2022-02-03.2306814,bE,1.49,15.958,>15.958,99.990,0.401,0.301,g
2459613.73151,2022-02-03.2319657,bE,1.45,15.936,>15.936,99.990,0.188,0.307,g
2459613.73281,2022-02-03.2332599,bE,1.5,15.901,>15.901,99.990,0.277,0.317,g
2459614.72184,2022-02-04.2222834,bE,1.47,16.045,>16.045,99.990,0.193,0.277,g
2459614.72313,2022-02-04.2235748,bE,1.47,15.897,>15.897,99.990,0.363,0.318,g
2459614.72443,2022-02-04.2248770,bE,1.53,15.882,>15.882,99.990,0.483,0.322,g
2459616.39892,2022-02-05.8993655,bm,2.13,16.042,>16.042,99.990,0.136,0.278,g
2459616.40017,2022-02-05.9006236,bm,2.11,16.068,>16.068,99.990,-0.065,0.272,g
2459616.40141,2022-02-05.9018644,bm,2.11,16.219,>16.219,99.990,0.046,0.236,g
2459617.61198,2022-02-07.1124289,bE,1.5,15.996,>15.996,99.990,0.241,0.290,g
2459617.61327,2022-02-07.1137189,bE,1.47,15.954,>15.954,99.990,0.258,0.302,g
2459617.61457,2022-02-07.1150081,bE,1.5,16.058,>16.058,99.990,0.176,0.274,g
2459617.67792,2022-02-07.1783638,bE,1.49,15.966,>15.966,99.990,0.363,0.298,g
2459617.67922,2022-02-07.1796622,bE,1.52,16.026,>16.026,99.990,0.410,0.282,g
2459617.68052,2022-02-07.1809627,bE,1.47,16.035,>16.035,99.990,0.233,0.280,g
2459618.54756,2022-02-08.0479949,bE,1.48,15.900,>15.900,99.990,0.586,0.317,g
2459618.54884,2022-02-08.0492790,bE,1.47,15.856,>15.856,99.990,0.133,0.330,g
2459618.55013,2022-02-08.0505694,bE,1.46,15.963,>15.963,99.990,0.275,0.299,g
2459618.56538,2022-02-08.0658208,bi,1.4,15.794,>15.794,99.990,0.195,0.349,g
2459618.56662,2022-02-08.0670641,bi,1.49,15.939,>15.939,99.990,0.419,0.306,g
2459618.56787,2022-02-08.0683152,bi,1.39,15.846,>15.846,99.990,0.466,0.333,g
2459618.65557,2022-02-08.1560068,bE,1.42,15.964,>15.964,99.990,0.405,0.299,g
2459618.65686,2022-02-08.1572938,bE,1.58,16.018,>16.018,99.990,0.212,0.284,g
2459618.65818,2022-02-08.1586181,bE,1.54,15.973,>15.973,99.990,-0.022,0.296,g
2459621.32112,2022-02-10.8215538,bm,2.42,99.990,99.990,99.990,99.990,99.990,g
2459621.32241,2022-02-10.8228423,bm,2.43,99.990,99.990,99.990,99.990,99.990,g
2459621.32367,2022-02-10.8241027,bm,2.4,99.990,99.990,99.990,99.990,99.990,g
2459621.37587,2022-02-10.8763087,bm,2.14,16.004,>16.004,99.990,-0.288,0.288,g
2459621.37712,2022-02-10.8775523,bm,2.1,16.106,>16.106,99.990,-0.172,0.262,g
2459621.37834,2022-02-10.8787765,bm,2.14,15.905,>15.905,99.990,0.282,0.316,g
2459621.44044,2022-02-10.9408738,bm,1.98,15.966,>15.966,99.990,-0.022,0.298,g
2459621.44168,2022-02-10.9421157,bm,1.96,16.114,>16.114,99.990,0.152,0.260,g
2459621.44292,2022-02-10.9433555,bm,1.97,16.040,>16.040,99.990,0.574,0.279,g
2459622.62357,2022-02-12.1240023,bE,1.49,16.055,>16.055,99.990,0.432,0.275,g
2459622.62487,2022-02-12.1252982,bE,1.55,15.858,>15.858,99.990,0.186,0.329,g
2459622.62616,2022-02-12.1265962,bE,1.54,15.836,>15.836,99.990,0.282,0.336,g
2459623.61597,2022-02-13.1163960,bE,1.46,15.921,>15.921,99.990,0.336,0.311,g
2459623.61726,2022-02-13.1176835,bE,1.45,15.917,>15.917,99.990,0.457,0.312,g
2459623.61855,2022-02-13.1189700,bE,1.5,15.936,>15.936,99.990,0.247,0.307,g
2459624.51648,2022-02-14.0169019,bi,2.04,15.525,>15.525,99.990,-0.142,0.448,g
2459624.51773,2022-02-14.0181589,bi,2.0,15.562,>15.562,99.990,0.451,0.433,g
2459624.51898,2022-02-14.0194075,bi,1.66,15.646,>15.646,99.990,0.719,0.400,g
2459625.51577,2022-02-15.0161907,bE,2.02,15.543,>15.543,99.990,-0.538,0.441,g
2459625.51706,2022-02-15.0174872,bE,2.0,15.733,>15.733,99.990,-0.180,0.370,g
2459625.51835,2022-02-15.0187755,bE,1.97,15.811,>15.811,99.990,-0.257,0.344,g
2459626.51489,2022-02-16.0153121,bE,1.94,15.573,>15.573,99.990,0.816,0.429,g
2459626.51619,2022-02-16.0166133,bE,1.69,15.716,>15.716,99.990,0.437,0.376,g
2459627.52589,2022-02-17.0263118,bE,1.56,15.865,>15.865,99.990,-0.039,0.327,g
2459627.52719,2022-02-17.0276081,bE,1.68,15.929,>15.929,99.990,0.321,0.309,g
2459627.52849,2022-02-17.0289103,bE,1.69,15.803,>15.803,99.990,-0.171,0.347,g
2459627.60907,2022-02-17.1094842,bE,1.52,15.860,>15.860,99.990,0.258,0.329,g
2459627.61035,2022-02-17.1107760,bE,1.51,15.659,>15.659,99.990,0.516,0.396,g
2459627.61165,2022-02-17.1120760,bE,1.54,15.658,>15.658,99.990,0.217,0.396,g
2459627.71277,2022-02-17.2131937,bE,1.59,15.693,>15.693,99.990,0.095,0.384,g
2459628.45902,2022-02-17.9594334,bm,2.01,15.614,>15.614,99.990,-0.422,0.413,g
2459628.46026,2022-02-17.9606765,bm,2.02,15.382,>15.382,99.990,0.401,0.511,g
2459628.46150,2022-02-17.9619170,bm,2.04,15.502,>15.502,99.990,-0.243,0.457,g
2459628.52858,2022-02-18.0289969,bi,1.6,15.909,>15.909,99.990,0.434,0.315,g
2459628.52981,2022-02-18.0302339,bi,1.67,15.807,>15.807,99.990,0.196,0.345,g
2459628.53105,2022-02-18.0314746,bi,1.7,15.887,>15.887,99.990,0.438,0.321,g
2459628.58173,2022-02-18.0821550,bi,1.46,15.749,>15.749,99.990,-0.030,0.364,g
2459628.58297,2022-02-18.0833917,bi,1.43,15.644,>15.644,99.990,0.182,0.401,g
2459628.58422,2022-02-18.0846359,bi,1.39,15.598,>15.598,99.990,0.109,0.419,g
2459629.51253,2022-02-19.0129396,bi,1.5,15.521,>15.521,99.990,-0.178,0.449,g
2459629.51376,2022-02-19.0141790,bi,1.48,15.936,>15.936,99.990,1.056,0.307,g
2459629.51501,2022-02-19.0154199,bi,1.52,15.677,>15.677,99.990,0.347,0.389,g
2459629.60001,2022-02-19.1004152,bE,1.5,15.889,>15.889,99.990,0.189,0.320,g
2459629.60131,2022-02-19.1017168,bE,1.5,15.932,>15.932,99.990,0.469,0.308,g
2459629.60259,2022-02-19.1029988,bE,1.42,15.953,>15.953,99.990,0.218,0.302,g
2459630.26638,2022-02-19.7667863,bm,2.49,99.990,99.990,99.990,99.990,99.990,g
2459630.26762,2022-02-19.7680349,bm,2.47,99.990,99.990,99.990,99.990,99.990,g
2459630.45730,2022-02-19.9577085,bm,1.53,15.627,>15.627,99.990,0.630,0.408,g
2459630.45854,2022-02-19.9589501,bm,1.54,15.679,>15.679,99.990,0.298,0.388,g
2459630.51176,2022-02-20.0121653,bi,1.99,15.507,>15.507,99.990,0.204,0.455,g
2459630.51301,2022-02-20.0134140,bi,1.67,15.609,>15.609,99.990,-0.189,0.414,g
2459630.51427,2022-02-20.0146697,bi,1.65,15.739,>15.739,99.990,0.694,0.368,g
2459630.59302,2022-02-20.0934276,bE,1.49,15.878,>15.878,99.990,0.396,0.324,g
2459630.59431,2022-02-20.0947188,bE,1.5,15.844,>15.844,99.990,0.449,0.334,g
2459630.59561,2022-02-20.0960201,bE,1.52,16.008,>16.008,99.990,0.657,0.287,g
2459630.62233,2022-02-20.1227341,bE,1.54,16.032,>16.032,99.990,0.721,0.281,g
2459630.62362,2022-02-20.1240305,bE,1.54,15.885,>15.885,99.990,0.303,0.322,g
2459630.62491,2022-02-20.1253209,bE,1.44,15.851,>15.851,99.990,0.070,0.332,g
2459630.65784,2022-02-20.1582431,bE,1.64,15.845,>15.845,99.990,-0.029,0.333,g
2459630.65913,2022-02-20.1595341,bE,1.5,15.943,>15.943,99.990,0.442,0.305,g
2459630.66041,2022-02-20.1608160,bE,1.49,15.827,>15.827,99.990,0.023,0.339,g
2459631.27084,2022-02-20.7712495,bm,2.39,99.990,99.990,99.990,99.990,99.990,g
2459631.27208,2022-02-20.7724887,bm,2.39,99.990,99.990,99.990,99.990,99.990,g
2459631.27331,2022-02-20.7737165,bm,2.34,99.990,99.990,99.990,99.990,99.990,g
2459631.36710,2022-02-20.8674984,bm,1.95,16.030,>16.030,99.990,-0.216,0.281,g
2459631.36835,2022-02-20.8687520,bm,1.95,16.079,>16.079,99.990,0.281,0.269,g
2459631.36958,2022-02-20.8699894,bm,1.75,15.890,>15.890,99.990,0.396,0.320,g
2459631.44312,2022-02-20.9435297,bm,1.56,15.778,>15.778,99.990,0.260,0.355,g
2459631.44436,2022-02-20.9447712,bm,1.53,15.772,>15.772,99.990,-0.068,0.357,g
2459631.44561,2022-02-20.9460142,bm,1.55,15.905,>15.905,99.990,0.312,0.316,g
2459631.57661,2022-02-21.0770086,bE,1.58,16.014,>16.014,99.990,0.481,0.285,g
2459631.57788,2022-02-21.0782821,bE,1.53,16.054,>16.054,99.990,0.511,0.275,g
2459631.57917,2022-02-21.0795737,bE,1.58,16.005,>16.005,99.990,0.075,0.288,g
2459632.38011,2022-02-21.8805072,bm,1.6,15.895,>15.895,99.990,0.014,0.318,g
2459632.38135,2022-02-21.8817457,bm,1.63,16.082,>16.082,99.990,0.550,0.268,g
2459632.38258,2022-02-21.8829863,bm,1.66,16.150,>16.150,99.990,0.194,0.252,g
2459632.53671,2022-02-22.0371140,bE,1.49,16.125,>16.125,99.990,0.613,0.258,g
2459632.53802,2022-02-22.0384148,bE,1.52,16.096,>16.096,99.990,0.572,0.265,g
2459632.53931,2022-02-22.0397033,bE,1.48,16.113,>16.113,99.990,0.237,0.261,g
2459632.55191,2022-02-22.0523061,bE,1.47,15.939,>15.939,99.990,0.402,0.306,g
2459632.55321,2022-02-22.0536113,bE,1.48,15.906,>15.906,99.990,0.425,0.315,g
2459632.55450,2022-02-22.0548972,bE,1.56,16.085,>16.085,99.990,0.743,0.267,g
2459632.59363,2022-02-22.0940332,bE,1.41,15.923,>15.923,99.990,0.578,0.310,g
2459632.59492,2022-02-22.0953173,bE,1.43,15.987,>15.987,99.990,0.465,0.293,g
2459632.59622,2022-02-22.0966178,bE,1.47,15.924,>15.924,99.990,0.696,0.310,g
2459633.44998,2022-02-22.9503729,bm,2.05,15.930,>15.930,99.990,0.781,0.308,g
2459633.50947,2022-02-23.0098657,bi,2.45,15.633,>15.633,99.990,0.149,0.406,g
2459633.51072,2022-02-23.0111134,bi,2.41,15.596,>15.596,99.990,0.243,0.420,g
2459633.51196,2022-02-23.0123598,bi,2.44,15.634,>15.634,99.990,-0.226,0.405,g
2459633.60535,2022-02-23.1057526,bE,1.5,16.034,>16.034,99.990,0.305,0.280,g
2459633.60665,2022-02-23.1070401,bE,1.54,15.978,>15.978,99.990,0.141,0.295,g
2459633.60793,2022-02-23.1083324,bE,1.54,16.240,>16.240,99.990,0.545,0.232,g
2459634.52023,2022-02-24.0206309,bi,1.52,15.941,>15.941,99.990,-0.126,0.305,g
2459634.52146,2022-02-24.0218597,bi,1.56,15.963,>15.963,99.990,0.413,0.299,g
2459634.52270,2022-02-24.0230962,bi,1.54,15.917,>15.917,99.990,0.392,0.312,g
2459634.61493,2022-02-24.1153267,bi,1.39,15.871,>15.871,99.990,0.218,0.325,g
2459634.61618,2022-02-24.1165731,bi,1.43,15.879,>15.879,99.990,0.448,0.323,g
2459634.61743,2022-02-24.1178246,bi,1.38,15.949,>15.949,99.990,0.543,0.303,g
2459635.44381,2022-02-24.9442009,bm,1.74,16.161,>16.161,99.990,-0.101,0.249,g
2459635.44505,2022-02-24.9454392,bm,1.98,16.064,>16.064,99.990,0.334,0.272,g
2459635.52324,2022-02-25.0236300,bi,1.65,16.133,>16.133,99.990,0.423,0.256,g
2459635.52448,2022-02-25.0248673,bi,1.58,16.082,>16.082,99.990,0.386,0.268,g
2459635.52572,2022-02-25.0261103,bi,1.62,16.079,>16.079,99.990,0.185,0.269,g
2459635.61191,2022-02-25.1122942,bi,1.42,15.959,>15.959,99.990,0.476,0.300,g
2459635.61316,2022-02-25.1135430,bi,1.41,15.970,>15.970,99.990,0.106,0.297,g
2459635.61441,2022-02-25.1147969,bi,1.48,15.968,>15.968,99.990,0.356,0.298,g
2459636.27775,2022-02-25.7781326,bm,2.3,99.990,99.990,99.990,99.990,99.990,g
2459636.27902,2022-02-25.7794128,bm,2.26,99.990,99.990,99.990,99.990,99.990,g
2459636.28067,2022-02-25.7810556,bm,2.25,16.161,>16.161,99.990,0.185,0.249,g
2459636.50725,2022-02-26.0076354,bi,2.05,15.575,>15.575,99.990,0.203,0.427,g
2459636.50850,2022-02-26.0088902,bi,2.03,15.542,>15.542,99.990,0.595,0.441,g
2459636.50975,2022-02-26.0101310,bi,2.0,15.695,>15.695,99.990,-0.227,0.383,g
2459639.42944,2022-02-28.9298133,bm,1.61,15.892,>15.892,99.990,-0.104,0.319,g
2459639.43068,2022-02-28.9310538,bm,1.68,15.878,>15.878,99.990,0.531,0.323,g
2459639.43193,2022-02-28.9322945,bm,1.6,16.072,>16.072,99.990,0.191,0.271,g
2459640.29577,2022-03-01.7961413,bm,1.53,15.982,>15.982,99.990,0.175,0.294,g
2459640.29701,2022-03-01.7973796,bm,1.55,16.024,>16.024,99.990,0.347,0.283,g
2459640.29825,2022-03-01.7986225,bm,1.57,16.002,>16.002,99.990,0.314,0.288,g
2459640.42561,2022-03-01.9259773,bm,1.5,15.969,>15.969,99.990,0.240,0.297,g
2459640.42685,2022-03-01.9272192,bm,1.49,15.820,>15.820,99.990,0.122,0.341,g
2459640.42809,2022-03-01.9284600,bm,1.48,16.131,>16.131,99.990,0.205,0.256,g
2459640.61329,2022-03-02.1136499,bE,1.45,15.981,>15.981,99.990,0.413,0.294,g
2459640.61457,2022-03-02.1149377,bE,1.45,15.893,>15.893,99.990,0.276,0.319,g
2459640.61587,2022-03-02.1162373,bE,1.51,16.037,>16.037,99.990,0.416,0.279,g
2459641.26326,2022-03-02.7636212,bm,1.58,16.099,>16.099,99.990,0.095,0.264,g
2459641.26457,2022-03-02.7649287,bm,1.58,15.991,>15.991,99.990,0.106,0.291,g
2459641.26611,2022-03-02.7664731,bm,1.55,16.154,>16.154,99.990,0.297,0.251,g
2459642.66457,2022-03-04.1649298,bE,1.48,16.087,>16.087,99.990,0.269,0.267,g
2459642.66587,2022-03-04.1662315,bE,1.45,15.979,>15.979,99.990,0.599,0.295,g
2459642.66715,2022-03-04.1675049,bE,1.47,16.046,>16.046,99.990,0.316,0.277,g
2459643.25346,2022-03-04.7538228,bm,1.67,15.750,>15.750,99.990,-0.205,0.364,g
2459643.25470,2022-03-04.7550557,bm,1.68,15.914,>15.914,99.990,-0.200,0.313,g
2459643.25606,2022-03-04.7564182,bm,1.64,15.819,>15.819,99.990,0.246,0.342,g
2459643.37000,2022-03-04.8703592,bm,1.57,16.029,>16.029,99.990,0.269,0.281,g
2459643.37126,2022-03-04.8716079,bm,1.59,15.921,>15.921,99.990,0.356,0.311,g
2459643.37250,2022-03-04.8728521,bm,1.52,15.965,>15.965,99.990,0.306,0.299,g
2459643.40665,2022-03-04.9070076,bm,1.62,15.952,>15.952,99.990,0.243,0.302,g
2459643.40816,2022-03-04.9085109,bm,1.58,15.999,>15.999,99.990,0.278,0.289,g
2459643.40940,2022-03-04.9097483,bm,1.55,15.952,>15.952,99.990,0.364,0.302,g
2459644.25230,2022-03-05.7526464,bm,2.0,15.890,>15.890,99.990,0.336,0.320,g
2459644.25356,2022-03-05.7539083,bm,2.01,15.895,>15.895,99.990,0.606,0.318,g
2459644.25479,2022-03-05.7551466,bm,2.01,16.018,>16.018,99.990,0.469,0.284,g
2459644.39018,2022-03-05.8905356,bm,1.58,16.059,>16.059,99.990,0.103,0.274,g
2459644.39142,2022-03-05.891775,bm,1.59,16.067,>16.067,99.990,0.364,0.272,g
2459644.39266,2022-03-05.8930134,bm,1.57,16.019,>16.019,99.990,0.183,0.284,g
2459645.49986,2022-03-07.0001974,bE,1.51,15.857,>15.857,99.990,0.376,0.330,g
2459645.50117,2022-03-07.0015150,bE,1.56,15.950,>15.950,99.990,0.088,0.303,g
2459645.50246,2022-03-07.0028046,bE,1.5,16.094,>16.094,99.990,0.065,0.265,g
2459646.26160,2022-03-07.7619327,bm,2.18,15.963,>15.963,99.990,-0.315,0.299,g
2459646.26285,2022-03-07.7631849,bm,2.19,16.082,>16.082,99.990,0.370,0.268,g
2459646.26411,2022-03-07.7644476,bm,2.13,16.071,>16.071,99.990,0.027,0.271,g
2459646.51424,2022-03-08.0145716,bi,2.0,16.078,>16.078,99.990,0.452,0.269,g
2459646.51550,2022-03-08.0158355,bi,2.01,16.120,>16.120,99.990,0.159,0.259,g
2459646.51675,2022-03-08.0170879,bi,1.68,16.205,>16.205,99.990,0.168,0.239,g
2459647.24782,2022-03-08.7481538,bm,2.5,99.990,99.990,99.990,99.990,99.990,g
2459647.61753,2022-03-09.1178623,bE,1.58,15.974,>15.974,99.990,0.466,0.296,g
2459647.61883,2022-03-09.1191592,bE,1.49,15.987,>15.987,99.990,0.302,0.293,g
2459647.62012,2022-03-09.1204493,bE,1.53,16.036,>16.036,99.990,0.140,0.280,g
2459648.24829,2022-03-09.7486120,bm,2.5,99.990,99.990,99.990,99.990,99.990,g
2459648.52024,2022-03-10.0205769,bi,1.5,16.085,>16.085,99.990,0.333,0.267,g
2459648.52150,2022-03-10.0218291,bi,1.52,16.089,>16.089,99.990,0.291,0.266,g
2459648.52275,2022-03-10.0230815,bi,1.52,16.202,>16.202,99.990,0.231,0.240,g
2459649.57339,2022-03-11.0737059,bE,1.54,16.004,>16.004,99.990,0.417,0.288,g
2459649.57468,2022-03-11.0749951,bE,1.51,16.059,>16.059,99.990,0.251,0.274,g
2459649.57597,2022-03-11.0762907,bE,1.54,15.939,>15.939,99.990,0.426,0.306,g
2459650.50372,2022-03-12.0040328,bE,2.07,16.119,>16.119,99.990,0.020,0.259,g
2459650.50501,2022-03-12.0053287,bE,2.06,16.036,>16.036,99.990,0.395,0.280,g
2459650.50629,2022-03-12.0066101,bE,2.07,16.230,>16.230,99.990,0.439,0.234,g
2459651.26531,2022-03-12.7656224,bm,2.29,99.990,99.990,99.990,99.990,99.990,g
2459651.26656,2022-03-12.7668679,bm,2.37,99.990,99.990,99.990,99.990,99.990,g
2459651.26779,2022-03-12.7681004,bm,2.31,99.990,99.990,99.990,99.990,99.990,g
2459651.55231,2022-03-13.0526165,bE,1.46,16.022,>16.022,99.990,0.252,0.283,g
2459651.55359,2022-03-13.0538953,bE,1.59,16.037,>16.037,99.990,0.475,0.279,g
2459651.55488,2022-03-13.0551931,bE,1.5,15.928,>15.928,99.990,-0.107,0.309,g
2459652.60298,2022-03-14.1032822,bE,1.42,15.844,>15.844,99.990,0.495,0.334,g
2459652.60426,2022-03-14.1045645,bE,1.46,15.958,>15.958,99.990,0.054,0.301,g
2459652.60557,2022-03-14.1058680,bE,1.43,15.883,>15.883,99.990,-0.169,0.322,g
2459653.25032,2022-03-14.7506193,bm,1.55,15.726,>15.726,99.990,0.895,0.372,g
2459653.25159,2022-03-14.7518861,bm,1.59,15.814,>15.814,99.990,0.522,0.343,g
2459653.25286,2022-03-14.7531559,bm,1.65,15.802,>15.802,99.990,0.174,0.347,g
2459653.61608,2022-03-15.1163684,bi,1.47,15.786,>15.786,99.990,0.523,0.352,g
2459653.61731,2022-03-15.1176086,bi,1.5,15.806,>15.806,99.990,0.351,0.346,g
2459653.61855,2022-03-15.1188434,bi,1.45,15.994,>15.994,99.990,0.128,0.291,g
2459654.23893,2022-03-15.7392159,bm,1.57,15.762,>15.762,99.990,0.424,0.360,g
2459654.24018,2022-03-15.7404684,bm,1.47,15.551,>15.551,99.990,0.307,0.437,g
2459654.24142,2022-03-15.7417054,bm,1.57,15.573,>15.573,99.990,-0.189,0.428,g
2459654.38504,2022-03-15.8853281,bm,1.56,15.649,>15.649,99.990,0.450,0.400,g
2459654.38628,2022-03-15.8865723,bm,1.51,15.805,>15.805,99.990,0.373,0.346,g
2459654.38753,2022-03-15.8878203,bm,1.6,15.648,>15.648,99.990,0.520,0.400,g
2459655.24401,2022-03-16.7442943,bm,1.54,15.679,>15.679,99.990,0.530,0.389,g
2459655.24523,2022-03-16.7455185,bm,1.52,15.619,>15.619,99.990,0.051,0.411,g
2459655.24648,2022-03-16.7467630,bm,1.51,15.826,>15.826,99.990,0.280,0.339,g
2459655.37841,2022-03-16.8786966,bm,1.47,15.635,>15.635,99.990,0.484,0.405,g
2459655.37966,2022-03-16.8799383,bm,1.5,15.630,>15.630,99.990,0.842,0.406,g
2459655.38089,2022-03-16.8811739,bm,1.62,15.621,>15.621,99.990,0.652,0.410,g
2459655.50281,2022-03-17.0030899,bi,2.05,15.936,>15.936,99.990,0.447,0.307,g
2459655.50405,2022-03-17.0043376,bi,2.05,15.750,>15.750,99.990,-0.346,0.364,g
2459655.50530,2022-03-17.0055815,bi,1.98,15.733,>15.733,99.990,-0.444,0.370,g
2459656.24558,2022-03-17.7458673,bm,2.24,99.990,99.990,99.990,99.990,99.990,g
2459656.24681,2022-03-17.7470986,bm,2.25,15.712,>15.712,99.990,-0.236,0.377,g
2459656.24804,2022-03-17.7483289,bm,2.23,15.526,>15.526,99.990,-0.459,0.447,g
2459656.38009,2022-03-17.8803788,bm,1.65,15.457,>15.457,99.990,0.546,0.477,g
2459656.38133,2022-03-17.8816208,bm,1.75,15.548,>15.548,99.990,0.464,0.438,g
2459656.38258,2022-03-17.8828616,bm,1.61,15.673,>15.673,99.990,0.690,0.391,g
2459656.51310,2022-03-18.0133734,bi,1.43,15.805,>15.805,99.990,0.508,0.346,g
2459656.51434,2022-03-18.0146150,bi,1.52,15.757,>15.757,99.990,-0.042,0.362,g
2459656.51559,2022-03-18.0158638,bi,1.49,15.844,>15.844,99.990,0.331,0.334,g
2459657.48945,2022-03-18.9897150,bi,2.39,15.705,>15.705,99.990,-0.563,0.379,g
2459657.49069,2022-03-18.9909607,bi,2.31,15.716,>15.716,99.990,0.234,0.376,g
2459657.49193,2022-03-18.9921968,bi,2.29,15.896,>15.896,99.990,0.230,0.318,g
2459658.49624,2022-03-19.9965175,bi,1.46,15.888,>15.888,99.990,0.310,0.320,g
2459658.49751,2022-03-19.9977770,bi,1.52,15.986,>15.986,99.990,0.380,0.293,g
2459658.49875,2022-03-19.9990145,bi,1.47,15.981,>15.981,99.990,0.258,0.294,g
2459659.58531,2022-03-21.0855640,bE,1.44,15.946,>15.946,99.990,0.501,0.304,g
2459659.58658,2022-03-21.0868380,bE,1.48,15.819,>15.819,99.990,0.689,0.342,g
2459659.58786,2022-03-21.0881253,bE,1.55,15.921,>15.921,99.990,0.383,0.311,g
2459660.49449,2022-03-21.9947380,bi,1.46,15.887,>15.887,99.990,0.499,0.321,g
2459660.49573,2022-03-21.9959825,bi,1.52,16.043,>16.043,99.990,0.333,0.278,g
2459660.49698,2022-03-21.9972304,bi,1.5,15.938,>15.938,99.990,0.507,0.306,g
2459660.56292,2022-03-22.0631685,bi,1.49,16.004,>16.004,99.990,0.687,0.288,g
2459660.56414,2022-03-22.0643951,bi,1.47,15.944,>15.944,99.990,0.482,0.304,g
2459660.56538,2022-03-22.0656347,bi,1.46,15.941,>15.941,99.990,0.134,0.305,g
2459661.50134,2022-03-23.0015851,bi,1.71,15.950,>15.950,99.990,0.252,0.303,g
2459661.50259,2022-03-23.0028353,bi,1.67,16.187,>16.187,99.990,0.334,0.243,g
2459661.50383,2022-03-23.0040784,bi,1.98,16.055,>16.055,99.990,0.240,0.275,g
2459661.56955,2022-03-23.0697994,bi,2.01,16.102,>16.102,99.990,0.326,0.263,g
2459661.57080,2022-03-23.0710496,bi,2.01,16.028,>16.028,99.990,0.239,0.282,g
2459661.57204,2022-03-23.0722947,bi,2.02,16.010,>16.010,99.990,0.417,0.287,g
2459661.61126,2022-03-23.1115033,bE,1.53,16.057,>16.057,99.990,0.335,0.274,g
2459661.61254,2022-03-23.1127861,bE,1.57,15.971,>15.971,99.990,0.203,0.297,g
2459661.61384,2022-03-23.1140853,bE,1.54,16.061,>16.061,99.990,0.493,0.273,g
2459662.50796,2022-03-24.0082027,bi,1.72,16.184,>16.184,99.990,0.261,0.244,g
2459662.50921,2022-03-24.0094446,bi,1.65,16.151,>16.151,99.990,0.329,0.252,g
2459662.51045,2022-03-24.0106851,bi,1.69,16.238,>16.238,99.990,0.304,0.232,g
2459663.25534,2022-03-24.7555778,bm,2.08,16.082,>16.082,99.990,0.244,0.268,g
2459663.25657,2022-03-24.7568105,bm,2.07,16.116,>16.116,99.990,0.096,0.260,g
2459663.25781,2022-03-24.7580525,bm,2.08,16.118,>16.118,99.990,0.114,0.259,g
2459664.61034,2022-03-26.1105722,bE,1.51,16.059,>16.059,99.990,0.438,0.274,g
2459664.61163,2022-03-26.1118572,bE,1.45,15.982,>15.982,99.990,0.449,0.294,g
2459666.56559,2022-03-28.0657987,bE,1.51,16.071,>16.071,99.990,0.590,0.271,g
2459666.56687,2022-03-28.0670886,bE,1.55,16.155,>16.155,99.990,0.403,0.251,g
2459666.56817,2022-03-28.0683839,bE,1.52,15.965,>15.965,99.990,0.226,0.299,g
2459668.23021,2022-03-29.7304078,bm,1.54,99.990,99.990,99.990,99.990,99.990,g
2459668.23237,2022-03-29.7325685,bm,1.56,14.567,>14.567,99.990,-1.376,1.082,g
2459668.48015,2022-03-29.9803545,bi,1.67,15.754,>15.754,99.990,0.460,0.363,g
2459668.48142,2022-03-29.9816208,bi,1.55,15.726,>15.726,99.990,0.366,0.372,g
2459668.48266,2022-03-29.9828714,bi,1.61,15.813,>15.813,99.990,0.612,0.343,g
2459668.56348,2022-03-30.0636736,bE,1.54,16.015,>16.015,99.990,0.419,0.285,g
2459668.56478,2022-03-30.0649792,bE,1.52,16.037,>16.037,99.990,0.308,0.279,g
2459668.56608,2022-03-30.0662806,bE,1.55,16.026,>16.026,99.990,0.142,0.282,g
2459669.47934,2022-03-30.9795268,bi,1.91,15.729,>15.729,99.990,-0.497,0.371,g
2459669.48060,2022-03-30.9807909,bi,1.56,15.986,>15.986,99.990,0.403,0.293,g
2459669.48183,2022-03-30.9820269,bi,1.57,15.887,>15.887,99.990,-0.026,0.321,g
2459670.23206,2022-03-31.7322424,bm,1.67,16.120,>16.120,99.990,0.414,0.259,g
2459670.23330,2022-03-31.7334835,bm,1.69,16.155,>16.155,99.990,0.318,0.251,g
2459670.23453,2022-03-31.7347219,bm,1.63,16.046,>16.046,99.990,0.185,0.277,g
2459670.34373,2022-03-31.8439157,bm,1.5,15.843,>15.843,99.990,-0.074,0.334,g
2459670.34498,2022-03-31.8451690,bm,1.5,16.088,>16.088,99.990,0.204,0.267,g
2459670.34622,2022-03-31.8464179,bm,1.51,15.875,>15.875,99.990,0.174,0.324,g
2459671.24656,2022-04-01.7467369,bm,1.51,15.427,>15.427,99.990,0.385,0.490,g
2459671.24779,2022-04-01.7479684,bm,1.52,15.190,>15.190,99.990,0.130,0.610,g
2459671.24903,2022-04-01.7492068,bm,1.49,14.959,>14.959,99.990,-1.820,0.755,g
2459671.55110,2022-04-02.0512818,bE,1.59,16.023,>16.023,99.990,0.096,0.283,g
2459671.55240,2022-04-02.0525791,bE,1.58,16.305,>16.305,99.990,0.372,0.218,g
2459671.55368,2022-04-02.0538547,bE,1.51,16.095,>16.095,99.990,0.398,0.265,g
2459672.55389,2022-04-03.0540615,bE,1.47,15.949,>15.949,99.990,0.340,0.303,g
2459672.55518,2022-04-03.0553491,bE,1.48,16.003,>16.003,99.990,0.317,0.288,g
2459672.55648,2022-04-03.0566464,bE,1.48,16.059,>16.059,99.990,0.366,0.274,g
2459673.23318,2022-04-03.7333431,bm,1.63,16.054,>16.054,99.990,0.368,0.275,g
2459673.23442,2022-04-03.7345828,bm,1.65,16.075,>16.075,99.990,0.332,0.270,g
2459673.23567,2022-04-03.7358291,bm,1.63,16.134,>16.134,99.990,0.412,0.255,g
2459673.33597,2022-04-03.8361351,bm,1.55,15.870,>15.870,99.990,0.383,0.326,g
2459673.33721,2022-04-03.8373692,bm,1.54,16.017,>16.017,99.990,0.269,0.285,g
2459673.33845,2022-04-03.8386097,bm,1.51,16.030,>16.030,99.990,0.583,0.281,g
2459674.54315,2022-04-05.0433026,bE,1.54,15.992,>15.992,99.990,0.162,0.291,g
2459674.54444,2022-04-05.0445913,bE,1.43,16.015,>16.015,99.990,0.129,0.285,g
2459674.54573,2022-04-05.0458869,bE,1.46,15.951,>15.951,99.990,0.502,0.303,g
2459675.50642,2022-04-06.0065621,bE,1.55,16.075,>16.075,99.990,0.310,0.270,g
2459675.50769,2022-04-06.0078362,bE,1.51,15.967,>15.967,99.990,0.335,0.298,g
2459675.50900,2022-04-06.0091460,bE,1.5,16.007,>16.007,99.990,0.317,0.287,g
2459676.47769,2022-04-06.9778259,bE,2.09,16.049,>16.049,99.990,-0.113,0.276,g
2459676.47899,2022-04-06.9791261,bE,2.09,16.064,>16.064,99.990,0.381,0.273,g
2459676.48027,2022-04-06.9804112,bE,2.07,16.124,>16.124,99.990,0.254,0.258,g
2459678.24592,2022-04-08.7460556,bm,2.0,16.129,>16.129,99.990,-0.062,0.257,g
2459678.24716,2022-04-08.7472929,bm,1.64,15.946,>15.946,99.990,0.593,0.304,g
2459678.24844,2022-04-08.7485663,bm,1.71,15.960,>15.960,99.990,0.341,0.300,g
2459679.24798,2022-04-09.7480946,bm,1.64,15.824,>15.824,99.990,0.069,0.340,g
2459679.24922,2022-04-09.7493353,bm,1.56,15.923,>15.923,99.990,0.268,0.310,g
2459679.25047,2022-04-09.7505898,bm,1.59,15.858,>15.858,99.990,0.020,0.330,g
2459680.47463,2022-04-10.9747428,bE,1.99,15.970,>15.970,99.990,0.487,0.297,g
2459680.47593,2022-04-10.9760427,bE,1.63,15.927,>15.927,99.990,0.278,0.309,g
2459680.47724,2022-04-10.9773427,bE,1.67,15.918,>15.918,99.990,0.341,0.312,g
2459681.52401,2022-04-12.0241135,bE,1.49,15.987,>15.987,99.990,0.432,0.293,g
2459681.52531,2022-04-12.0254118,bE,1.44,15.857,>15.857,99.990,0.373,0.330,g
2459681.52658,2022-04-12.0266875,bE,1.54,16.086,>16.086,99.990,-0.041,0.267,g
2459682.55873,2022-04-13.0588254,bE,1.61,15.937,>15.937,99.990,0.410,0.306,g
2459682.56002,2022-04-13.0601087,bE,1.59,15.952,>15.952,99.990,0.148,0.302,g
2459682.56131,2022-04-13.0614078,bE,1.49,15.883,>15.883,99.990,0.273,0.322,g
2459683.28419,2022-04-13.7842851,bm,1.56,15.279,>15.279,99.990,-1.205,0.562,g
2459683.28543,2022-04-13.7855245,bm,1.57,15.329,>15.329,99.990,0.590,0.536,g
2459683.28666,2022-04-13.7867546,bm,1.62,15.069,>15.069,99.990,0.688,0.682,g
2459684.55124,2022-04-15.0513210,bE,1.63,15.771,>15.771,99.990,0.451,0.357,g
2459684.55253,2022-04-15.0526116,bE,1.63,15.799,>15.799,99.990,-0.098,0.348,g
2459684.55383,2022-04-15.0539148,bE,1.61,15.689,>15.689,99.990,0.444,0.385,g
2459685.22800,2022-04-15.7280814,bm,2.06,15.393,>15.393,99.990,1.588,0.507,g
2459685.22929,2022-04-15.7293699,bm,2.1,15.077,>15.077,99.990,-2.314,0.678,g
2459685.23063,2022-04-15.7307146,bm,2.09,15.246,14.625,0.125,5.127,0.582,g
2459686.21925,2022-04-16.7193152,bm,2.09,15.455,15.057,0.154,3.445,0.482,g
2459686.22054,2022-04-16.7206050,bm,2.06,15.309,>15.309,99.990,-1.214,0.547,g
2459686.22180,2022-04-16.7218679,bm,2.1,14.743,>14.743,99.990,-1.893,0.920,g
2459687.21829,2022-04-17.7183527,bm,1.47,15.503,>15.503,99.990,-1.094,0.457,g
2459687.21954,2022-04-17.7195944,bm,1.51,15.276,>15.276,99.990,1.687,0.564,g
2459687.22078,2022-04-17.7208371,bm,1.56,15.197,>15.197,99.990,1.845,0.606,g
2459688.23649,2022-04-18.7365428,bm,1.51,15.714,>15.714,99.990,0.553,0.376,g
2459688.23774,2022-04-18.7377957,bm,1.47,15.526,>15.526,99.990,-1.082,0.448,g
2459688.23898,2022-04-18.7390312,bm,1.59,15.544,>15.544,99.990,0.259,0.440,g
2459688.47410,2022-04-18.9741459,bE,1.61,16.068,>16.068,99.990,0.403,0.272,g
2459688.47539,2022-04-18.9754385,bE,1.63,16.112,>16.112,99.990,0.432,0.261,g
2459688.47669,2022-04-18.9767423,bE,1.59,16.072,>16.072,99.990,0.083,0.270,g
2459689.22435,2022-04-19.7244028,bm,1.98,16.043,>16.043,99.990,-0.136,0.278,g
2459689.22558,2022-04-19.7256320,bm,1.95,15.960,>15.960,99.990,0.488,0.300,g
2459689.22682,2022-04-19.7268671,bm,1.97,16.045,>16.045,99.990,0.471,0.277,g
2459689.53627,2022-04-20.0363041,bE,1.59,16.113,>16.113,99.990,0.355,0.261,g
2459689.53756,2022-04-20.0376023,bE,1.52,15.872,>15.872,99.990,0.346,0.325,g
2459689.53886,2022-04-20.0388983,bE,1.46,15.970,>15.970,99.990,0.283,0.297,g
2459690.20833,2022-04-20.7083700,bm,2.3,14.879,>14.879,99.990,0.509,0.812,g
2459690.20957,2022-04-20.7096083,bm,2.18,15.059,>15.059,99.990,1.444,0.688,g
2459690.21082,2022-04-20.7108537,bm,2.17,15.297,>15.297,99.990,1.932,0.553,g
2459690.29230,2022-04-20.7923393,bm,1.61,15.938,>15.938,99.990,-0.189,0.306,g
2459690.29355,2022-04-20.7935858,bm,1.62,16.154,>16.154,99.990,0.184,0.251,g
2459690.29479,2022-04-20.7948197,bm,1.58,15.849,>15.849,99.990,0.578,0.332,g
2459691.51552,2022-04-22.0155430,bE,1.54,16.008,>16.008,99.990,0.183,0.287,g
2459691.51680,2022-04-22.0168297,bE,1.49,16.061,>16.061,99.990,0.377,0.273,g
2459691.51811,2022-04-22.0181303,bE,1.46,16.075,>16.075,99.990,0.336,0.270,g
2459692.52636,2022-04-23.0263745,bE,1.54,16.033,>16.033,99.990,0.393,0.280,g
2459692.52764,2022-04-23.0276614,bE,1.46,16.043,>16.043,99.990,0.377,0.278,g
2459692.52893,2022-04-23.0289456,bE,1.51,16.033,>16.033,99.990,0.231,0.280,g
2459693.21006,2022-04-23.7100687,bm,1.49,15.564,>15.564,99.990,-0.882,0.432,g
2459693.21130,2022-04-23.7113094,bm,1.48,15.572,>15.572,99.990,1.563,0.429,g
2459693.21257,2022-04-23.7125760,bm,1.44,15.784,>15.784,99.990,0.867,0.353,g
2459693.53218,2022-04-24.0321929,bE,1.51,16.115,>16.115,99.990,0.146,0.260,g
2459694.20942,2022-04-24.7094289,bm,1.58,15.503,>15.503,99.990,-0.036,0.457,g
2459694.21068,2022-04-24.7106766,bm,1.59,15.656,>15.656,99.990,0.417,0.397,g
2459694.21193,2022-04-24.7119348,bm,1.55,15.635,>15.635,99.990,-0.942,0.405,g
2459694.52335,2022-04-25.0233515,bE,1.58,16.099,>16.099,99.990,0.183,0.264,g
2459694.52464,2022-04-25.0246460,bE,1.54,16.091,>16.091,99.990,0.145,0.266,g
2459694.52593,2022-04-25.0259317,bE,1.55,15.951,>15.951,99.990,0.275,0.302,g
2459695.20489,2022-04-25.7048812,bm,1.96,14.861,>14.861,99.990,2.308,0.826,g
2459695.20613,2022-04-25.7061281,bm,1.42,15.254,>15.254,99.990,-2.734,0.575,g
2459695.20737,2022-04-25.7073659,bm,1.5,15.273,>15.273,99.990,-1.745,0.565,g
2459696.25397,2022-04-26.7539673,bm,1.54,15.965,>15.965,99.990,0.573,0.299,g
2459696.25522,2022-04-26.7552187,bm,1.55,15.959,>15.959,99.990,0.217,0.300,g
2459696.25646,2022-04-26.7564548,bm,1.59,16.084,>16.084,99.990,0.477,0.268,g
2459697.20739,2022-04-27.7073711,bm,1.5,15.729,>15.729,99.990,0.774,0.371,g
2459697.20863,2022-04-27.7086107,bm,1.57,15.848,>15.848,99.990,-0.491,0.333,g
2459697.20988,2022-04-27.7098619,bm,1.57,15.718,>15.718,99.990,-0.105,0.375,g
2459697.49074,2022-04-27.9907116,bE,1.49,15.951,>15.951,99.990,0.272,0.303,g
2459697.49203,2022-04-27.9920082,bE,1.51,16.093,>16.093,99.990,0.190,0.265,g
2459697.49331,2022-04-27.9932942,bE,1.51,16.034,>16.034,99.990,0.348,0.280,g
2459698.51371,2022-04-29.0136806,bE,1.53,16.080,>16.080,99.990,0.685,0.269,g
2459698.51502,2022-04-29.0149847,bE,1.52,16.131,>16.131,99.990,0.178,0.256,g
2459698.51631,2022-04-29.0162810,bE,1.43,16.013,>16.013,99.990,0.335,0.286,g
2459699.23062,2022-04-29.7305836,bm,1.6,15.876,>15.876,99.990,0.657,0.324,g
2459699.23186,2022-04-29.7318265,bm,1.62,16.053,>16.053,99.990,0.554,0.275,g
2459699.23310,2022-04-29.7330637,bm,1.68,15.962,>15.962,99.990,0.401,0.299,g
2459699.51550,2022-04-30.0154570,bE,1.55,15.951,>15.951,99.990,0.282,0.302,g
2459699.51679,2022-04-30.0167541,bE,2.17,16.007,>16.007,99.990,0.095,0.287,g
2459700.26597,2022-04-30.7659287,bm,1.49,15.913,>15.913,99.990,0.055,0.313,g
2459700.26721,2022-04-30.7671707,bm,1.56,15.912,>15.912,99.990,0.666,0.314,g
2459701.22017,2022-05-01.7201295,bm,1.55,16.085,>16.085,99.990,0.200,0.267,g
2459701.22141,2022-05-01.7213703,bm,1.61,16.032,>16.032,99.990,0.186,0.281,g
2459701.22265,2022-05-01.7226084,bm,1.59,16.105,>16.105,99.990,0.223,0.262,g
2459702.23082,2022-05-02.7307586,bm,1.58,16.108,>16.108,99.990,1.058,0.262,g
2459702.23206,2022-05-02.7319965,bm,1.53,16.002,>16.002,99.990,0.544,0.289,g
2459702.23329,2022-05-02.7332267,bm,1.58,16.100,>16.100,99.990,0.657,0.264,g
2459702.50824,2022-05-03.0081746,bE,1.44,16.015,>16.015,99.990,0.228,0.285,g
2459703.24928,2022-05-03.7492112,bm,1.49,16.053,>16.053,99.990,0.251,0.275,g
2459703.25052,2022-05-03.7504546,bm,1.5,16.013,>16.013,99.990,0.214,0.286,g
2459703.25176,2022-05-03.7516939,bm,1.48,15.880,>15.880,99.990,0.519,0.323,g
2459704.23340,2022-05-04.7333331,bm,1.55,16.115,>16.115,99.990,0.109,0.260,g
2459704.23464,2022-05-04.7345760,bm,1.55,15.975,>15.975,99.990,0.385,0.296,g
2459704.23588,2022-05-04.7358165,bm,1.62,16.114,>16.114,99.990,0.397,0.260,g
2459704.50100,2022-05-05.0009304,bE,1.45,16.059,>16.059,99.990,0.303,0.274,g
2459704.50229,2022-05-05.0022141,bE,1.57,16.123,>16.123,99.990,0.514,0.258,g
2459705.48673,2022-05-05.9866486,bE,1.55,15.717,>15.717,99.990,0.171,0.375,g
2459705.48803,2022-05-05.9879479,bE,1.6,15.935,>15.935,99.990,0.361,0.307,g
2459705.48933,2022-05-05.9892432,bE,1.49,16.010,>16.010,99.990,0.103,0.286,g
2459706.45453,2022-05-06.9544342,bi,2.11,15.706,>15.706,99.990,0.462,0.379,g
2459706.45577,2022-05-06.9556737,bi,2.06,15.827,>15.827,99.990,0.043,0.339,g
2459706.45701,2022-05-06.9569189,bi,2.01,15.818,>15.818,99.990,0.541,0.342,g
2459708.23531,2022-05-08.7352097,bm,1.64,15.976,>15.976,99.990,0.596,0.296,g
2459708.23658,2022-05-08.7364737,bm,1.65,16.005,>16.005,99.990,0.174,0.288,g
2459708.23782,2022-05-08.7377153,bm,1.63,15.991,>15.991,99.990,0.176,0.292,g
2459708.48267,2022-05-08.9825568,bE,1.5,15.895,>15.895,99.990,0.239,0.318,g
2459708.48397,2022-05-08.9838584,bE,1.5,15.917,>15.917,99.990,0.335,0.312,g
2459708.48526,2022-05-08.9851537,bE,1.45,15.986,>15.986,99.990,0.322,0.293,g
2459709.48067,2022-05-09.9805531,bE,1.49,15.945,>15.945,99.990,0.517,0.304,g
2459709.48197,2022-05-09.9818540,bE,1.49,15.770,>15.770,99.990,0.465,0.357,g
2459709.48326,2022-05-09.9831515,bE,1.54,15.730,>15.730,99.990,0.465,0.371,g
2459710.48406,2022-05-10.9839369,bE,1.55,15.951,>15.951,99.990,0.094,0.303,g
2459710.48534,2022-05-10.9852215,bE,1.54,15.903,>15.903,99.990,0.319,0.316,g
2459710.48662,2022-05-10.9864973,bE,1.59,16.017,>16.017,99.990,0.151,0.285,g
2459711.20352,2022-05-11.7034040,bm,1.52,15.765,>15.765,99.990,0.151,0.359,g
2459711.20475,2022-05-11.7046342,bm,1.52,15.700,>15.700,99.990,0.365,0.381,g
2459711.20601,2022-05-11.7058795,bm,1.47,15.706,>15.706,99.990,0.265,0.379,g
2459712.47408,2022-05-12.9739357,bE,1.46,14.891,>14.891,99.990,-0.464,0.803,g
2459712.47537,2022-05-12.9752277,bE,1.35,14.342,>14.342,99.990,0.197,1.331,g
2459712.47666,2022-05-12.9765258,bE,1.47,14.253,>14.253,99.990,-3.195,1.445,g
2459713.23284,2022-05-13.7326937,bm,2.41,15.367,>15.367,99.990,1.063,0.518,g
2459713.47756,2022-05-13.9774196,bE,1.46,15.826,>15.826,99.990,0.502,0.339,g
2459714.47211,2022-05-14.9719557,bE,1.54,15.777,>15.777,99.990,0.492,0.355,g
2459714.47341,2022-05-14.9732554,bE,1.56,15.753,>15.753,99.990,0.100,0.363,g
2459714.47470,2022-05-14.9745432,bE,1.51,15.716,>15.716,99.990,0.561,0.376,g
2459715.19426,2022-05-15.6941015,bm,1.53,15.162,>15.162,99.990,-0.330,0.626,g
2459715.19551,2022-05-15.6953584,bm,1.6,15.272,>15.272,99.990,0.407,0.566,g
2459715.19676,2022-05-15.6966038,bm,1.49,15.728,>15.728,99.990,-1.125,0.371,g
2459716.20900,2022-05-16.7088457,bm,1.56,15.473,>15.473,99.990,0.654,0.470,g
2459716.21025,2022-05-16.7100910,bm,1.55,15.678,>15.678,99.990,0.577,0.389,g
2459716.21150,2022-05-16.7113341,bm,1.6,15.676,>15.676,99.990,0.429,0.390,g
2459716.46711,2022-05-16.9669395,bE,1.53,15.878,>15.878,99.990,-0.386,0.323,g
2459716.46840,2022-05-16.9682381,bE,1.56,15.881,>15.881,99.990,0.355,0.322,g
2459716.46969,2022-05-16.9695270,bE,1.52,16.138,>16.138,99.990,0.094,0.255,g
2459717.20856,2022-05-17.7083922,bm,1.55,15.828,>15.828,99.990,0.377,0.339,g
2459717.20982,2022-05-17.7096482,bm,1.61,15.892,>15.892,99.990,0.773,0.319,g
2459717.21106,2022-05-17.7108887,bm,1.57,15.948,>15.948,99.990,0.413,0.303,g
2459717.46205,2022-05-17.9618780,bE,1.56,16.036,>16.036,99.990,0.377,0.280,g
2459717.46335,2022-05-17.9631739,bE,1.66,16.068,>16.068,99.990,0.186,0.271,g
2459717.46465,2022-05-17.9644725,bE,1.61,16.018,>16.018,99.990,0.368,0.284,g
2459718.45606,2022-05-18.9558756,bE,1.66,15.634,>15.634,99.990,0.366,0.405,g
2459718.45735,2022-05-18.9571690,bE,1.68,15.742,>15.742,99.990,0.013,0.367,g
2459718.45865,2022-05-18.9584651,bE,1.66,15.432,>15.432,99.990,0.213,0.488,g
2459719.45100,2022-05-19.9508105,bE,1.52,15.814,>15.814,99.990,0.481,0.343,g
2459719.45228,2022-05-19.9520961,bE,1.59,16.011,>16.011,99.990,0.380,0.286,g
2459719.45358,2022-05-19.9533938,bE,1.67,16.045,>16.045,99.990,0.076,0.277,g
2459721.19595,2022-05-21.6957608,bm,2.0,15.732,>15.732,99.990,-0.133,0.370,g
2459721.19721,2022-05-21.6970052,bm,2.0,15.793,>15.793,99.990,0.071,0.350,g
2459721.19844,2022-05-21.6982424,bm,2.03,15.737,>15.737,99.990,-0.079,0.368,g
2459722.44857,2022-05-22.9483668,bE,1.96,15.840,>15.840,99.990,0.135,0.335,g
2459722.44988,2022-05-22.9496721,bE,1.7,15.944,>15.944,99.990,0.062,0.305,g
2459722.45118,2022-05-22.9509690,bE,1.65,16.078,>16.078,99.990,0.282,0.269,g
2459723.44835,2022-05-23.9481299,bE,1.72,15.804,>15.804,99.990,0.427,0.346,g
2459723.44966,2022-05-23.9494474,bE,1.66,15.936,>15.936,99.990,0.224,0.307,g
2459723.45097,2022-05-23.9507481,bE,1.65,15.884,>15.884,99.990,0.174,0.322,g
2459724.19471,2022-05-24.6944872,bm,1.49,15.534,>15.534,99.990,0.619,0.444,g
2459724.19616,2022-05-24.6959399,bm,1.5,15.624,>15.624,99.990,0.729,0.409,g
2459724.19739,2022-05-24.6971726,bm,1.57,15.698,>15.698,99.990,-0.066,0.382,g
2459726.19090,2022-05-26.6906663,bm,1.51,15.503,>15.503,99.990,-0.611,0.457,g
2459726.19215,2022-05-26.6919111,bm,1.53,15.692,>15.692,99.990,0.265,0.384,g
2459726.19338,2022-05-26.6931406,bm,1.49,15.694,>15.694,99.990,0.034,0.383,g
2459763.94804,2022-07-03.4476168,bE,1.45,15.626,>15.626,99.990,0.496,0.408,g
2459763.94934,2022-07-03.4489144,bE,1.49,15.482,>15.482,99.990,0.702,0.466,g
2459764.94569,2022-07-04.4452608,bE,1.46,15.897,>15.897,99.990,0.368,0.318,g
2459764.94699,2022-07-04.4465587,bE,1.52,15.772,>15.772,99.990,0.338,0.357,g
2459764.94827,2022-07-04.4478407,bE,1.52,15.712,>15.712,99.990,0.563,0.377,g
2459766.94500,2022-07-06.4445667,bE,1.55,16.167,>16.167,99.990,0.192,0.248,g
2459766.94630,2022-07-06.4458628,bE,1.53,15.867,>15.867,99.990,0.472,0.327,g
2459766.94760,2022-07-06.4471681,bE,1.62,15.875,>15.875,99.990,0.158,0.324,g
2459767.94729,2022-07-07.4468521,bi,1.43,15.839,>15.839,99.990,0.542,0.335,g
2459767.94853,2022-07-07.4480868,bi,1.49,15.687,>15.687,99.990,-0.344,0.386,g
2459767.94978,2022-07-07.4493438,bi,1.47,15.659,>15.659,99.990,0.316,0.396,g
2459772.92283,2022-07-12.4223802,bE,1.6,15.819,>15.819,99.990,0.632,0.342,g
2459772.92411,2022-07-12.4236599,bE,1.53,15.870,>15.870,99.990,0.202,0.326,g
2459772.92539,2022-07-12.4249472,bE,1.54,15.923,>15.923,99.990,0.422,0.310,g
2459773.93099,2022-07-13.4305450,bE,1.47,15.708,>15.708,99.990,-0.172,0.378,g
2459773.93229,2022-07-13.4318438,bE,1.44,15.729,>15.729,99.990,0.097,0.371,g
2459773.93359,2022-07-13.4331444,bE,1.58,15.664,>15.664,99.990,0.164,0.394,g
2459778.66006,2022-07-18.1596032,bm,1.61,15.748,>15.748,99.990,0.958,0.365,g
2459778.66169,2022-07-18.1612371,bm,1.59,15.783,>15.783,99.990,0.482,0.353,g
2459778.66296,2022-07-18.1625067,bm,1.64,15.767,>15.767,99.990,-0.157,0.358,g
2459791.88487,2022-07-31.3844211,bE,1.66,16.040,>16.040,99.990,0.476,0.279,g
2459791.88616,2022-07-31.3857067,bE,1.6,16.076,>16.076,99.990,0.345,0.269,g
2459791.88745,2022-07-31.3869935,bE,1.54,16.015,>16.015,99.990,0.392,0.285,g
2459792.63322,2022-08-01.1327599,bm,1.63,16.028,>16.028,99.990,0.463,0.282,g
2459792.63447,2022-08-01.1340153,bm,1.68,15.981,>15.981,99.990,0.408,0.294,g
2459792.63571,2022-08-01.1352579,bm,1.65,15.967,>15.967,99.990,0.414,0.298,g
2459792.89080,2022-08-01.3903395,bE,1.51,15.912,>15.912,99.990,0.188,0.314,g
2459792.89209,2022-08-01.3916304,bE,1.51,15.811,>15.811,99.990,0.295,0.344,g
2459792.89338,2022-08-01.3929152,bE,1.41,15.737,>15.737,99.990,-0.128,0.368,g
2459796.62333,2022-08-05.1228802,bm,1.54,15.934,>15.934,99.990,0.414,0.307,g
2459796.62457,2022-08-05.1241232,bm,1.58,15.991,>15.991,99.990,0.257,0.291,g
2459796.62581,2022-08-05.1253578,bm,1.5,15.882,>15.882,99.990,0.292,0.322,g
2459796.87272,2022-08-05.3722687,bE,1.55,15.983,>15.983,99.990,0.213,0.294,g
2459796.87402,2022-08-05.3735642,bE,1.49,16.137,>16.137,99.990,0.507,0.255,g
2459796.87532,2022-08-05.3748616,bE,1.51,16.048,>16.048,99.990,0.282,0.277,g
2459797.61990,2022-08-06.1194458,bm,1.61,15.913,>15.913,99.990,0.150,0.313,g
2459797.62115,2022-08-06.1206879,bm,1.56,15.969,>15.969,99.990,0.358,0.297,g
2459797.62248,2022-08-06.1220261,bm,1.63,16.017,>16.017,99.990,0.476,0.285,g
2459798.61631,2022-08-07.1158550,bm,1.5,15.963,>15.963,99.990,0.399,0.299,g
2459798.61754,2022-08-07.1170886,bm,1.56,15.973,>15.973,99.990,-0.089,0.296,g
2459798.61878,2022-08-07.1183259,bm,1.5,15.910,>15.910,99.990,0.293,0.314,g
2459799.88153,2022-08-08.3810767,bE,1.53,15.942,>15.942,99.990,0.494,0.305,g
2459799.88283,2022-08-08.3823753,bE,1.57,16.134,>16.134,99.990,0.441,0.256,g
2459799.88412,2022-08-08.3836649,bE,1.5,16.085,>16.085,99.990,0.544,0.267,g
2459800.61357,2022-08-09.1131181,bm,1.55,15.881,>15.881,99.990,0.228,0.322,g
2459800.61504,2022-08-09.1145931,bm,1.61,15.971,>15.971,99.990,0.362,0.297,g
2459800.61630,2022-08-09.1158468,bm,1.53,15.937,>15.937,99.990,0.419,0.306,g
2459800.87761,2022-08-09.3771591,bE,1.52,16.046,>16.046,99.990,0.165,0.277,g
2459800.87890,2022-08-09.3784512,bE,1.51,15.912,>15.912,99.990,0.425,0.313,g
2459800.88019,2022-08-09.3797346,bE,1.53,15.931,>15.931,99.990,0.153,0.308,g
2459801.62264,2022-08-10.1221989,bm,1.59,99.990,99.990,99.990,99.990,99.990,g
2459801.62437,2022-08-10.1239204,bm,1.52,14.841,>14.841,99.990,-1.945,0.841,g
2459801.62572,2022-08-10.1252723,bm,1.5,15.342,>15.342,99.990,1.963,0.530,g
2459801.86381,2022-08-10.3633596,bE,1.55,14.343,>14.343,99.990,0.462,1.330,g
2459801.86511,2022-08-10.3646599,bE,1.48,14.545,>14.545,99.990,-0.699,1.105,g
2459803.87110,2022-08-12.3706548,bE,1.52,15.645,>15.645,99.990,0.290,0.401,g
2459803.87239,2022-08-12.3719454,bE,1.79,15.581,>15.581,99.990,0.669,0.425,g
2459803.87370,2022-08-12.3732541,bE,1.56,15.629,>15.629,99.990,0.682,0.407,g
2459805.85391,2022-08-14.3534657,bE,1.6,15.757,>15.757,99.990,0.095,0.362,g
2459805.85520,2022-08-14.3547645,bE,1.43,15.790,>15.790,99.990,0.311,0.351,g
2459805.85651,2022-08-14.3560621,bE,1.42,15.737,>15.737,99.990,-0.102,0.368,g
2459806.85006,2022-08-15.3496150,bE,1.55,14.571,>14.571,99.990,-0.421,1.078,g
2459806.85135,2022-08-15.3509047,bE,1.44,15.199,>15.199,99.990,0.042,0.604,g
2459806.85265,2022-08-15.3522024,bE,1.54,15.887,>15.887,99.990,-0.291,0.321,g
2459808.59444,2022-08-17.0940092,bm,1.59,15.952,>15.952,99.990,0.400,0.302,g
2459808.59570,2022-08-17.0952666,bm,1.62,15.836,>15.836,99.990,0.050,0.336,g
2459808.59719,2022-08-17.0967664,bm,1.59,15.754,>15.754,99.990,0.270,0.363,g
2459809.84770,2022-08-18.3472689,bE,1.53,15.981,>15.981,99.990,0.371,0.294,g
2459809.84900,2022-08-18.3485695,bE,1.54,16.021,>16.021,99.990,0.409,0.283,g
2459809.85031,2022-08-18.3498759,bE,1.64,16.002,>16.002,99.990,0.307,0.289,g
2459810.83958,2022-08-19.3391513,bE,1.48,16.077,>16.077,99.990,0.368,0.269,g
2459810.84087,2022-08-19.3404350,bE,1.47,16.050,>16.050,99.990,0.213,0.276,g
2459810.84215,2022-08-19.3417222,bE,1.48,15.964,>15.964,99.990,0.137,0.299,g
2459811.89747,2022-08-20.3970496,bE,1.48,16.061,>16.061,99.990,0.639,0.273,g
2459811.89876,2022-08-20.3983333,bE,1.52,16.082,>16.082,99.990,0.359,0.268,g
2459811.90005,2022-08-20.3996223,bE,1.49,16.019,>16.019,99.990,0.258,0.284,g
2459813.58078,2022-08-22.0803549,bm,1.42,15.997,>15.997,99.990,0.261,0.290,g
2459813.58203,2022-08-22.0816017,bm,1.51,15.942,>15.942,99.990,0.415,0.305,g
2459813.58328,2022-08-22.0828555,bm,1.52,15.932,>15.932,99.990,0.576,0.308,g
2459813.88782,2022-08-22.3874024,bE,1.45,15.935,>15.935,99.990,0.180,0.307,g
2459813.88913,2022-08-22.3887077,bE,1.49,16.043,>16.043,99.990,0.438,0.278,g
2459813.89043,2022-08-22.3900070,bE,1.52,15.920,>15.920,99.990,0.423,0.311,g
2459814.57350,2022-08-23.0730795,bm,1.62,16.229,>16.229,99.990,0.127,0.234,g
2459814.57474,2022-08-23.0743188,bm,1.5,15.845,>15.845,99.990,0.173,0.333,g
2459814.57599,2022-08-23.0755690,bm,1.57,15.980,>15.980,99.990,0.129,0.295,g
2459814.83734,2022-08-23.3369281,bE,1.52,16.020,>16.020,99.990,0.323,0.284,g
2459814.83865,2022-08-23.3382292,bE,1.47,15.987,>15.987,99.990,0.258,0.293,g
2459814.83996,2022-08-23.3395378,bE,1.5,16.003,>16.003,99.990,0.367,0.288,g
2459815.56925,2022-08-24.0688398,bm,1.78,16.110,>16.110,99.990,0.079,0.261,g
2459815.57134,2022-08-24.0709398,bm,1.75,15.976,>15.976,99.990,0.190,0.295,g
2459816.85753,2022-08-25.3571273,bE,1.53,16.025,>16.025,99.990,0.345,0.283,g
2459816.85882,2022-08-25.3584166,bE,1.49,16.082,>16.082,99.990,0.315,0.268,g
2459816.86011,2022-08-25.3597016,bE,1.49,16.041,>16.041,99.990,0.141,0.278,g
2459817.82655,2022-08-26.3261396,bE,1.57,99.990,99.990,99.990,99.990,99.990,g
2459817.82784,2022-08-26.3274310,bE,1.8,99.990,99.990,99.990,99.990,99.990,g
2459817.82913,2022-08-26.3287217,bE,1.67,99.990,99.990,99.990,99.990,99.990,g
2459818.81286,2022-08-27.3124609,bE,1.44,16.073,>16.073,99.990,0.466,0.270,g
2459818.81416,2022-08-27.3137587,bE,1.57,16.002,>16.002,99.990,0.329,0.289,g
2459818.81545,2022-08-27.31505,bE,1.53,15.959,>15.959,99.990,0.131,0.300,g
2459819.85355,2022-08-28.3531486,bE,1.52,16.030,>16.030,99.990,0.579,0.281,g
2459819.85486,2022-08-28.3544607,bE,1.46,16.021,>16.021,99.990,0.327,0.284,g
2459819.85615,2022-08-28.3557535,bE,1.51,16.095,>16.095,99.990,0.486,0.265,g
2459820.55429,2022-08-29.0538950,bm,1.66,15.933,>15.933,99.990,0.451,0.307,g
2459820.55553,2022-08-29.0551355,bm,1.67,15.964,>15.964,99.990,0.022,0.299,g
2459820.55677,2022-08-29.0563773,bm,1.65,16.182,>16.182,99.990,0.036,0.244,g
2459820.85101,2022-08-29.3506179,bE,1.52,16.073,>16.073,99.990,0.343,0.270,g
2459820.85231,2022-08-29.3519115,bE,1.54,16.028,>16.028,99.990,0.409,0.282,g
2459820.85362,2022-08-29.3532203,bE,1.52,16.055,>16.055,99.990,0.300,0.275,g
2459821.84337,2022-08-30.3429837,bE,1.49,16.025,>16.025,99.990,0.439,0.282,g
2459821.84466,2022-08-30.3442709,bE,1.47,15.922,>15.922,99.990,0.412,0.311,g
2459821.84596,2022-08-30.3455689,bE,1.47,16.030,>16.030,99.990,0.349,0.281,g
2459822.81382,2022-08-31.3134329,bE,1.53,16.155,>16.155,99.990,0.621,0.251,g
2459822.81511,2022-08-31.3147259,bE,1.53,15.894,>15.894,99.990,0.431,0.319,g
2459822.81641,2022-08-31.3160240,bE,1.45,15.969,>15.969,99.990,0.352,0.297,g
2459823.81459,2022-09-01.3142100,bE,1.47,15.974,>15.974,99.990,0.178,0.296,g
2459823.81590,2022-09-01.3155135,bE,1.5,15.978,>15.978,99.990,0.261,0.295,g
2459823.81720,2022-09-01.3168152,bE,1.55,16.092,>16.092,99.990,0.524,0.266,g
2459824.81495,2022-09-02.3145782,bE,1.55,16.033,>16.033,99.990,0.487,0.281,g
2459824.81626,2022-09-02.3158839,bE,1.53,15.927,>15.927,99.990,0.254,0.309,g
2459824.81755,2022-09-02.3171711,bE,1.5,15.992,>15.992,99.990,0.641,0.291,g
2459825.61570,2022-09-03.1153385,bm,1.5,15.950,>15.950,99.990,0.392,0.303,g
2459825.61696,2022-09-03.1165898,bm,1.52,16.025,>16.025,99.990,0.280,0.282,g
2459825.61820,2022-09-03.1178293,bm,1.53,15.884,>15.884,99.990,0.568,0.322,g
2459825.88280,2022-09-03.3824276,bE,1.51,16.002,>16.002,99.990,0.243,0.288,g
2459826.57680,2022-09-04.0764384,bm,1.58,15.959,>15.959,99.990,0.052,0.300,g
2459826.80768,2022-09-04.3073185,bE,1.6,16.027,>16.027,99.990,0.250,0.282,g
2459826.80898,2022-09-04.3086170,bE,1.57,16.158,>16.158,99.990,0.263,0.250,g
2459826.81027,2022-09-04.3099057,bE,1.54,16.070,>16.070,99.990,0.368,0.271,g
2459827.80389,2022-09-05.303525,bE,1.52,15.954,>15.954,99.990,0.372,0.301,g
2459827.80519,2022-09-05.3048307,bE,1.49,15.954,>15.954,99.990,0.231,0.302,g
2459827.80648,2022-09-05.3061285,bE,1.53,15.989,>15.989,99.990,0.409,0.292,g
2459827.89570,2022-09-05.3953353,bE,1.42,16.090,>16.090,99.990,0.380,0.266,g
2459827.89698,2022-09-05.3966281,bE,1.51,16.059,>16.059,99.990,0.287,0.274,g
2459827.89826,2022-09-05.3979045,bE,1.53,15.980,>15.980,99.990,0.306,0.294,g
2459828.80034,2022-09-06.2999876,bE,1.48,15.977,>15.977,99.990,0.560,0.295,g
2459828.80164,2022-09-06.3012855,bE,1.52,15.877,>15.877,99.990,0.356,0.324,g
2459828.80292,2022-09-06.3025699,bE,1.56,15.917,>15.917,99.990,0.153,0.312,g
2459829.63810,2022-09-07.1377550,bm,1.5,16.013,>16.013,99.990,0.457,0.286,g
2459829.63936,2022-09-07.1390089,bm,1.49,16.015,>16.015,99.990,0.504,0.285,g
2459829.64061,2022-09-07.1402548,bm,1.49,16.029,>16.029,99.990,0.559,0.281,g
2459829.81902,2022-09-07.3186646,bi,1.56,15.822,>15.822,99.990,0.768,0.341,g
2459829.82027,2022-09-07.3199254,bi,1.49,15.970,>15.970,99.990,0.228,0.297,g
2459829.82153,2022-09-07.3211824,bi,1.45,15.856,>15.856,99.990,0.568,0.330,g
2459829.90111,2022-09-07.4007574,bE,1.6,16.110,>16.110,99.990,0.341,0.261,g
2459829.90242,2022-09-07.4020674,bE,1.5,15.975,>15.975,99.990,0.346,0.296,g
2459829.90372,2022-09-07.4033702,bE,1.46,15.953,>15.953,99.990,0.494,0.302,g
2459830.52717,2022-09-08.0268296,bm,2.07,15.585,>15.585,99.990,0.468,0.424,g
2459830.52843,2022-09-08.0280821,bm,2.05,15.544,>15.544,99.990,0.292,0.440,g
2459830.79699,2022-09-08.2966464,bE,1.51,15.812,>15.812,99.990,0.590,0.344,g
2459830.79829,2022-09-08.2979486,bE,1.58,15.673,>15.673,99.990,0.557,0.391,g
2459830.79958,2022-09-08.2992307,bE,1.5,15.719,>15.719,99.990,0.189,0.375,g
2459831.78950,2022-09-09.2891638,bE,1.55,15.764,>15.764,99.990,0.300,0.359,g
2459831.79080,2022-09-09.2904571,bE,1.48,15.824,>15.824,99.990,0.549,0.340,g
2459831.79209,2022-09-09.2917495,bE,1.58,15.704,>15.704,99.990,0.029,0.380,g
2459833.53333,2022-09-11.0329965,bm,1.51,14.200,>14.200,99.990,-3.901,1.518,g
2459833.81390,2022-09-11.3135687,bE,2.2,15.642,>15.642,99.990,0.395,0.402,g
2459833.81519,2022-09-11.3148650,bE,2.16,15.747,>15.747,99.990,0.666,0.365,g
2459833.81651,2022-09-11.3161756,bE,2.21,15.704,>15.704,99.990,0.328,0.380,g
2459834.79358,2022-09-12.2932547,bE,1.62,15.816,>15.816,99.990,0.310,0.342,g
2459834.79487,2022-09-12.2945418,bE,1.6,15.792,>15.792,99.990,-0.069,0.350,g
2459834.79617,2022-09-12.2958450,bE,1.62,15.727,>15.727,99.990,0.415,0.372,g
2459835.51268,2022-09-13.0123663,bm,1.53,15.558,>15.558,99.990,-0.462,0.434,g
2459835.51394,2022-09-13.0136163,bm,1.57,15.539,>15.539,99.990,0.239,0.442,g
2459835.51518,2022-09-13.0148583,bm,1.45,15.526,>15.526,99.990,-0.292,0.447,g
2459835.61615,2022-09-13.1158320,bm,1.55,15.749,>15.749,99.990,0.215,0.364,g
2459835.61739,2022-09-13.1170703,bm,1.56,15.767,>15.767,99.990,0.710,0.358,g
2459835.61863,2022-09-13.1183099,bm,1.55,15.635,>15.635,99.990,0.068,0.405,g
2459835.76818,2022-09-13.2678650,bi,1.42,15.818,>15.818,99.990,0.555,0.342,g
2459835.76944,2022-09-13.2691181,bi,1.39,15.685,>15.685,99.990,0.108,0.387,g
2459835.77069,2022-09-13.2703737,bi,1.42,15.366,>15.366,99.990,1.674,0.519,g
2459835.90954,2022-09-13.4092228,bE,1.59,14.024,>14.024,99.990,2.377,1.785,g
2459835.91084,2022-09-13.4105218,bE,1.64,14.678,>14.678,99.990,1.309,0.977,g
2459836.52244,2022-09-14.0221247,bm,1.71,15.801,>15.801,99.990,0.191,0.347,g
2459836.52369,2022-09-14.0233709,bm,1.7,15.666,>15.666,99.990,0.874,0.393,g
2459836.52493,2022-09-14.0246186,bm,1.66,15.694,>15.694,99.990,-0.364,0.383,g
2459836.76773,2022-09-14.2674194,bE,1.53,15.844,>15.844,99.990,0.757,0.334,g
2459836.76902,2022-09-14.2687027,bE,1.53,15.923,>15.923,99.990,-0.141,0.310,g
2459836.77032,2022-09-14.2700034,bE,1.54,15.908,>15.908,99.990,0.309,0.315,g
2459836.84538,2022-09-14.3450745,bi,1.45,15.720,>15.720,99.990,0.470,0.374,g
2459836.84664,2022-09-14.3463221,bi,1.49,15.962,>15.962,99.990,0.267,0.299,g
2459836.84788,2022-09-14.3475652,bi,1.46,15.861,>15.861,99.990,0.668,0.329,g
2459836.89594,2022-09-14.3956210,bE,1.56,16.112,>16.112,99.990,0.341,0.261,g
2459836.89723,2022-09-14.3969206,bE,1.49,15.880,>15.880,99.990,0.355,0.323,g
2459836.89851,2022-09-14.3981947,bE,1.54,15.963,>15.963,99.990,0.247,0.299,g
2459837.52815,2022-09-15.0278427,bm,2.15,15.701,>15.701,99.990,0.002,0.381,g
2459837.52940,2022-09-15.0290950,bm,2.13,15.766,>15.766,99.990,-0.047,0.359,g
2459837.53064,2022-09-15.0303347,bm,2.13,15.964,>15.964,99.990,0.130,0.299,g
2459837.76576,2022-09-15.2654504,bE,1.52,15.973,>15.973,99.990,0.513,0.296,g
2459837.76705,2022-09-15.2667363,bE,1.44,15.928,>15.928,99.990,0.443,0.309,g
2459837.76835,2022-09-15.2680387,bE,1.47,15.929,>15.929,99.990,0.137,0.309,g
2459837.85741,2022-09-15.3571118,bi,1.46,15.981,>15.981,99.990,0.319,0.294,g
2459837.85866,2022-09-15.3583641,bi,1.54,16.029,>16.029,99.990,0.077,0.281,g
2459838.49683,2022-09-15.9965339,bm,2.3,99.990,99.990,99.990,99.990,99.990,g
2459838.49807,2022-09-15.9977709,bm,2.29,99.990,99.990,99.990,99.990,99.990,g
2459838.49932,2022-09-15.9990175,bm,2.33,99.990,99.990,99.990,99.990,99.990,g
2459838.64955,2022-09-16.1492446,bm,2.05,15.751,>15.751,99.990,0.337,0.364,g
2459838.65079,2022-09-16.1504853,bm,2.04,15.714,>15.714,99.990,-0.066,0.376,g
2459838.65203,2022-09-16.151725,bm,2.05,15.756,>15.756,99.990,0.194,0.362,g
2459838.80729,2022-09-16.3069883,bi,1.53,16.028,>16.028,99.990,0.271,0.282,g
2459838.80853,2022-09-16.3082289,bi,1.52,15.977,>15.977,99.990,0.090,0.295,g
2459838.80977,2022-09-16.3094674,bi,1.53,15.770,>15.770,99.990,0.521,0.357,g
2459838.89744,2022-09-16.3971369,bE,1.46,14.788,>14.788,99.990,0.215,0.883,g
2459838.89872,2022-09-16.3984215,bE,1.43,15.028,>15.028,99.990,-0.310,0.708,g
2459839.50400,2022-09-17.0037156,bm,1.68,15.346,>15.346,99.990,0.207,0.528,g
2459839.50523,2022-09-17.0049429,bm,1.65,15.608,>15.608,99.990,0.005,0.415,g
2459839.50649,2022-09-17.0061870,bm,1.65,14.402,>14.402,99.990,-0.644,1.260,g
2459839.85983,2022-09-17.3595281,bE,1.48,15.585,>15.585,99.990,-0.130,0.424,g
2459839.86111,2022-09-17.3608189,bE,1.49,15.600,>15.600,99.990,0.816,0.418,g
2459839.86241,2022-09-17.3621163,bE,1.47,15.477,>15.477,99.990,0.000,0.468,g
2459840.76303,2022-09-18.2627392,bE,1.54,16.031,>16.031,99.990,0.421,0.281,g
2459840.76435,2022-09-18.2640552,bE,1.5,15.966,>15.966,99.990,0.112,0.298,g
2459840.76564,2022-09-18.2653460,bE,1.43,15.990,>15.990,99.990,0.150,0.292,g
2459841.76734,2022-09-19.2670600,bE,1.51,16.028,>16.028,99.990,0.242,0.282,g
2459841.76865,2022-09-19.2683638,bE,1.53,16.021,>16.021,99.990,0.273,0.284,g
2459841.76992,2022-09-19.2696354,bE,1.49,15.985,>15.985,99.990,0.290,0.293,g
2459842.81643,2022-09-20.3161480,bE,1.51,15.988,>15.988,99.990,0.074,0.292,g
2459842.81774,2022-09-20.3174576,bE,1.45,15.994,>15.994,99.990,0.523,0.291,g
2459842.81903,2022-09-20.3187556,bE,1.49,15.935,>15.935,99.990,0.290,0.307,g
2459843.74467,2022-09-21.2444013,bE,1.46,16.216,>16.216,99.990,0.165,0.237,g
2459843.74597,2022-09-21.2457031,bE,1.46,16.087,>16.087,99.990,0.164,0.267,g
2459844.75252,2022-09-22.2522667,bE,1.51,16.006,>16.006,99.990,0.249,0.287,g
2459844.75381,2022-09-22.2535535,bE,1.51,16.057,>16.057,99.990,0.350,0.274,g
2459844.75512,2022-09-22.2548636,bE,1.52,16.001,>16.001,99.990,0.291,0.289,g
2459845.79217,2022-09-23.2919096,bi,1.49,16.073,>16.073,99.990,0.626,0.270,g
2459845.79342,2022-09-23.2931560,bi,1.45,15.905,>15.905,99.990,0.296,0.315,g
2459845.79466,2022-09-23.2943976,bi,1.46,15.930,>15.930,99.990,0.278,0.308,g
2459846.47507,2022-09-23.9748162,bm,1.49,16.129,>16.129,99.990,0.269,0.257,g
2459846.47631,2022-09-23.9760612,bm,1.47,15.941,>15.941,99.990,0.600,0.305,g
2459846.47756,2022-09-23.9773137,bm,1.43,16.060,>16.060,99.990,0.312,0.273,g
2459846.55888,2022-09-24.0586274,bm,1.5,15.784,>15.784,99.990,-0.047,0.353,g
2459846.56012,2022-09-24.0598725,bm,1.5,15.970,>15.970,99.990,0.198,0.297,g
2459846.56137,2022-09-24.0611237,bm,1.51,15.832,>15.832,99.990,0.413,0.337,g
2459846.74196,2022-09-24.2417100,bE,1.5,16.034,>16.034,99.990,0.182,0.280,g
2459846.74326,2022-09-24.2430131,bE,1.43,15.923,>15.923,99.990,0.432,0.310,g
2459846.74455,2022-09-24.2443034,bE,1.5,16.020,>16.020,99.990,0.379,0.284,g
2459847.79161,2022-09-25.2913622,bE,1.51,16.051,>16.051,99.990,0.605,0.276,g
2459847.79291,2022-09-25.2926664,bE,1.5,16.011,>16.011,99.990,0.256,0.286,g
2459847.79421,2022-09-25.2939641,bE,1.53,16.223,>16.223,99.990,0.310,0.236,g
2459848.74818,2022-09-26.2479384,bE,1.51,16.091,>16.091,99.990,0.109,0.266,g
2459849.47483,2022-09-26.9746027,bm,1.51,15.927,>15.927,99.990,0.339,0.309,g
2459849.47607,2022-09-26.9758456,bm,1.54,15.933,>15.933,99.990,0.600,0.308,g
2459849.47731,2022-09-26.9770873,bm,1.54,15.813,>15.813,99.990,0.539,0.343,g
2459849.76640,2022-09-27.2661651,bE,1.45,16.029,>16.029,99.990,0.353,0.281,g
2459849.76769,2022-09-27.2674579,bE,1.47,14.477,>14.477,99.990,0.410,1.176,g
2459850.53542,2022-09-28.0351972,bm,1.65,16.223,>16.223,99.990,0.034,0.235,g
2459850.53667,2022-09-28.0364510,bm,1.68,15.971,>15.971,99.990,0.080,0.297,g
2459850.53791,2022-09-28.0376917,bm,1.68,16.246,>16.246,99.990,0.399,0.230,g
2459851.73064,2022-09-29.2304194,bE,1.49,16.072,>16.072,99.990,0.151,0.271,g
2459851.73194,2022-09-29.2317248,bE,1.6,15.955,>15.955,99.990,0.294,0.301,g
2459851.73324,2022-09-29.2330200,bE,1.47,15.924,>15.924,99.990,0.156,0.310,g
2459851.88976,2022-09-29.3895386,bi,1.56,16.100,>16.100,99.990,0.315,0.264,g
2459851.89101,2022-09-29.3907863,bi,1.59,16.067,>16.067,99.990,0.049,0.272,g
2459851.89224,2022-09-29.3920232,bi,1.47,16.037,>16.037,99.990,0.255,0.279,g
2459852.46477,2022-09-29.9645505,bm,2.18,14.270,>14.270,99.990,2.006,1.424,g
2459852.46600,2022-09-29.9657894,bm,2.16,15.599,>15.599,99.990,0.123,0.418,g
2459852.46724,2022-09-29.9670277,bm,2.16,15.106,>15.106,99.990,0.817,0.659,g
2459853.55080,2022-10-01.0505971,bm,1.53,15.807,>15.807,99.990,0.088,0.345,g
2459853.55204,2022-10-01.0518365,bm,1.53,15.670,>15.670,99.990,-0.320,0.392,g
2459853.55329,2022-10-01.0530923,bm,1.55,15.715,>15.715,99.990,-0.132,0.376,g
2459853.73072,2022-10-01.2305170,bE,1.55,16.140,>16.140,99.990,0.323,0.254,g
2459853.73203,2022-10-01.2318179,bE,1.52,15.955,>15.955,99.990,0.313,0.301,g
2459853.73333,2022-10-01.2331225,bE,1.47,15.970,>15.970,99.990,0.249,0.297,g
2459853.88691,2022-10-01.3867067,bi,1.41,15.949,>15.949,99.990,0.402,0.303,g
2459853.88815,2022-10-01.3879461,bi,1.44,16.033,>16.033,99.990,0.253,0.281,g
2459853.88940,2022-10-01.3892002,bi,1.5,15.907,>15.907,99.990,0.326,0.315,g
2459854.72608,2022-10-02.2258851,bE,1.53,16.078,>16.078,99.990,0.644,0.269,g
2459854.72737,2022-10-02.2271783,bE,1.5,16.082,>16.082,99.990,0.410,0.268,g
2459854.72866,2022-10-02.2284619,bE,1.51,15.997,>15.997,99.990,0.120,0.290,g
2459854.87332,2022-10-02.3731214,bE,1.49,15.954,>15.954,99.990,0.486,0.302,g
2459854.87461,2022-10-02.3744108,bE,1.54,16.000,>16.000,99.990,0.358,0.289,g
2459854.87590,2022-10-02.3757068,bE,1.5,15.924,>15.924,99.990,0.260,0.310,g
2459855.45564,2022-10-02.9554547,bm,1.98,15.966,>15.966,99.990,-0.412,0.298,g
2459855.45727,2022-10-02.9570849,bm,1.98,16.162,>16.162,99.990,0.243,0.249,g
2459855.45878,2022-10-02.9585936,bm,2.0,15.918,>15.918,99.990,-0.042,0.312,g
2459855.57907,2022-10-03.0788888,bm,1.55,16.025,>16.025,99.990,0.299,0.282,g
2459855.58036,2022-10-03.0801751,bm,1.56,16.069,>16.069,99.990,0.353,0.271,g
2459855.72355,2022-10-03.2233668,bE,1.48,16.089,>16.089,99.990,0.545,0.266,g
2459855.72484,2022-10-03.2246502,bE,1.53,15.974,>15.974,99.990,0.340,0.296,g
2459855.72613,2022-10-03.2259386,bE,1.49,15.956,>15.956,99.990,0.354,0.301,g
2459856.63949,2022-10-04.1393040,bm,1.51,15.476,>15.476,99.990,0.205,0.469,g
2459856.88948,2022-10-04.3893025,bE,1.49,16.002,>16.002,99.990,0.367,0.288,g
2459856.89077,2022-10-04.3905887,bE,1.59,15.899,>15.899,99.990,0.349,0.317,g
2459856.89209,2022-10-04.3919018,bE,1.53,15.919,>15.919,99.990,0.558,0.312,g
2459857.44913,2022-10-04.9489597,bm,1.57,15.863,>15.863,99.990,0.216,0.328,g
2459857.45038,2022-10-04.9502030,bm,1.53,15.817,>15.817,99.990,0.195,0.342,g
2459857.45162,2022-10-04.9514446,bm,1.51,15.834,>15.834,99.990,-0.380,0.337,g
2459857.58443,2022-10-05.0842600,bm,1.48,16.019,>16.019,99.990,0.458,0.284,g
2459857.58567,2022-10-05.0855023,bm,1.55,15.983,>15.983,99.990,0.393,0.294,g
2459857.58690,2022-10-05.0867313,bm,1.48,15.962,>15.962,99.990,0.143,0.299,g
2459858.46666,2022-10-05.9664888,bm,1.58,15.868,>15.868,99.990,0.098,0.326,g
2459858.46806,2022-10-05.9678925,bm,1.58,15.725,>15.725,99.990,0.419,0.372,g
2459858.46938,2022-10-05.9692144,bm,1.47,15.730,>15.730,99.990,0.505,0.371,g
2459858.72058,2022-10-06.2204196,bi,1.47,15.761,>15.761,99.990,0.177,0.360,g
2459858.72185,2022-10-06.2216773,bi,1.43,15.893,>15.893,99.990,0.297,0.319,g
2459858.72310,2022-10-06.2229259,bi,1.43,15.842,>15.842,99.990,0.250,0.334,g
2459859.45481,2022-10-06.9546465,bm,1.7,13.848,>13.848,99.990,-0.488,2.099,g
2459859.45605,2022-10-06.9558871,bm,1.58,99.990,99.990,99.990,99.990,99.990,g
2459859.45730,2022-10-06.9571331,bm,1.58,99.990,99.990,99.990,99.990,99.990,g
2459859.68964,2022-10-07.1894785,bi,1.42,15.759,>15.759,99.990,0.032,0.361,g
2459859.69089,2022-10-07.1907295,bi,1.45,15.746,>15.746,99.990,0.394,0.365,g
2459859.69213,2022-10-07.1919693,bi,1.5,15.683,>15.683,99.990,0.105,0.387,g
2459860.47111,2022-10-07.9709552,bm,1.63,15.622,>15.622,99.990,0.754,0.410,g
2459860.47236,2022-10-07.9722005,bm,1.71,15.555,>15.555,99.990,0.700,0.436,g
2459860.47360,2022-10-07.9734439,bm,1.64,15.542,>15.542,99.990,-0.251,0.441,g
2459860.60032,2022-10-08.1001620,bm,1.63,15.910,>15.910,99.990,-0.074,0.314,g
2459860.60157,2022-10-08.1014180,bm,1.67,15.744,>15.744,99.990,0.605,0.366,g
2459860.60282,2022-10-08.1026650,bm,1.73,15.691,>15.691,99.990,-0.328,0.384,g
2459860.70172,2022-10-08.2015690,bi,1.47,15.715,>15.715,99.990,0.263,0.376,g
2459860.70295,2022-10-08.2028039,bi,1.49,15.684,>15.684,99.990,0.364,0.387,g
2459860.70420,2022-10-08.2040472,bi,1.46,15.643,>15.643,99.990,0.507,0.402,g
2459861.74930,2022-10-09.2491635,bE,1.53,15.598,>15.598,99.990,0.724,0.419,g
2459861.75060,2022-10-09.2504525,bE,1.45,15.813,>15.813,99.990,-0.042,0.344,g
2459861.75188,2022-10-09.2517409,bE,1.47,15.701,>15.701,99.990,0.488,0.381,g
2459862.75170,2022-10-10.2515604,bi,1.45,15.665,>15.665,99.990,1.182,0.394,g
2459862.75294,2022-10-10.2528009,bi,1.41,15.606,>15.606,99.990,0.417,0.416,g
2459862.75417,2022-10-10.2540333,bi,1.48,15.573,>15.573,99.990,0.395,0.428,g
2459864.67230,2022-10-12.1721797,bi,1.48,14.627,>14.627,99.990,0.615,1.024,g
2459864.67354,2022-10-12.1734201,bi,1.46,14.506,>14.506,99.990,-0.160,1.145,g
2459864.67480,2022-10-12.1746783,bi,1.5,15.136,>15.136,99.990,0.534,0.641,g
2459864.88055,2022-10-12.3804395,bi,1.46,15.817,>15.817,99.990,0.380,0.342,g
2459864.88178,2022-10-12.3816686,bi,1.48,15.829,>15.829,99.990,-0.243,0.338,g
2459864.88302,2022-10-12.3829104,bi,1.56,15.856,>15.856,99.990,0.399,0.330,g
2459866.43455,2022-10-13.9344339,bm,2.05,15.702,>15.702,99.990,-0.291,0.380,g
2459866.43580,2022-10-13.9356877,bm,2.05,15.777,>15.777,99.990,0.060,0.355,g
2459866.43703,2022-10-13.9369134,bm,2.08,15.762,>15.762,99.990,0.137,0.360,g
2459866.67713,2022-10-14.1770252,bE,1.5,15.831,>15.831,99.990,0.253,0.338,g
2459866.67843,2022-10-14.1783232,bE,1.48,16.004,>16.004,99.990,0.016,0.288,g
2459866.67973,2022-10-14.1796208,bE,1.46,15.943,>15.943,99.990,0.479,0.305,g
2459867.80060,2022-10-15.3004956,bE,1.55,16.014,>16.014,99.990,0.144,0.285,g
2459867.80188,2022-10-15.3017836,bE,1.51,15.881,>15.881,99.990,0.320,0.322,g
2459867.80317,2022-10-15.3030704,bE,1.55,15.951,>15.951,99.990,0.495,0.302,g
2459868.66486,2022-10-16.1647630,bE,1.51,16.019,>16.019,99.990,0.397,0.284,g
2459868.66615,2022-10-16.1660539,bE,1.51,15.968,>15.968,99.990,0.423,0.298,g
2459868.66744,2022-10-16.1673527,bE,1.43,16.085,>16.085,99.990,0.577,0.267,g
2459868.86757,2022-10-16.3674805,bE,1.56,16.120,>16.120,99.990,0.250,0.259,g
2459868.86886,2022-10-16.3687711,bE,1.62,15.964,>15.964,99.990,0.364,0.299,g
2459868.87015,2022-10-16.3700543,bE,1.58,15.934,>15.934,99.990,0.131,0.307,g
2459869.69867,2022-10-17.1985940,bi,1.42,16.121,>16.121,99.990,0.341,0.259,g
2459869.69993,2022-10-17.1998498,bi,1.44,16.011,>16.011,99.990,0.379,0.286,g
2459869.70117,2022-10-17.2010961,bi,1.38,15.929,>15.929,99.990,0.143,0.309,g
2459869.87995,2022-10-17.3798710,bE,1.57,15.883,>15.883,99.990,0.294,0.322,g
2459869.88125,2022-10-17.3811673,bE,1.49,15.964,>15.964,99.990,-0.046,0.299,g
2459869.88255,2022-10-17.3824613,bE,1.59,15.898,>15.898,99.990,0.357,0.318,g
2459870.47719,2022-10-17.9771164,bm,2.08,16.289,>16.289,99.990,0.126,0.222,g
2459870.47845,2022-10-17.9783711,bm,2.07,16.075,>16.075,99.990,0.058,0.270,g
2459870.47970,2022-10-17.9796246,bm,2.05,16.357,>16.357,99.990,0.177,0.208,g
2459870.67592,2022-10-18.1758399,bi,1.49,16.026,>16.026,99.990,0.399,0.282,g
2459870.67718,2022-10-18.1770996,bi,1.44,15.960,>15.960,99.990,0.586,0.300,g
2459870.67844,2022-10-18.1783577,bi,1.47,16.051,>16.051,99.990,0.609,0.276,g
2459871.41801,2022-10-18.9179314,bm,2.31,99.990,99.990,99.990,99.990,99.990,g
2459871.41925,2022-10-18.9191739,bm,2.33,99.990,99.990,99.990,99.990,99.990,g
2459871.42049,2022-10-18.9204146,bm,2.26,15.969,>15.969,99.990,0.257,0.297,g
2459871.71941,2022-10-19.2193381,bE,1.52,16.070,>16.070,99.990,0.074,0.271,g
2459871.72072,2022-10-19.2206488,bE,1.49,15.963,>15.963,99.990,0.484,0.299,g
2459871.72201,2022-10-19.2219468,bE,1.5,16.024,>16.024,99.990,0.390,0.283,g
2459872.68275,2022-10-20.1826952,bE,1.6,15.951,>15.951,99.990,0.379,0.303,g
2459872.68404,2022-10-20.1839807,bE,1.57,15.869,>15.869,99.990,0.269,0.326,g
2459872.68532,2022-10-20.1852653,bE,1.47,15.973,>15.973,99.990,0.459,0.296,g
2459872.87387,2022-10-20.3738122,bE,1.51,15.816,>15.816,99.990,0.305,0.342,g
2459872.87518,2022-10-20.3751152,bE,1.5,15.977,>15.977,99.990,0.392,0.295,g
2459872.87645,2022-10-20.3763865,bE,1.46,15.925,>15.925,99.990,0.335,0.310,g
2459873.62194,2022-10-21.1218858,bm,2.21,99.990,99.990,99.990,99.990,99.990,g
2459873.62319,2022-10-21.1231383,bm,2.24,99.990,99.990,99.990,99.990,99.990,g
2459874.71529,2022-10-22.2152378,bE,1.5,15.957,>15.957,99.990,0.302,0.301,g
2459874.71658,2022-10-22.2165342,bE,1.53,16.050,>16.050,99.990,0.251,0.276,g
2459874.71787,2022-10-22.2178327,bE,1.49,15.980,>15.980,99.990,0.546,0.295,g
2459876.54615,2022-10-24.0461144,bm,1.64,15.910,>15.910,99.990,0.015,0.314,g
2459876.54739,2022-10-24.0473564,bm,1.66,15.982,>15.982,99.990,0.390,0.294,g
2459876.54862,2022-10-24.0485870,bm,1.63,16.254,>16.254,99.990,0.809,0.229,g
2459876.70544,2022-10-24.2054100,bE,1.48,15.936,>15.936,99.990,0.331,0.307,g
2459876.70674,2022-10-24.2067085,bE,1.47,16.056,>16.056,99.990,0.612,0.275,g
2459876.70802,2022-10-24.2079936,bE,1.47,16.056,>16.056,99.990,0.277,0.274,g
2459876.86804,2022-10-24.3680043,bE,1.51,16.030,>16.030,99.990,0.509,0.281,g
2459876.86932,2022-10-24.3692945,bE,1.5,15.936,>15.936,99.990,0.163,0.307,g
2459876.87061,2022-10-24.3705819,bE,1.46,15.911,>15.911,99.990,0.072,0.314,g
2459877.39820,2022-10-24.8981728,bm,1.58,15.908,>15.908,99.990,0.627,0.315,g
2459877.39944,2022-10-24.8994162,bm,1.44,15.979,>15.979,99.990,0.547,0.295,g
2459877.40068,2022-10-24.9006572,bm,1.51,15.915,>15.915,99.990,0.298,0.313,g
2459877.54293,2022-10-25.0429100,bm,1.52,15.506,>15.506,99.990,-0.821,0.456,g
2459877.54417,2022-10-25.0441505,bm,1.53,15.170,>15.170,99.990,0.376,0.621,g
2459877.54541,2022-10-25.0453924,bm,1.56,15.678,>15.678,99.990,-0.745,0.389,g
2459877.67175,2022-10-25.1717341,bi,1.44,15.991,>15.991,99.990,0.465,0.291,g
2459877.67300,2022-10-25.1729829,bi,1.45,15.994,>15.994,99.990,0.290,0.291,g
2459877.67424,2022-10-25.1742224,bi,1.44,15.977,>15.977,99.990,0.557,0.295,g
2459878.39878,2022-10-25.8987638,bm,1.56,15.712,>15.712,99.990,-0.194,0.377,g
2459878.40003,2022-10-25.9000173,bm,1.45,15.797,>15.797,99.990,-0.115,0.348,g
2459878.40127,2022-10-25.9012524,bm,1.51,15.573,>15.573,99.990,0.100,0.428,g
2459878.54398,2022-10-26.0439694,bm,1.58,15.979,>15.979,99.990,0.476,0.295,g
2459878.54523,2022-10-26.0452145,bm,1.49,15.863,>15.863,99.990,0.398,0.328,g
2459878.54647,2022-10-26.0464518,bm,1.56,15.949,>15.949,99.990,0.451,0.303,g
2459878.72332,2022-10-26.2233039,bE,1.54,15.953,>15.953,99.990,0.363,0.302,g
2459878.72461,2022-10-26.2246031,bE,1.56,16.090,>16.090,99.990,0.256,0.266,g
2459878.72591,2022-10-26.2258988,bE,1.55,16.153,>16.153,99.990,0.461,0.251,g
2459879.50634,2022-10-27.0063410,bm,1.54,15.882,>15.882,99.990,0.428,0.322,g
2459879.50884,2022-10-27.0088328,bm,1.62,16.129,>16.129,99.990,0.520,0.257,g
2459879.77341,2022-10-27.2734060,bE,1.47,16.076,>16.076,99.990,0.386,0.269,g
2459879.77470,2022-10-27.2746909,bE,1.5,16.126,>16.126,99.990,0.419,0.258,g
2459879.77598,2022-10-27.2759768,bE,1.49,16.063,>16.063,99.990,0.196,0.273,g
2459879.85623,2022-10-27.3562313,bE,1.45,16.089,>16.089,99.990,0.367,0.266,g
2459879.85754,2022-10-27.3575335,bE,1.48,16.108,>16.108,99.990,0.362,0.262,g
2459879.85883,2022-10-27.3588223,bE,1.54,15.975,>15.975,99.990,0.358,0.296,g
2459880.84046,2022-10-28.3404587,bE,1.58,16.016,>16.016,99.990,0.485,0.285,g
2459880.84176,2022-10-28.3417604,bE,1.56,16.086,>16.086,99.990,0.228,0.267,g
2459880.84304,2022-10-28.3430458,bE,1.54,16.049,>16.049,99.990,0.235,0.276,g
2459881.74507,2022-10-29.2450840,bE,1.48,15.897,>15.897,99.990,0.403,0.318,g
2459881.74635,2022-10-29.2463667,bE,1.53,16.174,>16.174,99.990,0.425,0.246,g
2459881.74766,2022-10-29.2476677,bE,1.49,15.989,>15.989,99.990,0.282,0.292,g
2459882.65987,2022-10-30.1598938,bi,1.44,15.983,>15.983,99.990,0.482,0.294,g
2459882.66111,2022-10-30.1611354,bi,1.43,15.937,>15.937,99.990,0.513,0.306,g
2459882.66235,2022-10-30.1623701,bi,1.42,16.043,>16.043,99.990,0.455,0.278,g
2459883.67214,2022-10-31.1721753,bi,1.39,15.935,>15.935,99.990,0.601,0.307,g
2459883.67338,2022-10-31.1734125,bi,1.42,16.033,>16.033,99.990,0.514,0.281,g
2459883.67463,2022-10-31.1746652,bi,1.42,15.851,>15.851,99.990,0.730,0.332,g
2459884.75602,2022-11-01.2560587,bi,1.54,16.018,>16.018,99.990,0.220,0.284,g
2459884.75726,2022-11-01.2573020,bi,1.52,16.064,>16.064,99.990,0.330,0.273,g
2459884.75850,2022-11-01.2585437,bi,1.47,16.149,>16.149,99.990,0.530,0.252,g
2459886.78138,2022-11-03.2814280,bi,1.39,15.880,>15.880,99.990,0.666,0.323,g
2459886.78263,2022-11-03.2826804,bi,1.44,15.995,>15.995,99.990,0.301,0.291,g
2459886.78387,2022-11-03.2839174,bi,1.49,16.024,>16.024,99.990,0.779,0.283,g
2459887.76585,2022-11-04.2659052,bE,1.55,15.943,>15.943,99.990,0.120,0.305,g
2459887.76714,2022-11-04.2671931,bE,1.49,15.884,>15.884,99.990,0.339,0.322,g
2459887.76843,2022-11-04.2684864,bE,1.55,15.967,>15.967,99.990,-0.114,0.298,g
2459888.78273,2022-11-05.2827925,bi,1.52,15.897,>15.897,99.990,-0.013,0.318,g
2459888.78397,2022-11-05.2840371,bi,1.46,15.939,>15.939,99.990,0.437,0.306,g
2459888.78521,2022-11-05.2852814,bi,1.49,15.948,>15.948,99.990,0.441,0.303,g
2459889.79080,2022-11-06.2908707,bi,1.5,15.881,>15.881,99.990,0.380,0.323,g
2459889.79204,2022-11-06.2921087,bi,1.57,15.902,>15.902,99.990,1.220,0.317,g
2459889.79328,2022-11-06.2933483,bi,1.62,15.887,>15.887,99.990,0.170,0.321,g
2459892.35441,2022-11-08.8545031,bm,1.52,15.444,>15.444,99.990,-0.460,0.482,g
2459892.35565,2022-11-08.8557459,bm,1.48,15.509,>15.509,99.990,-0.329,0.455,g
2459892.35690,2022-11-08.8569947,bm,1.48,15.406,>15.406,99.990,1.099,0.500,g
2459893.37585,2022-11-09.8759489,bm,1.6,15.732,>15.732,99.990,0.540,0.370,g
2459893.37709,2022-11-09.8771980,bm,1.58,15.615,>15.615,99.990,0.494,0.412,g
2459893.37839,2022-11-09.8784939,bm,1.58,15.643,>15.643,99.990,0.628,0.402,g
2459893.59079,2022-11-10.0909021,bi,1.47,15.792,>15.792,99.990,-0.306,0.350,g
2459893.59204,2022-11-10.0921547,bi,1.55,15.832,>15.832,99.990,0.415,0.338,g
2459893.59330,2022-11-10.0934023,bi,1.48,15.675,>15.675,99.990,0.186,0.390,g
2459893.62308,2022-11-10.1231881,bE,1.58,15.865,>15.865,99.990,0.106,0.327,g
2459893.62438,2022-11-10.1244854,bE,1.59,16.024,>16.024,99.990,0.701,0.283,g
2459893.62567,2022-11-10.1257751,bE,1.57,15.840,>15.840,99.990,0.384,0.335,g
2459893.68620,2022-11-10.1863024,bE,1.55,15.930,>15.930,99.990,0.283,0.308,g
2459893.68748,2022-11-10.1875871,bE,1.49,15.952,>15.952,99.990,-0.093,0.302,g
2459893.68877,2022-11-10.1888769,bE,1.61,15.887,>15.887,99.990,0.223,0.321,g
2459894.82638,2022-11-11.3264930,bE,1.45,99.990,99.990,99.990,99.990,99.990,g
2459894.82768,2022-11-11.3277902,bE,1.47,99.990,99.990,99.990,99.990,99.990,g
2459894.82899,2022-11-11.3291006,bE,1.44,99.990,99.990,99.990,99.990,99.990,g
2459895.39861,2022-11-11.8987305,bm,1.49,15.832,>15.832,99.990,0.301,0.338,g
2459895.39986,2022-11-11.8999745,bm,1.48,15.877,>15.877,99.990,0.002,0.324,g
2459895.40110,2022-11-11.9012168,bm,1.57,15.885,>15.885,99.990,-0.066,0.321,g
2459897.45735,2022-11-13.9574804,bm,1.46,15.965,>15.965,99.990,0.264,0.299,g
2459897.45859,2022-11-13.9587222,bm,1.51,15.789,>15.789,99.990,0.876,0.351,g
2459897.58084,2022-11-14.0809744,bE,1.56,16.066,>16.066,99.990,0.165,0.272,g
2459897.58213,2022-11-14.0822663,bE,1.5,16.110,>16.110,99.990,0.157,0.261,g
2459897.58343,2022-11-14.0835644,bE,1.53,16.111,>16.111,99.990,0.264,0.261,g
2459897.66804,2022-11-14.1681796,bi,1.41,15.996,>15.996,99.990,0.304,0.290,g
2459897.66928,2022-11-14.1694250,bi,1.49,15.891,>15.891,99.990,0.301,0.320,g
2459897.67052,2022-11-14.1706633,bi,1.45,15.967,>15.967,99.990,0.257,0.298,g
2459897.84738,2022-11-14.3475284,bi,1.46,15.949,>15.949,99.990,0.786,0.303,g
2459897.84864,2022-11-14.3487741,bi,1.48,15.862,>15.862,99.990,0.524,0.328,g
2459897.84989,2022-11-14.3500265,bi,1.41,15.936,>15.936,99.990,0.490,0.307,g
2459898.34220,2022-11-14.8423471,bm,1.48,16.035,>16.035,99.990,0.576,0.280,g
2459898.34345,2022-11-14.8435927,bm,1.48,15.954,>15.954,99.990,0.386,0.302,g
2459898.34471,2022-11-14.8448509,bm,1.47,16.085,>16.085,99.990,0.714,0.267,g
2459898.48681,2022-11-14.9869539,bm,1.52,15.772,>15.772,99.990,0.191,0.357,g
2459898.48938,2022-11-14.9895270,bm,1.46,15.983,>15.983,99.990,0.689,0.294,g
2459898.64457,2022-11-15.1447149,bE,1.53,16.043,>16.043,99.990,0.438,0.278,g
2459898.64586,2022-11-15.1460060,bE,1.49,15.986,>15.986,99.990,0.419,0.293,g
2459898.64718,2022-11-15.1473181,bE,1.52,16.086,>16.086,99.990,0.272,0.267,g
2459898.85943,2022-11-15.3595863,bi,1.39,15.890,>15.890,99.990,0.427,0.320,g
2459898.86067,2022-11-15.3608232,bi,1.44,15.794,>15.794,99.990,0.285,0.349,g
2459898.86191,2022-11-15.3620650,bi,1.47,15.868,>15.868,99.990,-0.996,0.327,g
2459899.37217,2022-11-15.8723133,bm,1.53,15.940,>15.940,99.990,0.590,0.306,g
2459899.37341,2022-11-15.8735520,bm,1.53,15.978,>15.978,99.990,0.292,0.295,g
2459899.37464,2022-11-15.8747938,bm,1.5,16.072,>16.072,99.990,0.569,0.270,g
2459899.47577,2022-11-15.9759209,bm,1.54,16.035,>16.035,99.990,0.604,0.280,g
2459899.47700,2022-11-15.9771538,bm,1.57,16.011,>16.011,99.990,0.508,0.286,g
2459899.47824,2022-11-15.9783932,bm,1.51,16.008,>16.008,99.990,0.580,0.287,g
2459899.51017,2022-11-16.0103195,bm,1.62,15.930,>15.930,99.990,0.126,0.308,g
2459899.51140,2022-11-16.0115543,bm,1.49,15.920,>15.920,99.990,0.029,0.311,g
2459899.51264,2022-11-16.0127960,bm,1.49,15.891,>15.891,99.990,0.756,0.320,g
2459899.55969,2022-11-16.0598408,bm,1.59,15.839,>15.839,99.990,0.056,0.335,g
2459899.56093,2022-11-16.0610815,bm,1.54,16.000,>16.000,99.990,0.226,0.289,g
2459899.56217,2022-11-16.0623214,bm,1.56,15.923,>15.923,99.990,0.660,0.310,g
2459899.72807,2022-11-16.2282178,bE,1.5,16.014,>16.014,99.990,0.286,0.285,g
2459899.72936,2022-11-16.2295100,bE,1.5,16.068,>16.068,99.990,0.616,0.272,g
2459899.73064,2022-11-16.2307912,bE,1.46,16.025,>16.025,99.990,0.336,0.283,g
2459900.36061,2022-11-16.8607660,bm,1.56,16.081,>16.081,99.990,0.671,0.268,g
2459900.61498,2022-11-17.1151326,bi,1.41,15.906,>15.906,99.990,0.392,0.315,g
2459900.61622,2022-11-17.1163743,bi,1.44,16.013,>16.013,99.990,0.249,0.286,g
2459900.61746,2022-11-17.1176136,bi,1.45,15.966,>15.966,99.990,0.497,0.298,g
2459900.74421,2022-11-17.2443648,bE,1.53,16.005,>16.005,99.990,0.456,0.288,g
2459900.74549,2022-11-17.2456494,bE,1.63,16.102,>16.102,99.990,0.291,0.263,g
2459900.74679,2022-11-17.2469460,bE,1.58,15.978,>15.978,99.990,0.304,0.295,g
2459901.85775,2022-11-18.3579240,bi,1.47,15.801,>15.801,99.990,0.455,0.347,g
2459901.85899,2022-11-18.3591638,bi,1.47,15.817,>15.817,99.990,0.140,0.342,g
2459901.86023,2022-11-18.3604033,bi,1.45,15.828,>15.828,99.990,0.270,0.339,g
2459904.34871,2022-11-20.8488964,bm,1.52,15.951,>15.951,99.990,0.289,0.302,g
2459904.34995,2022-11-20.8501336,bm,1.59,15.902,>15.902,99.990,0.294,0.316,g
2459904.35120,2022-11-20.8513777,bm,1.51,16.101,>16.101,99.990,0.383,0.263,g
2459904.64412,2022-11-21.1443040,bi,1.45,16.002,>16.002,99.990,0.349,0.289,g
2459904.64536,2022-11-21.1455474,bi,1.42,15.954,>15.954,99.990,0.623,0.302,g
2459904.64660,2022-11-21.1467847,bi,1.37,15.963,>15.963,99.990,0.739,0.299,g
2459905.31603,2022-11-21.8162190,bm,1.53,14.639,>14.639,99.990,-0.786,1.012,g
2459905.31728,2022-11-21.8174729,bm,1.55,14.167,>14.167,99.990,-1.121,1.564,g
2459905.31853,2022-11-21.8187243,bm,1.5,99.990,99.990,99.990,99.990,99.990,g
2459905.69135,2022-11-22.1915388,bi,1.44,16.126,>16.126,99.990,0.592,0.257,g
2459905.69260,2022-11-22.1927927,bi,1.44,16.029,>16.029,99.990,0.312,0.282,g
2459905.69385,2022-11-22.1940451,bi,1.51,15.996,>15.996,99.990,0.420,0.290,g
2459907.56212,2022-11-24.0623359,bE,1.55,16.143,>16.143,99.990,0.228,0.254,g
2459907.56341,2022-11-24.0636143,bE,1.54,16.084,>16.084,99.990,0.110,0.267,g
2459907.56469,2022-11-24.0649002,bE,1.56,16.007,>16.007,99.990,0.442,0.287,g
2459907.85049,2022-11-24.3507030,bi,1.47,15.905,>15.905,99.990,0.424,0.316,g
2459907.85174,2022-11-24.3519519,bi,1.46,15.866,>15.866,99.990,0.360,0.327,g
2459907.85298,2022-11-24.3531957,bi,1.43,15.938,>15.938,99.990,0.286,0.306,g
2459908.31707,2022-11-24.8172761,bm,1.51,15.880,>15.880,99.990,0.418,0.323,g
2459908.31830,2022-11-24.8185151,bm,1.56,15.959,>15.959,99.990,0.615,0.300,g
2459908.31954,2022-11-24.8197547,bm,1.56,16.060,>16.060,99.990,0.598,0.274,g
2459908.35533,2022-11-24.8555401,bm,1.47,15.961,>15.961,99.990,0.396,0.300,g
2459908.35657,2022-11-24.8567810,bm,1.56,15.854,>15.854,99.990,0.669,0.331,g
2459908.35781,2022-11-24.8580196,bm,1.55,15.873,>15.873,99.990,0.280,0.325,g
2459908.51999,2022-11-25.0202056,bm,1.61,16.036,>16.036,99.990,0.444,0.280,g
2459908.52123,2022-11-25.0214415,bm,1.6,15.930,>15.930,99.990,0.229,0.308,g
2459908.52247,2022-11-25.0226846,bm,1.6,15.907,>15.907,99.990,0.344,0.315,g
2459908.59128,2022-11-25.0914975,bE,1.49,15.977,>15.977,99.990,0.413,0.295,g
2459908.59257,2022-11-25.0927880,bE,1.54,15.952,>15.952,99.990,0.279,0.302,g
2459908.59387,2022-11-25.0940853,bE,1.48,16.012,>16.012,99.990,0.297,0.286,g
2459909.71859,2022-11-26.2188109,bE,1.42,15.720,>15.720,99.990,-0.539,0.374,g
2459909.71987,2022-11-26.2200878,bE,1.5,15.464,>15.464,99.990,0.669,0.474,g
2459909.72116,2022-11-26.2213768,bE,1.51,15.459,>15.459,99.990,0.456,0.476,g
2459910.39661,2022-11-26.8968394,bm,1.61,15.997,>15.997,99.990,0.388,0.290,g
2459910.64543,2022-11-27.1456575,bi,1.66,16.037,>16.037,99.990,0.191,0.280,g
2459910.64666,2022-11-27.1468923,bi,1.66,16.095,>16.095,99.990,0.319,0.265,g
2459910.64791,2022-11-27.1481378,bi,1.64,16.237,>16.237,99.990,0.038,0.232,g
2459910.70397,2022-11-27.2041954,bE,1.49,15.966,>15.966,99.990,0.356,0.298,g
2459910.70526,2022-11-27.2054906,bE,1.49,15.997,>15.997,99.990,0.376,0.290,g
2459910.70655,2022-11-27.2067803,bE,1.49,16.101,>16.101,99.990,0.434,0.263,g
2459911.31283,2022-11-27.8130616,bm,1.59,15.866,>15.866,99.990,0.261,0.327,g
2459911.31428,2022-11-27.8145143,bm,1.58,15.952,>15.952,99.990,0.510,0.302,g
2459911.31556,2022-11-27.8157914,bm,1.6,16.137,>16.137,99.990,0.499,0.255,g
2459911.45928,2022-11-27.9595153,bm,1.62,16.031,>16.031,99.990,0.262,0.281,g
2459911.46053,2022-11-27.9607619,bm,1.56,15.953,>15.953,99.990,0.001,0.302,g
2459911.46193,2022-11-27.9621665,bm,1.58,15.983,>15.983,99.990,0.156,0.294,g
2459911.66768,2022-11-28.1679181,bE,1.6,16.074,>16.074,99.990,0.268,0.270,g
2459911.66897,2022-11-28.1692100,bE,1.46,15.938,>15.938,99.990,0.609,0.306,g
2459911.67027,2022-11-28.1705079,bE,1.52,16.057,>16.057,99.990,0.473,0.274,g
2459912.30788,2022-11-28.8081160,bm,2.01,15.979,>15.979,99.990,0.135,0.295,g
2459912.30911,2022-11-28.8093476,bm,2.0,16.105,>16.105,99.990,0.301,0.263,g
2459912.31035,2022-11-28.8105871,bm,1.99,16.000,>16.000,99.990,0.116,0.289,g
2459912.47376,2022-11-28.9739956,bm,1.52,15.996,>15.996,99.990,0.509,0.290,g
2459912.47498,2022-11-28.9752246,bm,1.47,15.855,>15.855,99.990,-0.121,0.331,g
2459912.47622,2022-11-28.9764594,bm,1.51,15.527,>15.527,99.990,0.262,0.447,g
2459912.62302,2022-11-29.1232665,bE,1.51,16.038,>16.038,99.990,0.242,0.279,g
2459912.62432,2022-11-29.1245675,bE,1.62,16.104,>16.104,99.990,0.079,0.263,g
2459912.62561,2022-11-29.1258574,bE,1.49,16.025,>16.025,99.990,0.149,0.282,g
2459913.54497,2022-11-30.0452182,bE,1.56,16.034,>16.034,99.990,0.166,0.280,g
2459913.54625,2022-11-30.0464997,bE,1.51,16.047,>16.047,99.990,0.116,0.277,g
2459913.54755,2022-11-30.0478024,bE,1.66,15.968,>15.968,99.990,0.487,0.298,g
2459914.46498,2022-11-30.9652356,bm,1.46,15.832,>15.832,99.990,0.329,0.338,g
2459914.46623,2022-11-30.9664795,bm,1.44,15.932,>15.932,99.990,0.337,0.308,g
2459914.46746,2022-11-30.9677129,bm,1.5,15.917,>15.917,99.990,0.061,0.312,g
2459914.54821,2022-12-01.0484664,bm,1.56,15.871,>15.871,99.990,0.382,0.326,g
2459914.54945,2022-12-01.0497048,bm,1.51,16.006,>16.006,99.990,0.287,0.288,g
2459914.56544,2022-12-01.0656974,bm,1.49,15.890,>15.890,99.990,0.341,0.320,g
2459915.32863,2022-12-01.8288880,bm,1.59,15.795,>15.795,99.990,0.364,0.349,g
2459915.32986,2022-12-01.8301192,bm,1.59,15.884,>15.884,99.990,0.627,0.322,g
2459915.48670,2022-12-01.9869578,bm,1.57,15.928,>15.928,99.990,0.493,0.309,g
2459915.48799,2022-12-01.9882541,bm,1.55,15.798,>15.798,99.990,0.653,0.348,g
2459915.48924,2022-12-01.9894988,bm,1.52,16.005,>16.005,99.990,0.374,0.288,g
2459915.57983,2022-12-02.0800853,bm,1.59,15.879,>15.879,99.990,0.729,0.323,g
2459915.63717,2022-12-02.1374346,bE,1.5,15.928,>15.928,99.990,0.266,0.309,g
2459915.63846,2022-12-02.1387233,bE,1.43,15.978,>15.978,99.990,0.556,0.295,g
2459915.63977,2022-12-02.1400252,bE,1.57,15.969,>15.969,99.990,0.283,0.297,g
2459915.66520,2022-12-02.1654623,bE,1.59,15.998,>15.998,99.990,0.545,0.290,g
2459915.66649,2022-12-02.1667549,bE,1.47,15.987,>15.987,99.990,0.040,0.293,g
2459915.66777,2022-12-02.1680378,bE,1.53,15.937,>15.937,99.990,0.525,0.306,g
2459915.69717,2022-12-02.1974407,bE,1.54,15.970,>15.970,99.990,0.030,0.297,g
2459915.69846,2022-12-02.1987282,bE,1.59,15.899,>15.899,99.990,0.394,0.317,g
2459915.69977,2022-12-02.2000273,bE,1.55,15.950,>15.950,99.990,0.252,0.303,g
2459915.75717,2022-12-02.2574265,bE,1.48,16.076,>16.076,99.990,0.375,0.269,g
2459915.75845,2022-12-02.2587084,bE,1.5,16.098,>16.098,99.990,0.452,0.264,g
2459915.75972,2022-12-02.2599839,bE,1.53,16.068,>16.068,99.990,0.724,0.272,g
2459916.29339,2022-12-02.7936582,bm,1.51,15.771,>15.771,99.990,0.232,0.357,g
2459916.29464,2022-12-02.7949001,bm,1.56,15.826,>15.826,99.990,0.179,0.339,g
2459916.29588,2022-12-02.7961478,bm,1.54,15.712,>15.712,99.990,0.235,0.377,g
2459916.43576,2022-12-02.9360274,bm,2.29,15.747,>15.747,99.990,-0.187,0.365,g
2459916.43701,2022-12-02.9372775,bm,2.33,15.743,>15.743,99.990,-0.127,0.366,g
2459916.43826,2022-12-02.9385217,bm,2.3,15.871,>15.871,99.990,-0.375,0.326,g
2459916.64560,2022-12-03.1458702,bE,1.52,16.022,>16.022,99.990,0.109,0.283,g
2459916.64689,2022-12-03.1471640,bE,1.46,15.987,>15.987,99.990,0.383,0.293,g
2459916.64819,2022-12-03.1484601,bE,1.48,15.941,>15.941,99.990,0.260,0.305,g
2459916.85230,2022-12-03.3525646,bi,1.49,15.760,>15.760,99.990,0.262,0.361,g
2459916.85354,2022-12-03.3538086,bi,1.52,15.844,>15.844,99.990,-0.237,0.334,g
2459916.85479,2022-12-03.3550589,bi,1.51,15.789,>15.789,99.990,0.103,0.351,g
2459917.62280,2022-12-04.1230829,bi,1.48,15.887,>15.887,99.990,0.124,0.321,g
2459917.62405,2022-12-04.1243318,bi,1.44,15.912,>15.912,99.990,0.240,0.314,g
2459917.62531,2022-12-04.1255910,bi,1.42,15.855,>15.855,99.990,0.241,0.330,g
2459917.83805,2022-12-04.3383324,bi,1.42,15.963,>15.963,99.990,0.559,0.299,g
2459917.83931,2022-12-04.3395849,bi,1.42,15.965,>15.965,99.990,0.532,0.299,g
2459917.84055,2022-12-04.3408280,bi,1.43,15.960,>15.960,99.990,0.511,0.300,g
2459918.61918,2022-12-05.1194592,bi,1.41,15.806,>15.806,99.990,0.840,0.346,g
2459918.62042,2022-12-05.1207001,bi,1.43,15.790,>15.790,99.990,0.718,0.351,g
2459918.62165,2022-12-05.1219267,bi,1.56,15.800,>15.800,99.990,0.768,0.348,g
2459918.85366,2022-12-05.3539396,bi,1.44,15.828,>15.828,99.990,0.277,0.339,g
2459918.85491,2022-12-05.3551957,bi,1.43,15.897,>15.897,99.990,0.223,0.318,g
2459918.85615,2022-12-05.3564363,bi,1.48,15.814,>15.814,99.990,0.169,0.343,g
2459920.27970,2022-12-06.7799896,bm,1.65,15.385,>15.385,99.990,-0.389,0.509,g
2459920.28093,2022-12-06.7812207,bm,1.51,15.464,>15.464,99.990,0.742,0.474,g
2459920.28218,2022-12-06.7824672,bm,1.66,15.418,>15.418,99.990,-0.110,0.494,g
2459920.43582,2022-12-06.9361114,bm,1.63,15.643,>15.643,99.990,0.112,0.402,g
2459920.43707,2022-12-06.9373578,bm,1.65,15.617,>15.617,99.990,0.088,0.411,g
2459920.43830,2022-12-06.9385916,bm,1.59,15.731,>15.731,99.990,0.213,0.370,g
2459920.51056,2022-12-07.0108511,bm,1.59,15.647,>15.647,99.990,0.607,0.400,g
2459920.51181,2022-12-07.0120965,bm,1.62,15.542,>15.542,99.990,0.266,0.441,g
2459920.51305,2022-12-07.0133373,bm,1.58,15.715,>15.715,99.990,0.188,0.376,g
2459920.54116,2022-12-07.0414469,bm,1.57,15.704,>15.704,99.990,0.384,0.380,g
2459920.54240,2022-12-07.0426958,bm,1.6,15.631,>15.631,99.990,0.619,0.406,g
2459920.54364,2022-12-07.0439282,bm,1.61,15.724,>15.724,99.990,0.013,0.373,g
2459920.70055,2022-12-07.2008422,bi,1.48,15.697,>15.697,99.990,0.314,0.382,g
2459920.70179,2022-12-07.2020841,bi,1.51,15.729,>15.729,99.990,0.512,0.371,g
2459920.70304,2022-12-07.2033344,bi,1.46,15.779,>15.779,99.990,0.129,0.354,g
2459921.30055,2022-12-07.8008467,bm,1.81,15.636,>15.636,99.990,-0.095,0.404,g
2459921.30181,2022-12-07.8021123,bm,1.74,15.591,>15.591,99.990,-0.005,0.421,g
2459921.30312,2022-12-07.8034152,bm,1.69,15.668,>15.668,99.990,0.188,0.393,g
2459921.44340,2022-12-07.9436973,bm,1.7,15.615,>15.615,99.990,0.438,0.412,g
2459921.44464,2022-12-07.9449393,bm,1.59,15.689,>15.689,99.990,0.389,0.385,g
2459921.44589,2022-12-07.9461836,bm,1.55,15.524,>15.524,99.990,0.175,0.448,g
2459921.54270,2022-12-08.0430001,bm,1.62,15.556,>15.556,99.990,0.060,0.435,g
2459921.54395,2022-12-08.0442421,bm,1.59,15.599,>15.599,99.990,0.898,0.418,g
2459921.54519,2022-12-08.0454859,bm,1.58,15.518,>15.518,99.990,-0.218,0.451,g
2459921.84826,2022-12-08.3485562,bi,1.54,15.664,>15.664,99.990,0.402,0.394,g
2459921.84951,2022-12-08.3498122,bi,1.55,15.655,>15.655,99.990,-0.165,0.397,g
2459921.85077,2022-12-08.3510744,bi,1.48,15.774,>15.774,99.990,-0.129,0.356,g
2459922.30759,2022-12-08.8078981,bm,1.97,15.148,>15.148,99.990,-0.403,0.634,g
2459922.30890,2022-12-08.8092100,bm,1.72,15.317,>15.317,99.990,-0.542,0.542,g
2459922.31016,2022-12-08.8104649,bm,1.72,15.685,>15.685,99.990,-0.216,0.387,g
2459922.36962,2022-12-08.8699282,bm,1.47,15.774,>15.774,99.990,-0.327,0.356,g
2459922.37085,2022-12-08.8711642,bm,1.57,15.493,>15.493,99.990,0.277,0.461,g
2459922.37211,2022-12-08.8724225,bm,1.48,15.580,>15.580,99.990,0.778,0.426,g
2459922.61374,2022-12-09.1140481,bE,1.53,15.785,>15.785,99.990,0.679,0.352,g
2459922.61504,2022-12-09.1153428,bE,1.53,15.906,>15.906,99.990,0.188,0.315,g
2459922.61633,2022-12-09.1166357,bE,1.49,15.923,>15.923,99.990,0.104,0.310,g
2459922.70000,2022-12-09.2003045,bE,1.51,15.820,>15.820,99.990,0.020,0.341,g
2459922.70128,2022-12-09.2015905,bE,1.47,15.841,>15.841,99.990,0.597,0.335,g
2459922.70257,2022-12-09.2028819,bE,1.47,15.984,>15.984,99.990,0.448,0.293,g
2459923.30757,2022-12-09.8078731,bm,1.54,15.818,>15.818,99.990,0.170,0.342,g
2459923.30881,2022-12-09.8091184,bm,1.58,15.763,>15.763,99.990,0.434,0.360,g
2459923.31005,2022-12-09.8103554,bm,1.45,15.889,>15.889,99.990,0.305,0.320,g
2459923.45294,2022-12-09.9532446,bm,1.67,15.671,>15.671,99.990,0.519,0.391,g
2459923.45418,2022-12-09.9544959,bm,1.63,15.622,>15.622,99.990,-0.136,0.410,g
2459923.45543,2022-12-09.9557356,bm,1.57,15.634,>15.634,99.990,0.688,0.405,g
2459923.65197,2022-12-10.1522858,bE,1.53,15.872,>15.872,99.990,0.438,0.325,g
2459923.65326,2022-12-10.1535753,bE,1.49,15.906,>15.906,99.990,0.349,0.315,g
2459923.65456,2022-12-10.1548746,bE,1.52,15.863,>15.863,99.990,0.393,0.328,g
2459924.73997,2022-12-11.2402855,bE,1.47,15.987,>15.987,99.990,0.294,0.293,g
2459924.74127,2022-12-11.2415858,bE,1.45,15.908,>15.908,99.990,0.185,0.315,g
2459924.74256,2022-12-11.2428784,bE,1.56,15.859,>15.859,99.990,-0.074,0.329,g
2459925.77909,2022-12-12.2794231,bi,1.46,15.750,>15.750,99.990,0.497,0.364,g
2459925.78034,2022-12-12.2806673,bi,1.45,15.862,>15.862,99.990,0.245,0.328,g
2459925.78159,2022-12-12.2819185,bi,1.41,15.866,>15.866,99.990,0.345,0.327,g
2459927.28725,2022-12-13.7875813,bm,1.48,15.906,>15.906,99.990,0.406,0.315,g
2459927.28851,2022-12-13.7888337,bm,1.51,15.906,>15.906,99.990,0.433,0.315,g
2459927.28976,2022-12-13.7900872,bm,1.54,15.952,>15.952,99.990,0.460,0.302,g
2459927.84719,2022-12-14.3475361,bi,1.47,15.944,>15.944,99.990,0.296,0.305,g
2459927.84844,2022-12-14.3487824,bi,1.47,15.819,>15.819,99.990,-0.071,0.342,g
2459927.84970,2022-12-14.3500337,bi,1.43,15.847,>15.847,99.990,0.055,0.333,g
2459928.34859,2022-12-14.8489248,bm,1.52,15.969,>15.969,99.990,0.520,0.298,g
2459928.34983,2022-12-14.8501667,bm,1.45,16.010,>16.010,99.990,0.654,0.287,g
2459928.35106,2022-12-14.8513973,bm,1.48,15.980,>15.980,99.990,0.363,0.295,g
2459928.84095,2022-12-15.3412939,bE,1.52,16.097,>16.097,99.990,0.364,0.264,g
2459928.84224,2022-12-15.3425778,bE,1.48,15.981,>15.981,99.990,0.543,0.294,g
2459928.84353,2022-12-15.3438686,bE,1.5,16.036,>16.036,99.990,0.519,0.280,g
2459930.52643,2022-12-17.0267820,bE,1.64,15.450,>15.450,99.990,-0.044,0.480,g
2459930.52773,2022-12-17.0280813,bE,1.57,15.570,>15.570,99.990,-0.300,0.430,g
2459930.52902,2022-12-17.0293653,bE,1.66,15.637,>15.637,99.990,1.031,0.404,g
2459930.67151,2022-12-17.1718594,bE,1.48,15.933,>15.933,99.990,0.316,0.307,g
2459930.67280,2022-12-17.1731548,bE,1.49,15.913,>15.913,99.990,0.157,0.313,g
2459930.67411,2022-12-17.1744603,bE,1.46,16.158,>16.158,99.990,0.561,0.250,g
2459932.28934,2022-12-18.7896936,bm,1.55,16.000,>16.000,99.990,0.142,0.289,g
2459932.29059,2022-12-18.7909437,bm,1.53,16.026,>16.026,99.990,0.507,0.282,g
2459932.29184,2022-12-18.7921954,bm,1.49,15.925,>15.925,99.990,0.568,0.310,g
2459933.53209,2022-12-20.0324555,bE,2.0,15.990,>15.990,99.990,-0.088,0.292,g
2459933.53339,2022-12-20.0337519,bE,2.01,15.956,>15.956,99.990,-0.015,0.301,g
2459933.53468,2022-12-20.0350418,bE,2.0,16.031,>16.031,99.990,0.387,0.281,g
2459934.28654,2022-12-20.7869079,bm,1.56,15.852,>15.852,99.990,0.681,0.331,g
2459934.28779,2022-12-20.7881508,bm,1.46,15.859,>15.859,99.990,0.389,0.329,g
2459934.28903,2022-12-20.7894008,bm,1.51,15.842,>15.842,99.990,0.334,0.334,g
2459934.60275,2022-12-21.1031125,bE,1.61,16.118,>16.118,99.990,0.070,0.259,g
2459934.60404,2022-12-21.1044100,bE,1.65,16.126,>16.126,99.990,0.142,0.257,g
2459934.60535,2022-12-21.1057214,bE,1.69,16.109,>16.109,99.990,0.151,0.262,g
2459935.28329,2022-12-21.7836644,bm,2.05,15.784,>15.784,99.990,-0.032,0.353,g
2459935.28453,2022-12-21.7849003,bm,2.07,15.894,>15.894,99.990,-0.029,0.319,g
2459935.28576,2022-12-21.7861365,bm,2.03,15.807,>15.807,99.990,0.053,0.345,g
2459935.43075,2022-12-21.9311209,bm,1.65,16.004,>16.004,99.990,0.472,0.288,g
2459935.43199,2022-12-21.9323649,bm,1.57,16.082,>16.082,99.990,0.234,0.268,g
2459935.43324,2022-12-21.9336067,bm,1.57,16.115,>16.115,99.990,0.363,0.260,g
2459935.56458,2022-12-22.0649494,bE,2.1,16.203,>16.203,99.990,0.186,0.240,g
2459935.56586,2022-12-22.0662383,bE,2.1,16.173,>16.173,99.990,0.390,0.247,g
2459935.56716,2022-12-22.0675362,bE,2.07,16.103,>16.103,99.990,0.177,0.263,g
2459935.84768,2022-12-22.3480541,bE,1.54,16.023,>16.023,99.990,0.224,0.283,g
2459935.84897,2022-12-22.3493423,bE,1.57,16.006,>16.006,99.990,0.224,0.288,g
2459935.85027,2022-12-22.3506484,bE,1.55,15.921,>15.921,99.990,0.400,0.311,g
2459936.35308,2022-12-22.8534577,bm,1.64,16.055,>16.055,99.990,0.136,0.275,g
2459936.35433,2022-12-22.8547020,bm,1.62,16.036,>16.036,99.990,0.121,0.280,g
2459936.35556,2022-12-22.8559415,bm,1.61,16.119,>16.119,99.990,0.190,0.259,g
2459937.61831,2022-12-24.1186957,bE,1.58,16.061,>16.061,99.990,0.396,0.273,g
2459937.61961,2022-12-24.1199917,bE,1.47,16.086,>16.086,99.990,0.142,0.267,g
2459937.62091,2022-12-24.1212932,bE,1.5,16.055,>16.055,99.990,0.202,0.275,g
2459937.74725,2022-12-24.2476288,bi,1.42,15.968,>15.968,99.990,0.514,0.298,g
2459937.74850,2022-12-24.2488798,bi,1.45,15.908,>15.908,99.990,0.033,0.315,g
2459938.54543,2022-12-25.0458170,bE,1.62,16.065,>16.065,99.990,0.214,0.272,g
2459938.54673,2022-12-25.0471133,bE,1.59,16.027,>16.027,99.990,0.381,0.282,g
2459938.54801,2022-12-25.0484084,bE,1.63,16.048,>16.048,99.990,-0.129,0.277,g
2459938.70755,2022-12-25.2079416,bi,1.43,15.989,>15.989,99.990,0.536,0.292,g
2459938.70880,2022-12-25.2091875,bi,1.43,15.997,>15.997,99.990,0.686,0.290,g
2459938.71003,2022-12-25.2104244,bi,1.39,15.979,>15.979,99.990,0.374,0.295,g
2459938.82091,2022-12-25.3213109,bE,1.52,15.946,>15.946,99.990,0.120,0.304,g
2459938.82221,2022-12-25.3226107,bE,1.44,15.986,>15.986,99.990,0.247,0.293,g
2459938.82351,2022-12-25.3239075,bE,1.5,16.179,>16.179,99.990,0.448,0.245,g
2459939.33718,2022-12-25.8375663,bm,1.49,15.975,>15.975,99.990,0.143,0.296,g
2459939.33841,2022-12-25.8387965,bm,1.6,15.918,>15.918,99.990,0.523,0.312,g
2459939.33965,2022-12-25.8400359,bm,1.54,16.041,>16.041,99.990,0.528,0.278,g
2459940.33767,2022-12-26.8380611,bm,1.51,16.044,>16.044,99.990,0.259,0.278,g
2459940.33891,2022-12-26.8393038,bm,1.5,15.826,>15.826,99.990,0.338,0.339,g
2459940.34015,2022-12-26.8405407,bm,1.55,15.892,>15.892,99.990,0.340,0.319,g
2459940.48082,2022-12-26.9812143,bm,1.44,16.019,>16.019,99.990,0.483,0.284,g
2459940.48207,2022-12-26.9824620,bm,1.45,15.930,>15.930,99.990,0.405,0.308,g
2459940.48332,2022-12-26.9837177,bm,1.47,15.949,>15.949,99.990,0.520,0.303,g
2459940.58718,2022-12-27.0875734,bE,1.57,15.997,>15.997,99.990,0.309,0.290,g
2459940.58847,2022-12-27.0888611,bE,1.47,16.058,>16.058,99.990,0.293,0.274,g
2459940.58977,2022-12-27.0901642,bE,1.59,15.961,>15.961,99.990,0.350,0.300,g
2459940.82141,2022-12-27.3218057,bi,1.54,15.953,>15.953,99.990,0.389,0.302,g
2459940.82266,2022-12-27.3230578,bi,1.49,16.083,>16.083,99.990,0.333,0.268,g
2459940.82391,2022-12-27.3243092,bi,1.57,16.021,>16.021,99.990,0.393,0.284,g
2459941.28076,2022-12-27.7811555,bm,1.99,15.561,>15.561,99.990,-0.951,0.433,g
2459941.28200,2022-12-27.7824004,bm,1.97,15.547,>15.547,99.990,0.367,0.439,g
2459941.28326,2022-12-27.7836540,bm,1.7,15.638,>15.638,99.990,-0.119,0.404,g
2459941.41484,2022-12-27.9152366,bm,1.48,15.940,>15.940,99.990,0.402,0.306,g
2459941.41609,2022-12-27.9164846,bm,1.49,15.953,>15.953,99.990,0.694,0.302,g
2459941.44024,2022-12-27.9406398,bm,1.48,15.886,>15.886,99.990,0.415,0.321,g
2459941.44149,2022-12-27.9418908,bm,1.53,15.910,>15.910,99.990,0.417,0.314,g
2459941.44273,2022-12-27.9431267,bm,1.57,16.052,>16.052,99.990,0.233,0.276,g
2459941.54333,2022-12-28.0437321,bm,1.5,15.861,>15.861,99.990,0.416,0.329,g
2459941.54457,2022-12-28.0449706,bm,1.48,16.077,>16.077,99.990,0.173,0.269,g
2459941.54580,2022-12-28.0461996,bm,1.48,16.048,>16.048,99.990,0.410,0.277,g
2459942.35368,2022-12-28.8540829,bm,1.45,15.856,>15.856,99.990,0.049,0.330,g
2459942.35492,2022-12-28.8553234,bm,1.51,16.040,>16.040,99.990,0.269,0.279,g
2459942.35617,2022-12-28.8565711,bm,1.5,15.904,>15.904,99.990,0.299,0.316,g
2459942.38433,2022-12-28.8847329,bm,1.49,15.847,>15.847,99.990,-0.088,0.333,g
2459942.38557,2022-12-28.8859822,bm,1.56,15.961,>15.961,99.990,0.581,0.300,g
2459942.38681,2022-12-28.8872171,bm,1.5,15.967,>15.967,99.990,0.392,0.298,g
2459942.53980,2022-12-29.0401962,bm,2.15,16.057,>16.057,99.990,-0.311,0.274,g
2459942.54102,2022-12-29.0414348,bm,2.14,15.986,>15.986,99.990,0.163,0.293,g
2459942.54226,2022-12-29.0426710,bm,2.17,15.951,>15.951,99.990,0.449,0.303,g
2459942.79058,2022-12-29.2909814,bi,1.5,16.140,>16.140,99.990,0.640,0.254,g
2459942.79182,2022-12-29.2922233,bi,1.42,15.975,>15.975,99.990,0.522,0.296,g
2459942.79308,2022-12-29.2934780,bi,1.43,15.989,>15.989,99.990,0.660,0.292,g
2459943.37320,2022-12-29.8736045,bm,2.21,15.969,>15.969,99.990,0.081,0.297,g
2459943.37488,2022-12-29.8752810,bm,2.21,16.096,>16.096,99.990,0.148,0.265,g
2459943.40171,2022-12-29.9021247,bm,2.29,15.924,>15.924,99.990,0.062,0.310,g
2459943.40305,2022-12-29.9034589,bm,2.31,16.014,>16.014,99.990,0.320,0.285,g
2459943.40466,2022-12-29.9050734,bm,2.34,15.869,>15.869,99.990,0.330,0.326,g
2459943.43084,2022-12-29.9312576,bm,2.37,16.004,>16.004,99.990,0.113,0.288,g
2459943.43210,2022-12-29.9325008,bm,2.37,15.997,>15.997,99.990,0.060,0.290,g
2459943.43343,2022-12-29.9338427,bm,2.34,15.975,>15.975,99.990,0.154,0.296,g
2459943.77064,2022-12-30.2710440,bE,1.57,16.033,>16.033,99.990,0.596,0.280,g
2459943.77193,2022-12-30.2723311,bE,1.58,16.123,>16.123,99.990,0.407,0.258,g
2459943.77323,2022-12-30.2736348,bE,1.53,16.061,>16.061,99.990,0.306,0.273,g
2459944.40471,2022-12-30.9051109,bm,1.47,15.890,>15.890,99.990,0.392,0.320,g
2459944.40594,2022-12-30.9063553,bm,1.52,16.020,>16.020,99.990,0.327,0.284,g
2459944.40718,2022-12-30.9075937,bm,1.53,15.871,>15.871,99.990,0.116,0.325,g
2459944.49574,2022-12-30.9961539,bm,1.59,15.953,>15.953,99.990,0.337,0.302,g
2459944.49697,2022-12-30.9973839,bm,1.51,16.257,>16.257,99.990,0.298,0.228,g
2459944.49820,2022-12-30.9986116,bm,1.55,15.985,>15.985,99.990,0.451,0.293,g
2459944.50341,2022-12-31.0038179,bm,1.61,16.125,>16.125,99.990,0.564,0.258,g
2459944.50463,2022-12-31.0050457,bm,1.61,15.731,>15.731,99.990,0.311,0.370,g
2459944.50586,2022-12-31.0062747,bm,1.59,15.853,>15.853,99.990,0.035,0.331,g
2459944.58482,2022-12-31.0852318,bm,2.01,16.009,>16.009,99.990,0.296,0.287,g
2459944.58606,2022-12-31.0864740,bm,2.0,15.851,>15.851,99.990,0.225,0.332,g
2459944.58731,2022-12-31.0877240,bm,2.02,15.976,>15.976,99.990,0.394,0.296,g
2459945.43034,2022-12-31.9307578,bm,1.57,15.783,>15.783,99.990,0.421,0.353,g
2459945.43160,2022-12-31.9320155,bm,1.45,15.961,>15.961,99.990,0.099,0.300,g
2459945.43284,2022-12-31.9332608,bm,1.53,15.879,>15.879,99.990,0.542,0.323,g
2459945.63376,2023-01-01.1341717,bE,1.53,15.980,>15.980,99.990,0.431,0.294,g
2459945.63506,2023-01-01.1354715,bE,1.53,15.948,>15.948,99.990,0.483,0.303,g
2459945.63634,2023-01-01.1367547,bE,1.48,15.925,>15.925,99.990,0.220,0.310,g
2459945.72044,2023-01-01.2208534,bi,1.6,15.934,>15.934,99.990,0.462,0.307,g
2459945.72168,2023-01-01.2220877,bi,1.63,15.920,>15.920,99.990,0.119,0.311,g
2459945.72292,2023-01-01.2233331,bi,1.54,15.932,>15.932,99.990,0.361,0.308,g
2459946.39252,2023-01-01.8929309,bm,2.0,15.819,>15.819,99.990,0.073,0.342,g
2459946.39376,2023-01-01.8941753,bm,2.01,15.902,>15.902,99.990,0.171,0.316,g
2459946.39509,2023-01-01.8954980,bm,2.01,16.019,>16.019,99.990,0.513,0.284,g
2459946.51078,2023-01-02.0111879,bm,1.54,15.941,>15.941,99.990,0.294,0.305,g
2459946.51201,2023-01-02.0124271,bm,1.5,15.929,>15.929,99.990,0.535,0.309,g
2459946.51325,2023-01-02.0136680,bm,1.59,16.019,>16.019,99.990,0.219,0.284,g
2459946.64481,2023-01-02.1452283,bi,1.4,15.917,>15.917,99.990,0.625,0.312,g
2459946.64606,2023-01-02.1464751,bi,1.39,15.918,>15.918,99.990,-0.033,0.312,g
2459946.64731,2023-01-02.1477217,bi,1.5,15.935,>15.935,99.990,0.294,0.307,g
2459947.31199,2023-01-02.8124162,bm,2.18,15.911,>15.911,99.990,0.150,0.314,g
2459947.31323,2023-01-02.8136557,bm,2.17,15.748,>15.748,99.990,0.221,0.364,g
2459947.31448,2023-01-02.8148951,bm,2.15,15.826,>15.826,99.990,-0.100,0.339,g
2459947.45160,2023-01-02.9520207,bm,1.5,15.802,>15.802,99.990,-0.114,0.347,g
2459947.45284,2023-01-02.9532545,bm,1.55,15.973,>15.973,99.990,0.288,0.296,g
2459947.45410,2023-01-02.9545246,bm,1.47,15.768,>15.768,99.990,0.343,0.358,g
2459948.35163,2023-01-03.8520509,bm,1.53,15.737,>15.737,99.990,1.130,0.368,g
2459948.35287,2023-01-03.8532978,bm,1.61,15.731,>15.731,99.990,0.500,0.370,g
2459948.35411,2023-01-03.8545364,bm,1.51,15.681,>15.681,99.990,0.176,0.388,g
2459948.59647,2023-01-04.0968913,bE,1.6,16.075,>16.075,99.990,0.473,0.270,g
2459948.59776,2023-01-04.0981843,bE,1.56,15.850,>15.850,99.990,0.105,0.332,g
2459948.59906,2023-01-04.0994815,bE,1.54,15.899,>15.899,99.990,0.035,0.317,g
2459949.60299,2023-01-05.1034200,bi,1.5,15.911,>15.911,99.990,0.800,0.314,g
2459949.60422,2023-01-05.1046535,bi,1.52,15.870,>15.870,99.990,0.742,0.326,g
2459949.60548,2023-01-05.1059072,bi,1.52,15.707,>15.707,99.990,0.340,0.379,g
2459950.33894,2023-01-05.8393652,bm,2.07,15.574,>15.574,99.990,0.074,0.428,g
2459951.28938,2023-01-06.7898143,bm,1.49,15.610,>15.610,99.990,0.362,0.414,g
2459951.29115,2023-01-06.7915817,bm,1.52,15.492,>15.492,99.990,0.570,0.462,g
2459951.29244,2023-01-06.7928685,bm,1.55,15.737,>15.737,99.990,0.434,0.368,g
2459951.43414,2023-01-06.9345681,bm,2.02,15.602,>15.602,99.990,-0.158,0.417,g
2459951.43538,2023-01-06.9358067,bm,2.04,15.591,>15.591,99.990,1.492,0.421,g
2459951.43665,2023-01-06.9370863,bm,2.07,15.544,>15.544,99.990,-0.515,0.440,g
2459951.53414,2023-01-07.0345700,bm,2.24,15.572,>15.572,99.990,0.425,0.429,g
2459951.53538,2023-01-07.0358108,bm,2.23,15.361,>15.361,99.990,0.362,0.521,g
2459951.53661,2023-01-07.0370398,bm,2.26,15.394,>15.394,99.990,-0.507,0.505,g
2459951.65043,2023-01-07.1508548,bi,1.37,15.488,>15.488,99.990,0.131,0.463,g
2459951.65166,2023-01-07.1520921,bi,1.54,15.143,>15.143,99.990,0.302,0.637,g
2459952.34508,2023-01-07.8455142,bm,1.51,15.668,>15.668,99.990,0.405,0.392,g
2459952.34633,2023-01-07.8467658,bm,1.55,15.608,>15.608,99.990,0.224,0.415,g
2459952.34758,2023-01-07.8480157,bm,1.52,15.728,>15.728,99.990,-0.037,0.371,g
2459952.45177,2023-01-07.9522108,bm,1.6,15.673,>15.673,99.990,0.290,0.391,g
2459952.45301,2023-01-07.9534493,bm,1.51,15.559,>15.559,99.990,-0.416,0.434,g
2459952.45425,2023-01-07.9546890,bm,1.52,15.588,>15.588,99.990,0.381,0.423,g
2459952.49000,2023-01-07.9904325,bm,1.53,15.577,>15.577,99.990,0.546,0.427,g
2459952.49125,2023-01-07.9916848,bm,1.52,15.817,>15.817,99.990,-0.892,0.342,g
2459952.49250,2023-01-07.9929359,bm,1.5,15.519,>15.519,99.990,0.489,0.450,g
2459952.55267,2023-01-08.0530961,bi,1.74,15.948,>15.948,99.990,0.045,0.303,g
2459952.55392,2023-01-08.0543474,bi,1.69,15.747,>15.747,99.990,0.525,0.365,g
2459952.55516,2023-01-08.0555940,bi,1.65,16.037,>16.037,99.990,0.518,0.279,g
2459952.57291,2023-01-08.0733380,bi,1.58,15.792,>15.792,99.990,0.038,0.350,g
2459952.57414,2023-01-08.0745725,bi,1.51,15.774,>15.774,99.990,-0.134,0.356,g
2459952.57539,2023-01-08.0758145,bi,1.57,15.932,>15.932,99.990,0.143,0.308,g
2459952.69419,2023-01-08.1946197,bi,1.45,15.782,>15.782,99.990,0.201,0.353,g
2459952.69543,2023-01-08.1958581,bi,1.51,15.698,>15.698,99.990,0.306,0.382,g
2459952.69667,2023-01-08.1971032,bi,1.52,15.718,>15.718,99.990,0.561,0.375,g
2459953.34870,2023-01-08.8491288,bm,1.71,15.786,>15.786,99.990,0.240,0.352,g
2459953.34992,2023-01-08.8503590,bm,1.73,15.839,>15.839,99.990,-0.138,0.335,g
2459953.35115,2023-01-08.8515975,bm,1.68,15.746,>15.746,99.990,0.323,0.365,g
2459953.58414,2023-01-09.0845707,bE,1.56,15.983,>15.983,99.990,0.221,0.294,g
2459953.58542,2023-01-09.0858561,bE,1.55,15.967,>15.967,99.990,0.252,0.298,g
2459953.58671,2023-01-09.0871502,bE,1.57,15.952,>15.952,99.990,0.495,0.302,g
2459953.66397,2023-01-09.1644075,bE,1.54,15.892,>15.892,99.990,0.093,0.319,g
2459953.66527,2023-01-09.1657067,bE,1.53,15.923,>15.923,99.990,0.344,0.310,g
2459953.66656,2023-01-09.1669930,bE,1.58,15.781,>15.781,99.990,0.463,0.354,g
2459954.29430,2023-01-09.7947351,bm,1.63,16.082,>16.082,99.990,0.636,0.268,g
2459954.29554,2023-01-09.7959747,bm,1.52,15.982,>15.982,99.990,0.092,0.294,g
2459954.29679,2023-01-09.7972215,bm,1.61,15.941,>15.941,99.990,0.165,0.305,g
2459954.43888,2023-01-09.9393118,bm,1.47,15.785,>15.785,99.990,0.720,0.352,g
2459954.44011,2023-01-09.9405442,bm,1.45,15.721,>15.721,99.990,0.915,0.374,g
2459954.44135,2023-01-09.9417874,bm,1.54,15.725,>15.725,99.990,0.840,0.372,g
2459954.63796,2023-01-10.1383966,bi,1.41,15.969,>15.969,99.990,0.335,0.297,g
2459954.63920,2023-01-10.1396373,bi,1.48,15.935,>15.935,99.990,0.883,0.307,g
2459954.64045,2023-01-10.1408839,bi,1.48,15.771,>15.771,99.990,0.251,0.357,g
2459955.29417,2023-01-10.7946144,bm,2.22,15.760,>15.760,99.990,-0.192,0.361,g
2459955.29545,2023-01-10.7958881,bm,2.19,15.814,>15.814,99.990,0.089,0.343,g
2459955.29672,2023-01-10.7971618,bm,2.19,16.013,>16.013,99.990,0.416,0.286,g
2459955.44476,2023-01-10.9451965,bm,1.63,15.715,>15.715,99.990,0.256,0.376,g
2459955.44600,2023-01-10.9464405,bm,1.65,15.731,>15.731,99.990,-0.008,0.370,g
2459955.44726,2023-01-10.9477047,bm,1.65,15.790,>15.790,99.990,0.457,0.351,g
2459955.55056,2023-01-11.0509994,bE,1.6,15.983,>15.983,99.990,0.374,0.294,g
2459955.55185,2023-01-11.0522881,bE,1.63,16.190,>16.190,99.990,0.241,0.243,g
2459955.55313,2023-01-11.0535714,bE,1.62,16.073,>16.073,99.990,0.407,0.270,g
2459955.63070,2023-01-11.1311407,bE,1.54,15.952,>15.952,99.990,0.388,0.302,g
2459955.63199,2023-01-11.1324311,bE,1.48,15.984,>15.984,99.990,0.149,0.293,g
2459955.63327,2023-01-11.1337093,bE,1.52,15.964,>15.964,99.990,0.673,0.299,g
2459957.64445,2023-01-13.1448974,bE,1.42,16.141,>16.141,99.990,0.410,0.254,g
2459957.64575,2023-01-13.1461971,bE,1.52,16.244,>16.244,99.990,0.541,0.231,g
2459957.64704,2023-01-13.1474847,bE,1.5,16.046,>16.046,99.990,0.209,0.277,g
2459957.71532,2023-01-13.2157650,bi,1.48,15.999,>15.999,99.990,0.615,0.289,g
2459957.71656,2023-01-13.2170070,bi,1.45,15.886,>15.886,99.990,0.007,0.321,g
2459957.71782,2023-01-13.2182615,bi,1.46,16.022,>16.022,99.990,0.445,0.283,g
2459958.31839,2023-01-13.8188312,bm,2.09,99.990,99.990,99.990,99.990,99.990,g
2459958.53821,2023-01-14.0386526,bi,2.01,15.945,>15.945,99.990,-0.108,0.304,g
2459958.53945,2023-01-14.0398943,bi,1.96,16.170,>16.170,99.990,0.363,0.247,g
2459958.54069,2023-01-14.0411349,bi,1.74,16.059,>16.059,99.990,0.438,0.274,g
2459958.79264,2023-01-14.2930795,bE,1.54,16.023,>16.023,99.990,0.256,0.283,g
2459958.79394,2023-01-14.2943792,bE,1.48,15.970,>15.970,99.990,0.551,0.297,g
2459958.79523,2023-01-14.2956773,bE,1.49,15.992,>15.992,99.990,-0.014,0.291,g
2459959.30329,2023-01-14.8037291,bm,2.47,99.990,99.990,99.990,99.990,99.990,g
2459959.30453,2023-01-14.8049714,bm,2.42,99.990,99.990,99.990,99.990,99.990,g
2459959.30576,2023-01-14.8062061,bm,2.45,99.990,99.990,99.990,99.990,99.990,g
2459959.45284,2023-01-14.9532835,bm,1.68,16.176,>16.176,99.990,0.450,0.246,g
2459959.45409,2023-01-14.9545356,bm,1.66,16.097,>16.097,99.990,0.336,0.265,g
2459959.45533,2023-01-14.9557770,bm,1.66,16.274,>16.274,99.990,0.214,0.225,g
2459959.50795,2023-01-15.0083915,bm,1.66,16.141,>16.141,99.990,0.527,0.254,g
2459959.50919,2023-01-15.0096335,bm,1.61,15.908,>15.908,99.990,0.184,0.315,g
2459959.51043,2023-01-15.0108756,bm,1.55,15.913,>15.913,99.990,0.224,0.313,g
2459959.53812,2023-01-15.0385677,bi,2.13,16.126,>16.126,99.990,0.221,0.257,g
2459959.53936,2023-01-15.0398108,bi,2.16,16.140,>16.140,99.990,0.254,0.254,g
2459959.54062,2023-01-15.0410626,bi,2.1,16.235,>16.235,99.990,0.038,0.233,g
2459960.28036,2023-01-15.7808024,bm,2.49,99.990,99.990,99.990,99.990,99.990,g
2459961.52985,2023-01-17.0302961,bE,2.03,15.913,>15.913,99.990,0.538,0.313,g
2459961.53114,2023-01-17.0315929,bE,1.97,15.960,>15.960,99.990,-0.126,0.300,g
2459961.53244,2023-01-17.0328901,bE,1.98,15.919,>15.919,99.990,0.270,0.311,g
2459961.66349,2023-01-17.1639348,bi,1.45,15.908,>15.908,99.990,0.374,0.315,g
2459961.66473,2023-01-17.1651799,bi,1.44,15.938,>15.938,99.990,0.369,0.306,g
2459961.66598,2023-01-17.1664309,bi,1.41,15.915,>15.915,99.990,0.374,0.313,g
2459962.55993,2023-01-18.0603790,bE,1.67,16.085,>16.085,99.990,0.161,0.267,g
2459962.56122,2023-01-18.0616680,bE,1.64,16.072,>16.072,99.990,0.156,0.271,g
2459962.56251,2023-01-18.0629631,bE,1.61,16.179,>16.179,99.990,0.255,0.245,g
2459963.76332,2023-01-19.2637701,bE,1.61,15.977,>15.977,99.990,0.228,0.295,g
2459963.76461,2023-01-19.2650652,bE,1.52,16.116,>16.116,99.990,0.314,0.260,g
2459963.76591,2023-01-19.2663685,bE,1.57,16.097,>16.097,99.990,0.099,0.264,g
2459964.78805,2023-01-20.2885008,bE,1.66,16.081,>16.081,99.990,0.028,0.268,g
2459964.78934,2023-01-20.2897910,bE,1.59,16.072,>16.072,99.990,0.345,0.271,g
2459966.77885,2023-01-22.2792998,bE,1.58,16.050,>16.050,99.990,0.509,0.276,g
2459966.78013,2023-01-22.2805828,bE,1.57,16.117,>16.117,99.990,0.311,0.259,g
2459966.78142,2023-01-22.2818721,bE,1.5,15.958,>15.958,99.990,0.375,0.301,g
2459967.51911,2023-01-23.0195604,bm,1.53,15.952,>15.952,99.990,0.422,0.302,g
2459967.52036,2023-01-23.0208093,bm,1.57,16.025,>16.025,99.990,0.545,0.283,g
2459967.52160,2023-01-23.0220528,bm,1.53,16.057,>16.057,99.990,0.267,0.274,g
2459968.52204,2023-01-24.0224976,bm,1.5,15.997,>15.997,99.990,0.238,0.290,g
2459968.52328,2023-01-24.0237406,bm,1.55,16.021,>16.021,99.990,0.325,0.283,g
2459968.52453,2023-01-24.0249886,bm,1.41,15.933,>15.933,99.990,0.422,0.308,g
2459968.75968,2023-01-24.2601334,bi,1.42,16.056,>16.056,99.990,0.269,0.274,g
2459968.76093,2023-01-24.2613789,bi,1.34,16.026,>16.026,99.990,0.229,0.282,g
2459968.76217,2023-01-24.2626204,bi,1.47,15.940,>15.940,99.990,0.374,0.305,g
2459971.52366,2023-01-27.0241082,bm,1.53,16.114,>16.114,99.990,0.272,0.260,g
2459971.52490,2023-01-27.0253499,bm,1.53,15.915,>15.915,99.990,0.437,0.313,g
2459972.28504,2023-01-27.7854966,bm,2.21,16.159,>16.159,99.990,-0.052,0.250,g
2459972.28640,2023-01-27.7868535,bm,2.19,16.030,>16.030,99.990,0.092,0.281,g
2459972.28765,2023-01-27.7881074,bm,2.16,16.171,>16.171,99.990,-0.088,0.247,g
2459973.54166,2023-01-29.0421127,bE,2.07,16.167,>16.167,99.990,0.214,0.248,g
2459973.54295,2023-01-29.0434004,bE,2.11,16.203,>16.203,99.990,0.158,0.240,g
2459973.54423,2023-01-29.0446817,bE,2.05,16.170,>16.170,99.990,0.144,0.247,g
2459974.43142,2023-01-29.9318663,bm,2.11,16.086,>16.086,99.990,0.042,0.267,g
2459974.43266,2023-01-29.9331072,bm,2.16,16.202,>16.202,99.990,0.162,0.240,g
2459974.43390,2023-01-29.9343571,bm,2.11,15.986,>15.986,99.990,0.292,0.293,g
2459974.76227,2023-01-30.2627214,bE,1.6,16.074,>16.074,99.990,0.001,0.270,g
2459975.56650,2023-01-31.0669523,bE,2.0,15.993,>15.993,99.990,0.102,0.291,g
2459975.56779,2023-01-31.0682398,bE,1.98,15.958,>15.958,99.990,0.398,0.300,g
2459975.56907,2023-01-31.0695236,bE,1.99,15.938,>15.938,99.990,0.496,0.306,g
2459977.36475,2023-02-01.8651956,bm,1.5,15.843,>15.843,99.990,0.323,0.334,g
2459977.36599,2023-02-01.8664376,bm,1.49,15.901,>15.901,99.990,0.538,0.317,g
2459977.36723,2023-02-01.8676832,bm,1.57,15.846,>15.846,99.990,-0.045,0.333,g
2459977.67175,2023-02-02.1722018,bi,1.51,15.913,>15.913,99.990,0.121,0.313,g
2459977.67300,2023-02-02.1734555,bi,1.58,15.856,>15.856,99.990,-0.329,0.330,g
2459977.67423,2023-02-02.1746843,bi,1.54,15.898,>15.898,99.990,0.262,0.318,g
2459978.50503,2023-02-03.0054750,bm,1.47,15.811,>15.811,99.990,0.601,0.344,g
2459979.47069,2023-02-03.9711309,bm,1.58,15.747,>15.747,99.990,0.371,0.365,g
2459979.47193,2023-02-03.9723787,bm,1.5,15.781,>15.781,99.990,-0.875,0.354,g
2459979.47317,2023-02-03.9736136,bm,1.52,15.596,>15.596,99.990,0.840,0.419,g
2459980.39148,2023-02-04.8919267,bm,1.58,15.704,>15.704,99.990,-0.031,0.380,g
2459980.39273,2023-02-04.8931782,bm,1.56,16.149,>16.149,99.990,-0.563,0.252,g
2459980.39397,2023-02-04.8944140,bm,1.5,15.727,>15.727,99.990,0.277,0.372,g
2459980.65828,2023-02-05.1587262,bi,1.57,15.642,>15.642,99.990,-0.064,0.402,g
2459980.65951,2023-02-05.1599653,bi,1.57,15.730,>15.730,99.990,-0.094,0.371,g
2459980.66076,2023-02-05.1612093,bi,1.53,15.816,>15.816,99.990,-0.088,0.342,g
2459981.71199,2023-02-06.2124311,bE,1.65,15.807,>15.807,99.990,0.311,0.345,g
2459981.71329,2023-02-06.2137339,bE,1.67,15.601,>15.601,99.990,-0.308,0.417,g
2459981.71457,2023-02-06.2150222,bE,1.62,15.714,>15.714,99.990,0.115,0.376,g
2459982.39335,2023-02-06.8937932,bm,1.53,15.601,>15.601,99.990,0.772,0.417,g
2459982.39460,2023-02-06.8950368,bm,1.59,15.915,>15.915,99.990,0.645,0.313,g
2459982.39583,2023-02-06.8962714,bm,1.59,15.727,>15.727,99.990,0.154,0.372,g
2459982.70331,2023-02-07.2037523,bE,2.01,15.726,>15.726,99.990,0.370,0.372,g
2459982.70460,2023-02-07.2050471,bE,2.01,15.841,>15.841,99.990,0.018,0.335,g
2459982.70590,2023-02-07.2063442,bE,2.02,15.682,>15.682,99.990,0.385,0.387,g
2459983.66089,2023-02-08.1613321,bE,2.01,15.990,>15.990,99.990,0.466,0.292,g
2459983.66219,2023-02-08.1626335,bE,2.0,15.896,>15.896,99.990,0.043,0.318,g
2459983.66349,2023-02-08.1639291,bE,2.0,16.012,>16.012,99.990,0.506,0.286,g
2459984.69433,2023-02-09.1947633,bi,1.53,15.829,>15.829,99.990,0.409,0.338,g
2459984.69557,2023-02-09.1960075,bi,1.55,15.802,>15.802,99.990,0.463,0.347,g
2459984.69682,2023-02-09.1972591,bi,1.55,15.904,>15.904,99.990,0.291,0.316,g
2459985.27922,2023-02-09.7796626,bm,1.63,16.092,>16.092,99.990,0.466,0.266,g
2459985.28047,2023-02-09.7809070,bm,1.58,16.094,>16.094,99.990,0.478,0.265,g
2459985.28170,2023-02-09.7821432,bm,1.53,16.240,>16.240,99.990,0.302,0.232,g
2459985.72421,2023-02-10.2246491,bE,2.13,16.148,>16.148,99.990,0.078,0.252,g
2459985.72550,2023-02-10.2259378,bE,2.12,15.977,>15.977,99.990,-0.106,0.295,g
2459985.72681,2023-02-10.2272461,bE,2.12,16.029,>16.029,99.990,0.192,0.281,g
2459986.72499,2023-02-11.2254281,bE,1.73,15.955,>15.955,99.990,0.328,0.301,g
2459986.72629,2023-02-11.2267263,bE,1.68,15.821,>15.821,99.990,0.037,0.341,g
2459986.72759,2023-02-11.2280217,bE,1.73,15.838,>15.838,99.990,-0.551,0.336,g
2459987.70523,2023-02-12.2056578,bE,1.99,15.975,>15.975,99.990,0.046,0.296,g
2459987.70652,2023-02-12.2069464,bE,1.99,15.926,>15.926,99.990,-0.039,0.309,g
2459987.70781,2023-02-12.2082457,bE,1.98,15.853,>15.853,99.990,0.232,0.331,g
2459988.34137,2023-02-12.8417980,bm,1.52,16.104,>16.104,99.990,0.499,0.263,g
2459988.34262,2023-02-12.8430444,bm,1.59,16.056,>16.056,99.990,0.068,0.275,g
2459988.34386,2023-02-12.8442831,bm,1.6,16.155,>16.155,99.990,0.477,0.251,g
2459988.36405,2023-02-12.8644804,bm,1.53,16.054,>16.054,99.990,0.451,0.275,g
2459988.36530,2023-02-12.8657256,bm,1.61,15.951,>15.951,99.990,0.507,0.302,g
2459988.36654,2023-02-12.8669630,bm,1.52,16.007,>16.007,99.990,0.420,0.287,g
2459988.64939,2023-02-13.1498184,bi,1.5,15.981,>15.981,99.990,0.296,0.294,g
2459988.65062,2023-02-13.1510471,bi,1.47,16.125,>16.125,99.990,0.241,0.258,g
2459988.65187,2023-02-13.1523013,bi,1.48,16.080,>16.080,99.990,0.224,0.269,g
2459990.28702,2023-02-14.7874399,bm,2.08,16.203,>16.203,99.990,0.032,0.240,g
2459990.28826,2023-02-14.7886787,bm,2.06,16.378,>16.378,99.990,0.028,0.204,g
2459990.28951,2023-02-14.7899261,bm,2.03,16.347,>16.347,99.990,0.227,0.210,g
2459990.44272,2023-02-14.9431420,bm,1.52,15.954,>15.954,99.990,0.239,0.302,g
2459990.44394,2023-02-14.9443709,bm,1.57,15.972,>15.972,99.990,0.422,0.297,g
2459990.44519,2023-02-14.9456123,bm,1.49,15.949,>15.949,99.990,0.157,0.303,g
2459990.67497,2023-02-15.1753923,bi,1.52,16.030,>16.030,99.990,0.454,0.281,g
2459990.67622,2023-02-15.1766386,bi,1.46,16.034,>16.034,99.990,0.433,0.280,g
2459990.67747,2023-02-15.1778908,bi,1.5,15.973,>15.973,99.990,0.422,0.296,g
2459992.55330,2023-02-17.0537204,bi,1.59,16.119,>16.119,99.990,0.138,0.259,g
2459992.55455,2023-02-17.0549616,bi,1.57,16.099,>16.099,99.990,0.121,0.264,g
2459994.26763,2023-02-18.7680394,bm,1.53,16.006,>16.006,99.990,0.222,0.287,g
2459994.26900,2023-02-18.7694123,bm,1.65,16.031,>16.031,99.990,0.381,0.281,g
2459994.27046,2023-02-18.7708689,bm,1.51,16.068,>16.068,99.990,0.430,0.272,g
2459995.60706,2023-02-20.1074702,bi,1.55,16.003,>16.003,99.990,0.010,0.288,g
2459995.60830,2023-02-20.1087166,bi,1.47,16.027,>16.027,99.990,0.205,0.282,g
2459995.60956,2023-02-20.1099628,bi,1.48,16.111,>16.111,99.990,0.365,0.261,g
2459996.70109,2023-02-21.2014973,bE,1.61,16.059,>16.059,99.990,-0.036,0.274,g
2459996.70239,2023-02-21.2027938,bE,1.61,16.028,>16.028,99.990,-0.058,0.282,g
2459997.58273,2023-02-22.0831281,bi,1.53,15.946,>15.946,99.990,0.388,0.304,g
2459997.58397,2023-02-22.0843653,bi,1.46,16.131,>16.131,99.990,0.594,0.256,g
2459997.58521,2023-02-22.0856165,bi,1.45,16.014,>16.014,99.990,0.259,0.285,g
2459998.41358,2023-02-22.9139771,bm,1.52,16.023,>16.023,99.990,0.263,0.283,g
2459998.41482,2023-02-22.9152187,bm,1.52,16.060,>16.060,99.990,0.430,0.274,g
2459998.41607,2023-02-22.9164711,bm,1.63,16.098,>16.098,99.990,0.380,0.264,g
2459998.69639,2023-02-23.1967934,bE,1.55,16.135,>16.135,99.990,0.112,0.255,g
2459999.44747,2023-02-23.9478589,bm,1.53,16.093,>16.093,99.990,0.428,0.265,g
2460000.41568,2023-02-24.9160694,bm,1.53,16.073,>16.073,99.990,0.381,0.270,g
2460000.41694,2023-02-24.9173254,bm,1.55,16.047,>16.047,99.990,0.458,0.277,g
2460000.41818,2023-02-24.9185640,bm,1.58,16.139,>16.139,99.990,0.474,0.254,g
2460001.37794,2023-02-25.8783243,bm,1.58,16.150,>16.150,99.990,0.578,0.252,g
2460001.37918,2023-02-25.8795623,bm,1.55,16.044,>16.044,99.990,0.715,0.278,g
2460001.38042,2023-02-25.8808081,bm,1.55,16.161,>16.161,99.990,0.706,0.249,g
2460001.43136,2023-02-25.9317471,bm,2.0,16.053,>16.053,99.990,0.202,0.275,g
2460001.43262,2023-02-25.9330027,bm,1.62,16.012,>16.012,99.990,0.078,0.286,g
2460001.43386,2023-02-25.9342387,bm,1.59,15.991,>15.991,99.990,0.291,0.291,g
2460002.41284,2023-02-26.9132196,bm,1.53,16.078,>16.078,99.990,0.433,0.269,g
2460002.41408,2023-02-26.9144582,bm,1.57,16.074,>16.074,99.990,0.365,0.270,g
2460002.41533,2023-02-26.9157096,bm,1.64,16.054,>16.054,99.990,0.624,0.275,g
2460002.43960,2023-02-26.9399780,bm,1.44,16.022,>16.022,99.990,0.401,0.283,g
2460003.37327,2023-02-27.8736474,bm,1.54,15.970,>15.970,99.990,0.164,0.297,g
2460003.37452,2023-02-27.8748930,bm,1.55,15.954,>15.954,99.990,0.229,0.302,g
2460003.37575,2023-02-27.8761291,bm,1.53,15.886,>15.886,99.990,0.257,0.321,g
2460006.65078,2023-03-03.1511440,bE,1.7,15.873,>15.873,99.990,0.273,0.325,g
2460006.65208,2023-03-03.1524407,bE,1.66,15.835,>15.835,99.990,0.268,0.337,g
2460006.65337,2023-03-03.1537337,bE,1.56,15.870,>15.870,99.990,0.016,0.326,g
2460007.63723,2023-03-04.1375854,bE,1.64,15.989,>15.989,99.990,0.268,0.292,g
2460007.63852,2023-03-04.1388785,bE,1.65,16.069,>16.069,99.990,0.080,0.271,g
2460007.63981,2023-03-04.1401684,bE,1.55,15.881,>15.881,99.990,0.486,0.323,g
2460009.65838,2023-03-06.1587228,bE,1.63,15.715,>15.715,99.990,-0.067,0.376,g
2460009.65966,2023-03-06.1600138,bE,1.61,15.710,>15.710,99.990,0.170,0.378,g
2460009.66095,2023-03-06.1612978,bE,1.7,15.850,>15.850,99.990,0.580,0.332,g
2460010.64844,2023-03-07.1487755,bE,1.53,15.771,>15.771,99.990,0.813,0.357,g
2460010.64972,2023-03-07.1500587,bE,1.52,15.622,>15.622,99.990,0.156,0.409,g
2460010.65101,2023-03-07.1513454,bE,1.51,15.629,>15.629,99.990,0.008,0.407,g
2460012.64285,2023-03-09.1431820,bE,1.59,15.748,>15.748,99.990,0.151,0.365,g
2460012.64415,2023-03-09.1444810,bE,1.62,15.956,>15.956,99.990,0.582,0.301,g
2460012.64545,2023-03-09.1457807,bE,1.65,15.778,>15.778,99.990,-0.208,0.355,g
2460013.29401,2023-03-09.7943354,bm,1.59,15.934,>15.934,99.990,0.146,0.307,g
2460013.29524,2023-03-09.7955665,bm,1.53,15.890,>15.890,99.990,-0.097,0.320,g
2460013.29653,2023-03-09.7968502,bm,1.55,15.989,>15.989,99.990,0.408,0.292,g
2460014.39667,2023-03-10.8970021,bm,1.56,15.736,>15.736,99.990,0.777,0.369,g
2460014.39797,2023-03-10.8982982,bm,1.59,15.793,>15.793,99.990,0.422,0.350,g
2460014.39922,2023-03-10.8995483,bm,1.56,15.904,>15.904,99.990,0.633,0.316,g
2460014.64824,2023-03-11.1485638,bE,1.6,15.828,>15.828,99.990,0.296,0.339,g
2460014.64952,2023-03-11.1498461,bE,1.46,15.804,>15.804,99.990,0.601,0.346,g
2460014.65081,2023-03-11.1511365,bE,1.51,16.165,>16.165,99.990,0.308,0.248,g
2460015.27686,2023-03-11.7771743,bm,1.58,16.079,>16.079,99.990,0.314,0.269,g
2460015.27810,2023-03-11.7784162,bm,1.49,15.994,>15.994,99.990,0.525,0.291,g
2460015.27935,2023-03-11.7796674,bm,1.5,16.109,>16.109,99.990,0.314,0.261,g
2460015.52784,2023-03-12.0281510,bE,2.18,16.063,>16.063,99.990,0.141,0.273,g
2460015.52912,2023-03-12.0294412,bE,2.15,16.211,>16.211,99.990,0.359,0.238,g
2460015.53043,2023-03-12.0307484,bE,2.12,16.199,>16.199,99.990,0.155,0.241,g
2460016.24193,2023-03-12.7422432,bm,1.95,15.797,>15.797,99.990,-0.423,0.349,g
2460016.24317,2023-03-12.7434851,bm,1.76,15.792,>15.792,99.990,-0.043,0.350,g
2460016.24441,2023-03-12.7447224,bm,1.66,16.014,>16.014,99.990,0.245,0.286,g
2460016.33096,2023-03-12.8312702,bm,1.49,16.044,>16.044,99.990,0.292,0.278,g
2460016.33226,2023-03-12.8325685,bm,1.52,15.941,>15.941,99.990,0.445,0.305,g
2460016.33350,2023-03-12.8338162,bm,1.54,16.006,>16.006,99.990,0.300,0.287,g
2460016.56732,2023-03-13.0676305,bi,1.47,16.069,>16.069,99.990,0.439,0.271,g
2460016.56856,2023-03-13.0688688,bi,1.46,16.076,>16.076,99.990,0.351,0.270,g
2460016.56979,2023-03-13.0701033,bi,1.36,16.043,>16.043,99.990,0.517,0.278,g
2460017.26004,2023-03-13.7603489,bm,2.03,16.309,>16.309,99.990,0.090,0.217,g
2460017.26167,2023-03-13.7619846,bm,2.03,16.098,>16.098,99.990,0.079,0.264,g
2460017.26325,2023-03-13.7635564,bm,2.03,16.172,>16.172,99.990,0.094,0.247,g
2460017.50919,2023-03-14.0095,bi,1.61,16.065,>16.065,99.990,0.246,0.272,g
2460017.51044,2023-03-14.0107396,bi,1.56,16.229,>16.229,99.990,0.133,0.234,g
2460017.51168,2023-03-14.0119842,bi,1.6,16.205,>16.205,99.990,0.634,0.239,g
2460017.56653,2023-03-14.0668362,bi,1.53,16.054,>16.054,99.990,0.248,0.275,g
2460017.56777,2023-03-14.0680732,bi,1.46,16.007,>16.007,99.990,0.303,0.287,g
2460017.56901,2023-03-14.0693152,bi,1.43,15.975,>15.975,99.990,0.410,0.296,g
2460017.63623,2023-03-14.1365320,bE,1.64,15.896,>15.896,99.990,0.233,0.318,g
2460017.63751,2023-03-14.1378165,bE,1.58,16.013,>16.013,99.990,0.212,0.286,g
2460017.63881,2023-03-14.1391083,bE,1.59,15.950,>15.950,99.990,0.538,0.303,g
2460018.55389,2023-03-15.0541890,bi,1.52,16.045,>16.045,99.990,0.181,0.277,g
2460018.55512,2023-03-15.0554271,bi,1.49,16.156,>16.156,99.990,0.378,0.251,g
2460018.55636,2023-03-15.0566656,bi,1.44,15.972,>15.972,99.990,0.334,0.297,g
2460018.58043,2023-03-15.0807346,bE,1.65,16.133,>16.133,99.990,0.191,0.256,g
2460018.58173,2023-03-15.0820261,bE,1.66,16.202,>16.202,99.990,0.196,0.240,g
2460018.58302,2023-03-15.0833146,bE,1.7,16.034,>16.034,99.990,0.134,0.280,g
2460019.25001,2023-03-15.7503135,bm,2.03,16.070,>16.070,99.990,0.252,0.271,g
2460019.25131,2023-03-15.7516081,bm,1.98,15.700,>15.700,99.990,0.389,0.381,g
2460019.63050,2023-03-16.1307873,bE,1.64,16.152,>16.152,99.990,0.381,0.251,g
2460019.63178,2023-03-16.1320783,bE,1.56,16.204,>16.204,99.990,0.336,0.240,g
2460019.63307,2023-03-16.1333613,bE,1.66,15.944,>15.944,99.990,0.109,0.304,g
2460020.63632,2023-03-17.1366175,bE,1.5,16.174,>16.174,99.990,0.335,0.246,g
2460021.24742,2023-03-17.7477135,bm,1.59,16.087,>16.087,99.990,0.264,0.267,g
2460021.56253,2023-03-18.0628103,bi,1.48,16.149,>16.149,99.990,0.259,0.252,g
2460021.56502,2023-03-18.0652950,bi,1.46,16.013,>16.013,99.990,0.246,0.286,g
2460022.25240,2023-03-18.7526751,bm,1.57,14.485,>14.485,99.990,-0.854,1.167,g
2460022.25364,2023-03-18.7539189,bm,1.49,15.508,>15.508,99.990,-1.319,0.455,g
2460022.25487,2023-03-18.7551489,bm,1.52,15.451,>15.451,99.990,-0.255,0.479,g
2460022.61372,2023-03-19.1139890,bE,1.69,16.144,>16.144,99.990,0.410,0.253,g
2460022.61498,2023-03-19.1152578,bE,1.71,16.097,>16.097,99.990,0.413,0.264,g
2460022.61628,2023-03-19.1165579,bE,1.72,16.096,>16.096,99.990,0.214,0.265,g
2460025.28213,2023-03-21.7823804,bm,1.53,16.062,>16.062,99.990,0.385,0.273,g
2460025.28358,2023-03-21.7838388,bm,1.52,15.954,>15.954,99.990,0.437,0.302,g
2460025.28505,2023-03-21.7853019,bm,1.54,16.141,>16.141,99.990,0.510,0.254,g
2460025.62080,2023-03-22.1210564,bE,1.59,16.080,>16.080,99.990,0.312,0.268,g
2460025.62208,2023-03-22.1223325,bE,1.56,16.023,>16.023,99.990,-0.017,0.283,g
2460025.62337,2023-03-22.1236232,bE,1.54,16.110,>16.110,99.990,0.212,0.261,g
2460026.61522,2023-03-23.1154679,bE,2.09,16.101,>16.101,99.990,0.255,0.263,g
2460026.61652,2023-03-23.1167657,bE,2.1,16.130,>16.130,99.990,0.073,0.257,g
2460026.61781,2023-03-23.1180553,bE,2.09,16.166,>16.166,99.990,0.014,0.248,g
2460028.57673,2023-03-25.0769625,bi,1.99,16.037,>16.037,99.990,-0.243,0.280,g
2460028.57797,2023-03-25.0782054,bi,2.01,16.198,>16.198,99.990,0.009,0.241,g
2460028.57921,2023-03-25.0794450,bi,1.61,16.085,>16.085,99.990,0.281,0.267,g
2460030.57008,2023-03-27.0702956,bE,1.61,15.984,>15.984,99.990,0.132,0.293,g
2460030.57137,2023-03-27.0715850,bE,1.63,16.121,>16.121,99.990,0.010,0.259,g
2460030.57268,2023-03-27.0728942,bE,1.65,16.036,>16.036,99.990,0.201,0.280,g
2460031.31887,2023-03-27.8190966,bm,1.59,16.081,>16.081,99.990,0.189,0.268,g
2460031.32019,2023-03-27.8204119,bm,1.59,16.036,>16.036,99.990,0.370,0.280,g
2460031.32147,2023-03-27.8216938,bm,1.61,15.991,>15.991,99.990,0.409,0.292,g
2460031.34860,2023-03-27.8488190,bm,1.64,16.134,>16.134,99.990,0.396,0.256,g
2460031.35005,2023-03-27.8502766,bm,1.62,16.199,>16.199,99.990,0.343,0.241,g
2460031.35151,2023-03-27.8517340,bm,1.63,15.951,>15.951,99.990,0.119,0.302,g
2460032.57197,2023-03-29.0721793,bE,2.03,16.087,>16.087,99.990,0.201,0.267,g
2460032.57325,2023-03-29.0734534,bE,2.01,16.016,>16.016,99.990,-0.085,0.285,g
2460032.57454,2023-03-29.0747402,bE,2.02,15.992,>15.992,99.990,0.227,0.291,g
2460033.52612,2023-03-30.0263253,bi,2.13,16.029,>16.029,99.990,-0.020,0.281,g
2460033.52736,2023-03-30.0275673,bi,2.14,16.125,>16.125,99.990,0.053,0.258,g
2460033.52860,2023-03-30.0288103,bi,2.11,16.044,>16.044,99.990,0.147,0.278,g
2460033.59067,2023-03-30.0908721,bi,2.03,15.924,>15.924,99.990,-0.029,0.310,g
2460034.56851,2023-03-31.0687028,bE,2.45,16.085,>16.085,99.990,0.303,0.267,g
2460034.56980,2023-03-31.0699914,bE,2.46,16.068,>16.068,99.990,0.029,0.272,g
2460034.57110,2023-03-31.0712939,bE,2.46,16.137,>16.137,99.990,0.204,0.255,g
2460035.31781,2023-03-31.8179932,bm,1.62,15.828,>15.828,99.990,0.412,0.339,g
2460035.31905,2023-03-31.8192398,bm,1.61,15.885,>15.885,99.990,0.601,0.321,g
2460035.32030,2023-03-31.8204850,bm,1.56,16.099,>16.099,99.990,0.565,0.264,g
2460036.58577,2023-04-02.0859437,bE,1.69,15.937,>15.937,99.990,0.493,0.307,g
2460036.58704,2023-04-02.0872135,bE,1.63,15.944,>15.944,99.990,0.252,0.304,g
2460036.58830,2023-04-02.0884842,bE,1.68,16.037,>16.037,99.990,0.047,0.279,g
2460037.56434,2023-04-03.0645075,bE,1.52,15.887,>15.887,99.990,0.227,0.321,g
2460037.56563,2023-04-03.0658074,bE,1.57,15.796,>15.796,99.990,0.048,0.349,g
2460037.56693,2023-04-03.0670953,bE,1.58,15.883,>15.883,99.990,-0.177,0.322,g
2460038.57882,2023-04-04.0789881,bE,1.51,14.715,>14.715,99.990,0.311,0.944,g
2460038.58012,2023-04-04.0802804,bE,1.53,14.956,>14.956,99.990,1.424,0.757,g
2460038.58142,2023-04-04.0815785,bE,1.44,14.768,>14.768,99.990,0.687,0.899,g
2460039.32137,2023-04-04.8215273,bm,1.58,15.744,>15.744,99.990,1.145,0.366,g
2460039.32262,2023-04-04.822775,bm,1.55,15.715,>15.715,99.990,0.465,0.376,g
2460039.32387,2023-04-04.8240237,bm,1.57,15.837,>15.837,99.990,0.906,0.336,g
2460040.29062,2023-04-05.7907714,bm,1.59,15.841,>15.841,99.990,-0.159,0.335,g
2460040.29189,2023-04-05.7920457,bm,1.52,15.603,>15.603,99.990,0.369,0.417,g
2460040.29313,2023-04-05.7932829,bm,1.58,15.668,>15.668,99.990,0.437,0.392,g
2460040.58176,2023-04-06.0819127,bE,1.5,15.639,>15.639,99.990,0.627,0.403,g
2460040.58305,2023-04-06.0831943,bE,2.38,15.390,>15.390,99.990,-0.540,0.507,g
2460041.23863,2023-04-06.7387723,bm,1.55,15.825,>15.825,99.990,0.267,0.340,g
2460041.23986,2023-04-06.7399991,bm,1.51,15.813,>15.813,99.990,0.352,0.343,g
2460041.24119,2023-04-06.7413322,bm,1.57,15.840,>15.840,99.990,0.916,0.335,g
2460041.32777,2023-04-06.8279092,bm,1.55,15.729,>15.729,99.990,0.526,0.371,g
2460041.32901,2023-04-06.8291512,bm,1.55,15.693,>15.693,99.990,0.145,0.384,g
2460041.33024,2023-04-06.8303789,bm,1.48,15.664,>15.664,99.990,0.130,0.394,g
2460042.57559,2023-04-08.0757241,bE,1.54,15.751,>15.751,99.990,0.532,0.363,g
2460042.57690,2023-04-08.0770331,bE,1.61,15.856,>15.856,99.990,0.079,0.330,g
2460043.32175,2023-04-08.8218855,bm,2.18,15.836,>15.836,99.990,0.014,0.336,g
2460043.32309,2023-04-08.8232195,bm,2.17,15.920,>15.920,99.990,0.528,0.311,g
2460043.32435,2023-04-08.8244827,bm,2.17,15.866,>15.866,99.990,0.897,0.327,g
2460043.56919,2023-04-09.0693179,bE,1.52,15.904,>15.904,99.990,-0.137,0.316,g
2460043.57048,2023-04-09.0706033,bE,1.49,15.886,>15.886,99.990,0.435,0.321,g
2460043.57178,2023-04-09.0719057,bE,1.56,15.846,>15.846,99.990,0.166,0.333,g
2460044.28441,2023-04-09.7845303,bm,2.08,15.872,>15.872,99.990,0.257,0.325,g
2460044.28565,2023-04-09.7857723,bm,2.05,15.987,>15.987,99.990,0.171,0.293,g
2460044.28689,2023-04-09.7870163,bm,2.09,15.948,>15.948,99.990,0.177,0.303,g
2460044.31606,2023-04-09.8161835,bm,2.27,15.956,>15.956,99.990,-0.049,0.301,g
2460044.31730,2023-04-09.8174250,bm,2.27,15.911,>15.911,99.990,0.170,0.314,g
2460044.31856,2023-04-09.8186755,bm,2.36,16.035,>16.035,99.990,0.506,0.280,g
2460045.27390,2023-04-10.7740083,bm,2.23,16.178,>16.178,99.990,0.416,0.245,g
2460045.27515,2023-04-10.7752621,bm,2.23,16.150,>16.150,99.990,0.073,0.252,g
2460045.27638,2023-04-10.7764960,bm,2.25,16.153,>16.153,99.990,0.085,0.251,g
2460045.53173,2023-04-11.0318395,bE,1.47,16.101,>16.101,99.990,0.575,0.263,g
2460045.53303,2023-04-11.0331410,bE,1.55,16.110,>16.110,99.990,0.421,0.261,g
2460045.53431,2023-04-11.0344221,bE,1.6,16.008,>16.008,99.990,0.220,0.287,g
2460046.56182,2023-04-12.0619170,bE,1.5,16.106,>16.106,99.990,0.488,0.262,g
2460046.56311,2023-04-12.0632125,bE,1.49,15.985,>15.985,99.990,0.073,0.293,g
2460046.56440,2023-04-12.0645033,bE,1.48,15.949,>15.949,99.990,0.312,0.303,g
2460048.22690,2023-04-13.7269886,bm,1.52,15.883,>15.883,99.990,0.270,0.322,g
2460048.22818,2023-04-13.7282655,bm,2.29,15.928,>15.928,99.990,0.345,0.309,g
2460048.22940,2023-04-13.7294937,bm,1.56,16.023,>16.023,99.990,0.459,0.283,g
2460049.52092,2023-04-15.0210106,bi,1.42,16.062,>16.062,99.990,0.402,0.273,g
2460049.52217,2023-04-15.0222539,bi,1.48,16.021,>16.021,99.990,0.316,0.284,g
2460049.52342,2023-04-15.0234996,bi,1.46,16.079,>16.079,99.990,0.566,0.269,g
2460050.52106,2023-04-16.0211435,bE,1.52,15.952,>15.952,99.990,0.176,0.302,g
2460050.52234,2023-04-16.0224160,bE,1.47,16.117,>16.117,99.990,0.259,0.260,g
2460050.52362,2023-04-16.0237055,bE,1.55,16.105,>16.105,99.990,0.007,0.262,g
2460051.23134,2023-04-16.7314171,bm,1.6,16.071,>16.071,99.990,0.290,0.271,g
2460051.23258,2023-04-16.7326541,bm,1.52,16.127,>16.127,99.990,0.304,0.257,g
2460051.23395,2023-04-16.7340219,bm,1.56,16.065,>16.065,99.990,0.457,0.272,g
2460052.26579,2023-04-17.7658553,bm,1.57,15.929,>15.929,99.990,0.063,0.309,g
2460052.26705,2023-04-17.7671081,bm,1.48,16.006,>16.006,99.990,0.405,0.287,g
2460052.26832,2023-04-17.7683890,bm,1.5,15.936,>15.936,99.990,0.378,0.307,g
2460053.51648,2023-04-19.0165287,bE,1.51,16.006,>16.006,99.990,0.286,0.288,g
2460053.51778,2023-04-19.0178310,bE,1.55,16.059,>16.059,99.990,0.180,0.274,g
2460053.51906,2023-04-19.0191173,bE,1.51,16.148,>16.148,99.990,0.349,0.252,g
2460056.49914,2023-04-21.9991658,bE,1.58,16.074,>16.074,99.990,0.203,0.270,g
2460056.50043,2023-04-22.0004608,bE,1.52,16.034,>16.034,99.990,0.304,0.280,g
2460056.50172,2023-04-22.0017556,bE,1.54,16.093,>16.093,99.990,0.067,0.265,g
2460057.53303,2023-04-23.0330498,bE,1.5,16.064,>16.064,99.990,0.381,0.272,g
2460057.53433,2023-04-23.0343430,bE,1.54,15.969,>15.969,99.990,0.349,0.297,g
2460057.53562,2023-04-23.0356400,bE,1.51,15.962,>15.962,99.990,0.210,0.299,g
2460059.48772,2023-04-24.9877209,bi,1.45,16.045,>16.045,99.990,0.245,0.277,g
2460059.48895,2023-04-24.9889582,bi,1.44,15.968,>15.968,99.990,0.493,0.298,g
2460059.49020,2023-04-24.9902026,bi,1.47,16.017,>16.017,99.990,0.561,0.285,g
2460059.52950,2023-04-25.0295012,bE,1.45,16.048,>16.048,99.990,0.379,0.276,g
2460059.53077,2023-04-25.0307774,bE,1.51,16.050,>16.050,99.990,0.290,0.276,g
2460060.49082,2023-04-25.9908186,bi,1.44,15.885,>15.885,99.990,0.402,0.321,g
2460060.49207,2023-04-25.9920697,bi,1.42,15.875,>15.875,99.990,0.378,0.324,g
2460060.49332,2023-04-25.9933247,bi,1.44,15.930,>15.930,99.990,0.450,0.308,g
2460061.51540,2023-04-27.0153887,bE,1.48,16.047,>16.047,99.990,0.176,0.277,g
2460061.51670,2023-04-27.0166883,bE,1.47,15.970,>15.970,99.990,0.307,0.297,g
2460061.51798,2023-04-27.0179716,bE,1.46,16.035,>16.035,99.990,0.189,0.280,g
2460063.23161,2023-04-28.7315818,bm,1.43,99.990,99.990,99.990,99.990,99.990,g
2460063.23284,2023-04-28.7328160,bm,1.96,99.990,99.990,99.990,99.990,99.990,g
2460063.47463,2023-04-28.9746127,bE,1.51,16.153,>16.153,99.990,0.363,0.251,g
2460063.47593,2023-04-28.9759098,bE,1.5,16.022,>16.022,99.990,0.162,0.283,g
2460063.47723,2023-04-28.9772064,bE,1.45,15.919,>15.919,99.990,0.262,0.312,g
2460063.51398,2023-04-29.0139572,bE,1.55,16.048,>16.048,99.990,0.128,0.277,g
2460063.51527,2023-04-29.0152424,bE,1.68,15.950,>15.950,99.990,0.227,0.303,g
2460063.51656,2023-04-29.0165333,bE,1.52,15.903,>15.903,99.990,0.292,0.316,g
2460064.50575,2023-04-30.0057094,bE,1.53,15.951,>15.951,99.990,0.364,0.302,g
2460064.50702,2023-04-30.0069931,bE,1.5,16.000,>16.000,99.990,0.235,0.289,g
2460064.50831,2023-04-30.0082780,bE,1.54,15.872,>15.872,99.990,0.430,0.325,g
2460065.51241,2023-05-01.0123659,bE,1.48,15.803,>15.803,99.990,0.354,0.347,g
2460065.51370,2023-05-01.0136574,bE,1.55,15.898,>15.898,99.990,0.293,0.318,g
2460066.25305,2023-05-01.7530005,bm,1.53,16.011,>16.011,99.990,0.585,0.286,g
2460066.25431,2023-05-01.7542631,bm,1.6,15.891,>15.891,99.990,0.304,0.320,g
2460066.25556,2023-05-01.7555148,bm,1.59,15.837,>15.837,99.990,0.749,0.336,g
2460067.50796,2023-05-03.0079034,bE,1.48,15.813,>15.813,99.990,0.380,0.343,g
2460067.50926,2023-05-03.0091994,bE,2.3,15.544,>15.544,99.990,0.244,0.440,g
2460068.21540,2023-05-03.7153309,bm,1.51,15.827,>15.827,99.990,0.141,0.339,g
2460068.21664,2023-05-03.7165715,bm,1.49,15.816,>15.816,99.990,0.597,0.343,g
2460068.21789,2023-05-03.7178262,bm,1.57,15.813,>15.813,99.990,0.458,0.344,g
2460068.50566,2023-05-04.0055886,bE,1.56,15.951,>15.951,99.990,0.733,0.302,g
2460069.24873,2023-05-04.7486688,bm,2.12,15.653,>15.653,99.990,-0.193,0.398,g
2460069.24999,2023-05-04.7499178,bm,2.13,15.730,>15.730,99.990,0.349,0.371,g
2460069.25123,2023-05-04.7511586,bm,2.1,15.595,>15.595,99.990,-0.056,0.420,g
2460070.49977,2023-05-05.9996958,bE,1.45,15.623,>15.623,99.990,-0.266,0.409,g
2460070.50107,2023-05-06.0009925,bE,1.56,15.504,>15.504,99.990,0.012,0.457,g
2460071.20225,2023-05-06.7021646,bm,2.05,15.822,>15.822,99.990,-0.125,0.341,g
2460071.20349,2023-05-06.7034064,bm,2.04,15.773,>15.773,99.990,0.184,0.356,g
2460071.20474,2023-05-06.7046557,bm,2.04,15.769,>15.769,99.990,0.592,0.358,g
2460072.49088,2023-05-07.9907819,bE,1.47,16.028,>16.028,99.990,0.183,0.282,g
2460072.49215,2023-05-07.9920582,bE,1.49,15.870,>15.870,99.990,0.228,0.326,g
2460072.49344,2023-05-07.9933480,bE,1.5,16.112,>16.112,99.990,0.368,0.261,g
2460073.23908,2023-05-08.7389754,bm,1.54,16.053,>16.053,99.990,0.563,0.275,g
2460073.24033,2023-05-08.7402246,bm,1.56,16.002,>16.002,99.990,0.494,0.289,g
2460073.24157,2023-05-08.7414664,bm,1.5,16.042,>16.042,99.990,0.294,0.278,g
2460073.45354,2023-05-08.9534380,bi,1.44,15.727,>15.727,99.990,0.126,0.372,g
2460073.45479,2023-05-08.9546937,bi,1.5,15.756,>15.756,99.990,0.632,0.362,g
2460073.45602,2023-05-08.9559158,bi,1.49,15.776,>15.776,99.990,1.008,0.355,g
2460074.48476,2023-05-09.9846542,bE,1.43,16.089,>16.089,99.990,0.455,0.266,g
2460074.48606,2023-05-09.9859515,bE,1.55,15.989,>15.989,99.990,0.288,0.292,g
2460074.48736,2023-05-09.9872534,bE,1.5,16.088,>16.088,99.990,0.309,0.266,g
2460128.94795,2023-07-03.4475284,bE,1.48,15.614,>15.614,99.990,-0.360,0.413,g
2460129.94662,2023-07-04.4461903,bi,1.59,15.420,>15.420,99.990,0.168,0.493,g
2460129.94785,2023-07-04.4474248,bi,1.42,15.417,>15.417,99.990,0.139,0.495,g
2460130.94821,2023-07-05.4477778,bE,1.94,15.503,>15.503,99.990,-0.960,0.457,g
2460131.94495,2023-07-06.4445199,bi,1.48,15.254,>15.254,99.990,0.829,0.575,g
2460131.94619,2023-07-06.4457627,bi,1.54,14.960,>14.960,99.990,-1.195,0.754,g
2460131.94744,2023-07-06.4470043,bi,1.49,15.031,>15.031,99.990,-0.584,0.706,g
2460132.94366,2023-07-07.4432282,bi,1.49,15.747,>15.747,99.990,0.054,0.365,g
2460132.94490,2023-07-07.4444712,bi,1.51,15.615,>15.615,99.990,0.326,0.412,g
2460132.94614,2023-07-07.4457059,bi,1.49,15.637,>15.637,99.990,0.341,0.404,g
2460133.94123,2023-07-08.4407898,bE,1.57,15.847,>15.847,99.990,0.190,0.333,g
2460133.94251,2023-07-08.4420780,bE,1.58,15.897,>15.897,99.990,0.212,0.318,g
2460133.94383,2023-07-08.4433868,bE,1.54,15.729,>15.729,99.990,0.128,0.371,g
2460134.94059,2023-07-09.4401484,bi,1.46,99.990,99.990,99.990,99.990,99.990,g
2460134.94184,2023-07-09.4413983,bi,1.48,99.990,99.990,99.990,99.990,99.990,g
2460134.94308,2023-07-09.4426387,bi,1.35,99.990,99.990,99.990,99.990,99.990,g
2460136.68059,2023-07-11.1801366,bm,2.44,16.254,>16.254,99.990,0.131,0.229,g
2460136.68184,2023-07-11.1813885,bm,2.44,16.305,>16.305,99.990,0.090,0.218,g
2460136.68310,2023-07-11.1826476,bm,2.42,16.042,>16.042,99.990,0.252,0.278,g
2460138.93401,2023-07-13.4335616,bi,1.43,15.907,>15.907,99.990,0.327,0.315,g
2460138.93524,2023-07-13.4347880,bi,1.47,16.002,>16.002,99.990,0.099,0.289,g
2460138.93648,2023-07-13.4360354,bi,1.43,15.931,>15.931,99.990,0.248,0.308,g
2460139.92740,2023-07-14.4269473,bE,1.55,15.925,>15.925,99.990,0.151,0.310,g
2460139.92870,2023-07-14.4282428,bE,1.49,15.967,>15.967,99.990,0.210,0.298,g
2460139.93000,2023-07-14.4295465,bE,1.5,16.007,>16.007,99.990,0.236,0.287,g
2460140.94176,2023-07-15.4413098,bi,1.46,15.923,>15.923,99.990,0.288,0.310,g
2460140.94298,2023-07-15.4425246,bi,1.52,15.787,>15.787,99.990,0.476,0.352,g
2460140.94421,2023-07-15.4437572,bi,1.53,15.956,>15.956,99.990,0.088,0.301,g
2460141.67553,2023-07-16.1750690,bm,2.33,16.150,>16.150,99.990,0.068,0.252,g
2460141.67680,2023-07-16.1763416,bm,2.27,15.970,>15.970,99.990,0.096,0.297,g
2460141.67804,2023-07-16.1775806,bm,2.31,16.112,>16.112,99.990,0.313,0.261,g
2460142.66678,2023-07-17.1663293,bm,1.63,15.748,>15.748,99.990,0.121,0.365,g
2460142.66807,2023-07-17.1676098,bm,1.71,15.816,>15.816,99.990,0.238,0.343,g
2460142.66929,2023-07-17.1688432,bm,1.67,15.834,>15.834,99.990,0.031,0.337,g
2460150.67938,2023-07-25.1789089,bm,2.39,16.123,>16.123,99.990,0.211,0.258,g
2460150.68061,2023-07-25.1801474,bm,2.41,16.054,>16.054,99.990,0.184,0.275,g
2460150.68184,2023-07-25.1813777,bm,2.4,16.056,>16.056,99.990,0.269,0.275,g
2460151.94062,2023-07-26.4401535,bE,1.48,15.939,>15.939,99.990,0.206,0.306,g
2460151.94191,2023-07-26.4414475,bE,1.55,16.035,>16.035,99.990,0.367,0.280,g
2460151.94323,2023-07-26.4427633,bE,1.56,15.949,>15.949,99.990,0.312,0.303,g
2460158.89149,2023-08-02.3910233,bE,1.48,15.626,>15.626,99.990,0.173,0.408,g
2460158.89280,2023-08-02.3923347,bE,1.55,15.646,>15.646,99.990,0.027,0.400,g
2460158.89411,2023-08-02.3936487,bE,1.54,15.813,>15.813,99.990,0.068,0.344,g
2460159.67743,2023-08-03.1769776,bm,1.57,15.567,>15.567,99.990,-0.006,0.431,g
2460159.67867,2023-08-03.1782182,bm,1.58,15.647,>15.647,99.990,-0.784,0.400,g
2460159.67992,2023-08-03.1794576,bm,1.52,15.639,>15.639,99.990,-0.327,0.403,g
2460160.63414,2023-08-04.1336873,bm,1.99,99.990,99.990,99.990,99.990,99.990,g
2460161.62617,2023-08-05.1257069,bm,1.5,15.849,>15.849,99.990,0.183,0.332,g
2460161.62740,2023-08-05.1269390,bm,1.57,15.785,>15.785,99.990,-0.461,0.352,g
2460161.62865,2023-08-05.1281880,bm,1.55,15.821,>15.821,99.990,0.261,0.341,g
2460163.62609,2023-08-07.1256368,bm,1.53,15.957,>15.957,99.990,0.107,0.301,g
2460163.62734,2023-08-07.1268822,bm,1.57,16.058,>16.058,99.990,-0.004,0.274,g
2460163.62865,2023-08-07.1281906,bm,1.57,15.995,>15.995,99.990,0.413,0.290,g
2460164.61932,2023-08-08.1188574,bm,1.53,15.813,>15.813,99.990,0.189,0.343,g
2460164.62054,2023-08-08.1200829,bm,1.52,16.073,>16.073,99.990,0.177,0.270,g
2460164.62178,2023-08-08.1213188,bm,1.5,15.943,>15.943,99.990,0.029,0.305,g
2460167.61769,2023-08-11.1172398,bm,1.5,15.918,>15.918,99.990,0.419,0.312,g
2460167.61895,2023-08-11.1185019,bm,1.53,15.961,>15.961,99.990,0.383,0.300,g
2460167.62019,2023-08-11.1197415,bm,1.55,16.026,>16.026,99.990,0.234,0.282,g
2460172.59406,2023-08-16.0936188,bm,1.55,16.062,>16.062,99.990,0.727,0.273,g
2460172.59529,2023-08-16.0948587,bm,1.59,16.078,>16.078,99.990,0.435,0.269,g
2460172.59654,2023-08-16.0961052,bm,1.51,16.036,>16.036,99.990,0.235,0.280,g
2460173.58883,2023-08-17.0883879,bm,2.06,16.030,>16.030,99.990,0.330,0.281,g
2460173.59008,2023-08-17.0896414,bm,2.06,15.993,>15.993,99.990,0.009,0.291,g
2460173.59133,2023-08-17.0908880,bm,2.06,16.006,>16.006,99.990,0.409,0.288,g
2460176.58713,2023-08-20.0867043,bm,1.99,15.927,>15.927,99.990,0.319,0.309,g
2460176.58836,2023-08-20.0879390,bm,2.0,16.022,>16.022,99.990,0.285,0.283,g
2460176.58959,2023-08-20.0891655,bm,1.98,15.981,>15.981,99.990,0.251,0.294,g
2460183.56441,2023-08-27.0640033,bm,2.13,15.858,>15.858,99.990,0.400,0.329,g
2460183.56564,2023-08-27.0652347,bm,2.14,15.954,>15.954,99.990,0.415,0.302,g
2460185.56340,2023-08-29.0630050,bm,1.56,15.816,>15.816,99.990,-0.224,0.343,g
2460185.56466,2023-08-29.064275,bm,1.55,15.836,>15.836,99.990,-0.433,0.336,g
2460185.56594,2023-08-29.0655429,bm,1.58,15.697,>15.697,99.990,0.881,0.382,g
2460205.53111,2023-09-18.0308153,bm,2.0,16.131,>16.131,99.990,0.504,0.256,g
2460205.53235,2023-09-18.0320513,bm,2.0,16.009,>16.009,99.990,0.256,0.287,g
2460205.53364,2023-09-18.0333510,bm,1.62,16.103,>16.103,99.990,0.310,0.263,g
2460206.54049,2023-09-19.0402165,bm,1.64,15.954,>15.954,99.990,0.348,0.302,g
2460206.54172,2023-09-19.0414377,bm,1.53,16.105,>16.105,99.990,0.489,0.263,g
2460206.54295,2023-09-19.0426667,bm,1.54,15.952,>15.952,99.990,0.124,0.302,g
2460208.49888,2023-09-20.9986091,bm,2.3,16.103,>16.103,99.990,-0.099,0.263,g
2460208.50016,2023-09-20.9998876,bm,2.3,16.014,>16.014,99.990,0.206,0.285,g
2460208.50142,2023-09-21.0011436,bm,2.33,16.044,>16.044,99.990,0.259,0.278,g
2460215.47395,2023-09-27.9737234,bm,2.19,15.633,>15.633,99.990,-0.128,0.405,g
2460215.47519,2023-09-27.9749671,bm,2.13,15.774,>15.774,99.990,-0.431,0.356,g
2460215.47642,2023-09-27.9761968,bm,2.16,15.673,>15.673,99.990,0.787,0.391,g
2460216.73695,2023-09-29.2367315,bE,1.64,15.643,>15.643,99.990,0.002,0.402,g
2460216.73824,2023-09-29.2380160,bE,1.63,15.540,>15.540,99.990,-0.154,0.442,g
2460216.73951,2023-09-29.2392921,bE,1.56,15.551,>15.551,99.990,0.902,0.437,g
2460217.72443,2023-09-30.2242197,bE,1.47,15.678,>15.678,99.990,0.540,0.389,g
2460217.72570,2023-09-30.2254967,bE,1.46,15.740,>15.740,99.990,0.792,0.367,g
2460217.72698,2023-09-30.2267731,bE,1.51,15.754,>15.754,99.990,-0.167,0.363,g
2460218.71060,2023-10-01.2103896,bE,1.59,15.915,>15.915,99.990,-0.145,0.313,g
2460218.71188,2023-10-01.2116743,bE,1.54,15.822,>15.822,99.990,0.024,0.341,g
2460218.71317,2023-10-01.2129638,bE,1.53,15.777,>15.777,99.990,0.601,0.355,g
2460219.47039,2023-10-01.9701888,bm,1.67,15.918,>15.918,99.990,0.276,0.312,g
2460219.47163,2023-10-01.9714318,bm,1.55,15.803,>15.803,99.990,0.733,0.347,g
2460219.47285,2023-10-01.9726549,bm,1.72,15.780,>15.780,99.990,-0.419,0.354,g
2460219.57994,2023-10-02.0797512,bm,1.54,15.906,>15.906,99.990,0.519,0.315,g
2460219.58117,2023-10-02.0809741,bm,1.58,15.800,>15.800,99.990,0.310,0.347,g
2460219.75264,2023-10-02.2524370,bE,1.44,15.826,>15.826,99.990,0.405,0.339,g
2460219.75392,2023-10-02.2537144,bE,1.5,15.874,>15.874,99.990,0.070,0.325,g
2460219.75519,2023-10-02.2549917,bE,1.49,15.753,>15.753,99.990,0.389,0.363,g
2460219.83593,2023-10-02.3357326,bE,1.46,15.876,>15.876,99.990,0.399,0.324,g
2460219.83721,2023-10-02.3370096,bE,1.54,15.880,>15.880,99.990,0.050,0.323,g
2460219.83849,2023-10-02.3382929,bE,1.55,15.968,>15.968,99.990,-0.125,0.298,g
2460220.45071,2023-10-02.9505200,bm,1.57,15.927,>15.927,99.990,0.498,0.309,g
2460220.45194,2023-10-02.9517539,bm,1.6,15.926,>15.926,99.990,0.058,0.310,g
2460220.45319,2023-10-02.9530026,bm,1.56,15.966,>15.966,99.990,-0.017,0.298,g
2460220.54958,2023-10-03.0493902,bm,1.5,15.892,>15.892,99.990,0.219,0.319,g
2460220.55079,2023-10-03.0505971,bm,1.47,15.803,>15.803,99.990,0.229,0.347,g
2460220.55202,2023-10-03.0518259,bm,1.58,15.946,>15.946,99.990,0.367,0.304,g
2460221.46612,2023-10-03.9659379,bm,1.57,15.897,>15.897,99.990,-0.207,0.318,g
2460221.46736,2023-10-03.9671693,bm,1.53,15.901,>15.901,99.990,0.550,0.317,g
2460221.46857,2023-10-03.9683957,bm,1.65,15.852,>15.852,99.990,-0.498,0.331,g
2460221.70141,2023-10-04.2012248,bE,1.53,15.950,>15.950,99.990,0.252,0.303,g
2460221.70270,2023-10-04.2025141,bE,1.58,16.157,>16.157,99.990,0.213,0.250,g
2460221.70397,2023-10-04.2037895,bE,1.59,15.877,>15.877,99.990,0.190,0.324,g
2460221.77334,2023-10-04.2731637,bi,1.38,15.826,>15.826,99.990,0.307,0.339,g
2460221.77457,2023-10-04.2743917,bi,1.44,15.900,>15.900,99.990,0.447,0.317,g
2460221.77580,2023-10-04.2756194,bi,1.46,15.915,>15.915,99.990,0.130,0.313,g
2460222.71202,2023-10-05.2118525,bE,1.51,16.014,>16.014,99.990,0.338,0.285,g
2460222.71330,2023-10-05.2131276,bE,1.44,16.008,>16.008,99.990,0.404,0.287,g
2460222.71457,2023-10-05.2144039,bE,1.54,15.932,>15.932,99.990,0.264,0.308,g
2460223.45984,2023-10-05.9596693,bm,1.74,15.844,>15.844,99.990,0.309,0.334,g
2460223.88899,2023-10-06.388825,bi,1.52,15.819,>15.819,99.990,0.523,0.342,g
2460223.89022,2023-10-06.3900548,bi,1.49,15.810,>15.810,99.990,0.665,0.344,g
2460223.89146,2023-10-06.3912896,bi,1.42,15.742,>15.742,99.990,1.235,0.367,g
2460224.71344,2023-10-07.2132692,bE,1.53,16.155,>16.155,99.990,0.456,0.251,g
2460224.71471,2023-10-07.2145456,bE,1.54,16.049,>16.049,99.990,0.173,0.276,g
2460224.71599,2023-10-07.2158303,bE,1.57,15.993,>15.993,99.990,0.250,0.291,g
2460225.70970,2023-10-08.2095461,bE,1.48,15.990,>15.990,99.990,0.328,0.292,g
2460225.71097,2023-10-08.2108141,bE,1.47,15.908,>15.908,99.990,0.222,0.315,g
2460225.71225,2023-10-08.2120944,bE,1.62,15.903,>15.903,99.990,0.312,0.316,g
2460226.86390,2023-10-09.36375,bE,1.57,15.999,>15.999,99.990,0.160,0.289,g
2460226.86518,2023-10-09.3650289,bE,1.56,16.070,>16.070,99.990,0.360,0.271,g
2460226.86646,2023-10-09.3663093,bE,1.59,16.065,>16.065,99.990,0.212,0.272,g
2460228.44230,2023-10-10.9421607,bm,2.01,16.056,>16.056,99.990,0.258,0.275,g
2460228.44353,2023-10-10.9434005,bm,2.02,16.118,>16.118,99.990,0.435,0.259,g
2460228.44475,2023-10-10.9446262,bm,2.01,16.182,>16.182,99.990,0.567,0.244,g
2460228.69635,2023-10-11.1962193,bE,1.54,15.998,>15.998,99.990,0.302,0.290,g
2460228.69763,2023-10-11.1974984,bE,1.5,16.011,>16.011,99.990,0.386,0.286,g
2460228.69891,2023-10-11.1987708,bE,1.51,16.197,>16.197,99.990,0.463,0.241,g
2460228.88348,2023-10-11.3833502,bi,1.41,15.973,>15.973,99.990,0.115,0.296,g
2460228.88471,2023-10-11.3845791,bi,1.43,15.854,>15.854,99.990,0.172,0.331,g
2460228.88594,2023-10-11.3858081,bi,1.37,15.981,>15.981,99.990,0.141,0.294,g
2460229.83645,2023-10-12.3363288,bE,1.52,15.983,>15.983,99.990,0.307,0.294,g
2460229.83772,2023-10-12.3375976,bE,1.51,15.950,>15.950,99.990,0.365,0.303,g
2460231.80632,2023-10-14.3062091,bi,1.43,16.026,>16.026,99.990,0.449,0.282,g
2460231.80755,2023-10-14.3074449,bi,1.51,16.057,>16.057,99.990,0.295,0.274,g
2460232.76043,2023-10-15.2603386,bi,1.53,16.068,>16.068,99.990,0.400,0.272,g
2460232.76167,2023-10-15.2615743,bi,1.55,16.213,>16.213,99.990,0.450,0.238,g
2460232.76291,2023-10-15.2628104,bi,1.43,16.140,>16.140,99.990,0.377,0.254,g
2460233.43119,2023-10-15.9310984,bm,2.19,16.021,>16.021,99.990,-0.082,0.284,g
2460233.43245,2023-10-15.9323615,bm,2.12,16.000,>16.000,99.990,0.229,0.289,g
2460233.43369,2023-10-15.9336009,bm,2.12,16.096,>16.096,99.990,0.494,0.265,g
2460234.46784,2023-10-16.9677476,bm,1.64,15.922,>15.922,99.990,0.173,0.311,g
2460234.46907,2023-10-16.9689790,bm,1.98,16.056,>16.056,99.990,0.384,0.274,g
2460234.47031,2023-10-16.9702210,bm,1.97,15.987,>15.987,99.990,0.206,0.292,g
2460234.68286,2023-10-17.1827721,bE,1.49,15.662,>15.662,99.990,-0.680,0.395,g
2460234.68413,2023-10-17.1840409,bE,1.44,15.724,>15.724,99.990,-0.272,0.373,g
2460234.68540,2023-10-17.1853145,bE,1.5,15.986,>15.986,99.990,0.157,0.293,g
2460235.47880,2023-10-17.9787225,bm,1.53,16.070,>16.070,99.990,0.293,0.271,g
2460235.48003,2023-10-17.9799530,bm,1.45,16.018,>16.018,99.990,0.354,0.284,g
2460235.48125,2023-10-17.9811792,bm,1.54,15.979,>15.979,99.990,0.334,0.295,g
2460235.67866,2023-10-18.1785804,bE,1.57,16.156,>16.156,99.990,0.358,0.250,g
2460235.67993,2023-10-18.1798532,bE,1.5,15.942,>15.942,99.990,0.233,0.305,g
2460235.68120,2023-10-18.1811170,bE,1.52,16.068,>16.068,99.990,0.284,0.272,g
2460237.40905,2023-10-19.9089768,bm,1.5,16.126,>16.126,99.990,0.516,0.257,g
2460237.41026,2023-10-19.9101960,bm,1.5,16.170,>16.170,99.990,0.345,0.247,g
2460237.41150,2023-10-19.9114285,bm,1.5,15.971,>15.971,99.990,0.271,0.297,g
2460237.65628,2023-10-20.1562203,bE,1.48,15.908,>15.908,99.990,0.485,0.315,g
2460237.65754,2023-10-20.1574803,bE,1.55,16.034,>16.034,99.990,0.226,0.280,g
2460237.65883,2023-10-20.1587667,bE,1.49,15.926,>15.926,99.990,0.181,0.310,g
2460237.81413,2023-10-20.3140754,bi,1.54,14.602,>14.602,99.990,-2.150,1.049,g
2460237.81536,2023-10-20.3152995,bi,1.55,14.941,>14.941,99.990,0.692,0.767,g
2460237.81659,2023-10-20.3165310,bi,1.63,14.237,>14.237,99.990,4.743,1.470,g
2460238.66586,2023-10-21.1657971,bE,1.49,15.985,>15.985,99.990,0.240,0.293,g
2460238.66713,2023-10-21.1670730,bE,1.46,16.095,>16.095,99.990,-0.053,0.265,g
2460238.66841,2023-10-21.1683494,bE,1.5,15.868,>15.868,99.990,0.175,0.327,g
2460238.76206,2023-10-21.262,bE,1.46,99.990,99.990,99.990,99.990,99.990,g
2460238.76333,2023-10-21.2632729,bE,1.46,99.990,99.990,99.990,99.990,99.990,g
2460238.76461,2023-10-21.2645491,bE,1.42,99.990,99.990,99.990,99.990,99.990,g
2460239.66727,2023-10-22.1672217,bE,1.52,15.991,>15.991,99.990,0.062,0.291,g
2460239.66855,2023-10-22.1685028,bE,1.5,15.920,>15.920,99.990,0.200,0.311,g
2460239.66982,2023-10-22.1697758,bE,1.56,16.119,>16.119,99.990,-0.060,0.259,g
2460242.39576,2023-10-24.8957347,bm,2.06,15.818,>15.818,99.990,0.189,0.342,g
2460242.39699,2023-10-24.8969662,bm,2.08,15.777,>15.777,99.990,1.023,0.355,g
2460242.39821,2023-10-24.8981938,bm,2.08,16.084,>16.084,99.990,0.155,0.268,g
2460242.55398,2023-10-25.0539563,bm,2.48,16.069,>16.069,99.990,-0.599,0.271,g
2460242.68136,2023-10-25.1813362,bi,1.39,15.845,>15.845,99.990,0.506,0.333,g
2460242.68259,2023-10-25.1825649,bi,1.55,15.880,>15.880,99.990,0.476,0.323,g
2460242.68383,2023-10-25.1838059,bi,1.51,15.904,>15.904,99.990,0.433,0.316,g
2460242.79950,2023-10-25.2994718,bE,1.5,15.978,>15.978,99.990,0.367,0.295,g
2460242.80098,2023-10-25.3009599,bE,1.51,15.872,>15.872,99.990,0.103,0.325,g
2460242.80225,2023-10-25.3022233,bE,1.52,16.063,>16.063,99.990,0.007,0.273,g
2460243.66153,2023-10-26.1615146,bE,1.46,16.023,>16.023,99.990,-0.042,0.283,g
2460243.66280,2023-10-26.1627795,bE,1.55,15.886,>15.886,99.990,0.389,0.321,g
2460243.66407,2023-10-26.1640584,bE,1.55,15.808,>15.808,99.990,-0.216,0.345,g
2460243.78030,2023-10-26.2802971,bi,1.55,15.781,>15.781,99.990,0.079,0.354,g
2460243.78154,2023-10-26.2815269,bi,1.55,15.783,>15.783,99.990,0.191,0.353,g
2460243.78277,2023-10-26.2827559,bi,1.46,16.008,>16.008,99.990,0.540,0.287,g
2460243.87276,2023-10-26.3727575,bi,1.49,15.888,>15.888,99.990,0.303,0.320,g
2460243.87400,2023-10-26.3739909,bi,1.47,15.791,>15.791,99.990,0.555,0.350,g
2460243.87524,2023-10-26.3752280,bi,1.53,15.723,>15.723,99.990,0.004,0.373,g
2460244.39042,2023-10-26.8904083,bm,1.59,15.662,>15.662,99.990,0.510,0.395,g
2460244.39168,2023-10-26.8916762,bm,1.54,15.699,>15.699,99.990,0.096,0.381,g
2460244.39292,2023-10-26.8929206,bm,1.55,15.628,>15.628,99.990,0.908,0.407,g
2460244.59716,2023-10-27.0971496,bm,2.24,15.948,>15.948,99.990,0.225,0.303,g
2460244.59840,2023-10-27.0983928,bm,2.26,15.964,>15.964,99.990,-0.169,0.299,g
2460244.59964,2023-10-27.0996299,bm,2.24,15.819,>15.819,99.990,-0.550,0.342,g
2460244.64887,2023-10-27.1488642,bE,1.48,15.828,>15.828,99.990,0.282,0.339,g
2460244.65015,2023-10-27.1501349,bE,1.56,15.839,>15.839,99.990,-0.256,0.335,g
2460244.65144,2023-10-27.1514369,bE,1.49,15.683,>15.683,99.990,0.018,0.387,g
2460244.79322,2023-10-27.2932136,bi,1.45,99.990,99.990,99.990,99.990,99.990,g
2460245.64511,2023-10-28.1451056,bE,1.42,15.744,>15.744,99.990,0.049,0.366,g
2460245.64639,2023-10-28.1463858,bE,1.51,15.848,>15.848,99.990,0.693,0.333,g
2460245.64766,2023-10-28.1476615,bE,1.66,15.710,>15.710,99.990,0.374,0.378,g
2460247.63597,2023-10-30.1359844,bE,1.48,15.894,>15.894,99.990,0.532,0.319,g
2460247.63725,2023-10-30.1372671,bE,1.56,15.730,>15.730,99.990,0.064,0.371,g
2460247.63854,2023-10-30.1385493,bE,1.47,15.712,>15.712,99.990,-0.039,0.377,g
2460247.82975,2023-10-30.3297707,bE,1.41,15.704,>15.704,99.990,-0.329,0.380,g
2460247.83103,2023-10-30.3310496,bE,1.57,15.367,>15.367,99.990,0.466,0.518,g
2460247.83231,2023-10-30.332325,bE,1.6,15.048,>15.048,99.990,1.073,0.695,g
2460248.47300,2023-10-30.9730180,bm,2.11,15.727,>15.727,99.990,-0.770,0.372,g
2460248.47422,2023-10-30.9742354,bm,2.15,15.795,>15.795,99.990,0.271,0.349,g
2460248.47545,2023-10-30.9754710,bm,2.13,15.828,>15.828,99.990,0.306,0.339,g
2460248.68474,2023-10-31.1847582,bE,1.51,15.740,>15.740,99.990,0.364,0.367,g
2460248.68601,2023-10-31.1860336,bE,1.5,15.766,>15.766,99.990,0.466,0.359,g
2460248.68727,2023-10-31.1873077,bE,1.41,15.595,>15.595,99.990,0.429,0.420,g
2460248.86799,2023-10-31.3680171,bi,1.55,15.786,>15.786,99.990,-0.026,0.352,g
2460248.86921,2023-10-31.3692471,bi,1.58,15.774,>15.774,99.990,0.311,0.356,g
2460248.87044,2023-10-31.3704780,bi,1.51,15.809,>15.809,99.990,0.376,0.345,g
2460249.58717,2023-11-01.0872018,bm,2.07,15.962,>15.962,99.990,-0.688,0.299,g
2460249.58840,2023-11-01.0884379,bm,2.06,15.798,>15.798,99.990,0.847,0.348,g
2460249.58963,2023-11-01.0896585,bm,2.1,15.204,>15.204,99.990,0.940,0.602,g
2460252.38686,2023-11-03.8869223,bm,1.99,15.917,>15.917,99.990,0.409,0.312,g
2460252.38810,2023-11-03.8881607,bm,1.98,15.953,>15.953,99.990,0.134,0.302,g
2460252.38933,2023-11-03.8893915,bm,2.0,15.955,>15.955,99.990,0.297,0.301,g
2460252.62394,2023-11-04.1240008,bi,1.4,15.960,>15.960,99.990,0.607,0.300,g
2460252.62517,2023-11-04.1252318,bi,1.52,15.975,>15.975,99.990,0.514,0.296,g
2460252.62641,2023-11-04.1264633,bi,1.51,16.021,>16.021,99.990,0.316,0.283,g
2460253.37571,2023-11-04.8757726,bm,1.5,16.064,>16.064,99.990,0.159,0.273,g
2460253.37693,2023-11-04.8769888,bm,1.57,16.005,>16.005,99.990,0.729,0.288,g
2460253.37816,2023-11-04.8782234,bm,1.5,15.909,>15.909,99.990,0.107,0.314,g
2460253.62090,2023-11-05.1209732,bi,1.49,15.938,>15.938,99.990,0.468,0.306,g
2460253.62214,2023-11-05.1222100,bi,1.42,16.028,>16.028,99.990,0.356,0.282,g
2460253.62336,2023-11-05.1234331,bi,1.4,15.969,>15.969,99.990,0.510,0.297,g
2460253.84865,2023-11-05.3487202,bi,1.49,16.067,>16.067,99.990,0.454,0.272,g
2460253.84987,2023-11-05.3499361,bi,1.51,16.045,>16.045,99.990,0.354,0.277,g
2460253.85110,2023-11-05.3511673,bi,1.47,16.007,>16.007,99.990,0.390,0.287,g
2460254.35927,2023-11-05.8593346,bm,1.55,16.080,>16.080,99.990,0.192,0.268,g
2460254.36051,2023-11-05.8605778,bm,1.49,16.041,>16.041,99.990,0.149,0.278,g
2460254.36175,2023-11-05.8618195,bm,1.54,16.002,>16.002,99.990,0.358,0.289,g
2460254.83792,2023-11-06.3379879,bi,1.48,15.989,>15.989,99.990,0.525,0.292,g
2460254.83916,2023-11-06.3392297,bi,1.42,15.948,>15.948,99.990,0.287,0.303,g
2460254.84037,2023-11-06.3404542,bi,1.54,16.048,>16.048,99.990,0.356,0.277,g
2460256.35713,2023-11-07.8572185,bm,2.01,15.977,>15.977,99.990,0.173,0.295,g
2460256.35838,2023-11-07.8584701,bm,2.02,16.087,>16.087,99.990,0.408,0.267,g
2460256.35962,2023-11-07.8597060,bm,1.63,16.065,>16.065,99.990,0.311,0.272,g
2460256.61153,2023-11-08.1116219,bi,1.46,15.882,>15.882,99.990,0.604,0.322,g
2460256.61276,2023-11-08.1128530,bi,1.44,16.011,>16.011,99.990,0.558,0.286,g
2460256.61398,2023-11-08.1140690,bi,1.4,15.997,>15.997,99.990,0.632,0.290,g
2460257.40390,2023-11-08.9039936,bm,1.52,15.874,>15.874,99.990,0.243,0.325,g
2460257.40514,2023-11-08.9052388,bm,1.56,16.086,>16.086,99.990,0.445,0.267,g
2460257.40639,2023-11-08.9064865,bm,1.53,16.102,>16.102,99.990,0.554,0.263,g
2460258.41526,2023-11-09.9153658,bm,1.56,16.121,>16.121,99.990,0.091,0.259,g
2460258.41648,2023-11-09.9165869,bm,1.5,16.049,>16.049,99.990,0.388,0.276,g
2460258.41771,2023-11-09.9178172,bm,1.54,15.989,>15.989,99.990,0.306,0.292,g
2460259.35760,2023-11-10.8577133,bm,1.47,15.985,>15.985,99.990,0.021,0.293,g
2460259.35883,2023-11-10.8589446,bm,1.52,16.097,>16.097,99.990,0.506,0.264,g
2460259.36006,2023-11-10.8601695,bm,1.51,16.166,>16.166,99.990,0.166,0.248,g
2460259.49037,2023-11-10.9904792,bm,1.52,15.999,>15.999,99.990,0.049,0.289,g
2460259.49159,2023-11-10.9917026,bm,1.49,16.083,>16.083,99.990,0.073,0.268,g
2460259.49282,2023-11-10.9929328,bm,1.54,16.009,>16.009,99.990,0.363,0.287,g
2460261.35205,2023-11-12.8521656,bm,1.52,16.063,>16.063,99.990,0.259,0.273,g
2460261.35326,2023-11-12.8533886,bm,1.51,15.930,>15.930,99.990,0.224,0.308,g
2460261.35451,2023-11-12.8546326,bm,1.51,15.919,>15.919,99.990,0.425,0.311,g
2460261.49914,2023-11-12.9992621,bm,1.58,15.985,>15.985,99.990,0.452,0.293,g
2460261.50038,2023-11-13.0005015,bm,1.6,15.957,>15.957,99.990,0.475,0.301,g
2460261.50162,2023-11-13.0017388,bm,1.58,16.100,>16.100,99.990,0.400,0.264,g
2460261.67608,2023-11-13.1762172,bi,1.49,15.873,>15.873,99.990,0.469,0.325,g
2460261.67730,2023-11-13.1774357,bi,1.39,15.848,>15.848,99.990,0.357,0.332,g
2460261.67853,2023-11-13.1786585,bi,1.53,15.941,>15.941,99.990,0.581,0.305,g
2460262.34926,2023-11-13.8494002,bm,1.49,15.960,>15.960,99.990,0.246,0.300,g
2460262.35049,2023-11-13.8506288,bm,1.54,15.951,>15.951,99.990,0.391,0.302,g
2460262.35174,2023-11-13.8518763,bm,1.55,16.115,>16.115,99.990,0.589,0.260,g
2460263.43033,2023-11-14.9304666,bm,1.54,16.042,>16.042,99.990,0.234,0.278,g
2460263.43155,2023-11-14.9316885,bm,1.53,16.153,>16.153,99.990,0.208,0.251,g
2460263.43278,2023-11-14.9329208,bm,1.51,16.232,>16.232,99.990,0.315,0.233,g
2460264.64523,2023-11-16.1453795,bE,1.46,16.025,>16.025,99.990,0.606,0.283,g
2460264.64656,2023-11-16.1467138,bE,1.54,16.051,>16.051,99.990,0.253,0.276,g
2460264.64785,2023-11-16.1479972,bE,1.53,15.976,>15.976,99.990,0.497,0.296,g
2460265.33509,2023-11-16.8352461,bm,1.53,16.047,>16.047,99.990,0.507,0.277,g
2460265.33632,2023-11-16.8364835,bm,1.49,15.965,>15.965,99.990,0.250,0.298,g
2460265.33756,2023-11-16.8377157,bm,1.47,16.135,>16.135,99.990,0.596,0.255,g
2460265.58248,2023-11-17.0826378,bE,1.53,16.120,>16.120,99.990,0.409,0.259,g
2460265.58375,2023-11-17.0839112,bE,1.48,15.951,>15.951,99.990,0.593,0.302,g
2460265.58503,2023-11-17.0851914,bE,1.54,15.982,>15.982,99.990,0.430,0.294,g
2460265.74517,2023-11-17.2453270,bE,1.5,16.012,>16.012,99.990,0.498,0.286,g
2460265.74645,2023-11-17.2466030,bE,1.45,16.096,>16.096,99.990,0.433,0.265,g
2460265.74774,2023-11-17.2478928,bE,1.53,16.009,>16.009,99.990,0.451,0.287,g
2460267.45423,2023-11-18.9543951,bm,1.49,15.917,>15.917,99.990,0.080,0.312,g
2460267.45546,2023-11-18.9556217,bm,1.48,15.998,>15.998,99.990,0.192,0.290,g
2460267.45669,2023-11-18.9568626,bm,1.52,16.009,>16.009,99.990,0.235,0.287,g
2460269.71024,2023-11-21.2104284,bE,1.53,15.924,>15.924,99.990,0.396,0.310,g
2460269.71152,2023-11-21.2117064,bE,1.57,16.047,>16.047,99.990,0.376,0.277,g
2460269.71281,2023-11-21.2129915,bE,1.48,16.044,>16.044,99.990,0.353,0.278,g
2460270.35980,2023-11-21.8599932,bm,1.51,15.897,>15.897,99.990,0.194,0.318,g
2460270.36103,2023-11-21.8612223,bm,1.56,15.951,>15.951,99.990,0.359,0.303,g
2460270.36226,2023-11-21.8624503,bm,1.55,15.955,>15.955,99.990,0.094,0.301,g
2460270.49040,2023-11-21.9906024,bm,1.6,15.875,>15.875,99.990,0.254,0.324,g
2460270.49182,2023-11-21.9920116,bm,1.58,16.013,>16.013,99.990,0.216,0.286,g
2460270.49358,2023-11-21.9937765,bm,1.63,16.004,>16.004,99.990,0.381,0.288,g
2460270.80963,2023-11-22.3098248,bE,1.5,16.082,>16.082,99.990,0.308,0.268,g
2460270.81090,2023-11-22.3110962,bE,1.53,15.992,>15.992,99.990,0.500,0.291,g
2460270.81217,2023-11-22.3123616,bE,1.5,15.980,>15.980,99.990,0.328,0.294,g
2460271.48351,2023-11-22.9837003,bm,1.51,15.889,>15.889,99.990,0.304,0.320,g
2460271.48473,2023-11-22.9849293,bm,1.49,15.985,>15.985,99.990,0.039,0.293,g
2460271.48597,2023-11-22.9861674,bm,1.52,15.883,>15.883,99.990,0.601,0.322,g
2460271.73649,2023-11-23.2366870,bE,1.46,15.901,>15.901,99.990,0.121,0.317,g
2460271.73776,2023-11-23.2379591,bE,1.54,15.938,>15.938,99.990,0.142,0.306,g
2460271.73902,2023-11-23.2392236,bE,1.44,16.135,>16.135,99.990,0.406,0.255,g
2460272.63661,2023-11-24.1368192,bE,1.48,15.985,>15.985,99.990,0.297,0.293,g
2460272.63789,2023-11-24.1380989,bE,1.5,15.861,>15.861,99.990,0.283,0.329,g
2460272.63917,2023-11-24.1393828,bE,1.48,15.793,>15.793,99.990,1.160,0.350,g
2460274.35609,2023-11-25.8563055,bm,1.55,15.776,>15.776,99.990,0.619,0.355,g
2460274.35733,2023-11-25.8575472,bm,1.51,15.703,>15.703,99.990,0.194,0.380,g
2460274.35857,2023-11-25.8587832,bm,1.55,15.803,>15.803,99.990,-0.098,0.346,g
2460274.49523,2023-11-25.9954575,bm,1.59,15.756,>15.756,99.990,0.453,0.362,g
2460274.49647,2023-11-25.9966833,bm,1.58,15.816,>15.816,99.990,0.703,0.342,g
2460274.49769,2023-11-25.9979024,bm,1.58,15.645,>15.645,99.990,0.702,0.401,g
2460274.65379,2023-11-26.1540162,bi,1.51,15.893,>15.893,99.990,0.153,0.319,g
2460274.65503,2023-11-26.1552483,bi,1.53,15.889,>15.889,99.990,0.422,0.320,g
2460274.65628,2023-11-26.1565054,bi,1.53,15.820,>15.820,99.990,0.189,0.341,g
2460274.85138,2023-11-26.3516070,bi,1.55,15.921,>15.921,99.990,0.707,0.311,g
2460274.85262,2023-11-26.3528547,bi,1.4,15.830,>15.830,99.990,-0.104,0.338,g
2460274.85385,2023-11-26.3540744,bi,1.57,15.806,>15.806,99.990,0.383,0.346,g
2460276.37198,2023-11-27.8722221,bm,1.56,15.631,>15.631,99.990,0.554,0.406,g
2460276.37323,2023-11-27.8734730,bm,1.47,15.601,>15.601,99.990,0.285,0.418,g
2460276.37447,2023-11-27.8747158,bm,1.55,15.740,>15.740,99.990,0.320,0.367,g
2460276.70228,2023-11-28.2025101,bE,1.57,15.816,>15.816,99.990,0.406,0.342,g
2460276.70355,2023-11-28.2037857,bE,1.6,15.887,>15.887,99.990,0.689,0.321,g
2460276.70483,2023-11-28.2050592,bE,1.48,15.780,>15.780,99.990,-0.081,0.354,g
2460277.84956,2023-11-29.3498034,bi,1.56,15.722,>15.722,99.990,0.779,0.374,g
2460277.85079,2023-11-29.3510359,bi,1.52,15.768,>15.768,99.990,0.559,0.358,g
2460277.85202,2023-11-29.3522613,bi,1.5,15.829,>15.829,99.990,0.092,0.339,g
2460278.45950,2023-11-29.9597442,bm,1.47,15.874,>15.874,99.990,0.411,0.325,g
2460278.46073,2023-11-29.9609743,bm,1.6,15.911,>15.911,99.990,0.506,0.314,g
2460278.46196,2023-11-29.9622019,bm,1.54,15.791,>15.791,99.990,0.108,0.350,g
2460278.75436,2023-11-30.2546159,bi,1.45,15.910,>15.910,99.990,0.524,0.314,g
2460278.75558,2023-11-30.2558311,bi,1.54,15.765,>15.765,99.990,0.391,0.359,g
2460278.75680,2023-11-30.2570466,bi,1.51,15.881,>15.881,99.990,0.401,0.323,g
2460285.31026,2023-12-06.8105482,bm,2.11,16.111,>16.111,99.990,0.140,0.261,g
2460285.31172,2023-12-06.8120032,bm,2.02,16.071,>16.071,99.990,0.228,0.271,g
2460285.31305,2023-12-06.8133341,bm,2.0,16.167,>16.167,99.990,0.108,0.248,g
2460285.82417,2023-12-07.3244668,bi,1.39,15.968,>15.968,99.990,0.356,0.298,g
2460285.82540,2023-12-07.3256993,bi,1.44,16.138,>16.138,99.990,0.402,0.255,g
2460285.82664,2023-12-07.3269386,bi,1.42,15.925,>15.925,99.990,0.284,0.310,g
2460286.34125,2023-12-07.8415516,bm,1.56,15.902,>15.902,99.990,0.297,0.317,g
2460286.34247,2023-12-07.8427759,bm,1.53,16.089,>16.089,99.990,0.575,0.266,g
2460286.34372,2023-12-07.8440179,bm,1.52,15.896,>15.896,99.990,0.342,0.318,g
2460286.49126,2023-12-07.9915636,bm,2.0,15.983,>15.983,99.990,0.210,0.294,g
2460286.49248,2023-12-07.9927782,bm,2.05,15.976,>15.976,99.990,0.286,0.296,g
2460286.49370,2023-12-07.9940062,bm,2.05,16.066,>16.066,99.990,0.499,0.272,g
2460286.81725,2023-12-08.3175594,bi,1.46,15.926,>15.926,99.990,0.299,0.309,g
2460286.81847,2023-12-08.3187778,bi,1.43,15.954,>15.954,99.990,0.655,0.302,g
2460286.81969,2023-12-08.3199971,bi,1.42,16.045,>16.045,99.990,0.282,0.277,g
2460287.27700,2023-12-08.7772964,bm,1.59,15.784,>15.784,99.990,-0.116,0.353,g
2460287.27829,2023-12-08.7785920,bm,1.52,15.855,>15.855,99.990,0.073,0.330,g
2460287.27971,2023-12-08.7800111,bm,1.52,15.842,>15.842,99.990,0.288,0.334,g
2460287.85154,2023-12-09.3518412,bi,1.49,16.027,>16.027,99.990,0.306,0.282,g
2460287.85275,2023-12-09.3530594,bi,1.42,99.990,99.990,99.990,99.990,99.990,g
2460287.85399,2023-12-09.3543001,bi,1.49,15.753,>15.753,99.990,0.934,0.363,g
2460288.65173,2023-12-10.1520451,bi,1.48,16.018,>16.018,99.990,0.350,0.284,g
2460288.65297,2023-12-10.1532866,bi,1.44,15.976,>15.976,99.990,0.261,0.295,g
2460288.65421,2023-12-10.1545254,bi,1.5,16.119,>16.119,99.990,0.166,0.259,g
2460289.36123,2023-12-10.8615491,bm,2.04,16.146,>16.146,99.990,0.405,0.253,g
2460289.36262,2023-12-10.8629430,bm,2.04,16.047,>16.047,99.990,0.399,0.277,g
2460289.36388,2023-12-10.8641917,bm,2.05,15.962,>15.962,99.990,0.067,0.299,g
2460289.83795,2023-12-11.3382674,bi,1.47,16.044,>16.044,99.990,0.247,0.278,g
2460289.83918,2023-12-11.3395045,bi,1.47,15.942,>15.942,99.990,0.574,0.305,g
2460289.84042,2023-12-11.3407349,bi,1.45,15.942,>15.942,99.990,0.311,0.305,g
2460290.28224,2023-12-11.7825709,bm,1.47,15.898,>15.898,99.990,0.038,0.317,g
2460290.28347,2023-12-11.7838006,bm,1.52,15.962,>15.962,99.990,0.209,0.299,g
2460290.28471,2023-12-11.7850379,bm,1.6,15.900,>15.900,99.990,0.002,0.317,g
2460290.43301,2023-12-11.9333273,bm,1.56,16.035,>16.035,99.990,0.431,0.280,g
2460290.43424,2023-12-11.9345574,bm,1.97,16.002,>16.002,99.990,0.388,0.288,g
2460290.43545,2023-12-11.9357780,bm,1.99,15.968,>15.968,99.990,0.320,0.298,g
2460290.64485,2023-12-12.1451802,bi,1.42,16.051,>16.051,99.990,0.329,0.276,g
2460290.64608,2023-12-12.1464008,bi,1.48,15.979,>15.979,99.990,0.391,0.295,g
2460290.64731,2023-12-12.1476334,bi,1.4,15.945,>15.945,99.990,0.393,0.304,g
2460291.27507,2023-12-12.7754010,bm,1.99,15.472,>15.472,99.990,0.642,0.470,g
2460291.27630,2023-12-12.7766335,bm,1.64,15.495,>15.495,99.990,0.781,0.461,g
2460291.27754,2023-12-12.7778753,bm,1.51,15.627,>15.627,99.990,0.210,0.408,g
2460291.47877,2023-12-12.9790991,bm,2.28,16.248,>16.248,99.990,0.057,0.230,g
2460291.48001,2023-12-12.9803392,bm,2.3,16.221,>16.221,99.990,-0.158,0.236,g
2460291.48124,2023-12-12.9815746,bm,2.32,16.071,>16.071,99.990,0.102,0.271,g
2460291.85393,2023-12-13.3542646,bi,1.52,15.778,>15.778,99.990,0.234,0.355,g
2460291.85517,2023-12-13.3555041,bi,1.41,15.842,>15.842,99.990,0.118,0.334,g
2460291.85639,2023-12-13.3567209,bi,1.46,15.836,>15.836,99.990,-0.231,0.336,g
2460292.35168,2023-12-13.8520122,bm,1.52,16.072,>16.072,99.990,0.372,0.271,g
2460292.35292,2023-12-13.8532468,bm,1.56,16.117,>16.117,99.990,0.334,0.260,g
2460292.35443,2023-12-13.8547662,bm,1.48,15.970,>15.970,99.990,0.401,0.297,g
2460292.48642,2023-12-13.9867502,bm,2.07,16.055,>16.055,99.990,0.136,0.275,g
2460292.48765,2023-12-13.9879769,bm,2.07,16.062,>16.062,99.990,0.322,0.273,g
2460292.48887,2023-12-13.9892037,bm,2.03,15.839,>15.839,99.990,0.367,0.335,g
2460292.58850,2023-12-14.0888303,bm,2.05,15.926,>15.926,99.990,0.488,0.309,g
2460292.58973,2023-12-14.0900604,bm,2.06,15.893,>15.893,99.990,0.196,0.319,g
2460292.59095,2023-12-14.0912834,bm,2.06,15.879,>15.879,99.990,0.488,0.323,g
2460293.27609,2023-12-14.7764239,bm,1.49,15.662,>15.662,99.990,0.352,0.395,g
2460293.27733,2023-12-14.7776634,bm,1.62,15.707,>15.707,99.990,0.343,0.379,g
2460293.27855,2023-12-14.7788876,bm,1.57,15.948,>15.948,99.990,0.450,0.303,g
2460293.42369,2023-12-14.9240251,bm,2.13,16.173,>16.173,99.990,-0.073,0.247,g
2460294.28041,2023-12-15.7807446,bm,2.0,15.784,14.395,0.061,6.337,0.355,g
2460294.28163,2023-12-15.7819734,bm,1.97,15.987,>15.987,99.990,0.859,0.293,g
2460294.28286,2023-12-15.7831965,bm,1.98,16.014,>16.014,99.990,0.029,0.285,g
2460294.42554,2023-12-15.9258817,bm,1.58,15.978,>15.978,99.990,0.200,0.295,g
2460294.42708,2023-12-15.9274246,bm,1.62,15.982,>15.982,99.990,0.287,0.294,g
2460294.42842,2023-12-15.9287555,bm,1.64,16.037,>16.037,99.990,-0.056,0.279,g
2460295.27714,2023-12-16.7774851,bm,2.42,99.990,99.990,99.990,99.990,99.990,g
2460295.27841,2023-12-16.7787622,bm,2.44,99.990,99.990,99.990,99.990,99.990,g
2460295.27967,2023-12-16.7800193,bm,2.38,99.990,99.990,99.990,99.990,99.990,g
2460295.43256,2023-12-16.9329194,bm,1.55,16.027,>16.027,99.990,0.118,0.282,g
2460295.43379,2023-12-16.9341423,bm,1.55,15.970,>15.970,99.990,0.263,0.297,g
2460295.43502,2023-12-16.9353671,bm,1.56,15.984,>15.984,99.990,0.138,0.293,g
2460295.63571,2023-12-17.1360665,bi,1.39,16.014,>16.014,99.990,0.407,0.285,g
2460295.63695,2023-12-17.1372974,bi,1.46,15.964,>15.964,99.990,0.371,0.299,g
2460295.63817,2023-12-17.1385229,bi,1.45,16.094,>16.094,99.990,0.347,0.265,g
2460296.31614,2023-12-17.8164946,bm,2.01,16.186,>16.186,99.990,0.077,0.244,g
2460296.31738,2023-12-17.8177293,bm,1.62,16.021,>16.021,99.990,0.287,0.284,g
2460296.31859,2023-12-17.8189430,bm,1.67,16.122,>16.122,99.990,0.005,0.258,g
2460296.45216,2023-12-17.9525064,bm,1.57,16.033,>16.033,99.990,0.261,0.280,g
2460296.45337,2023-12-17.9537238,bm,1.49,16.086,>16.086,99.990,0.407,0.267,g
2460296.45459,2023-12-17.9549399,bm,1.53,15.991,>15.991,99.990,0.164,0.292,g
2460296.78304,2023-12-18.2834033,bi,1.38,15.994,>15.994,99.990,0.643,0.291,g
2460296.78427,2023-12-18.2846240,bi,1.39,16.107,>16.107,99.990,0.557,0.262,g
2460296.78549,2023-12-18.2858402,bi,1.4,15.937,>15.937,99.990,0.433,0.306,g
2460297.30444,2023-12-18.8047946,bm,1.63,16.088,>16.088,99.990,0.178,0.267,g
2460297.30566,2023-12-18.8060306,bm,1.58,16.051,>16.051,99.990,0.352,0.276,g
2460297.30690,2023-12-18.8072651,bm,1.57,16.112,>16.112,99.990,0.141,0.261,g
2460297.45173,2023-12-18.9520974,bm,1.57,16.027,>16.027,99.990,0.449,0.282,g
2460297.45295,2023-12-18.9533146,bm,1.5,16.017,>16.017,99.990,0.228,0.285,g
2460297.45420,2023-12-18.9545577,bm,1.54,16.002,>16.002,99.990,0.347,0.288,g
2460298.29871,2023-12-19.7990750,bm,2.27,16.156,>16.156,99.990,-0.127,0.250,g
2460298.29993,2023-12-19.8002965,bm,2.25,16.078,>16.078,99.990,0.098,0.269,g
2460298.30121,2023-12-19.8015714,bm,2.3,16.091,>16.091,99.990,0.017,0.266,g
2460298.44137,2023-12-19.9417368,bm,1.57,16.063,>16.063,99.990,0.096,0.273,g
2460298.44260,2023-12-19.9429692,bm,1.53,16.070,>16.070,99.990,0.435,0.271,g
2460298.44383,2023-12-19.9441936,bm,1.55,16.084,>16.084,99.990,0.455,0.268,g
2460298.66731,2023-12-20.1676708,bi,1.41,15.937,>15.937,99.990,0.220,0.306,g
2460298.66852,2023-12-20.1688956,bi,1.45,15.969,>15.969,99.990,0.126,0.297,g
2460298.66975,2023-12-20.1701184,bi,1.44,16.142,>16.142,99.990,0.287,0.254,g
2460299.27867,2023-12-20.7790425,bm,2.36,15.454,>15.454,99.990,0.690,0.478,g
2460299.27990,2023-12-20.7802769,bm,2.31,15.525,>15.525,99.990,-0.423,0.448,g
2460299.28113,2023-12-20.7815010,bm,2.31,15.667,>15.667,99.990,0.205,0.393,g
2460299.42578,2023-12-20.9261496,bm,1.57,15.978,>15.978,99.990,0.119,0.295,g
2460299.42701,2023-12-20.9273792,bm,1.49,16.005,>16.005,99.990,0.304,0.288,g
2460299.42824,2023-12-20.9286069,bm,1.54,15.917,>15.917,99.990,0.507,0.312,g
2460299.53378,2023-12-21.0341523,bm,1.49,16.021,>16.021,99.990,0.353,0.284,g
2460299.53502,2023-12-21.0353905,bm,1.51,16.005,>16.005,99.990,0.413,0.288,g
2460299.53624,2023-12-21.0366068,bm,1.51,15.917,>15.917,99.990,0.655,0.312,g
2460299.81961,2023-12-21.3199884,bi,1.48,15.975,>15.975,99.990,0.705,0.296,g
2460299.82085,2023-12-21.3212265,bi,1.41,15.911,>15.911,99.990,0.624,0.314,g
2460299.82209,2023-12-21.3224668,bi,1.52,16.033,>16.033,99.990,0.288,0.281,g
2460300.31295,2023-12-21.8133206,bm,2.37,99.990,99.990,99.990,99.990,99.990,g
2460300.31418,2023-12-21.8145504,bm,2.39,99.990,99.990,99.990,99.990,99.990,g
2460300.31541,2023-12-21.8157751,bm,2.38,99.990,99.990,99.990,99.990,99.990,g
2460300.47643,2023-12-21.9767971,bm,1.71,16.130,>16.130,99.990,0.282,0.256,g
2460300.47766,2023-12-21.9780271,bm,1.6,16.127,>16.127,99.990,0.070,0.257,g
2460300.47889,2023-12-21.9792562,bm,1.59,16.120,>16.120,99.990,-0.001,0.259,g
2460300.66768,2023-12-22.1680615,bi,1.54,15.894,>15.894,99.990,0.330,0.319,g
2460300.66891,2023-12-22.1692906,bi,1.46,16.009,>16.009,99.990,0.389,0.287,g
2460300.67014,2023-12-22.1705173,bi,1.49,15.936,>15.936,99.990,0.219,0.307,g
2460301.28328,2023-12-22.7836489,bm,2.2,15.791,>15.791,99.990,0.348,0.350,g
2460301.28451,2023-12-22.7848871,bm,2.18,15.794,>15.794,99.990,0.001,0.349,g
2460301.28575,2023-12-22.7861184,bm,2.19,15.721,>15.721,99.990,0.509,0.374,g
2460301.42400,2023-12-22.9243722,bm,2.04,16.032,>16.032,99.990,0.318,0.281,g
2460301.42521,2023-12-22.9255858,bm,1.67,15.949,>15.949,99.990,0.057,0.303,g
2460301.42644,2023-12-22.9268167,bm,1.99,16.046,>16.046,99.990,-0.164,0.277,g
2460301.50022,2023-12-23.0005910,bm,2.12,16.023,>16.023,99.990,0.298,0.283,g
2460301.50146,2023-12-23.0018314,bm,2.14,16.037,>16.037,99.990,0.245,0.279,g
2460301.50269,2023-12-23.0030664,bm,2.14,16.061,>16.061,99.990,-0.070,0.273,g
2460301.67292,2023-12-23.1732996,bE,1.44,15.946,>15.946,99.990,0.141,0.304,g
2460301.67420,2023-12-23.1745766,bE,1.55,15.965,>15.965,99.990,-0.084,0.299,g
2460301.67548,2023-12-23.1758538,bE,1.51,15.925,>15.925,99.990,0.089,0.310,g
2460301.82779,2023-12-23.3281721,bi,1.43,15.913,>15.913,99.990,0.191,0.313,g
2460301.82901,2023-12-23.3293972,bi,1.47,15.979,>15.979,99.990,0.480,0.295,g
2460301.83024,2023-12-23.3306275,bi,1.52,15.879,>15.879,99.990,0.346,0.323,g
2460302.29526,2023-12-23.7956355,bm,1.54,15.920,>15.920,99.990,-0.089,0.311,g
2460302.29650,2023-12-23.7968855,bm,1.52,15.907,>15.907,99.990,-0.020,0.315,g
2460302.29774,2023-12-23.7981261,bm,1.55,15.816,>15.816,99.990,0.074,0.342,g
2460302.45095,2023-12-23.9513280,bm,2.1,15.872,>15.872,99.990,0.363,0.325,g
2460302.45224,2023-12-23.9526327,bm,2.13,15.950,>15.950,99.990,0.231,0.303,g
2460302.45358,2023-12-23.9539642,bm,2.1,15.819,>15.819,99.990,0.485,0.342,g
2460303.28409,2023-12-24.7844689,bm,1.53,15.693,>15.693,99.990,-0.197,0.383,g
2460303.28532,2023-12-24.7857037,bm,1.49,15.819,>15.819,99.990,0.733,0.341,g
2460303.28664,2023-12-24.7870182,bm,1.51,15.789,>15.789,99.990,-0.196,0.351,g
2460303.43745,2023-12-24.9378381,bm,2.05,15.944,>15.944,99.990,0.342,0.304,g
2460303.43875,2023-12-24.9391326,bm,2.05,15.891,>15.891,99.990,0.161,0.320,g
2460303.44000,2023-12-24.9403850,bm,2.05,15.811,>15.811,99.990,-0.062,0.344,g
2460305.28845,2023-12-26.7888364,bm,2.17,99.990,99.990,99.990,99.990,99.990,g
2460305.28976,2023-12-26.7901497,bm,1.57,14.665,>14.665,99.990,-0.711,0.989,g
2460305.29103,2023-12-26.7914266,bm,2.03,15.462,>15.462,99.990,0.990,0.475,g
2460308.60224,2023-12-30.1026491,bi,1.49,15.945,>15.945,99.990,0.487,0.304,g
2460308.60346,2023-12-30.1038687,bi,1.5,16.019,>16.019,99.990,0.303,0.284,g
2460308.60467,2023-12-30.1050814,bi,1.47,16.035,>16.035,99.990,0.202,0.280,g
2460308.69644,2023-12-30.1968577,bi,1.59,15.971,>15.971,99.990,0.170,0.297,g
2460308.69767,2023-12-30.1980855,bi,1.55,15.951,>15.951,99.990,-0.021,0.303,g
2460308.69890,2023-12-30.1993072,bi,1.51,16.016,>16.016,99.990,0.288,0.285,g
2460310.69633,2024-01-01.1967429,bi,1.59,15.843,>15.843,99.990,0.249,0.334,g
2460310.69755,2024-01-01.1979681,bi,1.46,15.966,>15.966,99.990,0.269,0.298,g
2460310.69878,2024-01-01.1991887,bi,1.46,15.883,>15.883,99.990,0.599,0.322,g
2460311.53456,2024-01-02.0349849,bi,2.04,15.922,>15.922,99.990,0.063,0.311,g
2460311.53580,2024-01-02.0362184,bi,2.02,15.956,>15.956,99.990,0.018,0.301,g
2460311.53703,2024-01-02.0374486,bi,2.0,16.128,>16.128,99.990,-0.013,0.257,g
2460311.69745,2024-01-02.1978739,bE,1.46,16.255,>16.255,99.990,0.448,0.229,g
2460311.69873,2024-01-02.1991517,bE,1.44,15.924,>15.924,99.990,0.412,0.310,g
2460311.70000,2024-01-02.2004218,bE,1.49,15.968,>15.968,99.990,0.147,0.298,g
2460312.30597,2024-01-02.8063866,bm,2.31,16.062,>16.062,99.990,0.217,0.273,g
2460312.30847,2024-01-02.8088858,bm,2.5,99.990,99.990,99.990,99.990,99.990,g
2460312.53730,2024-01-03.0377277,bi,2.01,16.162,>16.162,99.990,0.005,0.249,g
2460312.70155,2024-01-03.2019665,bE,1.5,16.021,>16.021,99.990,0.540,0.283,g
2460312.70282,2024-01-03.2032410,bE,1.48,16.098,>16.098,99.990,0.398,0.264,g
2460312.70410,2024-01-03.2045175,bE,1.48,15.985,>15.985,99.990,0.424,0.293,g
2460313.29666,2024-01-03.7970817,bm,1.55,16.051,>16.051,99.990,0.368,0.276,g
2460313.29791,2024-01-03.7983259,bm,1.49,16.065,>16.065,99.990,0.546,0.272,g
2460313.29915,2024-01-03.7995679,bm,1.55,16.042,>16.042,99.990,0.400,0.278,g
2460313.56955,2024-01-04.0699724,bE,1.58,16.068,>16.068,99.990,0.463,0.272,g
2460313.57083,2024-01-04.0712472,bE,1.49,16.025,>16.025,99.990,0.230,0.282,g
2460313.57210,2024-01-04.0725238,bE,1.53,16.100,>16.100,99.990,0.169,0.264,g
2460313.67305,2024-01-04.1734674,bi,1.48,15.999,>15.999,99.990,0.377,0.289,g
2460313.67425,2024-01-04.1746825,bi,1.42,15.963,>15.963,99.990,0.583,0.299,g
2460313.67548,2024-01-04.1759101,bi,1.47,15.933,>15.933,99.990,0.592,0.308,g
2460314.30050,2024-01-04.8009187,bm,2.36,99.990,99.990,99.990,99.990,99.990,g
2460314.30172,2024-01-04.8021560,bm,2.38,99.990,99.990,99.990,99.990,99.990,g
2460314.30295,2024-01-04.8033814,bm,2.13,16.150,>16.150,99.990,0.070,0.252,g
2460314.47147,2024-01-04.9718966,bm,1.54,16.080,>16.080,99.990,0.297,0.269,g
2460314.47269,2024-01-04.9731138,bm,1.53,16.115,>16.115,99.990,0.226,0.260,g
2460314.47391,2024-01-04.9743305,bm,1.57,15.958,>15.958,99.990,0.211,0.300,g
2460314.71432,2024-01-05.2147483,bE,1.45,15.969,>15.969,99.990,0.524,0.297,g
2460314.71560,2024-01-05.2160236,bE,1.47,15.969,>15.969,99.990,0.301,0.297,g
2460314.71689,2024-01-05.2173130,bE,1.47,16.058,>16.058,99.990,0.274,0.274,g
2460314.83055,2024-01-05.3309775,bE,1.45,16.041,>16.041,99.990,0.476,0.278,g
2460314.83183,2024-01-05.3322486,bE,1.41,15.950,>15.950,99.990,0.503,0.303,g
2460314.83309,2024-01-05.3335166,bE,1.48,15.924,>15.924,99.990,0.438,0.310,g
2460315.32481,2024-01-05.8252331,bm,1.54,16.012,>16.012,99.990,0.357,0.286,g
2460315.32626,2024-01-05.8266870,bm,1.52,16.040,>16.040,99.990,0.249,0.279,g
2460315.32777,2024-01-05.8281937,bm,1.54,16.041,>16.041,99.990,0.292,0.278,g
2460315.57769,2024-01-06.0781223,bE,1.48,16.013,>16.013,99.990,0.206,0.286,g
2460315.57897,2024-01-06.0793974,bE,1.46,16.047,>16.047,99.990,0.382,0.277,g
2460315.58025,2024-01-06.0806761,bE,1.49,16.052,>16.052,99.990,0.157,0.276,g
2460316.28164,2024-01-06.7820761,bm,1.58,15.693,>15.693,99.990,0.054,0.384,g
2460316.28288,2024-01-06.7833134,bm,1.57,15.677,>15.677,99.990,-0.010,0.389,g
2460316.28411,2024-01-06.7845401,bm,1.51,15.870,>15.870,99.990,-0.048,0.326,g
2460316.41796,2024-01-06.9183939,bm,1.68,16.158,>16.158,99.990,0.442,0.250,g
2460316.41918,2024-01-06.9196123,bm,1.67,16.050,>16.050,99.990,0.283,0.276,g
2460316.42042,2024-01-06.9208449,bm,1.59,16.001,>16.001,99.990,0.272,0.289,g
2460316.53497,2024-01-07.0354069,bm,2.23,16.042,>16.042,99.990,0.142,0.278,g
2460316.53621,2024-01-07.0366478,bm,2.17,16.035,>16.035,99.990,0.175,0.280,g
2460316.53744,2024-01-07.0378755,bm,2.2,16.106,>16.106,99.990,0.213,0.262,g
2460317.64818,2024-01-08.1486184,bE,1.47,15.956,>15.956,99.990,0.172,0.301,g
2460317.64948,2024-01-08.1499142,bE,1.45,15.981,>15.981,99.990,0.411,0.294,g
2460317.65074,2024-01-08.1511839,bE,1.49,16.014,>16.014,99.990,0.403,0.285,g
2460320.32675,2024-01-10.8271979,bm,1.52,15.939,>15.939,99.990,0.287,0.306,g
2460320.32869,2024-01-10.8291288,bm,1.57,16.114,>16.114,99.990,0.286,0.260,g
2460320.76679,2024-01-11.2672370,bi,1.5,15.942,>15.942,99.990,0.229,0.305,g
2460320.76802,2024-01-11.2684649,bi,1.5,16.098,>16.098,99.990,0.614,0.264,g
2460320.76924,2024-01-11.2696790,bi,1.49,16.075,>16.075,99.990,0.185,0.270,g
2460322.73332,2024-01-13.2337620,bE,1.52,15.968,>15.968,99.990,0.141,0.298,g
2460322.73457,2024-01-13.2350156,bE,1.44,16.043,>16.043,99.990,0.638,0.278,g
2460322.73585,2024-01-13.2362938,bE,1.46,16.095,>16.095,99.990,0.273,0.265,g
2460324.73291,2024-01-15.2333600,bi,1.49,15.958,>15.958,99.990,0.472,0.300,g
2460324.73414,2024-01-15.2345877,bi,1.4,15.930,>15.930,99.990,0.406,0.308,g
2460324.73537,2024-01-15.2358165,bi,1.44,15.948,>15.948,99.990,0.332,0.303,g
2460325.74917,2024-01-16.2496118,bE,1.5,15.959,>15.959,99.990,0.379,0.300,g
2460325.75043,2024-01-16.2508752,bE,1.56,16.093,>16.093,99.990,0.277,0.265,g
2460325.75169,2024-01-16.2521371,bE,1.54,15.937,>15.937,99.990,0.523,0.307,g
2460326.74095,2024-01-17.2413946,bE,1.63,16.068,>16.068,99.990,0.088,0.272,g
2460326.74223,2024-01-17.2426791,bE,1.63,16.082,>16.082,99.990,0.218,0.268,g
2460326.74350,2024-01-17.2439425,bE,1.57,16.208,>16.208,99.990,0.327,0.239,g
2460327.73992,2024-01-18.2403719,bi,1.49,16.069,>16.069,99.990,0.610,0.271,g
2460327.74114,2024-01-18.2415905,bi,1.41,15.863,>15.863,99.990,0.455,0.328,g
2460327.74235,2024-01-18.2428090,bi,1.42,15.952,>15.952,99.990,0.454,0.302,g
2460328.53694,2024-01-19.0373966,bi,1.61,16.038,>16.038,99.990,0.520,0.279,g
2460328.53817,2024-01-19.0386255,bi,1.71,15.910,>15.910,99.990,0.109,0.314,g
2460328.53940,2024-01-19.0398521,bi,1.67,15.921,>15.921,99.990,0.410,0.311,g
2460328.75190,2024-01-19.2523534,bE,1.4,16.034,>16.034,99.990,0.167,0.280,g
2460328.75317,2024-01-19.2536204,bE,1.5,15.942,>15.942,99.990,0.198,0.305,g
2460328.75446,2024-01-19.2549087,bE,1.43,15.988,>15.988,99.990,0.344,0.292,g
2460329.53311,2024-01-20.0335601,bE,1.69,15.999,>15.999,99.990,0.332,0.289,g
2460329.53438,2024-01-20.0348356,bE,1.97,15.875,>15.875,99.990,0.103,0.324,g
2460329.53565,2024-01-20.0361098,bE,1.55,15.884,>15.884,99.990,0.137,0.322,g
2460329.73167,2024-01-20.2321258,bi,1.52,15.963,>15.963,99.990,0.532,0.299,g
2460329.73290,2024-01-20.2333500,bi,1.51,16.032,>16.032,99.990,0.738,0.281,g
2460329.73411,2024-01-20.2345646,bi,1.56,15.927,>15.927,99.990,0.326,0.309,g
2460330.72300,2024-01-21.2234567,bE,1.52,15.889,>15.889,99.990,0.470,0.320,g
2460330.72429,2024-01-21.2247434,bE,1.5,15.988,>15.988,99.990,0.359,0.292,g
2460330.72556,2024-01-21.2260164,bE,1.48,15.918,>15.918,99.990,0.210,0.312,g
2460331.73022,2024-01-22.2306771,bE,1.52,15.934,>15.934,99.990,-0.160,0.307,g
2460331.73150,2024-01-22.2319549,bE,1.5,15.907,>15.907,99.990,0.212,0.315,g
2460331.73276,2024-01-22.2332186,bE,1.52,15.935,>15.935,99.990,0.295,0.307,g
2460332.73804,2024-01-23.2385035,bi,1.5,15.823,>15.823,99.990,0.132,0.340,g
2460332.73927,2024-01-23.2397289,bi,1.47,15.722,>15.722,99.990,0.259,0.374,g
2460332.74050,2024-01-23.2409587,bi,1.5,15.743,>15.743,99.990,0.610,0.366,g
2460336.57836,2024-01-27.0788125,bE,1.58,15.872,>15.872,99.990,0.302,0.325,g
2460336.57964,2024-01-27.0800871,bE,1.55,15.910,>15.910,99.990,-0.151,0.314,g
2460336.58090,2024-01-27.0813501,bE,1.57,16.004,>16.004,99.990,0.327,0.288,g
2460337.55227,2024-01-28.0527200,bi,1.56,16.107,>16.107,99.990,0.585,0.262,g
2460337.55350,2024-01-28.0539559,bi,1.58,16.070,>16.070,99.990,0.294,0.271,g
2460337.55472,2024-01-28.0551802,bi,1.54,16.055,>16.055,99.990,0.634,0.275,g
2460337.75027,2024-01-28.2507212,bE,1.54,15.801,>15.801,99.990,0.596,0.347,g
2460337.75152,2024-01-28.2519730,bE,1.61,15.806,>15.806,99.990,0.396,0.346,g
2460337.75280,2024-01-28.2532506,bE,1.57,15.694,>15.694,99.990,-0.158,0.383,g
2460338.72769,2024-01-29.2281414,bE,1.52,15.918,>15.918,99.990,0.421,0.312,g
2460338.72895,2024-01-29.2294043,bE,1.58,15.796,>15.796,99.990,0.443,0.349,g
2460338.73024,2024-01-29.2306924,bE,1.45,15.790,>15.790,99.990,0.229,0.351,g
2460339.55132,2024-01-30.0517776,bi,2.11,16.217,>16.217,99.990,-0.009,0.237,g
2460339.55256,2024-01-30.0530141,bi,2.1,16.207,>16.207,99.990,0.166,0.239,g
2460339.55379,2024-01-30.0542368,bi,1.98,16.164,>16.164,99.990,-0.042,0.249,g
2460339.74289,2024-01-30.2433405,bE,1.55,15.847,>15.847,99.990,0.421,0.333,g
2460339.74416,2024-01-30.2446062,bE,1.49,16.048,>16.048,99.990,0.291,0.277,g
2460339.74544,2024-01-30.2458907,bE,1.52,15.876,>15.876,99.990,0.541,0.324,g
2460340.54355,2024-01-31.0439931,bi,1.56,16.103,>16.103,99.990,0.308,0.263,g
2460340.54478,2024-01-31.0452253,bi,1.57,16.083,>16.083,99.990,0.142,0.268,g
2460340.54601,2024-01-31.0464541,bi,1.61,16.070,>16.070,99.990,0.220,0.271,g
2460340.73822,2024-01-31.2386785,bE,2.01,16.016,>16.016,99.990,0.187,0.285,g
2460340.73950,2024-01-31.2399466,bE,2.02,16.140,>16.140,99.990,0.260,0.254,g
2460340.74078,2024-01-31.2412329,bE,2.04,15.984,>15.984,99.990,-0.092,0.293,g
2460341.54302,2024-02-01.0434719,bi,1.44,15.854,>15.854,99.990,0.419,0.331,g
2460341.54423,2024-02-01.0446857,bi,1.46,15.981,>15.981,99.990,0.513,0.294,g
2460341.54546,2024-02-01.0459075,bi,1.46,16.075,>16.075,99.990,0.388,0.270,g
2460341.73844,2024-02-01.2388954,bE,1.55,15.872,>15.872,99.990,0.472,0.325,g
2460341.73973,2024-02-01.2401814,bE,1.45,15.965,>15.965,99.990,0.385,0.298,g
2460341.74100,2024-02-01.2414444,bE,1.48,15.998,>15.998,99.990,0.137,0.290,g
2460342.55135,2024-02-02.0518141,bi,1.51,16.058,>16.058,99.990,0.307,0.274,g
2460342.55258,2024-02-02.0530350,bi,1.43,15.950,>15.950,99.990,0.221,0.303,g
2460342.55381,2024-02-02.0542619,bi,1.53,16.051,>16.051,99.990,0.190,0.276,g
2460343.72150,2024-02-03.2219464,bi,1.49,15.824,>15.824,99.990,0.302,0.340,g
2460343.72273,2024-02-03.2231767,bi,1.45,15.915,>15.915,99.990,0.243,0.313,g
2460343.72396,2024-02-03.2244075,bi,1.43,15.927,>15.927,99.990,0.667,0.309,g
2460346.70511,2024-02-06.2055535,bi,1.55,15.945,>15.945,99.990,0.475,0.304,g
2460346.70633,2024-02-06.2067719,bi,1.49,15.997,>15.997,99.990,0.471,0.290,g
2460346.70756,2024-02-06.2080025,bi,1.46,15.892,>15.892,99.990,0.516,0.319,g
2460350.71016,2024-02-10.2105937,bE,1.47,16.018,>16.018,99.990,0.446,0.284,g
2460350.71143,2024-02-10.2118732,bE,1.5,15.978,>15.978,99.990,0.368,0.295,g
2460350.71272,2024-02-10.2131603,bE,1.46,16.069,>16.069,99.990,0.425,0.271,g
2460351.70761,2024-02-11.2080460,bE,1.54,16.008,>16.008,99.990,0.282,0.287,g
2460351.70888,2024-02-11.2093106,bE,1.56,16.057,>16.057,99.990,0.236,0.274,g
2460351.71017,2024-02-11.2105972,bE,1.6,15.941,>15.941,99.990,0.179,0.305,g
2460352.70090,2024-02-12.2013341,bE,1.46,16.015,>16.015,99.990,0.175,0.285,g
2460352.70217,2024-02-12.2026065,bE,1.43,16.056,>16.056,99.990,0.388,0.275,g
2460352.70345,2024-02-12.2038776,bE,1.5,16.047,>16.047,99.990,0.453,0.277,g
2460353.70429,2024-02-13.2047164,bE,1.45,16.002,>16.002,99.990,-0.044,0.289,g
2460353.70555,2024-02-13.2059812,bE,1.48,16.017,>16.017,99.990,0.392,0.285,g
2460353.70684,2024-02-13.2072688,bE,1.46,16.000,>16.000,99.990,0.642,0.289,g
2460354.69599,2024-02-14.1964174,bE,1.43,16.039,>16.039,99.990,0.607,0.279,g
2460354.69727,2024-02-14.1976946,bE,1.44,15.948,>15.948,99.990,0.217,0.303,g
2460354.69854,2024-02-14.1989694,bE,1.47,15.989,>15.989,99.990,0.238,0.292,g
2460355.69520,2024-02-15.1956166,bE,1.47,15.921,>15.921,99.990,0.460,0.311,g
2460355.69648,2024-02-15.1969032,bE,1.51,16.012,>16.012,99.990,0.294,0.286,g
2460355.69776,2024-02-15.1981841,bE,1.54,16.163,>16.163,99.990,0.344,0.249,g
2460357.30783,2024-02-16.8082577,bm,1.52,15.790,>15.790,99.990,-0.356,0.351,g
2460357.30907,2024-02-16.8094891,bm,1.59,16.150,>16.150,99.990,0.417,0.252,g
2460357.31030,2024-02-16.8107251,bm,1.49,15.594,>15.594,99.990,0.277,0.420,g
2460357.39472,2024-02-16.8951430,bm,2.22,15.786,>15.786,99.990,-0.427,0.352,g
2460357.39595,2024-02-16.8963745,bm,2.22,15.833,>15.833,99.990,-0.007,0.337,g
2460357.39718,2024-02-16.8976054,bm,2.23,15.776,>15.776,99.990,-0.072,0.355,g
2460358.35136,2024-02-17.8517777,bm,1.94,15.807,>15.807,99.990,0.676,0.345,g
2460358.35259,2024-02-17.8530089,bm,1.96,15.591,>15.591,99.990,0.217,0.422,g
2460358.35382,2024-02-17.8542320,bm,1.98,15.593,>15.593,99.990,-0.743,0.421,g
2460358.37012,2024-02-17.8705368,bm,1.96,15.748,>15.748,99.990,0.924,0.365,g
2460358.37136,2024-02-17.8717784,bm,1.96,15.641,>15.641,99.990,0.759,0.402,g
2460358.37259,2024-02-17.8730054,bm,2.0,15.771,>15.771,99.990,-0.367,0.357,g
2460358.53648,2024-02-18.0368940,bE,1.59,15.939,>15.939,99.990,0.282,0.306,g
2460358.53775,2024-02-18.0381677,bE,1.57,15.986,>15.986,99.990,0.070,0.293,g
2460358.53902,2024-02-18.0394337,bE,1.5,16.001,>16.001,99.990,0.088,0.289,g
2460359.27259,2024-02-18.7730001,bm,2.25,15.482,>15.482,99.990,-0.094,0.466,g
2460359.27380,2024-02-18.7742266,bm,2.31,15.417,>15.417,99.990,-0.180,0.495,g
2460359.27504,2024-02-18.7754650,bm,2.18,15.614,>15.614,99.990,-0.184,0.413,g
2460359.31393,2024-02-18.8143538,bm,1.6,15.646,>15.646,99.990,0.951,0.401,g
2460359.31516,2024-02-18.8155795,bm,1.57,15.578,>15.578,99.990,0.918,0.427,g
2460359.31640,2024-02-18.8168241,bm,1.61,15.638,>15.638,99.990,-0.528,0.404,g
2460359.38823,2024-02-18.8886516,bm,1.92,15.756,15.321,0.148,2.702,0.364,g
2460359.38946,2024-02-18.8898817,bm,1.9,15.541,>15.541,99.990,-0.718,0.441,g
2460359.39069,2024-02-18.8911129,bm,1.46,15.589,>15.589,99.990,-0.023,0.422,g
2460359.65876,2024-02-19.1591797,bE,1.45,15.854,>15.854,99.990,-0.050,0.331,g
2460359.66006,2024-02-19.1604723,bE,1.5,15.922,>15.922,99.990,0.476,0.311,g
2460359.66133,2024-02-19.1617487,bE,1.55,15.918,>15.918,99.990,0.425,0.312,g
2460360.41016,2024-02-19.9105759,bm,1.55,15.696,>15.696,99.990,-0.299,0.382,g
2460360.41140,2024-02-19.9118104,bm,1.58,15.377,15.069,0.165,3.407,0.514,g
2460360.41264,2024-02-19.9130519,bm,1.99,15.436,>15.436,99.990,-0.362,0.486,g
2460361.53031,2024-02-21.0307114,bE,2.19,15.827,>15.827,99.990,0.168,0.339,g
2460361.53157,2024-02-21.0319817,bE,2.22,15.537,>15.537,99.990,-0.260,0.443,g
2460361.53285,2024-02-21.0332604,bE,2.14,15.411,>15.411,99.990,0.126,0.497,g
2460361.58004,2024-02-21.0804516,bi,1.56,15.059,>15.059,99.990,-0.667,0.688,g
2460361.58128,2024-02-21.0816853,bi,1.33,15.548,>15.548,99.990,-0.291,0.438,g
2460361.58249,2024-02-21.0829003,bi,1.51,15.632,>15.632,99.990,0.131,0.406,g
2460362.26271,2024-02-21.7631219,bm,2.24,15.421,>15.421,99.990,-1.707,0.494,g
2460362.26395,2024-02-21.7643576,bm,2.13,15.185,>15.185,99.990,-0.593,0.612,g
2460362.26523,2024-02-21.7656285,bm,2.34,15.446,>15.446,99.990,-0.656,0.482,g
2460362.51061,2024-02-22.0110087,bE,1.66,15.636,>15.636,99.990,-0.111,0.404,g
2460362.51187,2024-02-22.0122745,bE,1.56,15.619,>15.619,99.990,0.587,0.411,g
2460362.51315,2024-02-22.0135526,bE,1.55,15.826,>15.826,99.990,0.042,0.339,g
2460363.26189,2024-02-22.7622834,bm,2.19,15.272,>15.272,99.990,-1.730,0.566,g
2460363.26312,2024-02-22.7635125,bm,2.17,15.293,>15.293,99.990,-0.562,0.555,g
2460363.26436,2024-02-22.7647541,bm,2.15,15.226,>15.226,99.990,-0.147,0.590,g
2460363.36795,2024-02-22.8683421,bm,2.04,15.414,>15.414,99.990,1.830,0.497,g
2460363.36918,2024-02-22.8695756,bm,1.99,15.644,>15.644,99.990,-0.257,0.401,g
2460363.37040,2024-02-22.8707986,bm,2.03,15.082,>15.082,99.990,3.002,0.674,g
2460364.26488,2024-02-23.7652732,bm,2.5,15.287,>15.287,99.990,-1.630,0.558,g
2460364.26805,2024-02-23.7684383,bm,2.48,15.171,>15.171,99.990,2.855,0.623,g
2460364.52031,2024-02-24.0207089,bi,2.2,15.873,>15.873,99.990,-0.397,0.325,g
2460364.52155,2024-02-24.0219425,bi,2.16,15.945,>15.945,99.990,0.904,0.304,g
2460364.52278,2024-02-24.0231738,bi,2.14,15.886,>15.886,99.990,-0.091,0.321,g
2460365.66965,2024-02-25.1700379,bE,1.55,15.450,>15.450,99.990,0.125,0.480,g
2460365.67092,2024-02-25.1713113,bE,1.48,15.603,>15.603,99.990,-0.246,0.417,g
2460365.67221,2024-02-25.1725983,bE,1.57,15.437,>15.437,99.990,-0.118,0.485,g
2460366.26009,2024-02-25.7604751,bm,2.01,15.301,>15.301,99.990,0.089,0.550,g
2460366.26133,2024-02-25.7617182,bm,2.03,15.363,15.321,0.211,2.703,0.521,g
2460366.26256,2024-02-25.7629471,bm,2.02,15.226,>15.226,99.990,-1.127,0.590,g
2460366.52930,2024-02-26.0296914,bE,1.48,15.947,>15.947,99.990,0.409,0.303,g
2460366.53057,2024-02-26.0309655,bE,1.5,16.115,>16.115,99.990,0.166,0.260,g
2460366.53186,2024-02-26.0322462,bE,1.47,16.096,>16.096,99.990,0.314,0.265,g
2460367.27083,2024-02-26.7712136,bm,1.52,15.659,>15.659,99.990,-0.013,0.396,g
2460367.27207,2024-02-26.7724474,bm,1.55,15.659,>15.659,99.990,-0.029,0.396,g
2460367.27331,2024-02-26.7736902,bm,1.42,15.883,>15.883,99.990,0.361,0.322,g
2460367.41824,2024-02-26.9186219,bm,2.18,15.409,>15.409,99.990,1.015,0.499,g
2460367.41952,2024-02-26.9198965,bm,2.21,15.260,>15.260,99.990,2.307,0.573,g
2460367.42082,2024-02-26.9211958,bm,2.17,15.328,14.062,0.071,8.616,0.557,g
2460367.55280,2024-02-27.0531791,bE,1.58,16.043,>16.043,99.990,0.155,0.278,g
2460367.55407,2024-02-27.0544563,bE,1.56,15.880,>15.880,99.990,0.445,0.323,g
2460367.55534,2024-02-27.0557269,bE,1.54,16.091,>16.091,99.990,0.227,0.266,g
2460369.38749,2024-02-28.8878609,bm,1.98,15.192,>15.192,99.990,-0.725,0.609,g
2460369.38872,2024-02-28.8890875,bm,1.99,15.537,>15.537,99.990,0.334,0.443,g
2460369.38995,2024-02-28.8903197,bm,1.96,15.468,>15.468,99.990,-2.314,0.473,g
2460369.64352,2024-02-29.1438950,bi,1.42,16.001,>16.001,99.990,0.132,0.289,g
2460369.64476,2024-02-29.1451262,bi,1.56,15.894,>15.894,99.990,0.112,0.319,g
2460369.64597,2024-02-29.1463429,bi,1.45,15.944,>15.944,99.990,0.541,0.305,g
2460370.64847,2024-03-01.1488414,bi,1.44,15.844,>15.844,99.990,0.073,0.334,g
2460371.63467,2024-03-02.1350324,bi,1.61,15.914,>15.914,99.990,0.196,0.313,g
2460371.63588,2024-03-02.1362565,bi,1.61,16.039,>16.039,99.990,0.324,0.279,g
2460371.63710,2024-03-02.1374736,bi,1.64,16.026,>16.026,99.990,0.534,0.282,g
2460372.63392,2024-03-03.1342855,bi,1.52,15.997,>15.997,99.990,0.162,0.290,g
2460372.63514,2024-03-03.1355039,bi,1.51,15.944,>15.944,99.990,0.593,0.304,g
2460372.63637,2024-03-03.1367328,bi,1.53,15.920,>15.920,99.990,0.581,0.311,g
2460373.63285,2024-03-04.1332082,bi,1.45,15.976,>15.976,99.990,0.312,0.295,g
2460373.63408,2024-03-04.1344303,bi,1.41,15.913,>15.913,99.990,0.427,0.313,g
2460373.63531,2024-03-04.1356603,bi,1.44,16.040,>16.040,99.990,0.534,0.279,g
2460374.63719,2024-03-05.1375335,bE,1.54,16.029,>16.029,99.990,0.445,0.282,g
2460374.63846,2024-03-05.1388077,bE,1.5,15.952,>15.952,99.990,0.106,0.302,g
2460374.63973,2024-03-05.1400813,bE,1.51,16.030,>16.030,99.990,0.336,0.281,g
2460375.63687,2024-03-06.1372109,bE,1.48,16.041,>16.041,99.990,0.344,0.278,g
2460375.63813,2024-03-06.1384792,bE,1.52,16.080,>16.080,99.990,0.503,0.269,g
2460375.63940,2024-03-06.13975,bE,1.47,16.020,>16.020,99.990,0.227,0.284,g
2460376.61924,2024-03-07.1195760,bi,1.49,15.956,>15.956,99.990,0.659,0.301,g
2460376.62046,2024-03-07.1207918,bi,1.43,15.937,>15.937,99.990,0.586,0.307,g
2460376.62167,2024-03-07.1220122,bi,1.38,16.061,>16.061,99.990,0.476,0.273,g
2460378.61836,2024-03-09.1186946,bi,1.58,16.083,>16.083,99.990,0.397,0.268,g
2460378.61957,2024-03-09.1199119,bi,1.53,16.011,>16.011,99.990,0.368,0.286,g
2460378.62082,2024-03-09.1211420,bi,1.6,16.028,>16.028,99.990,0.391,0.282,g
2460380.62257,2024-03-11.1228949,bi,1.46,15.896,>15.896,99.990,0.423,0.318,g
2460380.62379,2024-03-11.1241087,bi,1.42,15.903,>15.903,99.990,0.746,0.316,g
2460380.62502,2024-03-11.1253377,bi,1.39,16.032,>16.032,99.990,0.410,0.281,g
2460381.60352,2024-03-12.1038340,bi,1.45,15.908,>15.908,99.990,0.228,0.315,g
2460381.60476,2024-03-12.1050710,bi,1.41,16.014,>16.014,99.990,0.526,0.285,g
2460381.60597,2024-03-12.1062885,bi,1.57,15.975,>15.975,99.990,1.066,0.296,g
2460382.61175,2024-03-13.1120512,bi,1.57,15.872,>15.872,99.990,0.038,0.325,g
2460382.61298,2024-03-13.1132800,bi,1.53,16.033,>16.033,99.990,0.519,0.280,g
2460382.61421,2024-03-13.1145091,bi,1.57,15.782,>15.782,99.990,0.729,0.353,g
2460383.59831,2024-03-14.0986140,bi,1.39,15.736,>15.736,99.990,0.792,0.369,g
2460383.59955,2024-03-14.0998445,bi,1.42,15.903,>15.903,99.990,0.634,0.316,g
2460383.60077,2024-03-14.1010734,bi,1.44,15.892,>15.892,99.990,1.010,0.319,g
2460384.60155,2024-03-15.1018459,bi,1.5,15.910,>15.910,99.990,0.907,0.314,g
2460384.60278,2024-03-15.1030751,bi,1.55,15.837,>15.837,99.990,-0.147,0.336,g
2460384.60402,2024-03-15.1043206,bi,1.47,15.928,>15.928,99.990,0.409,0.309,g
2460384.64457,2024-03-15.1448615,bF,2.07,99.990,99.990,99.990,99.990,99.990,g
2460384.64580,2024-03-15.1460921,bF,2.07,99.990,99.990,99.990,99.990,99.990,g
2460384.64704,2024-03-15.1473346,bF,2.08,99.990,99.990,99.990,99.990,99.990,g
2460385.58614,2024-03-16.0864214,bi,1.57,16.033,>16.033,99.990,-0.030,0.280,g
2460385.58735,2024-03-16.0876456,bi,2.16,15.849,>15.849,99.990,0.835,0.332,g
2460385.58858,2024-03-16.0888756,bi,2.12,16.040,>16.040,99.990,0.945,0.279,g
2460385.60025,2024-03-16.1005509,bE,1.52,99.990,99.990,99.990,99.990,99.990,g
2460385.60149,2024-03-16.1017868,bE,1.49,99.990,99.990,99.990,99.990,99.990,g
2460385.60273,2024-03-16.1030313,bE,1.6,99.990,99.990,99.990,99.990,99.990,g
2460386.60845,2024-03-17.1087418,bi,1.49,15.712,>15.712,99.990,1.073,0.377,g
2460386.60968,2024-03-17.1099699,bi,1.51,15.884,>15.884,99.990,1.179,0.322,g
2460386.61091,2024-03-17.1111906,bi,1.49,15.665,>15.665,99.990,0.249,0.394,g
2460387.58754,2024-03-18.0878207,bi,1.47,15.638,>15.638,99.990,1.412,0.404,g
2460387.58876,2024-03-18.0890376,bi,1.53,15.711,>15.711,99.990,1.314,0.377,g
2460387.59000,2024-03-18.0902747,bi,1.55,15.646,>15.646,99.990,-1.805,0.401,g
2460387.59301,2024-03-18.0932927,bE,1.48,99.990,99.990,99.990,99.990,99.990,g
2460387.59425,2024-03-18.0945291,bE,1.49,99.990,99.990,99.990,99.990,99.990,g
2460387.59549,2024-03-18.0957724,bE,1.52,99.990,99.990,99.990,99.990,99.990,g
2460387.63502,2024-03-18.1352975,bF,2.03,99.990,99.990,99.990,99.990,99.990,g
2460387.63626,2024-03-18.1365403,bF,2.02,99.990,99.990,99.990,99.990,99.990,g
2460387.63750,2024-03-18.1377783,bF,2.08,99.990,99.990,99.990,99.990,99.990,g
2460388.58772,2024-03-19.0879896,bE,1.46,15.884,>15.884,99.990,0.233,0.322,g
2460388.58896,2024-03-19.0892289,bE,1.48,16.016,>16.016,99.990,0.235,0.285,g
2460388.59020,2024-03-19.0904765,bE,1.48,15.967,>15.967,99.990,0.125,0.298,g
2460389.58580,2024-03-20.0860689,bi,1.51,15.407,>15.407,99.990,1.073,0.499,g
2460389.58705,2024-03-20.0873224,bi,1.52,15.595,>15.595,99.990,0.647,0.420,g
2460389.58829,2024-03-20.0885605,bi,1.56,15.205,15.161,0.212,3.130,0.603,g
2460392.56848,2024-03-23.0687289,bi,1.56,15.029,>15.029,99.990,-4.026,0.708,g
2460392.56971,2024-03-23.0699593,bi,1.44,15.123,>15.123,99.990,1.544,0.649,g
2460392.57096,2024-03-23.0712048,bi,1.48,15.169,>15.169,99.990,1.380,0.622,g
2460393.57189,2024-03-24.0721368,bE,1.5,15.927,>15.927,99.990,0.656,0.309,g
2460393.57313,2024-03-24.0733759,bE,1.5,15.819,>15.819,99.990,0.214,0.342,g
2460393.57438,2024-03-24.0746232,bE,1.46,15.837,>15.837,99.990,0.524,0.336,g
2460394.54461,2024-03-25.0448370,bE,1.41,15.736,>15.736,99.990,0.167,0.369,g
2460394.54585,2024-03-25.0460807,bE,1.54,15.701,>15.701,99.990,0.373,0.381,g
2460394.54709,2024-03-25.0473231,bE,1.53,15.697,>15.697,99.990,0.288,0.382,g
2460395.51328,2024-03-26.0135048,bE,1.55,15.858,>15.858,99.990,-0.079,0.330,g
2460395.51452,2024-03-26.0147445,bE,1.48,15.811,>15.811,99.990,0.634,0.344,g
2460395.51576,2024-03-26.0159853,bE,1.47,15.932,>15.932,99.990,-0.116,0.308,g
2460396.55024,2024-03-27.0504627,bE,1.53,15.856,>15.856,99.990,0.481,0.330,g
2460396.55149,2024-03-27.0517072,bE,1.58,15.853,>15.853,99.990,0.389,0.331,g
2460396.55272,2024-03-27.0529405,bE,1.54,15.910,>15.910,99.990,0.166,0.314,g
2460397.57398,2024-03-28.0741822,bi,1.5,15.301,>15.301,99.990,-0.927,0.550,g
2460397.57520,2024-03-28.0754111,bi,1.45,15.376,>15.376,99.990,0.579,0.514,g
2460397.57643,2024-03-28.0766400,bi,1.4,15.117,>15.117,99.990,2.003,0.653,g
2460398.55639,2024-03-29.0565984,bi,1.46,15.425,>15.425,99.990,-0.447,0.491,g
2460398.55761,2024-03-29.0578171,bi,1.53,15.360,>15.360,99.990,-0.046,0.521,g
2460398.55883,2024-03-29.0590322,bi,1.59,15.275,>15.275,99.990,-0.098,0.564,g
2460399.55536,2024-03-30.0555560,bi,1.53,15.767,>15.767,99.990,0.188,0.358,g
2460399.55660,2024-03-30.0567876,bi,1.56,15.913,>15.913,99.990,-1.254,0.313,g
2460399.55782,2024-03-30.0580104,bi,1.53,15.953,>15.953,99.990,0.903,0.302,g
2460400.54716,2024-03-31.0473515,bi,1.48,15.928,>15.928,99.990,-0.082,0.309,g
2460400.54838,2024-03-31.0485768,bi,1.47,15.705,>15.705,99.990,0.632,0.379,g
2460400.54962,2024-03-31.0498070,bi,1.44,15.852,>15.852,99.990,-0.564,0.331,g
2460401.55373,2024-04-01.0539086,bi,1.39,15.771,>15.771,99.990,0.243,0.357,g
2460401.55496,2024-04-01.0551399,bi,1.49,15.864,>15.864,99.990,0.741,0.328,g
2460401.55620,2024-04-01.0563768,bi,1.51,15.983,>15.983,99.990,0.366,0.294,g
2460402.54181,2024-04-02.0419782,bi,1.48,15.922,>15.922,99.990,0.878,0.311,g
2460402.54303,2024-04-02.0432035,bi,1.37,15.823,>15.823,99.990,-0.703,0.340,g
2460402.54426,2024-04-02.0444351,bi,1.48,15.783,>15.783,99.990,0.388,0.353,g
2460403.54842,2024-04-03.0485841,bi,1.47,15.844,>15.844,99.990,0.523,0.334,g
2460403.54963,2024-04-03.0498052,bi,1.48,16.033,>16.033,99.990,-0.560,0.281,g
2460403.55086,2024-04-03.0510332,bi,1.44,15.831,>15.831,99.990,0.911,0.338,g
2460404.53630,2024-04-04.0364560,bi,1.43,15.924,>15.924,99.990,0.360,0.310,g
2460404.53754,2024-04-04.0376921,bi,1.43,16.057,>16.057,99.990,0.664,0.274,g
2460404.53877,2024-04-04.0389232,bi,1.47,15.949,>15.949,99.990,0.539,0.303,g
2460405.54668,2024-04-05.0468247,bE,1.53,15.999,>15.999,99.990,0.174,0.289,g
2460405.54792,2024-04-05.0480719,bE,1.58,16.014,>16.014,99.990,0.229,0.285,g
2460405.54916,2024-04-05.0493128,bE,1.49,16.047,>16.047,99.990,0.471,0.277,g
2460406.52348,2024-04-06.0236288,bi,1.43,15.969,>15.969,99.990,0.414,0.298,g
2460406.52469,2024-04-06.0248388,bi,1.46,15.958,>15.958,99.990,0.372,0.301,g
2460406.52592,2024-04-06.0260574,bi,1.36,15.996,>15.996,99.990,0.629,0.290,g
2460408.52187,2024-04-08.0220005,bi,1.52,16.001,>16.001,99.990,0.233,0.289,g
2460408.52311,2024-04-08.0232353,bi,1.49,16.232,>16.232,99.990,0.418,0.233,g
2460408.52433,2024-04-08.0244585,bi,1.41,16.025,>16.025,99.990,0.647,0.283,g
2460409.51345,2024-04-09.0135768,bi,1.43,15.993,>15.993,99.990,0.354,0.291,g
2460409.51468,2024-04-09.0148033,bi,1.49,15.959,>15.959,99.990,0.437,0.300,g
2460409.51590,2024-04-09.0160239,bi,1.5,15.979,>15.979,99.990,0.225,0.295,g
2460410.51273,2024-04-10.0128370,bi,1.45,16.004,>16.004,99.990,0.610,0.288,g
2460410.51394,2024-04-10.0140564,bi,1.44,16.031,>16.031,99.990,0.430,0.281,g
2460410.51516,2024-04-10.0152667,bi,1.46,15.993,>15.993,99.990,0.323,0.291,g
2460411.50828,2024-04-11.0083840,bi,1.46,15.970,>15.970,99.990,0.412,0.297,g
2460411.50951,2024-04-11.0096179,bi,1.46,16.013,>16.013,99.990,0.452,0.286,g
2460411.51074,2024-04-11.0108434,bi,1.4,15.984,>15.984,99.990,0.324,0.293,g
2460412.51139,2024-04-12.0114929,bE,1.43,16.094,>16.094,99.990,0.473,0.265,g
2460412.51263,2024-04-12.0127366,bE,1.44,16.047,>16.047,99.990,0.365,0.277,g
2460412.51388,2024-04-12.0139850,bE,1.48,15.921,>15.921,99.990,0.173,0.311,g
2460413.53130,2024-04-13.0313868,bi,1.47,15.998,>15.998,99.990,0.336,0.290,g
2460413.53251,2024-04-13.0326086,bi,1.48,16.105,>16.105,99.990,0.299,0.262,g
2460413.53374,2024-04-13.0338377,bi,1.49,15.896,>15.896,99.990,0.138,0.318,g
2460416.51760,2024-04-16.0176774,bi,1.49,16.029,>16.029,99.990,0.304,0.281,g
2460416.51882,2024-04-16.0188960,bi,1.49,16.041,>16.041,99.990,0.389,0.278,g
2460416.52004,2024-04-16.0201099,bi,1.46,16.049,>16.049,99.990,0.166,0.276,g
2460417.50370,2024-04-17.0037667,bi,1.46,15.871,>15.871,99.990,0.257,0.326,g
2460417.50492,2024-04-17.0049853,bi,1.48,15.936,>15.936,99.990,0.514,0.307,g
2460417.50616,2024-04-17.0062165,bi,1.41,16.038,>16.038,99.990,0.482,0.279,g
2460418.51019,2024-04-18.0102456,bi,1.48,15.933,>15.933,99.990,0.448,0.307,g
2460418.51142,2024-04-18.0114760,bi,1.49,15.947,>15.947,99.990,0.677,0.304,g
2460418.51265,2024-04-18.0127050,bi,1.53,16.006,>16.006,99.990,0.489,0.288,g
2460419.49474,2024-04-18.9947870,bi,1.44,15.885,>15.885,99.990,0.373,0.321,g
2460419.49596,2024-04-18.9960106,bi,1.46,15.962,>15.962,99.990,0.378,0.299,g
2460419.49721,2024-04-18.9972559,bi,1.43,15.943,>15.943,99.990,0.339,0.305,g
2460422.48521,2024-04-21.9852348,bi,2.05,14.982,>14.982,99.990,0.868,0.738,g
2460422.48644,2024-04-21.9864685,bi,2.11,15.284,>15.284,99.990,-0.150,0.559,g
2460422.48767,2024-04-21.9876930,bi,2.07,15.058,>15.058,99.990,-0.798,0.688,g
2460423.50329,2024-04-23.0033069,bi,2.09,15.967,>15.967,99.990,-0.284,0.298,g
2460423.50451,2024-04-23.0045222,bi,2.1,15.904,>15.904,99.990,-0.064,0.316,g
2460423.50573,2024-04-23.0057443,bi,2.12,15.873,>15.873,99.990,-0.212,0.325,g
2460426.48889,2024-04-25.9888850,bE,1.52,14.220,>14.220,99.990,0.790,1.489,g
2460426.49012,2024-04-25.9901153,bE,1.5,14.455,>14.455,99.990,0.475,1.200,g
2460426.49136,2024-04-25.9913474,bE,1.41,14.542,>14.542,99.990,1.144,1.107,g
2460429.26020,2024-04-28.7601711,bm,1.56,16.073,>16.073,99.990,0.463,0.270,g
2460429.26144,2024-04-28.7614085,bm,1.6,16.037,>16.037,99.990,0.517,0.279,g
2460429.26267,2024-04-28.7626362,bm,1.49,15.940,>15.940,99.990,0.227,0.306,g
2460430.20198,2024-04-29.7019430,bm,1.62,15.513,>15.513,99.990,-0.686,0.453,g
2460430.20321,2024-04-29.7031718,bm,1.57,99.990,99.990,99.990,99.990,99.990,g
2460430.20444,2024-04-29.7043939,bm,1.52,15.844,>15.844,99.990,0.266,0.334,g
2460432.25276,2024-05-01.7527026,bm,1.55,16.012,>16.012,99.990,0.437,0.286,g
2460432.25400,2024-05-01.7539384,bm,1.5,16.034,>16.034,99.990,0.362,0.280,g
2460432.25534,2024-05-01.7552766,bm,1.53,15.972,>15.972,99.990,0.126,0.297,g
2460433.49378,2024-05-02.9937261,bE,1.51,16.100,>16.100,99.990,0.529,0.264,g
2460433.49501,2024-05-02.9949549,bE,1.51,16.062,>16.062,99.990,0.313,0.273,g
2460433.49625,2024-05-02.9961950,bE,1.51,16.074,>16.074,99.990,0.568,0.270,g
2460434.21096,2024-05-03.7108857,bm,1.56,99.990,99.990,99.990,99.990,99.990,g
2460434.21218,2024-05-03.7121052,bm,1.51,15.870,>15.870,99.990,0.051,0.326,g
2460434.21340,2024-05-03.7133295,bm,1.56,15.295,>15.295,99.990,0.028,0.553,g
2460435.46396,2024-05-04.9638839,bE,1.64,16.109,>16.109,99.990,0.157,0.261,g
2460435.46519,2024-05-04.9651100,bE,1.68,15.883,>15.883,99.990,0.314,0.322,g
2460435.46643,2024-05-04.9663502,bE,1.58,16.022,>16.022,99.990,0.055,0.283,g
2460436.20270,2024-05-05.7026200,bm,1.58,15.813,>15.813,99.990,-0.002,0.343,g
2460436.20409,2024-05-05.7040094,bm,1.55,15.919,>15.919,99.990,0.495,0.312,g
2460436.20547,2024-05-05.7053934,bm,1.5,15.933,>15.933,99.990,0.023,0.307,g
2460437.22143,2024-05-06.7213481,bm,1.54,16.109,>16.109,99.990,0.249,0.261,g
2460437.22272,2024-05-06.7226275,bm,1.58,16.042,>16.042,99.990,0.142,0.278,g
2460437.22395,2024-05-06.7238649,bm,1.55,15.986,>15.986,99.990,-0.020,0.293,g
2460437.49575,2024-05-06.9956534,bE,1.56,16.035,>16.035,99.990,0.323,0.280,g
2460438.23354,2024-05-07.7334369,bm,1.5,15.836,>15.836,99.990,0.490,0.336,g
2460439.23479,2024-05-08.7346809,bm,1.6,15.987,>15.987,99.990,0.176,0.293,g
2460439.23603,2024-05-08.7359234,bm,1.58,16.024,>16.024,99.990,0.466,0.283,g
2460439.23727,2024-05-08.7371581,bm,1.56,15.988,>15.988,99.990,0.109,0.292,g
2460440.22781,2024-05-09.7276973,bm,1.52,16.136,>16.136,99.990,0.682,0.255,g
2460440.22903,2024-05-09.7289184,bm,1.54,16.040,>16.040,99.990,0.181,0.279,g
2460440.23026,2024-05-09.7301521,bm,1.48,16.047,>16.047,99.990,0.094,0.277,g
2460440.48693,2024-05-09.9868131,bE,1.48,16.052,>16.052,99.990,0.049,0.276,g
2460440.48817,2024-05-09.9880532,bE,2.11,16.088,>16.088,99.990,0.119,0.266,g
2460441.48140,2024-05-10.9812721,bE,1.42,16.021,>16.021,99.990,0.473,0.284,g
2460441.48264,2024-05-10.9825111,bE,1.55,16.086,>16.086,99.990,0.266,0.267,g
2460441.48388,2024-05-10.9837538,bE,1.5,16.008,>16.008,99.990,0.377,0.287,g
2460442.46697,2024-05-11.9668378,bE,1.51,15.665,>15.665,99.990,0.505,0.394,g
2460442.46821,2024-05-11.9680825,bE,1.46,15.803,>15.803,99.990,-0.015,0.347,g
2460442.46945,2024-05-11.9693187,bE,1.48,15.881,>15.881,99.990,0.371,0.323,g
2460443.19904,2024-05-12.6988984,bm,1.54,15.711,>15.711,99.990,0.148,0.377,g
2460443.20025,2024-05-12.7001167,bm,1.57,15.740,>15.740,99.990,-0.066,0.367,g
2460443.20148,2024-05-12.7013483,bm,1.57,15.923,>15.923,99.990,0.474,0.310,g
2460443.47815,2024-05-12.9780065,bE,1.62,99.990,99.990,99.990,99.990,99.990,g
2460443.47940,2024-05-12.9792609,bE,1.59,99.990,99.990,99.990,99.990,99.990,g
2460444.47004,2024-05-13.9698978,bE,1.43,99.990,99.990,99.990,99.990,99.990,g
2460444.47130,2024-05-13.9711532,bE,1.43,99.990,99.990,99.990,99.990,99.990,g
2460445.21460,2024-05-14.7144531,bm,1.54,15.740,>15.740,99.990,0.285,0.367,g
2460445.21592,2024-05-14.7157744,bm,1.51,15.810,>15.810,99.990,-0.176,0.344,g
2460445.21716,2024-05-14.7170074,bm,1.56,15.889,>15.889,99.990,0.550,0.320,g
2460447.46867,2024-05-16.9684997,bE,1.58,16.082,>16.082,99.990,0.115,0.268,g
2460448.20459,2024-05-17.7044098,bm,1.49,15.775,>15.775,99.990,0.576,0.356,g
2460448.20581,2024-05-17.7056399,bm,1.56,15.271,>15.271,99.990,0.114,0.566,g
2460448.20704,2024-05-17.7068675,bm,1.49,99.990,99.990,99.990,99.990,99.990,g
2460448.46493,2024-05-17.9647523,bE,1.59,16.032,>16.032,99.990,0.152,0.281,g
2460448.46617,2024-05-17.9659934,bE,1.49,15.962,>15.962,99.990,0.340,0.299,g
2460449.20071,2024-05-18.7005284,bm,1.53,15.783,>15.783,99.990,0.277,0.353,g
2460449.20215,2024-05-18.7019601,bm,1.56,15.858,>15.858,99.990,0.211,0.329,g
2460449.20340,2024-05-18.7032170,bm,1.6,15.879,>15.879,99.990,0.330,0.323,g
2460449.45968,2024-05-18.9594978,bE,1.57,15.988,>15.988,99.990,-0.181,0.292,g
2460449.46092,2024-05-18.9607391,bE,1.55,15.925,>15.925,99.990,0.317,0.310,g
2460449.46215,2024-05-18.9619734,bE,1.62,16.053,>16.053,99.990,0.473,0.275,g
2460450.45179,2024-05-19.9516049,bE,1.96,15.846,>15.846,99.990,-0.401,0.333,g
2460450.45305,2024-05-19.9528534,bE,1.97,15.844,>15.844,99.990,-0.201,0.334,g
2460450.45429,2024-05-19.9540939,bE,1.97,15.944,>15.944,99.990,-0.093,0.304,g
2460451.19790,2024-05-20.6976994,bm,1.59,15.756,>15.756,99.990,-0.475,0.362,g
2460452.19973,2024-05-21.6995217,bm,1.54,15.746,>15.746,99.990,0.128,0.365,g
2460452.20097,2024-05-21.7007577,bm,1.53,15.702,>15.702,99.990,0.220,0.380,g
2460452.20220,2024-05-21.7019914,bm,1.54,15.759,>15.759,99.990,-0.542,0.361,g
2460453.19178,2024-05-22.6915649,bm,1.5,15.402,>15.402,99.990,0.304,0.502,g
2460453.19301,2024-05-22.6927938,bm,1.56,15.281,>15.281,99.990,-0.510,0.560,g
2460453.19422,2024-05-22.6940215,bm,1.65,15.527,>15.527,99.990,-0.138,0.447,g
2460454.44945,2024-05-23.9492278,bE,1.99,15.638,>15.638,99.990,-0.574,0.403,g
2460493.95014,2024-07-02.4497273,bE,1.96,15.591,>15.591,99.990,-0.446,0.421,g
2460495.94660,2024-07-04.4461671,bi,1.42,15.613,>15.613,99.990,-0.375,0.413,g
2460495.94783,2024-07-04.4473957,bi,1.5,15.311,>15.311,99.990,1.778,0.546,g
2460495.94906,2024-07-04.4486259,bi,1.44,15.050,>15.050,99.990,-0.076,0.693,g
2460496.94324,2024-07-05.4428070,bE,1.51,16.005,>16.005,99.990,0.737,0.288,g
2460496.94449,2024-07-05.4440600,bE,1.53,16.067,>16.067,99.990,0.245,0.272,g
2460496.94574,2024-07-05.4453105,bE,1.49,16.112,>16.112,99.990,0.503,0.261,g
2460499.94008,2024-07-08.4396415,bE,1.55,16.122,>16.122,99.990,0.095,0.258,g
2460499.94133,2024-07-08.4408921,bE,1.49,16.023,>16.023,99.990,0.476,0.283,g
2460499.94258,2024-07-08.4421451,bE,1.47,15.919,>15.919,99.990,0.359,0.311,g
2460500.94071,2024-07-09.4402677,bE,1.57,16.154,>16.154,99.990,0.111,0.251,g
2460500.94195,2024-07-09.4415091,bE,1.77,15.904,>15.904,99.990,0.073,0.316,g
2460500.94319,2024-07-09.4427508,bE,1.62,15.883,>15.883,99.990,0.380,0.322,g
2460501.92942,2024-07-10.4289759,bE,1.59,16.158,>16.158,99.990,0.160,0.250,g
2460501.93066,2024-07-10.4302190,bE,1.54,16.038,>16.038,99.990,0.219,0.279,g
2460501.93190,2024-07-10.4314540,bE,1.6,16.137,>16.137,99.990,0.233,0.255,g
2460503.92239,2024-07-12.4219413,bE,1.49,16.060,>16.060,99.990,0.096,0.274,g
2460503.92364,2024-07-12.4231918,bE,1.55,15.975,>15.975,99.990,0.180,0.296,g
2460503.92489,2024-07-12.4244450,bE,1.48,15.992,>15.992,99.990,0.332,0.291,g
2460504.92656,2024-07-13.4261035,bE,1.51,16.051,>16.051,99.990,0.490,0.276,g
2460504.92781,2024-07-13.4273556,bE,1.53,16.103,>16.103,99.990,0.398,0.263,g
2460504.92905,2024-07-13.4286056,bE,1.5,15.960,>15.960,99.990,0.325,0.300,g
2460505.93467,2024-07-14.4342207,bi,1.43,15.878,>15.878,99.990,0.265,0.324,g
2460505.93591,2024-07-14.4354553,bi,1.44,15.821,>15.821,99.990,0.749,0.341,g
2460505.93712,2024-07-14.4366795,bi,1.47,15.870,>15.870,99.990,0.072,0.326,g
2460506.91578,2024-07-15.4153315,bE,1.57,16.137,>16.137,99.990,0.190,0.255,g
2460506.91702,2024-07-15.4165704,bE,1.58,16.012,>16.012,99.990,0.206,0.286,g
2460506.91826,2024-07-15.4178155,bE,1.57,16.098,>16.098,99.990,0.315,0.264,g
2460507.91997,2024-07-16.4195099,bE,1.51,15.768,>15.768,99.990,0.247,0.358,g
2460507.92122,2024-07-16.4207615,bE,1.52,15.769,>15.769,99.990,0.344,0.358,g
2460507.92245,2024-07-16.4219890,bE,1.52,15.347,>15.347,99.990,0.311,0.527,g
2460514.66122,2024-07-23.1607574,bm,2.36,15.547,>15.547,99.990,0.825,0.439,g
2460514.66368,2024-07-23.1632167,bm,2.38,15.457,>15.457,99.990,1.575,0.477,g
2460523.67269,2024-08-01.1722311,bm,2.33,16.156,>16.156,99.990,0.211,0.250,g
2460523.67392,2024-08-01.1734600,bm,2.36,16.044,>16.044,99.990,0.058,0.278,g
2460523.67516,2024-08-01.1747026,bm,2.37,16.232,>16.232,99.990,0.367,0.233,g
2460524.62386,2024-08-02.1234019,bm,2.3,15.783,>15.783,99.990,0.033,0.353,g
2460524.62509,2024-08-02.1246329,bm,2.25,15.564,>15.564,99.990,0.140,0.432,g
2460524.62632,2024-08-02.1258581,bm,2.29,15.531,>15.531,99.990,0.571,0.445,g
2460528.67862,2024-08-06.1781636,bm,2.48,16.010,>16.010,99.990,0.053,0.287,g
2460528.67996,2024-08-06.1795001,bm,2.49,16.064,>16.064,99.990,-0.008,0.273,g
2460528.68120,2024-08-06.1807474,bm,2.47,16.019,>16.019,99.990,0.558,0.284,g
2460530.92781,2024-08-08.4273543,bi,1.45,15.978,>15.978,99.990,0.111,0.295,g
2460530.92902,2024-08-08.4285706,bi,1.48,15.946,>15.946,99.990,0.140,0.304,g
2460530.93024,2024-08-08.4297934,bi,1.46,15.959,>15.959,99.990,0.629,0.300,g
2460532.92486,2024-08-10.4244120,bE,1.55,16.062,>16.062,99.990,0.304,0.273,g
2460532.92610,2024-08-10.4256621,bE,1.57,16.079,>16.079,99.990,0.165,0.269,g
2460532.92737,2024-08-10.4269181,bE,1.56,16.149,>16.149,99.990,0.490,0.252,g
2460534.88219,2024-08-12.3817474,bE,1.5,16.015,>16.015,99.990,0.291,0.285,g
2460534.88344,2024-08-12.3829989,bE,1.52,15.995,>15.995,99.990,0.245,0.291,g
2460534.88469,2024-08-12.3842518,bE,1.47,15.987,>15.987,99.990,0.505,0.293,g
2460535.87874,2024-08-13.3783021,bE,1.52,16.235,>16.235,99.990,0.536,0.233,g
2460535.87999,2024-08-13.3795465,bE,1.42,16.079,>16.079,99.990,0.472,0.269,g
2460535.88122,2024-08-13.3807803,bE,1.49,16.021,>16.021,99.990,0.505,0.283,g
2460536.87529,2024-08-14.3748615,bE,1.44,15.635,>15.635,99.990,-0.024,0.405,g
2460536.87654,2024-08-14.3761002,bE,1.47,15.878,>15.878,99.990,0.575,0.323,g
2460536.87779,2024-08-14.3773533,bE,1.47,16.049,>16.049,99.990,0.497,0.276,g
2460537.61917,2024-08-15.1187335,bm,2.46,16.032,>16.032,99.990,0.447,0.281,g
2460537.62041,2024-08-15.1199743,bm,2.49,16.154,>16.154,99.990,0.328,0.251,g
2460537.62164,2024-08-15.1211994,bm,2.49,16.190,>16.190,99.990,0.097,0.243,g
2460538.61243,2024-08-16.1119899,bm,2.09,16.158,>16.158,99.990,0.094,0.250,g
2460538.61364,2024-08-16.1132070,bm,2.1,16.031,>16.031,99.990,0.291,0.281,g
2460538.61486,2024-08-16.1144304,bm,2.09,15.955,>15.955,99.990,0.269,0.301,g
2460539.61450,2024-08-17.1140732,bm,2.26,15.912,>15.912,99.990,0.409,0.314,g
2460539.61591,2024-08-17.1154769,bm,2.28,15.933,>15.933,99.990,0.359,0.307,g
2460539.61767,2024-08-17.1172346,bm,2.27,15.884,>15.884,99.990,0.293,0.322,g
2460540.60960,2024-08-18.1091660,bm,2.25,15.718,>15.718,99.990,0.325,0.375,g
2460540.61083,2024-08-18.1104035,bm,2.29,15.875,>15.875,99.990,-0.276,0.324,g
2460540.61209,2024-08-18.1116665,bm,2.31,15.702,>15.702,99.990,-0.169,0.381,g
2460541.60957,2024-08-19.1091381,bm,2.04,15.668,>15.668,99.990,-0.011,0.393,g
2460541.61079,2024-08-19.1103681,bm,2.06,15.655,>15.655,99.990,0.270,0.397,g
2460541.61203,2024-08-19.1116055,bm,2.06,15.587,>15.587,99.990,-0.172,0.423,g
2460541.88211,2024-08-19.3816929,bi,1.62,15.491,>15.491,99.990,0.850,0.462,g
2460541.88335,2024-08-19.3829313,bi,1.5,15.543,>15.543,99.990,0.684,0.441,g
2460541.88459,2024-08-19.3841673,bi,1.65,15.588,>15.588,99.990,0.343,0.422,g
2460544.85533,2024-08-22.3549118,bE,1.58,15.894,>15.894,99.990,0.471,0.319,g
2460544.85658,2024-08-22.3561635,bE,1.51,15.962,>15.962,99.990,0.199,0.300,g
2460544.85784,2024-08-22.3574289,bE,1.5,15.889,>15.889,99.990,0.224,0.320,g
2460545.57919,2024-08-23.0787818,bm,2.1,15.796,>15.796,99.990,-0.318,0.349,g
2460545.58056,2024-08-23.0801372,bm,2.07,15.851,>15.851,99.990,0.254,0.332,g
2460545.58203,2024-08-23.0816083,bm,2.07,15.948,>15.948,99.990,0.495,0.303,g
2460545.88037,2024-08-23.3799646,bE,1.55,16.027,>16.027,99.990,0.407,0.282,g
2460545.88161,2024-08-23.3812037,bE,1.59,16.131,>16.131,99.990,0.625,0.256,g
2460545.88285,2024-08-23.3824351,bE,1.51,15.878,>15.878,99.990,0.125,0.324,g
2460545.90284,2024-08-23.4024265,bi,1.56,15.865,>15.865,99.990,0.075,0.327,g
2460545.90406,2024-08-23.4036567,bi,1.42,15.947,>15.947,99.990,0.219,0.304,g
2460545.90530,2024-08-23.4048971,bi,1.44,15.863,>15.863,99.990,-0.051,0.328,g
2460546.81460,2024-08-24.3141868,bE,1.57,15.886,>15.886,99.990,-0.094,0.321,g
2460546.81585,2024-08-24.3154442,bE,1.53,15.945,>15.945,99.990,0.145,0.304,g
2460546.81710,2024-08-24.3166983,bE,1.57,15.975,>15.975,99.990,0.043,0.296,g
2460547.81751,2024-08-25.3171010,bE,1.6,16.093,>16.093,99.990,0.270,0.265,g
2460547.81875,2024-08-25.3183547,bE,1.5,16.072,>16.072,99.990,0.498,0.271,g
2460547.82002,2024-08-25.3196193,bE,1.48,15.993,>15.993,99.990,0.180,0.291,g
2460549.85525,2024-08-27.3548491,bi,1.46,16.000,>16.000,99.990,0.070,0.289,g
2460549.85649,2024-08-27.3561003,bi,1.58,15.964,>15.964,99.990,0.255,0.299,g
2460549.85772,2024-08-27.3573311,bi,1.54,16.071,>16.071,99.990,0.494,0.271,g
2460553.53848,2024-08-31.0380921,bm,2.34,16.121,>16.121,99.990,0.287,0.259,g
2460553.53976,2024-08-31.0393785,bm,2.38,16.012,>16.012,99.990,0.059,0.286,g
2460553.54103,2024-08-31.0406457,bm,2.34,16.109,>16.109,99.990,0.241,0.262,g
2460553.92086,2024-08-31.4204844,bi,1.67,15.881,>15.881,99.990,0.047,0.322,g
2460553.92210,2024-08-31.4217142,bi,1.57,15.815,>15.815,99.990,-0.454,0.343,g
2460553.92333,2024-08-31.4229502,bi,1.64,15.658,>15.658,99.990,1.160,0.396,g
2460554.55069,2024-09-01.0503156,bm,2.16,16.059,>16.059,99.990,0.349,0.274,g
2460554.55192,2024-09-01.0515413,bm,2.19,16.060,>16.060,99.990,0.375,0.274,g
2460554.55315,2024-09-01.0527760,bm,2.19,16.015,>16.015,99.990,0.256,0.285,g
2460554.87072,2024-09-01.3703415,bi,1.53,16.036,>16.036,99.990,0.234,0.280,g
2460554.87194,2024-09-01.3715646,bi,1.59,16.004,>16.004,99.990,0.329,0.288,g
2460554.87316,2024-09-01.3727900,bi,1.61,16.065,>16.065,99.990,0.103,0.272,g
2460555.54735,2024-09-02.0469756,bm,2.05,16.087,>16.087,99.990,0.227,0.267,g
2460555.54858,2024-09-02.0482070,bm,2.06,16.112,>16.112,99.990,0.175,0.261,g
2460555.54982,2024-09-02.0494487,bm,2.07,16.039,>16.039,99.990,0.399,0.279,g
2460556.82876,2024-09-03.3283967,bE,1.5,16.108,>16.108,99.990,0.187,0.262,g
2460556.83001,2024-09-03.3296445,bE,1.54,16.068,>16.068,99.990,0.256,0.272,g
2460556.83126,2024-09-03.3309020,bE,1.58,16.089,>16.089,99.990,0.405,0.266,g
2460557.79651,2024-09-04.2961503,bE,1.68,16.055,>16.055,99.990,0.316,0.275,g
2460557.79777,2024-09-04.2974054,bE,1.54,16.064,>16.064,99.990,0.229,0.273,g
2460557.79904,2024-09-04.2986732,bE,1.6,16.032,>16.032,99.990,0.261,0.281,g
2460559.81163,2024-09-06.3112759,bE,1.44,16.181,>16.181,99.990,0.350,0.245,g
2460559.81287,2024-09-06.3125167,bE,1.55,16.038,>16.038,99.990,0.211,0.279,g
2460559.81411,2024-09-06.3137556,bE,1.53,16.091,>16.091,99.990,0.216,0.266,g
2460560.77567,2024-09-07.2753238,bE,1.62,16.018,>16.018,99.990,-0.005,0.284,g
2460560.77693,2024-09-07.2765857,bE,1.59,16.070,>16.070,99.990,0.040,0.271,g
2460560.77819,2024-09-07.2778443,bE,1.59,15.989,>15.989,99.990,0.099,0.292,g
2460562.81636,2024-09-09.3160232,bE,1.49,16.068,>16.068,99.990,0.217,0.272,g
2460562.81761,2024-09-09.3172754,bE,1.51,15.902,>15.902,99.990,0.366,0.317,g
2460562.81886,2024-09-09.3185203,bE,1.53,16.103,>16.103,99.990,0.324,0.263,g
2460567.76021,2024-09-14.2598927,bE,1.46,15.862,>15.862,99.990,0.541,0.328,g
2460567.76145,2024-09-14.2611422,bE,1.62,15.966,>15.966,99.990,0.071,0.298,g
2460567.76270,2024-09-14.2623962,bE,1.48,15.838,>15.838,99.990,-0.007,0.336,g
2460568.87099,2024-09-15.3706920,bi,2.5,16.001,>16.001,99.990,0.043,0.289,g
2460569.76961,2024-09-16.2693092,bE,1.48,15.881,>15.881,99.990,0.319,0.323,g
2460569.77085,2024-09-16.2705525,bE,1.44,15.938,>15.938,99.990,0.005,0.306,g
2460569.77209,2024-09-16.2717976,bE,1.48,16.051,>16.051,99.990,-0.253,0.276,g
2460573.75936,2024-09-20.2590987,bE,1.64,15.726,>15.726,99.990,0.075,0.372,g
2460573.76062,2024-09-20.2603407,bE,2.01,15.422,>15.422,99.990,0.173,0.492,g
2460573.76188,2024-09-20.2616129,bE,1.94,15.754,>15.754,99.990,-0.307,0.363,g
2460577.81591,2024-09-24.3156671,bE,1.53,15.982,>15.982,99.990,0.092,0.294,g
2460577.81716,2024-09-24.3169060,bE,1.52,16.047,>16.047,99.990,0.418,0.277,g
2460577.81839,2024-09-24.3181508,bE,1.54,16.009,>16.009,99.990,0.671,0.287,g
2460578.48308,2024-09-24.9828438,bm,1.69,15.972,>15.972,99.990,0.471,0.297,g
2460578.48432,2024-09-24.9840817,bm,1.99,16.119,>16.119,99.990,-0.012,0.259,g
2460578.48555,2024-09-24.9853173,bm,1.65,15.937,>15.937,99.990,0.121,0.306,g
2460578.71942,2024-09-25.2191774,bE,1.50,16.016,>16.016,99.990,0.232,0.285,g
2460578.72067,2024-09-25.2204300,bE,1.54,16.093,>16.093,99.990,0.257,0.265,g
2460578.72192,2024-09-25.2216798,bE,1.51,16.007,>16.007,99.990,0.214,0.287,g
2460579.73562,2024-09-26.2353928,bE,1.47,16.001,>16.001,99.990,0.053,0.289,g
2460579.73689,2024-09-26.2366618,bE,1.59,15.959,>15.959,99.990,0.464,0.300,g
2460579.73814,2024-09-26.2379120,bE,1.56,16.089,>16.089,99.990,0.297,0.266,g
2460579.90012,2024-09-26.3998850,bi,1.45,15.626,>15.626,99.990,-0.569,0.408,g
2460580.72927,2024-09-27.2290458,bE,1.52,16.011,>16.011,99.990,0.247,0.286,g
2460580.73051,2024-09-27.2302843,bE,1.5,16.014,>16.014,99.990,0.376,0.285,g
2460580.73175,2024-09-27.2315231,bE,1.49,16.074,>16.074,99.990,0.538,0.270,g
2460582.72405,2024-09-29.2238380,bE,1.5,16.096,>16.096,99.990,0.446,0.265,g
2460582.72531,2024-09-29.2250943,bE,1.46,16.030,>16.030,99.990,0.462,0.281,g
2460582.72655,2024-09-29.2263400,bE,1.5,16.006,>16.006,99.990,0.162,0.288,g
2460583.71922,2024-09-30.2190152,bE,1.4,16.001,>16.001,99.990,0.182,0.289,g
2460583.72052,2024-09-30.2203089,bE,1.44,15.941,>15.941,99.990,0.401,0.305,g
2460583.72178,2024-09-30.2215793,bE,1.45,15.952,>15.952,99.990,0.379,0.302,g
2460584.80582,2024-10-01.3056214,bE,1.44,16.113,>16.113,99.990,0.194,0.261,g
2460584.80706,2024-10-01.3068569,bE,1.51,16.066,>16.066,99.990,0.175,0.272,g
2460584.80830,2024-10-01.3080981,bE,1.47,16.114,>16.114,99.990,0.484,0.260,g
2460586.47374,2024-10-02.9735590,bm,2.33,16.032,>16.032,99.990,0.256,0.281,g
2460586.47499,2024-10-02.9748053,bm,2.34,16.067,>16.067,99.990,0.827,0.272,g
2460586.47621,2024-10-02.9760282,bm,2.32,16.203,>16.203,99.990,0.492,0.240,g
2460587.50914,2024-10-04.0089528,bm,1.58,15.855,>15.855,99.990,-0.192,0.331,g
2460587.51037,2024-10-04.0101898,bm,1.56,15.912,>15.912,99.990,0.470,0.314,g
2460587.51161,2024-10-04.0114255,bm,1.53,16.099,>16.099,99.990,0.245,0.264,g
2460587.78015,2024-10-04.2799792,bi,1.45,16.115,>16.115,99.990,0.172,0.260,g
2460587.78138,2024-10-04.2812135,bi,1.48,16.021,>16.021,99.990,0.399,0.284,g
2460587.78262,2024-10-04.2824453,bi,1.50,16.244,>16.244,99.990,0.154,0.231,g
2460588.45643,2024-10-04.9562643,bm,1.56,16.003,>16.003,99.990,0.145,0.288,g
2460588.45769,2024-10-04.9575181,bm,1.53,16.005,>16.005,99.990,0.260,0.288,g
2460591.61312,2024-10-08.1129734,bm,1.56,15.931,>15.931,99.990,0.551,0.308,g
2460591.61436,2024-10-08.1142108,bm,1.55,16.026,>16.026,99.990,0.547,0.282,g
2460591.61559,2024-10-08.1154503,bm,1.51,15.981,>15.981,99.990,0.316,0.294,g
2460592.45384,2024-10-08.9536988,bm,1.48,15.920,>15.920,99.990,0.343,0.311,g
2460592.45506,2024-10-08.9549230,bm,1.52,16.118,>16.118,99.990,0.289,0.259,g
2460592.45629,2024-10-08.9561521,bm,1.47,15.937,>15.937,99.990,0.091,0.306,g
2460593.43797,2024-10-09.9378357,bm,1.49,15.918,>15.918,99.990,0.284,0.312,g
2460593.43921,2024-10-09.9390741,bm,1.54,16.012,>16.012,99.990,0.532,0.286,g
2460593.44043,2024-10-09.9403018,bm,1.55,15.992,>15.992,99.990,-0.011,0.291,g
2460593.74702,2024-10-10.2468891,bi,1.60,16.013,>16.013,99.990,0.142,0.286,g
2460593.74825,2024-10-10.2481184,bi,1.53,15.985,>15.985,99.990,0.292,0.293,g
2460593.74947,2024-10-10.2493414,bi,1.57,16.065,>16.065,99.990,0.180,0.272,g
2460595.44549,2024-10-11.9453814,bm,1.51,15.920,>15.920,99.990,0.403,0.311,g
2460596.57366,2024-10-13.0735460,bm,1.51,16.015,>16.015,99.990,0.290,0.285,g
2460596.57488,2024-10-13.0747747,bm,1.53,16.044,>16.044,99.990,0.543,0.278,g
2460596.57612,2024-10-13.0760097,bm,1.44,16.001,>16.001,99.990,0.347,0.289,g
2460599.72271,2024-10-16.2226309,bE,1.47,15.900,>15.900,99.990,-0.083,0.317,g
2460599.72397,2024-10-16.2238891,bE,1.45,15.835,>15.835,99.990,0.232,0.337,g
2460599.72522,2024-10-16.2251376,bE,1.54,15.932,>15.932,99.990,0.566,0.308,g
2460599.86771,2024-10-16.3676201,bE,1.49,15.941,>15.941,99.990,0.343,0.305,g
2460599.86895,2024-10-16.3688674,bE,1.49,15.994,>15.994,99.990,0.424,0.291,g
2460599.87020,2024-10-16.3701188,bE,1.53,15.878,>15.878,99.990,0.134,0.324,g
2460600.49993,2024-10-16.9998472,bm,1.63,15.569,>15.569,99.990,0.850,0.430,g
2460600.50118,2024-10-17.0011020,bm,1.65,15.410,>15.410,99.990,-0.082,0.498,g
2460600.71588,2024-10-17.2158021,bi,1.57,15.572,>15.572,99.990,0.335,0.429,g
2460600.71710,2024-10-17.2170266,bi,1.43,15.445,>15.445,99.990,-0.765,0.482,g
2460600.71833,2024-10-17.2182596,bi,1.54,15.607,>15.607,99.990,0.803,0.415,g
2460601.67415,2024-10-18.1740762,bE,1.49,15.820,>15.820,99.990,0.514,0.341,g
2460602.79927,2024-10-19.2992072,bE,1.49,15.834,>15.834,99.990,-0.108,0.337,g
2460602.80052,2024-10-19.3004601,bE,1.51,15.830,>15.830,99.990,0.211,0.338,g
2460602.80177,2024-10-19.3017081,bE,1.54,15.911,>15.911,99.990,0.239,0.314,g
2460603.87728,2024-10-20.3772354,bi,1.61,15.797,>15.797,99.990,0.222,0.349,g
2460603.87852,2024-10-20.3784633,bi,1.57,15.505,>15.505,99.990,0.035,0.456,g
2460603.87979,2024-10-20.3797334,bi,1.61,15.667,>15.667,99.990,0.348,0.393,g
2460604.72929,2024-10-21.2292405,bE,1.63,15.917,>15.917,99.990,0.286,0.312,g
2460604.73053,2024-10-21.2304851,bE,1.57,15.864,>15.864,99.990,0.248,0.328,g
2460605.70761,2024-10-22.2075736,bE,1.63,16.075,>16.075,99.990,0.187,0.270,g
2460605.70886,2024-10-22.2088195,bE,1.53,15.862,>15.862,99.990,0.155,0.328,g
2460605.71011,2024-10-22.2100712,bE,1.58,15.946,>15.946,99.990,0.112,0.304,g
2460605.87482,2024-10-22.3747864,bi,1.48,15.912,>15.912,99.990,0.439,0.314,g
2460605.87606,2024-10-22.3760224,bi,1.58,15.707,>15.707,99.990,0.826,0.379,g
2460605.87729,2024-10-22.3772537,bi,1.56,15.793,>15.793,99.990,1.229,0.350,g
2460606.40037,2024-10-22.9003391,bm,1.57,16.097,>16.097,99.990,0.093,0.264,g
2460606.40160,2024-10-22.9015667,bm,1.58,16.024,>16.024,99.990,-0.081,0.283,g
2460606.40284,2024-10-22.9028074,bm,1.58,16.099,>16.099,99.990,0.160,0.264,g
2460607.39081,2024-10-23.8907913,bm,1.58,16.185,>16.185,99.990,0.167,0.244,g
2460607.39205,2024-10-23.8920292,bm,1.53,16.100,>16.100,99.990,0.621,0.264,g
2460607.39329,2024-10-23.8932688,bm,1.61,15.970,>15.970,99.990,0.406,0.297,g
2460607.48110,2024-10-23.9810728,bm,1.55,16.211,>16.211,99.990,0.199,0.238,g
2460607.48233,2024-10-23.9823085,bm,1.49,16.145,>16.145,99.990,0.494,0.253,g
2460607.48358,2024-10-23.9835561,bm,1.44,15.934,>15.934,99.990,0.549,0.307,g
2460607.80648,2024-10-24.3064519,bE,1.55,16.030,>16.030,99.990,0.372,0.281,g
2460607.80772,2024-10-24.3076921,bE,1.54,16.056,>16.056,99.990,0.487,0.275,g
2460608.80630,2024-10-25.3062862,bE,1.43,16.125,>16.125,99.990,0.325,0.258,g
2460608.80754,2024-10-25.3075225,bE,1.47,16.052,>16.052,99.990,0.506,0.276,g
2460608.80880,2024-10-25.3087917,bE,1.45,16.070,>16.070,99.990,0.184,0.271,g
2460609.41971,2024-10-25.9196989,bm,1.50,16.074,>16.074,99.990,0.559,0.270,g
2460609.42094,2024-10-25.9209322,bm,1.54,16.031,>16.031,99.990,0.204,0.281,g
2460609.42216,2024-10-25.9221482,bm,1.55,15.915,>15.915,99.990,0.286,0.313,g
2460609.52571,2024-10-26.0257003,bm,1.51,16.071,>16.071,99.990,0.555,0.271,g
2460609.52694,2024-10-26.0269339,bm,1.56,16.026,>16.026,99.990,0.410,0.282,g
2460609.52819,2024-10-26.0281780,bm,1.60,16.051,>16.051,99.990,0.173,0.276,g
2460609.71119,2024-10-26.2111812,bE,1.53,16.019,>16.019,99.990,0.283,0.284,g
2460609.71242,2024-10-26.2124153,bE,1.48,16.206,>16.206,99.990,0.224,0.239,g
2460609.71367,2024-10-26.2136645,bE,1.46,16.032,>16.032,99.990,0.284,0.281,g
2460610.38784,2024-10-26.8878324,bm,1.65,15.923,>15.923,99.990,-0.042,0.310,g
2460610.38915,2024-10-26.8891515,bm,1.59,15.830,>15.830,99.990,0.252,0.338,g
2460611.64322,2024-10-28.1432336,bi,1.47,16.031,>16.031,99.990,0.648,0.281,g
2460611.64447,2024-10-28.1444788,bi,1.39,15.999,>15.999,99.990,0.868,0.289,g
2460611.64571,2024-10-28.1457185,bi,1.46,15.958,>15.958,99.990,0.091,0.300,g
2460611.80974,2024-10-28.3097545,bE,1.53,16.039,>16.039,99.990,0.248,0.279,g
2460611.81100,2024-10-28.3110096,bE,1.5,16.107,>16.107,99.990,0.526,0.262,g
2460611.81226,2024-10-28.3122730,bE,1.46,16.042,>16.042,99.990,0.467,0.278,g
2460612.63834,2024-10-29.1383598,bE,1.54,16.088,>16.088,99.990,0.331,0.267,g
2460612.63959,2024-10-29.1396122,bE,1.53,16.039,>16.039,99.990,0.290,0.279,g
2460612.64088,2024-10-29.1408906,bE,1.53,16.008,>16.008,99.990,0.564,0.287,g
2460613.64001,2024-10-30.1400348,bi,1.4,15.951,>15.951,99.990,0.256,0.302,g
2460613.64126,2024-10-30.1412824,bi,1.4,16.011,>16.011,99.990,0.197,0.286,g
2460613.64248,2024-10-30.1425090,bi,1.43,15.888,>15.888,99.990,0.552,0.321,g
2460614.42119,2024-10-30.9212212,bm,1.61,16.058,>16.058,99.990,0.304,0.274,g
2460614.42243,2024-10-30.9224563,bm,1.55,16.053,>16.053,99.990,0.199,0.275,g
2460614.42366,2024-10-30.9236843,bm,1.55,16.114,>16.114,99.990,0.206,0.260,g
2460614.52665,2024-10-31.0266908,bm,1.58,16.029,>16.029,99.990,0.450,0.282,g
2460614.52789,2024-10-31.0279255,bm,1.51,16.020,>16.020,99.990,0.357,0.284,g
2460614.52912,2024-10-31.0291559,bm,1.47,15.931,>15.931,99.990,0.173,0.308,g
2460614.71377,2024-10-31.2138072,bi,1.51,15.884,>15.884,99.990,0.405,0.322,g
2460614.71502,2024-10-31.2150561,bi,1.46,16.095,>16.095,99.990,0.154,0.265,g
2460614.71626,2024-10-31.2162957,bi,1.41,16.012,>16.012,99.990,0.427,0.286,g
2460615.49885,2024-10-31.9988848,bm,1.57,16.067,>16.067,99.990,0.435,0.272,g
2460615.50007,2024-11-01.0001100,bm,1.56,16.108,>16.108,99.990,0.306,0.262,g
2460615.50132,2024-11-01.0013597,bm,1.61,16.174,>16.174,99.990,0.340,0.246,g
2460615.58814,2024-11-01.0881799,bm,2.06,16.180,>16.180,99.990,0.412,0.245,g
2460615.58937,2024-11-01.0894101,bm,2.08,16.185,15.820,0.157,1.705,0.244,g
2460615.59062,2024-11-01.0906601,bm,2.08,16.052,>16.052,99.990,0.058,0.276,g
2460615.75502,2024-11-01.2550583,bi,1.45,15.974,>15.974,99.990,0.559,0.296,g
2460615.75626,2024-11-01.2563045,bi,1.48,15.894,>15.894,99.990,0.384,0.319,g
2460615.75749,2024-11-01.2575392,bi,1.43,15.938,>15.938,99.990,0.372,0.306,g
2460621.47068,2024-11-06.9707655,bm,1.64,16.138,>16.138,99.990,0.304,0.255,g
2460621.47212,2024-11-06.9722056,bm,1.6,16.127,>16.127,99.990,0.547,0.257,g
2460622.46597,2024-11-07.9660677,bm,1.56,16.111,>16.111,99.990,0.264,0.261,g
2460622.46722,2024-11-07.9673166,bm,1.62,16.049,>16.049,99.990,0.537,0.276,g
2460622.46846,2024-11-07.9685547,bm,1.54,16.056,>16.056,99.990,0.271,0.275,g
2460624.36803,2024-11-09.8681504,bm,1.52,16.052,>16.052,99.990,0.271,0.275,g
2460624.36936,2024-11-09.8694717,bm,1.53,15.973,>15.973,99.990,0.509,0.296,g
2460624.37060,2024-11-09.8707101,bm,1.48,15.914,>15.914,99.990,0.638,0.313,g
2460624.59502,2024-11-10.0951313,bi,1.57,15.893,>15.893,99.990,-0.087,0.319,g
2460624.59626,2024-11-10.0963730,bi,1.61,16.002,>16.002,99.990,0.206,0.289,g
2460624.59750,2024-11-10.0976063,bi,1.56,16.026,>16.026,99.990,0.537,0.282,g
2460626.34231,2024-11-11.8424385,bm,1.61,15.891,>15.891,99.990,0.407,0.320,g
2460626.34355,2024-11-11.8436780,bm,1.57,15.931,>15.931,99.990,0.602,0.308,g
2460626.34479,2024-11-11.8449135,bm,1.57,15.934,>15.934,99.990,0.277,0.307,g
2460626.49369,2024-11-11.9938076,bm,1.55,15.950,>15.950,99.990,0.530,0.303,g
2460626.49491,2024-11-11.9950400,bm,1.58,15.929,>15.929,99.990,0.525,0.309,g
2460626.49615,2024-11-11.9962761,bm,1.59,16.013,>16.013,99.990,0.477,0.286,g
2460626.59204,2024-11-12.0921671,bm,1.55,15.927,>15.927,99.990,0.482,0.309,g
2460626.59329,2024-11-12.0934185,bm,1.52,99.990,99.990,99.990,99.990,99.990,g
2460626.59453,2024-11-12.0946579,bm,1.53,15.950,>15.950,99.990,0.311,0.303,g
2460627.34255,2024-11-12.8426895,bm,1.51,15.971,>15.971,99.990,-0.074,0.297,g
2460627.34379,2024-11-12.8439160,bm,1.41,15.805,>15.805,99.990,0.109,0.346,g
2460627.34503,2024-11-12.8451591,bm,1.52,15.872,>15.872,99.990,0.619,0.325,g
2460629.68899,2024-11-15.1891371,bi,1.52,15.743,>15.743,99.990,0.083,0.366,g
2460629.69022,2024-11-15.1903649,bi,1.46,15.733,>15.733,99.990,-0.372,0.370,g
2460629.69146,2024-11-15.1916114,bi,1.51,15.695,>15.695,99.990,0.858,0.383,g
2460629.85585,2024-11-15.3559969,bi,1.51,15.834,>15.834,99.990,-0.398,0.337,g
2460629.85709,2024-11-15.3572459,bi,1.44,15.793,>15.793,99.990,0.168,0.350,g
2460629.85832,2024-11-15.3584704,bi,1.45,15.879,>15.879,99.990,0.412,0.323,g
2460630.34859,2024-11-15.8487439,bm,1.59,15.541,>15.541,99.990,-0.304,0.441,g
2460630.34984,2024-11-15.8499895,bm,1.65,15.646,>15.646,99.990,0.261,0.400,g
2460630.35108,2024-11-15.8512350,bm,1.55,15.573,>15.573,99.990,0.623,0.428,g
2460630.56330,2024-11-16.0634518,bi,1.52,15.598,>15.598,99.990,-0.153,0.419,g
2460630.56453,2024-11-16.0646849,bi,1.48,15.779,>15.779,99.990,-1.076,0.354,g
2460630.56577,2024-11-16.0659269,bi,1.56,15.615,>15.615,99.990,-0.488,0.412,g
2460631.47018,2024-11-16.9703473,bm,1.58,15.712,>15.712,99.990,0.736,0.377,g
2460631.47142,2024-11-16.9715870,bm,1.52,15.646,>15.646,99.990,-0.197,0.400,g
2460631.47266,2024-11-16.9728171,bm,1.53,15.803,>15.803,99.990,0.311,0.347,g
2460631.59590,2024-11-17.0960706,bE,1.56,15.832,>15.832,99.990,0.182,0.337,g
2460631.59718,2024-11-17.0973446,bE,1.5,15.832,>15.832,99.990,0.202,0.338,g
2460631.59843,2024-11-17.0985964,bE,1.66,15.891,>15.891,99.990,0.243,0.320,g
2460632.43830,2024-11-17.9384734,bm,1.51,15.813,>15.813,99.990,0.082,0.343,g
2460632.43953,2024-11-17.9397003,bm,1.6,15.994,>15.994,99.990,0.096,0.291,g
2460632.44077,2024-11-17.9409423,bm,1.59,15.975,>15.975,99.990,-0.009,0.296,g
2460632.59242,2024-11-18.0925938,bm,1.51,15.873,>15.873,99.990,0.112,0.325,g
2460632.59366,2024-11-18.0938362,bm,1.6,15.779,>15.779,99.990,0.072,0.354,g
2460632.59491,2024-11-18.0950831,bm,1.6,15.706,>15.706,99.990,-0.176,0.379,g
2460635.56544,2024-11-21.0656268,bE,1.57,16.093,>16.093,99.990,0.225,0.265,g
2460635.56674,2024-11-21.0669310,bE,1.58,16.090,>16.090,99.990,0.314,0.266,g
2460635.56800,2024-11-21.0681908,bE,1.63,16.174,>16.174,99.990,0.403,0.246,g
2460636.79193,2024-11-22.2921384,bi,1.47,15.924,>15.924,99.990,0.523,0.310,g
2460636.79316,2024-11-22.2933684,bi,1.52,16.007,>16.007,99.990,0.518,0.287,g
2460636.79441,2024-11-22.2946122,bi,1.47,15.958,>15.958,99.990,0.542,0.301,g
2460637.45666,2024-11-22.9568637,bm,1.56,15.997,>15.997,99.990,0.407,0.290,g
2460637.45789,2024-11-22.9581072,bm,1.55,15.958,>15.958,99.990,0.376,0.301,g
2460637.45914,2024-11-22.9593449,bm,1.53,16.006,>16.006,99.990,0.415,0.288,g
2460638.51379,2024-11-24.0140112,bm,1.52,16.045,>16.045,99.990,0.248,0.277,g
2460638.51502,2024-11-24.0152379,bm,1.54,15.975,>15.975,99.990,0.242,0.296,g
2460638.51629,2024-11-24.0165021,bm,1.49,15.966,>15.966,99.990,0.522,0.298,g
2460638.58828,2024-11-24.0884973,bE,1.48,16.005,>16.005,99.990,0.549,0.288,g
2460638.58953,2024-11-24.0897478,bE,1.48,16.003,>16.003,99.990,0.191,0.288,g
2460638.59079,2024-11-24.0910098,bE,1.49,15.945,>15.945,99.990,0.256,0.304,g
2460639.49710,2024-11-24.9973157,bm,1.51,15.955,>15.955,99.990,0.248,0.301,g
2460639.49832,2024-11-24.9985482,bm,1.53,16.077,>16.077,99.990,0.286,0.269,g
2460639.49957,2024-11-24.9997865,bm,1.49,16.022,>16.022,99.990,0.413,0.283,g
2460640.55336,2024-11-26.0535901,bE,1.57,16.144,>16.144,99.990,0.491,0.253,g
2460640.55461,2024-11-26.0548428,bE,1.51,16.078,>16.078,99.990,0.205,0.269,g
2460640.55587,2024-11-26.0561034,bE,1.56,16.117,>16.117,99.990,0.446,0.260,g
2460641.53887,2024-11-27.0391062,bi,1.46,15.956,>15.956,99.990,0.095,0.301,g
2460641.54010,2024-11-27.0403327,bi,1.45,15.961,>15.961,99.990,0.326,0.300,g
2460641.54133,2024-11-27.0415590,bi,1.44,15.909,>15.909,99.990,0.278,0.315,g
2460642.53937,2024-11-28.0396171,bi,1.43,16.052,>16.052,99.990,0.376,0.276,g
2460642.54062,2024-11-28.0408655,bi,1.42,16.004,>16.004,99.990,0.390,0.288,g
2460642.54186,2024-11-28.0421070,bi,1.47,15.925,>15.925,99.990,0.288,0.310,g
2460642.61082,2024-11-28.1110648,bi,1.5,16.022,>16.022,99.990,0.633,0.283,g
2460642.61206,2024-11-28.1122989,bi,1.48,16.055,>16.055,99.990,0.700,0.275,g
2460642.61329,2024-11-28.1135299,bi,1.49,15.982,>15.982,99.990,0.692,0.294,g
2460643.50107,2024-11-29.0013215,bm,1.97,16.090,>16.090,99.990,0.308,0.266,g
2460643.50233,2024-11-29.0025783,bm,1.55,16.061,>16.061,99.990,0.208,0.273,g
2460643.50357,2024-11-29.0038149,bm,1.96,16.087,>16.087,99.990,0.292,0.267,g
2460643.58185,2024-11-29.0821006,bm,2.05,16.076,>16.076,99.990,0.239,0.270,g
2460643.58311,2024-11-29.0833528,bm,2.07,16.117,>16.117,99.990,0.376,0.260,g
2460643.58434,2024-11-29.0845865,bm,2.1,15.858,>15.858,99.990,0.317,0.330,g
2460644.32067,2024-11-29.8209219,bm,1.68,16.137,>16.137,99.990,0.316,0.255,g
2460644.32191,2024-11-29.8221707,bm,1.75,16.045,>16.045,99.990,0.291,0.277,g
2460644.32318,2024-11-29.8234336,bm,1.56,16.115,>16.115,99.990,0.117,0.260,g
2460644.52813,2024-11-30.0283903,bi,1.51,15.901,>15.901,99.990,0.497,0.317,g
2460644.52936,2024-11-30.0296180,bi,1.46,15.869,>15.869,99.990,0.331,0.326,g
2460644.53060,2024-11-30.0308518,bi,1.44,15.989,>15.989,99.990,0.145,0.292,g
2460645.28752,2024-11-30.7877842,bm,1.63,16.218,>16.218,99.990,0.215,0.236,g
2460645.28879,2024-11-30.7890437,bm,1.72,16.115,>16.115,99.990,0.243,0.260,g
2460645.29006,2024-11-30.7903197,bm,1.64,16.164,>16.164,99.990,0.067,0.248,g
2460645.54244,2024-12-01.0427072,bi,1.45,15.948,>15.948,99.990,0.247,0.303,g
2460645.54369,2024-12-01.0439532,bi,1.4,15.976,>15.976,99.990,0.542,0.296,g
2460645.54491,2024-12-01.0451722,bi,1.38,15.958,>15.958,99.990,0.463,0.300,g
2460645.60141,2024-12-01.1016737,bi,1.57,16.111,>16.111,99.990,0.695,0.261,g
2460645.60263,2024-12-01.1028967,bi,1.45,15.967,>15.967,99.990,0.462,0.298,g
2460645.60386,2024-12-01.1041218,bi,1.44,15.931,>15.931,99.990,0.469,0.308,g
2460647.55005,2024-12-03.0503210,bi,1.53,16.047,>16.047,99.990,0.565,0.277,g
2460647.55129,2024-12-03.0515649,bi,1.52,16.069,>16.069,99.990,0.099,0.271,g
2460647.55252,2024-12-03.0527899,bi,1.56,16.001,>16.001,99.990,0.584,0.289,g
2460648.49388,2024-12-03.9941585,bm,1.5,16.083,>16.083,99.990,0.522,0.268,g
2460648.49511,2024-12-03.9953946,bm,1.55,15.892,>15.892,99.990,0.766,0.319,g
2460648.49635,2024-12-03.9966296,bm,1.57,16.003,>16.003,99.990,0.145,0.288,g
2460648.57765,2024-12-04.0779359,bm,1.45,16.105,>16.105,99.990,0.353,0.262,g
2460648.57889,2024-12-04.0791780,bm,1.56,15.989,>15.989,99.990,0.462,0.292,g
2460648.58013,2024-12-04.0804128,bm,1.53,16.026,>16.026,99.990,0.219,0.282,g
2460650.55546,2024-12-06.0557579,bi,1.47,15.994,>15.994,99.990,0.012,0.291,g
2460650.55671,2024-12-06.0570043,bi,1.52,15.942,>15.942,99.990,0.641,0.305,g
2460650.55793,2024-12-06.0582238,bi,1.47,15.931,>15.931,99.990,0.301,0.308,g
2460651.49470,2024-12-06.9950054,bm,1.56,15.952,>15.952,99.990,0.397,0.302,g
2460651.49594,2024-12-06.9962357,bm,1.53,16.111,>16.111,99.990,0.729,0.261,g
2460651.49718,2024-12-06.9974826,bm,1.65,16.004,>16.004,99.990,0.441,0.288,g
2460652.44556,2024-12-07.9458707,bm,1.54,15.972,>15.972,99.990,0.195,0.297,g
2460652.44679,2024-12-07.9470960,bm,1.51,16.018,>16.018,99.990,0.253,0.284,g
2460652.44804,2024-12-07.9483476,bm,1.5,16.029,>16.029,99.990,0.278,0.282,g
2460652.53382,2024-12-08.0341258,bE,1.51,16.030,>16.030,99.990,0.254,0.281,g
2460652.53509,2024-12-08.0353913,bE,1.54,16.118,>16.118,99.990,0.415,0.259,g
2460652.53634,2024-12-08.0366486,bE,1.53,15.937,>15.937,99.990,0.137,0.306,g
2460652.57910,2024-12-08.0794062,bi,1.58,16.041,>16.041,99.990,0.311,0.278,g
2460652.58032,2024-12-08.0806291,bi,1.62,15.980,>15.980,99.990,0.455,0.294,g
2460652.58156,2024-12-08.0818693,bi,1.49,16.133,>16.133,99.990,0.522,0.256,g
2460652.63258,2024-12-08.1328853,bi,1.54,15.958,>15.958,99.990,-0.010,0.301,g
2460652.63380,2024-12-08.1341130,bi,1.57,15.994,>15.994,99.990,0.306,0.291,g
2460652.63505,2024-12-08.1353548,bi,1.62,16.130,>16.130,99.990,0.105,0.256,g
2460654.41694,2024-12-09.9172619,bm,1.56,16.203,>16.203,99.990,0.065,0.240,g
2460654.41818,2024-12-09.9184989,bm,1.56,15.901,>15.901,99.990,0.329,0.317,g
2460654.41942,2024-12-09.9197387,bm,1.61,16.074,>16.074,99.990,-0.313,0.270,g
2460654.51916,2024-12-10.0194765,bm,1.48,15.973,>15.973,99.990,0.505,0.296,g
2460654.52040,2024-12-10.0207125,bm,1.59,15.919,>15.919,99.990,0.732,0.312,g
2460654.52163,2024-12-10.0219471,bm,1.61,15.917,>15.917,99.990,0.097,0.312,g
2460656.54995,2024-12-12.0502842,bi,1.48,15.858,>15.858,99.990,1.025,0.330,g
2460656.55119,2024-12-12.0515246,bi,1.45,15.834,>15.834,99.990,0.214,0.337,g
2460656.55244,2024-12-12.0527710,bi,1.57,15.808,>15.808,99.990,0.390,0.345,g
2460657.52482,2024-12-13.0251600,bE,1.62,15.699,>15.699,99.990,0.390,0.381,g
2460657.52610,2024-12-13.0264362,bE,1.93,15.708,>15.708,99.990,-0.107,0.378,g
2460657.52734,2024-12-13.0276712,bE,1.52,15.822,>15.822,99.990,0.054,0.341,g
2460657.58201,2024-12-13.0823423,bE,1.51,15.849,>15.849,99.990,0.480,0.332,g
2460657.58325,2024-12-13.0835892,bE,1.56,15.814,>15.814,99.990,-0.147,0.343,g
2460657.58451,2024-12-13.0848396,bE,1.52,15.888,>15.888,99.990,0.677,0.320,g
2460658.30256,2024-12-13.8028975,bm,1.52,15.730,>15.730,99.990,0.663,0.371,g
2460658.30380,2024-12-13.8041348,bm,1.56,15.704,>15.704,99.990,0.776,0.380,g
2460658.30504,2024-12-13.8053755,bm,1.54,15.679,>15.679,99.990,-0.277,0.389,g
2460658.58640,2024-12-14.0867466,bm,2.12,16.041,>16.041,99.990,0.436,0.278,g
2460658.58763,2024-12-14.0879750,bm,2.13,15.954,>15.954,99.990,0.848,0.302,g
2460658.58887,2024-12-14.0892123,bm,2.11,16.056,>16.056,99.990,0.256,0.275,g
2460659.29150,2024-12-14.7918449,bm,2.29,15.797,>15.797,99.990,-0.014,0.349,g
2460659.29274,2024-12-14.7930925,bm,2.32,15.650,>15.650,99.990,-0.136,0.399,g
2460659.29398,2024-12-14.7943274,bm,2.22,15.805,>15.805,99.990,0.772,0.346,g
2460659.39048,2024-12-14.8908306,bm,1.58,15.980,>15.980,99.990,0.394,0.295,g
2460659.39174,2024-12-14.8920878,bm,1.62,15.815,>15.815,99.990,-0.110,0.343,g
2460659.39298,2024-12-14.8933258,bm,1.65,15.841,>15.841,99.990,-0.174,0.335,g
2460659.53351,2024-12-15.0338643,bi,1.41,15.660,>15.660,99.990,-0.009,0.395,g
2460659.53476,2024-12-15.0350978,bi,1.5,15.526,>15.526,99.990,0.342,0.447,g
2460659.53599,2024-12-15.0363346,bi,1.56,15.636,>15.636,99.990,0.428,0.404,g
2460659.59452,2024-12-15.0948637,bi,1.53,15.652,>15.652,99.990,0.142,0.398,g
2460659.59575,2024-12-15.0961026,bi,1.51,15.783,>15.783,99.990,-0.253,0.353,g
2460659.59701,2024-12-15.0973561,bi,1.51,15.705,>15.705,99.990,0.304,0.379,g
2460659.64335,2024-12-15.1436959,bi,1.52,15.826,>15.826,99.990,0.276,0.339,g
2460659.64458,2024-12-15.1449208,bi,1.47,15.718,>15.718,99.990,0.066,0.375,g
2460659.64581,2024-12-15.1461586,bi,1.55,15.710,>15.710,99.990,0.276,0.378,g
2460661.51614,2024-12-17.0165017,bm,1.53,15.892,>15.892,99.990,0.458,0.319,g
2460661.51738,2024-12-17.0177317,bm,1.55,15.876,>15.876,99.990,0.007,0.324,g
2460661.51863,2024-12-17.0189843,bm,1.6,15.768,>15.768,99.990,0.561,0.358,g
2460661.58372,2024-12-17.0840767,bi,1.48,16.004,>16.004,99.990,0.358,0.288,g
2460661.58495,2024-12-17.0853038,bi,1.42,15.922,>15.922,99.990,-0.012,0.311,g
2460661.58618,2024-12-17.0865371,bi,1.43,15.824,>15.824,99.990,0.373,0.340,g
2460662.58202,2024-12-18.0823857,bm,1.54,15.760,>15.760,99.990,0.424,0.361,g
2460662.58326,2024-12-18.0836170,bm,1.53,15.797,>15.797,99.990,0.265,0.348,g
2460662.58449,2024-12-18.0848508,bm,1.52,15.899,>15.899,99.990,0.409,0.317,g
2460663.53765,2024-12-19.0380202,bm,1.54,15.995,>15.995,99.990,0.411,0.291,g
2460664.53550,2024-12-20.0358679,bm,1.61,16.046,>16.046,99.990,0.249,0.277,g
2460664.53673,2024-12-20.0370945,bm,1.61,16.070,>16.070,99.990,0.369,0.271,g
2460664.53796,2024-12-20.0383318,bm,1.61,16.143,>16.143,99.990,0.225,0.253,g
2460665.53199,2024-12-21.0323616,bi,1.44,16.006,>16.006,99.990,0.654,0.287,g
2460665.53324,2024-12-21.0336092,bi,1.52,15.914,>15.914,99.990,-0.080,0.313,g
2460665.53445,2024-12-21.0348290,bi,1.48,16.016,>16.016,99.990,0.712,0.285,g
2460665.58896,2024-12-21.0893380,bE,1.51,16.121,>16.121,99.990,0.281,0.259,g
2460665.59022,2024-12-21.0905907,bE,1.47,16.131,>16.131,99.990,0.245,0.256,g
2460665.59148,2024-12-21.0918512,bE,1.47,16.021,>16.021,99.990,0.326,0.283,g
2460666.52864,2024-12-22.0290206,bi,1.53,15.703,>15.703,99.990,0.185,0.380,g
2460666.52987,2024-12-22.0302493,bi,1.56,15.645,>15.645,99.990,0.140,0.401,g
2460666.53110,2024-12-22.0314804,bi,1.53,15.849,>15.849,99.990,-0.056,0.332,g
2460666.84114,2024-12-22.3415224,bE,1.52,15.920,>15.920,99.990,0.192,0.311,g
2460666.84238,2024-12-22.3427656,bE,1.51,15.985,>15.985,99.990,0.197,0.293,g
2460666.84363,2024-12-22.3440138,bE,1.46,15.966,>15.966,99.990,0.503,0.298,g
2460667.42361,2024-12-22.9239870,bm,1.56,16.187,>16.187,99.990,0.144,0.243,g
2460667.42484,2024-12-22.9252195,bm,1.55,16.090,>16.090,99.990,0.240,0.266,g
2460667.42607,2024-12-22.9264461,bm,1.62,16.073,>16.073,99.990,0.301,0.270,g
2460668.28755,2024-12-23.7879369,bm,2.04,16.032,>16.032,99.990,0.404,0.281,g
2460668.28880,2024-12-23.7891938,bm,2.01,16.333,>16.333,99.990,0.403,0.213,g
2460668.29006,2024-12-23.7904511,bm,1.97,16.015,>16.015,99.990,0.544,0.285,g
2460668.47252,2024-12-23.9729069,bm,1.56,15.984,>15.984,99.990,0.436,0.293,g
2460668.47383,2024-12-23.9742238,bm,1.62,15.951,>15.951,99.990,0.229,0.302,g
2460668.47510,2024-12-23.9754915,bm,1.49,16.092,>16.092,99.990,0.259,0.266,g
2460669.65616,2024-12-25.1565482,bE,1.48,16.027,>16.027,99.990,0.253,0.282,g
2460669.65741,2024-12-25.1578033,bE,1.5,16.008,>16.008,99.990,0.340,0.287,g
2460669.65865,2024-12-25.1590468,bE,1.47,16.128,>16.128,99.990,0.158,0.257,g
2460670.47980,2024-12-25.9801960,bm,2.47,99.990,99.990,99.990,99.990,99.990,g
2460670.48232,2024-12-25.9827081,bm,2.5,99.990,99.990,99.990,99.990,99.990,g
2460672.28085,2024-12-27.7812543,bm,2.49,99.990,99.990,99.990,99.990,99.990,g
2460672.28208,2024-12-27.7824811,bm,2.47,99.990,99.990,99.990,99.990,99.990,g
2460673.53029,2024-12-29.0307025,bi,1.43,15.672,>15.672,99.990,1.234,0.391,g
2460673.53152,2024-12-29.0319300,bi,1.49,15.685,>15.685,99.990,1.691,0.386,g
2460673.53275,2024-12-29.0331636,bi,1.48,15.802,>15.802,99.990,-0.022,0.347,g
2460676.28525,2024-12-31.7856684,bm,2.39,99.990,99.990,99.990,99.990,99.990,g
2460676.28649,2024-12-31.7869116,bm,2.38,99.990,99.990,99.990,99.990,99.990,g
2460676.28772,2024-12-31.7881408,bm,2.33,99.990,99.990,99.990,99.990,99.990,g
2460676.54997,2025-01-01.0503898,bi,1.47,15.976,>15.976,99.990,0.648,0.296,g
2460676.55121,2025-01-01.0516337,bi,1.41,15.946,>15.946,99.990,0.344,0.304,g
2460676.55245,2025-01-01.0528653,bi,1.4,15.941,>15.941,99.990,0.453,0.305,g
2460677.39092,2025-01-01.8913488,bm,1.62,16.184,>16.184,99.990,0.269,0.244,g
2460677.39216,2025-01-01.8925822,bm,1.55,16.174,>16.174,99.990,0.600,0.246,g
2460677.39342,2025-01-01.8938416,bm,1.61,16.170,>16.170,99.990,0.206,0.247,g
2460677.50104,2025-01-02.0014561,bm,1.54,16.064,>16.064,99.990,0.246,0.273,g
2460677.50227,2025-01-02.0026877,bm,1.52,15.982,>15.982,99.990,0.368,0.294,g
2460677.50352,2025-01-02.0039439,bm,1.52,16.061,>16.061,99.990,0.419,0.273,g
2460683.74503,2025-01-08.2454731,bi,1.53,16.028,>16.028,99.990,0.472,0.282,g
2460683.74626,2025-01-08.2466958,bi,1.51,16.017,>16.017,99.990,0.409,0.285,g
2460683.74748,2025-01-08.2479153,bi,1.41,16.016,>16.016,99.990,0.444,0.285,g
2460684.66462,2025-01-09.1650578,bE,1.62,15.985,>15.985,99.990,0.109,0.293,g
2460684.66587,2025-01-09.1663119,bE,1.54,16.159,>16.159,99.990,0.551,0.250,g
2460684.66712,2025-01-09.1675553,bE,1.49,16.026,>16.026,99.990,0.162,0.282,g
2460685.54280,2025-01-10.0432421,bm,2.34,16.151,>16.151,99.990,-0.057,0.252,g
2460685.54405,2025-01-10.0444953,bm,2.3,16.219,>16.219,99.990,0.095,0.236,g
2460685.54532,2025-01-10.0457640,bm,2.31,16.035,>16.035,99.990,0.489,0.280,g
2460686.62573,2025-01-11.1261765,bE,1.6,15.925,>15.925,99.990,0.171,0.310,g
2460686.62698,2025-01-11.1274241,bE,1.45,15.895,>15.895,99.990,0.402,0.318,g
2460686.62823,2025-01-11.1286758,bE,1.49,16.112,>16.112,99.990,0.424,0.261,g
2460687.61006,2025-01-12.1105098,bi,1.47,15.729,>15.729,99.990,0.280,0.371,g
2460687.61129,2025-01-12.1117299,bi,1.47,15.732,>15.732,99.990,0.723,0.370,g
2460687.61251,2025-01-12.1129539,bi,1.49,15.758,>15.758,99.990,-0.182,0.361,g
2460689.55166,2025-01-14.0521099,bm,2.18,15.592,>15.592,99.990,1.065,0.421,g
2460689.55289,2025-01-14.0533436,bm,2.17,15.649,>15.649,99.990,0.277,0.399,g
2460689.55413,2025-01-14.0545809,bm,2.2,15.586,>15.586,99.990,-0.142,0.423,g
2460690.74324,2025-01-15.2436879,bE,1.64,15.756,>15.756,99.990,0.253,0.362,g
2460690.74448,2025-01-15.2449400,bE,1.53,16.007,>16.007,99.990,0.124,0.287,g
2460690.74574,2025-01-15.2461982,bE,1.5,15.808,>15.808,99.990,0.110,0.345,g
2460691.64080,2025-01-16.1412500,bi,1.46,15.765,>15.765,99.990,0.574,0.359,g
2460691.64204,2025-01-16.1424893,bi,1.47,16.037,>16.037,99.990,-0.003,0.279,g
2460691.64329,2025-01-16.1437403,bi,1.5,15.884,>15.884,99.990,0.283,0.322,g
2460692.66992,2025-01-17.1703714,bi,1.51,16.049,>16.049,99.990,0.614,0.276,g
2460693.28929,2025-01-17.7897526,bm,1.55,16.006,>16.006,99.990,0.210,0.288,g
2460693.40322,2025-01-17.9036785,bm,1.58,15.968,>15.968,99.990,0.595,0.298,g
2460693.40446,2025-01-17.9049136,bm,1.54,15.834,>15.834,99.990,0.223,0.337,g
2460693.40575,2025-01-17.9061945,bm,1.56,99.990,99.990,99.990,99.990,99.990,g
2460694.35510,2025-01-18.8555583,bm,1.55,15.982,>15.982,99.990,0.258,0.294,g
2460694.35639,2025-01-18.8568431,bm,1.52,16.042,>16.042,99.990,0.472,0.278,g
2460694.35765,2025-01-18.8580993,bm,1.53,15.899,>15.899,99.990,0.207,0.317,g
2460695.78567,2025-01-20.2861247,bE,1.53,15.955,>15.955,99.990,0.334,0.301,g
2460695.78817,2025-01-20.2886258,bE,1.58,15.928,>15.928,99.990,0.425,0.309,g
2460698.75828,2025-01-23.2587334,bE,1.55,16.073,>16.073,99.990,0.304,0.270,g
2460699.28127,2025-01-23.7817217,bm,1.54,15.896,>15.896,99.990,-0.261,0.318,g
2460699.28250,2025-01-23.7829554,bm,1.47,15.902,>15.902,99.990,0.155,0.316,g
2460699.28374,2025-01-23.7841938,bm,1.49,15.895,>15.895,99.990,0.172,0.318,g
2460699.76560,2025-01-24.2660523,bi,1.49,15.908,>15.908,99.990,0.375,0.315,g
2460699.76683,2025-01-24.2672805,bi,2.41,99.990,99.990,99.990,99.990,99.990,g
2460701.54938,2025-01-26.0498333,bi,1.46,16.033,>16.033,99.990,0.393,0.280,g
2460701.55185,2025-01-26.0523042,bi,1.39,16.060,>16.060,99.990,0.440,0.274,g
2460703.73408,2025-01-28.2345359,bi,1.51,16.080,>16.080,99.990,0.326,0.269,g
2460703.73531,2025-01-28.2357600,bi,1.5,15.966,>15.966,99.990,0.035,0.298,g
2460703.73655,2025-01-28.2370076,bi,1.55,15.903,>15.903,99.990,0.202,0.316,g
2460704.54497,2025-01-29.0454305,bE,1.54,16.020,>16.020,99.990,0.283,0.284,g
2460704.54622,2025-01-29.0466771,bE,1.51,16.042,>16.042,99.990,0.514,0.278,g
2460704.54747,2025-01-29.0479252,bE,1.51,16.040,>16.040,99.990,0.313,0.279,g
2460705.68591,2025-01-30.1863684,bi,1.43,16.011,>16.011,99.990,0.290,0.286,g
2460705.68714,2025-01-30.1876034,bi,1.35,15.970,>15.970,99.990,0.473,0.297,g
2460705.68838,2025-01-30.1888347,bi,1.43,15.991,>15.991,99.990,0.500,0.291,g
2460706.52442,2025-01-31.0248700,bi,1.94,15.753,>15.753,99.990,-1.035,0.363,g
2460706.52565,2025-01-31.0261106,bi,1.57,15.759,>15.759,99.990,-0.056,0.361,g
2460706.52690,2025-01-31.02735,bi,1.52,15.951,>15.951,99.990,0.024,0.302,g
2460707.65643,2025-02-01.1568915,bi,1.49,15.903,>15.903,99.990,0.376,0.316,g
2460708.32611,2025-02-01.8265601,bm,1.99,16.078,>16.078,99.990,0.606,0.269,g
2460708.32735,2025-02-01.8277982,bm,2.01,16.101,>16.101,99.990,0.166,0.263,g
2460708.32858,2025-02-01.8290386,bm,2.0,16.067,>16.067,99.990,0.309,0.272,g
2460709.55286,2025-02-03.0533123,bi,1.41,15.988,>15.988,99.990,0.301,0.292,g
2460710.55267,2025-02-04.0531127,bE,1.46,16.044,>16.044,99.990,0.301,0.278,g
2460710.55391,2025-02-04.0543655,bE,1.43,16.151,>16.151,99.990,0.389,0.251,g
2460710.55516,2025-02-04.0556180,bE,1.47,15.962,>15.962,99.990,0.390,0.300,g
2460711.61746,2025-02-05.1179042,bE,1.47,16.044,>16.044,99.990,0.181,0.278,g
2460711.61872,2025-02-05.1191708,bE,1.47,15.984,>15.984,99.990,0.173,0.293,g
2460711.61998,2025-02-05.1204259,bE,1.53,16.020,>16.020,99.990,0.336,0.284,g
2460712.61307,2025-02-06.1135214,bi,1.42,16.188,>16.188,99.990,0.577,0.243,g
2460713.59724,2025-02-07.0976868,bE,1.48,15.915,>15.915,99.990,0.342,0.313,g
2460713.59849,2025-02-07.0989418,bE,1.5,16.004,>16.004,99.990,0.331,0.288,g
2460713.59975,2025-02-07.1001960,bE,1.46,16.011,>16.011,99.990,0.506,0.286,g
2460714.58928,2025-02-08.0897225,bi,1.5,15.954,>15.954,99.990,0.329,0.302,g
2460714.59052,2025-02-08.0909619,bi,1.44,15.911,>15.911,99.990,0.491,0.314,g
2460717.70554,2025-02-11.2059765,bE,1.56,15.913,>15.913,99.990,-0.013,0.313,g
2460718.33152,2025-02-11.8319556,bm,1.61,15.786,>15.786,99.990,0.364,0.352,g
2460718.33276,2025-02-11.8331996,bm,1.49,15.768,>15.768,99.990,0.566,0.358,g
2460718.33399,2025-02-11.8344214,bm,1.57,15.718,>15.718,99.990,-0.121,0.375,g
2460721.44453,2025-02-14.9449582,bm,2.15,15.787,>15.787,99.990,-0.091,0.352,g
2460721.44577,2025-02-14.9461979,bm,2.12,15.890,>15.890,99.990,-0.147,0.320,g
2460723.27280,2025-02-16.7732197,bm,1.53,15.880,>15.880,99.990,0.140,0.323,g
2460728.44351,2025-02-21.9439182,bm,2.22,16.028,>16.028,99.990,0.131,0.282,g
2460728.44475,2025-02-21.9451515,bm,2.2,16.009,>16.009,99.990,0.090,0.287,g
2460728.44598,2025-02-21.9463886,bm,2.18,15.987,>15.987,99.990,0.110,0.292,g
2460729.55474,2025-02-23.0551341,bE,1.49,16.041,>16.041,99.990,0.307,0.278,g
2460729.55598,2025-02-23.0563843,bE,1.49,16.070,>16.070,99.990,0.211,0.271,g
2460729.55724,2025-02-23.0576413,bE,1.43,16.015,>16.015,99.990,0.261,0.285,g
2460731.40933,2025-02-24.9097273,bm,2.11,16.065,>16.065,99.990,0.350,0.272,g
2460731.41056,2025-02-24.9109516,bm,2.14,16.040,>16.040,99.990,0.192,0.279,g
2460733.54750,2025-02-27.0478827,bi,1.39,16.034,>16.034,99.990,0.183,0.280,g
2460733.54873,2025-02-27.0491136,bi,1.44,15.899,>15.899,99.990,0.317,0.317,g
2460733.54997,2025-02-27.0503447,bi,1.39,15.932,>15.932,99.990,0.429,0.308,g
2460736.59426,2025-03-02.0946342,bi,1.52,16.056,>16.056,99.990,0.249,0.274,g
2460736.59551,2025-03-02.0958766,bi,1.47,15.958,>15.958,99.990,0.425,0.300,g
2460736.59675,2025-03-02.0971255,bi,1.43,16.094,>16.094,99.990,0.399,0.265,g
2460737.38666,2025-03-02.8870223,bm,1.58,16.146,>16.146,99.990,0.062,0.253,g
2460737.38790,2025-03-02.8882687,bm,1.56,15.941,>15.941,99.990,0.188,0.305,g
2460737.38915,2025-03-02.8895104,bm,1.62,16.035,>16.035,99.990,0.552,0.280,g
2460738.63459,2025-03-04.1349510,bi,1.5,15.866,>15.866,99.990,0.406,0.327,g
2460738.63585,2025-03-04.1362119,bi,1.41,15.913,>15.913,99.990,0.369,0.313,g
2460738.63709,2025-03-04.1374531,bi,1.39,15.962,>15.962,99.990,0.380,0.299,g
2460740.33114,2025-03-05.8314896,bm,1.6,16.008,>16.008,99.990,0.436,0.287,g
2460740.33237,2025-03-05.8327218,bm,1.61,15.927,>15.927,99.990,0.309,0.309,g
2460740.33362,2025-03-05.8339743,bm,1.48,16.031,>16.031,99.990,0.474,0.281,g
2460741.52217,2025-03-07.0225206,bi,1.44,15.920,>15.920,99.990,0.300,0.311,g
2460741.52341,2025-03-07.0237465,bi,1.46,16.024,>16.024,99.990,0.571,0.283,g
2460741.52462,2025-03-07.0249699,bi,1.39,15.986,>15.986,99.990,0.215,0.293,g
2460742.55930,2025-03-08.0596392,bE,1.51,15.964,>15.964,99.990,0.509,0.299,g
2460742.56055,2025-03-08.0608931,bE,1.52,15.895,>15.895,99.990,0.060,0.318,g
2460742.56181,2025-03-08.0621413,bE,1.51,16.058,>16.058,99.990,0.278,0.274,g
2460743.54691,2025-03-09.0472415,bi,1.41,15.875,>15.875,99.990,1.070,0.324,g
2460743.54813,2025-03-09.0484658,bi,1.49,16.011,>16.011,99.990,0.555,0.286,g
2460743.54937,2025-03-09.0496986,bi,1.42,15.866,>15.866,99.990,0.158,0.327,g
2460744.61937,2025-03-10.1197017,bE,1.5,16.215,>16.215,99.990,0.545,0.237,g
2460744.62062,2025-03-10.1209533,bE,1.48,15.870,>15.870,99.990,0.108,0.326,g
2460744.62187,2025-03-10.1221934,bE,1.49,15.967,>15.967,99.990,0.360,0.298,g
2460745.59050,2025-03-11.0908155,bi,1.59,15.878,>15.878,99.990,0.281,0.324,g
2460745.59172,2025-03-11.0920452,bi,1.47,15.927,>15.927,99.990,-0.722,0.309,g
2460745.59296,2025-03-11.0932717,bi,1.45,15.789,>15.789,99.990,0.640,0.351,g
2460746.51074,2025-03-12.0110563,bE,1.54,15.994,>15.994,99.990,-0.090,0.291,g
2460746.51198,2025-03-12.0122964,bE,1.62,15.904,>15.904,99.990,0.260,0.316,g
2460746.51322,2025-03-12.0135459,bE,1.57,15.864,>15.864,99.990,0.232,0.328,g
2460747.51330,2025-03-13.0136071,bi,1.42,15.743,>15.743,99.990,0.131,0.366,g
2460747.51454,2025-03-13.0148444,bi,1.5,15.706,>15.706,99.990,0.665,0.379,g
2460747.51577,2025-03-13.0160805,bi,1.47,15.866,>15.866,99.990,0.052,0.327,g
2460748.50499,2025-03-14.0052988,bi,1.41,15.573,>15.573,99.990,0.382,0.429,g
2460748.50621,2025-03-14.0065194,bi,1.43,15.740,>15.740,99.990,0.601,0.367,g
2460748.50747,2025-03-14.0077649,bi,1.49,15.861,>15.861,99.990,0.215,0.329,g
2460749.50437,2025-03-15.0046747,bE,1.44,15.702,>15.702,99.990,0.303,0.380,g
2460749.50564,2025-03-15.0059381,bE,1.5,15.350,>15.350,99.990,0.790,0.526,g
2460749.50688,2025-03-15.0071841,bE,1.5,15.285,>15.285,99.990,-0.263,0.559,g
2460750.50680,2025-03-16.0070916,bi,1.45,15.761,>15.761,99.990,0.451,0.360,g
2460750.50803,2025-03-16.0083229,bi,1.42,15.959,>15.959,99.990,0.213,0.300,g
2460750.50926,2025-03-16.0095546,bi,1.47,15.939,>15.939,99.990,0.266,0.306,g
2460751.55513,2025-03-17.0554172,bE,1.46,15.776,>15.776,99.990,0.084,0.355,g
2460751.55638,2025-03-17.0566641,bE,1.47,15.915,>15.915,99.990,0.404,0.313,g
2460751.55763,2025-03-17.0579115,bE,1.47,15.907,>15.907,99.990,0.072,0.315,g
2460752.52048,2025-03-18.0207667,bi,1.44,16.013,>16.013,99.990,0.509,0.286,g
2460752.52174,2025-03-18.0220160,bi,1.45,15.983,>15.983,99.990,0.485,0.294,g
2460752.52296,2025-03-18.0232384,bi,1.43,15.870,>15.870,99.990,0.799,0.326,g
2460753.57254,2025-03-19.0728114,bi,1.43,15.965,>15.965,99.990,0.536,0.298,g
2460753.57377,2025-03-19.0740509,bi,1.48,15.937,>15.937,99.990,0.810,0.306,g
2460753.57501,2025-03-19.0752799,bi,1.5,15.983,>15.983,99.990,-0.020,0.294,g
2460758.61564,2025-03-24.1158821,bE,1.56,16.073,>16.073,99.990,0.270,0.270,g
2460758.61690,2025-03-24.1171347,bE,2.37,99.990,99.990,99.990,99.990,99.990,g
2460762.58095,2025-03-28.0811598,bE,1.57,16.046,>16.046,99.990,0.190,0.277,g
2460762.58219,2025-03-28.0824008,bE,1.64,16.167,>16.167,99.990,0.278,0.248,g
2460762.58346,2025-03-28.0836701,bE,1.65,16.035,>16.035,99.990,0.145,0.280,g
2460764.52187,2025-03-30.0220687,bE,1.47,15.937,>15.937,99.990,0.445,0.307,g
2460764.52311,2025-03-30.0233135,bE,1.47,15.978,>15.978,99.990,0.387,0.295,g
2460764.52436,2025-03-30.0245662,bE,1.49,15.957,>15.957,99.990,0.358,0.301,g
2460767.59075,2025-04-02.0909303,bE,1.57,16.042,>16.042,99.990,0.353,0.278,g
2460767.59200,2025-04-02.0921780,bE,1.62,16.091,>16.091,99.990,0.336,0.266,g
2460768.57528,2025-04-03.0754498,bi,1.67,15.801,>15.801,99.990,0.403,0.347,g
2460768.57650,2025-04-03.0766739,bi,1.68,15.811,>15.811,99.990,-0.235,0.344,g
2460768.57774,2025-04-03.0779108,bi,1.96,15.941,>15.941,99.990,0.679,0.305,g
2460769.49102,2025-04-03.9911885,bi,1.43,16.107,>16.107,99.990,0.641,0.262,g
2460769.49227,2025-04-03.9924281,bi,1.38,15.900,>15.900,99.990,0.449,0.317,g
2460769.49351,2025-04-03.9936688,bi,1.43,15.918,>15.918,99.990,0.434,0.312,g
2460770.57557,2025-04-05.0757269,bE,1.47,99.990,99.990,99.990,99.990,99.990,g
2460770.57683,2025-04-05.0769853,bE,1.5,15.973,>15.973,99.990,0.440,0.296,g
2460770.57808,2025-04-05.0782366,bE,1.36,15.909,>15.909,99.990,0.529,0.314,g
2460771.47800,2025-04-05.9781436,bi,1.51,15.881,>15.881,99.990,0.536,0.323,g
2460771.47924,2025-04-05.9793924,bi,1.5,15.866,>15.866,99.990,0.062,0.327,g
2460771.48047,2025-04-05.9806212,bi,1.45,15.737,>15.737,99.990,0.206,0.368,g
2460772.49604,2025-04-06.9961863,bi,1.7,16.023,>16.023,99.990,0.925,0.283,g
2460772.49727,2025-04-06.9974187,bi,1.71,15.957,>15.957,99.990,-0.237,0.301,g
2460772.49852,2025-04-06.9986628,bi,1.98,16.041,>16.041,99.990,0.717,0.278,g
2460775.49383,2025-04-09.9939515,bi,1.57,15.777,>15.777,99.990,-0.105,0.355,g
2460775.49506,2025-04-09.9951777,bi,1.46,15.733,>15.733,99.990,0.911,0.370,g
2460775.49631,2025-04-09.9964303,bi,1.48,15.801,>15.801,99.990,0.091,0.347,g
2460778.47640,2025-04-12.9765032,bi,1.54,15.750,>15.750,99.990,0.366,0.364,g
2460778.47764,2025-04-12.9777373,bi,1.43,15.890,>15.890,99.990,-0.283,0.320,g
2460778.47887,2025-04-12.9789637,bi,1.5,15.725,>15.725,99.990,0.610,0.372,g
2460780.55207,2025-04-15.0521498,bE,1.6,15.927,>15.927,99.990,-0.239,0.309,g
2460780.55334,2025-04-15.0534167,bE,1.52,15.964,>15.964,99.990,-0.191,0.299,g
2460780.55459,2025-04-15.0546753,bE,1.62,15.928,>15.928,99.990,0.132,0.309,g
2460783.52786,2025-04-18.0279179,bE,1.47,16.007,>16.007,99.990,0.262,0.287,g
2460783.52913,2025-04-18.0291836,bE,1.44,15.955,>15.955,99.990,0.344,0.301,g
2460783.53039,2025-04-18.0304479,bE,1.47,16.104,>16.104,99.990,0.475,0.263,g
2460784.54422,2025-04-19.0442755,bE,1.53,15.995,>15.995,99.990,0.233,0.291,g
2460784.54548,2025-04-19.0455322,bE,1.49,15.898,>15.898,99.990,0.212,0.317,g
2460786.54011,2025-04-21.0401384,bE,1.46,16.013,>16.013,99.990,0.397,0.286,g
2460788.52029,2025-04-23.0203116,bi,1.57,15.982,>15.982,99.990,0.435,0.294,g
2460788.52154,2025-04-23.0215620,bi,1.54,15.976,>15.976,99.990,0.350,0.296,g
2460788.52279,2025-04-23.0228130,bi,1.58,16.036,>16.036,99.990,0.255,0.280,g
2460789.53081,2025-04-24.0308179,bE,1.6,16.080,>16.080,99.990,0.300,0.269,g
2460789.53208,2025-04-24.0320964,bE,1.62,16.168,>16.168,99.990,0.182,0.248,g
2460791.52132,2025-04-26.0213239,bE,1.65,16.088,>16.088,99.990,0.004,0.267,g
2460791.52261,2025-04-26.0226001,bE,1.63,16.046,>16.046,99.990,0.342,0.277,g
2460791.52386,2025-04-26.0238604,bE,1.69,16.144,>16.144,99.990,0.059,0.253,g
2460792.51298,2025-04-27.0129710,bi,2.34,16.277,>16.277,99.990,0.282,0.224,g
2460797.49852,2025-05-01.9984697,bi,1.49,15.947,>15.947,99.990,0.442,0.303,g
2460798.50264,2025-05-03.0025770,bE,1.53,15.881,>15.881,99.990,0.481,0.323,g
2460798.50390,2025-05-03.0038412,bE,1.49,15.887,>15.887,99.990,0.377,0.321,g
2460798.50515,2025-05-03.0050973,bE,1.47,16.199,>16.199,99.990,0.228,0.241,g
2460800.47043,2025-05-04.9703586,bi,1.49,15.937,>15.937,99.990,0.641,0.306,g
2460800.47167,2025-05-04.9715921,bi,1.5,15.988,>15.988,99.990,0.434,0.292,g
2460800.47291,2025-05-04.9728327,bi,1.55,15.885,>15.885,99.990,0.496,0.321,g
2460805.47194,2025-05-09.9718327,bi,1.59,15.881,>15.881,99.990,0.001,0.323,g
2460805.47319,2025-05-09.9730686,bi,1.67,16.059,>16.059,99.990,0.741,0.274,g
2460805.47443,2025-05-09.9743226,bi,1.59,15.869,>15.869,99.990,0.029,0.326,g
2460807.47490,2025-05-11.9747732,bE,1.49,15.964,>15.964,99.990,0.948,0.299,g
2460807.47616,2025-05-11.9760342,bE,1.56,15.899,>15.899,99.990,0.109,0.317,g
2460807.47741,2025-05-11.9772872,bE,1.49,15.751,>15.751,99.990,0.263,0.364,g
2460809.46669,2025-05-13.9665508,bi,1.56,15.395,>15.395,99.990,0.263,0.505,g
2460815.44939,2025-05-19.9491980,bi,1.6,15.509,>15.509,99.990,0.259,0.454,g
2460815.45062,2025-05-19.9504283,bi,2.35,99.990,99.990,99.990,99.990,99.990,g
2460819.19154,2025-05-23.6913340,bm,1.97,15.664,>15.664,99.990,-0.227,0.394,g
2460819.19276,2025-05-23.6925501,bm,1.96,15.687,>15.687,99.990,0.199,0.386,g
2460819.19399,2025-05-23.6937748,bm,1.97,15.780,>15.780,99.990,0.693,0.354,g