HJD,UT Date,Camera,FWHM,Limit,mag,mag_err,flux(mJy),flux_err,Filter
2458088.67674,2017-12-01.1772996,bl,1.51,16.559,>16.559,99.990,0.831,0.173,g
2458088.67797,2017-12-01.1785287,bl,1.46,16.619,16.247,0.156,1.151,0.164,g
2458088.67919,2017-12-01.1797461,bl,1.49,16.702,>16.702,99.990,0.353,0.151,g
2458088.74013,2017-12-01.2406923,bh,1.38,16.278,>16.278,99.990,0.894,0.236,V
2458088.74021,2017-12-01.2407644,bl,1.6,16.596,16.154,0.146,1.254,0.167,g
2458088.74140,2017-12-01.2419630,bh,1.43,16.042,>16.042,99.990,0.669,0.294,V
2458088.74143,2017-12-01.2419815,bl,1.61,16.597,16.531,0.206,0.886,0.167,g
2458088.74264,2017-12-01.2431990,bl,1.62,16.354,16.093,0.172,1.327,0.209,g
2458088.74267,2017-12-01.2432270,bh,1.40,16.216,>16.216,99.990,1.094,0.250,V
2458089.48377,2017-12-01.9843357,bp,1.73,16.569,16.488,0.204,0.922,0.171,g
2458089.48498,2017-12-01.9855394,bp,1.85,16.626,16.104,0.136,1.314,0.162,g
2458089.48618,2017-12-01.9867454,bp,1.74,16.467,16.359,0.199,1.038,0.188,g
2458089.70411,2017-12-02.2046783,bl,1.48,16.405,16.331,0.205,1.065,0.199,g
2458089.70533,2017-12-02.2058946,bl,1.48,16.283,>16.283,99.990,1.002,0.223,g
2458089.70655,2017-12-02.2071131,bl,1.48,16.455,>16.455,99.990,0.267,0.190,g
2458089.73740,2017-12-02.2379706,bh,2.12,99.990,99.990,99.990,99.990,99.990,V
2458089.73867,2017-12-02.2392372,bh,1.37,15.774,>15.774,99.990,0.638,0.376,V
2458089.73869,2017-12-02.2392543,bl,1.52,16.153,16.025,0.195,1.413,0.251,g
2458089.73991,2017-12-02.2404731,bl,1.58,16.109,>16.109,99.990,0.302,0.261,g
2458089.73994,2017-12-02.2405013,bh,1.45,15.390,>15.390,99.990,0.831,0.536,V
2458090.48099,2017-12-02.9815665,bp,1.63,16.325,>16.325,99.990,0.518,0.214,g
2458090.48220,2017-12-02.9827783,bp,1.57,16.444,>16.444,99.990,0.567,0.192,g
2458090.48341,2017-12-02.9839795,bp,1.55,16.640,>16.640,99.990,0.378,0.160,g
2458090.73459,2017-12-03.2351711,bh,1.52,15.820,>15.820,99.990,0.325,0.361,V
2458090.73466,2017-12-03.2352353,bl,1.64,16.232,16.203,0.214,1.199,0.234,g
2458090.73586,2017-12-03.2364388,bh,1.47,15.919,>15.919,99.990,1.220,0.329,V
2458090.73589,2017-12-03.2364564,bl,1.7,16.259,16.115,0.192,1.301,0.228,g
2458090.73710,2017-12-03.2376756,bl,1.63,16.129,>16.129,99.990,0.901,0.257,g
2458090.73714,2017-12-03.2377145,bh,1.51,15.878,>15.878,99.990,0.283,0.342,V
2458091.47826,2017-12-03.9788428,bp,1.65,16.299,>16.299,99.990,0.802,0.220,g
2458091.47947,2017-12-03.9800487,bp,1.64,16.181,>16.181,99.990,0.441,0.245,g
2458091.48069,2017-12-03.9812640,bp,1.67,16.336,>16.336,99.990,0.590,0.212,g
2458091.73187,2017-12-04.2324517,bh,1.45,15.849,>15.849,99.990,0.785,0.351,V
2458091.73199,2017-12-04.2325706,bl,1.51,16.195,>16.195,99.990,0.633,0.242,g
2458091.73313,2017-12-04.2337180,bh,1.38,15.766,>15.766,99.990,0.976,0.379,V
2458091.73321,2017-12-04.2337907,bl,1.56,16.183,>16.183,99.990,0.879,0.244,g
2458091.73440,2017-12-04.2349819,bh,1.43,15.795,>15.795,99.990,-0.109,0.369,V
2458091.73442,2017-12-04.2350030,bl,1.49,16.233,>16.233,99.990,0.894,0.233,g
2458091.75651,2017-12-04.2570906,bl,1.52,16.180,>16.180,99.990,1.013,0.245,g
2458091.75773,2017-12-04.2583075,bl,1.52,16.194,16.154,0.211,1.254,0.242,g
2458091.75895,2017-12-04.2595273,bl,1.5,16.277,16.160,0.197,1.247,0.224,g
2458091.83653,2017-12-04.3371086,bh,1.40,15.915,>15.915,99.990,0.690,0.330,V
2458091.83779,2017-12-04.3383715,bh,1.34,15.900,>15.900,99.990,0.195,0.335,V
2458091.83906,2017-12-04.3396422,bh,1.40,16.032,>16.032,99.990,0.806,0.297,V
2458092.72909,2017-12-05.2296734,bh,1.36,16.008,>16.008,99.990,1.027,0.303,V
2458092.72923,2017-12-05.2298157,bl,1.48,16.647,16.321,0.163,1.076,0.159,g
2458092.73034,2017-12-05.2309334,bh,1.41,16.051,>16.051,99.990,0.207,0.291,V
2458092.73044,2017-12-05.2310317,bl,1.46,16.429,>16.429,99.990,0.579,0.195,g
2458092.73162,2017-12-05.2322064,bh,1.39,15.973,>15.973,99.990,1.248,0.313,V
2458092.73167,2017-12-05.2322537,bl,1.47,16.527,16.421,0.199,0.980,0.178,g
2458094.65638,2017-12-07.1569842,bh,1.41,16.378,16.257,0.196,1.206,0.216,V
2458094.65765,2017-12-07.1582490,bh,1.45,16.365,>16.365,99.990,0.951,0.218,V
2458094.72363,2017-12-07.2242307,bh,1.37,16.241,>16.241,99.990,1.091,0.245,V
2458094.72372,2017-12-07.2243206,bl,1.47,16.864,16.369,0.139,1.029,0.131,g
2458094.72492,2017-12-07.2255274,bl,1.50,16.799,>16.799,99.990,0.645,0.138,g
2458094.72494,2017-12-07.2255430,bh,1.37,16.394,16.070,0.163,1.432,0.213,V
2458094.72614,2017-12-07.2267481,bl,1.47,16.746,16.736,0.217,0.734,0.145,g
2458094.72621,2017-12-07.2268074,bh,1.41,16.351,>16.351,99.990,0.698,0.221,V
2458094.83042,2017-12-07.3310288,bl,1.48,16.749,>16.749,99.990,0.249,0.145,g
2458094.83163,2017-12-07.3322402,bl,1.46,16.809,16.534,0.170,0.884,0.137,g
2458094.83286,2017-12-07.3334644,bl,1.49,16.772,>16.772,99.990,0.639,0.142,g
2458095.46848,2017-12-07.9690836,bp,2.41,99.990,99.990,99.990,99.990,99.990,g
2458095.72088,2017-12-08.2214879,bh,1.33,16.568,16.500,0.206,0.963,0.181,V
2458095.72095,2017-12-08.2215557,bl,1.47,16.793,16.443,0.159,0.961,0.139,g
2458095.72214,2017-12-08.2227453,bh,1.39,16.570,16.364,0.181,1.092,0.181,V
2458095.72215,2017-12-08.2227658,bl,1.47,17.075,16.413,0.119,0.989,0.107,g
2458095.72338,2017-12-08.2239841,bl,1.47,16.843,16.564,0.169,0.860,0.133,g
2458095.72341,2017-12-08.2240210,bh,1.41,16.388,>16.388,99.990,0.810,0.214,V
2458095.84586,2017-12-08.3464614,bl,1.46,16.953,16.733,0.179,0.736,0.120,g
2458095.84706,2017-12-08.3476715,bl,1.47,16.685,16.597,0.202,0.834,0.154,g
2458095.84828,2017-12-08.3488910,bl,1.45,16.807,16.658,0.191,0.788,0.137,g
2458096.46443,2017-12-08.9650488,bp,1.87,17.150,16.489,0.119,0.921,0.100,g
2458096.46564,2017-12-08.9662557,bp,1.70,16.969,16.833,0.193,0.671,0.118,g
2458096.46686,2017-12-08.9674731,bp,1.77,17.312,16.236,0.081,1.163,0.086,g
2458096.71805,2017-12-09.2186638,bh,1.36,16.623,>16.623,99.990,0.770,0.172,V
2458096.71820,2017-12-09.2188162,bl,1.48,17.061,16.500,0.131,0.912,0.109,g
2458096.71932,2017-12-09.2199307,bh,1.45,16.442,>16.442,99.990,0.925,0.203,V
2458096.71942,2017-12-09.2200363,bl,1.45,17.090,16.669,0.149,0.781,0.106,g
2458096.72058,2017-12-09.2211936,bh,1.36,16.578,>16.578,99.990,0.595,0.179,V
2458096.72064,2017-12-09.2212570,bl,1.53,17.450,16.633,0.103,0.807,0.076,g
2458096.79392,2017-12-09.2945350,bh,1.35,16.592,>16.592,99.990,0.640,0.177,V
2458096.79519,2017-12-09.2958054,bh,1.36,16.509,>16.509,99.990,0.862,0.191,V
2458096.79645,2017-12-09.2970689,bh,1.36,16.621,16.538,0.203,0.930,0.172,V
2458096.85392,2017-12-09.3545368,bl,1.48,16.481,16.337,0.192,1.060,0.186,g
2458096.85944,2017-12-09.3600567,bl,1.58,15.864,>15.864,99.990,0.340,0.328,g
2458097.46170,2017-12-09.9623238,bp,1.67,17.334,16.760,0.129,0.718,0.085,g
2458097.46292,2017-12-09.9635423,bp,1.67,17.326,16.818,0.137,0.680,0.085,g
2458097.46413,2017-12-09.9647555,bp,1.66,17.412,16.559,0.100,0.864,0.079,g
2458097.71545,2017-12-10.2160730,bl,1.48,17.413,16.487,0.093,0.923,0.079,g
2458097.71565,2017-12-10.2162685,bh,1.47,16.752,16.354,0.152,1.103,0.153,V
2458097.71668,2017-12-10.2173042,bl,1.5,17.460,16.703,0.109,0.756,0.075,g
2458097.71692,2017-12-10.2175432,bh,1.52,16.610,16.284,0.162,1.176,0.174,V
2458097.71789,2017-12-10.2185156,bl,1.54,17.348,16.759,0.127,0.718,0.084,g
2458097.71819,2017-12-10.2188082,bh,1.44,16.593,16.419,0.187,1.039,0.177,V
2458097.81364,2017-12-10.3142633,bh,1.36,16.462,16.440,0.215,1.019,0.200,V
2458097.81492,2017-12-10.3155402,bh,1.37,16.665,>16.665,99.990,0.737,0.165,V
2458097.81618,2017-12-10.3168027,bh,1.34,16.608,>16.608,99.990,0.603,0.175,V
2458097.84693,2017-12-10.3475510,bl,1.57,16.939,16.505,0.147,0.908,0.122,g
2458097.84814,2017-12-10.3487614,bl,1.50,16.890,16.660,0.177,0.787,0.127,g
2458097.84936,2017-12-10.3499824,bl,1.47,16.760,>16.760,99.990,0.606,0.144,g
2458099.70992,2017-12-12.2105508,bl,1.59,17.398,16.460,0.092,0.946,0.080,g
2458099.71014,2017-12-12.2107768,bh,1.41,16.692,16.622,0.205,0.861,0.162,V
2458099.71113,2017-12-12.2117586,bl,1.55,17.344,16.345,0.087,1.052,0.084,g
2458099.71141,2017-12-12.2120392,bh,1.40,16.705,16.668,0.212,0.826,0.160,V
2458099.71235,2017-12-12.2129792,bl,1.54,17.289,16.657,0.122,0.790,0.088,g
2458099.71267,2017-12-12.2133037,bh,1.42,16.678,16.325,0.158,1.133,0.164,V
2458099.82132,2017-12-12.3219539,bl,1.48,16.687,16.270,0.149,1.127,0.154,g
2458099.82253,2017-12-12.3231673,bl,1.49,15.672,>15.672,99.990,0.663,0.391,g
2458099.82376,2017-12-12.3243906,bl,1.5,15.769,>15.769,99.990,0.365,0.358,g
2458099.82634,2017-12-12.3269722,bh,1.31,15.557,>15.557,99.990,0.244,0.460,V
2458100.45343,2017-12-12.9540719,bp,1.62,17.586,16.764,0.103,0.715,0.067,g
2458100.45465,2017-12-12.9552828,bp,1.57,17.519,16.865,0.120,0.652,0.071,g
2458100.45585,2017-12-12.9564924,bp,1.51,17.514,17.066,0.145,0.541,0.072,g
2458100.61332,2017-12-13.1139548,bh,1.51,16.035,>16.035,99.990,1.128,0.296,V
2458100.61458,2017-12-13.1152206,bh,1.50,16.007,>16.007,99.990,0.742,0.304,V
2458100.61584,2017-12-13.1164853,bh,1.52,16.340,>16.340,99.990,0.724,0.223,V
2458101.70293,2017-12-14.2035709,bl,1.49,17.611,16.618,0.088,0.819,0.066,g
2458101.70414,2017-12-14.2047871,bl,1.49,17.474,16.603,0.098,0.830,0.074,g
2458101.70536,2017-12-14.2060055,bl,1.54,17.469,16.911,0.131,0.625,0.075,g
2458101.75695,2017-12-14.2575885,bh,1.49,16.873,16.686,0.185,0.812,0.137,V
2458101.75821,2017-12-14.2588545,bh,1.48,16.675,16.459,0.180,1.001,0.164,V
2458101.75948,2017-12-14.2601215,bh,1.49,16.915,16.529,0.154,0.938,0.131,V
2458103.68580,2017-12-16.1864569,bl,2.01,17.245,16.266,0.089,1.131,0.092,g
2458103.68702,2017-12-16.1876704,bl,1.67,17.208,16.157,0.083,1.250,0.095,g
2458103.68824,2017-12-16.1888907,bl,2.02,17.388,16.273,0.078,1.124,0.081,g
2458104.68213,2017-12-17.1827907,bl,1.68,17.272,16.073,0.072,1.352,0.090,g
2458104.68336,2017-12-17.1840163,bl,1.67,17.334,16.275,0.082,1.122,0.085,g
2458104.68457,2017-12-17.1852322,bl,1.66,17.318,16.400,0.094,1.000,0.086,g
2458105.80324,2017-12-18.3039025,bh,1.56,16.612,16.587,0.214,0.889,0.174,V
2458105.80450,2017-12-18.3051662,bh,1.55,16.709,16.579,0.195,0.896,0.159,V
2458105.80577,2017-12-18.3064292,bh,1.54,16.588,16.355,0.177,1.101,0.178,V
2458105.81171,2017-12-18.3123777,bl,1.52,17.325,16.420,0.095,0.981,0.085,g
2458105.81293,2017-12-18.3135965,bl,1.57,17.362,16.553,0.104,0.869,0.082,g
2458105.81415,2017-12-18.3148125,bl,1.57,17.354,16.522,0.102,0.894,0.083,g
2458107.43428,2017-12-19.9349490,bp,1.79,17.514,16.397,0.078,1.003,0.072,g
2458107.43547,2017-12-19.9361488,bp,1.79,17.554,16.441,0.079,0.963,0.069,g
2458107.43669,2017-12-19.9373597,bp,2.03,17.610,16.526,0.081,0.891,0.066,g
2458107.54233,2017-12-20.0430032,bl,1.43,17.137,16.636,0.138,0.805,0.101,g
2458107.54356,2017-12-20.0442287,bl,1.53,17.295,16.690,0.126,0.765,0.088,g
2458107.54477,2017-12-20.0454432,bl,1.57,17.224,16.633,0.127,0.806,0.094,g
2458107.68820,2017-12-20.1888738,bl,1.54,17.374,16.495,0.097,0.917,0.082,g
2458107.68825,2017-12-20.1889254,bh,1.45,16.646,16.534,0.198,0.933,0.168,V
2458107.68942,2017-12-20.1900872,bl,1.53,17.496,16.476,0.086,0.933,0.073,g
2458107.69064,2017-12-20.1913094,bl,1.53,17.370,16.537,0.102,0.882,0.082,g
2458107.69108,2017-12-20.1917478,bh,1.47,16.712,16.559,0.190,0.912,0.159,V
2458108.43147,2017-12-20.9321431,bp,2.30,99.990,99.990,99.990,99.990,99.990,g
2458108.43269,2017-12-20.9333651,bp,2.31,99.990,99.990,99.990,99.990,99.990,g
2458108.43391,2017-12-20.9345809,bp,2.25,99.990,99.990,99.990,99.990,99.990,g
2458108.54264,2017-12-21.0433178,bl,1.7,17.019,16.256,0.109,1.142,0.113,g
2458108.54387,2017-12-21.0445437,bl,1.67,17.217,16.394,0.103,1.006,0.094,g
2458108.54509,2017-12-21.0457620,bl,1.71,17.169,16.146,0.085,1.264,0.099,g
2458108.68547,2017-12-21.1861427,bl,2.25,17.103,16.104,0.087,1.313,0.105,g
2458108.68669,2017-12-21.1873652,bl,2.29,17.159,15.856,0.066,1.651,0.099,g
2458108.68732,2017-12-21.1879952,bh,1.36,16.829,16.347,0.141,1.109,0.142,V
2458108.68791,2017-12-21.1885841,bl,2.27,17.250,15.930,0.065,1.542,0.091,g
2458109.68272,2017-12-22.1834043,bl,1.61,17.353,16.560,0.106,0.863,0.083,g
2458109.68291,2017-12-22.1835920,bh,1.42,16.551,16.389,0.189,1.068,0.184,V
2458109.68393,2017-12-22.1846153,bl,1.62,17.315,16.482,0.102,0.928,0.086,g
2458109.68516,2017-12-22.1858410,bl,1.69,17.276,16.377,0.096,1.021,0.089,g
2458110.68002,2017-12-23.1806957,bl,1.61,17.345,16.336,0.086,1.061,0.084,g
2458110.68124,2017-12-23.1819182,bl,1.62,17.246,16.333,0.094,1.063,0.092,g
2458110.68246,2017-12-23.1831459,bl,1.54,17.361,16.203,0.075,1.198,0.083,g
2458111.67722,2017-12-24.1779057,bl,2.0,17.322,16.337,0.088,1.060,0.086,g
2458111.67727,2017-12-24.1779539,bh,1.48,16.863,16.357,0.137,1.100,0.138,V
2458111.67843,2017-12-24.1791214,bl,1.69,17.320,16.245,0.081,1.154,0.086,g
2458111.67966,2017-12-24.1803399,bl,1.66,17.272,16.142,0.077,1.268,0.090,g
2458111.68007,2017-12-24.1807606,bh,1.42,16.809,16.796,0.217,0.734,0.145,V
2458112.42080,2017-12-24.9214853,bp,1.75,17.600,16.590,0.086,0.839,0.066,g
2458112.42203,2017-12-24.9227151,bp,1.70,17.542,16.445,0.080,0.960,0.070,g
2458112.42324,2017-12-24.9239311,bp,1.79,17.374,16.444,0.093,0.960,0.082,g
2458112.67451,2017-12-25.1751932,bl,1.61,17.476,16.369,0.079,1.030,0.074,g
2458112.67573,2017-12-25.1764190,bl,1.62,17.327,16.426,0.096,0.976,0.085,g
2458112.67695,2017-12-25.1776375,bl,1.6,17.241,16.414,0.102,0.988,0.092,g
2458113.41801,2017-12-25.9187062,bp,1.95,17.265,16.260,0.087,1.138,0.090,g
2458113.41923,2017-12-25.9199230,bp,1.89,17.330,16.393,0.092,1.006,0.085,g
2458113.42045,2017-12-25.9211380,bp,1.78,17.296,16.292,0.087,1.105,0.088,g
2458113.67170,2017-12-26.1723973,bl,1.64,17.082,16.295,0.106,1.102,0.107,g
2458113.67293,2017-12-26.1736160,bl,1.7,17.296,16.351,0.092,1.047,0.088,g
2458113.67414,2017-12-26.1748329,bl,1.65,17.061,16.094,0.090,1.327,0.109,g
2458114.66902,2017-12-27.1697105,bl,1.68,17.042,16.436,0.125,0.968,0.111,g
2458114.67024,2017-12-27.1709309,bl,2.01,16.928,16.328,0.126,1.068,0.123,g
2458114.67145,2017-12-27.1721508,bl,2.01,16.941,16.100,0.101,1.319,0.122,g
2458115.41253,2017-12-27.9132307,bp,2.27,16.937,16.093,0.101,1.326,0.122,g
2458115.41374,2017-12-27.9144388,bp,2.30,16.967,16.196,0.108,1.207,0.119,g
2458115.41496,2017-12-27.9156547,bp,2.29,16.895,16.143,0.110,1.267,0.127,g
2458115.66627,2017-12-28.1669684,bl,1.68,16.857,16.214,0.121,1.186,0.131,g
2458115.66749,2017-12-28.1681920,bl,1.71,16.800,16.377,0.148,1.022,0.138,g
2458115.66872,2017-12-28.1694100,bl,1.59,16.929,16.281,0.121,1.116,0.123,g
2458116.40983,2017-12-28.9105248,bp,1.63,16.949,16.618,0.162,0.819,0.121,g
2458116.41107,2017-12-28.9117636,bp,1.64,16.873,16.569,0.166,0.856,0.129,g
2458116.41238,2017-12-28.9130836,bp,1.59,16.945,>16.945,99.990,0.382,0.121,g
2458116.66350,2017-12-29.1641995,bl,1.63,16.697,16.463,0.177,0.944,0.152,g
2458116.66355,2017-12-29.1642476,bh,1.37,16.250,>16.250,99.990,0.501,0.243,V
2458116.66473,2017-12-29.1654203,bl,1.6,16.607,16.536,0.205,0.882,0.165,g
2458116.66594,2017-12-29.1666376,bl,1.60,16.645,16.323,0.163,1.073,0.160,g
2458116.66631,2017-12-29.1670137,bh,1.30,16.259,>16.259,99.990,1.123,0.241,V
2458116.81235,2017-12-29.3130497,bh,1.52,16.719,16.254,0.143,1.208,0.158,V
2458116.81519,2017-12-29.3158936,bh,1.52,16.594,16.451,0.192,1.009,0.177,V
2458117.40708,2017-12-29.9077828,bp,1.61,16.759,>16.759,99.990,0.659,0.144,g
2458117.40831,2017-12-29.9090113,bp,1.62,16.539,16.464,0.205,0.943,0.176,g
2458117.40952,2017-12-29.9102174,bp,1.65,16.256,>16.256,99.990,0.592,0.228,g
2458117.66075,2017-12-30.1614530,bh,1.37,16.147,>16.147,99.990,1.175,0.267,V
2458117.66218,2017-12-30.1628835,bh,1.39,16.267,>16.267,99.990,1.085,0.239,V
2458118.40424,2017-12-30.9049504,bp,1.61,16.718,16.586,0.194,0.842,0.149,g
2458118.40546,2017-12-30.9061696,bp,1.56,16.596,>16.596,99.990,0.531,0.167,g
2458118.40668,2017-12-30.9073761,bp,1.52,16.571,>16.571,99.990,0.495,0.171,g
2458118.65796,2017-12-31.1586662,bh,1.43,15.925,>15.925,99.990,1.219,0.327,V
2458118.65799,2017-12-31.1586968,bl,1.49,16.558,16.342,0.180,1.056,0.173,g
2458118.65921,2017-12-31.1599131,bl,1.46,16.438,>16.438,99.990,0.605,0.193,g
2458118.65932,2017-12-31.1600331,bh,1.43,16.127,>16.127,99.990,1.139,0.272,V
2458118.66042,2017-12-31.1611307,bl,1.48,16.584,16.339,0.175,1.058,0.169,g
2458118.66068,2017-12-31.1613835,bh,1.41,16.028,>16.028,99.990,0.890,0.298,V
2458119.65524,2018-01-01.1559462,bh,1.54,16.066,>16.066,99.990,0.450,0.287,V
2458119.65528,2018-01-01.1559819,bl,1.57,16.185,16.088,0.200,1.334,0.244,g
2458119.65649,2018-01-01.1571956,bl,1.53,16.199,16.109,0.202,1.308,0.241,g
2458119.65659,2018-01-01.1572924,bh,1.50,16.021,>16.021,99.990,0.673,0.300,V
2458119.65771,2018-01-01.1584134,bl,1.54,16.498,>16.498,99.990,0.720,0.183,g
2458119.65800,2018-01-01.1587113,bh,1.53,16.196,>16.196,99.990,0.875,0.255,V
2458120.39883,2018-01-01.8995317,bp,1.71,16.229,16.072,0.190,1.352,0.234,g
2458120.40005,2018-01-01.9007539,bp,1.79,16.311,16.296,0.216,1.101,0.217,g
2458120.40126,2018-01-01.9019693,bp,1.75,16.248,>16.248,99.990,0.708,0.230,g
2458120.65247,2018-01-02.1531745,bh,1.43,15.664,>15.664,99.990,0.211,0.416,V
2458120.65251,2018-01-02.1532193,bl,1.56,15.912,>15.912,99.990,0.463,0.314,g
2458120.65374,2018-01-02.1544494,bl,1.61,15.995,>15.995,99.990,0.896,0.291,g
2458120.65379,2018-01-02.1544972,bh,1.49,15.664,>15.664,99.990,1.018,0.416,V
2458120.65496,2018-01-02.1556693,bl,1.67,15.889,15.830,0.208,1.690,0.320,g
2458120.65516,2018-01-02.1558653,bh,1.44,15.474,>15.474,99.990,0.351,0.496,V
2458121.39604,2018-01-02.8967409,bp,2.03,16.276,16.095,0.186,1.324,0.224,g
2458121.39724,2018-01-02.8979493,bp,2.03,16.349,15.905,0.146,1.577,0.210,g
2458121.39846,2018-01-02.8991680,bp,2.02,16.372,16.015,0.158,1.427,0.205,g
2458121.64974,2018-01-03.1504517,bl,1.62,16.258,>16.258,99.990,0.497,0.228,g
2458121.64979,2018-01-03.1504943,bh,1.47,15.781,>15.781,99.990,1.512,0.374,V
2458121.65096,2018-01-03.1516682,bl,1.52,16.358,>16.358,99.990,1.036,0.208,g
2458121.65116,2018-01-03.1518670,bh,1.46,15.948,>15.948,99.990,1.448,0.321,V
2458121.65218,2018-01-03.1528884,bl,1.53,16.312,16.005,0.165,1.439,0.217,g
2458121.65251,2018-01-03.1532202,bh,1.45,15.855,>15.855,99.990,1.313,0.349,V
2458122.60629,2018-01-04.1070008,bh,1.37,16.067,>16.067,99.990,0.908,0.287,V
2458122.60911,2018-01-04.1098245,bh,1.38,16.201,16.058,0.192,1.447,0.254,V
2458122.64702,2018-01-04.1477336,bh,1.41,16.118,>16.118,99.990,0.945,0.274,V
2458122.64841,2018-01-04.1491149,bh,1.39,16.197,>16.197,99.990,1.231,0.255,V
2458122.64975,2018-01-04.1504622,bh,1.42,16.063,>16.063,99.990,0.192,0.288,V
2458123.39067,2018-01-04.891375,bp,1.78,15.313,>15.313,99.990,0.767,0.545,g
2458123.39200,2018-01-04.8927087,bp,1.75,16.234,>16.234,99.990,1.012,0.233,g
2458123.39323,2018-01-04.8939429,bp,1.65,15.575,>15.575,99.990,0.007,0.428,g
2458123.64429,2018-01-05.1449962,bh,1.35,16.261,>16.261,99.990,0.722,0.240,V
2458123.64459,2018-01-05.1453019,bl,1.71,16.781,16.697,0.203,0.760,0.141,g
2458123.64556,2018-01-05.1462675,bh,1.37,16.417,>16.417,99.990,0.742,0.208,V
2458123.64583,2018-01-05.1465376,bl,1.66,16.828,16.383,0.146,1.016,0.135,g
2458123.64683,2018-01-05.1475375,bh,1.40,16.200,16.197,0.218,1.274,0.254,V
2458123.64705,2018-01-05.1477537,bl,1.64,16.698,16.173,0.135,1.233,0.152,g
2458123.66519,2018-01-05.1658994,bh,1.41,16.208,>16.208,99.990,0.651,0.252,V
2458123.66646,2018-01-05.1671745,bh,1.40,16.354,>16.354,99.990,0.646,0.220,V
2458123.66774,2018-01-05.1684466,bh,1.37,16.361,>16.361,99.990,0.709,0.219,V
2458124.38778,2018-01-05.8884872,bp,1.51,17.170,17.141,0.214,0.505,0.098,g
2458124.38900,2018-01-05.8897086,bp,1.52,17.043,16.971,0.205,0.591,0.111,g
2458124.39023,2018-01-05.8909353,bp,1.54,17.168,>17.168,99.990,0.331,0.099,g
2458124.64180,2018-01-06.1425125,bl,1.71,16.956,16.406,0.132,0.994,0.120,g
2458124.64191,2018-01-06.1426248,bh,1.40,16.622,16.494,0.195,0.969,0.172,V
2458124.64302,2018-01-06.1437329,bl,1.73,16.996,16.479,0.136,0.930,0.116,g
2458124.64319,2018-01-06.1438956,bh,1.34,16.583,>16.583,99.990,0.617,0.178,V
2458124.64424,2018-01-06.1449506,bl,1.69,16.935,16.257,0.117,1.141,0.122,g
2458124.64446,2018-01-06.1451700,bh,1.35,16.702,16.503,0.183,0.961,0.160,V
2458124.64972,2018-01-06.1504284,bh,1.36,16.570,>16.570,99.990,0.558,0.181,V
2458124.65115,2018-01-06.1518563,bh,1.39,16.538,>16.538,99.990,0.653,0.186,V
2458124.65241,2018-01-06.1531254,bh,1.35,16.557,>16.557,99.990,0.530,0.183,V
2458125.38501,2018-01-06.8857163,bp,1.61,17.503,16.778,0.112,0.706,0.072,g
2458125.38622,2018-01-06.8869245,bp,1.57,17.701,16.626,0.081,0.812,0.060,g
2458125.38743,2018-01-06.8881432,bp,1.59,17.584,16.807,0.107,0.688,0.067,g
2458125.45078,2018-01-06.9514906,bp,1.71,17.065,16.955,0.198,0.600,0.108,g
2458125.45200,2018-01-06.9527150,bp,1.63,17.116,16.672,0.146,0.778,0.103,g
2458125.45335,2018-01-06.9540567,bp,1.62,16.963,16.457,0.138,0.949,0.119,g
2458125.63904,2018-01-07.1397469,bl,1.65,17.362,16.275,0.080,1.122,0.082,g
2458125.63913,2018-01-07.1398349,bh,1.35,16.808,16.570,0.176,0.904,0.145,V
2458125.64026,2018-01-07.1409644,bl,1.64,17.469,16.604,0.099,0.829,0.075,g
2458125.64039,2018-01-07.1411009,bh,1.35,16.795,16.732,0.207,0.778,0.147,V
2458125.64148,2018-01-07.1421846,bl,1.69,17.301,16.194,0.079,1.208,0.087,g
2458125.64166,2018-01-07.1423673,bh,1.34,16.726,16.423,0.166,1.034,0.157,V
2458125.64950,2018-01-07.1502111,bh,1.37,16.679,16.490,0.184,0.973,0.163,V
2458125.65076,2018-01-07.1514744,bh,1.35,16.719,16.556,0.189,0.915,0.158,V
2458125.65203,2018-01-07.1527423,bh,1.36,16.681,>16.681,99.990,0.587,0.163,V
2458127.52943,2018-01-09.0301456,bp,2.03,16.972,16.196,0.107,1.206,0.118,g
2458127.53065,2018-01-09.0313667,bp,1.73,17.033,16.124,0.095,1.289,0.112,g
2458127.53186,2018-01-09.0325726,bp,1.72,17.014,16.247,0.108,1.151,0.114,g
2458128.51887,2018-01-10.0195726,bp,1.71,17.208,16.456,0.110,0.950,0.095,g
2458128.52018,2018-01-10.0208886,bp,2.00,99.990,99.990,99.990,99.990,99.990,g
2458128.52146,2018-01-10.0221754,bp,2.01,17.226,16.324,0.095,1.073,0.093,g
2458128.65112,2018-01-10.1518305,bh,1.39,16.767,16.745,0.215,0.769,0.151,V
2458128.65240,2018-01-10.1531082,bh,1.37,16.718,16.326,0.153,1.131,0.158,V
2458128.65368,2018-01-10.1543853,bh,1.37,16.773,16.179,0.127,1.296,0.150,V
2458129.50328,2018-01-11.0039900,bp,1.62,99.990,99.990,99.990,99.990,99.990,g
2458129.50450,2018-01-11.0052084,bp,1.52,17.408,16.765,0.121,0.715,0.079,g
2458129.50573,2018-01-11.0064358,bp,1.55,99.990,99.990,99.990,99.990,99.990,g
2458130.44785,2018-01-11.9485614,bp,1.52,17.483,16.704,0.107,0.756,0.074,g
2458130.44908,2018-01-11.9497896,bp,1.54,17.559,16.548,0.086,0.873,0.069,g
2458130.45030,2018-01-11.9510075,bp,1.56,17.668,16.657,0.086,0.789,0.062,g
2458131.43445,2018-01-12.9351622,bp,1.60,17.545,16.515,0.085,0.900,0.070,g
2458131.43567,2018-01-12.9363788,bp,1.69,17.386,16.371,0.086,1.028,0.081,g
2458131.43689,2018-01-12.9375997,bp,1.60,17.464,16.521,0.092,0.895,0.075,g
2458132.66904,2018-01-14.1697431,bh,1.55,16.502,16.485,0.216,0.977,0.192,V
2458132.67030,2018-01-14.1710048,bh,1.52,16.557,16.289,0.171,1.171,0.183,V
2458132.67158,2018-01-14.1722818,bh,1.49,16.541,16.386,0.190,1.070,0.186,V
2458133.66144,2018-01-15.1621407,bh,1.88,16.593,16.227,0.156,1.240,0.177,V
2458133.66272,2018-01-15.1634222,bh,1.89,16.660,16.371,0.168,1.085,0.166,V
2458133.66398,2018-01-15.1646856,bh,1.83,16.701,16.276,0.148,1.184,0.160,V
2458134.66863,2018-01-16.1693325,bh,1.61,16.718,16.024,0.116,1.493,0.158,V
2458134.66990,2018-01-16.1705973,bh,1.60,16.657,16.235,0.148,1.230,0.167,V
2458134.67117,2018-01-16.1718703,bh,1.64,16.772,16.185,0.128,1.289,0.150,V
2458135.61155,2018-01-17.1122532,bl,1.52,17.301,16.628,0.118,0.810,0.087,g
2458135.61167,2018-01-17.1123722,bh,1.48,16.647,16.596,0.209,0.882,0.168,V
2458135.61278,2018-01-17.1134788,bl,1.52,17.348,16.620,0.112,0.817,0.084,g
2458135.61294,2018-01-17.1136518,bh,1.54,16.763,>16.763,99.990,0.665,0.151,V
2458135.61400,2018-01-17.1147045,bl,1.51,17.475,16.805,0.118,0.688,0.074,g
2458135.61422,2018-01-17.1149179,bh,1.52,16.663,16.506,0.190,0.959,0.166,V
2458136.35495,2018-01-17.8556425,bp,1.59,15.822,>15.822,99.990,0.461,0.341,g
2458136.35615,2018-01-17.8568486,bp,1.56,16.940,16.916,0.214,0.622,0.122,g
2458136.35738,2018-01-17.8580767,bp,1.53,16.588,>16.588,99.990,0.526,0.168,g
2458136.60875,2018-01-18.1094494,bl,1.45,17.300,16.549,0.110,0.872,0.087,g
2458136.60886,2018-01-18.1095581,bh,1.48,16.770,16.168,0.126,1.308,0.150,V
2458136.60997,2018-01-18.1106703,bl,1.44,17.431,16.541,0.097,0.878,0.077,g
2458136.61013,2018-01-18.1108327,bh,1.48,16.739,16.409,0.162,1.049,0.155,V
2458136.61119,2018-01-18.1118851,bl,1.46,17.258,16.510,0.110,0.904,0.091,g
2458136.61139,2018-01-18.1120960,bh,1.45,16.796,>16.796,99.990,0.661,0.147,V
2458136.69941,2018-01-18.2001182,bh,1.40,16.837,16.551,0.169,0.919,0.141,V
2458136.70069,2018-01-18.2013901,bh,1.38,16.771,16.757,0.217,0.760,0.150,V
2458136.70196,2018-01-18.2026655,bh,1.43,16.791,16.570,0.179,0.903,0.147,V
2458137.60604,2018-01-19.1067358,bh,1.58,16.658,>16.658,99.990,0.828,0.167,V
2458137.60607,2018-01-19.1067623,bl,1.48,17.462,16.966,0.139,0.594,0.075,g
2458137.60728,2018-01-19.1079762,bl,1.49,17.414,16.602,0.104,0.830,0.079,g
2458137.60730,2018-01-19.1080016,bh,1.56,16.659,16.574,0.203,0.900,0.166,V
2458137.60850,2018-01-19.1091935,bl,1.49,17.410,16.644,0.108,0.799,0.079,g
2458137.60858,2018-01-19.1092733,bh,1.57,16.755,16.679,0.204,0.818,0.152,V
2458137.65265,2018-01-19.1533390,bh,1.44,16.621,>16.621,99.990,0.825,0.172,V
2458137.65390,2018-01-19.1546034,bh,1.49,16.712,16.415,0.167,1.041,0.159,V
2458137.65518,2018-01-19.1558696,bh,1.49,16.802,16.541,0.172,0.928,0.146,V
2458138.60332,2018-01-20.1040054,bl,1.46,17.368,16.866,0.138,0.651,0.082,g
2458138.60334,2018-01-20.1040275,bh,1.57,16.722,16.552,0.187,0.918,0.157,V
2458138.60453,2018-01-20.1052224,bl,1.46,17.400,16.686,0.113,0.768,0.080,g
2458138.60460,2018-01-20.1052959,bh,1.55,16.671,16.215,0.144,1.253,0.165,V
2458138.60575,2018-01-20.1064387,bl,1.46,17.559,16.801,0.109,0.691,0.069,g
2458138.69475,2018-01-20.1954431,bh,1.40,16.729,>16.729,99.990,0.738,0.156,V
2458138.69601,2018-01-20.1967089,bh,1.42,16.692,16.561,0.194,0.911,0.162,V
2458138.69727,2018-01-20.1979679,bh,1.41,16.686,16.482,0.182,0.979,0.162,V
2458139.60054,2018-01-21.1012275,bl,1.51,17.410,16.721,0.116,0.744,0.079,g
2458139.60057,2018-01-21.1012618,bh,1.52,16.814,16.302,0.137,1.157,0.144,V
2458139.60176,2018-01-21.1024458,bl,1.47,17.405,16.715,0.116,0.748,0.079,g
2458139.60183,2018-01-21.1025209,bh,1.50,16.710,16.313,0.152,1.145,0.159,V
2458139.60297,2018-01-21.1036621,bl,1.53,17.360,16.359,0.087,1.039,0.083,g
2458139.60309,2018-01-21.1037859,bh,1.51,16.655,16.472,0.185,0.989,0.167,V
2458139.64725,2018-01-21.1479415,bh,1.38,16.728,16.604,0.196,0.876,0.156,V
2458139.64851,2018-01-21.1492028,bh,1.39,16.710,16.324,0.154,1.133,0.159,V
2458139.64979,2018-01-21.1504787,bh,1.39,16.758,16.651,0.199,0.838,0.152,V
2458140.59786,2018-01-22.0985484,bh,1.43,16.775,16.426,0.159,1.031,0.150,V
2458140.59815,2018-01-22.0988416,bl,1.51,17.395,16.416,0.089,0.985,0.080,g
2458140.59912,2018-01-22.0998119,bh,1.41,16.644,>16.644,99.990,0.754,0.169,V
2458140.59937,2018-01-22.1000530,bl,1.5,17.546,16.497,0.083,0.914,0.070,g
2458140.60039,2018-01-22.1010834,bh,1.42,16.816,16.323,0.139,1.134,0.144,V
2458140.60058,2018-01-22.1012728,bl,1.48,17.444,16.627,0.103,0.811,0.077,g
2458140.68639,2018-01-22.1870716,bh,1.38,16.614,16.497,0.197,0.966,0.173,V
2458140.68765,2018-01-22.1883408,bh,1.42,16.677,16.481,0.183,0.980,0.164,V
2458140.68901,2018-01-22.1896960,bh,1.37,16.719,16.359,0.157,1.097,0.158,V
2458141.34161,2018-01-22.8423009,bp,1.70,99.990,99.990,99.990,99.990,99.990,g
2458141.34285,2018-01-22.8435340,bp,1.63,17.255,15.783,0.056,1.765,0.091,g
2458141.34416,2018-01-22.8448403,bp,1.66,99.990,99.990,99.990,99.990,99.990,g
2458141.59506,2018-01-23.0957482,bl,1.51,17.325,16.640,0.117,0.802,0.085,g
2458141.59545,2018-01-23.0961420,bh,1.48,16.659,16.622,0.212,0.861,0.167,V
2458141.59628,2018-01-23.0969608,bl,1.47,17.301,16.688,0.125,0.767,0.087,g
2458141.59673,2018-01-23.0974157,bh,1.53,16.613,16.227,0.154,1.239,0.174,V
2458141.59750,2018-01-23.0981793,bl,1.51,17.397,16.855,0.133,0.658,0.080,g
2458141.59800,2018-01-23.0986898,bh,1.50,16.794,>16.794,99.990,0.608,0.147,V
2458141.63170,2018-01-23.1323913,bh,1.45,16.752,16.347,0.151,1.109,0.153,V
2458141.63297,2018-01-23.1336510,bh,1.42,16.801,16.626,0.186,0.859,0.146,V
2458141.63423,2018-01-23.1349152,bh,1.45,16.672,>16.672,99.990,0.664,0.165,V
2458142.33890,2018-01-23.8395826,bp,1.55,17.468,16.945,0.136,0.605,0.075,g
2458142.34010,2018-01-23.8407861,bp,1.61,17.397,16.913,0.140,0.624,0.080,g
2458142.34132,2018-01-23.8420035,bp,1.61,17.330,16.520,0.104,0.896,0.085,g
2458142.59244,2018-01-24.0931255,bl,1.49,17.193,16.617,0.129,0.819,0.096,g
2458142.59268,2018-01-24.0933600,bh,1.52,16.441,16.405,0.212,1.052,0.203,V
2458142.59366,2018-01-24.0943407,bl,1.55,17.373,16.808,0.130,0.687,0.082,g
2458142.59396,2018-01-24.0946371,bh,1.51,16.543,>16.543,99.990,0.896,0.185,V
2458142.59488,2018-01-24.0955578,bl,1.45,17.318,16.726,0.127,0.740,0.086,g
2458142.59522,2018-01-24.0959011,bh,1.54,16.447,16.192,0.173,1.280,0.202,V
2458142.66276,2018-01-24.1634409,bh,1.40,16.728,16.346,0.154,1.110,0.156,V
2458142.66403,2018-01-24.1647090,bh,1.40,16.693,16.673,0.215,0.822,0.161,V
2458143.33611,2018-01-24.8367870,bp,1.56,17.211,16.951,0.173,0.602,0.095,g
2458143.33734,2018-01-24.8380163,bp,1.62,17.232,16.527,0.114,0.890,0.093,g
2458143.33854,2018-01-24.8392221,bp,1.61,17.229,16.877,0.159,0.644,0.093,g
2458143.59000,2018-01-25.0906763,bh,1.66,16.459,15.983,0.141,1.552,0.200,V
2458143.59002,2018-01-25.0906929,bl,1.48,17.045,16.686,0.157,0.769,0.110,g
2458143.59124,2018-01-25.0919171,bl,1.49,16.974,16.308,0.119,1.088,0.118,g
2458143.59126,2018-01-25.0919398,bh,1.64,16.499,>16.499,99.990,0.874,0.193,V
2458143.59246,2018-01-25.0931329,bl,1.48,17.059,16.957,0.199,0.599,0.109,g
2458143.59252,2018-01-25.0932059,bh,1.64,16.577,>16.577,99.990,0.754,0.180,V
2458143.66987,2018-01-25.1705564,bh,1.43,16.639,16.567,0.205,0.906,0.170,V
2458143.67115,2018-01-25.1718277,bh,1.48,16.633,16.570,0.207,0.904,0.171,V
2458143.67241,2018-01-25.1730917,bh,1.44,16.584,16.469,0.197,0.992,0.178,V
2458144.33347,2018-01-25.8341440,bp,1.56,17.099,>17.099,99.990,0.478,0.105,g
2458144.33470,2018-01-25.8353736,bp,1.60,17.204,16.519,0.117,0.897,0.095,g
2458144.33591,2018-01-25.8365833,bp,1.54,17.089,16.521,0.130,0.894,0.106,g
2458144.58720,2018-01-26.0878752,bh,1.58,16.421,16.385,0.212,1.071,0.207,V
2458144.58728,2018-01-26.0879482,bl,1.49,16.885,16.642,0.175,0.801,0.128,g
2458144.58848,2018-01-26.0891502,bh,1.56,16.450,16.295,0.190,1.164,0.202,V
2458144.58850,2018-01-26.0891680,bl,1.55,16.952,>16.952,99.990,0.476,0.120,g
2458144.58971,2018-01-26.0903855,bl,1.5,17.100,>17.100,99.990,0.478,0.105,g
2458144.58974,2018-01-26.0904159,bh,1.56,16.540,16.392,0.191,1.064,0.186,V
2458144.68906,2018-01-26.1897364,bh,1.43,16.405,>16.405,99.990,1.046,0.210,V
2458144.69033,2018-01-26.1910084,bh,1.43,16.437,16.250,0.184,1.214,0.204,V
2458144.69161,2018-01-26.1922824,bh,1.41,16.549,16.363,0.185,1.093,0.184,V
2458145.33066,2018-01-26.8313281,bp,1.64,16.968,16.557,0.150,0.865,0.119,g
2458145.33187,2018-01-26.8325510,bp,1.64,16.864,16.557,0.165,0.866,0.130,g
2458145.33309,2018-01-26.8337674,bp,1.58,16.875,16.511,0.157,0.903,0.129,g
2458145.58446,2018-01-27.0851270,bh,1.52,16.273,>16.273,99.990,1.170,0.238,V
2458145.58447,2018-01-27.0851423,bl,1.47,16.763,>16.763,99.990,0.714,0.143,g
2458145.58569,2018-01-27.0863629,bl,1.44,16.915,16.781,0.194,0.704,0.125,g
2458145.58573,2018-01-27.0863916,bh,1.52,16.308,>16.308,99.990,0.939,0.230,V
2458145.58692,2018-01-27.0875881,bl,1.54,16.992,16.552,0.146,0.869,0.116,g
2458145.58700,2018-01-27.0876699,bh,1.57,16.257,16.236,0.215,1.229,0.241,V
2458145.61425,2018-01-27.1149222,bh,1.46,16.314,16.074,0.176,1.426,0.229,V
2458145.61553,2018-01-27.1161967,bh,1.49,16.384,>16.384,99.990,0.730,0.214,V
2458145.61680,2018-01-27.1174729,bh,1.48,16.448,>16.448,99.990,0.591,0.202,V
2458146.32792,2018-01-27.8285900,bp,1.56,16.854,>16.854,99.990,0.627,0.132,g
2458146.32913,2018-01-27.8297960,bp,1.56,16.905,16.470,0.147,0.938,0.126,g
2458146.33034,2018-01-27.8310032,bp,1.55,16.885,16.638,0.175,0.803,0.128,g
2458146.58173,2018-01-28.0823962,bh,1.86,16.063,>16.063,99.990,1.230,0.288,V
2458146.58178,2018-01-28.0824461,bl,1.56,16.686,>16.686,99.990,0.402,0.154,g
2458146.58301,2018-01-28.0836743,bl,1.47,16.683,>16.683,99.990,0.563,0.154,g
2458146.58301,2018-01-28.0836787,bh,1.90,16.161,15.735,0.148,1.950,0.263,V
2458146.58423,2018-01-28.0848915,bl,1.51,16.764,>16.764,99.990,0.665,0.143,g
2458146.58427,2018-01-28.0849385,bh,1.85,16.084,>16.084,99.990,1.137,0.283,V
2458146.73361,2018-01-28.2342701,bh,1.68,16.165,>16.165,99.990,0.972,0.262,V
2458146.73487,2018-01-28.2355402,bh,1.66,16.009,>16.009,99.990,1.064,0.303,V
2458146.73615,2018-01-28.2368175,bh,1.67,16.081,>16.081,99.990,0.971,0.284,V
2458147.32532,2018-01-28.8259877,bp,1.68,16.699,16.513,0.185,0.902,0.152,g
2458147.32657,2018-01-28.8272407,bp,1.68,16.641,16.199,0.146,1.204,0.160,g
2458147.32780,2018-01-28.8284688,bp,1.72,16.908,16.447,0.144,0.957,0.125,g
2458147.57893,2018-01-29.0795953,bh,1.89,16.095,>16.095,99.990,1.363,0.280,V
2458147.57903,2018-01-29.0796883,bl,1.51,16.566,>16.566,99.990,0.381,0.172,g
2458147.58020,2018-01-29.0808674,bh,1.97,16.077,15.707,0.156,2.000,0.285,V
2458147.58025,2018-01-29.0809140,bl,1.55,16.590,>16.590,99.990,0.754,0.168,g
2458147.58147,2018-01-29.0821314,bh,1.81,15.996,15.926,0.206,1.635,0.307,V
2458147.58147,2018-01-29.0821349,bl,1.52,16.711,>16.711,99.990,0.156,0.150,g
2458147.68767,2018-01-29.1883333,bh,1.59,15.922,>15.922,99.990,0.577,0.328,V
2458147.68898,2018-01-29.1896446,bh,1.67,16.062,>16.062,99.990,0.760,0.289,V
2458147.69024,2018-01-29.1908946,bh,1.61,15.965,>15.965,99.990,1.474,0.315,V
2458148.32245,2018-01-29.8231071,bp,2.09,14.319,>14.319,99.990,-0.270,1.360,g
2458148.32367,2018-01-29.8243230,bp,1.76,16.318,>16.318,99.990,0.683,0.216,g
2458148.32487,2018-01-29.8255302,bp,1.84,14.726,>14.726,99.990,0.226,0.935,g
2458148.57623,2018-01-30.0768865,bh,1.72,16.036,>16.036,99.990,1.309,0.296,V
2458148.57634,2018-01-30.077,bl,1.51,16.339,16.137,0.182,1.273,0.212,g
2458148.57748,2018-01-30.0781459,bh,1.77,16.073,15.972,0.200,1.568,0.286,V
2458148.57757,2018-01-30.0782200,bl,1.52,16.402,>16.402,99.990,0.254,0.200,g
2458148.57876,2018-01-30.0794125,bh,1.81,15.944,>15.944,99.990,1.383,0.322,V
2458148.57880,2018-01-30.0794586,bl,1.5,16.404,>16.404,99.990,0.806,0.199,g
2458148.63586,2018-01-30.1365187,bh,1.67,15.913,>15.913,99.990,0.825,0.331,V
2458148.63713,2018-01-30.1377914,bh,1.57,15.903,>15.903,99.990,1.210,0.334,V
2458148.63840,2018-01-30.1390613,bh,1.68,15.972,>15.972,99.990,0.959,0.313,V
2458149.57352,2018-01-31.0741714,bh,1.65,15.796,>15.796,99.990,1.512,0.369,V
2458149.57357,2018-01-31.0742281,bl,1.52,16.343,>16.343,99.990,0.502,0.211,g
2458149.57479,2018-01-31.0754416,bl,1.52,16.427,>16.427,99.990,0.887,0.195,g
2458149.57483,2018-01-31.0754784,bh,1.69,15.768,15.731,0.212,1.957,0.378,V
2458149.57602,2018-01-31.0766693,bl,1.46,16.184,>16.184,99.990,0.088,0.244,g
2458149.57611,2018-01-31.0767553,bh,1.72,15.803,>15.803,99.990,0.600,0.366,V
2458149.66723,2018-01-31.1678841,bh,1.50,15.539,>15.539,99.990,1.027,0.467,V
2458149.66851,2018-01-31.1691567,bh,1.41,15.706,>15.706,99.990,1.001,0.400,V
2458149.66979,2018-01-31.1704383,bh,1.44,15.677,>15.677,99.990,1.094,0.411,V
2458150.31705,2018-01-31.8176959,bp,1.60,16.332,>16.332,99.990,0.546,0.213,g
2458150.31826,2018-01-31.8189081,bp,1.63,16.403,>16.403,99.990,0.665,0.199,g
2458150.31949,2018-01-31.8201342,bp,1.67,16.231,>16.231,99.990,0.644,0.234,g
2458150.57074,2018-02-01.0713877,bh,1.76,15.754,>15.754,99.990,1.342,0.383,V
2458150.57089,2018-02-01.0715339,bl,1.50,16.212,>16.212,99.990,0.673,0.238,g
2458150.57201,2018-02-01.0726575,bh,1.77,15.697,>15.697,99.990,0.692,0.404,V
2458150.57211,2018-02-01.0727510,bl,1.53,16.338,>16.338,99.990,0.953,0.212,g
2458150.57328,2018-02-01.0739253,bh,1.75,15.760,>15.760,99.990,1.088,0.381,V
2458150.57333,2018-02-01.0739714,bl,1.57,16.189,>16.189,99.990,0.886,0.243,g
2458150.64750,2018-02-01.1481476,bh,1.47,15.716,>15.716,99.990,0.327,0.397,V
2458150.64878,2018-02-01.1494243,bh,1.50,15.808,>15.808,99.990,0.496,0.365,V
2458150.65005,2018-02-01.1506942,bh,1.54,15.702,>15.702,99.990,0.725,0.402,V
2458151.31420,2018-02-01.8148423,bp,1.62,16.622,16.360,0.172,1.038,0.163,g
2458151.31547,2018-02-01.8161111,bp,1.61,16.699,16.592,0.199,0.837,0.152,g
2458151.31669,2018-02-01.8173289,bp,1.63,16.738,>16.738,99.990,0.709,0.147,g
2458151.56798,2018-02-02.0686265,bh,1.97,16.005,>16.005,99.990,1.253,0.304,V
2458151.56816,2018-02-02.0688001,bl,1.55,16.600,16.382,0.179,1.017,0.166,g
2458151.56927,2018-02-02.0699141,bh,1.90,16.041,15.910,0.194,1.660,0.294,V
2458151.56937,2018-02-02.0700152,bl,1.53,16.520,>16.520,99.990,0.305,0.179,g
2458151.57053,2018-02-02.0711792,bh,1.88,16.125,15.885,0.176,1.698,0.272,V
2458151.57061,2018-02-02.0712456,bl,1.57,16.588,16.424,0.189,0.979,0.168,g
2458151.57316,2018-02-02.0738079,bh,1.89,15.949,>15.949,99.990,1.239,0.320,V
2458151.57444,2018-02-02.0750821,bh,1.84,16.012,>16.012,99.990,1.303,0.302,V
2458151.57572,2018-02-02.0763608,bh,1.85,16.078,15.935,0.192,1.621,0.284,V
2458152.31143,2018-02-02.8120711,bp,1.56,17.061,17.032,0.213,0.559,0.109,g
2458152.31266,2018-02-02.8132971,bp,1.60,17.012,16.650,0.157,0.795,0.114,g
2458152.31388,2018-02-02.8145168,bp,1.65,16.998,16.782,0.180,0.703,0.115,g
2458152.56522,2018-02-03.0658545,bh,1.64,16.527,16.526,0.219,0.941,0.188,V
2458152.56535,2018-02-03.0659824,bl,1.55,17.253,17.026,0.178,0.562,0.091,g
2458152.56650,2018-02-03.0671364,bh,1.72,16.520,16.237,0.169,1.228,0.189,V
2458152.56656,2018-02-03.0671944,bl,1.58,17.176,>17.176,99.990,0.431,0.098,g
2458152.56777,2018-02-03.0684069,bh,1.65,16.435,16.132,0.166,1.352,0.205,V
2458152.56778,2018-02-03.0684114,bl,1.51,17.075,16.783,0.168,0.703,0.107,g
2458152.59513,2018-02-03.0957679,bh,1.56,16.177,>16.177,99.990,0.495,0.260,V
2458152.59640,2018-02-03.0970336,bh,1.55,16.198,>16.198,99.990,0.471,0.254,V
2458152.59766,2018-02-03.0982962,bh,1.51,16.283,16.147,0.194,1.334,0.235,V
2458153.30865,2018-02-03.8092792,bp,2.23,17.397,16.121,0.068,1.293,0.080,g
2458153.30986,2018-02-03.8104971,bp,2.23,17.292,16.053,0.070,1.376,0.088,g
2458153.31108,2018-02-03.8117135,bp,2.24,99.990,99.990,99.990,99.990,99.990,g
2458153.56251,2018-02-04.0631396,bh,1.54,16.798,16.618,0.186,0.865,0.146,V
2458153.56262,2018-02-04.0632509,bl,1.5,17.408,16.832,0.129,0.672,0.079,g
2458153.56378,2018-02-04.0644168,bh,1.53,16.678,16.125,0.132,1.361,0.164,V
2458153.56384,2018-02-04.0644765,bl,1.55,17.299,16.624,0.118,0.814,0.087,g
2458153.56506,2018-02-04.0656905,bh,1.53,16.698,16.372,0.162,1.084,0.161,V
2458153.56507,2018-02-04.0656987,bl,1.46,17.345,16.594,0.110,0.836,0.084,g
2458155.30353,2018-02-05.8041562,bp,1.63,17.429,16.775,0.120,0.708,0.078,g
2458155.30481,2018-02-05.8054314,bp,1.57,17.631,16.766,0.099,0.714,0.064,g
2458158.63250,2018-02-09.1331,bh,1.33,16.699,16.684,0.216,0.814,0.161,V
2458158.63377,2018-02-09.1343699,bh,1.35,16.671,16.439,0.177,1.019,0.165,V
2458158.63505,2018-02-09.1356467,bh,1.38,16.621,16.404,0.180,1.052,0.172,V
2458161.56403,2018-02-12.0646100,bh,1.46,16.634,16.310,0.163,1.147,0.170,V
2458161.56530,2018-02-12.0658796,bh,1.46,16.748,16.140,0.125,1.342,0.153,V
2458161.56658,2018-02-12.0671574,bh,1.48,16.760,16.582,0.186,0.894,0.152,V
2458163.60930,2018-02-14.1098635,bh,1.46,16.727,16.646,0.203,0.842,0.156,V
2458163.61058,2018-02-14.1111410,bh,1.45,16.614,16.239,0.155,1.225,0.173,V
2458163.61185,2018-02-14.1124115,bh,1.41,16.665,16.647,0.216,0.842,0.166,V
2458165.60752,2018-02-16.1080665,bh,1.42,16.619,16.106,0.136,1.386,0.173,V
2458165.60880,2018-02-16.1093519,bh,1.42,16.655,>16.655,99.990,0.820,0.167,V
2458165.61008,2018-02-16.1106276,bh,1.39,16.732,16.427,0.165,1.030,0.156,V
2458166.67921,2018-02-17.1797481,bh,1.34,16.136,>16.136,99.990,0.829,0.270,V
2458166.68049,2018-02-17.1810305,bh,1.37,16.114,>16.114,99.990,0.906,0.275,V
2458166.68177,2018-02-17.1823065,bh,1.37,16.238,>16.238,99.990,0.994,0.245,V
2458168.62684,2018-02-19.1273581,bl,1.51,17.425,16.728,0.115,0.739,0.078,g
2458168.62806,2018-02-19.1285809,bl,1.5,17.255,16.689,0.130,0.767,0.091,g
2458168.62928,2018-02-19.1297973,bl,1.54,17.298,16.845,0.144,0.664,0.087,g
2458170.64707,2018-02-21.1475804,bh,1.35,16.725,16.343,0.154,1.114,0.157,V
2458170.64835,2018-02-21.1488528,bh,1.35,16.654,16.528,0.195,0.939,0.167,V
2458171.57630,2018-02-22.0767988,bh,1.33,16.620,>16.620,99.990,0.804,0.173,V
2458171.57757,2018-02-22.0780744,bh,1.37,16.472,>16.472,99.990,0.835,0.198,V
2458171.57885,2018-02-22.0793457,bh,1.38,16.603,16.482,0.196,0.980,0.175,V
2458173.65939,2018-02-24.1598702,bh,1.35,16.355,>16.355,99.990,1.020,0.220,V
2458173.66066,2018-02-24.1611435,bh,1.38,16.403,>16.403,99.990,0.782,0.211,V
2458173.66194,2018-02-24.1624238,bh,1.40,16.376,>16.376,99.990,0.943,0.216,V
2458175.59642,2018-02-26.0968789,bh,1.34,16.286,>16.286,99.990,0.963,0.235,V
2458175.59769,2018-02-26.0981539,bh,1.39,16.292,>16.292,99.990,1.103,0.233,V
2458175.59897,2018-02-26.0994280,bh,1.36,16.227,>16.227,99.990,0.722,0.248,V
2458178.51230,2018-03-01.0127284,bl,1.63,16.234,>16.234,99.990,1.016,0.233,g
2458178.51352,2018-03-01.0139457,bl,1.63,16.126,>16.126,99.990,0.944,0.257,g
2458178.51474,2018-03-01.0151644,bl,1.64,16.321,>16.321,99.990,0.992,0.215,g
2458179.58548,2018-03-02.0858981,bh,1.39,15.604,>15.604,99.990,0.937,0.440,V
2458179.58674,2018-03-02.0871651,bh,1.43,15.594,>15.594,99.990,1.109,0.444,V
2458179.58801,2018-03-02.0884288,bh,1.44,15.635,>15.635,99.990,0.386,0.428,V
2458181.54690,2018-03-04.0473037,bl,1.5,16.884,16.793,0.202,0.696,0.128,g
2458181.54813,2018-03-04.0485258,bl,1.45,16.805,16.536,0.171,0.882,0.138,g
2458181.54934,2018-03-04.0497418,bl,1.43,16.779,>16.779,99.990,0.549,0.141,g
2458182.51305,2018-03-05.0134434,bh,1.50,16.566,16.408,0.189,1.049,0.181,V
2458182.51432,2018-03-05.0147099,bh,1.49,16.648,16.338,0.165,1.120,0.168,V
2458182.51559,2018-03-05.0159863,bh,1.46,16.590,16.478,0.198,0.984,0.177,V
2458184.50723,2018-03-07.0076010,bl,1.67,16.849,>16.849,99.990,0.582,0.132,g
2458184.50845,2018-03-07.0088219,bl,1.72,16.901,16.829,0.205,0.673,0.126,g
2458184.50967,2018-03-07.0100379,bl,1.69,17.099,16.596,0.138,0.835,0.105,g
2458185.61449,2018-03-08.1148538,bl,1.48,17.345,16.888,0.144,0.638,0.084,g
2458185.61572,2018-03-08.1160769,bl,1.46,17.492,16.785,0.114,0.701,0.073,g
2458185.61694,2018-03-08.1172976,bl,1.45,17.349,16.835,0.137,0.670,0.083,g
2458187.52042,2018-03-10.0207604,bh,1.48,16.743,16.729,0.216,0.781,0.154,V
2458187.52169,2018-03-10.0220343,bh,1.44,16.577,16.556,0.215,0.916,0.179,V
2458187.52302,2018-03-10.0233567,bh,1.42,16.725,16.669,0.208,0.825,0.157,V
2458188.60068,2018-03-11.1010035,bl,1.49,17.442,16.806,0.122,0.688,0.077,g
2458188.60189,2018-03-11.1022199,bl,1.52,17.285,17.064,0.179,0.542,0.089,g
2458188.60311,2018-03-11.1034372,bl,1.48,17.423,17.019,0.151,0.565,0.078,g
2458190.59068,2018-03-13.0909956,bl,1.54,17.445,16.913,0.134,0.623,0.076,g
2458190.59190,2018-03-13.0922143,bl,1.55,17.374,16.748,0.123,0.726,0.082,g
2458190.59312,2018-03-13.0934325,bl,1.5,17.369,16.552,0.103,0.870,0.082,g
2458191.58337,2018-03-14.0836695,bh,1.37,16.634,>16.634,99.990,0.593,0.170,V
2458191.58464,2018-03-14.0849355,bh,1.41,16.607,16.347,0.172,1.109,0.175,V
2458191.58592,2018-03-14.0862118,bh,1.34,16.718,>16.718,99.990,0.655,0.158,V
2458192.60130,2018-03-15.1015829,bh,1.35,16.695,>16.695,99.990,0.561,0.161,V
2458192.60257,2018-03-15.1028515,bh,1.39,16.610,16.264,0.159,1.198,0.174,V
2458192.60385,2018-03-15.1041292,bh,1.37,16.643,>16.643,99.990,0.631,0.169,V
2458193.59655,2018-03-16.0968189,bh,1.36,16.682,>16.682,99.990,0.753,0.163,V
2458193.59782,2018-03-16.0980875,bh,1.37,16.648,16.637,0.217,0.849,0.168,V
2458193.59909,2018-03-16.0993621,bh,1.34,16.723,16.495,0.178,0.968,0.157,V
2458194.57254,2018-03-17.0728046,bh,1.37,16.653,16.387,0.172,1.069,0.167,V
2458194.57381,2018-03-17.0740805,bh,1.41,16.619,16.139,0.141,1.344,0.173,V
2458194.57510,2018-03-17.0753644,bh,1.38,16.692,16.602,0.202,0.877,0.161,V
2458195.57959,2018-03-18.0798408,bh,1.43,16.627,16.133,0.139,1.352,0.171,V
2458195.58087,2018-03-18.0811137,bh,1.44,16.625,16.285,0.160,1.175,0.172,V
2458195.58213,2018-03-18.0823805,bh,1.46,16.609,16.190,0.149,1.282,0.174,V
2458196.59061,2018-03-19.0908511,bh,1.45,16.712,16.360,0.159,1.096,0.159,V
2458196.59189,2018-03-19.0921201,bh,1.44,16.620,16.110,0.137,1.381,0.173,V
2458196.59317,2018-03-19.0934067,bh,1.43,16.641,16.241,0.151,1.224,0.169,V
2458197.58619,2018-03-20.0864146,bh,1.41,16.714,16.288,0.148,1.172,0.158,V
2458197.58747,2018-03-20.0876914,bh,1.44,16.523,16.391,0.194,1.066,0.189,V
2458197.58875,2018-03-20.0889665,bh,1.44,16.701,16.474,0.178,0.987,0.160,V
2458198.56901,2018-03-21.0692238,bl,1.47,17.570,17.029,0.133,0.561,0.068,g
2458198.57023,2018-03-21.0704457,bl,1.46,17.495,16.798,0.115,0.694,0.073,g
2458198.57146,2018-03-21.0716734,bl,1.49,17.335,16.806,0.135,0.688,0.085,g
2458200.57600,2018-03-23.0761853,bl,1.51,17.191,16.770,0.149,0.712,0.097,g
2458200.57722,2018-03-23.0774038,bl,1.47,17.309,16.875,0.147,0.646,0.087,g
2458200.57843,2018-03-23.0786208,bl,1.49,17.223,16.564,0.119,0.860,0.094,g
2458202.56589,2018-03-25.0660611,bh,1.45,16.466,>16.466,99.990,0.985,0.199,V
2458202.56718,2018-03-25.0673393,bh,1.47,16.437,>16.437,99.990,0.771,0.204,V
2458202.56844,2018-03-25.0686053,bh,1.46,16.561,16.122,0.146,1.365,0.182,V
2458205.56209,2018-03-28.0622195,bl,1.59,16.860,>16.860,99.990,0.438,0.131,g
2458205.56332,2018-03-28.0634425,bl,1.59,16.620,>16.620,99.990,0.754,0.163,g
2458205.56454,2018-03-28.0646672,bl,1.55,16.593,>16.593,99.990,0.613,0.168,g
2458214.31074,2018-04-05.8107670,bm,1.50,16.848,>16.848,99.990,0.373,0.132,g
2458214.31209,2018-04-05.8121234,bm,1.52,16.596,>16.596,99.990,0.621,0.167,g
2458214.31380,2018-04-05.8138184,bm,1.53,17.174,16.751,0.148,0.724,0.098,g
2458214.50821,2018-04-06.0082299,bl,1.48,17.429,16.971,0.144,0.591,0.078,g
2458214.50943,2018-04-06.0094531,bl,1.51,17.422,16.931,0.139,0.613,0.078,g
2458214.51066,2018-04-06.0106789,bl,1.53,17.460,16.750,0.114,0.724,0.075,g
2458215.28576,2018-04-06.7857783,bm,1.73,17.319,16.531,0.106,0.886,0.086,g
2458215.28699,2018-04-06.7870043,bm,2.00,17.288,16.401,0.097,0.999,0.088,g
2458215.28821,2018-04-06.7882150,bm,1.97,17.333,16.398,0.093,1.002,0.085,g
2458215.48138,2018-04-06.9813912,bl,1.59,16.830,>16.830,99.990,0.599,0.135,g
2458215.48261,2018-04-06.9826155,bl,1.50,17.066,16.739,0.162,0.732,0.108,g
2458215.48383,2018-04-06.9838385,bl,1.53,17.124,16.822,0.166,0.678,0.103,g
2458216.48419,2018-04-07.9841792,bl,1.60,17.220,16.946,0.170,0.605,0.094,g
2458216.48541,2018-04-07.9854002,bl,1.63,17.202,16.435,0.108,0.968,0.096,g
2458216.48663,2018-04-07.9866173,bl,1.57,17.358,16.838,0.136,0.668,0.083,g
2458217.52448,2018-04-09.0244662,bl,1.61,17.374,16.528,0.101,0.888,0.082,g
2458217.52569,2018-04-09.0256798,bl,1.57,17.366,17.122,0.175,0.514,0.082,g
2458217.52691,2018-04-09.0269008,bl,1.56,17.378,16.913,0.143,0.623,0.081,g
2458220.52077,2018-04-12.0207141,bh,1.37,16.562,>16.562,99.990,0.790,0.182,V
2458221.52625,2018-04-13.0261807,bl,1.61,17.326,17.025,0.166,0.562,0.085,g
2458221.52747,2018-04-13.0274016,bl,1.60,17.366,16.872,0.139,0.648,0.082,g
2458221.52869,2018-04-13.0286188,bl,1.62,17.347,16.825,0.135,0.676,0.084,g
2458222.52217,2018-04-14.0220928,bh,1.44,16.358,>16.358,99.990,0.812,0.220,V
2458222.52347,2018-04-14.0233861,bh,1.50,16.396,>16.396,99.990,0.614,0.212,V
2458222.52471,2018-04-14.0246307,bh,1.51,16.252,15.966,0.169,1.575,0.242,V
2458223.51628,2018-04-15.0161903,bl,1.5,17.262,16.812,0.145,0.684,0.090,g
2458223.51749,2018-04-15.0174021,bl,1.54,17.260,16.598,0.119,0.833,0.091,g
2458223.51871,2018-04-15.0186194,bl,1.56,17.324,16.753,0.129,0.722,0.085,g
2458224.51323,2018-04-16.0131263,bh,1.76,16.549,16.186,0.157,1.287,0.184,V
2458224.51450,2018-04-16.0143924,bh,1.78,16.505,15.809,0.115,1.822,0.192,V
2458224.51576,2018-04-16.0156561,bh,1.81,16.594,16.396,0.183,1.061,0.177,V
2458225.50077,2018-04-17.0006568,bh,1.36,16.334,>16.334,99.990,1.083,0.225,V
2458225.50331,2018-04-17.0032028,bh,1.38,16.519,>16.519,99.990,0.755,0.189,V
2458226.50010,2018-04-17.9999748,bh,1.42,16.529,16.397,0.194,1.059,0.188,V
2458226.50138,2018-04-18.0012516,bh,1.39,16.305,>16.305,99.990,0.618,0.231,V
2458226.50270,2018-04-18.0025769,bh,1.37,16.514,>16.514,99.990,0.914,0.190,V
2458227.47997,2018-04-18.9798290,bl,1.50,17.285,16.859,0.148,0.655,0.089,g
2458227.48119,2018-04-18.9810486,bl,1.53,17.235,16.833,0.151,0.671,0.093,g
2458228.50231,2018-04-20.0021579,bh,1.45,16.450,16.234,0.179,1.232,0.202,V
2458228.50486,2018-04-20.0047017,bh,1.47,16.426,>16.426,99.990,0.753,0.206,V
2458229.49297,2018-04-20.9927984,bh,1.45,16.479,>16.479,99.990,0.939,0.197,V
2458231.47481,2018-04-22.9746256,bh,1.39,16.422,>16.422,99.990,0.592,0.207,V
2458232.47352,2018-04-23.9733207,bh,1.42,16.030,>16.030,99.990,1.067,0.297,V
2458232.47478,2018-04-23.9745836,bh,1.44,15.825,>15.825,99.990,0.573,0.359,V
2458232.47604,2018-04-23.9758488,bh,1.41,15.907,>15.907,99.990,0.693,0.333,V
2458233.48772,2018-04-24.9875028,bh,1.46,16.364,16.044,0.163,1.466,0.218,V
2458233.48900,2018-04-24.9887828,bh,1.44,16.285,>16.285,99.990,0.471,0.235,V
2458233.49027,2018-04-24.9900562,bh,1.45,99.990,99.990,99.990,99.990,99.990,V
2458235.47555,2018-04-26.9753144,bh,1.70,99.990,99.990,99.990,99.990,99.990,V
2458236.45934,2018-04-27.9590863,bl,1.67,16.013,>16.013,99.990,1.079,0.286,g
2458236.46056,2018-04-27.9603131,bl,1.67,16.050,>16.050,99.990,1.070,0.276,g
2458236.46178,2018-04-27.9615303,bl,1.68,16.170,>16.170,99.990,1.052,0.247,g
2458237.47043,2018-04-28.9701733,bh,1.29,99.990,99.990,99.990,99.990,99.990,V
2458237.47171,2018-04-28.9714540,bh,1.42,99.990,99.990,99.990,99.990,99.990,V
2458237.47299,2018-04-28.9727341,bh,1.41,99.990,99.990,99.990,99.990,99.990,V
2458238.46570,2018-04-29.9654284,bl,1.55,16.301,>16.301,99.990,0.775,0.219,g
2458238.46691,2018-04-29.9666377,bl,1.55,16.255,>16.255,99.990,0.699,0.229,g
2458238.46813,2018-04-29.9678611,bl,1.49,16.331,>16.331,99.990,0.570,0.213,g
2458239.46132,2018-04-30.9610400,bl,1.44,99.990,99.990,99.990,99.990,99.990,g
2458241.45655,2018-05-02.9562504,bh,1.49,15.811,>15.811,99.990,1.238,0.363,V
2458241.45782,2018-05-02.9575203,bh,1.46,15.763,>15.763,99.990,0.433,0.380,V
2458241.45910,2018-05-02.9587964,bh,1.44,16.109,15.858,0.174,1.742,0.276,V
2458319.93984,2018-07-20.4391158,bl,1.73,17.022,16.301,0.113,1.095,0.113,g
2458319.94105,2018-07-20.4403305,bl,1.69,16.749,16.586,0.189,0.843,0.145,g
2458319.94227,2018-07-20.4415480,bl,1.79,16.835,16.694,0.193,0.763,0.134,g
2458320.94383,2018-07-21.4431127,bl,1.55,16.377,>16.377,99.990,0.674,0.204,g
2458320.94504,2018-07-21.4443266,bl,1.56,16.423,16.294,0.195,1.103,0.196,g
2458320.94627,2018-07-21.4455510,bl,1.59,16.097,16.008,0.202,1.435,0.264,g
2458321.93782,2018-07-22.4371079,bh,1.82,15.361,>15.361,99.990,1.026,0.550,V
2458321.93916,2018-07-22.4384475,bh,1.76,15.011,>15.011,99.990,0.582,0.760,V
2458321.94043,2018-07-22.4397167,bh,1.88,15.340,>15.340,99.990,0.181,0.561,V
2458322.93424,2018-07-23.4335298,bh,1.39,15.756,>15.756,99.990,0.569,0.383,V
2458322.93551,2018-07-23.4347961,bh,1.35,15.554,>15.554,99.990,0.276,0.461,V
2458322.93678,2018-07-23.4360700,bh,1.36,15.649,>15.649,99.990,0.562,0.422,V
2458323.93065,2018-07-24.4299451,bh,1.53,16.788,16.056,0.112,1.451,0.148,V
2458323.93193,2018-07-24.4312195,bh,1.56,16.901,16.433,0.142,1.025,0.133,V
2458323.93319,2018-07-24.4324840,bh,1.51,16.617,16.369,0.174,1.087,0.173,V
2458334.92288,2018-08-04.4222160,bh,1.39,16.582,16.175,0.151,1.300,0.179,V
2458334.92414,2018-08-04.4234810,bh,1.41,16.646,16.572,0.205,0.901,0.168,V
2458334.92542,2018-08-04.4247564,bh,1.40,16.662,16.515,0.191,0.951,0.166,V
2458339.90754,2018-08-09.4069074,bh,2.07,16.768,16.009,0.109,1.514,0.151,V
2458339.90881,2018-08-09.4081792,bh,2.07,16.824,16.067,0.109,1.437,0.143,V
2458339.91008,2018-08-09.4094439,bh,2.06,16.738,16.051,0.116,1.457,0.155,V
2458340.91154,2018-08-10.4109113,bl,1.52,17.425,16.775,0.120,0.708,0.078,g
2458340.91275,2018-08-10.4121204,bl,1.47,17.304,16.612,0.116,0.823,0.087,g
2458340.91397,2018-08-10.4133388,bl,1.45,17.292,16.590,0.115,0.840,0.088,g
2458344.90161,2018-08-14.4010086,bh,1.46,16.972,16.969,0.219,0.625,0.125,V
2458344.90289,2018-08-14.4022836,bh,1.44,16.903,16.459,0.146,1.000,0.133,V
2458344.90415,2018-08-14.4035482,bh,1.45,16.871,16.322,0.132,1.135,0.137,V
2458345.89116,2018-08-15.3905696,bh,1.40,16.876,16.692,0.185,0.807,0.136,V
2458345.89243,2018-08-15.3918335,bh,1.35,16.975,16.356,0.124,1.101,0.124,V
2458345.89370,2018-08-15.3931069,bh,1.37,17.034,16.603,0.147,0.876,0.118,V
2458347.89426,2018-08-17.3936821,bl,1.5,17.265,16.818,0.145,0.681,0.090,g
2458347.89548,2018-08-17.3949005,bl,1.49,17.309,16.543,0.108,0.877,0.087,g
2458347.89670,2018-08-17.3961192,bl,1.47,17.349,16.723,0.123,0.743,0.084,g
2458353.87043,2018-08-23.3699018,bl,1.6,16.402,>16.402,99.990,0.792,0.200,g
2458353.87165,2018-08-23.3711225,bl,1.68,16.152,16.116,0.212,1.300,0.251,g
2458353.87287,2018-08-23.3723354,bl,1.65,16.052,>16.052,99.990,0.830,0.276,g
2458354.86720,2018-08-24.3666731,bh,1.79,16.086,15.905,0.185,1.667,0.282,V
2458354.86848,2018-08-24.3679498,bh,1.78,16.125,16.028,0.200,1.488,0.272,V
2458354.86974,2018-08-24.3692150,bh,1.79,16.244,15.959,0.169,1.585,0.244,V
2458356.86116,2018-08-26.3606545,bh,1.54,15.960,>15.960,99.990,1.471,0.317,V
2458356.86243,2018-08-26.3619282,bh,1.51,15.971,>15.971,99.990,0.807,0.314,V
2458358.86019,2018-08-28.3597009,bl,1.65,16.213,>16.213,99.990,1.027,0.238,g
2458358.86141,2018-08-28.3609210,bl,1.68,16.167,>16.167,99.990,0.779,0.248,g
2458358.86263,2018-08-28.3621392,bl,1.71,16.201,>16.201,99.990,1.149,0.240,g
2458359.85431,2018-08-29.3538309,bh,1.44,16.368,>16.368,99.990,0.504,0.218,V
2458359.85559,2018-08-29.3551056,bh,1.41,16.264,>16.264,99.990,0.374,0.240,V
2458359.85686,2018-08-29.3563792,bh,1.44,16.189,>16.189,99.990,0.752,0.257,V
2458360.86542,2018-08-30.3649494,bl,1.52,16.446,16.268,0.186,1.129,0.192,g
2458360.86663,2018-08-30.3661702,bl,1.46,16.712,>16.712,99.990,0.643,0.150,g
2458360.86785,2018-08-30.3673890,bl,1.48,16.733,>16.733,99.990,0.560,0.147,g
2458362.86606,2018-09-01.3656068,bl,2.02,16.682,16.156,0.135,1.251,0.154,g
2458362.86727,2018-09-01.3668245,bl,2.0,16.762,16.150,0.125,1.259,0.143,g
2458362.86849,2018-09-01.3680417,bl,1.69,16.833,16.360,0.142,1.038,0.134,g
2458366.89569,2018-09-05.3952719,bl,1.6,17.104,16.473,0.122,0.935,0.105,g
2458366.89690,2018-09-05.3964908,bl,1.63,17.229,16.636,0.127,0.805,0.093,g
2458366.89812,2018-09-05.3977031,bl,1.63,17.284,16.420,0.099,0.981,0.089,g
2458367.82994,2018-09-06.3295472,bh,1.38,16.996,16.597,0.152,0.881,0.122,V
2458367.83122,2018-09-06.3308172,bh,1.39,16.873,16.862,0.217,0.690,0.137,V
2458367.83248,2018-09-06.3320836,bh,1.35,16.895,16.275,0.124,1.186,0.134,V
2458368.83032,2018-09-07.3299245,bl,1.75,17.270,16.402,0.098,0.998,0.090,g
2458368.83154,2018-09-07.3311431,bl,1.72,17.023,16.244,0.107,1.155,0.113,g
2458368.83275,2018-09-07.3323630,bl,1.66,17.227,16.137,0.080,1.274,0.093,g
2458370.82409,2018-09-09.3237232,bh,1.40,16.883,16.769,0.197,0.752,0.135,V
2458370.82536,2018-09-09.3249916,bh,1.40,16.808,16.376,0.147,1.080,0.145,V
2458371.82069,2018-09-10.3203302,bh,1.37,16.685,16.478,0.181,0.983,0.162,V
2458371.82196,2018-09-10.3216094,bh,1.35,16.721,16.375,0.159,1.081,0.157,V
2458371.82323,2018-09-10.3228736,bh,1.39,16.864,16.440,0.148,1.018,0.138,V
2458372.81590,2018-09-11.3155517,bl,1.99,16.903,16.143,0.109,1.266,0.126,g
2458372.81712,2018-09-11.3167688,bl,2.02,16.944,16.200,0.110,1.202,0.121,g
2458372.81833,2018-09-11.3179851,bl,2.02,16.959,16.162,0.105,1.245,0.120,g
2458373.81739,2018-09-12.3170527,bh,1.45,99.990,99.990,99.990,99.990,99.990,V
2458373.81866,2018-09-12.3183266,bh,1.46,99.990,99.990,99.990,99.990,99.990,V
2458373.81993,2018-09-12.3195943,bh,1.44,99.990,99.990,99.990,99.990,99.990,V
2458375.61637,2018-09-14.1160506,bp,1.50,17.574,16.958,0.124,0.599,0.068,g
2458375.61758,2018-09-14.1172555,bp,1.57,17.618,16.838,0.107,0.668,0.065,g
2458375.61879,2018-09-14.1184722,bp,1.50,17.498,16.568,0.093,0.857,0.073,g
2458375.81064,2018-09-14.3103283,bh,1.38,16.642,>16.642,99.990,0.712,0.169,V
2458375.81191,2018-09-14.3115873,bh,1.39,16.798,>16.798,99.990,0.728,0.146,V
2458375.81318,2018-09-14.3128649,bh,1.35,16.717,>16.717,99.990,0.718,0.158,V
2458377.80284,2018-09-16.3025540,bl,2.16,17.158,16.198,0.090,1.205,0.100,g
2458377.80407,2018-09-16.3037766,bl,2.15,16.973,16.021,0.091,1.417,0.118,g
2458377.80528,2018-09-16.3049902,bl,2.18,17.000,15.891,0.079,1.597,0.115,g
2458380.79704,2018-09-19.2967771,bh,1.41,16.695,>16.695,99.990,0.744,0.161,V
2458380.79831,2018-09-19.2980483,bh,1.45,16.799,16.259,0.133,1.204,0.146,V
2458380.79957,2018-09-19.2993086,bh,1.47,16.766,16.569,0.183,0.904,0.151,V
2458382.80076,2018-09-21.3005223,bl,1.47,16.793,>16.793,99.990,0.675,0.139,g
2458382.80197,2018-09-21.3017422,bl,1.44,16.746,16.443,0.166,0.961,0.145,g
2458382.80321,2018-09-21.3029716,bl,1.46,16.584,>16.584,99.990,0.780,0.169,g
2458384.78631,2018-09-23.2860938,bl,1.55,16.305,>16.305,99.990,0.681,0.218,g
2458384.78751,2018-09-23.2873041,bl,1.55,16.269,>16.269,99.990,0.958,0.226,g
2458384.78873,2018-09-23.2885225,bl,1.5,16.332,>16.332,99.990,0.831,0.213,g
2458385.78423,2018-09-24.2840281,bh,1.60,15.925,>15.925,99.990,0.468,0.327,V
2458385.78551,2018-09-24.2853092,bh,1.67,16.117,>16.117,99.990,1.221,0.274,V
2458385.78680,2018-09-24.2866011,bh,1.58,16.093,>16.093,99.990,0.884,0.280,V
2458390.82905,2018-09-29.3289092,bl,1.65,15.280,>15.280,99.990,0.631,0.561,g
2458390.83027,2018-09-29.3301265,bl,1.59,15.204,>15.204,99.990,0.155,0.602,g
2458390.83147,2018-09-29.3313388,bl,1.5,14.854,>14.854,99.990,1.841,0.830,g
2458392.57298,2018-10-01.0728666,bp,1.55,16.845,16.783,0.207,0.703,0.133,g
2458392.57418,2018-10-01.0740751,bp,1.62,16.837,16.742,0.201,0.729,0.134,g
2458392.57539,2018-10-01.0752787,bp,1.58,16.758,16.504,0.173,0.909,0.144,g
2458393.52363,2018-10-02.0235192,bp,1.69,17.021,16.681,0.160,0.772,0.113,g
2458393.52506,2018-10-02.0249489,bp,1.69,17.039,16.547,0.139,0.873,0.111,g
2458393.85150,2018-10-02.3513997,bH,1.46,17.123,16.715,0.150,0.748,0.103,g
2458393.85277,2018-10-02.3526625,bH,1.41,17.152,16.808,0.160,0.687,0.100,g
2458393.85404,2018-10-02.3539423,bH,1.43,17.216,16.429,0.106,0.973,0.094,g
2458394.83350,2018-10-03.3334215,bH,1.63,17.177,17.136,0.211,0.508,0.098,g
2458394.83478,2018-10-03.3346939,bH,1.59,17.103,16.954,0.191,0.601,0.105,g
2458395.84419,2018-10-04.3441168,bl,1.64,99.990,99.990,99.990,99.990,99.990,g
2458395.84540,2018-10-04.3453296,bl,1.56,99.990,99.990,99.990,99.990,99.990,g
2458395.84662,2018-10-04.3465508,bl,1.53,99.990,99.990,99.990,99.990,99.990,g
2458396.54765,2018-10-05.0475780,bp,1.55,99.990,99.990,99.990,99.990,99.990,g
2458396.54887,2018-10-05.0487984,bp,1.47,17.448,16.813,0.122,0.683,0.076,g
2458396.55009,2018-10-05.0500269,bp,1.53,99.990,99.990,99.990,99.990,99.990,g
2458397.83472,2018-10-06.3346746,bl,1.54,17.170,16.601,0.130,0.831,0.098,g
2458397.83595,2018-10-06.3358969,bl,1.49,17.317,16.560,0.109,0.863,0.086,g
2458398.74802,2018-10-07.2479771,bH,1.49,17.462,16.590,0.098,0.840,0.075,g
2458398.74928,2018-10-07.2492435,bH,1.48,17.390,16.691,0.115,0.765,0.080,g
2458398.75056,2018-10-07.2505223,bH,1.51,17.553,16.907,0.121,0.627,0.069,g
2458401.73788,2018-10-10.2378747,bH,1.53,16.288,>16.288,99.990,0.476,0.222,g
2458401.73915,2018-10-10.2391430,bH,1.58,15.251,>15.251,99.990,0.743,0.576,g
2458401.74042,2018-10-10.2404207,bH,1.57,14.901,>14.901,99.990,-0.751,0.796,g
2458403.85994,2018-10-12.3599609,bH,1.58,17.183,16.507,0.117,0.906,0.097,g
2458404.85222,2018-10-13.3522494,bH,1.49,17.429,16.763,0.119,0.716,0.078,g
2458404.85350,2018-10-13.3535318,bH,1.53,17.300,16.540,0.109,0.879,0.087,g
2458404.85477,2018-10-13.3547957,bH,1.48,17.340,16.493,0.100,0.918,0.084,g
2458405.83879,2018-10-14.3388393,bH,2.01,17.273,16.290,0.089,1.107,0.090,g
2458405.84003,2018-10-14.3400685,bH,1.85,16.797,16.301,0.139,1.095,0.139,g
2458406.83551,2018-10-15.3355653,bH,1.43,17.560,16.694,0.099,0.763,0.069,g
2458406.83678,2018-10-15.3368298,bH,1.42,17.383,16.722,0.119,0.743,0.081,g
2458406.83803,2018-10-15.3380938,bH,1.46,17.449,16.454,0.088,0.952,0.076,g
2458409.49272,2018-10-17.9928035,bp,1.65,99.990,99.990,99.990,99.990,99.990,g
2458409.49392,2018-10-17.9940096,bp,1.62,17.009,16.138,0.098,1.272,0.114,g
2458409.49514,2018-10-17.9952285,bp,1.67,17.084,16.713,0.156,0.750,0.107,g
2458409.71501,2018-10-18.2151096,bH,1.42,17.129,16.883,0.175,0.641,0.102,g
2458409.71629,2018-10-18.2163773,bH,1.44,16.929,>16.929,99.990,0.591,0.123,g
2458410.70667,2018-10-19.2067777,bl,1.49,16.736,>16.736,99.990,0.675,0.147,g
2458410.70788,2018-10-19.2079901,bl,1.52,16.753,16.434,0.163,0.969,0.145,g
2458410.70910,2018-10-19.2092079,bl,1.52,16.757,16.511,0.175,0.903,0.144,g
2458411.71174,2018-10-20.2118559,bH,1.42,16.785,16.717,0.206,0.747,0.140,g
2458411.71302,2018-10-20.2131346,bH,1.46,16.807,16.580,0.178,0.848,0.137,g
2458411.71429,2018-10-20.2144064,bH,1.44,16.791,>16.791,99.990,0.528,0.140,g
2458412.72029,2018-10-21.2204172,bH,1.53,16.609,>16.609,99.990,0.461,0.165,g
2458412.72155,2018-10-21.2216803,bH,1.52,16.681,>16.681,99.990,0.660,0.154,g
2458412.72282,2018-10-21.2229447,bH,1.50,16.638,16.512,0.195,0.902,0.161,g
2458413.69667,2018-10-22.1968122,bl,1.57,16.361,>16.361,99.990,0.984,0.207,g
2458413.69789,2018-10-22.1980287,bl,1.53,16.432,16.040,0.153,1.393,0.194,g
2458413.69910,2018-10-22.1992471,bl,1.53,16.308,16.214,0.201,1.187,0.218,g
2458414.85011,2018-10-23.3502672,bl,1.5,16.542,16.312,0.177,1.084,0.175,g
2458414.85134,2018-10-23.3514949,bl,1.52,16.460,16.376,0.203,1.022,0.189,g
2458414.85256,2018-10-23.3527114,bl,1.49,16.405,>16.405,99.990,0.945,0.199,g
2458416.83526,2018-10-25.3354461,bl,1.47,16.000,>16.000,99.990,0.809,0.289,g
2458416.83649,2018-10-25.3366679,bl,1.59,15.913,>15.913,99.990,0.724,0.313,g
2458416.83771,2018-10-25.3378854,bl,1.55,15.850,>15.850,99.990,0.899,0.332,g
2458417.53757,2018-10-26.0377545,bp,1.56,16.297,>16.297,99.990,1.072,0.220,g
2458417.53877,2018-10-26.0389587,bp,1.58,16.258,>16.258,99.990,0.573,0.228,g
2458417.53998,2018-10-26.0401690,bp,1.57,16.370,16.304,0.206,1.092,0.206,g
2458417.82181,2018-10-26.3220063,bH,1.47,16.388,>16.388,99.990,0.885,0.202,g
2458417.82310,2018-10-26.3232887,bH,1.47,16.477,16.224,0.174,1.176,0.186,g
2458417.82437,2018-10-26.3245620,bH,1.58,16.777,16.573,0.182,0.853,0.141,g
2458418.54701,2018-10-27.0472055,bp,1.55,16.592,16.166,0.148,1.241,0.168,g
2458418.54822,2018-10-27.0484210,bp,1.58,16.417,16.319,0.200,1.077,0.197,g
2458418.54944,2018-10-27.0496364,bp,1.59,16.529,>16.529,99.990,0.670,0.178,g
2458419.48653,2018-10-27.9867415,bp,1.53,16.472,>16.472,99.990,0.666,0.187,g
2458419.48774,2018-10-27.9879596,bp,1.52,16.513,16.218,0.167,1.183,0.180,g
2458419.48896,2018-10-27.9891787,bp,1.50,16.541,>16.541,99.990,0.561,0.176,g
2458419.82310,2018-10-28.3233144,bH,1.48,16.231,>16.231,99.990,0.529,0.234,g
2458419.82437,2018-10-28.3245859,bH,1.48,16.398,>16.398,99.990,0.854,0.200,g
2458419.82564,2018-10-28.3258538,bH,1.42,16.056,>16.056,99.990,0.991,0.275,g
2458422.83414,2018-10-31.3343915,bH,1.46,16.646,>16.646,99.990,0.679,0.159,g
2458422.83541,2018-10-31.3356660,bH,1.46,16.726,16.705,0.215,0.755,0.148,g
2458422.83668,2018-10-31.3369337,bH,1.50,16.929,16.718,0.180,0.746,0.123,g
2458423.76637,2018-11-01.2666336,bl,1.5,15.930,>15.930,99.990,0.509,0.308,g
2458423.76759,2018-11-01.2678531,bl,1.49,16.039,>16.039,99.990,0.167,0.279,g
2458423.76881,2018-11-01.2690762,bl,1.48,16.173,>16.173,99.990,0.502,0.247,g
2458424.81470,2018-11-02.3149802,bH,1.59,17.383,16.486,0.096,0.924,0.081,g
2458424.81596,2018-11-02.3162403,bH,1.52,17.268,16.540,0.112,0.880,0.090,g
2458424.81724,2018-11-02.3175138,bH,1.54,17.298,16.497,0.105,0.915,0.087,g
2458425.72689,2018-11-03.2271732,bl,1.44,17.327,16.555,0.108,0.867,0.085,g
2458425.72810,2018-11-03.2283918,bl,1.49,17.259,16.633,0.123,0.807,0.091,g
2458425.72932,2018-11-03.2296127,bl,1.48,17.295,16.428,0.099,0.974,0.088,g
2458427.78742,2018-11-05.2877379,bl,1.50,17.216,16.705,0.137,0.755,0.094,g
2458427.78864,2018-11-05.2889548,bl,1.49,17.316,16.685,0.123,0.769,0.086,g
2458427.78987,2018-11-05.2901796,bl,1.49,17.374,16.941,0.147,0.608,0.082,g
2458429.79553,2018-11-07.2958641,bH,1.44,17.407,16.811,0.126,0.685,0.079,g
2458429.79680,2018-11-07.2971274,bH,1.41,17.464,16.526,0.092,0.890,0.075,g
2458429.79806,2018-11-07.2983923,bH,1.42,17.309,16.693,0.124,0.764,0.087,g
2458432.71014,2018-11-10.2104952,bH,1.46,17.324,16.632,0.116,0.808,0.085,g
2458432.71140,2018-11-10.2117618,bH,1.49,17.462,16.636,0.102,0.805,0.075,g
2458432.71268,2018-11-10.2130357,bH,1.48,17.320,16.648,0.118,0.796,0.086,g
2458432.86267,2018-11-10.3630324,bl,1.51,16.550,16.436,0.197,0.967,0.174,g
2458432.86510,2018-11-10.3654650,bl,1.47,16.191,>16.191,99.990,0.885,0.242,g
2458433.77188,2018-11-11.2722517,bH,1.57,15.746,>15.746,99.990,0.652,0.365,g
2458433.77314,2018-11-11.2735120,bH,1.57,16.029,>16.029,99.990,1.129,0.281,g
2458436.76249,2018-11-14.2628935,bH,1.56,17.297,16.789,0.137,0.699,0.088,g
2458436.76376,2018-11-14.2641583,bH,1.50,17.391,16.576,0.103,0.851,0.080,g
2458436.76503,2018-11-14.2654311,bH,1.49,17.450,16.726,0.112,0.741,0.076,g
2458437.59332,2018-11-15.0937317,bp,1.54,17.408,16.225,0.074,1.176,0.079,g
2458437.59452,2018-11-15.0949369,bp,1.53,99.990,99.990,99.990,99.990,99.990,g
2458437.59573,2018-11-15.0961408,bp,1.49,99.990,99.990,99.990,99.990,99.990,g
2458437.64728,2018-11-15.1476974,bl,1.62,17.109,16.492,0.124,0.919,0.104,g
2458437.64850,2018-11-15.1489163,bl,1.62,17.020,16.670,0.159,0.779,0.113,g
2458437.64972,2018-11-15.1501341,bl,1.55,17.003,16.354,0.121,1.043,0.115,g
2458438.54730,2018-11-16.0477152,bp,1.60,17.343,16.457,0.097,0.949,0.084,g
2458438.54850,2018-11-16.0489180,bp,1.62,17.283,16.596,0.116,0.835,0.089,g
2458438.54970,2018-11-16.0501230,bp,1.60,17.455,16.558,0.096,0.865,0.076,g
2458438.63655,2018-11-16.1369734,bH,1.44,17.255,16.662,0.127,0.785,0.091,g
2458438.63783,2018-11-16.1382532,bH,1.40,17.114,16.898,0.179,0.632,0.104,g
2458438.63909,2018-11-16.1395171,bH,1.41,17.023,16.884,0.193,0.640,0.113,g
2458438.81719,2018-11-16.3176193,bH,1.43,17.440,16.909,0.134,0.626,0.077,g
2458438.81847,2018-11-16.3188942,bH,1.43,17.396,16.948,0.145,0.604,0.080,g
2458439.64461,2018-11-17.1450353,bH,1.45,16.961,>16.961,99.990,0.352,0.119,g
2458439.64587,2018-11-17.1463075,bH,1.46,16.997,16.437,0.131,0.967,0.115,g
2458439.64714,2018-11-17.1475723,bH,1.47,17.078,17.072,0.218,0.538,0.107,g
2458439.81732,2018-11-17.3177531,bl,1.51,17.289,16.408,0.097,0.993,0.088,g
2458439.81854,2018-11-17.3189777,bl,1.52,17.231,16.770,0.143,0.711,0.093,g
2458440.65256,2018-11-18.1530053,bH,2.01,16.714,16.602,0.197,0.831,0.150,g
2458440.65384,2018-11-18.1542783,bH,2.03,16.774,>16.774,99.990,0.672,0.142,g
2458440.65510,2018-11-18.1555465,bH,2.01,16.688,16.162,0.135,1.245,0.153,g
2458440.82469,2018-11-18.3251320,bl,1.46,17.364,16.689,0.118,0.766,0.082,g
2458440.82590,2018-11-18.3263476,bl,1.45,17.309,16.640,0.118,0.802,0.087,g
2458440.82712,2018-11-18.3275653,bl,1.49,17.154,16.727,0.148,0.740,0.100,g
2458441.46505,2018-11-18.9654986,bp,1.63,15.825,>15.825,99.990,0.530,0.340,g
2458441.46627,2018-11-18.9667145,bp,1.56,15.892,>15.892,99.990,0.794,0.319,g
2458441.75431,2018-11-19.2547630,bH,1.44,16.806,16.524,0.169,0.892,0.138,g
2458441.75558,2018-11-19.2560327,bH,1.46,16.900,16.608,0.168,0.825,0.126,g
2458441.75684,2018-11-19.2572965,bH,1.47,16.941,16.667,0.170,0.782,0.122,g
2458443.64720,2018-11-21.1476658,bH,1.43,16.428,16.391,0.212,1.008,0.195,g
2458443.64847,2018-11-21.1489357,bH,1.45,16.429,>16.429,99.990,0.847,0.195,g
2458443.64973,2018-11-21.1502005,bH,1.46,16.457,>16.457,99.990,0.757,0.190,g
2458444.75074,2018-11-22.2512244,bl,1.48,16.398,16.251,0.192,1.147,0.200,g
2458444.75195,2018-11-22.2524362,bl,1.52,16.235,>16.235,99.990,0.764,0.233,g
2458444.75317,2018-11-22.2536598,bl,1.51,16.326,>16.326,99.990,0.790,0.214,g
2458445.64615,2018-11-23.1466392,bl,1.68,15.828,>15.828,99.990,0.942,0.339,g
2458445.64737,2018-11-23.1478607,bl,1.73,15.903,>15.903,99.990,1.316,0.316,g
2458445.64859,2018-11-23.1490762,bl,1.73,15.943,15.819,0.196,1.708,0.305,g
2458446.53943,2018-11-24.0399209,bp,1.50,16.460,>16.460,99.990,0.083,0.189,g
2458446.54063,2018-11-24.0411297,bp,1.51,16.353,>16.353,99.990,0.895,0.209,g
2458446.54185,2018-11-24.0423462,bp,1.51,16.453,>16.453,99.990,0.568,0.191,g
2458446.76136,2018-11-24.2618616,bH,1.49,16.437,>16.437,99.990,0.738,0.193,g
2458446.76266,2018-11-24.2631538,bH,1.47,16.360,>16.360,99.990,0.730,0.208,g
2458446.76393,2018-11-24.2644332,bH,1.45,16.342,>16.342,99.990,0.781,0.211,g
2458447.53681,2018-11-25.0373217,bp,1.52,16.543,16.469,0.205,0.939,0.175,g
2458447.53803,2018-11-25.0385408,bp,1.57,16.479,>16.479,99.990,0.613,0.186,g
2458447.53924,2018-11-25.0397567,bp,1.49,16.565,>16.565,99.990,0.660,0.172,g
2458447.72033,2018-11-25.2208372,bH,1.46,16.528,>16.528,99.990,0.605,0.178,g
2458447.72160,2018-11-25.2221045,bH,1.40,16.622,16.257,0.157,1.141,0.163,g
2458447.72287,2018-11-25.2233761,bH,1.45,16.741,>16.741,99.990,0.553,0.146,g
2458448.78498,2018-11-26.2854969,bH,1.40,16.601,>16.601,99.990,0.761,0.166,g
2458448.78625,2018-11-26.2867692,bH,1.47,16.583,16.273,0.165,1.124,0.169,g
2458448.78753,2018-11-26.2880474,bH,1.46,16.583,>16.583,99.990,0.535,0.169,g
2458449.77671,2018-11-27.2772400,bl,1.45,16.727,16.640,0.202,0.802,0.148,g
2458449.77793,2018-11-27.2784532,bl,1.53,16.697,>16.697,99.990,0.490,0.152,g
2458449.77914,2018-11-27.2796722,bl,1.47,16.732,>16.732,99.990,0.577,0.147,g
2458450.63042,2018-11-28.1309553,bl,1.51,17.254,16.727,0.135,0.740,0.091,g
2458450.63163,2018-11-28.1321689,bl,1.55,17.267,16.700,0.130,0.759,0.090,g
2458450.63285,2018-11-28.1333846,bl,1.48,17.436,16.675,0.109,0.776,0.077,g
2458450.81591,2018-11-28.3164444,bl,1.46,16.927,16.525,0.152,0.891,0.123,g
2458450.81712,2018-11-28.3176658,bl,1.5,16.859,>16.859,99.990,0.565,0.131,g
2458450.81835,2018-11-28.3188954,bl,1.48,16.751,>16.751,99.990,0.712,0.145,g
2458451.44819,2018-11-28.9487219,bp,1.54,99.990,99.990,99.990,99.990,99.990,g
2458451.44939,2018-11-28.9499284,bp,1.56,17.296,16.815,0.141,0.682,0.088,g
2458451.45061,2018-11-28.9511493,bp,1.60,99.990,99.990,99.990,99.990,99.990,g
2458451.62828,2018-11-29.1288244,bl,1.55,17.210,16.323,0.097,1.074,0.095,g
2458451.62950,2018-11-29.1300453,bl,1.57,17.166,16.638,0.135,0.803,0.099,g
2458451.63072,2018-11-29.1312622,bl,1.52,17.135,16.262,0.098,1.136,0.102,g
2458451.81401,2018-11-29.3145505,bH,1.40,16.988,16.655,0.161,0.791,0.116,g
2458451.81528,2018-11-29.3158229,bH,1.40,17.086,17.030,0.208,0.560,0.106,g
2458451.81654,2018-11-29.3170851,bH,1.39,17.152,17.107,0.210,0.521,0.100,g
2458452.37767,2018-11-29.8782153,bp,1.60,17.314,16.526,0.106,0.890,0.086,g
2458452.37888,2018-11-29.8794277,bp,1.58,17.487,16.750,0.111,0.725,0.074,g
2458452.38009,2018-11-29.8806362,bp,1.56,17.464,16.622,0.101,0.816,0.075,g
2458452.77694,2018-11-30.2774868,bl,1.45,17.110,16.945,0.188,0.605,0.104,g
2458452.77816,2018-11-30.2787119,bl,1.47,17.047,16.506,0.133,0.907,0.110,g
2458452.77940,2018-11-30.2799435,bl,1.51,16.921,16.727,0.183,0.740,0.124,g
2458453.39597,2018-11-30.8965167,bp,1.53,17.339,16.872,0.142,0.647,0.084,g
2458453.39720,2018-11-30.8977479,bp,1.52,17.246,16.701,0.132,0.758,0.092,g
2458453.39840,2018-11-30.8989615,bp,1.52,17.151,16.990,0.189,0.580,0.100,g
2458453.78146,2018-12-01.2820174,bH,1.44,17.278,16.694,0.128,0.763,0.089,g
2458453.78273,2018-12-01.2832880,bH,1.42,17.239,16.742,0.138,0.730,0.092,g
2458453.78399,2018-12-01.2845417,bH,1.47,17.367,16.620,0.110,0.817,0.082,g
2458454.72812,2018-12-02.2286878,bH,1.48,17.295,16.770,0.135,0.712,0.088,g
2458454.72939,2018-12-02.2299515,bH,1.41,17.382,16.703,0.117,0.756,0.081,g
2458455.66442,2018-12-03.1649982,bl,1.60,17.227,16.298,0.093,1.098,0.093,g
2458455.66565,2018-12-03.1662197,bl,1.62,17.221,16.519,0.115,0.897,0.094,g
2458455.66686,2018-12-03.1674364,bl,1.6,17.168,16.266,0.095,1.130,0.099,g
2458456.74308,2018-12-04.2436677,bl,2.01,17.111,16.152,0.090,1.257,0.104,g
2458456.74430,2018-12-04.2448892,bl,1.68,17.038,16.017,0.085,1.423,0.111,g
2458456.74553,2018-12-04.2461119,bl,2.02,17.138,16.254,0.097,1.144,0.101,g
2458457.69553,2018-12-05.1961140,bl,1.58,17.302,16.392,0.095,1.008,0.087,g
2458457.69673,2018-12-05.1973246,bl,1.56,17.134,16.366,0.108,1.032,0.102,g
2458457.69795,2018-12-05.1985437,bl,1.55,17.263,16.468,0.105,0.939,0.090,g
2458458.71427,2018-12-06.2148633,bl,1.48,17.353,16.413,0.092,0.988,0.083,g
2458458.71549,2018-12-06.2160825,bl,1.46,17.293,17.068,0.178,0.541,0.088,g
2458458.71670,2018-12-06.2172983,bl,1.48,17.360,16.933,0.148,0.612,0.083,g
2458459.71642,2018-12-07.2170164,bl,1.47,17.268,16.711,0.131,0.751,0.090,g
2458459.71764,2018-12-07.2182413,bl,1.45,17.183,16.560,0.123,0.864,0.097,g
2458459.71886,2018-12-07.2194555,bl,1.46,17.327,16.751,0.129,0.724,0.085,g
2458460.57600,2018-12-08.0766024,bH,1.50,17.390,16.496,0.096,0.915,0.080,g
2458460.57726,2018-12-08.0778710,bH,1.50,17.312,16.617,0.115,0.818,0.086,g
2458460.57854,2018-12-08.0791400,bH,1.49,17.322,16.812,0.137,0.684,0.086,g
2458462.75581,2018-12-10.2564350,bH,1.41,17.381,16.944,0.146,0.606,0.081,g
2458462.75709,2018-12-10.2577061,bH,1.42,17.328,16.513,0.103,0.900,0.085,g
2458462.75834,2018-12-10.2589650,bH,1.44,17.442,16.663,0.107,0.785,0.077,g
2458465.66717,2018-12-13.1678067,bH,1.49,17.555,16.717,0.101,0.747,0.069,g
2458465.66843,2018-12-13.1690737,bH,1.45,17.469,16.952,0.136,0.602,0.075,g
2458465.66971,2018-12-13.1703482,bH,1.46,17.527,16.866,0.119,0.651,0.071,g
2458466.66544,2018-12-14.1660858,bH,1.42,17.246,16.765,0.141,0.715,0.092,g
2458466.66672,2018-12-14.1673657,bH,1.40,17.307,16.736,0.130,0.733,0.087,g
2458466.66798,2018-12-14.1686293,bH,1.40,17.332,16.933,0.152,0.612,0.085,g
2458467.55235,2018-12-15.0529957,bH,1.73,16.383,>16.383,99.990,0.480,0.203,g
2458467.55362,2018-12-15.0542660,bH,1.70,16.527,>16.527,99.990,0.552,0.178,g
2458467.55489,2018-12-15.0555377,bH,1.67,16.819,>16.819,99.990,0.622,0.136,g
2458467.74808,2018-12-15.2487371,bl,1.48,17.223,16.739,0.140,0.731,0.094,g
2458467.74931,2018-12-15.2499606,bl,1.45,17.248,16.730,0.136,0.738,0.092,g
2458468.56282,2018-12-16.0634712,bl,1.55,16.935,16.437,0.139,0.966,0.122,g
2458468.56403,2018-12-16.0646819,bl,1.52,16.837,>16.837,99.990,0.590,0.134,g
2458468.56524,2018-12-16.0658988,bl,1.51,16.916,16.495,0.149,0.917,0.124,g
2458468.80458,2018-12-16.3052302,bl,1.56,17.208,16.726,0.141,0.741,0.095,g
2458468.80579,2018-12-16.3064513,bl,1.61,17.295,16.555,0.111,0.867,0.088,g
2458468.80701,2018-12-16.3076702,bl,1.57,17.231,16.703,0.135,0.757,0.093,g
2458469.54945,2018-12-17.0501068,bH,1.70,16.856,16.456,0.152,0.950,0.131,g
2458469.55071,2018-12-17.0513674,bH,1.74,16.977,16.669,0.165,0.780,0.118,g
2458469.55199,2018-12-17.0526444,bH,1.75,16.802,16.234,0.130,1.164,0.138,g
2458470.49540,2018-12-17.9960660,bp,1.56,14.347,>14.347,99.990,-0.664,1.325,g
2458470.52895,2018-12-18.0296103,bl,1.53,99.990,99.990,99.990,99.990,99.990,g
2458471.53484,2018-12-19.0355017,bH,1.44,16.381,>16.381,99.990,0.645,0.204,g
2458471.53611,2018-12-19.0367761,bH,1.45,16.660,>16.660,99.990,0.601,0.157,g
2458471.53737,2018-12-19.0380418,bH,1.48,16.449,>16.449,99.990,0.909,0.191,g
2458471.80572,2018-12-19.3063865,bH,1.40,17.490,16.592,0.096,0.838,0.073,g
2458471.80827,2018-12-19.3089332,bH,1.38,17.273,16.796,0.141,0.695,0.090,g
2458472.53128,2018-12-20.0319486,bH,1.83,16.333,>16.333,99.990,0.425,0.213,g
2458472.53255,2018-12-20.0332265,bH,1.78,16.132,>16.132,99.990,1.110,0.256,g
2458472.53384,2018-12-20.0345082,bH,1.79,16.207,>16.207,99.990,0.022,0.239,g
2458472.76038,2018-12-20.2610495,bH,1.42,16.647,>16.647,99.990,0.718,0.159,g
2458472.76164,2018-12-20.2623114,bH,1.43,16.769,>16.769,99.990,0.587,0.142,g
2458472.76290,2018-12-20.2635754,bH,1.43,16.714,>16.714,99.990,0.669,0.150,g
2458473.62049,2018-12-21.1211609,bl,1.55,16.366,16.200,0.188,1.202,0.206,g
2458473.62169,2018-12-21.1223730,bl,1.5,16.277,>16.277,99.990,0.618,0.224,g
2458473.62291,2018-12-21.1235898,bl,1.55,16.368,>16.368,99.990,0.767,0.206,g
2458474.74682,2018-12-22.2475021,bl,1.48,15.997,>15.997,99.990,0.071,0.290,g
2458474.74803,2018-12-22.2487141,bl,1.52,16.083,>16.083,99.990,0.789,0.268,g
2458474.74925,2018-12-22.2499353,bl,1.5,16.008,>16.008,99.990,1.096,0.287,g
2458475.71376,2018-12-23.2144439,bl,1.54,16.146,>16.146,99.990,0.829,0.253,g
2458475.71498,2018-12-23.2156619,bl,1.48,16.085,>16.085,99.990,0.524,0.267,g
2458475.71619,2018-12-23.2168796,bl,1.58,16.104,>16.104,99.990,1.099,0.263,g
2458476.66949,2018-12-24.1701789,bl,1.49,16.206,>16.206,99.990,0.706,0.239,g
2458476.67070,2018-12-24.1713960,bl,1.47,16.292,>16.292,99.990,1.019,0.221,g
2458476.67192,2018-12-24.1726128,bl,1.49,16.257,>16.257,99.990,0.831,0.228,g
2458477.71854,2018-12-25.2192283,bH,1.42,16.682,>16.682,99.990,0.720,0.154,g
2458477.71980,2018-12-25.2204925,bH,1.48,16.586,>16.586,99.990,0.679,0.168,g
2458477.72107,2018-12-25.2217603,bH,1.42,16.525,>16.525,99.990,0.666,0.178,g
2458478.44040,2018-12-25.9410887,bp,1.53,16.802,16.649,0.190,0.795,0.138,g
2458478.44160,2018-12-25.9422905,bp,1.55,16.785,16.447,0.161,0.957,0.140,g
2458478.57378,2018-12-26.0744771,bl,1.52,17.237,16.648,0.127,0.796,0.093,g
2458478.57500,2018-12-26.0756998,bl,1.49,17.198,16.783,0.150,0.702,0.096,g
2458478.57623,2018-12-26.0769189,bl,1.51,17.255,16.434,0.103,0.969,0.091,g
2458478.78148,2018-12-26.2821762,bl,1.5,16.469,>16.469,99.990,0.937,0.188,g
2458478.78270,2018-12-26.2833940,bl,1.5,16.644,>16.644,99.990,0.353,0.160,g
2458479.68782,2018-12-27.1885093,bH,1.43,16.944,16.781,0.189,0.704,0.121,g
2458479.68908,2018-12-27.1897754,bH,1.46,16.952,16.707,0.175,0.754,0.120,g
2458479.69037,2018-12-27.1910628,bH,1.47,16.922,16.481,0.146,0.928,0.124,g
2458480.54948,2018-12-28.0501709,bl,1.71,17.125,16.694,0.147,0.763,0.103,g
2458480.55069,2018-12-28.0513864,bl,1.73,17.280,16.947,0.161,0.605,0.089,g
2458480.73030,2018-12-28.2309946,bl,1.54,16.899,16.651,0.174,0.794,0.126,g
2458480.73152,2018-12-28.2322175,bl,1.58,17.010,16.699,0.164,0.760,0.114,g
2458480.73274,2018-12-28.2334318,bl,1.62,16.951,16.692,0.173,0.764,0.120,g
2458481.56608,2018-12-29.0667788,bl,1.5,17.268,17.154,0.197,0.499,0.090,g
2458481.56730,2018-12-29.0680026,bl,1.48,17.308,16.672,0.122,0.778,0.087,g
2458481.56852,2018-12-29.0692185,bl,1.45,17.323,16.838,0.140,0.668,0.086,g
2458481.74446,2018-12-29.2451591,bl,1.68,17.150,16.661,0.140,0.787,0.100,g
2458481.74568,2018-12-29.2463737,bl,1.67,16.955,16.588,0.156,0.841,0.120,g
2458481.74689,2018-12-29.2475895,bl,1.58,16.930,>16.930,99.990,0.602,0.123,g
2458482.32576,2018-12-29.8264572,bp,1.52,17.404,16.655,0.110,0.790,0.079,g
2458482.32696,2018-12-29.8276649,bp,1.53,17.528,16.974,0.131,0.590,0.071,g
2458482.32818,2018-12-29.8288809,bp,1.52,17.501,16.673,0.102,0.778,0.073,g
2458482.74916,2018-12-30.2498629,bl,1.47,17.149,16.785,0.157,0.701,0.100,g
2458483.71955,2018-12-31.2202534,bl,1.59,17.293,16.709,0.128,0.752,0.088,g
2458483.72077,2018-12-31.2214658,bl,1.57,17.198,16.911,0.168,0.625,0.096,g
2458484.76435,2019-01-01.2650553,bl,1.43,17.227,16.674,0.132,0.777,0.093,g
2458484.76678,2019-01-01.2674837,bl,1.44,17.116,16.832,0.169,0.672,0.103,g
2458486.72031,2019-01-03.2210167,bH,1.46,17.140,16.627,0.137,0.812,0.101,g
2458486.72295,2019-01-03.2236645,bH,1.41,17.473,16.712,0.109,0.750,0.074,g
2458487.70875,2019-01-04.2094660,bl,1.5,17.255,16.680,0.129,0.773,0.091,g
2458487.70998,2019-01-04.2106840,bl,1.47,17.430,16.590,0.101,0.839,0.077,g
2458487.71118,2019-01-04.2118994,bl,1.45,17.307,16.761,0.132,0.717,0.087,g
2458488.72385,2019-01-05.2245543,bl,1.51,17.072,16.584,0.140,0.844,0.108,g
2458488.72507,2019-01-05.2257827,bl,1.47,17.213,16.661,0.132,0.786,0.095,g
2458488.72630,2019-01-05.2270057,bl,1.52,17.207,>17.207,99.990,0.466,0.095,g
2458489.70923,2019-01-06.2099337,bl,1.49,17.157,17.105,0.209,0.522,0.100,g
2458490.69825,2019-01-07.1989565,bl,1.56,17.266,16.720,0.132,0.745,0.090,g
2458490.69946,2019-01-07.2001710,bl,1.53,17.301,16.886,0.149,0.639,0.087,g
2458491.77936,2019-01-08.2800712,bH,1.52,17.388,16.731,0.120,0.737,0.081,g
2458491.78064,2019-01-08.2813469,bH,1.48,17.298,16.813,0.140,0.683,0.087,g
2458491.78191,2019-01-08.2826158,bH,1.48,17.285,16.596,0.116,0.835,0.089,g
2458492.70909,2019-01-09.2097940,bl,1.48,17.178,16.899,0.170,0.631,0.098,g
2458492.71031,2019-01-09.2110201,bl,1.5,17.275,16.568,0.114,0.856,0.089,g
2458492.71153,2019-01-09.2122310,bl,1.46,17.283,16.863,0.149,0.653,0.089,g
2458493.60841,2019-01-10.1091228,bH,1.64,17.399,16.881,0.136,0.643,0.080,g
2458493.60969,2019-01-10.1103978,bH,1.64,17.253,16.656,0.126,0.790,0.091,g
2458493.61095,2019-01-10.1116651,bH,1.66,17.275,16.538,0.111,0.881,0.089,g
2458494.78232,2019-01-11.2830307,bl,1.5,17.318,16.667,0.120,0.782,0.086,g
2458494.78354,2019-01-11.2842462,bl,1.43,17.266,>17.266,99.990,0.399,0.090,g
2458494.78475,2019-01-11.2854631,bl,1.45,17.211,16.615,0.126,0.820,0.095,g
2458495.74008,2019-01-12.2407891,bH,1.44,17.321,16.828,0.139,0.674,0.086,g
2458495.74137,2019-01-12.2420760,bH,1.42,17.345,17.332,0.217,0.424,0.084,g
2458495.74265,2019-01-12.2433579,bH,1.44,17.158,16.878,0.169,0.644,0.099,g
2458497.70861,2019-01-14.2093152,bH,1.38,17.488,16.810,0.117,0.686,0.073,g
2458497.70987,2019-01-14.2105748,bH,1.43,17.382,16.776,0.125,0.707,0.081,g
2458497.71115,2019-01-14.2118484,bH,1.41,17.274,16.622,0.120,0.815,0.089,g
2458498.62241,2019-01-15.1231157,bl,1.56,16.958,16.590,0.156,0.840,0.120,g
2458498.62362,2019-01-15.1243299,bl,1.47,16.872,16.671,0.182,0.779,0.130,g
2458498.62484,2019-01-15.1255490,bl,1.48,16.899,16.325,0.129,1.072,0.126,g
2458499.74399,2019-01-16.2446929,bH,1.46,17.278,16.768,0.137,0.713,0.089,g
2458499.74526,2019-01-16.2459599,bH,1.52,17.307,16.601,0.114,0.831,0.087,g
2458499.74653,2019-01-16.2472332,bH,1.51,17.227,16.753,0.142,0.722,0.093,g
2458502.75457,2019-01-19.2552656,bH,1.45,16.353,>16.353,99.990,0.909,0.209,g
2458502.75586,2019-01-19.2565484,bH,1.42,16.452,>16.452,99.990,0.754,0.191,g
2458503.75805,2019-01-20.2587439,bH,1.58,16.080,>16.080,99.990,0.791,0.269,g
2458503.75931,2019-01-20.2600089,bH,1.51,16.061,>16.061,99.990,1.289,0.273,g
2458503.76058,2019-01-20.2612731,bH,1.53,16.199,>16.199,99.990,0.652,0.241,g
2458505.67287,2019-01-22.1735635,bl,1.5,16.146,>16.146,99.990,0.593,0.253,g
2458505.67408,2019-01-22.1747733,bl,1.52,16.166,>16.166,99.990,1.002,0.248,g
2458505.67530,2019-01-22.1759913,bl,1.59,16.099,>16.099,99.990,0.476,0.264,g
2458506.64742,2019-01-23.1481079,bH,1.43,16.449,>16.449,99.990,0.777,0.191,g
2458506.64870,2019-01-23.1493825,bH,1.42,16.502,>16.502,99.990,0.601,0.182,g
2458506.64996,2019-01-23.1506498,bH,1.41,16.582,>16.582,99.990,0.557,0.169,g
2458507.55356,2019-01-24.0542460,bl,1.44,17.229,16.591,0.122,0.839,0.093,g
2458507.55477,2019-01-24.0554626,bl,1.46,17.221,17.000,0.179,0.575,0.094,g
2458507.55599,2019-01-24.0566768,bl,1.46,17.250,16.741,0.137,0.730,0.091,g
2458507.74828,2019-01-24.2489619,bH,1.45,16.597,>16.597,99.990,0.683,0.167,g
2458507.74957,2019-01-24.2502478,bH,1.50,16.643,>16.643,99.990,0.752,0.160,g
2458507.75084,2019-01-24.2515222,bH,1.45,16.572,>16.572,99.990,0.775,0.171,g
2458508.36899,2019-01-24.8696655,bp,1.50,16.953,16.531,0.149,0.886,0.120,g
2458508.37020,2019-01-24.8708740,bp,1.53,17.187,16.883,0.166,0.641,0.097,g
2458508.37140,2019-01-24.8720813,bp,1.51,17.066,>17.066,99.990,0.472,0.108,g
2458508.71248,2019-01-25.2131537,bl,1.49,16.572,>16.572,99.990,0.616,0.171,g
2458508.71369,2019-01-25.2143658,bl,1.45,16.604,>16.604,99.990,0.783,0.166,g
2458508.71491,2019-01-25.2155885,bl,1.48,16.598,>16.598,99.990,0.587,0.167,g
2458509.37665,2019-01-25.8773206,bp,1.55,99.990,99.990,99.990,99.990,99.990,g
2458509.37787,2019-01-25.8785376,bp,1.55,99.990,99.990,99.990,99.990,99.990,g
2458509.37907,2019-01-25.8797425,bp,1.53,99.990,99.990,99.990,99.990,99.990,g
2458509.55000,2019-01-26.0506714,bH,1.51,17.275,16.966,0.165,0.594,0.089,g
2458509.55129,2019-01-26.0519614,bH,1.49,17.379,16.563,0.103,0.861,0.081,g
2458509.55255,2019-01-26.0532259,bH,1.50,17.171,16.496,0.118,0.916,0.098,g
2458509.74083,2019-01-26.2415019,bH,1.37,16.719,>16.719,99.990,0.706,0.149,g
2458509.74210,2019-01-26.2427703,bH,1.42,16.720,16.609,0.198,0.825,0.149,g
2458509.74342,2019-01-26.2441012,bH,1.38,16.697,>16.697,99.990,0.463,0.152,g
2458510.35064,2019-01-26.8513144,bp,1.49,99.990,99.990,99.990,99.990,99.990,g
2458510.35190,2019-01-26.8525722,bp,1.48,99.990,99.990,99.990,99.990,99.990,g
2458510.35313,2019-01-26.8538078,bp,1.54,99.990,99.990,99.990,99.990,99.990,g
2458510.72877,2019-01-27.2294401,bH,1.45,16.811,>16.811,99.990,0.634,0.137,g
2458510.73005,2019-01-27.2307158,bH,1.47,16.844,>16.844,99.990,0.535,0.133,g
2458510.73132,2019-01-27.2319898,bH,1.44,16.845,>16.845,99.990,0.662,0.133,g
2458511.39046,2019-01-27.8911237,bp,1.58,99.990,99.990,99.990,99.990,99.990,g
2458511.39167,2019-01-27.8923314,bp,1.63,99.990,99.990,99.990,99.990,99.990,g
2458511.39293,2019-01-27.8935940,bp,1.60,99.990,99.990,99.990,99.990,99.990,g
2458511.73093,2019-01-28.2315949,bl,1.49,16.963,16.449,0.136,0.956,0.119,g
2458511.73215,2019-01-28.2328160,bl,1.48,17.002,16.963,0.211,0.596,0.115,g
2458511.73337,2019-01-28.2340329,bl,1.49,17.101,16.935,0.188,0.611,0.105,g
2458512.37519,2019-01-28.8758559,bp,1.48,17.487,16.599,0.097,0.833,0.074,g
2458512.37639,2019-01-28.8770603,bp,1.52,17.440,16.917,0.135,0.621,0.077,g
2458512.37761,2019-01-28.8782782,bp,1.50,17.454,16.622,0.102,0.815,0.076,g
2458512.72797,2019-01-29.2286376,bH,1.62,17.069,16.632,0.146,0.808,0.108,g
2458512.72925,2019-01-29.2299099,bH,1.67,17.075,16.206,0.098,1.195,0.108,g
2458512.73051,2019-01-29.2311741,bH,1.64,17.039,16.661,0.155,0.786,0.111,g
2458513.36071,2019-01-29.8613765,bp,1.51,17.636,16.827,0.104,0.675,0.064,g
2458513.36193,2019-01-29.8625876,bp,1.49,17.496,16.751,0.110,0.724,0.073,g
2458513.36315,2019-01-29.8638067,bp,1.46,17.528,16.609,0.094,0.825,0.071,g
2458513.72174,2019-01-30.2223967,bl,1.48,17.116,16.715,0.151,0.748,0.103,g
2458513.72295,2019-01-30.2236086,bl,1.5,17.201,16.790,0.150,0.698,0.096,g
2458513.72417,2019-01-30.2248240,bl,1.49,17.086,16.788,0.167,0.699,0.106,g
2458514.68858,2019-01-31.1892353,bl,1.45,17.095,17.083,0.217,0.533,0.106,g
2458514.68979,2019-01-31.1904488,bl,1.51,17.186,16.705,0.141,0.755,0.097,g
2458514.69101,2019-01-31.1916619,bl,1.46,17.278,16.673,0.125,0.778,0.089,g
2458515.62086,2019-02-01.1215064,bl,1.52,17.062,16.555,0.137,0.867,0.109,g
2458515.62209,2019-02-01.1227325,bl,1.52,17.171,16.853,0.163,0.659,0.098,g
2458515.62331,2019-02-01.1239575,bl,1.51,17.092,16.531,0.131,0.887,0.106,g
2458516.68045,2019-02-02.1810895,bl,1.45,17.266,16.704,0.131,0.756,0.090,g
2458516.68166,2019-02-02.1823123,bl,1.47,17.174,16.825,0.159,0.676,0.098,g
2458516.68288,2019-02-02.1835312,bl,1.49,17.064,16.727,0.161,0.740,0.109,g
2458517.72042,2019-02-03.2210591,bH,1.42,17.309,17.026,0.169,0.561,0.087,g
2458517.72180,2019-02-03.2224361,bH,1.41,17.286,16.561,0.112,0.862,0.088,g
2458517.72304,2019-02-03.2236729,bH,1.43,17.267,16.610,0.119,0.824,0.090,g
2458518.61581,2019-02-04.1164379,bl,1.42,17.330,17.142,0.184,0.505,0.085,g
2458518.61703,2019-02-04.1176570,bl,1.45,17.263,16.833,0.147,0.671,0.090,g
2458518.61824,2019-02-04.1188724,bl,1.47,17.275,16.751,0.135,0.723,0.089,g
2458519.71625,2019-02-05.2168753,bH,1.42,17.373,16.618,0.109,0.818,0.082,g
2458519.71752,2019-02-05.2181432,bH,1.45,17.344,16.748,0.126,0.726,0.084,g
2458519.71878,2019-02-05.2194065,bH,1.48,17.571,17.045,0.135,0.552,0.068,g
2458520.67896,2019-02-06.1795776,bH,1.41,17.350,16.633,0.113,0.807,0.083,g
2458520.68023,2019-02-06.1808456,bH,1.42,17.393,16.950,0.146,0.603,0.080,g
2458520.68149,2019-02-06.1821079,bH,1.44,17.353,16.699,0.120,0.760,0.083,g
2458522.66520,2019-02-08.1658068,bl,1.48,17.104,16.937,0.188,0.610,0.105,g
2458522.66642,2019-02-08.1670221,bl,1.52,16.804,>16.804,99.990,0.686,0.138,g
2458522.66763,2019-02-08.1682363,bl,1.53,16.951,16.825,0.195,0.676,0.120,g
2458523.60530,2019-02-09.1058969,bH,1.42,17.270,16.750,0.136,0.724,0.090,g
2458523.60658,2019-02-09.1071790,bH,1.42,17.290,16.982,0.165,0.585,0.088,g
2458523.60785,2019-02-09.1084520,bH,1.43,17.344,17.171,0.187,0.492,0.084,g
2458525.59571,2019-02-11.0962931,bH,1.41,17.151,16.756,0.152,0.721,0.100,g
2458525.59699,2019-02-11.0975733,bH,1.40,17.071,>17.071,99.990,0.532,0.108,g
2458525.59826,2019-02-11.0988450,bH,1.42,16.982,16.891,0.201,0.636,0.117,g
2458526.62252,2019-02-12.1231025,bH,1.44,17.167,16.655,0.137,0.791,0.099,g
2458526.62380,2019-02-12.1243841,bH,1.46,16.990,16.622,0.156,0.816,0.116,g
2458526.62508,2019-02-12.1256579,bH,1.46,17.150,>17.150,99.990,0.460,0.100,g
2458527.63347,2019-02-13.1340451,bH,1.50,17.152,16.845,0.165,0.664,0.100,g
2458527.63473,2019-02-13.1353070,bH,1.42,17.119,17.094,0.214,0.528,0.103,g
2458527.63600,2019-02-13.1365692,bH,1.50,17.065,16.423,0.121,0.979,0.108,g
2458530.67459,2019-02-16.1751393,bl,1.5,16.531,16.530,0.219,0.887,0.177,g
2458530.67581,2019-02-16.1763622,bl,1.50,16.511,>16.511,99.990,0.800,0.181,g
2458530.67703,2019-02-16.1775803,bl,1.45,16.492,>16.492,99.990,0.484,0.184,g
2458531.64464,2019-02-17.1451842,bl,1.43,16.180,>16.180,99.990,0.616,0.245,g
2458531.64585,2019-02-17.1463996,bl,1.49,16.315,>16.315,99.990,0.655,0.216,g
2458531.64708,2019-02-17.1476210,bl,1.42,16.446,>16.446,99.990,0.860,0.192,g
2458532.57637,2019-02-18.0768982,bl,1.49,16.350,>16.350,99.990,0.433,0.209,g
2458532.57759,2019-02-18.0781160,bl,1.49,16.315,>16.315,99.990,0.935,0.216,g
2458532.57880,2019-02-18.0793350,bl,1.5,16.152,>16.152,99.990,0.876,0.251,g
2458533.64213,2019-02-19.1426584,bl,1.54,15.982,>15.982,99.990,0.584,0.294,g
2458533.64334,2019-02-19.1438788,bl,1.47,15.972,>15.972,99.990,0.703,0.297,g
2458533.64456,2019-02-19.1450934,bl,1.5,15.994,>15.994,99.990,0.993,0.291,g
2458534.60455,2019-02-20.1050706,bH,1.50,16.119,>16.119,99.990,-0.154,0.259,g
2458534.60582,2019-02-20.1063355,bH,1.47,16.168,>16.168,99.990,0.734,0.248,g
2458534.60710,2019-02-20.1076144,bH,1.50,16.122,>16.122,99.990,0.951,0.258,g
2458535.27447,2019-02-20.7749793,bp,1.64,14.548,>14.548,99.990,0.177,1.101,g
2458535.27568,2019-02-20.7761913,bp,1.59,16.532,>16.532,99.990,0.735,0.177,g
2458535.27690,2019-02-20.7774046,bp,1.55,16.825,>16.825,99.990,0.369,0.135,g
2458535.65964,2019-02-21.1601415,bl,1.49,16.221,>16.221,99.990,1.097,0.236,g
2458535.66086,2019-02-21.1613644,bl,1.44,16.189,>16.189,99.990,0.743,0.243,g
2458535.66208,2019-02-21.1625834,bl,1.45,16.222,>16.222,99.990,0.169,0.236,g
2458536.66525,2019-02-22.1657483,bH,1.45,16.419,>16.419,99.990,0.650,0.197,g
2458536.66781,2019-02-22.1683009,bH,1.45,16.459,>16.459,99.990,0.202,0.189,g
2458537.33410,2019-02-22.8345890,bp,1.60,17.027,16.547,0.141,0.874,0.112,g
2458537.33534,2019-02-22.8358327,bp,1.58,16.822,>16.822,99.990,0.657,0.136,g
2458537.33655,2019-02-22.8370423,bp,1.65,16.906,16.428,0.141,0.975,0.126,g
2458537.66107,2019-02-23.1615623,bH,1.47,16.615,16.360,0.173,1.038,0.164,g
2458537.66235,2019-02-23.1628396,bH,1.47,16.619,16.472,0.191,0.937,0.164,g
2458537.66362,2019-02-23.1641033,bH,1.49,16.537,>16.537,99.990,0.385,0.176,g
2458538.26803,2019-02-23.7685129,bp,1.61,17.239,16.712,0.135,0.750,0.092,g
2458538.26924,2019-02-23.7697287,bp,1.61,17.291,16.683,0.125,0.771,0.088,g
2458538.27046,2019-02-23.7709482,bp,1.57,17.446,16.506,0.092,0.907,0.076,g
2458538.65677,2019-02-24.1572526,bH,1.41,16.873,16.752,0.196,0.723,0.129,g
2458538.65803,2019-02-24.1585180,bH,1.41,16.941,>16.941,99.990,0.561,0.122,g
2458538.65930,2019-02-24.1597809,bH,1.38,16.828,16.782,0.210,0.703,0.135,g
2458539.27085,2019-02-24.7713247,bp,2.04,17.381,16.361,0.086,1.037,0.081,g
2458539.27207,2019-02-24.7725513,bp,2.00,17.337,16.449,0.097,0.956,0.084,g
2458539.27330,2019-02-24.7737777,bp,1.79,17.384,16.318,0.082,1.079,0.081,g
2458539.65617,2019-02-25.1566371,bH,1.43,17.196,16.581,0.124,0.846,0.096,g
2458539.65744,2019-02-25.1579119,bH,1.41,16.964,>16.964,99.990,0.559,0.119,g
2458539.65871,2019-02-25.1591834,bH,1.43,17.040,16.437,0.126,0.967,0.111,g
2458540.65496,2019-02-26.1554349,bH,1.41,17.254,16.602,0.120,0.830,0.091,g
2458540.65625,2019-02-26.1567196,bH,1.41,17.385,16.711,0.118,0.751,0.081,g
2458540.65751,2019-02-26.1579807,bH,1.42,17.354,16.873,0.141,0.647,0.083,g
2458542.64579,2019-02-28.1462340,bH,1.48,17.444,16.895,0.132,0.634,0.077,g
2458542.64704,2019-02-28.1474803,bH,1.48,17.286,16.568,0.113,0.857,0.088,g
2458542.64831,2019-02-28.1487565,bH,1.45,17.196,16.465,0.112,0.942,0.096,g
2458543.59845,2019-03-01.0988800,bl,1.43,17.265,16.705,0.131,0.755,0.090,g
2458543.59967,2019-03-01.1001046,bl,1.48,17.262,16.716,0.132,0.748,0.090,g
2458543.60090,2019-03-01.1013261,bl,1.42,17.302,16.701,0.126,0.758,0.087,g
2458544.63652,2019-03-02.1369445,bH,1.52,17.289,16.576,0.114,0.850,0.088,g
2458544.63780,2019-03-02.1382221,bH,1.50,17.292,16.741,0.132,0.730,0.088,g
2458544.63906,2019-03-02.1394864,bH,1.48,17.329,16.565,0.108,0.859,0.085,g
2458545.63535,2019-03-03.1357582,bH,1.46,17.054,16.761,0.167,0.717,0.110,g
2458545.63661,2019-03-03.1370229,bH,1.42,17.195,16.979,0.180,0.587,0.096,g
2458545.63788,2019-03-03.1382994,bH,1.43,17.247,16.795,0.145,0.695,0.092,g
2458546.37584,2019-03-03.8762414,bp,1.52,17.442,16.683,0.109,0.770,0.077,g
2458546.37704,2019-03-03.8774429,bp,1.50,17.509,16.468,0.084,0.939,0.072,g
2458546.37825,2019-03-03.8786495,bp,1.52,17.514,16.701,0.104,0.758,0.072,g
2458546.63480,2019-03-04.1352020,bH,1.49,17.299,16.546,0.109,0.874,0.087,g
2458546.63608,2019-03-04.1364787,bH,1.52,17.220,16.412,0.104,0.989,0.094,g
2458546.63734,2019-03-04.1377427,bH,1.49,17.175,16.664,0.137,0.784,0.098,g
2458547.62813,2019-03-05.1285214,bl,1.49,17.336,17.005,0.162,0.573,0.084,g
2458547.62935,2019-03-05.1297405,bl,1.50,17.246,16.758,0.140,0.719,0.092,g
2458547.63058,2019-03-05.1309703,bl,1.43,17.294,16.931,0.157,0.614,0.088,g
2458548.62877,2019-03-06.1291489,bH,1.39,17.203,16.857,0.159,0.657,0.095,g
2458548.63009,2019-03-06.1304712,bH,1.41,17.273,16.720,0.132,0.744,0.090,g
2458548.63137,2019-03-06.1317557,bH,1.44,17.300,16.647,0.120,0.796,0.087,g
2458549.60054,2019-03-07.1009137,bH,1.52,17.258,16.546,0.114,0.874,0.091,g
2458549.60181,2019-03-07.1021817,bH,1.54,17.243,16.649,0.127,0.796,0.092,g
2458549.60308,2019-03-07.1034538,bH,1.53,17.253,16.749,0.138,0.725,0.091,g
2458550.62243,2019-03-08.1227883,bl,1.51,17.144,16.860,0.169,0.655,0.101,g
2458550.62365,2019-03-08.1240037,bl,1.52,17.217,16.737,0.141,0.733,0.094,g
2458550.62487,2019-03-08.1252273,bl,1.51,17.369,16.795,0.129,0.695,0.082,g
2458551.61842,2019-03-09.1187710,bH,1.43,17.097,16.496,0.126,0.915,0.105,g
2458551.61971,2019-03-09.1200614,bH,1.41,17.173,16.721,0.144,0.745,0.098,g
2458551.62099,2019-03-09.1213401,bH,1.41,17.303,16.515,0.106,0.899,0.087,g
2458552.61770,2019-03-10.1180496,bH,1.44,17.272,16.705,0.130,0.755,0.090,g
2458552.61897,2019-03-10.1193153,bH,1.41,17.384,16.938,0.145,0.609,0.081,g
2458552.62023,2019-03-10.1205787,bH,1.40,17.266,16.735,0.134,0.734,0.090,g
2458554.56169,2019-03-12.0620061,bH,1.44,17.181,17.061,0.196,0.544,0.097,g
2458554.56296,2019-03-12.0632810,bH,1.43,17.253,16.408,0.101,0.992,0.091,g
2458554.56423,2019-03-12.0645548,bH,1.42,17.273,16.762,0.137,0.717,0.090,g
2458556.60688,2019-03-14.1071724,bH,1.46,16.960,16.642,0.163,0.800,0.119,g
2458556.60815,2019-03-14.1084459,bH,1.46,17.087,16.754,0.161,0.722,0.106,g
2458556.60943,2019-03-14.1097266,bH,1.48,17.116,16.591,0.135,0.839,0.103,g
2458557.59335,2019-03-15.0936461,bl,1.52,16.746,16.527,0.179,0.889,0.145,g
2458557.59458,2019-03-15.0948688,bl,1.45,16.839,>16.839,99.990,0.562,0.134,g
2458557.59580,2019-03-15.0960854,bl,1.46,16.854,16.267,0.128,1.130,0.132,g
2458558.59237,2019-03-16.0926447,bl,1.52,16.701,>16.701,99.990,0.663,0.152,g
2458558.59359,2019-03-16.0938649,bl,1.46,16.772,16.584,0.184,0.844,0.142,g
2458558.59480,2019-03-16.0950803,bl,1.52,16.632,>16.632,99.990,0.617,0.162,g
2458559.54661,2019-03-17.0468826,bl,1.64,16.559,16.179,0.154,1.226,0.173,g
2458559.54784,2019-03-17.0481060,bl,1.54,16.584,>16.584,99.990,0.681,0.169,g
2458559.54906,2019-03-17.0493195,bl,1.53,16.605,>16.605,99.990,0.263,0.166,g
2458560.56921,2019-03-18.0694550,bl,1.46,16.248,>16.248,99.990,1.058,0.230,g
2458560.57042,2019-03-18.070675,bl,1.51,16.456,>16.456,99.990,0.842,0.190,g
2458560.57164,2019-03-18.0718953,bl,1.49,16.444,>16.444,99.990,0.748,0.192,g
2458561.58980,2019-03-19.0900442,bl,1.49,16.388,>16.388,99.990,0.356,0.202,g
2458561.59102,2019-03-19.0912680,bl,1.43,16.147,>16.147,99.990,0.424,0.252,g
2458561.59225,2019-03-19.0924885,bl,1.46,16.246,>16.246,99.990,1.144,0.231,g
2458562.53277,2019-03-20.0329997,bl,1.51,16.212,>16.212,99.990,1.114,0.238,g
2458562.53400,2019-03-20.0342304,bl,1.53,16.212,>16.212,99.990,1.162,0.238,g
2458562.53522,2019-03-20.0354481,bl,1.54,16.047,>16.047,99.990,0.965,0.277,g
2458563.58492,2019-03-21.0851362,bH,2.03,16.005,>16.005,99.990,1.251,0.288,g
2458563.58618,2019-03-21.0864001,bH,2.03,15.914,>15.914,99.990,1.028,0.313,g
2458563.58746,2019-03-21.0876753,bH,2.02,16.012,>16.012,99.990,0.690,0.286,g
2458564.58293,2019-03-22.0831344,bl,1.5,16.030,>16.030,99.990,0.224,0.281,g
2458564.58415,2019-03-22.0843513,bl,1.5,16.341,>16.341,99.990,0.343,0.211,g
2458564.58537,2019-03-22.0855715,bl,1.49,16.280,>16.280,99.990,0.811,0.223,g
2458565.33419,2019-03-22.8343847,bp,1.77,14.867,>14.867,99.990,1.157,0.821,g
2458565.33540,2019-03-22.8355949,bp,1.47,14.201,>14.201,99.990,-0.170,1.516,g
2458565.57963,2019-03-23.0798254,bH,1.46,16.472,>16.472,99.990,0.878,0.187,g
2458565.58090,2019-03-23.0810938,bH,1.45,16.502,16.318,0.185,1.078,0.182,g
2458565.58218,2019-03-23.0823780,bH,1.48,16.260,>16.260,99.990,0.570,0.228,g
2458566.57814,2019-03-24.0783174,bl,1.46,16.539,>16.539,99.990,0.592,0.176,g
2458566.57936,2019-03-24.0795343,bl,1.48,16.544,16.206,0.161,1.195,0.175,g
2458566.58057,2019-03-24.0807502,bl,1.45,16.644,16.511,0.194,0.903,0.160,g
2458567.56920,2019-03-25.0693662,bl,1.42,17.120,16.621,0.138,0.816,0.103,g
2458567.57042,2019-03-25.0705834,bl,1.49,17.130,16.494,0.122,0.917,0.102,g
2458567.57163,2019-03-25.0718015,bl,1.48,16.999,16.732,0.171,0.736,0.115,g
2458569.54546,2019-03-27.0456005,bl,1.45,17.165,16.676,0.140,0.776,0.099,g
2458569.54668,2019-03-27.0468291,bl,1.49,17.207,16.832,0.155,0.672,0.095,g
2458569.54789,2019-03-27.0480413,bl,1.45,17.160,16.893,0.171,0.635,0.099,g
2458570.60778,2019-03-28.1079076,bH,1.47,17.210,16.811,0.152,0.685,0.095,g
2458570.60905,2019-03-28.1091791,bH,1.43,17.167,16.737,0.147,0.734,0.099,g
2458570.61031,2019-03-28.1104472,bH,1.44,17.323,16.631,0.116,0.809,0.086,g
2458571.60972,2019-03-29.1098368,bH,1.48,17.222,16.934,0.168,0.612,0.094,g
2458571.61099,2019-03-29.1111056,bH,1.47,15.909,>15.909,99.990,0.945,0.314,g
2458571.61227,2019-03-29.1123866,bH,1.49,16.524,16.361,0.188,1.037,0.179,g
2458572.60483,2019-03-30.1049450,bH,1.37,17.205,17.019,0.185,0.566,0.095,g
2458572.60611,2019-03-30.1062157,bH,1.37,17.232,16.545,0.116,0.875,0.093,g
2458572.60737,2019-03-30.1074865,bH,1.39,16.967,16.786,0.185,0.701,0.119,g
2458574.59891,2019-04-01.0989924,bH,1.55,17.161,16.547,0.124,0.873,0.099,g
2458574.60016,2019-04-01.1002559,bH,1.65,17.284,16.987,0.167,0.583,0.089,g
2458574.60144,2019-04-01.1015306,bH,1.63,17.285,16.660,0.123,0.787,0.089,g
2458576.34550,2019-04-02.8455634,bp,1.56,17.040,16.665,0.155,0.783,0.111,g
2458576.34671,2019-04-02.8467701,bp,1.79,17.251,16.666,0.128,0.782,0.091,g
2458576.34791,2019-04-02.8479731,bp,1.71,17.281,16.631,0.120,0.809,0.089,g
2458577.34116,2019-04-03.8412020,bp,1.54,15.241,>15.241,99.990,1.245,0.583,g
2458577.34237,2019-04-03.8424223,bp,1.53,16.448,>16.448,99.990,0.821,0.191,g
2458577.34359,2019-04-03.8436370,bp,1.49,15.886,>15.886,99.990,0.007,0.321,g
2458578.59271,2019-04-05.0927447,bH,1.39,17.153,16.505,0.121,0.908,0.100,g
2458578.59400,2019-04-05.0940295,bH,1.44,17.220,16.775,0.145,0.708,0.094,g
2458578.59526,2019-04-05.0952942,bH,1.36,17.031,16.441,0.127,0.963,0.112,g
2458579.32812,2019-04-05.8281447,bp,1.67,17.471,16.850,0.124,0.661,0.075,g
2458579.32933,2019-04-05.8293517,bp,1.65,17.450,16.624,0.102,0.814,0.076,g
2458579.33054,2019-04-05.8305591,bp,1.55,17.365,16.635,0.112,0.805,0.082,g
2458579.57525,2019-04-06.0752693,bl,1.57,17.157,16.683,0.142,0.771,0.100,g
2458579.57646,2019-04-06.0764885,bl,1.53,16.952,16.468,0.140,0.939,0.120,g
2458580.32858,2019-04-06.8285924,bp,1.56,17.307,16.406,0.096,0.994,0.087,g
2458580.32980,2019-04-06.8298061,bp,1.56,17.449,16.619,0.102,0.817,0.076,g
2458580.33100,2019-04-06.8310127,bp,1.51,17.456,16.845,0.125,0.664,0.076,g
2458581.34157,2019-04-07.8415696,bp,1.52,99.990,99.990,99.990,99.990,99.990,g
2458581.34277,2019-04-07.8427737,bp,1.56,99.990,99.990,99.990,99.990,99.990,g
2458581.57424,2019-04-08.0742303,bH,1.49,17.218,16.563,0.120,0.861,0.094,g
2458581.57550,2019-04-08.0754973,bH,1.46,17.217,16.607,0.125,0.826,0.094,g
2458581.57678,2019-04-08.0767760,bH,1.47,17.140,16.549,0.127,0.872,0.101,g
2458583.22536,2019-04-09.7253422,bp,2.22,17.023,16.048,0.089,1.382,0.113,g
2458583.22658,2019-04-09.7265606,bp,2.19,17.053,16.271,0.107,1.127,0.110,g
2458583.22781,2019-04-09.7277917,bp,2.19,17.179,16.243,0.092,1.156,0.098,g
2458584.22938,2019-04-10.7293440,bp,1.55,17.258,16.789,0.142,0.699,0.091,g
2458584.23179,2019-04-10.7317593,bp,1.50,17.225,16.672,0.132,0.778,0.094,g
2458584.50954,2019-04-11.0095047,bH,1.39,17.178,16.840,0.161,0.667,0.098,g
2458584.51081,2019-04-11.0107765,bH,1.49,17.055,16.859,0.183,0.655,0.109,g
2458584.51208,2019-04-11.0120445,bH,1.42,17.262,17.020,0.175,0.565,0.090,g
2458586.31742,2019-04-12.8173570,bp,1.55,16.964,16.882,0.203,0.642,0.119,g
2458586.31864,2019-04-12.8185751,bp,1.57,17.024,16.621,0.151,0.816,0.113,g
2458586.31985,2019-04-12.8197944,bp,1.48,16.962,>16.962,99.990,0.583,0.119,g
2458586.57435,2019-04-13.0742796,bH,1.40,16.796,>16.796,99.990,0.499,0.139,g
2458586.57561,2019-04-13.0755432,bH,1.39,16.757,16.663,0.201,0.785,0.144,g
2458587.47982,2019-04-13.9797478,bl,1.52,16.693,>16.693,99.990,0.615,0.153,g
2458587.48104,2019-04-13.9809656,bl,1.58,16.776,>16.776,99.990,0.435,0.142,g
2458587.48226,2019-04-13.9821821,bl,1.55,16.836,>16.836,99.990,0.615,0.134,g
2458591.30370,2019-04-17.8035822,bp,1.55,16.258,>16.258,99.990,1.052,0.228,g
2458591.30491,2019-04-17.8048002,bp,1.54,16.374,>16.374,99.990,0.950,0.205,g
2458591.30613,2019-04-17.8060068,bp,1.55,16.341,16.316,0.214,1.080,0.211,g
2458591.50078,2019-04-18.0006578,bH,1.44,16.357,>16.357,99.990,0.660,0.208,g
2458591.50205,2019-04-18.0019230,bH,1.39,16.437,>16.437,99.990,0.568,0.193,g
2458591.50333,2019-04-18.0031967,bH,1.44,16.297,>16.297,99.990,0.553,0.220,g
2458594.28302,2019-04-20.7828672,bp,1.63,14.128,>14.128,99.990,0.368,1.622,g
2458594.28424,2019-04-20.7840761,bp,2.22,13.656,>13.656,99.990,0.685,2.504,g
2458594.28543,2019-04-20.7852782,bp,1.81,14.237,>14.237,99.990,0.083,1.466,g
2458595.23581,2019-04-21.7356495,bp,1.60,17.463,16.397,0.082,1.003,0.075,g
2458595.54448,2019-04-22.0443006,bH,1.40,16.540,>16.540,99.990,0.831,0.176,g
2458595.54574,2019-04-22.0455673,bH,1.45,16.568,>16.568,99.990,0.301,0.171,g
2458595.54703,2019-04-22.04685,bH,1.45,16.509,>16.509,99.990,0.645,0.181,g
2458596.48991,2019-04-22.9897158,bH,1.58,17.273,16.894,0.154,0.635,0.090,g
2458596.49118,2019-04-22.9909931,bH,1.64,17.192,16.716,0.141,0.748,0.096,g
2458596.49246,2019-04-22.9922710,bH,1.66,17.143,16.506,0.122,0.908,0.101,g
2458597.53173,2019-04-24.0315342,bH,1.47,14.762,>14.762,99.990,0.831,0.904,g
2458597.53302,2019-04-24.0328218,bH,1.42,13.881,>13.881,99.990,1.859,2.035,g
2458599.27158,2019-04-25.7713657,bp,1.55,99.990,99.990,99.990,99.990,99.990,g
2458599.27279,2019-04-25.7725736,bp,1.54,17.366,16.079,0.067,1.344,0.082,g
2458599.27400,2019-04-25.7737748,bp,1.50,17.562,16.667,0.096,0.782,0.069,g
2458600.52626,2019-04-27.0260285,bH,1.52,17.255,16.910,0.159,0.625,0.091,g
2458600.52753,2019-04-27.0272960,bH,1.42,17.268,16.416,0.100,0.986,0.090,g
2458600.52880,2019-04-27.0285625,bH,1.43,17.268,16.630,0.122,0.810,0.090,g
2458602.21803,2019-04-28.7177734,bp,1.61,17.312,16.535,0.107,0.883,0.086,g
2458602.21926,2019-04-28.7190040,bp,1.61,17.295,16.571,0.112,0.855,0.088,g
2458602.22046,2019-04-28.7202055,bp,1.61,17.434,16.491,0.092,0.920,0.077,g
2458602.51741,2019-04-29.0171571,bH,1.41,17.173,16.936,0.176,0.611,0.098,g
2458602.51868,2019-04-29.0184212,bH,1.42,17.177,16.598,0.128,0.834,0.098,g
2458602.51995,2019-04-29.0196903,bH,1.40,17.270,16.902,0.156,0.630,0.090,g
2458604.20951,2019-04-30.7092363,bp,1.57,17.177,16.675,0.138,0.776,0.098,g
2458604.21073,2019-04-30.7104523,bp,1.57,17.152,16.638,0.137,0.803,0.100,g
2458604.21193,2019-04-30.7116621,bp,1.53,17.145,16.663,0.141,0.785,0.101,g
2458604.51650,2019-05-01.0162200,bH,1.42,17.354,16.858,0.139,0.656,0.083,g
2458604.51778,2019-05-01.0175024,bH,1.41,17.205,16.957,0.174,0.599,0.095,g
2458604.51905,2019-05-01.0187702,bH,1.40,17.230,16.577,0.120,0.850,0.093,g
2458605.48463,2019-05-01.9843313,bH,1.42,17.163,16.765,0.152,0.715,0.099,g
2458605.48589,2019-05-01.9855999,bH,1.46,17.115,16.534,0.128,0.884,0.104,g
2458605.48715,2019-05-01.9868622,bH,1.46,17.269,16.732,0.134,0.737,0.090,g
2458608.49829,2019-05-04.9979623,bH,1.48,17.204,16.599,0.126,0.832,0.095,g
2458608.49955,2019-05-04.9992285,bH,1.49,17.115,17.100,0.216,0.525,0.104,g
2458608.50084,2019-05-05.0005101,bH,1.47,17.153,17.110,0.211,0.520,0.100,g
2458610.23576,2019-05-06.7354217,bp,1.50,13.926,>13.926,99.990,-1.950,1.953,g
2458610.23698,2019-05-06.7366386,bp,1.57,13.601,>13.601,99.990,-1.121,2.634,g
2458610.23820,2019-05-06.7378519,bp,1.57,99.990,99.990,99.990,99.990,99.990,g
2458611.48906,2019-05-07.9886996,bH,1.38,16.789,16.394,0.152,1.006,0.140,g
2458611.49033,2019-05-07.9899746,bH,1.40,16.754,16.718,0.212,0.746,0.145,g
2458611.49160,2019-05-07.9912358,bH,1.38,17.316,16.725,0.127,0.742,0.086,g
2458613.48300,2019-05-09.9826246,bl,1.49,17.116,16.555,0.131,0.868,0.103,g
2458613.48421,2019-05-09.9838424,bl,1.46,17.088,>17.088,99.990,0.484,0.106,g
2458614.47885,2019-05-10.9784655,bl,1.60,17.056,16.917,0.193,0.621,0.109,g
2458614.48007,2019-05-10.9796828,bl,1.64,16.985,16.939,0.210,0.609,0.117,g
2458614.48129,2019-05-10.9809023,bl,1.53,16.851,16.443,0.150,0.961,0.132,g
2458616.22950,2019-05-12.7290908,bp,1.47,16.425,>16.425,99.990,0.358,0.195,g
2458616.23071,2019-05-12.7303047,bp,1.50,16.538,>16.538,99.990,0.300,0.176,g
2458616.23192,2019-05-12.7315138,bp,1.50,16.494,>16.494,99.990,0.667,0.183,g
2458617.21781,2019-05-13.7173982,bp,2.00,15.736,>15.736,99.990,0.760,0.369,g
2458617.21903,2019-05-13.7186199,bp,1.71,16.218,>16.218,99.990,0.928,0.237,g
2458617.22026,2019-05-13.7198495,bp,1.63,16.419,16.308,0.198,1.089,0.197,g
2458618.47821,2019-05-14.9777792,bH,1.52,16.652,>16.652,99.990,0.400,0.159,g
2458618.47947,2019-05-14.9790446,bH,1.53,16.339,>16.339,99.990,0.445,0.212,g
2458618.48075,2019-05-14.9803155,bH,1.51,16.525,>16.525,99.990,0.857,0.178,g
2458619.46587,2019-05-15.9654392,bl,1.49,16.247,>16.247,99.990,0.813,0.230,g
2458619.46709,2019-05-15.9666561,bl,1.49,16.322,>16.322,99.990,0.325,0.215,g
2458622.20470,2019-05-18.7042405,bp,2.36,16.312,>16.312,99.990,0.723,0.217,g
2458622.20591,2019-05-18.7054432,bp,2.31,16.198,>16.198,99.990,1.144,0.241,g
2458622.20712,2019-05-18.7066533,bp,2.28,16.141,>16.141,99.990,1.143,0.254,g
2458622.46549,2019-05-18.9650159,bH,2.04,16.104,>16.104,99.990,1.120,0.263,g
2458622.46676,2019-05-18.9662922,bH,2.02,15.942,>15.942,99.990,1.494,0.305,g
2458622.46803,2019-05-18.9675597,bH,2.02,16.046,>16.046,99.990,0.564,0.277,g
2458623.20811,2019-05-19.7076334,bp,1.63,16.584,>16.584,99.990,0.742,0.169,g
2458623.46525,2019-05-19.9647775,bH,1.51,14.572,>14.572,99.990,0.618,1.077,g
2458623.46654,2019-05-19.9660585,bH,1.63,14.321,>14.321,99.990,1.522,1.358,g
2458623.46782,2019-05-19.9673452,bH,1.51,99.990,99.990,99.990,99.990,99.990,g
2458624.45742,2019-05-20.9569368,bH,2.08,16.636,16.236,0.152,1.163,0.161,g
2458624.45870,2019-05-20.9582156,bH,2.07,16.909,16.312,0.126,1.085,0.125,g
2458624.45997,2019-05-20.9594777,bH,2.09,16.918,16.447,0.142,0.958,0.124,g
2458625.44917,2019-05-21.9486732,bH,1.51,15.977,>15.977,99.990,0.738,0.295,g
2458625.45043,2019-05-21.9499377,bH,1.45,16.169,>16.169,99.990,0.716,0.247,g
2458625.45170,2019-05-21.9512,bH,1.50,16.351,>16.351,99.990,0.837,0.209,g
2458626.44892,2019-05-22.9484134,bH,1.81,15.977,>15.977,99.990,0.922,0.295,g
2458626.45019,2019-05-22.9496848,bH,1.79,16.158,>16.158,99.990,0.053,0.250,g
2458626.45145,2019-05-22.9509460,bH,1.73,16.432,16.275,0.190,1.122,0.194,g
2458627.44869,2019-05-23.9481718,bH,2.12,16.092,>16.092,99.990,0.970,0.266,g
2458627.44995,2019-05-23.9494368,bH,2.07,16.284,16.175,0.198,1.231,0.223,g
2458627.45123,2019-05-23.9507113,bH,2.08,16.375,>16.375,99.990,1.019,0.205,g
2458629.19150,2019-05-25.6909717,bp,1.71,99.990,99.990,99.990,99.990,99.990,g
2458629.19271,2019-05-25.6921792,bp,1.83,13.827,>13.827,99.990,-3.619,2.140,g
2458629.19392,2019-05-25.6933858,bp,1.58,14.106,>14.106,99.990,0.651,1.654,g
2458629.45466,2019-05-25.9541252,bH,1.54,99.990,99.990,99.990,99.990,99.990,g
2458688.92219,2019-07-24.4214795,bH,1.48,16.842,>16.842,99.990,0.643,0.133,g
2458688.92346,2019-07-24.4227494,bH,1.47,16.838,>16.838,99.990,0.563,0.134,g
2458688.92473,2019-07-24.4240211,bH,1.44,17.131,16.777,0.158,0.707,0.102,g
2458693.65046,2019-07-29.1497714,bp,1.57,17.154,16.854,0.166,0.658,0.100,g
2458693.65167,2019-07-29.1509791,bp,1.61,17.140,16.828,0.164,0.674,0.101,g
2458693.65288,2019-07-29.1522017,bp,1.56,17.122,16.631,0.139,0.809,0.103,g
2458693.93519,2019-07-29.4344996,bl,1.55,16.953,16.615,0.160,0.821,0.120,g
2458693.93641,2019-07-29.4357259,bl,1.54,16.834,>16.834,99.990,0.521,0.134,g
2458693.93764,2019-07-29.4369616,bl,1.62,16.734,16.417,0.164,0.984,0.147,g
2458695.93959,2019-07-31.4389207,bl,1.51,16.504,>16.504,99.990,0.890,0.182,g
2458695.94082,2019-07-31.4401415,bl,1.48,16.358,>16.358,99.990,0.606,0.208,g
2458695.94204,2019-07-31.4413635,bl,1.49,16.287,>16.287,99.990,0.641,0.222,g
2458697.66615,2019-08-02.1654684,bp,1.52,17.412,16.804,0.125,0.690,0.079,g
2458697.66736,2019-08-02.1666806,bp,1.53,99.990,99.990,99.990,99.990,99.990,g
2458697.66859,2019-08-02.1679142,bp,1.51,17.366,17.109,0.173,0.520,0.082,g
2458697.93196,2019-08-02.4312996,bl,1.53,17.204,16.972,0.177,0.591,0.095,g
2458697.93319,2019-08-02.4325210,bl,1.56,16.934,16.581,0.158,0.847,0.122,g
2458697.93441,2019-08-02.4337355,bl,1.54,16.824,16.476,0.159,0.933,0.135,g
2458698.91140,2019-08-03.4107291,bl,1.48,17.277,>17.277,99.990,0.408,0.089,g
2458698.91262,2019-08-03.4119517,bl,1.49,17.114,16.577,0.134,0.849,0.104,g
2458698.91384,2019-08-03.4131731,bl,1.53,17.185,16.736,0.145,0.734,0.097,g
2458699.92025,2019-08-04.4195871,bl,1.55,17.195,16.683,0.137,0.771,0.096,g
2458699.92147,2019-08-04.4208108,bl,1.53,17.216,16.678,0.133,0.774,0.094,g
2458699.92268,2019-08-04.4220252,bl,1.52,17.073,16.344,0.112,1.053,0.108,g
2458700.92283,2019-08-05.4221697,bH,1.47,17.327,16.673,0.120,0.778,0.085,g
2458700.92410,2019-08-05.4234412,bH,1.43,17.286,16.926,0.157,0.616,0.088,g
2458700.92537,2019-08-05.4247121,bH,1.47,17.238,17.152,0.202,0.500,0.092,g
2458703.91948,2019-08-08.4188391,bl,1.51,17.177,16.778,0.152,0.706,0.098,g
2458703.92070,2019-08-08.4200534,bl,1.51,17.169,16.983,0.185,0.585,0.099,g
2458703.92190,2019-08-08.4212690,bl,1.5,17.175,16.462,0.114,0.945,0.098,g
2458709.89522,2019-08-14.3946217,bH,1.58,16.110,>16.110,99.990,0.983,0.261,g
2458709.89649,2019-08-14.3958907,bH,1.55,16.044,>16.044,99.990,0.758,0.278,g
2458709.89776,2019-08-14.3971586,bH,1.49,16.113,15.972,0.193,1.484,0.261,g
2458710.89661,2019-08-15.3960136,bl,1.59,15.764,>15.764,99.990,1.197,0.359,g
2458711.89551,2019-08-16.3949146,bl,1.53,16.176,>16.176,99.990,0.912,0.246,g
2458711.89673,2019-08-16.3961371,bl,1.42,15.991,>15.991,99.990,0.464,0.291,g
2458711.89794,2019-08-16.3973530,bl,1.50,15.840,>15.840,99.990,0.797,0.335,g
2458712.88809,2019-08-17.3875113,bl,1.52,16.318,>16.318,99.990,0.958,0.216,g
2458712.88931,2019-08-17.3887300,bl,1.52,16.240,>16.240,99.990,1.130,0.232,g
2458712.89053,2019-08-17.3899503,bl,1.56,16.315,>16.315,99.990,0.411,0.216,g
2458713.88595,2019-08-18.3853774,bH,1.54,16.548,>16.548,99.990,0.869,0.175,g
2458713.88723,2019-08-18.3866491,bH,1.53,16.415,>16.415,99.990,0.401,0.197,g
2458713.88850,2019-08-18.3879234,bH,1.57,16.584,>16.584,99.990,0.679,0.169,g
2458714.88225,2019-08-19.3816871,bH,1.50,99.990,99.990,99.990,99.990,99.990,g
2458714.88353,2019-08-19.3829601,bH,1.44,99.990,99.990,99.990,99.990,99.990,g
2458714.88480,2019-08-19.3842333,bH,1.41,99.990,99.990,99.990,99.990,99.990,g
2458714.90033,2019-08-19.3997658,bl,1.51,16.080,>16.080,99.990,0.535,0.269,g
2458714.90154,2019-08-19.4009759,bl,1.48,16.384,>16.384,99.990,1.012,0.203,g
2458714.90276,2019-08-19.4021942,bl,1.49,16.768,>16.768,99.990,0.358,0.143,g
2458715.87878,2019-08-20.3782226,bH,1.44,16.903,>16.903,99.990,0.421,0.126,g
2458715.88007,2019-08-20.3795094,bH,1.45,16.733,>16.733,99.990,0.512,0.147,g
2458715.88134,2019-08-20.3807774,bH,1.44,16.804,16.396,0.151,1.003,0.138,g
2458716.89769,2019-08-21.3971377,bH,1.40,16.869,16.801,0.206,0.691,0.130,g
2458716.89895,2019-08-21.3984006,bH,1.45,16.758,16.663,0.201,0.785,0.144,g
2458716.90022,2019-08-21.3996740,bH,1.43,16.780,16.662,0.197,0.785,0.141,g
2458719.90494,2019-08-24.4044145,bH,1.41,17.002,16.766,0.176,0.713,0.115,g
2458720.57902,2019-08-25.0784993,bp,1.66,17.192,16.331,0.099,1.066,0.096,g
2458720.58021,2019-08-25.0797021,bp,1.61,17.242,16.482,0.109,0.927,0.092,g
2458720.58146,2019-08-25.0809346,bp,1.59,17.131,17.085,0.210,0.532,0.102,g
2458721.58982,2019-08-26.0893071,bp,2.05,99.990,99.990,99.990,99.990,99.990,g
2458721.59137,2019-08-26.0908582,bp,2.05,17.208,16.278,0.093,1.119,0.095,g
2458721.59291,2019-08-26.0923997,bp,2.33,17.211,16.247,0.090,1.151,0.095,g
2458722.88143,2019-08-27.3809304,bH,1.47,17.285,16.868,0.149,0.650,0.089,g
2458722.88271,2019-08-27.3822059,bH,1.48,17.120,16.682,0.146,0.771,0.103,g
2458722.88398,2019-08-27.3834790,bH,1.47,17.314,16.768,0.133,0.712,0.086,g
2458723.88045,2019-08-28.3799641,bl,1.5,17.120,16.707,0.150,0.754,0.103,g
2458723.88168,2019-08-28.3811891,bl,1.49,17.105,>17.105,99.990,0.448,0.104,g
2458723.88290,2019-08-28.3824120,bl,1.47,17.004,16.560,0.146,0.863,0.115,g
2458728.89006,2019-09-02.3896248,bl,1.53,17.148,16.403,0.110,0.997,0.100,g
2458728.89130,2019-09-02.3908645,bl,1.54,17.170,16.423,0.110,0.979,0.098,g
2458728.89252,2019-09-02.3920806,bl,1.5,17.094,16.343,0.110,1.054,0.106,g
2458728.90798,2019-09-02.4075424,bl,1.51,16.886,16.501,0.154,0.911,0.128,g
2458729.58522,2019-09-03.0847847,bp,1.61,17.317,16.652,0.119,0.792,0.086,g
2458729.58643,2019-09-03.0859891,bp,1.60,17.321,16.717,0.126,0.747,0.086,g
2458729.58763,2019-09-03.0871961,bp,1.60,17.406,16.978,0.148,0.587,0.079,g
2458729.90136,2019-09-03.4009332,bl,1.52,15.585,>15.585,99.990,0.162,0.424,g
2458729.90258,2019-09-03.4021501,bl,1.5,15.797,>15.797,99.990,0.541,0.349,g
2458729.90380,2019-09-03.4033666,bl,1.46,15.760,>15.760,99.990,0.066,0.361,g
2458730.59741,2019-09-04.0969930,bp,1.48,17.442,16.703,0.111,0.756,0.077,g
2458730.59864,2019-09-04.0982185,bp,1.49,17.459,16.795,0.119,0.695,0.075,g
2458730.59985,2019-09-04.0994295,bp,1.52,17.345,16.839,0.137,0.668,0.084,g
2458730.89786,2019-09-04.3974381,bl,1.51,17.208,16.949,0.173,0.603,0.095,g
2458730.89907,2019-09-04.3986434,bl,1.45,17.157,16.775,0.154,0.708,0.100,g
2458730.90027,2019-09-04.3998501,bl,1.51,17.078,16.533,0.132,0.885,0.107,g
2458739.81417,2019-09-13.3138359,bl,1.45,15.571,>15.571,99.990,0.273,0.429,g
2458739.81540,2019-09-13.3150701,bl,1.42,15.891,>15.891,99.990,1.534,0.320,g
2458739.81663,2019-09-13.3163017,bl,1.55,15.827,>15.827,99.990,1.238,0.339,g
2458740.81178,2019-09-14.3114601,bH,1.56,16.286,>16.286,99.990,0.341,0.222,g
2458740.81305,2019-09-14.3127368,bH,1.59,16.209,>16.209,99.990,0.571,0.238,g
2458740.81433,2019-09-14.3140081,bH,1.68,15.992,>15.992,99.990,0.452,0.291,g
2458741.78361,2019-09-15.2833042,bl,1.52,16.236,>16.236,99.990,0.134,0.233,g
2458741.78483,2019-09-15.2845245,bl,1.57,16.068,>16.068,99.990,0.384,0.272,g
2458741.78605,2019-09-15.2857530,bl,1.6,16.175,16.014,0.189,1.427,0.246,g
2458742.81915,2019-09-16.3188657,bl,1.6,16.222,>16.222,99.990,0.994,0.236,g
2458742.82038,2019-09-16.3200885,bl,1.61,16.230,>16.230,99.990,1.051,0.234,g
2458742.82160,2019-09-16.3213031,bl,1.64,16.290,16.124,0.188,1.290,0.221,g
2458743.56127,2019-09-17.0609935,bp,1.50,16.448,>16.448,99.990,0.593,0.191,g
2458743.56249,2019-09-17.0622093,bp,1.52,16.500,>16.500,99.990,0.385,0.182,g
2458743.56371,2019-09-17.0634282,bp,1.44,16.499,16.287,0.180,1.109,0.183,g
2458744.61920,2019-09-18.1189237,bp,1.63,16.656,16.483,0.187,0.926,0.158,g
2458744.62041,2019-09-18.1201322,bp,1.62,16.792,16.653,0.193,0.792,0.139,g
2458744.62162,2019-09-18.1213410,bp,1.61,16.736,>16.736,99.990,0.675,0.147,g
2458744.83933,2019-09-18.3390561,bH,1.50,16.740,16.678,0.207,0.774,0.146,g
2458744.84060,2019-09-18.3403305,bH,1.56,16.655,>16.655,99.990,0.620,0.158,g
2458744.84188,2019-09-18.3416047,bH,1.57,16.647,16.204,0.146,1.198,0.159,g
2458745.83197,2019-09-19.3317156,bH,1.54,16.635,>16.635,99.990,0.546,0.161,g
2458745.83327,2019-09-19.3330078,bH,1.41,16.786,>16.786,99.990,0.489,0.140,g
2458746.87395,2019-09-20.3736947,bl,1.49,16.765,>16.765,99.990,0.439,0.143,g
2458746.87516,2019-09-20.3749150,bl,1.52,16.780,16.740,0.211,0.731,0.141,g
2458746.87638,2019-09-20.3761305,bl,1.50,16.808,16.660,0.191,0.787,0.137,g
2458747.84384,2019-09-21.3435981,bl,1.51,16.935,16.328,0.125,1.068,0.122,g
2458747.84505,2019-09-21.3448128,bl,1.56,16.878,16.471,0.151,0.936,0.129,g
2458747.84628,2019-09-21.3460413,bl,1.52,17.078,16.882,0.183,0.641,0.107,g
2458748.81475,2019-09-22.3145202,bl,1.50,16.877,>16.877,99.990,0.569,0.129,g
2458748.81597,2019-09-22.3157406,bl,1.5,16.920,16.747,0.187,0.726,0.124,g
2458748.81717,2019-09-22.3169526,bl,1.48,16.980,16.440,0.133,0.965,0.117,g
2458749.79928,2019-09-23.2990701,bl,1.47,17.091,17.039,0.209,0.555,0.106,g
2458749.80050,2019-09-23.3002884,bl,1.51,17.072,16.709,0.157,0.752,0.108,g
2458749.80172,2019-09-23.3015077,bl,1.56,17.198,16.472,0.112,0.936,0.096,g
2458750.81575,2019-09-24.3155443,bH,1.45,17.270,16.908,0.157,0.627,0.090,g
2458750.81704,2019-09-24.3168385,bH,1.43,17.236,16.494,0.111,0.917,0.093,g
2458750.81833,2019-09-24.3181314,bH,1.44,17.400,16.840,0.131,0.666,0.080,g
2458754.49740,2019-09-27.9972372,bp,1.51,17.223,16.440,0.106,0.964,0.094,g
2458757.83008,2019-10-01.3299623,bH,1.44,15.988,>15.988,99.990,0.380,0.292,g
2458757.83136,2019-10-01.3312371,bH,1.39,15.315,>15.315,99.990,0.470,0.543,g
2458757.83262,2019-10-01.3325030,bH,1.46,15.456,>15.456,99.990,0.760,0.477,g
2458758.77261,2019-10-02.2724953,bl,1.51,17.049,>17.049,99.990,0.536,0.110,g
2458758.77381,2019-10-02.2737049,bl,1.52,17.103,16.622,0.141,0.815,0.105,g
2458758.77503,2019-10-02.2749216,bl,1.52,17.150,16.605,0.133,0.828,0.100,g
2458760.52031,2019-10-04.0202290,bp,1.51,16.894,16.673,0.179,0.778,0.127,g
2458760.52152,2019-10-04.0214375,bp,1.52,17.268,16.704,0.130,0.756,0.090,g
2458760.52272,2019-10-04.0226401,bp,1.54,17.102,16.580,0.135,0.848,0.105,g
2458761.80052,2019-10-05.3004526,bl,1.49,17.211,16.664,0.132,0.784,0.095,g
2458761.80174,2019-10-05.3016696,bl,1.52,17.147,16.924,0.178,0.617,0.101,g
2458761.80296,2019-10-05.3028875,bl,1.46,17.243,16.776,0.143,0.707,0.092,g
2458762.81596,2019-10-06.3158981,bl,1.51,17.151,16.586,0.130,0.843,0.100,g
2458762.81717,2019-10-06.3171103,bl,1.52,17.282,16.836,0.145,0.669,0.089,g
2458762.81839,2019-10-06.3183270,bl,1.51,17.210,16.804,0.151,0.689,0.095,g
2458763.80517,2019-10-07.3051340,bl,1.48,17.199,16.705,0.139,0.755,0.096,g
2458763.80639,2019-10-07.3063533,bl,1.48,17.206,16.858,0.159,0.656,0.095,g
2458763.82651,2019-10-07.3264681,bl,1.45,17.245,17.100,0.192,0.525,0.092,g
2458764.74475,2019-10-08.2447104,bl,1.46,16.718,>16.718,99.990,0.205,0.149,g
2458764.74595,2019-10-08.2459201,bl,1.5,16.745,16.673,0.205,0.778,0.146,g
2458764.74717,2019-10-08.2471394,bl,1.54,16.672,16.649,0.215,0.795,0.156,g
2458765.74129,2019-10-09.2412755,bl,1.43,16.617,16.576,0.211,0.850,0.164,g
2458765.74251,2019-10-09.2424934,bl,1.47,16.572,16.498,0.205,0.914,0.171,g
2458765.74373,2019-10-09.2437122,bl,1.48,16.589,>16.589,99.990,0.740,0.168,g
2458766.80277,2019-10-10.3027581,bl,1.45,16.575,16.328,0.175,1.069,0.170,g
2458766.80399,2019-10-10.3039771,bl,1.48,16.557,>16.557,99.990,0.689,0.173,g
2458766.80521,2019-10-10.3051988,bl,1.43,16.304,>16.304,99.990,0.698,0.218,g
2458767.74224,2019-10-11.2422451,bl,1.58,16.341,15.931,0.150,1.540,0.211,g
2458767.74347,2019-10-11.2434734,bl,1.65,16.238,>16.238,99.990,0.655,0.232,g
2458767.74467,2019-10-11.2446834,bl,1.65,16.312,>16.312,99.990,0.424,0.217,g
2458768.51693,2019-10-12.0169517,bp,1.52,15.712,>15.712,99.990,1.060,0.377,g
2458768.51815,2019-10-12.0181715,bp,1.44,15.792,>15.792,99.990,0.461,0.350,g
2458768.51937,2019-10-12.0193859,bp,1.59,15.434,>15.434,99.990,0.636,0.487,g
2458769.57395,2019-10-13.0739803,bp,1.63,16.375,>16.375,99.990,0.561,0.205,g
2458769.57517,2019-10-13.0751983,bp,1.64,16.578,>16.578,99.990,0.656,0.170,g
2458769.57639,2019-10-13.0764162,bp,1.62,16.379,>16.379,99.990,0.531,0.204,g
2458771.59449,2019-10-15.0945482,bp,1.62,16.425,16.410,0.216,0.991,0.195,g
2458771.59571,2019-10-15.0957643,bp,1.67,16.264,16.145,0.196,1.264,0.227,g
2458771.59691,2019-10-15.0969706,bp,1.64,16.304,>16.304,99.990,0.891,0.219,g
2458772.53383,2019-10-16.0338981,bp,1.54,16.443,>16.443,99.990,0.632,0.192,g
2458772.53505,2019-10-16.0351082,bp,1.53,16.338,>16.338,99.990,0.810,0.212,g
2458772.53625,2019-10-16.0363241,bp,1.52,16.581,>16.581,99.990,0.483,0.169,g
2458772.79918,2019-10-16.2992495,bH,2.03,16.358,>16.358,99.990,0.494,0.208,g
2458773.70337,2019-10-17.2034496,bH,1.48,16.389,>16.389,99.990,0.286,0.202,g
2458773.83112,2019-10-17.3311954,bl,1.48,16.463,>16.463,99.990,0.827,0.189,g
2458773.83234,2019-10-17.3324174,bl,1.49,16.396,16.150,0.175,1.258,0.201,g
2458773.83355,2019-10-17.3336346,bl,1.5,16.452,16.363,0.202,1.035,0.191,g
2458774.86176,2019-10-18.3618562,bH,1.44,16.714,16.682,0.213,0.771,0.150,g
2458774.86303,2019-10-18.3631199,bH,1.43,16.718,>16.718,99.990,0.739,0.149,g
2458774.86430,2019-10-18.3643857,bH,1.43,16.606,>16.606,99.990,0.659,0.165,g
2458775.85793,2019-10-19.3580332,bH,1.46,16.838,>16.838,99.990,0.592,0.134,g
2458775.85920,2019-10-19.3592972,bH,1.43,16.596,>16.596,99.990,0.686,0.167,g
2458775.86046,2019-10-19.3605609,bH,1.43,16.736,16.654,0.203,0.791,0.147,g
2458776.78988,2019-10-20.2899994,bH,1.42,16.921,16.880,0.211,0.643,0.124,g
2458776.79244,2019-10-20.2925502,bH,1.46,16.821,>16.821,99.990,0.616,0.136,g
2458777.81795,2019-10-21.3180831,bH,1.45,16.985,16.511,0.142,0.903,0.117,g
2458777.81923,2019-10-21.3193556,bH,1.43,16.932,16.625,0.165,0.813,0.123,g
2458777.82050,2019-10-21.3206306,bH,1.43,16.955,16.724,0.177,0.742,0.120,g
2458777.84520,2019-10-21.3453310,bl,1.51,16.992,>16.992,99.990,0.445,0.116,g
2458778.75137,2019-10-22.2515075,bl,1.49,16.355,>16.355,99.990,0.752,0.209,g
2458778.75258,2019-10-22.2527240,bl,1.48,16.419,>16.419,99.990,0.872,0.197,g
2458778.75380,2019-10-22.2539405,bl,1.49,16.244,>16.244,99.990,0.792,0.231,g
2458780.68021,2019-10-24.1803769,bH,1.51,14.727,>14.727,99.990,2.084,0.934,g
2458780.73859,2019-10-24.2387530,bH,1.53,15.566,>15.566,99.990,0.078,0.431,g
2458780.73987,2019-10-24.2400353,bH,1.41,15.421,>15.421,99.990,-0.298,0.493,g
2458780.74115,2019-10-24.2413109,bH,1.44,15.451,>15.451,99.990,0.333,0.480,g
2458781.76538,2019-10-25.2655618,bl,1.46,17.259,16.970,0.168,0.591,0.091,g
2458781.76662,2019-10-25.2667950,bl,1.46,17.101,17.028,0.205,0.561,0.105,g
2458781.76784,2019-10-25.2680197,bl,1.46,17.213,16.709,0.138,0.752,0.095,g
2458782.79552,2019-10-26.2957015,bl,1.48,17.145,16.514,0.122,0.900,0.101,g
2458782.79672,2019-10-26.2969087,bl,1.52,17.228,16.850,0.155,0.660,0.093,g
2458782.79793,2019-10-26.2981171,bl,1.5,17.175,16.700,0.141,0.759,0.098,g
2458783.80819,2019-10-27.3083918,bl,1.43,17.258,16.527,0.112,0.889,0.091,g
2458783.80940,2019-10-27.3096100,bl,1.47,17.215,16.608,0.125,0.826,0.094,g
2458785.72164,2019-10-29.2218613,bl,1.49,17.202,16.655,0.132,0.790,0.096,g
2458785.72286,2019-10-29.2230792,bl,1.51,17.186,16.649,0.133,0.796,0.097,g
2458786.71771,2019-10-30.2179439,bH,1.42,16.337,>16.337,99.990,0.170,0.212,g
2458786.71899,2019-10-30.2192238,bH,1.43,15.937,>15.937,99.990,0.630,0.306,g
2458786.72025,2019-10-30.2204922,bH,1.39,16.168,>16.168,99.990,0.637,0.248,g
2458787.72302,2019-10-31.2232712,bl,1.5,16.259,>16.259,99.990,0.479,0.228,g
2458787.72423,2019-10-31.2244879,bl,1.5,16.561,>16.561,99.990,0.606,0.172,g
2458787.76768,2019-10-31.2679289,bl,1.52,15.951,>15.951,99.990,-0.535,0.302,g
2458788.51684,2019-11-01.0171047,bp,1.55,99.990,99.990,99.990,99.990,99.990,g
2458788.73155,2019-11-01.2318091,bl,1.55,15.523,>15.523,99.990,1.210,0.449,g
2458788.73276,2019-11-01.2330283,bl,1.52,15.005,>15.005,99.990,0.700,0.723,g
2458788.73399,2019-11-01.2342556,bl,1.56,15.166,>15.166,99.990,0.705,0.623,g
2458789.77018,2019-11-02.2704424,bH,1.45,16.074,>16.074,99.990,0.300,0.270,g
2458789.77150,2019-11-02.2717658,bH,1.43,16.462,>16.462,99.990,0.857,0.189,g
2458789.77277,2019-11-02.2730430,bH,1.44,16.407,>16.407,99.990,0.417,0.199,g
2458790.66684,2019-11-03.1671195,bl,1.54,14.925,>14.925,99.990,0.327,0.778,g
2458790.66805,2019-11-03.1683284,bl,1.46,15.638,>15.638,99.990,0.400,0.404,g
2458790.66925,2019-11-03.1695325,bl,1.51,14.295,>14.295,99.990,1.276,1.391,g
2458791.72237,2019-11-04.2226701,bl,1.49,17.177,>17.177,99.990,0.489,0.098,g
2458791.72360,2019-11-04.2238908,bl,1.49,17.100,16.821,0.169,0.679,0.105,g
2458791.72482,2019-11-04.2251085,bl,1.51,17.096,16.518,0.129,0.897,0.105,g
2458792.43324,2019-11-04.9335393,bp,1.56,16.762,16.710,0.209,0.752,0.143,g
2458792.43445,2019-11-04.9347471,bp,1.55,16.789,16.466,0.163,0.941,0.140,g
2458792.85410,2019-11-05.3544063,bl,1.48,17.280,16.767,0.137,0.713,0.089,g
2458793.50665,2019-11-06.0069584,bp,1.60,17.160,16.644,0.136,0.799,0.099,g
2458793.50822,2019-11-06.0085399,bp,1.63,17.058,16.705,0.158,0.755,0.109,g
2458793.50966,2019-11-06.009975,bp,1.54,17.268,16.662,0.125,0.785,0.090,g
2458793.80276,2019-11-06.3030714,bl,1.52,17.169,16.477,0.116,0.931,0.099,g
2458793.80397,2019-11-06.3042875,bl,1.52,17.262,16.535,0.112,0.884,0.090,g
2458793.80519,2019-11-06.3055064,bl,1.54,17.078,16.620,0.144,0.816,0.107,g
2458794.66365,2019-11-07.1639773,bH,1.40,16.586,16.522,0.207,0.894,0.169,g
2458794.66493,2019-11-07.1652531,bH,1.41,16.609,16.450,0.189,0.955,0.165,g
2458794.66620,2019-11-07.1665365,bH,1.38,16.631,>16.631,99.990,0.546,0.162,g
2458794.84465,2019-11-07.3449829,bl,1.47,17.328,17.099,0.177,0.525,0.085,g
2458794.84588,2019-11-07.3461982,bl,1.46,17.365,16.955,0.150,0.599,0.082,g
2458794.84711,2019-11-07.3474348,bl,1.47,17.141,16.856,0.168,0.658,0.101,g
2458795.70200,2019-11-08.2023331,bl,1.58,16.665,16.372,0.168,1.026,0.157,g
2458795.70321,2019-11-08.2035585,bl,1.56,16.647,>16.647,99.990,0.651,0.159,g
2458795.70445,2019-11-08.2047905,bl,1.58,16.463,>16.463,99.990,0.927,0.189,g
2458796.43277,2019-11-08.9331109,bp,1.66,16.527,16.219,0.165,1.182,0.178,g
2458796.43399,2019-11-08.9343317,bp,1.57,16.543,>16.543,99.990,0.519,0.175,g
2458796.43521,2019-11-08.9355521,bp,1.67,16.561,>16.561,99.990,0.662,0.172,g
2458796.66082,2019-11-09.1611721,bl,1.43,15.045,>15.045,99.990,2.297,0.697,g
2458796.66205,2019-11-09.1623993,bl,1.53,15.807,>15.807,99.990,0.618,0.345,g
2458796.66327,2019-11-09.1636228,bl,1.48,15.514,>15.514,99.990,0.337,0.452,g
2458796.86533,2019-11-09.3656743,bl,1.51,15.835,>15.835,99.990,0.194,0.337,g
2458796.86654,2019-11-09.3668981,bl,1.53,16.173,>16.173,99.990,0.245,0.247,g
2458797.74849,2019-11-10.2488495,bl,1.48,16.325,>16.325,99.990,0.616,0.214,g
2458797.74971,2019-11-10.2500697,bl,1.52,16.410,>16.410,99.990,0.483,0.198,g
2458797.75092,2019-11-10.2512844,bl,1.5,16.232,>16.232,99.990,0.867,0.234,g
2458798.73002,2019-11-11.2303827,bl,1.6,16.084,15.881,0.182,1.612,0.268,g
2458798.73123,2019-11-11.2316013,bl,1.6,16.104,>16.104,99.990,0.995,0.263,g
2458799.74352,2019-11-12.2439021,bl,1.53,16.226,>16.226,99.990,1.062,0.235,g
2458799.74475,2019-11-12.2451271,bl,1.45,16.023,>16.023,99.990,0.007,0.283,g
2458799.74596,2019-11-12.2463439,bl,1.54,16.012,>16.012,99.990,0.820,0.286,g
2458800.72910,2019-11-13.2294851,bH,1.47,16.268,>16.268,99.990,0.538,0.226,g
2458800.73041,2019-11-13.2308023,bH,1.53,16.093,>16.093,99.990,0.813,0.265,g
2458800.73168,2019-11-13.2320767,bH,1.51,16.157,>16.157,99.990,0.904,0.250,g
2458801.72915,2019-11-14.2295520,bH,1.86,16.182,>16.182,99.990,0.680,0.244,g
2458801.73043,2019-11-14.2308310,bH,1.88,16.207,>16.207,99.990,0.509,0.239,g
2458801.73170,2019-11-14.2321055,bH,2.23,16.008,15.726,0.169,1.861,0.287,g
2458802.77100,2019-11-15.2714144,bl,1.52,16.261,>16.261,99.990,0.266,0.227,g
2458802.77222,2019-11-15.2726314,bl,1.47,16.148,>16.148,99.990,0.578,0.252,g
2458802.77345,2019-11-15.2738643,bl,1.54,16.190,>16.190,99.990,0.570,0.243,g
2458802.77736,2019-11-15.2777709,bH,1.47,16.411,>16.411,99.990,0.694,0.198,g
2458803.83882,2019-11-16.3392493,bl,1.64,16.591,16.203,0.153,1.199,0.168,g
2458803.84004,2019-11-16.3404648,bl,1.59,16.517,>16.517,99.990,0.849,0.180,g
2458803.84125,2019-11-16.3416815,bl,1.55,16.695,>16.695,99.990,0.692,0.152,g
2458804.81905,2019-11-17.3194877,bH,1.44,16.507,>16.507,99.990,0.195,0.181,g
2458805.83824,2019-11-18.3386793,bH,1.53,16.789,16.637,0.191,0.804,0.140,g
2458805.83951,2019-11-18.3399488,bH,1.56,16.689,>16.689,99.990,0.678,0.153,g
2458805.84077,2019-11-18.3412131,bH,1.54,16.792,16.459,0.161,0.947,0.139,g
2458807.78077,2019-11-20.2812378,bl,1.56,16.942,16.248,0.116,1.150,0.121,g
2458807.78211,2019-11-20.2825724,bH,1.39,16.994,16.950,0.210,0.603,0.116,g
2458807.78338,2019-11-20.2838393,bH,1.41,17.064,16.657,0.151,0.789,0.109,g
2458807.78465,2019-11-20.2851056,bH,1.38,17.055,16.680,0.155,0.773,0.109,g
2458808.80513,2019-11-21.3056004,bl,1.51,16.968,16.840,0.195,0.667,0.119,g
2458808.80634,2019-11-21.3068199,bl,1.45,17.064,16.777,0.168,0.707,0.109,g
2458808.80756,2019-11-21.3080391,bl,1.45,16.967,16.562,0.151,0.862,0.119,g
2458809.78828,2019-11-22.2887604,bH,1.47,17.223,16.816,0.151,0.682,0.094,g
2458809.78955,2019-11-22.2900265,bH,1.50,17.055,16.397,0.119,1.003,0.109,g
2458809.79082,2019-11-22.2913003,bH,1.48,17.095,16.776,0.163,0.707,0.105,g
2458810.82968,2019-11-23.3301648,bH,1.42,17.190,16.529,0.119,0.888,0.097,g
2458810.83094,2019-11-23.3314344,bH,1.42,17.171,16.701,0.142,0.758,0.098,g
2458811.36794,2019-11-23.8684394,bp,1.54,17.452,16.594,0.099,0.836,0.076,g
2458811.36916,2019-11-23.8696560,bp,1.55,17.327,16.678,0.120,0.774,0.085,g
2458811.37037,2019-11-23.8708733,bp,1.53,17.259,16.756,0.138,0.721,0.091,g
2458811.80058,2019-11-24.3010813,bH,1.50,17.234,16.597,0.122,0.835,0.093,g
2458811.80185,2019-11-24.3023504,bH,1.45,17.297,16.532,0.108,0.886,0.088,g
2458811.80313,2019-11-24.3036234,bH,1.46,17.267,16.702,0.130,0.757,0.090,g
2458812.42134,2019-11-24.9218396,bp,1.50,17.414,16.730,0.116,0.739,0.079,g
2458812.42255,2019-11-24.9230520,bp,1.49,17.315,16.662,0.120,0.786,0.086,g
2458812.42377,2019-11-24.9242701,bp,1.49,17.433,16.603,0.102,0.829,0.077,g
2458815.71520,2019-11-28.2157319,bl,1.46,17.200,16.869,0.161,0.649,0.096,g
2458815.71643,2019-11-28.2169640,bl,1.47,17.152,16.760,0.153,0.718,0.100,g
2458815.71765,2019-11-28.2181846,bl,1.42,17.122,16.619,0.138,0.817,0.103,g
2458816.75427,2019-11-29.2548103,bH,1.41,17.201,16.663,0.134,0.785,0.096,g
2458816.75554,2019-11-29.2560748,bH,1.40,17.294,16.442,0.100,0.962,0.088,g
2458816.75681,2019-11-29.2573495,bH,1.38,17.172,16.835,0.161,0.670,0.098,g
2458817.75121,2019-11-30.2517622,bH,1.41,17.306,16.779,0.135,0.705,0.087,g
2458817.75250,2019-11-30.2530454,bH,1.45,17.316,16.700,0.124,0.758,0.086,g
2458817.75378,2019-11-30.2543224,bH,1.42,17.184,16.752,0.147,0.723,0.097,g
2458819.71175,2019-12-02.2123143,bl,1.56,17.098,17.000,0.200,0.575,0.105,g
2458819.71296,2019-12-02.2135226,bl,1.55,17.295,16.691,0.126,0.765,0.088,g
2458819.71418,2019-12-02.2147439,bl,1.5,17.091,16.520,0.130,0.895,0.106,g
2458820.66431,2019-12-03.1648892,bl,1.51,17.002,16.618,0.154,0.818,0.115,g
2458820.73816,2019-12-03.2387385,bl,1.53,17.174,16.612,0.130,0.823,0.098,g
2458820.73938,2019-12-03.2399545,bl,1.48,17.180,16.773,0.151,0.709,0.098,g
2458820.74060,2019-12-03.2411733,bl,1.49,17.113,16.846,0.171,0.663,0.104,g
2458822.75379,2019-12-05.2543745,bl,1.45,17.284,16.978,0.165,0.588,0.089,g
2458822.75501,2019-12-05.2555975,bl,1.45,17.263,16.991,0.171,0.581,0.090,g
2458822.75623,2019-12-05.2568122,bl,1.48,17.221,16.696,0.135,0.761,0.094,g
2458822.79050,2019-12-05.2910862,bl,1.51,17.212,16.647,0.130,0.797,0.095,g
2458822.79173,2019-12-05.2923151,bl,1.44,17.117,16.768,0.159,0.713,0.103,g
2458822.79295,2019-12-05.2935357,bl,1.53,17.221,17.212,0.217,0.474,0.094,g
2458823.58430,2019-12-06.0848920,bH,1.44,16.514,>16.514,99.990,0.640,0.180,g
2458823.58558,2019-12-06.0861679,bH,1.44,16.839,16.417,0.149,0.985,0.134,g
2458823.58684,2019-12-06.0874344,bH,1.44,16.623,>16.623,99.990,0.697,0.163,g
2458823.78412,2019-12-06.2847071,bl,1.49,17.048,16.646,0.151,0.797,0.110,g
2458823.78535,2019-12-06.2859362,bl,1.46,17.133,16.422,0.114,0.980,0.102,g
2458823.78656,2019-12-06.2871623,bl,1.46,17.239,16.775,0.143,0.708,0.092,g
2458824.62152,2019-12-07.1221202,bH,1.46,16.549,16.519,0.213,0.896,0.174,g
2458824.62281,2019-12-07.1234050,bH,1.44,16.708,16.517,0.184,0.898,0.151,g
2458824.79324,2019-12-07.2938362,bl,1.47,17.171,16.821,0.159,0.679,0.098,g
2458824.79446,2019-12-07.2950590,bl,1.49,17.175,16.500,0.118,0.912,0.098,g
2458824.79569,2019-12-07.2962841,bl,1.47,17.205,16.659,0.132,0.788,0.095,g
2458825.78292,2019-12-08.2835353,bH,1.41,16.843,>16.843,99.990,0.541,0.133,g
2458825.78419,2019-12-08.2847991,bH,1.49,16.892,16.844,0.210,0.664,0.127,g
2458825.78546,2019-12-08.2860740,bH,1.45,16.801,>16.801,99.990,0.230,0.138,g
2458826.74086,2019-12-09.2414633,bH,1.48,16.514,16.432,0.203,0.971,0.180,g
2458826.74213,2019-12-09.2427427,bH,1.43,16.485,16.198,0.168,1.204,0.185,g
2458826.74341,2019-12-09.2440152,bH,1.43,16.536,>16.536,99.990,0.652,0.176,g
2458827.66972,2019-12-10.1703353,bl,1.51,16.443,16.191,0.174,1.213,0.192,g
2458827.67094,2019-12-10.1715531,bl,1.48,16.269,>16.269,99.990,0.220,0.226,g
2458827.67215,2019-12-10.1727701,bl,1.53,16.324,>16.324,99.990,0.701,0.215,g
2458828.81033,2019-12-11.3109666,bl,1.47,16.182,15.847,0.161,1.664,0.245,g
2458828.81156,2019-12-11.3121858,bl,1.50,16.187,>16.187,99.990,0.621,0.243,g
2458828.81278,2019-12-11.3134076,bl,1.54,16.205,16.189,0.216,1.215,0.239,g
2458829.67079,2019-12-12.1714278,bl,1.43,15.859,>15.859,99.990,0.927,0.329,g
2458829.67202,2019-12-12.1726473,bl,1.54,99.990,99.990,99.990,99.990,99.990,g
2458829.67325,2019-12-12.1738796,bl,1.51,15.872,>15.872,99.990,1.206,0.325,g
2458831.55117,2019-12-14.0518153,bp,1.48,16.326,>16.326,99.990,0.801,0.214,g
2458831.55239,2019-12-14.0530380,bp,1.48,16.506,>16.506,99.990,0.437,0.181,g
2458831.55361,2019-12-14.0542526,bp,1.50,16.287,>16.287,99.990,0.662,0.222,g
2458831.85547,2019-12-14.3561072,bH,1.50,15.878,>15.878,99.990,0.962,0.324,g
2458831.85674,2019-12-14.3573780,bH,1.55,15.734,>15.734,99.990,-0.608,0.369,g
2458832.79717,2019-12-15.2978099,bl,1.57,16.290,>16.290,99.990,1.055,0.221,g
2458832.79838,2019-12-15.2990292,bl,1.49,16.365,16.352,0.217,1.045,0.207,g
2458832.79961,2019-12-15.3002495,bl,1.53,16.386,16.133,0.174,1.279,0.203,g
2458833.65737,2019-12-16.1580243,bl,1.46,16.705,16.654,0.209,0.791,0.151,g
2458833.65860,2019-12-16.1592491,bl,1.49,16.628,>16.628,99.990,0.804,0.162,g
2458833.65982,2019-12-16.1604663,bl,1.46,16.672,>16.672,99.990,0.545,0.156,g
2458833.83101,2019-12-16.3316751,bl,1.49,16.497,>16.497,99.990,0.733,0.183,g
2458833.83224,2019-12-16.3328952,bl,1.49,16.441,>16.441,99.990,0.535,0.193,g
2458833.83346,2019-12-16.3341096,bl,1.48,16.490,>16.490,99.990,0.675,0.184,g
2458834.58585,2019-12-17.0865083,bp,1.51,16.608,>16.608,99.990,0.746,0.165,g
2458834.58708,2019-12-17.0877349,bp,1.55,16.743,16.627,0.197,0.811,0.146,g
2458834.68890,2019-12-17.1895531,bH,1.48,16.862,16.781,0.203,0.704,0.131,g
2458834.69017,2019-12-17.1908210,bH,1.44,16.889,16.729,0.189,0.739,0.128,g
2458834.69150,2019-12-17.1921559,bH,1.42,16.843,16.804,0.212,0.689,0.133,g
2458834.85472,2019-12-17.3553728,bl,1.48,16.153,16.083,0.206,1.339,0.251,g
2458834.85594,2019-12-17.3565934,bl,1.56,16.086,>16.086,99.990,1.113,0.267,g
2458834.85715,2019-12-17.3578094,bl,1.56,15.953,>15.953,99.990,1.337,0.302,g
2458835.62851,2019-12-18.1291672,bH,1.43,17.267,16.667,0.126,0.782,0.090,g
2458835.84817,2019-12-18.3488313,bH,1.40,16.608,>16.608,99.990,0.461,0.165,g
2458835.84943,2019-12-18.3500944,bH,1.42,16.611,>16.611,99.990,0.239,0.165,g
2458835.85071,2019-12-18.3513685,bH,1.45,16.413,16.219,0.183,1.181,0.198,g
2458836.65830,2019-12-19.1589734,bl,1.5,17.115,16.467,0.121,0.940,0.104,g
2458836.65953,2019-12-19.1601961,bl,1.51,17.089,16.508,0.128,0.905,0.106,g
2458836.66075,2019-12-19.1614142,bl,1.52,17.119,16.426,0.116,0.977,0.103,g
2458836.83004,2019-12-19.3306995,bH,1.41,16.838,16.458,0.154,0.948,0.134,g
2458836.83131,2019-12-19.3319725,bH,1.40,16.810,>16.810,99.990,0.676,0.137,g
2458836.83258,2019-12-19.3332438,bH,1.39,17.039,>17.039,99.990,0.460,0.111,g
2458837.32236,2019-12-19.8230230,bp,1.78,17.247,16.297,0.091,1.099,0.092,g
2458837.32362,2019-12-19.8242903,bp,1.70,17.210,16.417,0.106,0.984,0.095,g
2458837.76162,2019-12-20.2622868,bl,1.51,17.011,16.601,0.150,0.831,0.114,g
2458837.76283,2019-12-20.2635097,bl,1.49,17.032,16.753,0.170,0.722,0.112,g
2458837.76406,2019-12-20.2647318,bl,1.47,17.131,16.955,0.186,0.600,0.102,g
2458838.53832,2019-12-21.0390015,bp,1.48,17.297,16.562,0.111,0.861,0.088,g
2458838.53953,2019-12-21.0402078,bp,1.55,17.167,16.816,0.159,0.682,0.099,g
2458838.54075,2019-12-21.0414283,bp,1.54,17.290,16.820,0.142,0.679,0.088,g
2458838.67981,2019-12-21.1804793,bl,1.46,17.123,16.538,0.128,0.881,0.103,g
2458838.68103,2019-12-21.1816967,bl,1.52,17.303,16.828,0.141,0.674,0.087,g
2458839.37198,2019-12-21.8726591,bp,1.57,17.347,16.675,0.118,0.776,0.084,g
2458839.37320,2019-12-21.8738799,bp,1.61,17.400,16.582,0.103,0.846,0.080,g
2458839.37442,2019-12-21.8750949,bp,1.64,17.354,16.605,0.110,0.828,0.083,g
2458839.83422,2019-12-22.3348997,bH,1.43,17.079,16.766,0.164,0.714,0.107,g
2458839.83548,2019-12-22.3361625,bH,1.44,17.244,16.583,0.119,0.845,0.092,g
2458839.83676,2019-12-22.3374376,bH,1.45,17.026,16.999,0.214,0.576,0.112,g
2458840.34625,2019-12-22.8469386,bp,1.56,17.354,16.820,0.134,0.679,0.083,g
2458840.34747,2019-12-22.8481560,bp,1.49,17.262,16.766,0.139,0.714,0.090,g
2458840.34869,2019-12-22.8493682,bp,1.54,17.491,16.682,0.104,0.772,0.073,g
2458840.78181,2019-12-23.2824949,bl,1.49,17.097,16.648,0.145,0.796,0.105,g
2458840.78423,2019-12-23.2849185,bl,1.5,17.342,16.914,0.148,0.623,0.084,g
2458841.36520,2019-12-23.8658793,bp,1.57,17.260,16.411,0.100,0.991,0.091,g
2458841.36640,2019-12-23.8670929,bp,1.66,17.446,16.718,0.112,0.746,0.076,g
2458841.36763,2019-12-23.8683133,bp,1.60,17.420,16.764,0.120,0.715,0.078,g
2458841.73981,2019-12-24.2404916,bl,1.47,17.259,16.668,0.127,0.781,0.091,g
2458841.74104,2019-12-24.2417199,bl,1.49,17.122,16.729,0.153,0.738,0.103,g
2458841.74225,2019-12-24.2429324,bl,1.51,17.024,16.521,0.138,0.895,0.113,g
2458842.71180,2019-12-25.2124814,bl,1.45,17.205,16.709,0.139,0.753,0.095,g
2458842.71301,2019-12-25.2137069,bl,1.49,17.172,16.195,0.089,1.208,0.098,g
2458842.71423,2019-12-25.2149262,bl,1.49,17.117,16.490,0.123,0.920,0.103,g
2458843.79277,2019-12-26.2934562,bH,1.41,17.208,16.660,0.132,0.787,0.095,g
2458843.79404,2019-12-26.294725,bH,1.40,17.246,16.716,0.134,0.747,0.092,g
2458843.79530,2019-12-26.2959916,bH,1.38,17.416,17.183,0.177,0.486,0.079,g
2458844.71259,2019-12-27.2132813,bl,1.53,17.021,16.483,0.133,0.927,0.113,g
2458844.71381,2019-12-27.2144973,bl,1.48,17.125,16.580,0.133,0.847,0.103,g
2458844.71503,2019-12-27.2157285,bl,1.54,17.134,16.446,0.116,0.959,0.102,g
2458846.76431,2019-12-29.2650116,bH,1.43,17.311,16.993,0.164,0.579,0.086,g
2458846.76559,2019-12-29.2662862,bH,1.41,17.068,16.501,0.130,0.911,0.108,g
2458846.76685,2019-12-29.2675519,bH,1.43,17.228,16.700,0.135,0.758,0.093,g
2458847.71760,2019-12-30.2183070,bl,1.49,17.202,16.754,0.145,0.722,0.096,g
2458847.74625,2019-12-30.2469542,bH,1.42,17.257,16.820,0.146,0.679,0.091,g
2458847.74753,2019-12-30.2482304,bH,1.47,17.160,16.676,0.140,0.775,0.099,g
2458847.74880,2019-12-30.2495020,bH,1.47,17.300,16.701,0.126,0.758,0.087,g
2458849.58999,2020-01-01.0907039,bl,1.47,16.994,16.673,0.163,0.778,0.116,g
2458849.59122,2020-01-01.0919253,bl,1.47,17.070,16.454,0.124,0.951,0.108,g
2458849.59244,2020-01-01.0931425,bl,1.48,17.039,16.628,0.150,0.810,0.111,g
2458849.77572,2020-01-01.2764305,bl,1.48,17.059,16.837,0.179,0.669,0.109,g
2458849.77694,2020-01-01.2776490,bl,1.47,17.156,16.854,0.166,0.659,0.100,g
2458849.77816,2020-01-01.2788694,bl,1.44,17.027,16.608,0.149,0.825,0.112,g
2458850.78038,2020-01-02.2810834,bH,1.38,17.175,16.858,0.164,0.656,0.098,g
2458850.78168,2020-01-02.2823821,bH,1.36,17.240,17.182,0.208,0.486,0.092,g
2458850.78296,2020-01-02.2836716,bH,1.37,17.189,16.537,0.120,0.881,0.097,g
2458851.62890,2020-01-03.1296121,bl,1.48,16.856,16.749,0.199,0.725,0.131,g
2458851.63012,2020-01-03.1308314,bl,1.49,16.841,>16.841,99.990,0.355,0.133,g
2458851.63133,2020-01-03.1320461,bl,1.5,17.053,16.693,0.157,0.764,0.110,g
2458852.56052,2020-01-04.0612293,bl,1.56,16.689,16.650,0.212,0.794,0.153,g
2458852.56174,2020-01-04.0624460,bl,1.54,16.697,16.650,0.210,0.795,0.152,g
2458852.56296,2020-01-04.0636714,bl,1.5,16.765,16.607,0.189,0.827,0.143,g
2458852.75465,2020-01-04.2553519,bH,1.42,17.127,16.844,0.169,0.664,0.103,g
2458852.75592,2020-01-04.2566261,bH,1.44,17.162,16.673,0.140,0.778,0.099,g
2458852.75721,2020-01-04.2579231,bH,1.40,17.207,17.009,0.183,0.571,0.095,g
2458853.56592,2020-01-05.0666237,bH,2.04,16.462,16.159,0.166,1.248,0.189,g
2458853.56719,2020-01-05.0678991,bH,1.69,16.728,>16.728,99.990,0.683,0.148,g
2458853.56846,2020-01-05.0691629,bH,1.67,16.571,>16.571,99.990,0.767,0.171,g
2458853.78746,2020-01-05.2881771,bl,1.45,17.146,17.030,0.197,0.560,0.101,g
2458853.78869,2020-01-05.2894006,bl,1.47,17.126,16.638,0.140,0.803,0.102,g
2458853.78991,2020-01-05.2906165,bl,1.48,17.025,16.876,0.191,0.645,0.113,g
2458854.54189,2020-01-06.0426057,bl,1.62,16.480,>16.480,99.990,0.568,0.186,g
2458854.54312,2020-01-06.0438358,bl,1.57,16.306,16.162,0.192,1.244,0.218,g
2458854.54434,2020-01-06.0450515,bl,1.58,16.291,>16.291,99.990,0.516,0.221,g
2458854.76139,2020-01-06.2620974,bH,1.54,16.967,16.746,0.179,0.727,0.119,g
2458854.76265,2020-01-06.2633590,bH,1.49,16.929,16.590,0.160,0.840,0.123,g
2458854.76393,2020-01-06.2646395,bH,1.44,16.731,>16.731,99.990,0.673,0.147,g
2458855.61678,2020-01-07.1174931,bl,1.57,15.921,>15.921,99.990,0.115,0.311,g
2458855.61801,2020-01-07.1187243,bl,1.51,15.808,>15.808,99.990,0.713,0.345,g
2458855.61924,2020-01-07.1199518,bl,1.50,15.945,>15.945,99.990,0.641,0.304,g
2458855.79945,2020-01-07.3001574,bH,1.39,16.902,16.567,0.161,0.857,0.126,g
2458857.77993,2020-01-09.2806447,bl,1.54,16.186,>16.186,99.990,0.977,0.244,g
2458857.78117,2020-01-09.2818769,bl,1.52,16.033,>16.033,99.990,0.629,0.280,g
2458857.78239,2020-01-09.2830996,bl,1.55,16.078,>16.078,99.990,0.808,0.269,g
2458858.71822,2020-01-10.2189273,bH,1.55,15.998,15.629,0.156,2.033,0.290,g
2458859.38529,2020-01-10.8859910,bp,1.47,16.115,>16.115,99.990,0.958,0.260,g
2458859.51155,2020-01-11.0122510,bp,1.57,15.907,>15.907,99.990,1.139,0.315,g
2458859.51275,2020-01-11.0134608,bp,1.52,15.920,>15.920,99.990,0.560,0.311,g
2458859.51397,2020-01-11.0146752,bp,1.50,15.945,>15.945,99.990,0.862,0.304,g
2458859.76112,2020-01-11.2618340,bl,1.55,16.012,15.994,0.216,1.454,0.286,g
2458859.76233,2020-01-11.2630456,bl,1.52,15.882,15.801,0.203,1.737,0.322,g
2458859.76356,2020-01-11.2642650,bl,1.47,15.820,>15.820,99.990,0.394,0.341,g
2458860.77280,2020-01-12.2735099,bH,1.45,16.078,>16.078,99.990,0.470,0.269,g
2458860.77408,2020-01-12.2747856,bH,1.51,15.912,>15.912,99.990,0.536,0.314,g
2458860.77535,2020-01-12.2760593,bH,1.54,15.944,>15.944,99.990,0.889,0.304,g
2458862.59660,2020-01-14.0973068,bH,1.48,17.284,16.646,0.122,0.797,0.089,g
2458862.59788,2020-01-14.0985905,bH,1.48,17.022,16.622,0.151,0.815,0.113,g
2458862.59916,2020-01-14.0998707,bH,1.53,17.148,16.653,0.139,0.792,0.101,g
2458862.78030,2020-01-14.2810037,bH,1.40,15.875,>15.875,99.990,0.726,0.324,g
2458862.78157,2020-01-14.2822781,bH,1.45,15.806,>15.806,99.990,-0.189,0.346,g
2458862.78284,2020-01-14.2835452,bH,1.40,16.181,>16.181,99.990,0.440,0.245,g
2458863.48024,2020-01-14.9809479,bp,1.60,16.717,>16.717,99.990,0.511,0.149,g
2458863.48146,2020-01-14.9821671,bp,1.59,16.555,16.481,0.204,0.929,0.173,g
2458863.48269,2020-01-14.9833913,bp,1.63,16.505,>16.505,99.990,0.716,0.182,g
2458863.57871,2020-01-15.0794120,bl,1.53,17.212,16.692,0.136,0.764,0.095,g
2458863.57993,2020-01-15.0806314,bl,1.57,17.208,16.825,0.154,0.676,0.095,g
2458863.58115,2020-01-15.0818495,bl,1.49,17.128,16.665,0.143,0.783,0.102,g
2458863.77535,2020-01-15.2760501,bH,1.43,16.318,>16.318,99.990,1.064,0.216,g
2458863.77662,2020-01-15.2773251,bH,1.42,16.233,>16.233,99.990,0.645,0.233,g
2458863.77790,2020-01-15.2786030,bH,1.43,16.371,>16.371,99.990,0.784,0.206,g
2458864.58581,2020-01-16.0865052,bl,1.5,17.025,16.532,0.139,0.885,0.113,g
2458864.58702,2020-01-16.0877201,bl,1.56,16.994,16.445,0.132,0.960,0.116,g
2458864.58824,2020-01-16.0889388,bl,1.53,17.018,16.270,0.110,1.128,0.113,g
2458864.77107,2020-01-16.2717780,bH,1.44,16.719,16.476,0.175,0.933,0.149,g
2458864.77237,2020-01-16.2730718,bH,1.39,16.499,>16.499,99.990,0.573,0.183,g
2458864.77365,2020-01-16.2743467,bH,1.44,16.565,>16.565,99.990,0.589,0.172,g
2458865.48788,2020-01-16.9885787,bp,1.49,16.930,16.536,0.152,0.882,0.123,g
2458865.48910,2020-01-16.9898050,bp,1.54,17.006,16.761,0.175,0.717,0.115,g
2458865.49031,2020-01-16.9910173,bp,1.55,16.982,>16.982,99.990,0.537,0.117,g
2458865.56698,2020-01-17.0676866,bl,1.4,15.686,>15.686,99.990,0.383,0.386,g
2458865.56821,2020-01-17.0689167,bl,1.49,15.857,>15.857,99.990,1.233,0.330,g
2458865.56943,2020-01-17.0701317,bl,1.48,16.018,>16.018,99.990,0.713,0.284,g
2458865.78194,2020-01-17.2826425,bH,1.40,16.474,>16.474,99.990,0.904,0.187,g
2458865.78321,2020-01-17.2839094,bH,1.42,16.453,>16.453,99.990,0.647,0.190,g
2458866.57432,2020-01-18.0750223,bl,1.44,17.170,16.880,0.168,0.643,0.098,g
2458866.57555,2020-01-18.0762464,bl,1.46,17.053,16.829,0.178,0.673,0.110,g
2458866.57676,2020-01-18.0774649,bl,1.52,17.085,16.773,0.164,0.710,0.106,g
2458868.75817,2020-01-20.2588621,bH,1.34,16.972,16.656,0.164,0.790,0.118,g
2458868.75943,2020-01-20.2601251,bH,1.37,17.076,16.965,0.198,0.594,0.107,g
2458868.76070,2020-01-20.2613974,bH,1.41,17.056,16.531,0.135,0.886,0.110,g
2458870.75454,2020-01-22.2552283,bH,1.44,16.885,16.814,0.205,0.683,0.128,g
2458870.75580,2020-01-22.2564951,bH,1.41,16.983,>16.983,99.990,0.559,0.117,g
2458870.75706,2020-01-22.2577601,bH,1.44,17.043,16.679,0.157,0.773,0.111,g
2458871.75391,2020-01-23.2545968,bH,1.39,17.019,16.592,0.148,0.838,0.113,g
2458871.75520,2020-01-23.2558872,bH,1.40,17.017,16.915,0.199,0.622,0.113,g
2458871.75648,2020-01-23.2571601,bH,1.43,17.069,16.706,0.157,0.754,0.108,g
2458873.47155,2020-01-24.9722289,bp,1.52,16.939,16.692,0.174,0.764,0.122,g
2458873.47277,2020-01-24.9734449,bp,1.49,16.750,>16.750,99.990,0.579,0.145,g
2458873.47398,2020-01-24.9746596,bp,1.51,16.952,>16.952,99.990,0.541,0.120,g
2458875.44665,2020-01-26.9473237,bp,1.56,99.990,99.990,99.990,99.990,99.990,g
2458875.44786,2020-01-26.9485317,bp,1.55,99.990,99.990,99.990,99.990,99.990,g
2458875.44908,2020-01-26.9497489,bp,1.55,99.990,99.990,99.990,99.990,99.990,g
2458875.74102,2020-01-27.2416972,bH,1.54,17.047,16.893,0.190,0.635,0.110,g
2458875.74231,2020-01-27.2429784,bH,1.52,17.095,16.730,0.156,0.738,0.105,g
2458876.44976,2020-01-27.9504271,bp,1.52,17.154,16.561,0.127,0.862,0.100,g
2458876.45098,2020-01-27.9516478,bp,1.53,17.418,17.188,0.177,0.484,0.078,g
2458876.45220,2020-01-27.9528655,bp,1.48,17.393,16.888,0.138,0.638,0.080,g
2458877.45744,2020-01-28.9581061,bp,1.54,17.224,16.622,0.126,0.815,0.094,g
2458877.45867,2020-01-28.9593282,bp,1.53,17.367,16.783,0.128,0.703,0.082,g
2458877.45988,2020-01-28.9605405,bp,1.53,17.323,16.610,0.113,0.825,0.086,g
2458877.75089,2020-01-29.2515462,bH,1.38,16.573,>16.573,99.990,0.501,0.171,g
2458877.75217,2020-01-29.2528320,bH,1.42,16.421,>16.421,99.990,0.925,0.196,g
2458877.75346,2020-01-29.2541174,bH,1.43,16.493,>16.493,99.990,0.422,0.184,g
2458878.46656,2020-01-29.9672188,bp,1.60,17.248,16.619,0.123,0.818,0.092,g
2458878.46778,2020-01-29.9684337,bp,1.57,17.318,16.734,0.128,0.735,0.086,g
2458878.46900,2020-01-29.9696542,bp,1.53,17.266,16.808,0.144,0.687,0.090,g
2458878.73260,2020-01-30.2332590,bH,1.39,17.012,16.820,0.183,0.680,0.114,g
2458878.73388,2020-01-30.2345395,bH,1.43,16.984,16.730,0.173,0.738,0.117,g
2458878.73517,2020-01-30.2358219,bH,1.41,16.964,16.436,0.135,0.968,0.119,g
2458879.46594,2020-01-30.9665932,bp,1.51,17.260,16.625,0.122,0.812,0.091,g
2458879.46716,2020-01-30.9678141,bp,1.51,17.231,17.099,0.194,0.525,0.093,g
2458879.46838,2020-01-30.9690349,bp,1.53,17.271,16.698,0.129,0.760,0.090,g
2458879.73203,2020-01-31.2326890,bH,1.42,17.145,16.814,0.161,0.683,0.101,g
2458879.73331,2020-01-31.2339650,bH,1.40,17.070,16.607,0.143,0.826,0.108,g
2458879.73459,2020-01-31.2352528,bH,1.44,17.120,16.905,0.180,0.629,0.103,g
2458880.46908,2020-01-31.9697262,bp,1.60,16.752,>16.752,99.990,0.722,0.145,g
2458880.47029,2020-01-31.9709400,bp,1.67,16.788,16.710,0.204,0.752,0.140,g
2458880.47152,2020-01-31.9721638,bp,1.58,16.606,>16.606,99.990,0.764,0.165,g
2458880.72747,2020-02-01.2281122,bH,1.37,17.038,>17.038,99.990,0.546,0.111,g
2458880.72873,2020-02-01.2293781,bH,1.42,17.063,16.557,0.137,0.866,0.109,g
2458881.72349,2020-02-02.2241341,bH,1.39,17.165,17.123,0.211,0.514,0.099,g
2458881.72477,2020-02-02.2254105,bH,1.39,17.136,16.806,0.162,0.688,0.102,g
2458881.72604,2020-02-02.2266875,bH,1.36,17.142,16.639,0.138,0.802,0.101,g
2458882.29111,2020-02-02.7917481,bp,1.49,16.888,16.770,0.197,0.711,0.128,g
2458882.29232,2020-02-02.7929681,bp,1.52,16.822,16.727,0.201,0.740,0.136,g
2458882.29355,2020-02-02.7941927,bp,1.51,16.945,>16.945,99.990,0.587,0.121,g
2458882.72301,2020-02-03.2236479,bH,1.40,17.173,16.881,0.167,0.642,0.098,g
2458882.72431,2020-02-03.2249483,bH,1.45,17.184,>17.184,99.990,0.467,0.097,g
2458882.72559,2020-02-03.2262232,bH,1.42,17.100,16.773,0.162,0.709,0.105,g
2458883.27589,2020-02-03.7765173,bp,2.48,16.149,15.825,0.163,1.698,0.252,g
2458883.27710,2020-02-03.7777365,bp,2.42,16.188,15.970,0.179,1.485,0.243,g
2458883.27832,2020-02-03.7789586,bp,2.44,16.285,16.069,0.180,1.356,0.222,g
2458883.71781,2020-02-04.2184435,bH,1.48,16.815,16.394,0.149,1.005,0.137,g
2458883.71908,2020-02-04.2197186,bH,1.47,16.900,16.548,0.158,0.873,0.126,g
2458883.72037,2020-02-04.2210025,bH,1.47,17.001,16.676,0.163,0.775,0.115,g
2458884.71893,2020-02-05.2195578,bH,1.43,16.525,16.379,0.192,1.019,0.178,g
2458884.72021,2020-02-05.2208373,bH,1.51,16.514,>16.514,99.990,0.329,0.180,g
2458885.31044,2020-02-05.8110571,bp,1.64,16.398,16.274,0.196,1.123,0.200,g
2458885.31195,2020-02-05.8125675,bp,1.67,16.572,>16.572,99.990,0.635,0.171,g
2458885.31319,2020-02-05.8138084,bp,1.54,16.422,>16.422,99.990,0.823,0.196,g
2458885.70900,2020-02-06.2096212,bH,1.49,16.232,>16.232,99.990,0.176,0.233,g
2458885.71027,2020-02-06.2108913,bH,1.42,16.252,>16.252,99.990,1.002,0.229,g
2458885.71155,2020-02-06.2121739,bH,1.39,16.271,>16.271,99.990,0.049,0.225,g
2458886.71281,2020-02-07.2134181,bH,1.52,16.110,>16.110,99.990,0.835,0.261,g
2458886.71408,2020-02-07.2146953,bH,1.53,16.096,>16.096,99.990,0.842,0.265,g
2458886.71535,2020-02-07.2159675,bH,1.49,16.160,>16.160,99.990,0.974,0.250,g
2458887.70822,2020-02-08.2088237,bH,1.50,15.958,15.877,0.204,1.618,0.300,g
2458887.70949,2020-02-08.2100997,bH,1.47,16.126,>16.126,99.990,0.670,0.257,g
2458887.71077,2020-02-08.2113752,bH,1.54,15.856,>15.856,99.990,0.622,0.330,g
2458888.42040,2020-02-08.9209971,bp,1.58,16.071,>16.071,99.990,0.405,0.271,g
2458888.42162,2020-02-08.9222153,bp,1.52,16.014,>16.014,99.990,0.349,0.286,g
2458888.42282,2020-02-08.9234202,bp,1.50,16.123,>16.123,99.990,0.648,0.258,g
2458888.70772,2020-02-09.2083188,bH,2.06,15.591,>15.591,99.990,1.780,0.421,g
2458888.70901,2020-02-09.2096082,bH,2.08,15.621,>15.621,99.990,0.971,0.410,g
2458888.71029,2020-02-09.2108876,bH,2.46,15.677,>15.677,99.990,0.993,0.389,g
2458889.42937,2020-02-09.9299712,bp,1.56,16.101,>16.101,99.990,0.169,0.263,g
2458889.43060,2020-02-09.9311978,bp,1.57,16.060,>16.060,99.990,0.702,0.274,g
2458889.43182,2020-02-09.9324150,bp,1.57,16.129,>16.129,99.990,0.686,0.257,g
2458889.69876,2020-02-10.1993642,bH,1.45,15.605,>15.605,99.990,0.210,0.416,g
2458889.70005,2020-02-10.2006497,bH,1.56,15.489,>15.489,99.990,0.048,0.463,g
2458889.70134,2020-02-10.2019309,bH,1.44,15.604,>15.604,99.990,-0.058,0.416,g
2458890.42790,2020-02-10.9284903,bp,1.56,16.389,>16.389,99.990,0.893,0.202,g
2458890.42912,2020-02-10.9297134,bp,1.51,16.502,>16.502,99.990,0.688,0.182,g
2458890.43032,2020-02-10.9309200,bp,1.54,16.167,>16.167,99.990,0.373,0.248,g
2458890.69767,2020-02-11.1982590,bH,1.51,15.978,>15.978,99.990,0.404,0.295,g
2458890.69896,2020-02-11.1995474,bH,1.32,15.806,>15.806,99.990,0.932,0.346,g
2458890.70024,2020-02-11.2008255,bH,1.51,16.053,>16.053,99.990,1.053,0.276,g
2458891.42248,2020-02-11.9230585,bp,1.50,16.525,16.427,0.200,0.976,0.178,g
2458891.42369,2020-02-11.9242731,bp,1.47,16.590,16.456,0.194,0.949,0.168,g
2458891.42491,2020-02-11.9254914,bp,1.42,16.573,>16.573,99.990,0.644,0.171,g
2458891.69306,2020-02-12.1936359,bH,1.47,16.229,>16.229,99.990,1.083,0.234,g
2458891.69433,2020-02-12.1949100,bH,1.50,15.761,>15.761,99.990,0.838,0.360,g
2458891.69561,2020-02-12.1961928,bH,1.51,15.786,>15.786,99.990,0.128,0.352,g
2458892.69919,2020-02-13.1997590,bH,1.44,15.768,>15.768,99.990,1.576,0.358,g
2458892.70046,2020-02-13.2010295,bH,1.45,16.255,>16.255,99.990,0.927,0.229,g
2458892.70173,2020-02-13.2023064,bH,1.39,16.422,>16.422,99.990,0.510,0.196,g
2458893.41736,2020-02-13.9179217,bp,1.50,16.766,16.631,0.194,0.808,0.143,g
2458893.41858,2020-02-13.9191447,bp,1.43,16.784,16.706,0.204,0.755,0.140,g
2458893.41980,2020-02-13.9203609,bp,1.47,16.775,>16.775,99.990,0.579,0.142,g
2458893.68772,2020-02-14.1882939,bH,1.41,16.572,>16.572,99.990,0.169,0.171,g
2458893.68900,2020-02-14.1895684,bH,1.44,16.671,>16.671,99.990,0.738,0.156,g
2458893.69027,2020-02-14.1908320,bH,1.40,16.828,16.309,0.136,1.088,0.135,g
2458894.41664,2020-02-14.9172067,bp,1.49,16.962,16.531,0.147,0.886,0.119,g
2458894.41786,2020-02-14.9184203,bp,1.52,17.117,16.717,0.152,0.747,0.103,g
2458894.41907,2020-02-14.9196364,bp,1.50,17.042,16.789,0.174,0.699,0.111,g
2458894.68416,2020-02-15.1847134,bH,1.39,16.731,>16.731,99.990,0.724,0.148,g
2458894.68543,2020-02-15.1859896,bH,1.43,16.653,>16.653,99.990,0.638,0.158,g
2458894.68672,2020-02-15.1872737,bH,1.34,16.840,16.786,0.209,0.701,0.133,g
2458896.43265,2020-02-16.9331971,bp,1.55,17.043,16.617,0.148,0.819,0.111,g
2458896.43396,2020-02-16.9344962,bp,1.55,16.706,16.650,0.208,0.794,0.151,g
2458896.43518,2020-02-16.9357218,bp,1.52,16.801,>16.801,99.990,0.466,0.138,g
2458897.40736,2020-02-17.9078971,bp,1.60,17.285,16.734,0.132,0.735,0.089,g
2458897.40860,2020-02-17.9091344,bp,1.58,17.348,16.626,0.113,0.812,0.084,g
2458897.40980,2020-02-17.9103505,bp,1.66,17.522,16.890,0.122,0.637,0.071,g
2458897.67762,2020-02-18.1781553,bH,1.45,17.143,17.031,0.198,0.559,0.101,g
2458897.67890,2020-02-18.1794310,bH,1.46,17.244,16.619,0.123,0.817,0.092,g
2458897.68016,2020-02-18.1806950,bH,1.42,17.161,16.664,0.139,0.784,0.099,g
2458898.70835,2020-02-19.2088761,bH,1.44,17.065,16.670,0.152,0.780,0.108,g
2458898.70963,2020-02-19.2101593,bH,1.45,17.242,16.837,0.151,0.669,0.092,g
2458898.71090,2020-02-19.2114309,bH,1.49,17.166,16.329,0.101,1.067,0.099,g
2458899.71668,2020-02-20.2172054,bH,1.38,17.209,16.874,0.161,0.647,0.095,g
2458900.56785,2020-02-21.0683553,bl,1.51,17.060,16.534,0.135,0.884,0.109,g
2458900.56908,2020-02-21.0695909,bl,1.51,17.302,16.795,0.137,0.695,0.087,g
2458900.57030,2020-02-21.0708101,bl,1.46,17.103,16.593,0.137,0.837,0.105,g
2458902.53577,2020-02-23.0362657,bl,1.64,17.081,16.564,0.136,0.860,0.107,g
2458902.53699,2020-02-23.0374851,bl,1.66,17.043,16.754,0.168,0.722,0.111,g
2458902.53822,2020-02-23.0387067,bl,1.66,17.111,17.085,0.214,0.532,0.104,g
2458904.31542,2020-02-24.8158886,bp,1.66,17.389,16.591,0.105,0.839,0.080,g
2458904.31662,2020-02-24.8171003,bp,1.68,17.404,16.665,0.111,0.784,0.079,g
2458904.31784,2020-02-24.8183172,bp,1.64,17.205,16.655,0.132,0.791,0.095,g
2458904.69637,2020-02-25.1968442,bH,1.53,17.186,16.462,0.112,0.944,0.097,g
2458904.69764,2020-02-25.1981236,bH,1.51,17.213,16.670,0.133,0.780,0.095,g
2458904.69892,2020-02-25.1993987,bH,1.53,17.067,16.547,0.136,0.873,0.108,g
2458905.68854,2020-02-26.1890050,bH,1.42,17.105,16.800,0.165,0.691,0.105,g
2458905.68980,2020-02-26.1902711,bH,1.41,17.136,16.779,0.158,0.705,0.102,g
2458906.65250,2020-02-27.1529475,bH,1.41,17.205,17.026,0.186,0.562,0.095,g
2458906.65381,2020-02-27.1542578,bH,1.42,17.193,16.892,0.166,0.636,0.096,g
2458906.65508,2020-02-27.1555350,bH,1.38,17.061,16.557,0.138,0.865,0.109,g
2458907.59083,2020-02-28.0912762,bl,1.47,17.174,16.425,0.110,0.977,0.098,g
2458907.59206,2020-02-28.0925027,bl,1.51,17.107,16.663,0.145,0.785,0.104,g
2458908.57818,2020-02-29.0786109,bH,1.45,17.141,16.544,0.127,0.875,0.101,g
2458908.57944,2020-02-29.0798818,bH,1.44,17.234,16.878,0.158,0.644,0.093,g
2458908.58073,2020-02-29.0811678,bH,1.40,17.054,16.318,0.111,1.079,0.110,g
2458909.57500,2020-03-01.0754348,bH,1.47,17.057,16.648,0.150,0.796,0.109,g
2458909.57628,2020-03-01.0767075,bH,1.45,17.073,16.680,0.153,0.772,0.108,g
2458909.57755,2020-03-01.0779804,bH,1.45,17.053,16.417,0.122,0.984,0.110,g
2458910.58164,2020-03-02.0820562,bH,1.42,16.967,16.619,0.159,0.818,0.119,g
2458910.58292,2020-03-02.0833289,bH,1.44,17.033,17.000,0.213,0.575,0.112,g
2458911.57866,2020-03-03.0790660,bl,1.55,16.920,16.198,0.113,1.205,0.124,g
2458911.57988,2020-03-03.0802857,bl,1.46,16.782,16.650,0.194,0.794,0.141,g
2458911.58111,2020-03-03.0815148,bl,1.54,16.799,16.627,0.187,0.811,0.139,g
2458912.57172,2020-03-04.0721222,bH,1.51,17.055,>17.055,99.990,0.535,0.109,g
2458912.57300,2020-03-04.0733998,bH,1.50,16.884,>16.884,99.990,0.638,0.128,g
2458912.57427,2020-03-04.0746724,bH,1.55,16.749,16.511,0.176,0.903,0.145,g
2458913.60605,2020-03-05.1064414,bH,1.42,16.620,16.437,0.185,0.967,0.163,g
2458913.60731,2020-03-05.1077078,bH,1.43,16.534,16.295,0.176,1.102,0.177,g
2458913.60859,2020-03-05.1089822,bH,1.49,16.760,>16.760,99.990,0.603,0.144,g
2458914.63281,2020-03-06.1331799,bH,1.57,15.427,>15.427,99.990,-0.258,0.490,g
2458914.63407,2020-03-06.1344509,bH,1.75,14.293,>14.293,99.990,0.662,1.392,g
2458914.63535,2020-03-06.1357260,bH,1.42,99.990,99.990,99.990,99.990,99.990,g
2458915.62562,2020-03-07.1259825,bH,1.48,16.047,>16.047,99.990,0.623,0.277,g
2458915.62690,2020-03-07.1272583,bH,1.52,15.994,>15.994,99.990,0.796,0.291,g
2458915.62816,2020-03-07.1285219,bH,1.50,15.878,>15.878,99.990,1.050,0.324,g
2458917.66186,2020-03-09.1622024,bH,1.64,15.703,>15.703,99.990,0.499,0.380,g
2458917.66313,2020-03-09.1634834,bH,1.44,15.694,>15.694,99.990,0.568,0.383,g
2458917.66441,2020-03-09.1647554,bH,1.51,15.666,>15.666,99.990,1.507,0.393,g
2458918.57237,2020-03-10.0727079,bl,1.55,15.828,>15.828,99.990,0.757,0.339,g
2458918.57360,2020-03-10.0739332,bl,1.47,15.795,>15.795,99.990,-0.072,0.349,g
2458918.57481,2020-03-10.0751548,bl,1.5,15.757,>15.757,99.990,1.098,0.362,g
2458920.65953,2020-03-12.1598344,bH,1.48,16.024,>16.024,99.990,1.051,0.283,g
2458920.66080,2020-03-12.1611103,bH,1.48,16.052,15.667,0.154,1.963,0.276,g
2458921.65206,2020-03-13.1523612,bH,1.45,16.008,>16.008,99.990,-0.121,0.287,g
2458921.65334,2020-03-13.1536430,bH,1.53,15.776,15.230,0.133,2.938,0.356,g
2458921.65461,2020-03-13.1549115,bH,1.60,15.891,>15.891,99.990,0.485,0.320,g
2458922.55172,2020-03-14.0520034,bH,1.58,17.102,16.594,0.137,0.836,0.105,g
2458922.55299,2020-03-14.0532805,bH,1.62,17.142,16.562,0.128,0.862,0.101,g
2458922.55426,2020-03-14.0545443,bH,1.60,17.191,16.845,0.159,0.664,0.097,g
2458923.62379,2020-03-15.1240657,bl,1.62,16.889,16.292,0.126,1.104,0.128,g
2458923.62501,2020-03-15.1252854,bl,1.66,16.818,16.378,0.146,1.021,0.136,g
2458923.62624,2020-03-15.1265156,bl,1.64,17.016,16.671,0.160,0.779,0.113,g
2458926.29850,2020-03-17.7987381,bp,1.52,17.266,16.754,0.137,0.722,0.090,g
2458926.29972,2020-03-17.7999587,bp,1.53,17.350,16.564,0.106,0.859,0.083,g
2458928.37306,2020-03-19.8732768,bp,1.57,17.288,16.627,0.119,0.812,0.088,g
2458928.37428,2020-03-19.8744998,bp,1.54,17.272,16.732,0.133,0.736,0.090,g
2458928.37550,2020-03-19.8757206,bp,1.54,17.238,16.499,0.111,0.913,0.092,g
2458933.31207,2020-03-24.8122335,bp,1.54,17.221,17.037,0.185,0.557,0.094,g
2458933.31329,2020-03-24.8134510,bp,1.52,17.286,16.713,0.129,0.750,0.089,g
2458933.31452,2020-03-24.8146817,bp,1.54,17.291,16.724,0.130,0.742,0.088,g
2458976.24657,2020-05-06.7462212,bp,1.58,16.057,>16.057,99.990,0.773,0.274,g
2458976.24780,2020-05-06.7474430,bp,1.54,15.987,>15.987,99.990,0.520,0.293,g
2458976.24901,2020-05-06.7486569,bp,1.55,16.094,>16.094,99.990,0.349,0.265,g
2458980.23370,2020-05-10.7333027,bp,1.55,17.133,16.730,0.151,0.738,0.102,g
2458980.23491,2020-05-10.7345127,bp,1.50,17.238,16.869,0.156,0.649,0.092,g
2458980.23613,2020-05-10.7357309,bp,1.53,17.272,16.811,0.143,0.685,0.090,g
2458985.23507,2020-05-15.7346224,bp,1.55,17.235,16.666,0.130,0.783,0.093,g
2458985.23627,2020-05-15.7358326,bp,1.62,17.189,16.562,0.123,0.861,0.097,g
2458985.23750,2020-05-15.7370603,bp,1.66,99.990,99.990,99.990,99.990,99.990,g
2458986.23444,2020-05-16.7339878,bp,1.57,17.268,16.578,0.116,0.849,0.090,g
2459047.67481,2020-07-17.1740909,bp,1.59,17.218,16.661,0.131,0.787,0.094,g
2459047.67604,2020-07-17.1753137,bp,1.56,17.235,16.627,0.125,0.811,0.093,g
2459047.67727,2020-07-17.1765494,bp,1.59,17.218,16.296,0.094,1.101,0.094,g
2459049.67533,2020-07-19.1746137,bp,1.71,17.342,16.326,0.086,1.071,0.084,g
2459049.67676,2020-07-19.1760415,bp,1.66,99.990,99.990,99.990,99.990,99.990,g
2459049.67804,2020-07-19.1773266,bp,1.61,17.241,16.638,0.126,0.803,0.092,g
2459050.68198,2020-07-20.1812614,bp,1.68,17.252,16.616,0.122,0.819,0.091,g
2459050.68346,2020-07-20.1827396,bp,1.66,17.218,16.673,0.133,0.778,0.094,g
2459050.68471,2020-07-20.1839863,bp,1.59,17.106,16.916,0.184,0.622,0.104,g
2459052.66155,2020-07-22.1608371,bp,1.54,17.325,16.563,0.108,0.860,0.085,g
2459052.66278,2020-07-22.1620670,bp,1.49,17.394,16.724,0.118,0.742,0.080,g
2459052.66399,2020-07-22.1632746,bp,1.53,17.390,16.659,0.112,0.788,0.080,g
2459053.66569,2020-07-23.1649789,bp,1.55,17.289,16.582,0.114,0.846,0.088,g
2459053.66692,2020-07-23.1662077,bp,1.57,17.380,16.736,0.121,0.734,0.081,g
2459053.66815,2020-07-23.1674348,bp,1.56,17.245,16.553,0.116,0.868,0.092,g
2459068.63871,2020-08-07.1380621,bp,1.58,16.664,>16.664,99.990,0.657,0.157,g
2459068.63992,2020-08-07.1392697,bp,1.60,16.480,16.349,0.194,1.048,0.186,g
2459068.64114,2020-08-07.1404954,bp,1.57,16.504,>16.504,99.990,0.628,0.182,g
2459075.61630,2020-08-14.1157033,bp,1.54,17.122,17.012,0.198,0.569,0.103,g
2459075.61752,2020-08-14.1169206,bp,1.47,17.313,16.844,0.142,0.665,0.086,g
2459075.61874,2020-08-14.1181355,bp,1.53,17.188,16.493,0.115,0.918,0.097,g
2459078.61295,2020-08-17.1123678,bp,1.54,17.092,16.720,0.155,0.745,0.106,g
2459078.61417,2020-08-17.1135863,bp,1.53,17.008,16.523,0.140,0.893,0.114,g
2459078.61539,2020-08-17.1148057,bp,1.49,16.499,>16.499,99.990,0.356,0.183,g
2459083.59918,2020-08-22.0986421,bp,1.52,99.990,99.990,99.990,99.990,99.990,g
2459083.60039,2020-08-22.0998583,bp,1.47,99.990,99.990,99.990,99.990,99.990,g
2459083.60162,2020-08-22.1010754,bp,1.54,99.990,99.990,99.990,99.990,99.990,g
2459084.59293,2020-08-23.0923967,bp,1.70,17.271,16.365,0.095,1.033,0.090,g
2459085.59187,2020-08-24.0913400,bp,1.56,15.864,>15.864,99.990,0.609,0.328,g
2459085.59308,2020-08-24.0925571,bp,1.59,16.001,>16.001,99.990,1.306,0.289,g
2459085.59430,2020-08-24.0937804,bp,1.47,17.135,16.857,0.169,0.657,0.102,g
2459086.58921,2020-08-25.0886900,bp,1.52,17.233,16.549,0.117,0.872,0.093,g
2459086.59042,2020-08-25.0899070,bp,1.53,99.990,99.990,99.990,99.990,99.990,g
2459086.59164,2020-08-25.0911267,bp,1.52,99.990,99.990,99.990,99.990,99.990,g
2459092.59683,2020-08-31.0963715,bp,1.58,16.332,>16.332,99.990,0.672,0.213,g
2459092.59804,2020-08-31.0975840,bp,1.59,16.508,>16.508,99.990,0.368,0.181,g
2459092.59927,2020-08-31.0988034,bp,1.54,16.486,>16.486,99.990,0.792,0.185,g
2459096.56275,2020-09-04.0623246,bp,1.61,16.201,>16.201,99.990,0.477,0.240,g
2459096.56398,2020-09-04.0635546,bp,1.51,16.161,>16.161,99.990,0.304,0.249,g
2459096.56520,2020-09-04.0647790,bp,1.53,16.331,>16.331,99.990,1.025,0.213,g
2459100.55314,2020-09-08.0527672,bp,1.50,16.691,16.680,0.217,0.773,0.153,g
2459100.55437,2020-09-08.0539988,bp,1.53,16.842,16.613,0.177,0.823,0.133,g
2459100.55561,2020-09-08.0552254,bp,1.55,16.693,>16.693,99.990,0.519,0.153,g
2459101.57272,2020-09-09.0723519,bp,1.53,16.979,>16.979,99.990,0.509,0.117,g
2459103.54276,2020-09-11.0424103,bp,1.69,16.873,16.592,0.169,0.838,0.129,g
2459103.54399,2020-09-11.0436402,bp,1.64,16.752,16.660,0.201,0.787,0.145,g
2459103.54522,2020-09-11.0448716,bp,1.71,16.875,16.658,0.179,0.788,0.129,g
2459108.52548,2020-09-16.0251849,bp,1.66,17.238,16.315,0.094,1.081,0.092,g
2459108.52669,2020-09-16.0264023,bp,1.62,17.303,16.349,0.091,1.049,0.087,g
2459108.52791,2020-09-16.0276164,bp,1.67,17.291,16.560,0.112,0.863,0.088,g
2459110.52045,2020-09-18.0201825,bp,1.52,17.156,16.729,0.148,0.739,0.100,g
2459110.52167,2020-09-18.0213995,bp,1.51,17.243,16.898,0.159,0.632,0.092,g
2459110.52289,2020-09-18.0226233,bp,1.51,17.220,16.832,0.153,0.672,0.094,g
2459111.54643,2020-09-19.0461703,bp,1.55,17.301,16.904,0.152,0.629,0.087,g
2459111.54765,2020-09-19.0473991,bp,1.53,17.307,16.394,0.094,1.006,0.087,g
2459111.54887,2020-09-19.0486163,bp,1.57,17.329,16.617,0.114,0.819,0.085,g
2459112.51834,2020-09-20.0180913,bp,1.53,17.189,16.653,0.134,0.792,0.097,g
2459112.51964,2020-09-20.0193951,bp,1.58,99.990,99.990,99.990,99.990,99.990,g
2459112.52085,2020-09-20.0206048,bp,1.57,17.247,16.765,0.140,0.715,0.092,g
2459114.51110,2020-09-22.0108756,bp,1.57,17.344,16.522,0.103,0.894,0.084,g
2459114.51231,2020-09-22.0120907,bp,1.59,17.152,16.575,0.129,0.852,0.100,g
2459114.51353,2020-09-22.0133060,bp,1.59,17.304,16.621,0.117,0.816,0.087,g
2459115.53711,2020-09-23.0369053,bp,1.53,17.303,16.862,0.146,0.653,0.087,g
2459115.53834,2020-09-23.0381320,bp,1.51,17.159,16.719,0.146,0.746,0.099,g
2459115.53955,2020-09-23.0393398,bp,1.53,17.249,>17.249,99.990,0.372,0.092,g
2459116.50425,2020-09-24.0040535,bp,1.55,17.220,16.850,0.156,0.661,0.094,g
2459116.50547,2020-09-24.0052708,bp,1.55,17.307,16.868,0.146,0.650,0.087,g
2459116.50669,2020-09-24.0064938,bp,1.57,17.281,16.816,0.143,0.682,0.089,g
2459117.51749,2020-09-25.0173061,bp,1.50,99.990,99.990,99.990,99.990,99.990,g
2459117.51871,2020-09-25.0185219,bp,1.52,17.111,16.238,0.098,1.161,0.104,g
2459117.51993,2020-09-25.0197378,bp,1.57,17.305,16.757,0.132,0.720,0.087,g
2459120.49165,2020-09-27.9915062,bp,1.55,16.386,>16.386,99.990,0.667,0.203,g
2459120.49289,2020-09-27.9927409,bp,1.61,16.563,>16.563,99.990,0.730,0.172,g
2459120.49412,2020-09-27.9939641,bp,1.60,16.469,16.287,0.185,1.110,0.188,g
2459121.49033,2020-09-28.9901871,bp,1.56,16.321,>16.321,99.990,0.705,0.215,g
2459121.49154,2020-09-28.9914030,bp,1.49,16.262,>16.262,99.990,0.668,0.227,g
2459121.49275,2020-09-28.9926131,bp,1.52,16.432,>16.432,99.990,0.464,0.194,g
2459122.48862,2020-09-29.9884954,bp,1.59,16.267,>16.267,99.990,0.745,0.226,g
2459122.48984,2020-09-29.9897138,bp,1.58,16.200,>16.200,99.990,1.059,0.240,g
2459122.49106,2020-09-29.9909357,bp,1.58,16.321,>16.321,99.990,0.653,0.215,g
2459127.47013,2020-10-04.9700626,bp,1.53,16.453,>16.453,99.990,0.531,0.191,g
2459127.47135,2020-10-04.9712805,bp,1.59,16.346,>16.346,99.990,0.645,0.210,g
2459127.47256,2020-10-04.9724964,bp,1.54,16.378,>16.378,99.990,0.208,0.204,g
2459128.47027,2020-10-05.9702125,bp,1.55,16.492,>16.492,99.990,0.666,0.184,g
2459128.47150,2020-10-05.9714412,bp,1.53,16.480,>16.480,99.990,0.546,0.186,g
2459128.47272,2020-10-05.9726675,bp,1.51,16.513,>16.513,99.990,0.347,0.180,g
2459129.62502,2020-10-07.1249761,bp,1.53,16.598,>16.598,99.990,0.428,0.167,g
2459129.62622,2020-10-07.1261837,bp,1.58,16.426,16.347,0.204,1.050,0.195,g
2459129.62744,2020-10-07.1273960,bp,1.43,16.430,>16.430,99.990,0.802,0.195,g
2459130.61063,2020-10-08.1106032,bp,1.53,16.821,16.454,0.156,0.951,0.136,g
2459130.61188,2020-10-08.1118623,bp,1.52,16.799,>16.799,99.990,0.551,0.138,g
2459134.45818,2020-10-11.9582027,bp,1.68,17.375,16.359,0.086,1.039,0.082,g
2459134.45939,2020-10-11.9594071,bp,1.65,17.251,16.301,0.091,1.095,0.091,g
2459134.46060,2020-10-11.9606254,bp,1.74,17.238,16.470,0.108,0.938,0.092,g
2459135.45735,2020-10-12.9573871,bp,1.61,99.990,99.990,99.990,99.990,99.990,g
2459135.45856,2020-10-12.9586028,bp,1.64,99.990,99.990,99.990,99.990,99.990,g
2459135.45978,2020-10-12.9598200,bp,1.62,16.870,16.345,0.135,1.052,0.130,g
2459137.44950,2020-10-14.9495645,bp,1.57,17.330,16.638,0.116,0.803,0.085,g
2459137.45071,2020-10-14.9507746,bp,1.55,17.244,16.455,0.106,0.951,0.092,g
2459137.45192,2020-10-14.9519929,bp,1.56,17.172,16.751,0.149,0.724,0.098,g
2459138.55257,2020-10-16.0526395,bp,1.66,17.268,16.625,0.121,0.813,0.090,g
2459138.55379,2020-10-16.0538685,bp,1.68,17.221,16.496,0.112,0.916,0.094,g
2459138.55501,2020-10-16.0550879,bp,1.70,17.325,16.552,0.108,0.869,0.085,g
2459138.62446,2020-10-16.1245386,bp,1.79,16.438,>16.438,99.990,0.685,0.193,g
2459138.62568,2020-10-16.1257506,bp,1.64,16.038,>16.038,99.990,0.731,0.279,g
2459138.62688,2020-10-16.1269664,bp,1.67,16.109,>16.109,99.990,1.241,0.261,g
2459141.42585,2020-10-18.9259565,bp,1.51,16.359,>16.359,99.990,0.928,0.208,g
2459141.42707,2020-10-18.9271760,bp,1.55,15.842,>15.842,99.990,-0.118,0.334,g
2459141.42830,2020-10-18.9284013,bp,1.50,16.207,>16.207,99.990,0.846,0.239,g
2459141.57686,2020-10-19.0769730,bp,1.53,17.239,16.537,0.115,0.881,0.092,g
2459141.57809,2020-10-19.0782015,bp,1.47,17.298,16.912,0.153,0.624,0.087,g
2459141.57931,2020-10-19.0794165,bp,1.54,17.239,16.575,0.119,0.851,0.092,g
2459142.79409,2020-10-20.2942174,bl,1.48,99.990,99.990,99.990,99.990,99.990,g
2459142.79531,2020-10-20.2954415,bl,1.48,99.990,99.990,99.990,99.990,99.990,g
2459142.79653,2020-10-20.2966621,bl,1.45,99.990,99.990,99.990,99.990,99.990,g
2459144.74188,2020-10-22.2420379,bl,1.52,99.990,99.990,99.990,99.990,99.990,g
2459144.74310,2020-10-22.2432538,bl,1.53,99.990,99.990,99.990,99.990,99.990,g
2459144.74432,2020-10-22.2444665,bl,1.55,99.990,99.990,99.990,99.990,99.990,g
2459146.66146,2020-10-24.1616295,bH,1.45,16.783,16.441,0.160,0.963,0.141,g
2459146.66275,2020-10-24.1629158,bH,1.44,16.834,16.523,0.165,0.893,0.134,g
2459146.66404,2020-10-24.1642062,bH,1.45,16.896,>16.896,99.990,0.442,0.127,g
2459147.65226,2020-10-25.1524489,bH,1.79,16.673,>16.673,99.990,0.504,0.156,g
2459147.65355,2020-10-25.1537331,bH,1.76,16.610,>16.610,99.990,0.773,0.165,g
2459147.65485,2020-10-25.1550284,bH,1.78,16.561,16.291,0.171,1.106,0.172,g
2459149.66060,2020-10-27.1608094,bH,1.54,16.495,>16.495,99.990,0.829,0.183,g
2459149.66191,2020-10-27.1621123,bH,1.49,16.454,>16.454,99.990,0.707,0.190,g
2459149.66319,2020-10-27.1633976,bH,1.53,16.501,>16.501,99.990,0.542,0.182,g
2459151.83331,2020-10-29.3335391,bH,1.39,16.505,>16.505,99.990,0.554,0.182,g
2459151.83459,2020-10-29.3348195,bH,1.39,16.546,16.301,0.175,1.096,0.175,g
2459151.83588,2020-10-29.3361150,bH,1.43,16.530,16.373,0.190,1.025,0.177,g
2459152.83392,2020-10-30.3341576,bH,1.41,16.303,>16.303,99.990,1.017,0.219,g
2459152.83521,2020-10-30.3354532,bH,1.40,16.351,>16.351,99.990,0.636,0.209,g
2459152.83651,2020-10-30.3367506,bH,1.41,16.227,>16.227,99.990,0.813,0.235,g
2459153.68394,2020-10-31.1841950,bl,1.49,16.009,>16.009,99.990,0.759,0.287,g
2459153.68517,2020-10-31.1854193,bl,1.50,16.038,>16.038,99.990,1.219,0.279,g
2459153.68639,2020-10-31.1866467,bl,1.51,15.922,>15.922,99.990,1.021,0.311,g
2459153.84187,2020-10-31.3421252,bl,1.51,16.096,>16.096,99.990,0.384,0.265,g
2459153.84310,2020-10-31.3433537,bl,1.53,16.294,>16.294,99.990,0.190,0.220,g
2459153.84432,2020-10-31.3445710,bl,1.63,16.140,>16.140,99.990,0.636,0.254,g
2459155.78513,2020-11-02.2854107,bH,1.57,16.309,>16.309,99.990,0.516,0.217,g
2459155.78642,2020-11-02.2866972,bH,1.57,16.443,16.405,0.212,0.995,0.192,g
2459155.78772,2020-11-02.2879998,bH,1.60,16.260,>16.260,99.990,0.469,0.227,g
2459156.74024,2020-11-03.2405280,bH,1.45,16.490,>16.490,99.990,0.890,0.184,g
2459156.74152,2020-11-03.2418133,bH,1.49,16.485,>16.485,99.990,0.364,0.185,g
2459156.74281,2020-11-03.2431037,bH,1.42,16.447,>16.447,99.990,0.347,0.192,g
2459157.84883,2020-11-04.3491319,bH,1.44,16.472,>16.472,99.990,0.676,0.187,g
2459157.85012,2020-11-04.3504233,bH,1.44,16.452,>16.452,99.990,0.488,0.191,g
2459157.85144,2020-11-04.3517414,bH,1.45,16.602,>16.602,99.990,0.120,0.166,g
2459164.66436,2020-11-11.1647303,bl,1.49,17.139,16.798,0.160,0.693,0.101,g
2459164.66558,2020-11-11.1659577,bl,1.53,99.990,99.990,99.990,99.990,99.990,g
2459164.66681,2020-11-11.1671878,bl,1.52,17.086,16.760,0.162,0.717,0.106,g
2459165.61367,2020-11-12.1140534,bH,1.39,17.232,16.694,0.133,0.763,0.093,g
2459165.61495,2020-11-12.1153434,bH,1.38,17.189,16.623,0.130,0.814,0.097,g
2459165.61625,2020-11-12.1166418,bH,1.41,17.213,16.600,0.125,0.832,0.095,g
2459165.65095,2020-11-12.1513414,bH,1.40,17.160,16.907,0.174,0.627,0.099,g
2459165.65224,2020-11-12.1526270,bH,1.40,17.271,16.518,0.109,0.897,0.090,g
2459165.65352,2020-11-12.1539099,bH,1.41,17.121,16.437,0.117,0.966,0.103,g
2459165.70370,2020-11-12.2040787,bl,1.47,17.133,16.750,0.154,0.724,0.102,g
2459165.70493,2020-11-12.2053189,bl,1.5,99.990,99.990,99.990,99.990,99.990,g
2459165.70616,2020-11-12.2065491,bl,1.49,99.990,99.990,99.990,99.990,99.990,g
2459165.77443,2020-11-12.2748171,bl,1.47,99.990,99.990,99.990,99.990,99.990,g
2459165.77566,2020-11-12.2760439,bl,1.46,99.990,99.990,99.990,99.990,99.990,g
2459165.77688,2020-11-12.2772621,bl,1.52,17.075,16.580,0.139,0.848,0.107,g
2459166.68502,2020-11-13.1854166,bl,1.5,17.130,16.715,0.149,0.748,0.102,g
2459166.68623,2020-11-13.1866375,bl,1.53,17.130,16.518,0.125,0.897,0.102,g
2459166.68746,2020-11-13.1878582,bl,1.47,99.990,99.990,99.990,99.990,99.990,g
2459166.70814,2020-11-13.2085383,bl,1.63,17.050,16.353,0.115,1.044,0.110,g
2459166.70936,2020-11-13.2097553,bl,1.52,17.124,16.451,0.118,0.954,0.103,g
2459166.71059,2020-11-13.2109876,bl,1.57,17.179,16.581,0.126,0.847,0.098,g
2459166.85387,2020-11-13.3542803,bl,1.44,99.990,99.990,99.990,99.990,99.990,g
2459166.85509,2020-11-13.3554984,bl,1.45,14.890,>14.890,99.990,1.359,0.803,g
2459166.85632,2020-11-13.3567228,bl,1.49,16.065,>16.065,99.990,0.521,0.272,g
2459167.35224,2020-11-13.8526380,bp,1.52,17.126,16.776,0.159,0.707,0.103,g
2459167.35348,2020-11-13.8538790,bp,1.55,17.248,16.573,0.118,0.853,0.092,g
2459167.35470,2020-11-13.8550994,bp,1.55,17.231,16.977,0.173,0.588,0.093,g
2459167.59835,2020-11-14.0987600,bl,1.56,99.990,99.990,99.990,99.990,99.990,g
2459167.59958,2020-11-14.0999877,bl,1.52,99.990,99.990,99.990,99.990,99.990,g
2459167.60080,2020-11-14.1012083,bl,1.47,99.990,99.990,99.990,99.990,99.990,g
2459168.50762,2020-11-15.0080364,bp,1.54,16.497,>16.497,99.990,0.228,0.183,g
2459168.50884,2020-11-15.0092520,bp,1.75,14.609,>14.609,99.990,2.151,1.042,g
2459168.51004,2020-11-15.0104574,bp,1.54,15.303,>15.303,99.990,1.610,0.549,g
2459168.53109,2020-11-15.0315083,bp,1.50,17.314,16.822,0.139,0.678,0.086,g
2459168.53232,2020-11-15.0327302,bp,1.52,17.234,16.523,0.114,0.893,0.093,g
2459168.53353,2020-11-15.0339430,bp,1.56,17.163,16.695,0.142,0.762,0.099,g
2459169.66164,2020-11-16.1620622,bH,1.42,17.156,16.926,0.177,0.616,0.100,g
2459169.66294,2020-11-16.1633635,bH,1.42,17.093,16.506,0.128,0.907,0.106,g
2459169.66422,2020-11-16.1646480,bH,1.39,17.086,16.685,0.151,0.769,0.106,g
2459169.68018,2020-11-16.1806093,bl,1.45,17.080,>17.080,99.990,0.432,0.107,g
2459169.68141,2020-11-16.1818370,bl,1.49,17.256,17.003,0.174,0.574,0.091,g
2459169.68264,2020-11-16.1830646,bl,1.49,17.129,16.528,0.126,0.889,0.102,g
2459170.45664,2020-11-16.9570724,bp,1.59,17.262,16.680,0.128,0.772,0.090,g
2459170.45785,2020-11-16.9582883,bp,1.51,17.300,16.567,0.111,0.858,0.087,g
2459170.45907,2020-11-16.9595052,bp,1.54,17.240,16.314,0.093,1.083,0.092,g
2459176.56909,2020-11-23.0695868,bl,1.47,16.506,>16.506,99.990,0.849,0.181,g
2459176.57033,2020-11-23.0708202,bl,1.48,16.543,>16.543,99.990,0.565,0.175,g
2459176.57155,2020-11-23.0720479,bl,1.51,16.491,>16.491,99.990,0.707,0.184,g
2459177.57891,2020-11-24.0794078,bH,1.38,16.745,16.623,0.196,0.814,0.146,g
2459177.58019,2020-11-24.0806936,bH,1.41,16.767,16.248,0.136,1.150,0.143,g
2459177.58148,2020-11-24.0819798,bH,1.45,16.923,>16.923,99.990,0.493,0.124,g
2459178.56328,2020-11-25.0637865,bH,1.40,16.629,>16.629,99.990,0.677,0.162,g
2459178.56456,2020-11-25.0650732,bH,1.47,16.526,16.467,0.208,0.940,0.178,g
2459178.56585,2020-11-25.0663606,bH,1.45,16.623,>16.623,99.990,0.648,0.163,g
2459179.54867,2020-11-26.0491825,bl,1.53,16.441,>16.441,99.990,0.740,0.193,g
2459179.54988,2020-11-26.0504031,bl,1.5,16.479,>16.479,99.990,0.394,0.186,g
2459179.55112,2020-11-26.0516391,bl,1.48,16.433,>16.433,99.990,0.705,0.194,g
2459180.55259,2020-11-27.0531146,bl,1.51,16.344,>16.344,99.990,0.610,0.211,g
2459180.55381,2020-11-27.0543436,bl,1.54,16.182,>16.182,99.990,0.309,0.244,g
2459180.55504,2020-11-27.0555620,bl,1.45,16.164,>16.164,99.990,0.623,0.249,g
2459184.31897,2020-11-30.8195265,bp,1.61,16.102,>16.102,99.990,0.739,0.263,g
2459184.32023,2020-11-30.8207811,bp,1.55,16.124,>16.124,99.990,0.968,0.258,g
2459184.32145,2020-11-30.8220111,bp,1.54,16.097,>16.097,99.990,0.851,0.264,g
2459185.54109,2020-12-02.0416553,bl,1.66,16.669,16.461,0.181,0.945,0.156,g
2459185.54231,2020-12-02.0428770,bl,1.57,16.679,16.551,0.195,0.870,0.155,g
2459185.54353,2020-12-02.0440945,bl,1.58,16.749,>16.749,99.990,0.405,0.145,g
2459186.45764,2020-12-02.9582162,bp,1.59,16.306,>16.306,99.990,0.937,0.218,g
2459186.45886,2020-12-02.9594370,bp,1.47,16.574,>16.574,99.990,0.530,0.170,g
2459186.46009,2020-12-02.9606623,bp,1.50,16.502,>16.502,99.990,0.884,0.182,g
2459186.82258,2020-12-03.3231564,bH,1.49,16.412,>16.412,99.990,0.589,0.198,g
2459186.82389,2020-12-03.3244615,bH,1.47,16.480,>16.480,99.990,0.549,0.186,g
2459186.82518,2020-12-03.3257523,bH,1.47,16.321,>16.321,99.990,0.900,0.215,g
2459187.41358,2020-12-03.9141591,bp,1.52,16.707,>16.707,99.990,0.557,0.151,g
2459187.41479,2020-12-03.9153655,bp,1.57,16.664,>16.664,99.990,0.736,0.157,g
2459187.41602,2020-12-03.9165968,bp,1.50,16.691,>16.691,99.990,0.649,0.153,g
2459187.46632,2020-12-03.9668988,bp,1.52,16.764,>16.764,99.990,0.598,0.143,g
2459187.46755,2020-12-03.9681289,bp,1.56,16.665,16.605,0.208,0.828,0.157,g
2459187.46877,2020-12-03.9693489,bp,1.60,16.707,16.658,0.210,0.789,0.151,g
2459187.65578,2020-12-04.1563596,bl,1.55,16.654,>16.654,99.990,0.659,0.158,g
2459187.65701,2020-12-04.1575869,bl,1.51,16.678,>16.678,99.990,0.612,0.155,g
2459187.65824,2020-12-04.1588170,bl,1.48,16.458,16.191,0.171,1.213,0.190,g
2459188.35330,2020-12-04.8538924,bp,1.63,17.327,16.545,0.107,0.875,0.085,g
2459188.35621,2020-12-04.8568018,bp,1.57,17.248,16.805,0.146,0.689,0.092,g
2459189.83992,2020-12-06.3405201,bH,1.43,16.766,>16.766,99.990,0.617,0.143,g
2459189.84122,2020-12-06.3418203,bH,1.40,16.753,>16.753,99.990,0.558,0.144,g
2459189.84252,2020-12-06.3431120,bH,1.42,16.646,>16.646,99.990,0.585,0.159,g
2459190.76499,2020-12-07.2655930,bH,1.43,16.906,16.543,0.157,0.876,0.126,g
2459190.76630,2020-12-07.2669001,bH,1.44,16.846,>16.846,99.990,0.476,0.133,g
2459190.76759,2020-12-07.2681899,bH,1.42,16.957,16.710,0.175,0.751,0.120,g
2459190.79559,2020-12-07.2961921,bl,1.53,16.802,>16.802,99.990,0.444,0.138,g
2459191.46071,2020-12-07.9613158,bp,1.54,17.191,16.898,0.167,0.632,0.097,g
2459191.46199,2020-12-07.9626093,bp,1.59,17.154,16.525,0.123,0.892,0.100,g
2459191.46322,2020-12-07.9638302,bp,1.56,17.163,16.725,0.146,0.741,0.099,g
2459192.30648,2020-12-08.8070891,bp,1.53,99.990,99.990,99.990,99.990,99.990,g
2459192.30770,2020-12-08.8083097,bp,1.56,17.238,16.776,0.143,0.707,0.092,g
2459192.30892,2020-12-08.8095278,bp,1.56,17.288,16.791,0.139,0.698,0.088,g
2459192.37417,2020-12-08.8747807,bp,1.50,17.382,16.845,0.134,0.663,0.081,g
2459192.37539,2020-12-08.8760039,bp,1.52,17.293,16.787,0.137,0.700,0.088,g
2459192.37661,2020-12-08.8772173,bp,1.50,99.990,99.990,99.990,99.990,99.990,g
2459192.84030,2020-12-09.3409145,bl,1.57,16.863,16.842,0.215,0.666,0.131,g
2459192.84152,2020-12-09.3421370,bl,1.58,16.762,16.440,0.163,0.963,0.143,g
2459192.84273,2020-12-09.3433531,bl,1.62,16.763,16.484,0.169,0.926,0.143,g
2459193.53418,2020-12-10.0348035,bl,1.74,16.764,16.608,0.190,0.826,0.143,g
2459193.53541,2020-12-10.0360336,bl,1.7,16.789,>16.789,99.990,0.670,0.140,g
2459193.53663,2020-12-10.0372496,bl,1.76,16.852,16.787,0.206,0.700,0.132,g
2459194.32440,2020-12-10.8250231,bp,1.52,99.990,99.990,99.990,99.990,99.990,g
2459194.32562,2020-12-10.8262427,bp,1.62,99.990,99.990,99.990,99.990,99.990,g
2459194.32684,2020-12-10.8274611,bp,1.55,99.990,99.990,99.990,99.990,99.990,g
2459194.58487,2020-12-11.0855,bH,1.50,17.241,16.909,0.161,0.626,0.092,g
2459194.58617,2020-12-11.0867975,bH,1.51,17.202,16.567,0.122,0.857,0.096,g
2459194.58747,2020-12-11.0880951,bH,1.53,17.251,17.008,0.175,0.571,0.091,g
2459194.62468,2020-12-11.1253120,bH,1.40,17.307,17.232,0.204,0.465,0.087,g
2459194.62597,2020-12-11.1266003,bH,1.41,17.316,16.944,0.156,0.606,0.086,g
2459194.62725,2020-12-11.1278858,bH,1.41,17.265,16.926,0.160,0.616,0.090,g
2459195.54019,2020-12-12.0408329,bH,1.42,17.088,16.687,0.151,0.767,0.106,g
2459195.54150,2020-12-12.0421365,bH,1.42,16.947,16.466,0.141,0.942,0.121,g
2459195.54281,2020-12-12.0434449,bH,1.39,17.029,16.717,0.164,0.746,0.112,g
2459195.84938,2020-12-12.3500121,bl,1.48,16.626,16.488,0.193,0.922,0.163,g
2459195.85061,2020-12-12.3512444,bl,1.48,16.575,>16.575,99.990,0.654,0.170,g
2459195.85183,2020-12-12.3524640,bl,1.49,16.479,>16.479,99.990,0.455,0.186,g
2459196.64543,2020-12-13.1460663,bl,1.56,17.043,16.741,0.166,0.730,0.111,g
2459196.64667,2020-12-13.1473092,bl,1.53,17.041,16.668,0.155,0.781,0.111,g
2459196.64790,2020-12-13.1485333,bl,1.56,17.085,16.536,0.132,0.882,0.106,g
2459198.58358,2020-12-15.0842297,bH,1.51,17.173,16.490,0.117,0.921,0.098,g
2459198.58488,2020-12-15.0855252,bH,1.48,17.127,16.619,0.137,0.818,0.102,g
2459198.58618,2020-12-15.0868273,bH,1.50,17.345,16.901,0.145,0.631,0.084,g
2459199.28449,2020-12-15.7851415,bp,1.76,16.648,>16.648,99.990,0.671,0.159,g
2459199.28573,2020-12-15.7863833,bp,1.70,16.708,16.470,0.176,0.938,0.151,g
2459199.28697,2020-12-15.7876204,bp,1.73,16.832,16.330,0.138,1.067,0.134,g
2459199.55411,2020-12-16.0547700,bH,2.40,17.078,16.326,0.110,1.070,0.107,g
2459199.55541,2020-12-16.0560633,bH,2.37,17.072,16.191,0.097,1.212,0.108,g
2459199.55670,2020-12-16.0573506,bH,2.32,17.073,16.264,0.104,1.133,0.108,g
2459199.57151,2020-12-16.0721662,bH,1.81,17.185,16.652,0.134,0.793,0.097,g
2459199.57281,2020-12-16.0734653,bH,1.87,17.205,16.455,0.110,0.951,0.095,g
2459199.57410,2020-12-16.0747517,bH,1.87,17.124,16.516,0.125,0.899,0.103,g
2459200.44182,2020-12-16.9424799,bp,1.52,17.312,16.583,0.112,0.844,0.086,g
2459200.44305,2020-12-16.9437019,bp,1.51,99.990,99.990,99.990,99.990,99.990,g
2459200.44428,2020-12-16.9449399,bp,1.47,17.289,16.698,0.127,0.760,0.088,g
2459200.83830,2020-12-17.3389627,bH,1.56,17.134,16.294,0.101,1.103,0.102,g
2459200.83959,2020-12-17.3402458,bH,1.58,17.140,16.582,0.131,0.845,0.101,g
2459200.84090,2020-12-17.3415570,bH,1.58,17.014,16.754,0.173,0.722,0.114,g
2459201.34200,2020-12-17.8426675,bp,1.56,17.237,16.464,0.107,0.943,0.093,g
2459201.34321,2020-12-17.8438835,bp,1.56,99.990,99.990,99.990,99.990,99.990,g
2459201.34444,2020-12-17.8451123,bp,1.61,99.990,99.990,99.990,99.990,99.990,g
2459201.38765,2020-12-17.8883156,bp,1.63,17.268,16.505,0.108,0.908,0.090,g
2459201.38889,2020-12-17.8895538,bp,1.68,17.334,16.761,0.129,0.717,0.085,g
2459201.39016,2020-12-17.8908353,bp,1.61,17.211,16.474,0.111,0.934,0.095,g
2459202.33477,2020-12-18.8354394,bp,1.52,17.201,16.683,0.136,0.771,0.096,g
2459202.33600,2020-12-18.8366716,bp,1.50,17.118,16.407,0.114,0.994,0.103,g
2459202.33722,2020-12-18.8378969,bp,1.54,17.288,16.868,0.149,0.650,0.088,g
2459203.43301,2020-12-19.9336804,bp,1.52,99.990,99.990,99.990,99.990,99.990,g
2459203.43424,2020-12-19.9349149,bp,1.48,99.990,99.990,99.990,99.990,99.990,g
2459203.43546,2020-12-19.9361275,bp,1.52,99.990,99.990,99.990,99.990,99.990,g
2459203.48186,2020-12-19.9825377,bp,1.54,99.990,99.990,99.990,99.990,99.990,g
2459203.48309,2020-12-19.9837593,bp,1.57,99.990,99.990,99.990,99.990,99.990,g
2459203.48432,2020-12-19.9849879,bp,1.62,99.990,99.990,99.990,99.990,99.990,g
2459203.82667,2020-12-20.3273373,bl,1.47,17.022,16.563,0.143,0.860,0.113,g
2459203.82789,2020-12-20.3285559,bl,1.47,17.127,16.617,0.137,0.819,0.102,g
2459203.82911,2020-12-20.3297788,bl,1.49,17.156,16.666,0.139,0.783,0.100,g
2459204.78325,2020-12-21.2839204,bl,1.52,17.188,16.486,0.115,0.925,0.097,g
2459204.78446,2020-12-21.2851408,bl,1.48,17.087,16.365,0.113,1.033,0.106,g
2459204.78568,2020-12-21.2863565,bl,1.45,17.100,16.678,0.149,0.774,0.105,g
2459204.82702,2020-12-21.3276923,bl,1.44,17.048,16.630,0.149,0.809,0.110,g
2459204.82825,2020-12-21.3289197,bl,1.44,17.044,16.478,0.130,0.931,0.111,g
2459204.82948,2020-12-21.3301512,bl,1.46,17.011,>17.011,99.990,0.348,0.114,g
2459206.44454,2020-12-22.9452200,bp,1.52,99.990,99.990,99.990,99.990,99.990,g
2459206.44576,2020-12-22.9464444,bp,1.55,17.103,16.719,0.154,0.746,0.105,g
2459206.44700,2020-12-22.9476759,bp,1.51,99.990,99.990,99.990,99.990,99.990,g
2459206.82399,2020-12-23.3246715,bl,1.54,17.189,16.836,0.158,0.669,0.097,g
2459206.82520,2020-12-23.3258849,bl,1.44,17.190,16.404,0.106,0.996,0.097,g
2459206.82642,2020-12-23.3271042,bl,1.49,17.105,17.007,0.200,0.572,0.104,g
2459207.56831,2020-12-24.0689980,bH,1.40,16.717,>16.717,99.990,0.589,0.149,g
2459207.56965,2020-12-24.0703400,bH,1.41,16.779,>16.779,99.990,0.505,0.141,g
2459207.57095,2020-12-24.0716392,bH,1.40,16.786,>16.786,99.990,0.604,0.140,g
2459208.54031,2020-12-25.0409947,bl,1.5,16.315,>16.315,99.990,0.774,0.216,g
2459208.54154,2020-12-25.0422248,bl,1.53,16.251,>16.251,99.990,0.615,0.229,g
2459208.54276,2020-12-25.0434539,bl,1.5,16.504,>16.504,99.990,0.625,0.182,g
2459208.83679,2020-12-25.3374855,bH,1.39,17.130,16.739,0.153,0.732,0.102,g
2459208.83807,2020-12-25.3387658,bH,1.42,17.121,16.970,0.191,0.591,0.103,g
2459208.83935,2020-12-25.3400491,bH,1.39,17.315,17.005,0.165,0.573,0.086,g
2459209.40562,2020-12-25.9063145,bp,1.52,16.840,>16.840,99.990,0.477,0.133,g
2459209.40686,2020-12-25.9075479,bp,1.56,16.534,>16.534,99.990,0.703,0.177,g
2459209.40808,2020-12-25.9087710,bp,1.52,16.756,16.625,0.194,0.813,0.144,g
2459209.45014,2020-12-25.9508311,bp,1.45,16.710,>16.710,99.990,0.498,0.150,g
2459209.45260,2020-12-25.9532924,bp,1.47,16.734,16.672,0.207,0.778,0.147,g
2459209.46895,2020-12-25.9696349,bp,1.48,16.781,16.665,0.197,0.784,0.141,g
2459209.47018,2020-12-25.9708648,bp,1.45,16.753,>16.753,99.990,0.492,0.144,g
2459209.47140,2020-12-25.9720935,bp,1.43,16.598,16.522,0.204,0.894,0.167,g
2459210.40691,2020-12-26.9076079,bp,1.56,16.433,>16.433,99.990,0.710,0.194,g
2459210.40832,2020-12-26.9090123,bp,1.58,16.611,>16.611,99.990,0.715,0.165,g
2459210.40981,2020-12-26.9105037,bp,1.57,16.575,>16.575,99.990,0.832,0.170,g
2459210.54620,2020-12-27.0468883,bp,1.48,99.990,99.990,99.990,99.990,99.990,g
2459210.54742,2020-12-27.0481145,bp,1.49,17.057,16.549,0.137,0.872,0.109,g
2459210.54865,2020-12-27.0493399,bp,1.51,16.964,16.698,0.172,0.760,0.119,g
2459211.59361,2020-12-28.0943070,bl,1.48,16.133,16.077,0.208,1.347,0.256,g
2459211.59483,2020-12-28.0955280,bl,1.52,16.128,>16.128,99.990,0.835,0.257,g
2459211.59607,2020-12-28.0967697,bl,1.52,16.278,16.170,0.199,1.236,0.224,g
2459212.36088,2020-12-28.8615777,bp,1.64,16.242,>16.242,99.990,0.907,0.231,g
2459212.36233,2020-12-28.8630282,bp,1.63,16.211,>16.211,99.990,0.820,0.238,g
2459212.36362,2020-12-28.8643130,bp,1.57,16.328,16.302,0.214,1.094,0.214,g
2459212.38412,2020-12-28.8848145,bp,1.50,16.232,>16.232,99.990,0.796,0.233,g
2459212.38534,2020-12-28.8860331,bp,1.57,16.315,>16.315,99.990,0.816,0.216,g
2459212.38656,2020-12-28.8872555,bp,1.51,16.303,>16.303,99.990,0.468,0.219,g
2459212.65100,2020-12-29.1516960,bl,1.47,16.208,16.086,0.196,1.336,0.239,g
2459212.65224,2020-12-29.1529380,bl,1.56,16.002,>16.002,99.990,1.010,0.289,g
2459212.65347,2020-12-29.1541642,bl,1.52,16.187,15.831,0.158,1.688,0.243,g
2459212.71490,2020-12-29.2155928,bl,1.55,15.929,>15.929,99.990,0.420,0.309,g
2459212.71612,2020-12-29.2168194,bl,1.48,16.213,>16.213,99.990,0.788,0.238,g
2459212.71736,2020-12-29.2180567,bl,1.45,16.195,>16.195,99.990,0.505,0.242,g
2459213.34908,2020-12-29.8497784,bp,1.57,16.348,>16.348,99.990,0.140,0.210,g
2459213.35035,2020-12-29.8510490,bp,1.51,16.082,>16.082,99.990,0.926,0.268,g
2459213.35161,2020-12-29.8523031,bp,1.59,16.036,>16.036,99.990,1.054,0.280,g
2459213.39888,2020-12-29.8995822,bp,1.49,16.091,>16.091,99.990,0.783,0.266,g
2459213.40011,2020-12-29.9008074,bp,1.63,16.270,>16.270,99.990,0.113,0.225,g
2459213.40133,2020-12-29.9020361,bp,1.56,16.255,>16.255,99.990,0.541,0.229,g
2459213.60202,2020-12-30.1027162,bl,1.51,15.971,>15.971,99.990,1.137,0.297,g
2459213.60324,2020-12-30.1039402,bl,1.54,15.901,>15.901,99.990,0.768,0.317,g
2459213.60448,2020-12-30.1051785,bl,1.56,16.014,>16.014,99.990,0.785,0.285,g
2459214.30051,2020-12-30.8012130,bp,1.72,16.373,16.158,0.180,1.250,0.205,g
2459214.30173,2020-12-30.8024266,bp,1.74,16.394,16.361,0.213,1.036,0.201,g
2459214.30294,2020-12-30.8036472,bp,1.54,16.353,>16.353,99.990,0.664,0.209,g
2459214.57594,2020-12-31.0766393,bH,2.03,16.167,>16.167,99.990,0.867,0.248,g
2459214.57723,2020-12-31.0779381,bH,2.04,16.336,>16.336,99.990,0.317,0.212,g
2459214.57855,2020-12-31.0792491,bH,2.04,16.227,16.093,0.194,1.326,0.234,g
2459215.40170,2020-12-31.9023987,bp,1.56,16.425,>16.425,99.990,0.661,0.195,g
2459215.40293,2020-12-31.9036384,bp,1.53,16.309,>16.309,99.990,0.762,0.217,g
2459215.40416,2020-12-31.9048650,bp,1.57,16.594,>16.594,99.990,0.168,0.167,g
2459215.47973,2020-12-31.9804324,bp,1.62,16.295,>16.295,99.990,0.743,0.220,g
2459216.36774,2021-01-01.8684384,bp,1.62,16.788,>16.788,99.990,0.670,0.140,g
2459216.36897,2021-01-01.8696685,bp,1.58,16.626,16.505,0.196,0.908,0.162,g
2459216.37022,2021-01-01.8709192,bp,1.65,16.602,16.346,0.173,1.051,0.166,g
2459216.60486,2021-01-02.1055621,bH,1.49,16.780,>16.780,99.990,0.654,0.141,g
2459216.60617,2021-01-02.1068740,bH,1.53,16.758,>16.758,99.990,0.423,0.144,g
2459216.60745,2021-01-02.1081541,bH,1.46,16.740,>16.740,99.990,0.544,0.146,g
2459217.33360,2021-01-02.8343033,bp,1.57,17.345,16.877,0.142,0.644,0.084,g
2459217.33483,2021-01-02.8355312,bp,1.64,17.258,16.806,0.144,0.688,0.091,g
2459217.33605,2021-01-02.8367564,bp,1.59,17.349,16.577,0.108,0.849,0.083,g
2459217.58748,2021-01-03.0881887,bl,1.48,17.068,16.684,0.154,0.769,0.108,g
2459217.58872,2021-01-03.0894293,bl,1.45,17.200,16.829,0.155,0.674,0.096,g
2459217.58995,2021-01-03.0906574,bl,1.52,17.112,16.755,0.158,0.721,0.104,g
2459219.57714,2021-01-05.0778559,bp,1.47,16.699,16.677,0.215,0.775,0.152,g
2459219.57837,2021-01-05.0790837,bp,1.50,16.707,>16.707,99.990,0.718,0.151,g
2459219.57961,2021-01-05.0803126,bp,1.46,16.738,16.733,0.218,0.736,0.147,g
2459220.39386,2021-01-05.8945725,bp,1.49,17.214,16.621,0.127,0.816,0.094,g
2459220.39509,2021-01-05.8958049,bp,1.50,17.436,16.915,0.136,0.622,0.077,g
2459220.39632,2021-01-05.8970325,bp,1.52,17.307,16.743,0.130,0.730,0.087,g
2459220.60386,2021-01-06.1045646,bH,1.49,17.221,17.097,0.195,0.526,0.094,g
2459220.60514,2021-01-06.1058563,bH,1.51,17.218,16.380,0.101,1.019,0.094,g
2459220.60644,2021-01-06.1071539,bH,1.50,17.208,>17.208,99.990,0.473,0.095,g
2459221.35667,2021-01-06.8573724,bp,1.51,17.329,16.675,0.120,0.776,0.085,g
2459221.35788,2021-01-06.8585896,bp,1.48,17.352,16.922,0.147,0.618,0.083,g
2459221.35912,2021-01-06.8598246,bp,1.52,99.990,99.990,99.990,99.990,99.990,g
2459221.36469,2021-01-06.8653997,bp,1.47,17.353,16.489,0.099,0.921,0.083,g
2459221.36591,2021-01-06.8666229,bp,1.52,99.990,99.990,99.990,99.990,99.990,g
2459221.36714,2021-01-06.8678415,bp,1.52,17.289,16.723,0.130,0.743,0.088,g
2459221.60807,2021-01-07.1087839,bH,1.41,17.178,16.581,0.126,0.847,0.098,g
2459221.60937,2021-01-07.1100817,bH,1.44,17.208,>17.208,99.990,0.346,0.095,g
2459221.61068,2021-01-07.1113863,bH,1.42,17.137,16.630,0.137,0.809,0.102,g
2459222.35718,2021-01-07.8578850,bp,1.56,17.461,17.081,0.154,0.534,0.075,g
2459222.35843,2021-01-07.8591329,bp,1.56,17.345,16.740,0.126,0.731,0.084,g
2459222.35968,2021-01-07.8603902,bp,1.58,17.400,16.703,0.115,0.757,0.080,g
2459222.38732,2021-01-07.8880238,bp,1.53,99.990,99.990,99.990,99.990,99.990,g
2459222.38855,2021-01-07.8892539,bp,1.53,99.990,99.990,99.990,99.990,99.990,g
2459222.38977,2021-01-07.8904792,bp,1.52,99.990,99.990,99.990,99.990,99.990,g
2459225.81845,2021-01-11.3191605,bH,1.49,17.185,16.690,0.139,0.766,0.097,g
2459225.81976,2021-01-11.3204701,bH,1.49,17.169,16.886,0.169,0.639,0.099,g
2459225.82107,2021-01-11.3217820,bH,1.47,17.174,16.621,0.132,0.815,0.098,g
2459226.31468,2021-01-11.8153917,bp,1.53,99.990,99.990,99.990,99.990,99.990,g
2459226.31591,2021-01-11.8166218,bp,1.52,17.346,16.835,0.137,0.670,0.084,g
2459226.31712,2021-01-11.8178399,bp,1.54,17.248,16.904,0.160,0.628,0.092,g
2459226.56298,2021-01-12.0636876,bl,1.52,17.071,16.442,0.123,0.963,0.108,g
2459226.56422,2021-01-12.0649210,bl,1.49,17.115,17.087,0.214,0.531,0.104,g
2459226.56546,2021-01-12.0661605,bl,1.5,16.922,16.422,0.138,0.980,0.124,g
2459227.55304,2021-01-13.0537465,bl,1.58,16.959,16.378,0.128,1.020,0.120,g
2459227.55427,2021-01-13.0549770,bl,1.55,16.988,16.792,0.183,0.697,0.116,g
2459227.55551,2021-01-13.0562076,bl,1.54,17.005,16.686,0.163,0.768,0.115,g
2459227.81436,2021-01-13.3150645,bH,1.45,17.109,16.798,0.164,0.693,0.104,g
2459227.81565,2021-01-13.3163557,bH,1.45,17.229,16.812,0.149,0.685,0.093,g
2459227.81694,2021-01-13.3176465,bH,1.44,17.123,16.720,0.151,0.745,0.103,g
2459228.53168,2021-01-14.0323846,bp,1.48,17.156,16.611,0.132,0.824,0.100,g
2459228.53291,2021-01-14.0336179,bp,1.48,17.365,16.702,0.119,0.757,0.082,g
2459228.53414,2021-01-14.0348429,bp,1.49,17.241,16.836,0.151,0.669,0.092,g
2459228.60557,2021-01-14.1062771,bl,1.51,17.077,16.514,0.130,0.900,0.107,g
2459228.60679,2021-01-14.1075037,bl,1.49,17.075,16.643,0.147,0.800,0.107,g
2459228.60802,2021-01-14.1087313,bl,1.48,17.128,16.847,0.169,0.662,0.102,g
2459229.41037,2021-01-14.9110789,bp,1.50,17.464,17.045,0.149,0.552,0.075,g
2459229.41159,2021-01-14.9123006,bp,1.56,17.439,17.040,0.152,0.555,0.077,g
2459229.41282,2021-01-14.9135228,bp,1.57,17.383,16.781,0.126,0.704,0.081,g
2459230.34466,2021-01-15.8453659,bp,1.71,17.187,16.508,0.117,0.906,0.097,g
2459230.34650,2021-01-15.8472040,bp,1.73,17.288,16.388,0.096,1.011,0.088,g
2459230.34800,2021-01-15.8487011,bp,1.70,17.272,16.368,0.095,1.030,0.090,g
2459230.55218,2021-01-16.0528804,bl,1.49,17.113,16.683,0.147,0.770,0.104,g
2459230.55341,2021-01-16.0541071,bl,1.5,17.032,16.284,0.110,1.113,0.112,g
2459230.55464,2021-01-16.0553359,bl,1.47,17.031,16.671,0.157,0.779,0.112,g
2459231.46701,2021-01-16.9677075,bp,1.53,17.336,16.860,0.141,0.654,0.085,g
2459231.46823,2021-01-16.9689318,bp,1.54,17.252,16.505,0.110,0.908,0.091,g
2459231.46946,2021-01-16.9701605,bp,1.57,17.465,16.851,0.124,0.660,0.075,g
2459231.55584,2021-01-17.0565473,bl,1.47,17.115,16.897,0.179,0.633,0.104,g
2459231.55707,2021-01-17.0577815,bl,1.45,17.055,16.595,0.143,0.836,0.109,g
2459231.55831,2021-01-17.0590215,bl,1.50,17.029,16.785,0.175,0.701,0.112,g
2459233.29037,2021-01-18.7910664,bp,1.72,16.866,16.448,0.149,0.956,0.130,g
2459233.29160,2021-01-18.7922962,bp,1.62,16.918,16.694,0.178,0.763,0.124,g
2459233.29282,2021-01-18.7935134,bp,1.69,16.936,16.348,0.127,1.049,0.122,g
2459233.54091,2021-01-19.0416018,bp,1.66,17.225,16.449,0.107,0.955,0.094,g
2459233.54212,2021-01-19.0428175,bp,1.69,17.153,16.484,0.118,0.925,0.100,g
2459233.54335,2021-01-19.0440474,bp,1.63,17.170,16.397,0.107,1.003,0.098,g
2459234.38421,2021-01-19.8848944,bp,1.68,99.990,99.990,99.990,99.990,99.990,g
2459234.38542,2021-01-19.8861159,bp,1.63,99.990,99.990,99.990,99.990,99.990,g
2459234.38664,2021-01-19.8873343,bp,1.62,17.107,16.472,0.122,0.937,0.104,g
2459235.37225,2021-01-20.8729498,bp,1.52,16.942,>16.942,99.990,0.469,0.121,g
2459235.37350,2021-01-20.8741861,bp,1.50,17.233,16.804,0.148,0.689,0.093,g
2459235.37474,2021-01-20.8754263,bp,1.51,17.077,>17.077,99.990,0.468,0.107,g
2459236.51094,2021-01-22.0116285,bp,1.66,17.205,16.493,0.114,0.918,0.095,g
2459236.51217,2021-01-22.0128601,bp,1.64,17.121,16.911,0.180,0.625,0.103,g
2459236.51339,2021-01-22.0140843,bp,2.28,16.909,15.953,0.091,1.510,0.125,g
2459237.35872,2021-01-22.8594083,bp,1.51,16.784,>16.784,99.990,0.538,0.140,g
2459237.35995,2021-01-22.8606373,bp,1.55,16.838,16.679,0.189,0.774,0.134,g
2459237.36118,2021-01-22.8618642,bp,1.54,16.791,16.726,0.207,0.741,0.140,g
2459240.32183,2021-01-25.8225141,bp,1.52,16.536,>16.536,99.990,-0.070,0.176,g
2459240.32306,2021-01-25.8237385,bp,1.51,16.461,>16.461,99.990,0.821,0.189,g
2459240.32429,2021-01-25.8249642,bp,1.60,16.428,>16.428,99.990,0.512,0.195,g
2459240.48377,2021-01-25.9844503,bp,1.53,16.457,16.365,0.201,1.032,0.190,g
2459240.48499,2021-01-25.9856700,bp,1.57,16.439,>16.439,99.990,0.606,0.193,g
2459240.48622,2021-01-25.9868907,bp,1.50,16.448,>16.448,99.990,0.612,0.191,g
2459240.51390,2021-01-26.0145751,bp,1.60,16.532,>16.532,99.990,0.876,0.177,g
2459240.51513,2021-01-26.0158041,bp,1.58,16.617,>16.617,99.990,0.696,0.164,g
2459240.51635,2021-01-26.0170270,bp,1.63,16.571,16.433,0.193,0.971,0.171,g
2459242.35421,2021-01-27.8548796,bp,1.63,16.140,16.108,0.213,1.309,0.254,g
2459242.35543,2021-01-27.8561085,bp,1.61,16.045,>16.045,99.990,0.555,0.277,g
2459242.35666,2021-01-27.8573295,bp,1.52,16.343,>16.343,99.990,0.721,0.211,g
2459242.37668,2021-01-27.8773474,bp,1.66,16.118,>16.118,99.990,0.587,0.259,g
2459242.37791,2021-01-27.8785811,bp,1.51,16.179,>16.179,99.990,1.053,0.245,g
2459242.37915,2021-01-27.8798216,bp,1.50,16.191,>16.191,99.990,0.707,0.242,g
2459242.77812,2021-01-28.2787887,bH,1.60,15.933,15.923,0.217,1.553,0.307,g
2459243.64076,2021-01-29.1414151,bl,1.48,15.975,>15.975,99.990,0.594,0.296,g
2459243.64198,2021-01-29.1426495,bl,1.48,16.026,>16.026,99.990,0.133,0.282,g
2459243.64321,2021-01-29.1438774,bl,1.5,15.882,>15.882,99.990,0.977,0.322,g
2459243.66897,2021-01-29.1696302,bl,1.53,15.990,>15.990,99.990,0.642,0.292,g
2459243.67020,2021-01-29.1708606,bl,1.53,15.949,>15.949,99.990,1.515,0.303,g
2459243.67144,2021-01-29.1720979,bl,1.45,16.025,>16.025,99.990,1.101,0.282,g
2459244.43544,2021-01-29.9360960,bp,1.50,16.218,>16.218,99.990,0.528,0.236,g
2459244.43666,2021-01-29.9373181,bp,1.47,16.228,>16.228,99.990,0.843,0.234,g
2459244.43789,2021-01-29.9385423,bp,1.50,16.126,>16.126,99.990,0.929,0.257,g
2459247.75923,2021-02-02.2598678,bH,1.44,16.362,>16.362,99.990,-0.264,0.207,g
2459247.76051,2021-02-02.2611503,bH,1.44,16.324,>16.324,99.990,0.860,0.214,g
2459247.76180,2021-02-02.2624398,bH,1.39,16.437,>16.437,99.990,-0.166,0.193,g
2459248.42619,2021-02-02.9268194,bp,1.58,16.655,>16.655,99.990,0.661,0.158,g
2459248.42785,2021-02-02.9284780,bp,1.54,16.683,16.489,0.183,0.922,0.154,g
2459248.42918,2021-02-02.9298096,bp,1.52,16.846,>16.846,99.990,0.290,0.133,g
2459248.46182,2021-02-02.9624516,bp,1.53,16.615,>16.615,99.990,0.711,0.164,g
2459248.46310,2021-02-02.9637295,bp,1.51,16.654,16.451,0.182,0.954,0.158,g
2459248.46435,2021-02-02.9649832,bp,1.48,16.716,>16.716,99.990,0.559,0.150,g
2459248.63367,2021-02-03.1343012,bH,1.46,17.160,17.053,0.199,0.548,0.099,g
2459248.63496,2021-02-03.1355888,bH,1.49,17.033,16.289,0.110,1.107,0.112,g
2459248.63626,2021-02-03.1368906,bH,1.45,17.132,>17.132,99.990,0.498,0.102,g
2459249.45737,2021-02-03.9580030,bp,1.53,16.915,>16.915,99.990,0.443,0.124,g
2459249.45860,2021-02-03.9592252,bp,1.58,99.990,99.990,99.990,99.990,99.990,g
2459249.45983,2021-02-03.9604542,bp,1.57,16.839,16.708,0.194,0.753,0.134,g
2459249.57880,2021-02-04.0794246,bl,1.46,17.132,16.744,0.153,0.728,0.102,g
2459249.58003,2021-02-04.0806584,bl,1.45,17.135,16.607,0.135,0.826,0.102,g
2459249.58127,2021-02-04.0818918,bl,1.48,17.071,16.880,0.184,0.642,0.108,g
2459251.46203,2021-02-05.9626526,bp,1.59,99.990,99.990,99.990,99.990,99.990,g
2459251.46324,2021-02-05.9638664,bp,1.60,17.117,16.618,0.138,0.818,0.103,g
2459251.46446,2021-02-05.9650848,bp,1.59,99.990,99.990,99.990,99.990,99.990,g
2459251.75134,2021-02-06.2519593,bH,1.43,16.992,16.470,0.135,0.937,0.116,g
2459251.75266,2021-02-06.2532693,bH,1.38,17.124,17.107,0.216,0.521,0.103,g
2459252.28067,2021-02-06.7812793,bp,2.06,16.799,16.533,0.171,0.885,0.139,g
2459252.28189,2021-02-06.7824980,bp,2.05,16.842,16.207,0.122,1.194,0.133,g
2459252.28313,2021-02-06.7837391,bp,2.03,16.940,16.199,0.111,1.203,0.122,g
2459252.43022,2021-02-06.9308248,bp,1.56,17.203,16.512,0.116,0.902,0.096,g
2459252.43145,2021-02-06.9320562,bp,1.47,17.146,16.475,0.118,0.933,0.101,g
2459252.43268,2021-02-06.9332849,bp,1.56,17.475,16.958,0.136,0.598,0.074,g
2459252.75049,2021-02-07.2510975,bH,1.46,17.101,16.812,0.168,0.685,0.105,g
2459254.54691,2021-02-09.0474998,bH,2.04,17.249,16.606,0.121,0.827,0.092,g
2459254.54819,2021-02-09.0487884,bH,2.01,17.135,16.499,0.122,0.913,0.102,g
2459254.54948,2021-02-09.0500728,bH,2.01,17.150,16.627,0.135,0.811,0.100,g
2459255.49316,2021-02-09.9937528,bp,1.73,17.129,16.571,0.131,0.854,0.102,g
2459255.49440,2021-02-09.9949863,bp,1.74,17.087,16.177,0.095,1.227,0.106,g
2459255.49561,2021-02-09.9962116,bp,1.59,17.191,17.085,0.199,0.532,0.097,g
2459256.46364,2021-02-10.9642248,bp,1.54,17.040,16.532,0.137,0.885,0.111,g
2459256.46487,2021-02-10.9654550,bp,1.54,16.912,>16.912,99.990,0.423,0.125,g
2459256.46610,2021-02-10.9666861,bp,1.52,17.197,>17.197,99.990,0.460,0.096,g
2459258.68676,2021-02-13.1873238,bl,1.48,17.043,16.363,0.117,1.034,0.111,g
2459258.68799,2021-02-13.1885563,bl,1.46,16.943,>16.943,99.990,0.602,0.121,g
2459258.68923,2021-02-13.1897937,bl,1.5,17.066,16.589,0.141,0.840,0.108,g
2459259.34550,2021-02-13.8460586,bp,1.54,17.305,17.042,0.172,0.554,0.087,g
2459259.34671,2021-02-13.8472765,bp,1.47,17.282,16.601,0.117,0.831,0.089,g
2459259.34794,2021-02-13.8485042,bp,1.51,17.237,16.500,0.111,0.912,0.093,g
2459261.52656,2021-02-16.0271113,bH,1.53,17.047,16.769,0.170,0.712,0.110,g
2459261.52784,2021-02-16.0283945,bH,1.57,17.180,16.889,0.168,0.637,0.097,g
2459261.52916,2021-02-16.0297052,bH,1.50,17.142,16.307,0.101,1.090,0.101,g
2459262.33809,2021-02-16.8386299,bp,1.56,17.223,16.736,0.140,0.734,0.094,g
2459262.33932,2021-02-16.8398597,bp,1.53,17.340,16.708,0.122,0.753,0.084,g
2459262.34053,2021-02-16.8410782,bp,1.48,17.244,16.708,0.134,0.753,0.092,g
2459262.39628,2021-02-16.8968209,bp,1.57,17.369,16.709,0.119,0.752,0.082,g
2459262.39750,2021-02-16.8980460,bp,1.57,17.252,16.574,0.117,0.852,0.091,g
2459262.39873,2021-02-16.8992648,bp,1.57,17.376,16.785,0.127,0.702,0.081,g
2459262.43803,2021-02-16.9385696,bp,1.74,17.272,16.619,0.120,0.817,0.090,g
2459264.52435,2021-02-19.0248646,bH,1.53,16.920,>16.920,99.990,0.607,0.124,g
2459264.52565,2021-02-19.0261694,bH,1.74,16.886,>16.886,99.990,0.603,0.128,g
2459264.52695,2021-02-19.0274695,bH,1.72,16.794,16.714,0.204,0.749,0.139,g
2459265.42538,2021-02-19.9258866,bp,1.46,17.317,16.689,0.123,0.767,0.086,g
2459265.42660,2021-02-19.9271063,bp,1.52,17.229,16.547,0.117,0.873,0.093,g
2459265.42782,2021-02-19.9283341,bp,1.54,17.350,16.680,0.118,0.773,0.083,g
2459266.29929,2021-02-20.7997877,bp,1.54,16.955,16.836,0.196,0.669,0.120,g
2459266.30053,2021-02-20.8010296,bp,1.50,16.910,16.745,0.188,0.728,0.125,g
2459266.30175,2021-02-20.8022554,bp,1.54,16.968,16.709,0.173,0.753,0.119,g
2459268.34157,2021-02-22.8420630,bp,1.54,16.841,>16.841,99.990,0.533,0.133,g
2459268.34278,2021-02-22.8432804,bp,1.50,16.835,>16.835,99.990,0.521,0.134,g
2459268.34400,2021-02-22.8444973,bp,1.45,16.726,16.689,0.212,0.767,0.148,g
2459268.67142,2021-02-23.1719084,bl,1.56,16.352,>16.352,99.990,0.565,0.209,g
2459268.67266,2021-02-23.1731443,bl,1.58,16.516,>16.516,99.990,0.539,0.180,g
2459268.67389,2021-02-23.1743793,bl,1.57,16.389,>16.389,99.990,0.994,0.202,g
2459269.38496,2021-02-23.8854452,bp,1.50,16.521,>16.521,99.990,0.415,0.179,g
2459269.38618,2021-02-23.8866626,bp,1.51,16.414,>16.414,99.990,0.538,0.198,g
2459269.38740,2021-02-23.8878825,bp,1.56,16.544,16.510,0.213,0.903,0.175,g
2459271.68914,2021-02-26.1895973,bH,1.42,13.569,>13.569,99.990,1.402,2.713,g
2459271.69176,2021-02-26.1922208,bH,1.39,14.071,>14.071,99.990,4.429,1.714,g
2459273.64932,2021-02-28.1497604,bH,1.55,15.857,>15.857,99.990,1.060,0.330,g
2459273.65061,2021-02-28.1510585,bH,1.43,15.995,>15.995,99.990,0.870,0.290,g
2459273.65191,2021-02-28.1523575,bH,1.51,15.952,>15.952,99.990,0.743,0.302,g
2459275.54532,2021-03-02.0457319,bl,1.50,17.037,16.857,0.186,0.656,0.111,g
2459275.54655,2021-03-02.0469716,bl,1.48,16.916,>16.916,99.990,0.563,0.124,g
2459275.54778,2021-03-02.0481981,bl,1.52,16.934,16.690,0.175,0.765,0.122,g
2459276.26931,2021-03-02.7697181,bp,2.01,99.990,99.990,99.990,99.990,99.990,g
2459276.27053,2021-03-02.7709494,bp,2.00,17.202,16.209,0.088,1.192,0.096,g
2459276.27176,2021-03-02.7721805,bp,1.54,99.990,99.990,99.990,99.990,99.990,g
2459276.68146,2021-03-03.1818681,bH,1.47,16.312,>16.312,99.990,0.830,0.217,g
2459276.68276,2021-03-03.1831666,bH,1.54,16.529,16.356,0.187,1.041,0.178,g
2459276.68406,2021-03-03.1844708,bH,1.53,16.360,>16.360,99.990,0.318,0.207,g
2459277.42248,2021-03-03.9228868,bp,1.53,16.563,>16.563,99.990,0.834,0.172,g
2459277.42371,2021-03-03.9241148,bp,1.50,16.665,16.492,0.187,0.919,0.157,g
2459277.42494,2021-03-03.9253437,bp,1.50,16.822,>16.822,99.990,0.601,0.136,g
2459277.58898,2021-03-04.089375,bl,1.53,17.243,16.751,0.139,0.723,0.092,g
2459277.59021,2021-03-04.0906116,bl,1.47,17.122,16.606,0.136,0.827,0.103,g
2459277.59144,2021-03-04.0918429,bl,1.46,17.018,17.003,0.216,0.574,0.113,g
2459278.26008,2021-03-04.7604699,bp,2.01,16.972,16.476,0.139,0.933,0.118,g
2459278.26131,2021-03-04.7616956,bp,2.01,17.033,16.371,0.119,1.027,0.112,g
2459278.26254,2021-03-04.7629280,bp,2.00,17.052,16.204,0.100,1.198,0.110,g
2459278.67583,2021-03-05.1762170,bH,1.48,16.792,16.649,0.192,0.795,0.139,g
2459278.67711,2021-03-05.1774996,bH,1.49,16.703,16.676,0.214,0.776,0.151,g
2459278.67841,2021-03-05.1787969,bH,1.46,16.734,16.466,0.171,0.941,0.147,g
2459279.28138,2021-03-05.7817642,bp,1.51,17.307,17.178,0.194,0.489,0.087,g
2459279.28261,2021-03-05.7829943,bp,1.52,17.306,16.784,0.135,0.702,0.087,g
2459279.28383,2021-03-05.7842221,bp,1.51,17.275,16.903,0.156,0.629,0.089,g
2459279.37475,2021-03-05.8751348,bp,1.58,17.249,16.991,0.173,0.580,0.092,g
2459279.37597,2021-03-05.8763612,bp,1.53,17.242,16.517,0.112,0.898,0.092,g
2459279.37720,2021-03-05.8775905,bp,1.54,17.158,16.801,0.158,0.691,0.099,g
2459279.53430,2021-03-06.0346834,bl,1.44,16.955,16.698,0.173,0.760,0.120,g
2459279.53554,2021-03-06.0359216,bl,1.46,17.107,16.709,0.152,0.752,0.104,g
2459279.53676,2021-03-06.0371483,bl,1.51,17.066,>17.066,99.990,0.517,0.108,g
2459279.55711,2021-03-06.0574902,bl,1.56,17.077,16.604,0.142,0.829,0.107,g
2459279.55834,2021-03-06.0587179,bl,1.57,16.962,16.424,0.133,0.979,0.119,g
2459279.55957,2021-03-06.0599467,bl,1.56,17.021,16.405,0.124,0.995,0.113,g
2459280.41454,2021-03-06.9149168,bp,1.53,17.213,16.515,0.115,0.900,0.095,g
2459280.41577,2021-03-06.9161467,bp,1.59,17.156,16.685,0.142,0.769,0.100,g
2459280.41701,2021-03-06.9173804,bp,1.55,17.051,16.182,0.098,1.222,0.110,g
2459281.63110,2021-03-08.1314508,bl,1.49,17.093,16.947,0.192,0.604,0.106,g
2459281.63233,2021-03-08.1326819,bl,1.48,16.998,16.797,0.182,0.694,0.115,g
2459281.63355,2021-03-08.1339049,bl,1.44,17.047,16.449,0.126,0.956,0.110,g
2459282.28677,2021-03-08.7871133,bp,1.59,15.373,>15.373,99.990,-0.322,0.515,g
2459282.28801,2021-03-08.7883539,bp,1.56,14.846,>14.846,99.990,1.634,0.837,g
2459282.28925,2021-03-08.7895960,bp,1.54,99.990,99.990,99.990,99.990,99.990,g
2459282.36188,2021-03-08.8622258,bp,1.72,99.990,99.990,99.990,99.990,99.990,g
2459282.65881,2021-03-09.1591520,bH,1.41,17.145,16.431,0.113,0.972,0.101,g
2459282.66009,2021-03-09.1604358,bH,1.41,17.213,16.659,0.131,0.788,0.095,g
2459282.66138,2021-03-09.1617277,bH,1.39,17.138,16.711,0.148,0.751,0.101,g
2459284.50461,2021-03-11.0049315,bH,1.41,16.866,16.789,0.204,0.699,0.130,g
2459284.50590,2021-03-11.0062276,bH,1.40,16.901,16.633,0.171,0.807,0.126,g
2459284.50721,2021-03-11.0075299,bH,1.42,17.025,16.479,0.132,0.930,0.112,g
2459287.64664,2021-03-14.1469391,bH,1.38,17.162,16.659,0.138,0.788,0.099,g
2459287.64795,2021-03-14.1482431,bH,1.37,17.176,16.610,0.130,0.824,0.098,g
2459287.64927,2021-03-14.1495690,bH,1.37,17.156,16.707,0.145,0.754,0.100,g
2459288.64817,2021-03-15.1484473,bH,1.44,16.954,16.529,0.148,0.887,0.120,g
2459288.64948,2021-03-15.1497581,bH,1.42,16.973,16.717,0.173,0.747,0.118,g
2459288.65076,2021-03-15.1510429,bH,1.45,17.104,16.564,0.133,0.860,0.105,g
2459291.24449,2021-03-17.7447423,bp,1.67,16.877,16.749,0.195,0.725,0.129,g
2459291.24572,2021-03-17.7459618,bp,1.65,16.910,16.425,0.140,0.978,0.125,g
2459291.24695,2021-03-17.7471929,bp,1.63,16.976,16.561,0.150,0.862,0.118,g
2459292.50814,2021-03-19.0083797,bl,1.48,16.831,>16.831,99.990,0.661,0.135,g
2459292.50937,2021-03-19.0096112,bl,1.50,17.127,16.887,0.176,0.639,0.102,g
2459292.51059,2021-03-19.0108285,bl,1.54,16.806,16.638,0.188,0.804,0.138,g
2459293.53280,2021-03-20.0330156,bH,1.45,16.913,16.491,0.148,0.920,0.125,g
2459293.53409,2021-03-20.0343048,bH,1.47,16.946,16.717,0.177,0.747,0.121,g
2459293.53538,2021-03-20.0356020,bH,1.47,17.004,16.962,0.211,0.596,0.115,g
2459294.34371,2021-03-20.8439192,bp,1.52,17.008,16.945,0.207,0.606,0.114,g
2459294.34493,2021-03-20.8451396,bp,1.54,17.008,>17.008,99.990,0.502,0.114,g
2459294.34616,2021-03-20.8463700,bp,1.57,17.030,16.370,0.119,1.028,0.112,g
2459294.38065,2021-03-20.8808589,bp,1.55,17.146,16.873,0.170,0.647,0.101,g
2459294.38187,2021-03-20.8820774,bp,1.56,17.131,16.665,0.143,0.783,0.102,g
2459294.38309,2021-03-20.8833037,bp,1.52,17.282,16.852,0.147,0.660,0.089,g
2459296.24754,2021-03-22.7477315,bp,2.34,16.738,16.095,0.121,1.324,0.147,g
2459296.24876,2021-03-22.7489509,bp,2.32,16.689,15.971,0.113,1.485,0.153,g
2459296.24998,2021-03-22.7501812,bp,2.31,16.801,16.272,0.135,1.125,0.138,g
2459296.58812,2021-03-23.0883053,bl,1.6,16.565,16.256,0.165,1.142,0.172,g
2459296.58937,2021-03-23.0895493,bl,1.65,16.547,16.314,0.177,1.082,0.175,g
2459296.59062,2021-03-23.0907988,bl,1.62,16.516,16.380,0.193,1.019,0.180,g
2459296.62974,2021-03-23.1299243,bH,1.36,16.742,>16.742,99.990,0.289,0.146,g
2459296.63103,2021-03-23.1312215,bH,1.43,16.694,>16.694,99.990,0.730,0.153,g
2459297.58031,2021-03-24.0804870,bl,1.49,16.494,>16.494,99.990,0.623,0.183,g
2459297.58153,2021-03-24.0817040,bl,1.48,16.469,16.364,0.199,1.034,0.188,g
2459297.58276,2021-03-24.0829329,bl,1.50,16.421,>16.421,99.990,0.917,0.196,g
2459298.35921,2021-03-24.8593813,bp,1.59,16.498,>16.498,99.990,0.797,0.183,g
2459298.36045,2021-03-24.8606127,bp,1.52,16.568,>16.568,99.990,0.555,0.171,g
2459298.36168,2021-03-24.8618403,bp,1.51,16.529,>16.529,99.990,0.351,0.178,g
2459299.62081,2021-03-26.1209596,bH,1.43,16.125,>16.125,99.990,0.981,0.258,g
2459299.62210,2021-03-26.1222488,bH,1.45,16.156,16.066,0.202,1.360,0.250,g
2459300.61554,2021-03-27.1156822,bH,1.48,16.113,>16.113,99.990,0.740,0.260,g
2459300.61686,2021-03-27.1169944,bH,1.49,16.076,>16.076,99.990,0.733,0.270,g
2459300.61815,2021-03-27.1182846,bH,1.49,16.065,>16.065,99.990,1.150,0.272,g
2459303.60905,2021-03-30.1091539,bH,1.45,15.771,>15.771,99.990,1.063,0.357,g
2459303.61035,2021-03-30.1104572,bH,1.37,15.638,>15.638,99.990,0.709,0.403,g
2459303.61169,2021-03-30.1117888,bH,1.42,15.794,>15.794,99.990,0.912,0.350,g
2459305.32912,2021-03-31.8291951,bp,1.52,15.812,>15.812,99.990,1.273,0.344,g
2459305.33035,2021-03-31.8304265,bp,1.57,16.068,>16.068,99.990,1.089,0.272,g
2459305.33158,2021-03-31.8316581,bp,1.51,15.991,>15.991,99.990,0.663,0.292,g
2459305.35950,2021-03-31.8595811,bp,1.52,16.229,>16.229,99.990,1.113,0.234,g
2459305.36072,2021-03-31.8608005,bp,1.47,16.189,>16.189,99.990,0.702,0.243,g
2459306.60189,2021-04-02.1019638,bH,1.46,16.616,16.515,0.200,0.900,0.164,g
2459306.60318,2021-04-02.1032460,bH,1.43,16.609,>16.609,99.990,0.722,0.165,g
2459308.58484,2021-04-04.0848847,bH,1.41,16.381,>16.381,99.990,0.628,0.204,g
2459308.58614,2021-04-04.0861835,bH,1.38,16.211,>16.211,99.990,0.885,0.238,g
2459308.58743,2021-04-04.0874802,bH,1.41,16.424,>16.424,99.990,0.874,0.196,g
2459310.51986,2021-04-06.0198703,bl,1.50,16.957,16.533,0.148,0.885,0.120,g
2459310.52108,2021-04-06.0210898,bl,1.47,17.185,17.001,0.185,0.575,0.097,g
2459310.52230,2021-04-06.0223160,bl,1.55,17.170,16.650,0.136,0.794,0.098,g
2459311.53684,2021-04-07.0368436,bH,1.41,17.099,16.794,0.165,0.696,0.105,g
2459311.53811,2021-04-07.0381113,bH,1.41,17.089,16.569,0.136,0.856,0.106,g
2459311.53937,2021-04-07.0393745,bH,1.43,17.069,16.528,0.133,0.889,0.108,g
2459312.58399,2021-04-08.0839885,bH,1.43,16.988,16.508,0.141,0.905,0.116,g
2459312.58527,2021-04-08.0852629,bH,1.41,17.015,>17.015,99.990,0.457,0.114,g
2459312.58654,2021-04-08.0865395,bH,1.45,17.025,16.878,0.191,0.644,0.113,g
2459313.53782,2021-04-09.0377974,bH,1.43,17.160,16.685,0.141,0.769,0.099,g
2459313.53911,2021-04-09.0390881,bH,1.39,17.149,16.330,0.103,1.066,0.100,g
2459313.54040,2021-04-09.0403784,bH,1.45,17.181,16.868,0.164,0.650,0.097,g
2459315.24104,2021-04-10.7409973,bp,1.69,17.056,16.352,0.114,1.045,0.109,g
2459315.24249,2021-04-10.7424520,bp,1.6,17.148,16.643,0.137,0.800,0.100,g
2459315.24373,2021-04-10.7436870,bp,1.63,17.282,16.895,0.153,0.634,0.089,g
2459317.48778,2021-04-12.9877081,bH,1.49,17.264,16.821,0.146,0.678,0.090,g
2459317.48905,2021-04-12.9889837,bH,1.54,17.118,16.568,0.132,0.857,0.103,g
2459317.49033,2021-04-12.9902561,bH,1.46,17.161,16.866,0.167,0.651,0.099,g
2459321.21128,2021-04-16.7111601,bp,2.11,15.976,15.962,0.217,1.497,0.296,g
2459321.21252,2021-04-16.7123972,bp,2.09,16.059,>16.059,99.990,0.979,0.274,g
2459321.21374,2021-04-16.7136274,bp,2.08,16.258,>16.258,99.990,0.987,0.228,g
2459321.49023,2021-04-16.9901114,bH,1.48,15.743,>15.743,99.990,0.153,0.366,g
2459321.49152,2021-04-16.9913982,bH,1.46,15.480,>15.480,99.990,0.686,0.467,g
2459321.49280,2021-04-16.9926782,bH,1.49,14.899,>14.899,99.990,0.227,0.797,g
2459322.31203,2021-04-17.8119028,bp,1.51,17.214,>17.214,99.990,0.348,0.095,g
2459322.31327,2021-04-17.8131350,bp,1.49,17.066,16.780,0.168,0.705,0.108,g
2459322.31448,2021-04-17.8143488,bp,1.52,17.163,17.129,0.212,0.511,0.099,g
2459323.51664,2021-04-19.0164902,bl,1.49,16.778,>16.778,99.990,0.391,0.141,g
2459323.51786,2021-04-19.0177212,bl,1.5,16.738,16.484,0.173,0.925,0.147,g
2459323.51911,2021-04-19.0189629,bl,1.51,16.793,16.531,0.172,0.887,0.139,g
2459325.30199,2021-04-20.8018302,bp,1.58,16.725,16.707,0.216,0.754,0.148,g
2459325.30322,2021-04-20.8030555,bp,1.59,16.811,>16.811,99.990,0.599,0.137,g
2459325.30444,2021-04-20.8042751,bp,1.56,16.613,>16.613,99.990,0.494,0.164,g
2459327.29730,2021-04-22.7971182,bp,1.48,16.367,>16.367,99.990,0.546,0.206,g
2459327.29853,2021-04-22.7983447,bp,1.53,16.365,>16.365,99.990,0.870,0.207,g
2459327.29975,2021-04-22.7995584,bp,1.52,16.539,>16.539,99.990,0.688,0.176,g
2459328.54424,2021-04-24.0440319,bH,1.4,16.186,>16.186,99.990,0.065,0.244,g
2459329.53556,2021-04-25.0353478,bH,1.46,16.206,>16.206,99.990,0.603,0.239,g
2459329.53684,2021-04-25.0366246,bH,1.46,16.148,>16.148,99.990,1.009,0.252,g
2459329.53812,2021-04-25.0379008,bH,1.46,16.063,>16.063,99.990,0.398,0.273,g
2459331.52604,2021-04-27.0258005,bH,1.44,15.758,15.696,0.207,1.912,0.361,g
2459331.52732,2021-04-27.0270826,bH,1.48,15.668,>15.668,99.990,0.759,0.393,g
2459331.52860,2021-04-27.0283598,bH,1.5,15.656,>15.656,99.990,0.977,0.397,g
2459332.23388,2021-04-27.7336413,bp,1.5,16.207,>16.207,99.990,0.743,0.239,g
2459332.23512,2021-04-27.7348809,bp,1.46,16.157,>16.157,99.990,1.024,0.250,g
2459332.23634,2021-04-27.7360983,bp,1.51,16.200,>16.200,99.990,0.735,0.241,g
2459333.52451,2021-04-29.0242475,bH,1.43,16.239,>16.239,99.990,0.508,0.232,g
2459333.52580,2021-04-29.0255390,bH,1.46,16.232,>16.232,99.990,0.449,0.233,g
2459333.52708,2021-04-29.0268146,bH,1.37,16.191,>16.191,99.990,0.371,0.242,g
2459334.46601,2021-04-29.9657312,bH,1.69,16.795,>16.795,99.990,0.552,0.139,g
2459334.46729,2021-04-29.9670168,bH,1.66,16.864,16.693,0.187,0.764,0.130,g
2459334.46858,2021-04-29.9683082,bH,1.66,16.964,16.663,0.166,0.785,0.119,g
2459337.50485,2021-05-03.0045402,bH,1.38,16.889,>16.889,99.990,0.547,0.128,g
2459337.50615,2021-05-03.0058402,bH,1.41,16.694,16.679,0.216,0.774,0.153,g
2459337.50743,2021-05-03.0071253,bH,1.43,16.922,16.846,0.204,0.663,0.124,g
2459338.51351,2021-05-04.0131859,bH,1.41,17.218,16.667,0.132,0.782,0.094,g
2459338.51476,2021-05-04.0144471,bH,1.42,17.123,16.669,0.144,0.781,0.103,g
2459338.51604,2021-05-04.0157226,bH,1.44,17.166,17.060,0.199,0.545,0.099,g
2459340.25571,2021-05-05.7553685,bp,1.54,17.194,16.777,0.149,0.707,0.096,g
2459340.25693,2021-05-05.7565938,bp,1.49,17.189,16.786,0.151,0.701,0.097,g
2459340.25816,2021-05-05.7578226,bp,1.52,17.228,16.828,0.152,0.674,0.093,g
2459342.50099,2021-05-08.0006265,bH,1.51,17.121,16.415,0.114,0.986,0.103,g
2459342.50228,2021-05-08.0019140,bH,1.50,17.132,17.108,0.214,0.521,0.102,g
2459342.50355,2021-05-08.0031899,bH,1.49,17.161,16.449,0.114,0.956,0.099,g
2459344.45454,2021-05-09.9541628,bl,2.04,99.990,99.990,99.990,99.990,99.990,g
2459344.45577,2021-05-09.9553857,bl,2.29,99.990,99.990,99.990,99.990,99.990,g
2459345.19898,2021-05-10.6985898,bp,2.48,16.059,>16.059,99.990,1.328,0.274,g
2459346.47220,2021-05-11.9717934,bH,1.75,17.138,16.640,0.138,0.802,0.101,g
2459346.47348,2021-05-11.9730741,bH,1.73,17.186,16.584,0.126,0.844,0.097,g
2459346.47477,2021-05-11.9743600,bH,1.72,17.111,16.721,0.153,0.744,0.104,g
2459348.22599,2021-05-13.7255734,bp,1.51,17.272,16.790,0.141,0.698,0.090,g
2459348.22725,2021-05-13.7268304,bp,1.52,17.241,16.707,0.134,0.754,0.092,g
2459348.22852,2021-05-13.7281017,bp,1.49,17.265,16.921,0.160,0.619,0.090,g
2459349.48230,2021-05-14.9818681,bH,1.43,17.065,16.588,0.141,0.842,0.108,g
2459349.48358,2021-05-14.9831439,bH,1.4,17.076,16.790,0.168,0.698,0.107,g
2459349.48486,2021-05-14.9844280,bH,1.44,17.083,16.820,0.172,0.679,0.107,g
2459351.45439,2021-05-16.9539353,bH,1.69,16.360,>16.360,99.990,0.762,0.207,g
2459351.45568,2021-05-16.9552222,bH,1.69,16.482,>16.482,99.990,0.019,0.185,g
2459351.45695,2021-05-16.9564959,bH,1.67,16.659,16.601,0.208,0.831,0.158,g
2459352.47653,2021-05-17.9760612,bH,1.40,16.810,16.809,0.219,0.686,0.137,g
2459352.47781,2021-05-17.9773442,bH,1.42,16.701,>16.701,99.990,0.673,0.152,g
2459352.47910,2021-05-17.9786334,bH,1.43,16.975,>16.975,99.990,0.554,0.118,g
2459353.46977,2021-05-18.9692959,bH,1.64,16.617,16.571,0.210,0.855,0.164,g
2459353.47105,2021-05-18.9705782,bH,1.57,16.758,16.451,0.165,0.953,0.144,g
2459353.47234,2021-05-18.9718693,bH,1.62,16.899,16.844,0.208,0.664,0.126,g
2459356.46478,2021-05-21.9642803,bH,1.51,16.232,>16.232,99.990,1.137,0.234,g
2459356.46604,2021-05-21.9655421,bH,1.5,16.082,>16.082,99.990,0.734,0.268,g
2459356.46732,2021-05-21.9668173,bH,1.5,15.600,>15.600,99.990,0.717,0.418,g
2459357.46049,2021-05-22.9599864,bH,1.88,16.257,16.216,0.211,1.185,0.228,g
2459357.46179,2021-05-22.9612804,bH,1.86,16.323,>16.323,99.990,0.665,0.215,g
2459357.46307,2021-05-22.9625641,bH,1.82,16.440,>16.440,99.990,0.707,0.193,g
2459359.20742,2021-05-24.7068938,bp,2.03,14.973,>14.973,99.990,-0.213,0.744,g
2459359.20865,2021-05-24.7081298,bp,1.58,14.904,>14.904,99.990,0.545,0.793,g
2459359.20991,2021-05-24.7093964,bp,1.71,15.071,>15.071,99.990,1.228,0.680,g
2459359.45370,2021-05-24.9531775,bH,2.12,15.948,>15.948,99.990,0.736,0.303,g
2459359.45498,2021-05-24.9544623,bH,2.06,15.936,15.889,0.210,1.601,0.307,g
2459359.45628,2021-05-24.9557520,bH,2.04,15.964,>15.964,99.990,0.664,0.299,g
2459360.45614,2021-05-25.9556107,bH,1.48,15.847,>15.847,99.990,1.032,0.333,g
2459360.45742,2021-05-25.9568870,bH,1.51,15.818,>15.818,99.990,1.302,0.342,g
2459361.19868,2021-05-26.6981390,bp,2.03,15.878,15.772,0.199,1.783,0.323,g
2459361.19993,2021-05-26.6993950,bp,2.01,15.839,>15.839,99.990,1.215,0.335,g
2459361.20116,2021-05-26.7006217,bp,2.01,15.797,>15.797,99.990,0.771,0.348,g
2459402.94968,2021-07-07.4489582,bH,1.46,15.974,>15.974,99.990,0.088,0.296,g
2459403.94598,2021-07-08.4452521,bH,1.42,16.285,>16.285,99.990,0.186,0.222,g
2459403.94727,2021-07-08.4465407,bH,1.45,16.217,>16.217,99.990,0.688,0.237,g
2459408.93212,2021-07-13.4313877,bH,1.74,16.927,16.147,0.107,1.263,0.123,g
2459408.93342,2021-07-13.4326909,bH,1.75,nan,>97.781,99.990,-3.745,nan,g
2459409.93109,2021-07-14.4303609,bl,1.55,16.961,16.873,0.202,0.646,0.119,g
2459409.93233,2021-07-14.4316028,bl,1.55,16.893,16.704,0.184,0.756,0.127,g
2459409.93357,2021-07-14.4328432,bl,1.51,17.000,16.314,0.116,1.083,0.115,g
2459411.92026,2021-07-16.4195392,bl,1.49,16.981,16.923,0.208,0.618,0.117,g
2459411.92150,2021-07-16.4207798,bl,1.52,16.940,>16.940,99.990,0.542,0.122,g
2459411.92276,2021-07-16.4220348,bl,1.55,17.095,16.491,0.125,0.920,0.105,g
2459413.67192,2021-07-18.1711972,bp,1.61,17.177,16.804,0.155,0.689,0.098,g
2459413.67320,2021-07-18.1724744,bp,1.59,17.271,17.034,0.176,0.558,0.090,g
2459413.67449,2021-07-18.1737606,bp,1.53,17.310,16.790,0.136,0.699,0.087,g
2459425.93049,2021-07-30.4298064,bH,1.77,16.655,>16.655,99.990,0.623,0.158,g
2459425.93179,2021-07-30.4311033,bH,1.67,16.783,16.448,0.161,0.957,0.141,g
2459425.93308,2021-07-30.4324017,bH,1.7,16.712,>16.712,99.990,0.649,0.150,g
2459428.89418,2021-08-02.3935086,bl,1.68,16.818,16.716,0.200,0.747,0.136,g
2459428.89544,2021-08-02.3947681,bl,1.61,16.768,16.214,0.132,1.186,0.142,g
2459428.89669,2021-08-02.3960215,bl,1.60,16.772,15.961,0.104,1.498,0.142,g
2459429.89584,2021-08-03.3951797,bH,1.41,17.158,16.784,0.155,0.702,0.100,g
2459429.89715,2021-08-03.3964891,bH,1.42,17.114,16.784,0.162,0.702,0.104,g
2459430.63465,2021-08-04.1339899,bp,1.61,17.008,16.476,0.134,0.933,0.114,g
2459430.63590,2021-08-04.1352390,bp,1.57,17.030,16.561,0.142,0.863,0.112,g
2459430.63716,2021-08-04.1364901,bp,1.65,16.863,16.551,0.164,0.870,0.131,g
2459431.63473,2021-08-05.1340724,bp,1.50,17.225,16.762,0.143,0.716,0.094,g
2459431.63597,2021-08-05.1353122,bp,1.54,17.280,16.925,0.158,0.617,0.089,g
2459431.63721,2021-08-05.1365578,bp,1.55,17.237,16.744,0.139,0.729,0.093,g
2459431.88754,2021-08-05.3868916,bl,1.53,16.958,16.363,0.126,1.036,0.120,g
2459431.88879,2021-08-05.3881322,bl,1.46,17.014,>17.014,99.990,0.501,0.114,g
2459431.89003,2021-08-05.3893728,bl,1.46,17.022,16.490,0.134,0.921,0.113,g
2459432.88391,2021-08-06.3832520,bl,1.57,16.947,16.577,0.156,0.849,0.121,g
2459432.88515,2021-08-06.3844938,bl,1.52,16.904,16.537,0.156,0.881,0.126,g
2459432.88639,2021-08-06.3857341,bl,1.53,16.947,16.544,0.151,0.875,0.121,g
2459433.88135,2021-08-07.3807089,bH,1.42,nan,>97.882,99.990,-2.428,nan,g
2459433.88265,2021-08-07.3820046,bH,1.42,17.164,16.554,0.125,0.867,0.099,g
2459433.88397,2021-08-07.3833208,bH,1.44,17.221,16.853,0.156,0.659,0.094,g
2459436.61782,2021-08-10.1171936,bp,1.49,17.284,16.812,0.142,0.684,0.089,g
2459436.61906,2021-08-10.1184284,bp,1.53,17.225,16.665,0.131,0.783,0.094,g
2459436.62030,2021-08-10.1196723,bp,1.52,17.249,16.796,0.144,0.694,0.092,g
2459437.61889,2021-08-11.1182712,bp,1.57,17.142,16.687,0.144,0.767,0.101,g
2459437.62013,2021-08-11.1195128,bp,1.58,17.303,16.569,0.111,0.856,0.087,g
2459437.62137,2021-08-11.1207549,bp,1.66,17.288,16.611,0.117,0.824,0.088,g
2459438.86695,2021-08-12.3663431,bl,1.45,17.038,16.940,0.200,0.608,0.111,g
2459438.86820,2021-08-12.3675922,bl,1.48,16.964,16.737,0.178,0.733,0.119,g
2459438.86946,2021-08-12.3688444,bl,1.5,17.058,>17.058,99.990,0.388,0.109,g
2459439.86762,2021-08-13.3670174,bH,1.51,17.130,16.591,0.133,0.838,0.102,g
2459439.86895,2021-08-13.3683361,bH,1.5,17.158,16.922,0.176,0.618,0.100,g
2459439.87025,2021-08-13.3696362,bH,1.46,17.261,17.000,0.172,0.576,0.090,g
2459440.90173,2021-08-14.4011312,bl,1.51,17.143,16.755,0.153,0.721,0.101,g
2459440.90297,2021-08-14.4023800,bl,1.47,17.115,16.961,0.190,0.597,0.104,g
2459440.90421,2021-08-14.4036231,bl,1.48,17.039,16.734,0.166,0.735,0.111,g
2459443.85521,2021-08-17.3546306,bH,2.12,17.018,16.462,0.131,0.945,0.113,g
2459443.85649,2021-08-17.3559144,bH,2.11,17.160,16.244,0.094,1.155,0.099,g
2459443.85780,2021-08-17.3572289,bH,2.12,17.135,16.399,0.111,1.000,0.102,g
2459444.89180,2021-08-18.3912314,bl,1.5,16.954,16.606,0.159,0.827,0.120,g
2459444.89305,2021-08-18.3924827,bl,1.5,16.993,16.697,0.167,0.761,0.116,g
2459444.89430,2021-08-18.3937341,bl,1.53,16.947,16.605,0.160,0.829,0.121,g
2459447.84457,2021-08-21.3440269,bH,1.55,16.154,15.757,0.152,1.810,0.251,g
2459447.84588,2021-08-21.3453307,bH,1.57,16.116,>16.116,99.990,0.042,0.260,g
2459447.84717,2021-08-21.3466288,bH,1.51,16.062,>16.062,99.990,0.377,0.273,g
2459452.91357,2021-08-26.4130663,bH,1.63,16.467,>16.467,99.990,0.546,0.188,g
2459452.91488,2021-08-26.4143765,bH,1.53,16.376,>16.376,99.990,0.901,0.205,g
2459452.91616,2021-08-26.4156626,bH,1.57,16.467,16.120,0.159,1.294,0.188,g
2459453.85328,2021-08-27.3527854,bl,1.47,16.484,>16.484,99.990,0.832,0.185,g
2459453.85453,2021-08-27.3540388,bl,1.46,16.568,>16.568,99.990,0.599,0.171,g
2459453.85576,2021-08-27.3552690,bl,1.51,16.450,16.250,0.182,1.149,0.191,g
2459454.85469,2021-08-28.3542160,bH,1.56,16.376,>16.376,99.990,0.532,0.205,g
2459454.85600,2021-08-28.3555231,bH,1.58,16.268,16.251,0.216,1.147,0.226,g
2459454.85730,2021-08-28.3568223,bH,1.57,16.315,16.180,0.194,1.224,0.217,g
2459455.81868,2021-08-29.3182090,bl,1.46,16.757,16.369,0.153,1.030,0.144,g
2459455.81993,2021-08-29.3194519,bl,1.47,16.589,16.296,0.167,1.101,0.168,g
2459455.82117,2021-08-29.3207032,bl,1.45,16.689,>16.689,99.990,0.443,0.153,g
2459457.81456,2021-08-31.3141081,bH,1.47,16.896,16.590,0.165,0.839,0.127,g
2459457.81587,2021-08-31.3154094,bH,1.47,17.057,16.819,0.176,0.679,0.109,g
2459457.81717,2021-08-31.3167108,bH,1.47,17.064,16.857,0.181,0.656,0.109,g
2459460.81915,2021-09-03.3187175,bH,1.47,17.256,16.950,0.165,0.602,0.091,g
2459460.82044,2021-09-03.3200141,bH,1.51,17.298,16.742,0.131,0.731,0.087,g
2459460.82174,2021-09-03.3213046,bH,1.53,17.313,16.901,0.150,0.631,0.086,g
2459463.87589,2021-09-06.3754946,bH,1.52,16.280,>16.280,99.990,0.838,0.223,g
2459463.87720,2021-09-06.3768041,bH,1.52,16.323,>16.323,99.990,0.651,0.215,g
2459463.87851,2021-09-06.3781149,bH,1.52,16.698,16.480,0.179,0.929,0.152,g
2459463.88876,2021-09-06.3883685,bl,1.51,16.826,16.769,0.208,0.713,0.135,g
2459463.89001,2021-09-06.3896140,bl,1.49,16.743,16.724,0.215,0.742,0.146,g
2459463.89124,2021-09-06.3908462,bl,1.47,16.514,16.457,0.208,0.949,0.180,g
2459465.56470,2021-09-08.0643192,bp,1.51,17.397,17.028,0.156,0.561,0.080,g
2459465.56595,2021-09-08.0655717,bp,1.56,17.200,16.880,0.163,0.643,0.096,g
2459465.56719,2021-09-08.0668097,bp,1.56,17.176,16.700,0.141,0.759,0.098,g
2459465.88944,2021-09-08.3890673,bH,1.52,17.133,16.560,0.129,0.863,0.102,g
2459465.89074,2021-09-08.3903660,bH,1.63,17.090,16.779,0.164,0.705,0.106,g
2459465.89205,2021-09-08.3916752,bH,1.6,17.253,16.878,0.155,0.644,0.091,g
2459466.78960,2021-09-09.2892380,bH,1.46,17.085,16.584,0.138,0.845,0.106,g
2459466.79091,2021-09-09.2905409,bH,1.43,17.141,16.704,0.146,0.756,0.101,g
2459466.79222,2021-09-09.2918512,bH,1.42,17.157,16.761,0.152,0.718,0.100,g
2459467.81644,2021-09-10.3160900,bl,1.58,16.968,16.691,0.170,0.765,0.119,g
2459467.81768,2021-09-10.3173306,bl,1.5,17.028,16.487,0.133,0.922,0.112,g
2459467.81893,2021-09-10.3185770,bl,1.53,16.927,16.659,0.171,0.787,0.123,g
2459471.78158,2021-09-14.2812724,bH,1.49,17.236,17.178,0.208,0.488,0.093,g
2459471.78288,2021-09-14.2825730,bH,1.54,17.150,16.576,0.129,0.851,0.100,g
2459471.78421,2021-09-14.2838952,bH,1.52,17.123,16.538,0.128,0.881,0.103,g
2459472.77592,2021-09-15.2756224,bl,1.48,16.748,16.615,0.194,0.820,0.145,g
2459472.77717,2021-09-15.2768699,bl,1.46,16.821,16.679,0.192,0.773,0.136,g
2459472.77842,2021-09-15.2781162,bl,1.48,16.745,16.385,0.157,1.014,0.146,g
2459472.80252,2021-09-15.3022292,bl,1.52,16.918,16.241,0.117,1.157,0.124,g
2459472.80376,2021-09-15.3034678,bl,1.56,16.835,>16.835,99.990,0.608,0.134,g
2459472.80502,2021-09-15.3047229,bl,1.55,16.981,16.571,0.150,0.855,0.117,g
2459472.85707,2021-09-15.3567804,bH,1.73,17.155,16.613,0.133,0.822,0.100,g
2459472.85838,2021-09-15.3580770,bH,1.72,17.130,16.716,0.150,0.747,0.102,g
2459472.85967,2021-09-15.3593775,bH,1.74,17.090,16.603,0.140,0.830,0.106,g
2459474.76506,2021-09-17.2647910,bH,1.75,16.411,16.371,0.211,1.028,0.198,g
2459474.76637,2021-09-17.2661013,bH,1.71,16.487,>16.487,99.990,0.855,0.185,g
2459474.76770,2021-09-17.2674184,bH,1.65,16.423,>16.423,99.990,0.608,0.196,g
2459475.77508,2021-09-18.2748158,bH,1.59,16.241,16.119,0.196,1.296,0.232,g
2459475.77641,2021-09-18.2761372,bH,1.64,16.307,>16.307,99.990,0.647,0.218,g
2459475.77770,2021-09-18.2774302,bH,1.59,16.343,>16.343,99.990,0.415,0.211,g
2459478.74456,2021-09-21.2443313,bl,1.57,15.676,>15.676,99.990,0.322,0.390,g
2459478.74583,2021-09-21.2455930,bl,1.72,15.672,>15.672,99.990,1.115,0.391,g
2459478.74708,2021-09-21.2468512,bl,1.59,15.676,>15.676,99.990,1.258,0.390,g
2459479.77572,2021-09-22.2755019,bl,1.51,15.950,>15.950,99.990,0.779,0.303,g
2459479.77696,2021-09-22.2767437,bl,1.57,15.878,>15.878,99.990,0.869,0.323,g
2459479.77820,2021-09-22.2779832,bl,1.60,15.868,15.620,0.174,2.051,0.327,g
2459479.79039,2021-09-22.2901739,bH,1.49,16.095,>16.095,99.990,0.030,0.265,g
2459479.79169,2021-09-22.2914641,bH,1.55,16.129,>16.129,99.990,0.322,0.257,g
2459479.79299,2021-09-22.2927660,bH,1.46,16.072,>16.072,99.990,0.037,0.271,g
2459481.51270,2021-09-24.0125069,bp,1.56,16.320,>16.320,99.990,0.655,0.215,g
2459481.51396,2021-09-24.0137642,bp,1.59,16.083,>16.083,99.990,0.649,0.268,g
2459481.51521,2021-09-24.0150118,bp,1.55,16.199,>16.199,99.990,0.775,0.241,g
2459483.49429,2021-09-25.9941206,bp,1.57,16.549,>16.549,99.990,0.488,0.174,g
2459483.53844,2021-09-26.0382601,bp,1.66,16.625,>16.625,99.990,0.621,0.163,g
2459483.53968,2021-09-26.0395055,bp,1.50,16.341,>16.341,99.990,0.844,0.211,g
2459483.54095,2021-09-26.0407778,bp,1.46,16.385,>16.385,99.990,0.845,0.203,g
2459485.73339,2021-09-28.2332487,bH,1.48,16.457,>16.457,99.990,0.526,0.190,g
2459485.73471,2021-09-28.2345708,bH,1.45,16.539,16.203,0.161,1.199,0.176,g
2459485.73602,2021-09-28.2358718,bH,1.46,16.394,>16.394,99.990,0.416,0.201,g
2459486.73156,2021-09-29.2314300,bH,1.67,16.710,16.535,0.186,0.883,0.150,g
2459486.73285,2021-09-29.2327190,bH,1.61,17.112,16.811,0.166,0.685,0.104,g
2459486.73416,2021-09-29.2340292,bH,1.67,17.279,16.921,0.158,0.619,0.089,g
2459486.74752,2021-09-29.2473847,bH,1.65,17.115,16.579,0.134,0.848,0.104,g
2459486.74882,2021-09-29.2486855,bH,1.66,17.073,16.752,0.163,0.723,0.108,g
2459486.75013,2021-09-29.2499976,bH,1.64,17.051,16.592,0.144,0.838,0.110,g
2459488.72725,2021-10-01.2271373,bH,1.43,17.128,16.606,0.135,0.827,0.102,g
2459488.72855,2021-10-01.2284384,bH,1.39,17.087,16.893,0.183,0.635,0.106,g
2459488.72985,2021-10-01.2297349,bH,1.43,17.133,16.743,0.153,0.729,0.102,g
2459488.75133,2021-10-01.2512225,bl,1.58,16.944,16.853,0.201,0.659,0.121,g
2459488.75257,2021-10-01.2524645,bl,1.58,16.999,>16.999,99.990,0.393,0.115,g
2459488.75381,2021-10-01.2537061,bl,1.6,17.094,16.813,0.169,0.684,0.106,g
2459489.81416,2021-10-02.3140638,bH,1.47,17.140,16.799,0.160,0.692,0.101,g
2459489.81546,2021-10-02.3153640,bH,1.53,17.094,16.664,0.147,0.784,0.106,g
2459489.81676,2021-10-02.3166662,bH,1.48,17.068,17.019,0.209,0.566,0.108,g
2459492.85822,2021-10-05.3581542,bH,1.65,17.123,16.737,0.154,0.733,0.103,g
2459492.85949,2021-10-05.3594363,bH,1.71,17.229,16.586,0.121,0.843,0.093,g
2459492.86078,2021-10-05.3607178,bH,1.66,17.098,16.671,0.148,0.779,0.105,g
2459494.71573,2021-10-07.2156912,bH,1.48,16.931,>16.931,99.990,0.509,0.123,g
2459494.71703,2021-10-07.2169927,bH,1.46,16.295,>16.295,99.990,0.290,0.220,g
2459494.71834,2021-10-07.2183004,bH,1.48,16.413,>16.413,99.990,0.749,0.198,g
2459496.69480,2021-10-09.1947957,bH,1.64,17.015,16.226,0.106,1.174,0.114,g
2459496.69610,2021-10-09.1960952,bH,1.56,17.136,16.553,0.128,0.869,0.102,g
2459496.69740,2021-10-09.1973938,bH,1.62,16.988,16.561,0.148,0.862,0.116,g
2459496.69964,2021-10-09.1996270,bl,1.63,17.012,16.451,0.131,0.954,0.114,g
2459496.70088,2021-10-09.2008679,bl,1.67,16.937,16.715,0.179,0.749,0.122,g
2459496.70212,2021-10-09.2021143,bl,1.58,16.874,16.837,0.212,0.668,0.129,g
2459497.69872,2021-10-10.1987303,bl,1.51,16.920,>16.920,99.990,0.599,0.124,g
2459497.69997,2021-10-10.1999707,bl,1.45,16.894,16.545,0.159,0.875,0.127,g
2459497.70122,2021-10-10.2012121,bl,1.51,16.935,16.748,0.184,0.726,0.122,g
2459497.76054,2021-10-10.2605351,bH,1.5,17.157,16.436,0.113,0.968,0.100,g
2459497.76184,2021-10-10.2618357,bH,1.47,17.121,16.439,0.117,0.965,0.103,g
2459497.76313,2021-10-10.2631219,bH,1.53,17.164,16.809,0.158,0.686,0.099,g
2459499.69884,2021-10-12.1988620,bH,1.44,15.975,>15.975,99.990,0.219,0.296,g
2459499.70014,2021-10-12.2001628,bH,1.41,15.997,>15.997,99.990,1.151,0.290,g
2459499.70143,2021-10-12.2014527,bH,1.42,16.284,>16.284,99.990,0.821,0.223,g
2459500.44524,2021-10-12.9452758,bp,1.56,14.808,>14.808,99.990,1.223,0.867,g
2459500.44650,2021-10-12.9465328,bp,1.48,99.990,99.990,99.990,99.990,99.990,g
2459500.44774,2021-10-12.9477792,bp,1.5,13.779,>13.779,99.990,7.721,2.240,g
2459500.67678,2021-10-13.1768243,bl,1.56,16.620,>16.620,99.990,0.633,0.163,g
2459500.67802,2021-10-13.1780636,bl,1.54,16.715,>16.715,99.990,0.588,0.150,g
2459500.67928,2021-10-13.1793120,bl,1.51,16.685,16.565,0.196,0.859,0.154,g
2459501.77023,2021-10-14.2702841,bl,1.52,16.914,16.682,0.177,0.771,0.125,g
2459501.77147,2021-10-14.2715238,bl,1.54,16.787,16.609,0.186,0.824,0.140,g
2459501.77271,2021-10-14.2727646,bl,1.56,16.844,16.548,0.167,0.873,0.133,g
2459502.75055,2021-10-15.2506177,bl,1.48,16.472,>16.472,99.990,0.784,0.187,g
2459502.75179,2021-10-15.2518599,bl,1.49,16.397,>16.397,99.990,0.744,0.201,g
2459502.75304,2021-10-15.2531016,bl,1.45,16.464,16.393,0.205,1.007,0.189,g
2459503.74330,2021-10-16.2433747,bl,1.5,16.400,>16.400,99.990,0.781,0.200,g
2459503.74455,2021-10-16.2446270,bl,1.48,16.383,>16.383,99.990,0.379,0.203,g
2459503.74580,2021-10-16.2458784,bl,1.49,16.357,>16.357,99.990,0.884,0.208,g
2459503.75596,2021-10-16.2560378,bH,1.43,16.491,>16.491,99.990,0.579,0.184,g
2459503.75726,2021-10-16.2573349,bH,1.46,16.550,>16.550,99.990,0.610,0.174,g
2459504.77450,2021-10-17.2745872,bl,1.58,16.197,>16.197,99.990,0.596,0.241,g
2459504.77574,2021-10-17.2758339,bl,1.65,16.273,>16.273,99.990,0.381,0.225,g
2459504.77699,2021-10-17.2770849,bl,1.69,16.390,>16.390,99.990,0.618,0.202,g
2459504.79732,2021-10-17.2974075,bl,1.53,16.632,>16.632,99.990,0.766,0.162,g
2459504.79856,2021-10-17.2986481,bl,1.48,16.247,>16.247,99.990,0.799,0.230,g
2459504.79981,2021-10-17.2999006,bl,1.48,16.280,>16.280,99.990,0.526,0.223,g
2459506.67478,2021-10-19.1748900,bH,1.59,15.921,>15.921,99.990,0.345,0.311,g
2459506.67610,2021-10-19.1762059,bH,1.71,16.033,>16.033,99.990,1.246,0.281,g
2459506.67740,2021-10-19.1775046,bH,1.62,16.009,>16.009,99.990,0.673,0.287,g
2459507.69583,2021-10-20.1959535,bl,1.52,15.760,>15.760,99.990,0.093,0.361,g
2459507.69708,2021-10-20.1972067,bl,1.57,15.691,>15.691,99.990,-0.042,0.384,g
2459507.69835,2021-10-20.1984658,bl,1.54,15.753,>15.753,99.990,0.843,0.363,g
2459507.71884,2021-10-20.2189578,bl,1.50,15.755,>15.755,99.990,0.557,0.362,g
2459507.72009,2021-10-20.2202112,bl,1.57,15.687,>15.687,99.990,0.571,0.386,g
2459507.72132,2021-10-20.2214491,bl,1.56,15.911,>15.911,99.990,1.150,0.314,g
2459508.78547,2021-10-21.2856128,bH,1.49,16.037,>16.037,99.990,0.404,0.279,g
2459508.78677,2021-10-21.2869141,bH,1.46,16.098,>16.098,99.990,1.100,0.264,g
2459508.78809,2021-10-21.2882289,bH,1.44,16.069,>16.069,99.990,0.169,0.271,g
2459508.81316,2021-10-21.3133004,bH,1.42,16.034,>16.034,99.990,0.993,0.280,g
2459508.81445,2021-10-21.3145888,bH,1.53,16.215,>16.215,99.990,1.092,0.237,g
2459508.81574,2021-10-21.3158866,bH,1.5,15.970,>15.970,99.990,0.399,0.297,g
2459509.69026,2021-10-22.1904122,bl,1.52,15.964,>15.964,99.990,0.685,0.299,g
2459509.69151,2021-10-22.1916608,bl,1.50,16.087,>16.087,99.990,0.616,0.267,g
2459509.69276,2021-10-22.1929156,bl,1.49,16.029,>16.029,99.990,1.035,0.282,g
2459509.75944,2021-10-22.2595825,bH,1.48,16.213,>16.213,99.990,0.200,0.238,g
2459509.76073,2021-10-22.2608834,bH,1.47,16.205,>16.205,99.990,0.746,0.239,g
2459509.76202,2021-10-22.2621770,bH,1.45,16.078,>16.078,99.990,0.830,0.269,g
2459510.66516,2021-10-23.1653181,bH,1.46,16.167,>16.167,99.990,0.637,0.248,g
2459510.66646,2021-10-23.1666123,bH,1.46,16.234,>16.234,99.990,0.556,0.233,g
2459510.66776,2021-10-23.1679223,bH,1.46,16.214,>16.214,99.990,0.496,0.237,g
2459510.71485,2021-10-23.2150093,bl,1.53,16.128,>16.128,99.990,0.863,0.257,g
2459510.71609,2021-10-23.2162534,bl,1.5,16.221,>16.221,99.990,1.106,0.236,g
2459510.71734,2021-10-23.2175034,bl,1.52,16.033,>16.033,99.990,0.704,0.280,g
2459511.66030,2021-10-24.1604753,bH,1.48,16.612,>16.612,99.990,0.278,0.165,g
2459511.66160,2021-10-24.1617687,bH,1.46,16.367,>16.367,99.990,0.686,0.206,g
2459511.66291,2021-10-24.1630792,bH,1.49,16.520,16.454,0.206,0.951,0.179,g
2459511.71331,2021-10-24.2134857,bH,1.48,16.433,>16.433,99.990,0.668,0.194,g
2459511.71461,2021-10-24.2147810,bH,1.49,16.478,>16.478,99.990,0.616,0.186,g
2459511.71592,2021-10-24.2160905,bH,1.47,16.663,>16.663,99.990,0.615,0.157,g
2459513.65354,2021-10-26.1537377,bH,1.43,17.150,17.110,0.211,0.520,0.100,g
2459513.65487,2021-10-26.1550568,bH,1.42,16.947,16.743,0.181,0.729,0.121,g
2459513.65617,2021-10-26.1563550,bH,1.39,16.933,16.851,0.203,0.660,0.122,g
2459514.64812,2021-10-27.1483243,bH,1.42,17.248,>17.248,99.990,0.372,0.092,g
2459514.64941,2021-10-27.1496153,bH,1.45,17.093,16.615,0.141,0.820,0.106,g
2459514.65070,2021-10-27.1509121,bH,1.42,17.161,16.633,0.135,0.807,0.099,g
2459514.68393,2021-10-27.1841383,bH,1.45,17.206,16.753,0.144,0.722,0.095,g
2459514.68522,2021-10-27.1854313,bH,1.44,17.165,16.955,0.181,0.600,0.099,g
2459514.68654,2021-10-27.1867384,bH,1.49,17.191,16.756,0.147,0.721,0.097,g
2459515.67252,2021-10-28.1727449,bH,1.47,17.317,16.614,0.115,0.822,0.086,g
2459515.67384,2021-10-28.1740583,bH,1.43,17.099,16.415,0.117,0.986,0.105,g
2459515.67514,2021-10-28.1753635,bH,1.46,17.241,17.117,0.196,0.516,0.092,g
2459516.66343,2021-10-29.1636574,bl,1.51,15.193,>15.193,99.990,-1.150,0.608,g
2459516.66467,2021-10-29.1648979,bl,1.47,16.024,>16.024,99.990,0.746,0.283,g
2459516.66591,2021-10-29.1661385,bl,1.49,16.500,>16.500,99.990,0.709,0.182,g
2459516.69327,2021-10-29.1935055,bH,1.4,16.504,>16.504,99.990,0.628,0.182,g
2459516.69457,2021-10-29.1948072,bH,1.38,16.292,>16.292,99.990,0.919,0.221,g
2459516.69588,2021-10-29.1961082,bH,1.43,15.879,>15.879,99.990,0.227,0.323,g
2459518.63651,2021-10-31.1367670,bH,1.46,17.066,16.617,0.145,0.819,0.108,g
2459518.63781,2021-10-31.1380577,bH,1.43,17.170,16.913,0.173,0.624,0.098,g
2459518.63911,2021-10-31.1393582,bH,1.43,17.188,16.727,0.143,0.740,0.097,g
2459520.66397,2021-11-02.1642472,bl,1.57,16.857,16.273,0.128,1.124,0.131,g
2459520.66520,2021-11-02.1654856,bl,1.6,16.908,16.471,0.146,0.937,0.125,g
2459520.66644,2021-11-02.1667248,bl,1.62,16.800,16.284,0.136,1.114,0.138,g
2459521.75748,2021-11-03.2577644,bl,1.58,16.852,16.476,0.155,0.933,0.132,g
2459521.75873,2021-11-03.2590133,bl,1.55,16.931,16.200,0.112,1.202,0.123,g
2459521.75999,2021-11-03.2602761,bl,1.63,16.865,16.245,0.124,1.153,0.130,g
2459522.62685,2021-11-04.1271447,bH,1.39,17.115,16.944,0.187,0.606,0.104,g
2459522.62815,2021-11-04.1284466,bH,1.45,17.048,16.362,0.116,1.035,0.110,g
2459522.62945,2021-11-04.1297410,bH,1.43,17.119,16.596,0.135,0.835,0.103,g
2459523.37130,2021-11-04.8716084,bp,1.63,16.883,16.809,0.205,0.686,0.128,g
2459523.37256,2021-11-04.8728667,bp,1.65,17.015,16.468,0.132,0.940,0.114,g
2459523.37380,2021-11-04.8741126,bp,1.63,16.852,16.541,0.164,0.878,0.132,g
2459524.61468,2021-11-06.1149999,bH,1.45,17.067,16.621,0.145,0.816,0.108,g
2459524.74775,2021-11-06.2480768,bl,1.53,16.904,16.510,0.152,0.904,0.126,g
2459524.74899,2021-11-06.2493141,bl,1.49,16.858,16.391,0.142,1.008,0.131,g
2459524.75023,2021-11-06.2505583,bl,1.53,16.912,16.530,0.154,0.887,0.125,g
2459525.61035,2021-11-07.1106880,bl,1.51,16.955,16.795,0.189,0.695,0.120,g
2459525.61159,2021-11-07.1119288,bl,1.53,17.053,16.750,0.166,0.724,0.110,g
2459525.61283,2021-11-07.1131668,bl,1.51,16.934,16.485,0.145,0.925,0.122,g
2459525.63057,2021-11-07.1309052,bH,1.4,17.155,16.846,0.165,0.663,0.100,g
2459525.63187,2021-11-07.1322026,bH,1.39,17.155,16.576,0.129,0.850,0.100,g
2459525.63317,2021-11-07.1334997,bH,1.39,17.109,17.022,0.202,0.564,0.104,g
2459525.69196,2021-11-07.1922962,bH,1.4,17.149,16.629,0.136,0.810,0.100,g
2459525.69326,2021-11-07.1935894,bH,1.44,17.048,16.739,0.165,0.732,0.110,g
2459525.69454,2021-11-07.1948729,bH,1.37,17.084,16.892,0.184,0.636,0.107,g
2459527.61162,2021-11-09.1119745,bl,1.56,16.780,16.221,0.131,1.180,0.141,g
2459527.61286,2021-11-09.1132164,bl,1.57,16.796,>16.796,99.990,0.358,0.139,g
2459527.61410,2021-11-09.1144561,bl,1.53,16.856,16.156,0.115,1.252,0.131,g
2459528.60482,2021-11-10.1051878,bH,1.35,16.952,>16.952,99.990,0.413,0.120,g
2459528.60613,2021-11-10.1064991,bH,1.41,16.861,16.492,0.156,0.918,0.131,g
2459528.60744,2021-11-10.1078131,bH,1.42,16.940,16.885,0.208,0.640,0.122,g
2459529.77255,2021-11-11.2729296,bl,1.48,17.055,>17.055,99.990,0.507,0.109,g
2459529.77380,2021-11-11.2741820,bl,1.51,16.998,16.730,0.171,0.738,0.115,g
2459529.77504,2021-11-11.2754168,bl,1.43,16.896,>16.896,99.990,0.589,0.127,g
2459529.82119,2021-11-11.3215695,bl,1.53,16.979,16.611,0.156,0.824,0.117,g
2459529.82243,2021-11-11.3228065,bl,1.47,17.091,17.030,0.207,0.560,0.106,g
2459529.82367,2021-11-11.3240498,bl,1.53,17.019,16.502,0.136,0.910,0.113,g
2459530.70979,2021-11-12.2101837,bl,1.49,16.695,16.653,0.211,0.792,0.152,g
2459530.71103,2021-11-12.2114210,bl,1.5,16.825,>16.825,99.990,0.559,0.135,g
2459530.71228,2021-11-12.2126663,bl,1.53,16.619,>16.619,99.990,0.622,0.164,g
2459530.74996,2021-11-12.2503517,bH,1.41,17.236,17.072,0.189,0.538,0.093,g
2459530.75125,2021-11-12.2516373,bH,1.43,17.151,16.664,0.140,0.785,0.100,g
2459530.75254,2021-11-12.2529362,bH,1.41,17.111,16.815,0.167,0.682,0.104,g
2459531.76251,2021-11-13.2629104,bH,1.49,16.828,16.602,0.178,0.830,0.135,g
2459531.76382,2021-11-13.2642128,bH,1.44,16.916,>16.916,99.990,0.561,0.124,g
2459531.76511,2021-11-13.2655012,bH,1.44,16.972,>16.972,99.990,0.516,0.118,g
2459531.77642,2021-11-13.2768170,bH,1.44,17.074,16.402,0.118,0.998,0.108,g
2459531.77771,2021-11-13.2780997,bH,1.4,16.992,16.638,0.158,0.804,0.116,g
2459531.77899,2021-11-13.2793975,bH,1.45,17.199,16.664,0.134,0.784,0.096,g
2459532.79620,2021-11-14.2966039,bl,1.52,17.066,16.948,0.197,0.604,0.108,g
2459532.79744,2021-11-14.2978469,bl,1.52,16.860,16.586,0.170,0.842,0.131,g
2459532.79869,2021-11-14.2990991,bl,1.49,16.749,16.624,0.195,0.814,0.145,g
2459532.83405,2021-11-14.3344621,bl,1.47,17.065,16.754,0.164,0.722,0.108,g
2459532.83529,2021-11-14.3357026,bl,1.49,16.923,>16.923,99.990,0.613,0.124,g
2459532.83653,2021-11-14.3369421,bl,1.45,16.934,16.655,0.170,0.790,0.122,g
2459534.69188,2021-11-16.1923125,bl,1.52,16.310,>16.310,99.990,1.041,0.217,g
2459534.69314,2021-11-16.1935645,bl,1.51,16.286,>16.286,99.990,0.687,0.222,g
2459534.72158,2021-11-16.2220126,bl,1.47,16.309,>16.309,99.990,0.465,0.217,g
2459534.72282,2021-11-16.2232532,bl,1.54,16.162,>16.162,99.990,0.571,0.249,g
2459534.72406,2021-11-16.2244936,bl,1.57,16.236,>16.236,99.990,0.982,0.233,g
2459534.73674,2021-11-16.2371768,bl,1.54,16.162,>16.162,99.990,0.871,0.249,g
2459534.73798,2021-11-16.2384093,bl,1.49,16.238,16.200,0.212,1.203,0.232,g
2459534.73924,2021-11-16.2396605,bl,1.55,16.151,>16.151,99.990,0.352,0.252,g
2459535.70629,2021-11-17.2067233,bH,1.43,16.253,>16.253,99.990,0.891,0.229,g
2459535.70758,2021-11-17.2080214,bH,1.45,16.196,>16.196,99.990,0.971,0.241,g
2459535.70889,2021-11-17.2093318,bH,1.44,16.334,>16.334,99.990,0.808,0.212,g
2459536.76604,2021-11-18.2664915,bl,1.53,16.032,>16.032,99.990,0.256,0.281,g
2459536.76729,2021-11-18.2677453,bl,1.48,15.983,>15.983,99.990,0.885,0.294,g
2459536.76853,2021-11-18.2689850,bl,1.48,16.006,>16.006,99.990,0.688,0.287,g
2459536.78506,2021-11-18.2855122,bl,1.58,16.038,>16.038,99.990,0.336,0.279,g
2459536.78631,2021-11-18.2867589,bl,1.46,16.067,>16.067,99.990,1.249,0.272,g
2459536.78754,2021-11-18.2879962,bl,1.55,16.071,16.043,0.214,1.391,0.271,g
2459537.72593,2021-11-19.2263849,bl,1.61,15.715,>15.715,99.990,0.304,0.376,g
2459537.72717,2021-11-19.2276326,bl,1.53,15.663,>15.663,99.990,0.974,0.394,g
2459537.72842,2021-11-19.2288799,bl,1.53,15.716,>15.716,99.990,0.608,0.376,g
2459537.76998,2021-11-19.2704364,bH,1.48,15.870,>15.870,99.990,-0.162,0.326,g
2459537.77128,2021-11-19.2717342,bH,1.53,15.858,>15.858,99.990,0.709,0.329,g
2459537.77258,2021-11-19.2730327,bH,1.48,15.938,>15.938,99.990,0.437,0.306,g
2459538.69086,2021-11-20.1913189,bH,1.52,15.956,>15.956,99.990,1.459,0.301,g
2459538.69213,2021-11-20.1926031,bH,1.5,15.989,>15.989,99.990,1.442,0.292,g
2459538.69639,2021-11-20.1968565,bH,1.68,16.027,>16.027,99.990,-0.077,0.282,g
2459539.73898,2021-11-21.2394526,bH,1.45,16.070,>16.070,99.990,0.652,0.271,g
2459539.74027,2021-11-21.2407511,bH,1.42,16.188,>16.188,99.990,0.754,0.243,g
2459539.74156,2021-11-21.2420339,bH,1.43,16.255,16.233,0.215,1.166,0.229,g
2459541.58430,2021-11-23.0847903,bl,1.67,15.857,>15.857,99.990,1.001,0.330,g
2459541.58555,2021-11-23.0860393,bl,1.65,15.529,>15.529,99.990,0.940,0.446,g
2459541.58680,2021-11-23.0872964,bl,1.74,15.800,>15.800,99.990,0.864,0.348,g
2459541.63391,2021-11-23.1344098,bl,1.56,14.744,>14.744,99.990,-1.033,0.919,g
2459541.63516,2021-11-23.1356542,bl,1.5,15.108,>15.108,99.990,2.263,0.658,g
2459541.63640,2021-11-23.1368959,bl,1.62,15.469,>15.469,99.990,-0.272,0.472,g
2459541.67570,2021-11-23.1761949,bl,1.59,15.605,>15.605,99.990,0.962,0.416,g
2459541.67695,2021-11-23.1774384,bl,1.51,16.254,>16.254,99.990,0.809,0.229,g
2459541.67819,2021-11-23.1786799,bl,1.58,16.032,>16.032,99.990,0.697,0.281,g
2459541.70633,2021-11-23.2068295,bl,1.58,15.442,>15.442,99.990,1.020,0.484,g
2459541.70758,2021-11-23.2080703,bl,1.69,15.432,>15.432,99.990,0.599,0.488,g
2459541.70882,2021-11-23.2093178,bl,1.56,15.378,>15.378,99.990,-0.237,0.513,g
2459542.56633,2021-11-24.0668289,bl,1.6,16.916,>16.916,99.990,0.607,0.124,g
2459542.56756,2021-11-24.0680674,bl,1.56,17.049,>17.049,99.990,0.517,0.110,g
2459542.56881,2021-11-24.0693115,bl,1.56,16.952,16.728,0.178,0.740,0.120,g
2459543.56324,2021-11-25.0637556,bH,1.77,17.173,16.675,0.138,0.776,0.098,g
2459543.56453,2021-11-25.0650385,bH,1.74,17.042,16.538,0.138,0.880,0.111,g
2459543.56583,2021-11-25.0663364,bH,1.77,17.143,16.620,0.135,0.817,0.101,g
2459547.72420,2021-11-29.2247428,bH,1.41,17.195,16.932,0.172,0.613,0.096,g
2459547.72550,2021-11-29.2260399,bH,1.43,17.231,16.695,0.134,0.762,0.093,g
2459547.72677,2021-11-29.2273233,bH,1.4,17.158,16.476,0.117,0.932,0.100,g
2459547.76539,2021-11-29.2659460,bH,1.42,17.138,16.863,0.170,0.653,0.101,g
2459547.76669,2021-11-29.2672429,bH,1.44,17.182,16.658,0.135,0.789,0.097,g
2459547.76799,2021-11-29.2685401,bH,1.4,17.165,16.622,0.133,0.815,0.099,g
2459548.81567,2021-11-30.3162322,bH,1.45,17.161,16.496,0.119,0.915,0.099,g
2459548.81697,2021-11-30.3175277,bH,1.44,17.033,16.866,0.188,0.651,0.112,g
2459548.81826,2021-11-30.3188163,bH,1.5,17.096,16.719,0.155,0.746,0.105,g
2459550.58268,2021-12-02.0832435,bl,1.58,16.806,16.477,0.162,0.932,0.138,g
2459550.58395,2021-12-02.0845086,bl,1.57,16.946,16.584,0.157,0.844,0.121,g
2459550.58519,2021-12-02.0857586,bl,1.55,16.911,16.736,0.186,0.734,0.125,g
2459555.58666,2021-12-07.0872622,bH,1.43,17.004,16.843,0.189,0.665,0.115,g
2459555.58794,2021-12-07.0885469,bH,1.42,16.987,16.667,0.163,0.782,0.117,g
2459555.58923,2021-12-07.0898414,bH,1.42,17.133,16.994,0.193,0.579,0.102,g
2459556.84122,2021-12-08.3418303,bH,1.41,17.123,16.759,0.157,0.718,0.103,g
2459556.84252,2021-12-08.3431327,bH,1.43,16.963,16.770,0.183,0.711,0.119,g
2459556.84383,2021-12-08.3444423,bH,1.42,16.970,16.901,0.205,0.631,0.118,g
2459558.57435,2021-12-10.0749694,bH,1.42,16.929,16.576,0.158,0.851,0.123,g
2459558.57565,2021-12-10.0762645,bH,1.44,16.955,16.911,0.210,0.625,0.120,g
2459558.57695,2021-12-10.0775670,bH,1.45,16.919,16.567,0.158,0.858,0.124,g
2459559.65233,2021-12-11.1529519,bl,1.50,16.623,16.536,0.202,0.882,0.163,g
2459559.65356,2021-12-11.1541871,bl,1.55,16.549,16.186,0.157,1.219,0.174,g
2459559.65481,2021-12-11.1554417,bl,1.52,16.774,>16.774,99.990,0.698,0.142,g
2459560.67266,2021-12-12.1733005,bl,1.53,16.621,16.329,0.168,1.067,0.163,g
2459560.67392,2021-12-12.1745517,bl,1.49,16.617,16.186,0.147,1.218,0.164,g
2459560.67517,2021-12-12.1758101,bl,1.56,16.634,16.365,0.171,1.033,0.161,g
2459562.64279,2021-12-14.1434375,bl,1.49,16.305,>16.305,99.990,0.782,0.218,g
2459562.64404,2021-12-14.1446819,bl,1.50,16.269,>16.269,99.990,0.501,0.226,g
2459562.64528,2021-12-14.1459262,bl,1.52,16.381,>16.381,99.990,0.766,0.204,g
2459562.66196,2021-12-14.1626130,bH,1.46,16.617,>16.617,99.990,0.554,0.164,g
2459562.66325,2021-12-14.1639053,bH,1.4,16.575,>16.575,99.990,0.478,0.170,g
2459562.66457,2021-12-14.1652179,bH,1.45,16.516,>16.516,99.990,0.840,0.180,g
2459563.63171,2021-12-15.1323570,bl,1.66,16.318,16.248,0.206,1.151,0.216,g
2459563.63297,2021-12-15.1336248,bl,1.62,16.383,>16.383,99.990,0.386,0.203,g
2459563.63421,2021-12-15.1348629,bl,1.61,16.215,>16.215,99.990,0.932,0.237,g
2459564.63547,2021-12-16.1361236,bl,1.46,16.277,>16.277,99.990,0.577,0.224,g
2459564.63671,2021-12-16.1373652,bl,1.49,16.296,16.245,0.209,1.154,0.220,g
2459564.63795,2021-12-16.1386059,bl,1.44,16.189,>16.189,99.990,0.554,0.243,g
2459564.65369,2021-12-16.1543489,bH,1.43,16.310,16.136,0.187,1.276,0.217,g
2459564.65498,2021-12-16.1556359,bH,1.41,16.359,>16.359,99.990,0.910,0.208,g
2459564.65628,2021-12-16.1569348,bH,1.44,16.409,>16.409,99.990,0.806,0.198,g
2459565.59439,2021-12-17.0950493,bH,1.5,16.319,>16.319,99.990,0.774,0.216,g
2459565.59568,2021-12-17.0963462,bH,1.49,16.242,>16.242,99.990,0.852,0.231,g
2459565.59698,2021-12-17.0976384,bH,1.5,16.191,>16.191,99.990,0.967,0.242,g
2459565.62135,2021-12-17.1220174,bl,1.55,16.150,>16.150,99.990,1.026,0.252,g
2459565.62259,2021-12-17.1232584,bl,1.60,15.967,>15.967,99.990,1.111,0.298,g
2459565.62385,2021-12-17.1245062,bl,1.63,16.069,>16.069,99.990,1.200,0.271,g
2459566.62406,2021-12-18.1247253,bl,1.5,15.949,>15.949,99.990,0.892,0.303,g
2459566.62531,2021-12-18.1259726,bl,1.57,15.884,>15.884,99.990,0.360,0.322,g
2459566.62656,2021-12-18.1272322,bl,1.48,16.101,>16.101,99.990,0.523,0.263,g
2459570.75270,2021-12-22.2533893,bl,1.49,16.248,16.081,0.188,1.342,0.230,g
2459570.75397,2021-12-22.2546487,bl,1.47,16.229,>16.229,99.990,0.689,0.234,g
2459570.75521,2021-12-22.2558848,bl,1.52,16.288,>16.288,99.990,0.799,0.222,g
2459572.58977,2021-12-24.0904586,bl,1.52,16.928,16.283,0.121,1.114,0.123,g
2459572.59101,2021-12-24.0917026,bl,1.49,16.840,16.439,0.151,0.965,0.133,g
2459572.59227,2021-12-24.0929561,bl,1.49,17.169,16.766,0.151,0.713,0.098,g
2459572.61277,2021-12-24.1134641,bl,1.46,17.030,16.826,0.182,0.676,0.112,g
2459572.61402,2021-12-24.1147173,bl,1.45,16.956,16.471,0.140,0.937,0.120,g
2459572.61526,2021-12-24.1159589,bl,1.51,17.032,16.540,0.139,0.879,0.112,g
2459574.37362,2021-12-25.8743153,bp,1.5,17.069,16.334,0.111,1.063,0.108,g
2459574.37486,2021-12-25.8755559,bp,1.53,16.438,>16.438,99.990,0.681,0.193,g
2459574.37611,2021-12-25.8768034,bp,1.58,16.368,>16.368,99.990,0.732,0.206,g
2459578.69025,2021-12-30.1909480,bl,1.6,16.822,16.480,0.160,0.929,0.136,g
2459578.69149,2021-12-30.1921896,bl,1.59,17.047,16.496,0.132,0.916,0.110,g
2459578.69273,2021-12-30.1934311,bl,1.54,17.001,16.271,0.112,1.127,0.115,g
2459579.69322,2021-12-31.1939271,bH,1.67,17.142,16.758,0.154,0.719,0.101,g
2459579.69452,2021-12-31.1952243,bH,1.62,17.209,16.488,0.113,0.922,0.095,g
2459579.69583,2021-12-31.1965347,bH,1.62,17.153,16.518,0.122,0.897,0.100,g
2459580.71718,2022-01-01.2178869,bl,1.51,16.949,16.791,0.189,0.698,0.121,g
2459580.71844,2022-01-01.2191396,bl,1.51,16.991,16.578,0.150,0.849,0.116,g
2459580.71968,2022-01-01.2203895,bl,1.52,16.884,16.400,0.140,1.001,0.128,g
2459581.77028,2022-01-02.2709949,bl,1.5,17.007,16.766,0.176,0.714,0.114,g
2459581.77153,2022-01-02.2722392,bl,1.49,16.817,16.573,0.175,0.852,0.136,g
2459581.77277,2022-01-02.2734880,bl,1.48,16.913,16.812,0.200,0.684,0.125,g
2459583.59141,2022-01-04.0921224,bl,1.46,17.004,16.769,0.176,0.712,0.115,g
2459583.59265,2022-01-04.0933688,bl,1.46,17.003,16.772,0.177,0.710,0.115,g
2459583.59389,2022-01-04.0946027,bl,1.46,16.835,16.778,0.208,0.706,0.134,g
2459584.55780,2022-01-05.0585045,bl,1.51,16.848,16.064,0.106,1.362,0.132,g
2459584.55905,2022-01-05.0597591,bl,1.5,16.908,16.542,0.156,0.877,0.125,g
2459584.56032,2022-01-05.0610363,bl,1.52,16.836,16.613,0.178,0.822,0.134,g
2459587.32462,2022-01-07.8253325,bp,1.68,16.970,16.687,0.169,0.768,0.118,g
2459587.32590,2022-01-07.8266153,bp,1.63,16.976,16.395,0.128,1.005,0.118,g
2459587.32719,2022-01-07.8279040,bp,1.67,17.116,16.561,0.131,0.862,0.103,g
2459587.53096,2022-01-08.0316645,bl,1.54,15.769,>15.769,99.990,0.481,0.358,g
2459587.53220,2022-01-08.0329159,bl,1.53,15.983,>15.983,99.990,0.837,0.294,g
2459587.53345,2022-01-08.0341636,bl,1.52,16.023,>16.023,99.990,1.126,0.283,g
2459589.53860,2022-01-10.0393120,bl,1.64,16.235,>16.235,99.990,0.887,0.233,g
2459589.53984,2022-01-10.0405491,bl,1.68,16.283,>16.283,99.990,0.561,0.223,g
2459589.54108,2022-01-10.0417950,bl,1.7,16.259,>16.259,99.990,0.596,0.228,g
2459591.38032,2022-01-11.8810251,bp,1.49,16.705,16.406,0.166,0.994,0.151,g
2459591.38156,2022-01-11.8822653,bp,1.51,16.687,>16.687,99.990,0.439,0.154,g
2459591.38296,2022-01-11.8836712,bp,1.52,16.828,>16.828,99.990,0.516,0.135,g
2459591.42046,2022-01-11.9211671,bp,1.53,16.758,>16.758,99.990,0.575,0.144,g
2459591.42184,2022-01-11.9225508,bp,1.56,16.694,>16.694,99.990,0.527,0.153,g
2459591.42324,2022-01-11.9239578,bp,1.63,16.783,16.530,0.174,0.888,0.141,g
2459592.59950,2022-01-13.1002199,bH,1.4,16.379,>16.379,99.990,0.237,0.204,g
2459592.60078,2022-01-13.1014965,bH,1.38,16.409,>16.409,99.990,0.622,0.198,g
2459592.60207,2022-01-13.1027767,bH,1.41,16.641,>16.641,99.990,0.252,0.160,g
2459592.63477,2022-01-13.1354813,bH,1.47,16.449,>16.449,99.990,0.496,0.191,g
2459592.63606,2022-01-13.1367694,bH,1.43,16.357,>16.357,99.990,0.803,0.208,g
2459592.63733,2022-01-13.1380390,bH,1.45,16.453,>16.453,99.990,0.686,0.190,g
2459595.80066,2022-01-16.3013613,bH,1.47,16.139,>16.139,99.990,0.295,0.254,g
2459595.80195,2022-01-16.3026526,bH,1.46,16.158,>16.158,99.990,1.089,0.250,g
2459595.80325,2022-01-16.3039456,bH,1.5,15.976,>15.976,99.990,0.794,0.295,g
2459597.69019,2022-01-18.1908947,bH,1.43,15.753,>15.753,99.990,1.185,0.363,g
2459597.69149,2022-01-18.1921834,bH,1.5,15.820,>15.820,99.990,1.011,0.341,g
2459597.69280,2022-01-18.1934943,bH,1.44,15.797,>15.797,99.990,0.730,0.348,g
2459598.66206,2022-01-19.1627648,bl,1.54,15.881,>15.881,99.990,0.563,0.323,g
2459598.66332,2022-01-19.1640182,bl,1.53,15.970,>15.970,99.990,0.966,0.297,g
2459598.66457,2022-01-19.1652619,bl,1.55,15.934,>15.934,99.990,0.475,0.307,g
2459598.71621,2022-01-19.2169040,bH,1.50,16.111,>16.111,99.990,0.135,0.261,g
2459598.71750,2022-01-19.2182009,bH,1.46,15.995,>15.995,99.990,-0.458,0.290,g
2459598.71880,2022-01-19.2195001,bH,1.44,15.843,>15.843,99.990,1.221,0.334,g
2459599.64390,2022-01-20.1445888,bH,1.50,16.121,>16.121,99.990,0.451,0.259,g
2459599.64520,2022-01-20.1458939,bH,1.40,16.117,>16.117,99.990,0.787,0.260,g
2459599.64650,2022-01-20.1471896,bH,1.52,15.479,>15.479,99.990,0.374,0.467,g
2459600.28998,2022-01-20.7906739,bp,1.58,16.977,16.788,0.184,0.699,0.118,g
2459600.29123,2022-01-20.7919239,bp,1.47,16.925,>16.925,99.990,0.571,0.123,g
2459600.29248,2022-01-20.7931741,bp,1.53,17.010,16.703,0.165,0.757,0.114,g
2459602.53392,2022-01-23.0346067,bp,1.49,16.483,>16.483,99.990,0.170,0.185,g
2459602.53515,2022-01-23.0358357,bp,1.46,16.320,>16.320,99.990,0.501,0.215,g
2459602.53639,2022-01-23.0370763,bp,1.5,16.384,>16.384,99.990,1.011,0.203,g
2459604.52781,2022-01-25.0284958,bp,1.49,16.584,16.422,0.189,0.981,0.169,g
2459604.52904,2022-01-25.0297293,bp,1.5,16.544,>16.544,99.990,0.665,0.175,g
2459604.53027,2022-01-25.0309581,bp,1.5,16.557,>16.557,99.990,0.675,0.173,g
2459609.28230,2022-01-29.7829621,bp,1.58,16.647,16.567,0.204,0.857,0.159,g
2459609.28355,2022-01-29.7842038,bp,1.57,16.701,>16.701,99.990,0.538,0.152,g
2459609.28479,2022-01-29.7854454,bp,1.61,16.799,16.536,0.172,0.882,0.138,g
2459609.69951,2022-01-30.2001633,bH,1.38,17.006,16.609,0.152,0.825,0.114,g
2459609.70081,2022-01-30.2014662,bH,1.43,17.161,17.037,0.196,0.556,0.099,g
2459609.70211,2022-01-30.2027638,bH,1.44,17.129,16.541,0.127,0.879,0.102,g
2459610.68014,2022-01-31.1807952,bl,1.46,16.899,16.850,0.209,0.661,0.126,g
2459610.68138,2022-01-31.1820324,bl,1.44,16.833,16.595,0.176,0.836,0.134,g
2459610.68262,2022-01-31.1832776,bl,1.46,16.880,16.430,0.145,0.973,0.129,g
2459611.66812,2022-02-01.1687677,bl,1.55,16.797,16.483,0.164,0.926,0.139,g
2459611.66937,2022-02-01.1700210,bl,1.58,16.783,16.660,0.196,0.788,0.141,g
2459611.67063,2022-02-01.1712719,bl,1.61,16.336,>16.336,99.990,1.026,0.212,g
2459612.46035,2022-02-01.9609995,bp,2.15,16.553,16.384,0.187,1.015,0.174,g
2459612.66556,2022-02-02.1661990,bl,1.54,16.877,16.456,0.149,0.949,0.129,g
2459612.66681,2022-02-02.1674502,bl,1.49,16.925,>16.925,99.990,0.566,0.123,g
2459613.72220,2022-02-03.2228428,bH,1.7,16.864,16.322,0.133,1.075,0.131,g
2459613.72351,2022-02-03.2241460,bH,1.67,17.049,16.706,0.160,0.754,0.110,g
2459613.72479,2022-02-03.2254297,bH,1.71,16.956,16.096,0.099,1.323,0.120,g
2459614.71775,2022-02-04.2183799,bH,1.41,16.956,16.759,0.183,0.718,0.120,g
2459614.71904,2022-02-04.2196724,bH,1.46,16.991,16.935,0.208,0.611,0.116,g
2459614.72034,2022-02-04.2209761,bH,1.45,16.938,>16.938,99.990,0.435,0.122,g
2459616.59261,2022-02-06.0932393,bl,1.53,16.862,16.330,0.134,1.067,0.131,g
2459616.59387,2022-02-06.0944846,bl,1.58,16.730,>16.730,99.990,0.683,0.148,g
2459616.59511,2022-02-06.0957243,bl,1.57,16.829,16.611,0.179,0.824,0.135,g
2459616.61538,2022-02-06.1160019,bH,1.43,17.168,16.806,0.157,0.688,0.099,g
2459616.61668,2022-02-06.1172983,bH,1.43,17.089,16.706,0.154,0.755,0.106,g
2459616.61798,2022-02-06.1186045,bH,1.48,17.117,16.585,0.134,0.843,0.103,g
2459619.32276,2022-02-08.8233703,bp,1.51,16.927,16.832,0.201,0.672,0.123,g
2459619.32406,2022-02-08.8246613,bp,1.53,17.084,>17.084,99.990,0.369,0.107,g
2459619.32530,2022-02-08.8259068,bp,1.52,16.682,16.534,0.191,0.884,0.154,g
2459619.53486,2022-02-09.0354555,bl,1.68,16.770,>16.770,99.990,0.707,0.142,g
2459619.53610,2022-02-09.0367042,bl,1.7,16.652,>16.652,99.990,0.767,0.159,g
2459619.53734,2022-02-09.0379461,bl,1.64,16.648,16.197,0.145,1.206,0.159,g
2459620.53450,2022-02-10.0350968,bl,1.43,16.439,16.412,0.214,0.989,0.193,g
2459620.53574,2022-02-10.0363431,bl,1.47,16.449,>16.449,99.990,0.444,0.191,g
2459620.53698,2022-02-10.0375790,bl,1.47,16.441,16.355,0.202,1.042,0.193,g
2459621.56756,2022-02-11.0681585,bH,1.52,16.673,>16.673,99.990,0.472,0.156,g
2459621.56885,2022-02-11.0694438,bH,1.51,16.673,>16.673,99.990,0.442,0.156,g
2459621.57016,2022-02-11.0707452,bH,1.49,16.672,16.668,0.219,0.781,0.156,g
2459627.39568,2022-02-16.8962314,bp,1.6,16.015,>16.015,99.990,-0.579,0.285,g
2459627.39692,2022-02-16.8974675,bp,1.57,16.013,>16.013,99.990,0.583,0.286,g
2459627.39816,2022-02-16.8987067,bp,1.6,15.872,>15.872,99.990,0.587,0.325,g
2459628.71234,2022-02-18.2128755,bH,1.51,16.020,>16.020,99.990,0.071,0.284,g
2459628.71363,2022-02-18.2141680,bH,1.45,15.915,>15.915,99.990,0.497,0.313,g
2459628.71493,2022-02-18.2154652,bH,1.49,15.772,>15.772,99.990,0.142,0.357,g
2459629.59581,2022-02-19.0963274,bH,1.41,16.445,>16.445,99.990,0.303,0.192,g
2459629.59710,2022-02-19.0976221,bH,1.43,16.442,>16.442,99.990,0.488,0.192,g
2459629.59840,2022-02-19.0989218,bH,1.48,16.343,>16.343,99.990,0.832,0.211,g
2459629.66087,2022-02-19.1613953,bl,1.47,16.085,>16.085,99.990,0.700,0.267,g
2459629.66211,2022-02-19.1626336,bl,1.51,16.323,>16.323,99.990,0.357,0.215,g
2459629.66336,2022-02-19.1638883,bl,1.48,16.005,>16.005,99.990,0.923,0.288,g
2459630.57694,2022-02-20.0774589,bH,1.47,16.679,16.623,0.208,0.814,0.155,g
2459630.57824,2022-02-20.0787489,bH,1.5,16.647,16.555,0.201,0.867,0.159,g
2459630.57952,2022-02-20.0800379,bH,1.5,16.680,>16.680,99.990,0.736,0.155,g
2459630.60075,2022-02-20.1012574,bH,1.45,16.593,>16.593,99.990,0.715,0.167,g
2459630.60204,2022-02-20.1025560,bH,1.39,16.615,>16.615,99.990,0.781,0.164,g
2459630.60333,2022-02-20.1038437,bH,1.42,16.509,>16.509,99.990,0.812,0.181,g
2459631.60189,2022-02-21.1024011,bl,1.51,16.635,16.555,0.204,0.867,0.161,g
2459631.60313,2022-02-21.1036418,bl,1.45,16.616,>16.616,99.990,0.541,0.164,g
2459631.60437,2022-02-21.1048848,bl,1.46,16.517,>16.517,99.990,0.523,0.180,g
2459634.45942,2022-02-23.9598980,bp,1.52,16.831,>16.831,99.990,0.637,0.135,g
2459634.64961,2022-02-24.1500916,bH,1.41,17.102,16.786,0.164,0.701,0.105,g
2459634.65091,2022-02-24.1513924,bH,1.39,17.130,16.767,0.157,0.713,0.102,g
2459634.65220,2022-02-24.1526766,bH,1.4,17.061,16.857,0.182,0.656,0.109,g
2459635.70162,2022-02-25.2020973,bH,1.47,17.075,16.795,0.169,0.695,0.107,g
2459635.70292,2022-02-25.2033958,bH,1.48,17.058,16.613,0.145,0.822,0.109,g
2459636.69863,2022-02-26.1990906,bH,1.45,17.033,16.582,0.145,0.846,0.112,g
2459636.69991,2022-02-26.2003725,bH,1.43,17.032,16.556,0.141,0.866,0.112,g
2459638.30340,2022-02-27.8038472,bp,1.51,17.265,17.052,0.180,0.549,0.090,g
2459638.30465,2022-02-27.8051033,bp,1.51,17.145,16.464,0.117,0.943,0.101,g
2459638.30589,2022-02-27.8063392,bp,1.52,17.247,16.520,0.112,0.896,0.092,g
2459638.54158,2022-02-28.0420315,bl,1.61,16.906,16.859,0.210,0.655,0.126,g
2459638.54282,2022-02-28.0432724,bl,1.63,16.920,16.672,0.174,0.779,0.124,g
2459638.54406,2022-02-28.0445141,bl,1.62,16.947,16.652,0.167,0.793,0.121,g
2459639.61015,2022-03-01.1105789,bl,1.56,16.882,16.592,0.168,0.838,0.128,g
2459639.61138,2022-03-01.1118070,bl,1.5,16.812,16.789,0.214,0.699,0.137,g
2459639.61262,2022-03-01.1130557,bl,1.53,16.942,16.632,0.165,0.807,0.121,g
2459643.41855,2022-03-04.9189464,bp,1.57,16.962,16.388,0.129,1.011,0.119,g
2459643.41980,2022-03-04.9201987,bp,1.64,17.067,16.731,0.161,0.737,0.108,g
2459643.42104,2022-03-04.9214361,bp,1.66,17.132,16.382,0.110,1.017,0.102,g
2459645.34381,2022-03-06.8441895,bp,1.72,99.990,99.990,99.990,99.990,99.990,g
2459645.56028,2022-03-07.0606532,bl,1.47,17.212,17.198,0.216,0.480,0.095,g
2459645.56152,2022-03-07.0618936,bl,1.5,17.219,16.736,0.140,0.734,0.094,g
2459645.56276,2022-03-07.0631368,bl,1.5,17.081,16.491,0.127,0.920,0.107,g
2459646.59040,2022-03-08.0907603,bl,1.51,17.051,16.688,0.157,0.767,0.110,g
2459646.59164,2022-03-08.0920033,bl,1.5,17.285,17.009,0.170,0.571,0.089,g
2459646.59287,2022-03-08.0932347,bl,1.51,17.241,16.506,0.111,0.908,0.092,g
2459647.64132,2022-03-09.1416694,bH,1.55,17.269,16.841,0.148,0.666,0.090,g
2459647.64262,2022-03-09.1429674,bH,1.55,17.273,16.381,0.096,1.017,0.090,g
2459647.64393,2022-03-09.1442760,bH,1.57,17.296,16.385,0.095,1.014,0.088,g
2459648.59990,2022-03-10.1002449,bl,1.44,16.998,16.750,0.174,0.724,0.115,g
2459648.60114,2022-03-10.1014878,bl,1.47,16.876,16.651,0.178,0.793,0.129,g
2459648.63389,2022-03-10.1342263,bH,1.46,17.327,16.752,0.129,0.723,0.085,g
2459648.63520,2022-03-10.1355303,bH,1.50,17.166,16.880,0.168,0.642,0.099,g
2459648.63648,2022-03-10.1368179,bH,1.43,17.365,16.838,0.135,0.668,0.082,g
2459649.58372,2022-03-11.0840494,bl,1.49,16.799,16.491,0.165,0.919,0.139,g
2459649.58496,2022-03-11.0852945,bl,1.44,16.804,16.755,0.209,0.721,0.138,g
2459649.58621,2022-03-11.0865421,bl,1.47,16.863,16.537,0.162,0.882,0.131,g
2459649.64504,2022-03-11.1453689,bH,1.41,17.116,17.100,0.216,0.525,0.103,g
2459649.64633,2022-03-11.1466579,bH,1.42,17.219,17.022,0.183,0.564,0.094,g
2459649.64763,2022-03-11.1479532,bH,1.42,17.030,16.547,0.140,0.873,0.112,g
2459650.64134,2022-03-12.1416594,bl,1.45,16.654,16.586,0.206,0.842,0.158,g
2459650.64258,2022-03-12.1429015,bl,1.46,16.684,16.661,0.215,0.786,0.154,g
2459650.64383,2022-03-12.1441502,bl,2.02,16.534,>16.534,99.990,0.453,0.177,g
2459651.59958,2022-03-13.0998934,bH,1.45,16.820,>16.820,99.990,0.327,0.136,g
2459651.60088,2022-03-13.1011864,bH,1.45,16.719,16.654,0.206,0.791,0.149,g
2459651.60217,2022-03-13.1024781,bH,1.47,16.740,>16.740,99.990,0.602,0.146,g
2459652.59340,2022-03-14.0936987,bl,1.54,16.452,16.370,0.203,1.027,0.191,g
2459652.59466,2022-03-14.0949532,bl,1.55,16.271,>16.271,99.990,0.735,0.225,g
2459652.59590,2022-03-14.0961997,bl,1.57,16.393,>16.393,99.990,0.965,0.201,g
2459652.62019,2022-03-14.1204781,bl,1.57,16.297,>16.297,99.990,1.049,0.220,g
2459652.62143,2022-03-14.1217210,bl,1.53,16.353,>16.353,99.990,0.423,0.209,g
2459652.62266,2022-03-14.1229498,bl,1.49,16.401,>16.401,99.990,0.145,0.200,g
2459653.61305,2022-03-15.1133313,bH,1.47,16.427,>16.427,99.990,0.855,0.195,g
2459653.61434,2022-03-15.1146202,bH,1.38,16.346,>16.346,99.990,1.004,0.210,g
2459653.61564,2022-03-15.1159188,bH,1.49,16.390,>16.390,99.990,0.636,0.202,g
2459656.39943,2022-03-17.8996865,bp,1.54,15.822,>15.822,99.990,0.625,0.341,g
2459658.63548,2022-03-20.1357082,bH,1.48,16.062,>16.062,99.990,-0.924,0.273,g
2459658.63676,2022-03-20.1369916,bH,1.47,15.786,>15.786,99.990,0.718,0.352,g
2459658.63807,2022-03-20.1382966,bH,1.41,16.048,>16.048,99.990,0.815,0.277,g
2459659.61763,2022-03-21.1178446,bl,1.47,16.254,>16.254,99.990,0.503,0.229,g
2459659.61887,2022-03-21.1190873,bl,1.53,16.329,>16.329,99.990,1.022,0.214,g
2459660.63309,2022-03-22.1332994,bH,1.45,16.308,>16.308,99.990,0.875,0.218,g
2459660.63439,2022-03-22.1345965,bH,1.51,16.396,>16.396,99.990,0.915,0.201,g
2459666.57271,2022-03-28.0728513,bl,1.58,17.219,16.945,0.170,0.605,0.094,g
2459666.57397,2022-03-28.0741026,bl,1.58,17.112,16.693,0.149,0.763,0.104,g
2459666.57522,2022-03-28.0753562,bl,1.6,17.091,16.566,0.135,0.858,0.106,g
2459668.61319,2022-03-30.1132982,bH,1.59,17.247,16.502,0.110,0.910,0.092,g
2459669.59215,2022-03-31.0922546,bH,1.46,17.233,16.714,0.136,0.748,0.093,g
2459669.59345,2022-03-31.0935461,bH,1.47,17.190,16.486,0.114,0.924,0.097,g
2459669.59474,2022-03-31.0948324,bH,1.47,17.226,16.665,0.131,0.783,0.094,g
2459670.51814,2022-04-01.0182221,bH,1.48,17.307,16.863,0.146,0.652,0.087,g
2459670.51945,2022-04-01.0195291,bH,1.50,17.308,16.845,0.143,0.663,0.087,g
2459670.52076,2022-04-01.0208341,bH,1.48,17.295,16.622,0.118,0.815,0.088,g
2459670.52171,2022-04-01.0217936,bl,1.47,17.061,16.673,0.153,0.778,0.109,g
2459670.52296,2022-04-01.0230400,bl,1.47,17.152,16.691,0.143,0.765,0.100,g
2459670.52419,2022-04-01.0242745,bl,1.51,17.276,16.884,0.153,0.640,0.089,g
2459671.48959,2022-04-01.9896629,bl,1.64,17.089,16.854,0.176,0.658,0.106,g
2459671.49083,2022-04-01.9909038,bl,1.6,17.030,16.453,0.129,0.953,0.112,g
2459671.49208,2022-04-01.9921571,bl,1.66,17.059,16.522,0.134,0.894,0.109,g
2459673.34742,2022-04-03.8474651,bp,1.53,17.043,16.743,0.166,0.729,0.111,g
2459673.34866,2022-04-03.8487079,bp,1.53,17.091,>17.091,99.990,0.347,0.106,g
2459673.34990,2022-04-03.8499464,bp,1.53,17.059,16.581,0.141,0.847,0.109,g
2459677.22243,2022-04-07.7224357,bp,1.68,16.440,16.293,0.192,1.104,0.193,g
2459677.22371,2022-04-07.7237030,bp,1.7,16.512,>16.512,99.990,0.763,0.180,g
2459677.22498,2022-04-07.7249797,bp,1.72,16.608,16.347,0.172,1.050,0.165,g
2459678.53557,2022-04-09.0355476,bH,2.14,16.967,16.474,0.139,0.934,0.119,g
2459678.53687,2022-04-09.0368449,bH,2.13,17.034,16.424,0.125,0.978,0.112,g
2459678.53819,2022-04-09.0381700,bH,2.14,16.958,16.571,0.153,0.854,0.120,g
2459679.57399,2022-04-10.0739564,bH,1.41,17.080,16.741,0.160,0.731,0.107,g
2459679.57528,2022-04-10.0752537,bH,1.42,16.955,16.947,0.218,0.604,0.120,g
2459679.57659,2022-04-10.0765535,bH,1.44,16.967,>16.967,99.990,0.509,0.119,g
2459680.51250,2022-04-11.0124535,bl,1.47,16.662,>16.662,99.990,0.471,0.157,g
2459680.51374,2022-04-11.0136960,bl,1.44,16.677,16.589,0.202,0.840,0.155,g
2459680.51499,2022-04-11.0149460,bl,1.47,16.726,16.701,0.214,0.758,0.148,g
2459682.57498,2022-04-13.0749082,bH,1.46,16.417,>16.417,99.990,0.886,0.197,g
2459684.55941,2022-04-15.0593240,bH,1.46,15.964,>15.964,99.990,0.909,0.299,g
2459684.56071,2022-04-15.0606260,bH,1.52,16.032,>16.032,99.990,1.072,0.281,g
2459684.56201,2022-04-15.0619215,bH,1.45,16.002,>16.002,99.990,0.870,0.289,g
2459685.56664,2022-04-16.0665353,bH,1.96,15.598,>15.598,99.990,-0.053,0.419,g
2459687.56154,2022-04-18.0614151,bH,2.35,15.574,>15.574,99.990,0.351,0.428,g
2459688.55236,2022-04-19.0522241,bH,1.46,16.494,16.095,0.152,1.324,0.184,g
2459688.55366,2022-04-19.0535230,bH,1.41,16.333,>16.333,99.990,0.752,0.213,g
2459688.55495,2022-04-19.0548114,bH,1.49,16.306,>16.306,99.990,0.636,0.218,g
2459691.49267,2022-04-21.9924994,bl,1.53,17.132,16.769,0.157,0.712,0.102,g
2459691.49391,2022-04-21.9937391,bl,1.52,17.147,16.560,0.127,0.864,0.101,g
2459691.49515,2022-04-21.9949790,bl,1.43,17.251,16.650,0.126,0.794,0.091,g
2459692.54633,2022-04-23.0461502,bH,1.45,17.318,16.634,0.117,0.806,0.086,g
2459692.54762,2022-04-23.0474402,bH,1.35,17.272,16.979,0.167,0.587,0.090,g
2459693.54513,2022-04-24.0449343,bH,1.4,17.310,16.983,0.162,0.585,0.087,g
2459694.53929,2022-04-25.0390788,bH,1.48,17.246,16.442,0.104,0.962,0.092,g
2459694.54058,2022-04-25.0403737,bH,1.46,17.263,16.426,0.101,0.977,0.090,g
2459694.54187,2022-04-25.0416641,bH,1.47,17.179,16.210,0.090,1.191,0.098,g
2459698.52968,2022-04-29.0294312,bH,1.39,17.276,16.893,0.154,0.635,0.089,g
2459698.53098,2022-04-29.0307288,bH,1.42,17.200,16.803,0.152,0.690,0.096,g
2459699.51841,2022-04-30.0181473,bH,1.45,17.325,16.698,0.123,0.760,0.085,g
2459699.51971,2022-04-30.0194392,bH,1.37,17.413,16.851,0.131,0.660,0.079,g
2459699.52100,2022-04-30.0207285,bH,1.41,17.271,16.877,0.152,0.644,0.090,g
2459702.51873,2022-05-03.0184273,bH,1.45,17.273,16.474,0.105,0.934,0.090,g
2459702.52004,2022-05-03.0197306,bH,1.48,17.348,16.550,0.105,0.871,0.084,g
2459703.23814,2022-05-03.7378256,bp,1.51,17.060,16.696,0.157,0.762,0.109,g
2459703.23937,2022-05-03.7390567,bp,1.5,16.983,16.888,0.201,0.638,0.117,g
2459703.24060,2022-05-03.7402866,bp,1.49,17.119,16.778,0.160,0.706,0.103,g
2459704.50900,2022-05-05.0086769,bH,1.4,17.155,16.685,0.142,0.769,0.100,g
2459704.51030,2022-05-05.0099734,bH,1.44,17.246,16.659,0.127,0.788,0.092,g
2459704.51159,2022-05-05.0112638,bH,1.42,17.238,16.622,0.124,0.815,0.092,g
2459706.47009,2022-05-06.9697453,bl,1.54,16.999,16.782,0.179,0.704,0.115,g
2459706.47134,2022-05-06.9709929,bl,1.57,16.946,>16.946,99.990,0.556,0.121,g
2459706.47257,2022-05-06.9722274,bl,1.47,16.821,16.731,0.202,0.737,0.136,g
2459709.47599,2022-05-09.9756092,bl,1.45,15.916,>15.916,99.990,0.775,0.312,g
2459709.47722,2022-05-09.9768438,bl,1.47,15.786,>15.786,99.990,0.712,0.352,g
2459709.47847,2022-05-09.9780868,bl,1.54,15.758,>15.758,99.990,0.536,0.361,g
2459711.23399,2022-05-11.7335934,bp,1.49,16.322,>16.322,99.990,0.886,0.215,g
2459711.23523,2022-05-11.7348353,bp,1.49,16.442,>16.442,99.990,0.640,0.193,g
2459711.23647,2022-05-11.7360712,bp,1.55,16.392,>16.392,99.990,0.592,0.201,g
2459713.48451,2022-05-13.9840887,bH,1.36,16.152,16.028,0.196,1.409,0.251,g
2459713.48582,2022-05-13.9853993,bH,1.48,16.094,>16.094,99.990,0.378,0.265,g
2459713.48712,2022-05-13.9866994,bH,1.44,16.155,>16.155,99.990,1.200,0.251,g
2459715.23253,2022-05-15.7320960,bp,1.61,15.586,>15.586,99.990,0.624,0.423,g
2459715.23379,2022-05-15.7333520,bp,1.61,15.665,>15.665,99.990,1.714,0.394,g
2459715.23505,2022-05-15.7346209,bp,1.61,15.637,>15.637,99.990,-0.481,0.404,g
2459716.47128,2022-05-16.9708328,bH,2.0,16.175,16.012,0.189,1.430,0.246,g
2459716.47258,2022-05-16.9721363,bH,2.01,16.264,>16.264,99.990,-0.314,0.227,g
2459716.47389,2022-05-16.9734432,bH,1.87,16.129,>16.129,99.990,0.693,0.257,g
2459718.46819,2022-05-18.9677287,bH,1.42,16.014,>16.014,99.990,0.719,0.285,g
2459718.46949,2022-05-18.9690274,bH,1.48,15.385,>15.385,99.990,-0.615,0.509,g
2459718.47080,2022-05-18.9703267,bH,1.44,15.020,>15.020,99.990,1.589,0.713,g
2459719.46711,2022-05-19.9666364,bH,1.52,17.244,16.676,0.130,0.776,0.092,g
2459719.46842,2022-05-19.9679423,bH,1.59,17.236,16.449,0.106,0.956,0.093,g
2459719.46971,2022-05-19.9692327,bH,1.57,17.329,16.646,0.117,0.798,0.085,g
2459723.21247,2022-05-23.7119585,bp,1.6,16.546,>16.546,99.990,0.754,0.175,g
2459723.21371,2022-05-23.7132003,bp,1.52,16.749,>16.749,99.990,0.673,0.145,g
2459723.21504,2022-05-23.7145298,bp,1.53,16.508,>16.508,99.990,0.890,0.181,g
2459724.20770,2022-05-24.7071849,bp,1.53,17.019,16.985,0.212,0.583,0.113,g
2459724.20895,2022-05-24.7084361,bp,1.56,16.938,>16.938,99.990,0.600,0.122,g
2459724.21018,2022-05-24.7096684,bp,1.6,16.889,16.677,0.180,0.775,0.127,g
2459725.45631,2022-05-25.9557836,bH,2.21,16.944,16.374,0.130,1.025,0.121,g
2459725.45761,2022-05-25.9570790,bH,2.15,16.995,16.331,0.119,1.066,0.116,g
2459726.45194,2022-05-26.9513978,bH,1.52,16.497,>16.497,99.990,0.498,0.183,g
2459726.45325,2022-05-26.9527098,bH,1.44,16.687,>16.687,99.990,0.682,0.154,g
2459726.45455,2022-05-26.9540079,bH,1.48,16.892,16.643,0.174,0.800,0.127,g
2459728.19841,2022-05-28.6978601,bp,1.62,14.786,>14.786,99.990,1.162,0.885,g
2459728.19972,2022-05-28.6991664,bp,1.6,16.745,16.608,0.193,0.825,0.146,g
2459728.20100,2022-05-28.7004563,bp,1.55,16.594,>16.594,99.990,0.487,0.167,g
2459730.19057,2022-05-30.6900077,bp,2.05,15.782,>15.782,99.990,0.224,0.353,g
2459730.19180,2022-05-30.6912376,bp,2.01,16.074,>16.074,99.990,0.432,0.270,g
2459730.19304,2022-05-30.6924711,bp,2.03,16.091,>16.091,99.990,1.151,0.266,g
2459731.19037,2022-05-31.6897964,bp,2.12,15.714,>15.714,99.990,0.521,0.376,g
2459731.19161,2022-05-31.6910312,bp,2.11,15.867,>15.867,99.990,1.122,0.327,g
2459731.19284,2022-05-31.6922672,bp,2.10,16.161,>16.161,99.990,0.702,0.249,g
2459772.93495,2022-07-12.4342260,bH,1.47,16.959,16.513,0.145,0.901,0.120,g
2459772.93625,2022-07-12.4355245,bH,1.39,16.859,>16.859,99.990,0.583,0.131,g
2459772.93755,2022-07-12.4368226,bH,1.45,17.006,16.332,0.118,1.064,0.114,g
2459782.66847,2022-07-22.1677666,bp,1.59,16.922,16.679,0.175,0.773,0.124,g
2459782.66977,2022-07-22.1690589,bp,1.62,16.736,16.543,0.183,0.876,0.147,g
2459782.67119,2022-07-22.1704753,bp,1.61,16.839,>16.839,99.990,0.642,0.133,g
2459785.91948,2022-07-25.4187709,bH,1.49,17.332,16.312,0.086,1.084,0.085,g
2459785.92075,2022-07-25.4200543,bH,1.55,17.219,16.682,0.134,0.771,0.094,g
2459785.92204,2022-07-25.4213320,bH,1.47,17.409,16.668,0.111,0.781,0.079,g
2459787.67093,2022-07-27.1702339,bp,1.57,17.129,16.751,0.155,0.724,0.102,g
2459787.67219,2022-07-27.1714898,bp,1.59,16.983,16.803,0.185,0.690,0.117,g
2459787.67343,2022-07-27.1727375,bp,1.55,17.024,16.892,0.194,0.636,0.113,g
2459792.93069,2022-08-01.4300177,bH,1.56,17.157,16.845,0.164,0.664,0.100,g
2459792.93199,2022-08-01.4313128,bH,1.61,17.000,>17.000,99.990,0.506,0.115,g
2459792.93329,2022-08-01.4326156,bH,1.63,16.947,16.791,0.190,0.698,0.121,g
2459796.63507,2022-08-05.1344136,bp,1.59,17.222,16.628,0.127,0.811,0.094,g
2459796.63632,2022-08-05.1356640,bp,1.56,17.252,17.092,0.189,0.529,0.091,g
2459796.63760,2022-08-05.1369503,bp,1.58,17.115,16.818,0.167,0.680,0.103,g
2459797.63537,2022-08-06.1347162,bp,1.52,17.042,16.945,0.200,0.606,0.111,g
2459797.63663,2022-08-06.1359887,bp,1.53,17.011,16.650,0.157,0.794,0.114,g
2459797.63790,2022-08-06.1372445,bp,1.55,17.237,17.173,0.207,0.491,0.093,g
2459797.68811,2022-08-06.1874653,bp,1.56,16.045,>16.045,99.990,0.879,0.277,g
2459798.68473,2022-08-07.1840895,bp,1.57,16.256,>16.256,99.990,0.961,0.228,g
2459798.68597,2022-08-07.1853324,bp,1.56,16.114,>16.114,99.990,0.536,0.260,g
2459798.68722,2022-08-07.1865679,bp,1.52,16.151,>16.151,99.990,0.512,0.251,g
2459799.89231,2022-08-08.3916712,bl,1.64,16.968,16.340,0.123,1.057,0.119,g
2459799.89355,2022-08-08.3929153,bl,1.59,16.978,16.181,0.105,1.223,0.118,g
2459799.89480,2022-08-08.3941678,bl,1.57,17.116,16.347,0.108,1.050,0.104,g
2459800.87738,2022-08-09.3767464,bl,1.47,16.816,16.149,0.118,1.261,0.136,g
2459800.87862,2022-08-09.3779870,bl,1.5,16.654,>16.654,99.990,0.763,0.158,g
2459800.87986,2022-08-09.3792273,bl,1.52,16.804,>16.804,99.990,0.636,0.138,g
2459801.87456,2022-08-10.3739369,bH,1.48,15.781,>15.781,99.990,0.454,0.354,g
2459801.87585,2022-08-10.3752293,bH,1.49,15.389,>15.389,99.990,0.734,0.508,g
2459801.87716,2022-08-10.3765390,bH,1.52,14.623,>14.623,99.990,-0.214,1.028,g
2459803.86736,2022-08-12.3667498,bH,1.45,15.891,>15.891,99.990,-0.126,0.320,g
2459803.86866,2022-08-12.3680446,bH,1.55,15.819,>15.819,99.990,1.419,0.342,g
2459803.86995,2022-08-12.3693331,bH,1.48,15.804,>15.804,99.990,0.124,0.346,g
2459804.86746,2022-08-13.3668579,bH,1.52,16.200,>16.200,99.990,-0.447,0.240,g
2459804.86876,2022-08-13.3681461,bH,1.54,16.133,>16.133,99.990,-0.142,0.256,g
2459804.87004,2022-08-13.3694392,bH,1.5,16.142,>16.142,99.990,-0.295,0.254,g
2459805.89165,2022-08-14.3910537,bl,1.44,16.123,>16.123,99.990,1.092,0.258,g
2459805.89291,2022-08-14.3923103,bl,1.54,16.342,>16.342,99.990,0.739,0.211,g
2459805.89416,2022-08-14.3935634,bl,1.46,16.279,>16.279,99.990,0.536,0.224,g
2459806.85358,2022-08-15.3529869,bl,1.46,15.903,>15.903,99.990,0.830,0.316,g
2459806.85482,2022-08-15.3542311,bl,1.46,15.865,>15.865,99.990,1.580,0.328,g
2459806.85607,2022-08-15.3554694,bl,1.48,15.967,>15.967,99.990,0.936,0.298,g
2459807.83991,2022-08-16.3393234,bl,1.5,16.346,>16.346,99.990,0.956,0.210,g
2459807.84114,2022-08-16.3405559,bl,1.51,16.247,>16.247,99.990,1.021,0.230,g
2459807.84238,2022-08-16.3417915,bl,1.58,16.356,>16.356,99.990,0.937,0.208,g
2459809.85175,2022-08-18.3511831,bH,1.44,16.846,>16.846,99.990,0.323,0.133,g
2459809.85305,2022-08-18.3524859,bH,1.45,17.110,16.456,0.120,0.950,0.104,g
2459809.85434,2022-08-18.3537717,bH,1.42,16.947,16.535,0.150,0.884,0.121,g
2459810.84388,2022-08-19.3433184,bl,1.54,16.834,16.511,0.163,0.903,0.134,g
2459810.84513,2022-08-19.3445729,bl,1.52,16.960,16.729,0.177,0.739,0.119,g
2459810.84639,2022-08-19.3458202,bl,1.51,16.830,>16.830,99.990,0.609,0.135,g
2459812.84666,2022-08-21.3461187,bH,1.48,13.916,>13.916,99.990,3.512,1.972,g
2459812.84796,2022-08-21.3474070,bH,1.49,99.990,99.990,99.990,99.990,99.990,g
2459812.84925,2022-08-21.3486956,bH,1.4,14.521,>14.521,99.990,2.098,1.129,g
2459813.59236,2022-08-22.0918196,bp,1.54,17.095,16.771,0.163,0.710,0.105,g
2459813.59362,2022-08-22.0930733,bp,1.52,17.167,16.661,0.137,0.786,0.099,g
2459813.59487,2022-08-22.0943245,bp,1.54,17.094,16.600,0.139,0.832,0.106,g
2459813.92408,2022-08-22.4235393,bH,1.52,16.920,16.708,0.180,0.753,0.124,g
2459813.92537,2022-08-22.4248329,bH,1.51,16.731,>16.731,99.990,0.660,0.147,g
2459813.92665,2022-08-22.4261122,bH,1.54,16.756,>16.756,99.990,0.682,0.144,g
2459814.86305,2022-08-23.3625140,bl,1.52,17.171,16.744,0.148,0.729,0.098,g
2459814.86429,2022-08-23.3637557,bl,1.51,17.126,16.584,0.133,0.844,0.103,g
2459814.86553,2022-08-23.3649976,bl,1.49,17.235,17.139,0.201,0.506,0.093,g
2459815.85019,2022-08-24.3496686,bl,1.57,16.995,16.574,0.149,0.852,0.116,g
2459815.85142,2022-08-24.3509019,bl,1.58,17.163,16.693,0.142,0.763,0.099,g
2459815.85267,2022-08-24.3521458,bl,1.59,17.174,17.164,0.217,0.495,0.098,g
2459816.91210,2022-08-25.4115826,bH,1.42,17.399,16.776,0.123,0.707,0.080,g
2459816.91338,2022-08-25.4128714,bH,1.41,17.281,16.414,0.099,0.987,0.089,g
2459816.91468,2022-08-25.4141761,bH,1.43,17.348,16.655,0.116,0.791,0.084,g
2459818.82679,2022-08-27.3262969,bH,1.5,17.292,16.616,0.117,0.820,0.088,g
2459818.82807,2022-08-27.3275820,bH,1.49,17.406,16.730,0.117,0.738,0.079,g
2459818.82936,2022-08-27.3288678,bH,1.5,17.437,16.957,0.141,0.599,0.077,g
2459819.84793,2022-08-28.3474459,bl,1.48,17.100,16.460,0.121,0.947,0.105,g
2459819.84917,2022-08-28.3486805,bl,1.48,17.123,16.757,0.156,0.720,0.103,g
2459819.85041,2022-08-28.3499295,bl,1.46,17.085,16.826,0.173,0.675,0.106,g
2459821.82146,2022-08-30.3209895,bH,1.48,17.314,17.044,0.171,0.552,0.086,g
2459822.81780,2022-08-31.3173460,bH,1.51,17.469,17.054,0.150,0.548,0.075,g
2459822.81910,2022-08-31.3186405,bH,1.49,17.356,16.716,0.121,0.747,0.083,g
2459822.82039,2022-08-31.3199267,bH,1.49,17.335,16.835,0.138,0.670,0.085,g
2459824.81368,2022-09-02.3132501,bl,1.49,17.150,16.983,0.188,0.584,0.100,g
2459824.81493,2022-09-02.3145018,bl,1.48,17.105,17.068,0.212,0.541,0.105,g
2459824.81618,2022-09-02.3157422,bl,1.45,17.120,17.044,0.204,0.553,0.103,g
2459825.82939,2022-09-03.3289594,bl,1.51,17.104,17.065,0.211,0.542,0.105,g
2459825.83064,2022-09-03.3302197,bl,1.51,17.140,16.660,0.141,0.787,0.101,g
2459825.83188,2022-09-03.3314579,bl,1.51,17.096,17.035,0.207,0.557,0.105,g
2459826.80667,2022-09-04.3062465,bl,1.47,17.235,16.625,0.125,0.813,0.093,g
2459826.80791,2022-09-04.3074943,bl,1.58,17.088,16.359,0.112,1.039,0.106,g
2459826.80916,2022-09-04.3087468,bl,1.57,17.063,16.414,0.120,0.987,0.109,g
2459827.81977,2022-09-05.3193631,bH,1.56,17.379,17.125,0.173,0.513,0.081,g
2459827.82108,2022-09-05.3206714,bH,1.53,17.383,16.749,0.122,0.726,0.081,g
2459827.82236,2022-09-05.3219548,bH,1.51,17.425,16.868,0.131,0.650,0.078,g
2459828.81883,2022-09-06.3184409,bl,1.5,16.694,>16.694,99.990,0.580,0.153,g
2459828.82009,2022-09-06.3196909,bl,1.5,16.970,>16.970,99.990,0.564,0.118,g
2459828.82133,2022-09-06.3209341,bl,1.54,16.802,16.761,0.211,0.717,0.138,g
2459829.58145,2022-09-07.0810662,bp,1.49,16.481,16.379,0.200,1.019,0.186,g
2459829.58272,2022-09-07.0823290,bp,1.5,16.500,16.361,0.193,1.036,0.182,g
2459829.58397,2022-09-07.0835732,bp,1.5,16.708,16.656,0.209,0.790,0.151,g
2459831.79343,2022-09-09.2930621,bH,1.51,16.054,>16.054,99.990,1.139,0.275,g
2459831.79472,2022-09-09.2943473,bH,1.62,16.250,>16.250,99.990,-0.331,0.230,g
2459831.79600,2022-09-09.2956331,bH,1.53,16.011,15.969,0.211,1.487,0.286,g
2459833.52392,2022-09-11.0235695,bp,1.68,14.856,>14.856,99.990,3.224,0.829,g
2459833.77625,2022-09-11.2758997,bl,1.66,15.688,>15.688,99.990,0.634,0.385,g
2459833.77750,2022-09-11.2771509,bl,1.7,15.828,>15.828,99.990,1.270,0.339,g
2459833.77875,2022-09-11.2784100,bl,1.69,15.509,>15.509,99.990,0.918,0.455,g
2459834.80947,2022-09-12.3091292,bH,1.48,16.363,>16.363,99.990,0.601,0.207,g
2459834.81075,2022-09-12.3104160,bH,1.55,16.378,>16.378,99.990,0.842,0.204,g
2459834.81206,2022-09-12.3117253,bH,1.42,16.295,16.050,0.175,1.380,0.220,g
2459835.78191,2022-09-13.2815841,bH,1.4,16.112,>16.112,99.990,0.882,0.261,g
2459835.78321,2022-09-13.2828870,bH,1.44,16.272,>16.272,99.990,0.791,0.225,g
2459835.78448,2022-09-13.2841651,bH,1.42,16.347,>16.347,99.990,1.039,0.210,g
2459836.77973,2022-09-14.2794193,bH,1.46,16.552,15.910,0.121,1.570,0.174,g
2459836.78101,2022-09-14.2807027,bH,1.48,16.507,>16.507,99.990,0.086,0.181,g
2459836.78231,2022-09-14.2820020,bH,1.48,16.571,>16.571,99.990,0.524,0.171,g
2459837.77775,2022-09-15.2774479,bH,1.47,16.851,16.707,0.192,0.754,0.132,g
2459837.77906,2022-09-15.2787491,bH,1.49,16.777,>16.777,99.990,0.382,0.141,g
2459837.78035,2022-09-15.2800481,bH,1.47,16.811,16.428,0.154,0.974,0.137,g
2459838.77793,2022-09-16.2776449,bH,1.4,15.127,>15.127,99.990,0.837,0.646,g
2459838.77923,2022-09-16.2789444,bH,1.43,14.651,>14.651,99.990,-0.257,1.001,g
2459838.78052,2022-09-16.2802304,bH,1.5,14.605,>14.605,99.990,-0.120,1.045,g
2459839.77441,2022-09-17.2741281,bH,1.54,99.990,99.990,99.990,99.990,99.990,g
2459839.77570,2022-09-17.2754196,bH,1.56,99.990,99.990,99.990,99.990,99.990,g
2459839.77700,2022-09-17.2767130,bH,1.51,99.990,99.990,99.990,99.990,99.990,g
2459840.76693,2022-09-18.2666559,bH,1.45,17.041,16.490,0.132,0.921,0.111,g
2459840.76821,2022-09-18.2679534,bH,1.44,17.110,16.644,0.143,0.799,0.104,g
2459840.76952,2022-09-18.2692571,bH,1.46,17.149,16.764,0.154,0.716,0.100,g
2459841.80486,2022-09-19.3046069,bH,1.47,17.228,16.779,0.145,0.706,0.093,g
2459841.80617,2022-09-19.3059081,bH,1.48,17.173,16.574,0.126,0.852,0.098,g
2459841.80745,2022-09-19.3071905,bH,1.52,17.212,16.536,0.118,0.882,0.095,g
2459842.88080,2022-09-20.3805581,bH,1.52,17.152,16.347,0.104,1.050,0.100,g
2459842.88208,2022-09-20.3818450,bH,1.51,17.270,16.199,0.082,1.204,0.090,g
2459842.90202,2022-09-20.4017768,bH,1.54,16.749,16.689,0.207,0.767,0.145,g
2459843.77435,2022-09-21.2741231,bl,1.45,16.999,16.951,0.210,0.602,0.115,g
2459843.77559,2022-09-21.2753649,bl,1.48,17.108,17.028,0.204,0.561,0.104,g
2459843.77684,2022-09-21.2766136,bl,1.49,17.157,>17.157,99.990,0.318,0.100,g
2459844.77915,2022-09-22.2789230,bl,1.47,17.271,16.909,0.157,0.626,0.090,g
2459844.78039,2022-09-22.2801679,bl,1.58,17.078,16.567,0.137,0.858,0.107,g
2459844.78163,2022-09-22.2814098,bl,1.50,17.096,16.410,0.116,0.991,0.105,g
2459845.78441,2022-09-23.2842099,bl,1.49,17.158,16.471,0.116,0.937,0.100,g
2459845.78567,2022-09-23.2854589,bl,1.51,17.074,16.999,0.204,0.576,0.108,g
2459845.78691,2022-09-23.2867028,bl,1.52,17.074,16.997,0.204,0.577,0.108,g
2459846.76854,2022-09-24.2683408,bl,1.46,17.060,>17.060,99.990,0.431,0.109,g
2459846.76978,2022-09-24.2695814,bl,1.46,16.984,16.511,0.142,0.902,0.117,g
2459846.77104,2022-09-24.2708395,bl,1.48,17.098,16.852,0.175,0.659,0.105,g
2459847.80679,2022-09-25.3066053,bl,1.48,16.991,16.714,0.170,0.748,0.116,g
2459847.80805,2022-09-25.3078648,bl,1.49,17.105,16.873,0.177,0.647,0.104,g
2459848.81860,2022-09-26.3184344,bl,1.53,16.527,>16.527,99.990,0.808,0.178,g
2459848.81985,2022-09-26.3196834,bl,1.5,16.540,16.425,0.197,0.977,0.176,g
2459848.82109,2022-09-26.3209239,bl,1.46,16.574,>16.574,99.990,0.603,0.170,g
2459849.58275,2022-09-27.0825872,bp,1.5,17.109,16.816,0.167,0.682,0.104,g
2459849.58399,2022-09-27.0838292,bp,1.49,17.141,16.685,0.144,0.769,0.101,g
2459849.58524,2022-09-27.0850769,bp,1.5,17.069,16.822,0.175,0.678,0.108,g
2459850.89432,2022-09-28.3941784,bl,1.47,14.725,>14.725,99.990,-0.511,0.936,g
2459850.89556,2022-09-28.3954175,bl,1.46,99.990,99.990,99.990,99.990,99.990,g
2459850.89683,2022-09-28.3966778,bl,1.67,99.990,99.990,99.990,99.990,99.990,g
2459851.48102,2022-09-28.9808854,bp,1.59,15.649,>15.649,99.990,0.639,0.400,g
2459851.48227,2022-09-28.9821282,bp,1.58,15.118,>15.118,99.990,0.390,0.651,g
2459851.48352,2022-09-28.9833819,bp,1.57,15.333,>15.333,99.990,0.529,0.534,g
2459851.72667,2022-09-29.2265291,bH,1.4,17.310,16.962,0.159,0.596,0.087,g
2459851.72796,2022-09-29.2278168,bH,1.46,17.369,17.023,0.159,0.564,0.082,g
2459851.72925,2022-09-29.2291040,bH,1.44,17.209,16.529,0.117,0.888,0.095,g
2459852.76668,2022-09-30.2665607,bl,1.48,17.097,16.555,0.133,0.867,0.105,g
2459852.76795,2022-09-30.2678188,bl,1.52,16.913,16.595,0.163,0.836,0.125,g
2459852.76919,2022-09-30.2690687,bl,1.51,17.019,16.481,0.134,0.928,0.113,g
2459854.60361,2022-10-02.1035114,bp,1.54,17.229,17.075,0.190,0.537,0.093,g
2459854.60485,2022-10-02.1047452,bp,1.56,17.107,16.991,0.197,0.580,0.104,g
2459854.60609,2022-10-02.1059861,bp,1.51,17.071,16.932,0.193,0.613,0.108,g
2459855.71817,2022-10-03.2180864,bl,1.58,16.706,16.084,0.124,1.338,0.151,g
2459855.71942,2022-10-03.2193280,bl,1.63,16.721,16.322,0.152,1.075,0.149,g
2459855.72066,2022-10-03.2205711,bl,1.59,16.776,16.457,0.163,0.949,0.141,g
2459857.46798,2022-10-04.9679165,bp,1.54,16.487,16.152,0.161,1.257,0.185,g
2459857.46923,2022-10-04.9691596,bp,1.59,16.420,16.354,0.206,1.043,0.196,g
2459857.47047,2022-10-04.9703993,bp,1.57,16.467,16.395,0.205,1.004,0.188,g
2459858.71675,2022-10-06.2166945,bH,1.43,16.524,>16.524,99.990,0.284,0.178,g
2459858.71806,2022-10-06.2180069,bH,1.51,16.392,>16.392,99.990,0.493,0.201,g
2459858.71936,2022-10-06.2193049,bH,1.5,16.528,>16.528,99.990,0.633,0.178,g
2459859.75453,2022-10-07.2544812,bl,1.72,16.056,>16.056,99.990,1.053,0.275,g
2459859.75576,2022-10-07.2557168,bl,1.5,16.053,>16.053,99.990,0.952,0.275,g
2459859.75701,2022-10-07.2569679,bl,1.59,16.243,>16.243,99.990,0.722,0.231,g
2459860.72077,2022-10-08.2207402,bl,1.48,15.891,>15.891,99.990,0.343,0.320,g
2459860.72200,2022-10-08.2219751,bl,1.55,16.187,>16.187,99.990,0.728,0.243,g
2459860.72324,2022-10-08.2232157,bl,1.57,16.052,16.015,0.212,1.425,0.276,g
2459861.76497,2022-10-09.2649520,bH,1.47,15.749,>15.749,99.990,-0.414,0.364,g
2459861.76626,2022-10-09.2662457,bH,1.53,15.766,15.720,0.210,1.871,0.359,g
2459861.76756,2022-10-09.2675402,bH,1.41,15.762,>15.762,99.990,1.035,0.360,g
2459862.76736,2022-10-10.2673516,bH,1.6,15.811,>15.811,99.990,1.019,0.344,g
2459862.76866,2022-10-10.2686556,bH,1.53,15.667,15.616,0.210,2.058,0.393,g
2459862.76996,2022-10-10.2699577,bH,1.44,15.869,>15.869,99.990,0.728,0.326,g
2459863.77825,2022-10-11.2782540,bl,1.49,16.029,>16.029,99.990,0.473,0.281,g
2459863.77948,2022-10-11.2794886,bl,1.52,16.171,>16.171,99.990,0.380,0.247,g
2459863.78072,2022-10-11.2807245,bl,1.59,16.021,>16.021,99.990,0.552,0.284,g
2459864.78124,2022-10-12.2812684,bl,1.68,16.335,16.172,0.189,1.234,0.212,g
2459864.78248,2022-10-12.2825055,bl,1.54,16.274,16.192,0.203,1.211,0.225,g
2459864.78373,2022-10-12.2837534,bl,1.61,16.300,>16.300,99.990,1.009,0.219,g
2459865.78292,2022-10-13.2829581,bl,1.59,16.377,>16.377,99.990,0.893,0.204,g
2459865.78418,2022-10-13.2842079,bl,1.61,16.450,16.443,0.218,0.962,0.191,g
2459865.78543,2022-10-13.2854614,bl,1.52,16.476,>16.476,99.990,0.851,0.187,g
2459866.70479,2022-10-14.2048320,bH,1.48,16.652,16.337,0.164,1.061,0.159,g
2459866.70608,2022-10-14.2061201,bH,1.45,16.667,16.277,0.153,1.119,0.156,g
2459866.70738,2022-10-14.2074175,bH,1.45,16.660,16.656,0.219,0.790,0.158,g
2459867.69615,2022-10-15.1962076,bH,1.46,16.861,>16.861,99.990,0.537,0.131,g
2459867.69745,2022-10-15.1975121,bH,1.42,16.801,>16.801,99.990,0.589,0.138,g
2459867.69874,2022-10-15.1987950,bH,1.4,16.953,16.493,0.143,0.919,0.120,g
2459868.69008,2022-10-16.1901431,bl,1.52,17.101,16.629,0.142,0.810,0.105,g
2459868.69132,2022-10-16.1913858,bl,1.54,16.950,16.682,0.171,0.771,0.121,g
2459868.69255,2022-10-16.1926216,bl,1.56,17.061,16.355,0.114,1.042,0.109,g
2459869.69085,2022-10-17.1909403,bl,1.5,16.912,16.710,0.182,0.752,0.125,g
2459869.69212,2022-10-17.1921986,bl,1.55,17.084,16.491,0.127,0.919,0.107,g
2459869.69336,2022-10-17.1934451,bl,1.51,16.957,16.410,0.132,0.991,0.120,g
2459870.68540,2022-10-18.1854922,bH,1.5,17.229,16.430,0.105,0.973,0.093,g
2459870.68668,2022-10-18.1867790,bH,1.5,17.261,16.639,0.124,0.802,0.091,g
2459870.68798,2022-10-18.1880807,bH,1.42,17.251,16.500,0.110,0.912,0.091,g
2459871.68159,2022-10-19.1816934,bH,1.5,17.363,17.029,0.161,0.560,0.082,g
2459871.68286,2022-10-19.1829650,bH,1.43,17.126,16.242,0.097,1.157,0.103,g
2459871.68415,2022-10-19.1842634,bH,1.41,17.134,16.275,0.099,1.122,0.102,g
2459872.70236,2022-10-20.202475,bH,1.55,17.059,16.642,0.149,0.800,0.109,g
2459872.70367,2022-10-20.2037818,bH,1.59,17.246,16.530,0.113,0.888,0.092,g
2459872.70497,2022-10-20.2050815,bH,1.6,17.204,16.684,0.136,0.770,0.095,g
2459872.81826,2022-10-20.3183870,bl,1.43,17.119,16.658,0.143,0.789,0.103,g
2459872.81951,2022-10-20.3196321,bl,1.46,17.066,17.004,0.207,0.573,0.108,g
2459872.82076,2022-10-20.3208774,bl,1.49,17.199,16.805,0.153,0.689,0.096,g
2459873.87381,2022-10-21.3739434,bl,1.52,16.733,16.708,0.214,0.753,0.147,g
2459873.87505,2022-10-21.3751839,bl,1.47,16.589,>16.589,99.990,0.429,0.168,g
2459873.87630,2022-10-21.3764350,bl,1.49,16.397,>16.397,99.990,0.488,0.201,g
2459875.66053,2022-10-23.1606903,bH,1.4,17.196,16.600,0.126,0.832,0.096,g
2459875.66181,2022-10-23.1619648,bH,1.38,17.287,16.668,0.124,0.781,0.088,g
2459875.66311,2022-10-23.1632618,bH,1.41,17.410,16.897,0.137,0.632,0.079,g
2459876.65747,2022-10-24.1576375,bH,1.49,17.454,16.858,0.127,0.656,0.076,g
2459876.65876,2022-10-24.1589237,bH,1.49,17.261,16.666,0.127,0.782,0.091,g
2459876.66006,2022-10-24.1602253,bH,1.52,17.275,16.638,0.122,0.804,0.089,g
2459877.66391,2022-10-25.1640884,bl,1.51,17.048,16.256,0.106,1.142,0.110,g
2459877.66515,2022-10-25.1653299,bl,1.48,16.986,16.497,0.140,0.915,0.117,g
2459877.66639,2022-10-25.1665717,bl,1.61,17.136,16.479,0.120,0.929,0.102,g
2459878.68156,2022-10-26.1817554,bl,1.53,17.145,17.000,0.192,0.575,0.101,g
2459878.68280,2022-10-26.1829960,bl,1.59,16.911,16.585,0.162,0.843,0.125,g
2459878.68405,2022-10-26.1842438,bl,1.57,17.208,16.494,0.114,0.917,0.095,g
2459879.65834,2022-10-27.1585447,bH,1.41,17.428,>17.428,99.990,0.360,0.078,g
2459879.65963,2022-10-27.1598439,bH,1.39,17.370,16.805,0.130,0.689,0.082,g
2459879.66093,2022-10-27.1611377,bH,1.47,17.275,16.587,0.116,0.842,0.089,g
2459880.66603,2022-10-28.1662416,bl,1.53,16.954,16.442,0.137,0.962,0.120,g
2459880.66727,2022-10-28.1674819,bl,1.54,16.978,16.578,0.151,0.849,0.117,g
2459880.66851,2022-10-28.1687223,bl,1.56,17.116,16.705,0.150,0.755,0.103,g
2459880.73898,2022-10-28.2392018,bH,1.43,17.321,16.742,0.128,0.730,0.086,g
2459880.74027,2022-10-28.2404835,bH,1.44,17.393,16.955,0.146,0.600,0.080,g
2459880.74156,2022-10-28.2417755,bH,1.44,17.348,16.882,0.143,0.641,0.084,g
2459881.76663,2022-10-29.2668621,bl,1.47,17.102,16.869,0.177,0.649,0.105,g
2459881.76787,2022-10-29.2680973,bl,1.47,17.000,>17.000,99.990,0.573,0.115,g
2459881.76911,2022-10-29.2693416,bl,1.46,17.049,16.540,0.137,0.878,0.110,g
2459882.68142,2022-10-30.1816555,bH,1.46,17.285,16.450,0.101,0.955,0.089,g
2459883.67958,2022-10-31.1798340,bl,1.5,16.944,16.730,0.180,0.738,0.121,g
2459883.68083,2022-10-31.1810854,bl,1.53,16.905,16.532,0.155,0.886,0.126,g
2459883.68208,2022-10-31.1823319,bl,1.50,16.933,16.387,0.132,1.012,0.122,g
2459884.74066,2022-11-01.2409187,bl,1.52,17.088,16.804,0.169,0.689,0.106,g
2459884.74191,2022-11-01.2421699,bl,1.5,17.024,16.424,0.126,0.979,0.113,g
2459884.74315,2022-11-01.2434114,bl,1.46,17.082,16.803,0.170,0.690,0.107,g
2459885.76115,2022-11-02.2614290,bl,1.53,17.189,16.608,0.128,0.826,0.097,g
2459885.76240,2022-11-02.2626788,bl,1.49,17.034,16.792,0.175,0.697,0.112,g
2459885.76364,2022-11-02.2639202,bl,1.47,17.114,>17.114,99.990,0.494,0.104,g
2459886.77737,2022-11-03.2776534,bl,1.47,16.887,16.481,0.151,0.928,0.128,g
2459886.77862,2022-11-03.2788998,bl,1.54,16.860,16.467,0.153,0.940,0.131,g
2459886.77987,2022-11-03.2801537,bl,1.53,16.950,16.809,0.193,0.686,0.121,g
2459887.76508,2022-11-04.2653753,bl,1.46,16.535,>16.535,99.990,0.566,0.177,g
2459887.76632,2022-11-04.2666182,bl,1.53,16.701,>16.701,99.990,0.649,0.152,g
2459887.76756,2022-11-04.2678646,bl,1.55,16.553,>16.553,99.990,0.675,0.174,g
2459888.77482,2022-11-05.2751283,bl,1.57,16.445,>16.445,99.990,0.791,0.192,g
2459888.77606,2022-11-05.2763664,bl,1.65,16.493,>16.493,99.990,0.636,0.184,g
2459888.77731,2022-11-05.2776244,bl,1.52,16.479,>16.479,99.990,0.710,0.186,g
2459889.76695,2022-11-06.2672703,bl,1.54,16.341,>16.341,99.990,0.580,0.211,g
2459889.76819,2022-11-06.2685094,bl,1.54,16.304,>16.304,99.990,0.762,0.219,g
2459889.76943,2022-11-06.2697557,bl,1.55,16.187,>16.187,99.990,1.081,0.243,g
2459890.78022,2022-11-07.2805560,bH,1.47,99.990,99.990,99.990,99.990,99.990,g
2459893.76907,2022-11-10.2694362,bl,1.5,15.568,>15.568,99.990,0.907,0.430,g
2459893.77032,2022-11-10.2706864,bl,1.46,15.740,>15.740,99.990,0.229,0.367,g
2459893.77157,2022-11-10.2719423,bl,1.46,15.521,>15.521,99.990,1.310,0.449,g
2459894.70364,2022-11-11.2040114,bH,1.69,99.990,99.990,99.990,99.990,99.990,g
2459894.70494,2022-11-11.2053097,bH,1.62,99.990,99.990,99.990,99.990,99.990,g
2459894.70622,2022-11-11.2065915,bH,1.43,99.990,99.990,99.990,99.990,99.990,g
2459897.54549,2022-11-14.0458956,bp,1.45,16.876,16.649,0.178,0.795,0.129,g
2459897.54673,2022-11-14.0471350,bp,1.54,16.597,16.546,0.209,0.874,0.167,g
2459897.54797,2022-11-14.0483674,bp,1.53,16.627,>16.627,99.990,0.477,0.162,g
2459898.68243,2022-11-15.1828406,bl,1.46,17.050,16.894,0.190,0.634,0.110,g
2459898.68367,2022-11-15.1840798,bl,1.46,17.153,16.694,0.144,0.763,0.100,g
2459898.68492,2022-11-15.1853358,bl,1.46,17.220,16.836,0.154,0.670,0.094,g
2459899.67786,2022-11-16.1782793,bl,1.47,17.201,17.028,0.187,0.561,0.096,g
2459899.67911,2022-11-16.1795322,bl,1.44,17.120,17.052,0.206,0.549,0.103,g
2459899.68037,2022-11-16.1807891,bl,1.5,17.190,16.650,0.133,0.795,0.097,g
2459899.68545,2022-11-16.1858744,bl,1.49,17.242,>17.242,99.990,0.448,0.092,g
2459899.68671,2022-11-16.1871325,bl,1.47,17.287,16.865,0.148,0.652,0.088,g
2459899.68795,2022-11-16.1883685,bl,1.42,17.233,16.866,0.156,0.651,0.093,g
2459900.62723,2022-11-17.1276635,bH,1.41,17.380,16.758,0.124,0.719,0.081,g
2459900.62854,2022-11-17.1289696,bH,1.45,17.394,16.823,0.129,0.678,0.080,g
2459900.62983,2022-11-17.1302695,bH,1.4,17.363,16.714,0.120,0.749,0.082,g
2459901.75446,2022-11-18.2549037,bl,1.54,17.220,16.725,0.139,0.742,0.094,g
2459901.75569,2022-11-18.2561386,bl,1.49,17.307,16.893,0.150,0.635,0.087,g
2459901.75693,2022-11-18.2573805,bl,1.51,17.144,16.842,0.166,0.666,0.101,g
2459902.73366,2022-11-19.2341156,bl,1.45,17.204,16.939,0.172,0.608,0.095,g
2459902.73490,2022-11-19.2353549,bl,1.46,17.204,16.849,0.158,0.661,0.095,g
2459902.73614,2022-11-19.2366025,bl,1.5,17.270,16.554,0.113,0.868,0.090,g
2459903.67882,2022-11-20.1792892,bl,1.56,17.069,16.357,0.114,1.041,0.108,g
2459903.68006,2022-11-20.1805312,bl,1.5,17.121,16.517,0.126,0.898,0.103,g
2459903.68131,2022-11-20.1817773,bl,1.52,17.236,16.453,0.106,0.953,0.093,g
2459904.71360,2022-11-21.2140751,bl,1.71,17.107,16.166,0.092,1.240,0.104,g
2459904.71485,2022-11-21.2153273,bl,1.67,17.071,16.423,0.121,0.980,0.108,g
2459904.71610,2022-11-21.2165687,bl,1.62,17.032,16.338,0.116,1.059,0.112,g
2459906.63066,2022-11-23.1311482,bl,1.51,17.142,16.534,0.125,0.884,0.101,g
2459906.63191,2022-11-23.1323996,bl,1.47,17.059,16.388,0.118,1.011,0.109,g
2459906.63316,2022-11-23.1336603,bl,1.49,17.063,16.667,0.152,0.782,0.109,g
2459906.64975,2022-11-23.1502495,bl,1.44,17.039,16.883,0.190,0.641,0.111,g
2459906.65100,2022-11-23.1514938,bl,1.49,17.175,16.739,0.147,0.732,0.098,g
2459906.65225,2022-11-23.1527423,bl,1.5,16.964,16.760,0.182,0.717,0.119,g
2459909.72062,2022-11-26.2211328,bl,1.6,15.773,>15.773,99.990,0.426,0.357,g
2459909.72187,2022-11-26.2223888,bl,1.51,15.475,>15.475,99.990,0.554,0.469,g
2459909.72311,2022-11-26.2236269,bl,1.5,15.287,>15.287,99.990,0.264,0.558,g
2459910.41209,2022-11-26.9126133,bp,1.75,17.106,16.638,0.142,0.803,0.104,g
2459910.41392,2022-11-26.9144438,bp,1.68,17.128,16.611,0.136,0.824,0.102,g
2459910.83585,2022-11-27.3363752,bl,1.48,17.141,16.527,0.124,0.890,0.101,g
2459910.83711,2022-11-27.3376332,bl,1.47,17.058,16.969,0.202,0.592,0.109,g
2459910.83835,2022-11-27.3388795,bl,1.5,17.136,16.604,0.134,0.829,0.102,g
2459912.80945,2022-11-29.3099900,bH,1.54,17.320,16.625,0.115,0.813,0.086,g
2459912.81073,2022-11-29.3112745,bH,1.56,17.292,16.480,0.104,0.929,0.088,g
2459912.81203,2022-11-29.3125759,bH,1.56,17.408,16.736,0.118,0.734,0.079,g
2459913.59603,2022-11-30.0965803,bl,1.61,16.688,16.161,0.135,1.246,0.154,g
2459913.59728,2022-11-30.0978341,bl,1.62,16.677,16.191,0.140,1.212,0.155,g
2459914.58630,2022-12-01.0868627,bl,1.53,16.602,>16.602,99.990,0.802,0.166,g
2459914.58880,2022-12-01.0893616,bl,1.48,16.021,>16.021,99.990,0.710,0.284,g
2459914.61700,2022-12-01.1175643,bl,1.43,16.120,>16.120,99.990,1.048,0.259,g
2459914.61826,2022-12-01.1188129,bl,1.49,15.684,>15.684,99.990,0.558,0.387,g
2459914.61950,2022-12-01.1200537,bl,1.47,16.195,>16.195,99.990,0.574,0.242,g
2459915.80733,2022-12-02.3078946,bH,1.42,17.304,16.683,0.124,0.770,0.087,g
2459915.80862,2022-12-02.3091898,bH,1.42,17.269,16.767,0.138,0.713,0.090,g
2459915.80992,2022-12-02.3104865,bH,1.43,17.366,16.852,0.136,0.660,0.082,g
2459916.73075,2022-12-03.2313263,bl,1.5,16.662,16.446,0.180,0.959,0.157,g
2459916.73199,2022-12-03.2325725,bl,1.5,16.677,16.644,0.213,0.799,0.155,g
2459916.73322,2022-12-03.2338011,bl,1.48,16.705,>16.705,99.990,0.544,0.151,g
2459916.77277,2022-12-03.2733422,bl,1.45,16.967,>16.967,99.990,0.519,0.119,g
2459916.77402,2022-12-03.2745912,bl,1.46,16.960,16.688,0.171,0.767,0.119,g
2459916.77526,2022-12-03.2758331,bl,1.51,17.122,16.643,0.141,0.800,0.103,g
2459918.64299,2022-12-05.1435826,bH,1.46,16.438,>16.438,99.990,0.830,0.193,g
2459918.64427,2022-12-05.1448653,bH,1.49,16.440,16.047,0.153,1.384,0.193,g
2459918.64557,2022-12-05.1461648,bH,1.36,16.469,>16.469,99.990,0.392,0.188,g
2459920.82436,2022-12-07.3249682,bl,1.52,16.065,>16.065,99.990,0.794,0.272,g
2459920.82561,2022-12-07.3262097,bl,1.42,16.312,>16.312,99.990,0.812,0.217,g
2459920.82683,2022-12-07.3274386,bl,1.5,16.246,>16.246,99.990,0.320,0.230,g
2459922.67976,2022-12-09.1803679,bH,1.47,15.609,>15.609,99.990,1.317,0.414,g
2459922.68106,2022-12-09.1816770,bH,1.56,15.765,>15.765,99.990,1.712,0.359,g
2459922.68235,2022-12-09.1829637,bH,1.45,15.690,>15.690,99.990,1.377,0.385,g
2459923.65921,2022-12-10.1598329,bl,1.55,16.276,>16.276,99.990,1.093,0.224,g
2459923.66046,2022-12-10.1610842,bl,1.56,16.216,>16.216,99.990,0.883,0.237,g
2459923.66171,2022-12-10.1623276,bl,1.53,16.373,>16.373,99.990,0.774,0.205,g
2459926.64926,2022-12-13.1498936,bH,1.41,17.256,16.884,0.155,0.641,0.091,g
2459926.65054,2022-12-13.1511818,bH,1.45,17.169,16.953,0.180,0.601,0.099,g
2459926.65183,2022-12-13.1524724,bH,1.41,17.094,16.715,0.154,0.749,0.106,g
2459927.72714,2022-12-14.2277837,bl,1.46,16.702,>16.702,99.990,0.426,0.151,g
2459927.72837,2022-12-14.2290116,bl,1.53,16.737,>16.737,99.990,0.511,0.147,g
2459927.72961,2022-12-14.2302537,bl,1.5,16.821,>16.821,99.990,0.630,0.136,g
2459927.75572,2022-12-14.2563716,bl,1.54,16.822,16.477,0.160,0.932,0.136,g
2459927.75696,2022-12-14.2576119,bl,1.54,16.800,>16.800,99.990,0.593,0.138,g
2459927.75822,2022-12-14.2588636,bl,1.54,16.748,>16.748,99.990,0.698,0.145,g
2459928.75073,2022-12-15.2513715,bl,1.48,16.944,16.737,0.181,0.734,0.121,g
2459928.75199,2022-12-15.2526357,bl,1.51,16.939,16.675,0.172,0.776,0.122,g
2459929.75048,2022-12-16.2511391,bH,1.54,17.158,16.688,0.142,0.767,0.100,g
2459929.75179,2022-12-16.2524523,bH,1.49,17.038,16.528,0.137,0.889,0.111,g
2459929.75308,2022-12-16.2537386,bH,1.56,17.093,16.535,0.131,0.883,0.106,g
2459930.73435,2022-12-17.2350106,bl,1.46,17.090,16.690,0.152,0.765,0.106,g
2459930.73559,2022-12-17.2362524,bl,1.46,17.087,16.757,0.162,0.720,0.106,g
2459930.73684,2022-12-17.2375010,bl,1.47,16.936,16.791,0.192,0.697,0.122,g
2459931.75076,2022-12-18.2514256,bH,1.4,17.449,16.858,0.127,0.656,0.076,g
2459931.75204,2022-12-18.2527101,bH,1.42,17.272,16.883,0.153,0.641,0.090,g
2459931.75333,2022-12-18.2540005,bH,1.41,17.298,16.624,0.118,0.813,0.088,g
2459933.66404,2022-12-20.1647135,bl,1.58,17.027,16.819,0.181,0.680,0.112,g
2459933.66528,2022-12-20.1659577,bl,1.58,17.188,16.650,0.133,0.795,0.097,g
2459933.70570,2022-12-20.2063748,bl,1.51,17.250,16.566,0.117,0.858,0.091,g
2459933.70695,2022-12-20.2076212,bl,1.54,17.201,16.557,0.121,0.866,0.096,g
2459933.70817,2022-12-20.2088525,bl,1.53,17.115,16.557,0.131,0.865,0.104,g
2459934.74789,2022-12-21.2485672,bH,1.45,17.337,16.839,0.138,0.668,0.084,g
2459934.74919,2022-12-21.2498644,bH,1.43,17.451,16.806,0.121,0.688,0.076,g
2459934.75049,2022-12-21.2511612,bH,1.44,17.324,16.866,0.144,0.651,0.085,g
2459936.60933,2022-12-23.1100141,bH,1.44,17.399,16.795,0.126,0.695,0.080,g
2459936.61064,2022-12-23.1113236,bH,1.42,17.333,16.823,0.137,0.677,0.085,g
2459936.61195,2022-12-23.1126388,bH,1.43,17.437,16.735,0.115,0.735,0.077,g
2459936.63305,2022-12-23.1337380,bH,1.41,17.302,16.645,0.120,0.798,0.087,g
2459936.63436,2022-12-23.1350438,bH,1.42,17.433,16.895,0.134,0.634,0.077,g
2459936.63565,2022-12-23.1363297,bH,1.42,17.341,16.568,0.107,0.857,0.084,g
2459936.66960,2022-12-23.1702893,bl,1.46,17.134,16.451,0.117,0.954,0.102,g
2459936.67083,2022-12-23.1715168,bl,1.5,17.065,16.986,0.204,0.583,0.108,g
2459936.67208,2022-12-23.1727704,bl,1.51,17.222,16.432,0.106,0.971,0.094,g
2459938.35875,2022-12-24.8594434,bp,2.04,16.555,16.190,0.157,1.213,0.174,g
2459938.35999,2022-12-24.8606818,bp,2.04,16.681,16.349,0.161,1.048,0.154,g
2459938.36124,2022-12-24.8619281,bp,2.03,16.856,16.467,0.153,0.940,0.131,g
2459938.76883,2022-12-25.2695219,bl,1.5,17.061,16.521,0.133,0.895,0.109,g
2459938.77010,2022-12-25.2707916,bl,1.51,17.051,16.696,0.158,0.761,0.110,g
2459938.77135,2022-12-25.2720430,bl,1.53,17.063,16.393,0.118,1.007,0.109,g
2459939.29561,2022-12-25.7963016,bp,1.56,16.852,16.564,0.168,0.860,0.132,g
2459939.29685,2022-12-25.7975409,bp,1.62,17.023,16.732,0.168,0.736,0.113,g
2459939.29809,2022-12-25.7987827,bp,1.66,17.085,16.881,0.182,0.642,0.106,g
2459939.76444,2022-12-26.2651348,bl,1.57,17.098,16.419,0.117,0.983,0.105,g
2459939.76569,2022-12-26.2663826,bl,1.53,17.050,16.544,0.137,0.876,0.110,g
2459939.76694,2022-12-26.2676290,bl,1.58,17.108,16.489,0.124,0.921,0.104,g
2459943.76470,2022-12-30.2654087,bl,1.45,17.169,16.612,0.131,0.823,0.099,g
2459943.76595,2022-12-30.2666538,bl,1.48,17.101,16.466,0.122,0.940,0.105,g
2459943.76720,2022-12-30.2679017,bl,1.48,17.148,16.796,0.158,0.694,0.100,g
2459944.55842,2022-12-31.0591224,bH,1.43,16.853,>16.853,99.990,0.612,0.132,g
2459944.55971,2022-12-31.0604150,bH,1.41,16.855,>16.855,99.990,0.536,0.132,g
2459944.56101,2022-12-31.0617083,bH,1.46,16.782,16.632,0.191,0.807,0.141,g
2459945.78920,2023-01-01.2899057,bl,1.69,17.076,16.253,0.103,1.145,0.107,g
2459945.79044,2023-01-01.2911487,bl,1.62,17.005,16.331,0.118,1.066,0.115,g
2459945.79168,2023-01-01.2923890,bl,1.67,16.986,16.619,0.156,0.817,0.117,g
2459945.83393,2023-01-01.3346343,bH,2.1,17.089,16.103,0.088,1.315,0.106,g
2459945.83523,2023-01-01.3359349,bH,2.08,17.167,16.380,0.106,1.019,0.099,g
2459945.83653,2023-01-01.3372285,bH,2.1,17.239,16.355,0.097,1.042,0.092,g
2459947.76593,2023-01-03.2666372,bl,1.47,16.606,>16.606,99.990,0.705,0.166,g
2459947.76716,2023-01-03.2678743,bl,1.52,16.774,>16.774,99.990,0.300,0.142,g
2459947.76841,2023-01-03.2691172,bl,1.53,16.681,>16.681,99.990,0.682,0.154,g
2459949.65152,2023-01-05.1522423,bH,1.48,16.307,>16.307,99.990,0.769,0.218,g
2459949.65283,2023-01-05.1535424,bH,1.52,16.304,>16.304,99.990,0.093,0.219,g
2459949.65411,2023-01-05.1548255,bH,1.5,16.054,>16.054,99.990,1.186,0.275,g
2459949.66378,2023-01-05.1644930,bl,1.5,16.179,>16.179,99.990,-0.106,0.245,g
2459949.66502,2023-01-05.1657302,bl,1.48,16.231,>16.231,99.990,1.077,0.234,g
2459949.66626,2023-01-05.1669674,bl,1.53,16.312,>16.312,99.990,0.251,0.217,g
2459951.56140,2023-01-07.0621097,bl,1.48,16.070,>16.070,99.990,1.098,0.271,g
2459951.56264,2023-01-07.0633471,bl,1.42,16.079,>16.079,99.990,0.155,0.269,g
2459951.56388,2023-01-07.0645910,bl,1.54,16.038,>16.038,99.990,1.102,0.279,g
2459953.77885,2023-01-09.2795657,bl,1.49,16.161,>16.161,99.990,0.671,0.249,g
2459953.78010,2023-01-09.2808120,bl,1.44,16.188,>16.188,99.990,0.898,0.243,g
2459953.78134,2023-01-09.2820571,bl,1.48,16.161,>16.161,99.990,0.625,0.249,g
2459955.28556,2023-01-10.7862706,bp,1.72,16.040,>16.040,99.990,0.534,0.279,g
2459955.28681,2023-01-10.7875204,bp,1.73,16.067,>16.067,99.990,1.127,0.272,g
2459955.28838,2023-01-10.7891020,bp,1.68,15.760,>15.760,99.990,1.489,0.361,g
2459957.39703,2023-01-12.8977412,bp,1.55,17.060,16.592,0.142,0.838,0.109,g
2459957.39828,2023-01-12.8989863,bp,1.57,17.100,>17.100,99.990,0.473,0.105,g
2459957.39953,2023-01-12.9002385,bp,1.55,17.077,16.666,0.150,0.783,0.107,g
2459957.42284,2023-01-12.9235577,bp,1.57,16.891,16.515,0.155,0.899,0.127,g
2459957.42407,2023-01-12.9247863,bp,1.59,16.784,16.743,0.211,0.729,0.140,g
2459957.42531,2023-01-12.9260269,bp,1.55,16.941,16.688,0.174,0.767,0.122,g
2459958.76181,2023-01-14.2625136,bl,1.43,16.794,>16.794,99.990,0.644,0.139,g
2459958.76305,2023-01-14.2637612,bl,1.45,16.821,16.394,0.148,1.006,0.136,g
2459958.76429,2023-01-14.2650006,bl,1.45,16.882,16.577,0.166,0.850,0.128,g
2459962.36464,2023-01-17.8653496,bp,1.64,17.277,16.806,0.142,0.688,0.089,g
2459962.36589,2023-01-17.8665939,bp,1.61,17.219,16.514,0.114,0.901,0.094,g
2459962.36712,2023-01-17.8678311,bp,1.59,17.210,16.656,0.131,0.790,0.095,g
2459962.50881,2023-01-18.0095034,bp,1.6,17.175,16.869,0.165,0.649,0.098,g
2459962.51005,2023-01-18.0107454,bp,1.58,17.123,16.422,0.115,0.979,0.103,g
2459962.51129,2023-01-18.0119859,bp,1.57,16.995,16.331,0.119,1.066,0.116,g
2459962.72172,2023-01-18.2224199,bH,1.45,17.217,16.844,0.155,0.664,0.094,g
2459962.72301,2023-01-18.2237171,bH,1.4,17.292,16.814,0.141,0.683,0.088,g
2459962.72434,2023-01-18.2250417,bH,1.43,17.181,16.614,0.130,0.821,0.097,g
2459963.79910,2023-01-19.2998013,bH,1.46,17.363,16.601,0.109,0.830,0.082,g
2459963.80039,2023-01-19.3010878,bH,1.44,17.331,17.091,0.176,0.529,0.085,g
2459963.80167,2023-01-19.3023770,bH,1.42,17.306,16.787,0.136,0.700,0.087,g
2459965.78247,2023-01-21.2831656,bH,1.41,17.364,16.640,0.112,0.802,0.082,g
2459965.78376,2023-01-21.2844591,bH,1.41,17.235,16.654,0.128,0.792,0.093,g
2459965.78506,2023-01-21.2857543,bH,1.39,17.204,16.669,0.134,0.780,0.095,g
2459970.78294,2023-01-26.2836163,bH,1.42,17.296,16.826,0.142,0.676,0.088,g
2459970.78424,2023-01-26.2849163,bH,1.43,17.232,16.718,0.137,0.746,0.093,g
2459972.29292,2023-01-27.7935840,bp,1.66,17.017,16.418,0.126,0.983,0.113,g
2459972.29417,2023-01-27.7948421,bp,1.73,17.220,16.713,0.137,0.750,0.094,g
2459972.29544,2023-01-27.7961136,bp,1.62,17.207,16.455,0.110,0.951,0.095,g
2459972.74248,2023-01-28.2431445,bl,1.47,17.080,16.856,0.178,0.657,0.107,g
2459972.74497,2023-01-28.2456366,bl,1.45,16.993,16.665,0.162,0.784,0.116,g
2459973.69840,2023-01-29.1990671,bH,1.37,17.281,16.870,0.150,0.649,0.089,g
2459973.69969,2023-01-29.2003496,bH,1.39,17.328,16.865,0.143,0.652,0.085,g
2459973.70099,2023-01-29.2016517,bH,1.44,17.178,16.686,0.139,0.768,0.098,g
2459974.54828,2023-01-30.0489444,bl,1.47,16.716,16.691,0.214,0.765,0.149,g
2459974.54953,2023-01-30.0501903,bl,1.48,16.669,>16.669,99.990,0.716,0.156,g
2459974.55077,2023-01-30.0514306,bl,1.48,16.850,>16.850,99.990,0.408,0.132,g
2459975.48692,2023-01-30.9875759,bp,1.6,17.309,16.518,0.106,0.897,0.087,g
2459975.48816,2023-01-30.9888166,bp,1.61,17.284,16.820,0.143,0.679,0.089,g
2459975.48939,2023-01-30.9900502,bp,1.7,17.279,16.555,0.112,0.867,0.089,g
2459975.51851,2023-01-31.0191620,bp,1.64,17.354,16.687,0.119,0.767,0.083,g
2459975.51975,2023-01-31.0204038,bp,1.7,17.152,16.639,0.137,0.802,0.100,g
2459975.52100,2023-01-31.0216518,bp,1.62,17.260,16.463,0.105,0.944,0.091,g
2459975.55119,2023-01-31.0518496,bl,1.51,16.646,>16.646,99.990,0.416,0.159,g
2459975.55245,2023-01-31.0531018,bl,1.5,16.645,16.644,0.219,0.799,0.160,g
2459975.55369,2023-01-31.0543400,bl,1.51,16.661,16.566,0.201,0.858,0.157,g
2459977.59702,2023-02-02.0976687,bH,1.49,16.354,>16.354,99.990,-0.090,0.209,g
2459977.59834,2023-02-02.0989781,bH,1.47,16.481,>16.481,99.990,0.810,0.186,g
2459977.59965,2023-02-02.1002873,bH,1.41,16.546,>16.546,99.990,0.341,0.175,g
2459978.57256,2023-02-03.0731990,bl,1.48,16.290,>16.290,99.990,0.910,0.221,g
2459978.57379,2023-02-03.0744289,bl,1.54,16.579,16.419,0.189,0.983,0.170,g
2459978.57502,2023-02-03.0756674,bl,1.47,16.376,>16.376,99.990,0.509,0.205,g
2459979.39924,2023-02-03.8998766,bp,1.49,16.362,>16.362,99.990,0.730,0.207,g
2459979.40049,2023-02-03.9011230,bp,1.57,16.496,>16.496,99.990,0.854,0.183,g
2459979.40172,2023-02-03.9023592,bp,1.53,16.374,>16.374,99.990,0.905,0.205,g
2459979.67221,2023-02-04.1728442,bl,1.64,15.687,>15.687,99.990,0.304,0.386,g
2459979.67344,2023-02-04.1740748,bl,1.64,15.064,>15.064,99.990,1.545,0.684,g
2459979.67467,2023-02-04.1753043,bl,1.94,14.629,>14.629,99.990,-0.417,1.022,g
2459980.46359,2023-02-04.9642262,bp,1.45,16.158,>16.158,99.990,0.376,0.250,g
2459980.46484,2023-02-04.9654763,bp,1.47,16.226,>16.226,99.990,0.760,0.235,g
2459980.46610,2023-02-04.9667310,bp,1.47,16.273,>16.273,99.990,0.439,0.225,g
2459980.71896,2023-02-05.2195890,bl,1.47,16.025,>16.025,99.990,0.999,0.283,g
2459980.72020,2023-02-05.2208364,bl,1.56,15.930,>15.930,99.990,0.784,0.308,g
2459980.72144,2023-02-05.2220758,bl,1.51,15.918,>15.918,99.990,0.715,0.312,g
2459981.73564,2023-02-06.2362571,bH,1.42,15.442,>15.442,99.990,-1.469,0.484,g
2459981.73693,2023-02-06.2375567,bH,1.39,15.505,>15.505,99.990,0.798,0.456,g
2459981.73823,2023-02-06.2388578,bH,1.46,15.357,14.872,0.140,4.085,0.523,g
2459982.46514,2023-02-06.9657574,bp,1.46,16.330,>16.330,99.990,-0.183,0.213,g
2459982.46640,2023-02-06.9670203,bp,1.54,16.293,>16.293,99.990,0.819,0.221,g
2459982.46765,2023-02-06.9682657,bp,1.42,16.208,>16.208,99.990,0.851,0.239,g
2459983.36351,2023-02-07.8641240,bp,1.53,16.466,>16.466,99.990,0.560,0.188,g
2459983.36482,2023-02-07.8654256,bp,1.56,16.342,>16.342,99.990,0.437,0.211,g
2459983.36612,2023-02-07.8667285,bp,1.51,16.435,>16.435,99.990,0.772,0.194,g
2459984.70178,2023-02-09.2023807,bl,1.46,16.306,>16.306,99.990,0.625,0.218,g
2459984.70303,2023-02-09.2036296,bl,1.45,16.276,>16.276,99.990,0.718,0.224,g
2459984.70427,2023-02-09.2048752,bl,1.52,16.331,>16.331,99.990,0.724,0.213,g
2459985.29062,2023-02-09.7912244,bp,1.46,17.442,17.087,0.158,0.531,0.077,g
2459985.29186,2023-02-09.7924679,bp,1.5,17.330,16.577,0.109,0.850,0.085,g
2459985.29313,2023-02-09.7937285,bp,1.49,17.401,16.638,0.108,0.803,0.080,g
2459985.65944,2023-02-10.1600456,bl,1.48,16.424,>16.424,99.990,0.553,0.196,g
2459985.66067,2023-02-10.1612738,bl,1.54,16.518,16.490,0.214,0.920,0.179,g
2459985.66194,2023-02-10.1625309,bl,1.5,16.468,>16.468,99.990,0.400,0.188,g
2459986.39971,2023-02-10.9002983,bp,1.5,16.756,16.577,0.186,0.850,0.144,g
2459986.40095,2023-02-10.9015388,bp,1.52,16.819,>16.819,99.990,0.553,0.136,g
2459986.40219,2023-02-10.9027799,bp,1.51,16.913,16.594,0.163,0.836,0.125,g
2459987.39472,2023-02-11.8953035,bp,1.57,16.654,>16.654,99.990,0.684,0.158,g
2459987.39595,2023-02-11.8965396,bp,1.52,16.511,16.438,0.205,0.966,0.181,g
2459987.39720,2023-02-11.8977814,bp,1.54,16.563,>16.563,99.990,0.762,0.172,g
2459987.61597,2023-02-12.1165628,bl,1.45,16.963,>16.963,99.990,0.376,0.119,g
2459987.61723,2023-02-12.1178056,bl,1.46,16.903,>16.903,99.990,0.435,0.126,g
2459987.61846,2023-02-12.1190407,bl,1.54,17.028,16.848,0.186,0.662,0.112,g
2459988.33746,2023-02-12.8380381,bp,1.51,17.268,16.832,0.147,0.672,0.090,g
2459988.33870,2023-02-12.8392810,bp,1.49,17.443,16.774,0.118,0.709,0.077,g
2459988.33994,2023-02-12.8405216,bp,1.46,17.425,16.642,0.106,0.800,0.078,g
2459988.36016,2023-02-12.8607388,bp,1.52,17.374,16.906,0.142,0.628,0.082,g
2459988.36140,2023-02-12.8619785,bp,1.47,17.243,16.456,0.106,0.949,0.092,g
2459988.36264,2023-02-12.8632180,bp,1.49,17.249,16.869,0.154,0.649,0.092,g
2459988.62916,2023-02-13.1297302,bH,1.41,17.261,16.825,0.147,0.676,0.091,g
2459988.63046,2023-02-13.1310318,bH,1.41,17.414,17.089,0.162,0.530,0.079,g
2459988.63175,2023-02-13.1323247,bH,1.43,17.331,16.894,0.147,0.634,0.085,g
2459988.65307,2023-02-13.1536468,bH,1.36,17.265,16.481,0.106,0.929,0.090,g
2459988.65436,2023-02-13.1549379,bH,1.39,17.037,16.502,0.134,0.911,0.111,g
2459988.65567,2023-02-13.1562466,bH,1.39,17.075,16.578,0.139,0.849,0.107,g
2459990.27935,2023-02-14.7799206,bp,1.65,17.305,16.544,0.109,0.875,0.087,g
2459990.28059,2023-02-14.7811601,bp,1.64,17.282,16.651,0.122,0.793,0.089,g
2459990.28184,2023-02-14.7824018,bp,1.6,17.236,16.448,0.106,0.956,0.093,g
2459990.44633,2023-02-14.9468909,bp,1.56,17.341,16.672,0.118,0.778,0.084,g
2459990.44757,2023-02-14.9481387,bp,1.50,17.222,16.676,0.133,0.776,0.094,g
2459990.44883,2023-02-14.9493927,bp,1.53,17.218,16.771,0.145,0.711,0.094,g
2459990.72571,2023-02-15.2262732,bH,1.37,17.069,16.900,0.188,0.631,0.108,g
2459990.72701,2023-02-15.2275692,bH,1.41,16.974,16.775,0.182,0.708,0.118,g
2459990.72830,2023-02-15.2288598,bH,1.46,17.065,>17.065,99.990,0.501,0.108,g
2459993.54418,2023-02-18.0447193,bH,1.41,17.248,16.667,0.128,0.781,0.092,g
2459993.54548,2023-02-18.0460106,bH,1.41,17.258,16.632,0.123,0.808,0.091,g
2459993.54675,2023-02-18.0472928,bH,1.43,17.237,16.694,0.133,0.763,0.093,g
2459996.71223,2023-02-21.2127355,bH,1.41,17.235,16.788,0.145,0.700,0.093,g
2459996.71353,2023-02-21.2140409,bH,1.41,17.167,16.453,0.113,0.952,0.099,g
2459997.43792,2023-02-21.9384167,bp,1.69,17.186,16.574,0.125,0.852,0.097,g
2459997.43916,2023-02-21.9396564,bp,1.66,17.264,16.557,0.114,0.866,0.090,g
2459997.44040,2023-02-21.9409008,bp,1.72,17.305,16.686,0.124,0.768,0.087,g
2459997.69325,2023-02-22.1937504,bH,1.44,17.299,16.541,0.109,0.878,0.087,g
2459998.46311,2023-02-22.9636025,bp,2.43,17.009,16.866,0.192,0.651,0.114,g
2459999.45802,2023-02-23.9585056,bp,1.5,17.188,17.008,0.186,0.571,0.097,g
2459999.45926,2023-02-23.9597405,bp,1.56,17.449,16.800,0.120,0.692,0.076,g
2460000.44216,2023-02-24.9426443,bp,1.58,17.344,16.523,0.103,0.893,0.084,g
2460000.44342,2023-02-24.9438887,bp,1.60,17.257,16.505,0.109,0.908,0.091,g
2460000.44464,2023-02-24.9451258,bp,1.63,17.169,16.528,0.121,0.889,0.098,g
2460001.53390,2023-02-26.0343708,bH,1.43,17.211,16.790,0.149,0.698,0.095,g
2460001.53520,2023-02-26.0356651,bH,1.38,17.076,16.843,0.177,0.665,0.107,g
2460001.53649,2023-02-26.0369656,bH,1.48,17.161,16.824,0.161,0.677,0.099,g
2460002.41653,2023-02-26.9169895,bp,1.45,17.364,16.768,0.126,0.713,0.082,g
2460002.41777,2023-02-26.9182290,bp,1.54,17.247,16.723,0.135,0.743,0.092,g
2460002.41900,2023-02-26.9194663,bp,1.56,17.416,16.678,0.111,0.774,0.078,g
2460003.36943,2023-02-27.8698784,bp,1.55,17.192,16.736,0.144,0.733,0.096,g
2460003.37069,2023-02-27.8711388,bp,1.47,17.159,16.636,0.135,0.805,0.099,g
2460003.37194,2023-02-27.8723854,bp,1.48,17.071,16.815,0.173,0.683,0.108,g
2460003.38721,2023-02-27.8876660,bp,1.53,17.077,16.571,0.137,0.855,0.107,g
2460003.38846,2023-02-27.8889103,bp,1.5,17.137,16.502,0.122,0.910,0.101,g
2460003.38971,2023-02-27.8901593,bp,1.46,17.209,17.151,0.208,0.501,0.095,g
2460005.43864,2023-03-01.9390700,bp,1.9,99.990,99.990,99.990,99.990,99.990,g
2460005.43989,2023-03-01.9403163,bp,1.43,99.990,99.990,99.990,99.990,99.990,g
2460005.44112,2023-03-01.9415454,bp,1.44,99.990,99.990,99.990,99.990,99.990,g
2460006.44053,2023-03-02.9409471,bp,1.55,16.596,>16.596,99.990,0.426,0.167,g
2460006.64041,2023-03-03.1408290,bl,1.43,16.377,>16.377,99.990,0.660,0.204,g
2460006.64166,2023-03-03.1420826,bl,1.5,16.508,>16.508,99.990,0.326,0.181,g
2460006.64291,2023-03-03.1433313,bl,1.46,16.343,>16.343,99.990,0.924,0.211,g
2460008.63030,2023-03-05.1306994,bl,1.5,16.279,>16.279,99.990,0.860,0.224,g
2460008.63156,2023-03-05.1319527,bl,1.51,16.100,>16.100,99.990,0.547,0.264,g
2460008.63280,2023-03-05.1331912,bl,1.48,16.174,>16.174,99.990,0.457,0.246,g
2460009.67920,2023-03-06.1795810,bH,1.48,15.891,>15.891,99.990,0.607,0.320,g
2460010.67621,2023-03-07.1765825,bH,2.3,15.344,>15.344,99.990,-0.747,0.529,g
2460011.67182,2023-03-08.1721866,bH,1.43,15.768,>15.768,99.990,1.663,0.358,g
2460011.67313,2023-03-08.1734990,bH,1.63,15.606,>15.606,99.990,1.977,0.416,g
2460012.41148,2023-03-08.9118443,bp,1.63,16.209,>16.209,99.990,0.706,0.238,g
2460012.41273,2023-03-08.9130872,bp,1.7,16.311,>16.311,99.990,0.629,0.217,g
2460012.41397,2023-03-08.9143292,bp,1.67,16.157,>16.157,99.990,1.225,0.250,g
2460013.28275,2023-03-09.7830924,bp,1.48,16.823,16.720,0.199,0.745,0.136,g
2460013.28398,2023-03-09.7843224,bp,1.58,16.751,>16.751,99.990,0.688,0.145,g
2460013.28522,2023-03-09.7855678,bp,1.46,16.791,>16.791,99.990,0.267,0.139,g
2460013.65443,2023-03-10.1547792,bH,1.42,16.165,>16.165,99.990,0.972,0.248,g
2460013.65575,2023-03-10.1560968,bH,1.48,16.219,>16.219,99.990,0.052,0.236,g
2460013.65705,2023-03-10.1573899,bH,1.45,16.100,>16.100,99.990,-0.126,0.264,g
2460014.40048,2023-03-10.9008121,bp,1.59,16.505,>16.505,99.990,0.642,0.182,g
2460014.40177,2023-03-10.9021135,bp,1.59,16.508,>16.508,99.990,0.877,0.181,g
2460014.40318,2023-03-10.9035099,bp,1.62,16.528,>16.528,99.990,0.748,0.178,g
2460014.63707,2023-03-11.1374098,bl,1.44,16.267,>16.267,99.990,1.035,0.226,g
2460014.63832,2023-03-11.1386594,bl,1.47,16.285,>16.285,99.990,0.733,0.222,g
2460014.63957,2023-03-11.1399011,bl,1.47,16.376,>16.376,99.990,0.644,0.205,g
2460016.65908,2023-03-13.1593879,bH,1.37,16.642,16.613,0.214,0.822,0.160,g
2460018.65377,2023-03-15.1540612,bH,1.41,17.244,16.718,0.135,0.746,0.092,g
2460019.64631,2023-03-16.1465928,bH,1.38,17.297,16.772,0.135,0.710,0.088,g
2460019.64760,2023-03-16.1478748,bH,1.42,17.236,16.675,0.131,0.777,0.093,g
2460019.64889,2023-03-16.1491681,bH,1.40,17.286,16.897,0.153,0.633,0.088,g
2460020.64696,2023-03-17.1472208,bH,1.42,17.325,16.880,0.145,0.643,0.085,g
2460020.64825,2023-03-17.1485111,bH,1.39,17.195,16.398,0.105,1.002,0.096,g
2460021.53241,2023-03-18.0326577,bl,1.5,17.068,16.562,0.137,0.861,0.108,g
2460021.53365,2023-03-18.0338984,bl,1.47,17.353,16.730,0.124,0.737,0.083,g
2460021.53488,2023-03-18.0351358,bl,1.54,17.154,16.814,0.160,0.683,0.100,g
2460021.60832,2023-03-18.1085715,bl,1.5,17.087,16.750,0.161,0.724,0.106,g
2460021.60957,2023-03-18.1098184,bl,1.49,17.147,16.584,0.130,0.844,0.101,g
2460021.61081,2023-03-18.1110637,bl,1.48,17.258,16.863,0.152,0.653,0.091,g
2460022.63769,2023-03-19.1379376,bH,1.46,17.222,16.589,0.122,0.840,0.094,g
2460022.63899,2023-03-19.1392273,bH,1.39,17.216,16.764,0.144,0.715,0.094,g
2460022.64026,2023-03-19.1405099,bH,1.43,17.246,16.670,0.129,0.780,0.092,g
2460023.59498,2023-03-20.0952065,bl,1.44,17.190,16.657,0.134,0.790,0.097,g
2460023.59623,2023-03-20.0964598,bl,1.46,17.113,16.920,0.183,0.620,0.104,g
2460023.59748,2023-03-20.0977108,bl,1.48,17.062,16.794,0.171,0.696,0.109,g
2460024.63512,2023-03-21.1353403,bH,1.45,17.160,16.613,0.132,0.822,0.099,g
2460024.63642,2023-03-21.1366445,bH,1.48,17.197,16.617,0.128,0.819,0.096,g
2460024.63771,2023-03-21.1379222,bH,1.41,17.103,16.597,0.137,0.834,0.105,g
2460026.25848,2023-03-22.7586832,bp,1.48,16.729,>16.729,99.990,0.676,0.148,g
2460026.25972,2023-03-22.7599199,bp,1.53,16.333,>16.333,99.990,0.226,0.213,g
2460026.26121,2023-03-22.7614078,bp,1.54,15.982,>15.982,99.990,0.022,0.294,g
2460026.49405,2023-03-22.9942471,bl,1.73,16.669,16.580,0.202,0.848,0.156,g
2460026.49529,2023-03-22.9954843,bl,1.62,16.757,16.133,0.123,1.279,0.144,g
2460026.49653,2023-03-22.9967280,bl,1.67,16.998,16.688,0.165,0.767,0.115,g
2460027.62244,2023-03-24.1226194,bH,1.39,17.215,16.710,0.138,0.752,0.094,g
2460027.62373,2023-03-24.1239127,bH,1.35,17.184,16.727,0.144,0.740,0.097,g
2460027.62501,2023-03-24.1251947,bH,1.41,17.165,16.865,0.166,0.652,0.099,g
2460028.56923,2023-03-25.0694100,bl,1.69,17.070,16.566,0.138,0.858,0.108,g
2460028.57047,2023-03-25.0706498,bl,1.73,17.114,>17.114,99.990,0.518,0.104,g
2460028.57171,2023-03-25.0718869,bl,1.67,17.124,16.633,0.139,0.807,0.103,g
2460029.62449,2023-03-26.1246489,bH,1.42,17.288,16.674,0.124,0.777,0.088,g
2460030.57009,2023-03-27.0702361,bl,1.46,16.954,16.568,0.154,0.857,0.120,g
2460030.57133,2023-03-27.0714766,bl,1.48,16.954,16.745,0.181,0.728,0.120,g
2460030.57257,2023-03-27.0727208,bl,1.47,16.850,15.796,0.083,1.744,0.132,g
2460031.29421,2023-03-27.7943446,bp,1.7,17.174,16.596,0.129,0.835,0.098,g
2460031.29555,2023-03-27.7956865,bp,1.64,17.212,16.737,0.142,0.733,0.095,g
2460031.29683,2023-03-27.7969665,bp,1.56,17.206,16.780,0.148,0.704,0.095,g
2460031.32719,2023-03-27.8273333,bp,1.67,17.196,16.682,0.136,0.771,0.096,g
2460031.32856,2023-03-27.8286917,bp,1.65,17.198,16.629,0.130,0.810,0.096,g
2460031.33006,2023-03-27.8302081,bp,1.68,17.197,16.418,0.107,0.983,0.096,g
2460033.49233,2023-03-29.9924452,bH,2.31,16.793,16.175,0.124,1.231,0.139,g
2460033.49364,2023-03-29.9937510,bH,2.3,16.925,16.611,0.164,0.823,0.123,g
2460033.49494,2023-03-29.9950519,bH,2.29,16.843,16.326,0.136,1.070,0.133,g
2460034.30388,2023-03-30.8039877,bp,2.02,16.891,16.525,0.157,0.891,0.127,g
2460034.30512,2023-03-30.8052185,bp,2.03,16.866,16.264,0.126,1.133,0.130,g
2460034.30636,2023-03-30.8064696,bp,2.02,16.762,>16.762,99.990,0.634,0.143,g
2460035.29859,2023-03-31.7986814,bp,1.57,16.972,16.518,0.144,0.897,0.118,g
2460035.29985,2023-03-31.7999385,bp,1.62,16.816,16.701,0.197,0.758,0.136,g
2460035.30109,2023-03-31.8011769,bp,1.61,16.673,>16.673,99.990,0.752,0.156,g
2460036.31007,2023-04-01.8101502,bp,1.51,16.554,>16.554,99.990,0.648,0.174,g
2460036.31131,2023-04-01.8113834,bp,1.50,16.612,>16.612,99.990,0.815,0.164,g
2460036.31285,2023-04-01.8129303,bp,1.47,16.627,>16.627,99.990,0.366,0.162,g
2460036.35800,2023-04-01.8580775,bp,1.54,16.538,>16.538,99.990,0.837,0.176,g
2460036.35926,2023-04-01.8593336,bp,1.53,16.606,>16.606,99.990,0.459,0.165,g
2460037.56833,2023-04-03.0683959,bH,1.57,16.272,>16.272,99.990,1.025,0.225,g
2460037.56964,2023-04-03.0696914,bH,1.50,16.342,>16.342,99.990,0.347,0.211,g
2460037.57094,2023-04-03.0709932,bH,1.52,16.179,>16.179,99.990,0.580,0.245,g
2460038.59875,2023-04-04.0988039,bH,1.5,15.571,>15.571,99.990,1.646,0.429,g
2460038.60005,2023-04-04.1001026,bH,2.04,15.230,>15.230,99.990,0.109,0.587,g
2460039.31767,2023-04-04.8177118,bp,1.5,16.128,>16.128,99.990,1.244,0.257,g
2460039.31901,2023-04-04.8190420,bp,1.54,16.226,>16.226,99.990,0.530,0.235,g
2460039.32023,2023-04-04.8202760,bp,1.56,16.199,>16.199,99.990,0.900,0.241,g
2460040.58849,2023-04-06.0885173,bH,1.45,15.437,>15.437,99.990,0.398,0.485,g
2460040.58979,2023-04-06.0898081,bH,1.59,15.297,>15.297,99.990,1.064,0.553,g
2460040.59108,2023-04-06.0911106,bH,1.55,15.528,>15.528,99.990,-1.232,0.446,g
2460041.23498,2023-04-06.7349932,bp,2.03,16.384,16.285,0.200,1.111,0.203,g
2460041.23625,2023-04-06.7362584,bp,1.64,16.374,>16.374,99.990,0.587,0.205,g
2460041.23749,2023-04-06.7375004,bp,1.60,16.351,16.349,0.219,1.048,0.209,g
2460042.30082,2023-04-07.8008292,bp,1.44,16.289,>16.289,99.990,0.404,0.222,g
2460042.30205,2023-04-07.8020582,bp,1.46,16.204,>16.204,99.990,0.820,0.240,g
2460042.30329,2023-04-07.8032979,bp,1.54,16.325,>16.325,99.990,0.118,0.214,g
2460043.24090,2023-04-08.7408896,bp,1.55,17.180,16.804,0.155,0.690,0.098,g
2460043.24215,2023-04-08.7421409,bp,1.54,17.140,16.804,0.161,0.689,0.101,g
2460043.24341,2023-04-08.7433966,bp,1.57,17.116,16.630,0.140,0.809,0.103,g
2460043.58126,2023-04-09.0812464,bH,1.49,16.169,>16.169,99.990,0.613,0.247,g
2460043.58255,2023-04-09.0825358,bH,1.51,16.363,>16.363,99.990,0.478,0.207,g
2460043.58382,2023-04-09.0838168,bH,1.47,16.242,>16.242,99.990,0.903,0.231,g
2460044.27679,2023-04-09.7767668,bp,1.53,17.064,16.634,0.148,0.806,0.109,g
2460044.27804,2023-04-09.7780159,bp,1.55,16.972,16.677,0.167,0.775,0.118,g
2460044.27929,2023-04-09.7792648,bp,1.53,16.943,16.452,0.139,0.953,0.121,g
2460044.32790,2023-04-09.8278723,bp,1.53,16.539,16.043,0.139,1.390,0.176,g
2460044.32912,2023-04-09.8290998,bp,1.59,16.541,16.340,0.182,1.057,0.176,g
2460044.33037,2023-04-09.8303407,bp,1.46,16.635,16.529,0.199,0.887,0.161,g
2460044.58157,2023-04-10.0815503,bH,1.39,16.528,>16.528,99.990,0.596,0.178,g
2460044.58286,2023-04-10.0828401,bH,1.42,16.529,>16.529,99.990,0.413,0.178,g
2460045.27000,2023-04-10.7699686,bp,1.49,17.360,16.747,0.125,0.727,0.083,g
2460045.27132,2023-04-10.7712898,bp,1.52,17.423,16.559,0.099,0.864,0.078,g
2460045.27258,2023-04-10.7725429,bp,1.53,17.397,16.886,0.137,0.640,0.080,g
2460045.57952,2023-04-11.0794785,bH,1.47,17.186,16.785,0.152,0.701,0.097,g
2460045.58081,2023-04-11.0807751,bH,1.52,17.002,16.550,0.145,0.871,0.115,g
2460046.26581,2023-04-11.7657614,bp,1.56,17.334,16.756,0.129,0.721,0.085,g
2460046.26706,2023-04-11.7670137,bp,1.48,17.417,16.794,0.124,0.695,0.078,g
2460046.26830,2023-04-11.7682532,bp,1.55,17.223,17.024,0.182,0.563,0.094,g
2460046.57769,2023-04-12.0776459,bH,1.65,17.185,16.559,0.123,0.864,0.097,g
2460047.57351,2023-04-13.0734409,bH,1.52,17.327,17.022,0.166,0.564,0.085,g
2460047.57479,2023-04-13.0747366,bH,1.49,17.210,16.841,0.156,0.666,0.095,g
2460048.57071,2023-04-14.0706368,bH,1.4,17.321,16.657,0.119,0.789,0.086,g
2460048.57201,2023-04-14.0719336,bH,1.41,17.164,16.796,0.156,0.694,0.099,g
2460048.57329,2023-04-14.0732162,bH,2.43,17.001,16.683,0.164,0.771,0.115,g
2460049.27314,2023-04-14.7730511,bp,1.61,17.334,16.645,0.116,0.798,0.085,g
2460049.27439,2023-04-14.7743019,bp,1.58,17.242,16.472,0.108,0.936,0.092,g
2460049.27563,2023-04-14.7755444,bp,1.65,17.362,16.623,0.111,0.815,0.083,g
2460051.51607,2023-04-17.0159594,bl,1.48,17.082,>17.082,99.990,0.497,0.107,g
2460051.51729,2023-04-17.0171837,bl,1.54,17.151,16.723,0.148,0.743,0.100,g
2460051.51854,2023-04-17.0184282,bl,1.46,17.114,16.425,0.116,0.978,0.104,g
2460052.51161,2023-04-18.0114878,bl,1.49,17.022,16.533,0.139,0.885,0.113,g
2460052.51286,2023-04-18.0127395,bl,1.49,17.091,16.923,0.188,0.618,0.106,g
2460052.51411,2023-04-18.0139918,bl,1.47,17.094,16.687,0.151,0.768,0.106,g
2460054.30451,2023-04-19.8043629,bp,1.59,17.247,16.688,0.131,0.767,0.092,g
2460054.55437,2023-04-20.0542172,bH,1.52,17.229,16.705,0.135,0.756,0.093,g
2460054.55567,2023-04-20.0555241,bH,1.55,17.256,16.526,0.112,0.891,0.091,g
2460056.55069,2023-04-22.0505230,bH,1.39,17.236,16.725,0.137,0.742,0.093,g
2460057.54522,2023-04-23.0450395,bH,1.42,17.244,16.989,0.173,0.581,0.092,g
2460057.54651,2023-04-23.0463189,bH,1.43,17.201,16.430,0.108,0.972,0.096,g
2460057.54780,2023-04-23.0476170,bH,1.43,17.167,16.818,0.159,0.680,0.099,g
2460059.54033,2023-04-25.0401243,bH,1.41,17.150,16.975,0.187,0.589,0.100,g
2460059.54161,2023-04-25.0414090,bH,1.39,17.128,16.849,0.170,0.661,0.102,g
2460059.54290,2023-04-25.0426976,bH,2.09,17.059,>17.059,99.990,0.521,0.109,g
2460060.46843,2023-04-25.9682150,bl,1.52,16.665,>16.665,99.990,0.782,0.157,g
2460060.46967,2023-04-25.9694484,bl,1.57,16.830,>16.830,99.990,0.532,0.135,g
2460060.47091,2023-04-25.9706964,bl,1.52,16.797,>16.797,99.990,0.642,0.139,g
2460062.48547,2023-04-27.9852347,bH,1.5,16.989,16.831,0.190,0.672,0.116,g
2460062.48677,2023-04-27.9865293,bH,1.48,17.026,16.621,0.151,0.816,0.112,g
2460062.48806,2023-04-27.9878145,bH,1.41,16.914,>16.914,99.990,0.553,0.125,g
2460064.21286,2023-04-29.7125906,bp,1.62,16.474,>16.474,99.990,0.929,0.187,g
2460064.21409,2023-04-29.7138278,bp,1.53,16.507,>16.507,99.990,-1.629,0.181,g
2460064.21533,2023-04-29.7150614,bp,1.67,16.557,15.851,0.114,1.659,0.173,g
2460064.51789,2023-04-30.0176182,bH,1.51,16.686,16.134,0.132,1.277,0.154,g
2460064.51917,2023-04-30.0189101,bH,1.49,16.682,16.184,0.138,1.221,0.154,g
2460064.52046,2023-04-30.0202009,bH,1.47,16.734,>16.734,99.990,0.619,0.147,g
2460065.52445,2023-05-01.0241729,bH,1.48,16.570,16.443,0.195,0.961,0.171,g
2460065.52573,2023-05-01.0254568,bH,1.51,16.371,>16.371,99.990,0.818,0.206,g
2460066.24952,2023-05-01.7492381,bp,1.56,16.510,>16.510,99.990,0.768,0.181,g
2460066.25077,2023-05-01.7504836,bp,1.52,16.642,>16.642,99.990,0.666,0.160,g
2460066.25202,2023-05-01.7517339,bp,1.49,16.661,16.503,0.190,0.910,0.157,g
2460067.51881,2023-05-03.0185106,bH,1.4,16.120,>16.120,99.990,0.892,0.259,g
2460067.52010,2023-05-03.0198078,bH,1.48,16.194,>16.194,99.990,0.517,0.242,g
2460067.52140,2023-05-03.0211043,bH,2.26,15.992,>15.992,99.990,0.332,0.291,g
2460069.21509,2023-05-04.7147692,bp,1.59,16.056,>16.056,99.990,0.288,0.275,g
2460069.21632,2023-05-04.7160039,bp,1.72,16.184,>16.184,99.990,0.845,0.244,g
2460069.51394,2023-05-05.0136218,bH,1.5,15.907,>15.907,99.990,1.254,0.315,g
2460069.51523,2023-05-05.0149042,bH,1.53,15.891,>15.891,99.990,-0.255,0.320,g
2460071.25408,2023-05-06.7537417,bp,1.48,16.231,>16.231,99.990,1.058,0.234,g
2460071.25532,2023-05-06.7549835,bp,1.57,16.254,>16.254,99.990,0.961,0.229,g
2460071.25659,2023-05-06.7562403,bp,1.51,16.072,>16.072,99.990,1.087,0.271,g
2460073.20906,2023-05-08.7086935,bp,2.03,17.147,16.332,0.103,1.064,0.101,g
2460073.21030,2023-05-08.7099340,bp,2.05,17.180,16.516,0.119,0.899,0.098,g
2460073.21154,2023-05-08.7111770,bp,2.04,17.158,16.129,0.085,1.284,0.100,g
2460074.50081,2023-05-10.0004368,bH,1.59,17.262,17.030,0.177,0.560,0.090,g
2460074.50212,2023-05-10.0017504,bH,1.6,17.193,16.414,0.107,0.987,0.096,g
2460133.94948,2023-07-08.4487512,bH,1.55,15.897,>15.897,99.990,0.875,0.318,g
2460134.94577,2023-07-09.4450435,bH,2.17,99.990,99.990,99.990,99.990,99.990,g
2460134.94707,2023-07-09.4463398,bH,2.03,99.990,99.990,99.990,99.990,99.990,g
2460134.94836,2023-07-09.4476381,bH,2.31,99.990,99.990,99.990,99.990,99.990,g
2460138.94640,2023-07-13.4456725,bH,1.58,16.203,>16.203,99.990,-0.485,0.240,g
2460138.94771,2023-07-13.4469815,bH,1.59,15.890,>15.890,99.990,0.364,0.320,g
2460138.94902,2023-07-13.4482940,bH,1.56,15.618,>15.618,99.990,0.854,0.411,g
2460139.94595,2023-07-14.4452190,bl,1.56,16.215,>16.215,99.990,0.612,0.237,g
2460139.94720,2023-07-14.4464738,bl,1.53,16.181,>16.181,99.990,0.527,0.245,g
2460139.94844,2023-07-14.4477131,bl,1.64,15.874,>15.874,99.990,0.466,0.325,g
2460141.92514,2023-07-16.4244190,bH,1.45,17.246,16.896,0.159,0.634,0.092,g
2460141.92642,2023-07-16.4256953,bH,1.46,17.176,16.715,0.143,0.748,0.098,g
2460142.92319,2023-07-17.4224681,bH,1.44,17.156,16.738,0.149,0.733,0.100,g
2460142.92446,2023-07-17.4237432,bH,1.44,17.288,16.668,0.124,0.781,0.088,g
2460142.92574,2023-07-17.4250190,bH,1.49,17.281,17.023,0.173,0.564,0.089,g
2460145.91370,2023-07-20.4129913,bH,1.62,17.194,16.347,0.100,1.050,0.096,g
2460145.91496,2023-07-20.4142545,bH,1.59,17.212,16.496,0.113,0.916,0.095,g
2460145.91624,2023-07-20.4155292,bH,1.6,17.264,16.615,0.120,0.821,0.090,g
2460158.90147,2023-08-02.4007964,bH,1.58,15.804,>15.804,99.990,0.497,0.346,g
2460158.90277,2023-08-02.4020960,bH,1.46,15.749,>15.749,99.990,-1.411,0.364,g
2460158.90408,2023-08-02.4034071,bH,1.51,15.797,>15.797,99.990,0.648,0.349,g
2460158.93911,2023-08-02.4384399,bH,1.57,15.659,>15.659,99.990,1.288,0.396,g
2460158.94041,2023-08-02.4397423,bH,1.52,15.570,>15.570,99.990,-0.536,0.430,g
2460158.94172,2023-08-02.44105,bH,1.56,15.213,>15.213,99.990,0.488,0.597,g
2460159.68138,2023-08-03.1807050,bp,1.6,16.033,16.018,0.216,1.422,0.281,g
2460159.88735,2023-08-03.3866893,bl,1.48,15.946,>15.946,99.990,0.400,0.304,g
2460159.88858,2023-08-03.3879204,bl,1.48,15.983,>15.983,99.990,-0.172,0.294,g
2460159.88982,2023-08-03.3891516,bl,1.49,16.054,>16.054,99.990,-0.141,0.275,g
2460163.63013,2023-08-07.1294819,bp,1.55,16.848,16.376,0.142,1.022,0.132,g
2460163.63139,2023-08-07.1307469,bp,1.55,16.795,>16.795,99.990,0.292,0.139,g
2460163.63263,2023-08-07.1319899,bp,1.5,16.884,16.597,0.168,0.834,0.128,g
2460164.67964,2023-08-08.1790010,bp,1.7,16.807,>16.807,99.990,0.606,0.137,g
2460164.68088,2023-08-08.1802415,bp,1.62,16.789,>16.789,99.990,0.499,0.140,g
2460164.68211,2023-08-08.1814751,bp,1.55,16.611,16.337,0.170,1.060,0.165,g
2460167.62162,2023-08-11.1209937,bp,1.50,16.835,15.369,0.057,2.586,0.134,g
2460167.62285,2023-08-11.1222251,bp,1.51,16.968,>16.968,99.990,0.407,0.118,g
2460167.62407,2023-08-11.1234495,bp,1.56,16.959,16.494,0.143,0.916,0.120,g
2460172.60862,2023-08-16.1080296,bp,1.53,17.027,16.378,0.120,1.021,0.112,g
2460172.60984,2023-08-16.1092574,bp,1.53,17.150,17.085,0.206,0.532,0.100,g
2460172.61108,2023-08-16.1104880,bp,1.56,17.125,16.742,0.154,0.730,0.103,g
2460173.61558,2023-08-17.1149916,bp,1.68,17.125,16.536,0.127,0.883,0.103,g
2460173.61682,2023-08-17.1162313,bp,1.8,17.262,16.661,0.126,0.787,0.090,g
2460173.61806,2023-08-17.1174718,bp,1.69,17.163,16.303,0.099,1.093,0.099,g
2460175.60972,2023-08-19.1091568,bp,1.55,17.260,16.976,0.169,0.588,0.091,g
2460175.61096,2023-08-19.1103973,bp,1.6,17.214,16.597,0.124,0.834,0.094,g
2460175.61217,2023-08-19.1116097,bp,1.61,17.301,16.680,0.124,0.773,0.087,g
2460183.57882,2023-08-27.0783217,bp,1.56,17.008,16.585,0.148,0.844,0.114,g
2460183.58004,2023-08-27.0795497,bp,1.54,16.990,16.555,0.147,0.868,0.116,g
2460183.58127,2023-08-27.0807702,bp,1.5,17.044,16.616,0.148,0.819,0.111,g
2460184.60838,2023-08-28.1078938,bp,1.62,16.741,16.170,0.130,1.236,0.146,g
2460184.60962,2023-08-28.1091299,bp,1.49,16.842,16.834,0.218,0.670,0.133,g
2460184.61086,2023-08-28.1103729,bp,1.59,16.886,>16.886,99.990,0.251,0.128,g
2460185.57197,2023-08-29.0714971,bp,1.58,16.119,>16.119,99.990,0.848,0.259,g
2460185.57327,2023-08-29.0727883,bp,1.59,16.116,>16.116,99.990,1.265,0.260,g
2460185.57466,2023-08-29.0741789,bp,1.59,16.118,>16.118,99.990,0.876,0.259,g
2460191.55185,2023-09-04.0514211,bp,1.51,16.394,>16.394,99.990,0.724,0.201,g
2460191.55309,2023-09-04.0526700,bp,1.52,16.358,>16.358,99.990,0.506,0.208,g
2460191.55434,2023-09-04.0539121,bp,1.52,16.424,16.162,0.172,1.245,0.196,g
2460199.56559,2023-09-12.0652428,bp,1.66,17.008,16.307,0.115,1.090,0.114,g
2460199.56681,2023-09-12.0664710,bp,1.74,17.087,16.352,0.111,1.045,0.106,g
2460199.56804,2023-09-12.0676988,bp,1.68,16.990,16.669,0.163,0.780,0.116,g
2460200.52748,2023-09-13.0271479,bp,1.58,17.164,>17.164,99.990,0.395,0.099,g
2460200.52871,2023-09-13.0283746,bp,1.57,17.136,16.779,0.158,0.705,0.102,g
2460200.53017,2023-09-13.0298393,bp,1.54,17.047,16.772,0.170,0.710,0.110,g
2460208.53429,2023-09-21.0340509,bp,1.61,17.379,16.809,0.130,0.686,0.081,g
2460210.53686,2023-09-23.0366456,bp,1.51,17.211,16.614,0.126,0.821,0.095,g
2460210.53809,2023-09-23.0378721,bp,1.49,17.238,16.504,0.111,0.909,0.092,g
2460210.53933,2023-09-23.0391148,bp,1.51,17.242,16.636,0.125,0.805,0.092,g
2460215.48145,2023-09-27.9812944,bp,1.58,16.045,15.985,0.207,1.466,0.278,g
2460215.48269,2023-09-27.9825363,bp,1.58,16.088,>16.088,99.990,0.626,0.267,g
2460216.73211,2023-09-29.2319641,bl,2.05,15.588,>15.588,99.990,-0.595,0.422,g
2460216.73334,2023-09-29.2331950,bl,2.01,15.479,>15.479,99.990,1.317,0.467,g
2460216.73456,2023-09-29.2344106,bl,2.00,15.794,>15.794,99.990,-2.924,0.350,g
2460217.72957,2023-09-30.2294349,bl,1.60,15.920,>15.920,99.990,0.206,0.311,g
2460217.73081,2023-09-30.2306726,bl,1.54,15.913,>15.913,99.990,0.095,0.313,g
2460217.73203,2023-09-30.2319109,bl,1.55,16.021,>16.021,99.990,0.988,0.283,g
2460218.77444,2023-10-01.2743190,bl,1.50,16.174,>16.174,99.990,0.823,0.246,g
2460218.77567,2023-10-01.2755513,bl,1.48,16.160,>16.160,99.990,0.715,0.250,g
2460218.77689,2023-10-01.2767800,bl,1.52,16.226,>16.226,99.990,0.994,0.235,g
2460219.77327,2023-10-02.2731684,bl,1.5,16.388,>16.388,99.990,0.484,0.202,g
2460219.77450,2023-10-02.2743984,bl,1.6,16.131,>16.131,99.990,0.957,0.256,g
2460219.77574,2023-10-02.2756337,bl,1.57,16.243,>16.243,99.990,0.683,0.231,g
2460221.48095,2023-10-03.9808605,bp,1.64,16.481,16.366,0.197,1.031,0.186,g
2460221.48219,2023-10-03.9821033,bp,1.64,16.388,16.293,0.201,1.104,0.202,g
2460221.48343,2023-10-03.9833453,bp,1.63,16.201,>16.201,99.990,0.026,0.240,g
2460222.55783,2023-10-05.0577556,bp,1.68,16.328,>16.328,99.990,0.915,0.214,g
2460222.55908,2023-10-05.0590175,bp,1.65,16.484,>16.484,99.990,0.419,0.185,g
2460222.56031,2023-10-05.0602432,bp,1.65,16.459,16.348,0.198,1.049,0.189,g
2460223.73346,2023-10-06.2334047,bH,1.58,17.085,16.527,0.131,0.890,0.106,g
2460223.73474,2023-10-06.2346820,bH,1.59,17.238,16.762,0.141,0.717,0.092,g
2460223.73601,2023-10-06.2359579,bH,1.56,17.051,16.219,0.102,1.182,0.110,g
2460223.86999,2023-10-06.3699431,bl,1.61,16.934,16.238,0.115,1.162,0.122,g
2460223.87122,2023-10-06.3711690,bl,1.61,16.778,16.656,0.196,0.790,0.141,g
2460223.87245,2023-10-06.3723934,bl,1.61,16.763,>16.763,99.990,0.527,0.143,g
2460224.72768,2023-10-07.2276388,bl,1.68,16.844,16.189,0.120,1.215,0.133,g
2460224.72893,2023-10-07.2288869,bl,1.7,16.913,15.834,0.081,1.683,0.125,g
2460224.73016,2023-10-07.2301207,bl,1.72,16.897,16.750,0.191,0.725,0.127,g
2460225.75572,2023-10-08.2556881,bl,1.59,16.805,16.357,0.145,1.041,0.138,g
2460225.75695,2023-10-08.2569214,bl,1.53,16.905,16.291,0.124,1.106,0.126,g
2460225.75819,2023-10-08.2581547,bl,1.59,16.948,16.616,0.161,0.819,0.121,g
2460226.76736,2023-10-09.2673414,bH,1.42,17.202,16.523,0.117,0.893,0.096,g
2460226.76864,2023-10-09.2686152,bH,1.39,17.292,16.721,0.129,0.744,0.088,g
2460226.76992,2023-10-09.2699039,bH,1.43,17.160,16.061,0.079,1.367,0.099,g
2460227.78876,2023-10-10.2887498,bH,1.37,17.201,16.618,0.128,0.818,0.096,g
2460227.79005,2023-10-10.2900378,bH,1.42,17.266,16.718,0.132,0.746,0.090,g
2460227.79132,2023-10-10.2913089,bH,1.47,17.293,16.677,0.124,0.774,0.088,g
2460228.70795,2023-10-11.2079621,bH,1.4,17.146,16.694,0.144,0.763,0.101,g
2460228.70923,2023-10-11.2092393,bH,1.43,17.121,16.614,0.137,0.821,0.103,g
2460228.71051,2023-10-11.2105165,bH,1.41,17.305,16.799,0.138,0.693,0.087,g
2460229.79314,2023-10-12.2931576,bl,1.58,17.059,16.821,0.176,0.678,0.109,g
2460229.79437,2023-10-12.2943864,bl,1.57,17.089,16.499,0.127,0.913,0.106,g
2460229.79560,2023-10-12.2956233,bl,1.57,17.056,16.422,0.122,0.980,0.109,g
2460230.79091,2023-10-13.2909402,bl,1.49,17.179,17.045,0.194,0.552,0.098,g
2460230.79212,2023-10-13.2921607,bl,1.54,17.218,16.757,0.143,0.720,0.094,g
2460230.79335,2023-10-13.2933789,bl,1.55,17.113,16.612,0.138,0.822,0.104,g
2460232.70907,2023-10-15.2091346,bl,1.53,17.001,16.835,0.188,0.670,0.115,g
2460232.71030,2023-10-15.2103645,bl,1.62,17.161,16.553,0.125,0.868,0.099,g
2460232.71153,2023-10-15.2115930,bl,1.56,17.042,16.275,0.108,1.123,0.111,g
2460234.47905,2023-10-16.9791335,bp,1.51,17.306,16.719,0.128,0.746,0.087,g
2460234.48028,2023-10-16.9803622,bp,1.51,17.342,16.772,0.130,0.710,0.084,g
2460234.48153,2023-10-16.9816062,bp,1.46,17.152,16.702,0.145,0.757,0.100,g
2460235.67211,2023-10-18.1722038,bl,1.49,16.943,16.754,0.184,0.722,0.121,g
2460235.67335,2023-10-18.1734365,bl,1.57,16.889,16.561,0.162,0.862,0.127,g
2460235.67458,2023-10-18.1746734,bl,1.56,17.079,16.397,0.117,1.003,0.107,g
2460236.83668,2023-10-19.3367883,bH,1.42,17.303,16.651,0.120,0.793,0.087,g
2460236.83796,2023-10-19.3380766,bH,1.42,17.288,16.447,0.101,0.957,0.088,g
2460236.83924,2023-10-19.3393438,bH,1.38,17.308,16.608,0.115,0.825,0.087,g
2460237.75779,2023-10-20.2579098,bl,1.57,16.794,16.709,0.203,0.752,0.139,g
2460237.75903,2023-10-20.2591435,bl,1.52,16.277,>16.277,99.990,0.586,0.224,g
2460237.76025,2023-10-20.2603697,bl,1.52,17.076,16.464,0.125,0.943,0.107,g
2460238.68997,2023-10-21.1901008,bl,1.50,14.181,>14.181,99.990,-0.220,1.544,g
2460238.69121,2023-10-21.1913351,bl,1.62,99.990,99.990,99.990,99.990,99.990,g
2460238.69243,2023-10-21.1925620,bl,1.35,99.990,99.990,99.990,99.990,99.990,g
2460239.67094,2023-10-22.1710834,bH,1.61,16.979,16.559,0.149,0.864,0.117,g
2460239.67221,2023-10-22.1723489,bH,1.70,16.809,16.714,0.201,0.749,0.137,g
2460239.67349,2023-10-22.1736228,bH,1.61,16.880,16.312,0.130,1.085,0.129,g
2460240.73297,2023-10-23.2331287,bH,1.48,16.954,16.511,0.146,0.903,0.120,g
2460240.73424,2023-10-23.2344035,bH,1.54,16.874,>16.874,99.990,0.414,0.129,g
2460240.73553,2023-10-23.2356901,bH,1.48,16.910,>16.910,99.990,0.346,0.125,g
2460243.40065,2023-10-25.9008320,bp,1.61,16.225,>16.225,99.990,0.822,0.235,g
2460243.40188,2023-10-25.9020712,bp,1.51,16.170,>16.170,99.990,0.424,0.247,g
2460243.40312,2023-10-25.9033050,bp,1.53,16.335,>16.335,99.990,0.323,0.212,g
2460244.65255,2023-10-27.1527517,bH,1.53,15.663,15.438,0.178,2.427,0.395,g
2460244.65383,2023-10-27.1540304,bH,1.46,15.811,>15.811,99.990,-0.707,0.344,g
2460244.65511,2023-10-27.1553115,bH,1.52,15.975,>15.975,99.990,-1.558,0.296,g
2460245.67920,2023-10-28.1794187,bl,1.54,15.952,>15.952,99.990,0.210,0.302,g
2460245.68043,2023-10-28.1806487,bl,1.58,15.901,>15.901,99.990,0.261,0.317,g
2460245.68166,2023-10-28.1818769,bl,1.57,15.945,>15.945,99.990,0.968,0.304,g
2460247.65162,2023-10-30.1518555,bH,1.44,15.649,15.567,0.203,2.154,0.400,g
2460247.65292,2023-10-30.1531542,bH,1.53,15.903,>15.903,99.990,-1.557,0.316,g
2460247.65420,2023-10-30.1544304,bH,1.57,15.723,>15.723,99.990,0.858,0.373,g
2460248.65716,2023-10-31.1574038,bH,1.47,16.093,15.621,0.142,2.049,0.266,g
2460248.65843,2023-10-31.1586855,bH,1.46,16.304,>16.304,99.990,0.380,0.219,g
2460248.65971,2023-10-31.1599593,bH,1.48,16.111,15.190,0.094,3.048,0.261,g
2460249.39337,2023-10-31.8936275,bp,1.53,16.191,>16.191,99.990,-0.208,0.243,g
2460249.39460,2023-10-31.8948578,bp,1.59,16.314,>16.314,99.990,-0.219,0.216,g
2460249.39583,2023-10-31.8960846,bp,1.59,16.296,>16.296,99.990,0.298,0.220,g
2460251.76401,2023-11-03.2642972,bl,1.53,16.664,16.470,0.183,0.938,0.157,g
2460251.76525,2023-11-03.2655305,bl,1.47,16.717,>16.717,99.990,0.701,0.149,g
2460251.76647,2023-11-03.2667560,bl,1.47,16.663,>16.663,99.990,0.664,0.157,g
2460253.43627,2023-11-04.9365734,bp,1.48,17.175,16.641,0.134,0.801,0.098,g
2460253.43751,2023-11-04.9378156,bp,1.49,17.229,16.924,0.165,0.617,0.093,g
2460253.43875,2023-11-04.9390562,bp,1.5,17.218,16.749,0.142,0.726,0.094,g
2460254.70025,2023-11-06.2005690,bH,1.45,17.263,16.575,0.116,0.851,0.090,g
2460254.70246,2023-11-06.2027813,bH,1.44,17.289,16.905,0.154,0.628,0.088,g
2460254.70445,2023-11-06.2047674,bH,1.43,17.233,16.592,0.121,0.838,0.093,g
2460256.64269,2023-11-08.1430251,bH,1.45,17.381,16.761,0.124,0.717,0.081,g
2460256.64467,2023-11-08.1450130,bH,1.47,17.196,16.538,0.119,0.881,0.096,g
2460257.64352,2023-11-09.1438627,bH,1.47,17.254,16.528,0.112,0.890,0.091,g
2460257.64551,2023-11-09.1458554,bH,1.42,17.223,16.784,0.146,0.702,0.094,g
2460259.40287,2023-11-10.9032440,bp,1.49,17.306,16.542,0.108,0.878,0.087,g
2460259.40413,2023-11-10.9045001,bp,1.54,17.256,16.678,0.129,0.774,0.091,g
2460259.40537,2023-11-10.9057407,bp,1.49,17.275,16.687,0.127,0.768,0.089,g
2460260.62702,2023-11-12.1274011,bl,1.55,16.986,16.557,0.148,0.866,0.117,g
2460260.62824,2023-11-12.1286243,bl,1.6,17.015,16.470,0.133,0.938,0.114,g
2460260.62947,2023-11-12.1298564,bl,1.57,17.018,16.536,0.141,0.882,0.113,g
2460261.74568,2023-11-13.2460763,bl,1.45,16.968,16.577,0.153,0.849,0.119,g
2460261.74692,2023-11-13.2473116,bl,1.5,17.028,16.747,0.169,0.726,0.112,g
2460261.74815,2023-11-13.2485427,bl,1.48,17.050,16.839,0.180,0.667,0.110,g
2460261.79193,2023-11-13.2923203,bH,1.45,17.210,16.506,0.114,0.907,0.095,g
2460261.79394,2023-11-13.2943248,bH,1.44,17.241,16.496,0.110,0.915,0.092,g
2460261.79595,2023-11-13.2963521,bH,1.43,17.208,16.734,0.142,0.735,0.095,g
2460262.75379,2023-11-14.2541914,bl,1.47,17.074,16.740,0.161,0.731,0.108,g
2460263.61088,2023-11-15.1112840,bH,1.57,17.056,16.208,0.100,1.194,0.109,g
2460263.61287,2023-11-15.1132810,bH,1.59,17.087,16.599,0.140,0.833,0.106,g
2460263.61487,2023-11-15.1152711,bH,1.6,17.120,16.387,0.112,1.012,0.103,g
2460263.77143,2023-11-15.2718487,bl,1.59,16.094,>16.094,99.990,0.300,0.265,g
2460263.77266,2023-11-15.2730789,bl,1.55,16.257,>16.257,99.990,0.431,0.228,g
2460263.77389,2023-11-15.2743032,bl,1.54,16.336,>16.336,99.990,0.686,0.212,g
2460264.62122,2023-11-16.1216424,bH,1.45,17.193,16.767,0.148,0.713,0.096,g
2460264.62251,2023-11-16.1229326,bH,1.5,17.309,16.893,0.149,0.635,0.087,g
2460264.62379,2023-11-16.1242074,bH,1.43,17.192,16.475,0.113,0.934,0.097,g
2460265.62137,2023-11-17.1218013,bH,1.46,17.199,>17.199,99.990,0.476,0.096,g
2460265.62265,2023-11-17.1230824,bH,1.45,17.305,17.164,0.192,0.495,0.087,g
2460265.62393,2023-11-17.1243568,bH,1.46,17.221,16.565,0.120,0.859,0.094,g
2460267.77281,2023-11-19.2732598,bl,1.48,17.054,16.548,0.137,0.873,0.110,g
2460267.77404,2023-11-19.2744943,bl,1.49,17.087,16.397,0.116,1.003,0.106,g
2460267.77526,2023-11-19.2757172,bl,1.45,17.077,16.673,0.151,0.778,0.107,g
2460268.77523,2023-11-20.2756996,bl,1.53,17.117,16.665,0.145,0.783,0.103,g
2460268.77646,2023-11-20.2769237,bl,1.51,17.230,16.721,0.137,0.744,0.093,g
2460268.77768,2023-11-20.2781394,bl,1.48,17.077,16.735,0.160,0.734,0.107,g
2460270.57212,2023-11-22.0726070,bH,1.41,16.574,>16.574,99.990,0.460,0.170,g
2460270.57340,2023-11-22.0738811,bH,1.44,16.664,16.327,0.161,1.069,0.157,g
2460270.57468,2023-11-22.0751559,bH,1.44,16.726,>16.726,99.990,0.197,0.148,g
2460272.56594,2023-11-24.0664412,bH,1.4,16.344,16.199,0.192,1.203,0.211,g
2460272.56724,2023-11-24.0677341,bH,1.52,16.504,15.930,0.129,1.541,0.182,g
2460272.56850,2023-11-24.0690031,bH,1.51,16.374,16.245,0.195,1.153,0.205,g
2460274.53370,2023-11-26.0342244,bp,1.59,16.284,>16.284,99.990,0.255,0.223,g
2460274.56494,2023-11-26.0654624,bH,1.4,16.010,>16.010,99.990,0.804,0.286,g
2460274.56622,2023-11-26.0667325,bH,1.49,16.116,>16.116,99.990,0.439,0.260,g
2460274.56749,2023-11-26.0680086,bH,1.44,16.103,>16.103,99.990,-0.004,0.263,g
2460274.78491,2023-11-26.2854307,bH,1.53,16.167,>16.167,99.990,0.365,0.248,g
2460274.78619,2023-11-26.2867069,bH,1.55,16.098,>16.098,99.990,0.902,0.264,g
2460274.78745,2023-11-26.2879734,bH,1.53,16.169,>16.169,99.990,0.229,0.247,g
2460276.73160,2023-11-28.2321276,bl,1.48,16.083,>16.083,99.990,0.902,0.268,g
2460276.73282,2023-11-28.2333553,bl,1.49,16.136,>16.136,99.990,0.224,0.255,g
2460276.73406,2023-11-28.2345980,bl,1.48,16.039,>16.039,99.990,0.886,0.279,g
2460277.75627,2023-11-29.2568186,bl,1.45,16.196,>16.196,99.990,0.921,0.241,g
2460277.75750,2023-11-29.2580438,bl,1.48,16.356,>16.356,99.990,0.780,0.208,g
2460277.75872,2023-11-29.2592597,bl,1.56,16.206,>16.206,99.990,0.587,0.239,g
2460280.79918,2023-12-02.2997466,bl,1.5,16.533,16.480,0.209,0.929,0.177,g
2460280.80041,2023-12-02.3009767,bl,1.47,16.622,>16.622,99.990,0.611,0.163,g
2460280.80166,2023-12-02.3022230,bl,1.48,16.560,>16.560,99.990,0.738,0.173,g
2460283.63246,2023-12-05.1330497,bl,1.46,17.212,16.785,0.148,0.701,0.095,g
2460283.63370,2023-12-05.1342892,bl,1.48,17.143,16.629,0.136,0.810,0.101,g
2460283.63493,2023-12-05.1355214,bl,1.49,17.108,16.753,0.158,0.723,0.104,g
2460284.63689,2023-12-06.1374774,bl,1.46,17.137,16.628,0.137,0.810,0.101,g
2460284.63813,2023-12-06.1387165,bl,1.49,17.166,16.637,0.135,0.804,0.099,g
2460284.63935,2023-12-06.1399452,bl,1.47,17.077,16.596,0.141,0.835,0.107,g
2460286.72621,2023-12-08.2268195,bl,1.57,16.866,>16.866,99.990,0.474,0.130,g
2460286.72745,2023-12-08.2280612,bl,1.57,16.805,16.795,0.217,0.695,0.138,g
2460286.72870,2023-12-08.2293015,bl,1.54,16.751,>16.751,99.990,0.598,0.145,g
2460287.81367,2023-12-09.3142817,bl,1.62,17.031,16.401,0.123,0.999,0.112,g
2460287.81489,2023-12-09.3155085,bl,1.57,17.089,16.797,0.167,0.694,0.106,g
2460287.81612,2023-12-09.3167349,bl,1.51,17.111,>17.111,99.990,0.490,0.104,g
2460289.69729,2023-12-11.1979064,bl,1.55,17.291,17.008,0.169,0.571,0.088,g
2460289.69850,2023-12-11.1991340,bl,1.6,17.135,16.646,0.140,0.797,0.102,g
2460289.69973,2023-12-11.2003628,bl,1.53,17.061,16.654,0.150,0.792,0.109,g
2460291.69454,2023-12-13.1951799,bl,1.59,17.081,16.696,0.154,0.762,0.107,g
2460291.69578,2023-12-13.1964208,bl,1.64,17.240,16.841,0.152,0.666,0.092,g
2460291.69701,2023-12-13.1976460,bl,1.61,17.133,16.803,0.162,0.690,0.102,g
2460297.72323,2023-12-19.2238972,bl,1.51,17.128,17.097,0.213,0.527,0.102,g
2460297.72446,2023-12-19.2251246,bl,1.53,17.145,16.850,0.167,0.661,0.101,g
2460297.72569,2023-12-19.2263533,bl,1.5,17.062,16.575,0.140,0.851,0.109,g
2460298.69695,2023-12-20.1976156,bl,1.45,17.005,>17.005,99.990,0.370,0.115,g
2460298.69817,2023-12-20.1988439,bl,1.47,16.922,16.900,0.215,0.631,0.124,g
2460298.69940,2023-12-20.2000762,bl,1.48,17.039,16.736,0.166,0.734,0.111,g
2460299.69393,2023-12-21.1946099,bl,1.59,16.713,>16.713,99.990,0.730,0.150,g
2460299.69515,2023-12-21.1958260,bl,1.57,16.745,16.683,0.207,0.771,0.146,g
2460299.69637,2023-12-21.1970430,bl,1.56,16.706,>16.706,99.990,0.747,0.151,g
2460300.70517,2023-12-22.2058431,bl,1.61,16.758,>16.758,99.990,0.665,0.144,g
2460300.70638,2023-12-22.2070658,bl,1.61,16.825,>16.825,99.990,0.560,0.135,g
2460300.70763,2023-12-22.2083017,bl,1.61,16.638,>16.638,99.990,0.622,0.161,g
2460301.71931,2023-12-23.2199959,bH,1.44,16.247,15.963,0.169,1.496,0.230,g
2460301.72060,2023-12-23.2212778,bH,1.46,16.162,>16.162,99.990,0.546,0.249,g
2460301.72189,2023-12-23.2225725,bH,1.42,16.534,15.899,0.122,1.587,0.177,g
2460301.83118,2023-12-23.3318659,bl,1.64,17.071,16.691,0.154,0.765,0.108,g
2460301.83241,2023-12-23.3330971,bl,1.68,17.000,16.611,0.153,0.824,0.115,g
2460301.83365,2023-12-23.3343298,bl,1.66,17.125,>17.125,99.990,0.506,0.103,g
2460302.79125,2023-12-24.2919373,bl,1.54,16.764,>16.764,99.990,0.654,0.143,g
2460302.79247,2023-12-24.2931664,bl,1.59,16.646,16.384,0.172,1.015,0.159,g
2460302.79370,2023-12-24.2943939,bl,1.53,16.659,16.581,0.204,0.846,0.158,g
2460303.83197,2023-12-25.3326629,bl,2.12,16.540,>16.540,99.990,0.823,0.176,g
2460303.83320,2023-12-25.3338929,bl,2.1,16.329,>16.329,99.990,0.852,0.214,g
2460303.83444,2023-12-25.3351290,bl,2.11,15.935,>15.935,99.990,1.012,0.307,g
2460305.75521,2023-12-27.2559004,bl,1.64,15.939,>15.939,99.990,0.168,0.306,g
2460305.75644,2023-12-27.2571302,bl,1.66,15.854,>15.854,99.990,0.436,0.331,g
2460305.75765,2023-12-27.2583498,bl,1.66,15.819,>15.819,99.990,0.493,0.341,g
2460311.30910,2024-01-01.8098074,bp,1.49,17.264,16.729,0.134,0.738,0.090,g
2460311.31034,2024-01-01.8110491,bp,1.56,17.221,16.758,0.143,0.719,0.094,g
2460311.31157,2024-01-01.8122791,bp,1.5,17.389,16.939,0.145,0.609,0.080,g
2460312.67680,2024-01-03.1775097,bl,1.47,17.111,16.616,0.139,0.820,0.104,g
2460312.67803,2024-01-03.1787386,bl,1.47,17.090,16.865,0.178,0.652,0.106,g
2460312.67925,2024-01-03.1799658,bl,1.45,17.026,16.804,0.179,0.689,0.112,g
2460313.66666,2024-01-04.1673696,bH,1.43,17.289,16.933,0.158,0.612,0.088,g
2460313.66793,2024-01-04.1686434,bH,1.45,17.363,16.276,0.080,1.121,0.082,g
2460313.66920,2024-01-04.1699180,bH,1.44,17.234,16.552,0.117,0.869,0.093,g
2460313.67047,2024-01-04.1711803,bH,1.43,17.270,16.820,0.145,0.679,0.090,g
2460313.67174,2024-01-04.1724491,bH,1.44,17.274,16.556,0.113,0.867,0.089,g
2460313.67304,2024-01-04.1737464,bH,1.45,17.317,16.552,0.108,0.869,0.086,g
2460314.53561,2024-01-05.0363211,bp,1.48,17.145,16.583,0.131,0.845,0.101,g
2460314.53684,2024-01-05.0375501,bp,1.53,17.092,16.469,0.123,0.938,0.106,g
2460314.53807,2024-01-05.0387813,bp,1.45,17.060,16.574,0.140,0.852,0.109,g
2460315.75190,2024-01-06.2526133,bH,1.4,17.171,16.961,0.181,0.596,0.098,g
2460315.75318,2024-01-06.2538929,bH,1.38,17.097,16.965,0.194,0.595,0.105,g
2460315.75445,2024-01-06.2551614,bH,1.40,17.159,16.559,0.126,0.864,0.099,g
2460316.82250,2024-01-07.3232123,bH,1.48,17.155,16.803,0.158,0.690,0.100,g
2460316.82377,2024-01-07.3244908,bH,1.44,17.109,17.073,0.212,0.538,0.104,g
2460316.82505,2024-01-07.3257625,bH,1.46,17.146,17.022,0.195,0.564,0.101,g
2460319.56664,2024-01-10.0673560,bl,1.56,17.014,16.630,0.154,0.809,0.114,g
2460319.56787,2024-01-10.0685837,bl,1.53,17.004,16.446,0.131,0.959,0.115,g
2460319.56910,2024-01-10.0698137,bl,1.5,16.942,16.524,0.149,0.892,0.121,g
2460321.75921,2024-01-12.2599224,bH,1.43,17.202,16.466,0.111,0.941,0.096,g
2460322.46398,2024-01-12.9646993,bp,2.05,17.020,16.287,0.111,1.110,0.113,g
2460322.46522,2024-01-12.9659373,bp,2.06,17.125,16.424,0.115,0.978,0.103,g
2460322.46648,2024-01-12.9671887,bp,2.06,17.088,16.347,0.111,1.050,0.106,g
2460322.77899,2024-01-13.2796905,bH,1.55,17.198,16.833,0.157,0.671,0.096,g
2460322.78026,2024-01-13.2809597,bH,1.54,17.217,17.110,0.199,0.520,0.094,g
2460322.78153,2024-01-13.2822370,bH,1.55,17.213,16.745,0.142,0.728,0.095,g
2460324.77474,2024-01-15.2754575,bH,1.39,17.120,16.712,0.150,0.750,0.103,g
2460324.77603,2024-01-15.2767328,bH,1.42,17.321,16.471,0.100,0.937,0.086,g
2460324.77729,2024-01-15.2780075,bH,1.39,17.212,16.713,0.138,0.750,0.095,g
2460325.30658,2024-01-15.8072849,bp,1.55,17.144,16.628,0.136,0.810,0.101,g
2460325.30781,2024-01-15.8085173,bp,1.55,17.257,16.682,0.129,0.771,0.091,g
2460325.30904,2024-01-15.8097473,bp,1.5,17.243,16.444,0.105,0.960,0.092,g
2460325.77078,2024-01-16.2714966,bH,1.44,17.170,16.819,0.159,0.680,0.098,g
2460325.77206,2024-01-16.2727611,bH,1.46,17.125,16.677,0.145,0.775,0.103,g
2460325.77335,2024-01-16.2740489,bH,1.38,17.156,16.736,0.149,0.734,0.100,g
2460326.77056,2024-01-17.2712644,bH,1.49,17.108,16.751,0.158,0.724,0.104,g
2460326.77185,2024-01-17.2725518,bH,1.44,17.173,16.917,0.173,0.621,0.098,g
2460326.77313,2024-01-17.2738265,bH,1.43,17.107,16.876,0.177,0.645,0.104,g
2460327.76640,2024-01-18.2670967,bH,1.4,17.215,17.213,0.219,0.473,0.094,g
2460327.76766,2024-01-18.2683645,bH,1.45,17.186,16.884,0.166,0.640,0.097,g
2460327.76895,2024-01-18.2696523,bH,1.42,17.139,16.462,0.117,0.945,0.101,g
2460328.55174,2024-01-19.0524331,bl,1.57,16.771,>16.771,99.990,0.375,0.142,g
2460328.55298,2024-01-19.0536736,bl,1.57,16.745,>16.745,99.990,0.670,0.146,g
2460328.55420,2024-01-19.0549000,bl,1.59,16.603,>16.603,99.990,0.527,0.166,g
2460328.76227,2024-01-19.2629636,bH,1.44,17.234,17.190,0.210,0.483,0.093,g
2460328.76353,2024-01-19.2642385,bH,1.42,17.148,16.478,0.118,0.931,0.101,g
2460328.76483,2024-01-19.2655275,bH,1.41,17.173,17.007,0.188,0.571,0.098,g
2460329.57382,2024-01-20.0745146,bl,1.46,16.660,16.402,0.173,0.998,0.158,g
2460329.57504,2024-01-20.0757387,bl,1.48,16.563,16.326,0.176,1.071,0.172,g
2460329.57628,2024-01-20.0769711,bl,1.53,16.518,>16.518,99.990,0.813,0.179,g
2460329.76191,2024-01-20.2626053,bH,1.43,17.375,17.153,0.179,0.500,0.081,g
2460329.76318,2024-01-20.2638793,bH,1.43,17.427,16.645,0.107,0.798,0.078,g
2460329.76445,2024-01-20.2651541,bH,1.41,17.201,16.599,0.126,0.832,0.096,g
2460330.52862,2024-01-21.0293121,bl,1.50,15.609,>15.609,99.990,0.227,0.414,g
2460330.52985,2024-01-21.0305373,bl,1.65,15.962,>15.962,99.990,0.727,0.299,g
2460330.53106,2024-01-21.0317565,bl,1.65,15.845,>15.845,99.990,0.515,0.333,g
2460330.75761,2024-01-21.2583038,bH,1.46,17.301,16.990,0.165,0.581,0.087,g
2460330.75889,2024-01-21.2595935,bH,1.55,17.228,16.670,0.131,0.780,0.093,g
2460330.76018,2024-01-21.2608766,bH,1.56,17.194,16.519,0.117,0.897,0.096,g
2460331.74936,2024-01-22.2500515,bH,1.42,16.425,16.288,0.193,1.108,0.196,g
2460331.75063,2024-01-22.2513216,bH,1.42,16.422,>16.422,99.990,0.851,0.196,g
2460331.75190,2024-01-22.2525893,bH,1.42,16.434,16.381,0.209,1.018,0.194,g
2460332.74853,2024-01-23.2492240,bH,1.47,16.266,>16.266,99.990,0.691,0.226,g
2460332.74981,2024-01-23.2504994,bH,1.46,16.572,>16.572,99.990,-0.535,0.171,g
2460332.75107,2024-01-23.2517673,bH,1.53,16.142,>16.142,99.990,0.199,0.254,g
2460333.75014,2024-01-24.2508265,bH,1.47,16.094,>16.094,99.990,-1.574,0.265,g
2460333.75141,2024-01-24.2520930,bH,1.46,15.853,>15.853,99.990,0.090,0.331,g
2460333.75266,2024-01-24.2533527,bH,1.47,15.988,>15.988,99.990,0.356,0.292,g
2460334.30918,2024-01-24.8098618,bp,1.52,16.265,>16.265,99.990,1.052,0.227,g
2460334.31043,2024-01-24.8111094,bp,1.56,16.255,>16.255,99.990,0.941,0.229,g
2460334.31173,2024-01-24.8124148,bp,1.59,16.413,>16.413,99.990,0.357,0.198,g
2460336.56664,2024-01-27.0673175,bl,1.56,16.251,16.159,0.201,1.248,0.229,g
2460336.56786,2024-01-27.0685372,bl,1.55,16.445,>16.445,99.990,0.699,0.192,g
2460336.56910,2024-01-27.0697731,bl,1.58,16.169,>16.169,99.990,0.727,0.247,g
2460337.74234,2024-01-28.2430085,bH,1.46,16.020,16.008,0.217,1.435,0.284,g
2460337.74362,2024-01-28.2442832,bH,1.55,15.940,>15.940,99.990,0.511,0.305,g
2460337.74488,2024-01-28.2455521,bH,1.53,16.040,>16.040,99.990,0.605,0.279,g
2460338.54788,2024-01-29.0485450,bl,1.5,16.933,16.731,0.182,0.737,0.122,g
2460338.54911,2024-01-29.0497760,bl,1.48,17.008,>17.008,99.990,0.329,0.114,g
2460338.55033,2024-01-29.0509991,bl,1.46,16.967,16.766,0.182,0.714,0.119,g
2460338.73516,2024-01-29.2358244,bH,1.44,16.253,>16.253,99.990,0.551,0.229,g
2460338.73642,2024-01-29.2370928,bH,1.46,16.177,>16.177,99.990,-0.453,0.246,g
2460338.73770,2024-01-29.2383684,bH,1.42,16.304,>16.304,99.990,0.176,0.219,g
2460339.54370,2024-01-30.0443663,bl,1.47,17.011,>17.011,99.990,0.522,0.114,g
2460339.54493,2024-01-30.0455964,bl,1.43,17.060,16.769,0.168,0.712,0.109,g
2460339.54616,2024-01-30.0468254,bl,1.5,17.093,16.708,0.154,0.753,0.106,g
2460339.73100,2024-01-30.2316614,bH,1.43,16.439,>16.439,99.990,0.346,0.193,g
2460339.73228,2024-01-30.2329398,bH,1.44,16.259,>16.259,99.990,1.060,0.228,g
2460339.73355,2024-01-30.2342136,bH,1.45,16.444,>16.444,99.990,0.100,0.192,g
2460340.73035,2024-01-31.2310087,bH,1.56,16.791,16.387,0.151,1.012,0.140,g
2460340.73163,2024-01-31.2322835,bH,1.63,16.603,16.504,0.200,0.909,0.166,g
2460340.73290,2024-01-31.2335597,bH,1.63,16.641,>16.641,99.990,0.639,0.160,g
2460341.28499,2024-01-31.7856518,bp,1.71,16.967,16.387,0.128,1.012,0.119,g
2460341.28624,2024-01-31.7868859,bp,1.8,17.138,16.673,0.143,0.778,0.101,g
2460341.28746,2024-01-31.7881150,bp,1.71,17.145,16.385,0.109,1.013,0.101,g
2460341.72667,2024-02-01.2273267,bH,1.48,16.885,16.866,0.216,0.651,0.128,g
2460341.72795,2024-02-01.2286013,bH,1.45,16.795,16.581,0.180,0.847,0.139,g
2460341.72921,2024-02-01.2298622,bH,1.44,16.672,16.259,0.150,1.138,0.156,g
2460346.71276,2024-02-06.2133778,bH,1.4,16.871,16.345,0.135,1.052,0.130,g
2460346.71402,2024-02-06.2146402,bH,1.43,17.057,16.877,0.186,0.644,0.109,g
2460346.71528,2024-02-06.2159081,bH,1.42,16.831,16.213,0.124,1.188,0.135,g
2460350.69835,2024-02-10.1989446,bH,1.4,17.310,17.281,0.213,0.444,0.087,g
2460350.69961,2024-02-10.2002053,bH,1.4,17.300,16.741,0.131,0.730,0.087,g
2460350.70087,2024-02-10.2014740,bH,1.41,17.317,16.860,0.144,0.655,0.086,g
2460351.69712,2024-02-11.1977112,bH,1.41,17.203,16.596,0.125,0.835,0.096,g
2460351.69841,2024-02-11.1990010,bH,1.39,17.210,16.768,0.146,0.712,0.095,g
2460352.69306,2024-02-12.1936427,bH,1.51,17.173,16.596,0.129,0.835,0.098,g
2460352.69434,2024-02-12.1949177,bH,1.46,17.239,16.610,0.123,0.824,0.092,g
2460352.69561,2024-02-12.1961936,bH,1.48,17.223,16.701,0.135,0.758,0.094,g
2460353.69261,2024-02-13.1931839,bH,1.42,17.358,16.950,0.151,0.602,0.083,g
2460353.69389,2024-02-13.1944604,bH,1.44,17.250,16.789,0.143,0.699,0.091,g
2460353.69516,2024-02-13.1957305,bH,1.43,17.188,16.584,0.126,0.844,0.097,g
2460354.68815,2024-02-14.1887160,bH,1.57,17.279,16.708,0.129,0.753,0.089,g
2460354.68943,2024-02-14.1899944,bH,1.55,17.124,16.422,0.115,0.980,0.103,g
2460354.69069,2024-02-14.1912625,bH,1.61,17.063,16.429,0.122,0.974,0.109,g
2460355.68344,2024-02-15.1840019,bH,1.46,17.224,16.702,0.135,0.757,0.094,g
2460355.68471,2024-02-15.1852769,bH,1.46,17.413,16.606,0.104,0.827,0.079,g
2460355.68598,2024-02-15.1865400,bH,1.45,17.244,16.753,0.139,0.722,0.092,g
2460357.35681,2024-02-16.8573513,bp,1.55,17.029,16.494,0.134,0.918,0.112,g
2460357.35805,2024-02-16.8585918,bp,1.55,16.948,16.706,0.175,0.755,0.121,g
2460357.35928,2024-02-16.8598232,bp,1.55,16.927,16.647,0.169,0.797,0.123,g
2460358.70112,2024-02-18.2016576,bl,1.46,17.028,16.899,0.195,0.632,0.112,g
2460358.70235,2024-02-18.2028856,bl,1.47,17.005,16.673,0.161,0.778,0.115,g
2460358.70358,2024-02-18.2041129,bl,1.45,17.072,16.740,0.161,0.731,0.108,g
2460360.33315,2024-02-19.8336724,bp,1.53,16.542,16.471,0.205,0.937,0.176,g
2460360.33438,2024-02-19.8349037,bp,1.51,16.513,16.463,0.209,0.943,0.180,g
2460360.33562,2024-02-19.8361430,bp,1.49,16.506,>16.506,99.990,0.790,0.181,g
2460362.36968,2024-02-21.8701806,bp,1.53,16.430,>16.430,99.990,0.700,0.195,g
2460362.37093,2024-02-21.8714318,bp,1.52,16.473,>16.473,99.990,0.410,0.187,g
2460362.37217,2024-02-21.8726782,bp,1.54,16.335,>16.335,99.990,-0.131,0.212,g
2460363.61183,2024-02-23.1123317,bl,1.62,15.897,>15.897,99.990,0.554,0.318,g
2460364.37484,2024-02-23.8753332,bp,1.45,15.928,>15.928,99.990,1.062,0.309,g
2460364.37615,2024-02-23.8766407,bp,1.6,16.090,>16.090,99.990,0.998,0.266,g
2460364.37740,2024-02-23.8778883,bp,1.56,16.091,>16.091,99.990,-0.379,0.266,g
2460365.36925,2024-02-24.8697312,bp,1.53,16.159,>16.159,99.990,0.287,0.250,g
2460365.37048,2024-02-24.8709587,bp,1.67,15.911,>15.911,99.990,0.766,0.314,g
2460365.37172,2024-02-24.8722017,bp,1.62,16.153,15.690,0.143,1.923,0.251,g
2460365.59273,2024-02-25.0932070,bl,1.51,15.995,>15.995,99.990,0.378,0.290,g
2460365.59395,2024-02-25.0944277,bl,1.44,15.937,>15.937,99.990,1.228,0.306,g
2460365.59518,2024-02-25.0956564,bl,1.5,16.173,>16.173,99.990,1.163,0.247,g
2460365.66183,2024-02-25.1623055,bH,1.72,14.301,>14.301,99.990,-0.517,1.382,g
2460365.66311,2024-02-25.1635804,bH,1.88,14.852,>14.852,99.990,1.261,0.832,g
2460365.66440,2024-02-25.1648712,bH,1.57,14.902,>14.902,99.990,0.338,0.795,g
2460366.64742,2024-02-26.1478956,bl,1.47,16.089,>16.089,99.990,0.683,0.266,g
2460366.64866,2024-02-26.1491348,bl,1.54,16.190,>16.190,99.990,1.186,0.243,g
2460366.64990,2024-02-26.1503672,bl,1.49,16.222,>16.222,99.990,-0.150,0.236,g
2460369.37623,2024-02-28.8766739,bp,1.58,16.378,16.224,0.190,1.176,0.204,g
2460369.37750,2024-02-28.8779377,bp,1.57,16.505,>16.505,99.990,0.548,0.182,g
2460369.37872,2024-02-28.8791609,bp,1.55,16.426,>16.426,99.990,0.518,0.195,g
2460369.64124,2024-02-29.1416751,bH,1.41,16.335,>16.335,99.990,0.484,0.212,g
2460369.64251,2024-02-29.1429511,bH,1.46,16.494,>16.494,99.990,0.610,0.183,g
2460369.64380,2024-02-29.1442379,bH,1.49,16.581,>16.581,99.990,-0.025,0.169,g
2460370.36012,2024-02-29.8605517,bp,1.61,16.523,16.226,0.167,1.174,0.179,g
2460370.36142,2024-02-29.8618501,bp,1.58,16.610,15.832,0.107,1.688,0.165,g
2460370.36270,2024-02-29.8631391,bp,1.61,16.474,>16.474,99.990,0.793,0.187,g
2460370.64054,2024-03-01.1409709,bH,1.42,16.692,>16.692,99.990,-0.110,0.153,g
2460370.64181,2024-03-01.1422340,bH,1.45,16.722,>16.722,99.990,0.540,0.149,g
2460370.64307,2024-03-01.1434965,bH,1.44,16.502,16.273,0.178,1.124,0.182,g
2460371.38853,2024-03-01.8889564,bp,1.52,16.573,>16.573,99.990,0.615,0.171,g
2460371.38976,2024-03-01.8901829,bp,1.51,16.573,>16.573,99.990,0.705,0.171,g
2460371.39099,2024-03-01.8914092,bp,1.5,16.617,>16.617,99.990,0.638,0.164,g
2460371.63582,2024-03-02.1362396,bH,1.46,16.865,16.558,0.165,0.864,0.130,g
2460371.63709,2024-03-02.1375184,bH,1.44,16.892,16.655,0.176,0.791,0.127,g
2460371.63849,2024-03-02.1389094,bH,1.4,17.014,16.885,0.195,0.640,0.114,g
2460372.37018,2024-03-02.8705927,bp,1.54,16.708,15.923,0.106,1.553,0.151,g
2460372.37141,2024-03-02.8718270,bp,1.54,16.904,16.903,0.219,0.630,0.126,g
2460372.37265,2024-03-02.8730604,bp,1.56,16.943,>16.943,99.990,0.605,0.121,g
2460372.63476,2024-03-03.1351672,bH,1.5,17.040,16.575,0.143,0.851,0.111,g
2460372.63604,2024-03-03.1364493,bH,1.48,17.132,16.701,0.147,0.758,0.102,g
2460372.63732,2024-03-03.1377274,bH,1.45,17.129,16.736,0.152,0.734,0.102,g
2460373.64082,2024-03-04.1412200,bH,1.37,17.388,16.475,0.095,0.933,0.081,g
2460373.64211,2024-03-04.1425099,bH,1.44,17.107,16.710,0.152,0.752,0.104,g
2460373.64337,2024-03-04.1437685,bH,1.45,17.188,16.832,0.158,0.672,0.097,g
2460374.62944,2024-03-05.1298287,bH,1.48,17.149,16.714,0.147,0.749,0.100,g
2460374.63072,2024-03-05.1311028,bH,1.45,17.364,16.935,0.148,0.611,0.082,g
2460374.63199,2024-03-05.1323693,bH,1.49,17.257,16.694,0.131,0.763,0.091,g
2460375.35997,2024-03-05.8603543,bp,1.64,17.061,16.231,0.102,1.168,0.109,g
2460375.36121,2024-03-05.8615996,bp,1.65,17.039,16.210,0.102,1.191,0.111,g
2460375.36244,2024-03-05.8628251,bp,1.49,17.219,16.890,0.162,0.637,0.094,g
2460375.62529,2024-03-06.1256681,bH,1.48,17.204,16.755,0.145,0.721,0.095,g
2460375.62657,2024-03-06.1269440,bH,1.47,17.115,16.679,0.147,0.773,0.104,g
2460375.62784,2024-03-06.1282155,bH,1.52,17.326,16.699,0.123,0.760,0.085,g
2460376.37690,2024-03-06.8772730,bp,1.49,16.982,16.545,0.146,0.875,0.117,g
2460376.37813,2024-03-06.8784994,bp,1.51,16.936,16.705,0.177,0.755,0.122,g
2460376.37934,2024-03-06.8797190,bp,1.49,17.075,16.586,0.140,0.843,0.107,g
2460378.35748,2024-03-08.8578368,bp,1.48,17.014,16.431,0.128,0.972,0.114,g
2460378.35872,2024-03-08.8590657,bp,1.49,17.146,16.964,0.185,0.595,0.101,g
2460378.35995,2024-03-08.8603040,bp,1.47,17.134,16.894,0.176,0.634,0.102,g
2460379.33990,2024-03-09.8402355,bp,1.5,17.121,16.717,0.151,0.747,0.103,g
2460379.34111,2024-03-09.8414526,bp,1.52,17.041,16.554,0.140,0.867,0.111,g
2460379.34233,2024-03-09.8426696,bp,1.49,16.909,16.322,0.127,1.075,0.125,g
2460380.33997,2024-03-10.8402958,bp,1.5,17.038,16.574,0.143,0.852,0.111,g
2460380.34119,2024-03-10.8415115,bp,1.5,17.156,16.701,0.144,0.758,0.100,g
2460380.34240,2024-03-10.8427362,bp,1.54,17.085,16.315,0.108,1.082,0.107,g
2460381.33476,2024-03-11.8350788,bp,1.48,17.150,>17.150,99.990,0.493,0.100,g
2460381.33600,2024-03-11.8363109,bp,1.48,17.335,16.670,0.119,0.779,0.085,g
2460381.33723,2024-03-11.8375408,bp,1.46,17.022,16.535,0.140,0.883,0.113,g
2460383.34031,2024-03-13.8406020,bp,1.54,17.014,16.954,0.207,0.600,0.114,g
2460383.34154,2024-03-13.8418333,bp,1.52,17.042,16.525,0.136,0.892,0.111,g
2460383.34278,2024-03-13.8430784,bp,1.51,17.068,16.752,0.164,0.723,0.108,g
2460384.33675,2024-03-14.8370375,bp,1.51,17.050,16.640,0.150,0.801,0.110,g
2460384.33798,2024-03-14.8382664,bp,1.49,17.014,16.760,0.173,0.718,0.114,g
2460384.33922,2024-03-14.8395069,bp,1.45,17.032,16.787,0.175,0.700,0.112,g
2460385.34683,2024-03-15.8471087,bp,2.04,16.712,>16.712,99.990,0.661,0.150,g
2460385.34815,2024-03-15.8484291,bp,2.01,16.726,16.509,0.179,0.905,0.148,g
2460385.34939,2024-03-15.8496700,bp,2.0,16.811,16.670,0.192,0.780,0.137,g
2460386.33172,2024-03-16.8319829,bp,1.5,16.992,16.391,0.126,1.008,0.116,g
2460386.33297,2024-03-16.8332324,bp,1.48,16.789,>16.789,99.990,0.626,0.140,g
2460386.33420,2024-03-16.8344583,bp,1.46,16.865,16.650,0.180,0.794,0.130,g
2460386.60643,2024-03-17.1066880,bH,1.46,16.803,>16.803,99.990,0.469,0.138,g
2460386.60767,2024-03-17.1079271,bH,1.45,16.794,16.658,0.193,0.788,0.139,g
2460386.60892,2024-03-17.1091732,bH,1.46,17.042,16.889,0.190,0.638,0.111,g
2460388.58399,2024-03-19.0842261,bH,1.43,16.669,>16.669,99.990,0.685,0.156,g
2460388.58524,2024-03-19.0854755,bH,1.53,16.283,>16.283,99.990,0.620,0.223,g
2460388.58650,2024-03-19.0867265,bH,1.5,16.776,>16.776,99.990,0.584,0.141,g
2460389.23856,2024-03-19.7387851,bp,1.6,16.005,>16.005,99.990,1.078,0.288,g
2460389.23979,2024-03-19.7400148,bp,1.7,16.206,>16.206,99.990,0.911,0.239,g
2460389.24102,2024-03-19.7412464,bp,1.78,16.278,16.129,0.191,1.283,0.224,g
2460389.58360,2024-03-20.0838171,bH,1.45,16.441,16.215,0.178,1.186,0.193,g
2460389.58485,2024-03-20.0850622,bH,1.46,15.834,>15.834,99.990,1.090,0.337,g
2460389.58610,2024-03-20.0863151,bH,1.55,16.302,>16.302,99.990,-0.959,0.219,g
2460390.59533,2024-03-21.0955458,bH,1.49,16.087,>16.087,99.990,-3.128,0.268,g
2460390.59658,2024-03-21.0967918,bH,1.48,16.223,>16.223,99.990,0.555,0.235,g
2460390.59782,2024-03-21.0980311,bH,1.44,16.147,>16.147,99.990,0.582,0.252,g
2460391.31923,2024-03-21.8194365,bp,1.49,16.288,>16.288,99.990,0.775,0.222,g
2460391.32047,2024-03-21.8206780,bp,1.51,16.287,>16.287,99.990,0.580,0.222,g
2460391.32173,2024-03-21.8219224,bp,1.51,16.284,>16.284,99.990,0.465,0.223,g
2460392.57296,2024-03-23.0731420,bH,1.49,15.726,>15.726,99.990,0.807,0.372,g
2460392.57420,2024-03-23.0743834,bH,1.51,16.256,>16.256,99.990,-0.505,0.228,g
2460392.57544,2024-03-23.0756260,bH,1.43,16.193,15.107,0.081,3.291,0.243,g
2460393.56821,2024-03-24.0683938,bH,1.6,15.920,>15.920,99.990,-1.437,0.311,g
2460393.56947,2024-03-24.0696353,bH,1.99,15.899,>15.899,99.990,1.388,0.317,g
2460393.57071,2024-03-24.0708750,bH,2.01,16.224,15.198,0.085,3.024,0.236,g
2460394.31142,2024-03-24.8115871,bp,1.49,15.872,>15.872,99.990,0.931,0.325,g
2460394.31267,2024-03-24.8128314,bp,1.46,15.875,>15.875,99.990,0.743,0.324,g
2460394.31390,2024-03-24.8140627,bp,1.55,15.896,>15.896,99.990,1.013,0.318,g
2460394.56742,2024-03-25.0675811,bH,2.08,15.788,>15.788,99.990,-2.176,0.352,g
2460394.56865,2024-03-25.0688106,bH,2.04,15.718,>15.718,99.990,-0.241,0.375,g
2460394.56989,2024-03-25.0700587,bH,2.14,15.748,>15.748,99.990,-0.716,0.365,g
2460395.56255,2024-03-26.0627050,bH,2.08,15.437,>15.437,99.990,2.266,0.486,g
2460395.56380,2024-03-26.0639548,bH,1.95,15.788,>15.788,99.990,0.210,0.351,g
2460395.56504,2024-03-26.0651972,bH,2.01,15.798,>15.798,99.990,1.392,0.348,g
2460396.30335,2024-03-26.8034950,bp,1.68,16.028,16.026,0.219,1.411,0.282,g
2460396.30458,2024-03-26.8047281,bp,1.53,15.994,>15.994,99.990,0.647,0.291,g
2460396.30582,2024-03-26.8059648,bp,1.57,15.944,>15.944,99.990,1.251,0.304,g
2460396.56165,2024-03-27.0617855,bH,1.44,15.757,15.722,0.213,1.866,0.362,g
2460396.56290,2024-03-27.0630384,bH,1.41,16.029,>16.029,99.990,0.484,0.281,g
2460396.56414,2024-03-27.0642809,bH,1.37,15.870,15.072,0.105,3.399,0.326,g
2460397.55721,2024-03-28.0573366,bH,1.43,15.899,>15.899,99.990,1.156,0.317,g
2460397.55845,2024-03-28.0585717,bH,1.43,16.297,>16.297,99.990,0.374,0.220,g
2460397.55968,2024-03-28.0597996,bH,1.42,16.301,15.949,0.159,1.514,0.219,g
2460398.29789,2024-03-28.7980016,bp,1.54,16.506,>16.506,99.990,0.637,0.181,g
2460398.29912,2024-03-28.7992331,bp,1.5,16.400,16.385,0.216,1.014,0.200,g
2460398.30035,2024-03-28.8004651,bp,1.47,16.472,>16.472,99.990,0.825,0.187,g
2460399.29734,2024-03-29.7974445,bp,1.52,16.592,16.573,0.215,0.853,0.168,g
2460399.29856,2024-03-29.7986693,bp,1.57,16.687,>16.687,99.990,0.329,0.154,g
2460399.29979,2024-03-29.7998997,bp,1.54,16.628,>16.628,99.990,0.656,0.162,g
2460399.55193,2024-03-30.0520343,bH,1.43,17.085,16.348,0.111,1.049,0.106,g
2460399.55317,2024-03-30.0532756,bH,1.40,17.068,16.804,0.172,0.689,0.108,g
2460399.55442,2024-03-30.0545251,bH,1.37,17.039,16.896,0.192,0.633,0.111,g
2460400.31013,2024-03-30.8102246,bp,1.53,16.932,16.897,0.212,0.633,0.123,g
2460400.31136,2024-03-30.8114535,bp,1.51,16.795,16.767,0.213,0.713,0.139,g
2460400.31260,2024-03-30.8126917,bp,1.46,17.096,16.876,0.179,0.645,0.105,g
2460400.55100,2024-03-31.0510880,bH,1.43,17.302,16.557,0.110,0.865,0.087,g
2460400.55226,2024-03-31.0523538,bH,1.4,17.353,16.720,0.122,0.744,0.083,g
2460400.55352,2024-03-31.0536148,bH,1.4,17.320,16.770,0.132,0.711,0.086,g
2460401.54651,2024-04-01.0465878,bH,1.4,17.415,16.519,0.096,0.896,0.079,g
2460401.54775,2024-04-01.0478314,bH,1.38,17.245,16.515,0.112,0.899,0.092,g
2460401.54899,2024-04-01.0490748,bH,1.41,17.339,16.515,0.103,0.900,0.084,g
2460402.28883,2024-04-01.7888999,bp,1.54,16.954,16.602,0.158,0.831,0.120,g
2460402.29005,2024-04-01.7901180,bp,1.49,17.193,16.654,0.133,0.792,0.096,g
2460402.29129,2024-04-01.7913586,bp,1.56,16.967,16.601,0.156,0.832,0.119,g
2460402.54550,2024-04-02.0455702,bH,1.43,17.414,16.661,0.109,0.787,0.079,g
2460402.54674,2024-04-02.0468078,bH,1.41,17.432,16.747,0.117,0.726,0.077,g
2460402.54797,2024-04-02.0480376,bH,1.4,17.347,16.606,0.111,0.827,0.084,g
2460403.30365,2024-04-02.8037123,bp,1.58,17.067,>17.067,99.990,0.413,0.108,g
2460403.30488,2024-04-02.8049401,bp,1.56,17.048,16.758,0.168,0.719,0.110,g
2460403.30611,2024-04-02.8061689,bp,1.52,17.136,16.855,0.169,0.658,0.102,g
2460403.54110,2024-04-03.0411562,bH,1.42,17.353,16.746,0.125,0.727,0.083,g
2460403.54235,2024-04-03.0424104,bH,1.48,17.303,16.603,0.115,0.830,0.087,g
2460403.54359,2024-04-03.0436462,bH,1.42,17.418,16.554,0.099,0.868,0.078,g
2460404.28145,2024-04-03.7815018,bp,1.49,17.174,16.726,0.145,0.741,0.098,g
2460404.28268,2024-04-03.7827328,bp,1.51,17.041,16.880,0.189,0.643,0.111,g
2460404.28390,2024-04-03.7839501,bp,1.5,17.127,16.626,0.138,0.812,0.102,g
2460404.54023,2024-04-04.0402621,bH,1.44,17.405,16.658,0.110,0.789,0.079,g
2460404.54147,2024-04-04.0415041,bH,1.41,17.437,16.428,0.086,0.975,0.077,g
2460404.54270,2024-04-04.0427379,bH,1.4,17.296,16.526,0.108,0.890,0.088,g
2460405.28124,2024-04-04.7812733,bp,1.55,16.876,16.426,0.145,0.976,0.129,g
2460405.28248,2024-04-04.7825174,bp,1.56,17.083,16.558,0.135,0.865,0.107,g
2460405.28371,2024-04-04.7837462,bp,1.56,17.042,16.845,0.183,0.663,0.111,g
2460405.53557,2024-04-05.0355989,bH,1.41,17.329,16.389,0.092,1.011,0.085,g
2460405.53681,2024-04-05.0368401,bH,1.5,17.372,16.698,0.118,0.760,0.082,g
2460405.53805,2024-04-05.0380776,bH,1.48,17.457,16.840,0.124,0.666,0.076,g
2460406.53463,2024-04-06.0346431,bH,1.39,17.405,16.722,0.117,0.743,0.079,g
2460406.53588,2024-04-06.0358847,bH,1.43,17.381,17.034,0.159,0.557,0.081,g
2460406.53712,2024-04-06.0371282,bH,1.42,17.330,16.810,0.136,0.686,0.085,g
2460409.52484,2024-04-09.0248107,bH,1.37,17.487,16.847,0.121,0.663,0.074,g
2460409.52609,2024-04-09.0260615,bH,1.44,17.420,16.734,0.116,0.735,0.078,g
2460409.52733,2024-04-09.0273052,bH,1.39,17.263,16.643,0.124,0.799,0.090,g
2460410.52409,2024-04-10.0240563,bH,1.39,17.254,16.733,0.136,0.736,0.091,g
2460410.52533,2024-04-10.0252986,bH,1.40,17.341,17.053,0.168,0.548,0.084,g
2460410.52656,2024-04-10.0265337,bH,1.43,17.321,16.846,0.141,0.663,0.086,g
2460411.51803,2024-04-11.0179797,bH,1.44,17.377,16.857,0.136,0.656,0.081,g
2460411.51926,2024-04-11.0192071,bH,1.4,17.230,16.436,0.105,0.967,0.093,g
2460411.52050,2024-04-11.0204495,bH,1.43,17.466,16.662,0.104,0.786,0.075,g
2460412.24893,2024-04-11.748875,bp,1.53,17.214,16.658,0.131,0.788,0.095,g
2460412.25018,2024-04-11.7501225,bp,1.58,17.038,16.376,0.119,1.023,0.111,g
2460412.25141,2024-04-11.7513549,bp,1.5,16.984,16.847,0.193,0.662,0.117,g
2460412.51912,2024-04-12.0190612,bH,1.43,17.320,16.607,0.114,0.827,0.086,g
2460412.52036,2024-04-12.0203062,bH,1.39,17.359,16.720,0.122,0.745,0.083,g
2460412.52161,2024-04-12.0215478,bH,1.4,17.340,16.867,0.142,0.651,0.084,g
2460413.54260,2024-04-13.0425277,bH,1.53,99.990,99.990,99.990,99.990,99.990,g
2460413.54384,2024-04-13.0437670,bH,1.55,16.043,>16.043,99.990,0.492,0.278,g
2460413.54508,2024-04-13.0450060,bH,1.54,17.165,16.790,0.155,0.699,0.099,g
2460416.50638,2024-04-16.0062718,bH,1.4,16.933,>16.933,99.990,0.449,0.122,g
2460416.50762,2024-04-16.0075144,bH,1.43,16.988,16.941,0.210,0.608,0.116,g
2460416.50887,2024-04-16.0087603,bH,1.46,16.901,16.636,0.172,0.805,0.126,g
2460417.52147,2024-04-17.0213480,bH,1.46,17.002,16.892,0.198,0.636,0.115,g
2460417.52271,2024-04-17.0225937,bH,1.51,17.067,16.952,0.197,0.602,0.108,g
2460417.52396,2024-04-17.0238407,bH,1.47,17.057,>17.057,99.990,0.414,0.109,g
2460418.24035,2024-04-17.7402172,bp,1.67,16.514,16.421,0.201,0.981,0.180,g
2460418.24159,2024-04-17.7414615,bp,1.58,16.532,>16.532,99.990,0.434,0.177,g
2460418.24281,2024-04-17.7426869,bp,1.53,16.435,16.321,0.197,1.076,0.194,g
2460418.49568,2024-04-17.9955543,bH,1.64,16.669,16.097,0.129,1.321,0.156,g
2460418.49692,2024-04-17.9967912,bH,1.60,16.936,>16.936,99.990,0.139,0.122,g
2460418.49816,2024-04-17.9980371,bH,1.67,16.777,>16.777,99.990,0.679,0.141,g
2460419.23957,2024-04-18.7394291,bp,1.63,16.387,>16.387,99.990,0.684,0.202,g
2460419.24081,2024-04-18.7406684,bp,1.51,16.509,>16.509,99.990,0.659,0.181,g
2460419.24204,2024-04-18.7418975,bp,1.54,16.442,>16.442,99.990,0.893,0.192,g
2460419.49503,2024-04-18.9948827,bH,1.46,16.749,>16.749,99.990,0.597,0.145,g
2460419.49627,2024-04-18.9961255,bH,1.45,16.752,16.123,0.123,1.290,0.145,g
2460419.49752,2024-04-18.9973739,bH,1.39,16.657,>16.657,99.990,0.478,0.158,g
2460420.23901,2024-04-19.7388625,bp,1.56,16.304,>16.304,99.990,0.829,0.219,g
2460420.24024,2024-04-19.7400912,bp,1.57,16.353,16.092,0.172,1.328,0.209,g
2460420.24148,2024-04-19.7413274,bp,1.50,16.420,>16.420,99.990,0.615,0.196,g
2460420.51261,2024-04-20.0124530,bH,1.45,16.676,>16.676,99.990,0.349,0.155,g
2460420.51386,2024-04-20.0137083,bH,1.45,16.519,16.249,0.171,1.150,0.179,g
2460420.51510,2024-04-20.0149530,bH,1.46,16.615,>16.615,99.990,0.649,0.164,g
2460422.48551,2024-04-21.9853297,bH,1.47,15.059,14.999,0.207,3.637,0.689,g
2460422.48675,2024-04-21.9865733,bH,1.51,15.371,>15.371,99.990,0.545,0.516,g
2460422.48800,2024-04-21.9878230,bH,1.64,14.979,>14.979,99.990,-1.665,0.740,g
2460423.50188,2024-04-23.0016899,bH,1.51,16.093,>16.093,99.990,0.672,0.265,g
2460423.50312,2024-04-23.0029309,bH,1.54,16.140,>16.140,99.990,-0.169,0.254,g
2460423.50436,2024-04-23.0041640,bH,1.45,16.081,>16.081,99.990,-0.266,0.268,g
2460424.22859,2024-04-23.7283949,bp,1.5,15.673,>15.673,99.990,1.081,0.391,g
2460424.22983,2024-04-23.7296318,bp,1.56,15.444,>15.444,99.990,0.414,0.483,g
2460424.23107,2024-04-23.7308763,bp,1.54,15.833,>15.833,99.990,0.761,0.337,g
2460424.48700,2024-04-23.9867924,bH,1.60,15.862,>15.862,99.990,1.224,0.328,g
2460424.48825,2024-04-23.9880445,bH,1.61,15.881,>15.881,99.990,1.115,0.323,g
2460424.48951,2024-04-23.9893072,bH,1.65,15.961,15.378,0.128,2.563,0.300,g
2460425.22432,2024-04-24.7241136,bp,1.62,16.103,>16.103,99.990,0.664,0.263,g
2460425.22556,2024-04-24.7253510,bp,1.6,16.162,>16.162,99.990,0.869,0.249,g
2460425.22680,2024-04-24.7265987,bp,1.6,15.987,>15.987,99.990,0.803,0.293,g
2460428.50069,2024-04-28.0004423,bl,1.54,17.062,16.647,0.150,0.796,0.109,g
2460428.50192,2024-04-28.0016725,bl,1.48,16.983,16.531,0.144,0.886,0.117,g
2460428.50316,2024-04-28.0029143,bl,1.49,16.821,>16.821,99.990,0.617,0.136,g
2460432.26524,2024-05-01.7649467,bp,1.59,17.211,16.568,0.121,0.857,0.095,g
2460432.26653,2024-05-01.7662306,bp,1.63,17.280,16.411,0.098,0.991,0.089,g
2460432.26777,2024-05-01.7674751,bp,1.63,17.377,16.773,0.126,0.710,0.081,g
2460436.24978,2024-05-05.7494361,bp,1.63,17.116,16.402,0.113,0.998,0.103,g
2460436.25104,2024-05-05.7507013,bp,1.68,17.082,16.499,0.128,0.913,0.107,g
2460436.25259,2024-05-05.7522608,bp,1.64,17.252,16.865,0.153,0.652,0.091,g
2460437.46946,2024-05-06.9691120,bl,1.52,17.073,16.537,0.134,0.881,0.108,g
2460437.47069,2024-05-06.9703412,bl,1.49,17.048,16.860,0.184,0.655,0.110,g
2460437.47192,2024-05-06.9715724,bl,1.48,17.191,16.713,0.141,0.750,0.097,g
2460440.23184,2024-05-09.7314590,bp,1.5,17.176,16.600,0.129,0.831,0.098,g
2460440.23305,2024-05-09.7326784,bp,1.51,17.241,16.528,0.113,0.889,0.092,g
2460440.23428,2024-05-09.7339003,bp,1.55,17.149,17.025,0.195,0.562,0.100,g
2460443.21056,2024-05-12.7101482,bp,1.73,16.918,16.472,0.145,0.936,0.124,g
2460443.21181,2024-05-12.7113960,bp,1.65,17.004,16.541,0.143,0.878,0.115,g
2460443.21304,2024-05-12.7126273,bp,1.72,17.059,16.681,0.155,0.772,0.109,g
2460448.23059,2024-05-17.7301319,bp,1.76,16.148,>16.148,99.990,0.354,0.252,g
2460448.23183,2024-05-17.7313711,bp,1.8,16.115,>16.115,99.990,1.016,0.260,g
2460449.21723,2024-05-18.7167590,bp,1.53,16.415,16.398,0.216,1.002,0.197,g
2460449.21868,2024-05-18.7182114,bp,1.54,16.594,>16.594,99.990,0.673,0.167,g
2460449.22006,2024-05-18.7195903,bp,1.54,16.385,>16.385,99.990,0.599,0.203,g
2460454.45940,2024-05-23.9588822,bH,1.65,15.749,>15.749,99.990,0.455,0.364,g
2460454.46064,2024-05-23.9601222,bH,1.75,15.711,>15.711,99.990,0.849,0.377,g
2460456.45187,2024-05-25.9513410,bH,1.71,14.000,>14.000,99.990,-0.632,1.823,g
2460456.45313,2024-05-25.9525950,bH,1.75,14.304,>14.304,99.990,0.389,1.379,g
2460456.45437,2024-05-25.9538366,bH,1.68,14.353,>14.353,99.990,0.606,1.318,g
2460457.45166,2024-05-26.9511173,bH,2.34,16.360,15.793,0.130,1.748,0.208,g
2460457.45290,2024-05-26.9523589,bH,2.30,16.635,16.165,0.142,1.241,0.161,g
2460458.44773,2024-05-27.9471905,bH,2.46,15.720,>15.720,99.990,1.128,0.374,g
2460458.44897,2024-05-27.9484295,bH,2.42,16.007,>16.007,99.990,1.231,0.287,g
2460458.45021,2024-05-27.9496707,bH,2.41,16.256,15.779,0.141,1.772,0.228,g
2460499.94804,2024-07-08.4473121,bH,2.44,15.912,>15.912,99.990,0.044,0.313,g
2460499.94929,2024-07-08.4485673,bH,1.61,15.668,15.467,0.182,2.360,0.393,g
2460500.94474,2024-07-09.4440150,bH,1.6,16.623,>16.623,99.990,0.770,0.163,g
2460500.94599,2024-07-09.4452655,bH,1.53,16.411,>16.411,99.990,0.654,0.198,g
2460500.94723,2024-07-09.4465091,bH,1.56,16.353,>16.353,99.990,0.497,0.209,g
2460503.93414,2024-07-12.4334204,bH,1.42,17.183,16.534,0.121,0.883,0.097,g
2460503.93540,2024-07-12.4346711,bH,1.45,17.257,16.418,0.101,0.984,0.091,g
2460503.93665,2024-07-12.4359221,bH,1.47,17.230,17.088,0.192,0.531,0.093,g
2460506.92742,2024-07-15.4267067,bH,1.85,17.283,16.650,0.122,0.794,0.089,g
2460506.92866,2024-07-15.4279431,bH,1.81,17.371,16.698,0.118,0.760,0.082,g
2460506.92989,2024-07-15.4291741,bH,1.77,17.175,16.418,0.109,0.983,0.098,g
2460508.92053,2024-07-17.4198112,bl,1.47,17.265,17.249,0.216,0.457,0.090,g
2460508.92177,2024-07-17.4210518,bl,1.47,17.147,16.681,0.143,0.772,0.101,g
2460508.92301,2024-07-17.4222947,bl,1.46,17.189,16.448,0.111,0.957,0.097,g
2460510.91742,2024-07-19.4167,bH,1.47,16.907,16.294,0.125,1.103,0.126,g
2460510.91867,2024-07-19.4179491,bH,1.48,17.075,16.614,0.143,0.821,0.107,g
2460510.91992,2024-07-19.4192099,bH,1.6,17.019,16.534,0.140,0.884,0.113,g
2460524.66702,2024-08-02.1663519,bp,1.53,17.162,16.675,0.140,0.776,0.099,g
2460524.66825,2024-08-02.1675784,bp,1.53,17.145,16.596,0.132,0.835,0.101,g
2460524.66949,2024-08-02.1688189,bp,1.51,17.234,16.417,0.103,0.984,0.093,g
2460535.90142,2024-08-13.4008204,bl,1.49,17.160,16.505,0.120,0.908,0.099,g
2460536.93695,2024-08-14.4363550,bl,1.59,15.814,>15.814,99.990,1.659,0.343,g
2460536.93818,2024-08-14.4375834,bl,1.66,15.604,>15.604,99.990,0.467,0.416,g
2460539.88891,2024-08-17.3883335,bH,1.52,99.990,99.990,99.990,99.990,99.990,g
2460539.89017,2024-08-17.3895912,bH,1.42,13.861,>13.861,99.990,-6.549,2.079,g
2460541.88978,2024-08-19.3892269,bl,2.09,15.540,>15.540,99.990,0.640,0.442,g
2460541.89101,2024-08-19.3904557,bl,1.75,15.804,>15.804,99.990,1.562,0.346,g
2460541.89224,2024-08-19.3916812,bl,1.63,15.604,>15.604,99.990,-0.746,0.416,g
2460545.58362,2024-08-23.0830954,bp,1.6,16.317,>16.317,99.990,0.942,0.216,g
2460545.58502,2024-08-23.0844880,bp,1.62,16.307,>16.307,99.990,0.509,0.218,g
2460545.58627,2024-08-23.0857447,bp,1.66,16.433,15.946,0.140,1.519,0.194,g
2460546.83714,2024-08-24.3366218,bl,1.51,16.582,>16.582,99.990,0.837,0.169,g
2460546.83961,2024-08-24.3390924,bl,1.58,16.624,>16.624,99.990,0.486,0.163,g
2460547.87814,2024-08-25.3776320,bl,1.47,16.780,16.197,0.128,1.206,0.141,g
2460547.87939,2024-08-25.3788843,bl,1.51,16.831,16.733,0.200,0.736,0.135,g
2460548.82494,2024-08-26.3244403,bl,1.5,16.905,16.528,0.155,0.889,0.126,g
2460548.82617,2024-08-26.3256771,bl,1.49,16.914,>16.914,99.990,0.542,0.125,g
2460548.82741,2024-08-26.3269164,bl,1.48,16.966,16.391,0.129,1.008,0.119,g
2460549.82876,2024-08-27.3282651,bH,1.56,17.073,16.481,0.127,0.928,0.108,g
2460549.82999,2024-08-27.3294944,bH,1.54,17.203,16.677,0.135,0.775,0.095,g
2460549.83125,2024-08-27.3307646,bH,1.53,17.064,16.413,0.120,0.987,0.109,g
2460553.55404,2024-08-31.0535855,bp,1.7,17.085,16.377,0.114,1.022,0.106,g
2460553.55542,2024-08-31.0549653,bp,1.72,17.079,16.364,0.113,1.034,0.107,g
2460553.55672,2024-08-31.0562630,bp,1.7,17.046,16.238,0.104,1.160,0.110,g
2460554.81025,2024-09-01.3098109,bH,1.44,17.321,17.065,0.173,0.542,0.086,g
2460554.81151,2024-09-01.3110597,bH,1.46,17.320,16.731,0.127,0.737,0.086,g
2460554.81275,2024-09-01.3123056,bH,1.46,17.365,16.956,0.150,0.599,0.082,g
2460555.80278,2024-09-02.3023502,bH,1.54,17.399,16.762,0.122,0.717,0.080,g
2460555.80404,2024-09-02.3036005,bH,1.54,17.343,16.480,0.099,0.929,0.084,g
2460555.80529,2024-09-02.3048567,bH,1.61,17.437,16.970,0.143,0.592,0.077,g
2460556.87076,2024-09-03.3703358,bl,1.55,17.261,>17.261,99.990,0.384,0.091,g
2460556.87199,2024-09-03.3715636,bl,1.52,17.193,16.590,0.126,0.839,0.096,g
2460556.87322,2024-09-03.3728008,bl,1.5,17.141,16.474,0.118,0.934,0.101,g
2460558.78705,2024-09-05.2866549,bH,1.45,17.233,16.385,0.100,1.014,0.093,g
2460558.78830,2024-09-05.2878983,bH,1.39,17.294,16.466,0.102,0.942,0.088,g
2460558.78955,2024-09-05.2891483,bH,1.44,17.158,16.606,0.132,0.827,0.100,g
2460560.82675,2024-09-07.3263729,bH,1.47,17.361,16.633,0.112,0.807,0.083,g
2460560.82927,2024-09-07.3288898,bH,1.44,17.423,17.108,0.164,0.521,0.078,g
2460564.79036,2024-09-11.2900179,bH,1.45,17.121,16.698,0.148,0.761,0.103,g
2460564.79159,2024-09-11.2912552,bH,1.38,17.131,16.940,0.184,0.608,0.102,g
2460564.79286,2024-09-11.2925188,bH,1.42,17.181,17.109,0.205,0.521,0.097,g
2460566.77374,2024-09-13.2734204,bH,1.47,16.920,16.687,0.177,0.768,0.124,g
2460566.77502,2024-09-13.2747041,bH,1.41,16.841,>16.841,99.990,0.630,0.133,g
2460566.77628,2024-09-13.2759665,bH,1.51,16.801,16.202,0.126,1.200,0.138,g
2460567.76398,2024-09-14.2636677,bH,1.48,16.581,16.276,0.166,1.121,0.169,g
2460567.76646,2024-09-14.2661609,bH,1.49,16.558,>16.558,99.990,0.721,0.173,g
2460568.78632,2024-09-15.2860271,bH,1.46,16.429,>16.429,99.990,0.363,0.195,g
2460568.78882,2024-09-15.2885233,bH,1.43,16.381,16.333,0.210,1.063,0.204,g
2460568.91203,2024-09-15.4117358,bl,1.57,16.027,>16.027,99.990,0.781,0.282,g
2460569.77727,2024-09-16.2769879,bH,1.61,16.277,>16.277,99.990,0.242,0.224,g
2460569.77852,2024-09-16.2782385,bH,1.62,16.389,>16.389,99.990,0.694,0.202,g
2460569.77977,2024-09-16.2794819,bH,1.55,16.090,15.736,0.158,1.843,0.266,g
2460572.85507,2024-09-19.3548215,bl,1.54,16.073,15.954,0.196,1.508,0.270,g
2460572.85630,2024-09-19.3560526,bl,1.59,15.944,15.888,0.208,1.602,0.305,g
2460572.85753,2024-09-19.3572865,bl,1.58,16.047,>16.047,99.990,0.570,0.277,g
2460577.75731,2024-09-24.2571104,bH,1.51,17.131,16.605,0.135,0.828,0.102,g
2460577.75855,2024-09-24.2583557,bH,1.53,17.002,16.768,0.177,0.713,0.115,g
2460577.75980,2024-09-24.2596062,bH,1.50,16.894,16.717,0.186,0.747,0.127,g
2460578.72913,2024-09-25.2289410,bl,1.57,17.086,16.677,0.150,0.774,0.106,g
2460578.73035,2024-09-25.2301768,bl,1.52,17.073,15.544,0.053,2.199,0.108,g
2460578.73160,2024-09-25.2314266,bl,1.55,17.212,16.673,0.133,0.777,0.095,g
2460579.74314,2024-09-26.2429807,bH,1.4,17.273,16.638,0.122,0.803,0.090,g
2460579.74441,2024-09-26.2442429,bH,1.41,17.124,16.288,0.101,1.109,0.103,g
2460579.74566,2024-09-26.2454943,bH,1.41,17.248,16.697,0.132,0.761,0.092,g
2460580.59990,2024-09-27.0997516,bp,1.61,17.130,16.690,0.146,0.766,0.102,g
2460580.60115,2024-09-27.1009956,bp,1.54,17.070,>17.070,99.990,0.495,0.108,g
2460581.82615,2024-09-28.3260090,bl,1.52,17.309,16.598,0.114,0.834,0.087,g
2460581.82738,2024-09-28.3272425,bl,1.53,17.151,16.678,0.142,0.775,0.100,g
2460581.82863,2024-09-28.3284896,bH,1.41,17.290,16.714,0.129,0.749,0.088,g
2460581.82989,2024-09-28.3297467,bH,1.4,17.213,16.990,0.179,0.581,0.095,g
2460581.83115,2024-09-28.3310090,bH,1.42,17.152,16.691,0.143,0.765,0.100,g
2460583.72299,2024-09-30.2228642,bH,1.42,17.275,16.578,0.115,0.850,0.089,g
2460583.72426,2024-09-30.2241413,bH,1.44,17.275,17.234,0.211,0.464,0.089,g
2460583.72551,2024-09-30.2253925,bH,1.44,17.348,16.438,0.095,0.966,0.084,g
2460584.79011,2024-10-01.2900123,bl,1.49,17.178,16.561,0.124,0.863,0.098,g
2460584.79136,2024-10-01.2912493,bl,1.47,17.111,16.777,0.161,0.706,0.104,g
2460584.79258,2024-10-01.2924780,bl,1.47,17.260,16.773,0.140,0.709,0.091,g
2460585.84072,2024-10-02.3406217,bl,1.62,17.245,16.899,0.159,0.632,0.092,g
2460585.84195,2024-10-02.3418607,bl,1.53,17.145,16.479,0.119,0.930,0.101,g
2460585.84319,2024-10-02.3431017,bl,1.51,17.236,16.461,0.107,0.946,0.093,g
2460587.50149,2024-10-04.0014123,bp,1.48,17.076,>17.076,99.990,0.521,0.107,g
2460587.50273,2024-10-04.0026459,bp,1.53,16.855,16.745,0.198,0.728,0.132,g
2460587.50396,2024-10-04.0038817,bp,1.55,16.909,16.424,0.140,0.978,0.125,g
2460592.45742,2024-10-08.9574077,bp,1.54,16.693,16.585,0.198,0.844,0.153,g
2460592.45866,2024-10-08.9586528,bp,1.56,16.759,>16.759,99.990,0.563,0.144,g
2460592.45990,2024-10-08.9598954,bp,1.56,16.413,>16.413,99.990,0.737,0.198,g
2460595.45186,2024-10-11.9518835,bp,1.53,16.266,>16.266,99.990,0.391,0.226,g
2460595.45308,2024-10-11.9531086,bp,1.48,16.177,>16.177,99.990,0.756,0.246,g
2460595.45431,2024-10-11.9543293,bp,1.53,16.237,>16.237,99.990,0.999,0.232,g
2460596.44037,2024-10-12.9404084,bp,1.43,15.968,>15.968,99.990,0.926,0.298,g
2460596.44162,2024-10-12.9416593,bp,1.53,15.908,>15.908,99.990,1.316,0.315,g
2460596.44286,2024-10-12.9428975,bp,1.50,15.833,>15.833,99.990,0.898,0.337,g
2460599.43402,2024-10-15.9340943,bp,1.59,15.335,>15.335,99.990,0.967,0.533,g
2460599.43650,2024-10-15.9365711,bp,1.70,15.457,>15.457,99.990,1.030,0.477,g
2460599.46930,2024-10-15.9693726,bp,1.54,15.484,>15.484,99.990,1.068,0.465,g
2460599.67595,2024-10-16.1760348,bH,1.4,15.950,>15.950,99.990,1.096,0.303,g
2460599.67723,2024-10-16.1773120,bH,1.5,15.938,>15.938,99.990,0.671,0.306,g
2460599.67849,2024-10-16.1785693,bH,1.48,16.032,>16.032,99.990,0.610,0.281,g
2460600.46996,2024-10-16.9700468,bp,1.74,15.482,>15.482,99.990,0.837,0.466,g
2460600.47119,2024-10-16.9712711,bp,1.65,15.388,>15.388,99.990,0.577,0.508,g
2460600.47242,2024-10-16.9725043,bp,1.65,15.579,>15.579,99.990,0.198,0.426,g
2460600.71439,2024-10-17.2144752,bH,1.60,15.807,>15.807,99.990,1.281,0.345,g
2460600.71565,2024-10-17.2157395,bH,1.49,15.850,>15.850,99.990,0.169,0.332,g
2460600.71689,2024-10-17.2169758,bH,1.47,15.758,>15.758,99.990,-0.820,0.361,g
2460601.79637,2024-10-18.2964717,bl,1.54,16.234,>16.234,99.990,0.404,0.233,g
2460601.79760,2024-10-18.2977053,bl,1.60,16.076,>16.076,99.990,1.291,0.270,g
2460602.66468,2024-10-19.1647868,bH,1.56,15.967,>15.967,99.990,0.731,0.298,g
2460602.66592,2024-10-19.1660371,bH,1.45,16.108,>16.108,99.990,1.174,0.262,g
2460602.66719,2024-10-19.1673059,bH,1.45,16.185,>16.185,99.990,-0.356,0.244,g
2460603.66523,2024-10-20.1653504,bH,1.41,16.418,16.006,0.150,1.438,0.197,g
2460603.66648,2024-10-20.1666063,bH,1.48,16.398,>16.398,99.990,0.638,0.200,g
2460603.66772,2024-10-20.1678461,bH,1.42,16.495,>16.495,99.990,0.736,0.183,g
2460603.83077,2024-10-20.3309025,bH,1.46,16.666,>16.666,99.990,0.645,0.157,g
2460603.83203,2024-10-20.3321623,bH,1.47,16.797,15.775,0.085,1.779,0.139,g
2460603.83329,2024-10-20.3334153,bH,1.43,16.572,>16.572,99.990,0.620,0.171,g
2460604.87142,2024-10-21.3715645,bH,1.80,16.430,>16.430,99.990,0.558,0.195,g
2460604.87267,2024-10-21.3728138,bH,1.86,16.458,15.801,0.120,1.736,0.190,g
2460606.41528,2024-10-22.9154497,bp,1.55,17.184,16.482,0.115,0.928,0.097,g
2460606.41653,2024-10-22.9166927,bp,1.54,17.165,16.546,0.124,0.874,0.099,g
2460606.41778,2024-10-22.9179392,bp,1.58,17.342,16.795,0.132,0.695,0.084,g
2460606.87128,2024-10-23.3714464,bl,1.46,16.789,16.272,0.136,1.125,0.140,g
2460606.87251,2024-10-23.3726811,bl,1.53,16.543,16.500,0.211,0.912,0.175,g
2460606.87374,2024-10-23.3739043,bl,1.53,16.409,>16.409,99.990,0.879,0.198,g
2460607.44317,2024-10-23.9433456,bp,1.47,17.333,17.012,0.163,0.569,0.085,g
2460607.44440,2024-10-23.9445768,bp,1.50,17.404,16.894,0.137,0.635,0.079,g
2460607.44565,2024-10-23.9458138,bp,1.47,17.296,16.701,0.127,0.758,0.088,g
2460607.86804,2024-10-24.3682177,bl,1.52,16.878,16.561,0.164,0.862,0.129,g
2460607.86928,2024-10-24.3694538,bl,1.51,16.823,>16.823,99.990,0.475,0.135,g
2460607.87049,2024-10-24.3706722,bl,1.48,16.748,>16.748,99.990,0.581,0.145,g
2460608.66411,2024-10-25.1642972,bl,1.48,17.076,16.496,0.128,0.916,0.107,g
2460608.66534,2024-10-25.1655274,bl,1.48,17.109,16.287,0.103,1.110,0.104,g
2460608.66658,2024-10-25.1667728,bl,1.53,17.235,16.900,0.161,0.631,0.093,g
2460609.66484,2024-10-26.1650459,bH,1.46,17.264,16.536,0.112,0.882,0.090,g
2460609.66611,2024-10-26.1663106,bH,1.44,17.498,16.719,0.107,0.745,0.073,g
2460609.66736,2024-10-26.1675626,bH,1.44,17.220,16.648,0.129,0.796,0.094,g
2460610.65546,2024-10-27.1556738,bH,1.44,17.296,17.046,0.174,0.552,0.088,g
2460610.65671,2024-10-27.1569265,bH,1.38,17.201,16.954,0.175,0.600,0.096,g
2460610.65796,2024-10-27.1581696,bH,1.41,17.196,16.977,0.179,0.588,0.096,g
2460611.66347,2024-10-28.1636900,bH,1.47,17.413,16.923,0.140,0.618,0.079,g
2460611.66471,2024-10-28.1649288,bH,1.4,17.353,16.338,0.086,1.059,0.083,g
2460611.66598,2024-10-28.1662001,bH,1.4,17.276,16.440,0.101,0.963,0.089,g
2460611.79301,2024-10-28.2932363,bl,1.45,17.319,16.694,0.123,0.763,0.086,g
2460611.79425,2024-10-28.2944688,bl,1.46,17.239,16.777,0.143,0.707,0.092,g
2460611.79550,2024-10-28.2957236,bl,1.45,17.249,16.554,0.115,0.868,0.092,g
2460612.65351,2024-10-29.1537484,bH,1.51,17.343,16.548,0.105,0.872,0.084,g
2460612.65477,2024-10-29.1550105,bH,1.46,17.231,16.399,0.102,1.001,0.093,g
2460612.65602,2024-10-29.1562561,bH,1.45,17.377,16.814,0.130,0.683,0.081,g
2460613.65395,2024-10-30.1542037,bH,1.43,17.365,16.580,0.106,0.847,0.082,g
2460613.65522,2024-10-30.1554626,bH,1.44,17.318,16.810,0.137,0.685,0.086,g
2460613.65646,2024-10-30.1567106,bH,1.43,17.389,16.651,0.111,0.794,0.080,g
2460614.74005,2024-10-31.2403072,bH,1.44,17.295,16.827,0.142,0.675,0.088,g
2460614.74130,2024-10-31.2415623,bH,1.41,17.465,16.957,0.137,0.598,0.075,g
2460614.74254,2024-10-31.2428,bH,1.39,17.460,16.779,0.117,0.706,0.075,g
2460615.39626,2024-10-31.8965222,bp,1.49,17.308,16.531,0.107,0.887,0.087,g
2460615.39751,2024-10-31.8977746,bp,1.53,99.990,99.990,99.990,99.990,99.990,g
2460615.39875,2024-10-31.8990126,bp,1.55,17.201,16.945,0.173,0.606,0.096,g
2460615.64154,2024-11-01.1418115,bl,1.51,17.023,16.666,0.158,0.783,0.113,g
2460615.64278,2024-11-01.1430534,bl,1.46,17.165,16.469,0.115,0.939,0.099,g
2460615.64405,2024-11-01.1443187,bl,1.55,17.159,16.976,0.185,0.588,0.099,g
2460618.45383,2024-11-03.9541313,bp,1.51,99.990,99.990,99.990,99.990,99.990,g
2460618.45507,2024-11-03.9553728,bp,1.52,16.066,>16.066,99.990,-0.263,0.272,g
2460618.45634,2024-11-03.9566461,bp,1.53,99.990,99.990,99.990,99.990,99.990,g
2460618.64493,2024-11-04.1452344,bH,1.44,99.990,99.990,99.990,99.990,99.990,g
2460618.64617,2024-11-04.1464802,bH,1.48,17.283,16.586,0.115,0.842,0.089,g
2460618.64743,2024-11-04.1477341,bH,1.46,17.319,16.832,0.140,0.672,0.086,g
2460621.48945,2024-11-06.9897891,bp,1.75,17.219,16.397,0.103,1.002,0.094,g
2460621.49083,2024-11-06.9911619,bp,1.69,17.356,16.709,0.121,0.752,0.083,g
2460621.49224,2024-11-06.9925748,bp,1.67,17.383,16.656,0.112,0.790,0.081,g
2460622.45819,2024-11-07.9585355,bp,1.58,17.049,16.927,0.196,0.615,0.110,g
2460622.45942,2024-11-07.9597629,bp,1.6,16.519,>16.519,99.990,0.879,0.179,g
2460622.46066,2024-11-07.9610061,bp,1.52,16.529,>16.529,99.990,0.535,0.178,g
2460623.47903,2024-11-08.9793902,bp,1.55,17.232,16.379,0.100,1.019,0.093,g
2460632.42522,2024-11-17.9256711,bp,1.52,16.474,>16.474,99.990,0.879,0.187,g
2460632.42647,2024-11-17.9269164,bp,1.52,16.486,>16.486,99.990,0.553,0.185,g
2460632.42769,2024-11-17.9281326,bp,1.5,16.482,>16.482,99.990,0.572,0.185,g
2460643.59229,2024-11-29.0928416,bl,1.47,17.211,16.683,0.135,0.771,0.095,g
2460643.59353,2024-11-29.0940730,bl,1.47,17.283,16.655,0.123,0.791,0.089,g
2460643.59478,2024-11-29.0953318,bl,1.51,99.990,99.990,99.990,99.990,99.990,g
2460645.57503,2024-12-01.0756021,bl,1.48,17.123,16.712,0.150,0.751,0.103,g
2460645.57626,2024-12-01.0768299,bl,1.47,17.209,16.578,0.122,0.849,0.095,g
2460645.57750,2024-12-01.0780702,bl,1.48,17.167,16.558,0.125,0.865,0.099,g
2460650.53992,2024-12-06.0405216,bl,1.5,16.813,16.483,0.162,0.927,0.137,g
2460650.54116,2024-12-06.0417574,bl,1.43,16.900,16.722,0.186,0.743,0.126,g
2460650.54239,2024-12-06.0429814,bl,1.47,16.776,16.718,0.208,0.746,0.142,g
2460652.45288,2024-12-07.9534924,bp,1.7,17.359,16.498,0.099,0.914,0.083,g
2460652.45412,2024-12-07.9547369,bp,1.71,17.288,16.395,0.096,1.005,0.088,g
2460652.45537,2024-12-07.9559799,bp,1.68,17.449,16.531,0.094,0.886,0.076,g
2460653.46155,2024-12-08.9621666,bp,1.6,17.281,16.765,0.136,0.715,0.089,g
2460653.46277,2024-12-08.9633862,bp,1.53,17.349,16.648,0.115,0.796,0.083,g
2460653.46401,2024-12-08.9646277,bp,1.55,17.482,16.620,0.099,0.817,0.074,g
2460653.65714,2024-12-09.1577603,bH,1.47,16.963,16.726,0.176,0.741,0.119,g
2460653.65840,2024-12-09.1590165,bH,1.41,16.981,16.804,0.186,0.689,0.117,g
2460653.65964,2024-12-09.1602620,bH,1.43,17.154,17.061,0.201,0.544,0.100,g
2460654.48071,2024-12-09.9813288,bp,1.52,16.820,16.477,0.160,0.931,0.136,g
2460654.48196,2024-12-09.9825881,bp,1.51,16.912,16.551,0.157,0.870,0.125,g
2460654.48321,2024-12-09.9838381,bp,1.53,16.950,16.446,0.138,0.958,0.121,g
2460656.52403,2024-12-12.0246658,bl,1.67,15.528,>15.528,99.990,1.236,0.446,g
2460656.54408,2024-12-12.0447234,bl,1.52,16.213,>16.213,99.990,0.624,0.238,g
2460658.28320,2024-12-13.7838511,bp,1.67,16.003,>16.003,99.990,1.023,0.288,g
2460658.28445,2024-12-13.7850956,bp,1.72,15.925,>15.925,99.990,1.097,0.310,g
2460658.28569,2024-12-13.7863388,bp,1.67,16.140,16.059,0.204,1.369,0.254,g
2460658.61369,2024-12-14.1143340,bl,1.52,99.990,99.990,99.990,99.990,99.990,g
2460658.61493,2024-12-14.1155780,bl,1.52,16.352,>16.352,99.990,0.733,0.209,g
2460658.61618,2024-12-14.1168244,bl,1.5,16.288,>16.288,99.990,0.249,0.222,g
2460659.36700,2024-12-14.8676557,bp,1.54,16.137,>16.137,99.990,0.565,0.255,g
2460659.36823,2024-12-14.8688861,bp,1.6,16.292,>16.292,99.990,0.504,0.221,g
2460659.36947,2024-12-14.8701221,bp,1.55,16.199,>16.199,99.990,0.956,0.241,g
2460662.62273,2024-12-18.1233927,bH,1.44,16.762,16.682,0.204,0.771,0.143,g
2460662.62398,2024-12-18.1246519,bH,1.42,16.823,16.581,0.175,0.846,0.135,g
2460662.62525,2024-12-18.1259122,bH,1.43,16.723,>16.723,99.990,0.513,0.149,g
2460663.52585,2024-12-19.0265215,bp,1.57,16.540,16.502,0.212,0.910,0.176,g
2460663.52707,2024-12-19.0277412,bp,1.56,16.605,>16.605,99.990,0.544,0.166,g
2460663.52832,2024-12-19.0289907,bp,1.52,16.437,>16.437,99.990,0.539,0.193,g
2460664.56922,2024-12-20.0698987,bH,2.15,17.251,16.251,0.087,1.147,0.091,g
2460664.57049,2024-12-20.0711668,bH,2.17,17.257,16.641,0.124,0.801,0.091,g
2460664.57175,2024-12-20.0724207,bH,2.18,17.286,17.044,0.175,0.552,0.088,g
2460666.33740,2024-12-21.8380851,bp,1.52,17.331,16.731,0.126,0.737,0.085,g
2460666.33865,2024-12-21.8393255,bp,1.51,17.272,16.462,0.104,0.944,0.090,g
2460666.33989,2024-12-21.8405697,bp,1.5,17.444,16.706,0.111,0.755,0.077,g
2460667.48346,2024-12-22.9841490,bp,1.5,17.017,16.517,0.138,0.898,0.113,g
2460667.48469,2024-12-22.9853806,bp,1.51,17.136,16.827,0.165,0.675,0.102,g
2460667.48592,2024-12-22.9866084,bp,1.52,17.126,16.349,0.107,1.048,0.103,g
2460669.44204,2024-12-24.9427281,bp,1.47,17.285,16.668,0.124,0.781,0.089,g
2460669.44326,2024-12-24.9439524,bp,1.48,17.357,16.473,0.097,0.935,0.083,g
2460669.44449,2024-12-24.9451825,bp,1.49,17.328,16.781,0.132,0.704,0.085,g
2460669.61756,2024-12-25.1182553,bH,1.64,17.401,16.678,0.113,0.774,0.080,g
2460669.61880,2024-12-25.1194964,bH,1.68,17.336,16.685,0.120,0.769,0.084,g
2460669.62006,2024-12-25.1207526,bH,1.66,17.306,16.041,0.068,1.392,0.087,g
2460675.55497,2024-12-31.0556804,bH,1.9,17.218,16.458,0.109,0.948,0.094,g
2460675.55622,2024-12-31.0569296,bH,1.88,17.261,16.347,0.094,1.050,0.091,g
2460675.55748,2024-12-31.0581891,bH,1.86,17.171,16.488,0.117,0.922,0.098,g
2460676.39434,2024-12-31.8950460,bp,1.53,17.310,16.642,0.118,0.800,0.087,g
2460676.39558,2024-12-31.8962850,bp,1.51,17.231,16.664,0.130,0.784,0.093,g
2460676.39682,2024-12-31.8975324,bp,1.45,17.352,16.823,0.135,0.677,0.083,g
2460678.45552,2025-01-02.9562298,bp,1.56,17.401,16.869,0.134,0.649,0.080,g
2460678.45676,2025-01-02.9574704,bp,1.54,17.315,16.383,0.093,1.016,0.086,g
2460678.45799,2025-01-02.9587019,bp,1.51,17.184,16.640,0.133,0.802,0.097,g
2460679.55021,2025-01-04.0509266,bl,1.53,99.990,99.990,99.990,99.990,99.990,g
2460679.55145,2025-01-04.0521540,bl,1.52,17.031,16.865,0.188,0.651,0.112,g
2460679.55268,2025-01-04.0533875,bl,1.55,17.055,16.881,0.187,0.642,0.109,g
2460683.54233,2025-01-08.0430365,bH,2.14,99.990,99.990,99.990,99.990,99.990,g
2460683.54358,2025-01-08.0442997,bH,2.16,16.796,15.937,0.099,1.533,0.139,g
2460683.54484,2025-01-08.0455559,bH,2.15,16.847,16.326,0.136,1.070,0.133,g
2460683.75750,2025-01-08.2582204,bH,1.44,17.368,16.565,0.104,0.859,0.082,g
2460684.67251,2025-01-09.1732216,bl,1.51,16.374,>16.374,99.990,0.913,0.205,g
2460684.67376,2025-01-09.1744667,bl,1.51,16.372,>16.372,99.990,0.864,0.205,g
2460684.67497,2025-01-09.1756875,bl,1.48,16.561,16.485,0.204,0.924,0.172,g
2460687.37076,2025-01-11.8714733,bp,1.54,16.435,>16.435,99.990,0.521,0.194,g
2460687.37199,2025-01-11.8727024,bp,1.52,16.411,>16.411,99.990,0.507,0.198,g
2460687.37325,2025-01-11.8739601,bp,1.54,16.504,>16.504,99.990,0.312,0.182,g
2460687.77218,2025-01-12.2728847,bl,1.54,16.137,>16.137,99.990,0.286,0.255,g
2460687.77340,2025-01-12.2741111,bl,1.5,16.142,>16.142,99.990,1.243,0.254,g
2460687.77464,2025-01-12.2753501,bl,1.48,16.217,>16.217,99.990,0.441,0.237,g
2460689.29624,2025-01-13.7969490,bp,1.74,16.249,>16.249,99.990,0.047,0.230,g
2460689.29796,2025-01-13.7986699,bp,1.68,16.246,>16.246,99.990,0.628,0.231,g
2460689.30054,2025-01-13.8012434,bp,1.68,16.261,>16.261,99.990,0.617,0.227,g
2460689.78007,2025-01-14.2807702,bl,1.53,15.949,>15.949,99.990,0.949,0.303,g
2460689.78133,2025-01-14.2820318,bl,1.57,15.770,>15.770,99.990,0.927,0.357,g
2460689.78255,2025-01-14.2832559,bl,1.56,15.759,>15.759,99.990,0.651,0.361,g
2460690.79509,2025-01-15.2957962,bl,1.49,15.766,>15.766,99.990,1.494,0.359,g
2460691.65534,2025-01-16.1560510,bH,1.42,16.366,>16.366,99.990,-0.005,0.206,g
2460691.65659,2025-01-16.1572995,bH,1.48,16.337,>16.337,99.990,0.988,0.212,g
2460691.65786,2025-01-16.1585605,bH,1.56,16.502,>16.502,99.990,0.616,0.182,g
2460692.78187,2025-01-17.2825692,bl,1.5,16.028,>16.028,99.990,0.173,0.282,g
2460693.63548,2025-01-18.1361908,bl,1.51,16.510,>16.510,99.990,0.736,0.181,g
2460695.37459,2025-01-19.8752848,bp,1.55,17.344,16.713,0.123,0.749,0.084,g
2460695.37583,2025-01-19.8765281,bp,1.52,17.275,16.937,0.161,0.610,0.089,g
2460695.37707,2025-01-19.8777710,bp,1.52,17.233,17.086,0.191,0.532,0.093,g
2460695.69297,2025-01-20.1936653,bl,1.55,16.645,16.013,0.122,1.428,0.160,g
2460695.69420,2025-01-20.1949002,bl,1.51,16.849,>16.849,99.990,0.471,0.132,g
2460696.70700,2025-01-21.2076957,bH,1.4,17.013,16.843,0.187,0.665,0.114,g
2460696.70827,2025-01-21.2089615,bH,1.39,99.990,99.990,99.990,99.990,99.990,g
2460696.70952,2025-01-21.2102164,bH,1.41,17.003,16.710,0.167,0.752,0.115,g
2460698.74769,2025-01-23.2483762,bH,1.37,17.145,16.786,0.158,0.701,0.101,g
2460699.67626,2025-01-24.1769391,bH,1.44,17.348,16.552,0.105,0.869,0.084,g
2460699.67751,2025-01-24.1781929,bH,1.5,17.475,16.395,0.081,1.004,0.074,g
2460699.67876,2025-01-24.1794432,bH,1.47,17.251,16.817,0.147,0.681,0.091,g
2460700.65360,2025-01-25.1542836,bH,1.58,17.353,16.670,0.117,0.780,0.083,g
2460700.65485,2025-01-25.1555340,bH,1.58,17.520,16.802,0.113,0.690,0.071,g
2460700.65611,2025-01-25.1567923,bH,1.59,17.244,16.492,0.110,0.919,0.092,g
2460701.58102,2025-01-26.0816951,bH,1.86,17.226,16.543,0.117,0.877,0.093,g
2460701.58227,2025-01-26.0829523,bH,1.84,17.285,16.294,0.088,1.103,0.089,g
2460707.35729,2025-01-31.8579318,bp,1.52,17.410,17.062,0.159,0.544,0.079,g
2460707.35853,2025-01-31.8591722,bp,1.54,17.383,16.813,0.130,0.683,0.081,g
2460707.35975,2025-01-31.8604013,bp,1.52,17.353,16.617,0.111,0.819,0.083,g
2460708.53072,2025-02-02.0313656,bl,1.58,16.707,>16.707,99.990,0.701,0.151,g
2460708.53195,2025-02-02.0325920,bl,1.57,16.733,16.225,0.137,1.174,0.147,g
2460708.53318,2025-02-02.0338304,bl,1.66,16.854,16.601,0.174,0.831,0.132,g
2460709.67982,2025-02-03.1804601,bl,1.48,17.009,16.845,0.188,0.664,0.114,g
2460709.68107,2025-02-03.1817084,bl,1.49,99.990,99.990,99.990,99.990,99.990,g
2460709.68230,2025-02-03.1829434,bl,1.48,99.990,99.990,99.990,99.990,99.990,g
2460710.62402,2025-02-04.1246498,bl,1.5,17.278,16.780,0.139,0.704,0.089,g
2460710.62524,2025-02-04.1258762,bl,1.5,17.137,16.642,0.139,0.800,0.101,g
2460710.62645,2025-02-04.1270895,bl,1.47,17.027,16.428,0.126,0.974,0.112,g
2460711.59798,2025-02-05.0985997,bH,1.7,17.044,16.680,0.157,0.773,0.110,g
2460711.59924,2025-02-05.0998640,bH,1.69,17.050,16.407,0.121,0.994,0.110,g
2460711.60048,2025-02-05.1011134,bH,1.69,17.041,16.455,0.128,0.951,0.111,g
2460712.60040,2025-02-06.1010196,bl,1.52,16.968,>16.968,99.990,0.469,0.119,g
2460712.60162,2025-02-06.1022474,bl,1.49,16.907,>16.907,99.990,0.578,0.125,g
2460712.60287,2025-02-06.1034907,bl,1.49,16.857,16.171,0.116,1.235,0.131,g
2460713.58077,2025-02-07.0813827,bl,1.53,16.598,16.400,0.183,0.999,0.167,g
2460713.58201,2025-02-07.0826211,bl,1.51,16.772,16.690,0.203,0.765,0.142,g
2460713.58325,2025-02-07.0838630,bl,1.5,16.810,>16.810,99.990,0.466,0.137,g
2460714.57748,2025-02-08.0780869,bH,2.09,16.719,16.167,0.132,1.239,0.149,g
2460714.57873,2025-02-08.0793350,bH,2.09,16.704,16.512,0.184,0.902,0.151,g
2460714.57998,2025-02-08.0805922,bH,2.08,16.753,16.316,0.147,1.080,0.144,g
2460714.70729,2025-02-08.2078953,bH,1.45,16.707,>16.707,99.990,0.645,0.151,g
2460714.70855,2025-02-08.2091584,bH,1.49,16.680,16.628,0.209,0.811,0.155,g
2460714.70984,2025-02-08.2104557,bH,1.49,16.691,>16.691,99.990,0.606,0.153,g
2460717.32410,2025-02-10.8246888,bp,1.6,16.375,>16.375,99.990,0.511,0.205,g
2460717.32565,2025-02-10.8262327,bp,1.56,16.424,>16.424,99.990,0.466,0.196,g
2460717.32698,2025-02-10.8275723,bp,1.6,16.293,16.090,0.182,1.330,0.221,g
2460718.71871,2025-02-12.2192829,bH,1.51,15.619,>15.619,99.990,-0.455,0.411,g
2460718.71996,2025-02-12.2205432,bH,1.6,15.676,>15.676,99.990,-2.549,0.390,g
2460718.72122,2025-02-12.2218034,bH,1.6,15.740,>15.740,99.990,1.133,0.367,g
2460719.62686,2025-02-13.1274380,bH,1.6,16.076,>16.076,99.990,1.316,0.270,g
2460719.62811,2025-02-13.1286920,bH,1.53,16.355,>16.355,99.990,0.233,0.208,g
2460719.62937,2025-02-13.1299449,bH,1.49,15.938,>15.938,99.990,0.495,0.306,g
2460720.69014,2025-02-14.1907008,bH,1.46,15.913,>15.913,99.990,0.984,0.313,g
2460720.69140,2025-02-14.1919583,bH,1.48,15.935,>15.935,99.990,1.403,0.307,g
2460720.69264,2025-02-14.1932078,bH,1.5,15.699,>15.699,99.990,1.264,0.381,g
2460721.59481,2025-02-15.0953684,bl,1.52,16.378,>16.378,99.990,0.488,0.204,g
2460721.59604,2025-02-15.0966019,bl,1.48,16.480,>16.480,99.990,0.189,0.186,g
2460721.59728,2025-02-15.0978401,bl,1.56,16.417,>16.417,99.990,0.775,0.197,g
2460722.68108,2025-02-16.1816232,bl,1.51,16.447,16.406,0.211,0.994,0.192,g
2460722.68231,2025-02-16.1828601,bl,1.51,16.319,>16.319,99.990,0.933,0.215,g
2460722.68356,2025-02-16.1841067,bl,1.48,16.298,>16.298,99.990,0.870,0.220,g
2460723.70473,2025-02-17.2052741,bH,1.44,16.434,>16.434,99.990,0.771,0.194,g
2460723.70724,2025-02-17.2077826,bH,1.43,16.541,16.247,0.167,1.151,0.176,g
2460728.46254,2025-02-21.9630412,bp,1.58,16.766,>16.766,99.990,-0.240,0.143,g
2460728.46378,2025-02-21.9642829,bp,1.51,16.604,16.119,0.140,1.296,0.166,g
2460729.39304,2025-02-22.8935307,bp,1.56,17.271,16.753,0.136,0.722,0.090,g
2460729.39432,2025-02-22.8948158,bp,1.55,17.307,16.454,0.100,0.952,0.087,g
2460729.39561,2025-02-22.8961050,bp,1.52,17.224,16.687,0.134,0.768,0.094,g
2460732.53721,2025-02-26.0376699,bl,1.69,17.204,16.612,0.127,0.823,0.095,g
2460732.53843,2025-02-26.0388988,bl,1.77,17.367,16.492,0.098,0.919,0.082,g
2460732.53968,2025-02-26.0401427,bl,1.66,17.276,16.459,0.103,0.947,0.089,g
2460733.29952,2025-02-26.7999813,bp,1.51,17.315,16.520,0.105,0.896,0.086,g
2460733.30077,2025-02-26.8012278,bp,1.5,17.387,16.773,0.125,0.709,0.081,g
2460733.30202,2025-02-26.8024800,bp,1.55,17.273,16.843,0.147,0.665,0.090,g
2460736.63795,2025-03-02.1383686,bH,1.42,17.238,16.837,0.151,0.668,0.092,g
2460736.63920,2025-03-02.1396212,bH,1.45,17.343,16.674,0.118,0.777,0.084,g
2460736.64046,2025-03-02.1408846,bH,1.47,17.342,16.472,0.098,0.936,0.084,g
2460738.56272,2025-03-04.0631171,bH,1.59,17.459,16.711,0.110,0.751,0.075,g
2460738.56396,2025-03-04.0643663,bH,1.6,17.251,16.745,0.138,0.727,0.091,g
2460738.56524,2025-03-04.0656362,bH,1.64,17.249,16.459,0.106,0.947,0.092,g
2460740.38416,2025-03-05.8845483,bp,1.49,17.458,16.912,0.133,0.624,0.076,g
2460740.38541,2025-03-05.8857937,bp,1.45,17.280,16.465,0.103,0.941,0.089,g
2460740.38664,2025-03-05.8870251,bp,1.48,17.378,16.790,0.127,0.699,0.081,g
2460741.52977,2025-03-07.0301410,bl,1.58,16.610,>16.610,99.990,0.460,0.165,g
2460741.53100,2025-03-07.0313752,bl,1.57,16.578,>16.578,99.990,0.671,0.170,g
2460741.53224,2025-03-07.0326042,bl,1.53,16.501,>16.501,99.990,0.686,0.182,g
2460746.63026,2025-03-12.1305740,bH,1.52,16.026,>16.026,99.990,0.919,0.282,g
2460746.63152,2025-03-12.1318420,bH,1.52,16.314,>16.314,99.990,1.009,0.217,g
2460746.63278,2025-03-12.1331025,bH,1.57,16.037,>16.037,99.990,0.876,0.280,g
2460747.55132,2025-03-13.0516285,bH,1.7,16.161,16.100,0.207,1.318,0.249,g
2460747.55259,2025-03-13.0528954,bH,1.68,16.140,16.072,0.206,1.353,0.254,g
2460747.55384,2025-03-13.0541502,bH,1.79,16.379,>16.379,99.990,-0.895,0.204,g
2460751.59704,2025-03-17.0973033,bl,1.48,16.378,>16.378,99.990,0.665,0.204,g
2460751.59828,2025-03-17.0985407,bl,1.52,16.365,>16.365,99.990,0.903,0.207,g
2460751.59952,2025-03-17.0997791,bl,1.5,16.307,>16.307,99.990,0.284,0.218,g
2460752.63955,2025-03-18.1397960,bH,1.52,16.571,>16.571,99.990,0.408,0.171,g
2460752.64081,2025-03-18.1410630,bH,1.46,16.550,16.465,0.203,0.941,0.174,g
2460752.64207,2025-03-18.1423218,bH,1.49,16.433,>16.433,99.990,0.532,0.194,g
2460755.63490,2025-03-21.1351104,bH,1.5,16.890,16.402,0.140,0.998,0.127,g
2460755.63615,2025-03-21.1363630,bH,1.49,17.048,16.945,0.200,0.605,0.110,g
2460756.63306,2025-03-22.1332673,bH,1.49,17.371,17.093,0.170,0.528,0.082,g
2460756.63432,2025-03-22.1345192,bH,2.45,17.128,17.112,0.216,0.519,0.102,g
2460758.62600,2025-03-24.1261766,bH,1.4,17.363,17.023,0.160,0.564,0.082,g
2460758.62725,2025-03-24.1274244,bH,1.41,17.339,16.852,0.140,0.660,0.084,g
2460758.62851,2025-03-24.1286877,bH,1.38,17.246,16.733,0.137,0.736,0.092,g
2460763.54911,2025-03-29.0492189,bl,1.47,17.166,16.551,0.124,0.870,0.099,g
2460763.55032,2025-03-29.0504409,bl,1.44,17.014,16.507,0.137,0.906,0.114,g
2460763.55156,2025-03-29.0516718,bl,1.5,17.096,16.562,0.134,0.861,0.105,g
2460764.56218,2025-03-30.0622837,bH,1.4,17.194,16.535,0.119,0.884,0.096,g
2460764.56343,2025-03-30.0635396,bH,1.45,17.193,16.893,0.166,0.635,0.096,g
2460764.56470,2025-03-30.0648079,bH,1.44,17.269,16.808,0.143,0.687,0.090,g
2460768.56015,2025-04-03.0602105,bl,1.51,99.990,99.990,99.990,99.990,99.990,g
2460768.56138,2025-04-03.0614381,bl,1.48,17.226,16.774,0.144,0.709,0.093,g
2460768.56262,2025-04-03.0626783,bl,1.46,17.186,16.558,0.123,0.864,0.097,g
2460769.59338,2025-04-04.0934258,bH,1.41,17.137,16.525,0.125,0.891,0.102,g
2460769.59464,2025-04-04.0946894,bH,1.44,17.088,16.808,0.169,0.687,0.106,g
2460769.59590,2025-04-04.0959368,bH,1.5,17.158,16.597,0.131,0.834,0.100,g
2460774.53738,2025-04-09.0373603,bl,1.56,16.441,>16.441,99.990,0.713,0.193,g
2460774.53862,2025-04-09.0386011,bl,1.54,16.470,>16.470,99.990,0.817,0.188,g
2460774.53986,2025-04-09.0398460,bl,1.55,16.471,16.331,0.193,1.066,0.187,g
2460781.51614,2025-04-16.0160340,bl,1.43,16.599,16.347,0.174,1.050,0.166,g
2460781.51736,2025-04-16.0172605,bl,1.43,16.609,16.533,0.204,0.885,0.165,g
2460781.51859,2025-04-16.0184927,bl,1.5,99.990,99.990,99.990,99.990,99.990,g
2460791.49845,2025-04-25.9982234,bH,1.42,17.476,16.868,0.125,0.649,0.074,g
2460791.49970,2025-04-25.9994699,bH,1.41,17.395,16.649,0.110,0.796,0.080,g
2460791.50096,2025-04-26.0007369,bH,1.46,17.369,16.539,0.102,0.880,0.082,g
2460794.51241,2025-04-29.0121467,bH,1.36,17.367,16.664,0.115,0.785,0.082,g
2460794.51365,2025-04-29.0134006,bH,1.43,17.334,16.764,0.130,0.715,0.085,g
2460794.51492,2025-04-29.0146637,bH,1.39,17.394,17.060,0.161,0.545,0.080,g
2460797.47891,2025-05-01.9786240,bl,1.57,17.028,16.548,0.141,0.873,0.112,g
2460797.48017,2025-05-01.9798689,bl,1.52,17.072,16.803,0.171,0.690,0.108,g
2460797.48139,2025-05-01.9810987,bl,1.51,17.139,16.617,0.136,0.819,0.101,g
2460798.48301,2025-05-02.9827111,bl,1.53,16.933,16.563,0.156,0.861,0.122,g
2460798.48428,2025-05-02.9839677,bl,1.48,17.031,16.586,0.145,0.843,0.112,g
2460798.48550,2025-05-02.9851983,bl,1.51,17.082,16.454,0.123,0.952,0.107,g
2460823.19717,2025-05-27.6966260,bp,1.67,16.685,16.672,0.217,0.778,0.154,g