HJD,UT Date,Camera,FWHM,Limit,mag,mag_err,flux(mJy),flux_err,Filter
2459155.74379,2020-11-02.2437225,bH,1.52,15.259,11.489,0.008,92.118,0.687,g
2459155.74508,2020-11-02.2450087,bH,1.51,15.209,11.474,0.008,93.410,0.691,g
2459155.74639,2020-11-02.2463173,bH,1.50,15.228,11.492,0.008,91.872,0.660,g
2459156.72767,2020-11-03.2276505,bl,1.54,15.297,11.767,0.009,71.376,0.617,g
2459156.72889,2020-11-03.2288699,bl,1.56,15.351,11.751,0.009,72.373,0.578,g
2459156.73013,2020-11-03.2301094,bl,1.52,15.345,11.759,0.009,71.845,0.566,g
2459157.58618,2020-11-04.0861930,bl,1.43,15.448,12.030,0.009,55.970,0.504,g
2459157.58739,2020-11-04.0874065,bl,1.39,15.463,12.030,0.010,55.947,0.500,g
2459157.58861,2020-11-04.0886292,bl,1.48,15.462,12.034,0.009,55.805,0.498,g
2459157.77490,2020-11-04.2749188,bH,1.41,15.461,12.115,0.011,51.775,0.508,g
2459157.77619,2020-11-04.2762138,bH,1.41,15.422,12.110,0.011,52.030,0.525,g
2459157.77748,2020-11-04.2775015,bH,1.44,15.418,12.129,0.012,51.085,0.528,g
2459158.59967,2020-11-05.0997217,bH,1.47,15.612,12.215,0.010,47.210,0.436,g
2459158.60095,2020-11-05.1010081,bH,1.43,15.649,12.225,0.010,46.761,0.435,g
2459158.60223,2020-11-05.1022854,bH,1.43,15.701,12.226,0.010,46.743,0.407,g
2459158.77154,2020-11-05.2716030,bH,1.36,15.448,12.275,0.013,44.677,0.509,g
2459158.77285,2020-11-05.2729157,bH,1.39,15.540,12.271,0.011,44.823,0.462,g
2459158.77414,2020-11-05.2742024,bH,1.36,15.502,12.271,0.012,44.852,0.492,g
2459159.58725,2020-11-06.0873472,bl,1.54,99.990,99.990,99.990,99.990,99.990,g
2459159.58848,2020-11-06.0885760,bl,1.52,99.990,99.990,99.990,99.990,99.990,g
2459159.58971,2020-11-06.0898048,bl,1.47,99.990,99.990,99.990,99.990,99.990,g
2459159.76971,2020-11-06.2698090,bl,1.53,15.537,12.128,0.010,51.140,0.467,g
2459159.77094,2020-11-06.2710402,bl,1.48,15.465,12.128,0.010,51.130,0.490,g
2459159.77217,2020-11-06.2722751,bl,1.46,15.469,12.139,0.011,50.628,0.499,g
2459163.26176,2020-11-09.7620120,bp,2.18,99.990,99.990,99.990,99.990,99.990,g
2459163.26301,2020-11-09.7632586,bp,2.13,15.734,12.618,0.012,32.576,0.383,g
2459163.54679,2020-11-10.0470519,bp,1.49,15.674,12.680,0.014,30.764,0.400,g
2459163.54800,2020-11-10.0482704,bp,1.51,15.562,12.639,0.015,31.926,0.443,g
2459164.27221,2020-11-10.7725076,bp,1.61,15.787,12.659,0.012,31.383,0.364,g
2459164.27342,2020-11-10.7737293,bp,1.48,15.740,12.671,0.013,31.016,0.380,g
2459164.27467,2020-11-10.7749793,bp,1.51,15.784,12.626,0.013,32.311,0.371,g
2459164.29851,2020-11-10.7988090,bp,1.58,15.761,12.631,0.013,32.200,0.376,g
2459164.29977,2020-11-10.8000765,bp,1.55,15.790,12.656,0.012,31.448,0.362,g
2459164.30105,2020-11-10.8013520,bp,1.62,15.875,12.627,0.011,32.317,0.339,g
2459164.31286,2020-11-10.8131587,bp,1.53,15.692,12.646,0.013,31.753,0.396,g
2459164.31410,2020-11-10.8144018,bp,1.59,15.771,12.643,0.012,31.842,0.365,g
2459164.31531,2020-11-10.8156155,bp,1.49,15.777,12.654,0.012,31.517,0.367,g
2459164.43120,2020-11-10.9315063,bp,1.64,15.740,12.737,0.014,29.208,0.380,g
2459164.43242,2020-11-10.9327259,bp,1.62,15.757,12.719,0.013,29.688,0.371,g
2459164.43362,2020-11-10.9339337,bp,1.57,15.758,12.727,0.013,29.464,0.371,g
2459165.25444,2020-11-11.7547861,bp,2.40,15.378,12.687,0.019,30.559,0.536,g
2459165.25566,2020-11-11.7559972,bp,2.44,15.534,12.682,0.017,30.692,0.464,g
2459165.25686,2020-11-11.7572094,bp,2.39,15.458,12.703,0.018,30.129,0.496,g
2459165.30194,2020-11-11.8022898,bp,1.50,15.744,12.675,0.013,30.902,0.376,g
2459165.30323,2020-11-11.8035728,bp,1.52,15.797,12.665,0.013,31.198,0.365,g
2459165.30445,2020-11-11.8047884,bp,1.53,15.775,12.675,0.013,30.918,0.369,g
2459165.33487,2020-11-11.8352215,bp,1.61,15.744,12.652,0.013,31.552,0.376,g
2459165.33609,2020-11-11.8364386,bp,1.68,15.735,12.655,0.013,31.484,0.381,g
2459165.33736,2020-11-11.8377133,bp,1.57,15.763,12.679,0.013,30.776,0.370,g
2459165.55277,2020-11-12.0531319,bH,1.37,15.829,12.763,0.014,28.504,0.352,g
2459165.55406,2020-11-12.0544119,bH,1.41,15.756,12.765,0.015,28.467,0.375,g
2459165.55535,2020-11-12.0557001,bH,1.39,15.820,12.736,0.014,29.209,0.356,g
2459166.56808,2020-11-13.0684800,bH,1.41,15.838,12.869,0.015,25.862,0.351,g
2459166.56937,2020-11-13.0697625,bH,1.41,15.870,12.859,0.014,26.067,0.335,g
2459166.57064,2020-11-13.0710456,bH,1.41,15.846,12.872,0.014,25.774,0.343,g
2459166.60665,2020-11-13.1070531,bH,1.46,15.779,12.850,0.015,26.282,0.366,g
2459166.60794,2020-11-13.1083505,bH,1.43,15.815,12.856,0.014,26.164,0.352,g
2459166.60924,2020-11-13.1096503,bH,1.43,15.755,12.857,0.015,26.132,0.372,g
2459166.75062,2020-11-13.2510385,bH,1.37,15.780,12.853,0.016,26.246,0.368,g
2459166.75193,2020-11-13.2523474,bH,1.35,15.737,12.844,0.016,26.455,0.385,g
2459166.75322,2020-11-13.2536287,bH,1.38,15.808,12.855,0.015,26.174,0.364,g
2459167.34021,2020-11-13.8406372,bp,1.59,15.824,12.959,0.016,23.808,0.346,g
2459167.34152,2020-11-13.8419528,bp,1.64,15.811,12.932,0.015,24.400,0.352,g
2459167.34285,2020-11-13.8432825,bp,1.57,15.845,12.962,0.015,23.731,0.341,g
2459167.36715,2020-11-13.8675815,bp,1.52,99.990,99.990,99.990,99.990,99.990,g
2459167.36837,2020-11-13.8687984,bp,1.53,99.990,99.990,99.990,99.990,99.990,g
2459167.36958,2020-11-13.8700157,bp,1.55,99.990,99.990,99.990,99.990,99.990,g
2459167.57710,2020-11-14.0775423,bH,1.46,15.893,12.977,0.016,23.396,0.331,g
2459167.57839,2020-11-14.0788373,bH,1.45,15.772,12.965,0.017,23.662,0.372,g
2459167.57969,2020-11-14.0801306,bH,1.47,15.778,12.956,0.017,23.862,0.366,g
2459168.73872,2020-11-15.2392232,bl,1.45,99.990,99.990,99.990,99.990,99.990,g
2459168.73996,2020-11-15.2404532,bl,1.51,15.782,13.026,0.017,22.385,0.360,g
2459168.74119,2020-11-15.2416832,bl,1.52,99.990,99.990,99.990,99.990,99.990,g
2459169.67335,2020-11-16.1738745,bH,1.36,15.793,13.012,0.017,22.652,0.359,g
2459169.67463,2020-11-16.1751543,bH,1.40,15.923,13.037,0.016,22.138,0.322,g
2459169.67592,2020-11-16.1764471,bH,1.39,15.807,13.053,0.017,21.819,0.353,g
2459169.68387,2020-11-16.1843973,bl,1.47,15.882,13.046,0.016,21.959,0.329,g
2459169.68510,2020-11-16.1856309,bl,1.58,15.864,13.054,0.016,21.798,0.335,g
2459169.68633,2020-11-16.1868552,bl,1.54,99.990,99.990,99.990,99.990,99.990,g
2459170.25833,2020-11-16.7588847,bp,1.54,14.304,13.169,0.077,19.622,1.382,g
2459170.25955,2020-11-16.7600993,bp,1.67,99.990,99.990,99.990,99.990,99.990,g
2459170.26077,2020-11-16.7613173,bp,1.63,99.990,99.990,99.990,99.990,99.990,g
2459170.73611,2020-11-17.2366813,bH,1.45,15.874,13.294,0.020,17.485,0.330,g
2459171.28541,2020-11-17.7860065,bp,1.45,99.990,99.990,99.990,99.990,99.990,g
2459171.28661,2020-11-17.7872130,bp,1.44,99.990,99.990,99.990,99.990,99.990,g
2459171.28784,2020-11-17.7884417,bp,1.51,99.990,99.990,99.990,99.990,99.990,g
2459171.56780,2020-11-18.0684106,bH,1.47,15.844,13.219,0.020,18.716,0.344,g
2459171.56909,2020-11-18.0697009,bH,1.44,15.890,13.224,0.019,18.645,0.326,g
2459171.57040,2020-11-18.0710119,bH,1.44,15.891,13.220,0.019,18.698,0.328,g
2459172.58120,2020-11-19.0818572,bl,1.52,15.842,13.006,0.016,22.791,0.337,g
2459172.58243,2020-11-19.0830810,bl,1.54,15.849,12.992,0.016,23.085,0.338,g
2459172.58364,2020-11-19.0843004,bl,1.43,15.847,13.024,0.016,22.405,0.338,g
2459173.52543,2020-11-20.0261201,bl,1.49,15.827,13.321,0.022,17.061,0.343,g
2459173.52666,2020-11-20.0273488,bl,1.52,15.834,13.350,0.022,16.589,0.340,g
2459173.52787,2020-11-20.0285667,bl,1.46,15.833,13.315,0.022,17.142,0.339,g
2459173.59128,2020-11-20.0919762,bH,1.46,15.792,13.316,0.022,17.121,0.356,g
2459173.59257,2020-11-20.0932658,bH,1.40,15.866,13.308,0.021,17.247,0.332,g
2459173.59386,2020-11-20.0945545,bH,1.42,15.903,13.324,0.020,16.989,0.324,g
2459173.67816,2020-11-20.1788637,bH,1.48,15.952,13.311,0.019,17.199,0.307,g
2459173.67945,2020-11-20.1801483,bH,1.48,15.874,13.309,0.021,17.229,0.329,g
2459173.68076,2020-11-20.1814603,bH,1.50,15.895,13.290,0.020,17.546,0.324,g
2459174.27585,2020-11-20.7765769,bp,1.71,15.852,13.470,0.024,14.860,0.334,g
2459174.27707,2020-11-20.7777938,bp,1.63,15.884,13.448,0.023,15.167,0.325,g
2459174.27828,2020-11-20.7790070,bp,1.68,15.977,13.440,0.021,15.285,0.300,g
2459174.42143,2020-11-20.9221565,bp,1.54,15.411,13.449,0.037,15.142,0.506,g
2459174.42265,2020-11-20.9233747,bp,1.56,14.704,13.516,0.075,14.250,0.982,g
2459174.42386,2020-11-20.9245866,bp,1.50,13.959,13.766,0.183,11.317,1.898,g
2459174.52223,2020-11-21.0229748,bl,1.49,15.883,13.473,0.024,14.816,0.326,g
2459174.52346,2020-11-21.0242,bl,1.49,15.842,13.524,0.026,14.137,0.337,g
2459174.52468,2020-11-21.0254194,bl,1.47,15.902,13.506,0.024,14.372,0.318,g
2459174.57666,2020-11-21.0774015,bH,1.45,15.894,13.485,0.024,14.653,0.323,g
2459174.57796,2020-11-21.0786940,bH,1.38,15.883,13.501,0.024,14.440,0.326,g
2459174.57925,2020-11-21.0799846,bH,1.42,15.855,13.476,0.024,14.771,0.335,g
2459174.65983,2020-11-21.1605721,bH,1.43,15.838,13.475,0.025,14.791,0.339,g
2459174.66113,2020-11-21.1618637,bH,1.42,15.901,13.480,0.024,14.723,0.320,g
2459174.66241,2020-11-21.1631512,bH,1.45,15.866,13.521,0.025,14.168,0.331,g
2459175.26322,2020-11-21.7639797,bp,1.57,15.586,13.421,0.030,15.555,0.426,g
2459175.26448,2020-11-21.7652462,bp,1.54,15.498,13.514,0.035,14.270,0.461,g
2459175.45624,2020-11-21.9570091,bp,1.48,99.990,99.990,99.990,99.990,99.990,g
2459175.45745,2020-11-21.9582263,bp,1.49,99.990,99.990,99.990,99.990,99.990,g
2459175.45868,2020-11-21.9594542,bp,1.50,99.990,99.990,99.990,99.990,99.990,g
2459175.51742,2020-11-22.0181880,bH,2.50,15.801,13.455,0.025,15.063,0.350,g
2459175.62324,2020-11-22.1240173,bH,1.40,15.951,13.573,0.024,13.520,0.308,g
2459175.62453,2020-11-22.1253103,bH,1.46,15.868,13.583,0.027,13.400,0.330,g
2459175.62583,2020-11-22.1266042,bH,1.43,15.871,13.575,0.026,13.483,0.329,g
2459175.64377,2020-11-22.1445612,bl,1.44,15.930,13.604,0.026,13.136,0.310,g
2459175.64501,2020-11-22.1457940,bl,1.48,15.913,13.599,0.026,13.201,0.315,g
2459175.64624,2020-11-22.1470298,bl,1.45,15.838,13.573,0.027,13.508,0.338,g
2459175.71642,2020-11-22.2171961,bH,1.51,15.966,13.569,0.024,13.558,0.302,g
2459175.71770,2020-11-22.2184804,bH,1.49,15.923,13.584,0.025,13.385,0.314,g
2459175.71902,2020-11-22.2197950,bH,1.54,15.899,13.554,0.025,13.750,0.323,g
2459176.54228,2020-11-23.0430965,bl,1.51,15.719,13.544,0.029,13.885,0.377,g
2459176.54351,2020-11-23.0443253,bl,1.51,15.884,13.558,0.026,13.704,0.325,g
2459176.54473,2020-11-23.0455502,bl,1.48,15.829,13.546,0.027,13.859,0.340,g
2459176.55386,2020-11-23.0546784,bl,1.42,15.793,13.564,0.028,13.629,0.352,g
2459176.55509,2020-11-23.0559049,bl,1.48,15.832,13.524,0.026,14.142,0.339,g
2459176.55631,2020-11-23.0571337,bl,1.48,15.803,13.529,0.027,14.072,0.349,g
2459177.51672,2020-11-24.0175789,bl,1.61,15.678,13.550,0.031,13.798,0.391,g
2459177.51795,2020-11-24.0187995,bl,1.54,15.713,13.555,0.030,13.743,0.378,g
2459177.51916,2020-11-24.0200168,bl,1.52,15.832,13.565,0.027,13.610,0.339,g
2459178.29696,2020-11-24.7978449,bp,1.52,15.827,13.628,0.029,12.850,0.341,g
2459178.29825,2020-11-24.7991380,bp,1.55,15.891,13.655,0.028,12.531,0.322,g
2459178.29951,2020-11-24.8004006,bp,1.54,15.903,13.606,0.026,13.114,0.318,g
2459178.51377,2020-11-25.0146603,bH,1.52,15.488,13.611,0.039,13.051,0.466,g
2459178.51506,2020-11-25.0159498,bH,1.54,15.636,13.646,0.035,12.633,0.406,g
2459178.51635,2020-11-25.0172509,bH,1.49,15.559,13.716,0.040,11.838,0.436,g
2459178.58522,2020-11-25.0861209,bl,1.45,15.888,13.676,0.029,12.301,0.322,g
2459178.58644,2020-11-25.0873379,bl,1.47,15.827,13.642,0.029,12.678,0.341,g
2459178.58766,2020-11-25.0885527,bl,1.48,15.876,13.639,0.028,12.712,0.326,g
2459178.67484,2020-11-25.1757390,bl,1.67,15.797,13.648,0.030,12.614,0.352,g
2459178.67605,2020-11-25.1769585,bl,1.69,15.693,13.637,0.033,12.735,0.386,g
2459178.67727,2020-11-25.1781755,bl,1.64,15.891,13.691,0.029,12.128,0.321,g
2459178.68978,2020-11-25.1906811,bl,1.62,15.752,13.610,0.030,13.066,0.365,g
2459178.69101,2020-11-25.1919074,bl,1.56,15.799,13.664,0.031,12.426,0.350,g
2459178.69222,2020-11-25.1931232,bl,1.65,15.776,13.607,0.030,13.105,0.357,g
2459179.26412,2020-11-25.7650474,bp,2.25,15.493,13.670,0.041,12.361,0.464,g
2459179.26534,2020-11-25.7662646,bp,2.18,15.489,13.739,0.044,11.599,0.465,g
2459179.26656,2020-11-25.7674818,bp,2.19,15.569,13.666,0.038,12.406,0.433,g
2459179.51423,2020-11-26.0151643,bH,2.10,15.423,13.715,0.045,11.865,0.494,g
2459179.51554,2020-11-26.0164780,bH,2.07,15.624,13.691,0.037,12.124,0.412,g
2459179.51683,2020-11-26.0177682,bH,2.06,15.487,13.778,0.045,11.186,0.466,g
2459179.62756,2020-11-26.1285033,bH,1.41,15.843,13.719,0.031,11.807,0.337,g
2459179.62886,2020-11-26.1297979,bH,1.43,15.839,13.661,0.029,12.464,0.340,g
2459179.63015,2020-11-26.1310946,bH,1.37,15.856,13.705,0.030,11.974,0.332,g
2459179.69867,2020-11-26.1996083,bH,1.43,15.777,13.658,0.031,12.494,0.359,g
2459179.69995,2020-11-26.2008979,bH,1.40,15.755,13.786,0.036,11.104,0.364,g
2459179.70124,2020-11-26.2021851,bH,1.45,15.784,13.742,0.033,11.573,0.355,g
2459180.26501,2020-11-26.7659754,bp,1.73,15.557,13.706,0.040,11.956,0.436,g
2459180.26629,2020-11-26.7672570,bp,1.70,15.556,13.657,0.038,12.504,0.437,g
2459180.26769,2020-11-26.7686543,bp,1.67,15.622,13.758,0.039,11.392,0.411,g
2459180.47252,2020-11-26.9734946,bp,1.53,15.820,13.803,0.034,10.932,0.343,g
2459180.47374,2020-11-26.9747130,bp,1.56,15.785,13.810,0.036,10.863,0.354,g
2459180.47501,2020-11-26.9759861,bp,1.53,15.631,13.775,0.040,11.215,0.408,g
2459180.53865,2020-11-27.0396291,bH,1.40,15.726,13.779,0.036,11.178,0.375,g
2459180.53994,2020-11-27.0409233,bH,1.39,15.703,13.800,0.038,10.970,0.382,g
2459180.54125,2020-11-27.0422230,bH,1.38,15.711,13.750,0.036,11.484,0.380,g
2459180.58641,2020-11-27.0873846,bl,1.52,15.811,13.769,0.033,11.282,0.345,g
2459180.58763,2020-11-27.0886050,bl,1.46,15.569,13.780,0.042,11.165,0.431,g
2459180.58885,2020-11-27.0898291,bl,1.45,15.691,13.842,0.040,10.556,0.386,g
2459181.43518,2020-11-27.9361908,bp,1.51,15.736,13.826,0.038,10.707,0.371,g
2459181.43641,2020-11-27.9374209,bp,1.59,15.641,13.726,0.038,11.739,0.405,g
2459181.43762,2020-11-27.9386252,bp,1.62,15.553,13.753,0.042,11.452,0.439,g
2459181.48353,2020-11-27.9845468,bp,1.53,15.870,13.760,0.031,11.369,0.328,g
2459181.48476,2020-11-27.9857759,bp,1.57,15.733,13.743,0.035,11.555,0.371,g
2459181.48599,2020-11-27.9870038,bp,1.52,15.655,13.781,0.039,11.159,0.399,g
2459181.62652,2020-11-28.1275461,bH,1.51,15.701,13.866,0.040,10.314,0.383,g
2459181.62781,2020-11-28.1288302,bH,1.44,15.565,13.863,0.046,10.346,0.433,g
2459181.62909,2020-11-28.1301164,bH,1.51,15.695,13.867,0.041,10.310,0.384,g
2459181.73614,2020-11-28.2371605,bH,1.45,15.628,13.769,0.040,11.278,0.411,g
2459181.73743,2020-11-28.2384555,bH,1.45,15.719,13.789,0.037,11.069,0.377,g
2459181.73871,2020-11-28.2397384,bH,1.38,15.648,13.827,0.041,10.699,0.403,g
2459182.26611,2020-11-28.7671511,bp,1.67,15.430,13.968,0.057,9.396,0.490,g
2459182.26733,2020-11-28.7683695,bp,1.57,15.396,13.889,0.055,10.101,0.505,g
2459182.26854,2020-11-28.7695856,bp,1.61,15.674,13.841,0.041,10.563,0.392,g
2459182.31543,2020-11-28.8164805,bp,1.50,15.825,13.898,0.037,10.024,0.341,g
2459182.31665,2020-11-28.8176907,bp,1.51,15.702,13.990,0.045,9.205,0.382,g
2459182.31786,2020-11-28.8189069,bp,1.51,15.703,13.999,0.046,9.127,0.382,g
2459182.53592,2020-11-29.0369766,bH,1.60,15.720,13.859,0.039,10.391,0.377,g
2459182.53722,2020-11-29.0382800,bH,1.57,15.643,13.987,0.048,9.232,0.403,g
2459182.53850,2020-11-29.0395557,bH,1.53,15.523,13.910,0.050,9.910,0.450,g
2459182.59090,2020-11-29.0919541,bl,1.46,15.611,14.027,0.051,8.891,0.415,g
2459182.59212,2020-11-29.0931769,bl,1.46,15.559,13.989,0.052,9.218,0.435,g
2459182.59334,2020-11-29.0943974,bl,1.50,15.612,13.955,0.048,9.507,0.414,g
2459182.67791,2020-11-29.1789688,bl,1.54,15.616,14.005,0.050,9.079,0.413,g
2459182.67913,2020-11-29.1801943,bl,1.60,15.483,13.952,0.053,9.530,0.466,g
2459182.68037,2020-11-29.1814268,bl,1.59,15.659,14.026,0.049,8.904,0.397,g
2459182.69013,2020-11-29.1911908,bl,1.58,15.534,13.962,0.052,9.442,0.445,g
2459182.69136,2020-11-29.1924237,bl,1.52,15.567,13.983,0.051,9.263,0.431,g
2459182.69258,2020-11-29.1936476,bl,1.56,15.632,13.997,0.049,9.144,0.407,g
2459184.27649,2020-11-30.7776128,bp,1.57,15.694,14.022,0.047,8.937,0.384,g
2459184.27783,2020-11-30.7789552,bp,1.54,15.718,13.965,0.044,9.415,0.377,g
2459184.27921,2020-11-30.7803274,bp,1.55,15.684,13.975,0.045,9.328,0.388,g
2459184.46621,2020-11-30.9673377,bp,1.48,15.476,13.937,0.053,9.664,0.469,g
2459184.46743,2020-11-30.9685569,bp,1.48,15.512,14.038,0.056,8.807,0.454,g
2459184.46866,2020-11-30.9697868,bp,1.54,15.450,13.932,0.054,9.706,0.481,g
2459184.58884,2020-12-01.0899797,bl,1.46,15.657,14.092,0.052,8.380,0.397,g
2459184.59008,2020-12-01.0912119,bl,1.44,15.654,14.134,0.054,8.061,0.398,g
2459184.59129,2020-12-01.0924363,bl,1.42,15.593,14.129,0.057,8.096,0.422,g
2459184.66852,2020-12-01.1696625,bH,1.34,15.705,14.104,0.050,8.286,0.381,g
2459184.66981,2020-12-01.1709481,bH,1.47,15.600,14.120,0.056,8.168,0.419,g
2459184.67109,2020-12-01.1722318,bH,1.42,15.572,14.102,0.057,8.304,0.430,g
2459184.69050,2020-12-01.1916438,bl,1.50,15.483,14.143,0.064,8.001,0.467,g
2459184.69172,2020-12-01.1928634,bl,1.53,15.557,14.055,0.055,8.669,0.436,g
2459184.69294,2020-12-01.1940910,bl,1.47,15.545,14.331,0.072,6.722,0.440,g
2459185.52520,2020-12-02.0263689,bl,1.57,15.942,14.093,0.040,8.371,0.306,g
2459185.52643,2020-12-02.0276024,bl,1.57,16.093,14.042,0.033,8.772,0.267,g
2459185.52766,2020-12-02.0288276,bl,1.63,15.911,14.116,0.042,8.192,0.315,g
2459185.63044,2020-12-02.1316164,bl,1.46,15.659,14.159,0.055,7.880,0.397,g
2459185.63166,2020-12-02.1328361,bl,1.54,15.688,14.122,0.052,8.156,0.386,g
2459185.63289,2020-12-02.1340664,bl,1.53,15.786,14.145,0.048,7.984,0.353,g
2459186.27271,2020-12-02.7739143,bp,1.67,15.688,14.109,0.051,8.253,0.386,g
2459186.27399,2020-12-02.7751969,bp,1.64,15.773,14.146,0.049,7.969,0.357,g
2459186.27529,2020-12-02.7764971,bp,1.74,16.113,14.074,0.033,8.521,0.261,g
2459186.52151,2020-12-03.0227149,bH,2.48,15.699,14.255,0.058,7.208,0.382,g
2459186.52279,2020-12-03.0239989,bH,2.50,15.731,14.312,0.059,6.842,0.371,g
2459186.52408,2020-12-03.0252880,bH,2.48,15.906,14.194,0.045,7.631,0.316,g
2459186.72065,2020-12-03.2218719,bH,1.54,15.646,14.281,0.062,7.041,0.401,g
2459186.72195,2020-12-03.2231619,bH,1.39,15.785,14.260,0.054,7.177,0.353,g
2459186.72323,2020-12-03.2244487,bH,1.44,15.798,14.342,0.057,6.660,0.349,g
2459187.28855,2020-12-03.7897894,bp,2.01,16.057,14.218,0.040,7.463,0.276,g
2459187.28994,2020-12-03.7911704,bp,1.67,99.990,99.990,99.990,99.990,99.990,g
2459187.29119,2020-12-03.7924287,bp,1.68,16.061,14.290,0.043,6.981,0.274,g
2459187.58805,2020-12-04.0892951,bl,1.52,16.108,14.248,0.039,7.260,0.263,g
2459187.58927,2020-12-04.0905175,bl,1.53,15.898,14.239,0.048,7.318,0.318,g
2459187.59049,2020-12-04.0917325,bl,1.48,16.050,14.211,0.040,7.504,0.277,g
2459188.38461,2020-12-04.8858961,bp,1.72,99.990,99.990,99.990,99.990,99.990,g
2459188.38586,2020-12-04.8871418,bp,1.60,16.035,14.369,0.047,6.493,0.281,g
2459188.38709,2020-12-04.8883776,bp,1.54,16.093,14.370,0.045,6.489,0.266,g
2459188.52781,2020-12-05.0290973,bH,1.83,15.914,14.374,0.053,6.464,0.314,g
2459188.52910,2020-12-05.0303855,bH,1.85,16.010,14.418,0.051,6.209,0.287,g
2459188.53039,2020-12-05.0316740,bH,1.88,16.020,14.465,0.052,5.943,0.284,g
2459189.52000,2020-12-06.0213185,bl,1.74,15.375,14.641,0.111,5.057,0.514,g
2459189.52122,2020-12-06.0225486,bl,1.71,15.552,14.601,0.091,5.246,0.437,g
2459189.52246,2020-12-06.0237754,bl,1.72,15.554,14.684,0.098,4.856,0.436,g
2459191.27160,2020-12-07.7729899,bp,2.06,15.674,14.627,0.084,5.119,0.391,g
2459191.27283,2020-12-07.7742155,bp,2.03,15.742,14.531,0.072,5.596,0.367,g
2459191.27403,2020-12-07.7754226,bp,2.04,15.898,14.714,0.074,4.724,0.318,g
2459191.52107,2020-12-08.0224677,bH,1.50,15.586,14.750,0.102,4.573,0.424,g
2459191.52236,2020-12-08.0237607,bH,1.42,15.727,14.671,0.083,4.915,0.372,g
2459191.52367,2020-12-08.0250710,bH,1.50,15.770,14.486,0.067,5.833,0.358,g
2459192.27590,2020-12-08.7773212,bp,1.50,15.771,14.798,0.089,4.374,0.357,g
2459192.27712,2020-12-08.7785409,bp,1.47,15.830,14.737,0.080,4.624,0.338,g
2459192.27833,2020-12-08.7797439,bp,1.45,16.009,14.713,0.067,4.728,0.287,g
2459192.52924,2020-12-09.0306718,bl,1.71,15.807,14.910,0.096,3.942,0.346,g
2459192.53047,2020-12-09.0318949,bl,1.54,15.907,14.698,0.072,4.792,0.315,g
2459192.53169,2020-12-09.0331199,bl,1.50,15.990,14.678,0.065,4.886,0.292,g
2459193.52588,2020-12-10.0273428,bl,1.62,15.675,14.901,0.107,3.976,0.390,g
2459193.52710,2020-12-10.0285656,bl,1.62,15.803,14.812,0.088,4.318,0.347,g
2459193.52832,2020-12-10.0297814,bl,1.58,15.810,14.843,0.090,4.197,0.345,g
2459194.29704,2020-12-10.7985281,bp,1.53,99.990,99.990,99.990,99.990,99.990,g
2459194.29826,2020-12-10.7997489,bp,1.59,99.990,99.990,99.990,99.990,99.990,g
2459194.29946,2020-12-10.8009557,bp,1.54,99.990,99.990,99.990,99.990,99.990,g
2459194.44620,2020-12-10.9476901,bp,1.54,15.905,14.776,0.077,4.464,0.317,g
2459194.44742,2020-12-10.9489189,bp,1.61,15.778,14.893,0.097,4.004,0.356,g
2459194.44864,2020-12-10.9501349,bp,1.59,15.927,14.787,0.077,4.419,0.309,g
2459194.54512,2020-12-11.0466158,bl,1.45,16.041,14.859,0.074,4.135,0.279,g
2459194.54633,2020-12-11.0478329,bl,1.52,16.088,14.815,0.068,4.304,0.267,g
2459194.54756,2020-12-11.0490528,bl,1.43,16.046,14.809,0.070,4.328,0.277,g
2459194.56424,2020-12-11.0657525,bH,1.44,16.044,14.750,0.067,4.570,0.278,g
2459194.56554,2020-12-11.0670513,bH,1.43,16.349,14.701,0.048,4.783,0.210,g
2459194.56683,2020-12-11.0683354,bH,1.43,16.076,14.868,0.072,4.102,0.270,g
2459195.27892,2020-12-11.7804440,bp,1.96,99.990,99.990,99.990,99.990,99.990,g
2459195.52343,2020-12-12.0249765,bH,1.47,15.643,14.750,0.096,4.569,0.402,g
2459195.52473,2020-12-12.0262732,bH,1.50,15.611,14.946,0.119,3.815,0.414,g
2459195.52603,2020-12-12.0275707,bH,1.52,15.830,14.925,0.095,3.892,0.339,g
2459196.28298,2020-12-12.7845388,bp,1.80,15.981,14.894,0.081,4.003,0.295,g
2459196.28422,2020-12-12.7857884,bp,1.83,16.066,14.969,0.080,3.738,0.272,g
2459196.28555,2020-12-12.7871190,bp,1.76,99.990,99.990,99.990,99.990,99.990,g
2459196.52794,2020-12-13.0295164,bH,1.67,15.955,15.058,0.096,3.441,0.302,g
2459196.52924,2020-12-13.0308129,bH,1.66,15.879,14.930,0.092,3.871,0.323,g
2459196.53054,2020-12-13.0321105,bH,2.04,15.964,15.121,0.101,3.248,0.299,g
2459197.57675,2020-12-14.0783516,bl,1.47,16.047,14.942,0.079,3.829,0.277,g
2459197.57798,2020-12-14.0795792,bl,1.49,16.173,15.012,0.075,3.592,0.247,g
2459197.57920,2020-12-14.0808083,bl,1.43,16.161,14.961,0.073,3.763,0.250,g
2459198.28779,2020-12-14.7894135,bp,2.01,16.025,15.119,0.095,3.254,0.283,g
2459198.28903,2020-12-14.7906506,bp,1.71,16.151,14.981,0.075,3.696,0.252,g
2459198.29025,2020-12-14.7918806,bp,1.75,16.089,14.982,0.079,3.691,0.267,g
2459198.54061,2020-12-15.0422464,bH,1.43,15.996,15.073,0.094,3.395,0.290,g
2459198.54190,2020-12-15.0435322,bH,1.46,16.204,15.114,0.080,3.269,0.240,g
2459198.54319,2020-12-15.0448260,bH,1.43,16.215,15.081,0.077,3.370,0.237,g
2459199.27559,2020-12-15.7772488,bp,2.10,15.561,15.330,0.177,2.680,0.433,g
2459199.27681,2020-12-15.7784733,bp,2.12,15.672,>15.672,99.990,1.856,0.391,g
2459199.27805,2020-12-15.7797057,bp,2.08,15.823,15.150,0.118,3.162,0.341,g
2459199.43480,2020-12-15.9364548,bp,1.49,16.072,15.168,0.095,3.110,0.271,g
2459199.43601,2020-12-15.9376719,bp,1.52,16.165,15.037,0.078,3.510,0.249,g
2459199.43723,2020-12-15.9388916,bp,1.53,16.067,15.160,0.095,3.133,0.272,g
2459200.28743,2020-12-16.7891184,bp,1.66,16.061,15.125,0.093,3.238,0.274,g
2459200.28874,2020-12-16.7904247,bp,1.60,16.157,15.322,0.102,2.699,0.250,g
2459200.28996,2020-12-16.7916540,bp,1.64,16.082,15.252,0.102,2.879,0.268,g
2459201.28429,2020-12-17.7860112,bp,2.34,15.911,15.240,0.118,2.910,0.314,g
2459201.28551,2020-12-17.7872422,bp,2.26,15.808,15.220,0.127,2.967,0.345,g
2459201.28674,2020-12-17.7884724,bp,2.27,16.047,15.392,0.120,2.531,0.277,g
2459202.42366,2020-12-18.9254182,bp,1.49,16.094,15.415,0.117,2.478,0.265,g
2459202.42489,2020-12-18.9266494,bp,1.51,16.199,15.320,0.098,2.703,0.241,g
2459202.42613,2020-12-18.9278925,bp,1.46,16.233,15.297,0.093,2.764,0.234,g
2459206.28581,2020-12-22.7876790,bp,1.51,16.007,15.690,0.164,1.922,0.287,g
2459206.28703,2020-12-22.7888964,bp,1.59,15.999,15.721,0.170,1.868,0.289,g
2459206.28826,2020-12-22.7901230,bp,1.53,15.949,15.927,0.215,1.546,0.303,g
2459206.58036,2020-12-23.0822363,bl,1.53,15.970,>15.970,99.990,1.422,0.297,g
2459206.58159,2020-12-23.0834745,bl,1.48,15.979,15.723,0.173,1.865,0.295,g
2459206.58283,2020-12-23.0847045,bl,1.49,15.955,>15.955,99.990,1.460,0.301,g
2459206.64822,2020-12-23.1500975,bH,1.44,15.950,>15.950,99.990,1.494,0.303,g
2459206.64952,2020-12-23.1514052,bH,1.41,16.005,15.786,0.179,1.761,0.288,g
2459206.65083,2020-12-23.1527101,bH,1.51,15.957,15.597,0.157,2.095,0.301,g
2459207.36914,2020-12-23.8710395,bp,1.49,15.976,15.744,0.177,1.829,0.296,g
2459207.37036,2020-12-23.8722613,bp,1.56,16.068,15.777,0.168,1.774,0.272,g
2459207.37159,2020-12-23.8734957,bp,1.57,99.990,99.990,99.990,99.990,99.990,g
2459207.59516,2020-12-24.0970681,bH,1.46,15.984,>15.984,99.990,1.414,0.293,g
2459207.59647,2020-12-24.0983775,bH,1.46,15.833,>15.833,99.990,1.624,0.337,g
2459207.59776,2020-12-24.0996630,bH,1.42,16.194,15.655,0.134,1.987,0.242,g
2459208.39099,2020-12-24.8929135,bp,1.44,15.884,15.856,0.214,1.650,0.322,g
2459208.39221,2020-12-24.8941331,bp,1.51,16.013,15.992,0.215,1.455,0.286,g
2459208.39343,2020-12-24.8953597,bp,1.44,16.058,15.928,0.195,1.545,0.274,g
2459208.41742,2020-12-24.9193442,bp,1.51,15.935,15.804,0.195,1.731,0.307,g
2459208.41864,2020-12-24.9205643,bp,1.55,16.022,15.650,0.156,1.995,0.283,g
2459208.41985,2020-12-24.9217763,bp,1.48,16.015,15.688,0.162,1.927,0.285,g
2459209.27905,2020-12-25.7809950,bp,2.40,15.397,>15.397,99.990,1.873,0.504,g
2459209.28027,2020-12-25.7822166,bp,2.46,15.433,>15.433,99.990,1.002,0.487,g
2459209.28147,2020-12-25.7834278,bp,2.44,15.571,>15.571,99.990,2.004,0.429,g
2459209.58150,2020-12-26.0834615,bH,1.39,15.970,15.777,0.184,1.776,0.297,g
2459209.58281,2020-12-26.0847645,bH,1.34,15.765,>15.765,99.990,1.450,0.359,g
2459209.58409,2020-12-26.0860609,bH,1.37,15.955,15.838,0.197,1.679,0.301,g
2459210.29126,2020-12-26.7932354,bp,1.70,15.955,15.837,0.197,1.679,0.301,g
2459210.62071,2020-12-27.1227018,bH,1.50,15.855,15.714,0.193,1.880,0.331,g
2459210.62200,2020-12-27.1239863,bH,1.49,15.852,>15.852,99.990,1.388,0.331,g
2459210.62329,2020-12-27.1252755,bH,1.51,16.004,>16.004,99.990,1.375,0.288,g
2459211.56610,2020-12-28.0681109,bl,1.48,15.930,>15.930,99.990,1.500,0.308,g
2459211.56734,2020-12-28.0693513,bl,1.48,15.734,>15.734,99.990,1.348,0.369,g
2459211.56857,2020-12-28.0705824,bl,1.47,15.678,>15.678,99.990,1.606,0.389,g
2459212.28338,2020-12-28.7854064,bp,2.42,15.544,>15.544,99.990,0.785,0.440,g
2459212.28463,2020-12-28.7866577,bp,2.45,15.666,>15.666,99.990,1.760,0.393,g
2459212.28585,2020-12-28.7878770,bp,2.34,15.844,>15.844,99.990,0.751,0.334,g
2459213.32126,2020-12-29.8233106,bp,1.53,15.771,>15.771,99.990,1.389,0.357,g
2459213.32249,2020-12-29.8245406,bp,1.54,15.741,>15.741,99.990,1.708,0.367,g
2459213.32371,2020-12-29.8257646,bp,1.49,15.649,>15.649,99.990,0.618,0.399,g
2459213.53297,2020-12-30.0350240,bH,1.71,15.444,>15.444,99.990,0.386,0.483,g
2459213.53426,2020-12-30.0363204,bH,1.88,15.529,>15.529,99.990,0.536,0.446,g
2459213.53555,2020-12-30.0376156,bH,1.73,15.547,>15.547,99.990,0.676,0.439,g
2459214.40045,2020-12-30.9025325,bp,1.50,15.752,>15.752,99.990,0.026,0.363,g
2459214.40168,2020-12-30.9037600,bp,1.55,15.566,>15.566,99.990,0.768,0.431,g
2459214.40292,2020-12-30.9050016,bp,1.58,15.653,>15.653,99.990,1.239,0.398,g
2459215.28825,2020-12-31.7903534,bp,2.22,15.933,>15.933,99.990,1.138,0.307,g
2459215.28951,2020-12-31.7916115,bp,2.19,15.922,>15.922,99.990,1.363,0.311,g
2459215.29074,2020-12-31.7928358,bp,2.16,16.077,>16.077,99.990,0.680,0.269,g
2459216.33274,2021-01-01.8348562,bp,1.60,99.990,99.990,99.990,99.990,99.990,g
2459216.33403,2021-01-01.8361446,bp,1.62,99.990,99.990,99.990,99.990,99.990,g
2459216.33528,2021-01-01.8374028,bp,1.67,99.990,99.990,99.990,99.990,99.990,g
2459216.55907,2021-01-02.0611989,bH,1.87,16.306,>16.306,99.990,0.913,0.218,g
2459216.56036,2021-01-02.0624886,bH,1.83,16.249,>16.249,99.990,1.069,0.230,g
2459216.56167,2021-01-02.0637908,bH,1.82,16.145,>16.145,99.990,0.871,0.253,g
2459216.64452,2021-01-02.1466484,bH,1.47,15.822,>15.822,99.990,0.930,0.341,g
2459216.64582,2021-01-02.1479457,bH,1.42,15.816,>15.816,99.990,1.190,0.343,g
2459216.64711,2021-01-02.1492418,bH,1.35,15.749,>15.749,99.990,1.222,0.364,g
2459217.30968,2021-01-02.8118215,bp,1.64,16.350,>16.350,99.990,0.939,0.209,g
2459217.31090,2021-01-02.8130400,bp,1.63,16.220,>16.220,99.990,0.906,0.236,g
2459217.31212,2021-01-02.8142563,bp,1.56,16.258,>16.258,99.990,0.967,0.228,g
2459218.60822,2021-01-04.1103954,bH,1.38,16.208,>16.208,99.990,0.892,0.239,g
2459218.60952,2021-01-04.1116883,bH,1.41,16.135,>16.135,99.990,0.929,0.255,g
2459218.61081,2021-01-04.1129768,bH,1.38,16.145,>16.145,99.990,0.800,0.253,g
2459221.28197,2021-01-06.7841873,bp,2.16,15.535,>15.535,99.990,0.197,0.443,g
2459221.28320,2021-01-06.7854185,bp,2.16,15.813,>15.813,99.990,0.733,0.343,g
2459221.28443,2021-01-06.7866462,bp,2.16,15.758,>15.758,99.990,0.369,0.361,g
2459221.38186,2021-01-06.8840800,bp,1.52,16.252,>16.252,99.990,0.944,0.229,g
2459221.38308,2021-01-06.8853065,bp,1.62,16.135,>16.135,99.990,0.863,0.255,g
2459221.38431,2021-01-06.8865329,bp,1.64,99.990,99.990,99.990,99.990,99.990,g
2459222.34807,2021-01-07.8503193,bp,1.55,16.255,>16.255,99.990,0.780,0.229,g
2459222.34932,2021-01-07.8515600,bp,1.60,16.158,>16.158,99.990,0.857,0.250,g
2459222.35054,2021-01-07.8527857,bp,1.59,99.990,99.990,99.990,99.990,99.990,g
2459222.63070,2021-01-08.1329417,bH,1.42,16.057,>16.057,99.990,0.744,0.274,g
2459223.29105,2021-01-08.7933035,bp,2.16,16.063,>16.063,99.990,0.868,0.273,g
2459223.29226,2021-01-08.7945207,bp,2.16,16.198,>16.198,99.990,0.959,0.241,g
2459223.29349,2021-01-08.7957475,bp,2.13,16.041,>16.041,99.990,0.870,0.278,g
2459224.34309,2021-01-09.8453731,bp,1.54,16.381,>16.381,99.990,0.940,0.204,g
2459224.34433,2021-01-09.8466053,bp,1.61,16.206,>16.206,99.990,0.647,0.239,g
2459224.34553,2021-01-09.8478179,bp,1.51,16.095,>16.095,99.990,0.797,0.265,g
2459226.30546,2021-01-11.8077692,bp,1.50,16.210,>16.210,99.990,0.703,0.238,g
2459226.30668,2021-01-11.8089934,bp,1.54,16.214,>16.214,99.990,0.754,0.237,g
2459226.30791,2021-01-11.8102210,bp,1.54,16.295,>16.295,99.990,1.009,0.220,g
2459228.31633,2021-01-13.8186652,bp,1.61,16.125,>16.125,99.990,1.027,0.258,g
2459228.31759,2021-01-13.8199363,bp,1.55,16.173,>16.173,99.990,0.598,0.246,g
2459228.31884,2021-01-13.8211848,bp,1.59,16.243,>16.243,99.990,1.146,0.231,g
2459229.32308,2021-01-14.8254372,bp,2.34,99.990,99.990,99.990,99.990,99.990,g
2459229.32431,2021-01-14.8266649,bp,2.25,99.990,99.990,99.990,99.990,99.990,g
2459229.32554,2021-01-14.8278974,bp,1.74,14.681,>14.681,99.990,-1.375,0.975,g
2459230.29007,2021-01-15.7924432,bp,1.68,99.990,99.990,99.990,99.990,99.990,g
2459230.52806,2021-01-16.0304241,bH,1.56,15.427,>15.427,99.990,0.932,0.490,g
2459230.52938,2021-01-16.0317483,bH,1.52,15.655,>15.655,99.990,0.105,0.397,g
2459230.53067,2021-01-16.0330380,bH,1.45,15.660,>15.660,99.990,0.083,0.395,g
2459231.28184,2021-01-16.7842195,bp,1.59,15.744,>15.744,99.990,0.853,0.366,g
2459231.28306,2021-01-16.7854355,bp,1.62,15.809,>15.809,99.990,0.365,0.345,g
2459231.28429,2021-01-16.7866657,bp,1.58,15.928,>15.928,99.990,0.238,0.309,g
2459231.56227,2021-01-17.0646451,bH,1.50,16.013,>16.013,99.990,0.731,0.286,g
2459231.56356,2021-01-17.0659406,bH,1.48,16.097,>16.097,99.990,0.791,0.264,g
2459231.56485,2021-01-17.0672317,bH,1.51,16.227,>16.227,99.990,0.827,0.235,g
2459232.55003,2021-01-18.0524178,bl,1.64,15.936,>15.936,99.990,0.837,0.307,g
2459232.55126,2021-01-18.0536432,bl,1.67,15.980,>15.980,99.990,0.762,0.294,g
2459232.55249,2021-01-18.0548745,bl,1.58,16.115,>16.115,99.990,0.626,0.260,g
2459233.55725,2021-01-19.0596510,bl,1.43,16.142,>16.142,99.990,0.570,0.254,g
2459233.55848,2021-01-19.0608810,bl,1.46,15.940,>15.940,99.990,0.661,0.305,g
2459233.55973,2021-01-19.0621229,bl,1.41,16.045,>16.045,99.990,0.551,0.277,g
2459234.53112,2021-01-20.0335343,bH,1.49,15.593,>15.593,99.990,0.586,0.421,g
2459234.53243,2021-01-20.0348356,bH,1.54,15.821,>15.821,99.990,0.530,0.341,g
2459234.53371,2021-01-20.0361218,bH,1.50,15.784,>15.784,99.990,0.771,0.353,g
2459235.28425,2021-01-20.7866619,bp,2.45,16.015,>16.015,99.990,0.743,0.285,g
2459235.28546,2021-01-20.7878865,bp,2.41,15.874,>15.874,99.990,0.560,0.325,g
2459235.28669,2021-01-20.7891071,bp,2.43,15.932,>15.932,99.990,0.274,0.308,g
2459236.57043,2021-01-22.0728508,bH,1.49,16.102,>16.102,99.990,0.544,0.263,g
2459236.57171,2021-01-22.0741373,bH,1.47,16.099,>16.099,99.990,0.425,0.264,g
2459236.57301,2021-01-22.0754371,bH,1.46,15.929,>15.929,99.990,0.223,0.309,g
2459237.34382,2021-01-22.8462504,bp,1.44,16.067,>16.067,99.990,0.477,0.272,g
2459238.54390,2021-01-24.0463422,bH,1.46,15.991,>15.991,99.990,1.088,0.292,g
2459238.54519,2021-01-24.0476313,bH,1.39,16.044,>16.044,99.990,0.138,0.277,g
2459238.54649,2021-01-24.0489276,bH,1.45,15.859,>15.859,99.990,0.999,0.329,g
2459240.31628,2021-01-25.8187289,bp,1.51,15.893,>15.893,99.990,0.144,0.319,g
2459240.31751,2021-01-25.8199531,bp,1.51,15.754,>15.754,99.990,0.914,0.363,g
2459240.31873,2021-01-25.8211821,bp,1.52,15.968,>15.968,99.990,0.637,0.298,g
2459240.53552,2021-01-26.0379666,bH,1.40,15.783,>15.783,99.990,0.581,0.353,g
2459240.53682,2021-01-26.0392712,bH,1.43,15.767,>15.767,99.990,0.535,0.358,g
2459240.53813,2021-01-26.0405754,bH,1.43,15.786,>15.786,99.990,0.009,0.352,g
2459241.31584,2021-01-26.8182861,bp,1.55,15.801,>15.801,99.990,1.149,0.347,g
2459241.31707,2021-01-26.8195162,bp,1.60,15.756,>15.756,99.990,0.485,0.362,g
2459241.31829,2021-01-26.8207453,bp,1.55,15.666,>15.666,99.990,0.407,0.393,g
2459241.57816,2021-01-27.0806116,bH,1.46,15.624,>15.624,99.990,1.182,0.409,g
2459241.57947,2021-01-27.0819261,bH,1.36,15.656,>15.656,99.990,-0.275,0.397,g
2459242.33024,2021-01-27.8326979,bp,1.51,15.599,>15.599,99.990,0.663,0.418,g
2459243.32228,2021-01-28.8247346,bp,1.55,15.434,>15.434,99.990,0.637,0.487,g
2459243.32349,2021-01-28.8259471,bp,1.60,15.547,>15.547,99.990,0.592,0.439,g
2459243.32473,2021-01-28.8271865,bp,1.58,15.546,>15.546,99.990,1.060,0.439,g
2459243.52669,2021-01-29.0291540,bH,1.65,15.472,>15.472,99.990,0.528,0.470,g
2459243.52802,2021-01-29.0304866,bH,1.68,15.555,>15.555,99.990,0.163,0.436,g
2459243.52934,2021-01-29.0318111,bH,1.72,15.558,>15.558,99.990,1.108,0.434,g
2459244.27777,2021-01-29.7802239,bp,2.50,15.817,>15.817,99.990,1.245,0.342,g
2459245.52671,2021-01-31.0291675,bH,1.47,15.728,>15.728,99.990,0.834,0.372,g
2459245.52800,2021-01-31.0304556,bH,1.44,15.855,>15.855,99.990,0.565,0.330,g
2459245.52928,2021-01-31.0317447,bH,1.43,15.955,>15.955,99.990,1.094,0.301,g
2459246.52957,2021-02-01.0320331,bl,2.02,15.694,>15.694,99.990,0.536,0.383,g
2459246.53080,2021-02-01.0332619,bl,1.58,15.944,>15.944,99.990,0.793,0.304,g
2459246.53202,2021-02-01.0344790,bl,1.63,15.922,>15.922,99.990,0.979,0.311,g
2459247.27478,2021-02-01.7772479,bp,2.10,15.731,>15.731,99.990,0.436,0.370,g
2459248.28903,2021-02-02.7914942,bp,1.53,99.990,99.990,99.990,99.990,99.990,g
2459248.29026,2021-02-02.7927171,bp,1.54,99.990,99.990,99.990,99.990,99.990,g
2459248.29149,2021-02-02.7939459,bp,1.48,16.165,>16.165,99.990,0.843,0.248,g
2459249.30281,2021-02-03.8052703,bp,1.69,16.152,16.121,0.213,1.294,0.251,g
2459249.30413,2021-02-03.8065893,bp,1.65,16.100,>16.100,99.990,1.146,0.264,g
2459249.30538,2021-02-03.8078504,bp,1.67,16.192,15.956,0.177,1.505,0.242,g
2459249.54188,2021-02-04.0443400,bH,1.49,16.269,>16.269,99.990,0.967,0.226,g
2459249.54316,2021-02-04.0456166,bH,1.48,16.258,>16.258,99.990,1.025,0.228,g
2459249.54443,2021-02-04.0468920,bH,1.49,16.185,>16.185,99.990,0.868,0.244,g
2459251.29443,2021-02-05.7968914,bp,1.53,16.114,>16.114,99.990,0.918,0.260,g
2459251.29567,2021-02-05.7981260,bp,1.49,16.155,>16.155,99.990,1.112,0.251,g
2459251.29690,2021-02-05.7993535,bp,1.54,16.323,16.179,0.192,1.226,0.215,g
2459252.28639,2021-02-06.7888399,bp,2.08,16.156,>16.156,99.990,1.001,0.251,g
2459252.28762,2021-02-06.7900700,bp,2.06,99.990,99.990,99.990,99.990,99.990,g
2459252.28886,2021-02-06.7913087,bp,2.03,99.990,99.990,99.990,99.990,99.990,g
2459252.54653,2021-02-07.0489769,bH,1.57,16.157,>16.157,99.990,0.876,0.250,g
2459252.54782,2021-02-07.0502677,bH,1.61,16.191,16.023,0.188,1.416,0.243,g
2459252.54911,2021-02-07.0515612,bH,1.60,16.278,16.243,0.213,1.156,0.224,g
2459254.28876,2021-02-08.7911993,bp,1.62,16.144,>16.144,99.990,0.799,0.253,g
2459254.28998,2021-02-08.7924174,bp,1.53,16.075,>16.075,99.990,1.111,0.270,g
2459254.29119,2021-02-08.7936334,bp,1.59,16.168,16.157,0.217,1.250,0.248,g
2459254.52543,2021-02-09.0278645,bH,1.58,15.985,>15.985,99.990,0.823,0.293,g
2459254.52673,2021-02-09.0291682,bH,1.54,16.020,>16.020,99.990,0.842,0.284,g
2459254.52803,2021-02-09.0304664,bH,1.55,16.059,>16.059,99.990,1.166,0.274,g
2459255.53801,2021-02-10.0404396,bH,1.70,16.105,>16.105,99.990,0.972,0.262,g
2459255.53930,2021-02-10.0417280,bH,1.60,16.070,>16.070,99.990,1.030,0.271,g
2459255.54059,2021-02-10.0430263,bH,1.60,16.249,>16.249,99.990,0.997,0.230,g
2459257.51683,2021-02-12.0192464,bH,1.38,15.330,>15.330,99.990,0.477,0.536,g
2459257.51812,2021-02-12.0205333,bH,1.44,15.559,>15.559,99.990,1.186,0.434,g
2459257.51943,2021-02-12.0218466,bH,1.47,15.693,>15.693,99.990,0.382,0.384,g
2459258.53096,2021-02-13.0333723,bH,1.52,16.114,>16.114,99.990,1.290,0.260,g
2459258.53225,2021-02-13.0346630,bH,1.49,16.080,>16.080,99.990,0.964,0.269,g
2459259.52662,2021-02-14.0290207,bH,1.46,16.252,>16.252,99.990,0.939,0.229,g
2459259.52793,2021-02-14.0303288,bH,1.46,16.109,>16.109,99.990,1.186,0.262,g
2459259.52923,2021-02-14.0316266,bH,1.45,16.180,>16.180,99.990,0.754,0.245,g
2459261.26948,2021-02-15.7718615,bp,1.58,16.179,>16.179,99.990,0.858,0.245,g
2459261.27071,2021-02-15.7730905,bp,1.61,99.990,99.990,99.990,99.990,99.990,g
2459261.27201,2021-02-15.7743885,bp,1.67,99.990,99.990,99.990,99.990,99.990,g
2459261.51389,2021-02-16.0162776,bH,1.57,15.363,>15.363,99.990,0.837,0.520,g
2459261.51519,2021-02-16.0175763,bH,1.61,15.638,>15.638,99.990,1.136,0.403,g
2459263.51247,2021-02-18.0148253,bH,1.56,15.364,>15.364,99.990,0.525,0.519,g
2459263.51377,2021-02-18.0161245,bH,1.58,15.652,>15.652,99.990,0.181,0.398,g
2459265.26554,2021-02-19.7678648,bp,2.11,15.919,>15.919,99.990,0.990,0.311,g
2459265.26676,2021-02-19.7690915,bp,2.08,15.987,>15.987,99.990,1.426,0.293,g
2459267.26032,2021-02-21.7626228,bp,2.23,15.721,>15.721,99.990,0.273,0.374,g
2459267.26155,2021-02-21.7638464,bp,2.24,15.671,>15.671,99.990,0.828,0.392,g
2459337.92583,2021-05-03.4257857,bl,1.60,15.780,>15.780,99.990,0.658,0.354,g
2459337.92707,2021-05-03.4270241,bl,1.58,15.666,>15.666,99.990,0.309,0.393,g
2459337.92831,2021-05-03.4282658,bl,1.56,15.648,>15.648,99.990,0.705,0.400,g
2459339.92146,2021-05-05.4213315,bH,1.41,15.976,>15.976,99.990,0.931,0.296,g
2459339.92274,2021-05-05.4226033,bH,1.40,15.959,>15.959,99.990,0.418,0.300,g
2459339.92400,2021-05-05.4238688,bH,1.45,16.071,>16.071,99.990,0.861,0.271,g
2459340.91724,2021-05-06.4170565,bH,1.42,16.030,>16.030,99.990,0.826,0.281,g
2459340.91853,2021-05-06.4183537,bH,1.44,15.923,>15.923,99.990,1.344,0.310,g
2459340.91981,2021-05-06.4196225,bH,1.43,15.988,>15.988,99.990,0.656,0.292,g
2459341.93146,2021-05-07.4312398,bl,1.72,15.623,>15.623,99.990,1.133,0.409,g
2459341.93269,2021-05-07.4324696,bl,1.74,15.559,>15.559,99.990,0.295,0.434,g
2459341.93392,2021-05-07.4336974,bl,1.79,15.365,>15.365,99.990,1.200,0.519,g
2459352.68307,2021-05-18.1824032,bp,1.54,15.758,>15.758,99.990,0.863,0.361,g
2459352.68431,2021-05-18.1836436,bp,1.51,15.751,>15.751,99.990,1.560,0.364,g
2459352.68556,2021-05-18.1848869,bp,1.54,15.705,>15.705,99.990,0.597,0.380,g
2459357.62958,2021-05-23.1287047,bp,1.60,16.131,>16.131,99.990,1.018,0.256,g
2459357.63080,2021-05-23.1299243,bp,1.59,16.149,>16.149,99.990,1.105,0.252,g
2459357.63204,2021-05-23.1311665,bp,1.51,16.224,>16.224,99.990,0.593,0.235,g
2459359.63738,2021-05-25.1364315,bp,1.74,13.805,>13.805,99.990,4.202,2.182,g
2459360.66791,2021-05-26.1669126,bp,1.65,14.186,>14.186,99.990,0.230,1.537,g
2459360.87634,2021-05-26.3753380,bH,1.52,15.406,>15.406,99.990,-0.077,0.500,g
2459360.87762,2021-05-26.3766241,bH,1.53,15.483,>15.483,99.990,0.592,0.465,g
2459360.87891,2021-05-26.3779100,bH,1.52,15.493,>15.493,99.990,-0.225,0.461,g
2459363.87090,2021-05-29.3697796,bH,1.57,15.795,>15.795,99.990,0.697,0.349,g
2459363.87218,2021-05-29.3710608,bH,1.55,15.694,>15.694,99.990,1.180,0.383,g
2459363.87346,2021-05-29.3723380,bH,1.53,15.771,>15.771,99.990,0.980,0.357,g
2459365.87516,2021-05-31.3739603,bH,1.60,15.947,>15.947,99.990,0.902,0.303,g
2459365.87644,2021-05-31.3752467,bH,1.58,15.804,>15.804,99.990,1.288,0.346,g
2459365.87775,2021-05-31.3765502,bH,1.55,15.855,>15.855,99.990,0.635,0.331,g
2459366.86551,2021-06-01.3642766,bH,1.42,16.024,>16.024,99.990,0.663,0.283,g
2459366.86679,2021-06-01.3655626,bH,1.41,16.067,>16.067,99.990,1.054,0.272,g
2459366.86807,2021-06-01.3668395,bH,1.39,15.985,>15.985,99.990,0.695,0.293,g
2459367.85806,2021-06-02.3567895,bH,1.51,16.295,>16.295,99.990,1.092,0.220,g
2459367.85935,2021-06-02.3580832,bH,1.56,16.027,>16.027,99.990,0.952,0.282,g
2459367.86064,2021-06-02.3593671,bH,1.53,16.056,>16.056,99.990,0.838,0.274,g
2459368.86338,2021-06-03.3620756,bH,1.49,16.003,>16.003,99.990,0.710,0.288,g
2459368.86468,2021-06-03.3633745,bH,1.50,16.076,>16.076,99.990,0.608,0.270,g
2459368.86597,2021-06-03.3646640,bH,1.51,16.112,>16.112,99.990,0.573,0.261,g
2459369.61286,2021-06-04.1115230,bp,1.61,16.058,>16.058,99.990,0.853,0.274,g
2459369.61532,2021-06-04.1139822,bp,1.69,16.139,>16.139,99.990,0.714,0.254,g
2459370.61265,2021-06-05.1112766,bp,1.61,16.267,>16.267,99.990,0.947,0.226,g
2459370.61388,2021-06-05.1125111,bp,1.64,16.095,>16.095,99.990,0.729,0.265,g
2459370.61511,2021-06-05.1137376,bp,1.60,16.096,>16.096,99.990,0.811,0.265,g
2459370.91866,2021-06-05.4172820,bH,1.41,16.114,>16.114,99.990,0.506,0.260,g
2459370.91995,2021-06-05.4185700,bH,1.44,16.108,>16.108,99.990,0.868,0.262,g
2459370.92123,2021-06-05.4198557,bH,1.44,16.182,16.110,0.205,1.307,0.244,g
2459371.60348,2021-06-06.1020810,bp,1.69,16.226,>16.226,99.990,0.768,0.235,g
2459371.60471,2021-06-06.1032995,bp,1.73,16.053,>16.053,99.990,0.655,0.275,g
2459371.60595,2021-06-06.1045424,bp,1.77,16.271,>16.271,99.990,0.777,0.225,g
2459371.65283,2021-06-06.1514208,bp,1.65,16.314,>16.314,99.990,0.965,0.216,g
2459371.65411,2021-06-06.1527062,bp,1.54,16.237,>16.237,99.990,1.011,0.232,g
2459371.65536,2021-06-06.1539550,bp,1.52,16.297,>16.297,99.990,0.999,0.220,g
2459373.85157,2021-06-08.3500890,bH,1.64,16.143,>16.143,99.990,0.842,0.253,g
2459373.85286,2021-06-08.3513776,bH,1.60,16.161,>16.161,99.990,0.853,0.249,g
2459373.85415,2021-06-08.3526611,bH,1.61,16.168,>16.168,99.990,1.019,0.248,g
2459374.85143,2021-06-09.3499174,bH,1.41,15.962,>15.962,99.990,0.739,0.299,g
2459374.85272,2021-06-09.3512010,bH,1.43,15.879,>15.879,99.990,0.774,0.323,g
2459374.85400,2021-06-09.3524895,bH,1.40,16.001,>16.001,99.990,0.750,0.289,g
2459375.59024,2021-06-10.0887001,bp,1.53,16.167,>16.167,99.990,0.764,0.248,g
2459375.59147,2021-06-10.0899311,bp,1.56,16.223,>16.223,99.990,0.976,0.235,g
2459375.59271,2021-06-10.0911684,bp,1.58,16.229,>16.229,99.990,0.824,0.234,g
2459375.94760,2021-06-10.4460405,bl,1.58,15.198,>15.198,99.990,0.601,0.605,g
2459376.59031,2021-06-11.0887376,bp,1.53,16.245,>16.245,99.990,0.856,0.231,g
2459376.59156,2021-06-11.0899780,bp,1.51,16.172,>16.172,99.990,1.003,0.247,g
2459376.59278,2021-06-11.0912009,bp,1.56,16.279,>16.279,99.990,1.009,0.224,g
2459376.88134,2021-06-11.3797521,bl,1.45,16.035,>16.035,99.990,0.735,0.280,g
2459376.88257,2021-06-11.3809788,bl,1.53,16.180,>16.180,99.990,0.615,0.245,g
2459376.88379,2021-06-11.3822097,bl,1.50,16.357,>16.357,99.990,0.841,0.208,g
2459378.59175,2021-06-13.0901013,bp,1.51,16.142,>16.142,99.990,1.185,0.254,g
2459378.59297,2021-06-13.0913302,bp,1.54,16.073,>16.073,99.990,0.890,0.270,g
2459378.59422,2021-06-13.0925719,bp,1.59,16.100,>16.100,99.990,0.577,0.264,g
2459380.81992,2021-06-15.3182179,bH,1.46,16.346,>16.346,99.990,0.642,0.210,g
2459380.82122,2021-06-15.3195127,bH,1.46,16.056,>16.056,99.990,0.929,0.275,g
2459380.82252,2021-06-15.3208142,bH,1.48,15.959,>15.959,99.990,0.696,0.300,g
2459383.58430,2021-06-18.0825031,bp,1.48,16.165,>16.165,99.990,1.023,0.248,g
2459383.58554,2021-06-18.0837428,bp,1.54,16.120,>16.120,99.990,0.986,0.259,g
2459384.82265,2021-06-19.3208140,bH,1.45,16.387,>16.387,99.990,0.868,0.202,g
2459384.82395,2021-06-19.3221208,bH,1.45,16.243,>16.243,99.990,0.867,0.231,g
2459384.82525,2021-06-19.3234151,bH,1.44,16.095,>16.095,99.990,0.862,0.265,g
2459385.57014,2021-06-20.0682831,bp,1.64,16.095,>16.095,99.990,0.814,0.265,g
2459385.82303,2021-06-20.3211668,bH,1.38,16.139,>16.139,99.990,0.926,0.254,g
2459385.82434,2021-06-20.3224798,bH,1.44,16.183,>16.183,99.990,1.051,0.244,g
2459385.82564,2021-06-20.3237783,bH,1.41,16.164,>16.164,99.990,1.084,0.249,g
2459387.81538,2021-06-22.3134585,bH,1.46,15.806,>15.806,99.990,0.865,0.346,g
2459387.81668,2021-06-22.3147560,bH,1.41,15.895,>15.895,99.990,0.538,0.318,g
2459387.81799,2021-06-22.3160672,bH,1.47,15.855,>15.855,99.990,0.321,0.330,g
2459388.81163,2021-06-23.3096851,bH,1.60,15.673,>15.673,99.990,0.276,0.391,g
2459388.81293,2021-06-23.3109767,bH,1.59,15.579,>15.579,99.990,0.887,0.426,g
2459388.81422,2021-06-23.3122699,bH,1.65,15.590,>15.590,99.990,0.666,0.422,g
2459389.80781,2021-06-24.3058375,bH,1.50,15.422,>15.422,99.990,0.608,0.492,g
2459389.80911,2021-06-24.3071384,bH,1.52,15.393,>15.393,99.990,0.547,0.506,g
2459389.81043,2021-06-24.3084564,bH,1.61,15.386,>15.386,99.990,0.310,0.509,g
2459390.53872,2021-06-25.0367208,bp,1.53,15.463,>15.463,99.990,0.709,0.474,g
2459390.53995,2021-06-25.0379576,bp,1.50,15.419,>15.419,99.990,0.504,0.494,g
2459390.54119,2021-06-25.0391983,bp,1.54,15.443,>15.443,99.990,0.663,0.483,g
2459390.61916,2021-06-25.1171591,bp,1.63,15.592,>15.592,99.990,1.019,0.421,g
2459390.62054,2021-06-25.1185434,bp,1.52,15.562,>15.562,99.990,0.872,0.433,g
2459390.62185,2021-06-25.1198519,bp,1.59,15.558,>15.558,99.990,-0.042,0.434,g
2459392.78627,2021-06-27.2842192,bH,1.45,15.771,>15.771,99.990,0.475,0.357,g
2459392.78758,2021-06-27.2855278,bH,1.46,15.621,>15.621,99.990,0.558,0.410,g
2459392.78886,2021-06-27.2868114,bH,1.44,15.765,>15.765,99.990,0.418,0.359,g
2459392.84905,2021-06-27.3469934,bl,1.52,15.586,>15.586,99.990,0.344,0.423,g
2459392.85029,2021-06-27.3482365,bl,1.56,15.650,>15.650,99.990,0.341,0.399,g
2459392.85155,2021-06-27.3494957,bl,1.48,15.531,>15.531,99.990,0.518,0.445,g
2459393.91278,2021-06-28.4107055,bl,1.52,15.781,>15.781,99.990,0.275,0.354,g
2459393.91404,2021-06-28.4119590,bl,1.46,15.873,>15.873,99.990,0.698,0.325,g
2459393.91529,2021-06-28.4132140,bl,1.48,15.767,>15.767,99.990,0.090,0.358,g
2459394.78015,2021-06-29.2780502,bH,1.46,15.855,>15.855,99.990,0.721,0.330,g
2459394.78144,2021-06-29.2793381,bH,1.45,15.968,>15.968,99.990,0.589,0.298,g
2459394.78273,2021-06-29.2806342,bH,1.44,15.834,>15.834,99.990,0.406,0.337,g
2459397.87212,2021-07-02.3699547,bH,2.01,16.157,>16.157,99.990,0.627,0.250,g
2459397.87342,2021-07-02.3712545,bH,1.87,16.081,>16.081,99.990,0.775,0.268,g
2459397.87471,2021-07-02.3725421,bH,1.86,16.121,>16.121,99.990,0.590,0.259,g
2459398.76927,2021-07-03.2670812,bH,1.79,14.066,>14.066,99.990,1.780,1.717,g
2459398.77058,2021-07-03.2683921,bH,1.74,99.990,99.990,99.990,99.990,99.990,g
2459398.77188,2021-07-03.2696873,bH,1.69,14.124,>14.124,99.990,-2.053,1.627,g
2459398.93688,2021-07-03.4346888,bl,1.49,16.027,>16.027,99.990,1.079,0.282,g
2459398.93814,2021-07-03.4359454,bl,1.51,16.035,>16.035,99.990,0.988,0.280,g
2459398.93939,2021-07-03.4371965,bl,1.55,15.793,>15.793,99.990,0.841,0.350,g
2459399.94482,2021-07-04.4426126,bl,1.50,15.533,>15.533,99.990,0.742,0.444,g
2459399.94606,2021-07-04.4438474,bl,1.50,15.535,>15.535,99.990,0.654,0.444,g
2459399.94731,2021-07-04.4450961,bl,1.51,15.507,>15.507,99.990,0.482,0.455,g
2459400.93894,2021-07-05.4367077,bH,1.69,16.088,>16.088,99.990,0.684,0.267,g
2459400.94025,2021-07-05.4380112,bH,1.69,16.224,>16.224,99.990,1.048,0.235,g
2459400.94155,2021-07-05.4393188,bH,1.66,16.171,>16.171,99.990,0.671,0.247,g
2459401.77627,2021-07-06.2740135,bH,2.35,16.117,>16.117,99.990,0.954,0.259,g
2459401.77756,2021-07-06.2753182,bH,2.35,16.386,>16.386,99.990,0.863,0.203,g
2459401.77885,2021-07-06.2766018,bH,2.35,16.132,>16.132,99.990,0.922,0.256,g
2459401.94551,2021-07-06.4432554,bl,1.75,15.790,>15.790,99.990,0.734,0.351,g
2459401.94675,2021-07-06.4444984,bl,1.61,15.765,>15.765,99.990,0.372,0.359,g
2459401.94800,2021-07-06.4457511,bl,1.59,15.847,>15.847,99.990,0.833,0.333,g
2459402.52346,2021-07-07.0211956,bp,1.51,16.165,>16.165,99.990,0.470,0.248,g
2459402.52470,2021-07-07.0224359,bp,1.50,16.161,>16.161,99.990,0.974,0.249,g
2459402.52596,2021-07-07.0236917,bp,1.49,16.213,>16.213,99.990,0.925,0.238,g
2459402.77347,2021-07-07.2712025,bH,1.55,16.176,>16.176,99.990,0.954,0.246,g
2459402.77478,2021-07-07.2725118,bH,1.56,16.164,>16.164,99.990,0.910,0.249,g
2459402.77609,2021-07-07.2738219,bH,1.52,16.220,>16.220,99.990,1.012,0.236,g
2459403.76343,2021-07-08.2611339,bH,1.47,16.109,>16.109,99.990,0.792,0.261,g
2459403.76472,2021-07-08.2624296,bH,1.44,16.277,16.223,0.209,1.176,0.224,g
2459403.76601,2021-07-08.2637238,bH,1.52,16.169,>16.169,99.990,0.445,0.247,g
2459404.84415,2021-07-09.3418443,bH,1.42,16.180,>16.180,99.990,0.899,0.245,g
2459404.84546,2021-07-09.3431554,bH,1.44,16.310,>16.310,99.990,0.975,0.217,g
2459404.84676,2021-07-09.3444483,bH,1.45,16.194,>16.194,99.990,1.153,0.242,g
2459405.51318,2021-07-10.0108557,bp,1.57,16.212,>16.212,99.990,0.828,0.238,g
2459405.51442,2021-07-10.0120962,bp,1.59,16.155,>16.155,99.990,0.792,0.251,g
2459405.51568,2021-07-10.0133590,bp,1.57,16.144,>16.144,99.990,0.743,0.253,g
2459405.58604,2021-07-10.0837175,bp,1.60,16.083,>16.083,99.990,0.710,0.268,g
2459405.58742,2021-07-10.0850929,bp,1.61,16.201,>16.201,99.990,0.833,0.240,g
2459405.58868,2021-07-10.0863521,bp,1.54,16.222,>16.222,99.990,0.998,0.236,g
2459405.68734,2021-07-10.1850194,bp,1.54,16.091,>16.091,99.990,0.126,0.266,g
2459405.68859,2021-07-10.1862693,bp,1.55,15.886,>15.886,99.990,0.965,0.321,g
2459405.68988,2021-07-10.1875545,bp,1.60,15.798,>15.798,99.990,0.638,0.348,g
2459405.79829,2021-07-10.2959657,bH,1.51,16.284,>16.284,99.990,0.918,0.223,g
2459405.79956,2021-07-10.2972410,bH,1.55,16.077,>16.077,99.990,0.876,0.269,g
2459405.80086,2021-07-10.2985373,bH,1.54,16.024,>16.024,99.990,0.784,0.283,g
2459406.50497,2021-07-11.0026420,bp,1.57,16.055,>16.055,99.990,0.593,0.275,g
2459406.50621,2021-07-11.0038778,bp,1.50,16.302,>16.302,99.990,0.928,0.219,g
2459406.50745,2021-07-11.0051159,bp,1.49,16.101,>16.101,99.990,0.598,0.263,g
2459406.58840,2021-07-11.0860634,bp,1.51,16.291,>16.291,99.990,0.759,0.221,g
2459406.58967,2021-07-11.0873325,bp,1.68,16.117,>16.117,99.990,0.873,0.260,g
2459406.59092,2021-07-11.0885814,bp,1.60,16.151,>16.151,99.990,0.559,0.252,g
2459406.77466,2021-07-11.2723182,bH,1.41,16.157,>16.157,99.990,1.118,0.250,g
2459406.77596,2021-07-11.2736146,bH,1.4,16.087,>16.087,99.990,0.807,0.267,g
2459406.77726,2021-07-11.2749149,bH,1.34,16.134,>16.134,99.990,0.692,0.256,g
2459407.91677,2021-07-12.4144107,bl,1.50,15.961,>15.961,99.990,0.791,0.300,g
2459407.91802,2021-07-12.4156584,bl,1.48,15.865,>15.865,99.990,0.762,0.327,g
2459407.91927,2021-07-12.4169134,bl,1.48,15.925,>15.925,99.990,-0.051,0.310,g
2459408.74445,2021-07-13.2420762,bH,1.43,16.247,>16.247,99.990,0.640,0.230,g
2459408.74574,2021-07-13.2433700,bH,1.47,16.183,>16.183,99.990,0.828,0.244,g
2459408.74704,2021-07-13.2446722,bH,1.39,16.226,16.162,0.207,1.246,0.235,g
2459409.74478,2021-07-14.2423953,bH,1.42,16.120,>16.120,99.990,0.906,0.259,g
2459409.74610,2021-07-14.2437111,bH,1.42,16.342,>16.342,99.990,0.754,0.211,g
2459409.74740,2021-07-14.2450193,bH,1.44,16.160,>16.160,99.990,0.675,0.249,g
2459410.49612,2021-07-14.9937171,bp,1.56,16.212,>16.212,99.990,0.986,0.238,g
2459410.49737,2021-07-14.9949741,bp,1.54,16.280,>16.280,99.990,0.942,0.224,g
2459410.49863,2021-07-14.9962299,bp,1.54,16.169,>16.169,99.990,0.678,0.247,g
2459410.62490,2021-07-15.1224957,bp,1.50,16.232,>16.232,99.990,0.937,0.234,g
2459410.62614,2021-07-15.1237384,bp,1.51,16.302,>16.302,99.990,0.780,0.219,g
2459410.62738,2021-07-15.1249799,bp,1.52,16.241,>16.241,99.990,0.768,0.232,g
2459411.75065,2021-07-16.2482366,bH,1.44,16.139,>16.139,99.990,0.946,0.254,g
2459411.75194,2021-07-16.2495321,bH,1.41,16.246,>16.246,99.990,0.734,0.230,g
2459411.75325,2021-07-16.2508417,bH,1.4,16.235,>16.235,99.990,0.875,0.233,g
2459411.93815,2021-07-16.4357309,bH,1.40,16.181,>16.181,99.990,0.671,0.245,g
2459411.93944,2021-07-16.4370295,bH,1.42,16.055,>16.055,99.990,0.811,0.275,g
2459411.94074,2021-07-16.4383240,bH,1.42,16.172,>16.172,99.990,0.683,0.247,g
2459412.48914,2021-07-16.9867184,bp,1.55,16.163,>16.163,99.990,0.933,0.249,g
2459412.49039,2021-07-16.9879601,bp,1.56,16.213,>16.213,99.990,0.649,0.238,g
2459412.49163,2021-07-16.9892020,bp,1.52,16.132,>16.132,99.990,0.961,0.256,g
2459412.62619,2021-07-17.1237629,bp,1.55,16.207,>16.207,99.990,1.085,0.239,g
2459412.62743,2021-07-17.1250045,bp,1.47,16.376,>16.376,99.990,1.022,0.205,g
2459412.62866,2021-07-17.1262311,bp,1.55,16.264,>16.264,99.990,0.865,0.227,g
2459412.79673,2021-07-17.2943045,bH,1.47,16.326,>16.326,99.990,1.027,0.214,g
2459412.79803,2021-07-17.2956104,bH,1.38,16.131,>16.131,99.990,0.577,0.256,g
2459412.79933,2021-07-17.2969108,bH,1.44,16.206,>16.206,99.990,0.988,0.239,g
2459413.47633,2021-07-17.9739017,bp,1.52,16.180,>16.180,99.990,0.860,0.245,g
2459413.47757,2021-07-17.9751329,bp,1.52,16.103,>16.103,99.990,0.958,0.263,g
2459413.47881,2021-07-17.9763770,bp,1.54,16.183,>16.183,99.990,1.046,0.244,g
2459413.74338,2021-07-18.2409429,bH,1.68,16.138,>16.138,99.990,1.045,0.255,g
2459413.74468,2021-07-18.2422458,bH,1.61,16.186,>16.186,99.990,0.768,0.244,g
2459413.74598,2021-07-18.2435386,bH,1.69,16.210,>16.210,99.990,0.789,0.238,g
2459413.80736,2021-07-18.3049238,bl,1.47,15.675,>15.675,99.990,0.843,0.390,g
2459413.80860,2021-07-18.3061608,bl,1.56,14.907,>14.907,99.990,0.485,0.791,g
2459414.74312,2021-07-19.2406711,bl,1.56,15.875,>15.875,99.990,0.765,0.324,g
2459414.74437,2021-07-19.2419153,bl,1.57,15.861,>15.861,99.990,0.220,0.329,g
2459414.74563,2021-07-19.2431797,bl,1.61,15.812,>15.812,99.990,0.687,0.344,g
2459414.84073,2021-07-19.3382807,bl,1.53,16.164,>16.164,99.990,0.858,0.248,g
2459414.84198,2021-07-19.3395236,bl,1.51,16.229,>16.229,99.990,0.509,0.234,g
2459415.48306,2021-07-19.9806035,bp,1.65,99.990,99.990,99.990,99.990,99.990,g
2459415.48480,2021-07-19.9823407,bp,1.63,13.955,>13.955,99.990,-0.805,1.901,g
2459415.48650,2021-07-19.9840393,bp,1.59,14.169,>14.169,99.990,-0.197,1.562,g
2459415.54401,2021-07-20.0415453,bp,1.72,15.810,>15.810,99.990,1.006,0.344,g
2459415.74001,2021-07-20.2375603,bH,1.40,16.026,>16.026,99.990,0.812,0.282,g
2459415.74132,2021-07-20.2388615,bH,1.44,15.942,>15.942,99.990,0.970,0.305,g
2459415.74262,2021-07-20.2401685,bH,1.40,16.039,>16.039,99.990,0.571,0.279,g
2459416.73906,2021-07-21.2365944,bH,2.11,15.854,>15.854,99.990,1.360,0.331,g
2459416.92786,2021-07-21.4253920,bH,1.53,16.195,>16.195,99.990,0.525,0.242,g
2459416.92916,2021-07-21.4266837,bH,1.52,16.098,>16.098,99.990,0.847,0.264,g
2459416.93045,2021-07-21.4279814,bH,1.54,16.109,>16.109,99.990,0.805,0.262,g
2459417.73280,2021-07-22.2303196,bH,2.27,15.764,>15.764,99.990,0.539,0.359,g
2459417.73408,2021-07-22.2316040,bH,2.34,15.600,>15.600,99.990,0.650,0.418,g
2459417.73538,2021-07-22.2329050,bH,2.32,15.606,>15.606,99.990,0.336,0.416,g
2459417.93139,2021-07-22.4289078,bl,1.69,16.194,>16.194,99.990,0.700,0.242,g
2459417.93263,2021-07-22.4301505,bl,1.63,16.116,>16.116,99.990,0.435,0.260,g
2459417.93388,2021-07-22.4314017,bl,1.69,16.091,>16.091,99.990,1.115,0.266,g
2459418.94061,2021-07-23.4381193,bH,1.68,15.728,>15.728,99.990,0.655,0.371,g
2459418.94191,2021-07-23.4394157,bH,1.75,15.758,>15.758,99.990,0.432,0.361,g
2459418.94319,2021-07-23.4407070,bH,1.71,15.540,>15.540,99.990,0.070,0.442,g
2459419.87843,2021-07-24.3759358,bH,1.54,15.409,>15.409,99.990,-0.031,0.498,g
2459419.87975,2021-07-24.3772553,bH,1.56,15.629,>15.629,99.990,0.743,0.407,g
2459419.88107,2021-07-24.3785762,bH,1.56,15.407,>15.407,99.990,1.478,0.499,g
2459420.46204,2021-07-24.9595450,bp,1.54,15.502,>15.502,99.990,1.433,0.457,g
2459420.46335,2021-07-24.9608561,bp,1.49,15.411,>15.411,99.990,0.523,0.497,g
2459420.46463,2021-07-24.9621281,bp,1.58,15.688,>15.688,99.990,0.697,0.385,g
2459420.60634,2021-07-25.1038394,bp,1.51,15.757,>15.757,99.990,0.826,0.362,g
2459420.60800,2021-07-25.1055018,bp,1.62,15.842,>15.842,99.990,0.687,0.334,g
2459420.60929,2021-07-25.1067879,bp,1.54,15.644,>15.644,99.990,0.728,0.401,g
2459421.91775,2021-07-26.4152493,bH,2.10,15.814,>15.814,99.990,0.576,0.343,g
2459421.91905,2021-07-26.4165421,bH,2.12,15.661,>15.661,99.990,0.505,0.395,g
2459421.92037,2021-07-26.4178575,bH,2.14,15.908,>15.908,99.990,0.224,0.315,g
2459422.69795,2021-07-27.1954469,bH,1.80,15.816,>15.816,99.990,0.398,0.343,g
2459422.69925,2021-07-27.1967358,bH,1.46,15.640,>15.640,99.990,0.720,0.403,g
2459422.70055,2021-07-27.1980416,bH,1.50,15.868,>15.868,99.990,0.504,0.326,g
2459422.87165,2021-07-27.3691376,bH,1.47,15.857,>15.857,99.990,1.099,0.330,g
2459422.87294,2021-07-27.3704262,bH,1.46,16.017,>16.017,99.990,0.577,0.284,g
2459422.87426,2021-07-27.3717421,bH,1.47,15.830,>15.830,99.990,0.435,0.338,g
2459423.88592,2021-07-28.3834011,bl,2.00,15.882,>15.882,99.990,1.105,0.322,g
2459423.88717,2021-07-28.3846475,bl,2.03,16.012,>16.012,99.990,0.659,0.286,g
2459423.88842,2021-07-28.3859011,bl,2.01,15.979,>15.979,99.990,0.674,0.295,g
2459424.75499,2021-07-29.2524637,bH,1.44,16.063,>16.063,99.990,0.478,0.273,g
2459424.75629,2021-07-29.2537648,bH,1.52,15.999,>15.999,99.990,0.744,0.289,g
2459424.75758,2021-07-29.2550628,bH,1.53,15.891,>15.891,99.990,0.434,0.320,g
2459425.45265,2021-07-29.9501207,bp,1.57,16.373,>16.373,99.990,0.332,0.205,g
2459425.45390,2021-07-29.9513684,bp,1.51,15.996,>15.996,99.990,0.484,0.290,g
2459425.45513,2021-07-29.9526056,bp,1.51,15.987,>15.987,99.990,0.674,0.293,g
2459425.70317,2021-07-30.20065,bH,1.47,16.190,>16.190,99.990,1.007,0.243,g
2459425.70447,2021-07-30.2019377,bH,1.48,16.128,>16.128,99.990,0.519,0.257,g
2459425.70576,2021-07-30.2032310,bH,1.51,16.036,>16.036,99.990,0.723,0.280,g
2459425.82273,2021-07-30.3202019,bH,1.38,15.933,>15.933,99.990,1.097,0.308,g
2459425.82404,2021-07-30.3215181,bH,1.41,16.058,>16.058,99.990,0.992,0.274,g
2459425.82535,2021-07-30.3228207,bH,1.43,16.092,>16.092,99.990,0.551,0.266,g
2459425.89466,2021-07-30.3921424,bl,1.47,16.033,>16.033,99.990,0.479,0.280,g
2459425.89591,2021-07-30.3933922,bl,1.49,16.049,>16.049,99.990,0.636,0.276,g
2459425.89719,2021-07-30.3946681,bl,1.56,16.000,>16.000,99.990,0.357,0.289,g
2459426.44749,2021-07-30.9449586,bp,1.65,16.181,>16.181,99.990,0.950,0.245,g
2459426.44873,2021-07-30.9462056,bp,1.68,16.088,>16.088,99.990,0.623,0.267,g
2459426.44997,2021-07-30.9474425,bp,1.63,16.204,>16.204,99.990,0.844,0.240,g
2459426.71025,2021-07-31.2077221,bH,1.46,16.062,>16.062,99.990,0.653,0.273,g
2459426.71155,2021-07-31.2090212,bH,1.45,16.088,>16.088,99.990,0.945,0.267,g
2459426.71285,2021-07-31.2103188,bH,1.41,16.086,>16.086,99.990,1.008,0.267,g
2459426.87289,2021-07-31.3703569,bH,1.86,16.126,>16.126,99.990,0.407,0.258,g
2459426.87419,2021-07-31.3716642,bH,1.77,16.092,>16.092,99.990,0.029,0.266,g
2459426.87549,2021-07-31.3729636,bH,1.85,16.139,>16.139,99.990,0.530,0.254,g
2459427.70528,2021-08-01.2027578,bH,1.46,16.210,>16.210,99.990,0.796,0.238,g
2459427.70659,2021-08-01.2040634,bH,1.43,16.318,>16.318,99.990,0.993,0.216,g
2459427.70790,2021-08-01.2053752,bH,1.49,16.166,>16.166,99.990,0.758,0.248,g
2459428.72693,2021-08-02.2243980,bH,1.43,16.206,>16.206,99.990,0.896,0.239,g
2459428.72824,2021-08-02.2257091,bH,1.41,16.166,>16.166,99.990,0.609,0.248,g
2459428.72955,2021-08-02.2270217,bH,1.50,16.149,>16.149,99.990,0.813,0.252,g
2459429.78278,2021-08-03.2802473,bH,1.37,16.258,>16.258,99.990,0.610,0.228,g
2459429.78409,2021-08-03.2815622,bH,1.44,16.139,>16.139,99.990,0.786,0.254,g
2459429.78540,2021-08-03.2828701,bH,1.36,16.223,>16.223,99.990,0.671,0.235,g
2459429.89371,2021-08-03.3911837,bH,1.42,16.191,>16.191,99.990,0.998,0.243,g
2459429.89502,2021-08-03.3924883,bH,1.41,16.059,>16.059,99.990,0.732,0.274,g
2459429.89631,2021-08-03.3937844,bH,1.39,16.264,>16.264,99.990,0.944,0.227,g
2459430.42801,2021-08-03.9254685,bp,1.54,16.097,>16.097,99.990,0.836,0.264,g
2459430.42926,2021-08-03.9267245,bp,1.52,16.154,16.048,0.199,1.382,0.251,g
2459430.43050,2021-08-03.9279714,bp,1.50,16.027,>16.027,99.990,0.941,0.282,g
2459430.56443,2021-08-04.0618989,bp,1.59,16.265,>16.265,99.990,0.929,0.227,g
2459430.56567,2021-08-04.0631407,bp,1.52,16.190,>16.190,99.990,0.628,0.243,g
2459430.56692,2021-08-04.0643803,bp,1.60,16.267,>16.267,99.990,0.841,0.226,g
2459430.81767,2021-08-04.3151379,bl,1.46,16.080,>16.080,99.990,0.514,0.269,g
2459430.81891,2021-08-04.3163739,bl,1.42,16.253,16.147,0.199,1.263,0.229,g
2459430.82015,2021-08-04.3176135,bl,1.47,16.025,>16.025,99.990,0.404,0.282,g
2459430.93999,2021-08-04.4374550,bl,1.53,15.711,>15.711,99.990,0.386,0.377,g
2459430.94123,2021-08-04.4386978,bl,1.45,15.678,>15.678,99.990,-0.349,0.389,g
2459430.94247,2021-08-04.4399348,bl,1.48,15.711,>15.711,99.990,0.630,0.377,g
2459431.46206,2021-08-04.9595305,bp,1.47,16.042,>16.042,99.990,0.791,0.278,g
2459431.46330,2021-08-04.9607690,bp,1.54,16.184,>16.184,99.990,0.699,0.244,g
2459431.46453,2021-08-04.9620017,bp,1.55,16.092,>16.092,99.990,0.677,0.266,g
2459431.60632,2021-08-05.1037979,bp,1.58,16.206,>16.206,99.990,1.084,0.239,g
2459431.60759,2021-08-05.1050550,bp,1.52,16.245,>16.245,99.990,0.902,0.231,g
2459431.60883,2021-08-05.1062923,bp,1.57,16.071,>16.071,99.990,0.985,0.271,g
2459431.77957,2021-08-05.2770356,bH,1.51,16.035,>16.035,99.990,0.540,0.280,g
2459431.78087,2021-08-05.2783385,bH,1.47,16.230,>16.230,99.990,0.773,0.234,g
2459431.78218,2021-08-05.2796422,bH,1.49,16.089,>16.089,99.990,0.658,0.266,g
2459432.43636,2021-08-05.9338312,bp,1.65,16.115,>16.115,99.990,0.706,0.260,g
2459432.43761,2021-08-05.9350755,bp,1.63,16.091,>16.091,99.990,0.667,0.266,g
2459432.43885,2021-08-05.9363199,bp,1.61,16.218,>16.218,99.990,0.653,0.237,g
2459432.57261,2021-08-06.0700763,bp,1.60,16.197,>16.197,99.990,1.159,0.241,g
2459432.57385,2021-08-06.0713207,bp,1.52,16.145,>16.145,99.990,0.993,0.253,g
2459432.57510,2021-08-06.0725704,bp,1.52,16.346,>16.346,99.990,0.775,0.210,g
2459432.73822,2021-08-06.2356957,bH,1.42,16.189,>16.189,99.990,0.518,0.243,g
2459432.73954,2021-08-06.2370059,bH,1.42,16.205,>16.205,99.990,0.753,0.239,g
2459432.74083,2021-08-06.2383027,bH,1.42,16.295,>16.295,99.990,0.769,0.220,g
2459432.88961,2021-08-06.3870761,bl,1.47,16.252,>16.252,99.990,0.590,0.229,g
2459432.89085,2021-08-06.3883192,bl,1.46,15.961,>15.961,99.990,0.610,0.300,g
2459432.89209,2021-08-06.3895609,bl,1.50,16.133,>16.133,99.990,0.634,0.256,g
2459433.69130,2021-08-07.1887730,bH,1.48,16.175,>16.175,99.990,0.989,0.246,g
2459433.81784,2021-08-07.3153113,bH,1.52,16.281,>16.281,99.990,1.010,0.223,g
2459433.81914,2021-08-07.3166122,bH,1.47,16.155,>16.155,99.990,0.653,0.251,g
2459433.82043,2021-08-07.3179032,bH,1.48,16.238,>16.238,99.990,0.807,0.232,g
2459434.42203,2021-08-07.9195085,bp,1.59,16.360,>16.360,99.990,0.877,0.208,g
2459434.42450,2021-08-07.9219734,bp,1.61,16.174,>16.174,99.990,0.870,0.246,g
2459434.51087,2021-08-08.0083424,bp,1.66,16.102,>16.102,99.990,0.837,0.263,g
2459434.51228,2021-08-08.0097527,bp,1.66,15.787,>15.787,99.990,0.539,0.352,g
2459434.51387,2021-08-08.0113357,bp,1.58,16.018,>16.018,99.990,0.303,0.284,g
2459436.83518,2021-08-10.3326619,bH,1.45,16.097,>16.097,99.990,0.614,0.264,g
2459436.83649,2021-08-10.3339709,bH,1.43,16.234,>16.234,99.990,0.697,0.233,g
2459436.83779,2021-08-10.3352722,bH,1.45,16.199,>16.199,99.990,0.632,0.241,g
2459436.93464,2021-08-10.4321252,bl,1.50,15.978,>15.978,99.990,0.765,0.295,g
2459436.93589,2021-08-10.4333751,bl,1.54,15.824,>15.824,99.990,0.529,0.340,g
2459436.93714,2021-08-10.4346248,bl,1.50,15.827,>15.827,99.990,0.572,0.339,g
2459437.41701,2021-08-10.9144943,bp,1.64,16.267,>16.267,99.990,0.803,0.226,g
2459437.41827,2021-08-10.9157583,bp,1.59,16.147,>16.147,99.990,0.857,0.253,g
2459437.41956,2021-08-10.9170482,bp,1.61,16.182,16.147,0.212,1.262,0.245,g
2459437.50050,2021-08-10.9979962,bp,1.67,16.178,>16.178,99.990,0.791,0.245,g
2459437.50181,2021-08-10.9993064,bp,1.66,16.387,>16.387,99.990,0.821,0.202,g
2459437.50308,2021-08-11.0005638,bp,1.64,16.339,>16.339,99.990,0.737,0.211,g
2459437.68047,2021-08-11.1779552,bH,1.46,16.245,>16.245,99.990,0.566,0.231,g
2459437.68177,2021-08-11.1792574,bH,1.47,16.128,>16.128,99.990,0.611,0.257,g
2459437.68306,2021-08-11.1805528,bH,1.44,16.301,>16.301,99.990,0.821,0.219,g
2459437.83567,2021-08-11.3331593,bH,1.48,16.110,>16.110,99.990,0.752,0.261,g
2459437.83697,2021-08-11.3344618,bH,1.43,16.143,>16.143,99.990,1.095,0.254,g
2459437.83828,2021-08-11.3357696,bH,1.45,16.329,>16.329,99.990,0.913,0.214,g
2459437.92722,2021-08-11.4247182,bl,1.50,16.114,>16.114,99.990,0.342,0.260,g
2459437.92847,2021-08-11.4259622,bl,1.48,16.055,>16.055,99.990,0.495,0.275,g
2459437.92974,2021-08-11.4272283,bl,1.46,16.070,>16.070,99.990,0.893,0.271,g
2459438.67476,2021-08-12.1722627,bH,1.42,16.317,>16.317,99.990,0.569,0.216,g
2459438.67607,2021-08-12.1735732,bH,1.42,16.183,>16.183,99.990,0.914,0.244,g
2459438.67737,2021-08-12.1748728,bH,1.42,16.150,>16.150,99.990,0.687,0.252,g
2459439.67301,2021-08-13.1705116,bH,1.39,16.169,>16.169,99.990,0.808,0.247,g
2459439.67430,2021-08-13.1718068,bH,1.39,16.128,>16.128,99.990,0.713,0.257,g
2459439.67561,2021-08-13.1731082,bH,1.39,16.309,>16.309,99.990,0.815,0.217,g
2459439.92625,2021-08-13.4237560,bH,1.57,16.181,>16.181,99.990,0.905,0.245,g
2459439.92754,2021-08-13.4250408,bH,1.54,16.117,>16.117,99.990,0.717,0.260,g
2459439.92884,2021-08-13.4263390,bH,1.58,16.077,>16.077,99.990,0.800,0.269,g
2459440.77275,2021-08-14.2702511,bH,1.39,16.217,>16.217,99.990,0.616,0.237,g
2459440.77403,2021-08-14.2715357,bH,1.36,16.145,>16.145,99.990,0.583,0.253,g
2459440.77536,2021-08-14.2728629,bH,1.39,16.218,>16.218,99.990,0.898,0.237,g
2459443.66263,2021-08-17.1601706,bH,1.46,16.162,>16.162,99.990,0.473,0.249,g
2459443.66393,2021-08-17.1614701,bH,1.43,16.058,>16.058,99.990,1.096,0.274,g
2459443.66522,2021-08-17.1627527,bH,1.41,16.006,>16.006,99.990,0.799,0.287,g
2459447.63872,2021-08-21.1362986,bH,1.46,15.622,>15.622,99.990,1.417,0.409,g
2459447.64001,2021-08-21.1375964,bH,1.47,15.565,>15.565,99.990,0.872,0.432,g
2459447.64131,2021-08-21.1388951,bH,1.44,15.548,>15.548,99.990,0.898,0.438,g
2459448.74434,2021-08-22.2419384,bl,1.50,15.395,>15.395,99.990,0.105,0.505,g
2459448.74560,2021-08-22.2431883,bl,1.55,15.515,>15.515,99.990,1.134,0.452,g
2459448.74684,2021-08-22.2444314,bl,1.46,15.389,>15.389,99.990,-0.138,0.508,g
2459449.63062,2021-08-23.1282253,bp,1.65,15.172,>15.172,99.990,1.142,0.620,g
2459449.63186,2021-08-23.1294637,bp,1.53,15.262,>15.262,99.990,1.031,0.571,g
2459449.63311,2021-08-23.1307160,bp,1.56,15.237,>15.237,99.990,1.005,0.584,g
2459450.37222,2021-08-23.8698341,bp,1.60,15.418,>15.418,99.990,0.979,0.494,g
2459450.37346,2021-08-23.8710701,bp,1.58,15.300,>15.300,99.990,1.077,0.551,g
2459452.63886,2021-08-26.1365106,bH,1.47,15.848,>15.848,99.990,0.424,0.333,g
2459452.64015,2021-08-26.1377981,bH,1.45,16.113,>16.113,99.990,0.601,0.261,g
2459452.64144,2021-08-26.1390949,bH,1.45,15.898,>15.898,99.990,0.935,0.318,g
2459452.90195,2021-08-26.3996057,bl,1.49,15.896,>15.896,99.990,1.043,0.318,g
2459452.90318,2021-08-26.4008417,bl,1.51,15.859,>15.859,99.990,1.237,0.329,g
2459452.90442,2021-08-26.4020766,bl,1.44,15.951,>15.951,99.990,0.751,0.302,g
2459453.71600,2021-08-27.2136729,bH,1.44,16.082,>16.082,99.990,0.755,0.268,g
2459453.71732,2021-08-27.2149888,bH,1.46,16.158,>16.158,99.990,0.822,0.250,g
2459453.71862,2021-08-27.2162832,bH,1.41,16.025,>16.025,99.990,0.594,0.283,g
2459453.89108,2021-08-27.3887560,bH,1.53,16.064,>16.064,99.990,0.345,0.273,g
2459453.89240,2021-08-27.3900743,bH,1.53,15.897,>15.897,99.990,0.561,0.318,g
2459453.89371,2021-08-27.3913873,bH,1.51,15.898,>15.898,99.990,0.639,0.318,g
2459454.78743,2021-08-28.2851245,bH,1.61,15.709,>15.709,99.990,0.076,0.378,g
2459454.78874,2021-08-28.2864319,bH,1.60,15.951,>15.951,99.990,0.692,0.303,g
2459454.79004,2021-08-28.2877335,bH,1.61,15.922,>15.922,99.990,0.371,0.311,g
2459455.70729,2021-08-29.2049890,bH,1.45,16.056,>16.056,99.990,0.744,0.275,g
2459455.70861,2021-08-29.2063048,bH,1.47,16.114,>16.114,99.990,0.716,0.260,g
2459455.70991,2021-08-29.2076157,bH,1.45,16.268,>16.268,99.990,0.834,0.226,g
2459456.61571,2021-08-30.1134354,bl,1.58,16.020,>16.020,99.990,0.422,0.284,g
2459456.61696,2021-08-30.1146871,bl,1.52,16.103,>16.103,99.990,0.294,0.263,g
2459456.61822,2021-08-30.1159383,bl,1.56,16.249,>16.249,99.990,0.575,0.230,g
2459457.36775,2021-08-30.8654909,bp,1.47,99.990,99.990,99.990,99.990,99.990,g
2459457.74686,2021-08-31.2445942,bH,2.11,16.215,>16.215,99.990,0.690,0.237,g
2459457.74816,2021-08-31.2458964,bH,2.06,16.132,>16.132,99.990,0.811,0.256,g
2459457.74945,2021-08-31.2472013,bH,2.10,16.071,>16.071,99.990,0.645,0.271,g
2459457.92404,2021-08-31.4217908,bH,1.45,15.840,>15.840,99.990,1.076,0.335,g
2459457.92535,2021-08-31.4230936,bH,1.52,15.584,>15.584,99.990,0.164,0.424,g
2459458.40889,2021-08-31.9066372,bp,1.55,15.921,>15.921,99.990,-0.263,0.311,g
2459458.41012,2021-08-31.9078656,bp,1.59,15.892,>15.892,99.990,0.445,0.319,g
2459458.41136,2021-08-31.9091158,bp,1.54,15.844,>15.844,99.990,0.900,0.334,g
2459458.56392,2021-09-01.0616810,bp,1.55,16.258,>16.258,99.990,0.745,0.228,g
2459458.56516,2021-09-01.0629239,bp,1.54,16.177,>16.177,99.990,0.740,0.246,g
2459458.56643,2021-09-01.0641787,bp,1.56,16.197,>16.197,99.990,0.750,0.241,g
2459459.35842,2021-09-01.8561872,bp,1.68,16.159,>16.159,99.990,0.754,0.250,g
2459459.35966,2021-09-01.8574337,bp,1.61,16.260,>16.260,99.990,0.716,0.227,g
2459459.36090,2021-09-01.8586723,bp,1.69,16.168,>16.168,99.990,0.871,0.248,g
2459459.46127,2021-09-01.9590452,bp,1.58,16.176,>16.176,99.990,0.802,0.246,g
2459459.46252,2021-09-01.9602918,bp,1.59,16.209,>16.209,99.990,0.842,0.239,g
2459459.46376,2021-09-01.9615339,bp,1.62,16.312,>16.312,99.990,0.815,0.217,g
2459459.74194,2021-09-02.2397248,bH,1.47,16.238,>16.238,99.990,0.369,0.232,g
2459459.74323,2021-09-02.2410170,bH,1.47,16.183,>16.183,99.990,0.856,0.244,g
2459459.74455,2021-09-02.2423306,bH,1.49,16.215,>16.215,99.990,0.639,0.237,g
2459460.35312,2021-09-02.8509178,bp,1.58,16.392,>16.392,99.990,0.926,0.202,g
2459460.35450,2021-09-02.8522931,bp,1.61,16.233,>16.233,99.990,0.692,0.233,g
2459460.35574,2021-09-02.8535296,bp,1.72,16.266,>16.266,99.990,0.735,0.226,g
2459460.48623,2021-09-02.9840273,bp,1.56,16.233,>16.233,99.990,0.788,0.233,g
2459460.48751,2021-09-02.9853114,bp,1.58,16.352,>16.352,99.990,0.976,0.209,g
2459460.65341,2021-09-03.1512081,bH,1.40,16.243,>16.243,99.990,0.738,0.231,g
2459460.65470,2021-09-03.1524997,bH,1.45,16.180,>16.180,99.990,0.605,0.245,g
2459460.65600,2021-09-03.1537990,bH,1.43,16.274,>16.274,99.990,0.859,0.225,g
2459462.42542,2021-09-04.9232671,bp,1.59,16.267,>16.267,99.990,0.962,0.226,g
2459462.42667,2021-09-04.9245104,bp,1.46,16.134,>16.134,99.990,0.760,0.255,g
2459462.42790,2021-09-04.9257480,bp,1.48,16.143,>16.143,99.990,0.782,0.253,g
2459462.53137,2021-09-05.0292078,bp,1.50,16.356,>16.356,99.990,0.977,0.208,g
2459462.53269,2021-09-05.0305379,bp,1.51,16.230,>16.230,99.990,0.693,0.234,g
2459462.53394,2021-09-05.0317789,bp,1.56,16.119,>16.119,99.990,0.862,0.259,g
2459462.63064,2021-09-05.1284824,bp,1.55,16.225,>16.225,99.990,0.402,0.235,g
2459462.63197,2021-09-05.1298122,bp,1.55,16.153,>16.153,99.990,0.850,0.251,g
2459462.63343,2021-09-05.1312780,bp,1.51,16.239,>16.239,99.990,0.701,0.232,g
2459462.84290,2021-09-05.3407504,bl,1.46,16.069,>16.069,99.990,0.441,0.271,g
2459462.84414,2021-09-05.3419887,bl,1.51,16.154,>16.154,99.990,0.384,0.251,g
2459462.84538,2021-09-05.3432306,bl,1.48,16.132,>16.132,99.990,0.703,0.256,g
2459463.75862,2021-09-06.2564857,bl,1.51,15.735,>15.735,99.990,0.685,0.369,g
2459463.75986,2021-09-06.2577288,bl,1.57,15.591,>15.591,99.990,0.470,0.422,g
2459463.76111,2021-09-06.2589694,bl,1.45,15.112,>15.112,99.990,-0.406,0.655,g
2459463.81493,2021-09-06.3128025,bl,1.48,16.092,>16.092,99.990,0.810,0.266,g
2459463.81617,2021-09-06.3140418,bl,1.45,16.046,>16.046,99.990,0.674,0.277,g
2459463.81741,2021-09-06.3152825,bl,1.47,16.066,>16.066,99.990,0.864,0.272,g
2459463.86435,2021-09-06.3622193,bl,1.51,15.975,>15.975,99.990,0.544,0.296,g
2459463.86561,2021-09-06.3634776,bl,1.50,16.067,>16.067,99.990,0.351,0.272,g
2459463.86685,2021-09-06.3647249,bl,1.53,16.054,>16.054,99.990,0.772,0.275,g
2459465.47555,2021-09-07.9734575,bp,1.53,16.082,>16.082,99.990,0.582,0.268,g
2459465.47679,2021-09-07.9746952,bp,1.59,16.240,>16.240,99.990,0.970,0.232,g
2459465.47803,2021-09-07.9759395,bp,1.57,16.100,>16.100,99.990,0.687,0.264,g
2459465.60807,2021-09-08.1059913,bp,1.53,16.154,>16.154,99.990,0.847,0.251,g
2459465.60933,2021-09-08.1072322,bp,1.54,16.304,>16.304,99.990,0.644,0.219,g
2459465.61058,2021-09-08.1084929,bp,1.57,16.115,>16.115,99.990,0.879,0.260,g
2459465.78337,2021-09-08.2812862,bH,1.52,16.086,>16.086,99.990,0.655,0.267,g
2459465.78466,2021-09-08.2825753,bH,1.53,16.180,>16.180,99.990,0.864,0.245,g
2459465.86061,2021-09-08.3585343,bH,1.48,16.229,>16.229,99.990,0.678,0.234,g
2459465.86193,2021-09-08.3598413,bH,1.48,16.043,>16.043,99.990,0.579,0.278,g
2459465.86322,2021-09-08.3611341,bH,1.48,16.252,>16.252,99.990,0.614,0.229,g
2459466.38405,2021-09-08.8819800,bp,1.52,16.079,>16.079,99.990,0.705,0.269,g
2459466.38529,2021-09-08.8832199,bp,1.57,16.211,>16.211,99.990,0.609,0.238,g
2459466.38653,2021-09-08.8844597,bp,1.57,16.108,>16.108,99.990,0.975,0.262,g
2459466.53164,2021-09-09.0295754,bp,1.56,16.133,>16.133,99.990,0.924,0.256,g
2459466.53288,2021-09-09.0308148,bp,1.52,16.210,>16.210,99.990,0.697,0.238,g
2459466.53412,2021-09-09.0320587,bp,1.54,16.129,>16.129,99.990,0.837,0.257,g
2459466.71831,2021-09-09.2162506,bl,1.60,16.088,>16.088,99.990,0.739,0.267,g
2459466.71955,2021-09-09.2174878,bl,1.69,16.148,>16.148,99.990,0.522,0.252,g
2459466.72081,2021-09-09.2187508,bl,1.66,16.083,>16.083,99.990,0.648,0.268,g
2459466.83318,2021-09-09.3311236,bl,1.48,16.347,>16.347,99.990,0.701,0.210,g
2459466.83442,2021-09-09.3323633,bl,1.47,16.100,>16.100,99.990,0.463,0.264,g
2459466.83566,2021-09-09.3336018,bl,1.44,16.063,>16.063,99.990,0.703,0.273,g
2459466.89542,2021-09-09.3933620,bH,1.51,16.049,>16.049,99.990,1.103,0.276,g
2459466.89672,2021-09-09.3946600,bH,1.50,16.032,>16.032,99.990,1.043,0.281,g
2459466.89801,2021-09-09.3959587,bH,1.50,16.176,>16.176,99.990,0.590,0.246,g
2459467.33127,2021-09-09.8292267,bp,1.58,16.033,>16.033,99.990,0.559,0.281,g
2459467.33251,2021-09-09.8304746,bp,1.53,16.143,>16.143,99.990,0.761,0.253,g
2459467.33378,2021-09-09.8317305,bp,1.54,16.109,>16.109,99.990,1.051,0.262,g
2459467.42264,2021-09-09.9206017,bp,1.54,16.111,>16.111,99.990,0.747,0.261,g
2459467.42388,2021-09-09.9218413,bp,1.54,16.046,>16.046,99.990,0.733,0.277,g
2459467.42512,2021-09-09.9230784,bp,1.57,16.019,>16.019,99.990,0.851,0.284,g
2459467.66558,2021-09-10.1635534,bH,1.43,16.281,>16.281,99.990,0.811,0.223,g
2459467.66688,2021-09-10.1648427,bH,1.42,16.145,>16.145,99.990,0.800,0.253,g
2459467.66818,2021-09-10.1661450,bH,1.45,16.274,>16.274,99.990,0.815,0.225,g
2459468.72465,2021-09-11.2226315,bH,1.41,16.027,>16.027,99.990,0.837,0.282,g
2459468.72594,2021-09-11.223925,bH,1.46,15.833,>15.833,99.990,0.345,0.337,g
2459468.72724,2021-09-11.2252290,bH,1.52,15.571,>15.571,99.990,0.894,0.429,g
2459468.90002,2021-09-11.3980098,bH,1.40,16.109,>16.109,99.990,0.604,0.262,g
2459468.90132,2021-09-11.3993173,bH,1.42,16.116,>16.116,99.990,0.399,0.260,g
2459468.90262,2021-09-11.4006079,bH,1.38,16.060,>16.060,99.990,0.885,0.274,g
2459469.40772,2021-09-11.9057281,bp,1.60,16.070,>16.070,99.990,0.838,0.271,g
2459470.59102,2021-09-13.0890622,bH,1.42,16.091,>16.091,99.990,0.551,0.266,g
2459470.59232,2021-09-13.0903593,bH,1.43,16.048,>16.048,99.990,0.312,0.277,g
2459470.59361,2021-09-13.0916569,bH,1.42,16.060,>16.060,99.990,0.436,0.273,g
2459471.56387,2021-09-14.0619320,bH,1.46,15.874,>15.874,99.990,0.583,0.325,g
2459471.56518,2021-09-14.0632430,bH,1.40,16.082,>16.082,99.990,0.415,0.268,g
2459471.56649,2021-09-14.0645543,bH,1.45,15.921,>15.921,99.990,0.204,0.311,g
2459472.57432,2021-09-15.0724149,bH,1.41,16.097,>16.097,99.990,1.001,0.264,g
2459472.57563,2021-09-15.0737302,bH,1.39,15.945,>15.945,99.990,0.493,0.304,g
2459472.57694,2021-09-15.0750343,bH,1.47,15.899,>15.899,99.990,0.666,0.317,g
2459472.74733,2021-09-15.2454310,bl,1.44,16.051,>16.051,99.990,1.310,0.276,g
2459472.74859,2021-09-15.2466848,bl,1.47,16.179,>16.179,99.990,0.558,0.245,g
2459472.74984,2021-09-15.2479385,bl,1.51,15.908,>15.908,99.990,0.724,0.315,g
2459473.32317,2021-09-15.8212888,bp,1.64,15.821,>15.821,99.990,0.889,0.341,g
2459473.32442,2021-09-15.8225362,bp,1.62,15.837,>15.837,99.990,0.354,0.336,g
2459473.32569,2021-09-15.8238096,bp,1.63,15.829,>15.829,99.990,0.777,0.339,g
2459473.60621,2021-09-16.1043343,bH,1.44,15.802,>15.802,99.990,0.222,0.347,g
2459473.60750,2021-09-16.1056216,bH,1.42,15.786,>15.786,99.990,0.560,0.352,g
2459473.60880,2021-09-16.1069225,bH,1.40,15.893,>15.893,99.990,0.178,0.319,g
2459473.76718,2021-09-16.2653092,bl,1.50,15.884,>15.884,99.990,0.504,0.322,g
2459473.76845,2021-09-16.2665722,bl,1.54,15.850,>15.850,99.990,0.501,0.332,g
2459473.76970,2021-09-16.2678256,bl,1.45,15.760,>15.760,99.990,0.444,0.361,g
2459474.60744,2021-09-17.1055987,bH,1.49,16.040,>16.040,99.990,0.297,0.279,g
2459474.60876,2021-09-17.1069128,bH,1.48,15.750,>15.750,99.990,0.209,0.364,g
2459474.61005,2021-09-17.1082046,bH,1.46,15.797,>15.797,99.990,1.123,0.349,g
2459474.90612,2021-09-17.4042809,bH,1.41,16.008,>16.008,99.990,0.473,0.287,g
2459474.90741,2021-09-17.4055790,bH,1.38,15.878,>15.878,99.990,0.834,0.323,g
2459474.90871,2021-09-17.4068701,bH,1.43,15.718,>15.718,99.990,1.335,0.375,g
2459475.36433,2021-09-17.8625011,bp,1.54,15.867,>15.867,99.990,0.646,0.327,g
2459475.36563,2021-09-17.8638015,bp,1.52,15.815,>15.815,99.990,0.690,0.343,g
2459475.36687,2021-09-17.8650431,bp,1.54,15.862,>15.862,99.990,0.269,0.328,g
2459475.52140,2021-09-18.0195837,bp,1.63,15.773,>15.773,99.990,0.886,0.356,g
2459475.52264,2021-09-18.0208218,bp,1.67,15.750,>15.750,99.990,0.909,0.364,g
2459475.52390,2021-09-18.0220800,bp,1.63,15.965,>15.965,99.990,0.421,0.299,g
2459475.55519,2021-09-18.0533736,bH,1.45,15.607,>15.607,99.990,0.944,0.415,g
2459475.55649,2021-09-18.0546711,bH,1.45,15.812,>15.812,99.990,0.205,0.344,g
2459475.55779,2021-09-18.0559702,bH,1.40,15.666,>15.666,99.990,0.799,0.393,g
2459475.73804,2021-09-18.2362164,bH,1.54,15.689,>15.689,99.990,0.368,0.385,g
2459475.73933,2021-09-18.2375165,bH,1.53,15.909,>15.909,99.990,0.337,0.314,g
2459475.74064,2021-09-18.2388232,bH,1.51,15.807,>15.807,99.990,0.252,0.345,g
2459476.30960,2021-09-18.8078068,bp,1.67,15.463,>15.463,99.990,0.470,0.474,g
2459476.31085,2021-09-18.8090579,bp,1.58,15.440,>15.440,99.990,0.981,0.484,g
2459476.31210,2021-09-18.8103078,bp,1.58,15.350,>15.350,99.990,0.601,0.526,g
2459476.54057,2021-09-19.0387833,bp,1.44,15.649,>15.649,99.990,0.087,0.399,g
2459476.54182,2021-09-19.0400297,bp,1.55,15.747,>15.747,99.990,0.494,0.365,g
2459476.54305,2021-09-19.0412663,bp,1.54,15.690,>15.690,99.990,0.099,0.385,g
2459477.66138,2021-09-20.1596280,bl,1.46,15.499,>15.499,99.990,0.204,0.459,g
2459477.66264,2021-09-20.1608768,bl,1.49,15.824,>15.824,99.990,0.710,0.340,g
2459477.66388,2021-09-20.1621327,bl,1.53,15.492,>15.492,99.990,0.508,0.461,g
2459478.54013,2021-09-21.0384025,bl,1.65,15.301,>15.301,99.990,1.037,0.551,g
2459478.54138,2021-09-21.0396489,bl,1.69,15.210,>15.210,99.990,1.255,0.599,g
2459478.54262,2021-09-21.0408908,bl,1.58,15.259,>15.259,99.990,0.231,0.572,g
2459478.81876,2021-09-21.3170495,bl,1.61,15.651,>15.651,99.990,1.047,0.399,g
2459478.82003,2021-09-21.3183144,bl,1.52,15.546,>15.546,99.990,0.144,0.439,g
2459478.82127,2021-09-21.3195549,bl,1.54,15.518,>15.518,99.990,0.956,0.451,g
2459478.83591,2021-09-21.3341906,bH,1.44,15.559,>15.559,99.990,0.600,0.434,g
2459478.83722,2021-09-21.3354990,bH,1.45,15.544,>15.544,99.990,-0.170,0.440,g
2459478.83852,2021-09-21.3368001,bH,1.50,15.620,>15.620,99.990,0.682,0.410,g
2459479.34841,2021-09-21.8467076,bp,1.55,15.619,>15.619,99.990,0.271,0.411,g
2459479.34965,2021-09-21.8479495,bp,1.51,15.659,>15.659,99.990,0.535,0.396,g
2459479.35089,2021-09-21.8491840,bp,1.52,15.750,>15.750,99.990,1.391,0.364,g
2459479.49159,2021-09-21.9899023,bp,1.54,15.692,>15.692,99.990,0.565,0.384,g
2459479.49286,2021-09-21.9911557,bp,1.60,15.622,>15.622,99.990,1.059,0.409,g
2459479.49411,2021-09-21.9924093,bp,1.52,15.779,>15.779,99.990,0.668,0.354,g
2459479.59799,2021-09-22.0962964,bp,1.53,15.680,>15.680,99.990,0.514,0.388,g
2459479.59923,2021-09-22.0975324,bp,1.55,15.700,>15.700,99.990,1.058,0.381,g
2459479.60048,2021-09-22.0987884,bp,1.58,15.702,>15.702,99.990,0.088,0.381,g
2459480.58941,2021-09-23.0877498,bH,1.40,15.692,>15.692,99.990,0.664,0.384,g
2459480.59071,2021-09-23.0890502,bH,1.39,15.824,>15.824,99.990,-0.188,0.340,g
2459480.59202,2021-09-23.0903612,bH,1.43,15.920,>15.920,99.990,0.365,0.311,g
2459481.28905,2021-09-23.7874049,bp,1.50,15.486,>15.486,99.990,0.292,0.464,g
2459481.29029,2021-09-23.7886467,bp,1.58,15.620,>15.620,99.990,0.153,0.410,g
2459481.29153,2021-09-23.7898886,bp,1.56,15.611,>15.611,99.990,0.568,0.414,g
2459481.38586,2021-09-23.8842199,bp,1.53,15.727,>15.727,99.990,0.830,0.372,g
2459481.38720,2021-09-23.8855693,bp,1.48,15.697,>15.697,99.990,-0.063,0.382,g
2459481.38846,2021-09-23.8868209,bp,1.57,15.921,>15.921,99.990,0.672,0.311,g
2459481.52186,2021-09-24.0202327,bp,1.49,15.835,>15.835,99.990,0.869,0.336,g
2459481.52310,2021-09-24.0214695,bp,1.48,15.828,>15.828,99.990,0.525,0.339,g
2459481.52433,2021-09-24.0227017,bp,1.54,15.850,>15.850,99.990,1.440,0.332,g
2459481.73541,2021-09-24.2337843,bH,1.47,15.951,>15.951,99.990,0.163,0.302,g
2459481.73671,2021-09-24.2350795,bH,1.41,15.927,>15.927,99.990,0.547,0.309,g
2459481.73798,2021-09-24.2363649,bH,1.43,15.904,>15.904,99.990,1.088,0.316,g
2459482.28650,2021-09-24.7848969,bp,1.53,16.048,>16.048,99.990,0.680,0.277,g
2459482.28775,2021-09-24.7861481,bp,1.52,15.895,>15.895,99.990,0.258,0.319,g
2459482.28899,2021-09-24.7873910,bp,1.50,16.208,>16.208,99.990,1.004,0.239,g
2459482.37388,2021-09-24.8722814,bp,1.52,15.920,>15.920,99.990,0.726,0.311,g
2459482.37512,2021-09-24.8735255,bp,1.56,15.857,>15.857,99.990,0.543,0.330,g
2459482.37638,2021-09-24.8747741,bp,1.50,16.021,>16.021,99.990,0.331,0.284,g
2459482.47130,2021-09-24.9697040,bp,1.52,16.009,>16.009,99.990,0.746,0.287,g
2459482.47255,2021-09-24.9709541,bp,1.49,15.822,>15.822,99.990,1.376,0.341,g
2459482.47379,2021-09-24.9721903,bp,1.53,16.002,>16.002,99.990,0.317,0.289,g
2459482.51714,2021-09-25.0155509,bp,1.59,15.874,>15.874,99.990,0.633,0.325,g
2459482.51841,2021-09-25.0168090,bp,1.52,15.968,>15.968,99.990,0.641,0.298,g
2459482.51964,2021-09-25.0180451,bp,1.57,15.933,>15.933,99.990,0.619,0.308,g
2459482.59344,2021-09-25.0918420,bp,1.58,15.893,>15.893,99.990,0.818,0.319,g
2459482.60796,2021-09-25.1063576,bp,1.58,15.827,>15.827,99.990,0.512,0.339,g
2459482.60920,2021-09-25.1076089,bp,1.62,15.696,>15.696,99.990,1.037,0.383,g
2459482.90100,2021-09-25.3994127,bl,1.50,15.628,>15.628,99.990,-0.045,0.407,g
2459482.90224,2021-09-25.4006532,bl,1.54,15.464,>15.464,99.990,0.902,0.474,g
2459482.90349,2021-09-25.4019054,bl,1.53,15.385,>15.385,99.990,0.332,0.509,g
2459483.28441,2021-09-25.7828442,bp,1.54,16.067,>16.067,99.990,0.776,0.272,g
2459483.28571,2021-09-25.7841387,bp,1.58,16.105,>16.105,99.990,0.422,0.262,g
2459483.28695,2021-09-25.7853792,bp,1.57,16.135,>16.135,99.990,0.772,0.255,g
2459483.44974,2021-09-25.9481688,bp,1.52,16.043,>16.043,99.990,0.665,0.278,g
2459483.45100,2021-09-25.9494447,bp,1.52,15.778,>15.778,99.990,0.613,0.355,g
2459483.45226,2021-09-25.9506873,bp,1.53,16.030,>16.030,99.990,0.801,0.281,g
2459483.46832,2021-09-25.9667520,bp,1.53,16.057,>16.057,99.990,0.741,0.274,g
2459483.46957,2021-09-25.9680070,bp,1.57,15.964,>15.964,99.990,0.566,0.299,g
2459483.47082,2021-09-25.9692629,bp,1.58,16.046,>16.046,99.990,0.985,0.277,g
2459483.70344,2021-09-26.2018848,bH,1.45,16.055,>16.055,99.990,0.714,0.275,g
2459483.70473,2021-09-26.2031754,bH,1.46,16.081,>16.081,99.990,0.636,0.268,g
2459483.70604,2021-09-26.2044804,bH,1.43,16.092,>16.092,99.990,0.311,0.266,g
2459484.81890,2021-09-27.3173795,bH,1.4,16.034,>16.034,99.990,0.599,0.280,g
2459484.82018,2021-09-27.3186709,bH,1.38,16.006,>16.006,99.990,0.271,0.287,g
2459484.82149,2021-09-27.3199761,bH,1.41,16.136,>16.136,99.990,0.490,0.255,g
2459485.52725,2021-09-28.0257600,bH,1.46,16.172,>16.172,99.990,0.596,0.247,g
2459485.52854,2021-09-28.0270482,bH,1.45,16.322,>16.322,99.990,0.537,0.215,g
2459485.52984,2021-09-28.0283452,bH,1.43,16.183,>16.183,99.990,0.982,0.244,g
2459485.71459,2021-09-28.2131070,bH,1.48,15.991,>15.991,99.990,0.436,0.292,g
2459485.71588,2021-09-28.2143942,bH,1.51,15.996,>15.996,99.990,0.718,0.290,g
2459485.71718,2021-09-28.2156956,bH,1.48,15.856,>15.856,99.990,1.235,0.330,g
2459486.36546,2021-09-28.8639988,bp,1.60,15.905,>15.905,99.990,0.756,0.316,g
2459486.36673,2021-09-28.8652638,bp,1.53,15.914,>15.914,99.990,0.617,0.313,g
2459486.36797,2021-09-28.8665064,bp,1.57,16.115,>16.115,99.990,0.582,0.260,g
2459486.69303,2021-09-29.1915782,bH,1.47,16.090,>16.090,99.990,0.290,0.266,g
2459486.69432,2021-09-29.1928714,bH,1.47,16.153,>16.153,99.990,0.464,0.251,g
2459486.69562,2021-09-29.1941678,bH,1.53,16.203,>16.203,99.990,0.890,0.240,g
2459489.29666,2021-10-01.7952973,bp,1.57,16.231,>16.231,99.990,0.955,0.234,g
2459489.29798,2021-10-01.7966182,bp,1.57,16.117,>16.117,99.990,0.898,0.260,g
2459489.29923,2021-10-01.7978659,bp,1.54,16.085,>16.085,99.990,0.463,0.267,g
2459489.54379,2021-10-02.0424395,bl,1.64,16.031,>16.031,99.990,0.857,0.281,g
2459489.54505,2021-10-02.0436967,bl,1.63,16.035,>16.035,99.990,0.458,0.280,g
2459489.54629,2021-10-02.0449375,bl,1.58,16.190,>16.190,99.990,0.948,0.243,g
2459489.59478,2021-10-02.0934307,bH,1.43,16.125,>16.125,99.990,0.636,0.258,g
2459489.59607,2021-10-02.0947217,bH,1.41,16.252,>16.252,99.990,0.729,0.229,g
2459489.59737,2021-10-02.0960171,bH,1.39,16.405,>16.405,99.990,0.647,0.199,g
2459490.86268,2021-10-03.3613710,bH,1.40,16.347,16.243,0.200,1.156,0.210,g
2459490.86529,2021-10-03.3639797,bH,1.41,16.143,>16.143,99.990,1.142,0.253,g
2459491.55250,2021-10-04.0512150,bl,1.52,16.089,>16.089,99.990,0.860,0.266,g
2459491.55374,2021-10-04.0524556,bl,1.44,16.010,>16.010,99.990,0.222,0.286,g
2459491.55498,2021-10-04.0537032,bl,1.52,16.145,>16.145,99.990,0.095,0.253,g
2459493.30674,2021-10-05.8055236,bp,1.62,16.254,>16.254,99.990,0.630,0.229,g
2459493.30798,2021-10-05.8067585,bp,1.51,16.297,>16.297,99.990,0.451,0.220,g
2459493.30922,2021-10-05.8080013,bp,1.50,16.154,>16.154,99.990,0.342,0.251,g
2459493.38338,2021-10-05.8821781,bp,1.57,16.135,>16.135,99.990,0.920,0.255,g
2459493.38463,2021-10-05.8834234,bp,1.59,16.109,>16.109,99.990,0.939,0.261,g
2459493.38586,2021-10-05.8846594,bp,1.56,16.229,>16.229,99.990,0.516,0.234,g
2459493.63766,2021-10-06.1364605,bl,1.47,16.025,>16.025,99.990,0.642,0.282,g
2459493.63890,2021-10-06.1377001,bl,1.47,16.138,>16.138,99.990,0.866,0.255,g
2459493.64015,2021-10-06.1389430,bl,1.45,16.109,>16.109,99.990,0.635,0.261,g
2459493.72319,2021-10-06.2219918,bH,1.39,16.110,>16.110,99.990,0.469,0.261,g
2459493.72447,2021-10-06.2232781,bH,1.42,16.176,>16.176,99.990,0.842,0.246,g
2459493.72577,2021-10-06.2245719,bH,1.41,16.191,>16.191,99.990,0.871,0.242,g
2459494.45472,2021-10-06.9535537,bp,1.59,16.302,>16.302,99.990,0.723,0.219,g
2459494.45596,2021-10-06.9548,bp,1.55,16.101,>16.101,99.990,0.725,0.263,g
2459494.45720,2021-10-06.9560313,bp,1.55,16.155,>16.155,99.990,0.954,0.251,g
2459494.59041,2021-10-07.0892497,bp,2.23,16.265,>16.265,99.990,1.089,0.227,g
2459494.59165,2021-10-07.0904858,bp,2.23,16.145,>16.145,99.990,0.751,0.253,g
2459494.73695,2021-10-07.2357885,bH,1.45,15.524,>15.524,99.990,0.669,0.448,g
2459494.73824,2021-10-07.2370725,bH,1.40,14.965,>14.965,99.990,-0.073,0.750,g
2459494.73953,2021-10-07.2383706,bH,1.43,14.466,>14.466,99.990,-0.997,1.188,g
2459496.37080,2021-10-08.8697047,bp,1.51,16.243,>16.243,99.990,0.958,0.231,g
2459496.37204,2021-10-08.8709429,bp,1.54,16.175,>16.175,99.990,1.010,0.246,g
2459496.37329,2021-10-08.8721965,bp,1.61,16.163,>16.163,99.990,0.716,0.249,g
2459496.61208,2021-10-09.1109987,bl,1.52,16.119,>16.119,99.990,0.397,0.259,g
2459496.61332,2021-10-09.1122380,bl,1.53,16.033,>16.033,99.990,0.905,0.281,g
2459496.61457,2021-10-09.1134843,bl,1.53,16.183,>16.183,99.990,0.676,0.244,g
2459496.63589,2021-10-09.1348059,bH,1.45,16.293,>16.293,99.990,0.599,0.221,g
2459496.63718,2021-10-09.1361035,bH,1.46,16.119,>16.119,99.990,0.566,0.259,g
2459496.63848,2021-10-09.1373946,bH,1.42,16.140,>16.140,99.990,0.811,0.254,g
2459497.25321,2021-10-09.7521545,bp,1.50,16.120,>16.120,99.990,0.502,0.259,g
2459497.25445,2021-10-09.7533961,bp,1.59,16.218,>16.218,99.990,0.533,0.237,g
2459497.25576,2021-10-09.7547010,bp,1.49,16.048,>16.048,99.990,0.778,0.277,g
2459497.34116,2021-10-09.8400961,bp,2.14,16.277,16.248,0.214,1.151,0.224,g
2459497.34240,2021-10-09.8413354,bp,2.12,16.100,>16.100,99.990,0.939,0.264,g
2459497.34365,2021-10-09.8425913,bp,2.13,16.228,>16.228,99.990,0.902,0.234,g
2459497.62166,2021-10-10.1206134,bH,1.45,16.031,>16.031,99.990,0.573,0.281,g
2459497.62296,2021-10-10.1219109,bH,1.39,16.135,>16.135,99.990,0.786,0.255,g
2459497.62427,2021-10-10.1232156,bH,1.48,16.081,>16.081,99.990,0.931,0.268,g
2459497.69328,2021-10-10.1922282,bH,1.43,16.300,16.297,0.219,1.099,0.219,g
2459497.69457,2021-10-10.1935241,bH,1.42,16.156,>16.156,99.990,0.909,0.251,g
2459497.69587,2021-10-10.1948238,bH,1.43,16.094,>16.094,99.990,0.681,0.265,g
2459498.60127,2021-10-11.1002579,bl,1.43,16.133,>16.133,99.990,0.739,0.256,g
2459498.60251,2021-10-11.1015032,bl,1.56,16.140,>16.140,99.990,0.501,0.254,g
2459498.60375,2021-10-11.1027437,bl,1.45,16.052,>16.052,99.990,0.141,0.276,g
2459498.68900,2021-10-11.1879981,bl,1.54,16.009,>16.009,99.990,0.465,0.287,g
2459498.69026,2021-10-11.1892615,bl,1.50,16.089,>16.089,99.990,0.872,0.266,g
2459498.69150,2021-10-11.1904993,bl,1.56,16.103,>16.103,99.990,0.829,0.263,g
2459499.24286,2021-10-11.7418828,bp,1.57,16.085,>16.085,99.990,-0.023,0.267,g
2459499.24412,2021-10-11.7431351,bp,1.56,15.832,>15.832,99.990,0.792,0.338,g
2459499.24538,2021-10-11.7443993,bp,1.58,16.121,>16.121,99.990,0.764,0.259,g
2459499.35239,2021-10-11.8514127,bp,1.65,15.234,>15.234,99.990,-0.391,0.585,g
2459499.35362,2021-10-11.8526523,bp,1.74,15.363,>15.363,99.990,0.932,0.520,g
2459499.35488,2021-10-11.8538956,bp,1.61,15.192,>15.192,99.990,-0.192,0.608,g
2459499.62849,2021-10-12.1275240,bl,1.57,14.974,>14.974,99.990,0.341,0.744,g
2459499.62974,2021-10-12.1287693,bl,1.51,15.549,>15.549,99.990,0.154,0.438,g
2459499.63097,2021-10-12.1300078,bl,1.57,15.552,>15.552,99.990,-0.142,0.437,g
2459500.49202,2021-10-12.9910863,bp,1.57,15.436,>15.436,99.990,-0.270,0.486,g
2459500.49326,2021-10-12.9923336,bp,1.50,15.403,>15.403,99.990,0.115,0.501,g
2459500.49450,2021-10-12.9935684,bp,1.61,15.256,>15.256,99.990,0.914,0.574,g
2459500.70091,2021-10-13.1999866,bH,1.42,16.095,>16.095,99.990,0.788,0.265,g
2459500.70220,2021-10-13.2012740,bH,1.46,16.015,>16.015,99.990,0.549,0.285,g
2459500.70349,2021-10-13.2025620,bH,1.43,16.121,>16.121,99.990,0.676,0.259,g
2459502.48273,2021-10-14.9818765,bp,1.48,15.636,>15.636,99.990,0.775,0.404,g
2459502.48398,2021-10-14.9831255,bp,1.55,15.755,>15.755,99.990,0.587,0.362,g
2459502.48525,2021-10-14.9844039,bp,1.48,15.582,>15.582,99.990,-0.112,0.425,g
2459502.52123,2021-10-15.0203818,bH,1.50,15.950,>15.950,99.990,0.420,0.303,g
2459502.52252,2021-10-15.0216650,bH,1.54,16.007,>16.007,99.990,0.562,0.287,g
2459502.52382,2021-10-15.0229659,bH,1.49,15.796,>15.796,99.990,0.362,0.349,g
2459502.58397,2021-10-15.0831152,bp,1.58,14.743,>14.743,99.990,0.086,0.920,g
2459502.58521,2021-10-15.0843618,bp,1.58,14.617,>14.617,99.990,1.467,1.034,g
2459502.58647,2021-10-15.0856245,bp,1.47,14.516,>14.516,99.990,-4.197,1.137,g
2459502.70405,2021-10-15.2032047,bH,1.43,15.855,>15.855,99.990,1.107,0.330,g
2459502.70535,2021-10-15.2045020,bH,1.44,15.928,>15.928,99.990,0.760,0.309,g
2459502.70666,2021-10-15.2058146,bH,1.47,16.075,>16.075,99.990,0.419,0.270,g
2459503.23998,2021-10-15.7391579,bp,-99,13.941,>13.941,99.990,3.222,1.926,g
2459503.24745,2021-10-15.7466285,bp,2.32,99.990,99.990,99.990,99.990,99.990,g
2459505.62035,2021-10-18.1196315,bl,1.48,15.640,>15.640,99.990,0.316,0.403,g
2459505.62160,2021-10-18.1208851,bl,1.57,15.640,>15.640,99.990,0.979,0.403,g
2459505.62287,2021-10-18.1221422,bl,1.44,15.687,>15.687,99.990,0.524,0.386,g
2459506.23908,2021-10-18.7383913,bp,1.62,15.358,>15.358,99.990,-0.974,0.522,g
2459506.24043,2021-10-18.7397363,bp,1.62,15.650,>15.650,99.990,0.102,0.399,g
2459506.24171,2021-10-18.7410128,bp,1.59,15.591,>15.591,99.990,0.468,0.421,g
2459506.39462,2021-10-18.8939251,bp,1.52,15.756,>15.756,99.990,0.835,0.362,g
2459506.39584,2021-10-18.8951539,bp,1.52,15.734,>15.734,99.990,0.200,0.370,g
2459506.39709,2021-10-18.8963957,bp,1.50,15.740,>15.740,99.990,0.976,0.367,g
2459506.49700,2021-10-18.9963143,bp,1.54,15.819,>15.819,99.990,0.586,0.342,g
2459506.49825,2021-10-18.9975667,bp,1.48,15.835,>15.835,99.990,0.806,0.336,g
2459506.49948,2021-10-18.9987994,bp,1.54,15.801,>15.801,99.990,1.020,0.347,g
2459506.57268,2021-10-19.0720052,bp,1.56,15.712,>15.712,99.990,0.676,0.377,g
2459506.57392,2021-10-19.0732409,bp,1.58,15.689,>15.689,99.990,0.112,0.385,g
2459506.57518,2021-10-19.0744971,bp,1.54,15.688,>15.688,99.990,0.953,0.385,g
2459507.25078,2021-10-19.7501263,bp,1.73,15.696,>15.696,99.990,-0.076,0.383,g
2459507.25202,2021-10-19.7513662,bp,1.61,15.533,>15.533,99.990,0.700,0.445,g
2459507.25327,2021-10-19.7526160,bp,1.63,15.626,>15.626,99.990,0.316,0.408,g
2459507.36898,2021-10-19.8683258,bp,1.47,15.749,>15.749,99.990,0.737,0.364,g
2459507.37021,2021-10-19.8695605,bp,1.51,15.705,>15.705,99.990,0.593,0.379,g
2459507.37145,2021-10-19.8707990,bp,1.48,15.731,>15.731,99.990,0.517,0.370,g
2459507.48993,2021-10-19.9892828,bp,1.55,15.595,>15.595,99.990,0.306,0.420,g
2459507.49118,2021-10-19.9905315,bp,1.53,15.601,>15.601,99.990,0.153,0.417,g
2459507.49241,2021-10-19.9917616,bp,1.54,15.642,>15.642,99.990,0.183,0.402,g
2459507.60280,2021-10-20.1021615,bH,1.52,15.531,>15.531,99.990,0.667,0.445,g
2459507.60411,2021-10-20.1034760,bH,1.43,15.628,>15.628,99.990,0.934,0.407,g
2459507.60542,2021-10-20.1047829,bH,1.52,15.644,>15.644,99.990,0.935,0.401,g
2459508.52050,2021-10-21.0198920,bH,1.73,15.791,>15.791,99.990,0.577,0.350,g
2459508.52178,2021-10-21.0211825,bH,1.76,15.666,>15.666,99.990,0.414,0.393,g
2459508.52309,2021-10-21.0224920,bH,1.67,15.544,>15.544,99.990,0.116,0.440,g
2459508.69443,2021-10-21.1938359,bH,1.45,15.643,>15.643,99.990,0.669,0.402,g
2459508.69575,2021-10-21.1951593,bH,1.42,15.730,>15.730,99.990,0.533,0.371,g
2459508.69703,2021-10-21.1964412,bH,1.39,15.600,>15.600,99.990,0.169,0.418,g
2459509.52307,2021-10-22.0225064,bl,1.53,15.813,>15.813,99.990,1.093,0.344,g
2459509.52430,2021-10-22.0237412,bl,1.45,15.926,>15.926,99.990,0.198,0.310,g
2459509.52555,2021-10-22.0249924,bl,1.62,15.877,>15.877,99.990,-0.224,0.324,g
2459509.56109,2021-10-22.0605364,bl,1.49,15.685,>15.685,99.990,-0.560,0.387,g
2459509.56235,2021-10-22.0617873,bl,1.53,15.708,>15.708,99.990,0.192,0.378,g
2459509.56357,2021-10-22.0630233,bl,1.47,15.738,>15.738,99.990,0.232,0.368,g
2459511.24739,2021-10-23.7469041,bp,1.55,16.004,>16.004,99.990,0.011,0.288,g
2459511.24862,2021-10-23.7481422,bp,1.49,15.949,>15.949,99.990,0.314,0.303,g
2459511.24986,2021-10-23.7493722,bp,1.49,16.074,>16.074,99.990,0.813,0.270,g
2459511.41839,2021-10-23.9179193,bp,1.58,15.917,>15.917,99.990,0.469,0.312,g
2459511.41963,2021-10-23.9191611,bp,1.46,15.862,>15.862,99.990,0.588,0.328,g
2459511.42087,2021-10-23.9203950,bp,1.55,15.858,>15.858,99.990,0.487,0.329,g
2459511.52079,2021-10-24.0203107,bH,1.55,16.138,>16.138,99.990,0.326,0.255,g
2459511.52209,2021-10-24.0216097,bH,1.56,16.225,>16.225,99.990,0.896,0.235,g
2459511.52340,2021-10-24.0229225,bH,1.56,16.108,>16.108,99.990,0.739,0.262,g
2459511.60083,2021-10-24.1003565,bH,1.45,15.968,>15.968,99.990,0.748,0.298,g
2459511.60213,2021-10-24.1016576,bH,1.43,16.014,>16.014,99.990,0.409,0.285,g
2459511.60343,2021-10-24.1029525,bH,1.47,16.011,>16.011,99.990,0.572,0.286,g
2459511.73773,2021-10-24.2372726,bH,1.46,15.816,>15.816,99.990,0.296,0.342,g
2459511.73904,2021-10-24.2385736,bH,1.42,15.827,>15.827,99.990,0.601,0.339,g
2459511.74034,2021-10-24.2398800,bH,1.46,15.936,>15.936,99.990,0.624,0.307,g
2459512.60111,2021-10-25.100675,bH,1.41,16.232,>16.232,99.990,0.333,0.234,g
2459512.60239,2021-10-25.1019640,bH,1.40,16.159,>16.159,99.990,0.825,0.250,g
2459512.60368,2021-10-25.1032571,bH,1.41,16.218,>16.218,99.990,0.909,0.236,g
2459512.66033,2021-10-25.1599121,bH,1.42,15.900,>15.900,99.990,0.539,0.317,g
2459512.66162,2021-10-25.1611953,bH,1.44,16.153,>16.153,99.990,0.320,0.251,g
2459512.66292,2021-10-25.1624937,bH,1.48,15.975,>15.975,99.990,0.864,0.296,g
2459513.24307,2021-10-25.7426664,bp,2.41,15.731,>15.731,99.990,0.864,0.370,g
2459513.24431,2021-10-25.7439105,bp,2.42,15.798,>15.798,99.990,0.295,0.348,g
2459513.24555,2021-10-25.7451452,bp,2.41,15.700,>15.700,99.990,0.339,0.381,g
2459513.53879,2021-10-26.0383918,bH,1.39,16.215,>16.215,99.990,0.866,0.237,g
2459513.54009,2021-10-26.0397026,bH,1.40,16.134,>16.134,99.990,0.837,0.256,g
2459513.54139,2021-10-26.0410025,bH,1.43,16.121,>16.121,99.990,0.497,0.259,g
2459513.64614,2021-10-26.1457552,bH,1.43,16.073,>16.073,99.990,0.647,0.270,g
2459513.64744,2021-10-26.1470552,bH,1.42,16.309,>16.309,99.990,0.582,0.218,g
2459513.64873,2021-10-26.1483472,bH,1.42,16.200,>16.200,99.990,0.705,0.240,g
2459513.70231,2021-10-26.2019280,bH,1.35,16.027,>16.027,99.990,0.690,0.282,g
2459513.70360,2021-10-26.2032162,bH,1.35,16.136,>16.136,99.990,0.835,0.255,g
2459513.70490,2021-10-26.2045143,bH,1.38,16.183,>16.183,99.990,0.586,0.244,g
2459514.24746,2021-10-26.7471060,bp,2.12,15.747,>15.747,99.990,0.662,0.365,g
2459514.24870,2021-10-26.7483358,bp,2.12,15.829,>15.829,99.990,0.793,0.339,g
2459514.24995,2021-10-26.7495872,bp,2.13,15.915,>15.915,99.990,0.598,0.313,g
2459514.39703,2021-10-26.8966795,bp,1.55,16.140,>16.140,99.990,0.361,0.254,g
2459514.39827,2021-10-26.8979204,bp,1.62,16.119,>16.119,99.990,0.740,0.259,g
2459514.39951,2021-10-26.8991597,bp,1.61,16.163,>16.163,99.990,0.616,0.249,g
2459514.51272,2021-10-27.0123652,bH,1.82,16.175,>16.175,99.990,0.563,0.246,g
2459514.51401,2021-10-27.0136615,bH,1.85,16.190,>16.190,99.990,0.570,0.243,g
2459514.51531,2021-10-27.0149616,bH,1.85,16.245,>16.245,99.990,0.850,0.231,g
2459514.61812,2021-10-27.1177710,bH,1.42,16.279,>16.279,99.990,0.542,0.224,g
2459514.61942,2021-10-27.1190724,bH,1.42,16.347,>16.347,99.990,0.574,0.210,g
2459514.62072,2021-10-27.1203743,bH,1.42,16.186,>16.186,99.990,0.401,0.244,g
2459514.68049,2021-10-27.1801452,bH,1.49,16.245,>16.245,99.990,0.462,0.231,g
2459514.68178,2021-10-27.1814376,bH,1.45,16.231,>16.231,99.990,0.647,0.234,g
2459514.68310,2021-10-27.1827506,bH,1.46,16.182,>16.182,99.990,0.714,0.244,g
2459514.75215,2021-10-27.2518053,bH,1.37,16.044,>16.044,99.990,0.727,0.278,g
2459514.75344,2021-10-27.2531020,bH,1.38,15.985,>15.985,99.990,0.881,0.293,g
2459514.75475,2021-10-27.2544121,bH,1.38,16.014,>16.014,99.990,0.122,0.286,g
2459515.57734,2021-10-28.0770481,bH,1.35,16.266,>16.266,99.990,1.022,0.226,g
2459515.57864,2021-10-28.0783468,bH,1.41,16.204,>16.204,99.990,0.950,0.240,g
2459515.57994,2021-10-28.0796414,bH,1.39,16.184,>16.184,99.990,0.710,0.244,g
2459515.61694,2021-10-28.1166391,bH,1.40,16.104,>16.104,99.990,0.772,0.263,g
2459515.61824,2021-10-28.1179402,bH,1.41,16.261,>16.261,99.990,0.608,0.227,g
2459515.61954,2021-10-28.1192356,bH,1.41,16.170,>16.170,99.990,0.669,0.247,g
2459515.69899,2021-10-28.1987010,bl,1.55,16.206,>16.206,99.990,0.666,0.239,g
2459515.70025,2021-10-28.1999474,bl,1.53,16.120,>16.120,99.990,0.832,0.259,g
2459515.70149,2021-10-28.2011905,bl,1.51,16.173,>16.173,99.990,0.329,0.246,g
2459517.30800,2021-10-29.8077760,bp,1.55,16.444,>16.444,99.990,0.622,0.192,g
2459517.30924,2021-10-29.8090131,bp,1.53,16.163,>16.163,99.990,0.775,0.249,g
2459517.31048,2021-10-29.8102586,bp,1.43,16.163,>16.163,99.990,0.677,0.249,g
2459517.75883,2021-10-30.2586327,bH,1.48,16.150,>16.150,99.990,0.643,0.252,g
2459517.76015,2021-10-30.2599356,bH,1.44,16.180,>16.180,99.990,0.726,0.245,g
2459517.76144,2021-10-30.2612370,bH,1.48,16.244,>16.244,99.990,0.364,0.231,g
2459518.26148,2021-10-30.7612939,bp,1.52,16.230,>16.230,99.990,0.839,0.234,g
2459518.26272,2021-10-30.7625320,bp,1.53,16.119,>16.119,99.990,0.744,0.259,g
2459518.26397,2021-10-30.7637890,bp,1.51,16.289,>16.289,99.990,0.939,0.222,g
2459518.40170,2021-10-30.9015268,bp,1.48,16.089,>16.089,99.990,0.793,0.266,g
2459518.40296,2021-10-30.9027736,bp,1.51,16.228,>16.228,99.990,1.001,0.234,g
2459518.40419,2021-10-30.9040040,bp,1.45,16.218,>16.218,99.990,0.806,0.237,g
2459518.51258,2021-10-31.0124039,bp,1.58,16.340,>16.340,99.990,0.627,0.211,g
2459518.51384,2021-10-31.0136643,bp,1.60,16.263,>16.263,99.990,0.452,0.227,g
2459518.51509,2021-10-31.0149143,bp,1.63,16.175,>16.175,99.990,0.615,0.246,g
2459518.68439,2021-10-31.1842239,bH,1.39,16.163,>16.163,99.990,0.651,0.249,g
2459518.68569,2021-10-31.1855180,bH,1.41,16.187,>16.187,99.990,0.729,0.243,g
2459518.68697,2021-10-31.1868128,bH,1.43,16.153,>16.153,99.990,0.622,0.251,g
2459519.66681,2021-11-01.1666875,bl,1.57,16.008,>16.008,99.990,0.251,0.287,g
2459519.66806,2021-11-01.1679339,bl,1.61,16.128,>16.128,99.990,0.465,0.257,g
2459519.66930,2021-11-01.1691818,bl,1.63,15.982,>15.982,99.990,0.583,0.294,g
2459519.73133,2021-11-01.2311994,bH,1.61,16.173,>16.173,99.990,0.720,0.246,g
2459519.73261,2021-11-01.2324898,bH,1.51,16.109,>16.109,99.990,0.675,0.261,g
2459519.73390,2021-11-01.2337781,bH,1.49,16.101,>16.101,99.990,0.650,0.263,g
2459521.59459,2021-11-03.0945533,bH,1.43,16.085,>16.085,99.990,0.836,0.267,g
2459521.59590,2021-11-03.0958629,bH,1.36,16.226,>16.226,99.990,0.461,0.235,g
2459521.59721,2021-11-03.0971721,bH,1.39,16.166,>16.166,99.990,0.488,0.248,g
2459522.26051,2021-11-03.7604978,bp,1.59,15.947,>15.947,99.990,0.983,0.303,g
2459522.26181,2021-11-03.7618008,bp,1.67,16.217,>16.217,99.990,0.559,0.237,g
2459522.26309,2021-11-03.7630778,bp,1.65,16.183,>16.183,99.990,0.855,0.244,g
2459522.42468,2021-11-03.9246833,bp,1.57,16.292,>16.292,99.990,0.685,0.221,g
2459522.42618,2021-11-03.9261783,bp,1.60,16.209,>16.209,99.990,0.712,0.239,g
2459522.42745,2021-11-03.9274512,bp,1.55,16.275,>16.275,99.990,1.095,0.224,g
2459522.47360,2021-11-03.9735971,bp,1.52,16.100,>16.100,99.990,0.796,0.264,g
2459522.47499,2021-11-03.9749892,bp,1.53,16.175,>16.175,99.990,0.581,0.246,g
2459522.47626,2021-11-03.9762613,bp,1.60,16.337,>16.337,99.990,0.984,0.212,g
2459522.54901,2021-11-04.0490128,bp,1.54,16.096,>16.096,99.990,0.746,0.265,g
2459522.55027,2021-11-04.0502626,bp,1.52,16.263,>16.263,99.990,1.027,0.227,g
2459522.55151,2021-11-04.0515064,bp,1.54,16.159,>16.159,99.990,0.700,0.250,g
2459523.25707,2021-11-04.7571074,bp,2.02,16.068,>16.068,99.990,0.308,0.272,g
2459523.25832,2021-11-04.7583444,bp,2.03,16.129,>16.129,99.990,0.656,0.257,g
2459523.25954,2021-11-04.7595732,bp,2.03,16.085,>16.085,99.990,0.756,0.267,g
2459523.40960,2021-11-04.9096335,bp,1.52,16.243,>16.243,99.990,0.629,0.231,g
2459523.41084,2021-11-04.9108753,bp,1.55,16.168,>16.168,99.990,0.864,0.248,g
2459523.41208,2021-11-04.9121138,bp,1.54,16.268,>16.268,99.990,0.761,0.226,g
2459523.55917,2021-11-05.0592201,bl,1.60,15.582,>15.582,99.990,-0.365,0.425,g
2459523.56044,2021-11-05.0604783,bl,1.62,15.506,>15.506,99.990,-0.601,0.456,g
2459523.56169,2021-11-05.0617319,bl,1.57,15.628,>15.628,99.990,0.273,0.407,g
2459523.61947,2021-11-05.1195160,bH,1.46,15.796,>15.796,99.990,0.502,0.349,g
2459523.62076,2021-11-05.1208124,bH,1.45,15.904,>15.904,99.990,0.468,0.316,g
2459523.62206,2021-11-05.1221129,bH,1.44,16.060,>16.060,99.990,0.722,0.273,g
2459524.25522,2021-11-05.7552896,bp,1.71,15.915,>15.915,99.990,0.298,0.313,g
2459524.25655,2021-11-05.7566277,bp,1.65,15.993,>15.993,99.990,0.825,0.291,g
2459524.25781,2021-11-05.7578909,bp,1.81,16.023,>16.023,99.990,0.782,0.283,g
2459524.67444,2021-11-06.1745359,bH,1.43,16.084,>16.084,99.990,0.588,0.268,g
2459524.67576,2021-11-06.1758577,bH,1.42,16.225,>16.225,99.990,0.749,0.235,g
2459524.67707,2021-11-06.1771620,bH,1.44,16.254,>16.254,99.990,0.764,0.229,g
2459525.25227,2021-11-06.7523857,bp,2.13,15.712,>15.712,99.990,0.538,0.377,g
2459525.25349,2021-11-06.7536148,bp,2.16,15.785,>15.785,99.990,0.593,0.352,g
2459525.25475,2021-11-06.7548646,bp,2.47,16.061,>16.061,99.990,0.633,0.273,g
2459525.39496,2021-11-06.8950863,bp,1.50,16.177,>16.177,99.990,0.751,0.246,g
2459525.39621,2021-11-06.8963329,bp,1.56,16.260,>16.260,99.990,0.773,0.228,g
2459525.39744,2021-11-06.8975693,bp,1.55,16.171,>16.171,99.990,0.933,0.247,g
2459525.60297,2021-11-07.1030959,bH,1.41,16.184,>16.184,99.990,0.699,0.244,g
2459525.60425,2021-11-07.1043888,bH,1.39,16.170,>16.170,99.990,0.663,0.247,g
2459525.60555,2021-11-07.1056868,bH,1.43,16.048,>16.048,99.990,0.396,0.277,g
2459526.67704,2021-11-08.1772215,bl,1.48,16.101,>16.101,99.990,0.732,0.263,g
2459526.67831,2021-11-08.1784843,bl,1.49,16.244,>16.244,99.990,0.639,0.231,g
2459526.67954,2021-11-08.1797206,bl,1.55,16.092,>16.092,99.990,0.721,0.266,g
2459526.68996,2021-11-08.1901366,bH,1.46,16.118,>16.118,99.990,0.613,0.259,g
2459526.69125,2021-11-08.1914233,bH,1.45,16.199,>16.199,99.990,0.883,0.241,g
2459526.69253,2021-11-08.1927113,bH,1.46,16.173,>16.173,99.990,0.458,0.246,g
2459527.25224,2021-11-08.7524440,bp,1.60,15.638,>15.638,99.990,1.071,0.404,g
2459527.25349,2021-11-08.7536923,bp,1.69,15.863,>15.863,99.990,0.788,0.328,g
2459527.25473,2021-11-08.7549357,bp,1.64,15.815,>15.815,99.990,0.562,0.343,g
2459527.65378,2021-11-09.1540050,bl,1.48,16.126,>16.126,99.990,0.387,0.257,g
2459527.65503,2021-11-09.1552585,bl,1.48,16.197,>16.197,99.990,0.496,0.241,g
2459527.65629,2021-11-09.1565135,bl,1.45,16.145,>16.145,99.990,0.712,0.253,g
2459528.34106,2021-11-09.8413065,bp,1.51,16.155,>16.155,99.990,0.616,0.251,g
2459528.34229,2021-11-09.8425342,bp,1.49,16.226,>16.226,99.990,0.576,0.235,g
2459528.34353,2021-11-09.8437746,bp,1.50,16.169,>16.169,99.990,0.809,0.248,g
2459528.45397,2021-11-09.9542260,bp,1.53,16.171,>16.171,99.990,0.884,0.247,g
2459528.45520,2021-11-09.9554537,bp,1.56,16.256,>16.256,99.990,0.745,0.228,g
2459528.45643,2021-11-09.9566828,bp,1.62,16.192,>16.192,99.990,0.535,0.242,g
2459528.63268,2021-11-10.1329375,bH,1.39,16.080,>16.080,99.990,0.591,0.269,g
2459528.63398,2021-11-10.1342359,bH,1.37,16.102,>16.102,99.990,0.623,0.263,g
2459528.63527,2021-11-10.1355391,bH,1.41,16.079,>16.079,99.990,0.665,0.269,g
2459529.29170,2021-11-10.7919961,bp,1.55,15.758,>15.758,99.990,0.407,0.361,g
2459529.29294,2021-11-10.7932332,bp,1.50,15.572,>15.572,99.990,0.678,0.429,g
2459529.29419,2021-11-10.7944774,bp,1.50,16.050,>16.050,99.990,0.552,0.276,g
2459529.59210,2021-11-11.0924076,bl,1.46,16.015,>16.015,99.990,0.944,0.285,g
2459529.59334,2021-11-11.0936401,bl,1.49,16.045,>16.045,99.990,0.702,0.277,g
2459529.59456,2021-11-11.0948645,bl,1.49,16.048,>16.048,99.990,0.553,0.276,g
2459529.62282,2021-11-11.1231253,bl,1.50,15.939,>15.939,99.990,0.525,0.306,g
2459529.62407,2021-11-11.1243768,bl,1.53,15.940,>15.940,99.990,0.576,0.305,g
2459529.62531,2021-11-11.1256174,bl,1.50,15.902,>15.902,99.990,0.840,0.316,g
2459529.65395,2021-11-11.1542590,bl,1.45,16.123,>16.123,99.990,0.656,0.258,g
2459529.65519,2021-11-11.1555042,bl,1.48,16.043,>16.043,99.990,0.607,0.278,g
2459529.65644,2021-11-11.1567510,bl,1.48,15.960,>15.960,99.990,0.466,0.300,g
2459529.69967,2021-11-11.1999746,bH,1.49,16.119,>16.119,99.990,0.860,0.259,g
2459529.70097,2021-11-11.2012714,bH,1.42,16.086,>16.086,99.990,0.650,0.267,g
2459529.70225,2021-11-11.2025690,bH,1.45,16.090,>16.090,99.990,0.800,0.266,g
2459530.26066,2021-11-11.7609952,bp,2.14,15.786,>15.786,99.990,0.387,0.352,g
2459530.26190,2021-11-11.7622326,bp,2.12,15.821,>15.821,99.990,0.438,0.341,g
2459531.32279,2021-11-12.8231704,bp,1.50,16.055,>16.055,99.990,0.786,0.275,g
2459531.32405,2021-11-12.8244287,bp,1.56,16.013,>16.013,99.990,0.914,0.286,g
2459531.32529,2021-11-12.8256706,bp,1.51,15.982,>15.982,99.990,0.297,0.294,g
2459531.55731,2021-11-13.0576993,bH,1.45,16.039,>16.039,99.990,0.907,0.279,g
2459531.55860,2021-11-13.0589908,bH,1.42,16.044,>16.044,99.990,0.836,0.278,g
2459531.55990,2021-11-13.0602881,bH,1.45,15.972,>15.972,99.990,0.516,0.297,g
2459531.62070,2021-11-13.1210935,bH,1.44,15.886,>15.886,99.990,0.259,0.321,g
2459531.62197,2021-11-13.1223711,bH,1.45,16.084,>16.084,99.990,0.280,0.268,g
2459531.62328,2021-11-13.1236701,bH,1.47,15.914,>15.914,99.990,0.776,0.313,g
2459532.31482,2021-11-13.8152488,bp,1.67,16.132,>16.132,99.990,0.360,0.256,g
2459532.31607,2021-11-13.8164827,bp,1.62,16.160,>16.160,99.990,1.139,0.250,g
2459532.36390,2021-11-13.8643274,bp,1.59,15.781,>15.781,99.990,0.808,0.354,g
2459532.36514,2021-11-13.8655633,bp,1.48,15.748,>15.748,99.990,0.297,0.365,g
2459532.36638,2021-11-13.8668067,bp,1.51,15.828,>15.828,99.990,0.724,0.339,g
2459532.57350,2021-11-14.0739372,bH,1.43,16.151,>16.151,99.990,0.597,0.252,g
2459532.57480,2021-11-14.0752337,bH,1.43,15.911,>15.911,99.990,0.877,0.314,g
2459532.57609,2021-11-14.0765281,bH,1.41,16.088,>16.088,99.990,0.553,0.267,g
2459533.56647,2021-11-15.0669451,bl,1.47,15.851,>15.851,99.990,0.701,0.332,g
2459533.56770,2021-11-15.0681718,bl,1.48,15.789,>15.789,99.990,1.044,0.351,g
2459533.56894,2021-11-15.0694125,bl,1.48,15.771,>15.771,99.990,0.411,0.357,g
2459533.61608,2021-11-15.1165556,bl,1.48,15.904,>15.904,99.990,0.755,0.316,g
2459533.61731,2021-11-15.1177835,bl,1.49,15.739,>15.739,99.990,0.453,0.368,g
2459533.61855,2021-11-15.1190275,bl,1.49,15.785,>15.785,99.990,0.121,0.352,g
2459534.25920,2021-11-15.7597037,bp,1.82,14.903,>14.903,99.990,0.463,0.794,g
2459534.26048,2021-11-15.7609842,bp,1.69,15.282,>15.282,99.990,1.066,0.560,g
2459534.26183,2021-11-15.7623376,bp,1.74,15.362,>15.362,99.990,-0.115,0.520,g
2459535.45746,2021-11-16.9580178,bp,1.52,15.911,>15.911,99.990,1.087,0.314,g
2459535.45870,2021-11-16.9592572,bp,1.56,15.796,>15.796,99.990,0.208,0.349,g
2459535.45994,2021-11-16.9604968,bp,1.59,15.807,>15.807,99.990,0.593,0.345,g
2459535.61921,2021-11-17.1197726,bH,1.42,15.777,>15.777,99.990,1.178,0.355,g
2459535.62050,2021-11-17.1210584,bH,1.40,15.732,>15.732,99.990,0.470,0.370,g
2459535.62181,2021-11-17.1223711,bH,1.39,15.750,>15.750,99.990,0.354,0.364,g
2459537.28272,2021-11-18.7833563,bp,2.32,15.700,>15.700,99.990,0.668,0.381,g
2459537.28397,2021-11-18.7846038,bp,2.34,15.802,>15.802,99.990,-0.200,0.347,g
2459537.28526,2021-11-18.7858876,bp,2.32,15.761,>15.761,99.990,0.247,0.360,g
2459537.40932,2021-11-18.9099636,bp,1.50,15.739,>15.739,99.990,0.343,0.368,g
2459537.41056,2021-11-18.9112019,bp,1.56,15.620,>15.620,99.990,1.599,0.410,g
2459537.41181,2021-11-18.9124391,bp,1.49,15.713,>15.713,99.990,0.340,0.377,g
2459537.57899,2021-11-19.0796285,bH,1.49,15.692,>15.692,99.990,-0.591,0.384,g
2459537.58028,2021-11-19.0809182,bH,1.49,15.657,>15.657,99.990,1.197,0.397,g
2459537.58157,2021-11-19.0822160,bH,1.50,15.692,>15.692,99.990,0.191,0.384,g
2459539.27144,2021-11-20.7721579,bp,1.53,15.775,>15.775,99.990,0.761,0.356,g
2459539.27282,2021-11-20.7735357,bp,1.58,16.055,>16.055,99.990,0.890,0.275,g
2459539.27406,2021-11-20.7747789,bp,1.56,15.957,>15.957,99.990,0.454,0.301,g
2459539.62755,2021-11-21.1282796,bH,1.54,15.744,>15.744,99.990,0.850,0.366,g
2459539.62885,2021-11-21.1295785,bH,1.46,15.774,>15.774,99.990,0.854,0.356,g
2459539.63014,2021-11-21.1308684,bH,1.46,15.843,>15.843,99.990,0.824,0.334,g
2459540.72806,2021-11-22.2288442,bl,1.44,15.750,>15.750,99.990,-0.266,0.364,g
2459540.72929,2021-11-22.2300729,bl,1.43,15.678,>15.678,99.990,0.163,0.389,g
2459540.73055,2021-11-22.2313163,bl,1.45,15.713,>15.713,99.990,0.474,0.376,g
2459541.57254,2021-11-23.0733440,bl,1.57,15.850,>15.850,99.990,0.613,0.332,g
2459541.57377,2021-11-23.0745825,bl,1.58,15.629,>15.629,99.990,-0.183,0.407,g
2459541.57502,2021-11-23.0758255,bl,1.66,15.824,>15.824,99.990,-0.467,0.340,g
2459541.62974,2021-11-23.1305521,bl,1.47,14.400,>14.400,99.990,-0.208,1.262,g
2459541.63098,2021-11-23.1317929,bl,1.49,14.795,>14.795,99.990,-2.090,0.877,g
2459541.63225,2021-11-23.1330637,bl,1.53,14.761,>14.761,99.990,-0.598,0.905,g
2459541.73036,2021-11-23.2311795,bH,1.42,15.806,>15.806,99.990,0.544,0.346,g
2459541.73165,2021-11-23.2324739,bH,1.46,15.746,>15.746,99.990,0.327,0.365,g
2459541.73295,2021-11-23.2337622,bH,1.43,15.630,>15.630,99.990,0.395,0.406,g
2459542.26302,2021-11-23.7638570,bp,2.14,15.597,>15.597,99.990,1.219,0.419,g
2459542.26432,2021-11-23.7651555,bp,2.12,15.638,>15.638,99.990,0.060,0.403,g
2459542.26555,2021-11-23.7663878,bp,2.12,15.837,>15.837,99.990,-0.116,0.336,g
2459542.65784,2021-11-24.1586971,bl,1.52,15.910,>15.910,99.990,0.875,0.314,g
2459542.65909,2021-11-24.1599493,bl,1.47,16.002,>16.002,99.990,0.707,0.289,g
2459542.66032,2021-11-24.1611802,bl,1.49,15.885,>15.885,99.990,0.838,0.321,g
2459543.27525,2021-11-24.7761289,bp,2.47,16.092,>16.092,99.990,0.648,0.266,g
2459543.27658,2021-11-24.7774584,bp,2.49,16.097,>16.097,99.990,0.270,0.264,g
2459543.27802,2021-11-24.7788974,bp,2.48,16.051,>16.051,99.990,0.488,0.276,g
2459543.40921,2021-11-24.9101004,bp,1.52,16.204,>16.204,99.990,0.468,0.240,g
2459543.41045,2021-11-24.9113385,bp,1.57,16.140,>16.140,99.990,0.634,0.254,g
2459543.41179,2021-11-24.9126743,bp,1.71,16.155,>16.155,99.990,0.669,0.251,g
2459543.58253,2021-11-25.0834211,bH,1.46,16.166,>16.166,99.990,1.000,0.248,g
2459543.58383,2021-11-25.0847299,bH,1.47,16.175,>16.175,99.990,0.661,0.246,g
2459543.58514,2021-11-25.0860376,bH,1.46,16.084,>16.084,99.990,0.774,0.268,g
2459543.66666,2021-11-25.1675531,bl,1.49,16.137,>16.137,99.990,0.610,0.255,g
2459543.66790,2021-11-25.1687982,bl,1.49,16.064,>16.064,99.990,0.757,0.273,g
2459543.66913,2021-11-25.1700332,bl,1.45,16.144,>16.144,99.990,0.576,0.253,g
2459543.68583,2021-11-25.1867221,bH,1.41,15.955,>15.955,99.990,0.482,0.301,g
2459543.68711,2021-11-25.1880091,bH,1.36,15.939,>15.939,99.990,0.166,0.306,g
2459543.68841,2021-11-25.1893098,bH,1.39,16.197,>16.197,99.990,0.446,0.241,g
2459546.51516,2021-11-28.0161631,bH,1.85,15.553,>15.553,99.990,-0.681,0.436,g
2459546.51774,2021-11-28.0187476,bH,1.81,15.640,>15.640,99.990,0.423,0.403,g
2459547.64870,2021-11-29.1497625,bl,1.53,16.062,>16.062,99.990,0.551,0.273,g
2459547.64997,2021-11-29.1510184,bl,1.50,16.230,>16.230,99.990,0.541,0.234,g
2459547.65122,2021-11-29.1522693,bl,1.46,16.073,>16.073,99.990,0.581,0.270,g
2459547.68697,2021-11-29.1880255,bl,1.45,16.066,>16.066,99.990,0.731,0.272,g
2459547.68822,2021-11-29.1892803,bl,1.49,16.133,>16.133,99.990,0.706,0.256,g
2459547.68947,2021-11-29.1905336,bl,1.46,16.086,>16.086,99.990,0.521,0.267,g
2459548.27448,2021-11-29.7755609,bp,1.70,16.026,>16.026,99.990,0.809,0.282,g
2459548.27578,2021-11-29.7768530,bp,1.73,15.922,>15.922,99.990,0.506,0.311,g
2459548.27728,2021-11-29.7783563,bp,1.70,16.067,>16.067,99.990,0.872,0.272,g
2459548.38807,2021-11-29.8891451,bp,1.53,16.227,>16.227,99.990,0.985,0.235,g
2459548.38932,2021-11-29.8903962,bp,1.49,16.347,>16.347,99.990,0.840,0.210,g
2459548.39057,2021-11-29.8916510,bp,1.51,16.226,>16.226,99.990,0.818,0.235,g
2459548.57705,2021-11-30.0781364,bl,1.49,16.109,>16.109,99.990,0.550,0.262,g
2459548.57828,2021-11-30.0793641,bl,1.46,16.152,>16.152,99.990,0.875,0.251,g
2459548.57951,2021-11-30.0805968,bl,1.53,16.202,>16.202,99.990,0.568,0.240,g
2459549.39670,2021-11-30.8978241,bp,1.53,16.170,>16.170,99.990,0.796,0.247,g
2459549.39796,2021-11-30.8990752,bp,1.50,16.253,>16.253,99.990,0.546,0.229,g
2459549.39920,2021-11-30.9003182,bp,1.53,16.097,>16.097,99.990,1.105,0.265,g
2459549.40443,2021-11-30.9055466,bp,1.61,16.094,>16.094,99.990,0.548,0.265,g
2459549.40567,2021-11-30.9067895,bp,1.69,16.113,>16.113,99.990,0.700,0.260,g
2459549.40691,2021-11-30.9080313,bp,1.60,16.228,>16.228,99.990,0.566,0.234,g
2459549.57088,2021-12-01.0720001,bH,1.42,16.120,>16.120,99.990,0.910,0.259,g
2459549.57217,2021-12-01.0733024,bH,1.37,16.150,>16.150,99.990,0.848,0.252,g
2459549.57348,2021-12-01.0746121,bH,1.36,16.278,>16.278,99.990,1.036,0.224,g
2459550.27566,2021-12-01.7768145,bp,1.54,15.959,>15.959,99.990,0.642,0.300,g
2459550.27694,2021-12-01.7780952,bp,1.52,15.919,>15.919,99.990,0.338,0.311,g
2459550.27818,2021-12-01.7793416,bp,1.52,15.996,>15.996,99.990,0.415,0.290,g
2459550.37872,2021-12-01.8798790,bp,1.49,16.237,>16.237,99.990,0.656,0.232,g
2459550.37996,2021-12-01.8811208,bp,1.49,16.201,>16.201,99.990,0.552,0.240,g
2459550.38120,2021-12-01.8823581,bp,1.55,16.293,>16.293,99.990,0.596,0.221,g
2459550.47406,2021-12-01.9752269,bp,1.66,16.073,>16.073,99.990,0.811,0.270,g
2459550.47530,2021-12-01.9764696,bp,1.65,16.335,>16.335,99.990,0.770,0.212,g
2459550.59135,2021-12-02.0925165,bH,1.41,16.134,>16.134,99.990,0.637,0.256,g
2459550.59264,2021-12-02.0938159,bH,1.39,16.113,>16.113,99.990,0.495,0.261,g
2459550.59393,2021-12-02.0950967,bH,1.44,16.122,>16.122,99.990,0.639,0.258,g
2459551.52216,2021-12-03.0233594,bl,1.45,15.681,>15.681,99.990,0.403,0.388,g
2459551.52340,2021-12-03.0246002,bl,1.45,15.776,>15.776,99.990,-0.130,0.355,g
2459551.52464,2021-12-03.0258407,bl,1.45,15.834,>15.834,99.990,0.630,0.337,g
2459552.64875,2021-12-04.1499905,bH,1.41,16.116,>16.116,99.990,1.078,0.260,g
2459552.65004,2021-12-04.1512773,bH,1.41,16.120,>16.120,99.990,0.570,0.259,g
2459552.65134,2021-12-04.1525862,bH,1.43,16.173,>16.173,99.990,0.922,0.247,g
2459553.54655,2021-12-05.0478287,bl,1.47,16.121,>16.121,99.990,0.525,0.259,g
2459553.54779,2021-12-05.0490729,bl,1.42,16.142,>16.142,99.990,0.592,0.254,g
2459553.54903,2021-12-05.0503091,bl,1.47,16.054,>16.054,99.990,0.497,0.275,g
2459554.66865,2021-12-06.1699745,bl,1.48,16.005,>16.005,99.990,0.525,0.288,g
2459554.66989,2021-12-06.1712187,bl,1.46,15.889,>15.889,99.990,0.831,0.320,g
2459554.67115,2021-12-06.1724606,bl,1.43,16.182,>16.182,99.990,0.477,0.245,g
2459556.52114,2021-12-08.0225293,bH,1.65,15.597,>15.597,99.990,0.446,0.419,g
2459556.52244,2021-12-08.0238265,bH,1.62,15.691,>15.691,99.990,0.686,0.384,g
2459556.52372,2021-12-08.0251162,bH,1.67,15.812,>15.812,99.990,0.338,0.344,g
2459557.28371,2021-12-08.7851271,bp,2.01,16.132,>16.132,99.990,0.309,0.256,g
2459557.28497,2021-12-08.7863843,bp,1.78,15.959,14.586,0.062,5.318,0.301,g
2459557.28621,2021-12-08.7876321,bp,1.64,15.857,>15.857,99.990,0.704,0.330,g
2459557.53729,2021-12-09.0387184,bH,1.41,15.984,>15.984,99.990,0.639,0.294,g
2459557.53859,2021-12-09.0400138,bH,1.44,16.015,>16.015,99.990,0.683,0.285,g
2459557.53990,2021-12-09.0413187,bH,1.41,16.088,>16.088,99.990,0.793,0.267,g
2459558.28116,2021-12-09.7826137,bp,1.54,15.020,>15.020,99.990,0.508,0.713,g
2459558.28240,2021-12-09.7838475,bp,1.54,14.117,>14.117,99.990,2.754,1.640,g
2459558.28363,2021-12-09.7850730,bp,1.49,99.990,99.990,99.990,99.990,99.990,g
2459558.52203,2021-12-10.0234835,bH,1.55,15.598,>15.598,99.990,0.352,0.419,g
2459558.52332,2021-12-10.0247815,bH,1.43,15.761,>15.761,99.990,0.202,0.360,g
2459558.52462,2021-12-10.0260780,bH,1.45,15.754,>15.754,99.990,0.214,0.363,g
2459559.31017,2021-12-10.8116569,bp,1.67,16.138,>16.138,99.990,0.963,0.255,g
2459559.31144,2021-12-10.8129275,bp,1.60,16.043,>16.043,99.990,0.707,0.278,g
2459559.31269,2021-12-10.8141776,bp,1.68,16.107,>16.107,99.990,0.754,0.262,g
2459559.39006,2021-12-10.8915460,bp,1.52,16.163,>16.163,99.990,0.442,0.249,g
2459559.39131,2021-12-10.8927973,bp,1.58,16.037,>16.037,99.990,0.687,0.280,g
2459559.39255,2021-12-10.8940413,bp,1.54,16.124,>16.124,99.990,0.918,0.258,g
2459559.70863,2021-12-11.2101297,bH,1.56,16.124,>16.124,99.990,0.601,0.258,g
2459560.30597,2021-12-11.8074903,bp,1.54,15.942,>15.942,99.990,0.783,0.305,g
2459560.30723,2021-12-11.8087533,bp,1.46,16.117,>16.117,99.990,0.601,0.260,g
2459560.30847,2021-12-11.8099954,bp,1.53,16.042,>16.042,99.990,0.609,0.278,g
2459560.38369,2021-12-11.8852126,bp,1.53,15.965,>15.965,99.990,0.580,0.299,g
2459560.38493,2021-12-11.8864534,bp,1.60,16.124,>16.124,99.990,0.430,0.258,g
2459560.38617,2021-12-11.8876921,bp,1.55,16.136,>16.136,99.990,1.040,0.255,g
2459560.67634,2021-12-12.1778707,bH,1.44,15.942,>15.942,99.990,0.244,0.305,g
2459560.67763,2021-12-12.1791627,bH,1.48,15.960,>15.960,99.990,0.845,0.300,g
2459560.67890,2021-12-12.1804375,bH,1.46,16.022,>16.022,99.990,0.321,0.283,g
2459561.68393,2021-12-13.1854960,bH,1.50,15.781,>15.781,99.990,0.509,0.354,g
2459561.68523,2021-12-13.1867960,bH,1.47,16.006,>16.006,99.990,0.625,0.288,g
2459561.68651,2021-12-13.1880803,bH,1.5,15.917,>15.917,99.990,0.556,0.312,g
2459562.59361,2021-12-14.0952068,bH,1.50,16.233,>16.233,99.990,0.594,0.233,g
2459562.59492,2021-12-14.0965159,bH,1.49,15.926,>15.926,99.990,1.368,0.310,g
2459562.59622,2021-12-14.0978170,bH,1.50,16.055,>16.055,99.990,0.526,0.275,g
2459563.35775,2021-12-14.8593721,bp,1.58,15.838,>15.838,99.990,0.134,0.336,g
2459563.35900,2021-12-14.8606221,bp,1.57,15.915,>15.915,99.990,0.824,0.313,g
2459563.36023,2021-12-14.8618591,bp,1.54,15.890,>15.890,99.990,0.533,0.320,g
2459563.37296,2021-12-14.8745803,bp,1.50,15.895,>15.895,99.990,0.660,0.318,g
2459563.37421,2021-12-14.8758331,bp,1.52,16.072,>16.072,99.990,0.285,0.271,g
2459563.37545,2021-12-14.8770737,bp,1.54,15.886,>15.886,99.990,1.192,0.321,g
2459563.54339,2021-12-15.0450246,bl,1.48,15.822,>15.822,99.990,0.781,0.341,g
2459563.54463,2021-12-15.0462625,bl,1.46,15.811,>15.811,99.990,0.058,0.344,g
2459563.54590,2021-12-15.0475193,bl,1.46,16.032,>16.032,99.990,0.608,0.281,g
2459563.64603,2021-12-15.1476578,bH,1.47,15.778,>15.778,99.990,0.643,0.355,g
2459563.64732,2021-12-15.1489486,bH,1.42,15.818,>15.818,99.990,0.150,0.342,g
2459563.64864,2021-12-15.1502694,bH,1.48,15.906,>15.906,99.990,0.553,0.315,g
2459564.29910,2021-12-15.8007495,bp,1.57,14.884,>14.884,99.990,0.851,0.808,g
2459564.30033,2021-12-15.8019807,bp,1.57,15.647,>15.647,99.990,0.794,0.400,g
2459564.30156,2021-12-15.8032143,bp,1.47,15.899,>15.899,99.990,-0.069,0.317,g
2459564.39516,2021-12-15.8968064,bp,1.44,15.850,>15.850,99.990,0.384,0.332,g
2459564.39640,2021-12-15.8980479,bp,1.47,15.825,>15.825,99.990,0.356,0.340,g
2459564.39764,2021-12-15.8992895,bp,1.53,15.781,>15.781,99.990,0.845,0.354,g
2459564.55131,2021-12-16.0529693,bl,1.48,15.753,>15.753,99.990,0.627,0.363,g
2459564.55256,2021-12-16.0542238,bl,1.56,15.769,>15.769,99.990,0.924,0.358,g
2459564.55380,2021-12-16.0554626,bl,1.48,15.901,>15.901,99.990,0.474,0.317,g
2459565.66122,2021-12-17.1629097,bH,1.42,15.691,>15.691,99.990,0.226,0.384,g
2459565.66252,2021-12-17.1642197,bH,1.44,15.608,>15.608,99.990,-0.070,0.415,g
2459565.66382,2021-12-17.1655135,bH,1.45,15.699,>15.699,99.990,0.854,0.382,g
2459566.67437,2021-12-18.1760961,bH,1.39,15.682,>15.682,99.990,-0.566,0.388,g
2459566.67567,2021-12-18.1773953,bH,1.49,15.572,>15.572,99.990,0.461,0.429,g
2459566.67695,2021-12-18.1786826,bH,1.50,15.609,>15.609,99.990,0.014,0.414,g
2459567.65573,2021-12-19.1574980,bl,1.52,15.482,>15.482,99.990,0.932,0.466,g
2459567.65699,2021-12-19.1587409,bl,1.48,15.405,>15.405,99.990,1.096,0.500,g
2459567.65823,2021-12-19.1599832,bl,1.49,15.274,>15.274,99.990,-0.005,0.564,g
2459569.53808,2021-12-21.0398951,bl,1.59,15.942,>15.942,99.990,0.347,0.305,g
2459569.53933,2021-12-21.0411416,bl,1.55,15.864,>15.864,99.990,0.622,0.328,g
2459569.54057,2021-12-21.0423881,bl,1.65,16.052,>16.052,99.990,0.673,0.276,g
2459569.61781,2021-12-21.1196331,bl,1.53,15.312,>15.312,99.990,-0.050,0.545,g
2459569.61906,2021-12-21.1208737,bl,1.54,15.178,>15.178,99.990,1.254,0.616,g
2459569.62031,2021-12-21.1221223,bl,1.71,99.990,99.990,99.990,99.990,99.990,g
2459570.30837,2021-12-21.8102097,bp,1.66,14.218,>14.218,99.990,0.889,1.492,g
2459570.30961,2021-12-21.8114521,bp,1.64,14.361,>14.361,99.990,-0.035,1.308,g
2459570.31086,2021-12-21.8126987,bp,1.59,15.066,>15.066,99.990,1.247,0.683,g
2459570.52802,2021-12-22.0298711,bl,2.06,15.414,>15.414,99.990,0.224,0.496,g
2459570.52927,2021-12-22.0311109,bl,2.03,15.624,>15.624,99.990,0.060,0.409,g
2459570.53051,2021-12-22.0323545,bl,2.08,15.542,>15.542,99.990,-0.092,0.441,g
2459570.59916,2021-12-22.1010155,bl,1.48,15.877,>15.877,99.990,0.659,0.324,g
2459570.60042,2021-12-22.1022609,bl,1.46,15.792,>15.792,99.990,0.367,0.350,g
2459570.60167,2021-12-22.1035109,bl,1.47,15.880,>15.880,99.990,0.537,0.323,g
2459573.54703,2021-12-25.0489609,bl,1.49,15.959,>15.959,99.990,0.397,0.300,g
2459573.54827,2021-12-25.0501966,bl,1.44,16.095,>16.095,99.990,0.386,0.265,g
2459573.54951,2021-12-25.0514396,bl,1.48,16.099,>16.099,99.990,0.847,0.264,g
2459573.60802,2021-12-25.1099541,bl,1.40,16.026,>16.026,99.990,0.916,0.282,g
2459573.60927,2021-12-25.1112032,bl,1.45,16.055,>16.055,99.990,0.478,0.275,g
2459573.61051,2021-12-25.1124438,bl,1.44,16.008,>16.008,99.990,0.612,0.287,g
2459574.53565,2021-12-26.0376094,bl,1.59,15.854,>15.854,99.990,0.801,0.331,g
2459574.53689,2021-12-26.0388474,bl,1.58,15.587,>15.587,99.990,-0.140,0.423,g
2459574.53815,2021-12-26.0400986,bl,1.56,15.423,>15.423,99.990,0.543,0.492,g
2459577.61611,2021-12-29.1181424,bl,1.43,16.132,>16.132,99.990,0.824,0.256,g
2459577.61735,2021-12-29.1193807,bl,1.48,16.107,>16.107,99.990,0.643,0.262,g
2459577.61859,2021-12-29.1206259,bl,1.43,15.917,>15.917,99.990,0.557,0.312,g
2459579.35200,2021-12-30.8540790,bp,1.59,16.249,>16.249,99.990,0.579,0.230,g
2459579.35324,2021-12-30.8553230,bp,1.52,16.201,>16.201,99.990,0.759,0.240,g
2459579.35451,2021-12-30.8565883,bp,1.44,16.257,>16.257,99.990,0.551,0.228,g
2459580.28438,2021-12-31.7864839,bp,2.14,15.774,>15.774,99.990,0.186,0.356,g
2459580.28604,2021-12-31.7881402,bp,2.12,15.949,>15.949,99.990,0.392,0.303,g
2459580.28729,2021-12-31.7893843,bp,2.08,15.868,>15.868,99.990,0.281,0.327,g
2459581.28882,2022-01-01.7909388,bp,1.66,15.930,>15.930,99.990,0.664,0.308,g
2459581.29027,2022-01-01.7923881,bp,1.76,16.001,>16.001,99.990,0.285,0.289,g
2459581.29225,2022-01-01.7943729,bp,1.71,16.062,>16.062,99.990,0.904,0.273,g
2459581.63233,2022-01-02.1344604,bH,1.39,16.107,>16.107,99.990,0.593,0.262,g
2459581.63362,2022-01-02.1357438,bH,1.43,16.044,>16.044,99.990,0.570,0.278,g
2459581.63492,2022-01-02.1370443,bH,1.42,16.316,>16.316,99.990,0.604,0.216,g
2459583.55477,2022-01-04.0569355,bH,2.38,16.231,>16.231,99.990,0.720,0.234,g
2459583.55608,2022-01-04.0582465,bH,2.36,16.067,>16.067,99.990,0.815,0.272,g
2459583.55737,2022-01-04.0595432,bH,2.38,16.095,>16.095,99.990,0.494,0.265,g
2459584.29361,2022-01-04.7957861,bp,1.57,16.176,>16.176,99.990,0.654,0.246,g
2459584.29625,2022-01-04.7984332,bp,1.59,16.294,>16.294,99.990,0.521,0.221,g
2459585.34929,2022-01-05.8514982,bp,1.63,16.126,>16.126,99.990,0.759,0.257,g
2459585.35057,2022-01-05.8527820,bp,1.65,16.183,>16.183,99.990,0.885,0.244,g
2459585.35182,2022-01-05.8540229,bp,1.64,16.219,>16.219,99.990,0.682,0.236,g
2459585.63408,2022-01-06.1362859,bH,1.35,16.205,>16.205,99.990,0.878,0.239,g
2459585.63538,2022-01-06.1375895,bH,1.37,16.188,>16.188,99.990,0.811,0.243,g
2459585.63668,2022-01-06.1388861,bH,1.44,16.228,>16.228,99.990,0.433,0.234,g
2459586.29436,2022-01-06.7965734,bp,1.63,16.192,>16.192,99.990,0.959,0.242,g
2459586.29560,2022-01-06.7978143,bp,1.62,16.123,>16.123,99.990,0.605,0.258,g
2459586.29686,2022-01-06.7990785,bp,1.61,16.150,>16.150,99.990,0.627,0.252,g
2459587.30758,2022-01-07.8098181,bp,2.41,16.058,>16.058,99.990,0.375,0.274,g
2459587.30883,2022-01-07.8110739,bp,2.47,16.223,>16.223,99.990,0.313,0.235,g
2459587.31007,2022-01-07.8123121,bp,2.46,15.970,>15.970,99.990,0.708,0.297,g
2459587.52962,2022-01-08.0318618,bH,1.53,15.421,>15.421,99.990,0.387,0.493,g
2459587.53093,2022-01-08.0331673,bH,1.55,15.618,>15.618,99.990,0.748,0.411,g
2459587.53223,2022-01-08.0344666,bH,1.51,15.642,>15.642,99.990,0.166,0.402,g
2459588.54511,2022-01-09.0473762,bH,1.76,15.927,>15.927,99.990,0.647,0.309,g
2459588.54642,2022-01-09.0486797,bH,1.71,16.110,>16.110,99.990,0.596,0.261,g
2459588.54771,2022-01-09.0499736,bH,1.67,16.020,>16.020,99.990,0.661,0.284,g
2459589.54086,2022-01-10.0431370,bl,1.77,15.839,>15.839,99.990,0.713,0.335,g
2459589.54210,2022-01-10.0443752,bl,1.78,15.814,>15.814,99.990,0.843,0.343,g
2459589.54334,2022-01-10.0456192,bl,1.68,15.929,>15.929,99.990,0.167,0.309,g
2459591.29828,2022-01-11.8005822,bp,1.51,15.954,>15.954,99.990,0.750,0.301,g
2459591.29960,2022-01-11.8019072,bp,1.57,15.996,>15.996,99.990,0.253,0.290,g
2459591.30100,2022-01-11.8033091,bp,1.57,15.914,>15.914,99.990,1.009,0.313,g
2459592.57452,2022-01-13.0768425,bH,1.41,15.816,>15.816,99.990,0.559,0.342,g
2459592.57582,2022-01-13.0781405,bH,1.42,15.729,>15.729,99.990,0.675,0.371,g
2459592.57709,2022-01-13.0794153,bH,1.37,15.802,>15.802,99.990,0.351,0.347,g
2459593.29255,2022-01-13.7948915,bp,1.69,15.775,>15.775,99.990,0.436,0.356,g
2459593.29380,2022-01-13.7961387,bp,1.67,15.817,>15.817,99.990,0.417,0.342,g
2459593.29503,2022-01-13.7973760,bp,1.66,15.872,>15.872,99.990,1.115,0.325,g
2459593.58187,2022-01-14.0842089,bH,1.41,15.550,>15.550,99.990,0.070,0.438,g
2459593.58314,2022-01-14.0854900,bH,1.4,15.563,>15.563,99.990,0.960,0.433,g
2459593.58444,2022-01-14.0867777,bH,1.46,15.592,>15.592,99.990,0.144,0.421,g
2459595.53038,2022-01-16.0327438,bH,1.47,15.257,>15.257,99.990,0.799,0.573,g
2459595.53168,2022-01-16.0340396,bH,1.49,15.309,>15.309,99.990,1.662,0.546,g
2459595.53296,2022-01-16.0353281,bH,1.46,15.497,>15.497,99.990,0.909,0.459,g
2459596.30039,2022-01-16.8027625,bp,1.50,15.587,>15.587,99.990,0.383,0.423,g
2459596.30163,2022-01-16.8040124,bp,1.49,15.694,>15.694,99.990,0.702,0.383,g
2459596.30287,2022-01-16.8052424,bp,1.50,15.739,>15.739,99.990,0.711,0.368,g
2459597.52857,2022-01-18.0309593,bl,2.01,99.990,99.990,99.990,99.990,99.990,g
2459597.52982,2022-01-18.0322115,bl,1.57,14.686,>14.686,99.990,0.050,0.970,g
2459597.53107,2022-01-18.0334615,bl,1.43,15.258,>15.258,99.990,1.679,0.573,g
2459597.59882,2022-01-18.1012126,bH,1.49,15.167,>15.167,99.990,1.138,0.623,g
2459597.60012,2022-01-18.1025090,bH,1.43,15.268,>15.268,99.990,-0.181,0.567,g
2459597.60142,2022-01-18.1038041,bH,1.39,15.577,>15.577,99.990,-0.551,0.427,g
2459598.27753,2022-01-18.7799228,bp,1.57,15.405,>15.405,99.990,0.478,0.500,g
2459598.27877,2022-01-18.7811621,bp,1.58,15.526,>15.526,99.990,0.521,0.447,g
2459598.28000,2022-01-18.7824006,bp,1.56,15.638,>15.638,99.990,0.748,0.403,g
2459600.33365,2022-01-20.8360643,bp,1.54,16.102,>16.102,99.990,0.633,0.263,g
2459600.33488,2022-01-20.8372920,bp,1.48,15.990,>15.990,99.990,1.056,0.292,g
2459600.33613,2022-01-20.8385410,bp,1.53,16.106,>16.106,99.990,0.710,0.262,g
2459600.58416,2022-01-21.0865797,bH,1.83,15.978,>15.978,99.990,0.543,0.295,g
2459600.58544,2022-01-21.0878554,bH,1.90,15.913,>15.913,99.990,0.611,0.313,g
2459600.58673,2022-01-21.0891414,bH,1.85,15.960,>15.960,99.990,0.684,0.300,g
2459601.28814,2022-01-21.7905608,bp,2.03,15.279,>15.279,99.990,-0.217,0.562,g
2459601.28937,2022-01-21.7917958,bp,2.11,15.350,>15.350,99.990,0.027,0.526,g
2459601.29061,2022-01-21.7930318,bp,2.02,14.369,>14.369,99.990,-1.365,1.299,g
2459602.29768,2022-01-22.8001121,bp,1.60,16.239,>16.239,99.990,0.673,0.232,g
2459602.29892,2022-01-22.8013515,bp,1.62,16.035,>16.035,99.990,0.648,0.280,g
2459602.30016,2022-01-22.8025931,bp,1.61,16.177,>16.177,99.990,0.599,0.246,g
2459602.54626,2022-01-23.0486997,bH,2.19,16.036,>16.036,99.990,0.618,0.280,g
2459602.54756,2022-01-23.0499908,bH,2.20,16.077,>16.077,99.990,0.817,0.269,g
2459602.54886,2022-01-23.0512876,bH,2.19,16.037,>16.037,99.990,0.801,0.279,g
2459603.58729,2022-01-24.0897373,bH,1.42,16.188,>16.188,99.990,0.584,0.243,g
2459604.29090,2022-01-24.7933506,bp,1.52,15.964,>15.964,99.990,0.968,0.299,g
2459604.29214,2022-01-24.7945936,bp,1.51,15.888,>15.888,99.990,0.984,0.321,g
2459604.29338,2022-01-24.7958271,bp,1.60,14.981,>14.981,99.990,-1.540,0.739,g
2459604.54520,2022-01-25.0476487,bH,1.43,16.046,>16.046,99.990,0.631,0.277,g
2459604.54649,2022-01-25.0489388,bH,1.41,16.074,>16.074,99.990,0.801,0.270,g
2459604.54780,2022-01-25.0502481,bH,1.41,16.084,>16.084,99.990,0.945,0.268,g
2459605.28626,2022-01-25.7887171,bp,1.63,16.041,>16.041,99.990,0.528,0.278,g
2459605.28752,2022-01-25.7899671,bp,1.53,15.943,>15.943,99.990,0.057,0.305,g
2459605.28884,2022-01-25.7912853,bp,1.56,16.099,>16.099,99.990,0.713,0.264,g
2459605.53297,2022-01-26.0354287,bl,1.52,15.817,>15.817,99.990,0.540,0.342,g
2459605.53421,2022-01-26.0366681,bl,1.45,15.923,>15.923,99.990,0.552,0.310,g
2459605.53547,2022-01-26.0379196,bl,1.54,15.950,>15.950,99.990,0.774,0.303,g
2459606.53310,2022-01-27.0355637,bl,2.15,15.845,>15.845,99.990,0.352,0.334,g
2459606.53436,2022-01-27.0368089,bl,2.17,15.927,>15.927,99.990,0.801,0.309,g
2459606.53558,2022-01-27.0380399,bl,2.15,15.920,>15.920,99.990,0.699,0.311,g
2459607.27914,2022-01-27.7815986,bp,1.53,15.666,>15.666,99.990,0.567,0.393,g
2459607.28065,2022-01-27.7831068,bp,1.56,15.834,>15.834,99.990,0.550,0.337,g
2459607.28203,2022-01-27.7844888,bp,1.59,16.205,>16.205,99.990,0.646,0.239,g
2459608.30120,2022-01-28.8036571,bp,1.54,16.298,>16.298,99.990,0.677,0.220,g
2459608.30246,2022-01-28.8049233,bp,1.50,16.253,>16.253,99.990,0.953,0.229,g
2459608.30371,2022-01-28.8061712,bp,1.54,16.156,>16.156,99.990,0.724,0.250,g
2459608.57321,2022-01-29.0756719,bH,1.69,16.180,>16.180,99.990,0.767,0.245,g
2459608.57451,2022-01-29.0769684,bH,1.66,15.988,>15.988,99.990,0.502,0.292,g
2459609.28429,2022-01-29.7867640,bp,1.60,16.111,>16.111,99.990,0.642,0.261,g
2459609.28554,2022-01-29.7880038,bp,1.60,15.939,>15.939,99.990,0.524,0.306,g
2459609.28678,2022-01-29.7892434,bp,1.61,16.034,>16.034,99.990,0.534,0.280,g
2459610.52440,2022-01-31.0268614,bH,1.84,15.529,>15.529,99.990,0.024,0.446,g
2459610.52569,2022-01-31.0281464,bH,1.68,15.624,>15.624,99.990,1.253,0.409,g
2459616.30658,2022-02-05.8090347,bp,1.55,16.195,>16.195,99.990,0.739,0.242,g
2459616.54293,2022-02-06.0453922,bH,1.49,16.173,>16.173,99.990,0.679,0.247,g
2459616.54422,2022-02-06.0466813,bH,1.5,16.147,>16.147,99.990,0.759,0.253,g
2459616.54553,2022-02-06.0479888,bH,1.50,16.134,>16.134,99.990,0.352,0.256,g
2459617.29092,2022-02-06.7933776,bp,1.46,15.973,>15.973,99.990,1.131,0.296,g
2459617.29216,2022-02-06.7946221,bp,1.52,16.134,>16.134,99.990,0.817,0.255,g
2459617.29342,2022-02-06.7958687,bp,1.48,16.115,>16.115,99.990,0.927,0.260,g
2459619.29161,2022-02-08.7940559,bp,1.52,15.547,>15.547,99.990,0.603,0.439,g
2459619.29289,2022-02-08.7953364,bp,1.53,15.494,>15.494,99.990,0.903,0.461,g
2459619.29416,2022-02-08.7966078,bp,1.57,15.678,>15.678,99.990,0.452,0.389,g
2459619.53323,2022-02-09.0356756,bH,1.61,15.984,>15.984,99.990,0.340,0.293,g
2459619.53451,2022-02-09.0369611,bH,1.51,16.106,>16.106,99.990,0.647,0.262,g
2459619.53581,2022-02-09.0382569,bH,1.46,15.913,>15.913,99.990,0.686,0.313,g
2459620.26583,2022-02-09.7682686,bp,2.17,15.394,>15.394,99.990,-0.162,0.505,g
2459620.26833,2022-02-09.7707658,bp,2.12,15.532,>15.532,99.990,0.890,0.445,g
2459621.28412,2022-02-10.7865582,bp,2.17,15.981,>15.981,99.990,0.494,0.294,g
2459621.28536,2022-02-10.7877988,bp,1.63,15.925,>15.925,99.990,0.549,0.310,g
2459621.28663,2022-02-10.7890628,bp,1.63,15.916,>15.916,99.990,0.838,0.312,g
2459622.29043,2022-02-11.7928559,bp,2.26,15.828,>15.828,99.990,0.860,0.339,g
2459622.53438,2022-02-12.0368055,bH,1.42,15.813,>15.813,99.990,0.691,0.343,g
2459622.53567,2022-02-12.0380884,bH,1.38,15.891,>15.891,99.990,0.189,0.320,g
2459624.27741,2022-02-13.7798111,bp,2.08,15.666,>15.666,99.990,0.177,0.393,g
2459624.27865,2022-02-13.7810601,bp,2.09,15.549,>15.549,99.990,0.168,0.438,g
2459624.27989,2022-02-13.7823017,bp,2.06,15.498,>15.498,99.990,-0.229,0.459,g
2459626.52487,2022-02-16.0272478,bH,1.54,15.425,>15.425,99.990,0.843,0.491,g
2459627.27213,2022-02-16.7745083,bp,1.54,15.531,>15.531,99.990,-0.047,0.445,g
2459627.27337,2022-02-16.7757498,bp,1.60,15.610,>15.610,99.990,0.293,0.414,g
2459627.27461,2022-02-16.7769892,bp,1.63,15.617,>15.617,99.990,1.040,0.411,g
2459628.26481,2022-02-17.7671789,bp,2.10,15.620,>15.620,99.990,0.941,0.410,g
2459628.26606,2022-02-17.7684207,bp,1.69,15.869,>15.869,99.990,0.580,0.326,g
2459628.51941,2022-02-18.0217701,bH,1.44,15.868,>15.868,99.990,0.329,0.327,g
2459629.26175,2022-02-18.7640964,bp,2.48,15.619,>15.619,99.990,0.804,0.411,g
2459629.26299,2022-02-18.7653407,bp,2.46,15.826,>15.826,99.990,0.167,0.339,g
2459629.26424,2022-02-18.7665873,bp,2.42,15.568,>15.568,99.990,0.626,0.431,g
2459630.25826,2022-02-19.7606018,bp,2.10,15.200,>15.200,99.990,1.180,0.604,g
2459630.25974,2022-02-19.7620850,bp,2.07,15.419,>15.419,99.990,-0.991,0.494,g
2459631.26372,2022-02-20.7660445,bp,2.30,15.668,>15.668,99.990,0.705,0.392,g
2459632.25663,2022-02-21.7589457,bp,2.15,15.411,>15.411,99.990,0.721,0.497,g
2459632.25787,2022-02-21.7601804,bp,2.13,15.454,>15.454,99.990,-0.142,0.478,g
2459632.25911,2022-02-21.7614223,bp,2.08,15.553,>15.553,99.990,0.993,0.436,g
2459702.92657,2022-05-03.4265306,bH,1.99,16.201,>16.201,99.990,0.815,0.240,g
2459702.92786,2022-05-03.4278173,bH,2.02,15.907,>15.907,99.990,0.797,0.315,g
2459702.92915,2022-05-03.4291042,bH,2.03,15.770,>15.770,99.990,0.811,0.357,g
2459703.92556,2022-05-04.4254803,bl,1.70,15.752,>15.752,99.990,0.477,0.363,g
2459703.92681,2022-05-04.4267241,bl,1.51,16.002,>16.002,99.990,0.886,0.289,g
2459703.92806,2022-05-04.4279753,bl,1.61,15.762,>15.762,99.990,0.171,0.360,g
2459704.92511,2022-05-05.4249780,bl,1.56,15.986,>15.986,99.990,0.559,0.293,g
2459704.92636,2022-05-05.4262358,bl,1.49,16.009,>16.009,99.990,0.336,0.287,g
2459704.92761,2022-05-05.4274843,bl,1.52,15.848,>15.848,99.990,0.273,0.333,g
2459705.92114,2022-05-06.4209717,bH,1.73,99.990,99.990,99.990,99.990,99.990,g
2459705.92243,2022-05-06.4222571,bH,1.62,99.990,99.990,99.990,99.990,99.990,g
2459705.92371,2022-05-06.4235474,bH,1.68,14.971,>14.971,99.990,0.245,0.746,g
2459706.91677,2022-05-07.4165644,bH,1.41,16.204,>16.204,99.990,0.408,0.240,g
2459706.91808,2022-05-07.4178751,bH,1.47,16.319,>16.319,99.990,0.605,0.215,g
2459706.91936,2022-05-07.4191524,bH,1.47,16.270,>16.270,99.990,0.569,0.225,g
2459708.66986,2022-05-09.1695734,bp,1.55,16.122,>16.122,99.990,0.716,0.258,g
2459708.67110,2022-05-09.1708119,bp,1.51,16.160,>16.160,99.990,0.584,0.250,g
2459708.67235,2022-05-09.1720656,bp,1.57,16.128,>16.128,99.990,0.288,0.257,g
2459723.62305,2022-05-24.1221444,bp,1.54,16.134,>16.134,99.990,0.887,0.256,g
2459724.62116,2022-05-25.1202256,bp,1.58,16.075,>16.075,99.990,0.689,0.270,g
2459724.62240,2022-05-25.1214626,bp,1.67,16.227,>16.227,99.990,0.592,0.235,g
2459724.62364,2022-05-25.1227010,bp,1.65,16.016,>16.016,99.990,0.817,0.285,g
2459724.91851,2022-05-25.4175535,bl,1.47,15.633,>15.633,99.990,0.794,0.405,g
2459724.91978,2022-05-25.4188328,bl,1.49,15.592,>15.592,99.990,0.397,0.421,g
2459724.92102,2022-05-25.4200746,bl,1.51,15.550,>15.550,99.990,0.322,0.437,g
2459725.63316,2022-05-26.1321851,bp,1.52,16.158,>16.158,99.990,0.692,0.250,g
2459725.63441,2022-05-26.1334282,bp,1.50,16.196,>16.196,99.990,0.748,0.241,g
2459725.65931,2022-05-26.1583306,bp,1.51,16.063,>16.063,99.990,0.642,0.273,g
2459725.93757,2022-05-26.4365716,bl,1.48,15.486,>15.486,99.990,0.695,0.464,g
2459725.93882,2022-05-26.4378247,bl,-99,99.990,99.990,99.990,99.990,99.990,g
2459725.94007,2022-05-26.4390768,bl,1.51,15.663,>15.663,99.990,0.517,0.394,g
2459726.63301,2022-05-27.1319902,bp,1.53,16.195,>16.195,99.990,0.791,0.242,g
2459727.62919,2022-05-28.1281267,bp,1.58,16.105,>16.105,99.990,0.986,0.263,g
2459727.63055,2022-05-28.1294856,bp,1.59,16.069,>16.069,99.990,0.691,0.271,g
2459727.63230,2022-05-28.1312335,bp,1.59,16.167,>16.167,99.990,0.570,0.248,g
2459727.92725,2022-05-28.4261815,bH,1.45,16.140,>16.140,99.990,0.773,0.254,g
2459727.92854,2022-05-28.4274653,bH,1.45,16.325,>16.325,99.990,0.792,0.214,g
2459727.92982,2022-05-28.4287518,bH,1.42,16.178,>16.178,99.990,0.317,0.245,g
2459731.62532,2022-06-01.1241052,bp,1.56,16.158,>16.158,99.990,0.644,0.250,g
2459731.62657,2022-06-01.1253597,bp,1.54,16.153,>16.153,99.990,0.494,0.251,g
2459733.61327,2022-06-03.1119898,bp,1.57,16.080,>16.080,99.990,0.549,0.268,g
2459733.61453,2022-06-03.1132549,bp,1.56,16.093,>16.093,99.990,0.678,0.265,g
2459733.61582,2022-06-03.1145399,bp,1.52,16.273,>16.273,99.990,0.795,0.225,g
2459735.60545,2022-06-05.1041037,bp,1.58,15.844,>15.844,99.990,0.505,0.334,g
2459735.60671,2022-06-05.1053490,bp,1.54,15.923,>15.923,99.990,0.173,0.310,g
2459735.60795,2022-06-05.1065883,bp,1.52,16.174,>16.174,99.990,0.706,0.246,g
2459736.60538,2022-06-06.1039957,bp,1.53,16.154,>16.154,99.990,0.677,0.251,g
2459736.60662,2022-06-06.1052277,bp,1.54,16.161,>16.161,99.990,0.368,0.249,g
2459736.60787,2022-06-06.1064821,bp,1.60,16.209,>16.209,99.990,0.590,0.238,g
2459737.85082,2022-06-07.3493854,bH,1.40,16.186,>16.186,99.990,0.878,0.244,g
2459737.85212,2022-06-07.3506847,bH,1.46,16.146,>16.146,99.990,0.601,0.253,g
2459737.85342,2022-06-07.3519843,bH,1.43,16.228,>16.228,99.990,0.521,0.234,g
2459738.85551,2022-06-08.3540362,bH,1.66,15.346,>15.346,99.990,-0.245,0.528,g
2459738.85679,2022-06-08.3553101,bH,1.66,15.991,>15.991,99.990,0.799,0.292,g
2459738.85808,2022-06-08.3566041,bH,1.6,16.027,>16.027,99.990,0.473,0.282,g
2459739.85147,2022-06-09.3499649,bH,1.54,16.280,>16.280,99.990,0.679,0.223,g
2459739.85276,2022-06-09.3512523,bH,1.56,16.288,>16.288,99.990,0.637,0.222,g
2459739.85405,2022-06-09.3525406,bH,1.55,16.251,>16.251,99.990,0.480,0.230,g
2459740.59407,2022-06-10.0925478,bp,1.50,16.260,>16.260,99.990,1.115,0.228,g
2459740.59533,2022-06-10.0937906,bp,1.50,16.365,>16.365,99.990,0.659,0.207,g
2459740.59657,2022-06-10.0950394,bp,1.48,16.268,>16.268,99.990,0.589,0.226,g
2459740.84760,2022-06-10.3460538,bH,1.82,15.919,>15.919,99.990,-0.117,0.312,g
2459740.84889,2022-06-10.3473552,bH,1.84,16.081,>16.081,99.990,0.485,0.268,g
2459740.85017,2022-06-10.3486385,bH,1.80,16.077,>16.077,99.990,0.515,0.269,g
2459741.84380,2022-06-11.3422236,bH,1.37,16.341,>16.341,99.990,0.848,0.211,g
2459741.84510,2022-06-11.3435239,bH,1.37,16.228,>16.228,99.990,0.739,0.234,g
2459741.84640,2022-06-11.3448232,bH,1.46,16.216,>16.216,99.990,0.440,0.237,g
2459745.82290,2022-06-15.3212006,bl,1.56,15.405,>15.405,99.990,0.218,0.500,g
2459745.82416,2022-06-15.3224564,bl,1.63,15.412,>15.412,99.990,1.079,0.497,g
2459745.82539,2022-06-15.3236865,bl,1.49,15.490,>15.490,99.990,0.578,0.463,g
2459746.82830,2022-06-16.3265680,bl,1.47,15.507,>15.507,99.990,-0.233,0.455,g
2459746.82954,2022-06-16.3278108,bl,1.55,15.481,>15.481,99.990,-0.034,0.466,g
2459746.83079,2022-06-16.3290608,bl,1.58,15.425,>15.425,99.990,0.540,0.491,g
2459747.58469,2022-06-17.0829328,bp,1.60,15.601,>15.601,99.990,0.087,0.417,g
2459747.82616,2022-06-17.3243931,bH,1.51,15.772,>15.772,99.990,0.164,0.357,g
2459747.82747,2022-06-17.3257008,bH,1.63,15.840,>15.840,99.990,0.544,0.335,g
2459747.82876,2022-06-17.3269983,bH,1.55,15.816,>15.816,99.990,0.308,0.343,g
2459748.92691,2022-06-18.4251096,bH,2.14,99.990,99.990,99.990,99.990,99.990,g
2459749.81059,2022-06-19.3087739,bH,1.47,16.045,>16.045,99.990,0.661,0.277,g
2459749.81189,2022-06-19.3100704,bH,1.45,16.015,>16.015,99.990,-0.065,0.285,g
2459749.81319,2022-06-19.3113721,bH,1.41,16.145,>16.145,99.990,0.147,0.253,g
2459750.84312,2022-06-20.3412715,bH,1.70,15.531,>15.531,99.990,0.491,0.445,g
2459750.84442,2022-06-20.3425611,bH,1.60,15.692,>15.692,99.990,0.395,0.384,g
2459750.84570,2022-06-20.3438467,bH,1.71,15.751,>15.751,99.990,0.909,0.364,g
2459751.79823,2022-06-21.2963537,bH,1.43,16.064,>16.064,99.990,0.869,0.273,g
2459751.79952,2022-06-21.2976480,bH,1.46,16.042,>16.042,99.990,0.631,0.278,g
2459751.80082,2022-06-21.2989444,bH,1.39,15.606,>15.606,99.990,1.065,0.416,g
2459755.55471,2022-06-25.0527260,bp,2.26,16.188,>16.188,99.990,0.465,0.243,g
2459755.55595,2022-06-25.0539704,bp,2.23,16.158,>16.158,99.990,0.374,0.250,g
2459755.55718,2022-06-25.0552015,bp,2.26,16.317,>16.317,99.990,0.571,0.216,g
2459756.54946,2022-06-26.0474498,bp,1.50,16.239,>16.239,99.990,0.915,0.232,g
2459756.55070,2022-06-26.0486907,bp,1.53,16.173,>16.173,99.990,0.728,0.246,g
2459756.55194,2022-06-26.0499317,bp,1.55,16.252,>16.252,99.990,0.672,0.229,g
2459756.91803,2022-06-26.4160028,bH,1.73,15.072,>15.072,99.990,-0.690,0.680,g
2459756.91932,2022-06-26.4173039,bH,1.76,15.354,>15.354,99.990,0.412,0.524,g
2459756.92062,2022-06-26.4186046,bH,1.81,14.538,>14.538,99.990,0.583,1.111,g
2459757.53226,2022-06-27.0302307,bp,1.53,16.052,>16.052,99.990,0.766,0.276,g
2459757.53350,2022-06-27.0314723,bp,1.49,16.201,>16.201,99.990,0.708,0.240,g
2459757.53476,2022-06-27.0327212,bp,1.54,16.149,>16.149,99.990,0.169,0.252,g
2459757.88626,2022-06-27.3842215,bH,1.44,15.584,>15.584,99.990,0.508,0.424,g
2459757.88756,2022-06-27.3855148,bH,1.47,15.733,>15.733,99.990,-0.036,0.370,g
2459757.88886,2022-06-27.3868150,bH,1.43,15.416,>15.416,99.990,-0.500,0.495,g
2459759.54296,2022-06-29.0408760,bp,1.54,16.105,>16.105,99.990,0.474,0.263,g
2459759.54420,2022-06-29.0421261,bp,1.49,16.063,>16.063,99.990,0.463,0.273,g
2459759.54545,2022-06-29.0433665,bp,1.54,16.198,>16.198,99.990,0.528,0.241,g
2459759.79684,2022-06-29.2947472,bH,1.54,16.318,>16.318,99.990,0.765,0.216,g
2459759.79813,2022-06-29.2960422,bH,1.53,16.263,>16.263,99.990,0.825,0.227,g
2459759.79944,2022-06-29.2973574,bH,1.49,16.378,>16.378,99.990,0.740,0.204,g
2459760.81698,2022-06-30.3148601,bH,1.82,16.264,>16.264,99.990,0.571,0.227,g
2459760.81826,2022-06-30.3161479,bH,1.84,16.191,>16.191,99.990,0.710,0.243,g
2459760.81955,2022-06-30.3174428,bH,2.00,16.217,>16.217,99.990,0.735,0.237,g
2459761.53944,2022-07-01.0373122,bp,1.76,16.143,>16.143,99.990,0.881,0.254,g
2459761.54193,2022-07-01.0398020,bp,1.71,16.409,>16.409,99.990,0.552,0.198,g
2459761.61379,2022-07-01.1116630,bp,2.08,16.133,>16.133,99.990,0.490,0.256,g
2459761.79142,2022-07-01.2892805,bH,1.43,16.362,>16.362,99.990,0.728,0.207,g
2459761.79273,2022-07-01.2905924,bH,1.44,16.303,>16.303,99.990,0.804,0.219,g
2459761.79403,2022-07-01.2918891,bH,1.41,16.199,>16.199,99.990,0.818,0.241,g
2459762.85199,2022-07-02.3498291,bH,1.47,16.376,>16.376,99.990,0.864,0.205,g
2459762.85329,2022-07-02.3511299,bH,1.56,16.185,>16.185,99.990,0.509,0.244,g
2459762.85460,2022-07-02.3524320,bH,1.44,16.242,>16.242,99.990,0.734,0.231,g
2459763.78172,2022-07-03.2795414,bH,1.43,16.239,>16.239,99.990,0.905,0.232,g
2459763.78302,2022-07-03.2808365,bH,1.46,16.208,>16.208,99.990,0.770,0.239,g
2459763.78431,2022-07-03.2821282,bH,1.42,16.378,>16.378,99.990,0.758,0.204,g
2459765.77537,2022-07-05.2731457,bH,1.40,16.095,>16.095,99.990,0.712,0.265,g
2459765.77666,2022-07-05.2744339,bH,1.42,16.127,>16.127,99.990,0.483,0.257,g
2459765.77794,2022-07-05.2757210,bH,1.4,16.145,>16.145,99.990,0.679,0.253,g
2459766.53544,2022-07-06.0332063,bp,1.51,16.164,>16.164,99.990,0.477,0.249,g
2459766.53669,2022-07-06.0344517,bp,1.51,16.201,>16.201,99.990,0.585,0.240,g
2459766.75912,2022-07-06.2568773,bH,1.43,16.163,>16.163,99.990,0.350,0.249,g
2459766.76041,2022-07-06.2581709,bH,1.43,16.218,>16.218,99.990,0.973,0.237,g
2459766.76171,2022-07-06.2594663,bH,1.45,16.009,>16.009,99.990,0.380,0.287,g
2459767.77345,2022-07-07.2711954,bH,1.41,16.137,>16.137,99.990,0.674,0.255,g
2459767.77474,2022-07-07.2724809,bH,1.45,16.266,>16.266,99.990,0.698,0.226,g
2459767.77603,2022-07-07.2737677,bH,1.39,16.411,>16.411,99.990,0.866,0.198,g
2459768.51627,2022-07-08.0140025,bp,1.62,16.177,>16.177,99.990,0.731,0.246,g
2459768.51754,2022-07-08.0152585,bp,1.62,16.029,>16.029,99.990,0.647,0.282,g
2459768.51887,2022-07-08.0165960,bp,1.60,16.260,>16.260,99.990,0.644,0.227,g
2459768.57697,2022-07-08.0746978,bp,1.52,16.192,>16.192,99.990,0.410,0.242,g
2459768.57822,2022-07-08.0759427,bp,1.50,16.153,>16.153,99.990,0.816,0.251,g
2459768.57946,2022-07-08.0771846,bp,1.50,16.155,>16.155,99.990,0.894,0.251,g
2459769.51278,2022-07-09.0104888,bp,1.62,16.153,>16.153,99.990,0.546,0.251,g
2459769.51404,2022-07-09.0117413,bp,1.59,15.963,>15.963,99.990,0.371,0.299,g
2459769.51529,2022-07-09.0129949,bp,1.58,15.936,>15.936,99.990,0.379,0.307,g
2459769.76998,2022-07-09.2676841,bH,1.53,16.055,>16.055,99.990,0.453,0.275,g
2459769.77127,2022-07-09.2689767,bH,1.52,16.299,>16.299,99.990,0.594,0.220,g
2459769.77256,2022-07-09.2702665,bH,1.49,16.312,>16.312,99.990,0.729,0.217,g
2459772.75119,2022-07-12.2488376,bH,1.57,15.749,>15.749,99.990,0.673,0.364,g
2459772.75248,2022-07-12.2501349,bH,1.44,15.678,>15.678,99.990,0.005,0.389,g
2459772.75378,2022-07-12.2514368,bH,1.48,15.615,>15.615,99.990,1.025,0.412,g
2459773.87042,2022-07-13.3680555,bH,1.5,15.675,>15.675,99.990,0.170,0.390,g
2459773.87170,2022-07-13.3693386,bH,1.48,15.671,>15.671,99.990,0.650,0.391,g
2459773.87300,2022-07-13.3706344,bH,1.49,15.607,>15.607,99.990,0.779,0.415,g
2459774.50452,2022-07-14.0021488,bp,1.51,15.279,>15.279,99.990,0.075,0.561,g
2459774.50576,2022-07-14.0033922,bp,1.57,15.405,>15.405,99.990,0.424,0.500,g
2459774.50705,2022-07-14.0046693,bp,1.58,15.416,>15.416,99.990,0.984,0.495,g
2459776.54161,2022-07-16.0392071,bp,1.58,15.701,>15.701,99.990,0.079,0.381,g
2459776.54290,2022-07-16.0405025,bp,1.52,15.693,>15.693,99.990,0.765,0.384,g
2459776.54417,2022-07-16.0417627,bp,1.56,15.707,>15.707,99.990,-0.110,0.379,g
2459781.49647,2022-07-20.9940135,bp,1.52,16.023,>16.023,99.990,0.712,0.283,g
2459781.49772,2022-07-20.9952589,bp,1.53,16.155,>16.155,99.990,0.811,0.251,g
2459781.49898,2022-07-20.9965105,bp,1.52,16.352,>16.352,99.990,0.814,0.209,g
2459782.47564,2022-07-21.9731710,bp,1.54,15.528,>15.528,99.990,1.104,0.447,g
2459782.47692,2022-07-21.9744422,bp,1.55,15.745,>15.745,99.990,-0.081,0.366,g
2459782.47817,2022-07-21.9756981,bp,1.59,15.686,>15.686,99.990,0.505,0.386,g
2459782.59808,2022-07-22.0956109,bp,1.55,16.100,>16.100,99.990,0.657,0.264,g
2459782.59948,2022-07-22.0970135,bp,1.66,16.155,>16.155,99.990,0.595,0.251,g
2459782.60076,2022-07-22.0982929,bp,1.62,16.058,>16.058,99.990,0.311,0.274,g
2459783.48272,2022-07-22.9802517,bp,1.59,14.577,>14.577,99.990,-0.818,1.072,g
2459783.48473,2022-07-22.9822519,bp,1.59,15.308,>15.308,99.990,0.837,0.547,g
2459785.45773,2022-07-24.9552340,bp,1.56,16.187,>16.187,99.990,0.895,0.243,g
2459785.45897,2022-07-24.9564793,bp,1.59,16.097,>16.097,99.990,1.072,0.264,g
2459785.46023,2022-07-24.9577296,bp,1.50,16.235,>16.235,99.990,0.700,0.233,g
2459785.61407,2022-07-25.1115746,bp,1.57,16.304,>16.304,99.990,0.727,0.218,g
2459785.61538,2022-07-25.1128938,bp,1.56,16.159,>16.159,99.990,0.658,0.250,g
2459785.61675,2022-07-25.1142560,bp,1.58,16.111,>16.111,99.990,0.624,0.261,g
2459785.72626,2022-07-25.2237561,bH,1.54,16.073,>16.073,99.990,0.675,0.270,g
2459785.72755,2022-07-25.2250559,bH,1.56,16.131,>16.131,99.990,0.752,0.256,g
2459785.79583,2022-07-25.2933365,bH,1.60,15.061,>15.061,99.990,0.986,0.687,g
2459785.79713,2022-07-25.2946380,bH,1.53,15.469,>15.469,99.990,0.621,0.471,g
2459785.79843,2022-07-25.2959376,bH,1.49,15.654,>15.654,99.990,0.475,0.398,g
2459786.46651,2022-07-25.9640025,bp,1.60,16.184,>16.184,99.990,0.542,0.244,g
2459786.46775,2022-07-25.9652503,bp,1.56,16.274,>16.274,99.990,0.560,0.225,g
2459786.46902,2022-07-25.9665225,bp,1.53,16.040,>16.040,99.990,0.524,0.279,g
2459786.60997,2022-07-26.1074753,bp,1.59,16.246,>16.246,99.990,0.627,0.231,g
2459786.61126,2022-07-26.1087638,bp,1.60,16.117,>16.117,99.990,0.903,0.260,g
2459786.61256,2022-07-26.1100531,bp,1.58,16.245,>16.245,99.990,0.791,0.231,g
2459786.77833,2022-07-26.2758341,bH,1.55,16.173,>16.173,99.990,0.757,0.246,g
2459786.77962,2022-07-26.2771203,bH,1.56,16.191,>16.191,99.990,0.785,0.242,g
2459786.78092,2022-07-26.2784119,bH,1.58,16.255,>16.255,99.990,0.659,0.229,g
2459787.91801,2022-07-27.4154939,bH,1.43,16.352,>16.352,99.990,0.607,0.209,g
2459787.91931,2022-07-27.4167958,bH,1.41,16.212,>16.212,99.990,0.536,0.238,g
2459787.92059,2022-07-27.4180793,bH,1.44,16.275,>16.275,99.990,0.633,0.224,g
2459788.73085,2022-07-28.2283361,bH,1.43,16.288,>16.288,99.990,0.334,0.222,g
2459788.73215,2022-07-28.2296337,bH,1.49,16.101,>16.101,99.990,0.658,0.263,g
2459788.73345,2022-07-28.2309333,bH,1.42,16.304,>16.304,99.990,0.319,0.218,g
2459788.93826,2022-07-28.4357511,bH,1.45,16.217,>16.217,99.990,0.539,0.237,g
2459788.93955,2022-07-28.4370274,bH,1.46,16.249,>16.249,99.990,0.911,0.230,g
2459788.94083,2022-07-28.4383219,bH,1.48,16.129,>16.129,99.990,0.843,0.257,g
2459789.44904,2022-07-28.9465261,bp,1.62,16.399,>16.399,99.990,0.326,0.200,g
2459789.69927,2022-07-29.1967504,bH,1.57,16.094,>16.094,99.990,0.455,0.265,g
2459789.70055,2022-07-29.1980394,bH,1.59,16.050,>16.050,99.990,0.895,0.276,g
2459789.70185,2022-07-29.1993341,bH,1.54,16.038,>16.038,99.990,0.393,0.279,g
2459790.70275,2022-07-30.2002238,bH,1.63,15.787,>15.787,99.990,0.417,0.352,g
2459790.70404,2022-07-30.2015188,bH,1.50,99.990,99.990,99.990,99.990,99.990,g
2459791.68614,2022-07-31.1836177,bH,1.64,16.136,>16.136,99.990,0.485,0.255,g
2459791.68744,2022-07-31.1849129,bH,1.64,16.283,>16.283,99.990,0.626,0.223,g
2459792.44488,2022-07-31.9423554,bp,1.54,16.150,>16.150,99.990,0.242,0.252,g
2459792.44612,2022-07-31.9435962,bp,1.50,16.175,>16.175,99.990,0.632,0.246,g
2459792.44737,2022-07-31.9448464,bp,1.51,16.152,>16.152,99.990,0.663,0.251,g
2459792.59322,2022-08-01.0906953,bp,1.49,16.294,>16.294,99.990,0.537,0.221,g
2459792.59446,2022-08-01.0919335,bp,1.53,16.214,>16.214,99.990,0.830,0.237,g
2459792.59571,2022-08-01.0931886,bp,1.46,16.158,>16.158,99.990,0.684,0.250,g
2459792.78199,2022-08-01.2794579,bH,1.40,16.359,>16.359,99.990,0.744,0.208,g
2459792.78327,2022-08-01.2807427,bH,1.40,16.284,>16.284,99.990,0.743,0.223,g
2459792.78457,2022-08-01.2820425,bH,1.45,16.312,>16.312,99.990,0.622,0.217,g
2459792.92750,2022-08-01.4249802,bl,1.49,16.174,>16.174,99.990,0.314,0.246,g
2459792.92876,2022-08-01.4262274,bl,1.50,16.160,>16.160,99.990,0.465,0.249,g
2459792.93000,2022-08-01.4274716,bl,1.52,16.328,>16.328,99.990,0.546,0.214,g
2459793.83114,2022-08-02.3286087,bl,1.54,16.164,>16.164,99.990,0.516,0.248,g
2459793.83239,2022-08-02.3298620,bl,1.54,16.115,>16.115,99.990,0.660,0.260,g
2459793.83362,2022-08-02.3310979,bl,1.52,16.181,>16.181,99.990,0.577,0.245,g
2459794.69931,2022-08-03.1967851,bH,1.44,16.249,>16.249,99.990,0.490,0.230,g
2459794.70061,2022-08-03.1980831,bH,1.45,16.335,>16.335,99.990,0.668,0.212,g
2459794.70190,2022-08-03.1993733,bH,1.47,16.239,>16.239,99.990,0.502,0.232,g
2459795.67736,2022-08-04.1748329,bH,1.44,16.120,>16.120,99.990,0.639,0.259,g
2459795.67867,2022-08-04.1761449,bH,1.38,16.203,>16.203,99.990,0.868,0.240,g
2459795.67997,2022-08-04.1774414,bH,1.41,16.277,>16.277,99.990,0.689,0.224,g
2459795.83755,2022-08-04.3350273,bl,1.48,16.120,>16.120,99.990,0.646,0.259,g
2459795.83881,2022-08-04.3362783,bl,1.51,16.158,>16.158,99.990,0.278,0.250,g
2459796.43747,2022-08-04.9349429,bp,1.67,15.999,>15.999,99.990,0.441,0.289,g
2459796.43874,2022-08-04.9362108,bp,1.58,16.083,>16.083,99.990,0.656,0.268,g
2459796.43998,2022-08-04.9374511,bp,1.61,16.217,>16.217,99.990,0.394,0.237,g
2459796.69611,2022-08-05.1935857,bH,1.43,16.161,>16.161,99.990,0.754,0.249,g
2459796.69742,2022-08-05.1948923,bH,1.39,16.315,>16.315,99.990,0.820,0.216,g
2459796.69872,2022-08-05.1961900,bH,1.42,16.298,>16.298,99.990,0.433,0.220,g
2459796.93644,2022-08-05.4339091,bl,1.50,16.131,>16.131,99.990,0.480,0.256,g
2459796.93768,2022-08-05.4351473,bl,1.55,16.065,>16.065,99.990,0.849,0.272,g
2459796.93892,2022-08-05.4363881,bl,1.47,15.973,>15.973,99.990,-0.226,0.296,g
2459797.43841,2022-08-05.9358890,bp,1.52,16.206,>16.206,99.990,0.726,0.239,g
2459797.43965,2022-08-05.9371262,bp,1.50,16.165,>16.165,99.990,0.927,0.248,g
2459797.44089,2022-08-05.9383668,bp,1.52,15.990,>15.990,99.990,0.517,0.292,g
2459797.58018,2022-08-06.0776516,bp,1.52,16.175,>16.175,99.990,0.412,0.246,g
2459797.58141,2022-08-06.0788844,bp,1.51,16.066,>16.066,99.990,0.655,0.272,g
2459797.58265,2022-08-06.0801181,bp,1.51,16.345,>16.345,99.990,0.790,0.210,g
2459797.73308,2022-08-06.2305486,bl,1.46,14.998,>14.998,99.990,0.633,0.727,g
2459797.73431,2022-08-06.2317797,bl,1.46,14.877,>14.877,99.990,-1.099,0.813,g
2459797.73556,2022-08-06.2330331,bl,1.49,15.225,>15.225,99.990,-0.535,0.590,g
2459799.85243,2022-08-08.3499084,bl,1.49,16.097,>16.097,99.990,0.601,0.264,g
2459799.85368,2022-08-08.3511547,bl,1.53,16.096,>16.096,99.990,0.462,0.265,g
2459799.85492,2022-08-08.3523916,bl,1.52,16.105,>16.105,99.990,0.077,0.262,g
2459799.92988,2022-08-08.4273561,bl,1.48,16.077,>16.077,99.990,0.376,0.269,g
2459799.93112,2022-08-08.4285954,bl,1.46,16.203,>16.203,99.990,0.257,0.240,g
2459799.93236,2022-08-08.4298359,bl,1.48,16.226,>16.226,99.990,0.691,0.235,g
2459800.43350,2022-08-08.9309739,bp,1.58,14.744,>14.744,99.990,0.694,0.920,g
2459800.43474,2022-08-08.9322190,bp,-99,99.990,99.990,99.990,99.990,99.990,g
2459800.43599,2022-08-08.9334704,bp,1.51,15.184,>15.184,99.990,0.498,0.613,g
2459800.57013,2022-08-09.0676158,bp,1.54,15.749,>15.749,99.990,0.515,0.364,g
2459800.57136,2022-08-09.0688473,bp,1.58,15.802,>15.802,99.990,0.480,0.347,g
2459800.57262,2022-08-09.0700915,bp,1.52,15.850,>15.850,99.990,0.329,0.332,g
2459800.77310,2022-08-09.2705875,bl,1.44,15.788,>15.788,99.990,0.092,0.351,g
2459800.77435,2022-08-09.2718336,bl,1.50,15.845,>15.845,99.990,0.497,0.333,g
2459800.89948,2022-08-09.3969643,bH,1.44,16.201,>16.201,99.990,0.516,0.240,g
2459800.90077,2022-08-09.3982515,bH,1.46,16.162,>16.162,99.990,0.615,0.249,g
2459801.43013,2022-08-09.9276239,bp,1.56,15.392,>15.392,99.990,-0.417,0.506,g
2459801.43139,2022-08-09.9288693,bp,1.55,15.250,>15.250,99.990,0.534,0.577,g
2459801.43263,2022-08-09.9301123,bp,1.47,15.353,>15.353,99.990,0.396,0.524,g
2459801.52129,2022-08-10.0187784,bp,1.58,15.622,>15.622,99.990,0.393,0.410,g
2459801.69276,2022-08-10.1902435,bH,1.47,15.375,>15.375,99.990,0.798,0.514,g
2459801.69406,2022-08-10.1915435,bH,1.50,15.562,>15.562,99.990,0.425,0.433,g
2459801.69536,2022-08-10.1928472,bH,1.53,15.608,>15.608,99.990,0.775,0.415,g
2459801.85298,2022-08-10.3504716,bl,1.74,14.805,>14.805,99.990,-0.143,0.869,g
2459801.85422,2022-08-10.3517122,bl,1.97,14.251,>14.251,99.990,2.007,1.448,g
2459803.79811,2022-08-12.2956069,bH,1.59,15.662,>15.662,99.990,0.689,0.395,g
2459803.79940,2022-08-12.2969020,bH,1.57,15.714,>15.714,99.990,0.095,0.376,g
2459803.80070,2022-08-12.2981918,bH,1.51,15.629,>15.629,99.990,0.936,0.407,g
2459803.90292,2022-08-12.4004185,bH,1.50,15.602,>15.602,99.990,-0.996,0.417,g
2459803.90421,2022-08-12.4017081,bH,1.51,15.543,>15.543,99.990,0.425,0.440,g
2459803.90550,2022-08-12.4030037,bH,1.51,15.644,>15.644,99.990,0.112,0.401,g
2459804.69489,2022-08-13.1923929,bH,1.50,15.565,>15.565,99.990,1.271,0.431,g
2459804.69619,2022-08-13.1936929,bH,1.43,15.742,>15.742,99.990,-0.352,0.367,g
2459804.69748,2022-08-13.1949879,bH,1.61,15.687,>15.687,99.990,-0.043,0.386,g
2459804.87279,2022-08-13.3702902,bl,1.53,15.865,>15.865,99.990,-0.305,0.327,g
2459804.87401,2022-08-13.3715144,bl,1.54,15.739,>15.739,99.990,-0.279,0.368,g
2459804.87525,2022-08-13.3727561,bl,1.59,15.607,>15.607,99.990,-0.071,0.415,g
2459805.66011,2022-08-14.1576259,bH,1.51,15.772,>15.772,99.990,-0.664,0.357,g
2459805.66141,2022-08-14.1589200,bH,1.46,15.696,>15.696,99.990,0.163,0.383,g
2459805.66270,2022-08-14.1602086,bH,1.55,15.778,>15.778,99.990,0.358,0.355,g
2459805.86975,2022-08-14.3672615,bH,1.46,15.941,>15.941,99.990,0.332,0.305,g
2459805.87106,2022-08-14.3685699,bH,1.45,15.911,>15.911,99.990,0.258,0.314,g
2459805.87237,2022-08-14.3698805,bH,1.50,15.836,>15.836,99.990,0.689,0.336,g
2459806.71820,2022-08-15.2157133,bH,1.69,16.072,>16.072,99.990,0.877,0.270,g
2459806.71948,2022-08-15.2170013,bH,1.62,15.898,>15.898,99.990,0.611,0.318,g
2459806.72077,2022-08-15.2182884,bH,1.61,15.984,>15.984,99.990,0.525,0.294,g
2459807.40408,2022-08-15.9015936,bp,1.68,15.719,>15.719,99.990,-0.124,0.375,g
2459807.40533,2022-08-15.9028505,bp,1.73,15.731,>15.731,99.990,0.346,0.370,g
2459807.40659,2022-08-15.9041156,bp,1.75,15.732,>15.732,99.990,0.511,0.370,g
2459807.65579,2022-08-16.1533150,bH,1.73,16.020,>16.020,99.990,0.636,0.284,g
2459807.65709,2022-08-16.1546179,bH,1.79,15.990,>15.990,99.990,0.824,0.292,g
2459807.65839,2022-08-16.1559130,bH,1.69,16.025,>16.025,99.990,0.506,0.282,g
2459808.65660,2022-08-17.1541394,bH,1.43,16.297,>16.297,99.990,0.464,0.220,g
2459808.65788,2022-08-17.1554155,bH,1.39,16.079,>16.079,99.990,0.775,0.269,g
2459808.65918,2022-08-17.1567119,bH,1.38,16.385,>16.385,99.990,0.863,0.203,g
2459812.44802,2022-08-20.9455928,bp,1.47,16.034,>16.034,99.990,0.546,0.280,g
2459812.44926,2022-08-20.9468372,bp,1.50,16.159,>16.159,99.990,0.851,0.250,g
2459812.45050,2022-08-20.9480730,bp,1.49,16.194,>16.194,99.990,0.634,0.242,g
2459813.38210,2022-08-21.8796861,bp,1.53,16.135,>16.135,99.990,0.811,0.255,g
2459813.38335,2022-08-21.8809377,bp,1.53,16.244,>16.244,99.990,0.391,0.231,g
2459813.38459,2022-08-21.8821856,bp,1.55,16.109,>16.109,99.990,0.828,0.262,g
2459813.51901,2022-08-22.0165962,bp,1.55,16.082,>16.082,99.990,0.519,0.268,g
2459813.52025,2022-08-22.0178370,bp,1.54,16.146,>16.146,99.990,0.564,0.253,g
2459813.52149,2022-08-22.0190775,bp,1.54,16.127,>16.127,99.990,0.424,0.257,g
2459814.39947,2022-08-22.8970717,bp,1.45,15.981,>15.981,99.990,0.750,0.294,g
2459814.63890,2022-08-23.1365002,bl,1.64,16.188,>16.188,99.990,0.618,0.243,g
2459814.64014,2022-08-23.1377407,bl,1.64,16.311,>16.311,99.990,0.579,0.217,g
2459814.64139,2022-08-23.1389837,bl,1.59,16.094,>16.094,99.990,0.731,0.265,g
2459814.90636,2022-08-23.4039607,bH,1.43,16.191,>16.191,99.990,0.894,0.243,g
2459814.90765,2022-08-23.4052649,bH,1.4,16.268,>16.268,99.990,0.916,0.226,g
2459814.90894,2022-08-23.4065535,bH,1.43,16.213,>16.213,99.990,0.892,0.238,g
2459815.42335,2022-08-23.9209651,bp,1.55,16.047,>16.047,99.990,0.622,0.277,g
2459815.42485,2022-08-23.9224597,bp,1.54,16.053,>16.053,99.990,0.471,0.275,g
2459815.42609,2022-08-23.9237039,bp,1.58,16.123,>16.123,99.990,0.781,0.258,g
2459815.60061,2022-08-24.0982232,bp,1.53,16.138,>16.138,99.990,0.694,0.255,g
2459815.60185,2022-08-24.0994650,bp,1.67,16.004,>16.004,99.990,0.631,0.288,g
2459815.60309,2022-08-24.1007069,bp,1.64,15.993,>15.993,99.990,0.539,0.291,g
2459815.77379,2022-08-24.2714046,bl,1.50,16.206,>16.206,99.990,0.480,0.239,g
2459815.77503,2022-08-24.2726453,bl,1.47,16.231,>16.231,99.990,0.558,0.234,g
2459815.77627,2022-08-24.2738847,bl,1.51,16.181,>16.181,99.990,0.261,0.245,g
2459816.85820,2022-08-25.3558341,bl,1.49,16.308,>16.308,99.990,0.580,0.218,g
2459816.85944,2022-08-25.3570812,bl,1.48,16.233,>16.233,99.990,0.672,0.233,g
2459816.86068,2022-08-25.3583178,bl,1.46,16.204,>16.204,99.990,0.660,0.240,g
2459817.80979,2022-08-26.3074471,bl,1.53,16.008,>16.008,99.990,0.466,0.287,g
2459817.81103,2022-08-26.3086875,bl,1.51,15.520,>15.520,99.990,0.780,0.450,g
2459817.81227,2022-08-26.3099290,bl,1.54,15.372,>15.372,99.990,-0.166,0.516,g
2459818.38042,2022-08-26.8780792,bp,1.58,16.063,>16.063,99.990,0.643,0.273,g
2459818.38201,2022-08-26.8796693,bp,1.54,16.127,>16.127,99.990,0.703,0.257,g
2459818.38329,2022-08-26.8809557,bp,1.56,16.039,>16.039,99.990,0.772,0.279,g
2459818.51663,2022-08-27.0142878,bp,1.57,16.138,>16.138,99.990,0.505,0.255,g
2459818.51796,2022-08-27.0156258,bp,1.66,16.150,>16.150,99.990,0.856,0.252,g
2459818.51953,2022-08-27.0171918,bp,1.62,16.240,>16.240,99.990,0.422,0.232,g
2459818.86034,2022-08-27.3580113,bH,1.48,16.255,>16.255,99.990,0.586,0.229,g
2459818.86163,2022-08-27.3592988,bH,1.47,16.201,>16.201,99.990,0.826,0.240,g
2459818.86294,2022-08-27.3606015,bH,1.54,16.228,>16.228,99.990,0.839,0.234,g
2459819.39422,2022-08-27.8918966,bp,1.62,16.047,>16.047,99.990,0.528,0.277,g
2459819.39548,2022-08-27.8931526,bp,1.60,16.157,>16.157,99.990,0.558,0.250,g
2459819.39672,2022-08-27.8943927,bp,1.54,16.296,>16.296,99.990,0.463,0.220,g
2459819.74161,2022-08-28.2392856,bl,1.48,16.128,>16.128,99.990,0.531,0.257,g
2459819.74286,2022-08-28.2405505,bl,1.49,16.257,>16.257,99.990,0.755,0.228,g
2459819.74412,2022-08-28.2418003,bl,1.50,16.129,>16.129,99.990,1.138,0.257,g
2459819.89410,2022-08-28.3917785,bH,1.53,16.127,>16.127,99.990,0.641,0.257,g
2459819.89540,2022-08-28.3930802,bH,1.64,99.990,99.990,99.990,99.990,99.990,g
2459819.89668,2022-08-28.3943625,bH,1.65,16.408,>16.408,99.990,0.549,0.198,g
2459820.36218,2022-08-28.8598724,bp,1.65,16.083,>16.083,99.990,0.491,0.268,g
2459820.36342,2022-08-28.8611141,bp,1.58,16.161,>16.161,99.990,0.416,0.249,g
2459820.36466,2022-08-28.8623605,bp,1.59,16.262,>16.262,99.990,0.593,0.227,g
2459820.64321,2022-08-29.1408983,bH,1.39,16.293,>16.293,99.990,0.632,0.221,g
2459820.64450,2022-08-29.1421953,bH,1.42,16.164,>16.164,99.990,0.726,0.249,g
2459820.64578,2022-08-29.1434709,bH,1.48,16.332,>16.332,99.990,0.986,0.213,g
2459820.82526,2022-08-29.3229538,bH,1.56,16.300,>16.300,99.990,0.595,0.219,g
2459820.82657,2022-08-29.3242689,bH,1.61,16.327,>16.327,99.990,0.600,0.214,g
2459820.82785,2022-08-29.3255494,bH,1.58,16.359,>16.359,99.990,0.760,0.208,g
2459820.91831,2022-08-29.4160137,bl,1.41,16.157,>16.157,99.990,0.189,0.250,g
2459820.91957,2022-08-29.4172717,bl,1.49,16.082,>16.082,99.990,0.217,0.268,g
2459820.92081,2022-08-29.4185097,bl,1.46,15.969,>15.969,99.990,0.369,0.298,g
2459821.84063,2022-08-30.3383449,bl,1.51,16.358,>16.358,99.990,0.436,0.208,g
2459821.84189,2022-08-30.3396086,bl,1.52,16.341,>16.341,99.990,0.599,0.211,g
2459821.84313,2022-08-30.3408572,bl,1.47,16.179,>16.179,99.990,0.473,0.245,g
2459822.39441,2022-08-30.8921464,bp,2.24,16.111,>16.111,99.990,0.568,0.261,g
2459822.39586,2022-08-30.8935898,bp,2.25,16.028,>16.028,99.990,0.779,0.282,g
2459822.39732,2022-08-30.8950496,bp,2.21,16.274,>16.274,99.990,0.809,0.225,g
2459822.62402,2022-08-31.1217621,bl,1.53,16.310,>16.310,99.990,0.812,0.217,g
2459822.62526,2022-08-31.1230027,bl,1.52,16.317,>16.317,99.990,0.462,0.216,g
2459822.62652,2022-08-31.1242466,bl,1.50,16.248,>16.248,99.990,0.392,0.230,g
2459822.92365,2022-08-31.4213925,bH,1.41,16.080,>16.080,99.990,0.634,0.269,g
2459822.92495,2022-08-31.4226876,bH,1.36,15.835,>15.835,99.990,0.773,0.337,g
2459823.65064,2022-09-01.1483886,bH,1.47,16.145,>16.145,99.990,0.477,0.253,g
2459823.65195,2022-09-01.1496949,bH,1.48,16.223,>16.223,99.990,0.459,0.236,g
2459823.65326,2022-09-01.1510101,bH,1.49,16.241,>16.241,99.990,0.566,0.232,g
2459823.92056,2022-09-01.4183144,bH,1.53,16.076,>16.076,99.990,0.496,0.270,g
2459823.92185,2022-09-01.4196056,bH,1.52,16.046,>16.046,99.990,0.803,0.277,g
2459823.92315,2022-09-01.4209009,bH,1.46,15.749,>15.749,99.990,-0.153,0.364,g
2459824.65134,2022-09-02.1491090,bH,1.39,16.178,>16.178,99.990,0.633,0.245,g
2459824.65263,2022-09-02.1503964,bH,1.42,16.270,>16.270,99.990,0.504,0.225,g
2459824.65391,2022-09-02.1516811,bH,1.44,16.206,>16.206,99.990,0.587,0.239,g
2459824.91577,2022-09-02.4135480,bl,1.49,16.015,>16.015,99.990,0.634,0.285,g
2459824.91702,2022-09-02.4147994,bl,1.47,16.189,>16.189,99.990,0.854,0.243,g
2459824.91827,2022-09-02.4160468,bl,1.44,15.952,>15.952,99.990,0.646,0.302,g
2459825.50780,2022-09-03.0055910,bp,2.00,16.142,>16.142,99.990,0.709,0.254,g
2459825.50904,2022-09-03.0068305,bp,2.01,16.213,>16.213,99.990,0.765,0.238,g
2459825.51029,2022-09-03.0080755,bp,2.01,16.036,>16.036,99.990,0.594,0.280,g
2459825.78919,2022-09-03.2869849,bH,1.44,16.145,>16.145,99.990,0.479,0.253,g
2459825.79050,2022-09-03.2882924,bH,1.46,16.276,>16.276,99.990,0.725,0.224,g
2459825.79179,2022-09-03.2895910,bH,1.43,16.250,>16.250,99.990,0.614,0.230,g
2459825.92384,2022-09-03.4216400,bl,1.47,15.437,>15.437,99.990,0.164,0.486,g
2459826.34407,2022-09-03.8418719,bp,1.50,15.870,>15.870,99.990,0.177,0.326,g
2459826.34530,2022-09-03.8431091,bp,1.53,15.988,>15.988,99.990,0.729,0.292,g
2459826.34656,2022-09-03.8443664,bp,1.54,15.897,>15.897,99.990,0.116,0.318,g
2459826.47055,2022-09-03.9683611,bp,1.71,15.999,>15.999,99.990,0.125,0.289,g
2459826.47317,2022-09-03.9709810,bp,1.64,16.043,>16.043,99.990,0.462,0.278,g
2459826.66058,2022-09-04.1584042,bH,1.42,16.123,>16.123,99.990,1.128,0.258,g
2459826.66188,2022-09-04.1596990,bH,1.41,16.208,>16.208,99.990,0.502,0.239,g
2459826.66317,2022-09-04.1609912,bH,1.41,16.161,>16.161,99.990,0.779,0.249,g
2459826.87684,2022-09-04.3746581,bH,1.45,16.222,>16.222,99.990,0.670,0.236,g
2459826.87813,2022-09-04.3759537,bH,1.40,16.151,>16.151,99.990,0.893,0.252,g
2459826.87944,2022-09-04.3772574,bH,1.46,16.139,>16.139,99.990,0.727,0.254,g
2459827.59853,2022-09-05.0963631,bH,1.45,16.135,>16.135,99.990,0.306,0.255,g
2459827.59983,2022-09-05.0976631,bH,1.44,16.112,>16.112,99.990,0.509,0.261,g
2459827.60113,2022-09-05.0989656,bH,1.47,16.114,>16.114,99.990,0.097,0.260,g
2459827.83549,2022-09-05.3333303,bH,1.44,16.156,>16.156,99.990,0.663,0.250,g
2459827.83678,2022-09-05.3346307,bH,1.43,16.413,>16.413,99.990,0.649,0.198,g
2459827.83807,2022-09-05.3359170,bH,1.46,16.245,>16.245,99.990,0.550,0.231,g
2459828.59664,2022-09-06.0944967,bH,1.44,15.949,>15.949,99.990,0.123,0.303,g
2459828.59795,2022-09-06.0958093,bH,1.43,15.960,>15.960,99.990,0.793,0.300,g
2459828.59925,2022-09-06.0971061,bH,1.41,16.020,>16.020,99.990,0.207,0.284,g
2459828.77625,2022-09-06.2741108,bH,1.57,15.960,>15.960,99.990,0.630,0.300,g
2459828.77754,2022-09-06.2753980,bH,1.64,16.181,>16.181,99.990,0.380,0.245,g
2459828.77885,2022-09-06.2767068,bH,1.59,16.058,>16.058,99.990,0.646,0.274,g
2459829.60615,2022-09-07.1040337,bH,1.43,15.892,>15.892,99.990,0.367,0.319,g
2459829.60747,2022-09-07.1053471,bH,1.44,15.957,>15.957,99.990,-0.198,0.301,g
2459829.60877,2022-09-07.1066535,bH,1.44,16.118,>16.118,99.990,0.678,0.259,g
2459829.77558,2022-09-07.2734593,bl,1.50,15.638,>15.638,99.990,0.248,0.403,g
2459829.77681,2022-09-07.2746952,bl,1.56,15.859,>15.859,99.990,0.556,0.329,g
2459829.77805,2022-09-07.2759392,bl,1.59,15.800,>15.800,99.990,0.377,0.348,g
2459829.90982,2022-09-07.4077171,bl,1.58,15.954,>15.954,99.990,0.359,0.302,g
2459829.91108,2022-09-07.4089672,bl,1.63,16.041,>16.041,99.990,0.630,0.278,g
2459829.91232,2022-09-07.4102089,bl,1.60,16.001,>16.001,99.990,0.631,0.289,g
2459830.37677,2022-09-07.8746734,bp,1.46,15.666,>15.666,99.990,0.621,0.393,g
2459830.37801,2022-09-07.8759151,bp,1.49,15.704,>15.704,99.990,-0.230,0.380,g
2459830.37927,2022-09-07.8771699,bp,1.49,15.842,>15.842,99.990,0.604,0.334,g
2459830.53236,2022-09-08.0302604,bp,1.56,15.706,>15.706,99.990,-0.127,0.379,g
2459830.53358,2022-09-08.0314871,bp,1.54,15.737,>15.737,99.990,-0.046,0.368,g
2459830.53481,2022-09-08.0327186,bp,1.50,15.668,>15.668,99.990,0.737,0.392,g
2459830.72733,2022-09-08.2252452,bH,1.48,15.771,>15.771,99.990,0.825,0.357,g
2459830.72863,2022-09-08.2265359,bH,1.51,15.670,>15.670,99.990,0.694,0.392,g
2459830.72993,2022-09-08.2278351,bH,1.47,15.656,>15.656,99.990,-0.230,0.397,g
2459831.33276,2022-09-08.8306787,bp,1.61,15.582,>15.582,99.990,-0.756,0.425,g
2459831.33401,2022-09-08.8319342,bp,1.68,15.304,>15.304,99.990,-0.042,0.549,g
2459831.33525,2022-09-08.8331753,bp,1.66,15.410,>15.410,99.990,-0.568,0.498,g
2459831.78725,2022-09-09.2851792,bH,1.46,15.785,>15.785,99.990,0.033,0.353,g
2459831.78855,2022-09-09.2864770,bH,1.48,15.786,>15.786,99.990,0.398,0.352,g
2459831.78983,2022-09-09.2877710,bH,1.49,15.989,>15.989,99.990,-0.497,0.292,g
2459832.35411,2022-09-09.8520541,bp,1.49,15.413,>15.413,99.990,-0.140,0.496,g
2459832.35534,2022-09-09.8532924,bp,1.54,15.265,>15.265,99.990,0.752,0.569,g
2459832.35659,2022-09-09.8545471,bp,1.47,15.419,>15.419,99.990,0.202,0.494,g
2459832.66508,2022-09-10.1630300,bH,1.45,15.558,>15.558,99.990,1.163,0.434,g
2459832.66636,2022-09-10.1643162,bH,1.49,15.806,>15.806,99.990,-0.726,0.346,g
2459832.66766,2022-09-10.1656156,bH,1.47,15.514,>15.514,99.990,-0.661,0.452,g
2459832.89969,2022-09-10.3976491,bH,1.54,15.664,>15.664,99.990,-0.699,0.394,g
2459832.90098,2022-09-10.3989350,bH,1.69,15.661,>15.661,99.990,-0.035,0.395,g
2459832.90227,2022-09-10.4002387,bH,1.75,15.566,>15.566,99.990,1.623,0.431,g
2459833.36690,2022-09-10.8648730,bp,1.78,15.002,>15.002,99.990,0.298,0.725,g
2459833.36814,2022-09-10.8661137,bp,1.67,15.138,>15.138,99.990,-0.665,0.639,g
2459833.36960,2022-09-10.8675760,bp,1.79,14.981,>14.981,99.990,-0.103,0.739,g
2459833.66714,2022-09-11.1651238,bl,1.56,15.420,>15.420,99.990,-0.150,0.493,g
2459833.66837,2022-09-11.1663574,bl,1.50,15.310,>15.310,99.990,0.479,0.546,g
2459833.66962,2022-09-11.1676060,bl,1.56,15.341,>15.341,99.990,-0.117,0.530,g
2459833.85811,2022-09-11.3560909,bl,1.54,15.357,>15.357,99.990,-0.156,0.523,g
2459833.85935,2022-09-11.3573395,bl,1.64,15.419,>15.419,99.990,0.136,0.494,g
2459833.86059,2022-09-11.3585812,bl,1.59,15.350,>15.350,99.990,0.235,0.526,g
2459834.73158,2022-09-12.2295928,bH,1.45,15.973,>15.973,99.990,0.211,0.296,g
2459834.73287,2022-09-12.2308825,bH,1.47,15.923,>15.923,99.990,0.669,0.310,g
2459834.73417,2022-09-12.2321894,bH,1.47,15.943,>15.943,99.990,0.286,0.305,g
2459834.89242,2022-09-12.3904346,bl,1.74,15.659,>15.659,99.990,-0.764,0.396,g
2459834.89367,2022-09-12.3916915,bl,1.67,15.739,>15.739,99.990,-0.058,0.368,g
2459834.89491,2022-09-12.3929277,bl,1.73,15.760,>15.760,99.990,-0.198,0.361,g
2459835.36611,2022-09-12.8641342,bp,1.50,15.695,>15.695,99.990,0.240,0.383,g
2459835.36735,2022-09-12.8653775,bp,1.46,15.861,>15.861,99.990,0.086,0.328,g
2459835.36860,2022-09-12.8666284,bp,1.53,15.607,>15.607,99.990,0.712,0.415,g
2459835.59295,2022-09-13.0909856,bH,1.43,16.024,>16.024,99.990,0.774,0.283,g
2459835.59424,2022-09-13.0922791,bH,1.44,15.933,>15.933,99.990,0.403,0.308,g
2459835.59554,2022-09-13.0935777,bH,1.44,16.169,16.148,0.216,1.261,0.247,g
2459835.74290,2022-09-13.2409336,bl,1.45,15.926,>15.926,99.990,0.611,0.309,g
2459835.74415,2022-09-13.2421907,bl,1.53,15.782,>15.782,99.990,0.270,0.353,g
2459835.74540,2022-09-13.2434302,bl,1.45,15.684,>15.684,99.990,0.689,0.387,g
2459836.32477,2022-09-13.8228274,bp,1.51,16.032,>16.032,99.990,0.670,0.281,g
2459836.32601,2022-09-13.8240715,bp,1.53,15.970,>15.970,99.990,0.528,0.297,g
2459836.32727,2022-09-13.8253146,bp,1.56,16.090,>16.090,99.990,0.347,0.266,g
2459836.47077,2022-09-13.9688215,bp,1.54,15.907,>15.907,99.990,0.335,0.315,g
2459836.47201,2022-09-13.9700688,bp,1.50,15.772,>15.772,99.990,-0.345,0.357,g
2459836.47326,2022-09-13.9713144,bp,1.56,15.756,>15.756,99.990,0.775,0.362,g
2459836.65186,2022-09-14.1499223,bl,1.54,15.879,>15.879,99.990,0.295,0.323,g
2459836.65311,2022-09-14.1511760,bl,1.47,16.021,>16.021,99.990,0.552,0.284,g
2459836.65436,2022-09-14.1524224,bl,1.53,15.797,>15.797,99.990,0.461,0.349,g
2459836.80872,2022-09-14.3067893,bH,1.41,15.868,>15.868,99.990,0.590,0.326,g
2459836.81002,2022-09-14.3080789,bH,1.44,16.012,>16.012,99.990,0.340,0.286,g
2459836.81129,2022-09-14.3093648,bH,1.41,15.894,>15.894,99.990,0.530,0.319,g
2459836.91237,2022-09-14.4104396,bl,1.45,15.539,>15.539,99.990,-0.262,0.442,g
2459836.91362,2022-09-14.4116931,bl,1.50,15.573,>15.573,99.990,-0.069,0.428,g
2459837.38786,2022-09-14.8859488,bp,1.54,15.951,>15.951,99.990,0.841,0.302,g
2459837.38912,2022-09-14.8872003,bp,1.53,16.100,>16.100,99.990,0.747,0.264,g
2459837.39036,2022-09-14.8884386,bp,1.47,15.907,>15.907,99.990,0.715,0.315,g
2459837.60332,2022-09-15.1014062,bp,1.49,15.877,>15.877,99.990,0.528,0.324,g
2459837.60457,2022-09-15.1026578,bp,1.48,15.673,>15.673,99.990,0.709,0.391,g
2459837.60582,2022-09-15.1039114,bp,1.55,15.899,>15.899,99.990,0.641,0.317,g
2459837.76645,2022-09-15.2645451,bl,1.47,15.976,>15.976,99.990,0.435,0.296,g
2459837.76770,2022-09-15.2657890,bl,1.47,15.996,>15.996,99.990,0.628,0.290,g
2459837.76894,2022-09-15.2670320,bl,1.51,16.260,>16.260,99.990,0.677,0.228,g
2459837.85880,2022-09-15.3568945,bH,1.70,15.925,>15.925,99.990,0.580,0.310,g
2459837.86011,2022-09-15.3581964,bH,1.69,16.085,>16.085,99.990,0.757,0.267,g
2459837.86139,2022-09-15.3594893,bH,1.71,16.133,>16.133,99.990,0.502,0.256,g
2459838.37448,2022-09-15.8725883,bp,1.52,16.150,>16.150,99.990,0.616,0.252,g
2459838.37572,2022-09-15.8738375,bp,1.55,16.060,>16.060,99.990,0.651,0.274,g
2459838.37697,2022-09-15.8750800,bp,1.48,16.106,>16.106,99.990,0.869,0.262,g
2459838.45317,2022-09-15.9512855,bp,1.57,16.044,>16.044,99.990,1.120,0.278,g
2459838.45440,2022-09-15.9525214,bp,1.53,15.974,>15.974,99.990,0.943,0.296,g
2459838.45565,2022-09-15.9537633,bp,1.48,16.069,>16.069,99.990,0.222,0.271,g
2459838.60005,2022-09-16.0981633,bp,1.52,16.142,>16.142,99.990,1.090,0.254,g
2459838.60129,2022-09-16.0994060,bp,1.48,15.954,>15.954,99.990,0.637,0.302,g
2459838.60252,2022-09-16.1006420,bp,1.48,16.011,>16.011,99.990,0.379,0.286,g
2459838.77558,2022-09-16.2736932,bH,1.37,15.319,>15.319,99.990,-0.026,0.541,g
2459838.77685,2022-09-16.2749791,bH,1.47,14.929,>14.929,99.990,-2.261,0.775,g
2459838.77814,2022-09-16.2762642,bH,1.40,15.370,>15.370,99.990,0.297,0.516,g
2459839.58888,2022-09-17.0870280,bp,1.52,15.915,>15.915,99.990,0.324,0.313,g
2459839.59012,2022-09-17.0882689,bp,1.55,15.809,>15.809,99.990,0.635,0.345,g
2459839.59136,2022-09-17.0895075,bp,1.51,15.857,>15.857,99.990,0.269,0.330,g
2459839.90174,2022-09-17.3998976,bl,1.67,99.990,99.990,99.990,99.990,99.990,g
2459839.90424,2022-09-17.4023893,bl,1.65,99.990,99.990,99.990,99.990,99.990,g
2459840.75263,2022-09-18.2508157,bH,1.43,16.253,>16.253,99.990,0.548,0.229,g
2459840.75394,2022-09-18.2521157,bH,1.41,16.439,>16.439,99.990,0.753,0.193,g
2459840.75523,2022-09-18.2534112,bH,1.42,16.151,>16.151,99.990,0.646,0.252,g
2459841.74906,2022-09-19.2472695,bH,1.41,16.121,>16.121,99.990,0.489,0.259,g
2459841.75034,2022-09-19.2485505,bH,1.43,16.333,>16.333,99.990,0.743,0.213,g
2459841.75163,2022-09-19.2498325,bH,1.39,16.352,16.290,0.207,1.107,0.209,g
2459842.35865,2022-09-19.8568788,bp,1.68,16.058,>16.058,99.990,0.064,0.274,g
2459842.35989,2022-09-19.8581111,bp,1.66,15.981,>15.981,99.990,0.839,0.294,g
2459842.36111,2022-09-19.8593484,bp,1.59,16.058,>16.058,99.990,0.563,0.274,g
2459842.64184,2022-09-20.1400715,bl,1.45,16.149,>16.149,99.990,0.646,0.252,g
2459842.64309,2022-09-20.1413225,bl,1.50,16.240,>16.240,99.990,0.452,0.232,g
2459842.64434,2022-09-20.1425724,bl,1.50,16.134,>16.134,99.990,0.675,0.255,g
2459843.40732,2022-09-20.9055797,bp,1.61,16.199,>16.199,99.990,0.546,0.241,g
2459843.40856,2022-09-20.9068181,bp,1.62,16.114,>16.114,99.990,0.718,0.260,g
2459843.40980,2022-09-20.9080659,bp,1.65,16.148,>16.148,99.990,0.818,0.252,g
2459843.52868,2022-09-21.0269418,bp,1.52,16.195,>16.195,99.990,0.445,0.241,g
2459843.52992,2022-09-21.0281828,bp,1.51,16.302,>16.302,99.990,0.658,0.219,g
2459843.53116,2022-09-21.0294250,bp,1.55,16.237,>16.237,99.990,0.500,0.232,g
2459843.71442,2022-09-21.2126880,bH,1.41,16.252,>16.252,99.990,0.548,0.229,g
2459843.71571,2022-09-21.2139778,bH,1.45,16.160,>16.160,99.990,0.623,0.249,g
2459843.71701,2022-09-21.2152740,bH,1.37,16.288,>16.288,99.990,0.710,0.222,g
2459843.89559,2022-09-21.3938732,bl,1.45,15.969,>15.969,99.990,0.245,0.297,g
2459843.89685,2022-09-21.3951184,bl,1.46,16.001,>16.001,99.990,0.616,0.289,g
2459843.89808,2022-09-21.3963565,bl,1.52,15.926,>15.926,99.990,0.734,0.310,g
2459844.36074,2022-09-21.8590297,bp,1.57,16.393,>16.393,99.990,0.643,0.201,g
2459844.36212,2022-09-21.8604099,bp,1.63,16.328,>16.328,99.990,0.512,0.214,g
2459844.43727,2022-09-21.9355564,bp,1.65,16.186,>16.186,99.990,0.825,0.244,g
2459844.65905,2022-09-22.1573430,bH,1.64,16.246,>16.246,99.990,0.592,0.230,g
2459844.66035,2022-09-22.1586469,bH,1.66,16.262,>16.262,99.990,0.736,0.227,g
2459844.66165,2022-09-22.1599450,bH,1.67,16.129,>16.129,99.990,0.786,0.257,g
2459845.80014,2022-09-23.2984784,bH,1.43,16.195,>16.195,99.990,0.630,0.242,g
2459845.80143,2022-09-23.2997652,bH,1.37,16.175,>16.175,99.990,0.397,0.246,g
2459845.80272,2022-09-23.3010593,bH,1.45,16.155,>16.155,99.990,0.925,0.251,g
2459845.89632,2022-09-23.3946560,bH,1.43,16.086,>16.086,99.990,0.553,0.267,g
2459845.89762,2022-09-23.3959523,bH,1.44,16.227,>16.227,99.990,0.612,0.235,g
2459845.89891,2022-09-23.3972482,bH,1.40,16.150,>16.150,99.990,0.894,0.252,g
2459846.38167,2022-09-23.8800274,bp,1.60,16.186,>16.186,99.990,0.791,0.244,g
2459846.38291,2022-09-23.8812658,bp,1.55,16.011,>16.011,99.990,0.753,0.286,g
2459846.38415,2022-09-23.8825108,bp,1.59,16.196,>16.196,99.990,0.553,0.241,g
2459846.51460,2022-09-24.0129609,bp,1.49,16.205,>16.205,99.990,0.788,0.239,g
2459846.51584,2022-09-24.0142003,bp,1.48,16.132,>16.132,99.990,0.452,0.256,g
2459846.51708,2022-09-24.0154420,bp,1.54,16.099,>16.099,99.990,0.375,0.264,g
2459846.72388,2022-09-24.2222422,bl,1.51,16.127,>16.127,99.990,0.463,0.257,g
2459846.72513,2022-09-24.2234946,bl,1.54,16.069,>16.069,99.990,0.297,0.271,g
2459846.72637,2022-09-24.2247351,bl,1.50,16.191,>16.191,99.990,0.429,0.243,g
2459846.90445,2022-09-24.4028295,bl,1.47,15.460,>15.460,99.990,0.068,0.475,g
2459846.90571,2022-09-24.4040773,bl,1.42,15.592,>15.592,99.990,0.894,0.421,g
2459847.79293,2022-09-25.2913399,bl,1.50,16.086,>16.086,99.990,0.538,0.267,g
2459847.79418,2022-09-25.2925877,bl,1.54,16.086,>16.086,99.990,0.507,0.267,g
2459847.79542,2022-09-25.2938245,bl,1.47,16.179,>16.179,99.990,0.422,0.245,g
2459848.33605,2022-09-25.8344782,bp,1.72,14.093,>14.093,99.990,-1.422,1.674,g
2459848.33748,2022-09-25.8359011,bp,1.66,99.990,99.990,99.990,99.990,99.990,g
2459848.33894,2022-09-25.8373613,bp,1.58,99.990,99.990,99.990,99.990,99.990,g
2459849.32585,2022-09-26.8243040,bp,1.50,16.266,>16.266,99.990,0.984,0.226,g
2459849.32708,2022-09-26.8255329,bp,1.49,16.037,>16.037,99.990,0.673,0.279,g
2459849.32832,2022-09-26.826775,bp,1.52,16.263,>16.263,99.990,0.879,0.227,g
2459849.47233,2022-09-26.9707870,bp,1.50,16.197,>16.197,99.990,0.688,0.241,g
2459849.47357,2022-09-26.9720333,bp,1.51,16.098,>16.098,99.990,0.536,0.264,g
2459849.47481,2022-09-26.9732718,bp,1.53,16.148,>16.148,99.990,0.348,0.252,g
2459849.56853,2022-09-27.0669923,bp,1.52,16.061,>16.061,99.990,0.756,0.273,g
2459849.56978,2022-09-27.0682447,bp,1.52,16.240,>16.240,99.990,0.324,0.232,g
2459849.57101,2022-09-27.0694818,bp,1.53,16.142,>16.142,99.990,0.583,0.254,g
2459849.74065,2022-09-27.2391128,bl,1.48,16.026,>16.026,99.990,0.844,0.282,g
2459849.74189,2022-09-27.2403605,bl,1.49,16.257,>16.257,99.990,0.815,0.228,g
2459849.74314,2022-09-27.2416118,bl,1.48,16.005,>16.005,99.990,0.411,0.288,g
2459849.87687,2022-09-27.3753421,bH,1.41,15.954,>15.954,99.990,0.173,0.301,g
2459849.87818,2022-09-27.3766545,bH,1.37,15.806,>15.806,99.990,0.846,0.346,g
2459849.87947,2022-09-27.3779518,bH,1.44,14.997,>14.997,99.990,0.655,0.728,g
2459849.88900,2022-09-27.3874807,bH,1.44,16.260,>16.260,99.990,0.707,0.228,g
2459849.89030,2022-09-27.3887721,bH,1.39,16.208,>16.208,99.990,0.894,0.239,g
2459849.89159,2022-09-27.3900613,bH,1.41,16.216,>16.216,99.990,0.440,0.237,g
2459850.40463,2022-09-27.9031231,bp,1.54,16.073,>16.073,99.990,0.788,0.270,g
2459850.40587,2022-09-27.9043627,bp,1.53,16.234,>16.234,99.990,0.420,0.233,g
2459850.40711,2022-09-27.9055996,bp,1.51,15.993,>15.993,99.990,1.040,0.291,g
2459850.72854,2022-09-28.2270337,bH,1.38,15.812,>15.812,99.990,0.693,0.344,g
2459850.72983,2022-09-28.2283266,bH,1.40,16.185,>16.185,99.990,0.840,0.244,g
2459850.73112,2022-09-28.2296204,bH,1.41,16.046,>16.046,99.990,0.785,0.277,g
2459851.51324,2022-09-29.0117721,bp,1.66,16.048,>16.048,99.990,0.346,0.277,g
2459851.51448,2022-09-29.0130081,bp,1.61,16.363,>16.363,99.990,0.903,0.207,g
2459851.51572,2022-09-29.0142524,bp,1.59,16.082,>16.082,99.990,0.785,0.268,g
2459851.75572,2022-09-29.2542565,bH,1.38,16.308,>16.308,99.990,0.752,0.218,g
2459851.75701,2022-09-29.2555391,bH,1.40,16.358,>16.358,99.990,0.594,0.208,g
2459851.75830,2022-09-29.2568298,bH,1.42,16.251,>16.251,99.990,0.721,0.229,g
2459852.71061,2022-09-30.2091836,bl,1.46,16.157,>16.157,99.990,0.749,0.250,g
2459852.71184,2022-09-30.2104097,bl,1.51,16.173,>16.173,99.990,0.881,0.247,g
2459852.71307,2022-09-30.2116491,bl,1.49,16.142,>16.142,99.990,0.378,0.254,g
2459852.86928,2022-09-30.3678510,bH,1.53,16.182,>16.182,99.990,0.806,0.244,g
2459852.87057,2022-09-30.3691462,bH,1.51,16.089,>16.089,99.990,0.531,0.266,g
2459852.87187,2022-09-30.3704440,bH,1.53,16.221,>16.221,99.990,0.602,0.236,g
2459853.27752,2022-09-30.7761120,bp,1.63,16.061,>16.061,99.990,0.338,0.273,g
2459853.27876,2022-09-30.7773609,bp,1.60,16.127,>16.127,99.990,0.779,0.257,g
2459853.28002,2022-09-30.7786041,bp,1.61,16.137,>16.137,99.990,0.903,0.255,g
2459853.42646,2022-09-30.9250604,bp,1.53,16.149,>16.149,99.990,0.800,0.252,g
2459853.42771,2022-09-30.9263106,bp,1.51,16.138,>16.138,99.990,0.691,0.255,g
2459853.42896,2022-09-30.92755,bp,1.54,16.152,>16.152,99.990,0.201,0.251,g
2459853.53280,2022-10-01.0314075,bp,1.51,16.224,>16.224,99.990,0.344,0.235,g
2459853.53407,2022-10-01.0326648,bp,1.52,16.116,>16.116,99.990,0.409,0.260,g
2459853.53531,2022-10-01.0339150,bp,1.55,16.064,>16.064,99.990,0.468,0.272,g
2459853.71186,2022-10-01.2104608,bH,1.45,16.226,>16.226,99.990,0.626,0.235,g
2459853.71314,2022-10-01.2117510,bH,1.46,16.302,>16.302,99.990,0.612,0.219,g
2459853.71444,2022-10-01.2130556,bH,1.42,16.276,>16.276,99.990,0.385,0.224,g
2459853.87798,2022-10-01.3766046,bH,1.61,16.113,>16.113,99.990,0.810,0.260,g
2459853.87928,2022-10-01.3778936,bH,1.64,16.255,>16.255,99.990,0.860,0.229,g
2459853.88057,2022-10-01.3791885,bH,1.76,16.163,>16.163,99.990,0.501,0.249,g
2459854.26768,2022-10-01.7663096,bp,1.50,15.946,>15.946,99.990,0.543,0.304,g
2459854.26891,2022-10-01.7675407,bp,1.55,16.001,>16.001,99.990,0.800,0.289,g
2459854.27016,2022-10-01.7687827,bp,1.59,16.014,>16.014,99.990,0.025,0.285,g
2459854.41556,2022-10-01.9141914,bp,1.51,16.200,>16.200,99.990,0.482,0.240,g
2459854.41680,2022-10-01.9154344,bp,1.55,16.045,>16.045,99.990,0.711,0.277,g
2459854.41806,2022-10-01.9166961,bp,1.53,16.224,>16.224,99.990,0.097,0.235,g
2459854.52932,2022-10-02.0279569,bp,1.46,16.097,>16.097,99.990,0.137,0.264,g
2459854.53055,2022-10-02.0291857,bp,1.49,16.260,>16.260,99.990,0.626,0.228,g
2459854.53179,2022-10-02.0304253,bp,1.46,16.268,>16.268,99.990,0.861,0.226,g
2459854.70799,2022-10-02.2066333,bl,1.48,16.181,>16.181,99.990,0.598,0.245,g
2459854.70925,2022-10-02.2078914,bl,1.54,16.366,>16.366,99.990,0.228,0.206,g
2459854.71049,2022-10-02.2091355,bl,1.54,16.106,>16.106,99.990,0.695,0.262,g
2459855.27721,2022-10-02.7758791,bp,1.71,16.184,>16.184,99.990,0.789,0.244,g
2459855.27853,2022-10-02.7772009,bp,1.64,15.980,>15.980,99.990,0.747,0.295,g
2459855.27998,2022-10-02.7786422,bp,1.67,16.012,>16.012,99.990,0.331,0.286,g
2459855.42580,2022-10-02.9244780,bp,1.71,16.127,>16.127,99.990,0.721,0.257,g
2459855.42717,2022-10-02.9258476,bp,2.02,16.002,>16.002,99.990,0.611,0.289,g
2459855.42865,2022-10-02.9273250,bp,2.01,16.088,>16.088,99.990,0.689,0.267,g
2459855.57234,2022-10-03.0710204,bp,1.57,16.088,>16.088,99.990,0.502,0.266,g
2459855.57363,2022-10-03.0723041,bp,1.54,16.221,>16.221,99.990,0.839,0.236,g
2459855.57492,2022-10-03.0735965,bp,1.53,16.337,>16.337,99.990,0.473,0.212,g
2459855.74245,2022-10-03.2411403,bl,1.51,16.079,>16.079,99.990,0.661,0.269,g
2459855.74371,2022-10-03.2423881,bl,1.43,16.162,>16.162,99.990,0.609,0.249,g
2459855.74496,2022-10-03.2436437,bl,1.49,16.202,>16.202,99.990,0.696,0.240,g
2459856.29546,2022-10-03.7941577,bp,1.51,15.455,>15.455,99.990,0.927,0.478,g
2459856.29669,2022-10-03.7953935,bp,1.50,15.480,>15.480,99.990,1.021,0.467,g
2459856.29792,2022-10-03.7966225,bp,1.47,15.619,>15.619,99.990,0.455,0.411,g
2459856.53744,2022-10-04.0361563,bH,1.49,16.012,>16.012,99.990,0.647,0.286,g
2459856.53873,2022-10-04.0374466,bH,1.46,16.073,>16.073,99.990,0.256,0.270,g
2459856.54003,2022-10-04.0387408,bH,1.49,16.116,>16.116,99.990,0.599,0.260,g
2459856.72018,2022-10-04.2189024,bl,1.46,16.088,>16.088,99.990,0.661,0.267,g
2459856.72143,2022-10-04.2201517,bl,1.47,15.991,>15.991,99.990,0.415,0.292,g
2459856.72269,2022-10-04.2214057,bl,1.47,15.977,>15.977,99.990,0.566,0.295,g
2459857.28854,2022-10-04.7872825,bp,1.54,15.747,>15.747,99.990,0.322,0.365,g
2459857.28979,2022-10-04.7885256,bp,1.51,15.745,>15.745,99.990,0.570,0.366,g
2459857.29102,2022-10-04.7897628,bp,1.50,15.849,>15.849,99.990,0.775,0.332,g
2459857.49568,2022-10-04.9944222,bp,1.52,15.997,>15.997,99.990,0.619,0.290,g
2459857.49691,2022-10-04.9956615,bp,1.48,15.892,>15.892,99.990,0.802,0.319,g
2459857.49817,2022-10-04.9969225,bp,1.47,16.070,>16.070,99.990,0.369,0.271,g
2459858.26855,2022-10-05.7673296,bp,1.53,15.285,>15.285,99.990,1.602,0.559,g
2459858.26979,2022-10-05.7685655,bp,1.59,15.292,>15.292,99.990,1.042,0.555,g
2459858.27103,2022-10-05.7698122,bp,1.57,15.604,>15.604,99.990,0.741,0.416,g
2459858.48393,2022-10-05.9827204,bp,1.55,15.751,>15.751,99.990,0.256,0.364,g
2459858.48526,2022-10-05.9840474,bp,1.64,15.146,>15.146,99.990,-1.717,0.635,g
2459858.48678,2022-10-05.9855635,bp,1.54,14.878,>14.878,99.990,0.114,0.812,g
2459858.58603,2022-10-06.0848251,bp,1.58,16.026,>16.026,99.990,0.198,0.282,g
2459858.58747,2022-10-06.0862532,bp,1.55,16.038,>16.038,99.990,0.599,0.279,g
2459858.58893,2022-10-06.0877186,bp,1.58,15.901,>15.901,99.990,0.549,0.317,g
2459858.80129,2022-10-06.3000803,bH,1.42,15.965,>15.965,99.990,0.395,0.298,g
2459858.80258,2022-10-06.3013678,bH,1.45,16.005,>16.005,99.990,0.368,0.288,g
2459858.80388,2022-10-06.3026685,bH,1.42,15.993,>15.993,99.990,0.251,0.291,g
2459859.32101,2022-10-06.8198261,bp,1.81,99.990,99.990,99.990,99.990,99.990,g
2459859.48825,2022-10-06.9870817,bp,1.48,13.776,>13.776,99.990,-1.685,2.242,g
2459859.48951,2022-10-06.9883238,bp,1.86,99.990,99.990,99.990,99.990,99.990,g
2459859.49076,2022-10-06.9895760,bp,1.92,99.990,99.990,99.990,99.990,99.990,g
2459859.67025,2022-10-07.1690820,bH,1.46,15.667,>15.667,99.990,-0.028,0.393,g
2459859.67154,2022-10-07.1703702,bH,1.49,15.684,>15.684,99.990,-0.459,0.387,g
2459859.67283,2022-10-07.1716583,bH,1.40,15.677,>15.677,99.990,0.638,0.389,g
2459860.26187,2022-10-07.7607273,bp,1.48,15.568,>15.568,99.990,0.536,0.430,g
2459860.26311,2022-10-07.7619679,bp,1.50,15.512,>15.512,99.990,-0.201,0.453,g
2459860.26435,2022-10-07.7632061,bp,1.48,15.488,>15.488,99.990,0.134,0.463,g
2459860.39241,2022-10-07.8912638,bp,1.53,15.543,>15.543,99.990,0.336,0.440,g
2459860.39365,2022-10-07.8925025,bp,1.52,15.424,>15.424,99.990,0.289,0.491,g
2459860.39489,2022-10-07.8937490,bp,1.63,15.347,>15.347,99.990,0.629,0.527,g
2459860.52155,2022-10-08.0204104,bp,1.65,15.719,>15.719,99.990,0.231,0.375,g
2459860.52279,2022-10-08.0216510,bp,1.68,15.593,>15.593,99.990,0.652,0.421,g
2459860.52402,2022-10-08.0228836,bp,1.71,15.709,>15.709,99.990,-0.037,0.378,g
2459860.69514,2022-10-08.1940166,bl,1.51,15.680,>15.680,99.990,-0.760,0.388,g
2459860.69639,2022-10-08.1952579,bl,1.59,15.743,>15.743,99.990,-0.162,0.366,g
2459860.69763,2022-10-08.1965008,bl,1.46,15.566,>15.566,99.990,0.082,0.431,g
2459861.49830,2022-10-08.9972054,bp,1.53,15.575,>15.575,99.990,0.245,0.427,g
2459861.49954,2022-10-08.9984446,bp,1.51,15.681,>15.681,99.990,0.249,0.388,g
2459861.50080,2022-10-08.9996913,bp,1.52,15.733,>15.733,99.990,0.320,0.370,g
2459861.66268,2022-10-09.1615910,bH,1.54,15.599,>15.599,99.990,-0.567,0.418,g
2459861.66397,2022-10-09.1628775,bH,1.44,15.571,>15.571,99.990,-0.243,0.429,g
2459861.66527,2022-10-09.1641782,bH,1.60,15.541,>15.541,99.990,1.911,0.441,g
2459862.24557,2022-10-09.7444987,bp,1.96,14.369,>14.369,99.990,-1.002,1.299,g
2459862.24694,2022-10-09.7458651,bp,2.25,14.145,>14.145,99.990,-1.836,1.596,g
2459862.24818,2022-10-09.7471071,bp,1.99,14.270,>14.270,99.990,2.455,1.423,g
2459862.76441,2022-10-10.2633512,bH,1.51,15.415,>15.415,99.990,0.536,0.496,g
2459862.76570,2022-10-10.2646474,bH,1.47,15.528,>15.528,99.990,-1.167,0.447,g
2459862.76700,2022-10-10.2659440,bH,1.39,15.669,15.615,0.209,2.061,0.392,g
2459864.67082,2022-10-12.1698535,bH,1.54,14.628,>14.628,99.990,-5.750,1.024,g
2459864.67213,2022-10-12.1711535,bH,1.56,14.868,>14.868,99.990,0.672,0.820,g
2459864.67342,2022-10-12.1724445,bH,1.68,14.570,>14.570,99.990,1.722,1.079,g
2459867.33581,2022-10-14.8349482,bp,1.60,15.993,>15.993,99.990,0.691,0.291,g
2459867.33704,2022-10-14.8361751,bp,1.70,15.878,>15.878,99.990,0.733,0.324,g
2459867.33827,2022-10-14.8374049,bp,1.65,15.966,>15.966,99.990,0.725,0.298,g
2459868.80188,2022-10-16.3010704,bH,1.40,16.136,>16.136,99.990,0.712,0.255,g
2459868.80318,2022-10-16.3023714,bH,1.42,16.174,>16.174,99.990,0.774,0.246,g
2459868.80446,2022-10-16.3036557,bH,1.4,16.091,>16.091,99.990,0.284,0.266,g
2459869.70645,2022-10-17.2056789,bH,1.50,16.214,>16.214,99.990,0.643,0.237,g
2459869.70772,2022-10-17.2069605,bH,1.43,16.330,>16.330,99.990,0.995,0.213,g
2459869.70902,2022-10-17.2082493,bH,1.47,16.242,>16.242,99.990,0.619,0.231,g
2459872.23942,2022-10-19.7387606,bp,1.67,15.255,>15.255,99.990,1.036,0.574,g
2459872.24192,2022-10-19.7412487,bp,1.70,15.497,>15.497,99.990,0.456,0.459,g
2459872.35028,2022-10-19.8496135,bp,1.51,15.812,>15.812,99.990,0.270,0.344,g
2459872.35152,2022-10-19.8508519,bp,1.54,16.028,>16.028,99.990,1.092,0.282,g
2459872.35275,2022-10-19.8520822,bp,1.51,15.773,>15.773,99.990,0.649,0.356,g
2459872.60383,2022-10-20.1031761,bH,1.42,16.139,>16.139,99.990,0.629,0.254,g
2459872.60512,2022-10-20.1044660,bH,1.48,16.217,>16.217,99.990,0.563,0.237,g
2459872.60642,2022-10-20.1057621,bH,1.37,16.295,>16.295,99.990,0.850,0.220,g
2459873.24001,2022-10-20.7393961,bp,2.01,14.652,>14.652,99.990,-1.193,1.001,g
2459873.24126,2022-10-20.7406332,bp,1.71,15.380,>15.380,99.990,0.460,0.512,g
2459873.24251,2022-10-20.7418797,bp,1.74,15.760,>15.760,99.990,0.825,0.361,g
2459873.72360,2022-10-21.2229916,bH,1.41,16.205,>16.205,99.990,0.600,0.239,g
2459873.72489,2022-10-21.2242825,bH,1.39,16.329,>16.329,99.990,0.588,0.214,g
2459873.72618,2022-10-21.2255795,bH,1.43,16.191,>16.191,99.990,0.852,0.242,g
2459874.28975,2022-10-21.7891777,bp,1.52,16.087,>16.087,99.990,0.502,0.267,g
2459874.29105,2022-10-21.7904689,bp,1.50,16.094,>16.094,99.990,0.642,0.265,g
2459874.29228,2022-10-21.7917064,bp,1.53,16.102,>16.102,99.990,0.353,0.263,g
2459874.71153,2022-10-22.2109660,bH,1.43,16.233,>16.233,99.990,0.816,0.233,g
2459874.71282,2022-10-22.2122623,bH,1.45,16.303,>16.303,99.990,0.580,0.219,g
2459874.71411,2022-10-22.2135546,bH,1.43,16.299,>16.299,99.990,0.936,0.219,g
2459874.80556,2022-10-22.3050055,bH,1.46,16.139,>16.139,99.990,0.560,0.254,g
2459874.80685,2022-10-22.3062952,bH,1.43,16.114,>16.114,99.990,0.419,0.260,g
2459875.31183,2022-10-22.8112908,bp,1.52,16.047,>16.047,99.990,0.986,0.277,g
2459875.31308,2022-10-22.8125457,bp,1.54,15.816,>15.816,99.990,0.281,0.342,g
2459875.31433,2022-10-22.8137946,bp,1.49,15.741,>15.741,99.990,-0.498,0.367,g
2459876.24944,2022-10-23.7489430,bp,1.57,16.077,>16.077,99.990,0.630,0.269,g
2459876.25422,2022-10-23.7537199,bp,1.47,16.096,>16.096,99.990,0.796,0.265,g
2459876.54277,2022-10-24.0422825,bp,1.51,16.085,>16.085,99.990,0.085,0.267,g
2459876.54402,2022-10-24.0435327,bp,1.56,16.053,>16.053,99.990,0.561,0.275,g
2459876.54526,2022-10-24.0447829,bp,1.55,15.930,>15.930,99.990,0.167,0.308,g
2459876.70191,2022-10-24.2014391,bH,1.40,16.189,>16.189,99.990,0.214,0.243,g
2459876.70320,2022-10-24.2027172,bH,1.40,16.257,>16.257,99.990,0.648,0.228,g
2459876.70450,2022-10-24.2040155,bH,1.39,16.263,>16.263,99.990,0.855,0.227,g
2459877.27175,2022-10-24.7712927,bp,1.74,16.097,>16.097,99.990,0.504,0.264,g
2459877.27313,2022-10-24.7726799,bp,1.75,16.018,>16.018,99.990,0.616,0.284,g
2459877.27440,2022-10-24.7739486,bp,1.63,16.120,>16.120,99.990,0.732,0.259,g
2459877.42893,2022-10-24.9284872,bp,1.52,16.223,>16.223,99.990,0.546,0.236,g
2459877.43017,2022-10-24.9297283,bp,1.56,16.252,>16.252,99.990,0.623,0.229,g
2459877.43141,2022-10-24.9309704,bp,1.50,16.191,>16.191,99.990,0.439,0.242,g
2459877.59265,2022-10-25.0922115,bp,1.63,15.319,>15.319,99.990,-0.444,0.542,g
2459877.59389,2022-10-25.0934523,bp,1.59,15.435,>15.435,99.990,0.010,0.486,g
2459878.29709,2022-10-25.7966743,bp,1.58,15.669,>15.669,99.990,0.429,0.392,g
2459878.29833,2022-10-25.7979221,bp,1.56,15.831,>15.831,99.990,0.440,0.338,g
2459878.29957,2022-10-25.7991593,bp,1.59,16.002,>16.002,99.990,0.721,0.289,g
2459878.35733,2022-10-25.8569190,bp,1.52,16.075,>16.075,99.990,0.365,0.270,g
2459878.35858,2022-10-25.8581718,bp,1.55,16.056,>16.056,99.990,0.831,0.274,g
2459878.35981,2022-10-25.8594082,bp,1.56,16.161,>16.161,99.990,0.452,0.249,g
2459878.49869,2022-10-25.9982898,bp,1.58,16.248,>16.248,99.990,0.881,0.230,g
2459878.49993,2022-10-25.9995268,bp,1.53,16.067,>16.067,99.990,0.813,0.272,g
2459878.50118,2022-10-26.0007850,bp,1.54,16.208,>16.208,99.990,0.363,0.239,g
2459878.68981,2022-10-26.1894195,bl,1.56,16.144,>16.144,99.990,0.945,0.253,g
2459878.69106,2022-10-26.1906680,bl,1.74,16.007,>16.007,99.990,0.350,0.287,g
2459878.69229,2022-10-26.1918960,bl,1.61,16.021,>16.021,99.990,0.373,0.283,g
2459879.25495,2022-10-26.7545806,bp,2.22,15.971,>15.971,99.990,0.450,0.297,g
2459879.25618,2022-10-26.7558158,bp,2.19,16.000,>16.000,99.990,0.334,0.289,g
2459879.25744,2022-10-26.7570731,bp,2.19,16.014,>16.014,99.990,0.162,0.286,g
2459879.40042,2022-10-26.9000594,bp,1.54,16.142,>16.142,99.990,0.568,0.254,g
2459879.40167,2022-10-26.9013049,bp,1.56,16.072,>16.072,99.990,0.419,0.270,g
2459879.40290,2022-10-26.9025375,bp,1.50,16.121,>16.121,99.990,0.610,0.259,g
2459879.51818,2022-10-27.0178225,bp,1.47,16.204,>16.204,99.990,0.770,0.240,g
2459879.52067,2022-10-27.0203092,bp,1.46,16.156,>16.156,99.990,0.122,0.251,g
2459879.68757,2022-10-27.1872210,bl,1.44,16.296,>16.296,99.990,0.535,0.220,g
2459879.68882,2022-10-27.1884737,bl,1.44,16.159,>16.159,99.990,0.533,0.250,g
2459879.69006,2022-10-27.1897129,bl,1.47,16.226,>16.226,99.990,0.835,0.235,g
2459880.24408,2022-10-27.7437503,bp,1.72,15.598,>15.598,99.990,0.288,0.419,g
2459880.24533,2022-10-27.7450037,bp,1.79,15.629,>15.629,99.990,-0.019,0.407,g
2459880.24658,2022-10-27.7462539,bp,1.75,15.736,>15.736,99.990,-0.094,0.369,g
2459880.39604,2022-10-27.8957197,bp,1.55,16.372,>16.372,99.990,0.406,0.205,g
2459880.39729,2022-10-27.8969704,bp,1.52,16.102,>16.102,99.990,0.831,0.263,g
2459880.39853,2022-10-27.8982173,bp,1.54,16.159,>16.159,99.990,0.549,0.250,g
2459880.63229,2022-10-28.1319743,bl,1.52,16.195,>16.195,99.990,0.724,0.242,g
2459880.63353,2022-10-28.1332230,bl,1.49,16.168,>16.168,99.990,0.473,0.248,g
2459880.63478,2022-10-28.1344671,bl,1.50,16.270,>16.270,99.990,0.728,0.226,g
2459881.75722,2022-10-29.2569562,bH,1.40,16.285,>16.285,99.990,0.734,0.222,g
2459881.75851,2022-10-29.2582509,bH,1.39,16.289,>16.289,99.990,0.460,0.222,g
2459881.75982,2022-10-29.2595533,bH,1.40,16.292,>16.292,99.990,1.011,0.221,g
2459882.51967,2022-10-30.0194383,bl,1.52,16.181,>16.181,99.990,1.000,0.245,g
2459882.52091,2022-10-30.0206836,bl,1.51,16.261,>16.261,99.990,0.352,0.227,g
2459882.52215,2022-10-30.0219251,bl,1.48,16.140,>16.140,99.990,0.497,0.254,g
2459883.53272,2022-10-31.0325290,bH,1.42,16.034,>16.034,99.990,0.410,0.280,g
2459883.53401,2022-10-31.0338195,bH,1.4,16.230,>16.230,99.990,0.741,0.234,g
2459883.53530,2022-10-31.0351074,bH,1.41,16.182,>16.182,99.990,0.500,0.245,g
2459884.73723,2022-11-01.2370959,bl,1.56,16.136,>16.136,99.990,0.164,0.255,g
2459884.73846,2022-11-01.2383318,bl,1.59,15.997,>15.997,99.990,0.450,0.290,g
2459884.73971,2022-11-01.2395769,bl,1.63,16.028,>16.028,99.990,0.540,0.282,g
2459885.73963,2022-11-02.2395383,bH,1.42,16.101,>16.101,99.990,0.671,0.264,g
2459885.74092,2022-11-02.2408335,bH,1.43,16.226,>16.226,99.990,0.433,0.235,g
2459885.74222,2022-11-02.2421297,bH,1.44,16.056,>16.056,99.990,0.911,0.275,g
2459886.76767,2022-11-03.2676223,bH,1.46,16.145,>16.145,99.990,0.432,0.253,g
2459887.77438,2022-11-04.2743746,bl,1.45,15.960,>15.960,99.990,0.437,0.300,g
2459887.77563,2022-11-04.2756268,bl,1.52,15.836,>15.836,99.990,0.325,0.336,g
2459887.77688,2022-11-04.2768758,bl,1.52,16.012,>16.012,99.990,0.635,0.286,g
2459888.77128,2022-11-05.2713261,bH,1.40,15.885,>15.885,99.990,0.544,0.322,g
2459888.77258,2022-11-05.2726225,bH,1.48,15.891,>15.891,99.990,0.030,0.320,g
2459888.77388,2022-11-05.2739311,bH,1.45,15.793,>15.793,99.990,-0.277,0.350,g
2459889.76816,2022-11-06.2682401,bH,1.51,15.826,>15.826,99.990,-0.057,0.339,g
2459889.76945,2022-11-06.2695303,bH,1.45,15.744,>15.744,99.990,0.388,0.366,g
2459892.56418,2022-11-09.0643866,bl,1.69,15.774,>15.774,99.990,0.957,0.356,g
2459892.56542,2022-11-09.0656317,bl,1.99,15.689,>15.689,99.990,0.093,0.385,g
2459892.56666,2022-11-09.0668710,bl,1.74,15.683,>15.683,99.990,0.089,0.387,g
2459892.64116,2022-11-09.1413773,bH,1.47,15.251,>15.251,99.990,-0.630,0.576,g
2459892.64247,2022-11-09.1426832,bH,1.62,15.465,>15.465,99.990,0.625,0.473,g
2459893.25656,2022-11-09.7567984,bp,2.13,15.915,>15.915,99.990,0.545,0.313,g
2459893.25780,2022-11-09.7580380,bp,2.10,15.920,>15.920,99.990,0.178,0.311,g
2459893.25905,2022-11-09.7592836,bp,2.10,15.994,>15.994,99.990,0.485,0.291,g
2459893.39846,2022-11-09.8986954,bp,1.54,15.691,>15.691,99.990,0.580,0.384,g
2459893.39971,2022-11-09.8999468,bp,1.56,15.616,>15.616,99.990,-0.347,0.412,g
2459893.40095,2022-11-09.9011934,bp,1.53,15.680,>15.680,99.990,0.748,0.388,g
2459893.50351,2022-11-10.0037599,bH,1.60,15.213,>15.213,99.990,-0.014,0.597,g
2459893.50480,2022-11-10.0050462,bH,1.53,15.756,>15.756,99.990,0.176,0.362,g
2459893.50608,2022-11-10.0063304,bH,1.51,15.963,>15.963,99.990,0.507,0.299,g
2459893.65224,2022-11-10.1524927,bH,1.52,15.810,>15.810,99.990,0.406,0.344,g
2459893.65353,2022-11-10.1537793,bH,1.48,15.824,>15.824,99.990,-0.271,0.340,g
2459893.65481,2022-11-10.1550663,bH,1.43,15.956,>15.956,99.990,0.754,0.301,g
2459893.71192,2022-11-10.2121753,bl,1.46,15.835,>15.835,99.990,0.128,0.336,g
2459893.71318,2022-11-10.2134357,bl,1.47,15.699,>15.699,99.990,0.291,0.381,g
2459893.71444,2022-11-10.2146878,bl,1.44,15.687,>15.687,99.990,0.059,0.386,g
2459895.26088,2022-11-11.7612016,bp,1.56,16.016,>16.016,99.990,0.888,0.285,g
2459895.26213,2022-11-11.7624577,bp,1.66,16.003,>16.003,99.990,0.634,0.288,g
2459895.26338,2022-11-11.7637043,bp,1.54,16.062,>16.062,99.990,0.783,0.273,g
2459895.38695,2022-11-11.8872766,bp,1.49,15.976,>15.976,99.990,0.461,0.296,g
2459895.38820,2022-11-11.8885208,bp,1.55,15.955,>15.955,99.990,0.568,0.301,g
2459895.38943,2022-11-11.8897565,bp,1.54,15.859,>15.859,99.990,0.632,0.329,g
2459895.54346,2022-11-12.0437962,bH,1.55,14.602,>14.602,99.990,0.416,1.047,g
2459895.54475,2022-11-12.0450871,bH,1.59,99.990,99.990,99.990,99.990,99.990,g
2459895.54604,2022-11-12.0463717,bH,1.46,99.990,99.990,99.990,99.990,99.990,g
2459895.63896,2022-11-12.1392996,bl,1.40,99.990,99.990,99.990,99.990,99.990,g
2459895.64021,2022-11-12.1405499,bl,1.64,99.990,99.990,99.990,99.990,99.990,g
2459897.30295,2022-11-13.8033568,bp,1.47,16.151,>16.151,99.990,0.372,0.251,g
2459897.30419,2022-11-13.8045959,bp,1.50,16.194,>16.194,99.990,0.632,0.242,g
2459897.30542,2022-11-13.8058246,bp,1.56,16.251,>16.251,99.990,0.785,0.229,g
2459897.42497,2022-11-13.9253771,bp,1.53,16.090,>16.090,99.990,0.605,0.266,g
2459897.42620,2022-11-13.9266165,bp,1.52,16.221,>16.221,99.990,0.388,0.236,g
2459897.42745,2022-11-13.9278628,bp,1.50,16.148,>16.148,99.990,0.545,0.252,g
2459897.51853,2022-11-14.0189553,bp,1.52,15.911,>15.911,99.990,0.570,0.314,g
2459897.51978,2022-11-14.0202054,bp,1.56,15.915,>15.915,99.990,0.600,0.313,g
2459897.52102,2022-11-14.0214423,bp,1.55,15.859,>15.859,99.990,0.327,0.329,g
2459897.59242,2022-11-14.0928353,bH,1.62,16.263,>16.263,99.990,0.658,0.227,g
2459897.59370,2022-11-14.0941234,bH,1.63,16.325,>16.325,99.990,0.477,0.214,g
2459897.59498,2022-11-14.0953958,bH,1.59,16.227,>16.227,99.990,0.459,0.235,g
2459898.39926,2022-11-14.8997137,bp,1.48,15.932,>15.932,99.990,0.530,0.308,g
2459898.40050,2022-11-14.9009616,bp,1.52,15.856,>15.856,99.990,0.038,0.330,g
2459898.40175,2022-11-14.9022084,bp,1.52,16.091,>16.091,99.990,0.752,0.266,g
2459898.51889,2022-11-15.0193508,bp,1.63,15.830,>15.830,99.990,0.427,0.338,g
2459898.52018,2022-11-15.0206430,bp,1.51,16.021,>16.021,99.990,0.281,0.283,g
2459898.52142,2022-11-15.0218802,bp,1.62,15.905,>15.905,99.990,0.478,0.316,g
2459898.71645,2022-11-15.2169188,bl,1.42,16.104,>16.104,99.990,0.663,0.263,g
2459898.71769,2022-11-15.2181598,bl,1.44,16.118,>16.118,99.990,0.422,0.259,g
2459898.71893,2022-11-15.2193991,bl,1.48,16.170,>16.170,99.990,0.259,0.247,g
2459899.27240,2022-11-15.7728973,bp,1.53,16.176,>16.176,99.990,0.862,0.246,g
2459899.27371,2022-11-15.7742049,bp,1.63,16.131,>16.131,99.990,0.325,0.256,g
2459899.27529,2022-11-15.7757900,bp,1.58,16.058,>16.058,99.990,0.268,0.274,g
2459899.44871,2022-11-15.9492094,bp,1.46,16.090,>16.090,99.990,0.617,0.266,g
2459899.44995,2022-11-15.9504513,bp,1.48,16.074,>16.074,99.990,0.499,0.270,g
2459899.45119,2022-11-15.9516931,bp,1.50,16.187,>16.187,99.990,0.572,0.243,g
2459899.62463,2022-11-16.1251496,bH,1.42,16.272,>16.272,99.990,0.548,0.225,g
2459899.62594,2022-11-16.1264565,bH,1.42,16.157,>16.157,99.990,0.558,0.250,g
2459899.62724,2022-11-16.1277583,bH,1.42,16.202,>16.202,99.990,0.634,0.240,g
2459900.72395,2022-11-17.2245105,bH,1.46,16.343,>16.343,99.990,0.937,0.211,g
2459900.72526,2022-11-17.2258156,bH,1.45,16.185,>16.185,99.990,0.515,0.244,g
2459900.72657,2022-11-17.2271232,bH,1.46,16.304,>16.304,99.990,0.746,0.219,g
2459901.26226,2022-11-17.7628417,bp,2.46,15.533,>15.533,99.990,1.000,0.445,g
2459901.26474,2022-11-17.7653247,bp,1.50,15.761,>15.761,99.990,0.288,0.360,g
2459901.39175,2022-11-17.8923336,bp,1.49,16.123,>16.123,99.990,0.682,0.258,g
2459901.39299,2022-11-17.8935759,bp,1.56,15.996,>15.996,99.990,0.769,0.290,g
2459901.39424,2022-11-17.8948246,bp,1.55,15.836,>15.836,99.990,0.743,0.336,g
2459901.51227,2022-11-18.0128627,bp,1.55,16.121,>16.121,99.990,0.814,0.259,g
2459901.51352,2022-11-18.0141068,bp,1.53,16.176,>16.176,99.990,0.238,0.246,g
2459901.51477,2022-11-18.0153570,bp,1.59,16.091,>16.091,99.990,0.640,0.266,g
2459901.67552,2022-11-18.1761151,bl,1.48,16.293,>16.293,99.990,0.346,0.221,g
2459901.67675,2022-11-18.1773474,bl,1.49,16.390,>16.390,99.990,0.939,0.202,g
2459901.67799,2022-11-18.1785871,bl,1.48,16.262,>16.262,99.990,0.612,0.227,g
2459902.25934,2022-11-18.7599591,bp,1.65,13.793,>13.793,99.990,3.609,2.207,g
2459902.26074,2022-11-18.7613557,bp,1.65,14.321,>14.321,99.990,0.368,1.357,g
2459903.27894,2022-11-19.7796071,bp,1.58,16.126,>16.126,99.990,0.445,0.257,g
2459903.28018,2022-11-19.7808434,bp,1.56,16.050,>16.050,99.990,0.562,0.276,g
2459903.28141,2022-11-19.7820711,bp,1.59,16.298,>16.298,99.990,0.554,0.220,g
2459903.40055,2022-11-19.9012201,bp,1.54,16.299,>16.299,99.990,0.990,0.220,g
2459903.40179,2022-11-19.9024606,bp,1.51,16.228,>16.228,99.990,0.510,0.234,g
2459903.40304,2022-11-19.9037009,bp,1.47,16.087,>16.087,99.990,0.716,0.267,g
2459903.50287,2022-11-20.0035380,bp,1.51,16.120,>16.120,99.990,0.373,0.259,g
2459903.50411,2022-11-20.0047755,bp,1.43,16.146,>16.146,99.990,0.630,0.253,g
2459903.50535,2022-11-20.0060184,bp,1.49,16.175,>16.175,99.990,0.580,0.246,g
2459903.51755,2022-11-20.0182197,bl,1.45,16.292,>16.292,99.990,0.123,0.221,g
2459903.51879,2022-11-20.0194601,bl,1.48,16.111,>16.111,99.990,0.487,0.261,g
2459903.52003,2022-11-20.0207009,bl,1.41,16.193,>16.193,99.990,0.444,0.242,g
2459903.58656,2022-11-20.0872290,bl,1.53,16.099,>16.099,99.990,0.579,0.264,g
2459903.58780,2022-11-20.0884700,bl,1.42,16.203,>16.203,99.990,0.792,0.240,g
2459903.58904,2022-11-20.0897134,bl,1.45,16.156,>16.156,99.990,0.507,0.250,g
2459905.30328,2022-11-21.8040346,bp,1.60,14.832,>14.832,99.990,0.521,0.847,g
2459905.30480,2022-11-21.8055526,bp,1.51,14.486,>14.486,99.990,-2.081,1.166,g
2459905.30604,2022-11-21.8067873,bp,1.56,14.335,>14.335,99.990,-0.439,1.339,g
2459906.46844,2022-11-22.9692278,bp,1.56,16.259,>16.259,99.990,0.740,0.228,g
2459906.46966,2022-11-22.9704612,bp,1.46,16.323,>16.323,99.990,0.580,0.215,g
2459906.47090,2022-11-22.9717008,bp,1.47,16.117,>16.117,99.990,0.604,0.260,g
2459907.52793,2022-11-24.0287631,bl,1.61,15.830,>15.830,99.990,0.123,0.338,g
2459907.52917,2022-11-24.0300026,bl,1.63,15.568,>15.568,99.990,0.603,0.430,g
2459907.53041,2022-11-24.0312420,bl,1.61,15.851,>15.851,99.990,0.945,0.332,g
2459907.72091,2022-11-24.2217509,bl,1.46,16.249,>16.249,99.990,0.795,0.230,g
2459907.72215,2022-11-24.2229974,bl,1.44,16.170,>16.170,99.990,0.551,0.247,g
2459907.72341,2022-11-24.2242579,bl,1.47,16.202,>16.202,99.990,0.618,0.240,g
2459909.27165,2022-11-25.7725548,bp,2.14,15.955,>15.955,99.990,0.587,0.301,g
2459909.27289,2022-11-25.7737967,bp,2.14,15.997,>15.997,99.990,0.744,0.290,g
2459909.27412,2022-11-25.7750259,bp,2.13,16.247,>16.247,99.990,0.186,0.230,g
2459909.39426,2022-11-25.8951732,bp,1.55,16.235,>16.235,99.990,0.464,0.233,g
2459909.39550,2022-11-25.8964137,bp,1.52,16.215,>16.215,99.990,0.690,0.237,g
2459909.39673,2022-11-25.8976449,bp,1.50,16.081,>16.081,99.990,0.629,0.268,g
2459909.50213,2022-11-26.0030432,bp,1.53,16.098,>16.098,99.990,0.263,0.264,g
2459909.50338,2022-11-26.0042921,bp,1.56,16.188,>16.188,99.990,0.202,0.243,g
2459909.58347,2022-11-26.0843984,bH,1.37,16.174,>16.174,99.990,0.837,0.246,g
2459909.58478,2022-11-26.0857089,bH,1.44,16.138,>16.138,99.990,0.801,0.255,g
2459910.26622,2022-11-26.7671710,bp,2.04,15.584,>15.584,99.990,0.397,0.424,g
2459910.26784,2022-11-26.7687946,bp,2.03,15.645,>15.645,99.990,-0.504,0.401,g
2459910.51856,2022-11-27.0195226,bH,2.19,15.999,>15.999,99.990,0.120,0.289,g
2459910.51986,2022-11-27.0208121,bH,2.15,16.152,>16.152,99.990,0.825,0.251,g
2459910.52113,2022-11-27.0220952,bH,2.16,16.057,>16.057,99.990,0.460,0.274,g
2459910.63363,2022-11-27.1345962,bH,1.49,16.362,>16.362,99.990,0.592,0.207,g
2459910.63493,2022-11-27.1358896,bH,1.45,16.268,>16.268,99.990,0.607,0.226,g
2459910.63622,2022-11-27.1371862,bH,1.44,16.158,>16.158,99.990,0.311,0.250,g
2459911.31613,2022-11-27.8171217,bp,1.60,16.089,>16.089,99.990,0.530,0.266,g
2459911.31751,2022-11-27.8185043,bp,1.63,16.060,>16.060,99.990,0.695,0.274,g
2459911.31896,2022-11-27.8199513,bp,1.61,16.037,>16.037,99.990,0.519,0.279,g
2459911.45071,2022-11-27.9517057,bp,1.69,16.266,>16.266,99.990,0.605,0.226,g
2459911.45195,2022-11-27.9529422,bp,1.73,15.997,>15.997,99.990,0.218,0.290,g
2459911.45319,2022-11-27.9541828,bp,1.63,16.159,>16.159,99.990,0.418,0.250,g
2459911.59869,2022-11-28.0996918,bl,1.51,16.278,>16.278,99.990,0.624,0.224,g
2459911.59993,2022-11-28.1009408,bl,1.49,16.271,>16.271,99.990,0.713,0.225,g
2459911.60119,2022-11-28.1021956,bl,1.47,16.099,>16.099,99.990,0.813,0.264,g
2459911.61389,2022-11-28.1148945,bH,1.49,16.239,>16.239,99.990,0.557,0.232,g
2459911.61519,2022-11-28.1161857,bH,1.54,16.218,>16.218,99.990,0.562,0.237,g
2459911.61649,2022-11-28.1174885,bH,1.53,16.271,>16.271,99.990,0.552,0.225,g
2459912.51563,2022-11-29.0166785,bH,2.04,15.736,>15.736,99.990,-0.186,0.369,g
2459912.51692,2022-11-29.0179648,bH,2.03,15.851,>15.851,99.990,0.304,0.331,g
2459912.51822,2022-11-29.0192631,bH,2.01,15.795,>15.795,99.990,1.120,0.349,g
2459913.30831,2022-11-29.8093762,bp,1.54,15.975,>15.975,99.990,0.720,0.296,g
2459913.30955,2022-11-29.8106229,bp,1.57,15.923,>15.923,99.990,0.684,0.310,g
2459913.31079,2022-11-29.8118638,bp,1.50,15.961,>15.961,99.990,0.595,0.300,g
2459914.28368,2022-11-30.7847898,bp,2.01,15.942,>15.942,99.990,0.418,0.305,g
2459914.28499,2022-11-30.7861016,bp,2.00,15.986,>15.986,99.990,0.638,0.293,g
2459914.28623,2022-11-30.7873376,bp,1.61,15.968,>15.968,99.990,1.028,0.298,g
2459914.40372,2022-11-30.9048392,bp,1.56,15.906,>15.906,99.990,0.412,0.315,g
2459914.40496,2022-11-30.9060797,bp,1.51,16.030,>16.030,99.990,0.682,0.281,g
2459914.40620,2022-11-30.9073193,bp,1.50,15.978,>15.978,99.990,0.758,0.295,g
2459914.49083,2022-11-30.9919450,bp,1.50,16.198,>16.198,99.990,0.357,0.241,g
2459914.71855,2022-12-01.2196738,bl,1.46,16.113,>16.113,99.990,0.345,0.260,g
2459914.71980,2022-12-01.2209225,bl,1.50,15.952,>15.952,99.990,0.559,0.302,g
2459915.37958,2022-12-01.8807350,bp,1.57,16.047,>16.047,99.990,0.649,0.277,g
2459915.38094,2022-12-01.8820836,bp,1.52,15.980,>15.980,99.990,0.614,0.294,g
2459915.38217,2022-12-01.8833197,bp,1.48,15.987,>15.987,99.990,0.608,0.293,g
2459915.59758,2022-12-02.0987385,bl,1.47,16.008,>16.008,99.990,0.065,0.287,g
2459915.59882,2022-12-02.0999859,bl,1.42,15.878,>15.878,99.990,0.091,0.324,g
2459915.60009,2022-12-02.1012466,bl,1.47,16.027,>16.027,99.990,0.081,0.282,g
2459915.67087,2022-12-02.1720371,bl,1.45,16.014,>16.014,99.990,0.470,0.286,g
2459915.67211,2022-12-02.1732717,bl,1.55,15.976,>15.976,99.990,0.195,0.296,g
2459915.67335,2022-12-02.1745122,bl,1.47,16.005,>16.005,99.990,0.574,0.288,g
2459915.72435,2022-12-02.2255103,bH,1.46,16.090,>16.090,99.990,0.436,0.266,g
2459915.72563,2022-12-02.2267956,bH,1.47,16.162,>16.162,99.990,0.470,0.249,g
2459915.72691,2022-12-02.2280807,bH,1.45,16.109,>16.109,99.990,0.726,0.261,g
2459916.27225,2022-12-02.7734379,bp,1.65,15.601,>15.601,99.990,0.456,0.418,g
2459916.27350,2022-12-02.7746844,bp,1.63,15.822,>15.822,99.990,0.031,0.341,g
2459916.27474,2022-12-02.7759254,bp,1.69,15.782,>15.782,99.990,0.088,0.353,g
2459916.37237,2022-12-02.8735605,bp,1.50,16.035,>16.035,99.990,0.139,0.280,g
2459916.37361,2022-12-02.8747986,bp,1.48,16.048,>16.048,99.990,0.470,0.277,g
2459916.37486,2022-12-02.8760512,bp,1.44,16.128,>16.128,99.990,0.612,0.257,g
2459916.58740,2022-12-03.0886020,bH,1.39,16.057,>16.057,99.990,0.466,0.274,g
2459916.58869,2022-12-03.0898858,bH,1.45,16.046,>16.046,99.990,0.554,0.277,g
2459916.59001,2022-12-03.0912055,bH,1.40,16.039,>16.039,99.990,0.541,0.279,g
2459917.61877,2022-12-04.1200009,bH,1.43,16.144,>16.144,99.990,0.747,0.253,g
2459917.62006,2022-12-04.1212920,bH,1.43,15.883,>15.883,99.990,0.753,0.322,g
2459917.62136,2022-12-04.1225912,bH,1.43,16.044,>16.044,99.990,0.667,0.278,g
2459918.32641,2022-12-04.8276703,bp,2.36,15.704,>15.704,99.990,0.682,0.380,g
2459918.32765,2022-12-04.8289107,bp,1.58,15.694,>15.694,99.990,0.750,0.383,g
2459918.32888,2022-12-04.8301487,bp,1.69,15.838,>15.838,99.990,0.418,0.336,g
2459918.52676,2022-12-05.0280347,bl,1.49,15.745,>15.745,99.990,0.296,0.365,g
2459918.52800,2022-12-05.0292744,bl,1.51,15.826,>15.826,99.990,0.888,0.339,g
2459918.52924,2022-12-05.0305163,bl,1.50,15.859,>15.859,99.990,0.210,0.329,g
2459920.27481,2022-12-06.7761491,bp,2.05,15.463,>15.463,99.990,0.560,0.474,g
2459920.27607,2022-12-06.7773981,bp,2.00,15.493,>15.493,99.990,0.801,0.461,g
2459920.27731,2022-12-06.7786445,bp,2.00,15.480,>15.480,99.990,0.611,0.467,g
2459920.52431,2022-12-07.0256579,bl,1.48,15.569,>15.569,99.990,0.375,0.430,g
2459920.52555,2022-12-07.0268984,bl,1.47,15.535,>15.535,99.990,1.456,0.444,g
2459920.52680,2022-12-07.0281525,bl,1.41,15.635,>15.635,99.990,0.612,0.405,g
2459920.62337,2022-12-07.1247157,bl,1.48,15.699,>15.699,99.990,0.408,0.381,g
2459920.62459,2022-12-07.1259457,bl,1.47,15.690,>15.690,99.990,-0.350,0.385,g
2459920.62585,2022-12-07.1271907,bl,1.52,15.804,>15.804,99.990,0.169,0.346,g
2459921.29129,2022-12-07.7926593,bp,2.10,15.605,>15.605,99.990,0.151,0.416,g
2459921.29253,2022-12-07.7939060,bp,1.61,15.696,>15.696,99.990,0.214,0.383,g
2459921.29396,2022-12-07.7953259,bp,1.68,15.741,>15.741,99.990,0.960,0.367,g
2459921.55675,2022-12-08.0581321,bH,1.46,15.816,>15.816,99.990,0.023,0.343,g
2459921.55805,2022-12-08.0594289,bH,1.56,15.759,>15.759,99.990,0.516,0.361,g
2459921.55934,2022-12-08.0607155,bH,1.48,15.690,>15.690,99.990,-0.116,0.385,g
2459922.28353,2022-12-08.7849377,bp,2.12,15.100,>15.100,99.990,-0.467,0.662,g
2459922.28479,2022-12-08.7861924,bp,2.10,15.292,>15.292,99.990,0.183,0.555,g
2459922.28603,2022-12-08.7874305,bp,2.09,15.393,>15.393,99.990,0.428,0.506,g
2459922.38427,2022-12-08.8856782,bp,1.60,15.522,>15.522,99.990,0.249,0.449,g
2459922.38553,2022-12-08.8869337,bp,1.58,15.658,>15.658,99.990,0.313,0.396,g
2459922.38679,2022-12-08.8882084,bp,1.55,15.636,>15.636,99.990,0.286,0.404,g
2459922.52649,2022-12-09.0279006,bH,2.37,15.868,>15.868,99.990,0.222,0.326,g
2459922.52778,2022-12-09.0291914,bH,2.38,15.857,>15.857,99.990,1.016,0.330,g
2459922.52905,2022-12-09.0304660,bH,2.36,15.895,>15.895,99.990,0.464,0.318,g
2459923.31025,2022-12-09.8116930,bp,1.53,15.931,>15.931,99.990,0.583,0.308,g
2459923.31149,2022-12-09.8129283,bp,1.51,16.091,>16.091,99.990,0.227,0.266,g
2459923.31273,2022-12-09.8141677,bp,1.51,15.815,>15.815,99.990,0.169,0.343,g
2459923.40948,2022-12-09.9109261,bp,1.51,15.547,>15.547,99.990,0.769,0.439,g
2459923.41072,2022-12-09.9121671,bp,1.52,15.781,>15.781,99.990,0.114,0.354,g
2459923.41195,2022-12-09.9134032,bp,1.50,15.701,>15.701,99.990,1.123,0.381,g
2459923.55635,2022-12-10.0578035,bl,1.71,16.190,>16.190,99.990,0.216,0.243,g
2459923.55759,2022-12-10.0590439,bl,1.75,16.069,>16.069,99.990,0.614,0.271,g
2459923.55884,2022-12-10.0602921,bl,1.59,16.154,>16.154,99.990,0.653,0.251,g
2459925.52287,2022-12-12.0243883,bl,1.58,15.646,>15.646,99.990,0.536,0.401,g
2459925.52537,2022-12-12.0268879,bl,1.58,15.722,>15.722,99.990,0.596,0.373,g
2459926.53136,2022-12-13.0329104,bH,1.72,16.181,>16.181,99.990,0.368,0.245,g
2459926.53266,2022-12-13.0342171,bH,2.42,16.070,>16.070,99.990,0.274,0.271,g
2459926.53395,2022-12-13.0355118,bH,2.40,16.100,>16.100,99.990,0.848,0.264,g
2459927.28209,2022-12-13.7836751,bp,2.09,15.853,>15.853,99.990,0.192,0.331,g
2459927.28342,2022-12-13.7850049,bp,2.08,15.950,>15.950,99.990,0.047,0.303,g
2459927.28467,2022-12-13.7862491,bp,2.06,15.978,>15.978,99.990,0.575,0.295,g
2459927.52760,2022-12-14.0291944,bl,1.62,15.824,>15.824,99.990,0.196,0.340,g
2459927.52886,2022-12-14.0304481,bl,1.67,16.019,>16.019,99.990,0.549,0.284,g
2459927.53011,2022-12-14.0316927,bl,1.53,15.999,>15.999,99.990,0.375,0.289,g
2459928.27493,2022-12-14.7765355,bp,1.68,15.491,>15.491,99.990,-0.175,0.462,g
2459928.27617,2022-12-14.7777771,bp,1.74,15.626,>15.626,99.990,0.302,0.408,g
2459928.27741,2022-12-14.7790190,bp,1.69,15.682,>15.682,99.990,1.060,0.388,g
2459928.52424,2022-12-15.0258643,bH,1.82,15.684,>15.684,99.990,0.408,0.387,g
2459928.52554,2022-12-15.0271633,bH,1.81,15.677,>15.677,99.990,1.253,0.389,g
2459928.52684,2022-12-15.0284554,bH,1.76,15.921,>15.921,99.990,0.483,0.311,g
2459929.58123,2022-12-16.0828770,bH,1.66,16.292,>16.292,99.990,0.598,0.221,g
2459929.58251,2022-12-16.0841649,bH,1.63,16.155,>16.155,99.990,0.430,0.251,g
2459929.58380,2022-12-16.0854534,bH,1.58,16.524,>16.524,99.990,0.658,0.178,g
2459929.65594,2022-12-16.1575945,bH,1.36,16.105,>16.105,99.990,0.382,0.262,g
2459929.65724,2022-12-16.1588921,bH,1.37,16.150,>16.150,99.990,0.493,0.252,g
2459929.65852,2022-12-16.1601810,bH,1.37,16.370,>16.370,99.990,0.755,0.206,g
2459930.56546,2022-12-17.0671376,bl,1.48,15.994,>15.994,99.990,0.540,0.291,g
2459930.56670,2022-12-17.0683865,bl,1.51,16.171,>16.171,99.990,0.420,0.247,g
2459930.56795,2022-12-17.0696321,bl,1.51,16.109,>16.109,99.990,0.511,0.261,g
2459931.60931,2022-12-18.1110208,bl,1.46,16.173,>16.173,99.990,0.384,0.246,g
2459931.61055,2022-12-18.1122662,bl,1.44,16.185,>16.185,99.990,0.760,0.244,g
2459931.61180,2022-12-18.1135164,bl,1.42,16.459,>16.459,99.990,0.681,0.189,g
2459932.31116,2022-12-18.8129024,bp,1.54,16.169,>16.169,99.990,0.969,0.247,g
2459932.31239,2022-12-18.8141350,bp,1.52,16.179,>16.179,99.990,0.688,0.245,g
2459932.31364,2022-12-18.8153814,bp,1.54,16.269,>16.269,99.990,0.519,0.226,g
2459932.39591,2022-12-18.8976501,bp,1.50,16.240,>16.240,99.990,0.960,0.232,g
2459932.39715,2022-12-18.8988908,bp,1.58,16.151,>16.151,99.990,0.696,0.251,g
2459932.39838,2022-12-18.9001236,bp,1.53,16.067,>16.067,99.990,0.191,0.272,g
2459932.64452,2022-12-19.1462730,bH,1.45,16.281,>16.281,99.990,0.713,0.223,g
2459932.64582,2022-12-19.1475694,bH,1.42,16.357,>16.357,99.990,0.498,0.208,g
2459932.64711,2022-12-19.1488540,bH,1.40,16.168,>16.168,99.990,0.553,0.248,g
2459933.53400,2022-12-20.0357789,bl,1.56,15.933,>15.933,99.990,1.439,0.308,g
2459933.53524,2022-12-20.0370193,bl,1.49,16.028,>16.028,99.990,0.354,0.282,g
2459933.53649,2022-12-20.0382679,bl,1.53,15.977,>15.977,99.990,0.160,0.295,g
2459934.28130,2022-12-20.7830987,bp,1.60,15.893,>15.893,99.990,0.112,0.319,g
2459934.28254,2022-12-20.7843372,bp,1.59,15.967,>15.967,99.990,0.386,0.298,g
2459934.28378,2022-12-20.7855781,bp,1.50,16.059,>16.059,99.990,0.072,0.274,g
2459934.52677,2022-12-21.0285712,bH,1.66,15.531,>15.531,99.990,0.109,0.445,g
2459934.52806,2022-12-21.0298650,bH,1.84,15.667,>15.667,99.990,0.854,0.393,g
2459934.52936,2022-12-21.0311674,bH,1.86,15.785,>15.785,99.990,0.747,0.353,g
2459935.28564,2022-12-21.7874697,bp,1.59,15.887,>15.887,99.990,0.272,0.321,g
2459935.28688,2022-12-21.7887142,bp,1.63,15.999,>15.999,99.990,0.508,0.289,g
2459935.28812,2022-12-21.7899502,bp,1.61,15.999,>15.999,99.990,0.180,0.289,g
2459935.67370,2022-12-22.1755381,bH,1.46,16.213,>16.213,99.990,0.656,0.238,g
2459935.67501,2022-12-22.1768487,bH,1.43,16.193,>16.193,99.990,0.499,0.242,g
2459935.67632,2022-12-22.1781597,bH,1.42,16.144,>16.144,99.990,0.612,0.253,g
2459936.28180,2022-12-22.7836593,bp,1.67,15.800,>15.800,99.990,0.302,0.348,g
2459936.28305,2022-12-22.7849079,bp,1.73,15.762,>15.762,99.990,0.788,0.360,g
2459936.28440,2022-12-22.7862612,bp,1.73,15.814,>15.814,99.990,0.452,0.343,g
2459937.59678,2022-12-24.0986825,bH,1.39,16.295,>16.295,99.990,0.545,0.220,g
2459937.59808,2022-12-24.0999776,bH,1.40,16.218,>16.218,99.990,0.817,0.236,g
2459937.59939,2022-12-24.1012799,bH,1.42,16.109,>16.109,99.990,0.536,0.262,g
2459938.38124,2022-12-24.8831543,bp,2.12,99.990,99.990,99.990,99.990,99.990,g
2459938.58511,2022-12-25.0870324,bH,1.42,16.144,>16.144,99.990,0.481,0.253,g
2459938.58641,2022-12-25.0883297,bH,1.40,16.196,>16.196,99.990,0.735,0.241,g
2459938.58769,2022-12-25.0896128,bH,1.42,16.415,>16.415,99.990,0.525,0.197,g
2459939.35081,2022-12-25.8527520,bp,1.55,16.135,>16.135,99.990,0.563,0.255,g
2459939.35204,2022-12-25.8539833,bp,1.62,16.136,>16.136,99.990,0.286,0.255,g
2459939.35328,2022-12-25.8552238,bp,1.65,16.116,>16.116,99.990,0.743,0.260,g
2459939.58858,2022-12-26.0905238,bl,1.50,16.147,>16.147,99.990,0.578,0.253,g
2459939.58982,2022-12-26.0917633,bl,1.43,16.284,>16.284,99.990,0.652,0.223,g
2459939.59106,2022-12-26.0930089,bl,1.44,16.136,>16.136,99.990,0.615,0.255,g
2459940.28658,2022-12-26.7885483,bp,1.59,15.898,>15.898,99.990,0.855,0.318,g
2459940.28782,2022-12-26.7897949,bp,1.56,15.911,>15.911,99.990,0.084,0.314,g
2459940.28906,2022-12-26.7910331,bp,1.59,15.999,>15.999,99.990,0.525,0.289,g
2459940.41055,2022-12-26.9125209,bp,1.45,16.065,>16.065,99.990,0.878,0.272,g
2459940.41178,2022-12-26.91375,bp,1.51,16.215,>16.215,99.990,0.907,0.237,g
2459940.41301,2022-12-26.9149835,bp,1.46,16.173,>16.173,99.990,0.451,0.247,g
2459940.58538,2022-12-27.0873599,bl,1.45,16.112,>16.112,99.990,0.633,0.261,g
2459940.58663,2022-12-27.0885981,bl,1.43,16.073,>16.073,99.990,0.726,0.270,g
2459940.58787,2022-12-27.0898438,bl,1.50,16.128,>16.128,99.990,0.480,0.257,g
2459941.28299,2022-12-27.7849825,bp,1.53,15.714,>15.714,99.990,0.789,0.376,g
2459941.28423,2022-12-27.7862199,bp,1.55,15.868,>15.868,99.990,0.567,0.326,g
2459941.28548,2022-12-27.7874747,bp,1.52,15.796,>15.796,99.990,0.538,0.349,g
2459941.38148,2022-12-27.8834762,bp,1.51,16.102,>16.102,99.990,0.581,0.263,g
2459941.38273,2022-12-27.8847306,bp,1.52,16.136,>16.136,99.990,0.859,0.255,g
2459941.38397,2022-12-27.8859690,bp,1.51,16.108,>16.108,99.990,0.409,0.262,g
2459942.37498,2022-12-28.8770056,bp,1.57,16.041,>16.041,99.990,0.371,0.278,g
2459942.37622,2022-12-28.8782473,bp,1.53,16.151,>16.151,99.990,0.479,0.252,g
2459942.37747,2022-12-28.8795009,bp,1.60,16.014,>16.014,99.990,0.766,0.285,g
2459943.38788,2022-12-29.8899298,bp,2.35,15.961,>15.961,99.990,0.254,0.300,g
2459943.38912,2022-12-29.8911726,bp,2.44,15.883,>15.883,99.990,-0.148,0.322,g
2459943.39050,2022-12-29.8925539,bp,2.37,15.957,>15.957,99.990,0.938,0.301,g
2459943.53263,2022-12-30.0346759,bH,2.24,15.770,>15.770,99.990,0.360,0.357,g
2459943.53391,2022-12-30.0359680,bH,2.18,15.780,>15.780,99.990,0.774,0.354,g
2459943.53521,2022-12-30.0372668,bH,2.17,15.901,>15.901,99.990,0.138,0.317,g
2459943.62145,2022-12-30.1234947,bH,1.45,16.053,>16.053,99.990,0.219,0.275,g
2459943.62276,2022-12-30.1248045,bH,1.37,16.248,>16.248,99.990,0.870,0.230,g
2459943.62403,2022-12-30.1260843,bH,1.44,16.066,>16.066,99.990,0.882,0.272,g
2459944.28343,2022-12-30.7854913,bp,1.55,15.712,>15.712,99.990,-0.084,0.377,g
2459944.28468,2022-12-30.7867415,bp,1.45,15.672,>15.672,99.990,0.259,0.391,g
2459944.28596,2022-12-30.7880373,bp,1.52,15.728,>15.728,99.990,0.354,0.372,g
2459946.31081,2023-01-01.8129258,bp,2.15,15.986,>15.986,99.990,-0.145,0.293,g
2459946.31204,2023-01-01.8141524,bp,2.13,15.818,>15.818,99.990,0.639,0.342,g
2459946.31336,2023-01-01.8154715,bp,2.19,15.775,>15.775,99.990,0.556,0.356,g
2459947.30644,2023-01-02.8085785,bp,2.01,15.855,>15.855,99.990,0.381,0.330,g
2459947.30770,2023-01-02.8098278,bp,2.04,15.883,>15.883,99.990,0.826,0.322,g
2459947.30895,2023-01-02.8110788,bp,2.03,15.707,>15.707,99.990,0.256,0.379,g
2459948.29377,2023-01-03.7959270,bp,1.62,15.653,>15.653,99.990,0.793,0.398,g
2459948.29519,2023-01-03.7973552,bp,1.61,15.711,>15.711,99.990,0.790,0.377,g
2459948.29670,2023-01-03.7988620,bp,1.56,15.666,>15.666,99.990,1.187,0.393,g
2459949.60235,2023-01-05.1045319,bH,1.40,15.852,>15.852,99.990,0.923,0.331,g
2459949.60365,2023-01-05.1058284,bH,1.41,15.673,>15.673,99.990,0.488,0.391,g
2459949.60494,2023-01-05.1071174,bH,1.49,15.667,>15.667,99.990,-0.035,0.393,g
2459950.31780,2023-01-05.8199932,bp,2.01,15.622,>15.622,99.990,0.779,0.410,g
2459950.31939,2023-01-05.8215821,bp,1.99,15.222,>15.222,99.990,-0.607,0.592,g
2459950.32101,2023-01-05.8232048,bp,1.68,15.334,>15.334,99.990,0.120,0.534,g
2459951.28372,2023-01-06.7859446,bp,1.51,15.319,>15.319,99.990,1.208,0.541,g
2459951.28497,2023-01-06.7871898,bp,1.56,15.473,>15.473,99.990,0.703,0.470,g
2459951.28622,2023-01-06.7884284,bp,1.49,15.764,>15.764,99.990,0.316,0.359,g
2459952.29777,2023-01-07.8000017,bp,1.58,15.788,>15.788,99.990,0.661,0.352,g
2459952.29901,2023-01-07.8012425,bp,1.54,15.807,>15.807,99.990,0.638,0.345,g
2459952.30025,2023-01-07.8024810,bp,1.57,15.672,>15.672,99.990,0.705,0.391,g
2459952.54925,2023-01-08.0514875,bH,1.39,16.150,>16.150,99.990,0.602,0.252,g
2459952.55053,2023-01-08.0527769,bH,1.42,15.918,>15.918,99.990,0.598,0.312,g
2459952.55182,2023-01-08.0540593,bH,1.39,15.892,>15.892,99.990,-0.009,0.319,g
2459952.57492,2023-01-08.0771622,bl,1.52,15.800,>15.800,99.990,0.290,0.348,g
2459952.57617,2023-01-08.0784019,bl,1.52,15.682,>15.682,99.990,0.850,0.388,g
2459952.57741,2023-01-08.0796414,bl,1.52,15.641,>15.641,99.990,1.084,0.403,g
2459953.30329,2023-01-08.8055493,bp,1.73,16.012,>16.012,99.990,0.725,0.286,g
2459953.30454,2023-01-08.8067960,bp,1.74,15.977,>15.977,99.990,0.067,0.295,g
2459953.30594,2023-01-08.8082046,bp,1.76,16.072,>16.072,99.990,-0.115,0.271,g
2459953.52935,2023-01-09.0316027,bl,1.51,15.550,>15.550,99.990,0.675,0.438,g
2459953.53059,2023-01-09.0328447,bl,1.58,15.433,>15.433,99.990,0.371,0.488,g
2459953.53182,2023-01-09.0340739,bl,1.55,15.734,>15.734,99.990,0.443,0.369,g
2459953.62476,2023-01-09.1270136,bH,1.41,15.884,>15.884,99.990,1.119,0.322,g
2459953.62607,2023-01-09.1283236,bH,1.54,15.685,>15.685,99.990,0.080,0.386,g
2459953.62737,2023-01-09.1296214,bH,1.43,15.772,>15.772,99.990,0.507,0.357,g
2459954.28720,2023-01-09.7894734,bp,1.54,16.047,>16.047,99.990,0.507,0.277,g
2459954.28844,2023-01-09.7907164,bp,1.61,15.995,>15.995,99.990,0.530,0.290,g
2459954.28968,2023-01-09.7919565,bp,1.62,15.956,>15.956,99.990,0.431,0.301,g
2459954.53288,2023-01-10.0351521,bl,1.48,15.736,>15.736,99.990,0.698,0.369,g
2459954.53412,2023-01-10.0363925,bl,1.52,15.828,>15.828,99.990,-0.134,0.339,g
2459954.53537,2023-01-10.0376449,bl,1.49,16.009,>16.009,99.990,0.495,0.287,g
2459955.28823,2023-01-10.7905281,bp,2.00,15.616,>15.616,99.990,0.281,0.412,g
2459955.28956,2023-01-10.7918450,bp,1.84,15.672,>15.672,99.990,-0.335,0.391,g
2459955.29084,2023-01-10.7931335,bp,1.90,16.000,>16.000,99.990,0.192,0.289,g
2459955.54803,2023-01-11.0503297,bl,1.58,16.118,>16.118,99.990,0.296,0.259,g
2459955.54928,2023-01-11.0515717,bl,1.48,16.136,>16.136,99.990,0.486,0.255,g
2459955.55052,2023-01-11.0528128,bl,1.51,16.121,>16.121,99.990,0.484,0.259,g
2459959.27870,2023-01-14.7810487,bp,2.21,15.512,>15.512,99.990,1.117,0.453,g
2459959.27996,2023-01-14.7823047,bp,2.23,15.733,>15.733,99.990,0.184,0.370,g
2459959.28120,2023-01-14.7835456,bp,2.23,15.568,>15.568,99.990,0.820,0.430,g
2459959.52852,2023-01-15.0308800,bH,1.47,15.522,>15.522,99.990,0.707,0.449,g
2459959.52981,2023-01-15.0321690,bH,1.47,15.578,>15.578,99.990,0.559,0.426,g
2459959.53113,2023-01-15.0334811,bH,1.44,15.882,>15.882,99.990,0.174,0.322,g
2459960.34552,2023-01-15.8478806,bp,1.68,16.127,>16.127,99.990,0.668,0.257,g
2459960.34675,2023-01-15.8491097,bp,1.69,16.185,>16.185,99.990,0.873,0.244,g
2459960.34798,2023-01-15.8503375,bp,1.69,16.212,>16.212,99.990,0.676,0.238,g
2459961.29068,2023-01-16.7930428,bp,2.48,16.115,>16.115,99.990,0.738,0.260,g
2459961.52792,2023-01-17.0302966,bl,1.50,15.373,>15.373,99.990,0.047,0.515,g
2459961.52918,2023-01-17.0315476,bl,1.53,15.634,>15.634,99.990,0.344,0.405,g
2459961.53042,2023-01-17.0327908,bl,1.51,15.596,>15.596,99.990,0.514,0.420,g
2459962.53404,2023-01-18.0364302,bH,1.54,15.928,>15.928,99.990,0.254,0.309,g
2459962.53532,2023-01-18.0377112,bH,1.45,16.038,>16.038,99.990,0.084,0.279,g
2459962.53663,2023-01-18.0390170,bH,1.41,16.034,>16.034,99.990,0.748,0.280,g
2459963.55933,2023-01-19.0617194,bH,1.38,16.154,>16.154,99.990,0.553,0.251,g
2459963.56060,2023-01-19.0629959,bH,1.44,16.187,>16.187,99.990,0.705,0.243,g
2459963.56188,2023-01-19.0642798,bH,1.42,16.183,>16.183,99.990,0.440,0.244,g
2459964.59677,2023-01-20.0991725,bH,1.43,16.155,>16.155,99.990,0.458,0.251,g
2459964.59803,2023-01-20.1004413,bH,1.41,16.178,>16.178,99.990,0.864,0.246,g
2459964.59932,2023-01-20.1017209,bH,1.43,16.287,>16.287,99.990,0.672,0.222,g
2459965.59532,2023-01-21.0977336,bH,1.39,16.153,>16.153,99.990,0.285,0.251,g
2459965.59658,2023-01-21.0990037,bH,1.40,16.176,>16.176,99.990,0.469,0.246,g
2459966.59096,2023-01-22.0933880,bH,1.42,16.254,>16.254,99.990,0.494,0.229,g
2459966.59226,2023-01-22.0946859,bH,1.39,16.312,>16.312,99.990,0.645,0.217,g
2459966.59355,2023-01-22.0959738,bH,1.41,16.293,>16.293,99.990,0.520,0.221,g
2459967.59177,2023-01-23.0941988,bH,1.33,16.181,>16.181,99.990,0.308,0.245,g
2459968.29445,2023-01-23.7968912,bp,1.79,16.128,>16.128,99.990,0.643,0.257,g
2459968.58371,2023-01-24.0861413,bH,1.40,16.140,>16.140,99.990,0.642,0.254,g
2459968.58500,2023-01-24.0874341,bH,1.42,16.262,>16.262,99.990,0.968,0.227,g
2459968.58628,2023-01-24.0887180,bH,1.36,16.225,>16.225,99.990,0.871,0.235,g
2459969.31010,2023-01-24.8125368,bp,1.61,16.254,>16.254,99.990,0.443,0.229,g
2459969.31134,2023-01-24.8137833,bp,1.64,16.161,>16.161,99.990,0.356,0.249,g
2459969.31259,2023-01-24.8150296,bp,1.55,16.113,>16.113,99.990,0.673,0.261,g
2459969.58312,2023-01-25.0855568,bH,1.42,16.185,>16.185,99.990,0.403,0.244,g
2459969.58439,2023-01-25.0868327,bH,1.40,16.150,>16.150,99.990,0.697,0.252,g
2459969.58568,2023-01-25.0881219,bH,1.40,16.148,>16.148,99.990,0.386,0.252,g
2459970.57776,2023-01-26.0802136,bH,1.38,16.099,>16.099,99.990,0.520,0.264,g
2459970.57905,2023-01-26.0815031,bH,1.39,16.366,>16.366,99.990,0.898,0.206,g
2459970.58035,2023-01-26.0828010,bH,1.39,16.179,>16.179,99.990,0.839,0.245,g
2459971.30148,2023-01-26.8039290,bp,1.68,16.148,>16.148,99.990,0.505,0.252,g
2459971.30396,2023-01-26.8064129,bp,1.73,16.171,>16.171,99.990,0.597,0.247,g
2459973.53179,2023-01-29.0342520,bH,1.47,15.959,>15.959,99.990,0.289,0.300,g
2459973.53308,2023-01-29.0355358,bH,1.54,15.960,>15.960,99.990,0.093,0.300,g
2459973.53437,2023-01-29.0368324,bH,1.52,16.026,>16.026,99.990,0.272,0.282,g
2459974.53501,2023-01-30.0374704,bl,1.53,16.006,>16.006,99.990,0.696,0.288,g
2459974.53626,2023-01-30.0387207,bl,1.58,16.146,>16.146,99.990,0.525,0.253,g
2459974.53750,2023-01-30.0399635,bl,1.61,16.166,>16.166,99.990,0.660,0.248,g
2459976.27973,2023-01-31.7821902,bp,2.05,15.816,>15.816,99.990,0.280,0.343,g
2459976.28096,2023-01-31.7834215,bp,2.06,15.905,>15.905,99.990,-0.055,0.315,g
2459976.28220,2023-01-31.7846685,bp,2.03,15.835,>15.835,99.990,0.382,0.336,g
2459977.31351,2023-02-01.8159780,bp,1.51,15.997,>15.997,99.990,0.141,0.290,g
2459977.31475,2023-02-01.8172190,bp,1.49,15.921,>15.921,99.990,0.861,0.311,g
2459977.31599,2023-02-01.8184586,bp,1.47,15.912,>15.912,99.990,0.222,0.313,g
2459981.30269,2023-02-05.8051493,bp,1.53,15.739,>15.739,99.990,0.460,0.368,g
2459981.30393,2023-02-05.8063902,bp,1.53,15.520,>15.520,99.990,0.969,0.450,g
2459981.30518,2023-02-05.8076453,bp,1.54,15.607,>15.607,99.990,0.510,0.415,g
2459982.54673,2023-02-07.0491827,bH,1.47,15.804,>15.804,99.990,0.480,0.346,g
2459982.54803,2023-02-07.0504865,bH,1.47,15.851,>15.851,99.990,0.612,0.332,g
2459982.54932,2023-02-07.0517809,bH,1.60,15.708,>15.708,99.990,0.290,0.378,g
2459983.54628,2023-02-08.0487374,bH,1.54,16.082,>16.082,99.990,0.737,0.268,g
2459983.54758,2023-02-08.0500363,bH,1.54,15.999,>15.999,99.990,0.120,0.289,g
2459984.28176,2023-02-08.7842040,bp,1.50,16.174,>16.174,99.990,0.718,0.246,g
2459984.28299,2023-02-08.7854306,bp,1.50,16.282,>16.282,99.990,0.743,0.223,g
2459984.28422,2023-02-08.7866653,bp,1.50,16.152,>16.152,99.990,0.542,0.251,g
2459985.28104,2023-02-09.7834792,bp,1.54,16.116,>16.116,99.990,0.665,0.260,g
2459985.28227,2023-02-09.7847152,bp,1.51,16.212,>16.212,99.990,0.547,0.238,g
2459985.28354,2023-02-09.7859736,bp,1.56,16.154,>16.154,99.990,0.916,0.251,g
2459987.53028,2023-02-12.0327042,bH,1.79,16.016,>16.016,99.990,0.374,0.285,g
2459987.53157,2023-02-12.0339964,bH,1.81,16.112,>16.112,99.990,0.326,0.261,g
2459987.53287,2023-02-12.0352995,bH,1.85,16.070,>16.070,99.990,0.838,0.271,g
2459988.27537,2023-02-12.7777908,bp,1.63,16.030,>16.030,99.990,0.479,0.281,g
2459988.27661,2023-02-12.7790337,bp,1.70,16.157,>16.157,99.990,0.752,0.250,g
2459988.27787,2023-02-12.7802873,bp,1.65,16.392,>16.392,99.990,0.868,0.202,g
2459989.52632,2023-02-14.0287331,bH,1.61,16.124,>16.124,99.990,0.645,0.258,g
2459989.52762,2023-02-14.0300340,bH,1.53,16.117,>16.117,99.990,0.388,0.259,g
2459989.52893,2023-02-14.0313438,bH,1.53,16.111,>16.111,99.990,0.761,0.261,g
2459990.27369,2023-02-14.7760913,bp,1.67,16.203,>16.203,99.990,0.370,0.240,g
2459990.27493,2023-02-14.7773405,bp,1.76,16.176,>16.176,99.990,0.626,0.246,g
2459990.27618,2023-02-14.7785824,bp,1.72,16.224,>16.224,99.990,0.414,0.235,g
2459990.52719,2023-02-15.0295858,bH,1.47,16.178,>16.178,99.990,0.831,0.245,g
2459990.52847,2023-02-15.0308641,bH,1.45,16.290,>16.290,99.990,0.621,0.221,g
2459991.26986,2023-02-15.7722449,bp,1.61,16.058,>16.058,99.990,0.463,0.274,g
2459991.27110,2023-02-15.7734863,bp,1.57,16.045,>16.045,99.990,0.211,0.277,g
2459991.27234,2023-02-15.7747276,bp,1.63,16.051,>16.051,99.990,0.497,0.276,g
2459991.52493,2023-02-16.0273203,bH,1.56,16.211,>16.211,99.990,0.771,0.238,g
2459991.52623,2023-02-16.0286164,bH,1.53,16.160,>16.160,99.990,0.524,0.250,g
2459994.26182,2023-02-18.7641730,bp,1.46,15.739,>15.739,99.990,0.424,0.368,g
2459994.26306,2023-02-18.7654159,bp,1.51,15.904,>15.904,99.990,0.276,0.316,g
2459994.26430,2023-02-18.7666590,bp,1.44,15.902,>15.902,99.990,0.794,0.317,g
2459995.26702,2023-02-19.7693717,bp,1.57,16.076,>16.076,99.990,0.176,0.270,g
2459995.26863,2023-02-19.7709766,bp,1.53,16.194,>16.194,99.990,0.174,0.242,g
2459997.25684,2023-02-21.7591552,bp,1.90,15.423,>15.423,99.990,0.136,0.492,g
2459997.25811,2023-02-21.7604240,bp,1.52,15.496,>15.496,99.990,0.510,0.460,g
2459997.25934,2023-02-21.7616590,bp,1.62,15.705,>15.705,99.990,0.593,0.379,g
2459999.25649,2023-02-23.7587729,bp,2.22,15.650,>15.650,99.990,0.781,0.399,g
2459999.25774,2023-02-23.7600230,bp,2.19,15.556,>15.556,99.990,0.409,0.435,g
2460069.92907,2023-05-05.4289516,bl,1.61,15.383,>15.383,99.990,0.229,0.510,g
2460069.93031,2023-05-05.4301993,bl,1.45,15.451,>15.451,99.990,0.029,0.480,g
2460069.93155,2023-05-05.4314401,bl,1.51,15.243,>15.243,99.990,0.935,0.581,g
2460071.92052,2023-05-07.4203212,bl,1.57,15.418,>15.418,99.990,0.303,0.494,g
2460071.92176,2023-05-07.4215629,bl,1.61,15.546,>15.546,99.990,0.939,0.439,g
2460071.92301,2023-05-07.4228061,bl,1.53,15.518,>15.518,99.990,0.218,0.450,g
2460072.92807,2023-05-08.4278373,bl,1.58,15.608,>15.608,99.990,0.167,0.415,g
2460072.92933,2023-05-08.4290839,bl,1.58,15.570,>15.570,99.990,-0.056,0.430,g
2460072.93057,2023-05-08.4303233,bl,1.52,15.573,>15.573,99.990,0.037,0.429,g
2460073.91598,2023-05-09.4156922,bH,1.47,15.937,>15.937,99.990,0.246,0.306,g
2460073.91728,2023-05-09.4169901,bH,1.41,15.847,>15.847,99.990,0.587,0.333,g
2460073.91855,2023-05-09.4182717,bH,1.48,15.948,>15.948,99.990,-0.106,0.303,g
2460076.93365,2023-05-12.4332495,bl,1.46,15.589,>15.589,99.990,-0.145,0.422,g
2460076.93490,2023-05-12.4344868,bl,1.60,15.449,>15.449,99.990,0.510,0.480,g
2460076.93614,2023-05-12.4357299,bl,1.54,15.266,>15.266,99.990,0.651,0.569,g
2460098.92198,2023-06-03.4206910,bH,1.49,15.627,>15.627,99.990,0.867,0.408,g
2460098.92329,2023-06-03.4220012,bH,1.50,15.538,>15.538,99.990,-0.341,0.442,g
2460107.86492,2023-06-12.3633208,bl,1.48,16.082,>16.082,99.990,0.027,0.268,g
2460107.86616,2023-06-12.3645707,bl,1.51,16.155,>16.155,99.990,0.392,0.251,g
2460107.86740,2023-06-12.3658053,bl,1.52,16.104,>16.104,99.990,0.399,0.263,g
2460108.94586,2023-06-13.4442251,bH,1.44,15.928,>15.928,99.990,0.519,0.309,g
2460108.94715,2023-06-13.4455133,bH,1.49,15.859,>15.859,99.990,0.775,0.329,g
2460108.94844,2023-06-13.4467989,bH,1.44,15.737,>15.737,99.990,1.023,0.368,g
2460109.82386,2023-06-14.3222024,bH,1.40,16.197,>16.197,99.990,0.331,0.241,g
2460109.82516,2023-06-14.3234994,bH,1.40,16.234,>16.234,99.990,0.626,0.233,g
2460109.82646,2023-06-14.3248045,bH,1.38,16.288,>16.288,99.990,0.745,0.222,g
2460109.84658,2023-06-14.3449231,bl,1.69,16.149,>16.149,99.990,0.392,0.252,g
2460109.84783,2023-06-14.3461695,bl,1.74,16.186,>16.186,99.990,0.201,0.244,g
2460109.84909,2023-06-14.3474305,bl,1.68,16.082,>16.082,99.990,0.390,0.268,g
2460110.93819,2023-06-15.4364891,bH,1.43,16.194,>16.194,99.990,0.386,0.242,g
2460110.93949,2023-06-15.4377875,bH,1.47,16.083,>16.083,99.990,0.374,0.268,g
2460110.94079,2023-06-15.4390868,bH,1.39,16.231,>16.231,99.990,0.506,0.234,g
2460111.82708,2023-06-16.3253578,bH,1.52,16.207,>16.207,99.990,0.726,0.239,g
2460111.82838,2023-06-16.3266608,bH,1.51,16.160,>16.160,99.990,0.440,0.249,g
2460111.82968,2023-06-16.3279548,bH,1.50,16.174,>16.174,99.990,0.476,0.246,g
2460111.84285,2023-06-16.3411333,bH,1.62,16.180,>16.180,99.990,0.357,0.245,g
2460111.84414,2023-06-16.3424187,bH,1.55,16.154,>16.154,99.990,0.536,0.251,g
2460111.84544,2023-06-16.3437112,bH,1.56,16.173,>16.173,99.990,0.435,0.247,g
2460112.86817,2023-06-17.3664093,bH,1.37,16.245,>16.245,99.990,0.754,0.231,g
2460112.86947,2023-06-17.3677100,bH,1.43,16.209,>16.209,99.990,0.555,0.239,g
2460112.87075,2023-06-17.3689927,bH,1.45,16.448,>16.448,99.990,0.696,0.191,g
2460113.82185,2023-06-18.3200738,bH,1.45,16.389,>16.389,99.990,0.692,0.202,g
2460113.82314,2023-06-18.3213603,bH,1.47,16.142,>16.142,99.990,0.671,0.254,g
2460113.82443,2023-06-18.3226472,bH,1.50,16.180,>16.180,99.990,0.863,0.245,g
2460114.82265,2023-06-19.3208288,bH,2.08,16.160,>16.160,99.990,0.679,0.250,g
2460114.82392,2023-06-19.3221063,bH,2.07,16.352,>16.352,99.990,0.632,0.209,g
2460114.82522,2023-06-19.3234030,bH,2.05,16.236,>16.236,99.990,0.615,0.233,g
2460116.62706,2023-06-21.1251856,bp,1.55,16.048,>16.048,99.990,0.524,0.277,g
2460116.87184,2023-06-21.3699664,bl,1.46,16.134,>16.134,99.990,1.011,0.256,g
2460116.87308,2023-06-21.3712074,bl,1.47,16.215,>16.215,99.990,0.611,0.237,g
2460116.87432,2023-06-21.3724432,bl,1.47,16.554,16.466,0.203,0.942,0.174,g
2460118.55750,2023-06-23.0555765,bp,1.56,16.300,>16.300,99.990,0.738,0.219,g
2460118.55875,2023-06-23.0568310,bp,1.59,16.245,>16.245,99.990,0.686,0.231,g
2460118.56000,2023-06-23.0580856,bp,1.54,16.236,>16.236,99.990,0.954,0.233,g
2460119.91192,2023-06-24.4099633,bl,1.46,16.193,>16.193,99.990,0.630,0.242,g
2460119.91316,2023-06-24.4112016,bl,1.53,16.226,>16.226,99.990,0.721,0.235,g
2460119.91440,2023-06-24.4124456,bl,1.49,16.243,>16.243,99.990,0.469,0.231,g
2460120.81192,2023-06-25.3099332,bH,1.46,16.143,>16.143,99.990,0.479,0.253,g
2460120.81322,2023-06-25.3112290,bH,1.48,16.157,>16.157,99.990,0.307,0.250,g
2460120.81449,2023-06-25.3125127,bH,1.48,16.386,>16.386,99.990,0.530,0.203,g
2460121.80811,2023-06-26.3060937,bl,1.75,99.990,99.990,99.990,99.990,99.990,g
2460121.80935,2023-06-26.3073436,bl,1.71,99.990,99.990,99.990,99.990,99.990,g
2460121.81060,2023-06-26.3085869,bl,1.73,14.872,>14.872,99.990,1.084,0.817,g
2460123.78632,2023-06-28.2842633,bl,1.54,16.220,>16.220,99.990,0.247,0.236,g
2460123.78758,2023-06-28.2855193,bl,1.67,16.063,>16.063,99.990,0.669,0.273,g
2460123.78882,2023-06-28.2867601,bl,1.63,16.023,>16.023,99.990,0.443,0.283,g
2460124.81272,2023-06-29.3106406,bH,1.68,16.068,>16.068,99.990,0.337,0.272,g
2460124.81403,2023-06-29.3119467,bH,1.71,16.121,>16.121,99.990,0.511,0.259,g
2460124.81531,2023-06-29.3132225,bH,1.68,16.210,>16.210,99.990,0.448,0.238,g
2460125.79894,2023-06-30.2968337,bH,1.71,16.084,>16.084,99.990,-0.221,0.268,g
2460125.80023,2023-06-30.2981305,bH,1.72,15.905,>15.905,99.990,-0.261,0.316,g
2460125.80153,2023-06-30.2994261,bH,1.77,15.966,>15.966,99.990,0.018,0.298,g
2460126.54095,2023-07-01.0388239,bp,1.49,15.874,>15.874,99.990,0.032,0.325,g
2460126.54220,2023-07-01.0400797,bp,1.48,15.832,>15.832,99.990,1.443,0.338,g
2460126.54346,2023-07-01.0413274,bp,1.45,15.867,>15.867,99.990,0.895,0.327,g
2460126.58987,2023-07-01.0877429,bp,1.54,15.819,>15.819,99.990,0.918,0.342,g
2460126.59111,2023-07-01.0889837,bp,1.54,15.944,>15.944,99.990,1.264,0.305,g
2460126.59235,2023-07-01.0902232,bp,1.52,15.935,>15.935,99.990,0.874,0.307,g
2460126.79160,2023-07-01.2894778,bH,1.53,15.673,>15.673,99.990,0.416,0.391,g
2460126.79290,2023-07-01.2907675,bH,1.58,15.716,>15.716,99.990,1.088,0.376,g
2460126.79421,2023-07-01.2920739,bH,1.53,15.863,>15.863,99.990,0.208,0.328,g
2460127.79157,2023-07-02.2894225,bH,1.49,15.399,>15.399,99.990,0.971,0.503,g
2460127.79286,2023-07-02.2907109,bH,1.50,15.498,>15.498,99.990,-1.087,0.459,g
2460127.79415,2023-07-02.2919957,bH,1.60,15.461,>15.461,99.990,-2.713,0.475,g
2460128.53839,2023-07-03.0362172,bp,1.48,15.570,>15.570,99.990,-0.067,0.429,g
2460128.53970,2023-07-03.0375291,bp,1.53,15.501,>15.501,99.990,-1.133,0.458,g
2460128.54095,2023-07-03.0387826,bp,1.47,15.692,>15.692,99.990,1.367,0.384,g
2460128.82172,2023-07-03.3195483,bH,1.48,15.345,>15.345,99.990,-1.983,0.529,g
2460128.82302,2023-07-03.3208413,bH,1.53,15.389,>15.389,99.990,1.076,0.508,g
2460128.82432,2023-07-03.3221443,bH,1.62,15.320,>15.320,99.990,-1.054,0.541,g
2460129.56091,2023-07-04.0587226,bp,1.51,15.417,>15.417,99.990,-0.378,0.495,g
2460129.56218,2023-07-04.0599809,bp,1.60,15.483,>15.483,99.990,-0.519,0.465,g
2460129.56344,2023-07-04.0612460,bp,1.59,15.461,>15.461,99.990,0.750,0.475,g
2460129.59460,2023-07-04.0923997,bp,1.58,15.444,>15.444,99.990,-0.117,0.482,g
2460129.59600,2023-07-04.0938055,bp,1.62,15.457,>15.457,99.990,-0.701,0.477,g
2460129.59741,2023-07-04.0952256,bp,1.55,15.541,>15.541,99.990,0.976,0.441,g
2460129.69622,2023-07-04.1940204,bp,1.53,15.457,>15.457,99.990,-0.282,0.477,g
2460129.69746,2023-07-04.1952694,bp,1.54,15.338,>15.338,99.990,-0.398,0.532,g
2460129.69871,2023-07-04.1965113,bp,1.54,15.465,>15.465,99.990,-1.761,0.473,g
2460130.77529,2023-07-05.2730777,bH,1.56,15.577,>15.577,99.990,-0.071,0.427,g
2460130.77660,2023-07-05.2743856,bH,1.53,15.580,>15.580,99.990,-0.031,0.426,g
2460130.77790,2023-07-05.2756872,bH,1.59,15.625,>15.625,99.990,0.291,0.408,g
2460131.52038,2023-07-06.0181423,bp,1.60,15.734,>15.734,99.990,-0.132,0.369,g
2460131.52160,2023-07-06.0193770,bp,1.55,15.703,>15.703,99.990,1.108,0.380,g
2460131.52286,2023-07-06.0206201,bp,1.60,15.618,>15.618,99.990,0.468,0.411,g
2460131.78696,2023-07-06.2847245,bH,2.01,13.651,>13.651,99.990,-3.311,2.516,g
2460131.78825,2023-07-06.2860155,bH,1.63,14.642,>14.642,99.990,-1.064,1.010,g
2460131.78955,2023-07-06.2873144,bH,1.59,14.604,>14.604,99.990,-4.246,1.046,g
2460131.81873,2023-07-06.3164850,bl,1.60,13.579,>13.579,99.990,12.057,2.691,g
2460131.81997,2023-07-06.3177300,bl,1.77,13.930,>13.930,99.990,3.523,1.945,g
2460131.82122,2023-07-06.3189785,bl,1.73,99.990,99.990,99.990,99.990,99.990,g
2460132.75847,2023-07-07.2562155,bH,1.70,99.990,99.990,99.990,99.990,99.990,g
2460132.75977,2023-07-07.2575210,bH,2.21,99.990,99.990,99.990,99.990,99.990,g
2460132.76107,2023-07-07.2588129,bH,1.92,99.990,99.990,99.990,99.990,99.990,g
2460134.75152,2023-07-09.2492209,bH,1.48,14.900,>14.900,99.990,2.323,0.796,g
2460134.75284,2023-07-09.2505422,bH,1.49,14.537,>14.537,99.990,-5.896,1.114,g
2460134.75414,2023-07-09.2518438,bH,1.49,99.990,99.990,99.990,99.990,99.990,g
2460136.50933,2023-07-11.0070041,bp,1.48,16.164,>16.164,99.990,0.628,0.249,g
2460136.51059,2023-07-11.0082680,bp,1.51,16.162,>16.162,99.990,0.655,0.249,g
2460136.51184,2023-07-11.0095158,bp,1.55,16.140,>16.140,99.990,0.581,0.254,g
2460136.82434,2023-07-11.3220131,bl,1.78,16.099,>16.099,99.990,0.317,0.264,g
2460136.82559,2023-07-11.3232653,bl,1.68,16.123,>16.123,99.990,0.120,0.258,g
2460136.82684,2023-07-11.3245141,bl,2.04,16.026,>16.026,99.990,0.416,0.282,g
2460137.51009,2023-07-12.0077524,bp,1.49,16.335,>16.335,99.990,0.532,0.212,g
2460137.51133,2023-07-12.0089967,bp,1.50,16.336,>16.336,99.990,0.674,0.212,g
2460137.51262,2023-07-12.0102748,bp,1.50,16.357,>16.357,99.990,0.508,0.208,g
2460138.51018,2023-07-13.0078218,bp,1.59,16.313,>16.313,99.990,0.626,0.217,g
2460138.51143,2023-07-13.0090753,bp,1.55,16.086,>16.086,99.990,0.473,0.267,g
2460138.51268,2023-07-13.0103219,bp,1.57,16.101,>16.101,99.990,0.649,0.263,g
2460138.74994,2023-07-13.2475791,bH,1.47,16.102,>16.102,99.990,0.438,0.263,g
2460138.75124,2023-07-13.2488788,bH,1.41,16.084,>16.084,99.990,0.414,0.268,g
2460138.75253,2023-07-13.2501711,bH,1.48,16.177,>16.177,99.990,0.420,0.246,g
2460139.50355,2023-07-14.0011849,bp,1.68,16.147,>16.147,99.990,0.495,0.253,g
2460139.50482,2023-07-14.0024468,bp,1.71,16.307,>16.307,99.990,0.391,0.218,g
2460139.50611,2023-07-14.0037413,bp,1.59,16.268,>16.268,99.990,0.768,0.226,g
2460139.93994,2023-07-14.4375564,bl,1.53,16.216,>16.216,99.990,0.481,0.237,g
2460139.94118,2023-07-14.4387920,bl,1.52,16.114,>16.114,99.990,0.426,0.260,g
2460139.94243,2023-07-14.4400498,bl,1.48,16.161,>16.161,99.990,0.494,0.249,g
2460140.76340,2023-07-15.2610094,bl,1.48,16.155,>16.155,99.990,0.051,0.251,g
2460140.76463,2023-07-15.2622380,bl,1.56,16.215,>16.215,99.990,0.201,0.237,g
2460140.76588,2023-07-15.2634798,bl,1.48,16.320,>16.320,99.990,0.222,0.215,g
2460141.48013,2023-07-15.9777270,bp,1.67,16.238,>16.238,99.990,0.497,0.232,g
2460141.48135,2023-07-15.9789564,bp,1.72,16.239,>16.239,99.990,0.823,0.232,g
2460142.48533,2023-07-16.9829178,bp,1.54,16.248,>16.248,99.990,0.695,0.230,g
2460142.48657,2023-07-16.9841503,bp,1.47,16.241,>16.241,99.990,0.432,0.232,g
2460142.48778,2023-07-16.9853759,bp,1.49,16.251,>16.251,99.990,0.898,0.229,g
2460142.94833,2023-07-17.4459212,bl,1.53,15.697,>15.697,99.990,-0.289,0.382,g
2460142.94957,2023-07-17.4471549,bl,1.52,15.656,>15.656,99.990,-0.235,0.397,g
2460142.95080,2023-07-17.4483814,bl,1.48,15.423,>15.423,99.990,0.005,0.492,g
2460143.49847,2023-07-17.9960413,bp,1.61,16.171,>16.171,99.990,0.367,0.247,g
2460143.49971,2023-07-17.9972819,bp,1.65,16.423,>16.423,99.990,0.481,0.196,g
2460143.50098,2023-07-17.9985553,bp,1.64,16.281,>16.281,99.990,0.484,0.223,g
2460143.59947,2023-07-18.0970451,bp,1.55,16.168,>16.168,99.990,0.811,0.248,g
2460143.60073,2023-07-18.0983020,bp,1.52,16.213,>16.213,99.990,0.836,0.238,g
2460143.60199,2023-07-18.0995721,bp,1.59,16.262,>16.262,99.990,0.632,0.227,g
2460144.74715,2023-07-19.2447093,bH,1.39,15.156,>15.156,99.990,-1.316,0.629,g
2460144.74843,2023-07-19.2459855,bH,1.43,15.645,>15.645,99.990,1.380,0.401,g
2460144.74972,2023-07-19.2472804,bH,1.42,15.536,>15.536,99.990,0.347,0.443,g
2460147.55682,2023-07-22.0543461,bp,1.61,16.231,>16.231,99.990,0.809,0.234,g
2460147.55807,2023-07-22.0555952,bp,1.62,16.247,>16.247,99.990,0.503,0.230,g
2460147.55948,2023-07-22.0570168,bp,1.66,16.195,>16.195,99.990,0.462,0.242,g
2460148.57709,2023-07-23.0746089,bp,1.56,16.311,>16.311,99.990,0.713,0.217,g
2460148.57832,2023-07-23.0758400,bp,1.48,16.193,>16.193,99.990,0.530,0.242,g
2460148.57956,2023-07-23.0770853,bp,1.57,16.297,>16.297,99.990,0.678,0.220,g
2460148.73232,2023-07-23.2298415,bH,1.48,16.010,>16.010,99.990,0.495,0.287,g
2460148.73359,2023-07-23.2311184,bH,1.45,16.015,>16.015,99.990,1.327,0.285,g
2460148.73488,2023-07-23.2323956,bH,1.40,16.120,>16.120,99.990,0.787,0.259,g
2460149.73315,2023-07-24.2306567,bl,1.44,15.626,>15.626,99.990,0.351,0.408,g
2460149.73438,2023-07-24.2318855,bl,1.48,15.681,>15.681,99.990,-0.424,0.388,g
2460149.73562,2023-07-24.2331283,bl,1.45,15.477,>15.477,99.990,0.050,0.468,g
2460149.85834,2023-07-24.3558538,bH,1.70,16.115,>16.115,99.990,0.580,0.260,g
2460149.85961,2023-07-24.3571311,bH,1.78,16.065,>16.065,99.990,0.643,0.272,g
2460149.86089,2023-07-24.3584025,bH,1.74,16.223,>16.223,99.990,0.385,0.235,g
2460149.91688,2023-07-24.4143847,bl,1.62,16.155,>16.155,99.990,0.695,0.251,g
2460149.91809,2023-07-24.4156122,bl,1.61,16.165,>16.165,99.990,0.721,0.248,g
2460149.91932,2023-07-24.4168373,bl,1.58,16.172,>16.172,99.990,0.562,0.247,g
2460150.92863,2023-07-25.4261302,bl,1.50,16.095,>16.095,99.990,0.392,0.265,g
2460150.92988,2023-07-25.4273802,bl,1.45,16.165,>16.165,99.990,0.667,0.248,g
2460150.93111,2023-07-25.4286159,bl,1.47,15.961,>15.961,99.990,0.426,0.300,g
2460153.71669,2023-07-28.2141758,bH,1.39,16.252,>16.252,99.990,0.532,0.229,g
2460153.71799,2023-07-28.2154810,bH,1.38,16.017,>16.017,99.990,0.237,0.285,g
2460153.71930,2023-07-28.2167864,bH,1.42,16.098,>16.098,99.990,0.510,0.264,g
2460154.72524,2023-07-29.2227225,bH,1.44,16.010,>16.010,99.990,1.016,0.287,g
2460154.72656,2023-07-29.2240428,bH,1.47,15.989,>15.989,99.990,0.538,0.292,g
2460154.72786,2023-07-29.2253410,bH,1.44,15.936,>15.936,99.990,0.492,0.307,g
2460155.71950,2023-07-30.2169820,bH,1.46,15.851,>15.851,99.990,0.168,0.332,g
2460155.72081,2023-07-30.2182900,bH,1.45,15.834,>15.834,99.990,0.742,0.337,g
2460155.72212,2023-07-30.2196034,bH,1.43,15.970,>15.970,99.990,1.072,0.297,g
2460156.70297,2023-07-31.2004467,bH,1.49,15.676,>15.676,99.990,-0.088,0.390,g
2460156.70427,2023-07-31.2017484,bH,1.53,15.675,>15.675,99.990,0.492,0.390,g
2460156.70558,2023-07-31.2030553,bH,1.41,15.862,>15.862,99.990,0.318,0.328,g
2460157.70193,2023-08-01.1994002,bH,1.47,15.210,>15.210,99.990,-1.352,0.598,g
2460157.70322,2023-08-01.2007008,bH,1.44,15.380,>15.380,99.990,-0.129,0.512,g
2460157.70452,2023-08-01.2020003,bH,1.57,15.301,>15.301,99.990,0.066,0.550,g
2460158.69733,2023-08-02.1948002,bH,1.5,15.211,>15.211,99.990,-1.316,0.598,g
2460158.69863,2023-08-02.1960987,bH,1.90,15.175,14.981,0.183,3.697,0.618,g
2460158.69993,2023-08-02.1974041,bH,1.67,15.280,>15.280,99.990,2.547,0.561,g
2460158.82439,2023-08-02.3218614,bl,1.50,15.336,>15.336,99.990,0.315,0.533,g
2460158.82562,2023-08-02.3230878,bl,1.51,15.599,>15.599,99.990,0.723,0.418,g
2460159.69510,2023-08-03.1925708,bH,1.41,15.539,>15.539,99.990,0.963,0.442,g
2460159.69640,2023-08-03.1938752,bH,1.5,15.625,>15.625,99.990,1.704,0.408,g
2460159.69771,2023-08-03.1951806,bH,1.54,15.425,>15.425,99.990,0.415,0.491,g
2460160.48042,2023-08-03.9778862,bp,2.11,14.469,>14.469,99.990,-1.936,1.184,g
2460161.44169,2023-08-04.9391662,bp,1.49,15.798,>15.798,99.990,1.167,0.348,g
2460161.44295,2023-08-04.9404217,bp,1.52,15.763,>15.763,99.990,0.750,0.360,g
2460161.44424,2023-08-04.9417103,bp,1.59,15.761,>15.761,99.990,0.584,0.360,g
2460162.43399,2023-08-05.9314596,bp,1.56,15.729,>15.729,99.990,-0.228,0.371,g
2460162.43525,2023-08-05.9327260,bp,1.59,15.683,>15.683,99.990,-0.126,0.387,g
2460162.43649,2023-08-05.9339667,bp,1.54,15.706,>15.706,99.990,0.731,0.379,g
2460163.42869,2023-08-06.9261666,bp,1.60,16.050,>16.050,99.990,0.729,0.276,g
2460163.42992,2023-08-06.9273952,bp,1.65,16.166,>16.166,99.990,0.600,0.248,g
2460163.43116,2023-08-06.9286383,bp,1.61,16.220,>16.220,99.990,0.393,0.236,g
2460164.56507,2023-08-08.0625462,bp,1.51,16.173,>16.173,99.990,0.891,0.246,g
2460164.56631,2023-08-08.0637891,bp,1.51,16.158,>16.158,99.990,0.571,0.250,g
2460164.56756,2023-08-08.0650310,bp,1.59,16.145,>16.145,99.990,0.086,0.253,g
2460168.55201,2023-08-12.0495050,bp,1.47,16.083,>16.083,99.990,0.981,0.268,g
2460168.55325,2023-08-12.0507456,bp,1.54,16.284,>16.284,99.990,0.751,0.223,g
2460168.55452,2023-08-12.0520155,bp,1.49,16.109,>16.109,99.990,0.524,0.262,g
2460170.40306,2023-08-13.9005723,bp,1.46,16.148,>16.148,99.990,0.416,0.252,g
2460170.40429,2023-08-13.9017987,bp,1.46,16.267,>16.267,99.990,0.391,0.226,g
2460170.40552,2023-08-13.9030313,bp,1.49,16.125,>16.125,99.990,0.576,0.258,g
2460180.49230,2023-08-23.9899085,bp,1.54,16.430,>16.430,99.990,0.724,0.195,g
2460180.49351,2023-08-23.9911267,bp,1.56,16.301,>16.301,99.990,0.767,0.219,g
2460180.49475,2023-08-23.9923660,bp,1.50,16.391,>16.391,99.990,0.571,0.202,g
2460183.37399,2023-08-26.8716422,bp,1.51,15.936,>15.936,99.990,1.057,0.307,g
2460183.37524,2023-08-26.8728944,bp,1.53,16.028,>16.028,99.990,0.443,0.282,g
2460183.37648,2023-08-26.8741314,bp,1.49,16.023,>16.023,99.990,0.350,0.283,g
2460184.37312,2023-08-27.8707927,bp,1.53,15.932,>15.932,99.990,1.076,0.308,g
2460184.37435,2023-08-27.8720203,bp,1.51,15.808,>15.808,99.990,0.379,0.345,g
2460184.37559,2023-08-27.8732636,bp,1.53,15.870,>15.870,99.990,0.661,0.326,g
2460185.52864,2023-08-29.0263327,bp,1.53,15.678,>15.678,99.990,0.143,0.389,g
2460185.53174,2023-08-29.0294238,bp,1.55,15.711,>15.711,99.990,-1.490,0.377,g
2460189.44648,2023-09-01.9442517,bp,1.59,14.788,>14.788,99.990,1.587,0.883,g
2460189.44772,2023-09-01.9454865,bp,1.53,15.005,14.825,0.186,4.264,0.723,g
2460189.44896,2023-09-01.9467283,bp,1.52,15.187,>15.187,99.990,2.692,0.612,g
2460191.38866,2023-09-03.8864704,bp,1.51,16.213,>16.213,99.990,1.023,0.238,g
2460194.55427,2023-09-07.0521543,bp,1.51,16.302,>16.302,99.990,0.704,0.219,g
2460194.55556,2023-09-07.0534381,bp,1.50,16.180,>16.180,99.990,0.548,0.245,g
2460194.55680,2023-09-07.0546740,bp,1.52,16.140,>16.140,99.990,0.695,0.254,g
2460195.48632,2023-09-07.9842232,bp,1.57,16.042,>16.042,99.990,0.758,0.278,g
2460195.48756,2023-09-07.9854571,bp,1.56,15.945,>15.945,99.990,0.442,0.304,g
2460195.48879,2023-09-07.9866895,bp,1.54,15.905,>15.905,99.990,0.732,0.316,g
2460199.33353,2023-09-11.8315186,bp,1.52,16.215,>16.215,99.990,1.144,0.237,g
2460199.33478,2023-09-11.8327700,bp,1.53,16.249,>16.249,99.990,-0.173,0.230,g
2460199.33601,2023-09-11.8340081,bp,1.61,16.185,>16.185,99.990,0.727,0.244,g
2460200.33036,2023-09-12.8283812,bp,1.54,16.183,>16.183,99.990,0.593,0.244,g
2460200.33159,2023-09-12.8296089,bp,1.59,16.118,>16.118,99.990,1.184,0.259,g
2460200.33284,2023-09-12.8308519,bp,1.51,16.095,>16.095,99.990,0.858,0.265,g
2460202.33547,2023-09-14.8335418,bp,1.63,15.918,>15.918,99.990,0.156,0.312,g
2460202.33731,2023-09-14.8353861,bp,1.65,14.782,>14.782,99.990,-1.844,0.888,g
2460205.50956,2023-09-18.0077268,bp,1.52,16.275,>16.275,99.990,0.541,0.224,g
2460205.51083,2023-09-18.0089942,bp,1.51,16.080,>16.080,99.990,1.027,0.269,g
2460205.51210,2023-09-18.0102664,bp,1.55,16.162,>16.162,99.990,0.565,0.249,g
2460206.30396,2023-09-18.8021476,bp,1.49,16.028,>16.028,99.990,0.593,0.282,g
2460206.30519,2023-09-18.8033859,bp,1.48,16.097,>16.097,99.990,0.325,0.265,g
2460206.30642,2023-09-18.8046081,bp,1.49,16.345,>16.345,99.990,0.310,0.210,g
2460206.40309,2023-09-18.9012795,bp,1.45,16.153,>16.153,99.990,0.782,0.251,g
2460206.40432,2023-09-18.9025152,bp,1.49,16.165,>16.165,99.990,0.444,0.248,g
2460206.40555,2023-09-18.9037452,bp,1.49,16.067,>16.067,99.990,0.032,0.272,g
2460208.29989,2023-09-20.7981364,bp,1.57,16.076,>16.076,99.990,0.635,0.270,g
2460208.30138,2023-09-20.7996266,bp,1.55,16.188,>16.188,99.990,0.415,0.243,g
2460208.30263,2023-09-20.8008800,bp,1.57,16.133,>16.133,99.990,0.270,0.256,g
2460210.39981,2023-09-22.8981172,bp,1.50,16.043,>16.043,99.990,0.679,0.278,g
2460210.40105,2023-09-22.8993607,bp,1.53,16.202,>16.202,99.990,1.135,0.240,g
2460210.40226,2023-09-22.9005854,bp,1.48,16.138,>16.138,99.990,0.945,0.255,g
2460215.27757,2023-09-27.7760451,bp,1.50,15.624,>15.624,99.990,-0.442,0.409,g
2460215.27882,2023-09-27.7773023,bp,1.50,15.619,>15.619,99.990,-0.265,0.411,g
2460215.28008,2023-09-27.7785570,bp,1.59,15.636,>15.636,99.990,0.881,0.404,g
2460215.35855,2023-09-27.8570273,bp,1.48,15.687,>15.687,99.990,0.100,0.386,g
2460215.35980,2023-09-27.8582773,bp,1.51,15.686,>15.686,99.990,1.231,0.386,g
2460215.36103,2023-09-27.8595122,bp,1.50,15.645,>15.645,99.990,-0.449,0.401,g
2460216.29890,2023-09-28.7974199,bp,1.52,15.428,>15.428,99.990,0.042,0.489,g
2460216.30014,2023-09-28.7986521,bp,1.56,15.361,>15.361,99.990,0.410,0.521,g
2460216.30138,2023-09-28.7998896,bp,1.52,15.328,>15.328,99.990,0.778,0.537,g
2460216.63577,2023-09-29.1342885,bl,1.83,15.439,>15.439,99.990,-1.390,0.485,g
2460216.63700,2023-09-29.1355290,bl,1.66,15.395,>15.395,99.990,-0.430,0.505,g
2460216.63823,2023-09-29.1367473,bl,1.91,15.285,>15.285,99.990,0.150,0.559,g
2460217.61615,2023-09-30.1147069,bH,1.43,15.168,14.653,0.138,5.001,0.625,g
2460217.61742,2023-09-30.1159829,bH,1.88,15.144,>15.144,99.990,2.166,0.636,g
2460217.61871,2023-09-30.1172695,bH,2.04,15.268,>15.268,99.990,0.578,0.567,g
2460217.89641,2023-09-30.3949806,bH,1.31,14.349,>14.349,99.990,-0.193,1.323,g
2460217.89768,2023-09-30.3962436,bH,2.20,14.014,>14.014,99.990,1.042,1.801,g
2460218.52688,2023-10-01.0254782,bH,1.71,16.144,>16.144,99.990,0.245,0.253,g
2460218.52816,2023-10-01.0267541,bH,1.72,15.986,>15.986,99.990,0.260,0.293,g
2460218.52943,2023-10-01.0280290,bH,1.75,16.080,>16.080,99.990,0.540,0.269,g
2460218.71937,2023-10-01.2179760,bl,1.49,15.782,>15.782,99.990,0.373,0.353,g
2460218.72061,2023-10-01.2192082,bl,1.40,15.696,>15.696,99.990,-0.074,0.383,g
2460218.72184,2023-10-01.2204380,bl,1.46,15.719,>15.719,99.990,0.415,0.375,g
2460219.26744,2023-10-01.7660590,bp,1.51,16.267,>16.267,99.990,0.788,0.226,g
2460219.26867,2023-10-01.7672855,bp,1.52,16.258,>16.258,99.990,0.614,0.228,g
2460219.26991,2023-10-01.7685254,bp,1.51,16.274,>16.274,99.990,0.684,0.225,g
2460219.43371,2023-10-01.9323372,bp,1.54,15.946,>15.946,99.990,0.089,0.304,g
2460219.43494,2023-10-01.9335662,bp,1.55,15.966,>15.966,99.990,0.705,0.298,g
2460219.43617,2023-10-01.9347967,bp,1.57,15.986,>15.986,99.990,0.150,0.293,g
2460219.55474,2023-10-02.0533761,bp,1.59,15.960,>15.960,99.990,0.786,0.300,g
2460219.55600,2023-10-02.0546288,bp,1.55,15.849,>15.849,99.990,0.212,0.332,g
2460219.55722,2023-10-02.0558578,bp,1.56,15.814,>15.814,99.990,0.957,0.343,g
2460219.75209,2023-10-02.2507212,bl,1.46,15.797,>15.797,99.990,0.617,0.349,g
2460219.75330,2023-10-02.2519407,bl,1.48,15.688,>15.688,99.990,0.094,0.385,g
2460219.75453,2023-10-02.2531711,bl,1.46,15.767,>15.767,99.990,0.562,0.358,g
2460220.55829,2023-10-03.0569511,bp,1.46,15.913,>15.913,99.990,0.736,0.313,g
2460220.55951,2023-10-03.0581803,bp,1.53,15.705,>15.705,99.990,0.498,0.379,g
2460220.56076,2023-10-03.0594221,bp,1.46,16.002,>16.002,99.990,-0.363,0.289,g
2460220.66385,2023-10-03.1625223,bl,1.47,15.921,>15.921,99.990,0.680,0.311,g
2460220.66508,2023-10-03.1637432,bl,1.49,15.789,>15.789,99.990,0.719,0.351,g
2460220.66630,2023-10-03.1649718,bl,1.52,15.728,>15.728,99.990,0.433,0.372,g
2460221.67303,2023-10-04.1717386,bl,1.52,16.048,>16.048,99.990,0.149,0.277,g
2460221.67426,2023-10-04.1729708,bl,1.50,15.970,>15.970,99.990,0.424,0.297,g
2460221.67548,2023-10-04.1741892,bl,1.46,16.059,>16.059,99.990,0.527,0.274,g
2460221.81226,2023-10-04.3109677,bl,1.46,16.042,>16.042,99.990,0.720,0.278,g
2460221.81348,2023-10-04.3121921,bl,1.49,16.103,>16.103,99.990,0.712,0.263,g
2460221.81469,2023-10-04.3134103,bl,1.48,16.015,>16.015,99.990,0.796,0.285,g
2460223.59450,2023-10-06.0932891,bH,1.37,16.224,>16.224,99.990,0.632,0.235,g
2460223.59580,2023-10-06.0945804,bH,1.42,16.223,>16.223,99.990,0.573,0.235,g
2460223.59708,2023-10-06.0958577,bH,1.39,16.205,>16.205,99.990,0.524,0.239,g
2460225.62124,2023-10-08.1200950,bH,1.47,16.320,>16.320,99.990,0.533,0.215,g
2460225.62250,2023-10-08.1213619,bH,1.47,16.159,>16.159,99.990,0.363,0.250,g
2460225.62379,2023-10-08.1226420,bH,1.48,16.284,>16.284,99.990,0.595,0.223,g
2460226.25731,2023-10-08.7561940,bp,1.56,16.171,>16.171,99.990,0.804,0.247,g
2460226.25865,2023-10-08.7575388,bp,1.53,16.171,>16.171,99.990,0.488,0.247,g
2460226.26003,2023-10-08.7589142,bp,1.61,16.238,>16.238,99.990,0.662,0.232,g
2460226.66773,2023-10-09.1666317,bl,1.52,16.197,>16.197,99.990,0.561,0.241,g
2460226.66895,2023-10-09.1678465,bl,1.52,16.065,>16.065,99.990,0.487,0.272,g
2460226.67018,2023-10-09.1690755,bl,1.44,16.293,>16.293,99.990,0.309,0.221,g
2460227.25287,2023-10-09.7517884,bp,1.56,16.287,>16.287,99.990,0.776,0.222,g
2460227.25410,2023-10-09.7530197,bp,1.51,16.216,>16.216,99.990,0.545,0.237,g
2460227.25534,2023-10-09.7542614,bp,1.47,16.188,>16.188,99.990,0.451,0.243,g
2460227.69540,2023-10-10.1943381,bl,1.47,16.106,>16.106,99.990,0.393,0.262,g
2460227.69663,2023-10-10.1955695,bl,1.48,16.144,>16.144,99.990,0.503,0.253,g
2460227.69784,2023-10-10.1967865,bl,1.44,16.300,>16.300,99.990,0.306,0.219,g
2460227.87695,2023-10-10.3758888,bH,1.61,16.159,>16.159,99.990,0.488,0.250,g
2460227.87823,2023-10-10.3771658,bH,1.66,16.195,>16.195,99.990,0.724,0.242,g
2460227.87949,2023-10-10.3784275,bH,1.66,16.104,>16.104,99.990,0.402,0.263,g
2460228.44697,2023-10-10.9459371,bp,1.57,16.224,>16.224,99.990,0.572,0.235,g
2460228.44821,2023-10-10.9471743,bp,1.52,16.230,>16.230,99.990,0.586,0.234,g
2460228.44944,2023-10-10.9484053,bp,1.50,16.349,>16.349,99.990,0.599,0.210,g
2460228.65829,2023-10-11.1572674,bH,1.44,16.166,>16.166,99.990,0.472,0.248,g
2460228.65958,2023-10-11.1585541,bH,1.41,16.308,>16.308,99.990,0.581,0.218,g
2460228.66085,2023-10-11.1598268,bH,1.38,16.206,>16.206,99.990,0.605,0.239,g
2460228.87359,2023-10-11.3725675,bH,1.46,16.217,>16.217,99.990,0.761,0.237,g
2460228.87485,2023-10-11.3738414,bH,1.43,16.233,>16.233,99.990,0.561,0.233,g
2460228.87614,2023-10-11.3751186,bH,1.42,16.129,>16.129,99.990,0.545,0.257,g
2460231.26279,2023-10-13.7618699,bp,1.51,16.118,>16.118,99.990,0.866,0.259,g
2460231.26402,2023-10-13.7631002,bp,1.49,16.186,>16.186,99.990,0.687,0.244,g
2460231.26526,2023-10-13.7643363,bp,1.50,16.227,>16.227,99.990,0.466,0.235,g
2460231.56120,2023-10-14.0602922,bH,1.45,16.131,>16.131,99.990,0.574,0.256,g
2460231.56249,2023-10-14.0615810,bH,1.42,16.185,>16.185,99.990,0.641,0.244,g
2460231.56376,2023-10-14.0628537,bH,1.35,16.180,>16.180,99.990,0.675,0.245,g
2460231.72125,2023-10-14.2203423,bH,1.37,16.271,>16.271,99.990,0.616,0.225,g
2460231.72252,2023-10-14.2216226,bH,1.44,16.111,>16.111,99.990,0.573,0.261,g
2460234.37363,2023-10-16.8728331,bp,1.53,16.349,>16.349,99.990,0.910,0.210,g
2460234.37487,2023-10-16.8740752,bp,1.49,16.230,>16.230,99.990,0.642,0.234,g
2460234.37611,2023-10-16.8753177,bp,1.55,16.164,>16.164,99.990,0.446,0.249,g
2460234.62417,2023-10-17.1233871,bl,1.49,14.438,>14.438,99.990,1.894,1.219,g
2460234.62540,2023-10-17.1246182,bl,1.62,13.763,>13.763,99.990,-2.410,2.271,g
2460234.62664,2023-10-17.1258519,bl,1.46,14.195,>14.195,99.990,1.284,1.525,g
2460235.36656,2023-10-17.8658024,bp,1.49,16.143,>16.143,99.990,0.609,0.253,g
2460235.36779,2023-10-17.8670298,bp,1.59,16.224,>16.224,99.990,0.762,0.235,g
2460235.36901,2023-10-17.8682636,bp,1.48,16.336,>16.336,99.990,0.830,0.212,g
2460235.60490,2023-10-18.1041616,bH,1.49,16.175,>16.175,99.990,0.542,0.246,g
2460235.60617,2023-10-18.1054317,bH,1.52,16.275,>16.275,99.990,0.435,0.224,g
2460235.60745,2023-10-18.1067105,bH,1.52,16.353,>16.353,99.990,0.754,0.209,g
2460235.76485,2023-10-18.2641157,bH,1.53,16.186,>16.186,99.990,0.430,0.244,g
2460235.76612,2023-10-18.2653784,bH,1.55,16.277,>16.277,99.990,0.724,0.224,g
2460235.76739,2023-10-18.2666523,bH,1.56,16.243,>16.243,99.990,0.646,0.231,g
2460236.24610,2023-10-18.7453871,bp,2.01,16.153,>16.153,99.990,0.381,0.251,g
2460236.24733,2023-10-18.7466121,bp,2.00,16.088,>16.088,99.990,0.605,0.267,g
2460236.24857,2023-10-18.7478508,bp,1.99,16.052,>16.052,99.990,0.685,0.276,g
2460236.67107,2023-10-19.1703667,bl,1.45,15.482,>15.482,99.990,0.213,0.466,g
2460236.67230,2023-10-19.1716049,bl,1.45,15.437,>15.437,99.990,-0.395,0.485,g
2460236.67354,2023-10-19.1728444,bl,1.49,15.655,>15.655,99.990,0.099,0.397,g
2460237.26179,2023-10-19.7611192,bp,1.57,16.157,>16.157,99.990,0.766,0.250,g
2460237.26302,2023-10-19.7623444,bp,1.57,16.329,>16.329,99.990,0.857,0.214,g
2460237.26426,2023-10-19.7635902,bp,1.64,16.166,>16.166,99.990,0.541,0.248,g
2460237.37579,2023-10-19.8751285,bp,1.54,16.174,>16.174,99.990,0.798,0.246,g
2460237.37703,2023-10-19.8763694,bp,1.52,16.180,>16.180,99.990,0.638,0.245,g
2460237.37827,2023-10-19.8776097,bp,1.51,16.102,>16.102,99.990,0.479,0.263,g
2460237.64509,2023-10-20.1444363,bH,1.57,16.379,>16.379,99.990,0.852,0.204,g
2460237.64636,2023-10-20.1457053,bH,1.57,16.056,>16.056,99.990,0.527,0.275,g
2460237.64764,2023-10-20.1469804,bH,1.57,16.307,>16.307,99.990,0.425,0.218,g
2460237.81933,2023-10-20.3186694,bH,1.42,99.990,99.990,99.990,99.990,99.990,g
2460237.82060,2023-10-20.3199452,bH,1.41,99.990,99.990,99.990,99.990,99.990,g
2460237.82188,2023-10-20.3212216,bH,1.52,99.990,99.990,99.990,99.990,99.990,g
2460238.25861,2023-10-20.7579809,bp,2.35,16.012,>16.012,99.990,0.866,0.286,g
2460238.25985,2023-10-20.7592214,bp,2.32,16.104,>16.104,99.990,0.804,0.263,g
2460238.26110,2023-10-20.7604634,bp,2.33,16.079,>16.079,99.990,0.234,0.269,g
2460238.67195,2023-10-21.1713315,bl,1.47,15.915,>15.915,99.990,0.130,0.313,g
2460238.67316,2023-10-21.1725488,bl,1.47,15.844,>15.844,99.990,0.236,0.334,g
2460238.67438,2023-10-21.1737646,bl,1.46,16.143,>16.143,99.990,0.510,0.253,g
2460240.49673,2023-10-22.9961976,bH,1.43,15.678,>15.678,99.990,0.619,0.389,g
2460240.49802,2023-10-22.9974834,bH,1.48,15.730,>15.730,99.990,0.152,0.371,g
2460240.49931,2023-10-22.9987679,bH,1.41,15.515,>15.515,99.990,0.568,0.452,g
2460240.67820,2023-10-23.1776666,bl,1.46,15.934,>15.934,99.990,0.348,0.307,g
2460240.67942,2023-10-23.1788987,bl,1.50,16.053,>16.053,99.990,0.179,0.275,g
2460240.68067,2023-10-23.1801310,bl,1.43,15.798,>15.798,99.990,0.229,0.348,g
2460242.25327,2023-10-24.7528031,bp,2.05,15.859,>15.859,99.990,0.669,0.329,g
2460242.25450,2023-10-24.7540347,bp,2.05,15.850,>15.850,99.990,0.560,0.332,g
2460242.25574,2023-10-24.7552721,bp,2.02,15.972,>15.972,99.990,1.002,0.297,g
2460242.40758,2023-10-24.9071184,bp,1.54,15.989,>15.989,99.990,0.447,0.292,g
2460242.40880,2023-10-24.9083497,bp,1.47,15.818,>15.818,99.990,0.178,0.342,g
2460242.41003,2023-10-24.9095789,bp,1.50,15.811,>15.811,99.990,0.161,0.344,g
2460242.69318,2023-10-25.1927322,bH,2.29,15.863,>15.863,99.990,0.437,0.328,g
2460242.69446,2023-10-25.1940097,bH,2.27,16.057,>16.057,99.990,0.394,0.274,g
2460242.69574,2023-10-25.1952869,bH,2.28,15.880,>15.880,99.990,0.927,0.323,g
2460243.46536,2023-10-25.9649461,bp,1.50,15.732,>15.732,99.990,0.121,0.370,g
2460243.46658,2023-10-25.9661712,bp,1.56,15.772,>15.772,99.990,0.303,0.357,g
2460243.46782,2023-10-25.9674133,bp,1.42,15.777,>15.777,99.990,0.180,0.355,g
2460243.63029,2023-10-26.1298829,bl,1.52,15.614,>15.614,99.990,0.825,0.412,g
2460243.63151,2023-10-26.1311018,bl,1.41,15.706,>15.706,99.990,-0.281,0.379,g
2460243.63276,2023-10-26.1323480,bl,1.43,15.674,>15.674,99.990,-0.002,0.390,g
2460244.24717,2023-10-26.7467915,bp,2.04,14.811,>14.811,99.990,-0.686,0.864,g
2460244.24893,2023-10-26.7485467,bp,1.54,15.303,>15.303,99.990,-0.404,0.549,g
2460244.25019,2023-10-26.7498099,bp,1.47,15.340,>15.340,99.990,2.194,0.531,g
2460244.37160,2023-10-26.8712319,bp,1.49,15.526,>15.526,99.990,0.655,0.447,g
2460244.37284,2023-10-26.8724653,bp,1.49,15.817,>15.817,99.990,1.123,0.342,g
2460244.37408,2023-10-26.8737050,bp,1.50,15.618,>15.618,99.990,-1.707,0.411,g
2460244.48962,2023-10-26.9892531,bp,1.60,15.561,>15.561,99.990,0.605,0.433,g
2460244.49088,2023-10-26.9905043,bp,1.56,15.633,>15.633,99.990,1.207,0.405,g
2460244.49212,2023-10-26.9917461,bp,1.59,15.681,>15.681,99.990,0.642,0.388,g
2460244.65093,2023-10-27.1505724,bl,1.47,15.586,>15.586,99.990,0.829,0.423,g
2460244.65217,2023-10-27.1518091,bl,1.45,15.976,>15.976,99.990,-0.597,0.296,g
2460244.65339,2023-10-27.1530306,bl,1.53,15.577,>15.577,99.990,-0.483,0.427,g
2460247.28723,2023-10-29.7869826,bp,1.65,15.731,>15.731,99.990,0.983,0.370,g
2460247.28854,2023-10-29.7882910,bp,1.61,15.574,>15.574,99.990,0.489,0.428,g
2460247.28980,2023-10-29.7895575,bp,1.61,15.612,>15.612,99.990,0.311,0.413,g
2460247.55673,2023-10-30.0564910,bl,1.43,15.676,>15.676,99.990,0.263,0.390,g
2460247.55796,2023-10-30.0577247,bl,1.50,15.669,>15.669,99.990,-0.053,0.392,g
2460247.55920,2023-10-30.0589616,bl,1.46,15.676,>15.676,99.990,0.734,0.390,g
2460248.24587,2023-10-30.7456574,bp,1.50,15.484,>15.484,99.990,-0.819,0.465,g
2460248.24786,2023-10-30.7476571,bp,1.62,15.775,>15.775,99.990,0.265,0.356,g
2460248.24938,2023-10-30.7491687,bp,1.57,15.780,>15.780,99.990,-0.199,0.354,g
2460248.32693,2023-10-30.8267193,bp,1.64,15.951,>15.951,99.990,0.235,0.302,g
2460248.32819,2023-10-30.8279866,bp,1.57,16.010,>16.010,99.990,-0.502,0.286,g
2460248.32963,2023-10-30.8294244,bp,1.55,16.145,>16.145,99.990,-0.226,0.253,g
2460248.49607,2023-10-30.9958673,bp,1.51,15.492,>15.492,99.990,0.574,0.462,g
2460248.49731,2023-10-30.9971113,bp,1.55,15.686,>15.686,99.990,0.042,0.386,g
2460248.49856,2023-10-30.9983583,bp,1.54,15.615,>15.615,99.990,-0.577,0.412,g
2460248.57307,2023-10-31.0728741,bl,1.51,15.615,>15.615,99.990,0.404,0.412,g
2460248.57430,2023-10-31.0741064,bl,1.45,15.011,>15.011,99.990,-0.267,0.719,g
2460248.57553,2023-10-31.0753380,bl,1.50,15.628,>15.628,99.990,-0.127,0.407,g
2460249.25038,2023-10-31.7502245,bp,2.43,15.826,>15.826,99.990,0.354,0.339,g
2460249.25164,2023-10-31.7514711,bp,2.36,15.931,>15.931,99.990,1.531,0.308,g
2460249.25288,2023-10-31.7527070,bp,2.13,16.011,>16.011,99.990,0.298,0.286,g
2460249.40514,2023-10-31.9049886,bp,1.55,15.733,>15.733,99.990,0.928,0.370,g
2460249.40638,2023-10-31.9062304,bp,1.53,15.940,>15.940,99.990,0.972,0.306,g
2460249.40760,2023-10-31.9074431,bp,1.50,15.950,>15.950,99.990,0.448,0.303,g
2460249.52925,2023-11-01.0290958,bp,1.52,15.816,>15.816,99.990,0.156,0.342,g
2460249.53047,2023-11-01.0303236,bp,1.59,15.773,>15.773,99.990,0.245,0.356,g
2460249.53170,2023-11-01.0315503,bp,1.47,15.782,>15.782,99.990,0.463,0.353,g
2460249.63778,2023-11-01.1376278,bH,1.70,15.872,>15.872,99.990,0.448,0.325,g
2460249.63906,2023-11-01.1389025,bH,1.66,15.900,>15.900,99.990,0.397,0.317,g
2460249.64033,2023-11-01.1401780,bH,1.66,15.970,>15.970,99.990,0.177,0.297,g
2460250.26590,2023-11-01.7657736,bp,1.48,16.086,>16.086,99.990,0.635,0.267,g
2460250.26714,2023-11-01.7670141,bp,1.51,15.968,>15.968,99.990,0.692,0.298,g
2460250.26838,2023-11-01.7682561,bp,1.55,16.002,>16.002,99.990,0.433,0.289,g
2460250.42921,2023-11-01.9290979,bp,1.52,16.044,>16.044,99.990,0.500,0.278,g
2460250.43045,2023-11-01.9303326,bp,1.49,16.096,>16.096,99.990,0.485,0.265,g
2460250.43168,2023-11-01.9315594,bp,1.50,16.066,>16.066,99.990,0.502,0.272,g
2460251.74034,2023-11-03.2402901,bH,1.47,16.119,>16.119,99.990,0.092,0.259,g
2460251.74233,2023-11-03.2422724,bH,1.39,16.058,>16.058,99.990,0.856,0.274,g
2460251.74451,2023-11-03.2444528,bH,1.37,16.297,>16.297,99.990,0.690,0.220,g
2460254.32143,2023-11-05.8214872,bp,1.51,16.306,>16.306,99.990,0.506,0.218,g
2460254.32266,2023-11-05.8227122,bp,1.46,16.123,>16.123,99.990,0.208,0.258,g
2460254.32389,2023-11-05.8239446,bp,1.51,16.154,>16.154,99.990,0.226,0.251,g
2460254.75450,2023-11-06.2545729,bH,1.38,16.116,>16.116,99.990,0.473,0.260,g
2460254.75846,2023-11-06.2585375,bH,1.44,16.191,>16.191,99.990,0.752,0.243,g
2460255.28282,2023-11-06.7829091,bp,1.75,16.183,>16.183,99.990,0.610,0.244,g
2460255.28430,2023-11-06.7843916,bp,1.68,16.107,>16.107,99.990,0.371,0.262,g
2460255.28555,2023-11-06.7856429,bp,1.78,16.151,>16.151,99.990,0.290,0.252,g
2460255.53917,2023-11-07.0392792,bl,1.47,16.107,>16.107,99.990,0.773,0.262,g
2460255.54040,2023-11-07.0405068,bl,1.49,15.953,>15.953,99.990,0.209,0.302,g
2460255.54163,2023-11-07.0417424,bl,1.49,16.213,>16.213,99.990,0.497,0.238,g
2460256.25495,2023-11-07.7550952,bp,1.61,15.976,>15.976,99.990,0.804,0.295,g
2460256.25618,2023-11-07.7563206,bp,1.64,16.087,>16.087,99.990,0.798,0.267,g
2460256.25748,2023-11-07.7576129,bp,1.62,15.982,>15.982,99.990,0.429,0.294,g
2460256.39495,2023-11-07.8951040,bp,1.60,16.410,>16.410,99.990,0.738,0.198,g
2460256.39618,2023-11-07.8963320,bp,1.49,16.222,>16.222,99.990,1.082,0.236,g
2460256.39742,2023-11-07.8975739,bp,1.52,16.397,>16.397,99.990,0.693,0.201,g
2460256.63078,2023-11-08.1309409,bH,1.41,16.374,>16.374,99.990,0.884,0.205,g
2460256.63276,2023-11-08.1329145,bH,1.40,16.175,>16.175,99.990,0.786,0.246,g
2460256.63473,2023-11-08.1348937,bH,1.45,16.186,>16.186,99.990,0.534,0.244,g
2460257.32749,2023-11-08.8276712,bp,1.51,16.255,>16.255,99.990,0.576,0.229,g
2460257.32871,2023-11-08.8288958,bp,1.49,16.165,>16.165,99.990,0.534,0.248,g
2460257.32994,2023-11-08.8301177,bp,1.55,16.201,>16.201,99.990,0.827,0.240,g
2460257.59423,2023-11-09.0944223,bH,1.42,16.281,>16.281,99.990,0.643,0.223,g
2460257.59620,2023-11-09.0963973,bH,1.39,16.228,>16.228,99.990,0.301,0.234,g
2460257.59845,2023-11-09.0986453,bH,1.37,16.141,>16.141,99.990,0.377,0.254,g
2460258.28991,2023-11-09.7901335,bp,1.48,16.140,>16.140,99.990,0.544,0.254,g
2460258.29113,2023-11-09.7913614,bp,1.48,16.281,>16.281,99.990,0.624,0.223,g
2460258.29236,2023-11-09.7925952,bp,1.48,16.234,>16.234,99.990,0.683,0.233,g
2460258.41889,2023-11-09.9191311,bp,1.56,16.334,>16.334,99.990,0.576,0.212,g
2460258.42015,2023-11-09.9203778,bp,1.50,16.255,>16.255,99.990,0.587,0.229,g
2460258.42139,2023-11-09.9216163,bp,1.49,16.265,>16.265,99.990,0.425,0.226,g
2460259.28034,2023-11-10.7806149,bp,2.42,16.104,>16.104,99.990,0.842,0.263,g
2460259.28159,2023-11-10.7818592,bp,2.48,16.084,>16.084,99.990,0.674,0.268,g
2460259.41457,2023-11-10.9148475,bp,1.51,16.236,>16.236,99.990,0.640,0.233,g
2460259.41582,2023-11-10.9160944,bp,1.50,16.179,>16.179,99.990,0.824,0.245,g
2460259.41706,2023-11-10.9173348,bp,1.55,16.212,>16.212,99.990,0.633,0.238,g
2460260.26712,2023-11-11.7674306,bp,1.63,16.187,>16.187,99.990,0.657,0.243,g
2460260.26853,2023-11-11.7688378,bp,1.55,16.173,>16.173,99.990,0.649,0.247,g
2460260.27009,2023-11-11.7704055,bp,1.53,16.173,>16.173,99.990,0.641,0.247,g
2460260.40088,2023-11-11.9011961,bp,1.53,16.280,>16.280,99.990,0.675,0.223,g
2460260.40212,2023-11-11.9024416,bp,1.49,16.177,>16.177,99.990,0.895,0.246,g
2460260.40336,2023-11-11.9036790,bp,1.49,16.139,>16.139,99.990,0.570,0.254,g
2460260.63980,2023-11-12.1401310,bH,1.65,16.303,>16.303,99.990,0.567,0.219,g
2460260.64179,2023-11-12.1421238,bH,1.58,16.245,>16.245,99.990,0.577,0.231,g
2460260.64379,2023-11-12.1441186,bH,1.54,16.171,>16.171,99.990,0.526,0.247,g
2460261.27834,2023-11-12.7786909,bp,1.60,16.319,>16.319,99.990,0.578,0.216,g
2460261.27959,2023-11-12.7799504,bp,1.60,16.334,>16.334,99.990,0.713,0.213,g
2460261.28083,2023-11-12.7811827,bp,1.51,16.361,>16.361,99.990,0.922,0.207,g
2460261.41227,2023-11-12.9126307,bp,1.49,16.297,>16.297,99.990,0.622,0.220,g
2460261.41349,2023-11-12.9138581,bp,1.46,16.161,>16.161,99.990,0.692,0.249,g
2460261.41473,2023-11-12.9150938,bp,1.56,16.171,>16.171,99.990,0.658,0.247,g
2460261.53791,2023-11-13.0382762,bH,1.46,16.123,>16.123,99.990,0.540,0.258,g
2460261.53990,2023-11-13.0402686,bH,1.51,16.234,>16.234,99.990,0.574,0.233,g
2460261.54188,2023-11-13.0422496,bH,1.48,16.192,>16.192,99.990,0.801,0.242,g
2460261.71754,2023-11-13.2179112,bH,1.43,16.091,>16.091,99.990,0.469,0.266,g
2460261.71954,2023-11-13.2199182,bH,1.43,16.241,>16.241,99.990,0.670,0.232,g
2460261.72154,2023-11-13.2219179,bH,1.41,16.198,>16.198,99.990,0.390,0.241,g
2460262.31713,2023-11-13.8175231,bp,1.60,16.243,>16.243,99.990,0.553,0.231,g
2460262.31837,2023-11-13.8187649,bp,1.68,16.252,>16.252,99.990,0.488,0.229,g
2460262.31960,2023-11-13.8199925,bp,1.69,16.209,>16.209,99.990,0.723,0.239,g
2460262.44947,2023-11-13.9498701,bp,1.71,16.108,>16.108,99.990,0.692,0.262,g
2460262.45070,2023-11-13.9510990,bp,1.67,16.173,>16.173,99.990,0.638,0.247,g
2460262.45190,2023-11-13.9523136,bp,1.67,16.126,>16.126,99.990,0.645,0.257,g
2460262.61978,2023-11-14.1201916,bl,1.45,16.156,>16.156,99.990,0.538,0.250,g
2460262.62100,2023-11-14.1214090,bl,1.41,16.094,>16.094,99.990,0.631,0.265,g
2460262.62222,2023-11-14.1226324,bl,1.46,16.232,>16.232,99.990,0.275,0.233,g
2460263.27853,2023-11-14.7789733,bp,1.51,16.149,>16.149,99.990,0.316,0.252,g
2460263.27976,2023-11-14.7802020,bp,1.52,16.296,>16.296,99.990,0.594,0.220,g
2460263.28099,2023-11-14.7814319,bp,1.47,16.430,>16.430,99.990,0.667,0.195,g
2460263.40354,2023-11-14.9039819,bp,1.55,16.183,>16.183,99.990,0.220,0.244,g
2460263.40478,2023-11-14.9052256,bp,1.61,16.244,>16.244,99.990,0.563,0.231,g
2460263.40601,2023-11-14.9064560,bp,1.57,16.358,>16.358,99.990,0.574,0.208,g
2460263.62309,2023-11-15.1235384,bH,1.58,16.135,>16.135,99.990,0.459,0.255,g
2460263.62507,2023-11-15.1255215,bH,1.55,16.143,>16.143,99.990,0.742,0.253,g
2460263.62705,2023-11-15.1275012,bH,1.54,16.281,>16.281,99.990,0.860,0.223,g
2460264.55043,2023-11-16.0509224,bH,1.46,16.146,>16.146,99.990,0.447,0.253,g
2460264.55171,2023-11-16.0521978,bH,1.43,16.194,>16.194,99.990,0.557,0.242,g
2460264.55298,2023-11-16.0534718,bH,1.44,16.173,>16.173,99.990,0.680,0.246,g
2460265.25740,2023-11-16.7579237,bp,1.53,15.175,>15.175,99.990,-1.562,0.618,g
2460265.28539,2023-11-16.7859138,bp,1.50,16.141,>16.141,99.990,0.318,0.254,g
2460265.60163,2023-11-17.1021710,bH,1.4,16.176,>16.176,99.990,0.220,0.246,g
2460265.60291,2023-11-17.1034447,bH,1.41,16.085,>16.085,99.990,0.471,0.267,g
2460265.60420,2023-11-17.1047350,bH,1.37,16.294,>16.294,99.990,0.612,0.220,g
2460266.29835,2023-11-17.7989267,bp,1.50,16.098,>16.098,99.990,0.745,0.264,g
2460266.29969,2023-11-17.8002586,bp,1.55,16.257,>16.257,99.990,0.207,0.228,g
2460266.30094,2023-11-17.8015081,bp,1.52,16.184,>16.184,99.990,0.841,0.244,g
2460266.40248,2023-11-17.9030498,bp,1.53,16.202,>16.202,99.990,0.630,0.240,g
2460266.40369,2023-11-17.9042662,bp,1.52,16.290,>16.290,99.990,0.594,0.221,g
2460266.40494,2023-11-17.9055077,bp,1.57,16.328,>16.328,99.990,0.110,0.214,g
2460266.73765,2023-11-18.2382337,bH,1.47,16.108,>16.108,99.990,0.281,0.262,g
2460266.73892,2023-11-18.2395087,bH,1.47,16.238,>16.238,99.990,0.411,0.232,g
2460266.74020,2023-11-18.2407869,bH,1.46,16.263,>16.263,99.990,0.702,0.227,g
2460270.36304,2023-11-21.8637739,bp,1.51,16.134,>16.134,99.990,1.076,0.256,g
2460270.36427,2023-11-21.8650056,bp,1.52,16.019,>16.019,99.990,0.695,0.284,g
2460270.36551,2023-11-21.8662453,bp,1.48,15.933,>15.933,99.990,0.226,0.308,g
2460270.56423,2023-11-22.0649729,bl,1.50,15.879,>15.879,99.990,0.221,0.323,g
2460270.56545,2023-11-22.0661993,bl,1.53,15.984,>15.984,99.990,0.279,0.293,g
2460270.56670,2023-11-22.0674432,bl,1.50,15.807,>15.807,99.990,0.148,0.345,g
2460270.70627,2023-11-22.2070216,bH,1.42,15.977,>15.977,99.990,0.539,0.295,g
2460270.70755,2023-11-22.2083081,bH,1.47,16.004,>16.004,99.990,0.394,0.288,g
2460270.70884,2023-11-22.2095952,bH,1.45,15.994,>15.994,99.990,0.552,0.291,g
2460270.74659,2023-11-22.2473489,bH,1.49,16.103,>16.103,99.990,0.325,0.263,g
2460270.74788,2023-11-22.2486401,bH,1.50,16.044,>16.044,99.990,0.630,0.278,g
2460270.74917,2023-11-22.2499197,bH,1.49,16.096,>16.096,99.990,0.683,0.265,g
2460271.26553,2023-11-22.7663019,bp,2.20,15.683,>15.683,99.990,0.510,0.387,g
2460271.26676,2023-11-22.7675296,bp,2.17,15.686,>15.686,99.990,1.220,0.386,g
2460271.26808,2023-11-22.7688594,bp,2.09,15.821,>15.821,99.990,-0.293,0.341,g
2460271.39772,2023-11-22.8984935,bp,1.55,15.961,>15.961,99.990,0.650,0.300,g
2460271.39894,2023-11-22.8997307,bp,1.63,16.117,>16.117,99.990,0.147,0.260,g
2460271.40017,2023-11-22.9009597,bp,1.58,15.896,>15.896,99.990,0.248,0.318,g
2460271.50550,2023-11-23.0062917,bp,1.55,16.148,>16.148,99.990,0.602,0.252,g
2460271.50673,2023-11-23.0075206,bp,1.53,15.911,>15.911,99.990,0.587,0.314,g
2460271.50797,2023-11-23.0087603,bp,1.50,15.923,>15.923,99.990,0.700,0.310,g
2460271.73980,2023-11-23.2405943,bH,1.43,15.922,>15.922,99.990,0.097,0.311,g
2460271.74107,2023-11-23.2418667,bH,1.42,16.056,>16.056,99.990,0.294,0.275,g
2460271.74234,2023-11-23.2431379,bH,1.42,16.007,>16.007,99.990,0.025,0.287,g
2460272.26239,2023-11-23.7632134,bp,1.56,15.254,>15.254,99.990,-0.769,0.575,g
2460272.26362,2023-11-23.7644423,bp,2.06,15.320,>15.320,99.990,1.429,0.541,g
2460272.26485,2023-11-23.7656704,bp,1.97,15.431,>15.431,99.990,0.201,0.488,g
2460272.43206,2023-11-23.9328827,bp,1.50,15.825,>15.825,99.990,-0.051,0.340,g
2460272.43328,2023-11-23.9341059,bp,1.55,15.487,>15.487,99.990,0.519,0.464,g
2460272.43452,2023-11-23.9353387,bp,1.48,15.546,>15.546,99.990,-0.260,0.439,g
2460272.59695,2023-11-24.0977813,bH,1.51,15.986,>15.986,99.990,0.103,0.293,g
2460272.59823,2023-11-24.0990623,bH,1.45,15.845,>15.845,99.990,0.377,0.333,g
2460272.59952,2023-11-24.1003417,bH,1.43,16.084,>16.084,99.990,0.469,0.268,g
2460273.26678,2023-11-24.7676399,bp,1.66,15.740,>15.740,99.990,0.512,0.367,g
2460273.26802,2023-11-24.7688795,bp,1.74,15.712,>15.712,99.990,-0.402,0.377,g
2460273.26925,2023-11-24.7701097,bp,1.58,15.706,>15.706,99.990,1.056,0.379,g
2460273.46660,2023-11-24.9674662,bp,1.55,15.792,>15.792,99.990,0.357,0.350,g
2460273.46784,2023-11-24.9687082,bp,1.48,15.791,>15.791,99.990,1.593,0.350,g
2460273.46908,2023-11-24.9699498,bp,1.60,15.809,>15.809,99.990,0.447,0.345,g
2460274.26364,2023-11-25.7645379,bp,2.15,15.393,>15.393,99.990,-0.157,0.505,g
2460274.26488,2023-11-25.7657825,bp,2.15,15.579,>15.579,99.990,0.493,0.426,g
2460274.26611,2023-11-25.7670101,bp,2.12,15.562,>15.562,99.990,0.208,0.433,g
2460274.36690,2023-11-25.8677993,bp,1.57,15.728,>15.728,99.990,0.131,0.372,g
2460274.36812,2023-11-25.8690236,bp,1.51,15.718,>15.718,99.990,-0.310,0.375,g
2460274.36935,2023-11-25.8702527,bp,1.53,15.729,>15.729,99.990,0.281,0.371,g
2460274.52111,2023-11-26.0220172,bl,1.56,15.567,>15.567,99.990,-0.169,0.431,g
2460274.52233,2023-11-26.0232390,bl,1.47,15.554,>15.554,99.990,-0.094,0.436,g
2460274.52356,2023-11-26.0244628,bl,1.54,15.588,>15.588,99.990,-0.160,0.423,g
2460274.70488,2023-11-26.2057986,bH,1.45,15.792,>15.792,99.990,0.068,0.350,g
2460274.70614,2023-11-26.2070594,bH,1.51,15.733,>15.733,99.990,0.176,0.370,g
2460274.70741,2023-11-26.2083366,bH,1.49,15.578,>15.578,99.990,-0.448,0.426,g
2460275.39679,2023-11-26.8977375,bp,1.51,15.670,>15.670,99.990,0.741,0.392,g
2460275.39804,2023-11-26.8989844,bp,1.45,15.532,>15.532,99.990,1.207,0.445,g
2460275.39926,2023-11-26.9002082,bp,1.48,15.446,>15.446,99.990,-0.985,0.481,g
2460275.50209,2023-11-27.0030418,bp,1.45,15.261,>15.261,99.990,-0.746,0.571,g
2460275.50332,2023-11-27.0042697,bp,1.55,15.424,>15.424,99.990,1.787,0.491,g
2460276.37884,2023-11-27.8798255,bp,1.43,15.903,>15.903,99.990,0.361,0.316,g
2460276.38008,2023-11-27.8810582,bp,1.46,15.669,>15.669,99.990,-0.527,0.392,g
2460276.38130,2023-11-27.8822826,bp,1.57,15.648,>15.648,99.990,-0.387,0.400,g
2460276.56836,2023-11-28.0693532,bH,1.90,15.968,>15.968,99.990,1.034,0.298,g
2460276.56962,2023-11-28.0706167,bH,1.41,15.928,>15.928,99.990,1.079,0.309,g
2460276.57090,2023-11-28.0718928,bH,1.41,15.772,>15.772,99.990,0.918,0.357,g
2460276.72495,2023-11-28.2259527,bH,1.35,15.743,>15.743,99.990,0.353,0.366,g
2460276.72622,2023-11-28.2272206,bH,1.49,15.679,>15.679,99.990,0.345,0.389,g
2460276.72750,2023-11-28.2285016,bH,1.5,15.678,>15.678,99.990,0.410,0.389,g
2460277.29269,2023-11-28.7937143,bp,1.66,16.020,>16.020,99.990,0.422,0.284,g
2460277.32560,2023-11-28.8266168,bp,1.70,15.923,>15.923,99.990,0.073,0.310,g
2460278.26630,2023-11-29.7673600,bp,2.28,15.609,>15.609,99.990,-0.432,0.414,g
2460278.26753,2023-11-29.7685902,bp,2.32,15.779,>15.779,99.990,0.406,0.354,g
2460278.26876,2023-11-29.7698203,bp,2.32,15.885,>15.885,99.990,0.208,0.322,g
2460283.68664,2023-12-05.1879019,bH,1.41,16.170,>16.170,99.990,0.671,0.247,g
2460283.68792,2023-12-05.1891791,bH,1.44,16.343,>16.343,99.990,0.969,0.211,g
2460283.68919,2023-12-05.1904539,bH,1.40,16.190,>16.190,99.990,0.653,0.243,g
2460286.52069,2023-12-08.0220604,bk,1.67,15.629,>15.629,99.990,0.956,0.407,g
2460286.52191,2023-12-08.0232754,bk,1.67,15.678,>15.678,99.990,0.690,0.389,g
2460286.52312,2023-12-08.0244949,bk,1.64,15.779,>15.779,99.990,0.319,0.354,g
2460287.61523,2023-12-09.1166296,bl,1.63,16.062,>16.062,99.990,0.607,0.273,g
2460287.61644,2023-12-09.1178552,bl,1.53,16.175,>16.175,99.990,0.616,0.246,g
2460287.61765,2023-12-09.1190597,bl,1.59,16.221,>16.221,99.990,0.343,0.236,g
2460288.66093,2023-12-10.1623743,bH,1.61,16.206,>16.206,99.990,0.703,0.239,g
2460288.66220,2023-12-10.1636515,bH,1.57,16.137,>16.137,99.990,0.284,0.255,g
2460288.66348,2023-12-10.1649298,bH,1.62,16.097,>16.097,99.990,0.799,0.264,g
2460291.66916,2023-12-13.1707042,bl,1.62,16.291,>16.291,99.990,0.255,0.221,g
2460291.67036,2023-12-13.1719192,bl,1.64,16.104,>16.104,99.990,0.456,0.263,g
2460293.59601,2023-12-15.0976221,bl,2.00,16.144,>16.144,99.990,0.530,0.253,g
2460293.59723,2023-12-15.0988403,bl,1.64,16.066,>16.066,99.990,0.531,0.272,g
2460293.59846,2023-12-15.1000725,bl,1.72,16.158,>16.158,99.990,0.081,0.250,g
2460293.65296,2023-12-15.1545818,bl,1.60,16.167,>16.167,99.990,0.293,0.248,g
2460293.65418,2023-12-15.1557988,bl,1.59,16.107,>16.107,99.990,0.805,0.262,g
2460293.65542,2023-12-15.1570298,bl,1.64,16.130,>16.130,99.990,0.508,0.256,g
2460294.56198,2023-12-16.0636189,bl,2.26,16.015,>16.015,99.990,0.359,0.285,g
2460294.56321,2023-12-16.0648559,bl,2.22,16.170,>16.170,99.990,0.270,0.247,g
2460294.56445,2023-12-16.0660871,bl,2.23,16.114,>16.114,99.990,0.501,0.260,g
2460298.62434,2023-12-20.1261150,bl,1.59,15.963,>15.963,99.990,0.511,0.299,g
2460298.62556,2023-12-20.1273356,bl,1.53,16.054,>16.054,99.990,0.248,0.275,g
2460298.62679,2023-12-20.1285633,bl,1.51,15.923,>15.923,99.990,0.257,0.310,g
2460300.59467,2023-12-22.0965063,bl,1.64,15.783,>15.783,99.990,0.417,0.353,g
2460300.59590,2023-12-22.0977317,bl,1.68,15.727,>15.727,99.990,0.683,0.372,g
2460300.59712,2023-12-22.0989550,bl,1.62,15.792,>15.792,99.990,0.678,0.350,g
2460301.29069,2023-12-22.7925383,bp,2.10,15.846,>15.846,99.990,0.238,0.333,g
2460301.41869,2023-12-22.9205437,bp,1.55,15.914,>15.914,99.990,0.761,0.313,g
2460301.41992,2023-12-22.9217714,bp,1.50,15.885,>15.885,99.990,0.383,0.322,g
2460301.42117,2023-12-22.9230309,bp,1.53,16.012,>16.012,99.990,1.060,0.286,g
2460301.64401,2023-12-23.1458716,bH,1.47,15.782,>15.782,99.990,0.353,0.353,g
2460301.64527,2023-12-23.1471327,bH,1.43,15.955,>15.955,99.990,0.748,0.301,g
2460301.64653,2023-12-23.1483974,bH,1.45,15.903,>15.903,99.990,0.217,0.316,g
2460302.29761,2023-12-23.7994903,bp,1.50,16.031,>16.031,99.990,0.215,0.281,g
2460302.29884,2023-12-23.8007230,bp,1.51,15.955,>15.955,99.990,0.624,0.301,g
2460302.30016,2023-12-23.8020444,bp,1.51,16.099,>16.099,99.990,0.384,0.264,g
2460302.39716,2023-12-23.8990370,bp,1.51,15.731,>15.731,99.990,0.811,0.371,g
2460302.39837,2023-12-23.9002554,bp,1.48,15.800,>15.800,99.990,0.494,0.347,g
2460302.39965,2023-12-23.9015320,bp,1.57,15.848,>15.848,99.990,0.428,0.332,g
2460302.62113,2023-12-24.1230222,bl,1.69,15.786,>15.786,99.990,0.982,0.352,g
2460302.62236,2023-12-24.1242478,bl,1.62,15.666,>15.666,99.990,0.083,0.393,g
2460302.62357,2023-12-24.1254640,bl,1.70,15.725,>15.725,99.990,0.315,0.372,g
2460303.29031,2023-12-24.7922157,bp,1.66,15.887,>15.887,99.990,0.071,0.321,g
2460303.29156,2023-12-24.7934715,bp,1.61,15.838,>15.838,99.990,0.531,0.336,g
2460303.29285,2023-12-24.7947622,bp,1.67,15.819,>15.819,99.990,0.409,0.342,g
2460303.36836,2023-12-24.8702706,bp,1.59,15.875,>15.875,99.990,0.881,0.324,g
2460303.36960,2023-12-24.8715100,bp,1.55,15.732,>15.732,99.990,-0.109,0.370,g
2460303.37086,2023-12-24.8727740,bp,1.54,15.696,>15.696,99.990,-0.094,0.382,g
2460303.61792,2023-12-25.1198372,bl,2.07,15.613,>15.613,99.990,-0.195,0.413,g
2460303.61914,2023-12-25.1210553,bl,2.04,15.621,>15.621,99.990,-0.382,0.410,g
2460303.62036,2023-12-25.1222804,bl,2.03,15.490,>15.490,99.990,0.595,0.462,g
2460304.28844,2023-12-25.7903797,bp,1.65,15.564,>15.564,99.990,0.715,0.432,g
2460304.29005,2023-12-25.7919839,bp,1.60,15.602,>15.602,99.990,0.898,0.417,g
2460305.28144,2023-12-26.7834004,bp,1.48,15.249,>15.249,99.990,-0.162,0.577,g
2460305.53565,2023-12-27.0376187,bl,2.00,15.537,>15.537,99.990,-0.091,0.443,g
2460305.53688,2023-12-27.0388501,bl,2.00,15.418,>15.418,99.990,0.026,0.494,g
2460305.53811,2023-12-27.0400788,bl,1.75,15.513,>15.513,99.990,1.110,0.453,g
2460308.54300,2023-12-30.0450428,bH,1.45,16.196,>16.196,99.990,0.860,0.241,g
2460308.54427,2023-12-30.0463174,bH,1.47,16.214,>16.214,99.990,0.856,0.237,g
2460308.54555,2023-12-30.0475901,bH,1.41,16.279,>16.279,99.990,0.570,0.224,g
2460308.63153,2023-12-30.1335690,bH,1.43,15.947,>15.947,99.990,0.912,0.303,g
2460308.63280,2023-12-30.1348496,bH,1.40,15.882,>15.882,99.990,0.665,0.322,g
2460308.63409,2023-12-30.1361363,bH,1.35,15.940,>15.940,99.990,1.259,0.306,g
2460309.55896,2023-12-31.0610222,bl,1.69,16.120,>16.120,99.990,0.718,0.259,g
2460309.56017,2023-12-31.0622392,bl,1.62,16.210,>16.210,99.990,0.136,0.238,g
2460309.56139,2023-12-31.0634571,bl,1.67,16.201,>16.201,99.990,0.700,0.240,g
2460312.64630,2024-01-03.1484447,bH,1.38,16.461,>16.461,99.990,0.322,0.189,g
2460313.39298,2024-01-03.8951296,bp,1.52,16.284,>16.284,99.990,0.859,0.223,g
2460313.39422,2024-01-03.8963649,bp,1.51,16.284,>16.284,99.990,0.494,0.223,g
2460313.39543,2024-01-03.8975914,bp,1.52,16.138,>16.138,99.990,0.772,0.255,g
2460313.64161,2024-01-04.1437783,bH,1.47,16.099,>16.099,99.990,0.498,0.264,g
2460313.64289,2024-01-04.1450447,bH,1.45,16.321,>16.321,99.990,0.855,0.215,g
2460313.64416,2024-01-04.1463243,bH,1.40,16.176,>16.176,99.990,0.399,0.246,g
2460314.29495,2024-01-04.7971209,bp,1.51,16.055,>16.055,99.990,0.378,0.275,g
2460314.29618,2024-01-04.7983488,bp,1.47,16.107,>16.107,99.990,0.496,0.262,g
2460314.29742,2024-01-04.7995922,bp,1.53,16.123,>16.123,99.990,0.684,0.258,g
2460314.62896,2024-01-05.1311371,bH,1.42,16.269,>16.269,99.990,0.596,0.226,g
2460314.63024,2024-01-05.1324152,bH,1.43,16.196,>16.196,99.990,0.508,0.241,g
2460314.63151,2024-01-05.1336871,bH,1.43,16.255,>16.255,99.990,0.689,0.229,g
2460315.33110,2024-01-05.8332987,bp,1.65,16.208,>16.208,99.990,0.477,0.239,g
2460315.33254,2024-01-05.8347322,bp,1.61,16.267,>16.267,99.990,0.727,0.226,g
2460315.33387,2024-01-05.8360680,bp,1.57,16.244,>16.244,99.990,0.736,0.231,g
2460315.39103,2024-01-05.8932270,bp,1.50,16.221,>16.221,99.990,0.485,0.236,g
2460315.39227,2024-01-05.8944609,bp,1.52,16.191,>16.191,99.990,0.539,0.242,g
2460316.28364,2024-01-06.7858493,bp,1.52,15.804,>15.804,99.990,-0.226,0.346,g
2460316.28485,2024-01-06.7870643,bp,1.57,15.853,>15.853,99.990,0.626,0.331,g
2460316.28608,2024-01-06.7882945,bp,1.50,15.931,>15.931,99.990,-0.274,0.308,g
2460316.38591,2024-01-06.8881245,bp,1.48,16.302,>16.302,99.990,0.515,0.219,g
2460316.38714,2024-01-06.8893516,bp,1.49,16.249,>16.249,99.990,0.635,0.230,g
2460316.38840,2024-01-06.8906135,bp,1.48,16.273,>16.273,99.990,0.652,0.225,g
2460317.62291,2024-01-08.1251534,bH,1.42,16.294,>16.294,99.990,0.675,0.221,g
2460317.62420,2024-01-08.1264371,bH,1.43,16.230,>16.230,99.990,0.586,0.234,g
2460317.62546,2024-01-08.1277017,bH,1.42,16.151,>16.151,99.990,0.417,0.252,g
2460319.61908,2024-01-10.1213493,bH,1.61,16.284,>16.284,99.990,0.218,0.223,g
2460319.62035,2024-01-10.1226281,bH,1.60,16.338,>16.338,99.990,0.445,0.212,g
2460319.62163,2024-01-10.1239041,bH,1.56,16.355,>16.355,99.990,0.581,0.208,g
2460322.56280,2024-01-13.0651208,bl,1.55,16.107,>16.107,99.990,0.662,0.262,g
2460322.56403,2024-01-13.0663506,bl,1.51,16.104,>16.104,99.990,0.213,0.263,g
2460322.56525,2024-01-13.0675689,bl,1.55,16.180,>16.180,99.990,0.528,0.245,g
2460324.55839,2024-01-15.0607325,bl,1.50,16.150,>16.150,99.990,0.606,0.252,g
2460324.55961,2024-01-15.0619554,bl,1.46,15.994,>15.994,99.990,0.180,0.291,g
2460324.56085,2024-01-15.0631888,bl,1.45,16.160,>16.160,99.990,0.498,0.250,g
2460325.55563,2024-01-16.0579965,bH,1.43,16.391,>16.391,99.990,0.943,0.202,g
2460325.55691,2024-01-16.0592723,bH,1.35,16.275,>16.275,99.990,0.658,0.224,g
2460325.55817,2024-01-16.0605342,bH,1.39,16.235,>16.235,99.990,0.313,0.233,g
2460326.55527,2024-01-17.0576422,bH,1.46,16.154,>16.154,99.990,0.744,0.251,g
2460326.55654,2024-01-17.0589168,bH,1.42,16.132,>16.132,99.990,0.925,0.256,g
2460326.55782,2024-01-17.0601927,bH,1.51,16.297,>16.297,99.990,0.472,0.220,g
2460327.55261,2024-01-18.0549971,bH,1.44,16.298,>16.298,99.990,0.722,0.220,g
2460327.55388,2024-01-18.0562668,bH,1.44,16.060,>16.060,99.990,0.164,0.274,g
2460327.55515,2024-01-18.0575370,bH,1.42,16.077,>16.077,99.990,0.495,0.269,g
2460328.54696,2024-01-19.0493533,bH,1.42,15.959,>15.959,99.990,0.328,0.300,g
2460328.54824,2024-01-19.0506303,bH,1.44,16.058,>16.058,99.990,0.797,0.274,g
2460328.54951,2024-01-19.0519067,bH,1.38,15.982,>15.982,99.990,0.612,0.294,g
2460329.54670,2024-01-20.0491071,bH,1.49,16.151,>16.151,99.990,0.421,0.252,g
2460329.54797,2024-01-20.0503768,bH,1.40,16.041,>16.041,99.990,0.561,0.278,g
2460329.54924,2024-01-20.0516537,bH,1.44,16.017,>16.017,99.990,0.698,0.285,g
2460330.54190,2024-01-21.0443163,bl,1.49,15.817,>15.817,99.990,0.687,0.342,g
2460330.54312,2024-01-21.0455333,bl,1.53,15.786,>15.786,99.990,0.092,0.352,g
2460330.54434,2024-01-21.0467527,bl,1.48,15.786,>15.786,99.990,0.465,0.352,g
2460331.53782,2024-01-22.0402416,bl,1.50,15.679,>15.679,99.990,-0.069,0.389,g
2460331.53905,2024-01-22.0414746,bl,1.47,15.616,>15.616,99.990,0.614,0.412,g
2460331.54028,2024-01-22.0426993,bl,1.47,15.630,>15.630,99.990,-0.160,0.406,g
2460333.53341,2024-01-24.0358557,bl,1.62,15.475,>15.475,99.990,-0.490,0.469,g
2460333.53464,2024-01-24.0370787,bl,1.47,15.614,>15.614,99.990,0.605,0.412,g
2460333.53586,2024-01-24.0382969,bl,1.49,15.480,>15.480,99.990,-0.592,0.467,g
2460334.52792,2024-01-25.0303648,bl,2.10,15.080,>15.080,99.990,0.348,0.675,g
2460335.52882,2024-01-26.0312706,bl,2.31,15.427,>15.427,99.990,-0.794,0.490,g
2460335.53004,2024-01-26.0324865,bl,2.33,15.375,>15.375,99.990,-0.174,0.514,g
2460335.53126,2024-01-26.0337072,bl,2.45,15.419,>15.419,99.990,0.470,0.494,g
2460357.27224,2024-02-16.7746307,bp,1.60,16.037,>16.037,99.990,0.342,0.279,g
2460357.27349,2024-02-16.7758687,bp,1.63,15.942,>15.942,99.990,0.497,0.305,g
2460357.27473,2024-02-16.7771118,bp,1.65,15.993,>15.993,99.990,0.663,0.291,g
2460359.26686,2024-02-18.7692180,bp,1.66,15.821,>15.821,99.990,0.349,0.341,g
2460359.26810,2024-02-18.7704598,bp,1.74,15.846,>15.846,99.990,0.367,0.333,g
2460359.26932,2024-02-18.7716805,bp,1.64,15.826,>15.826,99.990,0.134,0.339,g
2460361.26167,2024-02-20.7640055,bp,2.32,15.531,>15.531,99.990,-0.012,0.445,g
2460361.26292,2024-02-20.7652471,bp,2.26,15.530,>15.530,99.990,0.079,0.446,g
2460361.26414,2024-02-20.7664725,bp,1.99,15.651,>15.651,99.990,0.014,0.399,g
2460362.25825,2024-02-21.7605658,bp,2.29,15.258,>15.258,99.990,0.532,0.573,g
2460362.25948,2024-02-21.7618008,bp,2.23,15.425,>15.425,99.990,0.486,0.491,g
2460434.92545,2024-05-04.4253549,bl,1.49,16.015,>16.015,99.990,0.093,0.285,g
2460434.92669,2024-05-04.4265862,bl,1.54,16.079,>16.079,99.990,0.483,0.269,g
2460434.92791,2024-05-04.4278115,bl,1.55,15.994,>15.994,99.990,0.433,0.291,g
2460435.67283,2024-05-05.1727008,bp,1.64,15.935,>15.935,99.990,-0.300,0.307,g
2460435.67412,2024-05-05.1739825,bp,1.55,15.921,>15.921,99.990,0.303,0.311,g
2460435.67551,2024-05-05.1753769,bp,1.61,15.940,>15.940,99.990,0.009,0.305,g
2460436.92825,2024-05-06.4280648,bl,1.57,15.879,>15.879,99.990,0.190,0.323,g
2460436.92947,2024-05-06.4292820,bl,1.67,15.848,>15.848,99.990,0.437,0.333,g
2460436.93069,2024-05-06.4305074,bl,1.55,15.785,>15.785,99.990,0.411,0.352,g
2460438.91594,2024-05-08.4156751,bH,1.65,16.292,>16.292,99.990,0.668,0.221,g
2460438.91720,2024-05-08.4169208,bH,1.50,16.175,>16.175,99.990,0.509,0.246,g
2460438.91842,2024-05-08.4181582,bH,1.52,16.207,>16.207,99.990,0.537,0.239,g
2460439.91552,2024-05-09.4152035,bH,1.63,16.104,>16.104,99.990,0.503,0.263,g
2460439.91677,2024-05-09.4164554,bH,1.56,16.197,>16.197,99.990,0.583,0.241,g
2460439.91801,2024-05-09.4177,bH,1.62,16.098,>16.098,99.990,0.230,0.264,g
2460456.88189,2024-05-26.3808729,bl,1.46,15.724,>15.724,99.990,-0.158,0.373,g
2460456.88310,2024-05-26.3820969,bl,1.51,15.742,>15.742,99.990,0.735,0.367,g
2460456.88433,2024-05-26.3833201,bl,1.52,15.785,>15.785,99.990,0.358,0.352,g
2460457.86974,2024-05-27.3686858,bH,1.59,15.942,>15.942,99.990,0.800,0.305,g
2460457.87099,2024-05-27.3699447,bH,1.62,16.005,>16.005,99.990,-0.262,0.288,g
2460457.87225,2024-05-27.3712002,bH,1.59,15.884,>15.884,99.990,0.829,0.322,g
2460458.87879,2024-05-28.3777055,bH,1.50,15.991,>15.991,99.990,0.244,0.292,g
2460458.88005,2024-05-28.3789627,bH,1.44,16.020,>16.020,99.990,0.362,0.284,g
2460458.88129,2024-05-28.3802099,bH,1.48,16.138,>16.138,99.990,0.567,0.255,g
2460460.92153,2024-05-30.4203589,bl,1.65,16.109,>16.109,99.990,0.561,0.262,g
2460460.92274,2024-05-30.4215785,bl,1.65,16.083,>16.083,99.990,0.482,0.268,g
2460460.92396,2024-05-30.4227932,bl,1.65,16.115,>16.115,99.990,0.720,0.260,g
2460487.91219,2024-06-26.4101660,bH,1.52,16.055,>16.055,99.990,0.431,0.275,g
2460487.91345,2024-06-26.4114116,bH,1.53,16.078,>16.078,99.990,0.551,0.269,g
2460487.91469,2024-06-26.4126561,bH,1.49,16.079,>16.079,99.990,0.553,0.269,g
2460488.92377,2024-06-27.4217094,bl,1.46,15.564,>15.564,99.990,0.746,0.432,g
2460488.92499,2024-06-27.4229431,bl,1.50,15.511,>15.511,99.990,0.531,0.454,g
2460488.92622,2024-06-27.4241707,bl,1.50,15.550,>15.550,99.990,-0.706,0.438,g
2460490.82961,2024-06-29.3275024,bH,1.43,16.292,>16.292,99.990,0.628,0.221,g
2460490.83085,2024-06-29.3287495,bH,1.37,16.244,>16.244,99.990,0.420,0.231,g
2460490.83209,2024-06-29.3299836,bH,1.45,16.045,>16.045,99.990,0.603,0.277,g
2460491.78499,2024-06-30.2828674,bH,2.43,16.112,>16.112,99.990,0.453,0.261,g
2460492.54054,2024-07-01.0384062,bp,1.73,16.239,>16.239,99.990,0.380,0.232,g
2460492.54179,2024-07-01.0396482,bp,1.71,16.081,>16.081,99.990,0.635,0.268,g
2460492.54301,2024-07-01.0408760,bp,1.69,16.170,>16.170,99.990,0.626,0.247,g
2460492.78117,2024-07-01.2790245,bl,1.48,16.156,>16.156,99.990,0.717,0.250,g
2460492.78240,2024-07-01.2802571,bl,1.46,16.293,>16.293,99.990,0.883,0.221,g
2460492.78363,2024-07-01.2814814,bl,1.47,16.329,>16.329,99.990,0.593,0.214,g
2460492.94030,2024-07-01.4381486,bl,1.49,15.952,>15.952,99.990,0.532,0.302,g
2460492.94153,2024-07-01.4393797,bl,1.50,16.222,>16.222,99.990,0.381,0.236,g
2460492.94276,2024-07-01.4406084,bl,1.50,15.976,>15.976,99.990,0.209,0.296,g
2460493.83469,2024-07-02.332525,bl,1.43,16.159,>16.159,99.990,0.414,0.250,g
2460493.83593,2024-07-02.3337561,bl,1.50,16.242,>16.242,99.990,0.800,0.231,g
2460493.83717,2024-07-02.3349944,bl,1.50,16.219,>16.219,99.990,0.419,0.236,g
2460494.77674,2024-07-03.2745490,bH,1.53,15.748,>15.748,99.990,0.097,0.365,g
2460494.77801,2024-07-03.2758177,bH,1.46,16.105,>16.105,99.990,0.435,0.262,g
2460494.77924,2024-07-03.2770543,bH,1.47,16.056,>16.056,99.990,0.397,0.275,g
2460495.76292,2024-07-04.2607026,bH,2.05,16.057,>16.057,99.990,0.659,0.274,g
2460495.76416,2024-07-04.2619523,bH,2.03,16.139,>16.139,99.990,0.700,0.254,g
2460495.76540,2024-07-04.2631899,bH,2.01,16.186,>16.186,99.990,0.467,0.244,g
2460496.77898,2024-07-05.2767518,bH,1.40,16.192,>16.192,99.990,0.342,0.242,g
2460496.78022,2024-07-05.2779920,bH,1.37,16.189,>16.189,99.990,0.280,0.243,g
2460496.78147,2024-07-05.2792388,bH,1.40,16.273,>16.273,99.990,0.575,0.225,g
2460497.52309,2024-07-06.0208452,bp,1.54,16.302,>16.302,99.990,0.809,0.219,g
2460497.52432,2024-07-06.0220721,bp,1.52,16.209,>16.209,99.990,0.634,0.238,g
2460497.52555,2024-07-06.0232988,bp,1.55,16.077,>16.077,99.990,0.951,0.269,g
2460498.76668,2024-07-07.2644089,bH,1.44,16.230,>16.230,99.990,0.638,0.234,g
2460498.76793,2024-07-07.2656593,bH,1.42,16.320,>16.320,99.990,0.602,0.215,g
2460498.76918,2024-07-07.2669166,bH,1.48,16.192,>16.192,99.990,0.543,0.242,g
2460500.76309,2024-07-09.2607798,bH,1.39,16.230,>16.230,99.990,0.751,0.234,g
2460500.76434,2024-07-09.2620340,bH,1.44,16.433,>16.433,99.990,0.613,0.194,g
2460500.76559,2024-07-09.2632834,bH,1.42,16.238,>16.238,99.990,0.483,0.232,g
2460500.94616,2024-07-09.4438489,bl,1.46,15.915,>15.915,99.990,0.626,0.313,g
2460500.94738,2024-07-09.4450769,bl,1.45,16.026,>16.026,99.990,0.741,0.282,g
2460500.94862,2024-07-09.4463070,bl,1.45,15.882,>15.882,99.990,1.004,0.322,g
2460501.82919,2024-07-10.3268623,bH,1.39,16.252,>16.252,99.990,0.474,0.229,g
2460501.83044,2024-07-10.3281141,bH,1.37,16.164,>16.164,99.990,0.484,0.249,g
2460501.83169,2024-07-10.3293656,bH,1.39,16.337,>16.337,99.990,0.845,0.212,g
2460502.75403,2024-07-11.2516924,bH,1.42,16.213,>16.213,99.990,0.505,0.238,g
2460502.75528,2024-07-11.2529408,bH,1.40,16.198,>16.198,99.990,0.664,0.241,g
2460502.75652,2024-07-11.2541831,bH,1.42,16.308,>16.308,99.990,0.634,0.218,g
2460503.74260,2024-07-12.2402406,bH,1.75,16.197,>16.197,99.990,0.503,0.241,g
2460503.74384,2024-07-12.2414829,bH,1.73,16.290,>16.290,99.990,0.407,0.221,g
2460503.74508,2024-07-12.2427252,bH,1.77,16.338,>16.338,99.990,0.699,0.212,g
2460503.92815,2024-07-12.4257898,bH,1.43,16.444,>16.444,99.990,0.508,0.192,g
2460503.92939,2024-07-12.4270378,bH,1.44,16.182,>16.182,99.990,0.377,0.245,g
2460503.93063,2024-07-12.4282788,bH,1.41,16.369,>16.369,99.990,0.756,0.206,g
2460504.75119,2024-07-13.2488245,bH,1.48,16.129,>16.129,99.990,0.498,0.257,g
2460504.75245,2024-07-13.2500784,bH,1.42,16.206,>16.206,99.990,0.559,0.239,g
2460504.75369,2024-07-13.2513243,bH,1.43,16.201,>16.201,99.990,0.447,0.240,g
2460505.80007,2024-07-14.2976924,bl,1.56,16.284,>16.284,99.990,0.515,0.223,g
2460505.80131,2024-07-14.2989284,bl,1.52,16.221,>16.221,99.990,0.514,0.236,g
2460505.80254,2024-07-14.3001631,bl,1.55,16.275,>16.275,99.990,0.575,0.225,g
2460506.77477,2024-07-15.2723689,bH,1.51,16.228,>16.228,99.990,0.432,0.234,g
2460506.77601,2024-07-15.2736081,bH,1.47,16.247,>16.247,99.990,0.502,0.230,g
2460506.77725,2024-07-15.2748434,bH,1.52,16.311,>16.311,99.990,0.733,0.217,g
2460507.74200,2024-07-16.2395849,bH,1.80,16.060,>16.060,99.990,0.371,0.274,g
2460507.74326,2024-07-16.2408491,bH,1.73,16.160,>16.160,99.990,0.415,0.249,g
2460507.74451,2024-07-16.2421040,bH,1.81,16.031,>16.031,99.990,0.629,0.281,g
2460508.72761,2024-07-17.2251851,bH,1.47,16.061,>16.061,99.990,0.510,0.273,g
2460508.72884,2024-07-17.2264216,bH,1.45,16.114,>16.114,99.990,0.267,0.260,g
2460508.73009,2024-07-17.2276662,bH,1.47,16.085,>16.085,99.990,0.091,0.267,g
2460508.79968,2024-07-17.2972508,bH,1.44,16.123,>16.123,99.990,0.424,0.258,g
2460508.80092,2024-07-17.2985002,bH,1.49,16.187,>16.187,99.990,0.395,0.243,g
2460508.80217,2024-07-17.2997424,bH,1.53,16.212,>16.212,99.990,0.350,0.238,g
2460509.72202,2024-07-18.2195884,bH,1.51,15.905,>15.905,99.990,0.096,0.316,g
2460509.72327,2024-07-18.2208376,bH,1.60,15.854,>15.854,99.990,0.622,0.331,g
2460509.72453,2024-07-18.2220878,bH,1.51,15.950,>15.950,99.990,0.333,0.303,g
2460510.71916,2024-07-19.2167229,bH,1.53,15.840,>15.840,99.990,-0.364,0.335,g
2460510.72042,2024-07-19.2179672,bH,1.53,15.716,>15.716,99.990,0.097,0.376,g
2460510.72167,2024-07-19.2192178,bH,1.48,15.833,15.615,0.179,2.061,0.337,g
2460510.85588,2024-07-19.3534380,bH,1.54,15.922,>15.922,99.990,0.212,0.311,g
2460510.85713,2024-07-19.3546893,bH,1.50,16.194,>16.194,99.990,0.319,0.242,g
2460510.85839,2024-07-19.3559325,bH,1.45,15.973,>15.973,99.990,0.742,0.296,g
2460514.77252,2024-07-23.2700376,bl,1.51,15.576,>15.576,99.990,0.231,0.427,g
2460514.77375,2024-07-23.2712662,bl,1.51,15.683,>15.683,99.990,0.416,0.387,g
2460514.77499,2024-07-23.2725078,bl,1.57,15.748,>15.748,99.990,-0.228,0.365,g
2460514.92824,2024-07-23.4257575,bH,1.50,15.766,>15.766,99.990,1.165,0.359,g
2460514.92949,2024-07-23.4270021,bH,1.43,15.961,>15.961,99.990,0.317,0.300,g
2460514.93074,2024-07-23.4282524,bH,1.53,15.814,>15.814,99.990,0.388,0.343,g
2460515.48778,2024-07-23.9852850,bp,1.53,15.962,>15.962,99.990,0.533,0.299,g
2460515.48900,2024-07-23.9865094,bp,1.54,15.875,>15.875,99.990,0.912,0.324,g
2460515.49024,2024-07-23.9877545,bp,1.54,15.723,>15.723,99.990,1.084,0.373,g
2460515.80008,2024-07-24.2975805,bH,1.51,15.950,>15.950,99.990,0.848,0.303,g
2460515.80133,2024-07-24.2988375,bH,1.49,15.908,>15.908,99.990,0.723,0.315,g
2460515.80258,2024-07-24.3000878,bH,1.47,16.000,>16.000,99.990,0.287,0.289,g
2460516.55669,2024-07-25.0541972,bp,1.60,15.930,>15.930,99.990,0.438,0.308,g
2460516.55793,2024-07-25.0554337,bp,1.56,15.966,>15.966,99.990,-0.004,0.298,g
2460516.55916,2024-07-25.0566637,bp,1.54,16.016,>16.016,99.990,0.574,0.285,g
2460516.82317,2024-07-25.3206751,bH,1.39,16.013,>16.013,99.990,0.797,0.286,g
2460516.82442,2024-07-25.3219182,bH,1.45,16.036,>16.036,99.990,0.295,0.280,g
2460517.46403,2024-07-25.9615267,bp,1.51,16.024,>16.024,99.990,0.284,0.283,g
2460517.46530,2024-07-25.9628033,bp,1.47,15.883,>15.883,99.990,0.559,0.322,g
2460517.46653,2024-07-25.9640274,bp,1.54,15.912,>15.912,99.990,0.110,0.314,g
2460517.87298,2024-07-26.3704724,bH,1.49,16.156,>16.156,99.990,0.326,0.250,g
2460518.70687,2024-07-27.2043594,bH,1.45,16.204,>16.204,99.990,0.546,0.240,g
2460518.70812,2024-07-27.2056130,bH,1.44,16.290,>16.290,99.990,0.577,0.221,g
2460518.70937,2024-07-27.2068635,bH,1.41,16.159,>16.159,99.990,0.601,0.250,g
2460519.87356,2024-07-28.3710475,bH,1.54,16.302,>16.302,99.990,0.584,0.219,g
2460519.87480,2024-07-28.3722885,bH,1.54,16.332,>16.332,99.990,0.607,0.213,g
2460519.87605,2024-07-28.3735434,bH,1.55,16.221,>16.221,99.990,0.530,0.236,g
2460520.86546,2024-07-29.3629418,bl,1.47,16.260,>16.260,99.990,0.530,0.228,g
2460520.86669,2024-07-29.3641646,bl,1.48,16.118,>16.118,99.990,0.486,0.259,g
2460520.86792,2024-07-29.3653935,bl,1.52,16.111,>16.111,99.990,0.559,0.261,g
2460521.69677,2024-07-30.1942453,bH,1.91,16.278,>16.278,99.990,0.835,0.224,g
2460521.69802,2024-07-30.1954957,bH,2.01,16.248,>16.248,99.990,0.350,0.230,g
2460521.69926,2024-07-30.1967310,bH,2.02,16.334,>16.334,99.990,0.858,0.213,g
2460524.44114,2024-08-01.9386135,bp,1.48,16.165,>16.165,99.990,0.661,0.248,g
2460524.44238,2024-08-01.9398494,bp,1.50,16.187,>16.187,99.990,0.623,0.243,g
2460524.44361,2024-08-01.9410774,bp,1.50,16.160,>16.160,99.990,0.668,0.250,g
2460524.57681,2024-08-02.0742789,bp,1.50,16.193,>16.193,99.990,0.801,0.242,g
2460524.57804,2024-08-02.0755078,bp,1.50,16.361,>16.361,99.990,0.645,0.207,g
2460524.57928,2024-08-02.0767434,bp,1.52,16.193,>16.193,99.990,0.671,0.242,g
2460525.44178,2024-08-02.9392449,bp,1.51,16.210,>16.210,99.990,0.724,0.238,g
2460525.44301,2024-08-02.9404783,bp,-99,99.990,99.990,99.990,99.990,99.990,g
2460525.44427,2024-08-02.9417435,bp,1.59,16.506,>16.506,99.990,0.647,0.181,g
2460525.57342,2024-08-03.0708888,bp,1.49,16.174,>16.174,99.990,0.424,0.246,g
2460525.57465,2024-08-03.0721155,bp,1.51,16.313,>16.313,99.990,0.662,0.217,g
2460525.57586,2024-08-03.0733362,bp,1.49,16.319,>16.319,99.990,0.961,0.215,g
2460527.80195,2024-08-05.2994269,bl,1.51,14.632,>14.632,99.990,-0.616,1.019,g
2460527.80319,2024-08-05.3006652,bl,1.53,15.538,>15.538,99.990,-0.090,0.442,g
2460527.80443,2024-08-05.3019034,bl,1.52,15.993,>15.993,99.990,0.326,0.291,g
2460537.71320,2024-08-15.2107253,bH,1.47,16.020,>16.020,99.990,0.178,0.284,g
2460537.71444,2024-08-15.2119651,bH,1.45,15.986,>15.986,99.990,0.277,0.293,g
2460537.71568,2024-08-15.2132035,bH,1.49,15.936,>15.936,99.990,-0.017,0.307,g
2460540.66858,2024-08-18.1661314,bl,1.84,14.741,>14.741,99.990,-2.215,0.922,g
2460545.81615,2024-08-23.3137658,bH,1.44,16.044,>16.044,99.990,0.461,0.278,g
2460545.81741,2024-08-23.3150291,bH,1.48,16.067,>16.067,99.990,-0.117,0.272,g
2460545.81870,2024-08-23.3163121,bH,1.46,16.075,>16.075,99.990,0.673,0.270,g
2460547.70660,2024-08-25.2042393,bl,1.53,16.017,>16.017,99.990,0.208,0.285,g
2460547.70784,2024-08-25.2054802,bl,1.49,16.211,>16.211,99.990,0.672,0.238,g
2460547.70908,2024-08-25.2067253,bl,1.58,16.213,>16.213,99.990,0.455,0.238,g
2460547.92467,2024-08-25.4223157,bl,1.51,15.972,>15.972,99.990,0.707,0.297,g
2460547.92591,2024-08-25.4235516,bl,1.46,16.074,>16.074,99.990,0.418,0.270,g
2460547.92715,2024-08-25.4247991,bl,1.48,15.829,>15.829,99.990,0.233,0.338,g
2460549.86112,2024-08-27.3587979,bH,1.56,16.182,>16.182,99.990,0.508,0.245,g
2460549.86237,2024-08-27.3600474,bH,1.63,16.326,>16.326,99.990,0.834,0.214,g
2460549.86361,2024-08-27.3612893,bH,1.58,16.253,>16.253,99.990,0.590,0.229,g
2460552.51782,2024-08-30.0155410,bp,1.54,16.185,>16.185,99.990,0.524,0.244,g
2460552.51905,2024-08-30.0167759,bp,1.60,16.368,>16.368,99.990,0.653,0.206,g
2460552.52031,2024-08-30.0180260,bp,1.56,16.197,>16.197,99.990,0.787,0.241,g
2460553.36611,2024-08-30.8638540,bp,1.58,16.108,>16.108,99.990,0.412,0.262,g
2460553.36737,2024-08-30.8651015,bp,1.59,16.162,>16.162,99.990,0.635,0.249,g
2460553.36865,2024-08-30.8663900,bp,1.62,16.253,>16.253,99.990,0.602,0.229,g
2460553.54427,2024-08-31.0420097,bp,1.63,16.214,>16.214,99.990,0.390,0.237,g
2460553.54551,2024-08-31.0432491,bp,1.62,16.155,>16.155,99.990,0.580,0.251,g
2460553.54681,2024-08-31.0445532,bp,1.62,16.240,>16.240,99.990,0.973,0.232,g
2460553.73773,2024-08-31.2354778,bH,1.44,16.299,>16.299,99.990,0.519,0.220,g
2460553.73898,2024-08-31.2367233,bH,1.42,16.224,>16.224,99.990,0.541,0.235,g
2460553.74021,2024-08-31.2379557,bH,1.42,16.324,>16.324,99.990,0.361,0.215,g
2460554.36463,2024-08-31.8623880,bp,1.58,16.250,>16.250,99.990,0.570,0.230,g
2460554.36586,2024-08-31.8636156,bp,1.54,16.182,>16.182,99.990,0.317,0.244,g
2460554.36709,2024-08-31.8648480,bp,1.61,16.136,>16.136,99.990,0.753,0.255,g
2460554.52593,2024-09-01.0236996,bp,1.55,16.323,>16.323,99.990,0.724,0.215,g
2460554.52717,2024-09-01.0249331,bp,1.57,16.192,>16.192,99.990,0.707,0.242,g
2460554.52840,2024-09-01.0261700,bp,1.58,16.329,>16.329,99.990,0.591,0.214,g
2460554.78167,2024-09-01.2794396,bH,1.44,16.318,>16.318,99.990,0.614,0.216,g
2460554.78292,2024-09-01.2806854,bH,1.48,16.208,>16.208,99.990,0.715,0.239,g
2460554.78416,2024-09-01.2819307,bH,1.42,16.261,>16.261,99.990,0.617,0.227,g
2460554.91921,2024-09-01.4169743,bl,1.45,15.982,>15.982,99.990,0.218,0.294,g
2460554.92045,2024-09-01.4182184,bl,1.43,16.067,>16.067,99.990,0.545,0.272,g
2460554.92167,2024-09-01.4194414,bl,1.46,16.226,>16.226,99.990,0.421,0.235,g
2460555.56430,2024-09-02.0620820,bp,1.54,16.214,>16.214,99.990,0.822,0.237,g
2460555.56557,2024-09-02.0633475,bp,1.52,16.183,>16.183,99.990,0.394,0.244,g
2460555.56679,2024-09-02.0645715,bp,1.62,16.235,>16.235,99.990,0.647,0.233,g
2460555.73297,2024-09-02.2307644,bl,1.49,16.132,>16.132,99.990,0.338,0.256,g
2460555.73420,2024-09-02.2319872,bl,1.44,16.186,>16.186,99.990,0.402,0.244,g
2460555.73543,2024-09-02.2332148,bl,1.40,16.111,>16.111,99.990,0.504,0.261,g
2460556.83402,2024-09-03.3318271,bl,1.53,16.264,>16.264,99.990,0.641,0.227,g
2460556.83524,2024-09-03.3330465,bl,1.52,16.332,>16.332,99.990,0.529,0.213,g
2460556.83646,2024-09-03.3342634,bl,1.53,16.268,>16.268,99.990,0.407,0.226,g
2460557.68876,2024-09-04.1865901,bl,1.48,16.217,>16.217,99.990,0.192,0.237,g
2460557.69000,2024-09-04.1878287,bl,1.46,16.152,>16.152,99.990,0.755,0.251,g
2460557.69124,2024-09-04.1890615,bl,1.47,16.270,>16.270,99.990,0.592,0.225,g
2460557.91647,2024-09-04.4143050,bl,1.49,16.088,>16.088,99.990,0.441,0.266,g
2460557.91770,2024-09-04.4155348,bl,1.47,16.002,>16.002,99.990,0.690,0.289,g
2460557.91893,2024-09-04.4167587,bl,1.49,16.112,>16.112,99.990,0.549,0.261,g
2460558.83149,2024-09-05.3293469,bH,1.40,16.203,>16.203,99.990,0.722,0.240,g
2460558.83273,2024-09-05.3305797,bH,1.38,16.340,>16.340,99.990,0.737,0.211,g
2460558.83398,2024-09-05.3318361,bH,1.38,16.355,>16.355,99.990,0.601,0.208,g
2460561.65768,2024-09-08.1556023,bl,1.44,16.169,>16.169,99.990,0.470,0.247,g
2460561.65892,2024-09-08.1568325,bl,1.49,16.264,>16.264,99.990,0.392,0.227,g
2460561.66015,2024-09-08.1580682,bl,1.45,16.200,>16.200,99.990,0.399,0.241,g
2460564.66320,2024-09-11.1612026,bH,1.49,16.242,>16.242,99.990,0.479,0.231,g
2460564.66444,2024-09-11.1624383,bH,1.51,16.162,>16.162,99.990,0.390,0.249,g
2460564.66569,2024-09-11.1636859,bH,1.54,16.180,>16.180,99.990,0.599,0.245,g
2460567.83323,2024-09-14.3313045,bl,1.50,16.051,>16.051,99.990,0.023,0.276,g
2460567.83446,2024-09-14.3325391,bl,1.48,16.157,>16.157,99.990,0.726,0.250,g
2460567.83568,2024-09-14.3337630,bl,1.51,16.143,>16.143,99.990,1.002,0.253,g
2460568.56889,2024-09-15.0669885,bH,1.41,15.930,>15.930,99.990,0.799,0.308,g
2460568.57013,2024-09-15.0682424,bH,1.39,15.884,15.499,0.154,2.292,0.322,g
2460568.57138,2024-09-15.0694900,bH,1.46,15.701,>15.701,99.990,0.602,0.381,g
2460568.83341,2024-09-15.3315144,bl,1.60,15.954,>15.954,99.990,0.234,0.302,g
2460568.83463,2024-09-15.3327480,bl,1.71,15.833,>15.833,99.990,0.184,0.337,g
2460568.83587,2024-09-15.3339781,bl,1.60,15.973,>15.973,99.990,0.410,0.296,g
2460569.66873,2024-09-16.1668702,bH,1.38,15.853,>15.853,99.990,0.548,0.331,g
2460569.66998,2024-09-16.1681146,bH,1.47,15.825,>15.825,99.990,0.275,0.340,g
2460569.67122,2024-09-16.1693578,bH,1.40,15.962,>15.962,99.990,0.234,0.300,g
2460569.90165,2024-09-16.3997906,bl,1.52,15.946,>15.946,99.990,0.037,0.304,g
2460569.90288,2024-09-16.4010230,bl,1.51,15.885,>15.885,99.990,0.886,0.321,g
2460569.90412,2024-09-16.4022684,bl,1.43,16.005,>16.005,99.990,0.899,0.288,g
2460570.82602,2024-09-17.3241920,bH,1.57,15.567,>15.567,99.990,-0.044,0.431,g
2460570.82727,2024-09-17.3254410,bH,1.46,15.645,>15.645,99.990,1.081,0.401,g
2460573.69831,2024-09-20.1965579,bl,1.43,15.779,>15.779,99.990,0.494,0.354,g
2460573.69954,2024-09-20.1977940,bl,1.49,15.823,>15.823,99.990,-0.064,0.340,g
2460573.70077,2024-09-20.1990309,bl,1.48,15.835,>15.835,99.990,0.999,0.337,g
2460574.69777,2024-09-21.1960504,bl,1.51,15.956,>15.956,99.990,0.026,0.301,g
2460574.69899,2024-09-21.1972780,bl,1.48,15.538,>15.538,99.990,0.242,0.442,g
2460574.70022,2024-09-21.1985034,bl,1.42,15.813,>15.813,99.990,0.468,0.344,g
2460577.81723,2024-09-24.3156143,bl,1.56,16.100,>16.100,99.990,0.159,0.264,g
2460577.81845,2024-09-24.3168424,bl,1.52,16.025,>16.025,99.990,0.621,0.283,g
2460577.81968,2024-09-24.3180702,bl,1.46,16.222,>16.222,99.990,0.470,0.236,g
2460578.35967,2024-09-24.8580758,bp,1.56,16.177,>16.177,99.990,0.512,0.246,g
2460578.36091,2024-09-24.8593131,bp,1.52,16.178,>16.178,99.990,0.518,0.245,g
2460578.36214,2024-09-24.8605445,bp,1.45,16.231,>16.231,99.990,0.534,0.234,g
2460578.62856,2024-09-25.1269675,bH,1.50,16.230,>16.230,99.990,0.589,0.234,g
2460578.62983,2024-09-25.1282435,bH,1.48,16.206,>16.206,99.990,0.419,0.239,g
2460578.63107,2024-09-25.1294773,bH,1.49,16.336,>16.336,99.990,0.388,0.212,g
2460579.74853,2024-09-26.2469776,bH,1.4,16.324,>16.324,99.990,0.390,0.215,g
2460579.74978,2024-09-26.2482371,bH,1.4,16.366,>16.366,99.990,0.892,0.206,g
2460579.75103,2024-09-26.2494854,bH,1.42,16.419,>16.419,99.990,0.707,0.197,g
2460580.35046,2024-09-26.8489372,bp,1.57,16.245,>16.245,99.990,0.211,0.231,g
2460580.35171,2024-09-26.8501776,bp,1.59,16.254,>16.254,99.990,0.463,0.229,g
2460580.35295,2024-09-26.8514275,bp,1.60,16.183,>16.183,99.990,0.425,0.244,g
2460580.41538,2024-09-26.9138605,bp,1.48,16.187,>16.187,99.990,0.808,0.243,g
2460580.41662,2024-09-26.9151011,bp,1.50,16.021,>16.021,99.990,0.486,0.284,g
2460580.41784,2024-09-26.9163157,bp,1.51,16.197,>16.197,99.990,0.752,0.241,g
2460580.68044,2024-09-27.1789285,bH,1.41,16.203,>16.203,99.990,0.602,0.240,g
2460580.68169,2024-09-27.1801800,bH,1.42,16.323,>16.323,99.990,0.550,0.215,g
2460580.68294,2024-09-27.1814221,bH,1.41,16.288,>16.288,99.990,0.534,0.222,g
2460580.85907,2024-09-27.3575561,bl,1.46,16.228,>16.228,99.990,0.450,0.234,g
2460580.86029,2024-09-27.3587803,bl,1.43,16.244,>16.244,99.990,0.615,0.231,g
2460580.86153,2024-09-27.3600197,bl,1.51,16.176,>16.176,99.990,0.183,0.246,g
2460582.64544,2024-09-29.1439994,bl,1.51,16.180,>16.180,99.990,0.513,0.245,g
2460582.64669,2024-09-29.1452413,bl,1.63,16.195,>16.195,99.990,0.523,0.242,g
2460582.64794,2024-09-29.1464913,bl,1.57,16.302,>16.302,99.990,0.401,0.219,g
2460582.68287,2024-09-29.1814209,bH,1.48,16.215,>16.215,99.990,0.620,0.237,g
2460582.68412,2024-09-29.1826714,bH,1.48,16.249,>16.249,99.990,0.458,0.230,g
2460582.68539,2024-09-29.1839414,bH,1.41,16.270,>16.270,99.990,0.504,0.225,g
2460583.59171,2024-09-30.0902989,bH,1.43,16.281,>16.281,99.990,0.796,0.223,g
2460583.59297,2024-09-30.0915599,bH,1.39,16.233,>16.233,99.990,0.774,0.233,g
2460583.59424,2024-09-30.0928350,bH,1.37,16.209,>16.209,99.990,0.432,0.239,g
2460584.81413,2024-10-01.3127584,bl,1.45,16.195,>16.195,99.990,0.720,0.242,g
2460584.81538,2024-10-01.3140105,bl,1.45,16.168,>16.168,99.990,0.503,0.248,g
2460584.81661,2024-10-01.3152417,bl,1.47,16.215,>16.215,99.990,0.428,0.237,g
2460585.35520,2024-10-01.8538502,bp,1.54,16.165,>16.165,99.990,0.881,0.248,g
2460585.35644,2024-10-01.8550943,bp,1.49,16.191,>16.191,99.990,0.864,0.242,g
2460585.35768,2024-10-01.8563314,bp,1.58,16.183,>16.183,99.990,0.754,0.244,g
2460585.68811,2024-10-02.1867716,bH,1.42,16.161,>16.161,99.990,0.632,0.249,g
2460585.68935,2024-10-02.1880121,bH,1.43,16.207,>16.207,99.990,0.531,0.239,g
2460585.69060,2024-10-02.1892599,bH,1.36,16.265,>16.265,99.990,0.494,0.226,g
2460585.83683,2024-10-02.3354938,bH,1.41,16.350,>16.350,99.990,0.745,0.209,g
2460585.83808,2024-10-02.3367548,bH,1.4,16.284,>16.284,99.990,0.381,0.223,g
2460585.83935,2024-10-02.3380163,bH,1.41,16.256,>16.256,99.990,0.818,0.228,g
2460586.37650,2024-10-02.8751809,bp,1.60,16.171,>16.171,99.990,0.406,0.247,g
2460586.37777,2024-10-02.8764625,bp,1.61,16.146,>16.146,99.990,0.779,0.253,g
2460586.37899,2024-10-02.8776831,bp,1.56,16.265,>16.265,99.990,0.609,0.227,g
2460586.65639,2024-10-03.1550890,bH,1.5,16.151,>16.151,99.990,0.648,0.252,g
2460586.65763,2024-10-03.1563344,bH,1.59,16.363,>16.363,99.990,0.620,0.207,g
2460586.65887,2024-10-03.1575730,bH,1.59,16.245,>16.245,99.990,0.571,0.231,g
2460587.26838,2024-10-03.7670923,bp,1.48,16.028,>16.028,99.990,0.519,0.282,g
2460587.26962,2024-10-03.7683296,bp,1.51,16.141,>16.141,99.990,0.583,0.254,g
2460587.27083,2024-10-03.7695549,bp,1.52,16.125,>16.125,99.990,0.633,0.258,g
2460588.31870,2024-10-04.8174593,bp,1.68,15.253,>15.253,99.990,-0.561,0.575,g
2460588.31994,2024-10-04.8187000,bp,1.72,14.711,>14.711,99.990,-2.271,0.948,g
2460588.32117,2024-10-04.8199335,bp,1.74,14.174,>14.174,99.990,3.681,1.555,g
2460588.40406,2024-10-04.9028200,bp,1.56,15.923,>15.923,99.990,0.644,0.310,g
2460588.40530,2024-10-04.9040615,bp,1.53,16.061,>16.061,99.990,0.618,0.273,g
2460588.40663,2024-10-04.9053988,bp,1.59,16.020,>16.020,99.990,0.559,0.284,g
2460588.49515,2024-10-04.9939173,bp,1.53,16.024,>16.024,99.990,0.300,0.283,g
2460588.49639,2024-10-04.9951625,bp,1.60,15.948,>15.948,99.990,0.742,0.303,g
2460588.49767,2024-10-04.9964402,bp,1.60,15.960,>15.960,99.990,0.364,0.300,g
2460591.41035,2024-10-07.9092239,bp,1.55,15.981,>15.981,99.990,0.572,0.294,g
2460591.41159,2024-10-07.9104656,bp,1.56,15.827,>15.827,99.990,0.378,0.339,g
2460591.41283,2024-10-07.9117003,bp,1.57,15.957,>15.957,99.990,0.783,0.301,g
2460592.41336,2024-10-08.9122711,bp,1.55,16.024,>16.024,99.990,0.543,0.283,g
2460592.41459,2024-10-08.9135091,bp,1.53,16.066,>16.066,99.990,0.379,0.272,g
2460592.41584,2024-10-08.9147543,bp,1.56,16.124,>16.124,99.990,0.697,0.258,g
2460593.32069,2024-10-09.8196405,bp,1.51,16.006,>16.006,99.990,0.597,0.287,g
2460593.32193,2024-10-09.8208821,bp,1.51,15.919,>15.919,99.990,0.612,0.311,g
2460593.32317,2024-10-09.8221251,bp,1.58,15.942,>15.942,99.990,0.118,0.305,g
2460593.75064,2024-10-10.2496055,bH,1.39,16.268,>16.268,99.990,0.603,0.226,g
2460593.75188,2024-10-10.2508501,bH,1.41,16.148,>16.148,99.990,0.398,0.252,g
2460593.75314,2024-10-10.2521047,bH,1.44,16.215,>16.215,99.990,0.601,0.237,g
2460595.33456,2024-10-11.8335952,bp,1.56,15.800,>15.800,99.990,-0.097,0.348,g
2460595.33704,2024-10-11.8360726,bp,1.51,15.686,>15.686,99.990,0.112,0.386,g
2460596.26930,2024-10-12.7683722,bp,1.56,15.556,>15.556,99.990,-0.748,0.435,g
2460596.27053,2024-10-12.7695998,bp,1.56,15.392,>15.392,99.990,0.753,0.506,g
2460596.27177,2024-10-12.7708439,bp,1.56,15.583,>15.583,99.990,-0.523,0.424,g
2460599.36296,2024-10-15.8621561,bp,1.77,15.237,>15.237,99.990,-1.346,0.584,g
2460599.51246,2024-10-16.0116585,bp,1.52,15.277,>15.277,99.990,0.741,0.563,g
2460599.51369,2024-10-16.0128940,bp,1.48,15.074,>15.074,99.990,0.188,0.678,g
2460599.51491,2024-10-16.0141131,bp,1.61,15.473,>15.473,99.990,0.119,0.470,g
2460600.42224,2024-10-16.9214778,bp,1.52,15.105,>15.105,99.990,0.189,0.659,g
2460600.42347,2024-10-16.9227104,bp,1.63,14.939,>14.939,99.990,-2.461,0.768,g
2460600.64493,2024-10-17.1441836,bl,1.55,15.592,>15.592,99.990,0.354,0.421,g
2460600.64617,2024-10-17.1454217,bl,1.59,15.602,>15.602,99.990,0.506,0.417,g
2460600.64740,2024-10-17.1466528,bl,1.54,15.470,>15.470,99.990,-0.422,0.471,g
2460601.61136,2024-10-18.1106526,bH,1.56,15.927,>15.927,99.990,0.234,0.309,g
2460601.61262,2024-10-18.1119123,bH,1.46,15.747,>15.747,99.990,1.058,0.365,g
2460601.61387,2024-10-18.1131534,bH,1.47,15.683,>15.683,99.990,-0.413,0.387,g
2460601.72747,2024-10-18.2267629,bH,1.65,15.832,>15.832,99.990,0.280,0.337,g
2460601.72873,2024-10-18.2280214,bH,1.49,15.704,>15.704,99.990,0.355,0.380,g
2460601.72997,2024-10-18.2292634,bH,1.54,15.786,>15.786,99.990,0.309,0.352,g
2460602.59849,2024-10-19.0978202,bH,1.49,15.871,>15.871,99.990,0.870,0.326,g
2460602.59975,2024-10-19.0990694,bH,1.60,15.962,>15.962,99.990,0.335,0.299,g
2460602.60098,2024-10-19.1003093,bH,1.58,16.101,>16.101,99.990,0.494,0.263,g
2460603.82377,2024-10-20.3231527,bH,1.45,15.904,>15.904,99.990,0.084,0.316,g
2460603.82501,2024-10-20.3243886,bH,1.48,15.975,>15.975,99.990,1.478,0.296,g
2460603.82625,2024-10-20.3256326,bH,1.45,15.984,>15.984,99.990,-0.329,0.294,g
2460606.39326,2024-10-22.8927531,bp,1.53,16.211,>16.211,99.990,0.780,0.238,g
2460606.39451,2024-10-22.8940028,bp,1.47,16.370,>16.370,99.990,0.359,0.206,g
2460606.39574,2024-10-22.8952281,bp,1.51,16.290,>16.290,99.990,0.705,0.221,g
2460606.82920,2024-10-23.3287069,bH,1.44,16.014,>16.014,99.990,1.154,0.285,g
2460606.83045,2024-10-23.3299537,bH,1.46,16.108,>16.108,99.990,-0.034,0.262,g
2460606.83172,2024-10-23.3312254,bH,1.43,16.133,>16.133,99.990,0.427,0.256,g
2460607.28319,2024-10-23.7827153,bp,1.57,16.236,>16.236,99.990,0.934,0.233,g
2460607.28443,2024-10-23.7839525,bp,1.57,16.121,>16.121,99.990,0.535,0.259,g
2460607.28567,2024-10-23.7851990,bp,1.52,16.178,>16.178,99.990,0.512,0.245,g
2460607.35471,2024-10-23.8542369,bp,1.47,16.171,>16.171,99.990,0.557,0.247,g
2460607.35593,2024-10-23.8554667,bp,1.48,16.316,>16.316,99.990,0.948,0.216,g
2460607.35718,2024-10-23.8567143,bp,1.48,16.311,>16.311,99.990,0.422,0.217,g
2460607.47396,2024-10-23.9734974,bp,1.47,16.306,>16.306,99.990,0.484,0.218,g
2460607.47520,2024-10-23.9747331,bp,1.50,16.342,>16.342,99.990,0.584,0.211,g
2460607.47643,2024-10-23.9759607,bp,1.44,16.163,>16.163,99.990,0.633,0.249,g
2460607.78218,2024-10-24.2817253,bl,1.50,16.066,>16.066,99.990,0.719,0.272,g
2460607.78340,2024-10-24.2829462,bl,1.50,16.067,>16.067,99.990,0.747,0.272,g
2460607.78463,2024-10-24.2841809,bl,1.50,16.037,>16.037,99.990,0.338,0.279,g
2460608.81236,2024-10-25.3119568,bl,1.46,16.139,>16.139,99.990,0.238,0.254,g
2460608.81360,2024-10-25.3131902,bl,1.46,16.298,>16.298,99.990,0.365,0.220,g
2460608.81484,2024-10-25.3144368,bl,1.42,16.146,>16.146,99.990,0.422,0.253,g
2460609.34864,2024-10-25.8482510,bp,1.48,16.322,>16.322,99.990,0.541,0.215,g
2460609.34987,2024-10-25.8494866,bp,1.47,16.272,>16.272,99.990,0.502,0.225,g
2460609.35111,2024-10-25.8507194,bp,1.48,16.168,>16.168,99.990,0.679,0.248,g
2460609.48056,2024-10-25.9801780,bp,1.55,16.196,>16.196,99.990,0.486,0.241,g
2460609.48180,2024-10-25.9814164,bp,1.61,16.361,>16.361,99.990,0.822,0.207,g
2460609.48303,2024-10-25.9826549,bp,1.57,16.227,>16.227,99.990,0.561,0.235,g
2460609.70718,2024-10-26.2068027,bl,1.49,16.170,>16.170,99.990,0.805,0.247,g
2460609.70842,2024-10-26.2080480,bl,1.52,16.221,>16.221,99.990,0.428,0.236,g
2460610.65215,2024-10-27.1518245,bH,1.43,16.279,>16.279,99.990,0.618,0.224,g
2460610.65341,2024-10-27.1530781,bH,1.39,16.254,>16.254,99.990,0.624,0.229,g
2460610.65466,2024-10-27.1543319,bH,1.42,16.207,>16.207,99.990,0.766,0.239,g
2460611.60287,2024-10-28.1025774,bH,1.42,16.242,>16.242,99.990,0.441,0.231,g
2460611.60412,2024-10-28.1038325,bH,1.41,16.413,>16.413,99.990,0.785,0.198,g
2460611.60539,2024-10-28.1050958,bH,1.43,16.115,>16.115,99.990,0.402,0.260,g
2460611.80105,2024-10-28.3007745,bl,1.46,16.250,>16.250,99.990,0.612,0.230,g
2460611.80230,2024-10-28.3020164,bl,1.43,16.232,>16.232,99.990,0.563,0.233,g
2460611.80353,2024-10-28.3032523,bl,1.48,16.171,>16.171,99.990,0.572,0.247,g
2460612.59653,2024-10-29.0962796,bH,1.37,16.255,>16.255,99.990,0.622,0.229,g
2460612.59777,2024-10-29.0975238,bH,1.40,16.548,>16.548,99.990,0.612,0.175,g
2460612.59902,2024-10-29.0987766,bH,1.39,16.267,>16.267,99.990,0.793,0.226,g
2460613.59559,2024-10-30.0953924,bl,1.49,16.196,>16.196,99.990,0.275,0.241,g
2460613.59682,2024-10-30.0966150,bl,1.44,16.107,>16.107,99.990,0.384,0.262,g
2460614.41758,2024-10-30.9174049,bp,1.55,16.187,>16.187,99.990,0.627,0.243,g
2460614.41880,2024-10-30.9186384,bp,1.51,16.258,>16.258,99.990,0.569,0.228,g
2460614.42006,2024-10-30.9198920,bp,1.52,16.310,>16.310,99.990,0.663,0.217,g
2460615.61181,2024-11-01.1116939,bl,1.47,16.207,>16.207,99.990,0.290,0.239,g
2460615.61303,2024-11-01.1129160,bl,1.48,16.124,>16.124,99.990,0.161,0.258,g
2460615.61428,2024-11-01.1141649,bl,1.47,16.258,>16.258,99.990,0.421,0.228,g
2460615.75898,2024-11-01.2588659,bl,1.43,99.990,99.990,99.990,99.990,99.990,g
2460615.76021,2024-11-01.2600998,bl,1.43,16.147,>16.147,99.990,0.433,0.252,g
2460615.76143,2024-11-01.2613195,bl,1.45,16.235,>16.235,99.990,0.256,0.233,g
2460617.49960,2024-11-02.9995730,bl,2.05,15.741,>15.741,99.990,-0.274,0.367,g
2460617.50088,2024-11-03.0008416,bl,2.05,15.711,>15.711,99.990,-0.101,0.377,g
2460617.50213,2024-11-03.0020905,bl,2.06,15.853,>15.853,99.990,0.396,0.331,g
2460618.45037,2024-11-03.9503773,bp,1.53,99.990,99.990,99.990,99.990,99.990,g
2460618.50010,2024-11-04.0001072,bl,1.52,15.624,>15.624,99.990,0.969,0.409,g
2460618.50134,2024-11-04.0013545,bl,1.47,15.683,>15.683,99.990,-0.185,0.387,g
2460618.50258,2024-11-04.0025881,bl,1.47,15.985,>15.985,99.990,0.915,0.293,g
2460618.62930,2024-11-04.1293129,bl,1.46,16.140,>16.140,99.990,0.656,0.254,g
2460618.63052,2024-11-04.1305407,bl,1.47,16.287,>16.287,99.990,0.831,0.222,g
2460618.63178,2024-11-04.1317885,bl,1.48,16.140,>16.140,99.990,0.490,0.254,g
2460619.80117,2024-11-05.3012322,bH,1.41,16.255,>16.255,99.990,0.520,0.229,g
2460619.80241,2024-11-05.3024718,bH,1.40,16.254,>16.254,99.990,0.443,0.229,g
2460619.80366,2024-11-05.3037281,bH,1.38,16.404,>16.404,99.990,0.258,0.199,g
2460621.48191,2024-11-06.9820530,bp,1.61,16.465,>16.465,99.990,0.379,0.188,g
2460621.48319,2024-11-06.9833336,bp,1.65,16.232,>16.232,99.990,0.613,0.233,g
2460621.48444,2024-11-06.9845776,bp,1.68,16.231,>16.231,99.990,0.223,0.234,g
2460622.45078,2024-11-07.9509660,bp,1.57,16.172,>16.172,99.990,0.704,0.247,g
2460622.45202,2024-11-07.9522017,bp,1.57,16.346,>16.346,99.990,0.564,0.210,g
2460622.45327,2024-11-07.9534468,bp,1.53,16.272,>16.272,99.990,0.442,0.225,g
2460622.62359,2024-11-08.1237741,bl,1.49,16.040,>16.040,99.990,0.805,0.279,g
2460622.62484,2024-11-08.1250216,bl,1.41,15.980,>15.980,99.990,0.648,0.294,g
2460622.62607,2024-11-08.1262583,bl,1.43,16.021,>16.021,99.990,0.393,0.284,g
2460623.65353,2024-11-09.1537601,bl,1.42,15.961,>15.961,99.990,0.556,0.300,g
2460623.65477,2024-11-09.1550006,bl,1.43,16.031,>16.031,99.990,0.473,0.281,g
2460623.65599,2024-11-09.1562259,bl,1.43,15.922,>15.922,99.990,0.627,0.311,g
2460624.61375,2024-11-10.1140225,bl,1.54,15.907,>15.907,99.990,0.125,0.315,g
2460624.61499,2024-11-10.1152550,bl,1.47,15.942,>15.942,99.990,0.759,0.305,g
2460624.61620,2024-11-10.1164768,bl,1.49,16.041,>16.041,99.990,0.565,0.279,g
2460625.26593,2024-11-10.7662306,bp,1.63,15.339,>15.339,99.990,0.384,0.531,g
2460625.26781,2024-11-10.7681123,bp,1.69,15.180,>15.180,99.990,0.859,0.615,g
2460626.26971,2024-11-11.7700576,bp,1.58,15.936,>15.936,99.990,0.799,0.307,g
2460626.27100,2024-11-11.7713451,bp,1.58,16.070,>16.070,99.990,0.243,0.271,g
2460626.27228,2024-11-11.7726207,bp,1.6,16.042,>16.042,99.990,0.626,0.278,g
2460626.44400,2024-11-11.9443543,bp,1.57,16.138,>16.138,99.990,0.605,0.255,g
2460626.44523,2024-11-11.9455832,bp,1.51,16.149,>16.149,99.990,0.970,0.252,g
2460626.44646,2024-11-11.9468120,bp,1.61,15.908,>15.908,99.990,0.821,0.315,g
2460627.26167,2024-11-12.7620537,bp,1.58,15.716,>15.716,99.990,0.401,0.375,g
2460628.56727,2024-11-14.0677172,bl,1.46,15.709,>15.709,99.990,-0.293,0.378,g
2460628.56850,2024-11-14.0689410,bl,1.43,15.763,>15.763,99.990,-0.295,0.360,g
2460628.56973,2024-11-14.0701783,bl,1.39,15.733,>15.733,99.990,0.548,0.370,g
2460629.27542,2024-11-14.7759018,bp,1.51,15.765,15.598,0.188,2.094,0.359,g
2460629.27668,2024-11-14.7771511,bp,1.49,15.770,>15.770,99.990,0.441,0.357,g
2460629.27790,2024-11-14.7783763,bp,1.49,15.821,>15.821,99.990,0.102,0.341,g
2460629.55250,2024-11-15.0529784,bH,1.52,15.776,>15.776,99.990,0.361,0.355,g
2460629.55374,2024-11-15.0542265,bH,1.47,15.800,>15.800,99.990,-0.197,0.348,g
2460629.55499,2024-11-15.0554778,bH,1.55,15.878,>15.878,99.990,-0.007,0.323,g
2460630.32114,2024-11-15.8216619,bp,1.59,15.573,>15.573,99.990,0.101,0.428,g
2460630.32238,2024-11-15.8228935,bp,1.56,15.741,>15.741,99.990,0.373,0.367,g
2460630.32362,2024-11-15.8241364,bp,1.5,15.727,>15.727,99.990,1.723,0.372,g
2460630.55871,2024-11-16.0592349,bl,1.45,15.746,>15.746,99.990,0.029,0.365,g
2460630.55993,2024-11-16.0604625,bl,1.47,15.678,>15.678,99.990,0.100,0.389,g
2460630.56119,2024-11-16.0617145,bl,1.52,15.622,>15.622,99.990,0.533,0.410,g
2460631.26549,2024-11-16.7660446,bp,2.17,16.039,>16.039,99.990,0.484,0.279,g
2460631.26671,2024-11-16.7672686,bp,2.13,16.129,>16.129,99.990,0.164,0.257,g
2460631.26796,2024-11-16.7685128,bp,2.16,16.182,>16.182,99.990,1.001,0.244,g
2460631.53668,2024-11-17.0372520,bH,2.0,16.098,>16.098,99.990,0.343,0.264,g
2460631.53795,2024-11-17.0385141,bH,1.75,16.209,>16.209,99.990,0.462,0.239,g
2460631.53920,2024-11-17.0397762,bH,1.78,16.074,>16.074,99.990,0.310,0.270,g
2460631.76288,2024-11-17.2634572,bH,1.56,15.833,>15.833,99.990,-0.169,0.337,g
2460631.76414,2024-11-17.2647144,bH,1.45,15.584,>15.584,99.990,0.809,0.424,g
2460631.76540,2024-11-17.2659789,bH,1.47,15.855,>15.855,99.990,0.446,0.331,g
2460632.48681,2024-11-17.9874207,bp,1.52,15.897,>15.897,99.990,0.676,0.318,g
2460632.48806,2024-11-17.9886681,bp,1.49,15.764,>15.764,99.990,1.125,0.359,g
2460632.48929,2024-11-17.9898923,bp,1.55,15.730,>15.730,99.990,0.061,0.371,g
2460632.66799,2024-11-18.1686032,bl,1.49,99.990,99.990,99.990,99.990,99.990,g
2460632.66923,2024-11-18.1698408,bl,1.5,15.850,>15.850,99.990,0.449,0.332,g
2460632.67045,2024-11-18.1710621,bl,1.48,15.978,>15.978,99.990,0.639,0.295,g
2460632.73817,2024-11-18.2387854,bH,1.49,15.835,>15.835,99.990,0.374,0.336,g
2460632.73943,2024-11-18.2400579,bH,1.52,15.907,>15.907,99.990,0.969,0.315,g
2460632.74070,2024-11-18.2413178,bH,1.5,15.886,>15.886,99.990,0.417,0.321,g
2460633.50600,2024-11-19.0066539,bp,1.47,15.864,>15.864,99.990,-0.060,0.328,g
2460633.50723,2024-11-19.0078841,bp,1.58,15.982,>15.982,99.990,0.659,0.294,g
2460633.50847,2024-11-19.0091212,bp,1.56,15.704,>15.704,99.990,0.507,0.380,g
2460635.27523,2024-11-20.7759618,bp,1.66,16.180,>16.180,99.990,0.567,0.245,g
2460635.27646,2024-11-20.7771907,bp,1.68,16.046,>16.046,99.990,0.075,0.277,g
2460635.27777,2024-11-20.7784983,bp,1.74,16.207,>16.207,99.990,0.675,0.239,g
2460635.52035,2024-11-21.0210895,bl,1.58,16.193,>16.193,99.990,0.304,0.242,g
2460635.52158,2024-11-21.0223217,bl,1.54,16.016,>16.016,99.990,0.506,0.285,g
2460635.52282,2024-11-21.0235550,bl,1.51,16.208,>16.208,99.990,0.261,0.239,g
2460638.26663,2024-11-23.7674782,bp,2.44,15.968,>15.968,99.990,0.371,0.298,g
2460638.26786,2024-11-23.7687060,bp,2.43,15.978,>15.978,99.990,0.439,0.295,g
2460638.26910,2024-11-23.7699479,bp,2.4,15.930,>15.930,99.990,0.904,0.309,g
2460638.51675,2024-11-24.0176125,bl,1.71,15.713,>15.713,99.990,0.546,0.377,g
2460638.51799,2024-11-24.0188505,bl,1.75,15.698,>15.698,99.990,0.912,0.382,g
2460638.51923,2024-11-24.0200917,bl,1.64,15.957,>15.957,99.990,-0.798,0.301,g
2460638.58854,2024-11-24.0894024,bl,1.47,16.020,>16.020,99.990,0.081,0.284,g
2460638.58977,2024-11-24.0906298,bl,1.44,16.077,>16.077,99.990,0.383,0.269,g
2460638.59101,2024-11-24.0918726,bl,1.44,16.174,>16.174,99.990,0.748,0.246,g
2460639.46117,2024-11-24.9620626,bp,1.5,16.216,>16.216,99.990,0.605,0.237,g
2460639.46240,2024-11-24.9632968,bp,1.47,99.990,99.990,99.990,99.990,99.990,g
2460639.46365,2024-11-24.9645424,bp,1.52,16.313,>16.313,99.990,0.636,0.217,g
2460639.46625,2024-11-24.9671476,bp,1.59,99.990,99.990,99.990,99.990,99.990,g
2460639.52109,2024-11-25.0219824,bH,2.01,16.181,>16.181,99.990,0.517,0.245,g
2460639.52234,2024-11-25.0232396,bH,1.9,16.348,>16.348,99.990,0.086,0.210,g
2460639.52361,2024-11-25.0245052,bH,1.98,16.200,>16.200,99.990,0.354,0.240,g
2460640.51407,2024-11-26.0150137,bl,1.53,15.424,>15.424,99.990,-0.383,0.491,g
2460640.51533,2024-11-26.0162701,bl,1.57,15.510,>15.510,99.990,0.229,0.454,g
2460640.51656,2024-11-26.0175056,bl,1.39,15.628,>15.628,99.990,0.249,0.407,g
2460641.51470,2024-11-27.0156790,bl,1.6,15.492,>15.492,99.990,0.570,0.461,g
2460641.51593,2024-11-27.0169135,bl,1.67,15.500,>15.500,99.990,0.335,0.458,g
2460641.51717,2024-11-27.0181432,bl,1.65,15.705,>15.705,99.990,-0.184,0.379,g
2460642.51531,2024-11-28.0163307,bl,1.56,15.512,>15.512,99.990,-0.089,0.453,g
2460642.51655,2024-11-28.0175667,bl,1.58,15.458,>15.458,99.990,0.522,0.476,g
2460642.51779,2024-11-28.0188031,bl,1.49,15.667,>15.667,99.990,0.613,0.393,g
2460642.61774,2024-11-28.1187643,bl,1.54,16.177,>16.177,99.990,0.097,0.246,g
2460642.61898,2024-11-28.1199990,bl,1.47,16.063,>16.063,99.990,0.401,0.273,g
2460642.62020,2024-11-28.1212217,bl,1.48,16.073,>16.073,99.990,0.736,0.270,g
2460642.71049,2024-11-28.2115126,bH,1.42,16.209,>16.209,99.990,0.675,0.239,g
2460643.51594,2024-11-29.0170015,bH,1.5,15.817,>15.817,99.990,0.340,0.342,g
2460643.51721,2024-11-29.0182706,bH,1.59,15.864,>15.864,99.990,0.948,0.328,g
2460643.51849,2024-11-29.0195383,bH,1.66,16.032,>16.032,99.990,0.566,0.281,g
2460643.56254,2024-11-29.0635980,bH,1.42,16.348,>16.348,99.990,0.683,0.210,g
2460643.56379,2024-11-29.0648432,bH,1.42,16.215,>16.215,99.990,0.514,0.237,g
2460643.56504,2024-11-29.0660998,bH,1.41,16.399,>16.399,99.990,0.669,0.200,g
2460643.70735,2024-11-29.2084200,bH,1.43,16.327,>16.327,99.990,0.701,0.214,g
2460643.70861,2024-11-29.2096734,bH,1.41,16.311,>16.311,99.990,0.298,0.217,g
2460643.70989,2024-11-29.2109531,bH,1.4,16.315,>16.315,99.990,0.329,0.216,g
2460644.26677,2024-11-29.7678560,bp,1.54,15.737,>15.737,99.990,0.153,0.368,g
2460644.26799,2024-11-29.7690837,bp,1.51,15.862,>15.862,99.990,0.292,0.328,g
2460644.26923,2024-11-29.7703144,bp,1.49,15.964,>15.964,99.990,0.660,0.299,g
2460644.70411,2024-11-30.2052087,bH,1.41,16.221,>16.221,99.990,0.691,0.236,g
2460644.70535,2024-11-30.2064599,bH,1.43,16.232,>16.232,99.990,0.752,0.233,g
2460644.70662,2024-11-30.2077160,bH,1.44,16.389,>16.389,99.990,0.554,0.202,g
2460645.26741,2024-11-30.7685340,bp,1.5,15.688,>15.688,99.990,0.966,0.385,g
2460645.26864,2024-11-30.7697641,bp,1.57,15.837,>15.837,99.990,0.265,0.336,g
2460645.26987,2024-11-30.7709954,bp,1.5,15.878,>15.878,99.990,0.478,0.324,g
2460645.53256,2024-12-01.0336981,bl,1.5,16.285,>16.285,99.990,0.543,0.222,g
2460645.53380,2024-12-01.0349442,bl,1.49,16.153,>16.153,99.990,0.499,0.251,g
2460645.53504,2024-12-01.0361761,bl,1.54,16.127,>16.127,99.990,0.732,0.257,g
2460645.60432,2024-12-01.1054582,bl,1.45,16.229,>16.229,99.990,0.378,0.234,g
2460645.60556,2024-12-01.1066937,bl,1.46,16.240,>16.240,99.990,0.370,0.232,g
2460645.60682,2024-12-01.1079550,bl,1.51,16.187,>16.187,99.990,0.441,0.243,g
2460646.52933,2024-12-02.0305074,bl,1.52,16.148,>16.148,99.990,0.374,0.252,g
2460646.53057,2024-12-02.0317445,bl,1.48,16.246,>16.246,99.990,0.781,0.230,g
2460646.53180,2024-12-02.0329755,bl,1.53,16.198,>16.198,99.990,0.435,0.241,g
2460647.54133,2024-12-03.0425511,bl,1.47,16.162,>16.162,99.990,0.387,0.249,g
2460647.54256,2024-12-03.0437787,bl,1.44,16.075,>16.075,99.990,0.323,0.270,g
2460647.54379,2024-12-03.0450041,bl,1.44,16.118,>16.118,99.990,0.358,0.259,g
2460650.55103,2024-12-06.0523563,bH,2.43,16.246,>16.246,99.990,0.580,0.230,g
2460650.55230,2024-12-06.0536218,bH,1.4,16.178,>16.178,99.990,0.691,0.245,g
2460650.55355,2024-12-06.0548773,bH,1.38,16.175,>16.175,99.990,0.660,0.246,g
2460652.52111,2024-12-08.0225049,bH,1.56,15.722,>15.722,99.990,0.933,0.374,g
2460652.52236,2024-12-08.0237541,bH,1.5,15.816,>15.816,99.990,0.510,0.342,g
2460652.52361,2024-12-08.0250108,bH,1.45,15.739,>15.739,99.990,0.395,0.368,g
2460652.57167,2024-12-08.0730700,bH,1.41,16.226,>16.226,99.990,0.865,0.235,g
2460652.57294,2024-12-08.0743402,bH,1.4,16.151,>16.151,99.990,0.497,0.252,g
2460652.57420,2024-12-08.0755994,bH,1.45,16.168,>16.168,99.990,0.630,0.248,g
2460652.64073,2024-12-08.1421353,bH,1.42,16.179,>16.179,99.990,0.546,0.245,g
2460652.64200,2024-12-08.1433930,bH,1.5,16.084,>16.084,99.990,1.281,0.268,g
2460652.64324,2024-12-08.1446466,bH,1.42,16.145,>16.145,99.990,0.861,0.253,g
2460654.27656,2024-12-09.7780145,bp,1.74,15.288,>15.288,99.990,-0.286,0.557,g
2460654.27780,2024-12-09.7792554,bp,1.72,15.224,>15.224,99.990,1.335,0.591,g
2460654.27904,2024-12-09.7805009,bp,1.6,15.408,>15.408,99.990,1.922,0.499,g
2460654.53772,2024-12-10.0391909,bl,1.56,15.844,>15.844,99.990,0.110,0.334,g
2460654.53896,2024-12-10.0404267,bl,1.5,15.867,>15.867,99.990,0.742,0.327,g
2460654.54018,2024-12-10.0416504,bl,1.58,15.851,>15.851,99.990,0.098,0.332,g
2460655.27704,2024-12-10.7785260,bp,2.01,15.892,>15.892,99.990,0.073,0.319,g
2460655.27827,2024-12-10.7797665,bp,2.02,15.873,>15.873,99.990,0.393,0.325,g
2460655.27950,2024-12-10.7809991,bp,2.01,15.808,>15.808,99.990,0.465,0.345,g
2460656.54453,2024-12-12.0460611,bl,1.53,15.789,>15.789,99.990,0.188,0.351,g
2460656.54577,2024-12-12.0473048,bl,1.61,15.907,>15.907,99.990,0.079,0.315,g
2460656.54701,2024-12-12.0485443,bl,1.56,15.738,>15.738,99.990,0.793,0.368,g
2460657.52358,2024-12-13.0251480,bl,1.73,15.263,>15.263,99.990,0.198,0.570,g
2460657.52483,2024-12-13.0263975,bl,1.67,15.565,>15.565,99.990,0.802,0.431,g
2460657.52606,2024-12-13.0276293,bl,1.69,15.507,>15.507,99.990,-0.918,0.455,g
2460657.55402,2024-12-13.0555960,bl,1.49,15.906,>15.906,99.990,0.259,0.315,g
2460657.55526,2024-12-13.0568361,bl,1.49,15.756,>15.756,99.990,0.658,0.362,g
2460657.55651,2024-12-13.0580789,bl,1.47,16.017,>16.017,99.990,0.499,0.285,g
2460658.31641,2024-12-13.8180074,bp,1.6,15.738,>15.738,99.990,-0.132,0.368,g
2460658.31764,2024-12-13.8192376,bp,1.71,15.758,>15.758,99.990,0.367,0.361,g
2460658.31888,2024-12-13.8204722,bp,1.68,15.819,>15.819,99.990,0.068,0.342,g
2460659.28262,2024-12-14.7842523,bp,1.65,15.628,>15.628,99.990,0.308,0.407,g
2460659.28386,2024-12-14.7854929,bp,1.53,15.773,>15.773,99.990,0.449,0.356,g
2460659.28512,2024-12-14.7867467,bp,1.56,15.886,>15.886,99.990,0.302,0.321,g
2460659.52447,2024-12-15.0261174,bl,1.64,15.365,>15.365,99.990,0.088,0.519,g
2460659.52572,2024-12-15.0273530,bl,1.71,15.560,>15.560,99.990,0.453,0.434,g
2460659.52694,2024-12-15.0285732,bl,1.68,15.512,>15.512,99.990,0.459,0.453,g
2460660.52488,2024-12-16.0265488,bl,1.68,15.429,>15.429,99.990,0.564,0.489,g
2460660.52611,2024-12-16.0277725,bl,1.63,15.609,>15.609,99.990,0.535,0.415,g
2460660.52734,2024-12-16.0290033,bl,1.53,15.671,>15.671,99.990,-0.346,0.391,g
2460661.52529,2024-12-17.0269898,bl,1.66,15.748,>15.748,99.990,0.124,0.365,g
2460661.52651,2024-12-17.0282103,bl,1.66,16.038,>16.038,99.990,0.500,0.279,g
2460661.52773,2024-12-17.0294353,bl,1.62,15.770,>15.770,99.990,-0.102,0.357,g
2460661.57857,2024-12-17.0802694,bl,1.54,16.058,>16.058,99.990,0.717,0.274,g
2460661.57981,2024-12-17.0815112,bl,1.52,15.916,>15.916,99.990,0.286,0.312,g
2460661.58104,2024-12-17.0827341,bl,1.56,16.084,>16.084,99.990,0.575,0.268,g
2460662.62436,2024-12-18.1260930,bl,1.48,15.989,>15.989,99.990,0.770,0.292,g
2460662.62559,2024-12-18.1273241,bl,1.47,15.891,>15.891,99.990,0.360,0.320,g
2460662.62683,2024-12-18.1285690,bl,1.53,15.940,>15.940,99.990,0.595,0.306,g
2460663.36161,2024-12-18.8633620,bp,2.02,16.243,>16.243,99.990,0.618,0.231,g
2460663.36283,2024-12-18.8645876,bp,1.75,16.097,>16.097,99.990,0.681,0.264,g
2460663.36408,2024-12-18.8658334,bp,1.99,16.300,>16.300,99.990,0.563,0.219,g
2460663.37667,2024-12-18.8784254,bp,1.68,16.208,>16.208,99.990,0.418,0.239,g
2460663.37790,2024-12-18.8796569,bp,1.72,16.022,>16.022,99.990,0.376,0.283,g
2460663.37913,2024-12-18.8808942,bp,1.74,16.153,>16.153,99.990,0.306,0.251,g
2460663.68103,2024-12-19.1828019,bH,1.56,16.081,>16.081,99.990,0.331,0.268,g
2460663.68230,2024-12-19.1840601,bH,1.5,15.842,>15.842,99.990,0.862,0.334,g
2460663.68355,2024-12-19.1853206,bH,1.51,15.996,>15.996,99.990,0.888,0.290,g
2460665.28176,2024-12-20.7835790,bp,1.66,15.792,>15.792,99.990,0.943,0.350,g
2460665.28303,2024-12-20.7848456,bp,1.61,15.914,>15.914,99.990,0.003,0.313,g
2460665.28427,2024-12-20.7860848,bp,1.58,16.147,>16.147,99.990,0.543,0.252,g
2460665.53432,2024-12-21.0361489,bl,1.63,15.977,>15.977,99.990,0.728,0.295,g
2460665.53557,2024-12-21.0373962,bl,1.58,16.034,>16.034,99.990,0.492,0.280,g
2460665.53683,2024-12-21.0386541,bl,1.67,16.170,>16.170,99.990,0.412,0.247,g
2460665.58008,2024-12-21.0819082,bl,1.56,16.121,>16.121,99.990,0.875,0.259,g
2460665.58131,2024-12-21.0831334,bl,1.55,16.252,>16.252,99.990,0.451,0.229,g
2460665.58254,2024-12-21.0843583,bl,1.52,16.234,>16.234,99.990,0.426,0.233,g
2460666.28173,2024-12-21.7835759,bp,2.09,15.835,>15.835,99.990,-0.223,0.337,g
2460666.28298,2024-12-21.7848180,bp,2.05,15.972,>15.972,99.990,1.169,0.297,g
2460666.28421,2024-12-21.7860575,bp,2.04,16.014,>16.014,99.990,0.957,0.285,g
2460666.53470,2024-12-22.0365464,bH,2.14,15.936,>15.936,99.990,0.754,0.307,g
2460666.53594,2024-12-22.0377930,bH,2.13,16.240,>16.240,99.990,0.765,0.232,g
2460666.53721,2024-12-22.0390564,bH,2.12,16.148,>16.148,99.990,0.546,0.252,g
2460667.28188,2024-12-22.7837525,bp,1.64,15.881,>15.881,99.990,0.937,0.323,g
2460667.28311,2024-12-22.7849850,bp,1.69,15.947,>15.947,99.990,0.329,0.304,g
2460667.28435,2024-12-22.7862211,bp,1.65,15.956,>15.956,99.990,0.130,0.301,g
2460667.42588,2024-12-22.9277513,bp,1.48,16.292,>16.292,99.990,0.881,0.221,g
2460667.42711,2024-12-22.9289861,bp,1.48,16.136,>16.136,99.990,0.444,0.255,g
2460667.42835,2024-12-22.9302224,bp,1.43,16.188,>16.188,99.990,0.518,0.243,g
2460668.28224,2024-12-23.7841398,bp,1.6,15.866,>15.866,99.990,0.529,0.327,g
2460668.28348,2024-12-23.7853805,bp,1.55,15.940,>15.940,99.990,0.269,0.305,g
2460668.28472,2024-12-23.7866177,bp,1.46,15.964,>15.964,99.990,0.485,0.299,g
2460668.52761,2024-12-24.0295129,bl,1.69,15.455,>15.455,99.990,-0.324,0.478,g
2460668.52884,2024-12-24.0307414,bl,1.71,15.714,>15.714,99.990,-0.240,0.376,g
2460668.53008,2024-12-24.0319868,bl,1.68,15.702,>15.702,99.990,0.019,0.380,g
2460669.27863,2024-12-24.7805589,bp,1.66,15.699,>15.699,99.990,0.783,0.381,g
2460669.27990,2024-12-24.7818192,bp,1.67,15.685,>15.685,99.990,0.427,0.386,g
2460669.28113,2024-12-24.7830582,bp,1.67,15.821,>15.821,99.990,0.643,0.341,g
2460669.62399,2024-12-25.1259273,bH,1.47,16.234,>16.234,99.990,0.722,0.233,g
2460669.62524,2024-12-25.1271796,bH,1.49,16.130,>16.130,99.990,0.526,0.256,g
2460669.62650,2024-12-25.1284378,bH,1.49,16.123,>16.123,99.990,0.411,0.258,g
2460670.28265,2024-12-25.7846019,bp,2.31,15.757,>15.757,99.990,0.797,0.362,g
2460670.28389,2024-12-25.7858450,bp,2.37,15.915,>15.915,99.990,-0.478,0.313,g
2460670.28512,2024-12-25.7870797,bp,2.32,15.951,>15.951,99.990,0.645,0.303,g
2460671.32920,2024-12-26.8311768,bp,2.39,16.329,>16.329,99.990,0.775,0.214,g
2460671.33041,2024-12-26.8323905,bp,2.41,16.439,>16.439,99.990,0.883,0.193,g
2460671.33165,2024-12-26.8336347,bp,2.44,16.044,>16.044,99.990,0.442,0.278,g
2460672.28303,2024-12-27.7850418,bp,1.53,15.945,>15.945,99.990,-0.659,0.304,g
2460672.28427,2024-12-27.7862798,bp,1.57,15.915,>15.915,99.990,1.072,0.313,g
2460672.28551,2024-12-27.7875192,bp,1.57,16.137,>16.137,99.990,0.084,0.255,g
2460672.53234,2024-12-28.0343486,bH,1.98,15.935,>15.935,99.990,0.746,0.307,g
2460672.53359,2024-12-28.0356069,bH,1.83,99.990,99.990,99.990,99.990,99.990,g
2460672.53485,2024-12-28.0368671,bH,1.87,16.000,>16.000,99.990,0.422,0.289,g
2460673.28323,2024-12-28.7852571,bp,1.69,15.760,>15.760,99.990,0.184,0.361,g
2460673.28447,2024-12-28.7864981,bp,1.62,15.852,>15.852,99.990,0.845,0.331,g
2460673.28574,2024-12-28.7877664,bp,1.63,15.897,>15.897,99.990,0.574,0.318,g
2460673.55766,2024-12-29.0597002,bH,1.65,16.202,>16.202,99.990,0.447,0.240,g
2460673.55891,2024-12-29.0609429,bH,1.72,16.296,>16.296,99.990,0.971,0.220,g
2460674.28333,2024-12-29.7853813,bp,1.61,15.842,>15.842,99.990,0.945,0.335,g
2460674.28457,2024-12-29.7866234,bp,1.61,15.878,>15.878,99.990,0.598,0.323,g
2460674.28579,2024-12-29.7878465,bp,1.59,16.155,>16.155,99.990,1.219,0.251,g
2460675.54806,2024-12-31.0501472,bl,1.57,16.269,>16.269,99.990,0.379,0.226,g
2460675.54928,2024-12-31.0513685,bl,1.64,16.237,>16.237,99.990,0.706,0.233,g
2460675.55052,2024-12-31.0526031,bl,1.55,16.237,>16.237,99.990,0.815,0.232,g
2460676.28736,2024-12-31.7894642,bp,1.49,15.906,>15.906,99.990,-0.059,0.315,g
2460676.28861,2024-12-31.7907050,bp,1.49,16.021,>16.021,99.990,0.780,0.284,g
2460676.28984,2024-12-31.7919434,bp,1.52,16.024,>16.024,99.990,-0.115,0.283,g
2460676.37778,2024-12-31.8798807,bp,1.42,16.183,>16.183,99.990,0.682,0.244,g
2460676.37902,2024-12-31.8811212,bp,1.54,16.186,>16.186,99.990,0.240,0.244,g
2460676.38025,2024-12-31.8823524,bp,1.48,16.214,>16.214,99.990,0.509,0.237,g
2460676.57661,2025-01-01.0787131,bH,1.59,16.291,>16.291,99.990,0.430,0.221,g
2460676.57786,2025-01-01.0799709,bH,1.51,16.187,>16.187,99.990,0.816,0.243,g
2460676.57914,2025-01-01.0812496,bH,1.61,99.990,99.990,99.990,99.990,99.990,g
2460677.28006,2025-01-01.7821854,bp,2.04,15.659,>15.659,99.990,0.403,0.396,g
2460677.28172,2025-01-01.7838502,bp,2.0,15.553,>15.553,99.990,0.847,0.436,g
2460677.28296,2025-01-01.7850837,bp,2.0,15.598,>15.598,99.990,-0.089,0.419,g
2460677.39676,2025-01-01.8988930,bp,1.49,16.230,>16.230,99.990,0.547,0.234,g
2460677.39800,2025-01-01.9001241,bp,1.43,16.238,>16.238,99.990,0.626,0.232,g
2460677.39927,2025-01-01.9013943,bp,1.47,16.208,>16.208,99.990,0.749,0.239,g
2460681.38650,2025-01-05.8887173,bp,1.53,16.269,>16.269,99.990,0.336,0.226,g
2460681.38775,2025-01-05.8899543,bp,1.55,16.149,>16.149,99.990,0.956,0.252,g
2460681.38897,2025-01-05.8911761,bp,1.53,16.294,>16.294,99.990,0.771,0.221,g
2460685.61844,2025-01-10.1207321,bH,1.44,15.903,>15.903,99.990,0.293,0.316,g
2460685.61971,2025-01-10.1219892,bH,1.41,15.861,>15.861,99.990,0.464,0.329,g
2460685.62096,2025-01-10.1232493,bH,1.41,16.188,>16.188,99.990,0.805,0.243,g
2460686.54415,2025-01-11.0464563,bH,1.91,15.886,>15.886,99.990,0.720,0.321,g
2460686.54541,2025-01-11.0477118,bH,1.98,15.787,>15.787,99.990,-0.197,0.352,g
2460686.54666,2025-01-11.0489652,bH,1.88,15.884,>15.884,99.990,-0.053,0.322,g
2460688.36576,2025-01-12.8680819,bp,1.51,15.672,15.660,0.217,1.976,0.391,g
2460688.36701,2025-01-12.8693331,bp,1.57,15.707,>15.707,99.990,0.467,0.379,g
2460688.36835,2025-01-12.8706708,bp,1.64,15.603,>15.603,99.990,0.414,0.417,g
2460688.60156,2025-01-13.1038968,bH,1.6,14.882,>14.882,99.990,1.455,0.810,g
2460688.60283,2025-01-13.1051609,bH,1.61,14.696,>14.696,99.990,-1.459,0.961,g
2460688.60409,2025-01-13.1064203,bH,1.63,14.317,>14.317,99.990,3.826,1.363,g
2460690.35371,2025-01-14.8560620,bp,1.59,15.461,>15.461,99.990,1.048,0.475,g
2460690.35600,2025-01-14.8583591,bp,2.12,99.990,99.990,99.990,99.990,99.990,g
2460690.60084,2025-01-15.1031951,bH,1.45,15.605,>15.605,99.990,0.662,0.416,g
2460690.60210,2025-01-15.1044570,bH,1.47,15.675,>15.675,99.990,0.433,0.390,g
2460690.60334,2025-01-15.1056906,bH,1.56,15.870,>15.870,99.990,0.240,0.326,g
2460692.33519,2025-01-16.8375796,bp,1.47,16.229,>16.229,99.990,0.814,0.234,g
2460692.33645,2025-01-16.8388274,bp,1.52,15.948,>15.948,99.990,0.583,0.303,g
2460692.33770,2025-01-16.8400751,bp,1.52,16.036,>16.036,99.990,0.420,0.280,g
2460692.56411,2025-01-17.0664932,bH,1.53,16.400,>16.400,99.990,0.589,0.200,g
2460692.56538,2025-01-17.0677586,bH,1.51,16.169,>16.169,99.990,0.712,0.247,g
2460694.56114,2025-01-19.0635396,bl,1.57,16.104,>16.104,99.990,-0.147,0.263,g
2460694.56361,2025-01-19.0660163,bl,1.51,16.229,>16.229,99.990,0.522,0.234,g
2460696.31798,2025-01-20.8204010,bp,1.65,16.279,>16.279,99.990,0.636,0.224,g
2460696.31927,2025-01-20.8216862,bp,1.63,16.333,>16.333,99.990,0.538,0.213,g
2460696.32058,2025-01-20.8229986,bp,1.62,16.199,>16.199,99.990,0.752,0.241,g
2460697.54159,2025-01-22.0440240,bl,1.62,15.942,>15.942,99.990,0.248,0.305,g
2460697.54408,2025-01-22.0465111,bl,1.56,16.068,>16.068,99.990,0.284,0.272,g
2460698.69834,2025-01-23.2007717,bH,1.45,99.990,99.990,99.990,99.990,99.990,g
2460698.77892,2025-01-23.2813611,bl,1.48,99.990,99.990,99.990,99.990,99.990,g
2460698.78139,2025-01-23.2838287,bk,1.97,99.990,99.990,99.990,99.990,99.990,g
2460700.29012,2025-01-24.7925650,bp,2.23,16.167,>16.167,99.990,0.560,0.248,g
2460700.29134,2025-01-24.7937916,bp,2.24,16.435,>16.435,99.990,0.933,0.194,g
2460700.29261,2025-01-24.7950619,bp,2.23,16.094,>16.094,99.990,0.606,0.265,g
2460700.56733,2025-01-25.0697752,bH,1.8,16.237,>16.237,99.990,0.585,0.232,g
2460700.56857,2025-01-25.0710177,bH,1.77,16.153,>16.153,99.990,0.328,0.251,g
2460701.31484,2025-01-25.8172915,bp,2.44,16.073,>16.073,99.990,0.577,0.270,g
2460701.31612,2025-01-25.8185686,bp,2.36,16.200,>16.200,99.990,0.580,0.240,g
2460701.31734,2025-01-25.8197918,bp,2.38,15.931,15.623,0.165,2.046,0.308,g
2460702.55254,2025-01-27.0549935,bH,2.03,16.172,>16.172,99.990,0.755,0.247,g
2460702.55379,2025-01-27.0562511,bH,2.05,16.239,>16.239,99.990,0.436,0.232,g
2460704.55832,2025-01-29.0607866,bH,1.88,16.200,>16.200,99.990,0.664,0.240,g
2460704.55960,2025-01-29.0620570,bH,2.01,16.066,>16.066,99.990,0.473,0.272,g
2460704.56085,2025-01-29.0633138,bH,2.01,16.235,>16.235,99.990,0.507,0.233,g
2460705.55321,2025-01-30.0556709,bl,2.08,16.090,>16.090,99.990,0.641,0.266,g
2460706.31384,2025-01-30.8163091,bp,1.51,16.124,>16.124,99.990,0.463,0.258,g
2460706.31513,2025-01-30.8176059,bp,1.54,16.282,>16.282,99.990,0.632,0.223,g
2460706.31646,2025-01-30.8189202,bp,1.49,16.225,>16.225,99.990,0.621,0.235,g
2460706.53020,2025-01-31.0326600,bH,2.01,16.098,>16.098,99.990,0.189,0.264,g
2460706.53145,2025-01-31.0339181,bH,1.85,16.055,>16.055,99.990,0.348,0.275,g
2460706.53270,2025-01-31.0351689,bH,1.99,16.086,>16.086,99.990,0.052,0.267,g
2460707.52590,2025-02-01.0283689,bH,2.3,15.840,>15.840,99.990,0.501,0.335,g
2460707.52716,2025-02-01.0296251,bH,2.29,15.885,>15.885,99.990,0.836,0.322,g
2460707.52840,2025-02-01.0308685,bH,2.29,15.975,>15.975,99.990,0.394,0.296,g
2460708.30878,2025-02-01.8112467,bp,1.53,16.292,>16.292,99.990,0.597,0.221,g
2460708.31003,2025-02-01.8124922,bp,1.54,16.161,>16.161,99.990,0.528,0.249,g
2460708.31127,2025-02-01.8137342,bp,1.57,16.211,>16.211,99.990,0.283,0.238,g
2460708.52533,2025-02-02.0278006,bH,2.3,15.866,>15.866,99.990,1.009,0.327,g
2460708.52659,2025-02-02.0290549,bH,2.27,15.951,>15.951,99.990,0.285,0.302,g
2460708.52785,2025-02-02.0303112,bH,2.28,16.012,>16.012,99.990,0.312,0.286,g
2460709.29406,2025-02-02.7965237,bp,1.61,16.220,>16.220,99.990,0.243,0.236,g
2460709.29529,2025-02-02.7977596,bp,1.66,16.177,>16.177,99.990,0.445,0.246,g
2460709.29651,2025-02-02.7989805,bp,1.63,16.464,>16.464,99.990,0.185,0.189,g
2460709.52085,2025-02-03.0233114,bl,2.0,15.369,>15.369,99.990,0.010,0.517,g
2460709.52209,2025-02-03.0245609,bl,1.77,15.406,>15.406,99.990,0.297,0.499,g
2460709.52333,2025-02-03.0257953,bl,1.7,15.636,>15.636,99.990,1.012,0.404,g
2460710.55450,2025-02-04.0569577,bH,1.57,16.116,>16.116,99.990,0.697,0.260,g
2460710.55574,2025-02-04.0582047,bH,1.52,16.295,>16.295,99.990,0.072,0.220,g
2460710.55699,2025-02-04.0594511,bH,1.5,16.161,>16.161,99.990,0.793,0.249,g
2460712.27591,2025-02-05.7783668,bp,1.53,15.895,>15.895,99.990,0.515,0.319,g
2460712.27714,2025-02-05.7795960,bp,1.54,16.113,>16.113,99.990,0.970,0.261,g
2460712.27837,2025-02-05.7808306,bp,1.55,15.930,>15.930,99.990,0.380,0.308,g
2460713.28335,2025-02-06.7858065,bp,1.5,16.016,>16.016,99.990,0.470,0.285,g
2460713.28458,2025-02-06.7870355,bp,1.47,15.883,>15.883,99.990,0.080,0.322,g
2460713.28587,2025-02-06.7883289,bp,1.45,15.970,>15.970,99.990,0.413,0.297,g
2460713.53767,2025-02-07.0401240,bH,1.81,16.097,>16.097,99.990,1.040,0.265,g
2460713.53894,2025-02-07.0413881,bH,1.79,16.157,>16.157,99.990,0.387,0.250,g
2460713.54019,2025-02-07.0426424,bH,1.77,16.046,>16.046,99.990,0.569,0.277,g
2460714.53719,2025-02-08.0396368,bH,2.16,15.950,>15.950,99.990,0.588,0.303,g
2460714.53844,2025-02-08.0408905,bH,2.15,16.086,>16.086,99.990,0.836,0.267,g
2460714.53971,2025-02-08.0421537,bH,2.13,15.941,>15.941,99.990,0.461,0.305,g
2460715.51866,2025-02-09.0211023,bl,2.12,14.990,>14.990,99.990,2.159,0.733,g
2460717.28516,2025-02-10.7875943,bp,1.54,15.758,>15.758,99.990,0.562,0.361,g
2460717.28641,2025-02-10.7888445,bp,1.46,15.688,>15.688,99.990,0.600,0.386,g
2460717.28765,2025-02-10.7900865,bp,1.5,15.819,>15.819,99.990,0.770,0.342,g
2460718.27598,2025-02-11.7784069,bp,1.57,15.915,>15.915,99.990,0.096,0.313,g
2460718.27723,2025-02-11.7796484,bp,1.63,15.664,>15.664,99.990,0.533,0.394,g
2460718.27847,2025-02-11.7808892,bp,1.55,15.725,>15.725,99.990,0.382,0.373,g
2460719.52523,2025-02-13.0276453,bH,1.72,15.704,>15.704,99.990,-0.144,0.380,g
2460719.52647,2025-02-13.0288836,bH,1.8,15.684,>15.684,99.990,0.435,0.387,g
2460719.52772,2025-02-13.0301383,bH,1.69,15.729,>15.729,99.990,0.885,0.371,g
2460721.52631,2025-02-15.0287072,bH,1.74,16.030,>16.030,99.990,0.396,0.281,g
2460721.52758,2025-02-15.0299813,bH,1.71,16.206,>16.206,99.990,0.478,0.239,g
2460722.51507,2025-02-16.0174518,bH,2.05,15.637,>15.637,99.990,0.851,0.404,g
2460723.51447,2025-02-17.0168437,bH,1.73,15.929,>15.929,99.990,-0.198,0.309,g
2460723.51573,2025-02-17.0181028,bH,1.7,16.040,>16.040,99.990,-0.261,0.279,g
2460725.51547,2025-02-19.0178216,bH,2.09,15.904,>15.904,99.990,0.156,0.316,g
2460725.51672,2025-02-19.0190700,bH,2.13,16.020,>16.020,99.990,0.033,0.284,g
2460725.81881,2025-02-19.3211568,bH,1.5,99.990,99.990,99.990,99.990,99.990,g
2460729.25556,2025-02-22.7578506,bp,1.63,15.526,>15.526,99.990,0.598,0.448,g
2460729.25680,2025-02-22.7590866,bp,1.57,15.619,>15.619,99.990,1.044,0.411,g
2460729.25804,2025-02-22.7603319,bp,1.5,15.689,>15.689,99.990,0.832,0.385,g
2460731.35438,2025-02-24.8566381,bp,1.52,99.990,99.990,99.990,99.990,99.990,g
2460731.66118,2025-02-25.1634314,bk,1.49,99.990,99.990,99.990,99.990,99.990,g
2460731.66368,2025-02-25.1659282,bk,1.53,99.990,99.990,99.990,99.990,99.990,g
2460731.76600,2025-02-25.2682410,bH,2.18,99.990,99.990,99.990,99.990,99.990,g
2460731.76600,2025-02-25.2682406,bG,2.08,99.990,99.990,99.990,99.990,99.990,g
2460781.78350,2025-04-16.2841674,bG,1.42,99.990,99.990,99.990,99.990,99.990,g
2460807.67727,2025-05-12.1768497,bp,2.27,15.525,>15.525,99.990,0.308,0.448,g
2460807.67853,2025-05-12.1781056,bp,2.25,15.395,>15.395,99.990,-0.859,0.505,g
2460807.67978,2025-05-12.1793653,bp,2.34,15.181,>15.181,99.990,0.826,0.615,g
2460813.68430,2025-05-18.1836331,bp,1.49,14.610,>14.610,99.990,0.857,1.040,g
2460813.68619,2025-05-18.1855155,bp,1.48,14.449,>14.449,99.990,0.235,1.207,g
2460817.56331,2025-05-22.0624766,bk,1.42,99.990,99.990,99.990,99.990,99.990,g
2460817.75445,2025-05-22.2536125,bk,1.48,99.990,99.990,99.990,99.990,99.990,g
2460819.67141,2025-05-24.1705052,bp,1.58,16.513,>16.513,99.990,0.428,0.180,g
2460819.67265,2025-05-24.1717407,bp,1.57,16.184,>16.184,99.990,0.572,0.244,g
2460819.67389,2025-05-24.1729731,bp,1.58,16.301,>16.301,99.990,0.702,0.219,g
2460830.77226,2025-06-04.2709215,bl,1.48,99.990,99.990,99.990,99.990,99.990,g
2460830.79864,2025-06-04.2973033,bG,1.42,99.990,99.990,99.990,99.990,99.990,g
2460830.81120,2025-06-04.3098657,bl,1.47,99.990,99.990,99.990,99.990,99.990,g
2460831.60980,2025-06-05.1084359,bp,1.54,16.130,>16.130,99.990,0.577,0.256,g
2460831.61107,2025-06-05.1097070,bp,1.57,16.170,>16.170,99.990,0.533,0.247,g
2460831.61230,2025-06-05.1109322,bp,1.53,16.061,>16.061,99.990,0.410,0.273,g
2460831.63162,2025-06-05.1302521,bH,1.43,99.990,99.990,99.990,99.990,99.990,g
2460831.82244,2025-06-05.3210599,bH,1.47,99.990,99.990,99.990,99.990,99.990,g
2460836.87505,2025-06-10.3735077,bH,1.48,15.684,>15.684,99.990,-0.212,0.387,g
2460836.87629,2025-06-10.3747497,bH,1.39,15.612,>15.612,99.990,0.171,0.413,g
2460836.87755,2025-06-10.3760037,bH,1.44,15.677,>15.677,99.990,0.474,0.389,g